Status,ACCURACY,RUNTIME,recent_samples_size,max_window_size,min_window_size,min_p_value
COMPLETED,0.05,954.0,2900,3772,2583,0.966246778267622
COMPLETED,0.0599999999999999,94.0,1544,431,478,0.3506614877258427
COMPLETED,0.0599999999999999,91.0,1021,3439,4460,0.6956083844212814
COMPLETED,0.0599999999999999,93.0,4673,2014,2346,0.1111173038112931
COMPLETED,0.07,708.0,3888,2781,1215,0.2308311023580841
COMPLETED,0.0599999999999999,101.0,556,1744,3172,0.5831593062190338
COMPLETED,0.05,574.0,2017,4986,1842,0.4937855760847218
COMPLETED,0.0599999999999999,95.0,3678,788,3791,0.8147757723674178
COMPLETED,0.07,618.0,3269,3294,1297,0.5115940971653908
COMPLETED,0.0599999999999999,93.0,2426,2495,4340,0.1770690009803511
COMPLETED,0.04,779.0,145,4253,665,0.775402067320235
COMPLETED,0.0599999999999999,98.0,4299,287,3717,0.409782835627254
COMPLETED,0.0599999999999999,93.0,4769,4530,4853,0.3109905933625064
COMPLETED,0.0599999999999999,94.0,925,957,1958,0.8814590299295261
COMPLETED,0.0599999999999999,98.0,1644,2949,2971,0.0392548459024168
COMPLETED,0.07,633.0,2802,1287,85,0.6410613495867699
COMPLETED,0.0599999999999999,92.0,2585,2970,4174,0.4499676424870267
COMPLETED,0.27,3170.0,1859,1545,1444,0.862527992531564
COMPLETED,0.05,1162.0,711,4554,3550,0.2144469272378831
COMPLETED,0.13,1274.0,4983,1212,812,0.5956701627903617
COMPLETED,0.0599999999999999,650.0,4202,4205,2183,0.7490344965391791
COMPLETED,0.0599999999999999,91.0,241,7,4765,0.0693075601104646
COMPLETED,0.05,679.0,2327,3249,310,0.9768713660924694
COMPLETED,0.0599999999999999,93.0,3368,2213,2884,0.3282376125464215
COMPLETED,0.0599999999999999,566.0,3584,4722,390,0.0304592279022559
COMPLETED,0.0599999999999999,91.0,2111,755,2808,0.6616561284209601
COMPLETED,0.0599999999999999,2101.0,455,2514,2258,0.2591497055195272
COMPLETED,0.0599999999999999,98.0,3989,1714,4685,0.9216836609912104
COMPLETED,0.1,1721.0,4454,3731,3319,0.794103082926292
COMPLETED,0.07,703.0,1240,2069,1049,0.3949552502058446
COMPLETED,0.1799999999999999,2001.0,5000,1660,1482,0.8715510129114922
COMPLETED,0.19,2201.0,5000,1856,1668,0.8879064986007141
COMPLETED,0.0599999999999999,91.0,1,1332,1356,0.8508019586636457
COMPLETED,0.0599999999999999,94.0,1,1134,1180,0.8513260247531313
COMPLETED,0.0599999999999999,92.0,5000,1952,2160,0.92369417024722
COMPLETED,0.05,3363.0,1,1526,1429,0.8616700414069159
ABANDONED,,,5000,1493,1470,0.8653705071222618
COMPLETED,0.0599999999999999,98.0,708,3242,3350,0.7320452483977141
COMPLETED,0.0599999999999999,112.0,5000,1316,1883,0.8907131524143135
COMPLETED,0.0599999999999999,98.0,3447,2019,3549,0.0001
COMPLETED,0.1,683.0,5000,1748,905,0.9252314753097084
COMPLETED,0.0599999999999999,92.0,3288,2203,3760,0.9988739293776236
COMPLETED,0.05,2169.0,1,1824,1650,0.9375750185254504
COMPLETED,0.05,1517.0,1,1700,1460,0.9077047303508796
COMPLETED,0.0599999999999999,96.0,5000,1240,2353,0.8973904132067301
COMPLETED,0.0599999999999999,112.0,1,1932,2207,0.9720980045836324
COMPLETED,0.0599999999999999,99.0,5000,1736,1784,0.8318062731791793
COMPLETED,0.0599999999999999,100.0,3912,3030,3157,0.999
COMPLETED,0.0599999999999999,98.0,5000,1809,2743,0.999
COMPLETED,0.0599999999999999,97.0,995,784,1735,0.0001
COMPLETED,0.0599999999999999,97.0,1684,77,4539,0.999
COMPLETED,0.0599999999999999,93.0,2707,427,4958,0.7682975564007892
COMPLETED,0.08,653.0,5000,1974,877,0.999
COMPLETED,0.0599999999999999,91.0,1637,853,1012,0.0720931192103624
COMPLETED,0.0599999999999999,99.0,1739,1659,4193,0.0001
COMPLETED,0.0599999999999999,95.0,1,1330,2135,0.8708892242029532
COMPLETED,0.04,2660.0,1,859,778,0.999
COMPLETED,0.05,1827.0,1,1264,1106,0.8863864776109093
COMPLETED,0.25,2838.0,3907,1535,1412,0.8574790650683449
COMPLETED,0.0599999999999999,100.0,534,2062,3265,0.999
COMPLETED,0.2099999999999999,4035.0,2667,1502,1419,0.0001
COMPLETED,0.1,2479.0,2291,1442,1313,0.0001
COMPLETED,0.16,1711.0,4915,1881,1647,0.0001
COMPLETED,0.0599999999999999,96.0,5000,482,1993,0.999
COMPLETED,0.0599999999999999,92.0,5000,852,892,0.0001
COMPLETED,0.04,535.0,1,5000,3061,0.999
COMPLETED,0.22,3668.0,2677,1484,1401,0.999
FAILED,,,5000,1,1918,0.0001
COMPLETED,0.16,2641.0,2956,1624,1481,0.0001
COMPLETED,0.0599999999999999,97.0,1,3247,4834,0.999
FAILED,,,4180,1,2980,0.9764117793925629
FAILED,,,1,1,3501,0.999
COMPLETED,0.19,3614.0,2493,1451,1367,0.0001
COMPLETED,0.1499999999999999,1584.0,1755,1547,1264,0.0001
FAILED,,,1,5000,4977,0.9112542481214388
COMPLETED,0.0899999999999999,2283.0,1351,5000,4605,0.3759067953590577
FAILED,,,1,1,2985,0.999
COMPLETED,0.07,719.0,4920,4916,2912,0.4440017588139262
COMPLETED,0.26,5186.0,2753,1501,1441,0.3403586528838352
COMPLETED,0.08,2576.0,3106,5000,4633,0.0001
FAILED,,,5000,1,2549,0.0001
COMPLETED,0.0599999999999999,715.0,3815,5000,2962,0.999
FAILED,,,1,1,3977,0.999
COMPLETED,0.16,1773.0,4122,1831,1596,0.0001
FAILED,,,5000,3900,3872,0.0001
COMPLETED,0.08,1022.0,5000,5000,3973,0.8570917387071144
FAILED,,,330,1,3260,0.0001
COMPLETED,0.05,338.0,1,5000,1240,0.0001
COMPLETED,0.0599999999999999,544.0,5000,5000,1829,0.0001
COMPLETED,0.05,507.0,1,5000,2900,0.999
COMPLETED,0.05,675.0,3328,5000,1516,0.999
COMPLETED,0.05,752.0,2071,5000,1303,0.999
FAILED,,,3249,1,1570,0.999
COMPLETED,0.05,662.0,2552,5000,1355,0.999
COMPLETED,0.0599999999999999,676.0,1730,5000,1255,0.999
FAILED,,,5000,1,556,0.999
COMPLETED,0.0599999999999999,554.0,5000,5000,614,0.999
FAILED,,,3035,1,1687,0.999
COMPLETED,0.0599999999999999,477.0,5000,5000,1489,0.999
FAILED,,,1988,1,1257,0.999
COMPLETED,0.05,293.0,1,5000,1,0.999
COMPLETED,0.05,656.0,2676,5000,1407,0.999
FAILED,,,5000,1,4284,0.0001
FAILED,,,1,1,1,0.0001
FAILED,,,5000,1,3115,0.0001
COMPLETED,0.08,1502.0,5000,5000,4335,0.999
COMPLETED,0.0599999999999999,556.0,5000,5000,1339,0.999
FAILED,,,5000,1,550,0.0001
COMPLETED,0.05,313.0,1,5000,128,0.0001
FAILED,,,3199,1,1602,0.100287914886905
COMPLETED,0.05,814.0,3099,3479,1505,0.999
COMPLETED,0.0599999999999999,592.0,3692,5000,1585,0.999
FAILED,,,3328,1,3991,0.0001
COMPLETED,0.07,919.0,5000,5000,3614,0.999
COMPLETED,0.05,713.0,2898,5000,1595,0.0001
FAILED,,,3010,1,1738,0.2100262842587346
FAILED,,,3118,1,1524,0.999
COMPLETED,0.05,1251.0,1,5000,4289,0.7470930114892302
FAILED,,,5000,1,4053,0.0001
COMPLETED,0.0599999999999999,99.0,1,228,4029,0.0360259867654564
COMPLETED,0.0899999999999999,1447.0,2747,1618,1345,0.999
COMPLETED,0.0599999999999999,91.0,3026,1225,1394,0.84207258609159
COMPLETED,0.0599999999999999,92.0,1,1211,1390,0.999
COMPLETED,0.0599999999999999,96.0,930,1676,1908,0.8816346434249427
COMPLETED,0.08,1235.0,2757,1645,1279,0.999
COMPLETED,0.0599999999999999,103.0,1,1210,1523,0.999
COMPLETED,0.0899999999999999,1252.0,3146,1649,1205,0.999
COMPLETED,0.0599999999999999,93.0,5000,1225,1368,0.5872532405449065
COMPLETED,0.11,1007.0,4296,1726,1267,0.999
COMPLETED,0.13,2236.0,2754,1588,1410,0.999
COMPLETED,0.0599999999999999,101.0,5000,1245,1325,0.999
COMPLETED,0.0599999999999999,102.0,969,1204,1386,0.1886589102538528
COMPLETED,0.1,948.0,4794,1913,1380,0.999
COMPLETED,0.0599999999999999,102.0,5000,1121,1362,0.1767354654900405
COMPLETED,0.0599999999999999,94.0,4548,1246,1485,0.9715369492471408
COMPLETED,0.0599999999999999,95.0,1261,1728,1927,0.2820313111951866
COMPLETED,0.05,1082.0,2430,1708,1166,0.0989904023911813
COMPLETED,0.0599999999999999,93.0,2293,1580,1713,0.999
COMPLETED,0.0599999999999999,91.0,1529,1202,1649,0.7686255525001534
COMPLETED,0.08,1333.0,2861,1626,1309,0.999
COMPLETED,0.13,707.0,4993,1230,594,0.0001
COMPLETED,0.1,987.0,4852,2017,1421,0.999
COMPLETED,0.0599999999999999,102.0,1,1026,1412,0.6456149347675111
COMPLETED,0.0599999999999999,102.0,2017,1624,1908,0.0538976741954093
COMPLETED,0.0599999999999999,98.0,1427,1574,1842,0.999
COMPLETED,0.0899999999999999,898.0,4842,2125,1461,0.999
COMPLETED,0.0599999999999999,92.0,2003,1167,1394,0.999
COMPLETED,0.0599999999999999,103.0,3117,1014,1317,0.974648951835172
COMPLETED,0.0599999999999999,112.0,2843,1219,1427,0.2478030347094834
COMPLETED,0.1,883.0,4569,1983,1353,0.2769417129813648
COMPLETED,0.0899999999999999,665.0,4556,1513,485,0.4220619596434617
COMPLETED,0.0599999999999999,98.0,4535,1509,2347,0.5663475110507656
COMPLETED,0.0599999999999999,104.0,4600,1514,4080,0.2650616533818236
COMPLETED,0.1,524.0,4550,1520,1,0.0001
COMPLETED,0.0599999999999999,99.0,4518,1519,3119,0.1496879069320611
COMPLETED,0.0599999999999999,100.0,4440,1507,2770,0.999
COMPLETED,0.0599999999999999,92.0,5000,1519,2622,0.0386874268385292
COMPLETED,0.1,735.0,4625,1508,753,0.999
COMPLETED,0.0599999999999999,92.0,4911,1525,4384,0.7243865184618891
COMPLETED,0.05,105.0,4014,1520,2927,0.999
COMPLETED,0.0599999999999999,96.0,5000,1538,3483,0.28787907448886
COMPLETED,0.1,593.0,5000,1514,272,0.7453483681435414
COMPLETED,0.0599999999999999,100.0,4390,1496,3682,0.4206487079028641
COMPLETED,0.0599999999999999,118.0,4575,1506,4846,0.8948232712320893
COMPLETED,0.11,528.0,4058,1498,1,0.999
COMPLETED,0.0599999999999999,98.0,4021,1509,4705,0.1832914668607089
COMPLETED,0.0599999999999999,94.0,4154,1509,2205,0.0001
COMPLETED,0.0599999999999999,112.0,5000,1542,3918,0.0001
COMPLETED,0.0599999999999999,104.0,3776,1516,4500,0.0001
COMPLETED,0.0599999999999999,98.0,5000,1513,3225,0.8349522544284792
COMPLETED,0.0599999999999999,96.0,4667,1515,5000,0.0001
COMPLETED,0.0599999999999999,97.0,5000,1507,2842,0.0001
COMPLETED,0.0599999999999999,92.0,4230,1496,4549,0.999
COMPLETED,0.0599999999999999,90.0,4956,1483,3798,0.999
COMPLETED,0.0899999999999999,818.0,4164,1516,674,0.0612890391051743
COMPLETED,0.0599999999999999,102.0,4321,1474,2487,0.0001
COMPLETED,0.0599999999999999,96.0,5000,1605,3435,0.0001
COMPLETED,0.0599999999999999,100.0,5000,1585,2768,0.0001
COMPLETED,0.0899999999999999,579.0,4257,1497,377,0.999
COMPLETED,0.0599999999999999,99.0,5000,1616,2582,0.0001
COMPLETED,0.19,2004.0,4286,1600,1420,0.999
COMPLETED,0.0599999999999999,94.0,5000,927,1733,0.1408151519236615
COMPLETED,0.0599999999999999,97.0,5000,1022,1072,0.0001
COMPLETED,0.1499999999999999,1544.0,4367,1619,1321,0.999
COMPLETED,0.05,120.0,4155,3348,4631,0.835590270657197
COMPLETED,0.0599999999999999,99.0,1,1645,4516,0.999
COMPLETED,0.0599999999999999,98.0,4161,3195,4586,0.0001
COMPLETED,0.0599999999999999,100.0,3122,1123,1960,0.7794978634111233
COMPLETED,0.11,958.0,4963,1311,646,0.999
ABANDONED,,,4224,1640,1597,0.999
COMPLETED,0.0599999999999999,101.0,2916,944,1697,0.1170878212979689
COMPLETED,0.0899999999999999,497.0,3847,1662,11,0.999
COMPLETED,0.0599999999999999,95.0,5000,796,1957,0.999
COMPLETED,0.0599999999999999,95.0,4809,3241,4473,0.999
COMPLETED,0.0599999999999999,98.0,3416,697,1000,0.0001
COMPLETED,0.27,3389.0,4241,1626,1526,0.999
COMPLETED,0.0599999999999999,94.0,2732,713,1996,0.999
COMPLETED,0.0599999999999999,100.0,937,1671,4957,0.0001
COMPLETED,0.0599999999999999,93.0,2369,1704,4453,0.999
COMPLETED,0.0599999999999999,100.0,4131,1131,2074,0.0001
COMPLETED,0.22,2636.0,1641,1571,1433,0.999
COMPLETED,0.0599999999999999,95.0,3081,3436,4764,0.8421400040381812
COMPLETED,0.0599999999999999,96.0,4097,3274,4246,0.999
COMPLETED,0.0599999999999999,105.0,4900,632,1702,0.6019466482852674
COMPLETED,0.0599999999999999,97.0,2533,620,2160,0.8547890892736388
COMPLETED,0.0599999999999999,96.0,1,3534,4729,0.999
COMPLETED,0.0599999999999999,98.0,3689,3118,4649,0.0001
COMPLETED,0.0599999999999999,96.0,3156,1005,1008,0.0001
COMPLETED,0.0599999999999999,93.0,5000,3414,4822,0.0001
COMPLETED,0.0599999999999999,100.0,3946,689,2231,0.999
COMPLETED,0.1199999999999999,1593.0,5000,2062,1762,0.0001
COMPLETED,0.0599999999999999,95.0,4438,1496,1677,0.999
COMPLETED,0.0899999999999999,569.0,4986,1736,333,0.0001
COMPLETED,0.1199999999999999,667.0,5000,1122,429,0.0001
COMPLETED,0.16,1632.0,5000,1649,1412,0.999
COMPLETED,0.05,392.0,1,1763,367,0.0001
COMPLETED,0.1199999999999999,813.0,5000,1543,976,0.0001
COMPLETED,0.2899999999999999,4389.0,3994,1549,1478,0.999
COMPLETED,0.0599999999999999,91.0,5000,1616,1758,0.0001
COMPLETED,0.0599999999999999,90.0,5000,1471,1730,0.999
COMPLETED,0.0599999999999999,92.0,1,1395,3410,0.999
COMPLETED,0.0599999999999999,91.0,5000,3413,3501,0.0001
COMPLETED,0.1199999999999999,694.0,5000,927,300,0.0001
COMPLETED,0.0599999999999999,92.0,4326,1496,1626,0.999
COMPLETED,0.0599999999999999,1506.0,2640,2149,1792,0.0001
COMPLETED,0.0599999999999999,95.0,1,1317,3572,0.999
COMPLETED,0.0599999999999999,91.0,1,3769,4728,0.6543449064599217
COMPLETED,0.0599999999999999,92.0,1551,1247,3268,0.0001
COMPLETED,0.0599999999999999,90.0,1,2924,4654,0.0625453427849702
COMPLETED,0.05,93.0,1,1297,2591,0.999
COMPLETED,0.0599999999999999,99.0,5000,3031,4880,0.5262650248069343
COMPLETED,0.05,101.0,225,3910,4588,0.999
COMPLETED,0.08,651.0,5000,1785,630,0.999
COMPLETED,0.0899999999999999,720.0,2804,1030,398,0.0001
COMPLETED,0.0599999999999999,94.0,5000,1150,3225,0.0001
COMPLETED,0.0599999999999999,92.0,5000,2879,4568,0.0894265282919541
COMPLETED,0.0599999999999999,93.0,5000,2721,4662,0.0001
COMPLETED,0.08,926.0,3544,2353,1628,0.0001
COMPLETED,0.1799999999999999,2873.0,3623,2078,1938,0.999
COMPLETED,0.0599999999999999,92.0,1936,2868,4888,0.0001
COMPLETED,0.0599999999999999,92.0,2096,1411,1602,0.999
COMPLETED,0.0599999999999999,96.0,1865,1398,1647,0.999
COMPLETED,0.0599999999999999,97.0,5000,155,4685,0.7915470486061534
COMPLETED,0.0599999999999999,90.0,1,3081,4275,0.6273191360977592
COMPLETED,0.0599999999999999,104.0,3468,1198,3422,0.6800592576222818
COMPLETED,0.1799999999999999,811.0,4993,751,364,0.0001
COMPLETED,0.0599999999999999,96.0,2117,1434,1569,0.999
COMPLETED,0.0599999999999999,104.0,2203,1435,1538,0.999
COMPLETED,0.1199999999999999,765.0,4933,1062,219,0.0001
COMPLETED,0.0599999999999999,91.0,5000,3650,4608,0.9242516881286768
COMPLETED,0.0599999999999999,91.0,2198,170,3861,0.1878064976602845
COMPLETED,0.05,105.0,4105,3954,4741,0.6938011718060128
COMPLETED,0.16,1768.0,4305,1698,1479,0.0001
COMPLETED,0.2099999999999999,987.0,4446,593,336,0.4689607580699644
COMPLETED,0.0599999999999999,91.0,1,1785,3463,0.0928811884952304
COMPLETED,0.25,1070.0,5000,645,408,0.999
COMPLETED,0.0599999999999999,98.0,5000,2858,4086,0.2874845340474547
COMPLETED,0.0599999999999999,91.0,3311,1061,3398,0.999
COMPLETED,0.0599999999999999,90.0,1,244,4655,0.999
COMPLETED,0.0599999999999999,93.0,3426,3747,4503,0.145671156316677
COMPLETED,0.0599999999999999,93.0,5000,87,3884,0.2727354105453524
COMPLETED,0.0599999999999999,97.0,2248,3053,4405,0.0001
COMPLETED,0.1,704.0,4935,1295,420,0.0001
COMPLETED,0.0599999999999999,91.0,3430,1058,3553,0.0001
COMPLETED,0.0599999999999999,91.0,5000,939,3350,0.999
COMPLETED,0.0599999999999999,90.0,1,936,3519,0.4920330876171439
COMPLETED,0.05,776.0,1,585,287,0.0001
COMPLETED,0.05,108.0,3385,3815,4427,0.0001
COMPLETED,0.0599999999999999,98.0,3822,338,4594,0.999
COMPLETED,0.0599999999999999,91.0,3717,3870,4695,0.0001
COMPLETED,0.34,2393.0,4876,569,481,0.0001
COMPLETED,0.3,2134.0,4887,472,384,0.999
COMPLETED,0.19,791.0,4877,676,294,0.999
COMPLETED,0.0599999999999999,102.0,4862,394,635,0.9989469678274656
COMPLETED,0.25,1129.0,4816,627,410,0.0001
COMPLETED,0.0599999999999999,99.0,1,1698,2910,0.0001
COMPLETED,0.0599999999999999,96.0,1330,1703,3644,0.999
COMPLETED,0.16,800.0,4910,719,196,0.999
COMPLETED,0.0599999999999999,92.0,4809,375,377,0.0001
FAILED,,,4980,578,563,0.0001
COMPLETED,0.0599999999999999,95.0,3150,265,488,0.0001
COMPLETED,0.0599999999999999,93.0,1,849,2162,0.0668309418570623
COMPLETED,0.13,646.0,4828,692,55,0.0001
COMPLETED,0.0599999999999999,98.0,5000,1913,3345,0.0001
COMPLETED,0.0599999999999999,100.0,2400,1774,2289,0.0001
COMPLETED,0.0599999999999999,93.0,956,1359,3881,0.999
COMPLETED,0.0599999999999999,98.0,1,587,1858,0.0001
COMPLETED,0.0599999999999999,101.0,4280,263,375,0.999
COMPLETED,0.0599999999999999,96.0,5000,2171,3410,0.999
COMPLETED,0.0599999999999999,94.0,2115,1791,2490,0.7755737806155361
COMPLETED,0.22,1080.0,5000,422,241,0.999
COMPLETED,0.0599999999999999,95.0,5000,2234,3205,0.0001
COMPLETED,0.23,1027.0,4939,637,363,0.999
COMPLETED,0.0599999999999999,95.0,1,1918,2552,0.999
COMPLETED,0.25,1193.0,4942,709,480,0.0001
COMPLETED,0.0599999999999999,97.0,1188,2199,3585,0.1636418129077645
COMPLETED,0.0599999999999999,94.0,5000,285,582,0.0001
COMPLETED,0.0599999999999999,108.0,3220,151,451,0.0001
COMPLETED,0.0599999999999999,101.0,4490,505,554,0.999
COMPLETED,0.27,1457.0,4940,558,406,0.999
COMPLETED,0.16,772.0,5000,535,149,0.999
COMPLETED,0.1799999999999999,712.0,5000,386,66,0.999
COMPLETED,0.0599999999999999,92.0,5000,3286,4981,0.999
COMPLETED,0.0599999999999999,93.0,3058,1906,3051,0.0001
COMPLETED,0.0599999999999999,100.0,5000,381,3920,0.999
COMPLETED,0.17,673.0,5000,499,74,0.999
COMPLETED,0.26,1350.0,5000,312,181,0.999
COMPLETED,0.2,1042.0,5000,252,64,0.999
COMPLETED,0.0599999999999999,95.0,2317,2665,4440,0.999
COMPLETED,0.0599999999999999,94.0,1,1979,2916,0.0001
COMPLETED,0.13,614.0,4988,872,110,0.6088554963692652
COMPLETED,0.2,1037.0,5000,769,444,0.999
COMPLETED,0.0599999999999999,94.0,1,2318,2984,0.999
FAILED,,,492,1,361,0.0001
COMPLETED,0.0599999999999999,96.0,1,762,1531,0.0001
COMPLETED,0.0599999999999999,92.0,4984,1745,3991,0.0001
COMPLETED,0.04,1290.0,44,122,1,0.9266487478081596
COMPLETED,0.0599999999999999,91.0,5000,1244,3717,0.0001
COMPLETED,0.0599999999999999,89.0,1,1117,1811,0.999
COMPLETED,0.0599999999999999,90.0,5000,762,2632,0.0001
COMPLETED,0.0599999999999999,91.0,1,1395,4249,0.999
COMPLETED,0.0599999999999999,98.0,1,2377,3111,0.999
COMPLETED,0.0599999999999999,92.0,1546,76,133,0.999
COMPLETED,0.0599999999999999,99.0,3776,108,667,0.6786053934864512
COMPLETED,0.0599999999999999,90.0,1,2462,3206,0.999
COMPLETED,0.0599999999999999,92.0,1,2425,2879,0.999
COMPLETED,0.0599999999999999,92.0,2765,867,2615,0.0001
COMPLETED,0.0599999999999999,92.0,287,785,2525,0.0001
COMPLETED,0.0599999999999999,90.0,2254,3415,5000,0.999
COMPLETED,0.0599999999999999,94.0,1,621,2648,0.0001
COMPLETED,0.0599999999999999,95.0,5000,40,257,0.999
COMPLETED,0.0599999999999999,99.0,3682,322,4322,0.6595843167570336
COMPLETED,0.0899999999999999,699.0,4548,2356,1306,0.0001
COMPLETED,0.08,630.0,5000,2440,1067,0.0001
COMPLETED,0.0599999999999999,91.0,3850,358,4204,0.0001
COMPLETED,0.0599999999999999,92.0,5000,2014,3904,0.3442875327189316
COMPLETED,0.0599999999999999,91.0,4405,2387,3834,0.999
COMPLETED,0.0599999999999999,721.0,1158,2488,1268,0.0001
COMPLETED,0.0599999999999999,117.0,4677,2458,4043,0.0001
COMPLETED,0.0599999999999999,90.0,1,1892,3824,0.1345786497771443
COMPLETED,0.0599999999999999,92.0,3566,508,4312,0.999
COMPLETED,0.1,697.0,5000,2313,1182,0.999
COMPLETED,0.0599999999999999,641.0,5000,4907,2645,0.999
COMPLETED,0.05,506.0,1,2399,989,0.999
COMPLETED,0.07,607.0,5000,2348,765,0.999
COMPLETED,0.0599999999999999,100.0,1,940,3790,0.465883350057929
COMPLETED,0.0599999999999999,91.0,1,413,2216,0.030020411946407
COMPLETED,0.0599999999999999,715.0,5000,5000,2587,0.999
COMPLETED,0.05,378.0,1,2339,686,0.955900569375918
COMPLETED,0.0599999999999999,91.0,4637,2586,3699,0.999
COMPLETED,0.0599999999999999,99.0,5000,614,623,0.999
COMPLETED,0.0599999999999999,99.0,5000,573,719,0.0001
COMPLETED,0.0599999999999999,92.0,1,211,2400,0.0001
COMPLETED,0.0599999999999999,114.0,5000,2600,3498,0.999
COMPLETED,0.0599999999999999,92.0,5000,2654,3275,0.0001
COMPLETED,0.05,445.0,1,2576,1051,0.0001
COMPLETED,0.0599999999999999,93.0,1,3338,4036,0.8510431264572869
COMPLETED,0.0599999999999999,94.0,5000,2627,3019,0.0001
COMPLETED,0.0599999999999999,95.0,3500,634,4292,0.0001
COMPLETED,0.0599999999999999,104.0,1,2673,3457,0.999
COMPLETED,0.0599999999999999,97.0,5000,425,2463,0.0014523164919245
COMPLETED,0.0599999999999999,94.0,4841,1857,4371,0.0001
COMPLETED,0.0599999999999999,95.0,1,344,2584,0.999
COMPLETED,0.0599999999999999,91.0,1,2609,3908,0.999
COMPLETED,0.0599999999999999,96.0,1,496,4759,0.0001
COMPLETED,0.0599999999999999,97.0,5000,615,1437,0.0001
COMPLETED,0.0599999999999999,97.0,5000,537,4749,0.0001
COMPLETED,0.0599999999999999,94.0,1,3277,3606,0.999
COMPLETED,0.0599999999999999,95.0,1,3453,3693,0.999
COMPLETED,0.0599999999999999,95.0,4169,2613,4187,0.999
COMPLETED,0.0599999999999999,96.0,1,581,1357,0.999
COMPLETED,0.0599999999999999,101.0,1,605,4612,0.0001
COMPLETED,0.0599999999999999,96.0,5000,681,4791,0.999
COMPLETED,0.0599999999999999,95.0,5000,173,185,0.999
COMPLETED,0.0599999999999999,95.0,3293,3488,3804,0.0001
COMPLETED,0.0599999999999999,93.0,3529,808,3062,0.999
COMPLETED,0.0599999999999999,99.0,3954,2679,3906,0.0001
COMPLETED,0.0599999999999999,99.0,4249,265,2608,0.999
COMPLETED,0.0599999999999999,98.0,1,2241,3984,0.0001
COMPLETED,0.0599999999999999,90.0,1,386,2677,0.999
COMPLETED,0.0599999999999999,92.0,5000,3179,3585,0.999
COMPLETED,0.0599999999999999,104.0,3560,3285,3726,0.6940016178594343
COMPLETED,0.0599999999999999,97.0,5000,248,2194,0.999
COMPLETED,0.0599999999999999,98.0,5000,618,4896,0.0001
COMPLETED,0.0599999999999999,95.0,4845,109,2222,0.999
COMPLETED,0.0599999999999999,96.0,1,3148,3561,0.0001
COMPLETED,0.0599999999999999,94.0,5000,3057,3446,0.0001
COMPLETED,0.0599999999999999,96.0,5000,710,4642,0.8327201678692236
COMPLETED,0.0599999999999999,92.0,1,456,1399,0.999
COMPLETED,0.0599999999999999,101.0,1,2638,4066,0.999
COMPLETED,0.0599999999999999,99.0,1,12,3638,0.4697986839638243
COMPLETED,0.0599999999999999,99.0,2994,189,3476,0.8140392964467944
COMPLETED,0.19,746.0,5000,443,1,0.0001
COMPLETED,0.0599999999999999,91.0,1532,167,5000,0.2115657139126543
COMPLETED,0.0599999999999999,96.0,5000,3555,4066,0.0001
COMPLETED,0.0599999999999999,94.0,5000,887,4448,0.0001
COMPLETED,0.0599999999999999,91.0,1,1286,5000,0.999
COMPLETED,0.22,857.0,5000,651,319,0.0001
COMPLETED,0.0599999999999999,102.0,3219,326,3344,0.9086852617382803
COMPLETED,0.0599999999999999,93.0,4712,561,3345,0.0001
COMPLETED,0.0599999999999999,90.0,1,1248,4811,0.1234589055325674
COMPLETED,0.0599999999999999,94.0,1,4070,5000,0.999
COMPLETED,0.0599999999999999,97.0,5000,427,1113,0.0001
COMPLETED,0.0599999999999999,95.0,2869,473,3171,0.9954692260094938
COMPLETED,0.0599999999999999,94.0,1,82,2773,0.0001
COMPLETED,0.0599999999999999,96.0,2888,185,3288,0.999
COMPLETED,0.0599999999999999,92.0,5000,37,2901,0.0001
COMPLETED,0.0599999999999999,91.0,4372,1191,4613,0.2927105503209105
COMPLETED,0.0599999999999999,92.0,5000,2975,3876,0.999
COMPLETED,0.0599999999999999,95.0,1,893,4191,0.0001
COMPLETED,0.0599999999999999,99.0,1,1164,4704,0.0001
COMPLETED,0.0599999999999999,97.0,3964,120,3161,0.8368842135239389
COMPLETED,0.0599999999999999,95.0,5000,986,4076,0.0001
COMPLETED,0.0599999999999999,95.0,5000,1036,4326,0.0001
COMPLETED,0.19,763.0,5000,566,223,0.0001
FAILED,,,1,1,3299,0.0001
COMPLETED,0.0599999999999999,100.0,5000,269,3093,0.999
COMPLETED,0.0599999999999999,93.0,231,2984,3835,0.508249163964074
COMPLETED,0.05,97.0,455,1001,4597,0.0689667648880441
COMPLETED,0.0599999999999999,96.0,1,4264,4764,0.999
COMPLETED,0.0599999999999999,94.0,3382,3795,3808,0.0001
FAILED,,,1,1,875,0.0001
COMPLETED,0.0899999999999999,513.0,5000,1991,1,0.999
FAILED,,,1,3943,3862,0.3519988490392685
FAILED,,,1,1,1068,0.999
COMPLETED,0.07,1112.0,4865,4115,3156,0.0001
COMPLETED,0.0599999999999999,96.0,5000,995,4949,0.999
COMPLETED,0.0599999999999999,91.0,2125,3982,4145,0.0001
COMPLETED,0.05,2848.0,1,4151,3904,0.999
FAILED,,,3534,1,1928,0.581284912093626
COMPLETED,0.07,744.0,5000,2837,1603,0.999
COMPLETED,0.19,748.0,5000,663,233,0.0001
COMPLETED,0.04,2863.0,32,4301,3982,0.0001
COMPLETED,0.05,546.0,1,2891,1784,0.999
COMPLETED,0.0599999999999999,100.0,5000,301,331,0.0001
COMPLETED,0.08,512.0,5000,2301,1,0.0001
COMPLETED,0.05,316.0,1,2388,1,0.0001
COMPLETED,0.0599999999999999,96.0,1,133,1028,0.0001
FAILED,,,4389,1,1636,0.0001
COMPLETED,0.07,916.0,5000,4248,3111,0.999
COMPLETED,0.07,886.0,5000,4411,2952,0.999
COMPLETED,0.1,2251.0,3474,4013,3653,0.999
COMPLETED,0.07,1371.0,5000,4141,3442,0.999
COMPLETED,0.0599999999999999,766.0,5000,4521,2722,0.0001
COMPLETED,0.07,735.0,1745,3042,1709,0.999
COMPLETED,0.0599999999999999,95.0,5000,64,1001,0.0001
COMPLETED,0.05,669.0,1,4175,3006,0.999
COMPLETED,0.05,904.0,1,4171,3264,0.0001
COMPLETED,0.05,549.0,1,4383,2759,0.940791981279865
COMPLETED,0.08,906.0,5000,2843,1935,0.999
FAILED,,,1,1,756,0.0001
COMPLETED,0.0599999999999999,95.0,4796,37,1920,0.0036117701833959
COMPLETED,0.0599999999999999,90.0,1,2005,4161,0.999
COMPLETED,0.0599999999999999,97.0,5000,830,1218,0.0001
COMPLETED,0.08,598.0,5000,2208,367,0.999
COMPLETED,0.0599999999999999,92.0,243,238,1454,0.539633312358163
COMPLETED,0.08,560.0,5000,2386,384,0.7957879287034823
COMPLETED,0.0899999999999999,523.0,5000,2073,256,0.0001
COMPLETED,0.11,1802.0,5000,2973,2636,0.999
COMPLETED,0.0599999999999999,93.0,1,68,1391,0.0001
COMPLETED,0.08,621.0,5000,2095,435,0.0001
COMPLETED,0.0599999999999999,112.0,4301,2434,4699,0.999
COMPLETED,0.0599999999999999,587.0,4865,4256,1420,0.0001
COMPLETED,0.0599999999999999,97.0,1,613,4038,0.0001
COMPLETED,0.0599999999999999,98.0,3973,2187,4794,0.999
COMPLETED,0.0599999999999999,90.0,1,2226,4534,0.0001
COMPLETED,0.05,371.0,1,4241,1544,0.0001
COMPLETED,0.0599999999999999,508.0,5000,4271,1249,0.0001
FAILED,,,1,1,1757,0.999
COMPLETED,0.0599999999999999,111.0,5000,2080,4662,0.0001
COMPLETED,0.0599999999999999,111.0,3947,2394,4972,0.999
COMPLETED,0.0599999999999999,613.0,5000,4411,1104,0.0001
COMPLETED,0.08,586.0,5000,2597,250,0.0001
COMPLETED,0.0599999999999999,107.0,5000,2239,4339,0.0001
COMPLETED,0.05,427.0,1,4328,1755,0.0001
COMPLETED,0.0599999999999999,591.0,5000,4519,1257,0.0001
COMPLETED,0.0599999999999999,102.0,1,233,1773,0.999
COMPLETED,0.07,564.0,5000,4663,1373,0.0001
COMPLETED,0.0599999999999999,94.0,3789,91,1679,0.999
COMPLETED,0.07,575.0,5000,2762,511,0.0001
COMPLETED,0.0599999999999999,96.0,5000,4457,4519,0.999
ABANDONED,,,5000,4588,4523,0.0001
COMPLETED,0.0599999999999999,95.0,5000,2638,2805,0.0001
COMPLETED,0.0599999999999999,925.0,5000,3278,2244,0.999
COMPLETED,0.08,496.0,5000,2846,93,0.0001
COMPLETED,0.08,788.0,5000,3423,2058,0.0001
COMPLETED,0.0599999999999999,94.0,5000,1143,2850,0.999
COMPLETED,0.16,875.0,5000,785,324,0.999
COMPLETED,0.08,967.0,5000,3356,2429,0.0001
COMPLETED,0.05,609.0,898,3057,930,0.0001
COMPLETED,0.0899999999999999,1618.0,5000,3354,2882,0.0001
COMPLETED,0.0899999999999999,1392.0,5000,3496,2960,0.999
COMPLETED,0.05,760.0,1,3239,2340,0.999
COMPLETED,0.13,2227.0,5000,3261,2979,0.0001
COMPLETED,0.07,727.0,5000,3687,2000,0.0001
COMPLETED,0.05,635.0,870,3354,825,0.0001
COMPLETED,0.07,512.0,5000,2981,1,0.0001
COMPLETED,0.07,470.0,4761,3988,1,0.0001
COMPLETED,0.19,674.0,5000,548,1,0.999
COMPLETED,0.0599999999999999,628.0,1051,3176,831,0.0001
COMPLETED,0.05,483.0,1,3825,1880,0.0001
COMPLETED,0.05,675.0,597,3617,1012,0.0001
COMPLETED,0.0599999999999999,91.0,1,3776,4076,0.0001
COMPLETED,0.08,951.0,5000,3113,2268,0.0001
COMPLETED,0.07,477.0,4293,3687,1,0.0001
COMPLETED,0.05,602.0,1,3457,2302,0.0001
FAILED,,,5000,1,4170,0.999
COMPLETED,0.05,602.0,832,3869,164,0.0001
COMPLETED,0.07,604.0,5000,3128,706,0.0001
COMPLETED,0.07,512.0,4198,3239,1,0.0001
COMPLETED,0.0599999999999999,732.0,877,2756,110,0.918039473938942
ABANDONED,,,4738,1770,4629,0.0301148268868215
COMPLETED,0.05,810.0,2868,4710,2284,0.5864395615771412
ABANDONED,,,1495,754,3077,0.4789093658411875
FAILED,,,1902,4369,4295,0.2714072363310493
FAILED,,,3735,160,988,0.6613379590216093
FAILED,,,4364,3196,3332,0.2206061426965519
FAILED,,,25,2269,1328,0.8290576681692153
COMPLETED,0.05,1426.0,349,4687,3687,0.7371608774345368
FAILED,,,4054,1104,1677,0.3125660299709066
FAILED,,,3435,2891,4020,0.7566187575425021
COMPLETED,0.05,1037.0,2218,1337,716,0.1759419708565808
COMPLETED,0.07,748.0,1805,3698,1929,0.0708627711074426
FAILED,,,2544,2086,2728,0.9944270191200076
COMPLETED,0.0599999999999999,574.0,4423,3775,385,0.4338019553226418
FAILED,,,1177,446,4900,0.5145329005531035
COMPLETED,0.05,796.0,944,4059,1811,0.2039623613739386
FAILED,,,4651,474,3551,0.8460682325497269
COMPLETED,0.05,696.0,2779,3512,896,0.285856191348005
FAILED,,,1564,1960,3842,0.6470100097416899
ABANDONED,,,2460,3076,2556,0.604790447391942
ABANDONED,,,3197,1465,2105,0.4606794411091134
ABANDONED,,,3828,4404,4759,0.905297611320298
COMPLETED,0.08,992.0,580,1074,524,0.0432234158151783
ABANDONED,,,260,3383,4484,0.3887470852510072
COMPLETED,0.08,723.0,4124,2396,252,0.5597106964970939
COMPLETED,0.0599999999999999,945.0,3502,4085,2910,0.1195757594456896
ABANDONED,,,2131,131,2453,0.9460789234738796
COMPLETED,0.0599999999999999,530.0,1269,4992,1171,0.8014297555438242
ABANDONED,,,3099,784,4114,0.131495791123528
COMPLETED,0.08,769.0,4980,2571,1456,0.6882040170259773
ABANDONED,,,639,1643,3202,0.3616457418279722
COMPLETED,0.05,1534.0,746,4824,3935,0.0494160801427438
ABANDONED,,,4853,654,628,0.8754014923341572
ABANDONED,,,2972,2715,3595,0.4435727946084924
FAILED,,,1376,1826,1591,0.6140186540178023
COMPLETED,0.05,738.0,2101,3209,451,0.633742686836049
FAILED,,,3551,2262,4969,0.3067276278188452
COMPLETED,0.0599999999999999,791.0,4172,4224,2002,0.8717118471945636
FAILED,,,231,309,2795,0.2013210989550687
COMPLETED,0.05,1281.0,531,2893,2194,0.3552832720451988
ABANDONED,,,3857,1321,2994,0.7179303305569104
COMPLETED,0.0599999999999999,529.0,3226,4534,23,0.1484059586612507
ABANDONED,,,2412,1242,4538,0.7920050699550658
ABANDONED,,,1691,3881,3403,0.9590244971930048
ABANDONED,,,2672,335,1393,0.0983825737883336
ABANDONED,,,4544,3646,4363,0.5337796271756291
COMPLETED,0.07,760.0,1071,2133,1059,0.391100892993249
COMPLETED,0.07,1175.0,1148,3519,2818,0.8267779233208857
ABANDONED,,,4472,1946,2367,0.2466198410970158
FAILED,,,2593,3910,4399,0.6823346545524895
FAILED,,,1775,619,164,0.2582585115509107
COMPLETED,0.05,821.0,2325,4504,1528,0.4882628464118577
FAILED,,,3308,960,3269,0.5694515280867926
COMPLETED,0.07,730.0,3927,3020,1237,0.0005802403559908
FAILED,,,457,1506,4183,0.9246022248130292
COMPLETED,0.05,914.0,152,4196,809,0.5170129348654299
ABANDONED,,,4257,25,3751,0.4079885463861748
COMPLETED,0.07,1023.0,3628,3336,1721,0.9735963185432366
ABANDONED,,,2029,2447,3467,0.0841774908416904
FAILED,,,4388,1,4172,0.999
FAILED,,,1,594,3640,0.999
FAILED,,,1,1,4224,0.999
FAILED,,,3365,1,2453,0.999
FAILED,,,5000,2840,3085,0.999
FAILED,,,5000,3677,5000,0.0001
FAILED,,,1,4738,5000,0.999
FAILED,,,1,1,4163,0.999
FAILED,,,1,2033,5000,0.999
FAILED,,,1,549,3590,0.999
FAILED,,,1407,2841,3625,0.0001
COMPLETED,0.05,416.0,1,4764,885,0.0001
FAILED,,,1,4716,5000,0.0001
FAILED,,,1,2029,5000,0.999
FAILED,,,5000,3832,5000,0.999
FAILED,,,1,2864,3200,0.0001
COMPLETED,0.0599999999999999,515.0,5000,4270,258,0.999
COMPLETED,0.05,591.0,5000,3856,1288,0.999
ABANDONED,,,5000,319,241,0.0001
FAILED,,,1,2311,2644,0.0001
FAILED,,,1,577,3551,0.0001
FAILED,,,1,2048,5000,0.0001
FAILED,,,1,4721,5000,0.999
FAILED,,,1,26,4236,0.999
FAILED,,,3881,577,3637,0.0001
FAILED,,,1,4102,4405,0.0001
FAILED,,,1,518,3574,0.999
FAILED,,,5000,1,4260,0.999
FAILED,,,1,4723,5000,0.999
FAILED,,,1369,1993,5000,0.0001
FAILED,,,5000,1345,1653,0.999
FAILED,,,1,4693,5000,0.999
ABANDONED,,,537,2854,3615,0.999
COMPLETED,0.0599999999999999,99.0,4627,1185,2186,0.5516577689766883
COMPLETED,0.0899999999999999,1395.0,1378,4130,3474,0.3632891990439966
COMPLETED,0.0599999999999999,759.0,1134,2033,1074,0.9329968303662723
COMPLETED,0.0599999999999999,92.0,2820,2654,4547,0.2473136090592481
COMPLETED,0.0599999999999999,101.0,3561,1310,2691,0.0760000922237522
COMPLETED,0.05,778.0,550,3375,1710,0.7619138860591687
COMPLETED,0.0599999999999999,94.0,1887,463,4076,0.4419464372022077
COMPLETED,0.07,506.0,3961,4854,286,0.630053948737122
COMPLETED,0.0599999999999999,93.0,4121,2195,3817,0.8229812976187095
COMPLETED,0.05,775.0,2358,3117,574,0.0105427024485543
COMPLETED,0.0599999999999999,95.0,82,722,3018,0.6894755494263954
COMPLETED,0.05,738.0,3408,3968,1334,0.3781354499668814
COMPLETED,0.0599999999999999,90.0,2665,313,727,0.2997372812290675
COMPLETED,0.0599999999999999,100.0,669,4380,4904,0.610820149537269
COMPLETED,0.0599999999999999,93.0,1850,1784,2426,0.1816276041029021
COMPLETED,0.11,1917.0,4784,3526,3166,0.9942929464155807
COMPLETED,0.0899999999999999,694.0,4919,1688,363,0.4728873228402808
COMPLETED,0.0599999999999999,100.0,1593,3627,3998,0.6610567624604329
COMPLETED,0.0599999999999999,96.0,881,56,1477,0.1070018937827088
COMPLETED,0.05,944.0,2644,4631,2924,0.7928556647834368
COMPLETED,0.0599999999999999,93.0,3150,816,4783,0.901507292109076
COMPLETED,0.05,874.0,217,3869,838,0.21588407875197
COMPLETED,0.0599999999999999,91.0,2337,2451,3394,0.5202291298950091
COMPLETED,0.1,1159.0,4333,2866,2266,0.3317986486224457
COMPLETED,0.0599999999999999,92.0,3867,520,3712,0.1506257578896358
COMPLETED,0.05,903.0,2181,4792,1880,0.9633511230370028
COMPLETED,0.0599999999999999,99.0,375,1527,4514,0.268796470014844
COMPLETED,0.0599999999999999,660.0,3623,3163,1116,0.5798174102378078
COMPLETED,0.11,1689.0,3114,1978,1726,0.7209041122236289
COMPLETED,0.16,5564.0,1040,2714,2626,0.4096259259645826
COMPLETED,0.11,563.0,1441,968,26,0.8544708805302158
COMPLETED,0.0599999999999999,95.0,4452,4342,4365,0.0419722774101421
COMPLETED,0.0599999999999999,98.0,4454,2113,3056,0.3193151167674921
COMPLETED,0.07,691.0,1530,2577,1295,0.5054259629386477
COMPLETED,0.0599999999999999,92.0,994,1106,3856,0.2010510808560997
COMPLETED,0.0599999999999999,544.0,2980,4206,534,0.888992024064064
COMPLETED,0.0599999999999999,91.0,3723,382,2386,0.8113103113990277
COMPLETED,0.04,966.0,406,4928,3206,0.1236303503043949
COMPLETED,0.0299999999999999,1072.0,2037,1391,689,0.6777149308434687
COMPLETED,0.0599999999999999,98.0,3792,3301,4942,0.4913735865677706
COMPLETED,0.0599999999999999,102.0,4261,642,957,0.0565270491867326
COMPLETED,0.05,103.0,2197,4045,4664,0.8671956665965728
COMPLETED,0.0599999999999999,2682.0,254,2274,2069,0.4223800629366188
COMPLETED,0.0599999999999999,93.0,3256,3041,3592,0.7354901401564478
COMPLETED,0.0599999999999999,91.0,2514,1866,4193,0.5634297278936952
COMPLETED,0.0599999999999999,739.0,838,3452,168,0.2500929481856524
COMPLETED,0.0599999999999999,98.0,1689,231,2807,0.9446183693802916
COMPLETED,0.07,681.0,4927,4454,1593,0.1342069384674541
COMPLETED,0.0599999999999999,99.0,4748,135,4397,0.6468350727620534
COMPLETED,0.07,515.0,1746,4555,1235,0.4603098643659613
COMPLETED,0.0599999999999999,90.0,739,1608,3595,0.7802474822834135
COMPLETED,0.05,880.0,2804,3704,1997,0.0927494800586253
COMPLETED,0.07,545.0,3313,2369,142,0.232601646669954
COMPLETED,0.0599999999999999,93.0,75,2941,4248,0.9203606458928436
COMPLETED,0.05,109.0,2486,898,1843,0.3506827264319173
COMPLETED,0.07,871.0,4162,3794,2508,0.536977421838697
COMPLETED,0.0599999999999999,97.0,4007,1448,1516,0.9756811240720564
COMPLETED,0.04,2078.0,2022,3239,2884,0.1650877342893742
COMPLETED,0.14,1109.0,547,600,401,0.5943096306294203
COMPLETED,0.07,1406.0,3470,4715,3960,0.2811567150417715
COMPLETED,0.0599999999999999,91.0,2964,1050,3356,0.3910124086178838
COMPLETED,0.05,760.0,1210,4267,2304,0.7039386366020887
COMPLETED,0.0599999999999999,92.0,1277,1896,4743,0.0249765577967278
COMPLETED,0.08,554.0,4594,2789,878,0.8358271191916428
COMPLETED,0.0599999999999999,100.0,4534,1339,4850,0.1621683629687875
COMPLETED,0.0599999999999999,578.0,1295,3346,751,0.9747289165012538
COMPLETED,0.0599999999999999,362.0,1227,317,3152,0.2957656469142995
COMPLETED,0.05,717.0,2903,5000,2489,0.6069837880115024
COMPLETED,0.1199999999999999,761.0,3487,1156,588,0.7165976487307809
COMPLETED,0.05,2132.0,486,4159,3753,0.4056366941305808
COMPLETED,0.0899999999999999,794.0,1961,2179,1388,0.8348597812522202
COMPLETED,0.0599999999999999,99.0,4025,2508,2993,0.0220725252315402
COMPLETED,0.0599999999999999,95.0,4184,166,1656,0.4612630338650196
COMPLETED,0.04,981.0,2430,4526,2715,0.6497535007603465
COMPLETED,0.05,731.0,19,1813,271,0.0800762957683764
COMPLETED,0.0599999999999999,94.0,3335,3497,4139,0.7656376182521692
COMPLETED,0.0599999999999999,96.0,2748,2341,3488,0.9057353984518908
COMPLETED,0.05,1129.0,761,2971,2123,0.2199435778635553
COMPLETED,0.0599999999999999,101.0,1768,693,4601,0.5398804813120514
COMPLETED,0.07,606.0,4692,3997,1049,0.3516509965300559
COMPLETED,0.0599999999999999,92.0,4983,904,2601,0.8662272643961012
COMPLETED,0.0599999999999999,628.0,1667,3781,1779,0.0536238724958151
COMPLETED,0.0599999999999999,92.0,816,2402,4301,0.7481481029088609
COMPLETED,0.05,915.0,2570,2915,41,0.4370051894388161
COMPLETED,0.0599999999999999,98.0,3234,1600,1943,0.2647029443192295
FAILED,,,310,3715,3697,0.5761030294015071
COMPLETED,0.05,95.0,2253,105,1141,0.1312886165231466
COMPLETED,0.1799999999999999,6125.0,4239,4583,4461,0.9436653208199888
COMPLETED,0.08,857.0,3775,1929,814,0.5083301015578209
COMPLETED,0.0599999999999999,94.0,2098,2763,4837,0.3202825756456703
COMPLETED,0.0599999999999999,94.0,467,1056,2202,0.8743678706537
COMPLETED,0.07,1277.0,3706,4254,3409,0.1883921859449706
COMPLETED,0.0599999999999999,100.0,3041,569,4062,0.1109560868683271
COMPLETED,0.05,555.0,977,4743,348,0.796701258587744
COMPLETED,0.0599999999999999,99.0,1514,1439,2948,0.4923256620362401
COMPLETED,0.07,665.0,4515,3251,1423,0.6806341849464923
COMPLETED,0.23,1189.0,4391,391,232,0.9565156078238972
COMPLETED,0.07,1477.0,1458,4919,4179,0.1457250320517458
COMPLETED,0.0599999999999999,93.0,1057,1264,1618,0.5905711773989722
COMPLETED,0.07,1210.0,3052,3428,2753,0.2775830585414543
COMPLETED,0.0599999999999999,92.0,3640,2103,4640,0.418427659744583
COMPLETED,0.05,1096.0,314,2587,1011,0.7316425257446244
COMPLETED,0.0599999999999999,94.0,2120,1233,3528,0.0370866819408722
COMPLETED,0.05,695.0,3884,4080,2083,0.8476200265617109
COMPLETED,0.0599999999999999,95.0,4354,1739,3269,0.6659565189276822
COMPLETED,0.05,1090.0,2280,3579,2371,0.4797237739332951
COMPLETED,0.0599999999999999,96.0,160,241,4967,0.7840681106073781
COMPLETED,0.05,590.0,3172,4444,635,0.0962490662226453
COMPLETED,0.0599999999999999,96.0,2588,769,1271,0.2051466346016153
COMPLETED,0.0599999999999999,1446.0,902,3918,3110,0.892704622449167
COMPLETED,0.08,702.0,1615,2265,471,0.3386504682403989
COMPLETED,0.0599999999999999,101.0,4863,3050,3871,0.525113785763178
COMPLETED,0.17,3239.0,4840,2477,2319,0.0056581712403334
COMPLETED,0.0599999999999999,97.0,1828,2833,3292,0.8161295877759344
COMPLETED,0.0599999999999999,96.0,647,829,931,0.3869382331231608
COMPLETED,0.0599999999999999,93.0,2721,3863,4719,0.7002131219578906
COMPLETED,0.0599999999999999,93.0,3386,28,2831,0.6215728524373844
COMPLETED,0.05,775.0,138,4662,1541,0.308524725629948
COMPLETED,0.0599999999999999,96.0,2414,1677,3945,0.9874563818261958
COMPLETED,0.07,632.0,4099,3636,465,0.1767277192545123
COMPLETED,0.0599999999999999,95.0,3943,981,4263,0.3701399395161308
COMPLETED,0.07,509.0,1948,4336,79,0.5565432342042214
COMPLETED,0.0599999999999999,96.0,611,2004,2562,0.2365750708783045
COMPLETED,0.08,880.0,3544,2681,1819,0.924194986811094
COMPLETED,0.11,1317.0,2880,1516,1181,0.7531274110289291
COMPLETED,0.0599999999999999,94.0,1116,3171,4421,0.0652464534437283
COMPLETED,0.0599999999999999,92.0,1361,492,1982,0.6349547992349602
COMPLETED,0.08,952.0,4688,4822,3659,0.4487820621904917
COMPLETED,0.08,669.0,4657,2290,1172,0.6929514046156778
COMPLETED,0.0599999999999999,104.0,1333,3028,4488,0.3819756843237206
COMPLETED,0.0599999999999999,95.0,1108,655,1932,0.8268206370287575
COMPLETED,0.07,2220.0,2869,4030,3689,0.0140195679415948
COMPLETED,0.0599999999999999,94.0,3536,207,4330,0.186321880042646
COMPLETED,0.0599999999999999,616.0,599,4480,70,0.9988657626328056
COMPLETED,0.0599999999999999,93.0,1917,1839,2593,0.3043111114712431
COMPLETED,0.0599999999999999,697.0,3916,3475,1769,0.6155135342514141
COMPLETED,0.0599999999999999,95.0,4069,1129,2959,0.9294009313682094
COMPLETED,0.04,793.0,2385,4180,1432,0.2435933924628421
COMPLETED,0.0599999999999999,102.0,129,2139,4032,0.5479384417452849
COMPLETED,0.0599999999999999,611.0,3375,2553,319,0.359692286020983
COMPLETED,0.0599999999999999,93.0,2713,1376,2210,0.4371283330009319
COMPLETED,0.0599999999999999,92.0,636,3313,3421,0.6256049868297762
COMPLETED,0.0599999999999999,92.0,1798,369,786,0.0715501200126484
COMPLETED,0.1499999999999999,5956.0,4811,4944,4805,0.757096676804684
COMPLETED,0.0599999999999999,96.0,4872,625,1379,0.2727595930321142
COMPLETED,0.05,756.0,1625,4693,2982,0.5841458650479093
COMPLETED,0.08,787.0,933,1470,616,0.1549533177529461
COMPLETED,0.0599999999999999,94.0,2616,3214,3785,0.9673152563580312
COMPLETED,0.0599999999999999,91.0,3203,1882,3141,0.8577014477354474
COMPLETED,0.04,2143.0,189,2805,2480,0.0450823375181294
COMPLETED,0.0599999999999999,92.0,2289,1033,4880,0.7240151863565668
COMPLETED,0.0599999999999999,482.0,4365,4281,780,0.4128556019442156
COMPLETED,0.0599999999999999,92.0,3892,1622,4573,0.102918726956658
COMPLETED,0.05,802.0,2131,3687,1020,0.7886472277337684
COMPLETED,0.0599999999999999,96.0,345,152,3497,0.4686797770162112
COMPLETED,0.0599999999999999,695.0,3668,4541,2133,0.6569725816094316
COMPLETED,0.1,682.0,3083,873,240,0.5168747344282456
COMPLETED,0.0599999999999999,100.0,1085,3817,4112,0.3288124428243376
COMPLETED,0.07,951.0,1466,2347,1667,0.8985200760072097
COMPLETED,0.13,2789.0,4402,2966,2723,0.2125305782319977
COMPLETED,0.0599999999999999,97.0,4506,737,3914,0.4254906030784361
COMPLETED,0.07,493.0,1502,3955,437,0.7387202347702346
COMPLETED,0.0599999999999999,93.0,946,2208,2842,0.059758150383085
COMPLETED,0.0599999999999999,780.0,3013,3102,1548,0.8703053080704062
COMPLETED,0.1,710.0,3675,1760,903,0.9489453915312887
COMPLETED,0.0599999999999999,110.0,439,3552,4689,0.1381714867014437
COMPLETED,0.0599999999999999,91.0,2090,286,2328,0.5673933886232785
COMPLETED,0.07,1025.0,3763,4403,3303,0.2544209880827926
COMPLETED,0.25,4490.0,4230,2057,1971,0.1980644024665467
COMPLETED,0.0599999999999999,94.0,2242,2628,3649,0.8856381086311303
COMPLETED,0.0599999999999999,102.0,280,1211,1211,0.3159601835884153
COMPLETED,0.0599999999999999,94.0,3206,4106,4450,0.5024401720535009
COMPLETED,0.0599999999999999,101.0,2540,448,2554,0.6735079190105199
COMPLETED,0.05,695.0,788,4867,1807,0.4872889870826154
COMPLETED,0.0599999999999999,100.0,1658,1297,4291,0.8072266105818561
COMPLETED,0.07,591.0,4972,3391,110,0.1194223318888805
COMPLETED,0.0599999999999999,92.0,4722,1552,3536,0.5988838795057498
COMPLETED,0.07,867.0,1796,3140,2095,0.2858495657647959
COMPLETED,0.0599999999999999,96.0,770,543,4612,0.9803749813776464
COMPLETED,0.05,688.0,2758,4767,980,0.1696610844977199
COMPLETED,0.0599999999999999,92.0,3344,954,1628,0.0288163121197372
COMPLETED,0.04,928.0,29,4358,2763,0.8393034469723701
COMPLETED,0.05,867.0,2460,1961,201,0.3944878488942049
COMPLETED,0.0599999999999999,117.0,4212,2728,4150,0.7077794086712412
COMPLETED,0.0599999999999999,101.0,4055,70,499,0.7757970951593481
COMPLETED,0.0899999999999999,1352.0,1989,4615,3901,0.0879328085164539
COMPLETED,0.0599999999999999,1190.0,494,1704,1262,0.642017383473739
COMPLETED,0.0899999999999999,1446.0,3498,3613,3100,0.4558603647463023
COMPLETED,0.0599999999999999,92.0,2911,2426,4998,0.3469629824269562
COMPLETED,0.07,608.0,1238,2889,662,0.5333810428068042
COMPLETED,0.0599999999999999,94.0,1325,794,3258,0.2290061663060448
COMPLETED,0.08,645.0,4561,3894,2364,0.9166398953053168
COMPLETED,0.0599999999999999,92.0,4583,256,3367,0.0830625573843717
COMPLETED,0.05,813.0,1269,4432,2235,0.76899206953682
COMPLETED,0.0599999999999999,93.0,1182,1751,4791,0.4646164785671048
COMPLETED,0.0599999999999999,1453.0,2934,3563,850,0.6527406610443257
COMPLETED,0.07,1011.0,3442,2241,1447,0.5440889816219918
COMPLETED,0.07,3476.0,516,3077,2895,0.3557342266163788
COMPLETED,0.0299999999999999,1194.0,2011,743,373,0.90981951604262
COMPLETED,0.0599999999999999,102.0,3999,3942,4008,0.2241510604273527
COMPLETED,0.11,2688.0,4151,1288,17,0.29265552354604
COMPLETED,0.0599999999999999,113.0,2478,3401,4355,0.6037531575459986
COMPLETED,0.0599999999999999,110.0,47,418,1754,0.1589387502494268
COMPLETED,0.05,2639.0,3283,4895,2656,0.971617905628588
COMPLETED,0.0599999999999999,92.0,2775,1217,4503,0.8305312706242315
COMPLETED,0.05,893.0,709,4092,1109,0.0181093463963828
COMPLETED,0.0599999999999999,96.0,1735,2090,3743,0.7126335712276399
COMPLETED,0.0899999999999999,986.0,4739,2602,1907,0.4013091900851577
COMPLETED,0.0599999999999999,103.0,4955,2029,4087,0.8788168883789331
COMPLETED,0.07,603.0,1719,2659,294,0.1932103459641337
COMPLETED,0.0599999999999999,94.0,849,1004,2660,0.5131472549944184
COMPLETED,0.05,1051.0,2523,4311,1682,0.3247324920388869
COMPLETED,0.0599999999999999,99.0,3267,478,1083,0.4960459418929181
COMPLETED,0.05,3409.0,263,4839,4558,0.6842301472048276
COMPLETED,0.0599999999999999,112.0,2225,1500,2158,0.1145529366310685
COMPLETED,0.0599999999999999,117.0,4292,3185,3444,0.8004205206982791
COMPLETED,0.0599999999999999,116.0,3820,843,2456,0.7435752234313637
COMPLETED,0.04,1762.0,2068,3846,3195,0.4323108502388
COMPLETED,0.05,999.0,417,2493,717,0.8615339429422281
COMPLETED,0.0599999999999999,107.0,3731,2819,4894,0.0490501055139116
COMPLETED,0.0599999999999999,92.0,2991,1652,3045,0.1274483263484202
COMPLETED,0.05,742.0,1002,3658,1365,0.9401894098128192
COMPLETED,0.0599999999999999,104.0,1558,5,3809,0.2612261346440762
COMPLETED,0.0599999999999999,578.0,4485,4687,562,0.5722637458093464
COMPLETED,0.0599999999999999,97.0,4424,1828,1871,0.7876645454571582
COMPLETED,0.0599999999999999,1254.0,1410,3484,2540,0.0999688660454936
COMPLETED,0.3599999999999999,13587.0,1028,179,134,0.6696772136973216
COMPLETED,0.0899999999999999,4938.0,3105,4511,4237,0.4833191984793171
COMPLETED,0.0599999999999999,93.0,3612,669,3625,0.3434672030428424
COMPLETED,0.04,930.0,366,4024,2025,0.5295642361475154
COMPLETED,0.0599999999999999,118.0,2153,2315,4386,0.2095960709610022
COMPLETED,0.0599999999999999,736.0,3836,2995,1225,0.8975222484772094
COMPLETED,0.0599999999999999,96.0,4304,340,4752,0.5870947863579727
COMPLETED,0.05,568.0,2306,4974,888,0.2737432409581728
COMPLETED,0.0599999999999999,92.0,206,1365,3328,0.9526748990150168
COMPLETED,0.0599999999999999,1088.0,3141,3322,2275,0.1422496550356969
COMPLETED,0.0599999999999999,765.0,2633,2164,413,0.0323937753999605
COMPLETED,0.0599999999999999,134.0,872,2520,3968,0.8430457218674942
COMPLETED,0.0599999999999999,97.0,1564,1143,1485,0.4138543653541244
COMPLETED,0.07,764.0,4889,4174,2857,0.7269487242569215
COMPLETED,0.17,906.0,4794,1081,677,0.2406597261813469
COMPLETED,0.0599999999999999,150.0,1859,4231,4934,0.92840205446193
COMPLETED,0.0599999999999999,103.0,697,1952,2417,0.374347902113758
COMPLETED,0.0599999999999999,107.0,2695,2738,3233,0.5606268792035058
COMPLETED,0.0599999999999999,113.0,3436,1425,3847,0.638308777928166
COMPLETED,0.04,941.0,112,3267,524,0.4517688038403168
COMPLETED,0.0599999999999999,93.0,2368,553,3085,0.7561131386538035
COMPLETED,0.0599999999999999,1069.0,4130,4757,1325,0.068601323362533
COMPLETED,0.0599999999999999,96.0,3972,2416,2777,0.3829736216288991
COMPLETED,0.0599999999999999,780.0,1895,2899,1564,0.6958860365466215
ABANDONED,,,577,920,4204,0.0013301946034654
ABANDONED,,,3592,3767,177,0.8121659903066232
ABANDONED,,,2847,80,2041,0.984226231394522
ABANDONED,,,1164,4605,3560,0.1736171232948079
ABANDONED,,,1389,1577,965,0.6184632667814381
ABANDONED,,,4635,3740,4676,0.3052936802514828
ABANDONED,,,4642,1569,2524,0.8949322482756338
ABANDONED,,,1406,3741,1857,0.2073123397852293
ABANDONED,,,1162,98,4222,0.5272805012505501
ABANDONED,,,2836,4594,119,0.3408771991200745
ABANDONED,,,3578,936,2020,0.4819505643520504
ABANDONED,,,575,3754,3621,0.668123293954134
ABANDONED,,,1913,2410,1221,0.0984149500234983
ABANDONED,,,3980,2902,4381,0.7862959150510839
ABANDONED,,,4131,561,894,0.7294796802974305
ABANDONED,,,2380,4756,4756,0.4162047989050857
ABANDONED,,,105,1407,2279,0.8453961516972631
ABANDONED,,,3419,3278,3333,0.0349247277192771
ABANDONED,,,2678,1936,3983,0.143563018291071
ABANDONED,,,689,2751,427,0.9542916734203696
ABANDONED,,,1871,1087,2871,0.275360019084718
ABANDONED,,,4798,4228,1501,0.5884081533345393
ABANDONED,,,4896,1144,4929,0.0669863351295702
ABANDONED,,,1582,4166,673,0.7548053720719181
ABANDONED,,,869,2153,3229,0.4504610335372388
ABANDONED,,,2620,2539,2412,0.6366937859740108
ABANDONED,,,3130,1352,509,0.5582822804823517
ABANDONED,,,204,3338,3833,0.3718189704019576
ABANDONED,,,2322,344,1311,0.925873126471322
ABANDONED,,,4311,4968,3069,0.2383151311813853
ABANDONED,,,3839,2314,1580,0.3068496243233792
ABANDONED,,,2166,3003,2791,0.619837735738512
ABANDONED,,,358,680,191,0.1749915885306894
ABANDONED,,,3595,4005,4219,0.9857821717452256
ABANDONED,,,3088,192,3566,0.8144553181558847
ABANDONED,,,1022,4495,2045,0.0039219809774309
ABANDONED,,,1422,1825,4680,0.6984778266417793
ABANDONED,,,4426,3490,971,0.385262953199353
ABANDONED,,,4483,16,2240,0.225466451732628
ABANDONED,,,1547,4669,3371,0.9114421289989724
ABANDONED,,,1009,1650,854,0.3573568358515389
ABANDONED,,,3007,3667,4796,0.5454043692060746
ABANDONED,,,3749,2489,2910,0.6552772100371309
ABANDONED,,,425,2825,1461,0.4669686945692635
ABANDONED,,,2055,857,4022,0.7713442892601714
ABANDONED,,,3817,3830,389,0.0855991100983694
ABANDONED,,,4285,1489,4339,0.3999423458514734
ABANDONED,,,2208,3203,3,0.7110852518791332
ABANDONED,,,264,480,2642,0.0165610233266837
ABANDONED,,,3279,4830,1739,0.8291644226693548
ABANDONED,,,2535,1008,1103,0.9690337365356274
ABANDONED,,,853,4304,4499,0.1566570396811701
ABANDONED,,,1702,2015,1903,0.6014714506989344
ABANDONED,,,4947,2675,3737,0.2900713581742718
ABANDONED,,,4736,2072,309,0.8027118765974416
ABANDONED,,,1722,2613,4101,0.1171505615560337
ABANDONED,,,717,1226,1697,0.6868277684086002
ABANDONED,,,2793,4091,2675,0.4983372940708882
ABANDONED,,,3299,424,4563,0.3262940290630794
ABANDONED,,,54,4891,1087,0.5145235064026898
ABANDONED,,,2466,1272,3448,0.1945866010935977
ABANDONED,,,4149,3415,2163,0.880378429124318
ABANDONED,,,3991,761,3190,0.5699209369817748
ABANDONED,,,1993,3931,2452,0.2587028033269569
ABANDONED,,,519,2232,4890,0.9376660747745074
ABANDONED,,,3455,3078,711,0.1251055137996561
ABANDONED,,,2945,1745,1350,0.0474409483895637
ABANDONED,,,1184,3567,3031,0.8602281969678587
ABANDONED,,,1253,272,548,0.4310051079856231
ABANDONED,,,4577,4418,3793,0.7419660700282082
ABANDONED,,,4560,790,442,0.25579974013241
ABANDONED,,,1313,3900,3920,0.5689526631624438
ABANDONED,,,1244,2439,1554,0.1397307649618014
ABANDONED,,,2928,2873,2846,0.9503241473020984
ABANDONED,,,3516,1715,4703,0.8729013849793001
ABANDONED,,,502,3595,918,0.0620508161420002
ABANDONED,,,1976,69,3318,0.7410128968079575
ABANDONED,,,4052,4623,2342,0.4280866762661375
ABANDONED,,,4205,1965,3635,0.1181178957742638
ABANDONED,,,2444,2722,1956,0.8056159054414369
ABANDONED,,,31,941,4435,0.4856782856633886
ABANDONED,,,3355,4374,1197,0.6722034866170957
ABANDONED,,,2771,532,1803,0.4999145782513543
ABANDONED,,,773,4785,2548,0.3136198754021897
ABANDONED,,,1778,1553,105,0.8832977967237122
ABANDONED,,,4714,3132,4286,0.1955388049432076
ABANDONED,,,4969,1303,2109,0.7101331726894714
ABANDONED,,,1645,3387,3551,0.3970230880272574
ABANDONED,,,796,432,995,0.8418386898266151
ABANDONED,,,2557,4880,4626,0.0311700798591598
ABANDONED,,,3222,1193,2767,0.1712811968127265
ABANDONED,,,286,4117,1634,0.9816926351679488
ABANDONED,,,2230,2065,4155,0.287167215833906
ABANDONED,,,4229,2627,206,0.6005039880995638
ABANDONED,,,3756,280,3896,0.9143604472220876
ABANDONED,,,2072,4407,494,0.2264194965717382
ABANDONED,,,442,1776,3094,0.53079437679369
ABANDONED,,,3688,3539,1258,0.3446835380649194
ABANDONED,,,3024,2226,648,0.454310735538043
ABANDONED,,,948,3091,4982,0.6406520872561261
ABANDONED,,,1486,729,2348,0.0865675085776485
ABANDONED,,,4499,3956,3244,0.7742474622298963
ABANDONED,,,4409,2363,4474,0.6129859123993665
ABANDONED,,,1483,2952,1157,0.3019649647340178
ABANDONED,,,1083,867,3674,0.9965196196167728
ABANDONED,,,3071,3820,1918,0.1837942619117907
ABANDONED,,,3656,143,66,0.012709538874682
ABANDONED,,,341,4542,4324,0.8252081494371407
ABANDONED,,,2149,1641,1764,0.3803631930109113
ABANDONED,,,3900,3676,2588,0.6916413718275725
ABANDONED,,,4367,1017,1437,0.7596909638199955
ABANDONED,,,2301,4295,2964,0.0738371853768825
ABANDONED,,,182,1888,325,0.6278920559152029
ABANDONED,,,3186,2802,4036,0.4397226237374357
ABANDONED,,,2598,1479,3435,0.3610652069619856
ABANDONED,,,925,3213,2226,0.549495695676934
ABANDONED,,,1639,606,4820,0.2451506426732986
ABANDONED,,,4874,4703,800,0.9307738485880196
ABANDONED,,,4820,355,2977,0.4113039446860551
ABANDONED,,,1815,4960,1374,0.7226440515879541
ABANDONED,,,633,1380,3779,0.0437112064707093
ABANDONED,,,2700,3308,612,0.8561497941984794
ABANDONED,,,3363,2140,2466,0.9650302153225055
ABANDONED,,,127,2545,3126,0.152364865567442
ABANDONED,,,2402,1118,765,0.5815574091412126
ABANDONED,,,4075,4199,4866,0.2704745482753962
ABANDONED,,,3919,1853,1034,0.2141489006534218
ABANDONED,,,1930,3459,4588,0.8998321294028311
ABANDONED,,,592,203,2148,0.3301244999411515
ABANDONED,,,3518,4487,3511,0.518493060570862
ABANDONED,,,2853,654,4116,0.6593205145190469
ABANDONED,,,1101,4038,246,0.4712129955417476
ABANDONED,,,1345,2301,2728,0.7911804425381123
ABANDONED,,,4659,3010,1672,0.1052666561450809
ABANDONED,,,4670,506,4163,0.8492364474537782
ABANDONED,,,1353,4807,218,0.0384006443082354
ABANDONED,,,1129,1512,2739,0.7329564843907951
ABANDONED,,,2883,3177,1602,0.4200440769154578
ABANDONED,,,3546,2002,1006,0.2799328929804265
ABANDONED,,,622,2690,4635,0.5931024869527667
ABANDONED,,,1941,992,2079,0.1482563453267328
ABANDONED,,,3927,4317,3522,0.9588654459840616
ABANDONED,,,4087,1663,2377,0.5235602269756607
ABANDONED,,,2410,3651,3273,0.337281242443528
ABANDONED,,,155,32,639,0.8913353929311038
ABANDONED,,,3394,4656,4972,0.2035930720929056
ABANDONED,,,2728,831,3125,0.0939659267164766
ABANDONED,,,664,3854,1285,0.7814777494501322
ABANDONED,,,1827,2466,3885,0.4771334164972417
ABANDONED,,,4828,2852,486,0.6636733831427059
ABANDONED,,,4847,2249,3287,0.1793201047404669
ABANDONED,,,1608,3064,2315,0.9897453561621719
ABANDONED,,,914,775,4714,0.3108136962447315
ABANDONED,,,2590,3914,926,0.6241652342021465
ABANDONED,,,3175,249,1526,0.7015879444282502
ABANDONED,,,174,4443,2817,0.3884935780830681
ABANDONED,,,2273,1720,450,0.8176849364570342
ABANDONED,,,4336,3589,3930,0.0070329974318854
ABANDONED,,,3872,1248,94,0.4462525388090871
ABANDONED,,,2118,4066,4277,0.6326105614694766
ABANDONED,,,330,2097,1833,0.0629022119570523
ABANDONED,,,3647,2591,2577,0.7505978839263319
ABANDONED,,,3061,1256,4426,0.922886859273538
ABANDONED,,,1074,3429,1185,0.2349606743149459
ABANDONED,,,1454,410,3663,0.5549288413620553
ABANDONED,,,4378,4908,1988,0.3688318156997673
ABANDONED,,,4528,1433,757,0.019791175618954
ABANDONED,,,1516,3254,4854,0.8322750204896554
ABANDONED,,,959,585,2494,0.4030519296468235
ABANDONED,,,3033,4730,3157,0.7143162953970023
ABANDONED,,,3699,1074,3768,0.6054360603326
ABANDONED,,,451,4243,603,0.2943984417249448
ABANDONED,,,2101,1920,3008,0.9733617150330915
ABANDONED,,,3786,2764,1403,0.1606206390110775
ABANDONED,,,4257,111,2700,0.3540028590189293
ABANDONED,,,2261,4579,1642,0.5424176294168456
ABANDONED,,,298,1584,4125,0.2224807222471572
ABANDONED,,,3231,3728,256,0.9080872572195716
ABANDONED,,,2569,2384,2118,0.7672596320965326
ABANDONED,,,805,2926,3484,0.0813920405869372
ABANDONED,,,1673,913,1045,0.6510692493000999
ABANDONED,,,5000,3780,4596,0.4628850514305755
ABANDONED,,,4703,696,1795,0.9423589831760152
ABANDONED,,,1770,3991,2615,0.1296798203544691
ABANDONED,,,745,2328,55,0.5744942295116371
ABANDONED,,,2741,2987,4317,0.2633966029540635
ABANDONED,,,3327,1802,3702,0.4344814971660263
ABANDONED,,,1,3515,1948,0.7458058857508933
ABANDONED,,,2433,167,4465,0.0512816590590402
ABANDONED,,,4197,4517,1146,0.8637035758445039
ABANDONED,,,4042,2176,4831,0.6820110354667529
ABANDONED,,,1967,2514,810,0.493886845547147
ABANDONED,,,474,1169,3405,0.7982624383774585
ABANDONED,,,3485,4143,2197,0.1123329336673952
ABANDONED,,,2900,328,333,0.1909901643832214
ABANDONED,,,1214,4982,4048,0.8766586274408735
ABANDONED,,,1303,1338,1409,0.3225733361540362
ABANDONED,,,4551,3355,2933,0.5109280837172642
ABANDONED,,,4607,1914,1300,0.4890326792695559
ABANDONED,,,1281,2778,3062,0.6751896905546076
ABANDONED,,,1192,1041,540,0.1211051137367263
ABANDONED,,,2956,4268,3861,0.8089694078220054
ABANDONED,,,3463,594,3220,0.887380965410359
ABANDONED,,,530,4719,2401,0.1997472438534721
ABANDONED,,,2023,1464,4957,0.5041221222148276
ABANDONED,,,4019,3226,703,0.3177040543925948
ABANDONED,,,4180,879,4650,0.1365001958959735
ABANDONED,,,2494,3805,942,0.9472140853335148
ABANDONED,,,62,2378,3576,0.2526886678600683
ABANDONED,,,3310,2940,2055,0.5657229890434071
ABANDONED,,,2802,1614,164,0.7370497756512836
ABANDONED,,,728,3700,4188,0.4237582233166322
ABANDONED,,,1753,119,1588,0.8685738232553936
ABANDONED,,,4764,4568,2803,0.0580866809603758
ABANDONED,,,4939,220,1248,0.5356124791343696
ABANDONED,,,1690,4473,4412,0.3491324981116689
ABANDONED,,,822,1867,2012,0.9188104212937876
ABANDONED,,,2508,3443,3609,0.2312367076868191
ABANDONED,,,3248,2278,4253,0.0901634094363078
ABANDONED,,,236,3034,148,0.7779676806868984
ABANDONED,,,2200,629,2513,0.458030059048254
ABANDONED,,,4274,4061,1848,0.6442489984185434
ABANDONED,,,3808,1402,2880,0.8371444120262749
ABANDONED,,,2044,3282,1511,0.0265972617813386
ABANDONED,,,395,380,3955,0.705559344307892
ABANDONED,,,3721,4937,397,0.3923297051737084
ABANDONED,,,2977,1102,2290,0.2836913625052198
ABANDONED,,,981,4213,3341,0.5966637556033207
ABANDONED,,,1538,2126,863,0.1674418555420823
ABANDONED,,,4472,2561,4729,0.978215767814312
ABANDONED,,,4435,967,3460,0.6316117943383753
ABANDONED,,,1433,4350,2171,0.4433189971875399
ABANDONED,,,1052,1989,4532,0.7632864497656933
ABANDONED,,,3117,2696,1060,0.0775579415461979
ABANDONED,,,3625,1541,1705,0.2496010353791527
ABANDONED,,,387,3147,2685,0.9355905257119796
ABANDONED,,,2175,517,280,0.3658828906685113
ABANDONED,,,3850,4798,4071,0.5539451897148043
ABANDONED,,,4320,2452,578,0.9926798597119748
ABANDONED,,,2334,2858,3822,0.1803179285492747
ABANDONED,,,235,805,1339,0.6095104777048342
ABANDONED,,,3158,3887,3022,0.298124198246654
ABANDONED,,,2651,42,4918,0.3757889497163705
ABANDONED,,,897,4647,742,0.6869485266863368
ABANDONED,,,1591,1691,3181,0.0080156759873032
ABANDONED,,,4908,3621,2439,0.8206347936470061
ABANDONED,,,4767,1792,3994,0.3343315061923116
ABANDONED,,,1844,3525,357,0.5225776544742285
ABANDONED,,,681,294,2918,0.218232607052382
ABANDONED,,,2667,4391,1472,0.9040401534001344
ABANDONED,,,3411,706,824,0.794167126509454
ABANDONED,,,94,3981,4768,0.1086205771598033
ABANDONED,,,2349,2201,2251,0.662675442116335
ABANDONED,,,4104,3114,3381,0.4741987808451056
ABANDONED,,,3949,455,1894,0.0393841787379235
ABANDONED,,,1885,4855,3727,0.852185240382701
ABANDONED,,,566,1328,1132,0.4073402895382605
ABANDONED,,,3568,3364,4528,0.7183160172726027
ABANDONED,,,2827,2049,2631,0.5784468745811842
ABANDONED,,,1152,2641,1731,0.2672444592433981
ABANDONED,,,1376,1179,4370,0.9617991085443643
ABANDONED,,,4614,4133,30,0.1492552185118198
ABANDONED,,,4615,2040,3852,0.0612364880555309
ABANDONED,,,1369,2650,529,0.873734644632507
ABANDONED,,,1145,1189,3051,0.4288896919274702
ABANDONED,,,2829,4123,1291,0.7401683247296139
ABANDONED,,,3571,465,692,0.5678660275133327
ABANDONED,,,558,4845,4949,0.2568445812081918
ABANDONED,,,1877,1319,2393,0.9513992323697544
ABANDONED,,,3953,3374,3209,0.1386743733045645
ABANDONED,,,4110,715,2065,0.312530625615362
ABANDONED,,,2348,3972,3585,0.5009615534310228
ABANDONED,,,93,2190,951,0.1966165041485801
ABANDONED,,,3417,3124,4661,0.8822392709625884
ABANDONED,,,2676,1782,2811,0.8048032388674095
ABANDONED,,,677,3535,1599,0.1189499739488586
ABANDONED,,,1840,303,4199,0.6730048407659865
ABANDONED,,,4776,4381,173,0.4848348950636572
ABANDONED,,,4909,53,3601,0.9828287998889572
ABANDONED,,,1585,4637,2001,0.1701639636584557
ABANDONED,,,891,1682,4401,0.5993565109534189
ABANDONED,,,2652,3630,1240,0.2882731365630403
ABANDONED,,,3162,2443,1837,0.3978869600703939
ABANDONED,,,226,2867,2505,0.7092275060730054
ABANDONED,,,2325,816,139,0.0302946572345681
ABANDONED,,,4324,3877,4241,0.8427328058616257
ABANDONED,,,3857,1530,408,0.6415142829020508
ABANDONED,,,2173,3157,3963,0.4534062652849591
ABANDONED,,,385,526,1520,0.7733737160025164
ABANDONED,,,3631,4789,2891,0.0874604282492771
ABANDONED,,,3125,976,4738,0.2275582903152331
ABANDONED,,,1049,4341,873,0.91324106507916
ABANDONED,,,1429,1978,3352,0.3435334318962879
ABANDONED,,,4443,2706,2299,0.5319024465114809
ABANDONED,,,4465,1112,1068,0.8243668110750616
ABANDONED,,,1540,4202,4543,0.013516696223244
ABANDONED,,,982,2117,2182,0.6924787806103936
ABANDONED,,,2971,2571,3468,0.3795521060830913
ABANDONED,,,3712,1393,4082,0.300912007737439
ABANDONED,,,398,3292,289,0.614065429407265
ABANDONED,,,2048,391,2694,0.1848435274854302
ABANDONED,,,3800,4927,1717,0.9954364111859352
ABANDONED,,,4273,2268,3011,0.5484415348745882
ABANDONED,,,2206,3045,1331,0.3621463929247111
ABANDONED,,,242,638,3813,0.931824317967426
ABANDONED,,,3247,4051,567,0.2440657652876339
ABANDONED,,,2504,229,2431,0.0729980034458451
ABANDONED,,,830,4463,3171,0.7604954995884559
ABANDONED,,,1699,1856,731,0.4405578760892152
ABANDONED,,,4935,3453,4909,0.6270835905674845
ABANDONED,,,4758,1605,1481,0.1534749875228851
ABANDONED,,,1754,3709,2929,0.9638859123535451
ABANDONED,,,729,130,369,0.269360496740695
ABANDONED,,,2796,4558,4003,0.5826977825309149
ABANDONED,,,3301,890,3391,0.7235425400241277
ABANDONED,,,66,3795,2259,0.4104320162612013
ABANDONED,,,2498,2369,4776,0.8552476143393665
ABANDONED,,,4171,2949,835,0.0445794434726238
ABANDONED,,,4018,603,4518,0.4721093424316495
ABANDONED,,,2030,4710,1124,0.6584511927895247
ABANDONED,,,536,1453,3718,0.1043666178322397
ABANDONED,,,3462,3236,1883,0.7920460728446953
ABANDONED,,,2953,1904,22,0.9009434402792714
ABANDONED,,,1201,2788,4359,0.2130029436144046
ABANDONED,,,1289,1050,1720,0.5173778201151638
ABANDONED,,,4603,4259,2621,0.3312665274009108
ABANDONED,,,4543,319,1614,0.669174358724337
ABANDONED,,,1306,4991,2748,0.4808653297319077
ABANDONED,,,1218,1348,226,0.7852409207016229
ABANDONED,,,2892,3344,4174,0.0994962550643831
ABANDONED,,,3479,2186,3531,0.2081479493714868
ABANDONED,,,475,2503,2090,0.8941231875371188
ABANDONED,,,1969,1160,4646,0.3400378981108777
ABANDONED,,,4035,4152,1014,0.5280858705661259
ABANDONED,,,4193,1811,4963,0.9551289631250314
ABANDONED,,,2442,3506,628,0.1427527649103663
ABANDONED,,,10,157,3263,0.5875671722069382
ABANDONED,,,3323,4528,2369,0.2761665810424834
ABANDONED,,,2740,686,475,0.4172532309316098
ABANDONED,,,751,4002,3876,0.728396590944752
ABANDONED,,,1776,2337,1277,0.033872366113495
ABANDONED,,,4702,2978,3114,0.8464753114706836
ABANDONED,,,4991,2394,937,0.3709185748546384
ABANDONED,,,1677,2916,4723,0.5591485061797313
ABANDONED,,,808,903,2323,0.2392115971494465
ABANDONED,,,2560,3789,3298,0.9250029711946844
ABANDONED,,,3225,102,3939,0.7536895362254232
ABANDONED,,,299,4588,462,0.0681287198238074
ABANDONED,,,2262,1594,2827,0.6378059303975663
ABANDONED,,,4251,3718,1534,0.4493149574200622
ABANDONED,,,3783,1064,2568,0.0028087629898451
ABANDONED,,,2109,4253,1822,0.8155955724674276
ABANDONED,,,459,1930,4266,0.3863724797639995
ABANDONED,,,3695,2755,86,0.697333880907297
ABANDONED,,,3032,1442,1976,0.6189356749575585
ABANDONED,,,965,3245,3654,0.3077170277781784
ABANDONED,,,1523,575,1177,0.9866803029469214
ABANDONED,,,4527,4740,4416,0.1741202554966322
ABANDONED,,,4382,1266,3146,0.4680457983838394
ABANDONED,,,1446,3419,2485,0.6542190415104852
ABANDONED,,,1066,401,4846,0.084510693858657
ABANDONED,,,3064,4917,746,0.7723911453616805
ABANDONED,,,3648,1239,1394,0.9122431259133852
ABANDONED,,,324,4075,2996,0.2246236565236933
ABANDONED,,,2112,2107,592,0.5445918217102065
ABANDONED,,,3874,2580,3760,0.3581880804790184
ABANDONED,,,4345,239,265,0.1574601744206622
ABANDONED,,,2269,4453,4136,0.9681883309101684
ABANDONED,,,170,1729,1653,0.2892566728533245
ABANDONED,,,3184,3580,2708,0.602305305742938
ABANDONED,,,2596,2258,4607,0.7121611704939044
ABANDONED,,,913,3055,1054,0.3988858351160772
ABANDONED,,,1607,765,3492,0.828077191629447
ABANDONED,,,4852,3924,2128,0.0176062216369435
ABANDONED,,,4832,821,4305,0.513650117409788
ABANDONED,,,1818,3863,46,0.3271863533439114
ABANDONED,,,655,2476,2607,0.8812405056920833
ABANDONED,,,2732,2841,1784,0.1936829643876291
ABANDONED,,,3395,1674,1138,0.1160010507781989
ABANDONED,,,149,3641,4454,0.8038195890807546
ABANDONED,,,2404,22,1937,0.4994752542672678
ABANDONED,,,4087,4665,3694,0.685708505343832
ABANDONED,,,3935,2012,2205,0.8590798862745985
ABANDONED,,,1938,2681,3416,0.0485469881968572
ABANDONED,,,619,982,820,0.7431028301400132
ABANDONED,,,3554,4328,4839,0.4298875175968743
ABANDONED,,,2890,495,2944,0.2578272616242058
ABANDONED,,,1128,4817,1418,0.5708158865639008
ABANDONED,,,1352,1522,4057,0.1259697430772706
ABANDONED,,,4676,3168,344,0.9367598127672448
ABANDONED,,,4668,664,2835,0.2005786875647492
ABANDONED,,,1341,4028,1546,0.8865686914221383
ABANDONED,,,1098,2291,3911,0.3168610600998625
ABANDONED,,,2862,3019,430,0.5049228456215932
ABANDONED,,,3524,1843,2334,0.6762363475723192
ABANDONED,,,590,3469,3307,0.4879439895221963
ABANDONED,,,1929,214,907,0.8079114383791574
ABANDONED,,,3925,4476,4694,0.1221824910589493
ABANDONED,,,4079,2130,1205,0.4248036802497692
ABANDONED,,,2393,2555,4445,0.7359627585799433
ABANDONED,,,119,1128,1967,0.0570299116021022
ABANDONED,,,3367,4189,3644,0.8696495279015973
ABANDONED,,,2701,365,4297,0.9480476817546412
ABANDONED,,,627,4950,113,0.1356852966064587
ABANDONED,,,1809,1369,2557,0.5648778420408255
ABANDONED,,,4821,3318,1814,0.253492016568128
ABANDONED,,,4883,1470,4615,0.776848631590698
ABANDONED,,,1635,3222,987,0.0913016282555647
ABANDONED,,,921,617,3543,0.6453564969332888
ABANDONED,,,2607,4693,2098,0.4568802896475419
ABANDONED,,,3192,1028,197,0.3482286474371328
ABANDONED,,,181,4284,4145,0.5364742970792576
ABANDONED,,,2300,1879,1622,0.2321292459362186
ABANDONED,,,4373,2811,2758,0.917937290923763
ABANDONED,,,3904,152,1266,0.5957577671037055
ABANDONED,,,2140,4533,3105,0.284555790866632
ABANDONED,,,333,1630,505,0.9791104438887908
ABANDONED,,,3659,3687,3905,0.1665661147555336
ABANDONED,,,3073,2352,3254,0.0254793978849425
ABANDONED,,,1077,2963,2357,0.8382809730542823
ABANDONED,,,1477,876,4991,0.3934360184886492
ABANDONED,,,4410,3811,659,0.7044112326984294
ABANDONED,,,4496,2217,1929,0.9363956885013728
ABANDONED,,,1494,3100,3682,0.2487614534199237
ABANDONED,,,956,739,1165,0.5531363355024717
ABANDONED,,,3021,3946,4485,0.366718781204801
ABANDONED,,,3686,290,2597,0.4444005087546072
ABANDONED,,,448,4397,1774,0.6305570809389464
ABANDONED,,,2079,1767,4336,0.0764725003998726
ABANDONED,,,3754,3548,75,0.7643372335858643
ABANDONED,,,4220,1202,4028,0.688027420394495
ABANDONED,,,2234,4108,314,0.3747363666996359
ABANDONED,,,290,2055,2953,0.8195519703595899
ABANDONED,,,3213,2637,1428,0.0090643294247798
ABANDONED,,,2552,1293,790,0.1811247565723024
ABANDONED,,,797,3397,4812,0.9918390999953262
ABANDONED,,,1646,441,2217,0.2973136788006872
ABANDONED,,,4963,4871,3424,0.6103475459985434
ABANDONED,,,4710,542,623,0.1074742796316742
ABANDONED,,,1787,4775,3787,0.7952790048677473
ABANDONED,,,782,1544,1383,0.4753413869502954
ABANDONED,,,2767,3141,2989,0.6615598723351023
ABANDONED,,,3354,1956,4874,0.5217077206085436
ABANDONED,,,37,2731,776,0.3352282382256351
ABANDONED,,,2450,951,3137,0.9049061576865612
ABANDONED,,,4204,4364,2475,0.2173319454398006
ABANDONED,,,4044,1705,3503,0.2663728452593088
ABANDONED,,,1979,3605,2138,0.5793447992566972
ABANDONED,,,505,78,4577,0.1501229029166512
ABANDONED,,,3507,4614,1025,0.9608972542895934
ABANDONED,,,2922,799,1661,0.8510415755982511
ABANDONED,,,1246,3891,2720,0.0404939118287526
ABANDONED,,,1315,2429,237,0.7194559906341135
ABANDONED,,,4553,2883,4105,0.4062268650244921
ABANDONED,,,4575,1756,128,0.5920190682745538
ABANDONED,,,1259,3556,4234,0.2809819036523811
ABANDONED,,,1190,263,1868,0.9599451732393351
ABANDONED,,,2944,4427,2532,0.1472036432318389
ABANDONED,,,3451,752,4392,0.0375897676277905
ABANDONED,,,527,3940,1230,0.8500741111382842
ABANDONED,,,2001,2243,3629,0.4208510240166448
ABANDONED,,,3988,3067,2031,0.7321148911270313
ABANDONED,,,4144,413,3322,0.780669014315959
ABANDONED,,,2467,4902,2270,0.094800983705651
ABANDONED,,,54,1281,4748,0.6644781886976212
ABANDONED,,,3293,3406,883,0.4762944299288093
ABANDONED,,,2784,2081,1492,0.3361966348443179
ABANDONED,,,721,2604,2860,0.5246108917176723
ABANDONED,,,1726,1216,416,0.2046739882691763
ABANDONED,,,4727,4102,3975,0.8902810367661527
ABANDONED,,,4946,999,2420,0.3893616197223774
ABANDONED,,,1707,4314,3240,0.7006854947826824
ABANDONED,,,858,2026,684,0.0061612643696367
ABANDONED,,,2535,2664,4937,0.8185836946796626
ABANDONED,,,3275,1499,3081,0.9908859249144792
ABANDONED,,,273,3193,1320,0.1782063229922205
ABANDONED,,,2217,470,3842,0.6230207358705812
ABANDONED,,,4281,4840,520,0.3119235484137199
ABANDONED,,,3811,2499,4208,0.2361024468730203
ABANDONED,,,2057,2816,183,0.9217714085704646
ABANDONED,,,426,847,2783,0.3676861135624349
ABANDONED,,,3743,3841,1569,0.5560403624858707
ABANDONED,,,2999,6,962,0.6334764466777443
ABANDONED,,,1013,4679,4669,0.4453527107436209
ABANDONED,,,1550,1659,2035,0.7497283072951249
ABANDONED,,,4474,3657,3558,0.0637983485995791
ABANDONED,,,4432,183,4788,0.2933422677574679
ABANDONED,,,1420,4504,843,0.6065114077443255
ABANDONED,,,1020,1835,3360,0.1616652623970992
ABANDONED,,,3095,3480,2232,0.9722748170399106
ABANDONED,,,3603,2324,377,0.8314302307215519
ABANDONED,,,355,2993,4013,0.0205939289362169
ABANDONED,,,2162,671,1452,0.715149772739969
ABANDONED,,,3848,4014,2899,0.402237863904424
ABANDONED,,,4312,1361,1750,0.0805489272160455
ABANDONED,,,2317,3329,2651,0.7680611890504137
ABANDONED,,,198,334,11,0.4637168523763306
ABANDONED,,,3131,4978,4350,0.6502563799210824
ABANDONED,,,2624,1134,3746,0.5413588264268822
ABANDONED,,,860,4176,1914,0.3550803554193116
ABANDONED,,,1574,2163,4509,0.9091345096280798
ABANDONED,,,4900,2530,1111,0.2213916752653196
ABANDONED,,,4804,1946,2666,0.7467002045908941
ABANDONED,,,1870,2741,1685,0.4336063517702743
ABANDONED,,,688,1078,4090,0.8627977064230479
ABANDONED,,,2684,4237,301,0.052145253873337
ABANDONED,,,3428,552,2152,0.1307855382786132
ABANDONED,,,101,4765,3439,0.9412112288010306
ABANDONED,,,2376,1417,1079,0.2622795726047828
ABANDONED,,,4140,3268,4552,0.5756306714614852
ABANDONED,,,3981,926,722,0.8777669595027342
ABANDONED,,,1907,3764,4899,0.1898402759043499
ABANDONED,,,568,2419,2460,0.5098084392302669
ABANDONED,,,3580,2893,3200,0.323711912207771
ABANDONED,,,2839,1578,3802,0.4947795028747059
ABANDONED,,,1154,3732,560,0.681137071549613
ABANDONED,,,1397,88,3042,0.1114287257583811
ABANDONED,,,4645,4604,1358,0.7991248517131432
ABANDONED,,,4634,89,858,0.4045305259421467
ABANDONED,,,1395,4596,4802,0.7177458459276705
ABANDONED,,,1170,1567,2246,0.0231900058451108
ABANDONED,,,2846,3750,3376,0.833722896480467
ABANDONED,,,3588,2406,4019,0.9738340953002684
ABANDONED,,,586,2909,382,0.1630440181679092
ABANDONED,,,1904,930,2904,0.6078901597939431
ABANDONED,,,3968,3758,1458,0.2949015422966331
ABANDONED,,,4123,1416,2645,0.2190513633579015
ABANDONED,,,2370,3276,1746,0.9066089121047408
ABANDONED,,,113,563,4346,0.352554761617165
ABANDONED,,,3429,4747,5,0.5390185182406567
ABANDONED,,,2687,1091,1899,0.6486456785018556
ABANDONED,,,701,4221,3732,0.4624124199829064
ABANDONED,,,1862,1942,1097,0.7667567529357969
ABANDONED,,,4786,2747,4494,0.0789382220756262
ABANDONED,,,4887,2154,1691,0.5769483215305953
ABANDONED,,,1571,2531,2670,0.2638996811985969
ABANDONED,,,878,1152,305,0.9428313411160372
ABANDONED,,,2632,4165,4096,0.1321031920689157
ABANDONED,,,3138,350,3455,0.054680496727582
ABANDONED,,,214,4965,2166,0.8651514741624705
ABANDONED,,,2314,1355,4566,0.4359601157885044
ABANDONED,,,4301,3333,1094,0.7492354437239467
ABANDONED,,,3830,679,4884,0.7977595517743378
ABANDONED,,,2154,4013,708,0.1098790928289294
ABANDONED,,,367,2306,3186,0.6795874423413537
ABANDONED,,,3606,3004,2445,0.493414206657093
ABANDONED,,,3096,1819,554,0.3211252461946569
ABANDONED,,,1032,3493,3798,0.5075289948682301
ABANDONED,,,1414,189,1354,0.1875608278211206
ABANDONED,,,4415,4500,3037,0.8751802897684277
ABANDONED,,,4491,1641,4228,0.730502399814222
ABANDONED,,,1557,3669,124,0.4195409912285394
ABANDONED,,,1001,14,2528,0.8487640820713713
ABANDONED,,,2997,4678,1862,0.0359772800361737
ABANDONED,,,3740,853,1214,0.144857500215806
ABANDONED,,,413,3837,4378,0.95741755510848
ABANDONED,,,2064,2483,2017,0.2784542818003333
ABANDONED,,,3829,2830,3614,0.5896729215373285
ABANDONED,,,4293,489,2285,0.8918382869766093
ABANDONED,,,2219,4829,3336,0.2060469054889865
ABANDONED,,,256,1490,897,0.5259838126586749
ABANDONED,,,3268,3194,4763,0.337753888775967
ABANDONED,,,2526,2020,2865,0.478581499014236
ABANDONED,,,841,2668,1496,0.6670724794341251
ABANDONED,,,1711,1014,3979,0.0973952707209624
ABANDONED,,,4959,4300,422,0.7829560796801932
ABANDONED,,,4745,1226,3225,0.3093350925070233
ABANDONED,,,1734,4083,2406,0.6207356911138631
ABANDONED,,,708,2080,4923,0.175921281956695
ABANDONED,,,2782,2613,668,0.9882974727289752
ABANDONED,,,3291,1278,1314,0.8172125636322423
ABANDONED,,,43,3412,3076,0.0046096108326688
ABANDONED,,,2474,427,515,0.699133837524522
ABANDONED,,,4160,4886,3836,0.3879904849537648
ABANDONED,,,4000,2232,188,0.066331563403923
ABANDONED,,,2005,3086,4212,0.7520762364835478
ABANDONED,,,510,753,1573,0.4477006436532363
ABANDONED,,,3443,3931,2789,0.6360096652032807
ABANDONED,,,2937,266,4684,0.5573524196026846
ABANDONED,,,1173,4421,976,0.3693044397050515
ABANDONED,,,1261,1742,3571,0.9233897309918888
ABANDONED,,,4587,3572,2050,0.2374145002686418
ABANDONED,,,4570,2435,3678,0.762783317563869
ABANDONED,,,1321,2880,1923,0.0751038699937984
ABANDONED,,,1234,783,4480,0.6291884468116797
ABANDONED,,,2920,3904,1161,0.4428465890114195
ABANDONED,,,3504,60,1760,0.3644350463078357
ABANDONED,,,493,4625,2581,0.5505463315797037
ABANDONED,,,1988,1713,60,0.2461714532183483
ABANDONED,,,4061,3604,4322,0.9341119573256
ABANDONED,,,4216,945,328,0.6119643241250887
ABANDONED,,,2452,4368,4043,0.2986270457772537
ABANDONED,,,21,1972,1443,0.9931524632507004
ABANDONED,,,3347,2718,2967,0.1827415309776551
ABANDONED,,,2760,1563,4817,0.0114147592545486
ABANDONED,,,764,3130,795,0.8220829226789064
ABANDONED,,,1790,534,3429,0.377267322740145
ABANDONED,,,4723,4776,2221,0.6903778539454564
ABANDONED,,,4980,438,3773,0.2148030174491926
ABANDONED,,,1654,4877,607,0.9025615626865998
ABANDONED,,,785,1306,2973,0.332883639504481
ABANDONED,,,2548,3381,1369,0.5191787888967431
ABANDONED,,,3212,2066,772,0.6602521020320244
ABANDONED,,,278,2619,4869,0.4737263949961401
ABANDONED,,,2241,1201,2469,0.7936640166347845
ABANDONED,,,4237,4116,3133,0.1061665130497887
ABANDONED,,,3767,1770,2142,0.40881865511965
ABANDONED,,,2081,3542,3509,0.7217453222045674
ABANDONED,,,430,277,1030,0.042783239678014
ABANDONED,,,3679,4413,4581,0.8536333619722165
ABANDONED,,,3014,728,2734,0.962271719525475
ABANDONED,,,940,3964,1676,0.1516788432673551
ABANDONED,,,1496,2218,4120,0.5809007433285936
ABANDONED,,,4507,3092,251,0.2677473142163828
ABANDONED,,,4398,862,1560,0.1245347107823006
ABANDONED,,,1475,3827,2851,0.810447991093155
ABANDONED,,,1094,2356,446,0.4904805385150015
ABANDONED,,,3079,2957,3925,0.678588563574478
ABANDONED,,,3667,1632,3311,0.5065454548567533
ABANDONED,,,350,3678,2339,0.3181764476839452
ABANDONED,,,2137,141,4700,0.8878840827274135
ABANDONED,,,3891,4551,911,0.2022013005211018
ABANDONED,,,4357,1893,4441,0.2512103097210638
ABANDONED,,,2293,2795,1199,0.5622936766690574
ABANDONED,,,192,1024,3639,0.133101127513498
ABANDONED,,,3194,4290,1963,0.9457659711863844
ABANDONED,,,2610,616,99,0.8681012048318982
ABANDONED,,,934,4702,4282,0.0556630636472255
ABANDONED,,,1627,1481,1799,0.734595914346259
ABANDONED,,,4865,3204,2543,0.4232553609012625
ABANDONED,,,4808,1385,991,0.919313546053227
ABANDONED,,,1806,3304,4621,0.2336907866816036
ABANDONED,,,645,358,2103,0.5380358341034501
ABANDONED,,,2709,4954,3547,0.3496048988454043
ABANDONED,,,3374,1119,4159,0.4594779108513146
ABANDONED,,,135,4191,213,0.6476478491112589
ABANDONED,,,2392,2148,2774,0.0935929841547273
ABANDONED,,,4067,2544,1637,0.7794462565156631
ABANDONED,,,3907,198,3091,0.7031054904452525
ABANDONED,,,1921,4489,1251,0.3918268650854937
ABANDONED,,,603,1850,3890,0.8366718159299343
ABANDONED,,,3527,3465,491,0.0241736519105732
ABANDONED,,,2864,2300,2352,0.1640427797172218
ABANDONED,,,1109,3017,3249,0.9767676313400268
ABANDONED,,,1334,646,654,0.2822129820390604
ABANDONED,,,4651,4039,4987,0.5932344357865863
ABANDONED,,,4679,1506,2500,0.3568842397551983
ABANDONED,,,1365,3181,3160,0.5429807593353093
ABANDONED,,,1120,502,760,0.2230125978699885
ABANDONED,,,2872,4813,4861,0.9109392889107576
ABANDONED,,,3538,991,3002,0.769865908794012
ABANDONED,,,612,4327,1398,0.0821697902816347
ABANDONED,,,1949,1993,3764,0.6518781342122703
ABANDONED,,,3938,2692,597,0.4655205580949783
ABANDONED,,,4096,38,4131,0.0189843782957643
ABANDONED,,,2422,4652,260,0.8296368234030901
ABANDONED,,,146,1667,2704,0.4004454706109129
ABANDONED,,,3382,3645,1647,0.7135393308739177
ABANDONED,,,2720,2467,1039,0.6049010254173539
ABANDONED,,,653,2843,4593,0.2915499340030364
ABANDONED,,,1834,840,2114,0.970481588338688
ABANDONED,,,4838,3852,3477,0.1600558903738856
ABANDONED,,,4854,778,51,0.6834287000261245
ABANDONED,,,1618,3909,4310,0.4968891799237579
ABANDONED,,,906,2254,1788,0.8012335184584372
ABANDONED,,,2580,3061,2613,0.1137212491816841
ABANDONED,,,3166,1728,4469,0.1921327397885732
ABANDONED,,,162,3589,1152,0.8798755667089485
ABANDONED,,,2282,250,3708,0.325821410639584
ABANDONED,,,4348,4435,1952,0.5120998890895396
ABANDONED,,,3880,2094,3401,0.939113934019953
ABANDONED,,,2129,2596,2192,0.1285043868195265
ABANDONED,,,322,1243,4826,0.5733505340273491
ABANDONED,,,3636,4069,805,0.2601813865981064
ABANDONED,,,3051,402,1412,0.4315082253026775
ABANDONED,,,1063,4908,2940,0.7444201266958377
ABANDONED,,,1464,1255,339,0.0498642810314893
ABANDONED,,,4390,3437,4051,0.8607005902592093
ABANDONED,,,4519,578,2743,0.5306795621906407
ABANDONED,,,1505,4734,1609,0.3423253207095898
ABANDONED,,,968,1429,4170,0.8964106138570233
ABANDONED,,,3045,3261,220,0.2107416447171941
ABANDONED,,,3707,1919,2075,0.1008688187709078
ABANDONED,,,461,2773,3517,0.7867987700240686
ABANDONED,,,2093,1065,1000,0.4824231753331609
ABANDONED,,,3776,4245,4631,0.6705469187096692
ABANDONED,,,4248,1591,643,0.8439482850094325
ABANDONED,,,2250,3724,4977,0.0315258621417917
ABANDONED,,,307,115,2382,0.7260500906942412
ABANDONED,,,3242,4572,3278,0.4147262081915512
ABANDONED,,,2577,914,3882,0.2748569092100486
ABANDONED,,,815,3771,479,0.5859540892245247
ABANDONED,,,1665,2393,3119,0.1411396782067604
ABANDONED,,,4990,2924,1282,0.953819287571404
ABANDONED,,,4695,2331,4708,0.4509336370759643
ABANDONED,,,1760,2981,923,0.6391173884023911
ABANDONED,,,753,702,3284,0.0694401815498247
ABANDONED,,,2751,3988,2308,0.7553082196025178
ABANDONED,,,3337,175,456,0.9273514994950964
ABANDONED,,,12,4517,3935,0.2417444584405049
ABANDONED,,,2424,1803,1529,0.5616813637495972
ABANDONED,,,4186,3507,2822,0.3732670994338579
ABANDONED,,,4034,1166,1828,0.1725682410039938
ABANDONED,,,1957,4149,2573,0.9853097635691052
ABANDONED,,,482,2170,90,0.3063464921215549
ABANDONED,,,3496,2517,4272,0.6173836641861125
ABANDONED,,,2909,1330,3669,0.695048244480975
ABANDONED,,,1226,3355,1990,0.3837843848129734
ABANDONED,,,1294,327,4430,0.8130074737952091
ABANDONED,,,4539,4990,1192,0.0005231228423304
ABANDONED,,,4595,1039,4539,0.997967724460922
ABANDONED,,,1272,4278,1063,0.1871933656455948
ABANDONED,,,1204,1905,3463,0.6164152638462372
ABANDONED,,,2965,2780,2178,0.3034433172912336
ABANDONED,,,3474,1457,275,0.3808660647292621
ABANDONED,,,538,3230,4067,0.6940951977812684
ABANDONED,,,2013,589,1701,0.0151331171153113
ABANDONED,,,4012,4725,2680,0.8256807734424249
ABANDONED,,,4168,2380,1345,0.624493233131431
ABANDONED,,,2485,2930,3027,0.438274740304239
ABANDONED,,,73,889,582,0.7582123600822873
ABANDONED,,,3319,3803,3828,0.0704076422885991
ABANDONED,,,2812,126,3175,0.2426965357695706
ABANDONED,,,736,4564,2437,0.9302707554587162
ABANDONED,,,1742,1619,4915,0.3605928341371938
ABANDONED,,,4756,3693,735,0.5470723090777173
ABANDONED,,,4928,1875,2915,0.0461347921537235
ABANDONED,,,1682,3442,1465,0.8566224405309185
ABANDONED,,,832,221,3988,0.4118068387315608
ABANDONED,,,2516,4465,354,0.725097884984035
ABANDONED,,,3259,632,2255,0.5849867531456984
ABANDONED,,,246,4055,3386,0.2719528785054571
ABANDONED,,,2188,2283,830,0.9664782978395
ABANDONED,,,4264,3031,4772,0.1557639618588611
ABANDONED,,,3797,372,1128,0.3296521345587447
ABANDONED,,,2036,4938,4523,0.5160696962988003
ABANDONED,,,405,1402,1888,0.2116948160768486
ABANDONED,,,3729,3290,3723,0.8993290437159128
ABANDONED,,,2989,2123,4374,0.7897018313580193
ABANDONED,,,990,2567,37,0.1018370907296426
ABANDONED,,,1526,1097,2637,0.6559216694081202
ABANDONED,,,4463,4216,1734,0.469765104666166
ABANDONED,,,4446,1987,543,0.1373071718364022
ABANDONED,,,1442,2705,3868,0.9498515084120444
ABANDONED,,,1041,958,1306,0.2552968535292893
ABANDONED,,,3108,4352,3065,0.5664988223239779
ABANDONED,,,3615,510,4953,0.7375835602458565
ABANDONED,,,379,4802,697,0.4266083385936915
ABANDONED,,,2185,1536,3214,0.8714532950199207
ABANDONED,,,3858,3154,2397,0.0586517272929661
ABANDONED,,,4331,807,3580,0.4861506436034105
ABANDONED,,,2343,3878,2060,0.6746268583315423
ABANDONED,,,223,2461,4656,0.120571987793222
ABANDONED,,,3149,2856,946,0.8061189836859703
ABANDONED,,,2641,1698,1584,0.8847764153461903
ABANDONED,,,889,3617,2796,0.1989683629162609
ABANDONED,,,1601,47,157,0.5033134159198962
ABANDONED,,,4916,4640,4185,0.3150677737201563
ABANDONED,,,4777,302,2005,0.8403905924248509
ABANDONED,,,1852,4390,3606,0.0277709686829708
ABANDONED,,,671,1793,1245,0.7067038138002157
ABANDONED,,,2659,3517,4405,0.3955447429124265
ABANDONED,,,3399,2204,2519,0.2866643366731703
ABANDONED,,,85,3108,1852,0.5980501695882527
ABANDONED,,,2361,711,4257,0.1688576260144822
ABANDONED,,,4113,3978,153,0.9812200037202796
ABANDONED,,,3960,1320,3949,0.5341932070198468
ABANDONED,,,1893,3365,392,0.3461314140557311
ABANDONED,,,556,454,2876,0.9158390435174107
ABANDONED,,,3560,4863,1505,0.2298490471024066
ABANDONED,,,2816,1176,869,0.0890216080389916
ABANDONED,,,1142,4139,4732,0.7747505628015846
ABANDONED,,,1387,2043,2294,0.4547831158052198
ABANDONED,,,4623,2644,3348,0.6430754664129577
ABANDONED,,,4621,1316,605,0.8691451770092361
ABANDONED,,,1384,3371,3766,0.0584908192089758
ABANDONED,,,1140,468,1405,0.7374377155490219
ABANDONED,,,2813,4847,3005,0.4243457679789513
ABANDONED,,,3557,1191,4857,0.2520415803968906
ABANDONED,,,553,4126,755,0.5653945845041423
ABANDONED,,,1891,2038,3159,0.1361575056987814
ABANDONED,,,3957,2647,2491,0.9465812909706496
ABANDONED,,,4115,306,3486,0.5034745621602051
ABANDONED,,,2364,4384,2115,0.3173761298871599
ABANDONED,,,88,1779,4598,0.8870387478046118
ABANDONED,,,3402,3533,1043,0.1991139694567769
ABANDONED,,,2661,2189,1644,0.1216759874567389
ABANDONED,,,673,3122,2697,0.8093740186620503
ABANDONED,,,1854,717,258,0.4894210992011241
ABANDONED,,,4780,3975,4123,0.6757767626254819
ABANDONED,,,4913,813,1945,0.1670372447020374
ABANDONED,,,1599,3874,3705,0.9776448940942996
ABANDONED,,,887,2445,1144,0.2831042904343455
ABANDONED,,,2638,2870,4467,0.5962753356717527
ABANDONED,,,3147,1685,2613,0.7058872688133269
ABANDONED,,,220,3632,1797,0.392977265228331
ABANDONED,,,2340,50,4314,0.8377776864229701
ABANDONED,,,4329,4635,57,0.0269394793870858
ABANDONED,,,3861,1981,4045,0.4583584635875187
ABANDONED,,,2187,2709,335,0.6448960858817212
ABANDONED,,,381,974,2931,0.0907962037991732
ABANDONED,,,3617,4338,1411,0.7783103708840906
ABANDONED,,,3110,523,807,0.9184062830451876
ABANDONED,,,1043,4787,4834,0.2306653539329767
ABANDONED,,,1444,1533,2195,0.5350249344720504
ABANDONED,,,4448,3159,3407,0.3487445582139305
ABANDONED,,,4460,388,4638,0.0086027182886376
ABANDONED,,,1524,4924,1003,0.821023243348114
ABANDONED,,,988,1395,3525,0.3761935903259552
ABANDONED,,,2986,3294,2077,0.6875193706368095
ABANDONED,,,3726,2119,220,0.6088772330776788
ABANDONED,,,402,2573,4161,0.2977819508713669
ABANDONED,,,2034,1110,1605,0.992351905437
ABANDONED,,,3796,4200,2737,0.179670398264192
ABANDONED,,,4267,1859,1288,0.3652501260751858
ABANDONED,,,2191,3456,3123,0.5536024697480723
ABANDONED,,,248,227,488,0.2492726010703481
ABANDONED,,,3262,4460,3883,0.9349434680183418
ABANDONED,,,2518,636,3276,0.7638739646584726
ABANDONED,,,835,4050,2375,0.0779459112134762
ABANDONED,,,1685,2270,4974,0.6320159623565152
ABANDONED,,,4930,3047,637,0.4438903211718425
ABANDONED,,,4754,2366,2814,0.9614111388770862
ABANDONED,,,1739,2946,1528,0.1486677036190405
ABANDONED,,,733,893,3928,0.5778755505968816
ABANDONED,,,2810,3797,453,0.2668402912252582
ABANDONED,,,3317,132,2312,0.4076830095049925
ABANDONED,,,71,4560,3289,0.7189487818659283
ABANDONED,,,2483,1603,924,0.0400312364315614
ABANDONED,,,4166,3707,4717,0.8525136746915057
ABANDONED,,,4014,1053,1183,0.663017689491622
ABANDONED,,,2016,4262,4429,0.4748320254722609
ABANDONED,,,540,1901,1985,0.7948146567945368
ABANDONED,,,3476,2786,3665,0.1089485314347781
ABANDONED,,,2968,1451,4275,0.217844157351274
ABANDONED,,,1206,3234,97,0.9034531110987998
ABANDONED,,,1274,605,2575,0.3337606622418388
ABANDONED,,,4598,4712,1835,0.5221730138646438
ABANDONED,,,4537,1162,2683,0.4777809467823244
ABANDONED,,,1291,4155,1708,0.6640013374176807
ABANDONED,,,1223,2184,4069,0.0943081740917637
ABANDONED,,,2907,2501,283,0.7821109940772875
ABANDONED,,,3493,1345,2169,0.890764548980631
ABANDONED,,,480,3342,3462,0.2031884314833208
ABANDONED,,,1955,321,1057,0.5231717772745527
ABANDONED,,,4031,4993,4534,0.3366942001421935
ABANDONED,,,4188,2335,740,0.1476850213424302
ABANDONED,,,2427,2975,4920,0.958461277965922
ABANDONED,,,15,688,2437,0.2795449233131482
ABANDONED,,,3339,4004,3184,0.5925149720599874
ABANDONED,,,2754,160,3820,0.7336035420844331
ABANDONED,,,755,4530,581,0.4203725112242623
ABANDONED,,,1762,1808,3020,0.8495791674205102
ABANDONED,,,4698,3504,1342,0.039033408901561
ABANDONED,,,4987,1597,4770,0.5546004070532508
ABANDONED,,,1663,3720,822,0.3681847580061294
ABANDONED,,,813,99,3383,0.9222540946802124
ABANDONED,,,2574,4586,2248,0.2346179543482139
ABANDONED,,,3240,901,360,0.0633063799751922
ABANDONED,,,304,3786,3992,0.7511692079106345
ABANDONED,,,2247,2396,1475,0.4468400537018664
ABANDONED,,,4245,2919,2916,0.6329985311367547
ABANDONED,,,3779,572,1734,0.818089577066619
ABANDONED,,,2095,4738,2628,0.0076038413823582
ABANDONED,,,463,1445,33,0.7021749867295846
ABANDONED,,,3710,3247,4368,0.3888820277841761
ABANDONED,,,3047,1932,3729,0.3104857419697567
ABANDONED,,,971,2758,1891,0.6235177039170637
ABANDONED,,,1507,1062,4531,0.1786868601133115
ABANDONED,,,4521,4250,1129,0.9894031087868846
ABANDONED,,,4387,2110,2399,0.6517020436629652
ABANDONED,,,1461,2582,3222,0.4632277416277676
ABANDONED,,,1060,1237,700,0.7675880366357974
ABANDONED,,,3049,4073,4960,0.0820391280501149
ABANDONED,,,3634,398,3059,0.2218931775848381
ABANDONED,,,320,4914,1302,0.9076993173218332
ABANDONED,,,2126,1268,3858,0.3535987207703292
ABANDONED,,,3878,3421,542,0.5418462756630033
ABANDONED,,,4351,762,4185,0.9727746429622172
ABANDONED,,,2284,3923,166,0.1602322190795093
ABANDONED,,,164,2260,2800,0.605031449492555
ABANDONED,,,3169,3057,1590,0.2938275680049322
ABANDONED,,,2582,1732,940,0.4036852040435187
ABANDONED,,,908,3583,4652,0.7146585130027495
ABANDONED,,,1621,237,2052,0.0201191001243889
ABANDONED,,,4857,4451,3579,0.832922580544278
ABANDONED,,,4836,24,150,0.3222311185482889
ABANDONED,,,1832,4668,4250,0.510294809320569
ABANDONED,,,651,1672,1850,0.1903426043285988
ABANDONED,,,2718,3638,2511,0.8763307029354385
ABANDONED,,,3380,2473,4414,0.7986508583090268
ABANDONED,,,144,2839,1246,0.1129200057382695
ABANDONED,,,2420,824,3612,0.6825819091867655
ABANDONED,,,4093,3865,2010,0.494291456387192
ABANDONED,,,3940,1520,3343,0.0516695989567786
ABANDONED,,,1952,3165,2288,0.8642911205068231
ABANDONED,,,614,497,4732,0.4350528509198687
ABANDONED,,,3540,4820,860,0.7462100239994935
ABANDONED,,,2874,985,1513,0.574151539314445
ABANDONED,,,1122,4330,2878,0.2627638085911981
ABANDONED,,,1367,2009,399,0.9417118957128376
ABANDONED,,,4682,2678,3952,0.1293514158152043
ABANDONED,,,4653,211,1463,0.8836857701121829
ABANDONED,,,1337,4473,2908,0.1961263235571794
ABANDONED,,,1112,1846,391,0.5004858985144643
ABANDONED,,,2866,3472,4019,0.3140240396991372
ABANDONED,,,3530,2294,3374,0.4853355619754642
ABANDONED,,,606,3021,2238,0.6715707183025778
ABANDONED,,,1923,662,4798,0.1174708418018184
ABANDONED,,,3910,4026,851,0.8052874748538247
ABANDONED,,,4065,1372,4501,0.7406706531538628
ABANDONED,,,2389,3321,1101,0.4274534353601746
ABANDONED,,,133,362,3740,0.8722538509730249
ABANDONED,,,3371,4947,1901,0.061722858145833
ABANDONED,,,2706,1125,5,0.140119210941717
ABANDONED,,,643,4187,4336,0.9509111858822404
ABANDONED,,,1804,2132,1742,0.2563705878040753
ABANDONED,,,4805,2557,2639,0.5693573074932209
ABANDONED,,,4868,1876,1085,0.0859804699975065
ABANDONED,,,1629,2809,4566,0.7738590162499807
ABANDONED,,,936,1031,2161,0.4539060912072658
ABANDONED,,,2613,4287,3450,0.6400812395844608
ABANDONED,,,3196,619,4099,0.5314276176996529
ABANDONED,,,195,4696,312,0.345025781719014
ABANDONED,,,2295,1468,2672,0.9146884052182548
ABANDONED,,,4359,3220,1699,0.2270670305780135
ABANDONED,,,3889,879,3028,0.2877999841484241
ABANDONED,,,2135,3814,1352,0.6008467117874882
ABANDONED,,,348,2349,3791,0.1716096274003386
ABANDONED,,,3665,2961,551,0.9823396891403944
ABANDONED,,,3077,1628,2449,0.8412511712126433
ABANDONED,,,1091,3684,3192,0.0307821064706891
ABANDONED,,,1472,154,709,0.709729008392524
ABANDONED,,,4396,4535,4893,0.3964517677641473
ABANDONED,,,4510,1764,3623,0.2455552572345361
ABANDONED,,,1498,3546,2017,0.9313447260292246
ABANDONED,,,942,293,4383,0.3616522753116674
ABANDONED,,,3017,4399,1219,0.5498841118873096
ABANDONED,,,3681,741,1859,0.6275641276885755
ABANDONED,,,433,3949,2521,0.4390750599616207
ABANDONED,,,2084,2215,122,0.7590576931444927
ABANDONED,,,3770,3098,4220,0.0734949714923277
ABANDONED,,,4234,444,429,0.380034792192839
ABANDONED,,,2238,4873,3981,0.6909942880855872
ABANDONED,,,276,1290,1503,0.0120767407906241
ABANDONED,,,3209,3395,2868,0.824865455518756
ABANDONED,,,2546,2053,4759,0.9969237541441804
ABANDONED,,,782,2634,891,0.1843656119444407
ABANDONED,,,1652,1204,3335,0.6135734607828781
ABANDONED,,,4978,4110,2276,0.3023529083529487
ABANDONED,,,4725,949,3831,0.7906090925054625
ABANDONED,,,1792,4361,511,0.1048625216176733
ABANDONED,,,766,1958,3067,0.6589325709001161
ABANDONED,,,2762,2734,1314,0.470625447158236
ABANDONED,,,3350,1547,670,0.3307715836831368
ABANDONED,,,23,3143,4931,0.5188214613889343
ABANDONED,,,2454,540,2409,0.2144915945718064
ABANDONED,,,4218,4773,3232,0.9004649274868891
ABANDONED,,,4059,2431,2043,0.5822049729170277
ABANDONED,,,1985,2886,3568,0.2708024765020236
ABANDONED,,,490,797,968,0.9653724292070603
ABANDONED,,,3502,3888,4682,0.1529981362429447
ABANDONED,,,2917,75,2789,0.0431403290295042
ABANDONED,,,1232,4612,1582,0.855745179637242
ABANDONED,,,1319,1707,4216,0.4109155284756794
ABANDONED,,,4567,3607,194,0.7220569832382723
ABANDONED,,,4589,2245,4322,0.2757022329692728
ABANDONED,,,1263,3069,69,0.5890414240100421
ABANDONED,,,1176,750,2585,0.1442105820668861
ABANDONED,,,2940,3938,1766,0.9546196016469968
ABANDONED,,,3446,260,1155,0.8450077354868873
ABANDONED,,,512,4424,4477,0.0343376593695953
ABANDONED,,,2007,1758,1915,0.7289088028562255
ABANDONED,,,4003,3559,3676,0.4158001843438483
ABANDONED,,,4157,1213,2223,0.0980270064045675
ABANDONED,,,2471,4099,3437,0.7857083666675723
ABANDONED,,,40,2083,798,0.4813792143194005
ABANDONED,,,3289,2606,4823,0.6677191594267264
ABANDONED,,,2779,1284,2962,0.5276231951689347
ABANDONED,,,705,3409,1439,0.3415099972041323
ABANDONED,,,1731,411,4034,0.8955793320176191
ABANDONED,,,4743,4899,328,0.2076407406033016
ABANDONED,,,4961,472,3128,0.6978450285577215
ABANDONED,,,1713,4842,2464,0.3849202592809684
ABANDONED,,,843,1497,4868,0.8141269173378125
ABANDONED,,,2529,3190,762,0.0032748972354456
ABANDONED,,,3270,2023,1377,0.175579136914201
ABANDONED,,,259,2662,2975,0.9861701153641566
ABANDONED,,,2221,1001,614,0.3072537588507868
ABANDONED,,,4295,4316,3776,0.620409085771162
ABANDONED,,,3826,1658,248,0.9264601948210038
ABANDONED,,,2062,3655,4113,0.238703547391761
ABANDONED,,,411,8,1675,0.5586868950435891
ABANDONED,,,3737,4682,2726,0.3723898478431627
ABANDONED,,,2995,849,4590,0.449827762861736
ABANDONED,,,999,3843,1031,0.636351572089456
ABANDONED,,,1555,2496,3514,0.0666584069029428
ABANDONED,,,4488,2814,2146,0.754157808296103
ABANDONED,,,4418,673,916,0.6017998812865466
ABANDONED,,,1416,4017,4705,0.2907184121467172
ABANDONED,,,1034,2322,2340,0.9696665048501452
ABANDONED,,,3099,2990,3321,0.1569997633690945
ABANDONED,,,3608,1832,3917,0.0161568590297363
ABANDONED,,,370,3477,444,0.8285931024062447
ABANDONED,,,2157,186,2844,0.3993548272375017
ABANDONED,,,3832,4506,1557,0.7106972784906626
ABANDONED,,,4298,2160,2546,0.7709396449293942
ABANDONED,,,2312,2527,1806,0.0850282624267041
ABANDONED,,,212,1136,4283,0.6546901714569889
ABANDONED,,,3135,4179,107,0.466580248589348
ABANDONED,,,2630,337,1954,0.3576847938477061
ABANDONED,,,875,4981,3638,0.5460519032123498
ABANDONED,,,1568,1358,1194,0.2260996926385909
ABANDONED,,,4885,3327,4437,0.9117843726530672
ABANDONED,,,4788,1420,1636,0.4303575739793479
ABANDONED,,,1865,3270,2764,0.7416381120320409
ABANDONED,,,703,550,209,0.047098704735469
ABANDONED,,,2689,4763,4153,0.859594956061896
ABANDONED,,,3432,1076,3553,0.9382369224461726
ABANDONED,,,115,4234,2106,0.1255101581304333
ABANDONED,,,2372,1948,4629,0.5703093829616904
ABANDONED,,,4126,2744,993,0.2592898419070988
ABANDONED,,,3966,85,4985,0.1951579213567078
ABANDONED,,,1901,4602,646,0.8807825934212655
ABANDONED,,,583,1580,3246,0.3266820024515502
ABANDONED,,,3586,3734,2346,0.5151110250166617
ABANDONED,,,2844,2421,497,0.6861807144361548
ABANDONED,,,1168,2896,3894,0.4980088634832762
ABANDONED,,,1393,924,1260,0.8023691529095172
ABANDONED,,,4631,3761,3091,0.1165177932415157
ABANDONED,,,4648,932,4691,0.71303770947624
ABANDONED,,,1400,3760,900,0.4018805438390001
ABANDONED,,,1156,2403,3306,0.8311188152865506
ABANDONED,,,2842,2907,2326,0.0184972862941212
ABANDONED,,,3582,1565,439,0.158610345710162
ABANDONED,,,571,3748,3912,0.9709708181654104
ABANDONED,,,1909,91,1551,0.2920227291831746
ABANDONED,,,3983,4599,2840,0.6034104673488065
ABANDONED,,,4138,1940,1810,0.909491591537185
ABANDONED,,,2374,2745,2552,0.2235035003727301
ABANDONED,,,99,1094,112,0.5434557072252966
ABANDONED,,,3425,4223,4288,0.3553920090106315
ABANDONED,,,2682,565,3652,0.4650210894071497
ABANDONED,,,685,4750,1969,0.6533115347643382
ABANDONED,,,1868,1414,4452,0.083649629455246
ABANDONED,,,4801,3273,1208,0.7693804894683882
ABANDONED,,,4902,1357,2760,0.2606552609240636
ABANDONED,,,1576,3335,1630,0.5718591349693015
ABANDONED,,,863,348,4148,0.127059906416852
ABANDONED,,,2626,4962,204,0.9396023377419448
ABANDONED,,,3134,1149,2092,0.8621815029968507
ABANDONED,,,200,4163,3538,0.0493780300193466
ABANDONED,,,2319,2157,978,0.7439174410371109
ABANDONED,,,4315,2533,4615,0.4329441246354952
ABANDONED,,,3845,187,660,0.1152000240942463
ABANDONED,,,2159,4498,5000,0.8007489252375439
ABANDONED,,,352,1821,2361,0.4963886320901103
ABANDONED,,,3601,3496,3260,0.6848629415676928
ABANDONED,,,3092,2309,3899,0.512575901240576
ABANDONED,,,1018,3006,502,0.3243283537902869
ABANDONED,,,1418,676,3097,0.8784289484811946
ABANDONED,,,4429,4011,1264,0.1926228013018146
ABANDONED,,,4476,2485,73,0.4142428150552324
ABANDONED,,,1553,2832,4328,0.727535766558256
ABANDONED,,,1015,851,1771,0.0329646193504333
ABANDONED,,,3001,3834,2590,0.843450362477079
ABANDONED,,,3746,12,4491,0.9523326516397296
ABANDONED,,,429,4676,1170,0.1416164104085415
ABANDONED,,,2059,1644,3691,0.58644725607289
ABANDONED,,,3813,3671,1929,0.273415286683198
ABANDONED,,,4279,1012,3423,0.2092533509942702
ABANDONED,,,2214,4298,2208,0.8968894838838837
ABANDONED,,,270,2021,4808,0.3428201453492045
ABANDONED,,,3273,2671,784,0.5292358018387108
ABANDONED,,,2532,1493,1434,0.6700651833645999
ABANDONED,,,856,3196,2956,0.4839067133720963
ABANDONED,,,1705,486,322,0.7882358694414608
ABANDONED,,,4943,4826,4030,0.1003730340636335
ABANDONED,,,4730,429,2478,0.6178757518886588
ABANDONED,,,1728,4888,3144,0.3049057105842046
ABANDONED,,,723,1275,778,0.983822063376382
ABANDONED,,,2787,3410,4882,0.1730457993105053
ABANDONED,,,3295,2077,2980,0.001962959196791
ABANDONED,,,57,2610,1382,0.8125087102733553
ABANDONED,,,2470,1229,3782,0.3833020559377036
ABANDONED,,,4146,4086,618,0.6965330942402593
ABANDONED,,,3985,1740,4109,0.756746383280959
ABANDONED,,,1999,3570,242,0.0689435707378201
ABANDONED,,,525,269,2721,0.6386367322031408
ABANDONED,,,3449,4423,1670,0.4524163341253996
ABANDONED,,,2942,756,1017,0.3737608598124235
ABANDONED,,,1187,3934,4575,0.5602384295023977
ABANDONED,,,1256,2229,2131,0.2402550855717621
ABANDONED,,,4573,3083,3500,0.9278312105114572
ABANDONED,,,4556,1711,2023,0.0718780742876231
ABANDONED,,,1317,3601,3627,0.7577442070897668
ABANDONED,,,1248,62,1223,0.4377615776280872
ABANDONED,,,2924,4628,4389,0.6259472342050633
ABANDONED,,,3509,786,2537,0.5475338011357
ABANDONED,,,508,3906,1873,0.3591214420705102
ABANDONED,,,1982,2432,4234,0.928813889066875
ABANDONED,,,4046,2878,137,0.2432049427617341
ABANDONED,,,4202,536,3966,0.3039069434531033
ABANDONED,,,2448,4779,415,0.6149422102671115
ABANDONED,,,35,1560,2854,0.1857343651498667
ABANDONED,,,3351,3127,1487,0.9984777929655276
ABANDONED,,,2765,1969,886,0.8271490713375621
ABANDONED,,,779,2716,4755,0.0146666256352327
ABANDONED,,,1784,948,2272,0.6935841692090035
ABANDONED,,,4708,4369,3330,0.3823184042904526
ABANDONED,,,4965,1198,526,0.8978730183135718
ABANDONED,,,1649,4114,3845,0.2122021439231931
ABANDONED,,,800,2069,1328,0.5165320144615136
ABANDONED,,,2554,2621,3083,0.328179678231012
ABANDONED,,,3216,1308,4936,0.4692511010005138
ABANDONED,,,292,3384,674,0.6573767496275715
ABANDONED,,,2236,436,3236,0.1033066966239362
ABANDONED,,,4223,4874,2415,0.7892347426265478
ABANDONED,,,3752,2221,3563,0.7245860303070396
ABANDONED,,,2076,3094,2039,0.4132602425538003
ABANDONED,,,445,725,4678,0.8580898974365555
ABANDONED,,,3684,3962,963,0.0456693798194639
ABANDONED,,,3018,275,1567,0.1543057874678634
ABANDONED,,,954,4410,2775,0.9669873020830564
ABANDONED,,,1492,1772,179,0.272417345656827
ABANDONED,,,4493,3545,4201,0.5835126204207539
ABANDONED,,,4412,139,2893,0.8075693007790483
ABANDONED,,,1479,4549,1449,0.1200551262517459
ABANDONED,,,1079,1634,4005,0.6741550064736977
ABANDONED,,,3075,3680,375,0.4876173916218802
ABANDONED,,,3662,2358,2232,0.3155722436906769
ABANDONED,,,335,2959,3370,0.5018526273911817
ABANDONED,,,2143,860,847,0.1974930487127043
ABANDONED,,,3907,3825,4793,0.8852339703825302
ABANDONED,,,4371,1484,1106,0.5670049686917104
ABANDONED,,,2297,3206,4505,0.2538339160119183
ABANDONED,,,178,613,1905,0.948374517811276
ABANDONED,,,3190,4699,3745,0.1377668758613988
ABANDONED,,,2605,1022,4352,0.0601003679888322
ABANDONED,,,919,4288,19,0.8709385824671015
ABANDONED,,,1632,1894,2654,0.4261381631330586
ABANDONED,,,4881,2797,1757,0.7390481592756695
ABANDONED,,,4823,2146,4560,0.2283728919093497
ABANDONED,,,1812,2541,1081,0.9162976776995696
ABANDONED,,,629,1121,3446,0.3466350579215213
ABANDONED,,,2704,4194,2155,0.5327334827521815
ABANDONED,,,3369,361,296,0.6426044555446133
ABANDONED,,,121,4956,4085,0.4562487846778705
ABANDONED,,,2396,1383,1685,0.7762017059993929
ABANDONED,,,4082,3302,2657,0.0885036822364665
ABANDONED,,,3922,648,1367,0.395075393556524
ABANDONED,,,1927,4042,3043,0.7081673485689796
ABANDONED,,,588,2298,565,0.0292204503683373
ABANDONED,,,3521,3014,3807,0.8398748007262125
ABANDONED,,,2859,1847,3197,0.9797421870147808
ABANDONED,,,1095,3463,2453,0.1693183943005278
ABANDONED,,,1339,201,4897,0.598555474966485
ABANDONED,,,4665,4492,714,0.2852024783016182
ABANDONED,,,4673,1995,3208,0.5404679999260232
ABANDONED,,,1350,2694,2384,0.3520389699185266
ABANDONED,,,1126,989,4945,0.9061395627488382
ABANDONED,,,2887,4324,687,0.2205148981266654
ABANDONED,,,3552,499,1298,0.0794435274538584
ABANDONED,,,616,4811,3054,0.7652948945642449
ABANDONED,,,1935,1509,537,0.4609346032774075
ABANDONED,,,3933,3184,3854,0.6491064467879011
ABANDONED,,,4090,838,171,0.8342265403462574
ABANDONED,,,2407,3850,4191,0.0217302815774455
ABANDONED,,,151,2469,1596,0.7162696907346136
ABANDONED,,,3398,2845,2805,0.4049891601243056
ABANDONED,,,2734,1670,4666,0.2963526854944415
ABANDONED,,,658,3647,955,0.607372233991418
ABANDONED,,,1820,35,3594,0.1625730072995647
ABANDONED,,,4834,4649,2066,0.975299764172919
ABANDONED,,,4850,252,4246,0.4919372160563245
ABANDONED,,,1604,4437,145,0.6800471463663503
ABANDONED,,,910,1726,2506,0.1103852391966618
ABANDONED,,,2594,3587,1846,0.7962966142569669
ABANDONED,,,3181,2252,1232,0.8747101143077947
ABANDONED,,,168,3058,4399,0.1890254268509335
ABANDONED,,,2267,781,1994,0.5089776355640963
ABANDONED,,,4343,3912,3598,0.3206105336418375
ABANDONED,,,3876,1253,2302,0.131631340211071
ABANDONED,,,2115,3435,3358,0.9442980891345067
ABANDONED,,,327,404,875,0.2653499982916749
ABANDONED,,,3650,4910,4745,0.5764314599891192
ABANDONED,,,3067,1245,2882,0.7477601295203901
ABANDONED,,,1068,4072,1519,0.4364176708248443
ABANDONED,,,1448,2091,3958,0.8656559441329911
ABANDONED,,,4384,2593,404,0.0532197081988677
ABANDONED,,,4524,1068,1712,0.339221345681604
ABANDONED,,,1520,4247,2688,0.5255184003244154
ABANDONED,,,963,1916,288,0.205535050811991
ABANDONED,,,3030,2771,4073,0.8932916907988488
ABANDONED,,,3693,1427,3476,0.7834205468315631
ABANDONED,,,457,3258,2184,0.0959211379960179
ABANDONED,,,2107,581,4550,0.6656143050431274
ABANDONED,,,3780,4737,1071,0.4790905032577924
ABANDONED,,,4253,2390,4906,0.0364395981988869
ABANDONED,,,2265,2922,725,0.8472916257436386
ABANDONED,,,301,917,3169,0.4180849658261984
ABANDONED,,,3227,3773,2423,0.7310097276605665
ABANDONED,,,2563,117,576,0.5911425274316221
ABANDONED,,,811,4575,3814,0.2779871930688619
ABANDONED,,,1679,1588,1336,0.956903551442828
ABANDONED,,,4994,3721,3015,0.1463125804352573
ABANDONED,,,4699,1805,836,0.6345506647075526
ABANDONED,,,1773,3510,4785,0.4482107121578417
ABANDONED,,,749,173,2263,0.7525398626454175
ABANDONED,,,2737,4514,3397,0.0648585098247975
ABANDONED,,,3321,699,3996,0.2369034716963767
ABANDONED,,,7,3986,365,0.9248420705530792
ABANDONED,,,2439,2334,2921,0.3707727376001886
ABANDONED,,,4191,2984,1479,0.5568859281226061
ABANDONED,,,4038,325,2623,0.9877843100528232
ABANDONED,,,1971,4987,1728,0.1773752830303274
ABANDONED,,,477,1332,4363,0.6222061231128871
ABANDONED,,,3482,3358,28,0.3088669395145028
ABANDONED,,,2894,2173,1878,0.3865336185619234
ABANDONED,,,1220,2519,3714,0.6996422445166856
ABANDONED,,,1309,1163,1114,0.0050711028906516
ABANDONED,,,4545,4146,4517,0.8157411715655588
ABANDONED,,,4601,586,1008,0.1822608747784048
ABANDONED,,,1287,4723,4642,0.9946351603001355
ABANDONED,,,1198,1460,2081,0.3000652094556949
ABANDONED,,,2950,3233,3530,0.6114677133130841
ABANDONED,,,3460,1907,4176,0.6888884810767136
ABANDONED,,,533,2782,234,0.3777470337565057
ABANDONED,,,2027,1037,2751,0.8225766830574721
ABANDONED,,,4016,4275,1620,0.0099718250073492
ABANDONED,,,4174,1622,3108,0.4413588888186961
ABANDONED,,,2500,3696,1273,0.6296660051181912
ABANDONED,,,68,123,3868,0.0755959576963447
ABANDONED,,,3304,4561,473,0.7613425360265188
ABANDONED,,,2798,887,2369,0.9336296284503304
ABANDONED,,,731,3801,3272,0.2476563029776327
ABANDONED,,,1756,2382,632,0.5519861679341644
ABANDONED,,,4760,2933,4969,0.3639362827859818
ABANDONED,,,4932,2281,1543,0.8541281866118312
ABANDONED,,,1696,3029,2828,0.0413394793260842
ABANDONED,,,828,634,467,0.7202570284816436
ABANDONED,,,2501,4058,3943,0.4092975251465104
ABANDONED,,,3244,223,3295,0.2691844136337749
ABANDONED,,,240,4466,2316,0.5804049586213192
ABANDONED,,,2204,1872,4721,0.1511971079222857
ABANDONED,,,4270,3440,929,0.9637552575644106
ABANDONED,,,3802,1099,4424,0.5206175461053847
ABANDONED,,,2050,4219,1178,0.3323857169721275
ABANDONED,,,401,2121,3661,0.9020781695502808
ABANDONED,,,3715,2564,1980,0.2162886933132074
ABANDONED,,,2973,1399,81,0.1066596798981539
ABANDONED,,,984,3288,4260,0.792222394107934
ABANDONED,,,1542,375,1821,0.4722397590644657
ABANDONED,,,4468,4939,2559,0.6607288342338055
ABANDONED,,,4441,1534,3751,0.9452654233527368
ABANDONED,,,1426,3151,591,0.1345353690550662
ABANDONED,,,1046,512,2991,0.5637724515816197
ABANDONED,,,3123,4805,1390,0.2507257165001705
ABANDONED,,,3629,960,749,0.4218087426735088
ABANDONED,,,383,4354,4853,0.7350859758595004
ABANDONED,,,2171,1984,2487,0.0561390757982619
ABANDONED,,,3854,2703,3154,0.8666081479826011
ABANDONED,,,4326,49,2120,0.6771440831718035
ABANDONED,,,2328,4643,3491,0.4909689422369934
ABANDONED,,,229,1696,1047,0.8109218654191122
ABANDONED,,,3164,3614,4604,0.123043311724253
ABANDONED,,,2655,2459,2713,0.2016986148623749
ABANDONED,,,893,2854,1658,0.8893199820602312
ABANDONED,,,1587,810,4137,0.3196573604215867
ABANDONED,,,4911,3880,274,0.5060592038446105
ABANDONED,,,4773,709,3700,0.0246485998005606
ABANDONED,,,1838,3976,1941,0.8351795851853676
ABANDONED,,,675,2207,4463,0.390379167711921
ABANDONED,,,2673,3110,1138,0.7035963929479941
ABANDONED,,,3415,1795,1782,0.5947142749601974
ABANDONED,,,90,3519,2599,0.2817275627134367
ABANDONED,,,2346,300,43,0.976268162652198
ABANDONED,,,4108,4387,4299,0.1654761802692897
ABANDONED,,,3956,2046,350,0.3510868907288647
ABANDONED,,,1879,2646,4060,0.5375487421018071
ABANDONED,,,560,1173,1426,0.2331891652839258
ABANDONED,,,3574,4137,2946,0.9207486192813144
ABANDONED,,,2831,452,4839,0.7799190516958013
ABANDONED,,,1148,4860,811,0.0921024260861799
ABANDONED,,,1372,1322,3412,0.6462023044475353
ABANDONED,,,4617,3368,2200,0.4599671406780369
ABANDONED,,,4612,461,3519,0.3602043844360858
ABANDONED,,,1373,4851,2072,0.5464852667763828
ABANDONED,,,1149,1312,4634,0.2421256918190978
ABANDONED,,,2825,3378,998,0.9298661148491316
ABANDONED,,,3565,2036,1611,0.7585546074575744
ABANDONED,,,564,2656,2740,0.0710408869157545
ABANDONED,,,1883,1182,223,0.6251407634165138
ABANDONED,,,3947,4127,4168,0.4386026945792138
ABANDONED,,,4106,1786,482,0.0154758370820432
ABANDONED,,,2352,3529,3880,0.8263135380357503
ABANDONED,,,97,310,1284,0.3815131224229
ABANDONED,,,3413,4377,3116,0.694423632090073
ABANDONED,,,2670,719,4980,0.6160272941789589
ABANDONED,,,683,3966,641,0.3028558023984543
ABANDONED,,,1846,2198,3280,0.9973964004766196
ABANDONED,,,4770,3120,2380,0.1867891976274549
ABANDONED,,,4905,2448,3932,0.6565091843008996
ABANDONED,,,1589,2864,458,0.4701530743334442
ABANDONED,,,895,819,2819,0.7901059993761591
ABANDONED,,,2648,3871,1532,0.1024084147139452
ABANDONED,,,3156,58,921,0.211062051483523
ABANDONED,,,232,4634,4710,0.8989863237491807
ABANDONED,,,2331,1686,2306,0.3293237002499401
ABANDONED,,,4318,3624,3287,0.5154226386051624
ABANDONED,,,3853,971,1988,0.9658450532123444
ABANDONED,,,2177,4344,3672,0.155421714483574
ABANDONED,,,389,1975,1189,0.5846587988707236
ABANDONED,,,3628,2712,4432,0.2713053482203744
ABANDONED,,,3119,1525,2571,0.4123938810328953
ABANDONED,,,1055,3160,1830,0.7254863346851431
ABANDONED,,,1435,523,4269,0.0465394327633082
ABANDONED,,,4437,4795,92,0.8571932844813913
ABANDONED,,,4469,1389,1401,0.5029092776712961
ABANDONED,,,1536,3299,3000,0.314496419966314
ABANDONED,,,979,384,599,0.8841888706838711
ABANDONED,,,2974,4930,3762,0.1985804230185225
ABANDONED,,,3718,1108,3163,0.1209003923324868
ABANDONED,,,392,4209,2498,0.806766071149148
ABANDONED,,,2042,2110,4863,0.4867834379662759
ABANDONED,,,3806,2574,757,0.6749695485287345
ABANDONED,,,4276,233,4595,0.8717812195253558
ABANDONED,,,2202,4456,1036,0.0592992873475886
ABANDONED,,,239,1863,3480,0.7382168346425518
ABANDONED,,,3250,3449,2112,0.4269505561994388
ABANDONED,,,2510,2272,262,0.2548922426892444
ABANDONED,,,824,3038,4128,0.5659279486039653
ABANDONED,,,1693,645,1650,0.1367200997655279
ABANDONED,,,4941,4048,2702,0.9494630884804764
ABANDONED,,,4762,896,1150,0.4553539895252324
ABANDONED,,,1750,3792,4472,0.6434800772530027
ABANDONED,,,725,2371,1949,0.0894100279705598
ABANDONED,,,2799,2943,3710,0.7753376348724588
ABANDONED,,,3307,1611,4308,0.915191483462788
ABANDONED,,,59,3706,54,0.2295211225969716
ABANDONED,,,2492,132,2610,0.5338509894140995
ABANDONED,,,4177,4552,1790,0.3454981396590359
ABANDONED,,,4022,1898,2937,0.1682105385513044
ABANDONED,,,2026,2791,1414,0.980891599181015
ABANDONED,,,532,1048,4049,0.2863216464759781
ABANDONED,,,3466,4265,342,0.5974173752253875
ABANDONED,,,2959,597,2189,0.7072751675540581
ABANDONED,,,1194,4713,3403,0.3959488811610266
ABANDONED,,,1283,1451,803,0.8407785323225891
ABANDONED,,,4610,3242,4828,0.0283585133452899
ABANDONED,,,4549,2182,695,0.9701388981414958
ABANDONED,,,1300,2510,4955,0.1594230960110202
ABANDONED,,,1212,1153,2395,0.6042539379541761
ABANDONED,,,2898,4157,3217,0.2912215294637717
ABANDONED,,,3483,315,3865,0.4008334105086512
ABANDONED,,,472,4998,545,0.7141268755362368
ABANDONED,,,1965,1341,3063,0.0195557320496067
ABANDONED,,,4039,3349,1309,0.8300409616516902
ABANDONED,,,4199,690,2794,0.6522665541438386
ABANDONED,,,2436,3995,1587,0.4661076301658526
ABANDONED,,,3,2344,4182,0.7704367825140244
ABANDONED,,,3330,2973,159,0.0825744011216796
ABANDONED,,,2743,1815,2058,0.2226703802642412
ABANDONED,,,747,3499,3583,0.9103060145140623
ABANDONED,,,1772,164,944,0.3562366797005757
ABANDONED,,,4706,4523,4658,0.5426528348298743
ABANDONED,,,4997,107,1854,0.0504975554281845
ABANDONED,,,1671,4585,2517,0.8610428078649565
ABANDONED,,,802,1598,156,0.4318361498081125
ABANDONED,,,2566,3712,4255,0.7450676867504604
ABANDONED,,,3229,2399,3608,0.5727634619564748
ABANDONED,,,295,2913,2002,0.2597929666665382
ABANDONED,,,2258,907,4408,0.938709323179908
ABANDONED,,,4255,3783,1243,0.1279335130995139
ABANDONED,,,3789,1437,4735,0.3252338659772649
ABANDONED,,,2103,3248,867,0.5117119491918012
ABANDONED,,,453,571,3350,0.1917286015399731
ABANDONED,,,3702,4746,2291,0.879304212955106
ABANDONED,,,3035,1059,395,0.8018663128213026
ABANDONED,,,962,4256,3947,0.1140639393788762
ABANDONED,,,1519,1926,1507,0.6837571045653894
ABANDONED,,,4530,2761,2873,0.4975362673869356
ABANDONED,,,4376,1235,4065,0.1408117239317856
ABANDONED,,,1452,4083,277,0.9531717572863214
ABANDONED,,,1072,2100,2677,0.2742236645828932
ABANDONED,,,3058,2584,1703,0.5856118418492376
ABANDONED,,,3645,1262,1061,0.7264547313038259
ABANDONED,,,328,3426,4541,0.415297052142024
ABANDONED,,,2115,394,2175,0.8445353273107669
ABANDONED,,,3870,4921,3465,0.0319143118428997
ABANDONED,,,4339,2262,2434,0.4828273433513007
ABANDONED,,,2275,3047,3177,0.6711182426939718
ABANDONED,,,176,772,733,0.1014563336636871
ABANDONED,,,3178,3921,4917,0.7871867396913468
ABANDONED,,,2592,243,3024,0.8960821795482188
ABANDONED,,,916,4446,1347,0.2100945870235562
ABANDONED,,,1610,1736,3825,0.5300467975973152
ABANDONED,,,4849,3576,585,0.3419826007428579
ABANDONED,,,4826,1679,3388,0.813654531488847
ABANDONED,,,1824,3638,2253,0.000851557151135
ABANDONED,,,661,25,4774,0.6953909644477069
ABANDONED,,,2726,4660,827,0.384417149406299
ABANDONED,,,3391,827,1468,0.3057751681372523
ABANDONED,,,153,3860,2913,0.6169794961679727
ABANDONED,,,2408,2479,356,0.1721802713367156
ABANDONED,,,4084,2836,3985,0.984722248676326
ABANDONED,,,3929,489,39,0.5611105197991244
ABANDONED,,,1944,4820,4371,0.3728624588242732
ABANDONED,,,625,1519,1737,0.9269630497939884
ABANDONED,,,3548,3173,2635,0.2411574161391705
ABANDONED,,,2886,2006,4525,0.0700877118349075
ABANDONED,,,1132,2684,1125,0.7556361738774924
ABANDONED,,,1355,979,3725,0.4512758844512514
ABANDONED,,,4673,4333,1886,0.6397506330295466
ABANDONED,,,4661,1837,4380,0.3766964452989399
ABANDONED,,,1347,3473,1212,0.689973239384219
ABANDONED,,,1104,210,3617,0.0110263430441729
ABANDONED,,,2855,4482,2015,0.8214958543292246
ABANDONED,,,3520,657,126,0.9938000270265154
ABANDONED,,,594,4032,4225,0.1830694592042826
ABANDONED,,,1933,2287,1865,0.6123065380096435
ABANDONED,,,3921,3025,2526,0.2992603164527565
ABANDONED,,,4073,371,1499,0.2468185369603335
ABANDONED,,,2399,4946,2863,0.9344403581436724
ABANDONED,,,125,1373,424,0.3647777402262203
ABANDONED,,,3361,3312,3977,0.5511791296637617
ABANDONED,,,2697,2137,3338,0.6286170967790297
ABANDONED,,,631,2551,2283,0.4424424544840119
ABANDONED,,,1813,1132,4766,0.7623953739449381
ABANDONED,,,4817,4183,894,0.0745163216102868
ABANDONED,,,4877,1031,3074,0.5813048778560012
ABANDONED,,,1641,4279,1316,0.2683186642490327
ABANDONED,,,927,1884,3834,0.9628592679089866
ABANDONED,,,2601,2808,518,0.1520667868862859
ABANDONED,,,3189,1473,2404,0.0424548388599418
ABANDONED,,,185,3217,3227,0.8529862782302312
ABANDONED,,,2303,622,666,0.4081858570355921
ABANDONED,,,4370,4690,4926,0.7214026282861828
ABANDONED,,,3898,2349,974,0.7933360884081572
ABANDONED,,,2146,2968,4687,0.1055189492739737
ABANDONED,,,339,871,2047,0.6596188313565216
ABANDONED,,,3653,3814,3574,0.4733841811115853
ABANDONED,,,3069,149,4210,0.3332882540657184
ABANDONED,,,1080,4538,191,0.5197496663379482
ABANDONED,,,1480,1625,2786,0.2153900857988744
ABANDONED,,,4407,3690,1575,0.9029499788969754
ABANDONED,,,4502,284,384,0.7340083957322872
ABANDONED,,,1488,4401,4017,0.4228673875127919
ABANDONED,,,950,1762,1460,0.8676970405349507
ABANDONED,,,3027,3555,2901,0.0550917433841154
ABANDONED,,,3690,2210,4804,0.133733895828016
ABANDONED,,,445,3104,856,0.946108694874309
ABANDONED,,,2075,734,3378,0.2515387403086759
ABANDONED,,,3758,3953,2243,0.5629407306415029
ABANDONED,,,4226,1299,3734,0.8885173236333765
ABANDONED,,,2228,3393,1896,0.2025435441751964
ABANDONED,,,284,446,4497,0.5068734128529205
ABANDONED,,,3220,4864,1095,0.3188239816902205
ABANDONED,,,2555,1209,1748,0.4898934999348595
ABANDONED,,,793,4104,2642,0.6782001175945624
ABANDONED,,,1642,2060,8,0.1241300664515234
ABANDONED,,,4967,2630,4344,0.8098771434214898
ABANDONED,,,4716,1959,2164,0.2826014280189759
ABANDONED,,,1781,2726,3457,0.593821474366728
ABANDONED,,,775,957,1091,0.1646136273888871
ABANDONED,,,2773,4360,4568,0.977172275670804
ABANDONED,,,3358,545,2668,0.8363295722758397
ABANDONED,,,33,4770,1694,0.0235404110046103
ABANDONED,,,2446,1550,4093,0.7024579564389772
ABANDONED,,,4208,3137,307,0.3914989070893264
ABANDONED,,,4050,796,3795,0.0932502604668028
ABANDONED,,,1973,3896,556,0.778813488201145
ABANDONED,,,499,2423,3034,0.4588308568788692
ABANDONED,,,3513,2887,1356,0.6473194185236469
ABANDONED,,,2925,1702,706,0.5384238074919208
ABANDONED,,,1242,3610,4886,0.3501924174593761
ABANDONED,,,1311,72,2442,0.9198848663163371
ABANDONED,,,4557,4618,3189,0.234094950978551
ABANDONED,,,4579,745,2336,0.7661096989633515
ABANDONED,,,1255,3944,3314,0.0786097914880141
ABANDONED,,,1186,2238,909,0.6483029548139311
ABANDONED,,,2947,3074,4702,0.4617796516683884
ABANDONED,,,3458,1749,2848,0.3531260818802751
ABANDONED,,,521,3561,1562,0.5394226825376041
ABANDONED,,,1995,258,3923,0.2194393367463722
ABANDONED,,,3994,4434,448,0.9071964307187124
ABANDONED,,,4147,2088,4279,0.6084610074656083
ABANDONED,,,2463,2600,102,0.2953061866274103
ABANDONED,,,51,1220,2540,0.974222541280184
ABANDONED,,,3297,4095,1801,0.1636310567480511
ABANDONED,,,2791,420,1197,0.0225424718388356
ABANDONED,,,715,4897,4444,0.8333949384842999
ABANDONED,,,1720,1286,1961,0.4041882822880521
ABANDONED,,,4733,3400,3641,0.7171126050217077
ABANDONED,,,4950,1503,215,0.1878887858172878
ABANDONED,,,1704,3187,4156,0.8758278237747028
ABANDONED,,,855,475,1639,0.3217584871006198
ABANDONED,,,2538,4837,2771,0.5078712385223247
ABANDONED,,,3281,1002,4623,0.6791827980105763
ABANDONED,,,267,4308,988,0.4928433589854277
ABANDONED,,,2211,2031,3549,0.7971725131941959
ABANDONED,,,4287,2661,2101,0.1094906468490138
ABANDONED,,,3814,2,3252,0.435555951491557
ABANDONED,,,2053,4685,2350,0.7486641234608366
ABANDONED,,,423,1654,4989,0.0540929781136103
ABANDONED,,,3746,3660,651,0.8647635007739998
ABANDONED,,,3005,2495,1253,0.9431597717036492
ABANDONED,,,1007,2822,3089,0.1327502460413612
ABANDONED,,,1544,841,493,0.5775810898451134
ABANDONED,,,4480,3843,3887,0.2642424048865213
ABANDONED,,,4428,2318,2579,0.0967620000454597
ABANDONED,,,1424,2997,1763,0.7826138657956384
ABANDONED,,,1024,666,4319,0.4782535707876086
ABANDONED,,,3091,4021,62,0.66642491565831
ABANDONED,,,3597,177,1921,0.5265708810083568
ABANDONED,,,361,4508,3681,0.3381423049863427
ABANDONED,,,2168,1830,1159,0.8922429015378467
ABANDONED,,,3842,3487,4482,0.2066177829301915
ABANDONED,,,4308,1140,792,0.2790418301838449
ABANDONED,,,2320,4172,4819,0.5900608651562593
ABANDONED,,,202,2167,2219,0.1452616347432136
ABANDONED,,,3127,2523,3432,0.95798890514113
ABANDONED,,,2618,1367,4041,0.8481312839873135
ABANDONED,,,866,3325,330,0.0356345861177891
ABANDONED,,,1580,339,2965,0.7301739989961497
ABANDONED,,,4894,4971,1446,0.4188939074865542
ABANDONED,,,4800,555,4872,0.9237324249102734
ABANDONED,,,1874,4760,769,0.2380472983526997
ABANDONED,,,692,1423,3135,0.5579995033446699
ABANDONED,,,2680,3264,2467,0.3696328405231237
ABANDONED,,,3422,1949,610,0.4473127000343054
ABANDONED,,,107,2736,3771,0.6354221168197691
ABANDONED,,,2382,1084,1371,0.0657602133712731
ABANDONED,,,4134,4233,2971,0.7516721019561402
ABANDONED,,,3977,1575,1679,0.6987454213141464
ABANDONED,,,1910,3737,2731,0.387403416604083
ABANDONED,,,572,82,254,0.8166416861910372
ABANDONED,,,3576,4608,4118,0.0042049962714314
ABANDONED,,,2833,923,3511,0.1762634958412498
ABANDONED,,,1160,3769,2139,0.9889307434044778
ABANDONED,,,1403,2413,4583,0.3099826562828384
ABANDONED,,,4639,2897,1028,0.6210636193404905
ABANDONED,,,4638,2412,1777,0.2040869459678418
ABANDONED,,,1392,2905,2594,0.8898925870650448
ABANDONED,,,1166,934,77,0.3357919942347332
ABANDONED,,,2850,3751,4333,0.5240400477671995
ABANDONED,,,3594,95,3685,0.6651114333247766
ABANDONED,,,580,4592,1927,0.4766366773040965
ABANDONED,,,1898,1571,4487,0.7809969685909338
ABANDONED,,,3974,3743,1163,0.0954485139907337
ABANDONED,,,4127,1085,4815,0.4214837886099703
ABANDONED,,,2366,4225,787,0.7324576110937632
ABANDONED,,,110,1938,3426,0.0379182019365951
ABANDONED,,,3433,2754,2215,0.850721168831922
ABANDONED,,,2693,1410,316,0.959357658346556
ABANDONED,,,695,3280,4025,0.1468156735645607
ABANDONED,,,1856,559,1430,0.591614900256414
ABANDONED,,,4792,4754,2951,0.2804105796680785
ABANDONED,,,4891,347,774,0.7501162769624032
ABANDONED,,,1567,4970,4877,0.0643858634923584
ABANDONED,,,874,1349,2472,0.6340477706620469
ABANDONED,,,2635,3336,3139,0.4457568787617608
ABANDONED,,,3144,2151,3785,0.3673433935957029
ABANDONED,,,208,2536,625,0.5554075978925451
ABANDONED,,,2308,1146,2986,0.2354553891793824
ABANDONED,,,4307,4168,1385,0.92144297426166
ABANDONED,,,3834,1822,2717,0.622678488495294
ABANDONED,,,2150,3488,1663,0.3112903037865646
ABANDONED,,,364,195,4102,0.9902383946293964
ABANDONED,,,3610,4497,239,0.1778783687172457
ABANDONED,,,3102,682,2135,0.0065497140707448
ABANDONED,,,1026,4008,3505,0.819170736980997
ABANDONED,,,1408,2312,1023,0.3899324636728502
ABANDONED,,,4421,3001,4579,0.7010901353922672
ABANDONED,,,4487,860,3309,0.9085631558742374
ABANDONED,,,1561,3833,2331,0.2209875370167195
ABANDONED,,,1005,2487,4697,0.5409708865291439
ABANDONED,,,2993,2823,905,0.3544928107569925
ABANDONED,,,3734,1648,1548,0.4643639398395083
ABANDONED,,,419,3664,2833,0.6505847844603471
ABANDONED,,,2070,18,433,0.0808916174132376
ABANDONED,,,3822,4671,3909,0.7686939834132791
ABANDONED,,,4289,2012,116,0.7157973327945917
ABANDONED,,,2222,2672,4295,0.4025657884098589
ABANDONED,,,260,1011,1816,0.8317724483272992
ABANDONED,,,3265,4307,2554,0.0212272033329121
ABANDONED,,,2520,482,4448,0.1610943886770866
ABANDONED,,,847,4833,1203,0.9718702061998656
ABANDONED,,,1717,1487,3646,0.2929538478258997
ABANDONED,,,4953,3201,1965,0.6059243356734513
ABANDONED,,,4742,1275,4142,0.1118333365984261
ABANDONED,,,1737,3418,200,0.7996957254331559
ABANDONED,,,711,421,2756,0.4953665749455802
ABANDONED,,,2778,4888,1625,0.6815254914811812
ABANDONED,,,3285,1223,984,0.509480514724832
ABANDONED,,,49,4089,4617,0.3230643521531484
ABANDONED,,,2480,2074,2096,0.877133685106039
ABANDONED,,,4154,2615,3545,0.1894980582986026
ABANDONED,,,3997,270,2354,0.2619511680655181
ABANDONED,,,2008,4415,3257,0.5749835839983076
ABANDONED,,,514,1748,657,0.1301527439157478
ABANDONED,,,3440,3570,4993,0.9408685386038383
ABANDONED,,,2931,2235,3103,0.863201844671648
ABANDONED,,,1179,3080,1269,0.0527166076271794
ABANDONED,,,1267,759,3903,0.7472877492532133
ABANDONED,,,4581,3929,507,0.4339942916680127
ABANDONED,,,4564,66,4011,0.5642450476779602
ABANDONED,,,1328,4621,380,0.2531493263709359
ABANDONED,,,1240,1718,2897,0.9477192772153764
ABANDONED,,,2914,3597,1454,0.1350382091432809
ABANDONED,,,3500,2442,841,0.0576174562644213
ABANDONED,,,496,2876,4790,0.8700374677993356
ABANDONED,,,1991,788,2229,0.4252078184983693
ABANDONED,,,4058,3897,3363,0.7365341123337857
ABANDONED,,,4210,1556,1912,0.8084985104500316
ABANDONED,,,2458,3134,3748,0.1225709109905175
ABANDONED,,,27,529,1109,0.676640958412364
ABANDONED,,,3341,4783,4512,0.4885148632422089
ABANDONED,,,2756,938,2648,0.3162277857031672
ABANDONED,,,767,4371,1752,0.504580628015846
ABANDONED,,,1793,1967,4348,0.2002507630593143
ABANDONED,,,4719,2725,14,0.8859211313675158
ABANDONED,,,4974,2063,3442,0.3937782360943965
ABANDONED,,,1660,2624,2150,0.7050445070951245
ABANDONED,,,791,1195,4555,0.0261269579395651
ABANDONED,,,2542,4120,1076,0.8386088975597173
ABANDONED,,,3208,435,1688,0.9787220239572229
ABANDONED,,,282,4882,2664,0.1659790426846593
ABANDONED,,,2244,1300,303,0.5951868933836929
ABANDONED,,,4233,3385,4087,0.284151180026587
ABANDONED,,,3761,730,562,0.2317413060384802
ABANDONED,,,2087,3959,3800,0.917349746261444
ABANDONED,,,436,2224,1361,0.3476572936832904
ABANDONED,,,3673,3089,3040,0.5360701588306575
ABANDONED,,,3010,1773,4901,0.645699187130481
ABANDONED,,,944,3537,720,0.4575130840104073
ABANDONED,,,1500,283,3203,0.7774957190538756
ABANDONED,,,4504,4409,2458,0.0916300327948294
ABANDONED,,,4404,1639,1227,0.2966661485156044
ABANDONED,,,1469,3674,4394,0.6100195917235687
ABANDONED,,,1087,145,2029,0.1807825091970153
ABANDONED,,,3085,4544,3632,0.9912058553681709
ABANDONED,,,3671,870,4231,0.8201228143100626
ABANDONED,,,347,3823,130,0.0094689700343646
ABANDONED,,,2133,2360,2530,0.6884158700956031
ABANDONED,,,3895,2950,1871,0.3753234090009704
ABANDONED,,,4363,609,2857,0.0770438243841752
ABANDONED,,,2286,4706,1494,0.7647414016040041
ABANDONED,,,186,1477,3972,0.4447884784218855
ABANDONED,,,3201,3211,418,0.6311445958317257
COMPLETED,0.05,871.0,2962,3612,2113,0.3969778299540281
COMPLETED,0.0599999999999999,107.0,513,1736,4776,0.9267875109114684
COMPLETED,0.04,632.0,2401,4888,768,0.0556013504608534
COMPLETED,0.0599999999999999,94.0,4826,517,3749,0.5266426432750188
COMPLETED,0.1,1752.0,4032,4226,3764,0.6487475852184929
COMPLETED,0.0599999999999999,98.0,1320,1102,1720,0.1833201280326582
COMPLETED,0.08,2053.0,687,3027,2730,0.8027390943295322
COMPLETED,0.07,661.0,3414,2399,380,0.2712175280778668
COMPLETED,0.0599999999999999,785.0,3520,4519,2995,0.204496800898388
COMPLETED,0.25,1318.0,1130,145,39,0.7362612865950912
COMPLETED,0.0599999999999999,100.0,1748,3242,4107,0.3744000099720433
COMPLETED,0.0599999999999999,102.0,4153,1363,1457,0.8395845477128401
COMPLETED,0.08,570.0,4648,2655,1052,0.9674319296967238
COMPLETED,0.0599999999999999,138.0,1878,2029,3389,0.4961477174375206
COMPLETED,0.05,798.0,14,3853,2476,0.61038762510214
COMPLETED,0.0599999999999999,99.0,2761,732,4494,0.0808208607988432
COMPLETED,0.05,723.0,2560,4036,188,0.7666952946511097
COMPLETED,0.0599999999999999,95.0,292,912,2837,0.2995559549619443
COMPLETED,0.04,998.0,2154,2739,1309,0.6867496252271346
COMPLETED,0.0599999999999999,94.0,4447,2111,4265,0.1530379883538
COMPLETED,0.1499999999999999,3549.0,4273,3402,3225,0.0312556105379946
COMPLETED,0.14,1664.0,1702,1525,1206,0.55887522366466
COMPLETED,0.0599999999999999,100.0,1086,4621,4659,0.4232663272554986
ABANDONED,,,3642,249,2321,0.8925957375663331
COMPLETED,0.0599999999999999,92.0,3137,2835,4940,0.5839695679724216
COMPLETED,0.11,2143.0,889,2209,1959,0.1148830771066248
COMPLETED,0.07,1609.0,1521,4132,3585,0.9918919846525416
COMPLETED,0.32,3012.0,3754,1011,922,0.4640294520808384
COMPLETED,0.0599999999999999,520.0,4870,4719,1571,0.3362836549304425
COMPLETED,0.0599999999999999,92.0,2280,345,3922,0.8697523723587393
COMPLETED,0.05,822.0,393,3501,528,0.240670157614164
COMPLETED,0.0599999999999999,94.0,3008,1622,2572,0.7080524167483672
COMPLETED,0.0599999999999999,1671.0,3106,4927,4193,0.882506761441566
COMPLETED,0.0599999999999999,94.0,374,548,1524,0.4173231763260438
COMPLETED,0.04,1623.0,2260,3723,3082,0.5372614241790026
COMPLETED,0.0899999999999999,630.0,4968,1849,106,0.0054959858570247
COMPLETED,0.08,1347.0,3891,3058,2387,0.1315459983827546
COMPLETED,0.0599999999999999,92.0,1462,2437,4425,0.6611118100607767
COMPLETED,0.05,739.0,831,4339,963,0.2893449311662465
COMPLETED,0.0599999999999999,136.0,3274,1213,3320,0.7606300960507244
COMPLETED,0.07,637.0,3700,3195,700,0.7022288519210182
COMPLETED,0.0599999999999999,95.0,948,1323,3662,0.2311885117321275
COMPLETED,0.05,766.0,1566,4398,2046,0.8448477009528316
COMPLETED,0.0599999999999999,109.0,4332,22,4689,0.3150370645792223
COMPLETED,0.07,911.0,4466,3814,2800,0.4390027181192301
COMPLETED,0.04,1711.0,2057,685,469,0.9705233317456208
COMPLETED,0.0599999999999999,106.0,194,2531,3833,0.1091813366786576
COMPLETED,0.13,3996.0,2579,1907,1809,0.5746097464897669
COMPLETED,0.0599999999999999,101.0,2702,2701,3498,0.2650300362078472
COMPLETED,0.05,956.0,151,2080,855,0.792893521404825
COMPLETED,0.0599999999999999,119.0,2014,3925,4854,0.1578038916669785
COMPLETED,0.0599999999999999,113.0,4590,798,1892,0.6268894299075007
COMPLETED,0.07,528.0,4134,4589,617,0.5012482313087209
COMPLETED,0.0599999999999999,99.0,1846,211,2642,0.0338650195492431
COMPLETED,0.07,692.0,1228,3289,1661,0.9204779564857481
COMPLETED,0.0599999999999999,93.0,3500,1415,3991,0.3870101916827261
COMPLETED,0.05,610.0,3317,4179,1376,0.0710958266015164
COMPLETED,0.0599999999999999,95.0,706,1050,4351,0.6048084161001257
COMPLETED,0.07,514.0,1339,2957,255,0.4751454680268652
COMPLETED,0.0599999999999999,122.0,3934,2333,2924,0.942283855090756
COMPLETED,0.0599999999999999,93.0,4689,3541,4589,0.818460250631254
COMPLETED,0.0599999999999999,114.0,2460,1670,2232,0.3491298876951448
COMPLETED,0.05,1167.0,572,4843,3155,0.7266580619123764
COMPLETED,0.0599999999999999,93.0,2826,466,1117,0.1990394014109857
COMPLETED,0.05,1418.0,2864,4328,3417,0.5983593997529708
COMPLETED,0.14,2094.0,615,1204,1060,0.06878976268908
COMPLETED,0.0599999999999999,141.0,2498,3111,4483,0.9477496430763044
COMPLETED,0.33,12301.0,4731,2482,2445,0.476468303577695
COMPLETED,0.0599999999999999,482.0,3972,3695,48,0.3545726861535571
COMPLETED,0.05,100.0,1382,1819,3024,0.8197600966549478
COMPLETED,0.05,633.0,744,4991,1427,0.19262885475168
COMPLETED,0.0599999999999999,92.0,3359,620,4096,0.7243904676877893
COMPLETED,0.07,1032.0,3458,2543,1789,0.782544531607069
COMPLETED,0.0599999999999999,95.0,1190,1916,3814,0.2510277433665469
COMPLETED,0.0599999999999999,516.0,1803,3761,332,0.6362704333480447
COMPLETED,0.0599999999999999,88.0,4096,640,2663,0.1708381981510668
COMPLETED,0.0599999999999999,93.0,4548,4426,4826,0.0432077914582565
COMPLETED,0.0599999999999999,99.0,1977,52,2183,0.5142443062612787
COMPLETED,0.0599999999999999,112.0,108,3130,3682,0.3766844295684247
COMPLETED,0.08,914.0,2664,1252,720,0.9064988913279026
COMPLETED,0.0599999999999999,96.0,2622,3358,3972,0.2208376092414371
COMPLETED,0.0599999999999999,117.0,232,1482,1641,0.6882169956150463
COMPLETED,0.05,932.0,2099,4557,2505,0.3244047387083061
COMPLETED,0.0599999999999999,92.0,4504,185,481,0.8578763288971967
COMPLETED,0.07,685.0,4375,3972,2029,0.9798680312323385
COMPLETED,0.0599999999999999,93.0,1604,849,4991,0.452008371421229
COMPLETED,0.0599999999999999,698.0,991,2695,874,0.564297298802156
COMPLETED,0.0599999999999999,101.0,3738,2066,3518,0.0952079351757653
COMPLETED,0.05,854.0,3236,4773,1215,0.4108760875565931
COMPLETED,0.0599999999999999,93.0,788,400,3252,0.8802102758785709
COMPLETED,0.0599999999999999,1024.0,1424,3574,2291,0.0109750882692635
COMPLETED,0.0599999999999999,129.0,3848,1695,4647,0.5385899233847856
ABANDONED,,,4930,2909,2865,0.6665526958262546
COMPLETED,0.05,729.0,2217,2283,196,0.1328362809417769
COMPLETED,0.0599999999999999,92.0,336,4186,4254,0.7542062200799584
COMPLETED,0.0599999999999999,96.0,3063,1064,1278,0.2870716584019362
COMPLETED,0.0599999999999999,596.0,3043,2994,400,0.1201126140240579
COMPLETED,0.0599999999999999,107.0,433,2372,2750,0.5855438965957612
COMPLETED,0.05,973.0,2315,4296,1857,0.4578319288061931
COMPLETED,0.0599999999999999,99.0,4911,1170,3900,0.98934966967199
COMPLETED,0.0599999999999999,942.0,3790,4882,3612,0.8635780767675489
COMPLETED,0.0599999999999999,99.0,1561,504,631,0.3337645676333457
COMPLETED,0.05,101.0,924,3660,4757,0.7132437221342697
COMPLETED,0.0599999999999999,91.0,3178,1786,2094,0.2422062547059729
COMPLETED,0.0599999999999999,135.0,3601,3886,4396,0.3086854653299785
COMPLETED,0.0599999999999999,92.0,1050,758,2378,0.7799658522033132
COMPLETED,0.0599999999999999,91.0,1662,2586,3330,0.1429252496241591
COMPLETED,0.0899999999999999,747.0,4238,1962,993,0.6724958393133245
COMPLETED,0.08,760.0,4406,3248,1516,0.5488009546228684
COMPLETED,0.0599999999999999,90.0,2119,1376,4165,0.0170402943120338
COMPLETED,0.05,712.0,252,4472,137,0.9017022584072312
COMPLETED,0.0599999999999999,92.0,2525,96,3093,0.436513895280566
COMPLETED,0.05,727.0,2801,4673,2224,0.7453927096560597
COMPLETED,0.0599999999999999,91.0,50,294,4561,0.2177769219152629
COMPLETED,0.07,637.0,1918,3391,1148,0.8294851382946595
COMPLETED,0.0599999999999999,101.0,4684,1517,3166,0.3601519025979563
COMPLETED,0.0599999999999999,128.0,4193,2804,4323,0.4860715208180248
COMPLETED,0.0899999999999999,1034.0,1784,2183,1367,0.9532070351213217
COMPLETED,0.0599999999999999,1068.0,1170,4007,2935,0.089914067213051
COMPLETED,0.1199999999999999,684.0,3556,881,285,0.6236295294722543
COMPLETED,0.0599999999999999,1046.0,3378,3449,2592,0.9320151202511971
COMPLETED,0.0599999999999999,839.0,646,1578,548,0.398542577437032
COMPLETED,0.0599999999999999,1713.0,1284,4730,4058,0.5204318055736831
COMPLETED,0.0599999999999999,91.0,3992,353,1708,0.0530533718253485
COMPLETED,0.07,571.0,4790,4068,785,0.177147745134402
COMPLETED,0.0599999999999999,98.0,2361,939,3448,0.6462380613860674
COMPLETED,0.04,1081.0,478,2863,1939,0.2764221627752296
COMPLETED,0.0599999999999999,95.0,2922,2240,4921,0.8042808699610642
COMPLETED,0.05,660.0,2899,4393,884,0.3698149147499352
COMPLETED,0.0599999999999999,99.0,499,17,3548,0.835247149946913
COMPLETED,0.05,1111.0,2367,3170,2000,0.2081140288414433
COMPLETED,0.0599999999999999,98.0,4781,1299,4980,0.7396308170819655
COMPLETED,0.0599999999999999,104.0,4017,2507,2534,0.6138445775639265
COMPLETED,0.07,851.0,1256,1883,491,0.0840301158044487
COMPLETED,0.0599999999999999,103.0,643,3809,3963,0.96299186795149
COMPLETED,0.0599999999999999,108.0,3380,680,1611,0.4919553531484678
COMPLETED,0.0599999999999999,95.0,3594,3738,4225,0.0589363668874837
COMPLETED,0.08,925.0,1136,1864,1268,0.530217706386093
COMPLETED,0.05,697.0,1772,4961,2874,0.3926597014530561
COMPLETED,0.19,837.0,4206,582,226,0.9222293385169468
COMPLETED,0.0599999999999999,730.0,4653,4373,2282,0.798519807212893
COMPLETED,0.0599999999999999,110.0,1950,1247,4617,0.2667581942767836
COMPLETED,0.05,890.0,69,3073,1243,0.6519990050560794
COMPLETED,0.0599999999999999,98.0,2786,2451,3263,0.1868115945546887
COMPLETED,0.05,948.0,2516,2942,1418,0.9951107286989688
COMPLETED,0.0599999999999999,93.0,257,2318,4066,0.4674958935834467
COMPLETED,0.05,707.0,2140,4145,77,0.5797829566469415
COMPLETED,0.0599999999999999,95.0,4384,1017,3034,0.1104487683249637
ABANDONED,,,4240,4809,4455,0.2363232559226453
COMPLETED,0.0599999999999999,105.0,1659,432,2435,0.7034578176006675
COMPLETED,0.06,91.0,1021,3439,4460,0.6956083844212815
COMPLETED,0.06,101.0,556,1744,3172,0.5831593062190339
COMPLETED,0.06,98.0,4299,287,3717,0.4097828356272541
COMPLETED,0.06,94.0,925,957,1958,0.8814590299295262
COMPLETED,0.06,91.0,241,7,4765,0.0693075601104647
COMPLETED,0.06,93.0,3368,2213,2884,0.3282376125464216
COMPLETED,0.07,633.0,2802,1287,85,0.64106134958677
COMPLETED,0.06,650.0,4202,4205,2183,0.7490344965391792
COMPLETED,0.05,679.0,2327,3249,310,0.9768713660924696
COMPLETED,0.04,779.0,145,4253,665,0.7754020673202351
COMPLETED,0.05,1162.0,711,4554,3550,0.2144469272378832
COMPLETED,0.13,1274.0,4983,1212,812,0.5956701627903618
COMPLETED,0.27,3170.0,1859,1545,1444,0.8625279925315641
COMPLETED,0.06,94.0,1,1134,1180,0.8513260247531315
COMPLETED,0.06,96.0,5000,1240,2353,0.8973904132067302
COMPLETED,0.06,112.0,5000,1316,1883,0.8907131524143136
COMPLETED,0.05,1827.0,1,1264,1106,0.8863864776109094
COMPLETED,0.18,2001.0,5000,1660,1482,0.8715510129114923
COMPLETED,0.09,2283.0,1351,5000,4605,0.3759067953590578
COMPLETED,0.06,91.0,3026,1225,1394,0.8420725860915901
COMPLETED,0.06,96.0,930,1676,1908,0.8816346434249428
COMPLETED,0.06,93.0,5000,1225,1368,0.5872532405449066
COMPLETED,0.06,102.0,5000,1121,1362,0.1767354654900406
COMPLETED,0.06,102.0,1,1026,1412,0.6456149347675112
COMPLETED,0.1,883.0,4569,1983,1353,0.2769417129813649
COMPLETED,0.06,92.0,4911,1525,4384,0.7243865184618892
COMPLETED,0.06,100.0,4390,1496,3682,0.4206487079028642
COMPLETED,0.06,118.0,4575,1506,4846,0.8948232712320894
COMPLETED,0.06,100.0,3122,1123,1960,0.7794978634111234
COMPLETED,0.06,105.0,4900,632,1702,0.6019466482852676
COMPLETED,0.06,99.0,5000,3031,4880,0.5262650248069344
COMPLETED,0.06,90.0,1,3081,4275,0.6273191360977594
COMPLETED,0.06,90.0,1,936,3519,0.492033087617144
COMPLETED,0.06,93.0,5000,87,3884,0.2727354105453525
COMPLETED,0.06,98.0,5000,2858,4086,0.2874845340474548
COMPLETED,0.05,105.0,4105,3954,4741,0.6938011718060129
COMPLETED,0.06,93.0,1,849,2162,0.0668309418570624
COMPLETED,0.06,94.0,2115,1791,2490,0.7755737806155362
COMPLETED,0.13,614.0,4988,872,110,0.6088554963692653
COMPLETED,0.04,1290.0,44,122,1,0.9266487478081598
COMPLETED,0.06,99.0,3682,322,4322,0.6595843167570337
COMPLETED,0.06,100.0,1,940,3790,0.4658833500579291
COMPLETED,0.06,93.0,1,3338,4036,0.851043126457287
COMPLETED,0.06,96.0,5000,710,4642,0.8327201678692238
COMPLETED,0.06,104.0,3560,3285,3726,0.6940016178594344
COMPLETED,0.06,102.0,3219,326,3344,0.9086852617382806
COMPLETED,0.06,91.0,4372,1191,4613,0.2927105503209106
FAILED,nan,nan,3534,1,1928,0.5812849120936261
COMPLETED,0.05,549.0,1,4383,2759,0.9407919812798652
COMPLETED,0.08,560.0,5000,2386,384,0.7957879287034824
COMPLETED,0.05,810.0,2868,4710,2284,0.5864395615771413
COMPLETED,0.06,574.0,4423,3775,385,0.4338019553226419
COMPLETED,0.05,914.0,152,4196,809,0.51701293486543
COMPLETED,0.07,1023.0,3628,3336,1721,0.9735963185432368
