Status,ACCURACY,RUNTIME,REQLABELS,recent_samples_size,max_window_size,min_window_size,min_p_value
COMPLETED,0.6,180.0,0.99,3779,4293,3673,0.7104613548874855
COMPLETED,0.6199999999999999,122.0,0.99,748,1064,690,0.1888933049816638
COMPLETED,0.3599999999999999,14.0,0.02,1952,2563,4259,0.9556579231935552
COMPLETED,0.56,63.0,0.99,2595,2160,1354,0.4470493838029913
COMPLETED,0.53,40.0,0.98,3721,3598,7,0.2654960774236358
COMPLETED,0.39,12.0,0.02,1744,1672,3108,0.7587216238790192
COMPLETED,0.45,31.0,0.23,565,4392,1999,0.0271357043785974
COMPLETED,0.2899999999999999,10.0,0.0,4920,263,4865,0.501533564905636
COMPLETED,0.6,273.0,0.99,4507,2894,2407,0.8337239505082368
COMPLETED,0.32,7.0,0.0,31,2376,4463,0.3270625771790742
COMPLETED,0.4799999999999999,37.0,0.38,1332,4002,571,0.5904751827268861
COMPLETED,0.3099999999999999,9.0,0.01,3186,653,2549,0.0669599630384705
COMPLETED,0.5799999999999998,85.0,0.97,3002,4840,3895,0.1549157783632166
COMPLETED,0.3,10.0,0.01,2472,518,1722,0.6312836679582484
COMPLETED,0.6,279.0,0.97,1156,3423,3153,0.3952458548719063
COMPLETED,0.6099999999999999,862.0,1.0,4299,1300,1215,0.8865013722592964
COMPLETED,0.3599999999999999,11.0,0.04,4144,3140,4540,0.0542908143814653
COMPLETED,0.3599999999999999,10.0,0.01,998,1505,2328,0.544616569500789
COMPLETED,0.45,30.0,0.96,2319,4849,2782,0.308517790257465
COMPLETED,0.6099999999999999,478.0,1.0,2843,430,336,0.7859373781557195
COMPLETED,0.53,51.0,0.99,3344,3816,1646,0.9986794834584928
COMPLETED,0.35,12.0,0.01,1487,917,3975,0.4742649855108
COMPLETED,0.41,22.0,0.0899999999999999,191,3040,981,0.7376166211804374
COMPLETED,0.3699999999999999,12.0,0.0299999999999999,4659,2307,3389,0.2319764621457084
COMPLETED,0.4899999999999999,55.0,0.99,4765,4675,925,0.430447790569812
COMPLETED,0.3099999999999999,9.0,0.0,408,58,3440,0.9059278334088624
COMPLETED,0.56,66.0,0.7099999999999999,1592,3588,1433,0.1742809477514587
COMPLETED,0.39,11.0,0.02,3561,1760,4182,0.6665462479299865
COMPLETED,0.2899999999999999,12.0,0.0299999999999999,2753,2749,2872,0.6098401995462365
COMPLETED,0.41,21.0,0.99,2106,1896,240,0.1022223904413171
COMPLETED,0.32,9.0,0.01,907,4147,4786,0.8689260387750342
COMPLETED,0.38,12.0,0.01,3931,1132,2076,0.3464891908975317
COMPLETED,0.5799999999999998,65.0,0.99,4008,2618,533,0.2456010065051726
COMPLETED,0.34,11.0,0.01,823,2105,2579,0.7200903190585785
COMPLETED,0.3699999999999999,27.0,0.95,2183,4355,2447,0.4839914151553064
COMPLETED,0.3599999999999999,11.0,0.01,2668,1002,4415,0.9772474456194788
COMPLETED,0.5899999999999999,85.0,0.98,3480,4491,3265,0.799565731155686
COMPLETED,0.3099999999999999,9.0,0.0,1662,164,1102,0.2909876757739111
COMPLETED,0.32,9.0,0.0,327,3694,3772,0.554339190504793
COMPLETED,0.39,10.0,0.02,4835,1575,1844,0.0328625889041461
COMPLETED,0.32,10.0,0.05,4588,3944,4307,0.3640156883819959
COMPLETED,0.2899999999999999,13.0,0.0,271,710,1314,0.8553016897781752
COMPLETED,0.34,14.0,0.02,1416,2834,3643,0.1236546794608235
COMPLETED,0.5799999999999998,60.0,0.99,3424,2436,728,0.6001140210822224
COMPLETED,0.54,64.0,0.99,2929,3322,1878,0.684076554054953
COMPLETED,0.32,8.0,0.02,2244,1401,4989,0.1606527863929048
COMPLETED,0.44,30.0,0.23,1084,4746,120,0.9273563137878664
COMPLETED,0.3,10.0,0.01,4069,612,2996,0.4207254244674928
COMPLETED,0.52,57.0,0.99,4228,4951,1547,0.5191208071361296
COMPLETED,0.3,10.0,0.0,1237,329,4071,0.0134501640926115
COMPLETED,0.4299999999999999,31.0,0.96,2402,3234,805,0.7802146576445549
COMPLETED,0.3699999999999999,9.0,0.02,3084,1411,3563,0.2557087076704949
COMPLETED,0.32,14.0,0.04,3271,3098,4755,0.4646404346739873
COMPLETED,0.6099999999999999,540.0,0.99,1255,2250,2114,0.9419685705458744
COMPLETED,0.44,37.0,0.1199999999999999,116,3876,2919,0.2103825301066972
COMPLETED,0.6099999999999999,166.0,1.0,4431,856,200,0.7006778012172318
COMPLETED,0.6099999999999999,137.0,1.0,4995,3489,2658,0.90018666136479
COMPLETED,0.51,34.0,0.33,479,1858,456,0.3776583614609204
COMPLETED,0.3,13.0,0.02,1820,4579,4650,0.6410708423487841
COMPLETED,0.3099999999999999,8.0,0.0,3635,154,2214,0.1334225492350757
COMPLETED,0.4299999999999999,29.0,0.78,2515,4092,1022,0.0806490607844665
COMPLETED,0.3099999999999999,13.0,0.01,2023,1187,3341,0.5728838769542052
COMPLETED,0.55,57.0,0.6,668,2687,1608,0.3368459429291076
COMPLETED,0.4,15.0,0.02,3850,1958,4006,0.8122345337417907
COMPLETED,0.5799999999999998,68.0,1.0,3892,3735,1782,0.3835019658400676
COMPLETED,0.32,11.0,0.01,627,1613,3838,0.8904415057494304
COMPLETED,0.52,46.0,0.57,1986,4528,1196,0.1275789299711584
COMPLETED,0.3,9.0,0.0,2551,205,3174,0.6508159830793738
COMPLETED,0.33,13.0,0.04,3598,4314,4520,0.5631383045652881
COMPLETED,0.35,13.0,0.01,1856,966,2347,0.0864922483900562
COMPLETED,0.6199999999999999,709.0,0.97,521,2582,2528,0.821980091245938
COMPLETED,0.6,85.0,1.0,4953,2062,590,0.3310027404387481
COMPLETED,0.5799999999999998,80.0,0.98,4394,4705,3048,0.0075879686358384
COMPLETED,0.51,40.0,0.3,152,575,65,0.5288854766848498
COMPLETED,0.3,14.0,0.02,1297,3285,4884,0.261570888242498
COMPLETED,0.39,10.0,0.02,3230,1360,1979,0.7704499732110648
COMPLETED,0.53,44.0,0.99,3125,2876,632,0.9517327042428776
COMPLETED,0.3,10.0,0.0299999999999999,2360,2471,3733,0.4587777033654972
COMPLETED,0.51,42.0,0.45,1200,3980,1374,0.6909136526354588
COMPLETED,0.3099999999999999,10.0,0.01,4265,752,4240,0.2162452465304173
COMPLETED,0.53,49.0,0.97,4111,3834,300,0.8494542153588495
COMPLETED,0.34,12.0,0.01,1043,821,2815,0.3737645949593745
COMPLETED,0.47,36.0,0.98,2207,3062,2058,0.6059615103863178
COMPLETED,0.34,13.0,0.0299999999999999,2965,2208,4807,0.1139057877682149
COMPLETED,0.3099999999999999,11.0,0.04,3387,3275,3497,0.1704022288220003
COMPLETED,0.6099999999999999,143.0,1.0,1452,1448,865,0.6782296154873445
COMPLETED,0.52,57.0,0.3599999999999999,312,4988,4161,0.4109759969231672
COMPLETED,0.2899999999999999,11.0,0.0,4546,369,1451,0.9332032672402448
COMPLETED,0.3599999999999999,13.0,0.0299999999999999,4798,2728,3915,0.7259487635533324
COMPLETED,0.6,131.0,0.98,364,1994,1703,0.2358402069966308
COMPLETED,0.6,171.0,0.96,1704,4128,3407,0.9713890160094946
COMPLETED,0.6099999999999999,429.0,1.0,3438,1230,961,0.4937522295486181
COMPLETED,0.47,36.0,0.97,2709,4537,2271,0.281227293038927
COMPLETED,0.3099999999999999,9.0,0.0,2141,117,4600,0.8054245924239977
COMPLETED,0.4799999999999999,29.0,0.2399999999999999,786,3452,356,0.0426229865239001
COMPLETED,0.38,12.0,0.02,4044,1818,2764,0.5484803441212512
COMPLETED,0.3,10.0,0.05,3973,4434,4932,0.9156729146003724
COMPLETED,0.3,9.0,0.0,866,299,1939,0.4246041117668151
COMPLETED,0.45,58.0,0.98,2070,3634,3018,0.6568011518537066
COMPLETED,0.53,54.0,0.98,2789,1714,103,0.1801246116696856
COMPLETED,0.5899999999999999,79.0,1.0,3524,2522,1253,0.0963792474900372
COMPLETED,0.39,11.0,0.02,1629,2122,4364,0.6195858165894635
COMPLETED,0.4,23.0,0.1199999999999999,450,4256,745,0.3523323189640417
COMPLETED,0.35,17.0,0.01,4723,1023,3621,0.8591804068470373
COMPLETED,0.57,96.0,0.98,4623,3381,1158,0.5348519446063786
COMPLETED,0.2899999999999999,9.0,0.0,227,1263,3204,0.0601530544925481
COMPLETED,0.51,53.0,0.5,1529,4804,1822,0.7957019881653599
COMPLETED,0.3,8.0,0.01,3302,476,3790,0.3026555352616123
COMPLETED,0.55,72.0,0.98,2884,4042,2640,0.4801276423954404
COMPLETED,0.6199999999999999,121.0,1.0,2277,690,477,0.9889152753376402
COMPLETED,0.2899999999999999,12.0,0.01,961,2931,4397,0.2261137903762981
COMPLETED,0.3699999999999999,14.0,0.0299999999999999,4181,2417,2469,0.7473808144165202
COMPLETED,0.3599999999999999,16.0,0.04,4340,3000,3283,0.3173136259473859
COMPLETED,0.5799999999999998,89.0,0.92,1114,2270,1081,0.8395713802732527
COMPLETED,0.32,15.0,0.0299999999999999,2435,3779,4025,0.0767089291549287
COMPLETED,0.34,10.0,0.01,3039,875,1589,0.5846277678466401
COMPLETED,0.45,34.0,0.67,3150,4892,397,0.6371306809497065
COMPLETED,0.3,8.0,0.01,1368,466,2716,0.1451664103579707
COMPLETED,0.4199999999999999,32.0,0.07,72,3176,2233,0.880654374152608
COMPLETED,0.4,11.0,0.02,4466,1547,4631,0.4049952377619221
COMPLETED,0.5799999999999998,73.0,0.98,4883,4188,2172,0.1986541789140552
COMPLETED,0.35,11.0,0.01,602,1170,4696,0.7046029885377734
COMPLETED,0.55,51.0,0.67,1786,2786,180,0.4372885247553698
COMPLETED,0.4,11.0,0.02,3680,1937,2938,0.9615163081492296
COMPLETED,0.3099999999999999,8.0,0.0299999999999999,2636,3546,4130,0.7528627179563976
COMPLETED,0.6099999999999999,489.0,1.0,1910,1724,1489,0.2752564155043102
COMPLETED,0.55,68.0,0.6199999999999999,712,4639,3544,0.5073924857130274
COMPLETED,0.32,7.0,0.0,3815,16,825,0.0173753811826929
COMPLETED,0.34,16.0,0.04,3801,2830,4148,0.5857017551625147
COMPLETED,0.57,82.0,0.7299999999999999,736,2449,1468,0.0644156786167994
COMPLETED,0.6099999999999999,320.0,0.97,1876,3909,3484,0.8311802633379585
COMPLETED,0.3,9.0,0.01,2641,736,882,0.3222897468660957
COMPLETED,0.54,57.0,0.96,3704,4747,2032,0.3907510720609687
COMPLETED,0.3,10.0,0.01,1771,601,4830,0.8836793994306587
COMPLETED,0.45,30.0,0.19,607,3360,274,0.1520934464395046
COMPLETED,0.39,12.0,0.02,4849,1373,2838,0.6267885260522364
COMPLETED,0.4899999999999999,48.0,1.0,4480,4357,379,0.95896371058356
COMPLETED,0.32,7.0,0.0,48,991,2738,0.4520356021774932
COMPLETED,0.6099999999999999,281.0,0.98,1403,2656,2293,0.7154481742345727
COMPLETED,0.35,13.0,0.0299999999999999,3145,2077,4573,0.1921996896230615
COMPLETED,0.6,361.0,0.99,3015,3690,3423,0.0301714243638329
COMPLETED,0.57,112.0,0.99,2450,1589,948,0.5067908070313744
COMPLETED,0.6099999999999999,236.0,0.95,1109,4455,3931,0.2707529604543
COMPLETED,0.2899999999999999,12.0,0.0,4374,189,1690,0.7617569847691804
COMPLETED,0.5799999999999998,245.0,0.99,4215,4602,2504,0.1795077040078118
COMPLETED,0.3099999999999999,8.0,0.0,957,121,615,0.6696124500634149
COMPLETED,0.32,8.0,0.0299999999999999,2292,3505,4497,0.4335136373293586
COMPLETED,0.3599999999999999,10.0,0.02,2860,1853,2373,0.9111542342913336
COMPLETED,0.57,64.0,1.0,3297,2666,1181,0.8739427430189214
COMPLETED,0.39,11.0,0.02,1563,1989,3188,0.3497644961393437
COMPLETED,0.4,23.0,0.0899999999999999,203,4074,1767,0.6131160983182489
COMPLETED,0.3699999999999999,10.0,0.01,4637,1196,3852,0.1072396882154047
COMPLETED,0.5899999999999999,75.0,1.0,4689,3213,1388,0.30572629957702
COMPLETED,0.33,11.0,0.01,455,1441,4225,0.7814121094753965
COMPLETED,0.4899999999999999,34.0,0.3599999999999999,1614,4932,646,0.0497651903272606
COMPLETED,0.28,9.0,0.0,3548,337,3717,0.5418247234464622
COMPLETED,0.32,9.0,0.0299999999999999,2794,3899,4909,0.7350418546105734
COMPLETED,0.32,7.0,0.01,2036,824,1955,0.2272335204507224
COMPLETED,0.5899999999999999,1173.0,0.97,890,3113,3073,0.9939371352937072
COMPLETED,0.5899999999999999,63.0,0.99,3958,2244,41,0.4716908124711364
COMPLETED,0.5899999999999999,77.0,0.99,4040,4008,2248,0.1208642623444087
COMPLETED,0.2899999999999999,10.0,0.01,820,637,4616,0.5955898259659297
COMPLETED,0.3599999999999999,18.0,0.82,2117,2927,412,0.3594908960143103
COMPLETED,0.32,13.0,0.0299999999999999,2724,2353,2703,0.8525106754103675
COMPLETED,0.3099999999999999,11.0,0.04,3472,3414,4049,0.92478261706084
COMPLETED,0.38,10.0,0.02,1699,1318,1564,0.4159835526153445
COMPLETED,0.4799999999999999,38.0,0.2399999999999999,378,4809,3307,0.679335041297879
COMPLETED,0.3,10.0,0.01,4774,539,1056,0.1580794487609527
COMPLETED,0.3599999999999999,15.0,0.0299999999999999,4551,2555,3519,0.4892173397251404
COMPLETED,0.47,31.0,0.2,278,2178,848,0.980312816066388
COMPLETED,0.6099999999999999,525.0,0.96,1477,4263,4105,0.248665779700689
COMPLETED,0.3599999999999999,11.0,0.01,3372,1085,1513,0.7253156463770196
COMPLETED,0.4299999999999999,28.0,0.66,2931,4398,166,0.5593550593409687
COMPLETED,0.2899999999999999,10.0,0.0,2212,247,2954,0.0361370587382465
COMPLETED,0.55,60.0,0.68,1028,3630,2158,0.8028405600848608
COMPLETED,0.4,10.0,0.02,4135,1648,4712,0.296003903705161
COMPLETED,0.56,59.0,0.98,4289,3562,772,0.6443757980522699
COMPLETED,0.3699999999999999,12.0,0.01,1186,1795,3599,0.1384079359230585
COMPLETED,0.41,22.0,0.68,2365,4662,1279,0.9051724034266546
COMPLETED,0.3099999999999999,8.0,0.0,3091,61,4341,0.3809636725382879
COMPLETED,0.5799999999999998,98.0,0.98,3215,4175,3031,0.3398808275066316
COMPLETED,0.6,129.0,0.99,1321,1094,86,0.8174909404598176
COMPLETED,0.32,7.0,0.0,118,2760,4945,0.0859048739722929
COMPLETED,0.39,11.0,0.02,4399,1895,1922,0.5759181680015288
COMPLETED,0.6099999999999999,247.0,1.0,4929,4878,4381,0.7754423036442138
COMPLETED,0.3,10.0,0.0,535,392,2482,0.2531654968128539
COMPLETED,0.6,203.0,0.98,1851,3151,2623,0.5165779516523704
COMPLETED,0.6099999999999999,107.0,0.99,3633,1503,489,0.0086781654661521
COMPLETED,0.52,49.0,0.99,2566,3015,1799,0.2058888171385973
COMPLETED,0.3699999999999999,12.0,0.02,1962,2343,3816,0.6978568982314318
COMPLETED,0.46,31.0,0.2399999999999999,661,3803,1135,0.4618189381579868
COMPLETED,0.35,11.0,0.01,3887,920,3230,0.9374742640475742
COMPLETED,0.4799999999999999,45.0,0.99,3845,4768,1004,0.2590243431963957
COMPLETED,0.2899999999999999,9.0,0.01,702,501,3363,0.7656819060244597
COMPLETED,0.5899999999999999,79.0,0.96,1999,3377,1668,0.0028193041978403
COMPLETED,0.33,9.0,0.02,2529,1277,3948,0.5263383343873544
COMPLETED,0.6099999999999999,606.0,1.0,3669,2969,2798,0.6880960838381202
COMPLETED,0.5799999999999998,63.0,0.8599999999999999,1815,2388,323,0.2117472467485815
COMPLETED,0.32,8.0,0.01,494,4044,4556,0.947235063556116
COMPLETED,0.3,9.0,0.01,4970,679,2315,0.4559604936632327
COMPLETED,0.3099999999999999,13.0,0.05,4436,3672,4773,0.13256098247068
COMPLETED,0.2899999999999999,11.0,0.0,81,1686,2093,0.6541252255965955
COMPLETED,0.56,74.0,0.78,1280,4435,2859,0.3868106111058965
COMPLETED,0.5899999999999999,1139.0,1.0,3257,287,257,0.8954229609975591
COMPLETED,0.5,38.0,0.98,3049,4221,1407,0.8272398321524262
COMPLETED,0.35,11.0,0.01,2406,1049,4205,0.3340333382025361
COMPLETED,0.55,69.0,0.75,1222,2518,899,0.5661692614241502
COMPLETED,0.39,12.0,0.0299999999999999,4253,2136,3463,0.0917523483916185
COMPLETED,0.6,388.0,1.0,4093,2802,2013,0.974450099642668
COMPLETED,0.3699999999999999,12.0,0.01,1069,1931,4850,0.4989814883069135
COMPLETED,0.34,21.0,0.53,2248,4211,21,0.7311783776855096
COMPLETED,0.3699999999999999,11.0,0.01,2895,1137,3092,0.2389016460036858
COMPLETED,0.6,323.0,0.98,3409,4620,4284,0.0459017431717365
COMPLETED,0.32,8.0,0.0,1440,24,1330,0.5534928787689655
COMPLETED,0.32,8.0,0.0,236,3525,3698,0.2862392341564409
COMPLETED,0.6099999999999999,270.0,1.0,4593,1755,666,0.8087027555416338
COMPLETED,0.6099999999999999,193.0,1.0,4810,3761,3129,0.6014330284562893
COMPLETED,0.33,12.0,0.0,342,884,1240,0.1111187048402614
COMPLETED,0.3599999999999999,12.0,0.02,1657,2979,3872,0.8466674878047779
COMPLETED,0.6,183.0,0.99,3514,2301,1748,0.3692364684032276
COMPLETED,0.47,31.0,0.99,2682,3192,556,0.4062384118847549
COMPLETED,0.33,10.0,0.02,2158,1541,2563,0.9306262363247572
COMPLETED,0.4799999999999999,41.0,0.32,857,4915,2392,0.1678246043763123
COMPLETED,0.2899999999999999,8.0,0.01,4003,433,4477,0.6734914369187318
COMPLETED,0.5899999999999999,354.0,1.0,3917,3317,2894,0.7911724326713011
COMPLETED,0.5899999999999999,83.0,0.82,932,1337,223,0.2998673787696287
COMPLETED,0.2899999999999999,9.0,0.0299999999999999,2072,4711,4730,0.5320643853657879
COMPLETED,0.2899999999999999,9.0,0.01,2757,559,2138,0.0556240962498821
COMPLETED,0.52,44.0,0.99,3585,3950,791,0.221375135495048
COMPLETED,0.32,10.0,0.01,1577,773,3579,0.744802713658195
COMPLETED,0.4799999999999999,46.0,0.3,413,2868,1533,0.4775491825420409
COMPLETED,0.3699999999999999,12.0,0.0299999999999999,4730,2490,4087,0.9841762613613158
COMPLETED,0.54,52.0,0.99,4674,4497,1623,0.659863067173399
COMPLETED,0.32,9.0,0.0,166,226,3991,0.1853547021145
COMPLETED,0.52,46.0,0.55,1521,3726,1037,0.9209036022965796
COMPLETED,0.39,11.0,0.02,3339,1631,3328,0.4276666243379004
COMPLETED,0.33,12.0,0.0299999999999999,2818,2615,4674,0.3556119110195897
COMPLETED,0.35,10.0,0.0299999999999999,2333,2039,2189,0.8641937769024632
COMPLETED,0.54,69.0,0.5799999999999998,993,4320,2682,0.1013922584503889
COMPLETED,0.6199999999999999,260.0,0.99,4178,950,431,0.6228650495499372
COMPLETED,0.6099999999999999,302.0,1.0,4333,4114,3756,0.4422714089414104
COMPLETED,0.3699999999999999,11.0,0.01,1151,1233,1857,0.9648263823529704
COMPLETED,0.2899999999999999,11.0,0.0299999999999999,2486,2703,3248,0.2019638977439142
COMPLETED,0.6,79.0,1.0,2978,2030,1114,0.7095855173499322
COMPLETED,0.5899999999999999,106.0,0.98,3181,3463,2424,0.512653062027227
COMPLETED,0.38,11.0,0.02,1366,1817,4441,0.0204068143541924
COMPLETED,0.3099999999999999,14.0,0.0,6,4566,510,0.7558947446580975
COMPLETED,0.32,21.0,0.0,4522,79,2605,0.2805175853487104
COMPLETED,0.56,61.0,0.99,4886,3073,147,0.0741613105447962
COMPLETED,0.33,11.0,0.01,570,2207,2974,0.5798586270960047
COMPLETED,0.57,73.0,0.8599999999999999,1730,3862,1904,0.3125441298228688
COMPLETED,0.32,11.0,0.01,3746,782,4966,0.8370234062892384
COMPLETED,0.53,50.0,0.97,2599,4975,3656,0.8778357355124315
COMPLETED,0.28,10.0,0.0,1917,373,711,0.4004961681372485
COMPLETED,0.3,10.0,0.01,773,3249,4320,0.6326322048552334
COMPLETED,0.6199999999999999,537.0,1.0,3764,1483,1297,0.1423483652479946
COMPLETED,0.53,47.0,0.98,3757,3257,232,0.9864015093457884
COMPLETED,0.3699999999999999,11.0,0.01,770,1467,2902,0.4787379742276854
COMPLETED,0.54,52.0,0.65,1929,4967,2146,0.7421499825241044
COMPLETED,0.3,8.0,0.0,2617,390,4739,0.2196369246246293
COMPLETED,0.6,469.0,1.0,3738,3855,3585,0.0578488065220415
COMPLETED,0.5799999999999998,13498.0,1.0,1728,800,797,0.5332526393391191
COMPLETED,0.3,11.0,0.01,583,3080,4093,0.2972151853478513
COMPLETED,0.6,174.0,1.0,4902,2189,1539,0.7894347595131956
COMPLETED,0.6,238.0,1.0,4524,4558,4003,0.6221628279686904
COMPLETED,0.3099999999999999,8.0,0.0,14,96,1634,0.097702604007814
COMPLETED,0.6099999999999999,566.0,0.97,1349,3470,3339,0.8644666249683127
COMPLETED,0.6,101.0,1.0,3169,1800,1049,0.358750255911611
COMPLETED,0.6099999999999999,142.0,1.0,2981,2710,2202,0.4269639841224998
COMPLETED,0.32,11.0,0.0299999999999999,2493,2012,4687,0.9172135292198508
COMPLETED,0.4299999999999999,31.0,0.3,1133,4107,444,0.1856279688145033
COMPLETED,0.3699999999999999,14.0,0.02,4321,1250,2695,0.6630018306995741
COMPLETED,0.57,58.0,0.97,4161,4332,1870,0.2778046471809036
COMPLETED,0.34,10.0,0.01,981,948,3770,0.754218262789119
COMPLETED,0.47,35.0,0.98,2336,2603,1128,0.0225717325055971
COMPLETED,0.34,10.0,0.0299999999999999,2825,2042,3262,0.51390345991496
COMPLETED,0.3,13.0,0.04,3322,3714,4452,0.706872994095087
COMPLETED,0.38,10.0,0.02,1509,1634,2435,0.2002878307878971
COMPLETED,0.4,28.0,0.0899999999999999,168,4509,2616,0.9669908855914136
COMPLETED,0.28,8.0,0.0,4682,223,521,0.4435213919161818
COMPLETED,0.3699999999999999,13.0,0.04,4743,2855,2980,0.1425627924525178
COMPLETED,0.44,26.0,0.1799999999999999,430,2492,152,0.6358340649210847
COMPLETED,0.3,11.0,0.02,1570,3962,4972,0.3997356410516426
COMPLETED,0.32,12.0,0.01,3583,771,1910,0.8742097116006537
COMPLETED,0.44,28.0,0.66,2769,4723,720,0.8372383674848825
COMPLETED,0.3,11.0,0.01,2090,556,3664,0.3157465238798409
COMPLETED,0.51,50.0,0.45,925,3305,1306,0.5790975660192779
COMPLETED,0.39,11.0,0.02,3914,1340,4329,0.0705347526418976
COMPLETED,0.5799999999999998,87.0,0.97,3986,4912,3372,0.4532478066759184
COMPLETED,0.2899999999999999,8.0,0.01,845,445,1014,0.9455588328676298
COMPLETED,0.32,8.0,0.0299999999999999,2161,3194,3958,0.213912419801671
COMPLETED,0.38,14.0,0.02,2689,1528,1678,0.6893467366275376
COMPLETED,0.54,45.0,1.0,3497,2981,328,0.523626066034194
COMPLETED,0.3599999999999999,13.0,0.02,1645,2288,2803,0.001143492143508
COMPLETED,0.47,36.0,0.23,344,3758,2320,0.7678466604433953
COMPLETED,0.35,14.0,0.01,4818,896,4561,0.2602745773516595
COMPLETED,0.5899999999999999,102.0,0.98,4605,3527,2103,0.0919670267766341
COMPLETED,0.28,10.0,0.0,253,1742,4783,0.5693713726704939
COMPLETED,0.4899999999999999,33.0,0.32,1433,4618,267,0.3332730660186148
COMPLETED,0.3099999999999999,8.0,0.0,3407,36,2869,0.8236140631423332
RUNNING,,,,2906,4208,4219,0.8956381770948879
RUNNING,,,,2266,1149,1421,0.3900132600645534
RUNNING,,,,1062,2804,3477,0.653364415700361
RUNNING,,,,4091,1919,913,0.1289346757482737
RUNNING,,,,4246,2502,4863,0.8109277486244216
RUNNING,,,,1219,2143,2026,0.2874277709404006
RUNNING,,,,2418,4238,3105,0.5508398964543826
RUNNING,,,,3067,1041,34,0.0441632811208255
RUNNING,,,,3249,4452,1342,0.2411261050953529
RUNNING,,,,1278,281,4296,0.7323663804783485
RUNNING,,,,94,3654,678,0.4963290399834513
RUNNING,,,,4453,1693,3710,0.9727121715828776
RUNNING,,,,4972,4061,1247,0.6727889604358002
RUNNING,,,,501,672,3136,0.1641346950320526
RUNNING,,,,1798,2952,1755,0.9308988332101144
RUNNING,,,,3657,2396,3879,0.4093765055962838
RUNNING,,,,2532,3360,2570,0.3685335770073346
RUNNING,,,,2006,1284,563,0.8429771635475568
RUNNING,,,,685,4785,4484,0.1113917166385799
RUNNING,,,,3833,494,2399,0.6045715370807797
RUNNING,,,,3870,3795,4628,0.1582910906529053
RUNNING,,,,648,937,2259,0.6825341160511597
RUNNING,,,,1964,3022,2714,0.415220124860201
RUNNING,,,,2574,2326,424,0.9211536924795248
RUNNING,,,,3615,3158,1577,0.852722735936474
RUNNING,,,,1839,1486,4062,0.362690389401745
RUNNING,,,,538,4870,1069,0.5948259795766324
RUNNING,,,,4936,409,3320,0.1172349191289395
RUNNING,,,,4411,2767,857,0.2932899663971736
RUNNING,,,,135,1877,3527,0.8011630790757015
RUNNING,,,,1314,4168,1521,0.0383011005488224
RUNNING,,,,3212,1112,4114,0.5606045808878726
RUNNING,,,,3103,4654,2960,0.7226022467813454
RUNNING,,,,2382,78,172,0.246988836403843
RUNNING,,,,1178,3570,4718,0.9824763201646506
RUNNING,,,,4287,1778,2164,0.4904663235597312
RUNNING,,,,4127,3619,3605,0.5752188470898196
RUNNING,,,,1026,1651,777,0.0822181201992556
RUNNING,,,,2224,4410,4347,0.8177665738382376
RUNNING,,,,2948,244,1285,0.3430219577112235
RUNNING,,,,3365,4275,95,0.3802638176354579
RUNNING,,,,1474,1083,3039,0.9014851156624965
RUNNING,,,,290,2542,1931,0.1386841032925993
RUNNING,,,,4569,2180,4954,0.6475174622479825
RUNNING,,,,4776,4821,2495,0.9397003883728756
RUNNING,,,,385,536,4395,0.4630086061844602
RUNNING,,,,1681,3402,503,0.6952051662375219
RUNNING,,,,3460,1320,2637,0.2041516054083593
RUNNING,,,,2726,2915,3827,0.0109038748784922
RUNNING,,,,2124,2355,1810,0.5177672047658823
RUNNING,,,,803,4020,3241,0.2505141797319054
RUNNING,,,,4027,634,1146,0.7737055068269371
RUNNING,,,,3951,3116,1478,0.6260889837295747
RUNNING,,,,888,2232,4158,0.1484064712555147
RUNNING,,,,2048,3897,892,0.8839548076769336
RUNNING,,,,2811,836,3494,0.3938919771334156
RUNNING,,,,3542,4930,4844,0.3215896668311208
RUNNING,,,,1611,349,2046,0.8274927504416554
RUNNING,,,,466,3215,2852,0.0646916245753876
RUNNING,,,,4706,1429,288,0.5888431979472749
RUNNING,,,,4640,4071,2747,0.7639828876835293
RUNNING,,,,210,1208,389,0.2719424070698209
RUNNING,,,,1546,2668,4583,0.5041388499053195
RUNNING,,,,3285,1977,2303,0.0284339875014498
RUNNING,,,,2862,3507,953,0.1944251739032566
RUNNING,,,,2300,1840,3428,0.7166372022159397
RUNNING,,,,940,4599,1695,0.4493840636855922
RUNNING,,,,4202,133,3936,0.9572266923553308
RUNNING,,,,4358,4472,622,0.1074515552395023
RUNNING,,,,1097,182,2511,0.6163153982036746
RUNNING,,,,2452,3673,2380,0.3490012897951528
RUNNING,,,,3022,1596,4504,0.8703140398485585
RUNNING,,,,3127,2639,3195,0.9113665162283928
RUNNING,,,,1391,2084,1188,0.4367133521277457
RUNNING,,,,51,4374,3859,0.6688488288062625
RUNNING,,,,4487,983,1774,0.1758785859244875
RUNNING,,,,4861,3342,4238,0.468977100295294
RUNNING,,,,624,1380,1401,0.992259879416693
RUNNING,,,,1764,4764,3730,0.2293977836722508
RUNNING,,,,3701,594,659,0.7362915975684299
RUNNING,,,,2653,3926,1967,0.5391115452617407
RUNNING,,,,1893,728,4921,0.0480884684413671
RUNNING,,,,728,2813,53,0.783575838705804
RUNNING,,,,3799,2456,3085,0.3069755085437558
RUNNING,,,,3823,4641,1944,0.86189340641452
RUNNING,,,,714,3,4937,0.3540088622326962
RUNNING,,,,1898,3543,108,0.6174208370383829
RUNNING,,,,2619,1736,3023,0.0951287882026285
RUNNING,,,,3687,2783,4373,0.182837073524855
RUNNING,,,,1789,1949,1263,0.6584771574100479
RUNNING,,,,590,4190,3631,0.4224396699280478
RUNNING,,,,4866,1158,755,0.9144229930252769
RUNNING,,,,4463,3174,3218,0.7471663295335135
RUNNING,,,,65,1559,1172,0.2229118726319633
RUNNING,,,,1386,4894,3804,0.9896758601017296
RUNNING,,,,3162,453,1836,0.4837537239857017
RUNNING,,,,3037,3782,487,0.3024406317444517
RUNNING,,,,2427,863,2650,0.7924996517868712
RUNNING,,,,1131,2997,2479,0.0609140578907914
RUNNING,,,,4353,2282,4407,0.5384784448307938
RUNNING,,,,4198,2948,1093,0.4027700511771254
RUNNING,,,,974,2409,3295,0.8794656438666396
RUNNING,,,,2275,4026,1601,0.1478190800923853
RUNNING,,,,2877,697,4037,0.6388688304204493
RUNNING,,,,3320,4786,2729,0.5824029961748048
RUNNING,,,,1541,483,410,0.0755206137819215
RUNNING,,,,225,3398,4643,0.8422236350947059
RUNNING,,,,4616,1257,2246,0.3190513605051674
RUNNING,,,,4711,4239,4704,0.0180775450854562
RUNNING,,,,432,1031,2180,0.5110820824771188
RUNNING,,,,1636,2539,2946,0.2749836251169442
RUNNING,,,,3527,2115,187,0.7497244307428598
RUNNING,,,,2777,3651,1496,0.9622190060431136
RUNNING,,,,2053,1707,4137,0.440978655510582
RUNNING,,,,874,4417,832,0.7043296641592867
RUNNING,,,,3975,306,3551,0.1955153577093966
RUNNING,,,,4061,3444,3844,0.3287778050344437
RUNNING,,,,799,1835,1788,0.8207916121404618
RUNNING,,,,2139,4545,3180,0.0891451730261556
RUNNING,,,,2702,100,1202,0.5648767089377156
RUNNING,,,,3456,4135,2356,0.6485914663092233
RUNNING,,,,1716,1212,4529,0.1263908694998361
RUNNING,,,,361,2721,598,0.893094011751376
RUNNING,,,,4791,2011,2536,0.3852399515783413
RUNNING,,,,4535,4995,78,0.2169476616136729
RUNNING,,,,295,352,3061,0.6946035005800426
RUNNING,,,,1459,3267,1992,0.4585051678798161
RUNNING,,,,3390,1465,4897,0.9485946719310246
RUNNING,,,,2953,3054,3744,0.7711529260066337
RUNNING,,,,2190,2225,643,0.265261273899395
RUNNING,,,,1050,3841,4252,0.5286124034868553
RUNNING,,,,4113,803,1386,0.0044493986116722
RUNNING,,,,4273,3968,2826,0.9359160119060426
RUNNING,,,,1202,755,311,0.4126522852901369
RUNNING,,,,2348,2888,4818,0.6760643847557715
RUNNING,,,,3108,2469,2069,0.1691515183540992
RUNNING,,,,3237,3297,879,0.1166179984428919
RUNNING,,,,1300,1358,3511,0.6076372647621668
RUNNING,,,,140,4693,1465,0.3715998982189223
RUNNING,,,,4377,577,4175,0.8482040388820692
RUNNING,,,,4950,2594,1711,0.5482656043365597
RUNNING,,,,514,2060,3923,0.0394208138778805
RUNNING,,,,1874,4301,969,0.806184926007595
RUNNING,,,,3610,968,3416,0.2848531234486959
RUNNING,,,,2549,4516,4606,0.4935370748509652
RUNNING,,,,1979,207,2276,0.9681864284505136
RUNNING,,,,643,3747,2769,0.2366009554931893
RUNNING,,,,3904,1610,362,0.7295750088760629
RUNNING,,,,3868,2684,2593,0.0335619674943387
RUNNING,,,,680,1970,547,0.5580260019563137
RUNNING,,,,2020,4095,4429,0.2907119847170077
RUNNING,,,,2508,1175,2461,0.7964245432726106
RUNNING,,,,3652,4581,1112,0.9779472428438252
RUNNING,,,,1832,142,3275,0.4876786452409811
RUNNING,,,,477,3487,1854,0.719814209367521
RUNNING,,,,4987,1871,3782,0.2424593999879434
RUNNING,,,,4418,3878,1319,0.4184992387425154
RUNNING,,,,99,844,4312,0.926166584361717
RUNNING,,,,1263,3095,733,0.1633045797864906
RUNNING,,,,3273,2262,3648,0.685813827184867
RUNNING,,,,3072,3231,4998,0.5978883730695583
RUNNING,,,,2384,1423,1888,0.1224654877469874
RUNNING,,,,1244,4953,3006,0.8579529454594477
RUNNING,,,,4231,316,130,0.3657524237995967
RUNNING,,,,4076,4728,4079,0.7004662170037627
RUNNING,,,,1087,619,1555,0.2071835130318999
RUNNING,,,,2232,3339,3571,0.9427319406225346
RUNNING,,,,2911,1394,812,0.4682693015768192
RUNNING,,,,3431,2851,2121,0.2554965894659049
RUNNING,,,,1418,2428,4762,0.7770151065786369
RUNNING,,,,258,3927,207,0.0142140681603923
RUNNING,,,,4571,717,2926,0.5227502080300823
RUNNING,,,,4833,3711,468,0.8149484096501022
RUNNING,,,,319,1568,2670,0.3385233625385909
RUNNING,,,,1679,4473,2226,0.5707198965433053
RUNNING,,,,3492,171,4662,0.0793996006372384
RUNNING,,,,2665,4339,3354,0.1361360102304257
RUNNING,,,,2176,1009,1035,0.642747847045306
RUNNING,,,,840,2635,4018,0.3754947959629818
RUNNING,,,,4020,2097,1621,0.8989376161305233
RUNNING,,,,3939,4154,703,0.5013217592812143
RUNNING,,,,910,1115,3686,0.0239364658928476
RUNNING,,,,2094,2741,1367,0.7594847688235342
RUNNING,,,,2735,1913,4272,0.2691247191943227
RUNNING,,,,3568,3580,3119,0.4468370404662564
RUNNING,,,,1594,1777,18,0.9524581469954922
RUNNING,,,,396,4682,4877,0.1896569876384921
RUNNING,,,,4748,40,2011,0.7140905380916782
RUNNING,,,,4657,3033,4469,0.8892150267566554
RUNNING,,,,183,2325,2413,0.3969230530704371
RUNNING,,,,1504,3823,2555,0.6291194624152034
RUNNING,,,,3356,899,577,0.1536660930838435
RUNNING,,,,2840,4857,1731,0.0696731989016756
RUNNING,,,,2312,413,3904,0.5921519622912629
RUNNING,,,,1015,3132,1223,0.3248987902701832
RUNNING,,,,4156,1522,3161,0.8324746838630177
RUNNING,,,,4316,3435,2336,0.2326760658680461
RUNNING,,,,1168,1297,4548,0.7413036577641032
RUNNING,,,,2469,4828,344,0.4739895158648491
RUNNING,,,,2995,520,2791,0.99553851698637
RUNNING,,,,3203,3989,3981,0.7866373967910185
RUNNING,,,,1344,655,1651,0.3122052417540922
RUNNING,,,,29,2906,3394,0.5443406849418767
RUNNING,,,,4500,2373,987,0.051149432996381
RUNNING,,,,4907,4380,3451,0.3442632303046994
RUNNING,,,,548,265,936,0.8677365344810299
RUNNING,,,,1752,3610,4193,0.1048744052458554
RUNNING,,,,3723,1669,1444,0.611577694087103
RUNNING,,,,2583,2575,254,0.6643208213282747
RUNNING,,,,1934,2157,2886,0.1730919774485751
RUNNING,,,,755,4281,2090,0.9085793142222798
RUNNING,,,,3782,1066,4800,0.4321847511195577
RUNNING,,,,3787,2565,2443,0.3617971552893519
RUNNING,,,,761,2168,4420,0.8541043709799647
RUNNING,,,,1940,4292,528,0.1185558596624992
RUNNING,,,,2588,1055,2584,0.5939939869894645
RUNNING,,,,3728,4388,3776,0.6819042251487262
RUNNING,,,,1756,257,1838,0.1594102197547443
RUNNING,,,,553,3601,3269,0.9222112898031248
RUNNING,,,,4911,1678,1096,0.414650638214685
RUNNING,,,,4494,3998,3638,0.246338469639793
RUNNING,,,,23,646,732,0.7237390050325542
RUNNING,,,,1339,2898,4301,0.4915425063791684
RUNNING,,,,3198,2382,1318,0.9818873140039852
RUNNING,,,,2991,3424,126,0.8002884304591454
RUNNING,,,,2465,1308,2992,0.294652081925515
RUNNING,,,,1163,4839,1884,0.561905045559816
RUNNING,,,,4312,509,4984,0.0374867371110245
RUNNING,,,,4152,4848,809,0.9028624787770212
RUNNING,,,,1011,421,3558,0.379373932596296
RUNNING,,,,2307,3141,1551,0.6466878661087713
RUNNING,,,,2836,1513,4066,0.1399998192719183
RUNNING,,,,3351,3044,2915,0.0833396457490511
RUNNING,,,,1498,2314,205,0.5745837316331452
RUNNING,,,,178,3812,4751,0.3424481991367414
RUNNING,,,,4652,910,2119,0.8188275202350691
RUNNING,,,,4752,3591,4656,0.5189015963386743
RUNNING,,,,400,1766,2209,0.0102587624382227
RUNNING,,,,1599,4671,2664,0.7731208023647776
RUNNING,,,,3573,52,452,0.2515870432476512
RUNNING,,,,2741,4145,1603,0.4643750234113074
RUNNING,,,,2100,1124,4010,0.9388224204526284
RUNNING,,,,916,2750,1016,0.2033348752921446
RUNNING,,,,3944,1905,3346,0.6965108852332457
RUNNING,,,,4014,4347,4263,0.8286108711003326
RUNNING,,,,835,1001,1348,0.3209587674855254
RUNNING,,,,2170,2626,3678,0.5882728144943714
RUNNING,,,,2659,2106,684,0.0657483250916004
RUNNING,,,,3488,3700,1995,0.1497869787776842
RUNNING,,,,1675,1579,4871,0.6251946220958605
RUNNING,,,,315,4484,3,0.3930592068170197
RUNNING,,,,4828,160,3113,0.8852749704812654
RUNNING,,,,4577,2840,576,0.7180000954735092
RUNNING,,,,264,2439,2544,0.1935513030159287
RUNNING,,,,1423,3938,2412,0.9564134564388544
RUNNING,,,,3437,707,4458,0.4506856558788567
RUNNING,,,,2916,4737,3148,0.2730800621284171
RUNNING,,,,2236,610,1219,0.7633334177268669
RUNNING,,,,1091,3330,3890,0.0278459897839464
RUNNING,,,,4080,1402,1727,0.5052160411679186
RUNNING,,,,4236,3243,2777,0.4360791334784589
RUNNING,,,,1248,1412,341,0.9124889385855756
RUNNING,,,,2388,4942,4535,0.1769405407644808
RUNNING,,,,3076,327,2333,0.6682760786749422
RUNNING,,,,3279,3870,986,0.6154262908937409
RUNNING,,,,1269,853,3383,0.1088296960832551
RUNNING,,,,104,3104,1650,0.8716308833491988
RUNNING,,,,4424,2253,3969,0.3481728211772627
RUNNING,,,,4983,4572,1428,0.0472093729997985
RUNNING,,,,473,150,4187,0.5404768349672667
RUNNING,,,,1828,3495,920,0.3082804498102515
RUNNING,,,,3648,1862,3444,0.7827583308603615
RUNNING,,,,2502,2695,4792,0.9916137585332616
RUNNING,,,,2015,1959,2072,0.4701104834249242
RUNNING,,,,675,4083,2878,0.7373635642767883
RUNNING,,,,3862,1186,236,0.2288121824027039
RUNNING,,,,3899,4527,3013,0.5346298815148882
RUNNING,,,,638,196,107,0.056958800544124
RUNNING,,,,1973,3736,4926,0.78860526942797
RUNNING,,,,2544,1621,1943,0.298531007381156
RUNNING,,,,3606,2586,751,0.4798593751175329
RUNNING,,,,1869,2069,3617,0.9857662692291662
RUNNING,,,,509,4310,1259,0.2190632758253253
RUNNING,,,,4946,960,4359,0.7432110386961139
RUNNING,,,,4383,3288,1818,0.9183477849691176
RUNNING,,,,146,1366,3795,0.4263187358587048
RUNNING,,,,1305,4701,1153,0.6624172174066305
RUNNING,,,,3242,569,3209,0.1867009234994649
RUNNING,,,,3113,3979,4401,0.0990688816899433
RUNNING,,,,2352,743,2463,0.621284720503725
RUNNING,,,,1207,2878,2644,0.3579336206858046
RUNNING,,,,4277,2480,471,0.8657724388544447
RUNNING,,,,4117,3063,4031,0.1993945055062882
RUNNING,,,,1054,2217,1584,0.7082545379693619
RUNNING,,,,2195,3832,3289,0.4448424682732671
RUNNING,,,,2957,812,1077,0.9661590288277714
RUNNING,,,,3395,4985,2228,0.7535882769962772
RUNNING,,,,1465,364,4635,0.2789236813923343
RUNNING,,,,300,3278,391,0.5149611967832781
RUNNING,,,,4540,1454,2721,0.0220023854047991
RUNNING,,,,4787,4124,184,0.3150960510618053
RUNNING,,,,357,1223,2933,0.8383750196821055
RUNNING,,,,1711,2732,2176,0.0716110564000904
RUNNING,,,,3451,2000,4691,0.5785086807973682
RUNNING,,,,2696,3453,3540,0.6349593065293506
RUNNING,,,,2134,1826,830,0.1439247982056811
RUNNING,,,,793,4536,4126,0.8755103009325452
RUNNING,,,,4056,108,1494,0.3989214022737927
RUNNING,,,,3981,3642,1201,0.0005093795482069
RUNNING,,,,879,1715,3169,0.5247485944453627
RUNNING,,,,2059,4425,1787,0.2613364112528972
RUNNING,,,,2782,297,3833,0.7672737893733195
RUNNING,,,,3531,4250,2523,0.944669835332874
RUNNING,,,,1640,1020,594,0.4546260572948492
RUNNING,,,,437,2528,4515,0.6906634554682299
RUNNING,,,,4715,2126,2352,0.2130838265238329
RUNNING,,,,4610,4797,4888,0.3891342557922005
RUNNING,,,,219,472,1973,0.8970035579696297
RUNNING,,,,1535,3387,3053,0.1302394811912439
RUNNING,,,,3314,1267,59,0.6525467720313928
RUNNING,,,,2872,2940,1370,0.5687253466774709
RUNNING,,,,2271,2418,4246,0.0931005047966726
RUNNING,,,,970,4034,628,0.8246858903059736
RUNNING,,,,4193,689,3738,0.33268732520435
RUNNING,,,,4348,3770,2053,0.7334846369605511
RUNNING,,,,1127,874,4812,0.240495341573283
RUNNING,,,,2423,3008,295,0.9721416969607584
RUNNING,,,,3033,2271,2819,0.4973856493304483
RUNNING,,,,3156,3182,4167,0.2888084180072881
RUNNING,,,,1380,1551,1447,0.8100335265354253
RUNNING,,,,60,4885,3503,0.0433304159140214
RUNNING,,,,4457,462,861,0.552159964368306
RUNNING,,,,4870,2792,3402,0.8443401777438819
RUNNING,,,,594,1940,966,0.3676598270587623
RUNNING,,,,1793,4182,3910,0.6037581951103173
RUNNING,,,,3691,1166,1708,0.1126932027778588
RUNNING,,,,2625,4630,361,0.165272474750597
RUNNING,,,,1903,14,2758,0.6721396151390858
RUNNING,,,,719,3554,2275,0.4087883981036022
RUNNING,,,,3829,1725,4594,0.9319759146975352
RUNNING,,,,3794,3915,418,0.4865567624567076
RUNNING,,,,724,739,2698,0.9785820010660216
RUNNING,,,,1888,2824,2254,0.2430335157969035
RUNNING,,,,2649,2445,4612,0.7187536202051676
RUNNING,,,,3696,3351,3301,0.5566492342325858
RUNNING,,,,1759,1372,1060,0.0344524479242973
RUNNING,,,,619,4756,4044,0.7972535440210253
RUNNING,,,,4855,602,1568,0.2893956733468919
RUNNING,,,,4492,2648,4110,0.1210987132856622
RUNNING,,,,55,2076,1507,0.5987659837553277
RUNNING,,,,1395,4365,3524,0.3665695111502892
RUNNING,,,,3132,992,843,0.8566475836982019
RUNNING,,,,3028,4462,2154,0.9250327881797216
RUNNING,,,,2457,193,4717,0.4191449465735815
RUNNING,,,,1102,3684,162,0.6863979362562299
RUNNING,,,,4363,1585,2959,0.1622311208799481
RUNNING,,,,4208,3498,1274,0.777645592871867
RUNNING,,,,945,1849,4345,0.2543780557548627
RUNNING,,,,2305,4608,766,0.5216920153156854
RUNNING,,,,2867,125,3603,0.0147829594151116
RUNNING,,,,3290,4082,4950,0.208076389909815
RUNNING,,,,1550,1197,1918,0.699084224725794
RUNNING,,,,214,2657,3036,0.4669487182777374
RUNNING,,,,4644,1988,82,0.9435642904441804
RUNNING,,,,4701,4941,2619,0.6436230910526588
RUNNING,,,,461,338,495,0.134774490092881
RUNNING,,,,1606,3204,4377,0.8976365560677833
RUNNING,,,,3536,1440,2487,0.376308564009983
RUNNING,,,,2806,3108,1140,0.339173372068163
RUNNING,,,,2044,2240,3225,0.8138112941644154
RUNNING,,,,884,3905,1804,0.0783237750522792
RUNNING,,,,3947,827,3810,0.5713092599384486
RUNNING,,,,4031,2923,3479,0.953347611539904
RUNNING,,,,808,2346,886,0.4454592568569816
RUNNING,,,,2129,4012,4143,0.7127733373565598
RUNNING,,,,2730,643,1472,0.1904850990219041
RUNNING,,,,3466,4810,280,0.0245700891513377
RUNNING,,,,1687,547,2833,0.5001987415332347
RUNNING,,,,391,3413,2037,0.2680633597451261
RUNNING,,,,4782,1310,4825,0.760058114345651
RUNNING,,,,4564,4264,2289,0.5927984404091722
RUNNING,,,,286,1093,4579,0.0685401730065234
RUNNING,,,,1470,2553,375,0.8314023599201812
RUNNING,,,,3361,2169,2743,0.3254840343052521
RUNNING,,,,2942,3627,3935,0.3978015531212091
RUNNING,,,,2219,1643,1684,0.8878491416603326
RUNNING,,,,1020,4401,3427,0.1523617472081444
RUNNING,,,,4122,253,942,0.6299375656514428
RUNNING,,,,4282,4665,4502,0.310824138841126
RUNNING,,,,1172,67,2368,0.7875311630339362
RUNNING,,,,2376,3559,2510,0.0519827987035736
RUNNING,,,,3098,1789,610,0.5430211175283417
RUNNING,,,,3208,2758,1761,0.7401858943399042
RUNNING,,,,1310,1886,3856,0.2333073224481195
RUNNING,,,,131,4176,1175,0.9961085432047956
RUNNING,,,,4407,1103,3192,0.4729324581141583
RUNNING,,,,4941,3150,650,0.1719537269991822
RUNNING,,,,544,1495,3712,0.6649696958941407
RUNNING,,,,1845,4879,1393,0.4327733442278579
RUNNING,,,,3621,400,4220,0.9075027183504774
RUNNING,,,,2578,3807,3069,0.8663739984579383
RUNNING,,,,1968,926,46,0.3451374584265053
RUNNING,,,,653,3011,4905,0.6123905727691016
RUNNING,,,,3874,2336,1961,0.1035724558181129
RUNNING,,,,3838,3371,4735,0.6591075004373677
RUNNING,,,,689,1273,2132,0.1817183965479023
RUNNING,,,,2010,4775,2899,0.9133648989224806
RUNNING,,,,2536,505,218,0.4230086597943678
RUNNING,,,,3662,4052,1529,0.3549015921235084
RUNNING,,,,1803,680,4092,0.8605112671494483
RUNNING,,,,507,2961,787,0.0938083072363398
RUNNING,,,,4978,2388,3584,0.6182532891928219
RUNNING,,,,4448,4444,1043,0.7933747674130834
RUNNING,,,,90,289,3323,0.3010789832257665
RUNNING,,,,1273,3663,1629,0.5371774982644245
RUNNING,,,,3245,1685,3987,0.0617279394341632
RUNNING,,,,3061,2513,2676,0.2235617500592023
RUNNING,,,,2413,2132,435,0.7460290819454937
RUNNING,,,,1214,4227,4669,0.4826780156183056
RUNNING,,,,4240,1052,2193,0.990265340714436
RUNNING,,,,4085,4217,3244,0.0743986175012774
RUNNING,,,,1057,1140,1120,0.5830376409006304
RUNNING,,,,2260,2796,3752,0.3196256046952679
RUNNING,,,,2901,1927,1862,0.841163174313493
RUNNING,,,,3403,3516,515,0.8780887589253485
RUNNING,,,,1428,1753,2600,0.4036604143895208
RUNNING,,,,249,4629,2429,0.6396979632711968
RUNNING,,,,4601,25,4435,0.1465029008246026
RUNNING,,,,4823,2970,1899,0.439611782437656
RUNNING,,,,349,2300,4970,0.9630965181172824
RUNNING,,,,1650,3769,141,0.1963325883259996
RUNNING,,,,3502,885,2978,0.7030244456639512
RUNNING,,,,2694,4921,4325,0.5099481839623302
RUNNING,,,,2165,437,1293,0.0187231505837291
RUNNING,,,,849,3185,3661,0.7503086868013255
RUNNING,,,,3990,1537,707,0.2739103131975046
RUNNING,,,,3910,4714,1664,0.1250098651984706
RUNNING,,,,921,565,3954,0.6494853311637416
RUNNING,,,,2085,3314,1000,0.3860731740196235
RUNNING,,,,2765,1331,3368,0.8917743010719306
RUNNING,,,,3577,2866,4560,0.8196739510490559
RUNNING,,,,1564,2481,2309,0.3294091639473102
RUNNING,,,,424,3951,2802,0.5654465881690381
RUNNING,,,,4737,782,317,0.088087968288362
RUNNING,,,,4686,3725,2854,0.2641231369463726
RUNNING,,,,173,1623,261,0.7718019140688702
RUNNING,,,,1513,4498,4768,0.0050378633388318
RUNNING,,,,3326,234,2097,0.5275356792339124
RUNNING,,,,2831,4324,905,0.693241081774514
RUNNING,,,,2342,956,3458,0.2178220069530419
RUNNING,,,,987,2611,1412,0.9494074185106904
RUNNING,,,,4166,2033,4200,0.4572030863497406
RUNNING,,,,4326,2699,25,0.6085268576877191
RUNNING,,,,1139,2023,3087,0.1152403432147577
RUNNING,,,,2499,4118,2018,0.8468867246505803
RUNNING,,,,2986,1239,4845,0.3724278961059637
RUNNING,,,,3173,4567,3694,0.41328604065096
RUNNING,,,,1353,87,671,0.934793126260396
RUNNING,,,,18,3462,4280,0.1680900416873395
RUNNING,,,,4528,1808,1336,0.6766376130603253
RUNNING,,,,4897,3863,3877,0.9688330498343332
RUNNING,,,,577,791,1743,0.4924041922217234
RUNNING,,,,1722,3071,3135,0.7285025863216259
RUNNING,,,,3732,2198,1235,0.2371861009166575
RUNNING,,,,2613,3245,2386,0.0402994609157554
RUNNING,,,,1925,1477,4481,0.5468998662273399
RUNNING,,,,765,4978,550,0.2835486752402037
RUNNING,,,,3753,379,2567,0.8070029269110411
RUNNING,,,,3770,4966,3962,0.0878122846738435
RUNNING,,,,778,382,1672,0.5623054077283479
RUNNING,,,,1923,3258,3376,0.3301085499798879
RUNNING,,,,2605,1475,1008,0.8233607699429615
RUNNING,,,,3750,3084,2316,0.8914981988232583
RUNNING,,,,1734,2196,4567,0.3829315749447792
RUNNING,,,,574,3851,323,0.6501851358304731
RUNNING,,,,4890,794,2809,0.1286971027265302
RUNNING,,,,4516,3473,272,0.4598548723009414
RUNNING,,,,1,1805,2865,0.9511446841982192
RUNNING,,,,1360,4555,2108,0.2155958137856796
RUNNING,,,,3176,90,4779,0.6920513449059799
RUNNING,,,,2974,4106,3471,0.5301869274728
RUNNING,,,,2482,1241,918,0.0067745913140475
RUNNING,,,,1146,2712,4214,0.769576258613821
RUNNING,,,,4329,2021,1426,0.2629339377901516
RUNNING,,,,4174,2604,3101,0.6774009905793704
RUNNING,,,,989,2051,39,0.1717189160325564
RUNNING,,,,2329,4330,4858,0.9345815494893118
RUNNING,,,,2814,939,2031,0.4100870310185477
RUNNING,,,,3333,4506,682,0.3731918076161295
RUNNING,,,,1516,217,3705,0.850516132986918
RUNNING,,,,161,3718,1346,0.1150282324525527
RUNNING,,,,4669,1639,4291,0.605327314064186
RUNNING,,,,4735,3958,1749,0.804838939057756
RUNNING,,,,417,764,3883,0.2822992076505906
RUNNING,,,,1582,2859,1241,0.5496137346932664
RUNNING,,,,3589,2498,3141,0.0419768730828538
RUNNING,,,,2763,3306,4490,0.235022527976334
RUNNING,,,,2078,1348,2395,0.7272535336449742
RUNNING,,,,937,4722,2576,0.4951176457746885
RUNNING,,,,3922,548,559,0.9705100470884704
RUNNING,,,,3997,3203,2142,0.6190164415797219
RUNNING,,,,851,1530,4744,0.0974369564494118
RUNNING,,,,2153,4903,227,0.8602994689674117
RUNNING,,,,2677,444,2908,0.3517023610801435
RUNNING,,,,3509,3752,4097,0.423772349893581
RUNNING,,,,1653,893,1534,0.9169940858478656
RUNNING,,,,337,2987,3590,0.1815060606535524
RUNNING,,,,4806,2292,792,0.6559077316816895
RUNNING,,,,4598,4612,3333,0.988101127729006
RUNNING,,,,242,32,1053,0.4814283228965476
RUNNING,,,,1446,3534,3997,0.7487427290004677
RUNNING,,,,3414,1746,1639,0.2252389408153481
RUNNING,,,,2899,2813,449,0.0595641450828872
RUNNING,,,,2253,1920,2691,0.5359282241768204
RUNNING,,,,1074,4200,2207,0.3037922116465866
RUNNING,,,,4098,1148,4683,0.7950515395350753
RUNNING,,,,4257,4229,1132,0.1462274386210367
RUNNING,,,,1227,1040,3256,0.6365570042414591
RUNNING,,,,2411,2510,1874,0.4043600255542434
RUNNING,,,,3054,2144,3764,0.8817758029513992
RUNNING,,,,3262,3661,2611,0.8408872971969656
RUNNING,,,,1285,1697,527,0.3164842307525687
RUNNING,,,,87,4446,4447,0.5837376669783145
RUNNING,,,,4441,277,2440,0.0780860764402896
RUNNING,,,,4966,2958,4977,0.2765623205596581
RUNNING,,,,489,2399,1906,0.7520461738998069
RUNNING,,,,1810,4055,2985,0.0164971825485117
RUNNING,,,,3665,668,148,0.5087586722259408
RUNNING,,,,2524,4777,1301,0.705675919034984
RUNNING,,,,1993,492,4333,0.1980695414333604
RUNNING,,,,697,3369,715,0.9608710840731858
RUNNING,,,,3840,1286,3669,0.4384228046923875
RUNNING,,,,3881,3023,897,0.7578931273521855
RUNNING,,,,655,2334,3490,0.2668128930153325
RUNNING,,,,1956,3794,1483,0.5029117336583324
RUNNING,,,,2560,928,4154,0.0262466249776072
RUNNING,,,,3628,4867,2846,0.1883206497407518
RUNNING,,,,1847,403,293,0.7115234083390795
RUNNING,,,,531,3162,4839,0.448171711269766
RUNNING,,,,4925,1492,2051,0.9550236096538604
RUNNING,,,,4405,4164,4587,0.6306981578579172
RUNNING,,,,123,1105,2297,0.1559878362407907
RUNNING,,,,1327,2771,2751,0.8876346642197109
RUNNING,,,,3220,1884,383,0.3945996428192592
RUNNING,,,,3095,3571,1691,0.3262450451458804
RUNNING,,,,2369,1787,3942,0.8350288675869814
RUNNING,,,,1190,4653,948,0.0683252769317477
RUNNING,,,,4294,70,3434,0.5895961114730685
RUNNING,,,,4139,4409,2374,0.475585120406188
RUNNING,,,,1032,236,4508,0.9978466852331535
RUNNING,,,,2216,3620,616,0.2310821284209378
RUNNING,,,,2935,1660,2516,0.7389971566115506
RUNNING,,,,3378,2546,3865,0.54567336490741
RUNNING,,,,1482,2187,1770,0.05372052581897
RUNNING,,,,283,4271,3201,0.7853063839197157
RUNNING,,,,4557,1076,1184,0.3096358160257339
RUNNING,,,,4769,3406,3726,0.1032996728731319
RUNNING,,,,374,1326,664,0.6092522929979488
RUNNING,,,,1695,4818,4233,0.3458396297716535
RUNNING,,,,3468,530,1406,0.8700636026644147
RUNNING,,,,2718,4019,57,0.9072294014143758
RUNNING,,,,2111,626,3080,0.4296345304655842
RUNNING,,,,815,2916,1971,0.6656724012304097
RUNNING,,,,4034,2364,4916,0.1756438651967793
RUNNING,,,,3964,3888,2708,0.2920485905406065
RUNNING,,,,896,835,428,0.7989919409510678
RUNNING,,,,2041,3124,4622,0.0322275050776079
RUNNING,,,,2800,2233,2264,0.5554607476847246
RUNNING,,,,3553,3222,1074,0.7214061187647282
RUNNING,,,,1618,1433,3316,0.2447714940927922
RUNNING,,,,459,4924,1582,0.976357476853486
RUNNING,,,,4693,346,4058,0.4853686945430003
RUNNING,,,,4632,2674,1517,0.1619585928366519
RUNNING,,,,197,1980,4119,0.6832599113867617
RUNNING,,,,1557,4065,852,0.4198473690992221
RUNNING,,,,3292,1205,3533,0.9287226435666904
RUNNING,,,,2855,4590,4722,0.8563745179425925
RUNNING,,,,2287,132,2159,0.3634309485685079
RUNNING,,,,952,3516,2965,0.5994689439932815
RUNNING,,,,4211,1842,167,0.1247891063849441
RUNNING,,,,4370,3682,4352,0.9413990522702224
RUNNING,,,,1105,1598,1281,0.4656980003674514
RUNNING,,,,2445,4463,3610,0.7017969619492069
RUNNING,,,,3010,181,773,0.2097526708343997
RUNNING,,,,3139,4368,1926,0.0126182552322745
RUNNING,,,,1397,980,4958,0.5204418313965201
RUNNING,,,,42,2645,90,0.2570902589871548
RUNNING,,,,4475,2087,3044,0.779321339805331
RUNNING,,,,4853,4758,507,0.5720696009644307
RUNNING,,,,611,590,2631,0.0819496129044331
RUNNING,,,,1776,3349,2499,0.8135965618221089
RUNNING,,,,3708,1384,4389,0.3359712068645283
RUNNING,,,,2647,2822,3236,0.3770693199489265
RUNNING,,,,1881,2457,1152,0.9012628088328988
RUNNING,,,,741,3918,3822,0.134559342837613
RUNNING,,,,3806,727,1815,0.6404205109360627
RUNNING,,,,3811,3537,3174,0.2123203913263045
RUNNING,,,,707,1732,1207,0.6870345234445296
RUNNING,,,,1906,4648,3839,0.4548376917444169
RUNNING,,,,2632,7,1793,0.94786890264377
RUNNING,,,,3674,4199,603,0.7665099355416372
RUNNING,,,,1781,1158,2532,0.257707060595043
RUNNING,,,,596,2775,2361,0.5249606475290842
RUNNING,,,,4878,1948,4524,0.0037088654932565
RUNNING,,,,4470,4903,1988,0.3348513744573108
RUNNING,,,,76,455,4903,0.8259354192952625
RUNNING,,,,1373,3165,74,0.0903865749310702
RUNNING,,,,3154,1558,3067,0.5670478731106967
RUNNING,,,,3045,2991,4256,0.6547102835720405
RUNNING,,,,2441,2279,1380,0.1314884724682196
RUNNING,,,,1120,3787,3748,0.8942901658163405
RUNNING,,,,4346,867,638,0.3874573199377395
RUNNING,,,,4186,4032,4823,0.5524355903043411
RUNNING,,,,967,701,2065,0.0464715386762283
RUNNING,,,,2283,2942,2831,0.8093341981813311
RUNNING,,,,2890,2406,307,0.2851216567918657
RUNNING,,,,3306,3389,1459,0.4976618092576041
RUNNING,,,,1533,1255,4179,0.975283353714086
RUNNING,,,,232,4795,874,0.2397954792280681
RUNNING,,,,4627,484,3515,0.7297973417540081
RUNNING,,,,4717,2531,974,0.9293241901460104
RUNNING,,,,444,2114,3410,0.4070511938157491
RUNNING,,,,1623,4247,1716,0.6743657469067722
RUNNING,,,,3519,1031,3918,0.1664621502194553
RUNNING,,,,2785,4423,2765,0.1100418931392952
RUNNING,,,,2065,310,368,0.6020214057354256
RUNNING,,,,862,3644,4601,0.3698855439134873
RUNNING,,,,3969,1703,2282,0.8455294382997788
RUNNING,,,,4049,4548,114,0.743486439500004
RUNNING,,,,790,106,3019,0.2222041734553873
RUNNING,,,,2146,3441,1949,0.9850667194641196
RUNNING,,,,2713,1829,4933,0.4761723924911581
RUNNING,,,,3444,2720,3625,0.2988069458973593
RUNNING,,,,1709,2003,759,0.7917467047703453
RUNNING,,,,369,4137,4368,0.0562587130667641
RUNNING,,,,4804,1221,1267,0.5309423611762001
RUNNING,,,,4542,3266,3808,0.8631204891707747
RUNNING,,,,308,1457,1831,0.3561961912658065
RUNNING,,,,1448,4996,3222,0.6235106308604591
RUNNING,,,,3383,361,1167,0.1002583357478492
RUNNING,,,,2960,3845,2474,0.1840493924499489
RUNNING,,,,2201,810,4413,0.6606802066207863
RUNNING,,,,1037,3050,482,0.4285442275812849
RUNNING,,,,4105,2219,2655,0.9195368203928694
RUNNING,,,,4260,2884,1595,0.0212391716182231
RUNNING,,,,1195,2463,4041,0.5113324861705302
RUNNING,,,,2355,3972,1087,0.279135540974047
RUNNING,,,,3120,761,3299,0.756787569439318
RUNNING,,,,3225,4694,4649,0.9653954001282342
RUNNING,,,,1293,585,2241,0.4412133427475579
RUNNING,,,,148,3296,2734,0.708466812464036
RUNNING,,,,4390,1349,405,0.2025942128622904
RUNNING,,,,4959,4303,2942,0.401085672937706
RUNNING,,,,526,977,193,0.8767600513327866
RUNNING,,,,1862,2593,4700,0.1412110934722237
RUNNING,,,,3604,2051,2185,0.6332820580947212
RUNNING,,,,2556,3744,836,0.5806724174701609
RUNNING,,,,1991,1604,3546,0.0728602728092111
RUNNING,,,,631,4519,1500,0.8356618489397689
RUNNING,,,,3896,213,4132,0.3134193366182967
RUNNING,,,,3855,4100,1363,0.8826222467895596
RUNNING,,,,672,1179,4278,0.391321003388986
RUNNING,,,,2027,2678,699,0.6274198775227181
RUNNING,,,,2519,1967,3692,0.1509757779057137
RUNNING,,,,3641,3478,4881,0.063096139112208
RUNNING,,,,1825,1870,2005,0.5865351487786508
RUNNING,,,,485,4590,3123,0.3231834852000698
RUNNING,,,,5000,143,13,0.8297991325160488
RUNNING,,,,4427,3087,2549,0.505488881791383
RUNNING,,,,111,2261,582,0.0309843272335827
RUNNING,,,,1251,3887,4464,0.7626311887032352
RUNNING,,,,3267,845,2418,0.2693904002434573
RUNNING,,,,3078,4960,1228,0.4509589151364751
RUNNING,,,,2396,320,3157,0.9595522125226444
RUNNING,,,,1231,3225,1736,0.1928486553581431
RUNNING,,,,4223,1419,3899,0.7143100149543956
RUNNING,,,,4063,3333,349,0.3503377467710524
RUNNING,,,,1079,1390,2785,0.8728812886793166
RUNNING,,,,2238,4735,2341,0.1061167653578333
RUNNING,,,,2923,623,4543,0.6137498164671473
RUNNING,,,,3419,3936,3390,0.6704405893557704
RUNNING,,,,1412,718,993,0.1781905311816371
RUNNING,,,,266,2843,3976,0.9097764227731152
RUNNING,,,,4584,2427,1657,0.4344030739648267
RUNNING,,,,4840,4482,4198,0.2280516478747129
RUNNING,,,,332,172,1440,0.7337375329226254
RUNNING,,,,1668,3703,3456,0.4703249031870626
RUNNING,,,,3485,1567,932,0.994815611156728
RUNNING,,,,2672,2629,2084,0.7819972623412497
RUNNING,,,,2187,2094,4804,0.3046538844649679
RUNNING,,,,827,4345,249,0.5406917887205258
RUNNING,,,,4012,1013,2890,0.0504117596143856
RUNNING,,,,3927,2737,4433,0.4168158187101594
RUNNING,,,,903,1907,2456,0.9234619500349276
RUNNING,,,,2102,4158,2597,0.1566975402098148
RUNNING,,,,2748,1122,542,0.680228001902625
RUNNING,,,,3555,4683,1849,0.5961587488507852
RUNNING,,,,1587,49,3788,0.1198061012601479
RUNNING,,,,403,3580,1107,0.8513921100691892
RUNNING,,,,4759,1769,3280,0.3601213506774045
RUNNING,,,,4664,3825,739,0.0367264574847184
RUNNING,,,,195,908,3644,0.558279269107338
RUNNING,,,,1492,3032,1324,0.2948667528681456
RUNNING,,,,3348,2316,4308,0.8034905342631042
RUNNING,,,,2848,3129,3000,0.981126496665366
RUNNING,,,,2324,1516,134,0.4879161922143772
RUNNING,,,,1004,4860,4993,0.7239542136874981
RUNNING,,,,4150,419,1892,0.249541111156065
RUNNING,,,,4304,4831,3567,0.8161745453628712
RUNNING,,,,1161,526,818,0.3407097445282153
RUNNING,,,,2477,3432,4075,0.5768087321583181
RUNNING,,,,3008,1291,1560,0.0845281899753957
RUNNING,,,,3191,2905,211,0.1373473783908411
RUNNING,,,,1336,2365,2921,0.644949945491366
RUNNING,,,,35,3991,2125,0.381598399130348
RUNNING,,,,4511,664,4757,0.904050489012245
RUNNING,,,,4914,3609,2220,0.6967834746762179
RUNNING,,,,560,1661,4666,0.2064729615612886
RUNNING,,,,1739,4380,462,0.9381199365273118
RUNNING,,,,3716,273,2674,0.4606851066246628
RUNNING,,,,2590,4285,4024,0.2518600476035848
RUNNING,,,,1947,1073,1616,0.7762593035468832
RUNNING,,,,744,2571,3359,0.0095558635999448
RUNNING,,,,3775,2151,1030,0.5152112646390684
RUNNING,,,,3771,3604,4531,0.858264539511688
RUNNING,,,,747,1676,2358,0.3649551620321348
RUNNING,,,,1946,4385,2539,0.5972131068763323
RUNNING,,,,2592,259,601,0.1226552053031511
RUNNING,,,,3712,4290,1791,0.1636046827963553
RUNNING,,,,1743,1058,3846,0.6850279373816214
RUNNING,,,,559,2567,1204,0.417835463591665
RUNNING,,,,4915,2166,3182,0.9263449299536644
RUNNING,,,,4508,4836,640,0.7191502630418166
RUNNING,,,,39,511,3741,0.2426375744050368
RUNNING,,,,1335,3427,1383,0.978247531913314
RUNNING,,,,3192,1306,4249,0.4868929414973593
RUNNING,,,,3005,2900,3059,0.290036666427087
RUNNING,,,,2481,2379,76,0.7966142087320796
RUNNING,,,,1160,3996,4895,0.0338736285280436
RUNNING,,,,4306,649,1990,0.5572288071703165
RUNNING,,,,4148,3810,3508,0.3746915802875533
RUNNING,,,,1005,913,876,0.8992508772769942
RUNNING,,,,2321,3046,4172,0.13632739488082
RUNNING,,,,2851,2311,1462,0.6420666269441135
RUNNING,,,,3347,3144,309,0.5699356738342903
RUNNING,,,,1492,1511,2823,0.0796937497391365
RUNNING,,,,191,4846,2067,0.815120801334083
RUNNING,,,,4668,424,4816,0.3378612544819712
RUNNING,,,,4758,2752,2279,0.0143862886695191
RUNNING,,,,404,1902,4608,0.5220879287986084
RUNNING,,,,1583,4143,365,0.2547125528165138
RUNNING,,,,3559,1126,2772,0.7773094417401589
RUNNING,,,,2747,4669,3925,0.9429232731762341
RUNNING,,,,2104,54,1714,0.4675880293789319
RUNNING,,,,900,3594,3418,0.6996630683097989
RUNNING,,,,3931,1764,972,0.2074968411598354
RUNNING,,,,4011,4487,1264,0.3241111738336272
RUNNING,,,,829,158,4374,0.832773060239572
RUNNING,,,,2184,3698,756,0.0698494606258347
RUNNING,,,,2675,1581,3632,0.5914861032726242
RUNNING,,,,3484,2624,4940,0.6283203549362719
RUNNING,,,,1669,2109,1947,0.1539758414246141
RUNNING,,,,328,4349,3026,0.8894027795231901
RUNNING,,,,4844,998,111,0.3962458220875821
RUNNING,,,,4583,3328,2648,0.1898448073864914
RUNNING,,,,267,1405,485,0.7134133740902878
RUNNING,,,,1408,4740,4406,0.4460378808906301
RUNNING,,,,3423,608,2477,0.9527678432395682
RUNNING,,,,2922,3941,1169,0.7596612166073173
RUNNING,,,,2240,704,3215,0.268459046235308
RUNNING,,,,1075,2838,1833,0.5005339716698042
RUNNING,,,,4067,2442,3801,0.0242346710945479
RUNNING,,,,4220,3101,408,0.9088755471919662
RUNNING,,,,1235,2256,2727,0.431402612278331
RUNNING,,,,2395,3872,2244,0.6636604399049654
RUNNING,,,,3080,850,4642,0.1732660957658663
RUNNING,,,,3263,4945,3292,0.1051896311819553
RUNNING,,,,1255,325,1090,0.6107764432013035
RUNNING,,,,110,3240,4034,0.3435838559149764
RUNNING,,,,4428,1414,1597,0.8679297648428939
RUNNING,,,,4996,4086,4139,0.5436613775336183
RUNNING,,,,489,1184,1497,0.0513427303397096
RUNNING,,,,1824,2693,3553,0.7869525706304236
RUNNING,,,,3642,1962,833,0.311403938771598
RUNNING,,,,2515,3492,2183,0.4733293205011636
RUNNING,,,,2031,1865,4707,0.9957128213632852
RUNNING,,,,671,4575,191,0.2329721276628784
RUNNING,,,,3856,148,2949,0.7405213477480224
RUNNING,,,,3893,4308,15,0.0610883622677065
RUNNING,,,,634,962,3116,0.5378182494671084
RUNNING,,,,1989,2588,2008,0.301658321728371
RUNNING,,,,2557,2066,4874,0.7927957135817036
RUNNING,,,,3600,3739,3684,0.9898691574450582
RUNNING,,,,1866,1619,701,0.4830744165774434
RUNNING,,,,525,4524,4270,0.7463650265510194
RUNNING,,,,4960,198,1365,0.2232270464713685
RUNNING,,,,4386,2880,3906,0.4216384190422482
RUNNING,,,,152,2478,1733,0.9147382189613767
RUNNING,,,,1292,3977,3164,0.183030303886719
RUNNING,,,,3226,746,1226,0.6577977830203249
RUNNING,,,,3116,4699,2416,0.6166386981971562
RUNNING,,,,2358,571,4471,0.0954250211723148
RUNNING,,,,1193,3291,580,0.8620675247318111
RUNNING,,,,4261,1364,2557,0.3533484808093868
RUNNING,,,,4104,3281,1654,0.703663991200272
RUNNING,,,,1039,1452,3983,0.1956918054931796
RUNNING,,,,2198,4982,990,0.962517211244814
RUNNING,,,,2963,366,3397,0.440190867899172
RUNNING,,,,3382,3830,4550,0.2743064611155539
RUNNING,,,,1449,814,2339,0.7499122504908591
RUNNING,,,,304,3065,2793,0.0183872413295321
RUNNING,,,,4546,2214,347,0.5102829229014925
RUNNING,,,,4803,4534,2883,0.8425333834354765
RUNNING,,,,370,110,251,0.3182522530262358
RUNNING,,,,1705,3456,4797,0.5817257651919499
RUNNING,,,,3448,1824,2087,0.0757083665484562
RUNNING,,,,2712,2734,934,0.1481174564689397
RUNNING,,,,2147,1998,3448,0.6380812139838933
RUNNING,,,,787,4122,1442,0.4021041921584866
RUNNING,,,,4052,1226,4191,0.8796419055907986
RUNNING,,,,3967,2526,3273,0.527931131288968
RUNNING,,,,863,2128,1110,0.0046407311653718
RUNNING,,,,2062,4252,3781,0.7714662541345692
RUNNING,,,,2788,1017,1852,0.2644581252054311
RUNNING,,,,3518,4428,544,0.4578428886483423
RUNNING,,,,1624,295,2590,0.9487668924401514
RUNNING,,,,440,3640,2458,0.2172419967751949
RUNNING,,,,4721,1718,4426,0.6938194639306515
RUNNING,,,,4626,4036,1889,0.8933881608532742
RUNNING,,,,233,686,4999,0.3844557288693263
RUNNING,,,,1529,2937,131,0.6479293582526034
RUNNING,,,,3310,2420,3007,0.1265632611838169
RUNNING,,,,2888,3384,4315,0.0894584341726265
RUNNING,,,,2284,1270,1322,0.5640734932622871
RUNNING,,,,964,4800,3651,0.3280965849332511
RUNNING,,,,4190,470,736,0.820982996790856
RUNNING,,,,4342,4888,4764,0.2367906209526583
RUNNING,,,,1123,460,2122,0.7288996905861422
RUNNING,,,,2439,3179,2928,0.4927398800649679
RUNNING,,,,3046,1553,208,0.9684980894842184
RUNNING,,,,3150,3006,1558,0.8063631004246882
RUNNING,,,,1377,2274,4082,0.2841891771229915
RUNNING,,,,76,3773,816,0.547479900592938
RUNNING,,,,4471,872,3574,0.0397211029473692
RUNNING,,,,4874,3552,1033,0.3708140084156766
RUNNING,,,,600,1727,3352,0.848504141891934
RUNNING,,,,1780,4633,1619,0.1167963440348394
RUNNING,,,,3675,12,4017,0.6069734896113164
RUNNING,,,,2628,4184,2667,0.6752671229883097
RUNNING,,,,1909,1164,465,0.1694631124063394
RUNNING,,,,706,2790,4659,0.9361057294622064
RUNNING,,,,3813,1943,2222,0.4119770190969109
RUNNING,,,,3808,4753,2807,0.9832604237955064
RUNNING,,,,740,604,331,0.4901720553796738
RUNNING,,,,1885,3354,4565,0.722429974175524
RUNNING,,,,2643,1369,2323,0.247651063538622
RUNNING,,,,3709,2826,1015,0.0391041971460916
RUNNING,,,,1775,2443,3374,0.5602912006632425
RUNNING,,,,615,3913,1679,0.2930987008249387
RUNNING,,,,4849,742,3959,0.8018444182550534
RUNNING,,,,4476,3687,1418,0.5946345279447734
RUNNING,,,,41,1583,4216,0.1179160722486674
RUNNING,,,,1401,4459,910,0.8535260037085973
RUNNING,,,,3135,195,3474,0.3623771803519688
RUNNING,,,,3012,4363,4782,0.4150477852729149
RUNNING,,,,2444,995,2101,0.9218158526328392
RUNNING,,,,1108,2650,2868,0.1590752463804557
RUNNING,,,,4367,2073,265,0.6822398999677971
RUNNING,,,,4214,2659,4293,0.2502139576438814
RUNNING,,,,949,1985,1339,0.7744912775520235
RUNNING,,,,2289,4080,3707,0.0115677691075019
RUNNING,,,,2854,1200,674,0.5175889782520942
RUNNING,,,,3296,4605,2024,0.6948934531071222
RUNNING,,,,1554,127,4861,0.2049487480976618
RUNNING,,,,198,3501,32,0.940375773644261
RUNNING,,,,4631,1847,3103,0.4628190077064558
RUNNING,,,,4697,3903,567,0.1393593025043606
RUNNING,,,,455,830,2574,0.6473276777103543
RUNNING,,,,1619,3110,2403,0.3799522756799124
RUNNING,,,,3552,2237,4488,0.9022824295266532
RUNNING,,,,2803,3207,3138,0.8184304010857827
RUNNING,,,,2038,1438,1248,0.3428436642159707
RUNNING,,,,897,4938,3880,0.5749186770984903
RUNNING,,,,3962,341,1756,0.0830039430210366
RUNNING,,,,4037,3411,799,0.4490689568276516
RUNNING,,,,811,1312,3587,0.95802806231929
RUNNING,,,,2113,4813,1541,0.1951044292148202
RUNNING,,,,2717,545,4095,0.7164438527759164
RUNNING,,,,3472,4014,2905,0.5038427360137924
RUNNING,,,,1691,640,234,0.0292162454208359
RUNNING,,,,375,2921,4741,0.7646431500286796
RUNNING,,,,4768,2349,2149,0.2717681696743704
RUNNING,,,,4561,4404,4685,0.0653519390172325
RUNNING,,,,280,251,2200,0.5886690126485191
RUNNING,,,,1483,3624,2693,0.3212934859581291
RUNNING,,,,3377,1645,442,0.8282749413795769
RUNNING,,,,2939,2551,1632,0.8846342341633514
RUNNING,,,,2213,2172,4000,0.3936987988682463
RUNNING,,,,1034,4266,1046,0.6257736908120102
RUNNING,,,,4138,1091,3336,0.1492076551598496
RUNNING,,,,4295,4179,2433,0.784375065262895
RUNNING,,,,1188,1100,4449,0.3066658792811445
RUNNING,,,,2373,2756,519,0.5389236734170466
RUNNING,,,,3092,1889,2614,0.0487655803460627
RUNNING,,,,3221,3556,3767,0.2301855191869661
RUNNING,,,,1326,1791,1868,0.7359933402700349
RUNNING,,,,127,4668,3259,0.4688007194929756
RUNNING,,,,4401,65,1125,0.9929256193571724
RUNNING,,,,4925,3009,3667,0.6686725001006387
RUNNING,,,,530,2339,722,0.1765443779616616
RUNNING,,,,1851,3809,4331,0.9121541847616434
RUNNING,,,,3624,924,1308,0.4364150278478861
RUNNING,,,,2562,4881,155,0.3488135891253128
RUNNING,,,,1955,398,2982,0.8709913229281083
RUNNING,,,,659,3147,1913,0.1082505957369692
RUNNING,,,,3878,1497,4974,0.6160055828814394
RUNNING,,,,3841,2963,2043,0.186305251894053
RUNNING,,,,695,2385,4841,0.6628141300297342
RUNNING,,,,1996,4050,285,0.4266541688002645
RUNNING,,,,2520,683,2849,0.9180125697173178
RUNNING,,,,3666,4772,4157,0.8651324170054868
RUNNING,,,,1810,507,1476,0.3585739272059872
RUNNING,,,,494,3374,3493,0.6218645036888308
RUNNING,,,,4962,1271,890,0.0984902725410647
RUNNING,,,,4442,4225,3432,0.2969169280494562
RUNNING,,,,86,1055,956,0.7902224950279108
RUNNING,,,,1289,2515,3940,0.0585145464625209
RUNNING,,,,3258,2129,1698,0.5330762585368007
RUNNING,,,,3055,3666,390,0.7418403532614931
RUNNING,,,,2409,1683,2749,0.2204361511817201
RUNNING,,,,1230,4441,2304,0.987078621250484
RUNNING,,,,4254,291,4584,0.4785501023829914
RUNNING,,,,4101,4626,1192,0.5789043877541087
RUNNING,,,,1070,27,3199,0.0712141791283153
RUNNING,,,,2254,3519,1778,0.8380395513892173
RUNNING,,,,2897,1751,3863,0.3154312309622764
RUNNING,,,,3418,2798,2513,0.3995614557528868
RUNNING,,,,1442,1924,623,0.8748700260424986
RUNNING,,,,243,4215,4505,0.1433449833904393
RUNNING,,,,4597,1143,2381,0.635537884048093
RUNNING,,,,4810,3188,4918,0.9677731435108
RUNNING,,,,333,1535,1964,0.4432252780246548
RUNNING,,,,1654,4918,3082,0.7066987566996366
RUNNING,,,,3509,439,49,0.2009480931330472
RUNNING,,,,2680,3767,1399,0.023373102469556
RUNNING,,,,2150,888,4236,0.5135883530570194
RUNNING,,,,853,2973,657,0.2776112977408803
RUNNING,,,,3996,2297,3728,0.7548975181006826
RUNNING,,,,3926,3953,4060,0.6531861222051084
RUNNING,,,,934,779,1575,0.1295985029958188
RUNNING,,,,2079,2864,3318,0.8964239999166689
RUNNING,,,,2761,2484,1067,0.3897130900732241
RUNNING,,,,3593,3311,2257,0.3330832814809865
RUNNING,,,,1578,1333,4625,0.8242892623540944
RUNNING,,,,418,4717,421,0.0927643406407907
RUNNING,,,,4734,563,2711,0.5690598307149484
RUNNING,,,,4673,2609,174,0.7686438031326979
RUNNING,,,,157,2036,2962,0.2599628642212599
RUNNING,,,,1517,4326,2166,0.5234364675561897
RUNNING,,,,3332,954,4720,0.0018188774148933
RUNNING,,,,2817,4501,3530,0.2146981905267573
RUNNING,,,,2326,232,859,0.6890465145395137
RUNNING,,,,990,3723,4116,0.4530695801621302
RUNNING,,,,4172,1625,1523,0.9462227270966396
RUNNING,,,,4330,3459,3042,0.1120538767918944
RUNNING,,,,1145,1810,97,0.6043991974934935
RUNNING,,,,2486,4569,4956,0.3682393609239719
RUNNING,,,,2970,85,1933,0.8437613192751072
RUNNING,,,,3177,4121,780,0.9315799863298424
RUNNING,,,,1359,1237,3607,0.4091850539644248
RUNNING,,,,5,2697,1288,0.672475751386024
RUNNING,,,,4512,2026,4349,0.1649379628041759
RUNNING,,,,4891,4981,1808,0.4960156597588211
RUNNING,,,,573,377,3824,0.9735152681801468
RUNNING,,,,1738,3243,1144,0.2418074442747049
RUNNING,,,,3746,1480,3239,0.7321751149061136
RUNNING,,,,2606,3069,4392,0.5505456282743252
RUNNING,,,,1921,2201,2493,0.0449473847516812
RUNNING,,,,781,3865,2634,0.8115899757592007
RUNNING,,,,3766,789,500,0.2872554983345791
RUNNING,,,,3754,3849,1566,0.5664694909545593
RUNNING,,,,765,796,4051,0.0909665851089172
RUNNING,,,,1929,3086,1058,0.8265759453658014
RUNNING,,,,2609,2193,3309,0.3342115721587091
RUNNING,,,,3734,3260,4619,0.387122331678681
RUNNING,,,,1721,1473,2251,0.8946258257506415
RUNNING,,,,580,4963,2705,0.1318856046416796
RUNNING,,,,4894,384,415,0.6543148315169848
RUNNING,,,,4530,2714,2952,0.9465598569019696
RUNNING,,,,17,2019,164,0.456150270758476
RUNNING,,,,1357,4104,4709,0.6884076183512807
RUNNING,,,,3170,1244,2156,0.2109499254420399
RUNNING,,,,2987,4552,846,0.0021554695079103
RUNNING,,,,2498,92,3516,0.5265166204402222
RUNNING,,,,1143,3476,1510,0.2593245057453401
RUNNING,,,,4323,1803,4103,0.7648960757602937
RUNNING,,,,4170,3720,84,0.1670405081878416
RUNNING,,,,983,1637,3029,0.6737857125411741
RUNNING,,,,2342,4503,1920,0.4064106919329613
RUNNING,,,,2830,219,4943,0.9299640166323632
RUNNING,,,,3330,4328,3596,0.8458643986498937
RUNNING,,,,1510,941,769,0.3695498560702428
RUNNING,,,,174,2606,4338,0.6016243014709092
RUNNING,,,,4684,2048,1277,0.1104373731032945
RUNNING,,,,4741,4719,3818,0.2864306783459149
RUNNING,,,,421,550,1801,0.8080215949795208
RUNNING,,,,1566,3309,3232,0.0450984679572284
RUNNING,,,,3576,1346,1138,0.5538060803763568
RUNNING,,,,2769,2861,2484,0.7313507098304107
RUNNING,,,,2081,2496,4384,0.2382394784079864
RUNNING,,,,922,3956,492,0.9736659364727324
RUNNING,,,,3909,767,2626,0.4992756969478912
RUNNING,,,,3994,2985,4833,0.1005930393356829
RUNNING,,,,845,2295,2035,0.6231746862549334
RUNNING,,,,2166,3754,2841,0.3557997903066686
RUNNING,,,,2693,890,278,0.8635166724401526
RUNNING,,,,3506,4906,1469,0.9201158742242492
RUNNING,,,,1647,442,4150,0.4279648890786804
RUNNING,,,,351,3200,883,0.6600394554181024
RUNNING,,,,4822,1532,3486,0.1846889696164056
RUNNING,,,,4604,4202,944,0.4777255038052797
RUNNING,,,,246,1145,3420,0.9835104618817568
RUNNING,,,,1430,2810,1687,0.2205874595194123
RUNNING,,,,3401,1922,3928,0.7451010304956696
RUNNING,,,,2905,3531,2736,0.5322520785932428
RUNNING,,,,2256,1748,378,0.0549468057279475
RUNNING,,,,1058,4615,4572,0.7903733847314491
RUNNING,,,,4084,30,2292,0.3001771866494789
RUNNING,,,,4241,4449,3184,0.6329473191555589
RUNNING,,,,1213,274,1178,0.1415470027264207
RUNNING,,,,2417,3658,3848,0.877156487643253
RUNNING,,,,3057,1699,1763,0.4006895250196568
RUNNING,,,,3246,2508,613,0.3128402511567808
RUNNING,,,,1272,2147,2503,0.8362411558122373
RUNNING,,,,93,4232,2371,0.0735010556420311
RUNNING,,,,4445,1038,4495,0.5800328719338402
RUNNING,,,,4980,3366,1958,0.7552344227738678
RUNNING,,,,505,1288,4913,0.2806917632050812
RUNNING,,,,1807,4779,44,0.5129492354578338
RUNNING,,,,3659,490,3076,0.0196246159738861
RUNNING,,,,2537,4057,4227,0.2012844638151116
RUNNING,,,,2009,665,1390,0.7097786881727166
RUNNING,,,,693,2956,3719,0.44258669441659
RUNNING,,,,3834,2402,648,0.9640251910062508
RUNNING,,,,3875,3164,3577,0.2709461312770843
RUNNING,,,,652,1490,789,0.7610775508403776
RUNNING,,,,1972,4864,4084,0.029370233017113
RUNNING,,,,2574,405,1531,0.5071060925065539
RUNNING,,,,3622,3792,221,0.7156223520909436
RUNNING,,,,1843,931,2891,0.1915393677388317
RUNNING,,,,547,3026,2135,0.9581815122032536
RUNNING,,,,4938,2332,4728,0.4523317756081
RUNNING,,,,4408,4650,2191,0.1513111959625035
RUNNING,,,,129,72,4676,0.6270846473861486
RUNNING,,,,1313,3573,433,0.3909253168988041
RUNNING,,,,3205,1784,2684,0.8830191445278935
RUNNING,,,,3099,2773,3994,0.8303789008163845
RUNNING,,,,2375,1881,1626,0.3226048611664213
RUNNING,,,,1176,4162,3330,0.585895112044923
RUNNING,,,,4278,1108,1040,0.0637364307476207
RUNNING,,,,4126,4269,4443,0.9932598447717726
RUNNING,,,,1016,1079,2426,0.4718785056985914
RUNNING,,,,2220,2548,2607,0.7353516624904237
RUNNING,,,,2942,2184,513,0.2264344725108705
RUNNING,,,,3364,3622,1859,0.0490993908477015
RUNNING,,,,1467,1657,3759,0.5420010447097011
RUNNING,,,,287,4406,1117,0.3060246164144947
RUNNING,,,,4563,238,3251,0.7806244334997609
RUNNING,,,,4785,2918,709,0.6134143630590289
RUNNING,,,,387,2361,3654,0.1064519601430743
RUNNING,,,,1688,4016,1295,0.873277010520827
RUNNING,,,,3464,628,4318,0.3499408843840472
RUNNING,,,,2734,4815,2971,0.4338232740343548
RUNNING,,,,2125,532,144,0.9103550151766276
RUNNING,,,,809,3408,4963,0.1788305995455011
RUNNING,,,,4030,1324,1901,0.6698003293504938
RUNNING,,,,3950,4927,319,0.8021783924891613
RUNNING,,,,880,343,2795,0.2961762358500621
RUNNING,,,,2045,3219,2312,0.5596492679819464
RUNNING,,,,2806,1435,4553,0.0353528955683112
RUNNING,,,,3539,3122,3361,0.247984619138576
RUNNING,,,,1602,2236,1003,0.7255070905664935
RUNNING,,,,462,3890,3947,0.4895305413325317
RUNNING,,,,4699,832,1667,0.97950954085188
RUNNING,,,,4648,3513,4208,0.6796484289648943
RUNNING,,,,211,1844,1410,0.1572763596060685
RUNNING,,,,1551,4593,3466,0.9241012853238731
RUNNING,,,,3288,130,903,0.4161748256299644
RUNNING,,,,2871,4067,2094,0.3597851716367527
RUNNING,,,,2301,1202,4775,0.8517265792218968
RUNNING,,,,946,2672,258,0.1202020426520146
RUNNING,,,,4207,1983,2861,0.5957621060141362
RUNNING,,,,4364,2643,1333,0.4619972242108545
RUNNING,,,,1101,2090,4288,0.936810429357644
RUNNING,,,,2461,4370,669,0.2051029868744313
RUNNING,,,,3024,977,3701,0.6981570607803762
RUNNING,,,,3133,4466,4852,0.5167677287476136
RUNNING,,,,1393,179,2015,0.0080029588120058
RUNNING,,,,58,3679,3094,0.7746449823376722
RUNNING,,,,4488,1600,23,0.2534770313260145
RUNNING,,,,4857,3920,2559,0.0851077387253753
RUNNING,,,,617,724,553,0.5762298885743133
RUNNING,,,,1762,2820,4473,0.3400704334270209
RUNNING,,,,3692,2460,2388,0.8168155626308173
RUNNING,,,,2650,3346,1238,0.9043866401439532
RUNNING,,,,1887,1386,3128,0.3812639020686969
RUNNING,,,,728,4761,1746,0.644554032008443
RUNNING,,,,3790,588,3870,0.1377440491364337
RUNNING,,,,3825,2777,1103,0.6917168608685023
RUNNING,,,,723,1945,3266,0.2159319779415614
RUNNING,,,,1902,4196,1845,0.9515413121500984
RUNNING,,,,2626,1161,3774,0.4594589160243049
RUNNING,,,,3688,4645,2582,0.2623551035091281
RUNNING,,,,1796,9,536,0.7701558166667819
RUNNING,,,,593,3540,4418,0.0074155695094726
RUNNING,,,,4872,1730,2450,0.5295475772990845
RUNNING,,,,4454,3785,4987,0.8218078781791963
RUNNING,,,,63,870,1877,0.3316650271126069
RUNNING,,,,1379,2993,2995,0.5639223486570641
RUNNING,,,,3158,2276,119,0.0861979206709191
RUNNING,,,,3029,3167,1310,0.1273876048598438
RUNNING,,,,2427,1556,4304,0.6514972627196461
RUNNING,,,,1126,4900,725,0.3843051219764165
RUNNING,,,,4349,457,3640,0.8901281850638799
RUNNING,,,,4192,4793,2112,0.0423113850292749
RUNNING,,,,971,486,4754,0.5492775984463281
RUNNING,,,,2267,3392,198,0.281902551789768
RUNNING,,,,2876,1253,2918,0.8052348674254491
RUNNING,,,,3313,2944,4068,0.971088905557245
RUNNING,,,,1537,2403,1544,0.4945381119094788
RUNNING,,,,216,4029,3560,0.726612531261798
RUNNING,,,,4614,703,801,0.2356618539622984
RUNNING,,,,4714,3647,3343,0.4116399506912566
RUNNING,,,,438,1701,1024,0.9330251002655364
RUNNING,,,,1637,4420,4007,0.1701019471948966
RUNNING,,,,3534,312,1610,0.6790153266733511
RUNNING,,,,2781,4245,459,0.6066368361186236
RUNNING,,,,2060,1034,2662,0.1137161297511309
RUNNING,,,,875,2533,2217,0.8491425617675296
RUNNING,,,,3985,2111,4654,0.3745617971877567
RUNNING,,,,4055,4139,3110,0.2258175499642267
RUNNING,,,,794,1218,10,0.748162945815362
RUNNING,,,,2130,2718,4868,0.4807880163763649
RUNNING,,,,2700,2005,2002,0.988741149577964
RUNNING,,,,3450,3438,692,0.7953867547868751
RUNNING,,,,1713,1831,3675,0.3034567787050269
RUNNING,,,,353,4551,1356,0.5355313115537166
RUNNING,,,,4790,104,4261,0.0599598166882991
RUNNING,,,,4539,3048,1720,0.353011633814685
RUNNING,,,,302,2221,3892,0.8589871169460938
RUNNING,,,,1462,3847,1212,0.096064081093017
RUNNING,,,,3399,807,3151,0.6203871270143427
RUNNING,,,,2956,4999,4461,0.6574613546597771
RUNNING,,,,2195,359,2405,0.1799503147351555
RUNNING,,,,1050,3264,2546,0.9153768602479248
RUNNING,,,,4121,1459,569,0.4253864292252808
RUNNING,,,,4273,3293,3972,0.5081800947071983
RUNNING,,,,1211,1351,1643,0.0170769973637536
RUNNING,,,,2351,4696,3386,0.7526864487898535
RUNNING,,,,3114,583,979,0.275922267080564
RUNNING,,,,3239,3974,2325,0.4380876247919164
RUNNING,,,,1308,758,4537,0.9612065523660742
RUNNING,,,,144,2882,333,0.1984664187051355
RUNNING,,,,4384,2466,2780,0.7052802120782435
RUNNING,,,,4943,4522,243,0.8804665618469939
RUNNING,,,,513,211,2875,0.4056724092056974
RUNNING,,,,1868,3741,2079,0.6379298479677177
RUNNING,,,,3608,1606,4789,0.1448567215562797
RUNNING,,,,2540,2591,3442,0.0765324888135306
RUNNING,,,,1977,2054,927,0.5852934482480399
RUNNING,,,,637,4305,4184,0.3181014210011809
RUNNING,,,,3900,974,1435,0.8392731825139373
RUNNING,,,,3858,4587,4362,0.395911535273306
RUNNING,,,,678,145,1252,0.8863249319178984
RUNNING,,,,2014,3481,3620,0.1546175806039012
RUNNING,,,,2503,1867,744,0.6320714630120434
RUNNING,,,,3644,2680,1935,0.5911523541706613
RUNNING,,,,1831,1964,4929,0.0667721507328562
RUNNING,,,,471,4098,100,0.8334142617065459
RUNNING,,,,4984,1181,3015,0.3278617441970854
RUNNING,,,,4421,3228,478,0.0268259485954418
RUNNING,,,,108,1417,2641,0.5023326649421826
RUNNING,,,,1267,4957,2470,0.2661733009641058
RUNNING,,,,3280,322,4399,0.7585338636700995
RUNNING,,,,3072,3884,3207,0.955359539374616
RUNNING,,,,2392,848,1161,0.4478369927971623
RUNNING,,,,1247,3089,3793,0.7111272101849317
RUNNING,,,,4236,2258,1825,0.1887170358151197
RUNNING,,,,4079,2845,2718,0.868751741840504
RUNNING,,,,1092,2424,399,0.3471493937036022
RUNNING,,,,2232,3933,4632,0.6106225170047022
RUNNING,,,,2920,721,2235,0.1019263360888697
RUNNING,,,,3435,4732,1084,0.174087657850515
RUNNING,,,,1425,625,3287,0.6672255627806298
RUNNING,,,,260,3335,1592,0.4312491009946912
RUNNING,,,,4580,1388,4029,0.905612667011842
RUNNING,,,,4827,4342,1487,0.738417864623852
RUNNING,,,,317,1015,4129,0.2316612287672236
RUNNING,,,,1671,2631,823,0.998486245654244
RUNNING,,,,3491,2091,3543,0.4749443524581379
RUNNING,,,,2659,3705,4693,0.3092999216563068
RUNNING,,,,2171,1565,2169,0.7856411377436481
RUNNING,,,,831,4479,2935,0.0541166886217892
RUNNING,,,,4018,175,176,0.5452769434817135
RUNNING,,,,3943,3577,2345,0.9271666557707824
RUNNING,,,,917,1771,4517,0.4214007501997985
RUNNING,,,,2096,4686,587,0.6848737562833354
RUNNING,,,,2744,47,2526,0.1603411328015848
RUNNING,,,,3571,4160,3836,0.1234765124861151
RUNNING,,,,1600,1119,1780,0.6007779748503119
RUNNING,,,,396,2735,3171,0.3648013995680026
RUNNING,,,,4755,1909,1194,0.8550014081510715
RUNNING,,,,4650,4863,3735,0.5551250728656538
RUNNING,,,,179,417,635,0.0325624784518964
RUNNING,,,,1495,3126,4243,0.7993873781213536
RUNNING,,,,3354,1518,1377,0.2916514434823766
RUNNING,,,,2835,3030,67,0.4847886694803834
RUNNING,,,,2308,2319,3050,0.9769358441248536
RUNNING,,,,1007,3827,1981,0.245411281506624
RUNNING,,,,4156,905,4886,0.7207655778094195
RUNNING,,,,4308,3993,868,0.3375272225693799
RUNNING,,,,1167,661,3500,0.8120432086304761
RUNNING,,,,2464,2903,1454,0.080335740098916
RUNNING,,,,2992,2367,4164,0.5736870330905541
RUNNING,,,,3194,3429,2817,0.641733129022643
RUNNING,,,,1342,1293,302,0.1332503361683338
RUNNING,,,,22,4834,4809,0.899892333645653
RUNNING,,,,4496,524,2060,0.3784424055526964
RUNNING,,,,4908,2569,4597,0.2100883735624141
RUNNING,,,,556,2154,2268,0.7014620164838619
RUNNING,,,,1755,4287,2761,0.4653025352882221
RUNNING,,,,3729,1070,354,0.9417961714195088
RUNNING,,,,2584,4383,1700,0.779901389055699
RUNNING,,,,1944,271,3912,0.2565119159035384
RUNNING,,,,760,3606,958,0.5198020197949372
RUNNING,,,,3788,1663,3405,0.0132587719998322
RUNNING,,,,3783,4394,762,0.1925351560553535
RUNNING,,,,754,260,3628,0.7151129924735053
RUNNING,,,,1938,3595,1270,0.451639897081349
RUNNING,,,,2579,1674,4370,0.9593605897159316
RUNNING,,,,3725,2561,3021,0.7623368014450184
RUNNING,,,,1751,2162,116,0.2701743847961537
RUNNING,,,,552,4296,4935,0.5061507516916841
RUNNING,,,,4904,1061,1952,0.0308116973932832
RUNNING,,,,4501,3421,4410,0.3238455262752249
RUNNING,,,,27,1302,2472,0.8296266738506034
RUNNING,,,,1348,4842,2652,0.0628015657943673
RUNNING,,,,3200,515,480,0.5873189472717232
RUNNING,,,,2996,4004,1829,0.6281009115642868
RUNNING,,,,2468,650,3806,0.1507842071956954
RUNNING,,,,1171,2892,1164,0.8823086805053055
RUNNING,,,,4312,2378,3220,0.3921239139266312
RUNNING,,,,4160,3038,2239,0.5414892886443063
RUNNING,,,,1011,2310,4646,0.050100403718464
RUNNING,,,,2313,3818,402,0.7818077829414047
RUNNING,,,,2839,914,2732,0.3053293888145126
RUNNING,,,,3359,4852,4039,0.4711110311466268
RUNNING,,,,1501,427,1593,0.994515746303182
RUNNING,,,,185,3137,3297,0.2278735404390841
RUNNING,,,,4656,1507,1085,0.7344015462297945
RUNNING,,,,4751,4149,3549,0.9095984865123407
RUNNING,,,,392,1130,839,0.4350672584468499
RUNNING,,,,1596,2746,4135,0.6712265312557107
RUNNING,,,,3567,1899,1503,0.1778904802684672
RUNNING,,,,2739,3585,195,0.105927338054683
RUNNING,,,,2091,1762,2944,0.6144253729133866
RUNNING,,,,911,4678,2187,0.3511351797133683
RUNNING,,,,3938,55,4702,0.8725698658019304
RUNNING,,,,4024,3697,2534,0.7247361143724061
RUNNING,,,,836,1573,605,0.2492446400300599
RUNNING,,,,2177,4488,4526,0.980952140191756
RUNNING,,,,2664,166,2363,0.4885763354813679
RUNNING,,,,3495,4353,1210,0.2956677655976265
RUNNING,,,,1676,1004,3178,0.8031750701706856
RUNNING,,,,321,2620,1796,0.0365329889665357
RUNNING,,,,4831,2102,3842,0.5589584053407421
RUNNING,,,,4574,4743,1379,0.851198574569542
RUNNING,,,,255,614,4255,0.3608004199293441
RUNNING,,,,1420,3324,636,0.5969598136769607
RUNNING,,,,3430,1399,3747,0.1194906892644241
RUNNING,,,,2915,2836,4899,0.1565229976765811
RUNNING,,,,2228,2433,1984,0.6808879591099917
RUNNING,,,,1088,3942,3064,0.4175978905699215
RUNNING,,,,4075,713,70,0.9231656500837766
RUNNING,,,,4232,3874,4178,0.0092577253797091
RUNNING,,,,1243,859,1458,0.515999119231943
RUNNING,,,,2388,3100,3514,0.2525261447785422
RUNNING,,,,3068,2247,872,0.7760832799790426
RUNNING,,,,3275,3237,2061,0.9378104263428598
RUNNING,,,,1262,1409,4820,0.461484452259913
RUNNING,,,,102,4948,303,0.6974609438153914
RUNNING,,,,4415,331,2828,0.2062854469510726
RUNNING,,,,4989,2689,369,0.3822758012880571
RUNNING,,,,475,1956,2767,0.9038629074205644
RUNNING,,,,1835,4090,2283,0.1370379203030839
RUNNING,,,,3648,1190,4603,0.645749343223311
RUNNING,,,,2509,4576,3413,0.5774746432736516
RUNNING,,,,2019,156,977,0.0843519803479313
RUNNING,,,,684,3492,3921,0.8158765783174894
RUNNING,,,,3864,1856,1719,0.341497770295944
RUNNING,,,,3905,2580,3785,0.8941139561888761
RUNNING,,,,643,2065,1847,0.3881232310530729
RUNNING,,,,1983,4316,3277,0.655498309339769
RUNNING,,,,2545,963,1105,0.131190505422838
RUNNING,,,,3612,4530,2454,0.0901989933393895
RUNNING,,,,1872,202,4431,0.5677252752684055
RUNNING,,,,517,3732,539,0.3356507721892558
RUNNING,,,,4947,1615,2595,0.8256259612075053
RUNNING,,,,4379,3983,137,0.5257599931643344
RUNNING,,,,139,750,3003,0.0033993553088046
RUNNING,,,,1303,2874,1895,0.7663224209314212
RUNNING,,,,3233,2474,4995,0.2583845297342166
RUNNING,,,,3109,3282,3646,0.4556255463372915
RUNNING,,,,2347,1362,741,0.9475707644235342
RUNNING,,,,1206,4707,4310,0.212144367758464
RUNNING,,,,4269,572,1327,0.687700620619487
RUNNING,,,,4117,4991,2924,0.3705455011208541
RUNNING,,,,1046,367,214,0.8453548957665451
RUNNING,,,,2191,3272,4760,0.1097455931881442
RUNNING,,,,2952,1450,2128,0.6028034775951877
RUNNING,,,,3393,3059,820,0.6750448161587119
RUNNING,,,,1456,2210,3569,0.166268614719808
RUNNING,,,,296,3836,1562,0.9290087781502864
RUNNING,,,,4533,818,4077,0.4078522586419247
RUNNING,,,,4794,3449,1614,0.2394800151356495
RUNNING,,,,357,1820,4021,0.7305983544834889
RUNNING,,,,1717,4540,1027,0.4983409454910084
RUNNING,,,,3454,114,3357,0.9750898851959034
RUNNING,,,,2705,4130,4664,0.809037727055326
RUNNING,,,,2135,1227,2218,0.2859035574767738
RUNNING,,,,800,2726,2672,0.5530957335713319
RUNNING,,,,4060,1997,460,0.0462971822026185
RUNNING,,,,3979,4254,2004,0.4292197840275243
RUNNING,,,,870,1026,4880,0.9193473930897192
RUNNING,,,,2054,2524,11,0.1837379695725627
RUNNING,,,,2776,2120,3122,0.6614776395631022
RUNNING,,,,3530,3636,4274,0.6241748153424822
RUNNING,,,,1632,1712,1359,0.1000803994870744
RUNNING,,,,434,4431,3689,0.8628204382576047
RUNNING,,,,4710,301,695,0.3569821331657468
RUNNING,,,,4619,2933,3159,0.0559588482132181
RUNNING,,,,221,2414,1230,0.5317284891357645
RUNNING,,,,1542,4040,3901,0.2994709592045284
RUNNING,,,,3318,692,1738,0.7915685973347165
RUNNING,,,,2880,4801,585,0.984755363568198
RUNNING,,,,2271,478,2553,0.4769698924149386
RUNNING,,,,975,3384,2421,0.7441619438495487
RUNNING,,,,4197,1261,4467,0.2220146940555423
RUNNING,,,,4354,3178,994,0.8354702782297507
RUNNING,,,,1130,1545,3392,0.3141003706598654
RUNNING,,,,2431,4889,1658,0.5814753280078061
RUNNING,,,,3033,468,3978,0.0725467065249569
RUNNING,,,,3163,3777,2788,0.1410386348067782
RUNNING,,,,1384,878,352,0.6339440991698763
RUNNING,,,,68,3002,4546,0.4018694714307785
RUNNING,,,,4460,2268,2344,0.876465478014946
RUNNING,,,,4867,4636,4803,0.7092507970167324
RUNNING,,,,588,18,2083,0.2022998256040736
RUNNING,,,,1792,3548,2889,0.9652227702879346
RUNNING,,,,3683,1722,247,0.441875212647859
RUNNING,,,,2620,2788,1436,0.2799385184931568
RUNNING,,,,1897,1934,4195,0.7564740701365285
RUNNING,,,,718,4186,928,0.0210475488115102
RUNNING,,,,3819,1172,3453,0.5120134681154042
RUNNING,,,,3795,3357,1537,0.0675392680503427
RUNNING,,,,732,1375,4101,0.589896095404774
RUNNING,,,,1892,4749,795,0.3264230335033498
RUNNING,,,,2654,598,3593,0.8343647352016531
RUNNING,,,,3698,3911,4746,0.8868372833740897
RUNNING,,,,1768,733,2143,0.3949111177933402
RUNNING,,,,622,2828,2910,0.6308875181796028
RUNNING,,,,4862,2451,229,0.1553122128130867
RUNNING,,,,4484,4458,2687,0.4483612576510757
RUNNING,,,,54,187,446,0.9543481722857802
RUNNING,,,,1389,3688,4680,0.1875230977202765
RUNNING,,,,3129,1591,2204,0.7118347121383062
RUNNING,,,,3018,2654,1051,0.5030897889972664
RUNNING,,,,2456,2079,3332,0.0255825595737434
RUNNING,,,,1096,4359,1637,0.7571070663740858
RUNNING,,,,4358,988,3996,0.2671128248503431
RUNNING,,,,4201,4076,523,0.6659669075667857
RUNNING,,,,941,1193,2608,0.1748599997222423
RUNNING,,,,2296,2663,2437,0.9065674124359152
RUNNING,,,,2866,1991,4444,0.4298070412277243
RUNNING,,,,3284,3502,3255,0.3461532481526024
RUNNING,,,,1547,1855,1131,0.8692607442234643
RUNNING,,,,207,4604,3763,0.1026185718500986
RUNNING,,,,4644,119,1873,0.6094437967265025
RUNNING,,,,4705,3111,4336,0.7846254689563065
RUNNING,,,,468,2246,1304,0.3098275058139115
RUNNING,,,,1608,3902,3672,0.5459868121135047
RUNNING,,,,3545,821,718,0.0529174962031655
RUNNING,,,,2810,4935,1907,0.2304202064239419
RUNNING,,,,2049,335,4979,0.7391697343551554
RUNNING,,,,884,3211,150,0.4758795746458694
RUNNING,,,,3955,1444,2987,0.9970627676619216
RUNNING,,,,4026,4806,4569,0.5997783350995741
RUNNING,,,,804,541,2318,0.1239896416715346
RUNNING,,,,2121,3417,2811,0.8556971678815782
RUNNING,,,,2730,1316,326,0.3636185822568833
RUNNING,,,,3459,2929,1675,0.4201453882412984
RUNNING,,,,1683,2350,3965,0.9279346698956564
RUNNING,,,,382,4006,1011,0.1612926147398538
RUNNING,,,,4780,640,3379,0.6834360540327616
RUNNING,,,,4567,3633,916,0.9756914466599934
RUNNING,,,,291,1646,3469,0.4855447850923053
RUNNING,,,,1471,4395,1423,0.7217042048882693
RUNNING,,,,3369,249,4211,0.2439835874032229
RUNNING,,,,2947,4261,2862,0.0315499838417395
RUNNING,,,,2225,1087,269,0.555648210198246
RUNNING,,,,1022,2557,4776,0.292358167706523
RUNNING,,,,4131,2175,2106,0.7981926622972823
RUNNING,,,,4283,2762,3702,0.1337582110299728
RUNNING,,,,1182,1892,680,0.640735855950322
RUNNING,,,,2381,4173,4288,0.3772629075452685
RUNNING,,,,3104,1097,1344,0.9005837916776537
RUNNING,,,,3209,4659,36,0.8128145420590415
RUNNING,,,,1318,64,3098,0.336267558912374
RUNNING,,,,134,3565,2029,0.5722440765161999
RUNNING,,,,4413,1793,4856,0.0812895887156017
RUNNING,,,,4933,3801,2397,0.2572646824422292
RUNNING,,,,541,923,4492,0.7786612635198049
RUNNING,,,,1838,3017,561,0.0118363024506717
RUNNING,,,,3617,2340,2578,0.5207382504258304
RUNNING,,,,2570,3154,3886,0.7019903783706947
RUNNING,,,,1968,1501,1752,0.2090734825043007
RUNNING,,,,647,4875,3143,0.9405981065222062
RUNNING,,,,3871,394,1244,0.4660135314413346
RUNNING,,,,3829,4046,3312,0.7688970702837221
RUNNING,,,,689,676,1071,0.2631273542116396
RUNNING,,,,2005,2967,4055,0.5305024585466832
RUNNING,,,,2533,2391,1579,0.0059736455660313
RUNNING,,,,3653,3375,426,0.2149357375001534
RUNNING,,,,1801,1279,2707,0.6922257683610543
RUNNING,,,,500,4771,2262,0.4601512913302518
RUNNING,,,,4974,499,4621,0.9503627314166164
RUNNING,,,,4449,2516,2162,0.6504814878783188
RUNNING,,,,97,2138,4726,0.1279150829634629
RUNNING,,,,1276,4223,170,0.8908381746344268
RUNNING,,,,3250,1046,2968,0.3831060504965483
RUNNING,,,,3063,4437,4121,0.330423894994147
RUNNING,,,,2422,285,1518,0.8225596381353214
RUNNING,,,,1219,3669,3535,0.0871332675185985
RUNNING,,,,4247,1688,854,0.5624989953246899
RUNNING,,,,4090,3522,4961,0.4953051082882098
RUNNING,,,,1063,1757,1929,0.969832525852602
RUNNING,,,,2262,4623,3047,0.2342232493225485
RUNNING,,,,2910,22,93,0.7275631108108906
RUNNING,,,,3405,4213,1282,0.5497898252425714
RUNNING,,,,1434,1134,4354,0.041310842889361
RUNNING,,,,250,2799,775,0.8040510323681868
RUNNING,,,,4609,1933,3612,0.2825972937741316
RUNNING,,,,4816,4917,1148,0.1142402587815187
RUNNING,,,,345,431,3233,0.6056253332062624
RUNNING,,,,1642,3189,1812,0.3733679502621293
RUNNING,,,,3500,1543,3819,0.84985015489012
RUNNING,,,,2688,2976,2630,0.9337820847759022
RUNNING,,,,2162,2303,506,0.4103964221248402
RUNNING,,,,841,3763,4388,0.6775886242677457
RUNNING,,,,3990,881,2498,0.1710415659715421
RUNNING,,,,3913,2870,291,0.3039647893901914
RUNNING,,,,926,2487,2844,0.7943896175380795
RUNNING,,,,2086,3947,2048,0.0587802275116555
RUNNING,,,,2773,775,4836,0.5362226784165017
RUNNING,,,,3581,4708,3487,0.7489344187886454
RUNNING,,,,1571,561,894,0.2245580258519388
RUNNING,,,,426,3320,4152,0.9872980981132016
RUNNING,,,,4746,1335,1481,0.4817417701026424
RUNNING,,,,4680,4317,3944,0.1807032022126018
RUNNING,,,,170,953,1693,0.6562213500626384
RUNNING,,,,1506,2617,3436,0.4239638536221347
RUNNING,,,,3325,2037,951,0.9163129848248324
RUNNING,,,,2824,3729,2300,0.8595156034928747
RUNNING,,,,2337,1629,4590,0.3519968674165196
RUNNING,,,,977,4495,386,0.6191889523418619
RUNNING,,,,4165,228,2754,0.0967749674709513
RUNNING,,,,4317,4563,1772,0.960207018669322
RUNNING,,,,1137,81,3867,0.4386008600313216
RUNNING,,,,2492,3465,1186,0.7059758508699945
RUNNING,,,,2982,1814,3203,0.1972834804552607
RUNNING,,,,3166,2705,4511,0.0158217451804317
RUNNING,,,,1353,2027,2377,0.5089482186072505
RUNNING,,,,12,4112,2518,0.2768736243588849
RUNNING,,,,4526,1236,619,0.7512486218793317
RUNNING,,,,4899,3252,3077,0.5840491419523954
RUNNING,,,,586,1481,55,0.0772886955946683
RUNNING,,,,1726,4972,4914,0.8402116737692616
RUNNING,,,,3739,375,1969,0.3166735910742543
RUNNING,,,,2613,3860,661,0.4046600094859488
RUNNING,,,,1933,785,3723,0.8809897940699942
RUNNING,,,,769,3075,1404,0.1455633062357082
RUNNING,,,,3758,2204,4231,0.6367349925989285
RUNNING,,,,3761,3078,2836,0.4823835018395445
RUNNING,,,,776,2192,282,0.991049198746588
RUNNING,,,,1916,3857,4828,0.2242237315952777
RUNNING,,,,2601,797,2039,0.7458565637409686
RUNNING,,,,3742,4970,889,0.5368638724410906
RUNNING,,,,1734,388,3481,0.0625307904327288
RUNNING,,,,569,3254,1475,0.7940558609937317
RUNNING,,,,4886,1469,4146,0.3008874720548279
RUNNING,,,,4518,4109,1682,0.0944892296421341
RUNNING,,,,10,1247,3933,0.6180616068470292
RUNNING,,,,1365,2708,940,0.3545881523597985
RUNNING,,,,3182,2015,3425,0.8613143042076378
RUNNING,,,,2975,3467,4576,0.9140268283618614
RUNNING,,,,2490,1802,2286,0.422836089493148
RUNNING,,,,1149,4561,2740,0.6588130536400711
RUNNING,,,,4334,94,372,0.182502321561519
RUNNING,,,,4177,4512,3854,0.7510946882403455
RUNNING,,,,995,221,1759,0.2736103218234143
RUNNING,,,,2330,3711,3190,0.5097701881624757
RUNNING,,,,2822,1636,1173,0.0193872755266726
RUNNING,,,,3338,2601,2366,0.1971299617292359
RUNNING,,,,1522,2045,4499,0.7027129632474854
RUNNING,,,,162,4334,608,0.4394224146735854
RUNNING,,,,4678,945,2507,0.9637721341026017
RUNNING,,,,4729,3303,49,0.6395084243322722
RUNNING,,,,414,1342,3071,0.1471783456350676
RUNNING,,,,1573,4726,1963,0.8788863183882087
RUNNING,,,,3589,554,4907,0.4033491180326789
RUNNING,,,,2756,3964,3715,0.3194475567987188
RUNNING,,,,2074,768,653,0.8418272471597417
RUNNING,,,,929,2853,4222,0.0751846859217621
RUNNING,,,,3920,2495,1395,0.5827377165080047
RUNNING,,,,4001,3756,1064,0.9502085428759456
RUNNING,,,,858,899,3305,0.4568877338930964
RUNNING,,,,2155,2983,1571,0.6930474867357871
RUNNING,,,,2686,2286,4047,0.2185010166659019
RUNNING,,,,3513,3197,2700,0.0058198756595142
RUNNING,,,,1658,1526,419,0.5272393197436815
RUNNING,,,,338,4910,4614,0.2639486539522185
RUNNING,,,,4814,447,2255,0.7724619308153167
RUNNING,,,,4592,2807,4714,0.5652721721563488
RUNNING,,,,237,1916,2150,0.0887480520162731
RUNNING,,,,1436,4206,2956,0.8204559112730436
RUNNING,,,,3413,1151,158,0.3291127523603848
RUNNING,,,,2893,4616,1506,0.3858797650405205
RUNNING,,,,2250,39,4108,0.8924534968444146
RUNNING,,,,1066,3530,841,0.1258108183888718
RUNNING,,,,4097,1740,3522,0.6491698075322434
RUNNING,,,,4250,3657,1915,0.2832392766915261
RUNNING,,,,1226,1691,4947,0.8078023841820657
RUNNING,,,,2405,4450,79,0.0409768035343848
RUNNING,,,,3051,283,3033,0.5467122250965796
RUNNING,,,,3253,4235,4344,0.7282045597371644
RUNNING,,,,1284,1044,1272,0.2379740671453066
RUNNING,,,,80,2504,3602,0.9694990204887464
RUNNING,,,,4437,2141,765,0.4922280421333387
RUNNING,,,,4966,4783,3228,0.1687560793232172
RUNNING,,,,498,496,1143,0.6764615299534052
RUNNING,,,,1814,3363,3814,0.412987961969804
RUNNING,,,,3670,1282,1807,0.9355810403923503
RUNNING,,,,2526,2954,496,0.8475642533288336
RUNNING,,,,2002,2393,2620,0.3722404410348273
RUNNING,,,,701,4059,2488,0.6082172879641875
RUNNING,,,,3847,674,4378,0.1160396293109282
RUNNING,,,,3884,4873,2307,0.6862104811850935
RUNNING,,,,664,407,4558,0.1629086495582014
RUNNING,,,,1960,3155,315,0.9258320742758922
RUNNING,,,,2567,1489,2800,0.4188353768500499
RUNNING,,,,3629,3020,3951,0.3663934280433692
RUNNING,,,,1855,2328,1661,0.8573136213340796
RUNNING,,,,534,3798,3365,0.1218866274176165
RUNNING,,,,4930,934,997,0.5984679050741716
RUNNING,,,,4395,3567,3461,0.7980415102496742
RUNNING,,,,122,1780,907,0.2890976467624306
RUNNING,,,,1320,4657,4203,0.556473084144201
RUNNING,,,,3216,76,1414,0.0351184185787104
RUNNING,,,,3088,4170,264,0.243832973067928
RUNNING,,,,2368,1109,2856,0.7184442216564901
RUNNING,,,,1184,2765,2100,0.4863691213259473
RUNNING,,,,4291,1880,4771,0.9792593436846508
RUNNING,,,,4133,2540,674,0.0790029708247631
RUNNING,,,,1029,2183,3696,0.5711158509593456
RUNNING,,,,2209,4277,1338,0.3388578484366647
RUNNING,,,,2935,1080,4282,0.8146122473548166
RUNNING,,,,3371,4413,3090,0.8982966397956945
RUNNING,,,,1478,242,28,0.3761341479972936
RUNNING,,,,274,3616,4847,0.6433266794657334
RUNNING,,,,4555,1654,2020,0.1355564503168687
RUNNING,,,,4773,4022,4479,0.4666523587875068
RUNNING,,,,379,632,2384,0.9443463027648628
RUNNING,,,,1695,2912,2565,0.2087364066562615
RUNNING,,,,3476,2358,548,0.6989097417316399
RUNNING,,,,2722,3400,1741,0.5213766628590412
RUNNING,,,,2118,1323,3874,0.0155840837803669
RUNNING,,,,817,4824,1232,0.7783246025847271
RUNNING,,,,4043,534,3132,0.2541844607161358
RUNNING,,,,3957,3218,4089,0.1530258200543932
RUNNING,,,,892,1427,1525,0.6297595177548936
RUNNING,,,,2032,4928,3581,0.3975016287285834
RUNNING,,,,2797,352,783,0.8886352100808173
RUNNING,,,,3548,3894,2131,0.8320778047306462
RUNNING,,,,1615,838,4733,0.3252944953663274
RUNNING,,,,451,3118,216,0.5924871440523303
RUNNING,,,,4693,2229,2897,0.0693377324693836
RUNNING,,,,4636,4597,438,0.2677518773286603
RUNNING,,,,204,135,2680,0.7608554877488873
RUNNING,,,,1559,3510,2196,0.0252457051366567
RUNNING,,,,3301,1838,4672,0.5000093737691641
RUNNING,,,,2858,2670,3325,0.7124733459824695
RUNNING,,,,2293,1974,1044,0.1912711004609241
RUNNING,,,,953,4069,3989,0.9540117364828474
RUNNING,,,,4218,1211,1630,0.4452812610571272
RUNNING,,,,4371,4372,2603,0.6122180024678819
RUNNING,,,,1113,986,518,0.1042343852574937
RUNNING,,,,2448,2641,4439,0.867157923471555
RUNNING,,,,3016,2081,2432,0.3448430116292089
RUNNING,,,,3141,3676,1121,0.4325816618820652
RUNNING,,,,1407,1594,3245,0.9081836407562716
RUNNING,,,,47,4470,1863,0.1727567640573717
RUNNING,,,,4481,184,3753,0.6646562561304308
RUNNING,,,,4845,2816,1290,0.9969113942033612
RUNNING,,,,611,2454,4322,0.4726188322908245
RUNNING,,,,1770,3924,704,0.7399943831689655
RUNNING,,,,3705,731,3658,0.2339884160287678
RUNNING,,,,2638,4761,4969,0.0527666567357257
RUNNING,,,,1879,596,1897,0.5427266037495807
RUNNING,,,,734,3345,2977,0.310651620636601
RUNNING,,,,3802,1378,140,0.7881931445700116
RUNNING,,,,3817,4192,4873,0.357136128204409
RUNNING,,,,710,1155,1997,0.8660838021927512
RUNNING,,,,1913,2781,3115,0.0992583685321733
RUNNING,,,,2633,1952,4,0.6206092235965655
RUNNING,,,,3681,3541,1352,0.661631096889451
RUNNING,,,,1785,1738,4267,0.1870007957953959
RUNNING,,,,606,4644,688,0.9185258998471312
RUNNING,,,,4879,1,3681,0.4256547299939207
RUNNING,,,,4467,2995,1217,0.2192412046437151
RUNNING,,,,71,2285,3146,0.7425468467717059
RUNNING,,,,1372,3784,1725,0.4790734257752075
RUNNING,,,,3146,861,3888,0.9860663126999512
RUNNING,,,,3041,4897,2541,0.7887946892887354
RUNNING,,,,2434,451,573,0.2978554434925317
RUNNING,,,,1118,3171,4455,0.5338324411301874
RUNNING,,,,4337,1561,2409,0.0572702159791253
RUNNING,,,,4184,3395,3382,0.8758238076777197
RUNNING,,,,958,1259,984,0.3981184321970678
RUNNING,,,,2279,4789,3968,0.6342783320268615
RUNNING,,,,2883,481,1648,0.144116428454779
RUNNING,,,,3306,4028,338,0.0719054511006921
RUNNING,,,,1525,695,2774,0.5777247036870568
RUNNING,,,,228,2946,2330,0.3144341886038891
RUNNING,,,,4622,2412,4532,0.83854765696479
RUNNING,,,,4727,4419,2073,0.514299148265738
RUNNING,,,,446,304,4793,0.0221748366278596
RUNNING,,,,1630,3648,238,0.753882842871733
RUNNING,,,,3523,1709,2879,0.278139875456877
RUNNING,,,,2792,2537,4190,0.4441614267893135
RUNNING,,,,2066,2118,1431,0.9663505920954047
COMPLETED,0.5799999999999998,100.0,0.95,868,4241,3448,0.1997080643481574
COMPLETED,0.6199999999999999,976.0,1.0,3972,1028,923,0.7074516199893318
COMPLETED,0.6099999999999999,128.0,0.99,4048,2724,1841,0.8249840359685942
COMPLETED,0.35,11.0,0.01,783,2009,3779,0.3318994780538603
COMPLETED,0.3599999999999999,19.0,0.69,2143,4133,1099,0.5680592569448984
COMPLETED,0.3599999999999999,15.0,0.02,2708,1215,3272,0.093276535806898
COMPLETED,0.6099999999999999,784.0,0.98,3442,4542,4422,0.1305489988180808
COMPLETED,0.3,9.0,0.0,1700,102,2445,0.6517474338385276
COMPLETED,0.54,52.0,0.41,365,3447,2586,0.3884567940954118
COMPLETED,0.6,92.0,1.0,4797,1833,531,0.8971910800222306
COMPLETED,0.6,186.0,0.99,4550,3839,2989,0.6899860458681359
COMPLETED,0.54,58.0,0.45,308,806,123,0.2132714006731286
COMPLETED,0.3099999999999999,13.0,0.02,1453,3057,4982,0.9449792859782464
COMPLETED,0.6099999999999999,272.0,1.0,3386,2222,1881,0.4538266521205194
COMPLETED,0.5,45.0,0.99,2969,3270,730,0.2606704926951788
COMPLETED,0.33,9.0,0.02,2204,1463,3635,0.7674499915583991
COMPLETED,0.47,29.0,0.27,1044,4993,1316,0.0008073391512036
COMPLETED,0.28,10.0,0.0,4109,355,4299,0.523960561235249
COMPLETED,0.4899999999999999,36.0,0.9,4267,4690,202,0.4080065048610791
COMPLETED,0.3,8.0,0.01,1199,579,2912,0.9322723932659251
COMPLETED,0.5,42.0,0.99,2363,3299,2116,0.1654468386665917
COMPLETED,0.39,12.0,0.02,3122,1355,4748,0.6714794793144799
COMPLETED,0.33,12.0,0.04,3231,2891,3556,0.6029571898232214
COMPLETED,0.57,57.0,0.76,1296,2466,807,0.1130086743126623
COMPLETED,0.32,8.0,0.0,156,3966,4064,0.8445336537044495
COMPLETED,0.3099999999999999,14.0,0.01,4390,757,1549,0.3669806982677429
COMPLETED,0.34,12.0,0.05,4954,3750,4012,0.0435239439712837
COMPLETED,0.5899999999999999,6732.0,0.99,520,1608,1605,0.5514808876739815
COMPLETED,0.5899999999999999,117.0,0.97,1860,4513,3348,0.2880073457387276
COMPLETED,0.3099999999999999,14.0,0.0,3594,209,1019,0.8103489310887642
COMPLETED,0.47,35.0,0.97,2553,4299,2212,0.9723162320516072
COMPLETED,0.34,13.0,0.01,1985,971,4658,0.4967256846806965
COMPLETED,0.4899999999999999,44.0,0.2899999999999999,630,2597,454,0.732702557658404
COMPLETED,0.4,11.0,0.0299999999999999,3888,2058,2666,0.2407916340820491
COMPLETED,0.54,55.0,0.98,3852,3484,592,0.5612450809100643
COMPLETED,0.34,11.0,0.01,667,1873,2521,0.0376612722018733
COMPLETED,0.33,21.0,0.8599999999999999,2026,4583,2350,0.8005847229679114
COMPLETED,0.32,9.0,0.0,2511,139,4513,0.293870002623368
COMPLETED,0.5899999999999999,112.0,0.99,3636,4097,3166,0.4908634296848438
COMPLETED,0.3699999999999999,17.0,0.01,1819,1173,1198,0.9820808420612476
COMPLETED,0.2899999999999999,12.0,0.01,483,2682,3830,0.2466538741931319
COMPLETED,0.6199999999999999,623.0,1.0,4991,1973,1784,0.7229379327639937
COMPLETED,0.6,197.0,0.99,4432,4956,4248,0.9225267613379284
COMPLETED,0.2899999999999999,12.0,0.0,115,314,1372,0.413849632927589
COMPLETED,0.3,15.0,0.02,1259,3229,3740,0.6812250963577068
COMPLETED,0.6199999999999999,130.0,1.0,3267,1425,629,0.1596036957153119
COMPLETED,0.5899999999999999,74.0,1.0,3085,3093,1977,0.1188523382308892
COMPLETED,0.3099999999999999,9.0,0.0299999999999999,2400,2265,4892,0.5932120937469415
COMPLETED,0.44,35.0,0.32,1240,3881,63,0.3611370194647461
COMPLETED,0.34,14.0,0.01,4225,842,3056,0.8542787348959595
COMPLETED,0.57,78.0,0.98,4072,3929,1448,0.2035110774772241
COMPLETED,0.3,11.0,0.01,1081,715,4168,0.6958449666755274
COMPLETED,0.44,23.0,0.97,2245,2849,863,0.4635869902011938
COMPLETED,0.3099999999999999,12.0,0.0299999999999999,2927,2431,3504,0.939120380055625
COMPLETED,0.3099999999999999,11.0,0.04,3427,3336,4815,0.7733083765140734
COMPLETED,0.38,10.0,0.02,1412,1396,2056,0.2509096336475573
COMPLETED,0.41,28.0,0.14,272,4731,2823,0.5181021911643445
COMPLETED,0.6099999999999999,305.0,1.0,4587,617,298,0.010568213083595
COMPLETED,0.35,13.0,0.0299999999999999,4839,2633,2757,0.3416488609438761
COMPLETED,0.47,26.0,0.1799999999999999,323,2100,359,0.819137037861906
COMPLETED,0.32,11.0,0.02,1663,4341,4593,0.0835271678016521
COMPLETED,0.35,12.0,0.01,3479,1007,2273,0.5739062699363567
COMPLETED,0.4299999999999999,30.0,0.7299999999999999,2671,4476,963,0.6459000189582818
COMPLETED,0.3099999999999999,10.0,0.0,2179,169,3399,0.140297964934539
COMPLETED,0.51,40.0,0.4,824,3709,1705,0.9030385097872464
COMPLETED,0.39,10.0,0.02,4006,1570,3907,0.3787078428637236
COMPLETED,0.5899999999999999,135.0,0.98,3935,4680,3614,0.0280375530515797
COMPLETED,0.32,8.0,0.0,904,43,748,0.5045349996839649
COMPLETED,0.32,8.0,0.0299999999999999,2108,3583,4357,0.2722771441483869
COMPLETED,0.6,112.0,1.0,2751,1775,1256,0.7636469765687361
COMPLETED,0.55,54.0,0.99,3565,2744,105,0.9565859076619148
COMPLETED,0.4,10.0,0.02,1588,1910,3010,0.4500236073613166
COMPLETED,0.4199999999999999,29.0,0.1799999999999999,409,4152,1941,0.7172162895380519
COMPLETED,0.3699999999999999,11.0,0.01,4764,1118,4924,0.1938458688913844
COMPLETED,0.6099999999999999,163.0,1.0,4663,3135,2466,0.3922752297067083
COMPLETED,0.32,8.0,0.0,187,1519,4404,0.885569365181867
COMPLETED,0.4899999999999999,35.0,0.33,1488,4854,474,0.1499596160603687
COMPLETED,0.2899999999999999,8.0,0.01,3343,415,2647,0.6245327596379444
COMPLETED,0.5899999999999999,2267.0,0.99,2846,3821,3797,0.5874698444176464
COMPLETED,0.3599999999999999,16.0,0.01,2315,902,1820,0.0660618318367749
COMPLETED,0.3,13.0,0.01,1000,3035,3211,0.8288025013494305
COMPLETED,0.6,99.0,0.99,4143,2322,1156,0.3202777929830364
COMPLETED,0.3599999999999999,13.0,0.04,4300,2908,4637,0.736688000388164
COMPLETED,0.6099999999999999,497.0,0.98,1154,2371,2230,0.2290016022634692
COMPLETED,0.5,49.0,0.98,2475,3987,2723,0.9919251739682629
COMPLETED,0.6199999999999999,263.0,1.0,2999,658,394,0.4693130430402234
COMPLETED,0.47,38.0,0.95,3187,4825,1587,0.3076162578858435
COMPLETED,0.3,10.0,0.01,1331,523,4033,0.7829362596787512
COMPLETED,0.32,25.0,0.01,35,3438,1079,0.0475094164705835
COMPLETED,0.38,10.0,0.02,4503,1295,3291,0.5396908856249413
COMPLETED,0.53,54.0,1.0,4921,4279,827,0.8719307556451297
COMPLETED,0.34,9.0,0.01,564,1069,3537,0.3473867006600834
COMPLETED,0.6099999999999999,136.0,0.98,1748,2578,1491,0.6147622850289568
COMPLETED,0.39,11.0,0.0299999999999999,3717,2155,4123,0.1090078109612688
COMPLETED,0.5799999999999998,158.0,0.98,2596,3612,2931,0.1772519041027873
COMPLETED,0.6099999999999999,91.0,0.98,1950,1667,182,0.6674785861935466
COMPLETED,0.33,12.0,0.01,751,4377,4689,0.4354036365712992
COMPLETED,0.2899999999999999,10.0,0.0,3775,267,2174,0.9126784254278056
COMPLETED,0.55,55.0,0.98,3776,2897,384,0.110588148380164
COMPLETED,0.32,14.0,0.01,750,2383,2752,0.6019617913016116
COMPLETED,0.5799999999999998,81.0,0.96,1949,3998,2298,0.3697039059964939
COMPLETED,0.2899999999999999,14.0,0.01,2597,646,4588,0.8461975421277806
COMPLETED,0.5899999999999999,87.0,0.97,3719,4838,3438,0.9301256875608116
COMPLETED,0.3,8.0,0.01,1747,510,953,0.4067362144086509
COMPLETED,0.3099999999999999,8.0,0.01,563,3425,3946,0.6739288668158464
COMPLETED,0.38,11.0,0.02,4922,1307,1695,0.1673856190207414
COMPLETED,0.6,829.0,1.0,4505,4290,4153,0.4994568966944701
COMPLETED,0.32,8.0,0.0,33,1057,1482,0.9739728827555664
COMPLETED,0.35,13.0,0.02,1329,2566,3489,0.2383631038645282
COMPLETED,0.5899999999999999,69.0,0.99,3189,2166,896,0.7317143968561663
COMPLETED,0.56,57.0,0.99,3000,3599,2047,0.5539373268350958
COMPLETED,0.3099999999999999,13.0,0.02,2474,1680,4835,0.0454545339807868
COMPLETED,0.46,29.0,0.27,1153,4390,289,0.8081951737239025
COMPLETED,0.2899999999999999,9.0,0.0,4301,255,2842,0.2867452456309459
COMPLETED,0.52,52.0,0.99,4141,4673,1403,0.6546251864121295
COMPLETED,0.32,8.0,0.0,1000,50,4230,0.1320625919983722
COMPLETED,0.4199999999999999,21.0,0.78,2316,3590,661,0.8949861339336261
COMPLETED,0.34,10.0,0.02,2845,1768,3722,0.387250199294649
COMPLETED,0.33,15.0,0.0299999999999999,3341,2752,4914,0.3345642593394964
COMPLETED,0.38,14.0,0.02,1489,1903,1970,0.8267114339839667
COMPLETED,0.46,38.0,0.17,188,4144,3078,0.0912845610062591
COMPLETED,0.6,111.0,0.99,4662,1126,56,0.5666388573090546
COMPLETED,0.6,180.0,0.99,4762,3141,2519,0.7652368551251478
COMPLETED,0.54,43.0,0.45,410,1512,620,0.2594709495541639
COMPLETED,0.6,293.0,0.96,1590,4848,4511,0.5268465041534975
COMPLETED,0.2899999999999999,8.0,0.01,3563,422,2377,0.002313880671747
COMPLETED,0.47,36.0,0.98,2750,3813,1186,0.2112721881531178
COMPLETED,0.32,8.0,0.01,2109,909,3202,0.6885736505173146
COMPLETED,0.56,58.0,0.69,905,3044,1772,0.4564986711255274
COMPLETED,0.3699999999999999,12.0,0.0299999999999999,3934,2314,3866,0.9466986797085964
COMPLETED,0.6099999999999999,288.0,1.0,4006,3936,3534,0.5803889379573985
COMPLETED,0.3,10.0,0.01,825,708,853,0.0736323021007701
COMPLETED,0.32,8.0,0.0299999999999999,2180,2842,4120,0.8365557230972684
COMPLETED,0.56,60.0,0.99,2670,2437,1517,0.3130138299011625
COMPLETED,0.51,43.0,0.99,3477,3328,170,0.4009964713024906
COMPLETED,0.39,10.0,0.02,1665,1404,2968,0.8773376873898319
COMPLETED,0.44,28.0,0.1199999999999999,324,4739,2163,0.1419106897521763
COMPLETED,0.3,13.0,0.01,4837,609,4726,0.6330709446121006
COMPLETED,0.6099999999999999,295.0,1.0,4586,2626,2263,0.9643507134819403
COMPLETED,0.32,9.0,0.0,273,2106,4621,0.4427483653450384
COMPLETED,0.46,33.0,0.35,1413,4348,427,0.7101237990056165
COMPLETED,0.35,11.0,0.01,3426,1000,2707,0.2014276180897839
COMPLETED,0.6,155.0,0.98,2926,4484,4054,0.0199621058045886
COMPLETED,0.32,9.0,0.0,2246,160,1578,0.5131000107347033
COMPLETED,0.6099999999999999,178.0,0.96,1082,3701,3312,0.2810249066829681
COMPLETED,0.6199999999999999,204.0,0.99,4071,1579,1071,0.7553884727001189
COMPLETED,0.34,13.0,0.04,4226,3496,4386,0.1848550017824396
COMPLETED,0.3699999999999999,14.0,0.02,1239,1862,2496,0.6603617181291803
COMPLETED,0.44,40.0,0.95,2399,4572,2628,0.4281037118853069
COMPLETED,0.32,8.0,0.0,3086,151,504,0.9204642745913006
RUNNING,,,,3269,4084,1814,0.8636631162489764
RUNNING,,,,1258,1186,3821,0.3561405696715227
RUNNING,,,,113,2694,1150,0.6233330974187701
RUNNING,,,,4433,1960,3235,0.1009229230489581
RUNNING,,,,4993,4944,776,0.3003126752676442
RUNNING,,,,482,325,3613,0.7907260719122365
RUNNING,,,,1817,3241,1284,0.0551161720824427
RUNNING,,,,3637,1414,4356,0.5325700544905849
RUNNING,,,,2512,3106,3045,0.7452780178523623
RUNNING,,,,2026,2252,91,0.220897814414557
RUNNING,,,,666,3868,4959,0.9836383294977248
RUNNING,,,,3852,855,1927,0.4780858119882643
RUNNING,,,,3889,4702,4778,0.7809652575189246
RUNNING,,,,629,568,2107,0.3061711048776283
RUNNING,,,,1984,3287,2864,0.5423308539991267
RUNNING,,,,2554,1367,271,0.0492577275876887
RUNNING,,,,3596,2878,1422,0.2267566607980988
RUNNING,,,,1858,2480,4210,0.7355176202326081
RUNNING,,,,518,3978,914,0.4722269507199525
RUNNING,,,,4956,744,3467,0.9933987122327088
RUNNING,,,,4392,3738,1009,0.6701106098217889
RUNNING,,,,154,1619,3377,0.1790075124783441
RUNNING,,,,1295,4525,1673,0.910715368013922
RUNNING,,,,3232,198,3963,0.4339511863046325
RUNNING,,,,3123,4311,2813,0.3502936162191442
RUNNING,,,,2362,958,328,0.873412543793302
RUNNING,,,,1198,2584,4571,0.1067698616165667
RUNNING,,,,4268,2071,2320,0.6135836549896747
RUNNING,,,,4108,2731,3144,0.4525130497785285
RUNNING,,,,1045,2002,1245,0.9584885329099372
RUNNING,,,,2205,4126,3886,0.1916629485410638
RUNNING,,,,2968,1221,1752,0.7159859944623895
RUNNING,,,,3384,4535,561,0.5072372943109832
RUNNING,,,,1455,110,2577,0.0297262543863616
RUNNING,,,,310,3454,2397,0.761251204008609
RUNNING,,,,4549,1824,4491,0.271260772985965
RUNNING,,,,4795,3832,2028,0.0638871613701805
RUNNING,,,,366,812,4855,0.5862325572213158
RUNNING,,,,1701,3064,36,0.322758985516522
RUNNING,,,,3441,2216,3097,0.8307121187181212
RUNNING,,,,2707,3278,4289,0.8831808898801914
RUNNING,,,,2143,1455,1345,0.3912509137983433
RUNNING,,,,784,4985,3703,0.6272277570065111
RUNNING,,,,4047,363,681,0.1516562621410935
RUNNING,,,,3971,3389,1638,0.2536125645984895
RUNNING,,,,869,1266,3996,0.7749977141727693
RUNNING,,,,2067,4796,1052,0.0081722507426515
RUNNING,,,,2791,474,3332,0.517085630221106
RUNNING,,,,3522,4036,4679,0.6983339737132191
RUNNING,,,,1631,687,2203,0.2054132673457264
COMPLETED,0.5,38.0,0.99,2665,1901,174,0.2384333878874778
COMPLETED,0.32,8.0,0.0299999999999999,2241,3587,4828,0.6372444778066128
COMPLETED,0.2899999999999999,10.0,0.01,979,430,2471,0.4852922705524601
COMPLETED,0.5899999999999999,109.0,0.99,3922,3767,2529,0.8820316833098419
COMPLETED,0.3499999999999999,11.0,0.01,4379,951,4206,0.7543831413854843
COMPLETED,0.4099999999999999,21.0,0.14,527,4502,796,0.371065444740001
COMPLETED,0.39,10.0,0.02,1765,1405,3146,0.4995985503982752
COMPLETED,0.5799999999999998,83.0,0.99,3136,2836,1854,0.118596142501384
COMPLETED,0.3099999999999999,10.0,0.0,3629,192,3641,0.2693059896435588
COMPLETED,0.51,38.0,0.4199999999999999,1311,4356,1360,0.8532161446623504
COMPLETED,0.3099999999999999,8.0,0.0,73,2473,3989,0.022323855501879
COMPLETED,0.5799999999999998,76.0,0.98,4872,3288,1011,0.6085521720298565
COMPLETED,0.39,10.0,0.02,4093,1723,1992,0.7205838515141046
COMPLETED,0.3099999999999999,9.0,0.01,847,2791,3009,0.1521675437544472
COMPLETED,0.4899999999999999,34.0,0.99,2109,928,384,0.9752480675064026
COMPLETED,0.5999999999999999,253.0,0.97,2836,4877,4616,0.4047572470363229
COMPLETED,0.32,10.0,0.01,3041,781,1560,0.5572702566030435
COMPLETED,0.5899999999999999,99.0,0.96,1904,4711,3441,0.064841622123029
COMPLETED,0.5899999999999999,111.0,0.98,662,1577,1124,0.8098604287551716
COMPLETED,0.3599999999999999,13.0,0.0299999999999999,4278,2626,3877,0.3195053692450746
COMPLETED,0.3699999999999999,12.0,0.0299999999999999,4765,2307,2819,0.4471379546960815
COMPLETED,0.4699999999999999,38.0,0.1799999999999999,180,3141,2183,0.924072727032192
COMPLETED,0.32,8.0,0.0,1438,27,4494,0.2024734983085654
COMPLETED,0.45,37.0,0.92,3502,4210,506,0.6770910766455344
COMPLETED,0.38,9.0,0.02,3321,1551,4950,0.9643764204098842
COMPLETED,0.53,47.0,0.53,1580,3003,51,0.4117116897004656
COMPLETED,0.3499999999999999,9.0,0.0,322,1098,2719,0.7119076019262895
COMPLETED,0.57,73.0,0.98,4584,4668,2281,0.1569266149582341
COMPLETED,0.2999999999999999,9.0,0.01,3795,597,684,0.0449089866967871
COMPLETED,0.3099999999999999,9.0,0.01,1106,3913,4318,0.582080346459709
COMPLETED,0.5899999999999999,97.0,1.0,2348,2067,1654,0.2896957233297638
COMPLETED,0.5899999999999999,137.0,0.98,2558,3733,3347,0.8289396905525587
COMPLETED,0.2899999999999999,10.0,0.0,2600,335,3936,0.6695558758438565
COMPLETED,0.4299999999999999,29.0,0.8399999999999999,2496,3906,1066,0.2100239522782154
COMPLETED,0.3699999999999999,12.0,0.02,1239,2001,3734,0.9165376304239033
COMPLETED,0.57,60.0,1.0,3862,3452,1267,0.4546882747028023
COMPLETED,0.5999999999999999,133.0,0.99,4636,1265,448,0.3426561189059167
COMPLETED,0.3099999999999999,9.0,0.01,460,2932,4553,0.7866944184839725
COMPLETED,0.3699999999999999,11.0,0.01,1703,1085,1889,0.0879925057468004
COMPLETED,0.5799999999999998,83.0,0.98,3398,4402,3111,0.534104142138455
COMPLETED,0.3699999999999999,13.0,0.0299999999999999,3530,2378,2418,0.8213890095901675
COMPLETED,0.5899999999999999,122.0,0.98,1532,3427,2583,0.2972311734513379
COMPLETED,0.6199999999999999,784.0,1.0,289,293,266,0.5745297696907073
COMPLETED,0.2999999999999999,12.0,0.05,4768,4222,4735,0.052444302855432
COMPLETED,0.32,11.0,0.01,4316,789,3210,0.180092368467152
COMPLETED,0.45,28.0,0.22,746,4972,1791,0.6887570718158035
COMPLETED,0.3099999999999999,7.0,0.02,2003,1857,4102,0.4348775771723129
COMPLETED,0.53,51.0,0.99,3055,2691,898,0.941225786106009
COMPLETED,0.3599999999999999,12.0,0.02,2947,1711,2783,0.0949616824725642
COMPLETED,0.54,81.0,0.99,2110,2525,2218,0.523248241267912
COMPLETED,0.2999999999999999,10.0,0.01,873,642,4847,0.3474308805177919
COMPLETED,0.4899999999999999,44.0,0.89,4189,4806,153,0.7780329662180505
COMPLETED,0.2999999999999999,8.0,0.0,4973,126,1601,0.8900510707921347
COMPLETED,0.44,50.0,0.1199999999999999,84,4076,3401,0.477257659671735
COMPLETED,0.5899999999999999,65.0,0.92,1347,2212,776,0.6452637313259765
COMPLETED,0.32,11.0,0.04,3716,3280,4225,0.2303988886425271
COMPLETED,0.5999999999999999,1084.0,1.0,3271,1232,1188,0.38110730684679
COMPLETED,0.5999999999999999,180.0,0.96,1830,4568,3814,0.9988827545279636
COMPLETED,0.3599999999999999,11.0,0.01,567,1412,1457,0.1285174993715249
COMPLETED,0.3599999999999999,13.0,0.04,4529,3098,3543,0.7442186724985949
COMPLETED,0.4,12.0,0.0299999999999999,4047,2167,4441,0.6165865633602254
COMPLETED,0.5,34.0,0.34,1053,3599,561,0.0143047247818671
COMPLETED,0.2999999999999999,8.0,0.01,2291,501,2911,0.8612504020297899
COMPLETED,0.5,47.0,0.96,2805,4053,2089,0.2612869631169363
COMPLETED,0.3499999999999999,13.0,0.01,2743,1031,3004,0.9866012620277704
COMPLETED,0.44,25.0,0.92,2319,4423,1998,0.3846856260012835
COMPLETED,0.39,10.0,0.01,1057,1328,4680,0.7399854197465814
COMPLETED,0.56,53.0,0.97,4000,2913,321,0.1396553615082986
COMPLETED,0.6199999999999999,168.0,1.0,4457,1980,1374,0.0021913855274207
COMPLETED,0.3099999999999999,8.0,0.01,605,3508,3627,0.6198442794554867
COMPLETED,0.28,9.0,0.0,1843,353,938,0.2567331966143101
COMPLETED,0.3099999999999999,9.0,0.04,3213,3844,4062,0.8725563876427709
COMPLETED,0.6099999999999999,127.0,0.99,3707,1800,850,0.5199138053473084
COMPLETED,0.34,12.0,0.02,1390,2714,4152,0.1069993140660226
COMPLETED,0.34,9.0,0.0,151,849,1819,0.7666512134050018
COMPLETED,0.5799999999999998,92.0,0.99,4950,4956,3181,0.3519079867341555
COMPLETED,0.2899999999999999,10.0,0.0,4171,269,4784,0.4737560529001988
COMPLETED,0.45,24.0,0.2099999999999999,926,4279,217,0.9024082635109312
COMPLETED,0.3099999999999999,10.0,0.0299999999999999,2187,2394,2553,0.219336786263436
COMPLETED,0.5799999999999998,88.0,0.99,2914,3367,2447,0.6495736369218676
COMPLETED,0.34,12.0,0.0299999999999999,3119,2228,4352,0.308552389905136
COMPLETED,0.57,58.0,0.7399999999999999,1982,3220,650,0.8168504739283584
COMPLETED,0.3099999999999999,8.0,0.0,740,104,3293,0.0557172795610502
COMPLETED,0.57,58.0,0.99,4356,4133,1707,0.5624316910466179
COMPLETED,0.6099999999999999,148.0,0.99,4843,702,27,0.6998797105541452
COMPLETED,0.2999999999999999,11.0,0.0,259,4790,4975,0.1758438923167064
COMPLETED,0.39,10.0,0.02,1516,1654,2325,0.9447888520925306
COMPLETED,0.34,15.0,0.0299999999999999,3580,2548,2675,0.4225808315041474
COMPLETED,0.2999999999999999,9.0,0.01,3399,520,2119,0.2143186047061346
COMPLETED,0.5799999999999998,97.0,0.96,1658,3990,2882,0.6584785202967934
COMPLETED,0.4899999999999999,30.0,0.2399999999999999,400,2146,511,0.4670302440231665
COMPLETED,0.34,14.0,0.05,4662,3654,4489,0.9130208002539352
COMPLETED,0.39,10.0,0.02,3873,1474,3515,0.791186785310693
COMPLETED,0.57,57.0,0.7199999999999999,1184,3080,1487,0.331289626703225
COMPLETED,0.3499999999999999,9.0,0.01,2426,1177,3862,0.5461570045727305
COMPLETED,0.44,25.0,0.7199999999999999,2636,4589,1139,0.0846733006670139
COMPLETED,0.3599999999999999,10.0,0.02,2522,1345,1727,0.4150456307024694
COMPLETED,0.2999999999999999,9.0,0.0299999999999999,2418,2852,3274,0.9523393060621804
COMPLETED,0.6099999999999999,569.0,1.0,1161,1008,903,0.1683087957084178
COMPLETED,0.6099999999999999,255.0,0.99,3784,4479,4097,0.707430030560866
COMPLETED,0.2999999999999999,9.0,0.01,4558,415,2656,0.58558244070746
COMPLETED,0.4799999999999999,36.0,0.25,382,3826,2345,0.0325512692898511
COMPLETED,0.39,10.0,0.02,1625,1924,4720,0.8400013575521297
COMPLETED,0.51,36.0,0.97,3320,3529,280,0.2853862754405476
COMPLETED,0.34,10.0,0.01,3452,865,4588,0.0771226197046227
COMPLETED,0.4699999999999999,33.0,0.3099999999999999,1454,4896,414,0.5536924546943046
COMPLETED,0.27,10.0,0.0,211,1778,3057,0.3237390499342233
COMPLETED,0.5999999999999999,131.0,0.99,4690,2771,1943,0.7987221014693379
COMPLETED,0.5999999999999999,91.0,1.0,4238,2455,1041,0.936186553762853
COMPLETED,0.3099999999999999,9.0,0.01,668,3350,3960,0.4438797139126807
COMPLETED,0.3099999999999999,9.0,0.0,1925,213,1310,0.6816444077686405
COMPLETED,0.5899999999999999,122.0,0.98,2976,4301,3690,0.1911679704022593
COMPLETED,0.32,8.0,0.0,2869,47,614,0.8489219276139512
COMPLETED,0.3099999999999999,8.0,0.0299999999999999,2032,4155,4387,0.2803828874839469
COMPLETED,0.6099999999999999,223.0,0.98,795,2289,2055,0.5962097152332774
COMPLETED,0.5999999999999999,454.0,1.0,4111,3204,2945,0.0258412103599868
COMPLETED,0.4099999999999999,10.0,0.02,4895,1632,3770,0.1476747489905916
COMPLETED,0.33,21.0,0.0,6,2604,1232,0.7319508088658563
COMPLETED,0.2999999999999999,11.0,0.01,1269,719,3568,0.3927048795206471
COMPLETED,0.5,43.0,0.95,3637,4729,1433,0.9785667553404344
COMPLETED,0.3599999999999999,11.0,0.0299999999999999,3193,2090,3396,0.6259236967323348
COMPLETED,0.56,60.0,0.81,1752,3676,1605,0.242971473284997
COMPLETED,0.2899999999999999,10.0,0.01,489,581,4288,0.8787582191280088
COMPLETED,0.55,58.0,0.98,4451,3973,713,0.497390873884689
COMPLETED,0.38,11.0,0.01,3969,1155,2233,0.3599423780645243
COMPLETED,0.52,59.0,0.5,975,4645,2769,0.75863208268499
COMPLETED,0.4299999999999999,25.0,0.99,2213,1491,80,0.1150335714334622
COMPLETED,0.2999999999999999,9.0,0.0299999999999999,2727,3018,4920,0.511894778820686
COMPLETED,0.2899999999999999,10.0,0.0,2697,300,2311,0.0191954024697653
COMPLETED,0.44,31.0,0.96,2204,4249,2690,0.603831011404749
COMPLETED,0.53,44.0,0.4,947,2346,3,0.2719086270147934
COMPLETED,0.3499999999999999,12.0,0.04,3958,3414,4999,0.8583716763643547
COMPLETED,0.4,12.0,0.02,4421,1850,3317,0.970702063411288
COMPLETED,0.53,52.0,0.4799999999999999,481,2665,1683,0.4015450597310438
COMPLETED,0.34,10.0,0.01,1724,820,4366,0.7256709207168779
COMPLETED,0.4799999999999999,31.0,0.7099999999999999,3182,4985,635,0.1549301254208199
COMPLETED,0.39,14.0,0.0299999999999999,3665,2028,3847,0.4880624657786451
COMPLETED,0.53,50.0,0.54,1280,3460,1153,0.8871111389528029
COMPLETED,0.2899999999999999,11.0,0.0,36,323,3490,0.2352288364691659
COMPLETED,0.56,62.0,0.99,4903,3874,1511,0.6326908452669158
COMPLETED,0.6099999999999999,217.0,1.0,4139,1058,535,0.5047616956600918
COMPLETED,0.32,9.0,0.01,806,4395,4465,0.1211911663128063
COMPLETED,0.2999999999999999,9.0,0.02,2062,1278,2134,0.7496696092049591
COMPLETED,0.6199999999999999,553.0,1.0,2877,2964,2867,0.3679293632633052
COMPLETED,0.6099999999999999,151.0,0.99,3004,1444,963,0.7150513267323375
COMPLETED,0.3699999999999999,12.0,0.02,1936,3110,4038,0.1616629878181964
COMPLETED,0.34,11.0,0.01,698,1225,1389,0.961789054812584
COMPLETED,0.5999999999999999,153.0,0.99,4246,4541,3612,0.4065713702333159
COMPLETED,0.2899999999999999,8.0,0.01,4718,469,4665,0.2942264556509442
COMPLETED,0.3699999999999999,17.0,0.0599999999999999,222,4040,335,0.832136665622983
COMPLETED,0.3499999999999999,12.0,0.02,1484,2174,2980,0.0398066457200795
COMPLETED,0.5799999999999998,65.0,0.98,3460,3626,2022,0.5793025525584817
COMPLETED,0.3099999999999999,9.0,0.01,3290,655,2577,0.8070750212941318
COMPLETED,0.55,52.0,0.64,1617,4838,2423,0.3144106418281793
COMPLETED,0.3099999999999999,11.0,0.0,354,1684,4799,0.5604596032288856
COMPLETED,0.57,67.0,0.98,4547,2518,203,0.0693799828887917
COMPLETED,0.6099999999999999,235.0,1.0,3754,2200,1805,0.1973255652816034
COMPLETED,0.5999999999999999,1013.0,0.97,1153,3249,3196,0.6745113246080465
COMPLETED,0.3099999999999999,8.0,0.0,2390,153,826,0.4518666991114616
COMPLETED,0.32,9.0,0.0299999999999999,2511,4083,4176,0.9272240802828222
COMPLETED,0.32,10.0,0.0299999999999999,2646,2485,3592,0.5712717521788552
COMPLETED,0.4699999999999999,30.0,0.98,2454,3319,1408,0.0478527067100629
COMPLETED,0.32,8.0,0.0,1193,166,3784,0.824105969436746
COMPLETED,0.54,48.0,0.99,3903,4349,1217,0.3022723826779983
COMPLETED,0.3499999999999999,12.0,0.01,4673,916,2041,0.4302020085974596
COMPLETED,0.4299999999999999,35.0,0.22,428,4845,2960,0.9381431632804684
COMPLETED,0.5899999999999999,89.0,0.99,1667,1750,590,0.1852937601452693
COMPLETED,0.32,14.0,0.0299999999999999,3430,2798,4412,0.6914053310068324
COMPLETED,0.6099999999999999,233.0,1.0,3571,462,105,0.91917827605512
COMPLETED,0.2999999999999999,10.0,0.02,1486,3779,4896,0.4598972799407318
COMPLETED,0.3099999999999999,11.0,0.0,248,1893,2248,0.6664656245737337
COMPLETED,0.5999999999999999,175.0,1.0,4815,3560,2754,0.2053560121479444
COMPLETED,0.39,10.0,0.02,4348,1373,4273,0.0930261014136485
COMPLETED,0.5,34.0,0.33,709,2824,727,0.5368287155448459
COMPLETED,0.34,11.0,0.01,1971,959,3372,0.3380568943159654
COMPLETED,0.4899999999999999,40.0,0.98,3091,4529,1630,0.7834440294167025
COMPLETED,0.3699999999999999,11.0,0.01,2905,1124,4705,0.1317907886573113
COMPLETED,0.3699999999999999,20.0,0.4799999999999999,2156,4676,295,0.7488254808788187
COMPLETED,0.38,9.0,0.01,915,1539,2632,0.3784056187741458
COMPLETED,0.5999999999999999,176.0,1.0,4143,2971,2370,0.993856757536158
COMPLETED,0.5999999999999999,116.0,1.0,4942,2040,928,0.8659106988307088
COMPLETED,0.32,8.0,0.0,120,3726,4073,0.2643543737076222
COMPLETED,0.2999999999999999,9.0,0.01,1379,609,1742,0.6113698999081738
COMPLETED,0.5999999999999999,143.0,0.99,3679,3945,3260,0.0116412533559836
COMPLETED,0.6199999999999999,235.0,1.0,3224,1584,1296,0.3447750226517207
COMPLETED,0.3599999999999999,13.0,0.02,1871,2652,3705,0.7728086892061867
COMPLETED,0.2999999999999999,11.0,0.01,614,750,1017,0.0980367215078324
COMPLETED,0.5999999999999999,184.0,0.99,4488,4699,3984,0.5279009096242487
COMPLETED,0.32,7.0,0.0,4011,19,3082,0.6402453478939831
COMPLETED,0.51,41.0,0.46,1085,4183,1919,0.2276895870100706
COMPLETED,0.2999999999999999,9.0,0.0299999999999999,2327,2339,4602,0.8946655076169407
COMPLETED,0.46,34.0,0.96,2774,3153,399,0.4805233205129392
COMPLETED,0.3499999999999999,10.0,0.02,2775,1771,4519,0.7693147220428102
COMPLETED,0.4099999999999999,25.0,0.99,2282,2744,482,0.3571246129742823
COMPLETED,0.3499999999999999,10.0,0.01,1025,897,2834,0.5168464170837774
COMPLETED,0.57,54.0,0.97,4036,4908,2168,0.1023389949379488
COMPLETED,0.28,9.0,0.0,4499,221,1109,0.2243627609280869
COMPLETED,0.5899999999999999,125.0,0.95,559,4328,3891,0.6522753473216668
COMPLETED,0.5999999999999999,124.0,0.98,1802,2423,1536,0.4691492073080502
COMPLETED,0.2999999999999999,11.0,0.04,3260,3337,3465,0.8991350114370696
COMPLETED,0.3499999999999999,10.0,0.01,3744,981,1678,0.7367197812325321
COMPLETED,0.5899999999999999,88.0,0.95,1358,4472,3322,0.1350409023563377
COMPLETED,0.4699999999999999,32.0,0.17,114,1357,698,0.9893106008721516
COMPLETED,0.3599999999999999,13.0,0.04,4982,2884,4303,0.3897039722213521
COMPLETED,0.4099999999999999,12.0,0.02,4217,1951,2705,0.2520804910460486
COMPLETED,0.56,59.0,0.68,884,3537,2296,0.8694813858194276
COMPLETED,0.3099999999999999,10.0,0.01,2141,402,4926,0.0074156402121298
COMPLETED,0.4199999999999999,28.0,0.77,2955,3795,76,0.6225001596487127
COMPLETED,0.2899999999999999,10.0,0.01,3083,549,3132,0.4643820071592926
COMPLETED,0.32,19.0,0.93,2014,3961,1869,0.907819386248663
COMPLETED,0.33,13.0,0.01,776,2097,4181,0.2174012647436
COMPLETED,0.56,51.0,0.98,4324,3703,820,0.6631540516597219
COMPLETED,0.4,10.0,0.02,4797,1523,2496,0.5411157581341453
COMPLETED,0.55,76.0,0.55,300,3031,2505,0.0819563780323602
COMPLETED,0.5999999999999999,94.0,1.0,1563,1148,188,0.7957783591289072
COMPLETED,0.2999999999999999,13.0,0.04,3538,4618,4813,0.334547666542232
COMPLETED,0.56,55.0,0.98,3368,2277,369,0.0589677058402448
COMPLETED,0.32,12.0,0.02,1695,3172,4631,0.5670308784246445
COMPLETED,0.32,9.0,0.0,432,74,1968,0.3058278388259
COMPLETED,0.5899999999999999,122.0,0.99,4625,4162,3034,0.8118168559343553
COMPLETED,0.3099999999999999,11.0,0.01,3831,732,4014,0.9494567698956468
COMPLETED,0.46,36.0,0.32,1231,4761,987,0.4256711051014251
COMPLETED,0.3499999999999999,10.0,0.02,2468,1605,3656,0.694670668104291
COMPLETED,0.53,45.0,1.0,2589,2597,1346,0.1732032838974147
COMPLETED,0.63,472.0,1.0,2568,837,761,0.3265168661626055
COMPLETED,0.55,75.0,0.96,2376,4924,4239,0.8038244201188905
COMPLETED,0.6099999999999999,248.0,0.99,1115,1827,1576,0.0739256818461231
COMPLETED,0.3499999999999999,12.0,0.0299999999999999,3825,2722,3425,0.5491616851611995
COMPLETED,0.38,12.0,0.0299999999999999,4595,2406,4871,0.6867846900238656
COMPLETED,0.4099999999999999,21.0,0.1,350,3399,129,0.1937553732114843
COMPLETED,0.2899999999999999,13.0,0.0,1589,242,2798,0.931450158575736
COMPLETED,0.55,56.0,0.97,3352,4272,2203,0.4407360114337876
COMPLETED,0.38,10.0,0.02,3493,1296,2897,0.1651574796697124
COMPLETED,0.5999999999999999,126.0,0.98,1407,2901,2104,0.7027012489335611
COMPLETED,0.34,7.0,0.0,169,1038,4417,0.4176254050671122
COMPLETED,0.4799999999999999,43.0,0.97,4737,4449,585,0.9574872167619876
COMPLETED,0.28,8.0,0.0,4269,385,1482,0.8354629744592122
COMPLETED,0.5999999999999999,160.0,0.96,631,3856,3519,0.2821969511418603
COMPLETED,0.6099999999999999,138.0,0.99,1893,1973,1202,0.5906771309124305
COMPLETED,0.2999999999999999,9.0,0.04,3013,3480,3799,0.0353367139628157
COMPLETED,0.6099999999999999,242.0,1.0,2827,2120,1913,0.8759956746735609
COMPLETED,0.46,53.0,0.98,2078,3646,3087,0.4923037674699909
COMPLETED,0.6199999999999999,775.0,1.0,836,532,463,0.6291359063647687
COMPLETED,0.2999999999999999,12.0,0.05,4065,4022,4539,0.2475174550529569
COMPLETED,0.3699999999999999,11.0,0.02,4863,1204,3719,0.1098780174043029
COMPLETED,0.32,17.0,0.01,42,4596,1282,0.5092921637766064
COMPLETED,0.39,10.0,0.02,1300,1462,3912,0.3646635014777071
COMPLETED,0.57,76.0,0.99,3601,3048,1090,0.7617605729290284
COMPLETED,0.3099999999999999,7.0,0.0,3146,96,4127,0.5993458190371282
COMPLETED,0.53,44.0,0.54,1793,4106,874,0.0305547202133573
COMPLETED,0.32,12.0,0.01,536,2260,3225,0.8463269410144537
COMPLETED,0.5899999999999999,111.0,0.98,4410,3233,1777,0.2752197050102054
COMPLETED,0.6099999999999999,94.0,0.99,3933,1661,251,0.3972584748484194
COMPLETED,0.3099999999999999,11.0,0.01,1007,2575,4749,0.9817713514130562
COMPLETED,0.3099999999999999,8.0,0.01,2250,670,2394,0.1425952710204757
COMPLETED,0.4899999999999999,36.0,0.95,2696,4778,2608,0.7291806359668263
COMPLETED,0.2899999999999999,10.0,0.01,2681,677,4257,0.437154872545693
COMPLETED,0.3699999999999999,19.0,0.54,2264,4772,745,0.9302148222145624
COMPLETED,0.3599999999999999,13.0,0.01,1003,1677,3432,0.1924895212113857
COMPLETED,0.5999999999999999,120.0,1.0,3938,2559,1568,0.6832340630535036
COMPLETED,0.5899999999999999,82.0,0.98,4404,2256,127,0.5477434503290802
COMPLETED,0.3099999999999999,8.0,0.01,540,3237,4875,0.0704055016726255
COMPLETED,0.32,8.0,0.0,1779,82,2191,0.8003347555843182
COMPLETED,0.57,69.0,0.99,3161,4120,2810,0.3250681194127537
COMPLETED,0.4,12.0,0.02,3605,1446,2098,0.0387668301147408
COMPLETED,0.5999999999999999,645.0,0.98,1295,3063,2904,0.592063486288581
COMPLETED,0.45,30.0,0.0899999999999999,57,1198,567,0.2835527908790856
COMPLETED,0.5999999999999999,913.0,1.0,4849,4602,4433,0.8389236025288701
COMPLETED,0.2999999999999999,13.0,0.01,4079,545,3532,0.9588125948175787
COMPLETED,0.4799999999999999,34.0,0.32,821,4008,1470,0.4212384308535605
COMPLETED,0.32,7.0,0.0299999999999999,2083,2123,3801,0.7063447903589344
COMPLETED,0.5,44.0,0.98,2823,3643,1200,0.1664523458075709
COMPLETED,0.3499999999999999,13.0,0.02,3027,1957,3104,0.7643366623828187
COMPLETED,0.5799999999999998,78.0,0.98,1878,3496,1897,0.3649529107106849
COMPLETED,0.2999999999999999,12.0,0.0,636,379,4546,0.5095510610918514
COMPLETED,0.54,54.0,0.98,4265,3862,455,0.1124846224970184
COMPLETED,0.3599999999999999,10.0,0.01,4741,1051,1279,0.2479897627568803
COMPLETED,0.4799999999999999,53.0,0.22,164,4436,3722,0.6316510371039621
COMPLETED,0.6199999999999999,405.0,1.0,1422,1299,1078,0.494849410126917
COMPLETED,0.34,13.0,0.04,3479,2898,3923,0.8764374667385592
COMPLETED,0.32,11.0,0.0,3347,249,867,0.7266964469430967
COMPLETED,0.6099999999999999,816.0,0.97,1593,4266,4135,0.1422139650786295
COMPLETED,0.54,90.0,0.4899999999999999,336,2422,1759,0.9813595335534772
COMPLETED,0.5999999999999999,745.0,1.0,4610,3383,3242,0.3948048014636151
COMPLETED,0.39,11.0,0.02,3811,1823,4762,0.2748993763889185
COMPLETED,0.5,40.0,0.45,1129,2726,239,0.8436598423562012
COMPLETED,0.32,10.0,0.01,2372,823,2609,0.0279181334728375
COMPLETED,0.4799999999999999,33.0,0.95,2574,4938,2391,0.5989949747769162
COMPLETED,0.53,50.0,0.99,2584,1621,475,0.8996072837896644
COMPLETED,0.2999999999999999,10.0,0.0299999999999999,2473,2581,4527,0.4716643622349947
COMPLETED,0.2999999999999999,10.0,0.01,1216,737,2151,0.6548209583484567
COMPLETED,0.5799999999999998,88.0,0.97,3846,4755,2850,0.2248045809020288
COMPLETED,0.3099999999999999,8.0,0.0,4611,61,3904,0.1049151123006828
COMPLETED,0.4,30.0,0.14,446,4175,1098,0.5171357946866191
COMPLETED,0.3699999999999999,12.0,0.02,1689,2273,3468,0.3573835344772786
COMPLETED,0.57,67.0,0.98,3372,3175,1533,0.7719212917841971
COMPLETED,0.3699999999999999,10.0,0.01,3553,1141,3340,0.6221797956760972
COMPLETED,0.52,43.0,0.5,1548,4624,1661,0.0047485657416284
COMPLETED,0.34,8.0,0.0,305,1507,4310,0.8668447674487717
COMPLETED,0.5799999999999998,58.0,0.98,4791,3047,691,0.2517296746947802
COMPLETED,0.4099999999999999,14.0,0.0299999999999999,4330,2101,2294,0.3872198111065663
COMPLETED,0.56,73.0,0.75,772,3699,2708,0.9889292633001692
COMPLETED,0.4299999999999999,31.0,1.0,2028,562,63,0.1346291086845099
COMPLETED,0.3099999999999999,11.0,0.04,3068,3947,4938,0.7342660724963993
COMPLETED,0.2899999999999999,8.0,0.0,2961,396,1862,0.3331294075223616
COMPLETED,0.4899999999999999,63.0,0.97,2136,3801,3140,0.7922582143067382
COMPLETED,0.5799999999999998,68.0,0.78,899,1935,803,0.0784666855888441
COMPLETED,0.33,11.0,0.04,4202,3553,4197,0.5396670430144294
COMPLETED,0.39,11.0,0.02,4997,1361,2517,0.6595729444017633
COMPLETED,0.5,76.0,0.2399999999999999,100,2880,2484,0.2161659004734828
COMPLETED,0.3499999999999999,12.0,0.01,1362,995,4815,0.9065535695998928
COMPLETED,0.46,43.0,0.8399999999999999,3739,4458,185,0.4608313560011796
COMPLETED,0.3499999999999999,13.0,0.0299999999999999,3245,2439,4649,0.1745286377652548
COMPLETED,0.54,60.0,0.5899999999999999,1817,3322,353,0.6982837292420678
COMPLETED,0.2999999999999999,11.0,0.0,554,227,3040,0.429314618617855
COMPLETED,0.57,88.0,1.0,4503,4322,1960,0.9507516676636412
COMPLETED,0.34,13.0,0.01,4032,884,986,0.8152470037164166
COMPLETED,0.5799999999999998,98.0,0.95,1031,4921,4016,0.3072141662931069
COMPLETED,0.57,78.0,1.0,2267,1767,1333,0.5683867535131983
COMPLETED,0.2999999999999999,12.0,0.0299999999999999,2789,2747,3668,0.0624283097221516
COMPLETED,0.5799999999999998,74.0,0.99,2759,2333,1426,0.693737553972099
COMPLETED,0.3099999999999999,12.0,0.0299999999999999,2342,3159,3575,0.1858270321455784
COMPLETED,0.32,7.0,0.0,1081,3,1224,0.9386459196418524
COMPLETED,0.6099999999999999,300.0,1.0,4016,4199,3777,0.4325647434804588
COMPLETED,0.3099999999999999,11.0,0.01,4482,754,2958,0.3029885643128305
COMPLETED,0.46,30.0,0.22,618,4695,2044,0.8263772150814533
COMPLETED,0.39,16.0,0.02,1857,1598,4399,0.0501544679936952
COMPLETED,0.55,61.0,1.0,3239,2639,602,0.5719574218959547
COMPLETED,0.2999999999999999,11.0,0.01,3684,624,4889,0.7812037031603045
COMPLETED,0.45,38.0,0.3599999999999999,1373,3929,113,0.3374317218855954
COMPLETED,0.3099999999999999,11.0,0.0,135,2046,2737,0.5361730274755507
COMPLETED,0.5899999999999999,143.0,0.99,4927,3720,2264,0.0908162870749831
COMPLETED,0.6099999999999999,161.0,1.0,4157,1526,740,0.2047917984321713
COMPLETED,0.2999999999999999,11.0,0.01,900,2984,4262,0.6640423998463899
COMPLETED,0.33,10.0,0.01,2162,1121,1632,0.4575045708523131
COMPLETED,0.55,72.0,0.97,2901,4679,3368,0.9185835504216142
COMPLETED,0.5999999999999999,111.0,0.99,3106,974,313,0.0083039809564128
COMPLETED,0.3099999999999999,11.0,0.02,1956,4513,4689,0.609890700779669
COMPLETED,0.3699999999999999,14.0,0.01,715,1379,2376,0.2628446626613847
COMPLETED,0.6199999999999999,567.0,1.0,4343,2818,2624,0.8626039420700631
COMPLETED,0.39,12.0,0.02,4819,1880,4072,0.99219464877313
COMPLETED,0.39,27.0,0.0899999999999999,242,3573,930,0.3751293236951343
COMPLETED,0.2999999999999999,11.0,0.01,1501,459,3247,0.7455796977175398
COMPLETED,0.56,72.0,0.98,3557,3783,1754,0.1300981642553582
COMPLETED,0.38,14.0,0.02,3425,1744,3698,0.4837095738975331
COMPLETED,0.5799999999999998,93.0,0.97,1671,2805,1304,0.8962957294816151
COMPLETED,0.33,12.0,0.01,414,900,3967,0.2292892969570122
COMPLETED,0.4899999999999999,41.0,0.96,4688,4861,1033,0.6434621169175021
COMPLETED,0.3099999999999999,10.0,0.0,3889,169,1931,0.529470172774326
COMPLETED,0.5799999999999998,80.0,0.9,1207,4345,3070,0.1014058733633719
COMPLETED,0.4299999999999999,33.0,1.0,2450,2499,401,0.7762083529794588
COMPLETED,0.3099999999999999,11.0,0.0299999999999999,2652,3306,4599,0.3463137701628729
COMPLETED,0.32,8.0,0.0,2506,138,2684,0.1532679813064634
COMPLETED,0.4699999999999999,34.0,0.96,2395,4099,2318,0.7223946498256176
COMPLETED,0.33,15.0,0.01,1138,2194,4981,0.3982992449396289
COMPLETED,0.54,47.0,0.97,3768,3254,19,0.9690094669182784
RUNNING,,,,4533,1697,1696,0.8550344318737276
COMPLETED,0.2999999999999999,10.0,0.0,368,2505,3306,0.2704293962561525
COMPLETED,0.5899999999999999,2597.0,1.0,1611,658,637,0.6023213245462626
COMPLETED,0.5999999999999999,189.0,0.98,3294,4834,4364,0.0158886103577911
COMPLETED,0.5999999999999999,96.0,1.0,3475,2181,1171,0.369498591062054
COMPLETED,0.2999999999999999,11.0,0.02,1470,3619,3831,0.7530387852482497
COMPLETED,0.3099999999999999,9.0,0.0,226,486,1518,0.1245907984559424
COMPLETED,0.6099999999999999,212.0,1.0,4713,4024,3482,0.5063004710801877
COMPLETED,0.3699999999999999,11.0,0.02,4251,1221,4463,0.6358771265604533
COMPLETED,0.4299999999999999,24.0,0.16,694,4545,539,0.2368590267037041
COMPLETED,0.39,11.0,0.02,1950,1430,2855,0.8887108730874955
COMPLETED,0.5899999999999999,77.0,0.99,2989,3123,2145,0.4912791994508355
COMPLETED,0.3699999999999999,9.0,0.02,2882,1284,4031,0.5800187100055627
COMPLETED,0.34,22.0,0.97,2058,2957,971,0.0420779267161153
COMPLETED,0.3699999999999999,11.0,0.01,820,1075,3594,0.8344383989976719
COMPLETED,0.54,59.0,0.98,4124,4379,1406,0.2949121569981798
COMPLETED,0.27,9.0,0.0,4919,319,348,0.4089036248287186
COMPLETED,0.32,8.0,0.0,22,3878,4653,0.9623222989039496
COMPLETED,0.3699999999999999,12.0,0.02,1284,2014,2023,0.1621657795309089
COMPLETED,0.6099999999999999,185.0,1.0,3660,3473,2977,0.7174140374275855
COMPLETED,0.32,12.0,0.01,3168,805,2440,0.926659842379298
COMPLETED,0.56,56.0,0.67,1739,5000,2561,0.4494435097354463
COMPLETED,0.4899999999999999,32.0,0.28,476,1844,210,0.6721185876106843
COMPLETED,0.3599999999999999,14.0,0.0299999999999999,4425,2670,4791,0.1967308712782338
COMPLETED,0.38,14.0,0.0299999999999999,3954,2360,3194,0.0671396882625296
COMPLETED,0.55,51.0,0.5799999999999998,953,3401,1808,0.559834402889572
COMPLETED,0.3099999999999999,10.0,0.0,2189,303,4164,0.3137549891102127
COMPLETED,0.4199999999999999,27.0,0.78,2711,4245,837,0.8048651827677153
COMPLETED,0.3699999999999999,10.0,0.02,2722,1495,3271,0.2886321497710421
COMPLETED,0.44,33.0,0.99,2218,3015,1729,0.8416938945060595
COMPLETED,0.3699999999999999,10.0,0.01,961,1168,4086,0.034213353865128
COMPLETED,0.4799999999999999,45.0,0.98,3984,4632,916,0.5888587711378
COMPLETED,0.2999999999999999,9.0,0.01,4436,575,2362,0.7089396578802726
COMPLETED,0.51,49.0,0.3599999999999999,504,3979,2639,0.1716156473594717
COMPLETED,0.5899999999999999,71.0,0.96,1747,2074,288,0.9556766100918874
COMPLETED,0.2999999999999999,10.0,0.04,3198,3691,4713,0.4165248019220307
COMPLETED,0.6199999999999999,295.0,1.0,3652,706,426,0.1877682787200435
COMPLETED,0.5999999999999999,605.0,0.96,1254,4743,4575,0.6801056918876245
COMPLETED,0.3099999999999999,8.0,0.0,11,1628,1946,0.4423105456530116
COMPLETED,0.3699999999999999,15.0,0.0299999999999999,4890,2608,3056,0.9328173181804827
COMPLETED,0.3699999999999999,13.0,0.0299999999999999,4116,2305,3952,0.7971224268737249
COMPLETED,0.5,49.0,0.3599999999999999,790,3187,1048,0.3205222567229531
COMPLETED,0.3099999999999999,8.0,0.0,2047,53,3673,0.5505061138616874
COMPLETED,0.4799999999999999,36.0,0.95,2854,4149,1328,0.0754924890091642
COMPLETED,0.3099999999999999,9.0,0.0,2981,200,4384,0.976264962426666
COMPLETED,0.4799999999999999,43.0,0.5,1920,4315,616,0.3920192377124913
COMPLETED,0.33,12.0,0.01,683,2451,2934,0.7312347109578549
COMPLETED,0.5899999999999999,106.0,0.99,4223,3354,2068,0.1454034084554761
COMPLETED,0.6099999999999999,225.0,1.0,4705,1794,1248,0.025338478186354
COMPLETED,0.3099999999999999,8.0,0.0,196,2755,3752,0.5938469449989497
COMPLETED,0.34,12.0,0.01,1459,872,1441,0.2780505733494647
COMPLETED,0.5799999999999998,82.0,0.97,3447,4889,3561,0.8483887430616655
COMPLETED,0.6099999999999999,302.0,1.0,3305,1928,1617,0.5142875753571278
COMPLETED,0.6099999999999999,621.0,0.98,1640,3526,3383,0.1156282058977522
COMPLETED,0.2899999999999999,9.0,0.0,377,428,715,0.7591962610494344
COMPLETED,0.34,11.0,0.05,4563,3813,4286,0.3623656269796192
COMPLETED,0.3599999999999999,11.0,0.01,3779,1003,2761,0.4980464670635759
COMPLETED,0.51,56.0,0.4899999999999999,1166,4485,2239,0.8809681171935052
COMPLETED,0.34,10.0,0.02,2403,1329,4904,0.2452118274503387
COMPLETED,0.44,27.0,0.89,2537,2868,98,0.6265488375325687
COMPLETED,0.3599999999999999,10.0,0.01,2621,1190,2009,0.8720536908204666
COMPLETED,0.4799999999999999,39.0,0.96,2441,4575,2992,0.2543704021922312
COMPLETED,0.5999999999999999,75.0,0.99,1179,1478,324,0.6175119969511405
COMPLETED,0.3599999999999999,13.0,0.04,3877,3076,4678,0.0016581730661913
COMPLETED,0.39,12.0,0.0299999999999999,4657,2130,3619,0.1373535406855866
COMPLETED,0.45,32.0,0.17,405,3670,1381,0.7392998095685615
COMPLETED,0.2999999999999999,9.0,0.01,1643,513,4046,0.383969503905531
COMPLETED,0.51,45.0,0.99,3414,3996,956,0.9843299568439832
COMPLETED,0.39,11.0,0.02,3585,1650,4149,0.6502292654520831
COMPLETED,0.5799999999999998,62.0,0.8699999999999999,1512,2552,851,0.2215466601411811
COMPLETED,0.3099999999999999,9.0,0.0,273,689,3169,0.904648649306409
COMPLETED,0.55,55.0,0.99,4828,4803,1833,0.4743811657914892
COMPLETED,0.32,8.0,0.0,4371,109,234,0.3543007553616538
COMPLETED,0.32,9.0,0.01,726,4127,4766,0.767245879499428
COMPLETED,0.4,13.0,0.02,1987,2244,2455,0.107563468242716
COMPLETED,0.5899999999999999,125.0,1.0,3114,3205,2547,0.5223370896137319
COMPLETED,0.53,51.0,1.0,2929,2390,661,0.4240904830113053
COMPLETED,0.32,7.0,0.0299999999999999,2173,3370,4339,0.9480956683922558
COMPLETED,0.28,9.0,0.0,930,256,1711,0.1791812242553569
COMPLETED,0.5899999999999999,130.0,0.99,4166,4293,3291,0.7013588501435704
COMPLETED,0.34,11.0,0.01,4955,855,4966,0.5656775337469763
COMPLETED,0.34,17.0,0.0299999999999999,146,4950,34,0.0574098444239236
COMPLETED,0.38,10.0,0.02,1404,1816,2659,0.8185125231523067
COMPLETED,0.6099999999999999,246.0,1.0,3692,2699,2343,0.3118287445232272
COMPLETED,0.2999999999999999,9.0,0.0,3209,367,2879,0.083073650259152
COMPLETED,0.5799999999999998,75.0,0.96,1848,3830,2121,0.5429401760101317
COMPLETED,0.3099999999999999,11.0,0.01,590,1984,4477,0.3281033137795515
COMPLETED,0.55,51.0,0.97,4471,3504,524,0.7895566229850985
COMPLETED,0.38,10.0,0.02,3985,1312,1504,0.9096210769415832
COMPLETED,0.3099999999999999,12.0,0.01,1072,2930,3497,0.4654915560510941
COMPLETED,0.3499999999999999,9.0,0.01,2314,1024,1146,0.6569093166857957
COMPLETED,0.5899999999999999,122.0,0.98,2748,4429,3855,0.2109493933115154
COMPLETED,0.2899999999999999,9.0,0.01,2800,498,1063,0.5315584715725854
COMPLETED,0.6199999999999999,292.0,0.98,2296,4056,3937,0.0875507453119382
COMPLETED,0.5899999999999999,86.0,0.98,1039,2154,1255,0.7862222056704573
COMPLETED,0.32,12.0,0.05,4062,3612,3747,0.3401409044398925
COMPLETED,0.39,11.0,0.02,4514,1418,4570,0.4544294127388857
COMPLETED,0.46,30.0,0.2099999999999999,582,3092,430,0.9139310011434368
COMPLETED,0.3699999999999999,11.0,0.02,1825,1248,3119,0.2074477753764018
COMPLETED,0.52,42.0,0.97,3276,4552,1883,0.6692665577800944
COMPLETED,0.38,12.0,0.0299999999999999,3730,2226,2595,0.9438624640157444
COMPLETED,0.5999999999999999,103.0,0.97,1332,3267,2406,0.4352283339845016
COMPLETED,0.3099999999999999,8.0,0.0,89,130,4738,0.6890773762493394
COMPLETED,0.4699999999999999,45.0,1.0,4969,4072,264,0.1827595024767331
COMPLETED,0.2899999999999999,10.0,0.01,4194,626,1783,0.0528560369881801
COMPLETED,0.53,49.0,0.51,868,4822,3217,0.5769835379659198
COMPLETED,0.46,31.0,1.0,2125,1705,882,0.2997153941052034
COMPLETED,0.28,13.0,0.0299999999999999,2932,2531,4120,0.8217702876230701
COMPLETED,0.3699999999999999,9.0,0.02,3059,1871,2215,0.2338886406251229
COMPLETED,0.3599999999999999,13.0,0.02,1998,2678,2785,0.6467123869066127
COMPLETED,0.5999999999999999,83.0,0.99,761,793,141,0.4786758591525256
COMPLETED,0.5999999999999999,815.0,0.99,4302,4968,4860,0.8935712751533836
COMPLETED,0.2899999999999999,10.0,0.0,4783,277,3418,0.7792987233277409
COMPLETED,0.4199999999999999,22.0,0.1,274,4238,1583,0.3509815912149846
COMPLETED,0.3699999999999999,12.0,0.02,1537,2372,4232,0.5268294080649502
COMPLETED,0.54,45.0,0.97,3525,3433,770,0.0961969872036017
COMPLETED,0.3599999999999999,11.0,0.01,3383,1082,3825,0.2576433900614268
COMPLETED,0.52,48.0,0.51,1718,4406,1175,0.8599555638008751
COMPLETED,0.3499999999999999,9.0,0.01,455,1252,3547,0.0129794304531067
COMPLETED,0.5899999999999999,83.0,0.98,4641,2945,1455,0.612973442683369
COMPLETED,0.5999999999999999,89.0,0.99,3857,2007,552,0.7428628569491207
COMPLETED,0.2999999999999999,11.0,0.02,1244,3446,4448,0.1250568359505385
COMPLETED,0.2999999999999999,9.0,0.0,2481,351,2073,0.9954525472068227
COMPLETED,0.55,60.0,0.98,2615,3890,2928,0.3797210389186628
COMPLETED,0.33,10.0,0.0299999999999999,2543,2053,4840,0.119861934962403
COMPLETED,0.38,20.0,0.65,2363,3747,161,0.5031492369077168
COMPLETED,0.2999999999999999,9.0,0.01,1101,593,2532,0.3746466431671753
COMPLETED,0.5899999999999999,87.0,0.98,3800,3917,2470,0.7556184182075782
COMPLETED,0.6099999999999999,312.0,1.0,4579,1114,788,0.885521407383494
COMPLETED,0.5799999999999998,119.0,0.6999999999999998,327,4652,4212,0.4867409577632322
COMPLETED,0.38,9.0,0.02,1565,1557,1837,0.6386626530996524
COMPLETED,0.33,12.0,0.04,3336,2996,3164,0.2419536350424401
COMPLETED,0.32,8.0,0.0,3507,30,1357,0.4034014668381772
COMPLETED,0.5999999999999999,180.0,0.96,1433,4206,3643,0.9717873798976652
COMPLETED,0.4299999999999999,34.0,0.14,195,2321,1000,0.1487373680634423
COMPLETED,0.3599999999999999,12.0,0.04,4750,3128,4001,0.7191975556770339
COMPLETED,0.39,10.0,0.02,4293,1571,3026,0.6049085710654035
COMPLETED,0.5999999999999999,79.0,0.96,647,2631,1975,0.0210290489031001
COMPLETED,0.32,11.0,0.01,1909,766,4624,0.8518908261458389
COMPLETED,0.45,31.0,0.68,3036,4727,377,0.2656929043180309
COMPLETED,0.3499999999999999,11.0,0.01,2851,931,3453,0.676832238869369
COMPLETED,0.3499999999999999,22.0,0.5999999999999999,2094,4874,1547,0.1998668336767703
COMPLETED,0.33,10.0,0.01,852,1736,3879,0.921496578039322
COMPLETED,0.5999999999999999,89.0,0.98,4088,2778,1122,0.4468486050021834
COMPLETED,0.6099999999999999,395.0,1.0,4877,2467,2175,0.3169596670490689
COMPLETED,0.4699999999999999,58.0,0.14,68,3294,2825,0.8094186962292529
COMPLETED,0.3099999999999999,8.0,0.0,1326,177,489,0.0643693739581853
COMPLETED,0.3099999999999999,11.0,0.05,3614,4372,4512,0.5547550663247705
COMPLETED,0.5799999999999998,73.0,0.99,3131,1391,48,0.829351448873058
COMPLETED,0.3599999999999999,13.0,0.02,1770,2850,4952,0.2921494562536477
COMPLETED,0.33,11.0,0.01,512,947,2270,0.5845645950225182
COMPLETED,0.5799999999999998,77.0,0.98,4393,4506,2732,0.0452902330995537
COMPLETED,0.2899999999999999,7.0,0.01,3907,447,4334,0.1595632612378336
COMPLETED,0.4899999999999999,34.0,0.3099999999999999,994,3751,666,0.7122583866474219
COMPLETED,0.3099999999999999,11.0,0.02,2236,1907,3355,0.4120319587826729
COMPLETED,0.4899999999999999,35.0,0.97,2670,3580,1647,0.9670435786072163
COMPLETED,0.28,9.0,0.01,2672,435,3740,0.8255659272092394
COMPLETED,0.4,23.0,0.8599999999999999,2228,3762,1261,0.3037236477448604
COMPLETED,0.3599999999999999,12.0,0.01,992,1896,3930,0.5727308764042331
COMPLETED,0.56,68.0,0.99,3915,3592,1072,0.0493048053240403
COMPLETED,0.39,12.0,0.02,4386,1400,1893,0.1867680072968825
COMPLETED,0.2999999999999999,9.0,0.01,514,2841,3107,0.6928727907033637
COMPLETED,0.6099999999999999,188.0,0.99,1778,956,444,0.4316773274525068
COMPLETED,0.2999999999999999,10.0,0.04,3128,4497,4557,0.9396095512735656
COMPLETED,0.57,52.0,0.99,3621,2478,269,0.6650141213505529
COMPLETED,0.2999999999999999,10.0,0.02,1323,3283,4731,0.2038962925317697
COMPLETED,0.2999999999999999,9.0,0.0,61,187,2415,0.9177259392848238
COMPLETED,0.5799999999999998,81.0,0.98,4880,4361,2587,0.4584383938716724
COMPLETED,0.3499999999999999,10.0,0.01,4085,923,4108,0.3365891964631155
COMPLETED,0.46,29.0,0.2,859,4882,892,0.781970020421408
COMPLETED,0.28,12.0,0.02,2097,1728,3205,0.0915594752642326
COMPLETED,0.57,73.0,1.0,2843,2786,1797,0.5353536348461173
COMPLETED,0.3499999999999999,11.0,0.02,3029,1581,4853,0.3759561214976012
COMPLETED,0.5799999999999998,55.0,0.76,1911,2621,147,0.991413571402058
COMPLETED,0.3099999999999999,10.0,0.01,655,776,2777,0.1293402196773327
COMPLETED,0.56,67.0,0.98,4291,4716,2225,0.7463833664481528
COMPLETED,0.32,7.0,0.0,4752,22,780,0.6089346920107491
COMPLETED,0.32,9.0,0.0,187,4214,4221,0.0092142618515528
COMPLETED,0.5999999999999999,134.0,0.99,1431,2312,1597,0.8634763244803993
COMPLETED,0.32,12.0,0.04,3514,3136,3405,0.2619265486560761
COMPLETED,0.3699999999999999,10.0,0.01,3333,1102,1461,0.1004796694856137
COMPLETED,0.5899999999999999,101.0,0.96,1572,4664,3540,0.5303506450571119
COMPLETED,0.5999999999999999,84.0,0.89,329,1546,1184,0.3472168989260681
COMPLETED,0.3499999999999999,14.0,0.04,4572,3008,3817,0.7752594963424839
COMPLETED,0.4,11.0,0.0299999999999999,3807,2062,2917,0.897092260965053
COMPLETED,0.55,55.0,0.64,1099,3738,2084,0.4829587665666825
COMPLETED,0.28,8.0,0.01,2356,601,4435,0.6426729347892105
COMPLETED,0.4,24.0,0.7299999999999999,2545,3908,567,0.2301241995166987
COMPLETED,0.33,11.0,0.02,2613,1996,2478,0.2694580580348148
COMPLETED,0.54,55.0,0.99,2489,3457,2523,0.8559295619336889
COMPLETED,0.6099999999999999,365.0,1.0,1246,340,167,0.0167459051932208
COMPLETED,0.2999999999999999,11.0,0.05,3850,3901,4834,0.601387825270649
COMPLETED,0.38,10.0,0.01,4649,1090,3150,0.7232365463665686
COMPLETED,0.4199999999999999,33.0,0.17,453,4397,1850,0.1525023003692738
COMPLETED,0.3699999999999999,11.0,0.02,1710,1261,4202,0.9682668555138632
COMPLETED,0.54,63.0,1.0,3386,2937,800,0.3991180682266131
COMPLETED,0.28,8.0,0.0,3518,288,3992,0.2376707127435132
COMPLETED,0.51,42.0,0.46,1540,4227,1008,0.635141652403213
COMPLETED,0.2999999999999999,10.0,0.0,281,2383,3638,0.4905054137564264
COMPLETED,0.57,70.0,0.99,4780,3422,1364,0.8895608743856661
COMPLETED,0.5999999999999999,84.0,1.0,4304,1862,390,0.7520971961001865
COMPLETED,0.2999999999999999,11.0,0.01,754,2687,4610,0.3703639757699332
COMPLETED,0.32,10.0,0.01,1995,784,1986,0.507188449008204
COMPLETED,0.54,49.0,0.97,3066,4977,3015,0.1236266123665496
COMPLETED,0.2999999999999999,12.0,0.01,2940,638,1130,0.963248179037962
COMPLETED,0.44,41.0,0.96,2122,4811,3870,0.4080234688472934
COMPLETED,0.6099999999999999,314.0,0.99,861,1716,1554,0.7165112845048308
COMPLETED,0.3599999999999999,13.0,0.0299999999999999,4196,2520,3447,0.1631142528850585
COMPLETED,0.4,15.0,0.0299999999999999,4966,2217,4498,0.0412819645751267
COMPLETED,0.3699999999999999,20.0,0.0299999999999999,96,3276,502,0.580768940551579
COMPLETED,0.2999999999999999,8.0,0.0,1334,121,2815,0.2957007028025575
COMPLETED,0.5799999999999998,70.0,0.99,3723,4081,2187,0.8336041253195144
COMPLETED,0.39,11.0,0.02,3279,1407,2723,0.5590072664585894
COMPLETED,0.5999999999999999,128.0,0.98,1818,3102,2278,0.0679210968197323
COMPLETED,0.3699999999999999,9.0,0.01,579,1237,4947,0.8056235180709511
COMPLETED,0.5,43.0,0.96,4522,4563,55,0.3129509222120046
COMPLETED,0.2999999999999999,8.0,0.01,4055,506,1660,0.4504000729620456
COMPLETED,0.5899999999999999,109.0,0.95,1042,4047,3341,0.9257489995840936
COMPLETED,0.46,29.0,0.99,2303,2162,678,0.1958578674287535
COMPLETED,0.32,9.0,0.0299999999999999,2798,3604,4324,0.673037315612752
COMPLETED,0.6099999999999999,118.0,1.0,2750,1323,906,0.0714836864936165
COMPLETED,0.3099999999999999,8.0,0.0299999999999999,2307,2918,4094,0.5467109971030614
COMPLETED,0.3499999999999999,10.0,0.01,1070,1036,1724,0.3240740372629836
COMPLETED,0.5899999999999999,134.0,0.99,3993,4418,3278,0.8013745656078681
COMPLETED,0.28,9.0,0.0,4464,358,4726,0.9290224526023492
COMPLETED,0.4199999999999999,25.0,0.16,593,3839,274,0.4383015180053189
COMPLETED,0.39,10.0,0.02,1856,1975,2650,0.6843580557539127
COMPLETED,0.5799999999999998,81.0,0.99,3207,3512,2351,0.1913198080795817
COMPLETED,0.34,11.0,0.01,3699,844,3064,0.4200758549689315
COMPLETED,0.51,40.0,0.44,1401,4961,1937,0.959929450270813
COMPLETED,0.2999999999999999,9.0,0.0,139,1805,4581,0.1676070960244163
COMPLETED,0.5799999999999998,74.0,0.98,4958,2710,420,0.7051443159895017
COMPLETED,0.5999999999999999,103.0,0.99,4163,2399,1314,0.5931113861845805
COMPLETED,0.2999999999999999,10.0,0.01,937,3362,3686,0.0377646580925211
COMPLETED,0.3099999999999999,9.0,0.0,2175,264,1038,0.8378983014347962
COMPLETED,0.5999999999999999,210.0,0.98,2921,4285,3964,0.2846238235681317
COMPLETED,0.2999999999999999,8.0,0.0,3107,99,2059,0.6305883622132241
COMPLETED,0.5899999999999999,108.0,0.96,1989,4138,2942,0.2489762220438569
COMPLETED,0.52,41.0,0.45,733,2233,611,0.8774470588185824
COMPLETED,0.3699999999999999,12.0,0.04,4369,3216,4391,0.493763606164325
COMPLETED,0.4,10.0,0.02,4830,1658,3574,0.3661302467052824
COMPLETED,0.4899999999999999,36.0,0.23,265,2544,1427,0.7632355345495976
COMPLETED,0.3099999999999999,9.0,0.01,1509,697,3764,0.1113455961789935
COMPLETED,0.4799999999999999,39.0,0.98,3592,4795,1238,0.5107662918500601
COMPLETED,0.38,12.0,0.0299999999999999,3411,2142,4294,0.844867935867235
COMPLETED,0.52,44.0,0.53,1651,3658,706,0.2737674873180687
COMPLETED,0.2999999999999999,10.0,0.01,408,525,3390,0.5978857421864754
COMPLETED,0.57,60.0,1.0,4650,3985,1612,0.0291035742246545
COMPLETED,0.5999999999999999,98.0,1.0,3885,1182,84,0.1411200712435878
COMPLETED,0.2999999999999999,12.0,0.01,1177,4584,4917,0.7277141288955696
COMPLETED,0.33,9.0,0.02,2434,1469,2229,0.3957841086186468
COMPLETED,0.5999999999999999,187.0,0.99,2624,3084,2773,0.9803040107946844
COMPLETED,0.34,9.0,0.01,2534,1013,4683,0.5182978012287988
COMPLETED,0.38,21.0,0.57,2411,4474,317,0.1037988336322829
COMPLETED,0.39,11.0,0.01,1168,1340,3001,0.7707671778912655
COMPLETED,0.5999999999999999,143.0,1.0,3771,2857,2001,0.3585833799651824
COMPLETED,0.6099999999999999,119.0,1.0,4571,1919,944,0.4706167860827408
COMPLETED,0.32,8.0,0.0,374,3534,4056,0.9006091395105235
COMPLETED,0.2899999999999999,9.0,0.01,1632,420,1369,0.2258295061556622
COMPLETED,0.6099999999999999,393.0,0.99,3307,3822,3633,0.6537503089422358
COMPLETED,0.39,11.0,0.02,3440,1783,1826,0.9878505240214988
COMPLETED,0.33,14.0,0.02,1462,2766,3175,0.3882528262326493
COMPLETED,0.6199999999999999,999.0,0.99,203,861,844,0.7352607760853133
COMPLETED,0.5999999999999999,167.0,0.99,4702,4900,4158,0.1335886846642009
COMPLETED,0.32,8.0,0.0,4226,209,2557,0.0059412739823572
COMPLETED,0.51,46.0,0.3499999999999999,676,4306,2443,0.6210328190303407
COMPLETED,0.3599999999999999,13.0,0.02,1917,2460,4780,0.2506052912691608
COMPLETED,0.5,31.0,0.93,2988,3345,221,0.868014878748171
COMPLETED,0.32,11.0,0.0299999999999999,2862,2294,3296,0.214958435843978
COMPLETED,0.3599999999999999,25.0,0.97,2045,3198,1704,0.6607041971486993
COMPLETED,0.32,9.0,0.0,783,42,4348,0.461940011806786
COMPLETED,0.54,45.0,0.97,4118,4160,653,0.9053686981905252
COMPLETED,0.2899999999999999,10.0,0.01,4888,715,2331,0.7933517248589546
COMPLETED,0.32,25.0,0.01,18,4734,2669,0.3321121014103293
COMPLETED,0.5799999999999998,63.0,0.77,1256,1637,21,0.5386880521607585
COMPLETED,0.34,13.0,0.0299999999999999,3645,2599,4981,0.0795218846038915
COMPLETED,0.6099999999999999,834.0,1.0,3200,585,517,0.308277455180604
COMPLETED,0.3099999999999999,10.0,0.02,1740,3968,4483,0.814259922990296
COMPLETED,0.3099999999999999,13.0,0.01,501,2085,2113,0.0614181557420641
COMPLETED,0.5999999999999999,162.0,0.99,4443,3681,2889,0.5694731119334697
COMPLETED,0.39,10.0,0.02,3977,1487,3866,0.697105995079875
COMPLETED,0.52,43.0,0.4899999999999999,963,3023,1135,0.1756301563236862
COMPLETED,0.33,9.0,0.01,2225,1160,3511,0.9518910251677968
COMPLETED,0.4299999999999999,35.0,0.8499999999999999,2720,4640,1491,0.4280990492311306
COMPLETED,0.2899999999999999,12.0,0.0299999999999999,2709,2352,3788,0.9150623115688562
COMPLETED,0.4,26.0,0.98,2197,3409,1214,0.4532218867097049
COMPLETED,0.28,9.0,0.0,955,295,3588,0.6680816286922431
COMPLETED,0.55,55.0,0.97,3946,4253,1412,0.2085564925816841
COMPLETED,0.6099999999999999,434.0,1.0,4432,816,596,0.0865333815214224
COMPLETED,0.5899999999999999,86.0,0.76,473,4989,4405,0.5326520435244775
COMPLETED,0.39,10.0,0.02,1731,1855,2034,0.3411961611334234
COMPLETED,0.3099999999999999,16.0,0.0299999999999999,3170,2660,2966,0.7852431534171104
COMPLETED,0.27,8.0,0.0,3653,328,2253,0.5759963958401232
COMPLETED,0.5799999999999998,86.0,0.97,1287,3869,2748,0.0539193835541606
COMPLETED,0.34,18.0,0.01,29,2023,99,0.8228567074430175
COMPLETED,0.3499999999999999,12.0,0.04,4916,3464,4902,0.2987051824466325
COMPLETED,0.38,11.0,0.02,4127,1273,3375,0.4363299139426089
COMPLETED,0.54,53.0,0.5899999999999999,813,2969,1626,0.9426846721750683
COMPLETED,0.32,9.0,0.01,2055,1063,4270,0.1815438716903328
COMPLETED,0.4299999999999999,26.0,0.76,2890,4390,731,0.6902167914319783
COMPLETED,0.3699999999999999,13.0,0.02,2997,1230,2636,0.3498652548681013
COMPLETED,0.57,66.0,0.8499999999999999,1948,4536,2366,0.7804607912695966
COMPLETED,0.3699999999999999,12.0,0.01,686,1439,4702,0.0973968903699889
COMPLETED,0.56,54.0,0.99,4254,3115,299,0.5256752327723428
COMPLETED,0.6199999999999999,271.0,1.0,4711,2169,1748,0.6477143003059551
COMPLETED,0.57,89.0,0.5899999999999999,234,3631,3253,0.2328410030731931
COMPLETED,0.2999999999999999,9.0,0.01,1473,474,921,0.8925005680686793
COMPLETED,0.32,11.0,0.04,3468,4035,4079,0.4797008458058349
COMPLETED,0.6099999999999999,113.0,0.99,3297,1689,1023,0.1260899124762974
COMPLETED,0.3499999999999999,12.0,0.02,1604,2513,3979,0.741784059991967
COMPLETED,0.2899999999999999,9.0,0.0,366,650,1290,0.3786805534986779
COMPLETED,0.5899999999999999,114.0,0.99,4540,4842,3710,0.9964473084742204
COMPLETED,0.3099999999999999,8.0,0.0,3760,148,4606,0.8588085257554426
COMPLETED,0.4299999999999999,30.0,0.2999999999999999,1140,4088,396,0.2588361559806391
COMPLETED,0.33,10.0,0.0299999999999999,2402,2205,3078,0.6141436153824441
COMPLETED,0.5,42.0,0.99,2504,3244,1922,0.0118549893490038
COMPLETED,0.6199999999999999,226.0,1.0,2654,160,6,0.4877274784498847
COMPLETED,0.33,10.0,0.0299999999999999,2442,4354,4995,0.8844586748142726
COMPLETED,0.5999999999999999,396.0,0.98,1205,2490,2307,0.2408677696801722
COMPLETED,0.5999999999999999,183.0,0.99,3896,3315,2694,0.6396723028581589
COMPLETED,0.4,12.0,0.02,4681,1755,4373,0.5020480476748198
COMPLETED,0.44,26.0,0.19,416,2794,629,0.1210393286354839
COMPLETED,0.3599999999999999,11.0,0.01,1679,911,3311,0.756833710365463
COMPLETED,0.5,44.0,0.95,3422,4850,1689,0.373507559170667
COMPLETED,0.39,11.0,0.02,3564,1889,3496,0.0198971021537668
COMPLETED,0.56,55.0,0.7099999999999999,1498,3565,1506,0.6061167259761132
COMPLETED,0.3099999999999999,9.0,0.0,235,467,3841,0.2668784027483314
COMPLETED,0.56,65.0,0.99,4822,3774,1159,0.8507815321557223
COMPLETED,0.3499999999999999,11.0,0.01,4341,964,2137,0.9728051195286214
COMPLETED,0.5,51.0,0.4099999999999999,722,4524,2864,0.4023075116034597
COMPLETED,0.6099999999999999,129.0,1.0,1959,1368,532,0.7181419752397574
COMPLETED,0.33,12.0,0.04,3098,2829,4468,0.14971673661815
COMPLETED,0.6199999999999999,354.0,1.0,2893,1534,1393,0.8083861816035584
COMPLETED,0.32,8.0,0.0299999999999999,2164,2976,3608,0.3180379095485433
COMPLETED,0.6199999999999999,290.0,1.0,907,1129,959,0.5557949377479962
COMPLETED,0.5899999999999999,178.0,0.99,4155,4671,4041,0.0633752341299317
COMPLETED,0.2999999999999999,10.0,0.01,4929,614,2986,0.201013540536072
COMPLETED,0.38,29.0,0.0599999999999999,128,3940,2016,0.6756398115786723
COMPLETED,0.3699999999999999,13.0,0.02,1371,2035,4659,0.4456788304707035
COMPLETED,0.53,42.0,0.97,3691,3730,342,0.9226206284182144
COMPLETED,0.3099999999999999,12.0,0.01,3237,745,4805,0.7133752997791394
COMPLETED,0.4799999999999999,42.0,0.39,1864,4704,197,0.1584006239535286
COMPLETED,0.33,10.0,0.01,621,1589,2572,0.9658430465593004
COMPLETED,0.5999999999999999,466.0,1.0,4475,2648,2429,0.4131867703991942
COMPLETED,0.5999999999999999,88.0,0.99,4023,2344,829,0.2911472265529446
COMPLETED,0.3099999999999999,10.0,0.01,1078,3148,4173,0.8303994101687334
COMPLETED,0.32,9.0,0.0,2335,14,1801,0.0463613234670832
COMPLETED,0.56,71.0,0.97,2761,4188,3199,0.5835392325287684
COMPLETED,0.3499999999999999,10.0,0.01,2787,892,1582,0.1707354299783706
COMPLETED,0.45,39.0,0.96,2275,4913,3420,0.7098655956927686
COMPLETED,0.5999999999999999,70.0,0.98,1033,1776,755,0.4174733366758562
COMPLETED,0.3599999999999999,13.0,0.0299999999999999,4024,2739,4245,0.9547737994906492
COMPLETED,0.38,11.0,0.0299999999999999,4511,2428,2801,0.8424441864517517
COMPLETED,0.53,52.0,0.4699999999999999,551,3333,2200,0.2878361299515701
COMPLETED,0.2999999999999999,9.0,0.0,1810,216,4868,0.5880244360599666
COMPLETED,0.4199999999999999,31.0,0.77,3248,4333,132,0.035001957347989
COMPLETED,0.39,11.0,0.02,3731,1352,4420,0.3213037229586392
COMPLETED,0.55,48.0,0.5799999999999998,1365,2889,581,0.7962952290430664
COMPLETED,0.33,8.0,0.0,107,987,2892,0.0746883644324727
COMPLETED,0.57,64.0,1.0,4994,4467,2108,0.5512645105645991
COMPLETED,0.2899999999999999,8.0,0.01,4205,408,1209,0.6791947914139367
COMPLETED,0.32,9.0,0.01,891,3790,3793,0.1887249033463187
COMPLETED,0.51,48.0,1.0,2133,1946,1475,0.9337361038610338
COMPLETED,0.56,2461.0,0.99,2968,3541,3525,0.4414374804038554
COMPLETED,0.56,52.0,1.0,3075,2092,469,0.5947421364585868
COMPLETED,0.32,8.0,0.0299999999999999,2026,3708,4533,0.0243670822865329
COMPLETED,0.2899999999999999,9.0,0.01,764,554,1908,0.8474551823863758
COMPLETED,0.6099999999999999,133.0,1.0,4332,3956,3093,0.2789079258633777
COMPLETED,0.38,13.0,0.01,4789,1153,3915,0.3912534953756257
COMPLETED,0.3699999999999999,24.0,0.0899999999999999,312,4613,1087,0.9771069166461006
COMPLETED,0.38,11.0,0.02,1551,1518,3716,0.1462222931421361
COMPLETED,0.57,67.0,1.0,3546,3035,1285,0.7304920418749563
COMPLETED,0.32,8.0,0.0,3375,69,3229,0.8802325853577814
COMPLETED,0.55,59.0,0.67,1682,4167,1772,0.498858214503061
COMPLETED,0.32,11.0,0.01,444,2282,4123,0.6273988965092226
COMPLETED,0.5799999999999998,84.0,0.98,4618,3167,877,0.2444379803562536
COMPLETED,0.39,13.0,0.02,3839,1610,2400,0.1164936482841149
COMPLETED,0.32,11.0,0.02,1218,2592,2601,0.5133459248093887
COMPLETED,0.5999999999999999,75.0,0.99,2480,727,245,0.361401383211743
COMPLETED,0.57,3583.0,0.97,2582,4766,4756,0.7600843003771268
COMPLETED,0.33,11.0,0.02,2576,1832,2839,0.7385186745190062
COMPLETED,0.57,74.0,0.99,2364,2717,2162,0.1381803998877294
COMPLETED,0.33,10.0,0.01,1127,832,4513,0.9851336832530796
COMPLETED,0.4899999999999999,36.0,0.81,3818,4929,488,0.3832114979278296
COMPLETED,0.28,9.0,0.0,4602,238,1539,0.2552807407658547
COMPLETED,0.53,57.0,0.4,338,4277,3462,0.871097620651871
COMPLETED,0.5999999999999999,89.0,0.98,1600,2411,1106,0.0007400013823993
COMPLETED,0.2999999999999999,13.0,0.04,3344,3394,3895,0.6183844407611526
COMPLETED,0.6199999999999999,224.0,1.0,3486,1043,702,0.7681264131818897
COMPLETED,0.6099999999999999,690.0,0.96,1420,4445,4299,0.3533744938054121
COMPLETED,0.2999999999999999,11.0,0.0,157,1291,1674,0.521388171577081
COMPLETED,0.3499999999999999,15.0,0.04,4744,2906,3326,0.1084666546843946
COMPLETED,0.39,11.0,0.02,4263,1968,4932,0.2207957914106547
COMPLETED,0.4299999999999999,25.0,0.1799999999999999,644,3486,69,0.6510258546140045
COMPLETED,0.2899999999999999,10.0,0.0,1881,390,2698,0.4752161297508515
COMPLETED,0.55,70.0,0.98,3020,3851,2302,0.903859409499634
COMPLETED,0.2899999999999999,10.0,0.01,2815,537,4187,0.058144985534437
COMPLETED,0.3499999999999999,18.0,0.6199999999999999,2086,4017,814,0.5648661844750866
COMPLETED,0.34,14.0,0.01,829,2114,3126,0.3109790241750888
COMPLETED,0.5799999999999998,77.0,1.0,4077,3651,1874,0.819286039060261
COMPLETED,0.5999999999999999,97.0,1.0,4852,1457,192,0.9472308474450372
COMPLETED,0.3099999999999999,8.0,0.0,50,3053,4810,0.4250315195622854
COMPLETED,0.3699999999999999,10.0,0.02,1293,1208,2492,0.7023225394537672
COMPLETED,0.55,64.0,0.98,3613,4592,2508,0.178293746827729
COMPLETED,0.6099999999999999,223.0,1.0,3159,2265,1972,0.4645959887510165
COMPLETED,0.5899999999999999,550.0,0.98,1786,3228,3030,0.9105928561242296
COMPLETED,0.3099999999999999,9.0,0.0,543,91,366,0.2118832777305506
COMPLETED,0.3099999999999999,11.0,0.05,4397,4111,4635,0.656051647870522
COMPLETED,0.3099999999999999,9.0,0.01,3945,665,3662,0.5437065546709112
COMPLETED,0.4699999999999999,38.0,0.27,1000,4783,1339,0.0822310671581886
COMPLETED,0.2899999999999999,11.0,0.02,2256,1666,4007,0.7887371689559892
COMPLETED,0.52,51.0,1.0,2683,2571,993,0.3288465596472844
COMPLETED,0.33,10.0,0.02,2688,1672,2154,0.618979575725831
COMPLETED,0.3099999999999999,9.0,0.0299999999999999,2252,2564,2846,0.0031323011396452
COMPLETED,0.6199999999999999,323.0,1.0,1014,682,471,0.873520436048042
COMPLETED,0.5999999999999999,463.0,0.99,3930,4767,4530,0.2558453638128004
COMPLETED,0.3099999999999999,9.0,0.0,4412,87,3474,0.3854208880505524
COMPLETED,0.44,29.0,0.2,528,4115,1527,0.9857897955383172
COMPLETED,0.38,13.0,0.02,1791,2251,3898,0.138805996534042
COMPLETED,0.54,51.0,1.0,3154,3241,1104,0.7407585765594616
COMPLETED,0.3699999999999999,12.0,0.01,3598,1193,4316,0.9031742830766364
COMPLETED,0.4799999999999999,36.0,0.33,1308,4607,684,0.4729138251731171
COMPLETED,0.32,9.0,0.0,45,1451,3334,0.6487540656751953
COMPLETED,0.5999999999999999,91.0,0.99,4856,3059,1668,0.2200801530699245
COMPLETED,0.5899999999999999,66.0,0.98,4072,2128,67,0.1061033913920633
COMPLETED,0.32,8.0,0.01,834,3638,4933,0.520885943625029
COMPLETED,0.2999999999999999,12.0,0.01,2071,540,2290,0.3528417502144351
COMPLETED,0.55,56.0,0.98,2830,4013,2711,0.7657936618072912
COMPLETED,0.2899999999999999,9.0,0.0,3016,374,806,0.1767545899854041
COMPLETED,0.3099999999999999,11.0,0.02,1886,3867,4194,0.6989232850116677
COMPLETED,0.6199999999999999,458.0,0.98,629,1962,1858,0.4216627770379185
COMPLETED,0.6099999999999999,327.0,1.0,4277,3491,3143,0.9456611749637872
COMPLETED,0.38,12.0,0.02,4729,1304,4821,0.8160696942526847
COMPLETED,0.39,19.0,0.0599999999999999,172,2893,179,0.3093788900122046
COMPLETED,0.3499999999999999,11.0,0.01,1415,1046,2511,0.5632355383944697
COMPLETED,0.55,63.0,0.97,3491,4441,2490,0.0549591563657857
COMPLETED,0.34,12.0,0.0299999999999999,3359,2417,3047,0.3305386407551355
COMPLETED,0.5799999999999998,91.0,0.97,1586,3387,1954,0.7919834954113699
COMPLETED,0.2999999999999999,10.0,0.0,342,254,4642,0.085507905531302
COMPLETED,0.4799999999999999,47.0,0.98,4597,4261,359,0.5453681201398372
COMPLETED,0.33,12.0,0.01,3823,828,1336,0.6593589330404996
COMPLETED,0.5799999999999998,82.0,0.8399999999999999,1122,4933,3664,0.213392460367456
COMPLETED,0.54,49.0,0.99,2379,1818,981,0.9120715268434024
COMPLETED,0.28,11.0,0.0299999999999999,2561,2730,4020,0.4679337895599193
COMPLETED,0.2999999999999999,11.0,0.01,2597,742,3436,0.0317856478917412
COMPLETED,0.4099999999999999,24.0,0.7399999999999999,2465,4750,1565,0.5864242777093313
COMPLETED,0.39,9.0,0.02,1224,1616,4253,0.2862055155010894
COMPLETED,0.5899999999999999,74.0,0.99,3834,2587,748,0.8392583293741568
COMPLETED,0.5999999999999999,1088.0,1.0,4623,2268,2197,0.9532346147393808
COMPLETED,0.5999999999999999,112.0,0.96,439,3180,2804,0.4140741138638928
COMPLETED,0.2999999999999999,8.0,0.0,1697,66,121,0.7064968289806508
COMPLETED,0.32,11.0,0.04,3360,4171,4880,0.1691657928484491
COMPLETED,0.5999999999999999,107.0,0.99,3541,1512,573,0.4447448009251616
COMPLETED,0.33,13.0,0.02,1555,3042,4427,0.9352452623101882
COMPLETED,0.3599999999999999,10.0,0.0,298,1137,2091,0.1902036056956276
COMPLETED,0.5899999999999999,91.0,0.98,4804,4629,2910,0.6825325643138959
COMPLETED,0.2999999999999999,9.0,0.01,4317,558,3805,0.5529565637635065
COMPLETED,0.4799999999999999,36.0,0.27,779,3952,1196,0.0779347225179895
COMPLETED,0.3099999999999999,8.0,0.0299999999999999,2021,2106,3528,0.7995720432284287
COMPLETED,0.51,50.0,0.98,3080,3694,1474,0.3229653237788938
COMPLETED,0.3499999999999999,13.0,0.02,2953,1940,4549,0.7327014561854303
COMPLETED,0.3599999999999999,20.0,0.67,2148,3548,451,0.1468783700760453
COMPLETED,0.3099999999999999,8.0,0.0,887,391,3101,0.9777325412013568
COMPLETED,0.5899999999999999,82.0,1.0,4210,3806,1901,0.3934933657859451
COMPLETED,0.3499999999999999,11.0,0.01,4989,990,1083,0.27950302919792
COMPLETED,0.4799999999999999,61.0,0.19,112,4463,3917,0.8498475100525655
COMPLETED,0.6099999999999999,833.0,1.0,1350,1366,1274,0.0267898623313754
COMPLETED,0.3599999999999999,14.0,0.04,3746,2875,3728,0.5953067836932838
COMPLETED,0.3099999999999999,10.0,0.0,3253,231,1765,0.7577210612725466
COMPLETED,0.5999999999999999,105.0,0.97,1804,4318,3235,0.3608991199083625
COMPLETED,0.51,38.0,0.3499999999999999,566,2434,861,0.5128132091273553
COMPLETED,0.3499999999999999,12.0,0.04,4496,3327,4141,0.1141608652793802
COMPLETED,0.4,11.0,0.02,4039,1762,2613,0.24375282230312
COMPLETED,0.6099999999999999,176.0,0.98,1018,2752,2387,0.6250966198404319
COMPLETED,0.3499999999999999,7.0,0.01,2280,889,4758,0.4965863902129232
COMPLETED,0.46,27.0,0.5899999999999999,2782,4916,243,0.8795169712048024
COMPLETED,0.32,7.0,0.0,2767,8,4987,0.3722122688168659
COMPLETED,0.3699999999999999,20.0,0.55,2330,4194,13,0.7531905931560322
COMPLETED,0.34,10.0,0.01,1093,2328,2677,0.1174267270649783
COMPLETED,0.5999999999999999,142.0,0.99,4008,3164,2325,0.500722245403286
COMPLETED,0.6099999999999999,131.0,0.99,4490,1593,641,0.6362120841196737
COMPLETED,0.2899999999999999,10.0,0.01,607,2643,4360,0.2395115206117741
COMPLETED,0.32,10.0,0.01,1869,758,1692,0.8830719101069495
COMPLETED,0.57,81.0,0.97,3232,4690,3310,0.4842977716291323
COMPLETED,0.6099999999999999,205.0,0.99,3676,2051,1522,0.1511649549586698
COMPLETED,0.5999999999999999,408.0,0.97,1386,3715,3479,0.721632168183662
COMPLETED,0.27,10.0,0.0,123,620,1167,0.4058282201862893
COMPLETED,0.5999999999999999,1030.0,1.0,4934,3934,3834,0.9742228259514086
COMPLETED,0.3699999999999999,11.0,0.01,4150,1116,2861,0.8543327024201862
COMPLETED,0.4799999999999999,37.0,0.34,912,4684,2140,0.2681437114543281
COMPLETED,0.32,11.0,0.02,2149,1531,4457,0.6073515190431849
COMPLETED,0.4899999999999999,37.0,0.98,2908,2979,544,0.0234787843359634
COMPLETED,0.39,10.0,0.02,3093,1384,3601,0.9229718968943692
COMPLETED,0.5899999999999999,92.0,0.98,1964,2813,1399,0.4483149929952807
COMPLETED,0.34,10.0,0.01,707,969,4025,0.6783064860209823
COMPLETED,0.5,49.0,0.98,4355,4518,977,0.2013342933733016
COMPLETED,0.2999999999999999,8.0,0.01,4807,454,2027,0.0658284981835633
COMPLETED,0.51,52.0,0.2899999999999999,250,3787,2973,0.5562071649387478
COMPLETED,0.5899999999999999,77.0,0.95,1493,1885,344,0.3184196248215623
COMPLETED,0.2999999999999999,13.0,0.04,3569,3568,4657,0.8108699612961151
COMPLETED,0.6099999999999999,120.0,0.99,3437,905,213,0.5830979688731021
COMPLETED,0.5899999999999999,1047.0,0.96,1664,4856,4787,0.0438151524008251
COMPLETED,0.2999999999999999,11.0,0.01,421,1739,2437,0.827883751020208
COMPLETED,0.6099999999999999,448.0,1.0,4675,2810,2565,0.2906754472583532
COMPLETED,0.3699999999999999,13.0,0.0299999999999999,3901,2494,4169,0.4105796220123767
COMPLETED,0.53,42.0,0.4799999999999999,1200,3311,831,0.9655846925381572
COMPLETED,0.3099999999999999,10.0,0.0,2457,174,3188,0.1581117580146528
COMPLETED,0.46,31.0,0.98,2639,4340,1814,0.7107986670312471
COMPLETED,0.54,54.0,1.0,2518,2189,1230,0.7876964528220705
COMPLETED,0.3099999999999999,8.0,0.0299999999999999,2387,3259,3770,0.3416083641364239
COMPLETED,0.3099999999999999,8.0,0.0,1145,143,1420,0.5330337904276325
COMPLETED,0.5999999999999999,204.0,0.99,3756,4094,3582,0.0890171333050355
COMPLETED,0.2899999999999999,9.0,0.01,4545,663,4403,0.2089077331488951
COMPLETED,0.39,19.0,0.08,361,4829,597,0.6707178228469565
COMPLETED,0.4,12.0,0.02,1619,1693,2954,0.4558885369642637
COMPLETED,0.6099999999999999,186.0,1.0,3282,2509,2047,0.9153830997574142
COMPLETED,0.2999999999999999,9.0,0.01,3463,481,2740,0.6876096783964895
COMPLETED,0.57,81.0,0.81,1477,4029,2260,0.1812854934814386
COMPLETED,0.3099999999999999,10.0,0.0,220,2185,4886,0.9423958378663286
COMPLETED,0.55,44.0,0.96,4726,3615,116,0.433753253285773
COMPLETED,0.39,13.0,0.02,4239,1435,1638,0.2982638908820226
COMPLETED,0.2999999999999999,9.0,0.01,701,3119,3363,0.8203105680068955
COMPLETED,0.6199999999999999,256.0,0.99,1943,1216,734,0.051403700217884
COMPLETED,0.5999999999999999,244.0,0.98,3002,4550,4268,0.5755246518968604
COMPLETED,0.3499999999999999,10.0,0.01,2875,1070,2383,0.4762406512551009
COMPLETED,0.38,25.0,0.95,2070,4384,2618,0.8911442836489528
COMPLETED,0.5799999999999998,70.0,0.82,809,1289,306,0.2314542662748135
COMPLETED,0.3499999999999999,13.0,0.04,4132,2952,4695,0.6442845618550666
COMPLETED,0.4,13.0,0.0299999999999999,4911,2019,3250,0.5243799107884057
COMPLETED,0.34,24.0,0.02,34,3468,1750,0.0937538010695017
COMPLETED,0.2999999999999999,11.0,0.0,1272,314,4067,0.7768481543477624
COMPLETED,0.53,45.0,0.96,3668,3883,934,0.3485394767843186
COMPLETED,0.3499999999999999,10.0,0.02,3174,1839,3970,0.0154061838012188
COMPLETED,0.5899999999999999,86.0,0.98,1726,2675,1030,0.6154088887371123
COMPLETED,0.32,10.0,0.01,488,810,3694,0.2600709769566543
COMPLETED,0.5,48.0,0.97,4418,4995,1307,0.8623901763075031
COMPLETED,0.27,8.0,0.0,3961,308,407,0.997895495184604
COMPLETED,0.2999999999999999,11.0,0.01,940,4240,4593,0.382170774351526
COMPLETED,0.55,76.0,1.0,2202,2355,1926,0.745304733223468
COMPLETED,0.5999999999999999,179.0,0.99,2704,3406,3076,0.1275076430868357
COMPLETED,0.5899999999999999,67.0,0.99,2735,1163,330,0.6533685025000013
COMPLETED,0.2899999999999999,9.0,0.0299999999999999,2210,4637,4672,0.2233458139111287
COMPLETED,0.38,11.0,0.01,968,1500,2003,0.898155899644643
COMPLETED,0.6099999999999999,4171.0,1.0,3972,3010,2997,0.4702045235406607
COMPLETED,0.4,12.0,0.0299999999999999,4449,2079,4049,0.3559167892497032
COMPLETED,0.45,28.0,0.1799999999999999,497,3687,953,0.7704463301636278
COMPLETED,0.2999999999999999,11.0,0.01,1754,570,3616,0.1034475335259921
COMPLETED,0.5,47.0,0.98,3185,3984,1385,0.5156616666131651
COMPLETED,0.38,9.0,0.02,3640,1623,3173,0.8683037725959905
COMPLETED,0.5899999999999999,123.0,0.98,1261,2613,1829,0.253181892386917
COMPLETED,0.3099999999999999,7.0,0.0,3,711,4145,0.62363987252675
COMPLETED,0.4899999999999999,40.0,0.98,4902,4738,856,0.0061997117303311
COMPLETED,0.3099999999999999,9.0,0.0,4104,58,2461,0.1361043084613978
COMPLETED,0.52,48.0,0.4799999999999999,797,4144,2540,0.7357325795676559
COMPLETED,0.3499999999999999,20.0,0.97,2039,2300,228,0.3886941773363388
COMPLETED,0.2999999999999999,11.0,0.04,2866,3192,4773,0.9903966039185412
COMPLETED,0.5899999999999999,93.0,0.99,2974,2446,1716,0.0809086809413507
COMPLETED,0.5899999999999999,1213.0,0.98,1932,3358,3285,0.5421177310725674
COMPLETED,0.3099999999999999,9.0,0.0,670,205,655,0.3355722364219836
COMPLETED,0.33,11.0,0.05,4230,4310,4345,0.7947080688177607
COMPLETED,0.34,11.0,0.01,4698,877,2663,0.9089812755732796
COMPLETED,0.4199999999999999,24.0,0.08,209,4884,2339,0.4632658494296483
COMPLETED,0.39,10.0,0.02,1447,1789,4963,0.6619995786717161
COMPLETED,0.53,46.0,0.98,3454,2759,37,0.2186014656053855
COMPLETED,0.3099999999999999,8.0,0.01,3313,423,4482,0.4268641687160357
COMPLETED,0.52,40.0,0.4899999999999999,1627,3818,520,0.948309434154816
COMPLETED,0.2999999999999999,11.0,0.0,389,1932,2875,0.1720790214105509
COMPLETED,0.5999999999999999,88.0,0.98,4556,3521,2125,0.6958406621861271
COMPLETED,0.6199999999999999,509.0,1.0,3786,1334,1153,0.5659524982410483
COMPLETED,0.33,11.0,0.01,1154,2863,3849,0.0600003655924461
COMPLETED,0.3599999999999999,8.0,0.01,2415,998,1497,0.8128116767408325
COMPLETED,0.54,66.0,0.97,2529,4490,3503,0.3047872938668355
COMPLETED,0.3499999999999999,10.0,0.02,2628,1483,4092,0.1949323501110076
COMPLETED,0.45,29.0,0.97,2429,3071,910,0.6856839175645261
COMPLETED,0.3599999999999999,11.0,0.01,1192,1186,3265,0.4395968678981996
COMPLETED,0.54,53.0,0.97,3871,4580,1735,0.9326655102727004
COMPLETED,0.6099999999999999,487.0,1.0,4664,509,292,0.8027613898542709
COMPLETED,0.32,8.0,0.0,393,4001,4710,0.3275036845446563
COMPLETED,0.38,12.0,0.02,1656,2135,2358,0.5501711563024669
COMPLETED,0.5999999999999999,96.0,0.99,3407,3665,2642,0.0728399951010942
COMPLETED,0.2999999999999999,9.0,0.01,3577,694,1950,0.2811031745243817
COMPLETED,0.57,68.0,0.8399999999999999,1523,4799,3052,0.8364805354729294
COMPLETED,0.4799999999999999,29.0,0.2099999999999999,261,1645,422,0.0363163802129216
COMPLETED,0.3599999999999999,14.0,0.0299999999999999,4836,2557,4579,0.5896212527797557
COMPLETED,0.4,15.0,0.0299999999999999,4363,2239,3680,0.7039094633833504
COMPLETED,0.4799999999999999,38.0,0.38,737,3210,1322,0.1640254733812995
COMPLETED,0.2999999999999999,8.0,0.0,1975,114,3946,0.9563783395454288
COMPLETED,0.4899999999999999,34.0,0.96,3122,4122,1054,0.4188104867238551
COMPLETED,0.28,7.0,0.0,2916,261,2940,0.50809967694683
COMPLETED,0.39,25.0,0.95,2180,4288,2062,0.1110247838026844
COMPLETED,0.3099999999999999,11.0,0.01,923,2386,4378,0.7628842065343632
COMPLETED,0.56,56.0,0.97,4178,3375,622,0.3634941437197848
COMPLETED,0.6199999999999999,322.0,1.0,4943,1811,1444,0.4933818313522264
COMPLETED,0.3099999999999999,8.0,0.0,153,2704,3557,0.8749633386651055
COMPLETED,0.34,13.0,0.01,1397,859,1245,0.246523017529305
COMPLETED,0.5799999999999998,99.0,0.98,3705,4945,3756,0.6301760754833929
COMPLETED,0.5899999999999999,70.0,0.99,3221,1989,719,0.98281961040413
COMPLETED,0.34,12.0,0.02,1841,3498,4282,0.3962559474523179
COMPLETED,0.2999999999999999,10.0,0.0,598,362,1613,0.7281554520903155
COMPLETED,0.5999999999999999,252.0,1.0,4460,3835,3387,0.1436661827707663
COMPLETED,0.3499999999999999,11.0,0.01,3997,1019,4910,0.02939249970261
COMPLETED,0.45,26.0,0.2399999999999999,1064,4434,92,0.600462315395288
COMPLETED,0.33,10.0,0.02,2322,1317,2755,0.2763745761658065
COMPLETED,0.5799999999999998,91.0,1.0,2736,2924,2246,0.8451263494274579
RUNNING,,,,2813,2159,2536,0.4007487422161735
RUNNING,,,,2289,3607,2466,0.9714526530523784
