Status,ACCURACY,RUNTIME,recent_samples_size,feature_id,threshold,window_size
FAILED,,,3726,4,0.4923260813951492,4285
FAILED,,,2423,1,0.7398694409076124,42
FAILED,,,1112,2,0.1923045349959283,3053
ABANDONED,,,4886,0,0.946827089579776,1352
ABANDONED,,,3939,3,0.5726998061742633,2372
ABANDONED,,,223,0,0.3174056756626814,3127
ABANDONED,,,1553,4,0.8654237416218966,1218
ABANDONED,,,2760,2,0.1187433230187743,4516
ABANDONED,,,2825,3,0.793058844955638,3461
ABANDONED,,,1609,1,0.0346830618027597,2038
ABANDONED,,,444,4,0.5164162690583616,4807
ABANDONED,,,4150,1,0.2806143780965357,926
ABANDONED,,,4531,3,0.155025810053572,376
ABANDONED,,,727,1,0.8900561250876635,3952
ABANDONED,,,1912,3,0.4087532354723661,1643
ABANDONED,,,3186,0,0.6679919641818851,2762
ABANDONED,,,3425,3,0.0067513837199658,1071
ABANDONED,,,2141,0,0.7610454844888299,4682
ABANDONED,,,810,3,0.3065977408643811,2225
ABANDONED,,,4605,2,0.5542782486956566,3294
ABANDONED,,,4223,4,0.9282151787076144,2907
ABANDONED,,,528,1,0.1816717253196984,1518
ABANDONED,,,1839,2,0.6356815371681004,4139
ABANDONED,,,3063,1,0.3801590123269706,208
FAILED,,,2520,4,0.7041480558197944,1809
FAILED,,,1325,2,0.4681176515575498,2616
COMPLETED,0.04,1001.0,140,3,0.9806002188380808,542
FAILED,,,3865,0,0.2223615198712796,3805
FAILED,,,4813,2,0.347774962792173,4974
FAILED,,,1029,0,0.6071507162023335,779
FAILED,,,2193,4,0.0942226030100137,3628
FAILED,,,3488,1,0.8290245831999927,1891
FAILED,,,3572,2,0.5083725927043706,295
FAILED,,,2268,0,0.2569916818235069,4189
FAILED,,,956,4,0.8011491727624088,1411
FAILED,,,4732,1,0.0582609804142266,2838
FAILED,,,3784,4,0.4319579424615949,3381
FAILED,,,68,2,0.6754958845656364,2274
COMPLETED,0.05,3086.0,1,4,0.030197076444898,1051
FAILED,,,715,0,0.548799800257904,1213
FAILED,,,2645,0,0.999,1
FAILED,,,5000,2,0.976511573379974,5000
FAILED,,,5000,0,0.6226723494396434,4750
COMPLETED,0.0299999999999999,4155.0,1,0,0.001,5000
COMPLETED,0.04,3230.0,1,2,0.0359967902781449,4786
FAILED,,,5000,1,0.374433102478523,5000
COMPLETED,0.0299999999999999,2257.0,1,2,0.999,4293
FAILED,,,5000,4,0.001,5000
FAILED,,,498,0,0.999,1
FAILED,,,1708,2,0.1179652069353004,1
COMPLETED,0.04,1531.0,3306,3,0.999,5000
COMPLETED,0.0299999999999999,2769.0,1,0,0.999,2136
FAILED,,,1916,4,0.9191226928181512,4085
FAILED,,,5000,0,0.001,5000
COMPLETED,0.0299999999999999,2712.0,1,0,0.1775261231660556,488
FAILED,,,5000,4,0.999,1436
FAILED,,,5000,4,0.7132014635781885,4830
FAILED,,,2480,4,0.0283737937467409,5000
FAILED,,,5000,2,0.9974840906620352,1
FAILED,,,293,4,0.9807506103236048,5000
COMPLETED,0.05,1981.0,1,4,0.999,1
FAILED,,,4955,4,0.652418874561555,1
FAILED,,,736,4,0.6891704834330264,404
COMPLETED,0.05,3355.0,1,4,0.001,5000
FAILED,,,5000,4,0.999,1
COMPLETED,0.0299999999999999,2340.0,1,4,0.9421502803898576,2617
FAILED,,,4865,4,0.6729561250044223,4116
COMPLETED,0.05,1967.0,1,4,0.4914946745516577,1
FAILED,,,1440,4,0.7384111309839074,5000
FAILED,,,5000,4,0.001,1
FAILED,,,5000,4,0.4295285747113046,3146
FAILED,,,2345,4,0.999,2513
COMPLETED,0.05,3306.0,1,4,0.2999923888593836,5000
FAILED,,,5000,3,0.001,5000
FAILED,,,5000,4,0.4066405923541055,1
FAILED,,,5000,4,0.860892601799011,5000
FAILED,,,5000,3,0.001,1
FAILED,,,4983,4,0.8008456927037373,134
FAILED,,,39,4,0.8118069170082495,1185
FAILED,,,2506,4,0.8927521956280208,55
FAILED,,,1566,3,0.6116261874833796,1
FAILED,,,5000,4,0.2078638159187835,5000
COMPLETED,0.1,755.0,1,3,0.001,1
COMPLETED,0.0299999999999999,2292.0,1,4,0.999,3548
FAILED,,,3827,3,0.8964736675705857,1
FAILED,,,2732,4,0.999,1
FAILED,,,4170,4,0.4681139524066228,5000
FAILED,,,1636,4,0.3720611656750272,1542
FAILED,,,5000,4,0.1905017083599751,1641
ABANDONED,,,954,3,0.0835447108273591,1
COMPLETED,0.1,623.0,1,3,0.0986771789050624,1
ABANDONED,,,524,3,0.001,579
COMPLETED,0.1,1646.0,1,3,0.001,881
FAILED,,,396,3,0.1197886360067645,1254
FAILED,,,727,3,0.001,1
FAILED,,,243,2,0.269772730078895,1
FAILED,,,370,3,0.1943559638627554,1
FAILED,,,1687,3,0.1887746114013125,802
FAILED,,,1489,3,0.001,1
COMPLETED,0.1,1719.0,1,3,0.001,337
FAILED,,,356,3,0.001,1
FAILED,,,2244,3,0.001,796
FAILED,,,2641,3,0.5228956006418297,1
FAILED,,,1256,3,0.2080849277998447,1
COMPLETED,0.1,1729.0,1,3,0.001,1683
FAILED,,,1083,3,0.001,1108
FAILED,,,2157,3,0.001,1
COMPLETED,0.1,846.0,3,3,0.1895068182180785,1
FAILED,,,1886,3,0.1523394461350199,1
FAILED,,,2262,3,0.0174761135860846,3168
COMPLETED,0.1,658.0,1,3,0.0488842708606533,1
COMPLETED,0.1,1898.0,1,3,0.001,3427
FAILED,,,806,3,0.1585676445463806,560
FAILED,,,292,3,0.1480210097660538,1925
FAILED,,,1152,3,0.1460732476541116,3695
FAILED,,,616,3,0.001,1453
FAILED,,,686,3,0.001,2608
FAILED,,,1980,3,0.001,1968
FAILED,,,2464,3,0.3683530338884459,877
ABANDONED,,,5000,3,0.0735179351113673,2293
ABANDONED,,,4007,3,0.1455593775104893,2496
ABANDONED,,,3616,3,0.0806290628780018,2218
ABANDONED,,,1210,3,0.0975629245780049,643
ABANDONED,,,2932,3,0.0677647543195914,2917
ABANDONED,,,2388,3,0.1151616620490652,929
FAILED,,,4356,1,0.5586163534354774,452
FAILED,,,4145,1,0.2817178366377574,3395
FAILED,,,2913,3,0.1881324973441156,1482
FAILED,,,4748,3,0.1505210031327747,2661
FAILED,,,2228,3,0.1273839714528817,2356
FAILED,,,2418,3,0.0673202395321882,1
FAILED,,,4873,3,0.1122404566269362,2861
FAILED,,,3705,3,0.1159221893329866,3611
FAILED,,,2757,3,0.1706172139387555,4690
FAILED,,,4412,1,0.4144330662766577,995
FAILED,,,3557,1,0.6074102988594597,2756
FAILED,,,4932,3,0.2075906119155181,3661
FAILED,,,4442,3,0.001,1228
FAILED,,,5000,3,0.42394231075515,1570
FAILED,,,2512,3,0.2619110378958854,4081
FAILED,,,3532,3,0.4168901731535392,1619
FAILED,,,3320,3,0.0385604292267242,1791
FAILED,,,4202,3,0.1472343215090105,1041
FAILED,,,2536,3,0.0979322560702226,2010
FAILED,,,2302,3,0.0361389611144294,336
FAILED,,,3308,3,0.081957752622122,2598
FAILED,,,4272,3,0.001,4686
FAILED,,,1314,1,0.3093235219637737,4016
FAILED,,,4755,3,0.0052144461079832,1716
ABANDONED,,,2369,3,0.1827541131805041,5
ABANDONED,,,4424,3,0.40790622782507,3486
ABANDONED,,,3122,3,0.1709580837686854,2058
ABANDONED,,,3957,3,0.2895269333258915,1359
ABANDONED,,,4189,3,0.0896059920444934,469
ABANDONED,,,3391,1,0.8953373085009811,876
ABANDONED,,,2348,3,0.001,1686
ABANDONED,,,2739,1,0.8781036111628975,4425
ABANDONED,,,2347,2,0.5164903672143413,19
ABANDONED,,,4127,3,0.001,878
ABANDONED,,,1074,2,0.4806395437923174,1
ABANDONED,,,3809,3,0.001,3455
ABANDONED,,,4849,3,0.3044775488703907,768
ABANDONED,,,4923,3,0.3608728833906558,193
ABANDONED,,,2409,3,0.1212529601538637,1293
ABANDONED,,,5000,3,0.001,2806
ABANDONED,,,4790,3,0.1705112615745866,2511
ABANDONED,,,2666,3,0.1824472215003645,3125
ABANDONED,,,2319,3,0.1729704562827839,668
ABANDONED,,,3400,3,0.001,284
ABANDONED,,,4819,3,0.231101042789671,1153
ABANDONED,,,3312,1,0.8407373133347253,4643
ABANDONED,,,3997,3,0.2754800839424183,4617
ABANDONED,,,5000,3,0.001,1345
FAILED,,,3443,1,0.001,4892
FAILED,,,3304,1,0.001,1078
FAILED,,,2950,3,0.2144204783468314,848
FAILED,,,4096,3,0.001,582
FAILED,,,2133,3,0.0985774963210688,1044
FAILED,,,5000,1,0.5563932247090942,505
FAILED,,,4449,1,0.4097767867254809,3359
FAILED,,,4466,1,0.8233272793996621,330
FAILED,,,3051,3,0.2828588780333649,1923
FAILED,,,3348,3,0.001,1576
FAILED,,,4907,3,0.1669925056549334,3713
FAILED,,,4612,3,0.0894583895556769,1875
FAILED,,,4083,3,0.001,1280
FAILED,,,3733,3,0.2882425510819485,578
FAILED,,,3525,1,0.3351849282127188,869
FAILED,,,2962,3,0.1104648132956457,3355
FAILED,,,1932,3,0.0300061181759836,3521
FAILED,,,1941,3,0.3702511039140705,3350
FAILED,,,595,1,0.4301086786260236,1264
FAILED,,,5000,2,0.3024422403828285,2516
FAILED,,,4726,3,0.254632077252567,516
FAILED,,,4104,1,0.2659375354448252,1312
FAILED,,,4446,3,0.001,1614
FAILED,,,4461,3,0.0314469126973855,4080
FAILED,,,4526,1,0.001,3220
FAILED,,,2893,1,0.4029863921706471,4567
FAILED,,,5000,1,0.999,1937
FAILED,,,3626,1,0.8380984272426149,2606
FAILED,,,4233,3,0.2467696545346339,2100
FAILED,,,2700,3,0.1462019465131469,2405
FAILED,,,4218,1,0.2901410185409018,2356
FAILED,,,2175,3,0.025553012478621,3012
FAILED,,,3207,3,0.0734346327669339,3755
COMPLETED,0.0299999999999999,2011.0,1,1,0.1281823761648246,1
FAILED,,,2164,3,0.0759988208297935,3284
ABANDONED,,,5000,3,0.001,4393
ABANDONED,,,5000,3,0.0941372556059767,3752
ABANDONED,,,1613,3,0.001,3348
ABANDONED,,,3432,3,0.001,3767
ABANDONED,,,5000,4,0.2202735236288264,633
ABANDONED,,,3454,3,0.3258704777919055,1654
ABANDONED,,,3937,3,0.071751285562037,5000
ABANDONED,,,2229,3,0.1111066626632771,2369
ABANDONED,,,2143,3,0.2347743758354685,3516
ABANDONED,,,2353,3,0.0455008164816226,4174
ABANDONED,,,2821,3,0.0832445122938326,3885
ABANDONED,,,1570,3,0.0702327677033044,1
ABANDONED,,,1880,3,0.1634401851830917,2756
ABANDONED,,,698,3,0.1901172017932998,1
ABANDONED,,,3540,3,0.3161693548259653,7
ABANDONED,,,3792,1,0.999,1
ABANDONED,,,5000,1,0.9822391153607928,2732
ABANDONED,,,2926,3,0.3342073361474784,3356
ABANDONED,,,4714,3,0.001,4677
ABANDONED,,,2950,3,0.1312018884625963,4796
ABANDONED,,,3326,3,0.1907167484089153,1
ABANDONED,,,4742,3,0.2450058189779187,5000
ABANDONED,,,1644,3,0.3380738709722398,1
ABANDONED,,,4606,1,0.999,839
ABANDONED,,,1892,3,0.1945731059988216,5000
FAILED,,,4894,3,0.3000146386948996,4067
FAILED,,,4797,2,0.3807985413220805,947
FAILED,,,3883,3,0.1774694059649123,3831
FAILED,,,5000,3,0.1542435021599914,1
ABANDONED,,,5000,1,0.001,2007
ABANDONED,,,3527,3,0.249110780331475,4197
ABANDONED,,,4294,3,0.112513977472848,4455
ABANDONED,,,2194,3,0.001,5000
ABANDONED,,,4313,3,0.3203712944242388,2147
ABANDONED,,,2725,3,0.3811885728915392,2904
ABANDONED,,,4981,1,0.6127754675376333,1946
ABANDONED,,,4883,0,0.616504043626094,4793
ABANDONED,,,5000,3,0.3171192785599429,1702
FAILED,,,1801,3,0.3749777852917641,4065
FAILED,,,1581,3,0.0886611312161803,2178
FAILED,,,2638,3,0.001,3152
FAILED,,,1564,3,0.1866625413385152,1
FAILED,,,2722,3,0.001,1
FAILED,,,3579,3,0.1737895825583628,3223
FAILED,,,3750,3,0.0903178371109455,3797
FAILED,,,3866,2,0.4900006333162507,4315
FAILED,,,1150,3,0.1286937105501827,2519
FAILED,,,2855,3,0.001,2455
FAILED,,,5000,1,0.999,4137
FAILED,,,3741,3,0.2601090417672419,2649
FAILED,,,1171,3,0.1681157703800316,1
COMPLETED,0.1,4018.0,2030,3,0.001,440
FAILED,,,2490,3,0.2390442275340727,4291
FAILED,,,3900,3,0.001,2535
FAILED,,,2855,3,0.2296760871579422,990
FAILED,,,1903,3,0.001,1
FAILED,,,4035,3,0.001,1541
FAILED,,,4093,3,0.1258050573647242,1
FAILED,,,2909,1,0.999,5000
ABANDONED,,,630,3,0.1192888569629736,990
ABANDONED,,,2474,1,0.7537694998377082,3195
ABANDONED,,,3740,3,0.1757910143212663,3623
ABANDONED,,,1311,1,0.999,3786
ABANDONED,,,430,3,0.1016480059965223,1
ABANDONED,,,582,3,0.1253224626253889,3041
FAILED,,,5000,3,0.1076274943834777,488
FAILED,,,3790,3,0.2037668441625512,5000
FAILED,,,4786,1,0.999,4621
FAILED,,,3391,3,0.323081634868594,2841
FAILED,,,4241,1,0.7061876307189437,1291
FAILED,,,3461,3,0.1238676618165088,3253
FAILED,,,1080,3,0.3109720039216767,5000
FAILED,,,1776,3,0.2437161814826396,4097
FAILED,,,1630,3,0.331287023419092,4392
FAILED,,,237,3,0.1277803743039564,1
FAILED,,,1000,3,0.0015456065426174,2267
FAILED,,,841,1,0.996800210328671,2334
FAILED,,,4913,3,0.0926235472675941,1744
FAILED,,,3285,3,0.2585168802812878,3534
FAILED,,,541,1,0.967121686929782,2263
FAILED,,,3701,1,0.999,4805
FAILED,,,3983,3,0.17818528038328,4165
FAILED,,,4447,3,0.2062718800387668,4802
FAILED,,,5000,1,0.7143958882609575,5000
FAILED,,,2505,1,0.8261835934453612,5000
FAILED,,,1157,3,0.1507100136150943,3562
FAILED,,,863,3,0.0996272180158139,2513
FAILED,,,4409,1,0.7948013354792889,4550
FAILED,,,876,3,0.045434184366783,4419
ABANDONED,,,1463,3,0.2388147112877299,4363
ABANDONED,,,808,3,0.0960709485814495,2405
ABANDONED,,,4353,3,0.2560311181183111,2856
ABANDONED,,,1249,3,0.0897444296880552,3844
ABANDONED,,,3841,3,0.3484075255540899,3708
ABANDONED,,,870,3,0.1578555459306683,4594
ABANDONED,,,1419,1,0.9104013481533332,170
ABANDONED,,,1190,3,0.3150359273165168,3715
ABANDONED,,,5000,1,0.6966126946210349,442
ABANDONED,,,3583,1,0.999,5000
ABANDONED,,,4398,3,0.0534176887418204,3404
ABANDONED,,,790,3,0.3505467997304542,1876
ABANDONED,,,245,3,0.0872869368508781,1
ABANDONED,,,2302,3,0.4737888058557677,3499
ABANDONED,,,2630,3,0.2946994417848404,4464
ABANDONED,,,679,3,0.3238568208524599,3546
ABANDONED,,,3730,3,0.2437831318303722,3105
ABANDONED,,,824,1,0.999,1229
ABANDONED,,,2582,3,0.1696624025020412,4171
ABANDONED,,,3174,3,0.2474240602239482,2868
ABANDONED,,,1937,3,0.2584160298640328,4726
ABANDONED,,,747,1,0.999,1
ABANDONED,,,2367,1,0.6885672866069837,4508
ABANDONED,,,653,1,0.999,559
ABANDONED,,,4422,1,0.999,3023
ABANDONED,,,3437,3,0.133119986116823,4122
ABANDONED,,,4925,3,0.1390747375206785,23
ABANDONED,,,699,1,0.5822052241958257,1529
ABANDONED,,,2584,3,0.001,5000
ABANDONED,,,970,3,0.2325858826711549,3059
ABANDONED,,,5000,3,0.3765301738203795,4654
ABANDONED,,,4332,3,0.1518444678308859,4656
ABANDONED,,,1667,3,0.2840706500453427,3554
ABANDONED,,,3385,1,0.999,3551
ABANDONED,,,843,3,0.1293554786247172,3624
ABANDONED,,,695,3,0.001,2897
ABANDONED,,,2339,3,0.18572034639786,4492
ABANDONED,,,775,1,0.7742071567775081,3502
ABANDONED,,,3769,3,0.2987051094990245,893
ABANDONED,,,3127,1,0.999,1
ABANDONED,,,3987,3,0.4107553560902159,1
ABANDONED,,,3404,3,0.4109070971784298,3279
ABANDONED,,,3177,1,0.999,4403
ABANDONED,,,3932,1,0.999,3845
ABANDONED,,,2709,3,0.1515980327341568,5000
ABANDONED,,,1211,3,0.0625509903066231,1833
FAILED,,,252,3,0.3811936628734513,1
FAILED,,,4301,3,0.0950473102317205,5000
FAILED,,,4812,3,0.3619645246829609,2770
FAILED,,,3177,3,0.1583831522730385,2615
FAILED,,,2555,3,0.3247598339527233,5000
FAILED,,,4948,3,0.1041579470837041,569
FAILED,,,727,1,0.999,2800
FAILED,,,1866,3,0.150580055166162,3909
FAILED,,,3553,3,0.1902631861459219,3355
FAILED,,,4677,1,0.8536322669526721,4953
FAILED,,,4492,3,0.1411340547123638,1721
FAILED,,,3395,1,0.999,1808
FAILED,,,1003,1,0.999,1
FAILED,,,2778,3,0.1251863383661249,4431
ABANDONED,,,4283,3,0.4719854303461894,1155
ABANDONED,,,3074,3,0.001,3757
ABANDONED,,,3558,3,0.1798686390406044,1863
ABANDONED,,,3758,3,0.001,4489
ABANDONED,,,2665,1,0.5603162598582307,3591
ABANDONED,,,3924,3,0.001,5000
ABANDONED,,,2576,1,0.797330325541777,5000
ABANDONED,,,2307,3,0.001,3971
ABANDONED,,,4049,3,0.4259600698563767,3015
ABANDONED,,,4550,3,0.1625227704737636,1781
ABANDONED,,,4561,3,0.1679218450200483,3629
ABANDONED,,,2992,3,0.1688057261308213,3714
ABANDONED,,,568,3,0.123482254792473,1
ABANDONED,,,1437,3,0.359235759623914,5000
ABANDONED,,,1488,3,0.2424754960224792,3520
ABANDONED,,,5000,3,0.2466218843718645,4027
ABANDONED,,,3213,3,0.1012661672980419,2956
FAILED,,,4997,3,0.3189261081857969,3419
FAILED,,,1142,1,0.999,91
FAILED,,,3959,3,0.092200247661609,4176
FAILED,,,4665,3,0.0971394948304198,941
FAILED,,,1483,2,0.4972930095951529,5000
FAILED,,,2559,3,0.0907791295690326,3540
FAILED,,,4295,1,0.9619122022005324,3850
FAILED,,,2871,1,0.8525594330840577,4194
FAILED,,,4363,3,0.2052074792381443,5000
FAILED,,,1775,1,0.999,1849
FAILED,,,1647,1,0.8366057062410965,5000
FAILED,,,2848,1,0.5796748786060577,4646
FAILED,,,3775,3,0.0986802139707076,3173
ABANDONED,,,4082,1,0.6881025862037429,5000
ABANDONED,,,321,3,0.3506385760041155,1
ABANDONED,,,3766,1,0.9546084014980352,3060
FAILED,,,4658,3,0.0751805649935495,405
FAILED,,,3568,3,0.4163021635423372,2024
FAILED,,,4384,2,0.490585091755241,2439
FAILED,,,4419,3,0.4359575619549511,5000
FAILED,,,2824,1,0.5885868528194789,5000
FAILED,,,4103,3,0.001,3682
FAILED,,,4044,3,0.1032464158856072,3634
FAILED,,,5000,2,0.4975885093439789,1347
FAILED,,,2887,3,0.4850735315836002,4294
FAILED,,,3953,3,0.1269929324711044,4053
FAILED,,,2871,3,0.3578878798356163,4135
FAILED,,,1467,1,0.999,441
FAILED,,,3548,3,0.1350922062345795,548
FAILED,,,2909,3,0.0771497959056966,1995
FAILED,,,4372,3,0.1366958921715726,1180
FAILED,,,3835,3,0.1686159704372227,322
FAILED,,,3846,2,0.4078031120777259,2463
FAILED,,,3412,2,0.5258517119963092,1516
FAILED,,,505,3,0.1575482787052637,2078
FAILED,,,3660,3,0.0931518873882245,2775
FAILED,,,4804,3,0.4997840322778161,3020
FAILED,,,1452,3,0.1406265887309627,3814
FAILED,,,3372,3,0.001,2025
FAILED,,,3642,1,0.8919513039445602,1238
FAILED,,,4406,3,0.001,2040
FAILED,,,414,3,0.2119492640825753,3203
FAILED,,,4643,3,0.0909236171862791,2767
ABANDONED,,,4572,1,0.92260589613778,1
ABANDONED,,,5000,3,0.2155813011780035,1409
ABANDONED,,,3806,2,0.530068411607854,1
ABANDONED,,,1133,1,0.999,4256
ABANDONED,,,2329,1,0.882131581672902,2440
ABANDONED,,,4537,3,0.0537369333186839,2598
ABANDONED,,,3622,3,0.3141765132103169,4862
ABANDONED,,,3814,3,0.0649165793638862,70
ABANDONED,,,4399,3,0.001,4466
ABANDONED,,,5000,1,0.8189960371124885,685
ABANDONED,,,1649,1,0.999,5000
ABANDONED,,,3580,3,0.1028851147625175,3709
ABANDONED,,,3552,3,0.1175607411839707,3137
ABANDONED,,,2214,1,0.999,216
ABANDONED,,,3033,1,0.6333943992704187,5000
ABANDONED,,,5000,3,0.1175374612583393,690
ABANDONED,,,2466,1,0.753866141012972,710
ABANDONED,,,5000,3,0.2010739554831718,1963
ABANDONED,,,771,3,0.4911234485563371,1894
FAILED,,,4479,3,0.1882303751998005,5000
FAILED,,,3006,3,0.2591122208895985,2583
FAILED,,,3505,1,0.999,3717
FAILED,,,4804,1,0.6055015754025449,4442
FAILED,,,930,3,0.1083810654824792,1930
FAILED,,,3255,1,0.999,2814
FAILED,,,1065,1,0.999,2873
FAILED,,,483,3,0.1410258859303413,2615
FAILED,,,3624,3,0.1089409716754817,417
FAILED,,,3338,3,0.4432108405258083,2285
FAILED,,,4583,3,0.2307552609169356,3083
ABANDONED,,,1427,3,0.001,4296
ABANDONED,,,4546,3,0.3213046969768899,5000
ABANDONED,,,3268,3,0.1516487778815542,3646
ABANDONED,,,3912,3,0.1369758096459114,935
ABANDONED,,,1214,1,0.951480515605084,2270
ABANDONED,,,503,2,0.4613913313502641,1
ABANDONED,,,4955,3,0.2990762004219674,4589
ABANDONED,,,4043,1,0.999,4782
ABANDONED,,,853,3,0.1054831921462994,1760
ABANDONED,,,587,3,0.142307697698759,2151
ABANDONED,,,2204,1,0.6599006568718216,3458
ABANDONED,,,4346,3,0.1185412372648071,2954
ABANDONED,,,1029,3,0.143368183241724,4445
ABANDONED,,,2493,3,0.2216230280653466,3578
ABANDONED,,,508,3,0.001,1
ABANDONED,,,3002,1,0.597687787277889,586
ABANDONED,,,2664,3,0.28539329566523,5000
ABANDONED,,,297,3,0.1596362005708671,1
ABANDONED,,,3149,3,0.0813069780640384,4491
ABANDONED,,,869,3,0.2893790138035077,4940
ABANDONED,,,4040,3,0.2756469461266253,4132
ABANDONED,,,5000,1,0.9968859943239524,2141
ABANDONED,,,3680,3,0.3520198558628649,4299
ABANDONED,,,2549,1,0.999,3504
ABANDONED,,,3338,3,0.2856747946219464,3183
ABANDONED,,,3097,3,0.2870275388945549,3752
ABANDONED,,,4424,3,0.0573968611743456,172
ABANDONED,,,1631,3,0.0898340688571179,5000
ABANDONED,,,5000,3,0.2014167895534746,5000
ABANDONED,,,2368,3,0.16583620133349,4738
ABANDONED,,,3913,3,0.001,2567
ABANDONED,,,1362,1,0.999,1
ABANDONED,,,4029,3,0.0963495617424845,4533
ABANDONED,,,4838,1,0.999,3443
COMPLETED,0.1,6935.0,73,3,0.414714669395184,1
ABANDONED,,,1011,3,0.001,2740
ABANDONED,,,4369,3,0.1585689735563052,5000
ABANDONED,,,3695,1,0.9550515192469166,3912
COMPLETED,0.0299999999999999,2653.0,1,1,0.9905782738084256,2295
ABANDONED,,,2652,3,0.001,3719
ABANDONED,,,3283,1,0.79413867051698,1888
ABANDONED,,,3638,3,0.001,4144
ABANDONED,,,3387,3,0.1275440963591883,464
ABANDONED,,,3972,3,0.2031166971683289,5000
ABANDONED,,,4171,3,0.1077444330396365,2035
ABANDONED,,,4203,1,0.999,3400
ABANDONED,,,986,1,0.7527193732775436,102
ABANDONED,,,4617,1,0.999,5000
ABANDONED,,,3962,3,0.001,3858
ABANDONED,,,4461,3,0.3279422293333556,58
ABANDONED,,,825,1,0.8994850404508841,2954
ABANDONED,,,4365,3,0.166310362893016,1086
ABANDONED,,,3768,1,0.9944315860443356,1561
ABANDONED,,,2768,3,0.3613858245306209,3836
ABANDONED,,,579,3,0.1807620369638214,2804
ABANDONED,,,390,1,0.9561988780251406,850
FAILED,,,4668,3,0.1042378299811824,5000
FAILED,,,3937,3,0.1465341357527731,1
FAILED,,,2444,3,0.2518507061162428,5000
FAILED,,,4166,3,0.0617687687602589,4173
ABANDONED,,,4131,3,0.5180069266723843,4064
COMPLETED,0.1,1981.0,1,3,0.1406250499067105,2033
COMPLETED,0.0899999999999999,2395.0,1,3,0.1743178715786237,4487
ABANDONED,,,2557,3,0.605871392067424,4251
ABANDONED,,,5000,3,0.4399178208434441,2913
ABANDONED,,,1988,3,0.3733254445160623,3236
ABANDONED,,,4540,3,0.4835650813435099,2813
ABANDONED,,,2993,3,0.4297217168891219,833
ABANDONED,,,3125,2,0.5518173632052449,955
ABANDONED,,,2362,3,0.359512049343053,3836
ABANDONED,,,2934,3,0.2461117721576154,4955
ABANDONED,,,273,3,0.1544213314434447,3967
ABANDONED,,,2898,3,0.3803260575026135,733
ABANDONED,,,5000,3,0.4446407257854584,5000
ABANDONED,,,2570,3,0.4856696158463034,4556
ABANDONED,,,2991,3,0.468493703511086,4269
COMPLETED,0.08,1908.0,1,3,0.2235893171238766,5000
ABANDONED,,,4357,3,0.4725963978804406,5000
ABANDONED,,,3564,3,0.4857357631463964,4487
ABANDONED,,,3326,3,0.480526610648766,5000
ABANDONED,,,1885,3,0.4978451795916043,5000
ABANDONED,,,1958,3,0.2725879758820725,814
ABANDONED,,,3972,3,0.3754664330938545,5000
ABANDONED,,,1310,3,0.2132161535254415,5000
ABANDONED,,,3038,3,0.4535325358058425,1
ABANDONED,,,2429,3,0.4268165207714006,3954
FAILED,,,5000,3,0.5125022187537795,4100
FAILED,,,3885,3,0.2399151022191429,1
FAILED,,,1784,3,0.3433579425104649,4057
FAILED,,,1603,3,0.5190904261438074,4971
ABANDONED,,,4895,3,0.2263314635109173,242
ABANDONED,,,2982,3,0.3185785846773911,1
COMPLETED,0.1,1683.0,1,3,0.079335325398763,963
ABANDONED,,,3577,3,0.2476730719231129,604
ABANDONED,,,1811,0,0.4275480126943608,4630
ABANDONED,,,2511,2,0.6014861808133395,2265
ABANDONED,,,1768,2,0.4784133591505847,1
COMPLETED,0.1,702.0,1,3,0.1450124523306765,1
ABANDONED,,,4673,0,0.5771686882991008,3022
ABANDONED,,,3722,2,0.4593057563406338,499
ABANDONED,,,3323,3,0.5167743741422541,1
ABANDONED,,,5000,3,0.6103536885066636,4907
ABANDONED,,,4541,3,0.4813701166009251,269
ABANDONED,,,4024,3,0.2287050309745471,296
ABANDONED,,,5000,3,0.4657352961552634,1
ABANDONED,,,2699,1,0.5608760302695412,5000
FAILED,,,1082,1,0.550009702731919,3299
FAILED,,,4874,2,0.4574684291105522,2
FAILED,,,5000,1,0.5399748434302521,1842
FAILED,,,1187,3,0.2615845827422505,8
FAILED,,,3402,3,0.3672032732219305,1
FAILED,,,1872,3,0.2706718433409962,1
FAILED,,,2362,3,0.4064304114751973,1
ABANDONED,,,3701,3,0.4076705970786621,505
FAILED,,,4481,3,0.3975325212029632,1
FAILED,,,5000,3,0.3873650504384417,1
FAILED,,,3496,2,0.4828642520357371,3516
FAILED,,,2494,2,0.4609391816870057,1265
FAILED,,,3214,2,0.3999030753058224,182
COMPLETED,0.04,2682.0,1,2,0.5033763411474637,765
ABANDONED,,,3876,3,0.5046064604064174,1182
ABANDONED,,,2380,3,0.2848888612662801,1
ABANDONED,,,904,3,0.001,5000
ABANDONED,,,3388,1,0.5667671187781543,5000
ABANDONED,,,3355,2,0.001,1
ABANDONED,,,2919,3,0.4435221064243191,2031
FAILED,,,2751,3,0.2520918891178617,876
COMPLETED,0.0899999999999999,1579.0,1,3,0.1722019752578375,639
FAILED,,,4286,3,0.001,2811
FAILED,,,4568,3,0.5516487967461426,169
FAILED,,,719,3,0.2155343363393614,791
FAILED,,,1496,1,0.5409335754725839,4474
FAILED,,,2885,3,0.4145572523935297,1
FAILED,,,4541,3,0.4221026111222825,344
FAILED,,,2318,0,0.6263135217932755,5000
FAILED,,,1900,3,0.3344743656664885,390
FAILED,,,1427,3,0.2147064232686314,1339
FAILED,,,5000,3,0.2770369189419812,158
FAILED,,,4367,3,0.4091819307397688,2498
FAILED,,,615,3,0.5955824870215086,2927
FAILED,,,2610,3,0.50107469008333,1
FAILED,,,2740,3,0.322904533951026,1748
FAILED,,,5000,3,0.430949082102867,1193
FAILED,,,1832,3,0.2519419815602369,1
FAILED,,,4480,3,0.001,3934
FAILED,,,765,0,0.6213677048872215,4947
FAILED,,,4242,3,0.3675966898683994,113
FAILED,,,5000,3,0.001,3561
FAILED,,,4289,3,0.4892125740596186,1
FAILED,,,4993,3,0.373776282092258,1328
FAILED,,,3853,3,0.1234580810402096,4101
FAILED,,,4771,3,0.1776186641414214,647
FAILED,,,4788,3,0.4024061692811879,581
FAILED,,,4864,3,0.001,2189
FAILED,,,3797,3,0.0149582442415644,1531
FAILED,,,1366,3,0.1478432123951556,1418
FAILED,,,4849,3,0.4591398778274725,1679
FAILED,,,4286,3,0.3029605493913666,180
FAILED,,,4812,3,0.3693073639068288,1647
FAILED,,,5000,3,0.0821129640837881,199
FAILED,,,4494,3,0.001,130
FAILED,,,4458,3,0.3960206424519599,174
FAILED,,,4065,3,0.2697160022725526,1750
FAILED,,,3999,3,0.0541779112172692,1153
FAILED,,,2876,3,0.001,2622
FAILED,,,5000,3,0.064044087936908,3172
FAILED,,,2328,3,0.0491863011039273,2381
FAILED,,,3966,3,0.3428905667274807,1133
FAILED,,,3014,3,0.0642190681219301,1565
FAILED,,,4509,3,0.2660320190310744,2118
FAILED,,,3988,3,0.001,1776
FAILED,,,4652,3,0.108867125803144,1222
FAILED,,,1758,3,0.16326440147515,1066
FAILED,,,4935,3,0.0188224990590332,791
FAILED,,,3377,3,0.183373271783527,614
FAILED,,,3115,3,0.1653063884533313,1572
FAILED,,,1171,3,0.2038314232865994,985
FAILED,,,4341,3,0.2003753788789045,4404
FAILED,,,5000,3,0.001,922
ABANDONED,,,4492,3,0.001,2227
ABANDONED,,,4932,3,0.1023544971185458,1
ABANDONED,,,2159,3,0.1422194862542223,1643
ABANDONED,,,5000,3,0.001,3296
ABANDONED,,,1890,3,0.001,2808
ABANDONED,,,4984,3,0.2425469266148806,639
ABANDONED,,,1522,3,0.0020365716284123,2659
ABANDONED,,,2982,3,0.1790045869767912,3078
ABANDONED,,,3647,3,0.209623315251695,1386
ABANDONED,,,3366,3,0.0155493544082277,2462
ABANDONED,,,3585,3,0.0988833324312719,1156
ABANDONED,,,3788,3,0.2206219729441677,2391
ABANDONED,,,1720,3,0.1644803252178406,1304
ABANDONED,,,5000,3,0.2887048676816123,1
ABANDONED,,,3981,3,0.0430883299092648,1727
ABANDONED,,,5000,3,0.1531081045551039,2902
ABANDONED,,,4770,3,0.1106267620012766,1970
ABANDONED,,,1586,3,0.2011452666424564,1
ABANDONED,,,3990,3,0.2193166263293395,1
ABANDONED,,,5000,3,0.4274888454325069,1239
FAILED,,,1558,3,0.0587760385649073,1641
FAILED,,,4202,3,0.001,501
FAILED,,,2804,3,0.2523640807278028,1224
FAILED,,,2562,3,0.0704499856836533,2963
FAILED,,,5000,3,0.0519724515691093,1
FAILED,,,1752,3,0.2605156068410457,1470
FAILED,,,1562,3,0.1112950836817837,1900
FAILED,,,3992,3,0.1518894190302468,1267
FAILED,,,1728,3,0.001,1564
FAILED,,,3038,3,0.2606843866295729,1
ABANDONED,,,3300,3,0.0476844571682444,807
ABANDONED,,,3650,3,0.1727318425287971,2266
ABANDONED,,,3427,3,0.027229489080535,2152
ABANDONED,,,3133,3,0.1219187137046003,1681
ABANDONED,,,3000,3,0.3120860757046236,1356
ABANDONED,,,4498,3,0.001,1911
ABANDONED,,,5000,3,0.13787398178238,1087
ABANDONED,,,5000,3,0.4607368366151214,311
ABANDONED,,,4949,3,0.3043744974341038,2109
ABANDONED,,,2910,3,0.1934197229598009,757
ABANDONED,,,4874,3,0.0186970444953834,916
ABANDONED,,,4729,3,0.0802605189123341,336
ABANDONED,,,2544,3,0.0530903800320174,2092
ABANDONED,,,3344,3,0.0097042416051241,1
ABANDONED,,,3428,3,0.3489263906997192,2502
ABANDONED,,,4323,3,0.1109069575622933,4066
ABANDONED,,,4651,3,0.0337625661810181,3172
ABANDONED,,,4764,3,0.0654613046503202,1452
ABANDONED,,,4561,3,0.0411805545820626,1353
ABANDONED,,,3755,3,0.001,774
ABANDONED,,,2988,3,0.001,2327
ABANDONED,,,5000,3,0.0681457947674641,4727
ABANDONED,,,1664,3,0.1521241911168261,1676
ABANDONED,,,3405,3,0.0852761437966365,48
ABANDONED,,,4163,3,0.2761145347178449,575
ABANDONED,,,5000,3,0.0483074579262993,1751
ABANDONED,,,3010,3,0.001,3003
ABANDONED,,,5000,3,0.001,351
ABANDONED,,,4617,3,0.1036480391784484,3194
ABANDONED,,,4593,3,0.1611656484167184,2137
ABANDONED,,,3247,3,0.0155602574463765,3318
ABANDONED,,,3220,3,0.0574457996236891,1772
ABANDONED,,,4733,3,0.2018525697103629,1
ABANDONED,,,2507,3,0.0792329571931341,3057
ABANDONED,,,1103,3,0.001,1416
ABANDONED,,,5000,3,0.3710866182512443,3288
ABANDONED,,,4133,3,0.1472045989718026,1581
ABANDONED,,,4542,3,0.2505493174573513,1804
ABANDONED,,,4561,3,0.3625947583217632,1140
ABANDONED,,,4925,3,0.001,654
FAILED,,,5000,3,0.2929849978696481,482
FAILED,,,3168,3,0.2367749065331538,1482
FAILED,,,3046,3,0.0776311710034699,3618
FAILED,,,2364,3,0.0078226067533666,2481
FAILED,,,4926,3,0.1934428590978566,3445
FAILED,,,3084,3,0.001,1711
FAILED,,,3864,3,0.210029258613778,736
FAILED,,,3674,3,0.2495948750985056,1746
FAILED,,,4420,3,0.0937962444985481,5000
FAILED,,,3071,3,0.1527174318301201,2718
FAILED,,,4161,3,0.2283080236598876,1778
FAILED,,,5000,3,0.4104686818675059,906
FAILED,,,3823,3,0.1334514103288809,47
FAILED,,,4089,3,0.3409812005688474,1214
FAILED,,,2703,3,0.0683298642786292,4396
FAILED,,,1576,3,0.001,1470
FAILED,,,4775,3,0.0556612762515297,2282
FAILED,,,4512,3,0.1964698314189124,3035
FAILED,,,3488,3,0.1586533174819212,1468
FAILED,,,3109,3,0.1115399565687003,1115
ABANDONED,,,5000,3,0.2205281974274484,4583
ABANDONED,,,4042,3,0.001,3028
ABANDONED,,,3469,3,0.1895787173475561,596
ABANDONED,,,4594,3,0.3507357776650398,3809
ABANDONED,,,5000,3,0.5709865955043947,786
ABANDONED,,,5000,3,0.3116098043408012,3550
ABANDONED,,,5000,3,0.001,3960
ABANDONED,,,3304,3,0.001,1763
ABANDONED,,,4390,3,0.2204222370500996,2639
ABANDONED,,,3169,3,0.0480036594979115,1256
ABANDONED,,,1572,3,0.2527746444866926,162
FAILED,,,2595,3,0.21033108054931,2092
FAILED,,,5000,3,0.0109171331017889,1764
FAILED,,,3929,3,0.2762021504089025,59
FAILED,,,3743,3,0.0501305442202459,1199
FAILED,,,2393,3,0.2383927505086959,1
FAILED,,,4343,3,0.2828563991354974,1329
FAILED,,,5000,3,0.3554541407038361,1267
FAILED,,,5000,3,0.1241947518622237,4347
FAILED,,,4217,3,0.012293068366124,568
FAILED,,,4275,3,0.2210131569708388,3419
FAILED,,,3449,3,0.1460232899611067,1365
FAILED,,,5000,3,0.1802047818779599,2646
FAILED,,,3640,3,0.3320213624542743,1959
FAILED,,,4369,3,0.001,3366
FAILED,,,4673,3,0.3371856379701371,2512
FAILED,,,4985,3,0.2092105576260854,3039
FAILED,,,4968,3,0.1413591551671362,1512
FAILED,,,4700,3,0.1673322976632999,1291
FAILED,,,4395,3,0.342932338780279,3090
ABANDONED,,,2343,3,0.2119490199051807,2717
ABANDONED,,,4799,3,0.1522889721633767,3143
ABANDONED,,,4143,3,0.0625325270312733,1470
ABANDONED,,,4366,3,0.4172879234075934,812
ABANDONED,,,4674,3,0.3456681044993505,2712
ABANDONED,,,2484,3,0.1399353419660552,3430
ABANDONED,,,4663,3,0.001,951
ABANDONED,,,2836,3,0.0063672385913799,4204
ABANDONED,,,1536,3,0.018821745743685,1703
ABANDONED,,,5000,3,0.2176668542334295,1
ABANDONED,,,986,3,0.1508444303231444,130
ABANDONED,,,4137,3,0.0988045038808288,905
ABANDONED,,,4320,3,0.3010171868443458,2899
ABANDONED,,,2990,3,0.1190364404574422,3366
FAILED,,,5000,3,0.4199501463086067,17
FAILED,,,5000,3,0.3401885984874779,554
FAILED,,,2725,3,0.0638836787087093,990
FAILED,,,4757,3,0.0420071737392963,765
FAILED,,,4654,3,0.3386559349366357,965
FAILED,,,3171,3,0.2741794913555289,171
FAILED,,,3172,3,0.1854052258233654,1576
FAILED,,,4389,3,0.1223736272172275,1379
FAILED,,,4219,3,0.001,1
FAILED,,,916,3,0.001,1966
FAILED,,,3683,3,0.1420680662030451,1
FAILED,,,4164,3,0.5282531812917522,327
FAILED,,,2913,3,0.2161428877810901,275
FAILED,,,4837,3,0.4244633896585319,1443
FAILED,,,3754,3,0.1324066478042009,426
FAILED,,,4135,3,0.001,1347
ABANDONED,,,4137,3,0.3067132834911281,1
ABANDONED,,,3800,3,0.0107308483348247,1
ABANDONED,,,2208,3,0.001,2053
ABANDONED,,,2481,3,0.001,3228
ABANDONED,,,2982,3,0.1377680281998077,1
ABANDONED,,,4031,3,0.1436427961743415,94
ABANDONED,,,1808,3,0.2184708193693836,2108
ABANDONED,,,2942,3,0.025829085196973,2215
ABANDONED,,,3708,3,0.001,2374
ABANDONED,,,3191,3,0.0723417546206469,3694
ABANDONED,,,4796,3,0.3609504611597268,2292
FAILED,,,4580,3,0.2673393857588308,3326
ABANDONED,,,4225,3,0.012145908690748,469
ABANDONED,,,4326,3,0.001,1
ABANDONED,,,1425,3,0.001,2137
ABANDONED,,,1776,3,0.1256073671204195,2434
ABANDONED,,,5000,3,0.0376967316415024,896
ABANDONED,,,4217,3,0.4050361463207588,109
ABANDONED,,,1501,3,0.087076113146601,1644
FAILED,,,3029,3,0.2333790622458412,1
FAILED,,,4813,3,0.001,2547
FAILED,,,4000,3,0.001,1391
FAILED,,,3841,3,0.353914150804173,2734
FAILED,,,2483,3,0.3775763381020569,1247
FAILED,,,1295,3,0.2027081825963847,669
FAILED,,,2893,3,0.2542093776771028,425
FAILED,,,3699,3,0.3952438421389748,1053
FAILED,,,3222,3,0.4385747336887148,555
FAILED,,,5000,3,0.1312941091472166,1340
FAILED,,,3879,3,0.3941699575671337,2017
ABANDONED,,,3872,3,0.2770298670978152,2392
ABANDONED,,,3227,3,0.001,1458
ABANDONED,,,2691,3,0.1846025095876364,1607
ABANDONED,,,3788,3,0.0199369254840776,1331
ABANDONED,,,2819,3,0.0766997287678903,2076
ABANDONED,,,5000,3,0.2752577926977504,3172
ABANDONED,,,4677,3,0.4067600515953578,562
ABANDONED,,,5000,3,0.3373310986780102,991
ABANDONED,,,2656,3,0.3561091203424674,1
ABANDONED,,,3949,3,0.3803962419745506,311
ABANDONED,,,2693,3,0.2528720863214953,249
ABANDONED,,,3721,3,0.3329794565568689,428
ABANDONED,,,1697,3,0.2944340943146222,588
ABANDONED,,,4123,3,0.2240867539837276,585
ABANDONED,,,3933,3,0.2420418118119157,935
FAILED,,,5000,3,0.6230946776886124,42
ABANDONED,,,3460,3,0.2567350660870501,2593
ABANDONED,,,4766,3,0.1856855748588403,881
FAILED,,,2279,3,0.001,2496
ABANDONED,,,3774,3,0.0828164030309019,494
ABANDONED,,,4308,3,0.318346745127197,600
ABANDONED,,,3477,3,0.005949446910668,600
FAILED,,,4771,3,0.001,1748
FAILED,,,3316,3,0.178759681626343,2481
FAILED,,,4512,3,0.001,3390
FAILED,,,5000,3,0.5696506993254121,1177
FAILED,,,4149,3,0.0844319425471481,2386
FAILED,,,839,3,0.0301660012836277,1
FAILED,,,1432,3,0.1634734795136221,674
FAILED,,,1637,3,0.2180928546249732,1220
ABANDONED,,,4373,3,0.2924667822965965,356
ABANDONED,,,3761,3,0.167930908687573,1559
ABANDONED,,,2084,3,0.001,1187
ABANDONED,,,4894,3,0.141538687454226,4345
ABANDONED,,,4699,3,0.2836582012886177,440
ABANDONED,,,2411,3,0.0150369073765433,2358
ABANDONED,,,4294,3,0.1929279487886729,1477
COMPLETED,0.08,5775.0,2076,3,0.233673397559158,305
ABANDONED,,,4462,3,0.001,4101
ABANDONED,,,2707,3,0.187632027466791,458
ABANDONED,,,4928,3,0.001,2083
ABANDONED,,,4774,3,0.0615686755432345,3256
ABANDONED,,,991,3,0.216769748553432,1299
FAILED,,,2763,3,0.2559847283526038,1740
FAILED,,,1195,3,0.1693372672416742,513
FAILED,,,1785,3,0.0521557018378501,1431
FAILED,,,3602,3,0.3779275283966512,1364
FAILED,,,2457,3,0.2829436996170944,548
FAILED,,,2784,3,0.001,1883
FAILED,,,4050,3,0.001,1731
FAILED,,,2664,3,0.2347602401457985,11
FAILED,,,4468,3,0.001,2916
FAILED,,,4958,3,0.0192870710885502,1804
FAILED,,,1975,3,0.3461536817036818,394
FAILED,,,3426,3,0.2335841064037681,1061
FAILED,,,4326,3,0.3070343938321309,1836
FAILED,,,3839,3,0.0883433496309903,3969
FAILED,,,2902,3,0.2543065721296958,819
FAILED,,,3674,3,0.157132822621971,2018
FAILED,,,3233,3,0.1890993690351754,1230
FAILED,,,5000,3,0.6918076270887393,1
FAILED,,,4448,2,0.6040314622058486,303
FAILED,,,3765,0,0.738600137326169,2997
FAILED,,,4994,4,0.6796352520057347,1
FAILED,,,5000,0,0.999,3043
FAILED,,,5000,1,0.1265220043187876,5000
FAILED,,,4439,2,0.001,1086
FAILED,,,5000,0,0.2607682405715761,5000
FAILED,,,4113,3,0.7422204619128097,459
FAILED,,,5000,0,0.756559179100452,1
FAILED,,,5000,1,0.2339854068454015,5000
FAILED,,,5000,2,0.999,5000
FAILED,,,4285,1,0.001,1
FAILED,,,4811,0,0.3950703379852004,5000
FAILED,,,5000,2,0.001,4708
FAILED,,,3368,4,0.001,4448
FAILED,,,4010,1,0.519197885011838,3950
FAILED,,,3366,0,0.5107060992943924,4620
FAILED,,,5000,0,0.1848695829979115,2676
FAILED,,,4129,0,0.6068060878161702,3293
FAILED,,,5000,2,0.8273138026658591,2239
FAILED,,,5000,2,0.999,1198
FAILED,,,5000,4,0.001,1579
FAILED,,,4919,1,0.1248232529368201,1
FAILED,,,4421,0,0.999,1
FAILED,,,5000,4,0.5449447486984578,2932
FAILED,,,4529,0,0.0734950450096283,4322
FAILED,,,4523,4,0.999,1
ABANDONED,,,4206,2,0.3371543804683195,5000
ABANDONED,,,4739,0,0.590979764400897,888
ABANDONED,,,4437,1,0.9041563569971706,3838
ABANDONED,,,4254,0,0.3056835240944689,767
ABANDONED,,,4677,1,0.001,3753
ABANDONED,,,4321,1,0.1982381977772666,1092
ABANDONED,,,4454,1,0.4895976371939065,1401
ABANDONED,,,5000,4,0.0790941319228838,1
ABANDONED,,,5000,1,0.801054516922124,3248
ABANDONED,,,4588,1,0.3581618919740728,5000
ABANDONED,,,5000,2,0.0785662120763749,426
ABANDONED,,,5000,0,0.6657485925249059,2982
ABANDONED,,,5000,2,0.1921071970636936,605
ABANDONED,,,5000,4,0.3827975621246649,869
ABANDONED,,,5000,2,0.455630360312257,5000
ABANDONED,,,2271,3,0.6010746707744247,1081
ABANDONED,,,5000,2,0.9668320248787649,1321
ABANDONED,,,4372,2,0.1367474475891199,4509
ABANDONED,,,5000,4,0.7449992297026741,1
ABANDONED,,,3815,1,0.001,1827
ABANDONED,,,3924,4,0.7929786956867763,556
ABANDONED,,,2207,0,0.612974077597997,4894
FAILED,,,5000,2,0.7482759584675001,1050
FAILED,,,4644,2,0.005478572554815,4933
FAILED,,,4489,0,0.268919158200451,4773
FAILED,,,5000,4,0.999,3226
FAILED,,,5000,0,0.0781759837499927,1
FAILED,,,4608,2,0.4704082076555666,2807
ABANDONED,,,3257,4,0.001,5000
ABANDONED,,,4473,1,0.3717030294695045,1856
ABANDONED,,,4403,4,0.1157880024346949,595
ABANDONED,,,4756,0,0.7513690609281127,5000
ABANDONED,,,5000,2,0.364766926577728,930
ABANDONED,,,5000,1,0.0971229820969406,1
ABANDONED,,,4546,0,0.3934330250595886,1247
ABANDONED,,,4309,2,0.6027858972394107,373
ABANDONED,,,3033,1,0.3931692629637221,4556
ABANDONED,,,4407,4,0.001,1
ABANDONED,,,3909,1,0.4063582606062191,1332
ABANDONED,,,4256,3,0.80149767829177,38
ABANDONED,,,4209,0,0.6188676190020596,2689
ABANDONED,,,5000,1,0.3750496861495908,3285
ABANDONED,,,4413,0,0.6837932604265505,556
ABANDONED,,,269,3,0.001,1
ABANDONED,,,4010,1,0.7714064351704956,4446
ABANDONED,,,4376,0,0.001,535
ABANDONED,,,4135,4,0.001,5000
ABANDONED,,,5000,4,0.1921556169479556,5000
FAILED,,,5000,0,0.8314758042045548,3042
FAILED,,,3588,2,0.001,3982
FAILED,,,5000,0,0.991940314441854,4902
FAILED,,,5000,0,0.2905172608408627,4914
FAILED,,,5000,1,0.4489997821473712,1
FAILED,,,5000,0,0.405996685990798,3288
FAILED,,,5000,3,0.7332770734598468,1079
FAILED,,,5000,4,0.9016816723777212,1
ABANDONED,,,4485,4,0.0101300737336277,3016
ABANDONED,,,2116,0,0.6071962169837206,360
ABANDONED,,,81,2,0.3595725019425153,4030
ABANDONED,,,2772,2,0.760498984357342,1375
ABANDONED,,,3587,3,0.6253115834072231,2015
FAILED,,,1220,1,0.2233959790300577,4670
COMPLETED,0.04,1175.0,1683,3,0.9738112864345312,1000
FAILED,,,4372,1,0.3777042882051319,3655
COMPLETED,0.04,5837.0,3854,3,0.9035183446314184,4993
FAILED,,,1497,1,0.4947804727703332,2338
FAILED,,,721,4,0.7423877698313444,3351
FAILED,,,3381,0,0.1531030353680253,697
FAILED,,,2958,4,0.2736863455083221,57
FAILED,,,598,0,0.861981002524495,2712
FAILED,,,2322,3,0.1116120937597006,1698
FAILED,,,4984,1,0.5213100586906075,4353
ABANDONED,,,4729,3,0.4633275617696344,1246
FAILED,,,2421,1,0.935636566767469,3593
FAILED,,,384,4,0.1851229801289737,2106
FAILED,,,3014,0,0.7107913725245742,4454
ABANDONED,,,3129,4,0.8309520442225039,3804
ABANDONED,,,818,0,0.3042935780975967,1456
ABANDONED,,,1282,2,0.5518018820993602,2944
ABANDONED,,,3915,2,0.0804529738891869,597
ABANDONED,,,4120,3,0.5750699531603604,1759
ABANDONED,,,1780,1,0.0415892195515334,4106
ABANDONED,,,1003,3,0.7920882917437702,275
ABANDONED,,,3646,1,0.3275616472996771,2622
ABANDONED,,,2517,2,0.1927967658210545,3272
ABANDONED,,,179,2,0.6563342845849692,924
ABANDONED,,,1903,4,0.4088704756889492,4755
ABANDONED,,,4544,0,0.94331035060063,2408
ABANDONED,,,4680,2,0.7275128427632152,490
ABANDONED,,,2000,2,0.1392260378245264,2835
ABANDONED,,,277,4,0.8896175510548056,1506
ABANDONED,,,2654,0,0.4799274382013827,3852
ABANDONED,,,3705,4,0.0952823908813297,4462
ABANDONED,,,1023,0,0.5040128865484148,2117
ABANDONED,,,1799,3,0.2563825091384351,3446
ABANDONED,,,4178,1,0.8456598674077541,1101
ABANDONED,,,4051,4,0.3734585468489676,2439
ABANDONED,,,1379,0,0.7753667750321329,4783
ABANDONED,,,916,3,0.0249893003646284,798
ABANDONED,,,3266,1,0.6210889224000276,3144
COMPLETED,0.04,1955.0,3074,3,0.9910994223672897,2533
ABANDONED,,,404,1,0.3940411311946809,188
ABANDONED,,,2439,4,0.6416265376154333,4173
ABANDONED,,,4787,0,0.2407079072780907,1828
FAILED,,,4848,4,0.8064606839939951,3683
FAILED,,,2224,0,0.3429157890360802,1030
FAILED,,,500,3,0.5904174306690692,4542
FAILED,,,2821,1,0.0559701795633882,1889
FAILED,,,3322,2,0.4256722531244158,1289
FAILED,,,701,2,0.959160838810727,3941
FAILED,,,1478,4,0.2086234579980373,430
FAILED,,,3796,0,0.6731579545196145,3083
FAILED,,,4236,3,0.1697597947474569,4245
FAILED,,,1586,1,0.6964261129498481,1592
FAILED,,,1122,3,0.4489404134135693,2759
FAILED,,,3449,1,0.9202971737012265,107
ABANDONED,,,2713,4,0.5359604338165372,708
ABANDONED,,,60,0,0.0636440526247024,3360
ABANDONED,,,2097,2,0.8141345589142291,2193
ABANDONED,,,4428,2,0.2884587903246283,4845
ABANDONED,,,4380,3,0.8680434179268777,1634
ABANDONED,,,2067,1,0.2787736756522208,4291
ABANDONED,,,30,4,0.5302948745675385,148
ABANDONED,,,2666,1,0.1215719948951154,2806
ABANDONED,,,3477,4,0.4848175713382661,3417
ABANDONED,,,1172,0,0.8945305284578353,759
ABANDONED,,,1636,2,0.1480146084614098,4901
ABANDONED,,,4264,2,0.736324257666245,2244
FAILED,,,3766,4,0.2339028190020471,1062
FAILED,,,1431,0,0.6348442898876964,3719
FAILED,,,654,3,0.3833376054186373,1921
FAILED,,,3292,1,0.9804187371395529,4579
FAILED,,,2871,2,0.6005898704770952,3968
FAILED,,,528,1,0.0044978607185184,1310
ABANDONED,,,2252,4,0.7509692856092006,3109
ABANDONED,,,4898,0,0.3490686697028577,452
FAILED,,,4835,4,0.6662957881093025,4806
FAILED,,,2470,0,0.2017841358538716,2465
FAILED,,,435,2,0.9484002349004148,3165
FAILED,,,3121,2,0.4149344934802502,825
FAILED,,,3238,3,0.0355281425714492,225
FAILED,,,866,1,0.5699830096717923,2565
FAILED,,,1329,4,0.3185753145441412,1865
ABANDONED,,,4023,0,0.7821278254967183,4205
ABANDONED,,,4208,2,0.3108995379488915,2887
ABANDONED,,,1846,2,0.8365829188153147,546
ABANDONED,,,1071,4,0.0899832377489656,3903
ABANDONED,,,3735,0,0.5623072312176227,1563
COMPLETED,0.05,2528.0,2604,3,0.9251301729362456,2164
ABANDONED,,,249,1,0.4537962531968951,4503
ABANDONED,,,1972,3,0.7051575496848672,1147
ABANDONED,,,4630,1,0.1785140720307827,3487
ABANDONED,,,4572,3,0.400160321727395,4079
ABANDONED,,,1954,1,0.9962444794084876,1736
ABANDONED,,,229,3,0.2497504500523209,2595
FAILED,,,2545,1,0.6516432138811797,253
ABANDONED,,,3598,2,0.7653473884612321,893
ABANDONED,,,972,2,0.364413293769583,3235
ABANDONED,,,1749,4,0.6159430585876106,2376
ABANDONED,,,4072,0,0.0188693030606955,4719
ABANDONED,,,3965,3,0.5144629439543932,3537
ABANDONED,,,1310,1,0.1047573630288243,1195
ABANDONED,,,846,4,0.8512354502882808,4397
ABANDONED,,,3179,0,0.2629331772774458,2055
ABANDONED,,,2984,4,0.1326761690210551,1415
FAILED,,,336,0,0.7219380592182278,3757
FAILED,,,2373,3,0.470455168923363,555
FAILED,,,4698,1,0.8791701965183019,2898
FAILED,,,4956,2,0.0736630525402724,2292
FAILED,,,2272,2,0.5450043484736234,4951
FAILED,,,548,4,0.2936052192486822,650
FAILED,,,2930,0,0.820256073096767,3310
FAILED,,,3429,4,0.6903073685579002,2661
FAILED,,,752,0,0.1646161356139927,1
COMPLETED,0.04,1887.0,1528,3,0.9112541253007947,4302
FAILED,,,3902,1,0.4389222797546535,1642
ABANDONED,,,4322,4,0.9657093097064644,324
ABANDONED,,,1655,0,0.4312465905286371,2983
ABANDONED,,,1192,2,0.6826316811908036,1339
ABANDONED,,,3537,2,0.2190713181607425,3999
ABANDONED,,,2803,3,0.3324670700524002,4648
ABANDONED,,,128,1,0.7969860985018313,1988
ABANDONED,,,2164,3,0.0503930798042565,3633
ABANDONED,,,4516,1,0.5838661974184214,973
ABANDONED,,,4498,3,0.3148834959864616,3334
ABANDONED,,,2183,2,0.7871920251008123,676
ABANDONED,,,156,4,0.0368002720698714,4974
ABANDONED,,,2774,0,0.562469140348956,2317
ABANDONED,,,3525,4,0.948084750175476,1716
FAILED,,,1202,0,0.4214267599340528,4373
FAILED,,,1676,3,0.6690568975433707,76
FAILED,,,4302,1,0.1977075134497136,2734
FAILED,,,3882,4,0.7079202652256936,4052
FAILED,,,1549,0,0.1744400075003504,1394
FAILED,,,762,2,0.9248172460850328,3035
ABANDONED,,,3417,2,0.4602901257574558,378
ABANDONED,,,2901,3,0.0912578061502426,979
ABANDONED,,,576,1,0.5547948490306736,3636
ABANDONED,,,2290,4,0.3072092065270989,1995
ABANDONED,,,4938,0,0.8416495573222637,4652
ABANDONED,,,4726,3,0.1423750582896173,298
ABANDONED,,,2345,1,0.7394416774231939,2638
ABANDONED,,,319,3,0.4919397959895431,1782
ABANDONED,,,3003,1,0.892865802520886,4123
ABANDONED,,,3200,2,0.5241342914663255,4733
ABANDONED,,,825,2,0.1222182112056762,2393
ABANDONED,,,1298,4,0.872755352217704,3248
ABANDONED,,,3976,0,0.2766488298717886,908
FAILED,,,4083,3,0.7556796137932686,2090
ABANDONED,,,1738,1,0.3469412660486996,4429
ABANDONED,,,952,4,0.5944267295021562,1231
FAILED,,,3619,0,0.005142470922321,3571
FAILED,,,2564,4,0.3904573911670595,2960
FAILED,,,212,0,0.9787525240667164,620
FAILED,,,1925,2,0.2282617816943675,3819
FAILED,,,4599,2,0.6379592707417904,1479
ABANDONED,,,4620,4,0.907512457948178,819
ABANDONED,,,1984,0,0.4439680388737469,3161
ABANDONED,,,270,3,0.6915915141142904,2460
ABANDONED,,,2583,1,0.1571437871251255,4803
FAILED,,,3716,3,0.2933093647174537,4153
FAILED,,,1088,1,0.8267974745202809,1810
FAILED,,,1875,4,0.0763819273151457,2512
FAILED,,,4181,0,0.5409168997202068,169
FAILED,,,3996,2,0.0531142745111137,1488
FAILED,,,1358,2,0.5797801168300211,3830
FAILED,,,884,4,0.3321725836861878,473
FAILED,,,3219,0,0.803529819857329,2815
FAILED,,,3100,3,0.6839170759413391,3465
ABANDONED,,,455,1,0.2116011706329882,1122
COMPLETED,0.04,2326.0,2482,3,0.9619698433149606,4479
ABANDONED,,,4824,1,0.4362935988418757,2137
ABANDONED,,,4918,3,0.6102543734461068,2745
ABANDONED,,,2231,1,0.0219670926239341,84
ABANDONED,,,518,3,0.7724804394617676,4228
ABANDONED,,,2882,1,0.3627908024918288,1568
ABANDONED,,,3320,4,0.2436083074361085,2208
ABANDONED,,,626,0,0.6523392789866775,4868
ABANDONED,,,1412,2,0.4048307351842522,724
ABANDONED,,,3784,2,0.9941076175700873,3384
ABANDONED,,,4282,4,0.4751232624482363,4566
ABANDONED,,,1617,0,0.8770319665148854,1906
ABANDONED,,,1144,3,0.1265326582398265,3705
ABANDONED,,,3506,1,0.7226318043917417,1046
ABANDONED,,,2677,2,0.8583672520946711,406
ABANDONED,,,19,2,0.2613084850385785,3066
ABANDONED,,,2045,4,0.5087720578517764,1266
ABANDONED,,,4400,0,0.1078539033979177,3926
ABANDONED,,,4450,4,0.5496445572711526,1942
FAILED,,,2073,0,0.085132429132238,4597
COMPLETED,0.05,2737.0,48,3,0.8316266945712268,1082
ABANDONED,,,2727,1,0.298161429034546,3738
ABANDONED,,,3476,3,0.1834866882301867,3088
ABANDONED,,,1097,1,0.7179420312140136,433
ABANDONED,,,1570,4,0.4664125024788081,3948
ABANDONED,,,4251,0,0.9299645375479012,1293
ABANDONED,,,3812,3,0.411957022504881,131
ABANDONED,,,1462,1,0.937640879254788,2786
ABANDONED,,,676,3,0.1911630317959934,1614
ABANDONED,,,3348,1,0.6634865493811666,4270
FAILED,,,2835,4,0.7927653809953481,4919
FAILED,,,487,0,0.3214309853725135,2264
FAILED,,,2201,2,0.57291411546804,3435
FAILED,,,4870,2,0.0462711136974394,780
FAILED,,,4774,2,0.9697062299922108,3887
ABANDONED,,,2454,2,0.3804369636010378,1539
ABANDONED,,,427,4,0.631836328908801,2871
ABANDONED,,,3050,0,0.2231129733528941,524
FAILED,,,3249,3,0.3520911116674542,1164
FAILED,,,931,1,0.7618035929035394,3511
FAILED,,,1406,3,0.0151658392995595,2178
FAILED,,,4026,1,0.6034759643878786,4526
ABANDONED,,,4153,4,0.1166462532188743,3188
ABANDONED,,,1825,0,0.5175872482210397,841
FAILED,,,1038,2,0.2662023973595351,4829
FAILED,,,3688,2,0.8632840049639344,2482
ABANDONED,,,2630,3,0.7489100764300674,1842
ABANDONED,,,300,1,0.1528185425549745,4189
ABANDONED,,,2014,4,0.899411801053211,201
ABANDONED,,,4667,0,0.4975107092633843,2549
ABANDONED,,,4569,3,0.2065152681395411,4379
ABANDONED,,,1877,1,0.6778570399563759,2033
ABANDONED,,,164,4,0.4263360771238803,3519
ABANDONED,,,2533,0,0.9529864550884812,1175
ABANDONED,,,3670,4,0.5887626982852816,574
ABANDONED,,,980,0,0.0630709894578903,2919
ABANDONED,,,1766,2,0.809587145537138,1432
ABANDONED,,,4133,1,0.3372557758744805,3778
ABANDONED,,,3928,4,0.8172633403893559,2616
ABANDONED,,,1268,0,0.2828001453280448,270
FAILED,,,795,3,0.5343070695977657,4100
ABANDONED,,,3152,1,0.0707471824511885,1756
ABANDONED,,,3031,2,0.449605486607179,2356
ABANDONED,,,369,2,0.914124990940094,4701
ABANDONED,,,2395,4,0.1676538058500736,871
ABANDONED,,,4754,0,0.7011264475807547,3216
ABANDONED,,,4969,4,0.2523273014910519,1363
ABANDONED,,,2338,0,0.8484109832886606,4015
ABANDONED,,,624,2,0.1017951203249394,346
ABANDONED,,,2932,2,0.5036883600372821,2999
ABANDONED,,,3367,3,0.882116530586034,3609
ABANDONED,,,734,1,0.4811829117778688,956
ABANDONED,,,1521,3,0.732590842988342,4625
ABANDONED,,,3832,1,0.1355166115779429,1973
ABANDONED,,,4350,2,0.6467022179085761,635
ABANDONED,,,1707,2,0.236997112866491,3287
ABANDONED,,,1233,4,0.983597033733502,2275
ABANDONED,,,3573,0,0.3952942848391831,4928
ABANDONED,,,2746,4,0.0315007806140929,4317
FAILED,,,106,0,0.6207621949277818,1665
FAILED,,,2133,3,0.3694011382404714,2677
ABANDONED,,,4470,1,0.7781166417188942,25
ABANDONED,,,4460,3,0.6771703800559044,3789
ABANDONED,,,2142,1,0.2050974151249974,1442
ABANDONED,,,116,4,0.9556186140403152,2929
ABANDONED,,,2737,0,0.4296989570241421,582
ABANDONED,,,3564,4,0.0594938132762908,1182
ABANDONED,,,1243,0,0.5864035477396101,3530
ABANDONED,,,1716,2,0.3388876277431845,2042
ABANDONED,,,4339,2,0.8100004996042698,4390
ABANDONED,,,3841,3,0.2841884954255074,3208
ABANDONED,,,1511,1,0.8179204936549067,861
ABANDONED,,,725,3,0.0674138091858476,4692
ABANDONED,,,3378,1,0.5317044135630131,2344
FAILED,,,2942,2,0.9165136481206864,1744
ABANDONED,,,614,2,0.4532121657058596,4091
ABANDONED,,,2328,4,0.7006835905965417,261
ABANDONED,,,4978,0,0.1659924473464489,2607
FAILED,,,4764,4,0.8496727093420922,1961
FAILED,,,2385,0,0.2528578344304114,4616
FAILED,,,358,2,0.5004739334769546,946
FAILED,,,3040,2,0.0993114147130399,3601
ABANDONED,,,3161,3,0.4834544625841081,2991
FAILED,,,785,1,0.8856061070282011,336
FAILED,,,1259,4,0.1351984119005501,4006
FAILED,,,3938,0,0.731054145509377,1351
ABANDONED,,,4124,2,0.2364351734761148,33
ABANDONED,,,1776,1,0.645409081686288,2688
ABANDONED,,,989,4,0.3978094006199389,1674
FAILED,,,3659,0,0.986842866744846,4329
FAILED,,,2523,4,0.617304028654471,4939
FAILED,,,173,0,0.0292606362588703,2284
FAILED,,,1888,3,0.7796219327468425,3298
FAILED,,,4560,1,0.3696879277490079,643
FAILED,,,4657,4,0.084723833899945,1303
FAILED,,,2024,0,0.5480174642372875,3956
FAILED,,,310,3,0.3005234348811209,445
ABANDONED,,,2621,1,0.8352067260537296,3097
ABANDONED,,,3679,2,0.714574392478913,3746
ABANDONED,,,1049,2,0.1808497704435139,1094
ABANDONED,,,1834,4,0.9313795352615416,4606
ABANDONED,,,4142,0,0.4670963070783764,1953
COMPLETED,0.04,1137.0,4035,3,0.9392993824575095,771
ABANDONED,,,1395,1,0.4123970241881906,3424
ABANDONED,,,922,3,0.6598751114476472,2256
ABANDONED,,,3260,1,0.1887696157805621,4908
ABANDONED,,,3060,4,0.3240364967081695,4259
ABANDONED,,,418,0,0.7961016095615923,1607
ABANDONED,,,2443,2,0.0456187192667275,2774
ABANDONED,,,4783,2,0.5715305242054163,122
ABANDONED,,,4881,2,0.3819765163809061,4516
ABANDONED,,,2191,2,0.970027284970507,2171
ABANDONED,,,477,4,0.2196281557455658,3500
FAILED,,,2844,0,0.6295695369374006,1154
FAILED,,,3357,3,0.7642844432145357,514
FAILED,,,666,1,0.3553026829268783,2860
FAILED,,,1453,3,0.6029406726136803,1531
ABANDONED,,,3822,1,0.013899354411289,3876
ABANDONED,,,4242,4,0.5172956998776644,2557
ABANDONED,,,1580,0,0.1151362033560872,213
ABANDONED,,,1106,3,0.8655212940182537,4198
ABANDONED,,,3465,1,0.2696577083319425,1853
ABANDONED,,,2717,3,0.1495774683784693,2492
ABANDONED,,,57,1,0.7463997194841504,4837
FAILED,,,2084,4,0.4988067007865756,852
FAILED,,,4441,0,0.8999765957444906,3197
ABANDONED,,,4410,4,0.4427062812186777,161
ABANDONED,,,2036,0,0.9069818971250206,2502
ABANDONED,,,9,2,0.1603581820838153,1801
ABANDONED,,,2686,2,0.694075191842392,4141
ABANDONED,,,3515,3,0.8245258921124041,4791
ABANDONED,,,1134,1,0.2898197603914886,2451
ABANDONED,,,1608,4,0.541235067795962,3151
FAILED,,,4292,0,0.0779185969103127,810
FAILED,,,3774,2,0.580342087822035,2149
FAILED,,,1422,2,0.0544074386171996,4489
FAILED,,,636,4,0.8010147356782107,1133
FAILED,,,3310,0,0.3289267785586416,3472
FAILED,,,2872,3,0.2150593685079366,2823
FAILED,,,527,1,0.6861572481803596,483
ABANDONED,,,2241,3,0.4347883394155651,3839
FAILED,,,4909,1,0.961683081690222,1499
FAILED,,,4814,3,0.0226537209227681,3392
FAILED,,,2491,1,0.6116721985768527,735
FAILED,,,465,3,0.3601586119383573,4877
FAILED,,,3091,1,0.769117531677708,2219
ABANDONED,,,3210,4,0.6559164235666393,1580
ABANDONED,,,894,0,0.2459674300979822,4237
ABANDONED,,,1367,2,0.9924757340997457,95
ABANDONED,,,3985,2,0.4044173532333225,2752
ABANDONED,,,4190,4,0.8756436480190604,3914
ABANDONED,,,1865,0,0.4744661370664834,1257
ABANDONED,,,1079,3,0.7259652092587203,3056
FAILED,,,3727,1,0.1291353421583771,398
ABANDONED,,,2593,3,0.2589198594596237,1038
ABANDONED,,,260,1,0.8547606008797884,3695
ABANDONED,,,1973,4,0.1082967919837683,1897
ABANDONED,,,4629,0,0.5104334442391991,4554
ABANDONED,,,4610,2,0.7856525002047419,2724
ABANDONED,,,1916,2,0.314562472609803,64
ABANDONED,,,201,4,0.565953985840082,4366
ABANDONED,,,2573,0,0.0390670956429094,1705
FAILED,,,3629,4,0.4189459375068545,2306
ABANDONED,,,942,0,0.9448732105176896,4966
ABANDONED,,,1728,3,0.1982428331077098,665
FAILED,,,4093,1,0.6703234140332787,3325
ABANDONED,,,3966,4,0.1747315279599279,4662
ABANDONED,,,1309,0,0.7094302834868431,2003
ABANDONED,,,835,2,0.4580528088193386,3648
ABANDONED,,,3189,2,0.9213619035109876,988
ABANDONED,,,2993,3,0.5580358953233808,387
ABANDONED,,,328,1,0.093768131494522,3047
ABANDONED,,,2355,3,0.8403535379152745,1402
ABANDONED,,,4717,1,0.3066443802341818,4062
ABANDONED,,,4928,4,0.7398503005392849,917
ABANDONED,,,2300,0,0.1440021829251199,3260
ABANDONED,,,586,3,0.890503824558109,2401
FAILED,,,2892,1,0.4883597961086779,4743
FAILED,,,3408,2,0.1255858778245746,4133
FAILED,,,773,2,0.5267712408546357,1790
FAILED,,,1558,4,0.2752338600419461,2649
ABANDONED,,,3872,0,0.8720715792197734,306
ABANDONED,,,4311,3,0.3452827349621802,1469
ABANDONED,,,1666,1,0.7552395805083215,3811
ABANDONED,,,1193,4,0.0087538809720426,609
ABANDONED,,,3536,0,0.59682011391595,2951
ABANDONED,,,2784,4,0.9761469848472624,3561
ABANDONED,,,147,0,0.3871211309991777,1219
ABANDONED,,,2172,3,0.6386116372887045,4422
ABANDONED,,,4507,2,0.2296453413553535,2079
COMPLETED,0.04,1603.0,4526,3,0.9976317271664737,4708
ABANDONED,,,2155,1,0.4008163763713091,2368
COMPLETED,0.05,6084.0,118,3,0.6483106418102978,3224
ABANDONED,,,2812,1,0.2471485989298671,883
ABANDONED,,,3546,2,0.3668027521446347,243
ABANDONED,,,1181,2,0.7689548724722117,2584
ABANDONED,,,1646,4,0.0184253437370061,1729
ABANDONED,,,4333,0,0.6142806014623493,4069
ABANDONED,,,3893,3,0.1040699019338935,2906
FAILED,,,1538,1,0.5130442860275506,567
ABANDONED,,,761,4,0.265566438568756,3765
ABANDONED,,,3419,0,0.8545994288101793,1425
FAILED,,,2920,4,0.7183619853761047,2065
FAILED,,,558,0,0.1303181170970201,4405
ABANDONED,,,2282,2,0.8808012471925467,1206
ABANDONED,,,4947,2,0.470867718078196,3546
ABANDONED,,,4688,3,0.5444434482194483,1652
ABANDONED,,,2382,1,0.0723709591720253,4310
ABANDONED,,,347,4,0.8227703244797885,12
ABANDONED,,,2975,0,0.2968501915801316,2670
ABANDONED,,,3169,4,0.1611571049429476,3319
ABANDONED,,,856,0,0.6880663635227829,662
ABANDONED,,,1319,3,0.4404286099188029,4959
ABANDONED,,,3955,1,0.9115419576633722,2302
ABANDONED,,,4082,4,0.4325091809798032,964
ABANDONED,,,1739,0,0.9662407033257187,3621
ABANDONED,,,963,2,0.2158558524642139,1980
ABANDONED,,,3609,2,0.6801469327248632,4637
FAILED,,,2555,3,0.7992566101718694,3988
FAILED,,,220,1,0.3359556036405265,1331
FAILED,,,1943,3,0.5835488621387631,2972
FAILED,,,4581,1,0.0488572430051863,314
ABANDONED,,,4640,3,0.2804313739426433,2232
FAILED,,,1963,1,0.868482618415728,4892
ABANDONED,,,239,3,0.1179616555832326,749
ABANDONED,,,2613,1,0.5279025608915836,3408
ABANDONED,,,3744,4,0.8971371384151279,2798
ABANDONED,,,1060,0,0.4881549022439867,138
ABANDONED,,,1837,2,0.7356710583232343,4282
ABANDONED,,,4219,2,0.1466302160043269,1622
ABANDONED,,,4014,4,0.6344345960337668,460
ABANDONED,,,1340,0,0.2322746236287057,3120
COMPLETED,0.04,1568.0,875,3,0.9827815478984266,1320
ABANDONED,,,3227,1,0.3869184380955993,3979
ABANDONED,,,3111,2,0.0011310268957167,4590
ABANDONED,,,444,2,0.5979537538848817,1930
ABANDONED,,,2480,4,0.3504825687948614,3730
ABANDONED,,,4826,0,0.7516519878692925,1070
ABANDONED,,,4888,4,0.201493448190391,4216
ABANDONED,,,2262,0,0.6647866026442498,1874
ABANDONED,,,539,3,0.4171707396805286,2576
FAILED,,,2862,1,0.9518545067366212,233
FAILED,,,3282,3,0.5667408926412462,833
ABANDONED,,,664,1,0.0330167464893311,3176
ABANDONED,,,1440,4,0.7834246776998042,2475
ABANDONED,,,3755,0,0.3191409736331552,4817
ABANDONED,,,4273,2,0.8381235144492238,3479
ABANDONED,,,1626,2,0.3112216320633888,1137
ABANDONED,,,1162,4,0.5588215529303998,4494
ABANDONED,,,3488,0,0.0877155813798308,2152
ABANDONED,,,2676,4,0.4562762428279966,1551
ABANDONED,,,21,1,0.9283408797979354,3894
COMPLETED,0.0899999999999999,6150.0,2056,3,0.1779798231106251,536
FAILED,,,4389,1,0.7038921039327978,2878
FAILED,,,4417,2,0.1397869064770639,1110
FAILED,,,2106,2,0.7288049082476645,3457
ABANDONED,,,71,4,0.4774131552167236,2125
ABANDONED,,,2704,0,0.8863725508395582,4472
ABANDONED,,,3440,3,0.5074718856178224,3862
ABANDONED,,,1132,1,0.0975233680326491,1515
ABANDONED,,,1595,3,0.844153505641967,2847
ABANDONED,,,4226,1,0.2560946488920599,499
ABANDONED,,,3805,4,0.7741042161826043,1818
ABANDONED,,,1468,0,0.3729271811135113,4165
FAILED,,,692,2,0.6243044196981937,177
FAILED,,,3332,2,0.0274740767143666,2524
ABANDONED,,,2831,3,0.3917706511262804,3134
ABANDONED,,,491,1,0.9876109166629612,787
ABANDONED,,,2214,4,0.2410252741593867,4776
ABANDONED,,,4857,0,0.6431624022983014,2428
ABANDONED,,,4797,4,0.3415285096764564,3073
ABANDONED,,,2430,0,0.8058046014662831,418
ABANDONED,,,394,3,0.0593027200326323,3933
ABANDONED,,,3083,1,0.5930192539077253,1278
COMPLETED,0.04,1449.0,3275,3,0.9567713488340378,1879
ABANDONED,,,906,2,0.4220647412296384,4534
ABANDONED,,,1370,4,0.6736018822416662,1019
ABANDONED,,,4062,0,0.2102858872395008,3674
ABANDONED,,,4169,3,0.6971136056464164,4855
ABANDONED,,,1809,1,0.1711784805580973,2201
COMPLETED,0.04,3071.0,1032,3,0.917663944011554,3372
ABANDONED,,,3694,0,0.4455764627754688,717
FAILED,,,2644,4,0.0672201580684632,116
FAILED,,,287,0,0.5383185136243701,2771
FAILED,,,2011,2,0.2868277712520211,1600
ABANDONED,,,4671,2,0.8137220376431941,4255
ABANDONED,,,4533,4,0.6074869325309991,3663
ABANDONED,,,1913,0,0.0116392908003181,1010
ABANDONED,,,190,2,0.7582627660408616,4679
ABANDONED,,,2508,2,0.3561182617079466,2026
ABANDONED,,,3637,3,0.2266381239444017,1387
ABANDONED,,,1013,1,0.6278230110909789,4040
ABANDONED,,,1789,3,0.3764074638858437,371
ABANDONED,,,4110,1,0.9732456589471548,3023
ABANDONED,,,3924,2,0.4932398492526263,4341
ABANDONED,,,1272,2,0.9031962189152836,1689
ABANDONED,,,808,4,0.1565886857714504,2702
ABANDONED,,,3139,0,0.7446553945988416,49
ABANDONED,,,3025,4,0.8595009850095957,689
ABANDONED,,,375,0,0.2704756070449948,3341
ABANDONED,,,2410,3,0.5218442797269672,2329
ABANDONED,,,4738,1,0.1128775079101324,4981
COMPLETED,0.04,1083.0,4994,3,0.9339788963608444,588
ABANDONED,,,2312,1,0.4628883928824216,2934
ABANDONED,,,588,4,0.7144017397202551,1447
ABANDONED,,,2967,0,0.1875153254065662,3792
ABANDONED,,,3391,4,0.3016869960241019,4442
ABANDONED,,,711,0,0.8276147449184209,2097
ABANDONED,,,1488,3,0.0811062011159956,3583
ABANDONED,,,3865,1,0.5531863061580807,1238
ABANDONED,,,4363,3,0.0419988855216652,2420
ABANDONED,,,1693,1,0.5766981169320642,4765
ABANDONED,,,1229,3,0.3251988086570054,935
ABANDONED,,,3576,1,0.7885074274651706,3279
ABANDONED,,,2762,2,0.659701090523973,2630
ABANDONED,,,90,2,0.1954328508116304,285
FAILED,,,2127,4,0.9418964236248284,4115
FAILED,,,4476,0,0.4081877418272197,1770
ABANDONED,,,4480,2,0.8887223770432174,2445
ABANDONED,,,2123,2,0.4790246500540524,4788
ABANDONED,,,96,4,0.7265253473557531,804
ABANDONED,,,2756,0,0.1382309282813221,3146
FAILED,,,3582,3,0.2574012790136039,2507
ABANDONED,,,1223,1,0.846686251418665,165
FAILED,,,1697,3,0.0961498298086226,4148
FAILED,,,4359,1,0.5048879396114498,1806
ABANDONED,,,3862,4,0.0258550142142921,487
FAILED,,,1492,0,0.6219622503854334,2830
FAILED,,,705,3,0.3744755916465073,1502
FAILED,,,3397,1,0.7763914339654147,3845
FAILED,,,2961,3,0.6406371981594711,4484
ABANDONED,,,594,1,0.2397109536863863,2142
ABANDONED,,,2308,4,0.9902024043072016,3470
ABANDONED,,,4997,0,0.3931364989988505,1127
ABANDONED,,,4745,4,0.59146108032763,4233
ABANDONED,,,2405,0,0.0570214433576911,1573
ABANDONED,,,379,3,0.8074139157906174,2749
ABANDONED,,,3022,1,0.3438766349684447,89
ABANDONED,,,3142,2,0.2076998648196458,739
ABANDONED,,,804,2,0.6722267472054809,3399
ABANDONED,,,1278,4,0.4245954254642129,2223
ABANDONED,,,3918,0,0.9580763970147818,4882
ABANDONED,,,4104,3,0.4478653108309954,3701
ABANDONED,,,1795,1,0.9192144569829104,1041
ABANDONED,,,1010,3,0.1688379266466945,4561
ABANDONED,,,3641,1,0.6954966307133436,1901
ABANDONED,,,2504,4,0.8150896347593515,1251
ABANDONED,,,193,0,0.2894214803054928,3912
ABANDONED,,,1906,2,0.5370059275235981,392
ABANDONED,,,4539,2,0.0646971604675054,3051
ABANDONED,,,4677,4,0.3586507974267005,4969
COMPLETED,0.0299999999999999,7070.0,2004,0,0.7595696657057851,2312
ABANDONED,,,290,2,0.0090551347360014,3329
ABANDONED,,,2640,2,0.6061136638503521,671
COMPLETED,0.04,759.0,3698,3,0.9748568247556684,61
ABANDONED,,,1029,1,0.3787574406620115,2719
ABANDONED,,,1816,3,0.6262667038664221,1701
ABANDONED,,,4163,0,0.2243587136249989,4358
ABANDONED,,,4055,3,0.7433409272711724,3040
ABANDONED,,,1376,1,0.1540638069435954,383
ABANDONED,,,902,4,0.904561919933185,4057
ABANDONED,,,3278,0,0.4958316622078418,1399
ABANDONED,,,3080,4,0.1105350727718323,2009
ABANDONED,,,398,0,0.520225423566997,4667
ABANDONED,,,2425,3,0.2727625590022653,993
ABANDONED,,,4804,1,0.8610496018826961,3651
ABANDONED,,,4057,0,0.8755014545917511,1158
ABANDONED,,,1258,4,0.4040638749748468,4874
ABANDONED,,,1018,1,0.5714695135261862,2419
ABANDONED,,,3671,3,0.0843782077189534,3616
FAILED,,,2792,2,0.3295200816448777,3082
ABANDONED,,,22,2,0.8253219289984552,1856
ABANDONED,,,2293,1,0.1501467096060514,4324
ABANDONED,,,4896,4,0.6304167461693286,617
ABANDONED,,,4583,1,0.2470914436504244,1368
ABANDONED,,,1979,3,0.7186497043445707,2594
ABANDONED,,,334,0,0.3017766656707972,129
FAILED,,,3104,4,0.788746844260022,3835
ABANDONED,,,3358,0,0.5437210859041661,4386
FAILED,,,705,4,0.0477967134248465,669
ABANDONED,,,1569,2,0.9724431400075554,3127
ABANDONED,,,4369,2,0.492296104453504,1931
ABANDONED,,,4084,1,0.7082110792957245,4211
ABANDONED,,,1854,3,0.1973631643466651,418
ABANDONED,,,833,0,0.7784900067020207,2950
FAILED,,,3230,4,0.2518665988761931,1677
ABANDONED,,,2819,0,0.0068408702630549,2210
ABANDONED,,,618,4,0.5245100247133522,3513
ABANDONED,,,2108,1,0.4511565702669322,968
COMPLETED,0.04,2414.0,4455,3,0.953415769841522,4752
ABANDONED,,,4768,1,0.4146407478936016,3337
ABANDONED,,,2421,3,0.9256092844344675,2034
ABANDONED,,,306,2,0.095015041956678,4576
ABANDONED,,,2507,2,0.6215173523072153,793
ABANDONED,,,3543,1,0.8666591964904218,242
ABANDONED,,,1147,3,0.3488674871716648,4035
ABANDONED,,,1542,0,0.6716921488083898,1501
ABANDONED,,,3772,4,0.1695559799857437,2774
ABANDONED,,,3863,1,0.287609172862023,4825
ABANDONED,,,1450,3,0.8068013477884232,1020
ABANDONED,,,1221,0,0.2330144151765853,3564
ABANDONED,,,3468,4,0.7366746603418141,2279
ABANDONED,,,969,3,0.5133863644599914,2015
ABANDONED,,,4916,2,0.3816984024513512,4981
ABANDONED,,,2603,4,0.8312419074550271,777
ABANDONED,,,1544,1,0.2124861140791326,3748
ABANDONED,,,2125,3,0.3463680560272187,2583
ABANDONED,,,3261,0,0.7275575535036622,550
ABANDONED,,,4227,2,0.0597154495026916,3845
ABANDONED,,,359,1,0.9279725255332886,1817
FAILED,,,64,4,0.0655449757073074,119
ABANDONED,,,3935,0,0.9454878725931048,3090
ABANDONED,,,3593,3,0.2781349507886916,1386
ABANDONED,,,2458,1,0.6476348723918199,4352
ABANDONED,,,1839,2,0.7941809995882213,4474
ABANDONED,,,2894,1,0.1637356303390115,2445
ABANDONED,,,4585,4,0.6127937081642449,3241
ABANDONED,,,636,0,0.4927915521394461,1207
FAILED,,,918,4,0.9870155892129988,4007
FAILED,,,4469,0,0.1185239044837653,1665
ABANDONED,,,3015,2,0.6694267566036431,2774
FAILED,,,1571,1,0.2884747268445789,427
ABANDONED,,,2259,3,0.153365403316915,899
ABANDONED,,,3626,2,0.7723586681280284,3558
ABANDONED,,,3888,4,0.4397821575254202,2166
ABANDONED,,,258,0,0.5712355294246226,4820
ABANDONED,,,550,2,0.4339164009727537,3363
ABANDONED,,,4182,1,0.553664909241721,1017
ABANDONED,,,3292,3,0.2215776403211057,4626
ABANDONED,,,1929,0,0.8522718947734683,2284
ABANDONED,,,1279,4,0.7064361909795552,1547
ABANDONED,,,2721,1,0.3371851508617401,4201
ABANDONED,,,4803,3,0.887602635288611,310
ABANDONED,,,1249,2,0.0074060869291424,2968
ABANDONED,,,1127,4,0.2607276776116341,4703
ABANDONED,,,4758,1,0.6260882196761667,2049
ABANDONED,,,2755,3,0.0829789243843406,3441
ABANDONED,,,1392,2,0.9670687628947198,782
ABANDONED,,,1972,2,0.5990440680086612,388
ABANDONED,,,3415,1,0.4831810015309602,2735
ABANDONED,,,4070,3,0.8079649293795228,1626
FAILED,,,516,0,0.1733728043977171,3968
ABANDONED,,,225,3,0.8177062698714433,2851
ABANDONED,,,3775,1,0.2026006478127092,192
ABANDONED,,,3747,4,0.5268953414149581,4084
ABANDONED,,,2304,0,0.3915496311318129,1430
ABANDONED,,,1683,4,0.0420329706761985,2245
ABANDONED,,,3049,0,0.9066401653811336,4586
ABANDONED,,,4425,2,0.3640162452179938,978
ABANDONED,,,795,1,0.7488632902055978,3324
ABANDONED,,,757,3,0.2392553231343627,1778
ABANDONED,,,4629,1,0.8736090360675007,3806
ABANDONED,,,2860,4,0.4162653341740369,510
ABANDONED,,,1726,0,0.532362065019086,2544
ABANDONED,,,2415,4,0.9011429796572774,3631
ABANDONED,,,3470,0,0.0172868017964065,660
ABANDONED,,,4048,3,0.6929300767611712,4864
ABANDONED,,,99,2,0.3273311189301311,1898
ABANDONED,,,393,3,0.6831792594958097,1169
ABANDONED,,,4340,0,0.2980823701024055,3202
ABANDONED,,,3140,2,0.973236470306292,2406
ABANDONED,,,2081,1,0.1088819641545414,4435
ABANDONED,,,1432,3,0.4571865977086126,4235
ABANDONED,,,2568,2,0.592785000262782,1269
FAILED,,,4959,4,0.1359267329834401,2973
FAILED,,,1091,0,0.750782514354214,2
FAILED,,,1047,4,0.1716841002535074,3154
FAILED,,,4994,0,0.7845879581458866,1120
FAILED,,,2525,2,0.4856334949489682,4406
FAILED,,,1466,1,0.6192816396169364,2378
COMPLETED,0.04,1307.0,2047,3,0.9373590874522923,1298
ABANDONED,,,3183,2,0.0749530025739222,4264
ABANDONED,,,4305,4,0.6546124656423926,50
FAILED,,,437,1,0.2714618560466915,3022
ABANDONED,,,142,2,0.7189395898841322,3755
ABANDONED,,,4014,1,0.3552906519975513,1727
FAILED,,,3514,4,0.9354355496801436,2513
ABANDONED,,,2380,0,0.0535315332394093,480
FAILED,,,1761,4,0.3901323032621294,691
FAILED,,,2816,0,0.5042825163677334,3662
ABANDONED,,,4663,3,0.204838878409937,1949
ABANDONED,,,714,1,0.8372444080114365,4915
ABANDONED,,,840,3,0.3296008136048912,221
ABANDONED,,,4391,2,0.7124977828804403,2880
ABANDONED,,,3093,4,0.0159027225673198,1478
ABANDONED,,,1649,0,0.8785577000845223,4132
ABANDONED,,,2337,4,0.5611908169295639,4538
ABANDONED,,,3704,0,0.4277915611825883,2197
ABANDONED,,,3810,3,0.8437166808526962,3295
ABANDONED,,,180,1,0.2305591789223253,949
ABANDONED,,,472,4,0.7793953378517181,2080
ABANDONED,,,4104,0,0.1467551921159029,4734
ABANDONED,,,3370,3,0.5631656869146972,832
COMPLETED,0.04,6627.0,2007,2,0.4492529340907931,3491
ABANDONED,,,1357,2,0.1114249386377632,2684
ABANDONED,,,2799,1,0.9935664190780372,338
FAILED,,,4724,3,0.296482124518603,3936
FAILED,,,1170,0,0.6598964499887078,1595
ABANDONED,,,1205,2,0.914099360153079,1067
ABANDONED,,,4836,1,0.0358528986591845,3413
ABANDONED,,,2676,3,0.7402414823397993,2314
ABANDONED,,,1313,0,0.3729426705632358,4655
COMPLETED,0.07,2758.0,14,3,0.2541132899948248,1490
ABANDONED,,,4658,4,0.9717422224187616,1
FAILED,,,4697,2,0.9955003865128608,1
ABANDONED,,,504,2,0.04226112409111,1
FAILED,,,324,3,0.5427261159012342,1
FAILED,,,309,3,0.2439910701493351,828
ABANDONED,,,569,4,0.2315575335478881,1
ABANDONED,,,5000,3,0.6408483213013157,5000
COMPLETED,0.04,1887.0,1,2,0.0476404671127064,1
COMPLETED,0.0599999999999999,1974.0,1,3,0.520932431204182,4947
COMPLETED,0.0599999999999999,1946.0,1,3,0.5014177689574613,4373
ABANDONED,,,2099,4,0.999,1
ABANDONED,,,359,1,0.8404015654538604,12
ABANDONED,,,4471,3,0.9744156666725348,1
ABANDONED,,,634,3,0.0516506750319012,1
COMPLETED,0.1,723.0,1,3,0.5420011316378885,1
ABANDONED,,,3676,4,0.9700453343547432,1
ABANDONED,,,5000,1,0.3440484748609046,1148
ABANDONED,,,982,3,0.5561684910076761,3151
FAILED,,,506,3,0.534914957865943,1
ABANDONED,,,580,3,0.5377395674782695,234
ABANDONED,,,4424,2,0.9794852683804122,1
FAILED,,,765,3,0.001,1
FAILED,,,5000,0,0.4159467042965532,2862
FAILED,,,4603,3,0.6624488552370718,947
FAILED,,,4982,3,0.5012119506333836,188
ABANDONED,,,4151,4,0.9935009792731804,1
ABANDONED,,,4365,3,0.5875195615832973,258
FAILED,,,3425,1,0.0693672632365312,5000
ABANDONED,,,4515,1,0.5319982929512848,4190
COMPLETED,0.0299999999999999,3091.0,1,0,0.2806138117653661,1647
ABANDONED,,,657,2,0.1958943565925913,4824
ABANDONED,,,4336,0,0.359552034505334,1818
ABANDONED,,,1665,3,0.5729909969918561,740
ABANDONED,,,2756,3,0.5809823149541145,321
ABANDONED,,,4929,2,0.6920911580541151,4267
ABANDONED,,,3947,3,0.128907609578839,4588
COMPLETED,0.05,3590.0,1,4,0.1984476934968439,81
ABANDONED,,,3739,3,0.5939699788954736,1122
FAILED,,,4979,4,0.6680081268065678,2371
ABANDONED,,,3822,2,0.999,378
FAILED,,,4950,2,0.8745233981527165,9
FAILED,,,4543,3,0.670398733766037,710
ABANDONED,,,4658,3,0.05679539861421,5000
FAILED,,,334,3,0.5320940176891338,689
FAILED,,,3750,3,0.6973366853441497,890
ABANDONED,,,1501,4,0.999,1
ABANDONED,,,1851,0,0.999,1
ABANDONED,,,4879,1,0.5654558834967937,3965
ABANDONED,,,895,3,0.5683588524021483,1
ABANDONED,,,341,0,0.5977588449166006,76
ABANDONED,,,2740,2,0.7500239820958075,4790
ABANDONED,,,3800,3,0.6420817948654302,607
ABANDONED,,,4935,2,0.998987816241882,593
ABANDONED,,,423,3,0.5206892526017987,1
ABANDONED,,,812,3,0.001,326
ABANDONED,,,1598,4,0.5495019955758188,219
FAILED,,,4230,3,0.4983960654621992,104
ABANDONED,,,4354,3,0.6293060784529497,1347
ABANDONED,,,229,3,0.5339277052332005,1
FAILED,,,4504,1,0.6544862082198633,4980
FAILED,,,3190,0,0.4764437915247037,5000
FAILED,,,411,2,0.2259066150130147,2337
ABANDONED,,,1051,1,0.6913349099459996,83
COMPLETED,0.0299999999999999,4136.0,1,1,0.5079929650467782,5000
COMPLETED,0.04,2053.0,1,2,0.1819264581704848,1
ABANDONED,,,4215,1,0.0760685819361135,4428
COMPLETED,0.0299999999999999,2918.0,1,0,0.6402369869334102,467
ABANDONED,,,4044,1,0.1285788480046882,5000
ABANDONED,,,4974,2,0.6717504446046868,348
ABANDONED,,,4801,3,0.5028391030231097,3956
COMPLETED,0.05,4524.0,2082,3,0.5164847343772033,194
ABANDONED,,,3396,4,0.3736519149706458,3424
ABANDONED,,,2146,4,0.5980384615732942,858
ABANDONED,,,4292,1,0.7144635946556497,2483
COMPLETED,0.05,3222.0,1,4,0.5291814636444531,2400
ABANDONED,,,4861,2,0.001,5000
ABANDONED,,,4188,2,0.7496785952377005,121
ABANDONED,,,1581,4,0.9589932852010816,1
ABANDONED,,,3167,4,0.999,1
ABANDONED,,,5000,2,0.999,1
FAILED,,,4181,0,0.999,1
FAILED,,,5000,2,0.8945662944447708,1
FAILED,,,5000,1,0.999,1
FAILED,,,5000,0,0.001,1
FAILED,,,2660,4,0.999,1
ABANDONED,,,5000,4,0.999,1941
ABANDONED,,,5000,0,0.999,690
ABANDONED,,,5000,1,0.4934912120799531,1
ABANDONED,,,5000,0,0.3495986874698512,5000
ABANDONED,,,2928,2,0.999,1
ABANDONED,,,1499,3,0.999,1
ABANDONED,,,2229,0,0.001,4554
ABANDONED,,,3712,4,0.999,1
ABANDONED,,,4878,0,0.999,5000
FAILED,,,944,4,0.999,1
ABANDONED,,,5000,3,0.999,1
ABANDONED,,,3899,4,0.999,1923
ABANDONED,,,5000,4,0.999,5000
FAILED,,,5000,4,0.5146391621491864,1
ABANDONED,,,2596,4,0.999,1
COMPLETED,0.0299999999999999,2089.0,1,1,0.001,1
ABANDONED,,,5000,4,0.0817975757223829,2148
FAILED,,,5000,4,0.8603946257309101,1
ABANDONED,,,5000,4,0.6425585597879706,4573
ABANDONED,,,5000,1,0.001,5000
ABANDONED,,,3455,0,0.999,1
ABANDONED,,,881,4,0.999,1
ABANDONED,,,5000,0,0.9135542506441686,129
ABANDONED,,,4660,1,0.001,1
ABANDONED,,,5000,1,0.9232466531466323,1
ABANDONED,,,5000,4,0.8506140321926314,2382
ABANDONED,,,5000,2,0.7519161792487608,1
ABANDONED,,,5000,0,0.999,1
ABANDONED,,,5000,1,0.3101871251962815,1
ABANDONED,,,5000,0,0.0819302203744757,1
FAILED,,,5000,2,0.001,2909
FAILED,,,5000,0,0.001,3177
FAILED,,,5000,2,0.840913483162692,1
FAILED,,,3145,3,0.999,1
FAILED,,,5000,4,0.8909377226240675,1
FAILED,,,5000,2,0.4511140389493759,1
FAILED,,,4492,0,0.999,1
FAILED,,,5000,4,0.4649667167621393,2861
COMPLETED,0.1,1936.0,1,3,0.001,5000
ABANDONED,,,5000,0,0.6939309711973457,1
ABANDONED,,,5000,2,0.001,1
ABANDONED,,,4601,4,0.999,1
ABANDONED,,,4161,2,0.999,1
ABANDONED,,,3521,2,0.999,1
ABANDONED,,,2250,3,0.999,1
COMPLETED,0.04,2211.0,1,2,0.999,1
COMPLETED,0.1,872.0,1,3,0.8833454931090219,1
ABANDONED,,,5000,3,0.8006328327887487,1
ABANDONED,,,3083,3,0.999,1
COMPLETED,0.1,830.0,1,3,0.999,1
FAILED,,,2517,4,0.999,857
COMPLETED,0.1,1756.0,1,3,0.001,2052
FAILED,,,2039,4,0.999,1446
FAILED,,,5000,4,0.999,1026
FAILED,,,5000,4,0.999,637
COMPLETED,0.1,1263.0,1,3,0.001,156
FAILED,,,3154,4,0.999,1147
FAILED,,,3222,4,0.999,725
FAILED,,,1829,4,0.999,997
FAILED,,,5000,0,0.999,3184
FAILED,,,5000,4,0.999,1014
ABANDONED,,,773,3,0.999,1
ABANDONED,,,2467,4,0.999,1683
ABANDONED,,,5000,4,0.999,3451
ABANDONED,,,3461,4,0.999,1119
ABANDONED,,,3395,4,0.999,660
ABANDONED,,,1625,4,0.999,4556
ABANDONED,,,5000,0,0.999,3634
ABANDONED,,,5000,4,0.999,1101
FAILED,,,5000,4,0.209259514248977,3568
FAILED,,,5000,4,0.999,1446
FAILED,,,2514,4,0.999,1034
FAILED,,,5000,2,0.999,1087
FAILED,,,1977,4,0.999,812
FAILED,,,4900,4,0.999,2417
FAILED,,,4742,4,0.999,609
ABANDONED,,,5000,2,0.9667085397807996,3550
FAILED,,,5000,0,0.001,3016
FAILED,,,4777,4,0.999,1399
FAILED,,,2595,4,0.999,4315
FAILED,,,5000,0,0.001,2263
FAILED,,,1894,4,0.999,861
ABANDONED,,,5000,0,0.001,4155
ABANDONED,,,5000,4,0.999,631
ABANDONED,,,5000,2,0.999,1978
ABANDONED,,,5000,1,0.999,1059
ABANDONED,,,3491,4,0.999,1508
FAILED,,,5000,4,0.999,1608
FAILED,,,5000,1,0.7504073664130358,4461
FAILED,,,2175,4,0.999,1075
FAILED,,,4167,0,0.001,2182
FAILED,,,5000,4,0.999,2446
FAILED,,,5000,1,0.001,1051
FAILED,,,5000,4,0.001,1968
FAILED,,,5000,0,0.001,1754
FAILED,,,4643,1,0.001,2901
FAILED,,,2894,4,0.999,315
FAILED,,,1999,4,0.999,1007
FAILED,,,4999,4,0.6264109488476176,2460
FAILED,,,1648,4,0.999,694
FAILED,,,5000,2,0.1449090536788694,2778
FAILED,,,4795,0,0.001,1484
FAILED,,,4667,4,0.001,1728
FAILED,,,5000,1,0.999,368
FAILED,,,5000,4,0.999,2874
FAILED,,,3987,4,0.999,508
FAILED,,,5000,4,0.999,4158
FAILED,,,2191,4,0.999,1019
FAILED,,,5000,1,0.032508703551195,1295
FAILED,,,3832,4,0.999,2298
FAILED,,,2592,4,0.999,606
FAILED,,,5000,4,0.7707935030050675,1549
FAILED,,,5000,0,0.001,3321
FAILED,,,5000,4,0.999,4234
FAILED,,,1464,4,0.999,1098
FAILED,,,3403,4,0.999,4314
FAILED,,,4414,4,0.999,2346
FAILED,,,2504,4,0.999,441
FAILED,,,5000,2,0.999,903
FAILED,,,2609,4,0.999,1313
FAILED,,,5000,0,0.001,1128
FAILED,,,5000,4,0.3637373171860142,3652
FAILED,,,5000,0,0.001,3528
FAILED,,,2414,4,0.999,982
COMPLETED,0.04,3354.0,1,2,0.001,1605
FAILED,,,1663,4,0.999,699
FAILED,,,5000,0,0.999,2066
FAILED,,,4467,4,0.999,2170
ABANDONED,,,354,3,0.001,2217
FAILED,,,398,3,0.999,1
FAILED,,,1132,3,0.999,1
ABANDONED,,,4452,0,0.999,1
ABANDONED,,,4397,0,0.2198806797186488,1
ABANDONED,,,5000,4,0.001,3986
ABANDONED,,,5000,1,0.930557550092389,4583
COMPLETED,0.1,1922.0,1,3,0.001,2704
COMPLETED,0.04,1320.0,5000,3,0.999,1816
ABANDONED,,,3595,4,0.999,2913
ABANDONED,,,3755,4,0.999,3646
FAILED,,,409,3,0.999,1
FAILED,,,2790,4,0.999,5000
FAILED,,,1094,3,0.999,1
FAILED,,,4422,4,0.999,965
FAILED,,,5000,2,0.1987144818910173,2686
FAILED,,,5000,0,0.001,1055
FAILED,,,3038,0,0.001,3582
FAILED,,,5000,0,0.001,2631
FAILED,,,407,3,0.999,1
FAILED,,,2441,4,0.999,984
FAILED,,,1120,3,0.999,1
FAILED,,,5000,1,0.999,4059
FAILED,,,2828,4,0.999,5000
FAILED,,,1810,3,0.999,1
FAILED,,,5000,0,0.5765479928921297,4869
FAILED,,,5000,2,0.2111908551287881,5000
FAILED,,,422,3,0.999,1
FAILED,,,5000,0,0.5526170360324734,1
FAILED,,,1117,3,0.999,1
FAILED,,,212,3,0.999,1
FAILED,,,2584,4,0.999,2441
FAILED,,,4458,2,0.999,2558
FAILED,,,1801,4,0.001,3552
FAILED,,,3100,4,0.999,5000
FAILED,,,1103,3,0.999,1
FAILED,,,2296,0,0.001,3508
FAILED,,,5000,4,0.999,2775
FAILED,,,4145,2,0.999,1012
FAILED,,,400,3,0.999,1
FAILED,,,1674,0,0.001,1
FAILED,,,5000,4,0.491231656250993,3471
FAILED,,,3348,4,0.999,2227
FAILED,,,5000,0,0.999,2815
FAILED,,,5000,0,0.0185566383210446,2613
FAILED,,,1842,4,0.999,810
FAILED,,,1441,4,0.001,5000
ABANDONED,,,1118,3,0.999,1
FAILED,,,5000,4,0.999,2496
FAILED,,,5000,0,0.001,1175
FAILED,,,3109,4,0.999,5000
FAILED,,,5000,2,0.999,1194
ABANDONED,,,5000,1,0.999,4811
ABANDONED,,,4248,4,0.999,974
FAILED,,,4872,4,0.643351679892577,1423
ABANDONED,,,3821,0,0.001,1
ABANDONED,,,3586,1,0.001,1
ABANDONED,,,5000,4,0.001,2332
ABANDONED,,,5000,0,0.0271278225084271,2101
ABANDONED,,,2809,4,0.999,2411
ABANDONED,,,2380,4,0.8404481151103972,595
ABANDONED,,,2934,0,0.2361594603415578,2572
ABANDONED,,,4630,2,0.7310392704326659,2071
ABANDONED,,,58,1,0.3139353808667511,4840
FAILED,,,1028,3,0.0544889225102961,4047
FAILED,,,4286,1,0.9005399339720606,1620
FAILED,,,3131,3,0.3818221869952976,3658
ABANDONED,,,1558,0,0.5415661432817577,753
ABANDONED,,,1808,2,0.4646050663348287,1364
FAILED,,,3506,2,0.6166742451954633,4221
ABANDONED,,,3913,4,0.1062026035096496,972
ABANDONED,,,775,0,0.9443346498329191,3369
ABANDONED,,,347,4,0.6716472354456782,2902
ABANDONED,,,4966,1,0.2778123566247522,183
FAILED,,,2601,3,0.7497507720068097,4395
FAILED,,,2088,1,0.1689743760116398,2446
ABANDONED,,,1997,3,0.5694737437050789,3439
ABANDONED,,,2691,1,0.4798414334151893,895
ABANDONED,,,4744,4,0.9903168933223933,3836
ABANDONED,,,569,1,0.0897479858640581,1751
ABANDONED,,,849,4,0.2943278873562812,1901
ABANDONED,,,3839,0,0.6256040788702666,4933
ABANDONED,,,3744,3,0.1536770958453416,414
ABANDONED,,,1570,2,0.7970121865831316,2674
FAILED,,,1317,3,0.1897965175006538,4604
ABANDONED,,,3372,0,0.8564001951497047,2314
ABANDONED,,,4214,3,0.3615165965799242,3123
ABANDONED,,,1100,1,0.7163054437469691,41
ABANDONED,,,277,2,0.91521284757182,1152
ABANDONED,,,4411,2,0.0069686198830604,3266
ABANDONED,,,3027,4,0.5256749642454088,1536
ABANDONED,,,2287,0,0.4281242167502641,4128
ABANDONED,,,2192,2,0.1167077026031911,2751
ABANDONED,,,3122,1,0.9625766588896512,333
ABANDONED,,,4472,4,0.4443538158647716,4857
ABANDONED,,,217,0,0.6042798273265361,1981
FAILED,,,1200,3,0.7777959864083677,1828
ABANDONED,,,4114,0,0.1735670968424528,3756
ABANDONED,,,3316,3,0.6689418108854442,819
ABANDONED,,,1373,1,0.2517781681995838,3519
ABANDONED,,,1670,4,0.7341776894778013,4209
ABANDONED,,,3644,0,0.3405262934826314,1459
ABANDONED,,,3783,2,0.8119697751700878,3186
ABANDONED,,,906,2,0.2310098963491618,1228
ABANDONED,,,474,3,0.4025083354841917,122
ABANDONED,,,4840,1,0.5545153818074614,3046
ABANDONED,,,2752,4,0.0435488064270466,2234
ABANDONED,,,1936,1,0.8817429852876812,4680
ABANDONED,,,2183,4,0.3563708359375595,678
ABANDONED,,,2505,1,0.6878309266753495,3739
ABANDONED,,,4905,3,0.2163836193308234,1695
FAILED,,,408,1,0.8595348108448086,3966
FAILED,,,675,3,0.5068894330468028,4765
FAILED,,,4013,2,0.4171955255884677,2152
FAILED,,,3562,4,0.9281506611760704,2647
FAILED,,,1752,0,0.0276433508861809,514
COMPLETED,0.04,1407.0,1458,3,0.9779186721034347,2366
ABANDONED,,,3231,1,0.0694929246082901,4470
FAILED,,,4342,4,0.5877195635475218,264
ABANDONED,,,972,0,0.4903503358587622,2828
ABANDONED,,,153,4,0.1276314899343997,3288
ABANDONED,,,4535,0,0.7942953371014446,1047
FAILED,,,2873,2,0.2989320331085473,4302
ABANDONED,,,2441,2,0.6536607107575982,1289
ABANDONED,,,2476,3,0.2715717284344136,4523
ABANDONED,,,2837,1,0.680814970895648,2390
ABANDONED,,,4573,3,0.1625464430563151,2891
ABANDONED,,,116,0,0.7590981683433055,278
ABANDONED,,,1008,4,0.6229769315663723,1071
ABANDONED,,,4306,0,0.4553742317091673,3342
ABANDONED,,,3268,2,0.9507032609377056,1304
ABANDONED,,,1420,1,0.0969134285431355,4365
ABANDONED,,,1790,4,0.8931385962218045,3675
ABANDONED,,,3524,1,0.0628614864014089,663
ABANDONED,,,4049,3,0.5343506529033184,3912
FAILED,,,640,1,0.3900164879076182,1671
ABANDONED,,,447,2,0.2435019818674772,2137
ABANDONED,,,4867,2,0.8321352178994565,4701
ABANDONED,,,2540,4,0.321214327333495,489
ABANDONED,,,2148,0,0.7227823164854199,2593
ABANDONED,,,1898,4,0.0161340130940079,1445
ABANDONED,,,2790,0,0.908967914123088,4145
ABANDONED,,,4804,3,0.4374749219641089,1204
ABANDONED,,,509,2,0.519252303186804,3132
ABANDONED,,,867,3,0.8471726545300334,2983
ABANDONED,,,3821,1,0.1961044608969241,107
ABANDONED,,,3609,4,0.7070139116700738,4627
ABANDONED,,,1705,1,0.3678808875549584,2210
ABANDONED,,,1337,2,0.6339809034056961,358
ABANDONED,,,3351,2,0.2869289662018418,2804
ABANDONED,,,4076,4,0.8052012899555266,1995
ABANDONED,,,1237,0,0.1464582519754767,4920
ABANDONED,,,181,4,0.4715233358759433,3810
ABANDONED,,,4508,0,0.576812896868214,1852
ABANDONED,,,3085,3,0.0814952776897698,3582
ABANDONED,,,2229,1,0.9975982415135948,833
ABANDONED,,,2329,3,0.5608807137776166,2290
FAILED,,,2984,0,0.3932158813830465,4550
FAILED,,,4452,3,0.8880500066597014,27
ABANDONED,,,237,1,0.0343223068024963,3060
FAILED,,,1142,2,0.3341027103997766,3213
FAILED,,,4171,1,0.7435294356867671,1127
FAILED,,,3412,4,0.2247660038955509,4065
ABANDONED,,,1276,0,0.8211342463567853,1521
ABANDONED,,,1609,3,0.18084942654334,910
ABANDONED,,,3704,1,0.7695424156952649,3502
FAILED,,,3882,4,0.2591164588239043,1775
FAILED,,,806,0,0.6606246948558837,3890
ABANDONED,,,609,4,0.9553569524809719,4997
ABANDONED,,,4704,0,0.1248977874852716,1915
ABANDONED,,,2734,2,0.5968818876817822,2728
FAILED,,,1954,2,0.4527297778613865,438
ABANDONED,,,2048,2,0.7850072031300513,4284
FAILED,,,2640,2,0.1339991790149361,1379
FAILED,,,4923,4,0.6444289541076867,3423
ABANDONED,,,391,0,0.3052357604745775,996
ABANDONED,,,735,4,0.078839398920536,197
ABANDONED,,,3953,1,0.9714917801432312,2966
ABANDONED,,,3463,3,0.499519112303853,2471
ABANDONED,,,1851,1,0.5814780133329331,4448
ABANDONED,,,1515,4,0.4089395531509071,2519
ABANDONED,,,3173,0,0.5141675169747322,570
ABANDONED,,,4245,2,0.0193296032194048,4776
FAILED,,,1069,2,0.9354941642116756,2057
COMPLETED,0.05,2222.0,16,3,0.6960243650488555,1596
ABANDONED,,,4673,1,0.3491563270688056,3993
ABANDONED,,,2893,3,0.8679083562456071,738
FAILED,,,2420,0,0.2089814190417528,3595
ABANDONED,,,2386,2,0.7036930145453661,955
ABANDONED,,,2928,2,0.372232927525416,3382
ABANDONED,,,4664,4,0.8436726021450012,1339
ABANDONED,,,25,0,0.2005214143488556,4245
ABANDONED,,,1081,4,0.4330538045316934,4408
ABANDONED,,,4232,1,0.5227477157078683,2430
ABANDONED,,,3195,3,0.0117849473953247,2926
ABANDONED,,,1494,1,0.912292261403054,158
ABANDONED,,,1861,4,0.0848182196263223,2097
ABANDONED,,,3452,0,0.9932439634036272,4817
ABANDONED,,,3977,2,0.4750249274466186,610
ABANDONED,,,711,2,0.5723941514175385,2558
ABANDONED,,,353,3,0.809624437328428,3636
ABANDONED,,,4960,1,0.1429605864435434,779
ABANDONED,,,2634,3,0.6383314934186636,4033
ABANDONED,,,2055,0,0.283602812051773,1635
ABANDONED,,,1992,4,0.9472474434096366,3097
FAILED,,,2697,0,0.1013784834053367,64
ABANDONED,,,4711,3,0.6196089294124395,4589
ABANDONED,,,603,1,0.4596829142328351,2328
ABANDONED,,,796,2,0.1582416865713894,1559
ABANDONED,,,3893,2,0.7624705724194645,4102
FAILED,,,3680,4,0.2671034613586962,1166
FAILED,,,1633,0,0.6842671003267168,3251
FAILED,,,1264,3,0.324667891850695,3853
FAILED,,,3425,1,0.7183192915637046,1738
ABANDONED,,,4150,4,0.2468681771513074,3464
ABANDONED,,,1163,1,0.8278280596900731,871
ABANDONED,,,272,4,0.538653171248734,401
FAILED,,,4417,0,0.3866461286433041,2690
ABANDONED,,,2994,3,0.897605071298778,1877
ABANDONED,,,2320,2,0.0594108961559832,4958
ABANDONED,,,2264,4,0.4952124076709151,3170
ABANDONED,,,3050,0,0.5848447216786444,1241
ABANDONED,,,4517,2,0.0743768870607018,4184
FAILED,,,171,2,0.9749457982368768,1483
FAILED,,,1225,3,0.6409788620527833,2247
ABANDONED,,,4089,1,0.3097026742566376,4664
ABANDONED,,,3330,4,0.7816372825708239,146
FAILED,,,1359,0,0.1383021955508738,3021
FAILED,,,1694,2,0.8722166000641882,4883
FAILED,,,3619,1,0.2056129186972975,1958
FAILED,,,3797,4,0.7004889217205345,2766
FAILED,,,891,0,0.3457000708356499,319
FAILED,,,546,3,0.0227812195885926,796
ABANDONED,,,4767,0,0.9310254435595124,3545
ABANDONED,,,2797,3,0.4123115036506205,1814
ABANDONED,,,1892,1,0.5098622474279255,3772
ABANDONED,,,2111,3,0.2203467453829944,237
ABANDONED,,,2578,1,0.8246353843510151,2850
FAILED,,,4860,3,0.3297479787133634,2350
ABANDONED,,,453,0,0.7468518645614385,4484
ABANDONED,,,650,4,0.8847234138045459,4324
FAILED,,,4038,0,0.0386723986249417,1263
ABANDONED,,,3547,2,0.5573825500551611,3302
ABANDONED,,,1766,2,0.3976385900508612,1032
ABANDONED,,,1433,4,0.6012993393242358,1711
ABANDONED,,,3256,1,0.449230164181441,3953
COMPLETED,0.04,1246.0,4327,3,0.959709431156516,703
ABANDONED,,,986,1,0.1215773885510861,3715
COMPLETED,0.08,6430.0,81,3,0.2624412596803158,2634
ABANDONED,,,4608,2,0.6562761422190814,530
ABANDONED,,,2828,4,0.1843453521262854,4741
ABANDONED,,,2486,0,0.7651217518392949,2177
FAILED,,,2443,4,0.1493244684562086,3929
FAILED,,,2871,0,0.8003324962891638,1658
ABANDONED,,,4568,3,0.2899103464856743,3700
ABANDONED,,,121,1,0.6291035438366234,639
ABANDONED,,,943,2,0.9868208785112949,477
ABANDONED,,,4371,2,0.0941685010064393,2610
ABANDONED,,,3216,4,0.5661487941350787,2114
ABANDONED,,,1473,0,0.4841898968238383,4726
ABANDONED,,,1497,3,0.671045670390129,572
ABANDONED,,,3572,1,0.339378088876605,3064
ABANDONED,,,3829,4,0.7759063125792891,1670
FAILED,,,1217,1,0.2345783569850027,4158
FAILED,,,114,4,0.4382899430692195,4676
ABANDONED,,,4992,2,0.5507989939060061,2168
ABANDONED,,,2760,3,0.1142640000171959,3269
ABANDONED,,,2326,0,0.8747640350256115,758
ABANDONED,,,2121,4,0.0314470485355705,2241
ABANDONED,,,2946,1,0.9790680664181708,4749
ABANDONED,,,4455,2,0.4177894988153129,1143
FAILED,,,593,0,0.59266471420601,3655
FAILED,,,738,3,0.8587299450188876,2512
ABANDONED,,,4366,0,0.130267622327432,20
ABANDONED,,,3386,3,0.6915527444817124,3919
ABANDONED,,,1702,2,0.2975057471040636,1430
COMPLETED,0.04,1413.0,1828,3,0.948013078590855,3297
FAILED,,,3278,2,0.0625172646343707,808
FAILED,,,4162,3,0.6239852468762546,4394
FAILED,,,925,0,0.3864841944165527,1903
FAILED,,,406,2,0.1613292873948812,1777
FAILED,,,4659,0,0.827653051679954,4287
ABANDONED,,,3054,4,0.2661918619312346,369
ABANDONED,,,1995,1,0.7228514013830571,2878
ABANDONED,,,2454,3,0.3704483068343251,3892
ABANDONED,,,2654,0,0.6399906667619943,1381
FAILED,,,4786,4,0.2032730544451624,2794
ABANDONED,,,299,2,0.8072268433906137,286
ABANDONED,,,1032,4,0.5197220987081527,1038
ABANDONED,,,4035,1,0.4693516099955886,3527
ABANDONED,,,3678,2,0.9060626900680364,2446
ABANDONED,,,1369,0,0.0829501167032867,4937
ABANDONED,,,1253,4,0.422458266198635,2903
ABANDONED,,,3640,1,0.5670113775637001,411
ABANDONED,,,3917,3,0.0057834896929562,4310
ABANDONED,,,992,1,0.9837470783088356,1821
COMPLETED,0.05,7024.0,183,3,0.7176993250604718,2007
FAILED,,,4748,0,0.2933183228522538,4516
FAILED,,,2536,4,0.8545394405368715,910
ABANDONED,,,2413,2,0.1564173054434359,3421
ABANDONED,,,1876,2,0.7502836685627698,4911
ABANDONED,,,3014,0,0.2392773448284715,2403
ABANDONED,,,4543,4,0.6757553609646856,3504
ABANDONED,,,368,1,0.3137447504941374,992
ABANDONED,,,806,3,0.1100458831395953,182
ABANDONED,,,4122,2,0.900880395144224,2674
ABANDONED,,,3162,3,0.4644089335594326,1280
ABANDONED,,,1790,0,0.5465782689638435,3768
ABANDONED,,,1583,3,0.2079791786819696,646
ABANDONED,,,3346,0,0.7815970629807562,3136
ABANDONED,,,4250,3,0.3448211530782282,2054
ABANDONED,,,700,1,0.6446941866520792,4545
ABANDONED,,,474,4,0.9321852385308592,4125
FAILED,,,4415,1,0.0787258114814758,1615
FAILED,,,2830,2,0.5155085138771683,3028
ABANDONED,,,2083,0,0.4954634603746235,519
FAILED,,,2210,4,0.5983247701227665,1541
ABANDONED,,,2722,2,0.391160101911053,4052
COMPLETED,0.04,963.0,4874,3,0.9526859021373092,134
FAILED,,,74,0,0.0368598941359668,2643
ABANDONED,,,1101,2,0.2619982530530541,3688
ABANDONED,,,3791,1,0.7490041665881872,1198
FAILED,,,3454,4,0.1874718341175466,4785
ABANDONED,,,1456,1,0.8234696835912763,2293
FAILED,,,1431,4,0.1368635839782655,4023
FAILED,,,3506,2,0.8740931545663624,1494
ABANDONED,,,3783,3,0.3128726391717791,2615
ABANDONED,,,1170,0,0.698145016176626,85
COMPLETED,0.04,1558.0,10,3,0.9719923138339072,1247
ABANDONED,,,4887,1,0.0175382467322051,3718
FAILED,,,2675,4,0.5787672127764673,2344
ABANDONED,,,2240,1,0.4107024384215474,4813
COMPLETED,0.05,3956.0,2054,3,0.5583347510807216,3167
ABANDONED,,,2880,0,0.4526524440068751,695
ABANDONED,,,4409,3,0.8891226043477654,4574
FAILED,,,547,2,0.1218036813717335,2105
ABANDONED,,,633,4,0.3332965015042573,1567
ABANDONED,,,4261,1,0.6562036025188863,4096
ABANDONED,,,3301,2,0.2197247610222548,470
ABANDONED,,,1617,0,0.769836259804666,3000
ABANDONED,,,1722,2,0.4837059446983039,2352
ABANDONED,,,3173,0,0.5272660221178084,4883
ABANDONED,,,4077,4,0.0904827323034405,945
ABANDONED,,,840,1,0.920428325144574,3472
ABANDONED,,,340,3,0.6251415210533887,2701
ABANDONED,,,4593,1,0.3643738112412392,232
ABANDONED,,,3008,3,0.8011486578416079,3799
ABANDONED,,,1949,0,0.1884275912567973,1326
ABANDONED,,,2349,4,0.8430244237445293,461
ABANDONED,,,2549,1,0.1679170865286141,2930
ABANDONED,,,4701,2,0.7294507351145147,1868
ABANDONED,,,213,1,0.281551691962406,4341
ABANDONED,,,967,3,0.048615558328107,4487
ABANDONED,,,3969,0,0.9409302305094897,1956
ABANDONED,,,3632,4,0.3794052705150097,3389
ABANDONED,,,1322,2,0.6100796089544892,862
ABANDONED,,,1363,3,0.8943186562079936,1332
ABANDONED,,,3750,0,0.0947093713991343,3861
FAILED,,,4007,4,0.5312454434614629,235
FAILED,,,1082,2,0.4578435009494423,2766
ABANDONED,,,254,4,0.2463339022062718,3557
ABANDONED,,,4819,1,0.7641507599223404,1085
ABANDONED,,,2587,3,0.3276231385096907,4964
ABANDONED,,,2465,1,0.6828006142508238,2495
FAILED,,,1986,4,0.285748112456873,855
FAILED,,,3124,2,0.7033103716932237,3327
FAILED,,,4633,3,0.1420244241785258,1953
ABANDONED,,,459,0,0.8469731506034732,4422
ABANDONED,,,877,2,0.5731119296364486,4256
FAILED,,,4193,0,0.437342275949195,1728
ABANDONED,,,3213,4,0.9986195423081516,2849
ABANDONED,,,1841,1,0.0118955800812691,318
ABANDONED,,,1654,4,0.7346080024708062,4722
ABANDONED,,,3417,1,0.2544352534078061,2191
FAILED,,,4301,2,0.8158953798543662,3624
FAILED,,,752,0,0.1730869666561484,1097
ABANDONED,,,584,3,0.4060360643975436,71
ABANDONED,,,4525,0,0.6044333694595843,2540
ABANDONED,,,2920,3,0.042964799799025,1478
ABANDONED,,,2173,1,0.9675655508618802,3950
ABANDONED,,,2281,2,0.0633965142089873,3092
ABANDONED,,,2793,0,0.9256162851266562,623
ABANDONED,,,4925,4,0.4889060452859848,4190
ABANDONED,,,125,1,0.5001676708534359,1718
FAILED,,,1211,4,0.7954721978865564,2118
ABANDONED,,,3901,2,0.2150276925135403,4649
ABANDONED,,,3544,3,0.6517466209456324,711
ABANDONED,,,1547,0,0.3586923600863665,3238
FAILED,,,1540,4,0.7976434776261448,1172
ABANDONED,,,3528,1,0.1938058488648384,3642
ABANDONED,,,3873,2,0.6305881850533187,2262
ABANDONED,,,1174,0,0.3609220508057623,4734
ABANDONED,,,149,3,0.0928989721368998,3943
ABANDONED,,,4959,0,0.9161390079185366,1413
ABANDONED,,,2794,3,0.4793632114101201,2538
ABANDONED,,,2291,2,0.5296138518415391,10
FAILED,,,2164,3,0.3770474453791975,1642
ABANDONED,,,2901,1,0.6144323376547544,4172
ABANDONED,,,4500,4,0.0528996389769017,552
ABANDONED,,,549,1,0.938519227253273,3080
ABANDONED,,,773,4,0.7328972626905887,3246
ABANDONED,,,4332,2,0.2761102608218788,776
ABANDONED,,,3420,3,0.8376361744422465,4651
ABANDONED,,,1667,0,0.1714322584383189,2179
ABANDONED,,,1871,3,0.5831270778700708,2783
ABANDONED,,,3233,0,0.4083679334353655,311
ABANDONED,,,4207,4,0.9695893987379968,3873
ABANDONED,,,881,2,0.0218446957636624,1403
FAILED,,,441,4,0.3074088433664292,2429
ABANDONED,,,4625,1,0.7015834518745541,4957
FAILED,,,3088,2,0.1403554394561797,1024
FAILED,,,1960,1,0.8686977651529014,3555
FAILED,,,2497,3,0.2251263350620865,4405
ABANDONED,,,2610,1,0.7663382197003811,1877
ABANDONED,,,4830,3,0.3298671057336032,3315
ABANDONED,,,256,0,0.6616583583969622,784
FAILED,,,1067,2,0.8848251989614218,384
FAILED,,,4002,0,0.1241975528225302,2856
ABANDONED,,,3712,4,0.5606754444111138,1789
ABANDONED,,,1334,1,0.448286390569061,4259
FAILED,,,1296,2,0.0464013338219374,3480
ABANDONED,,,3596,0,0.962103656731546,1010
FAILED,,,3961,4,0.400642580376938,4885
FAILED,,,949,1,0.6079233195446431,2413
ABANDONED,,,217,4,0.8135627765431999,1251
ABANDONED,,,4715,2,0.1774449300747364,3781
FAILED,,,2569,3,0.7389125461094082,161
FAILED,,,2379,0,0.2520342437047511,2689
FAILED,,,1920,4,0.6541423977892846,4333
ABANDONED,,,2969,1,0.3543930493071675,1803
ABANDONED,,,4588,2,0.7911042427737265,2928
ABANDONED,,,325,1,0.2173702875189483,400
FAILED,,,841,3,0.4854060997888445,937
ABANDONED,,,4088,0,0.5055711502861232,3407
ABANDONED,,,3195,4,0.068853171762079,2027
ABANDONED,,,1755,2,0.9221849876809864,4499
ABANDONED,,,1627,4,0.3233319196086376,150
ABANDONED,,,3301,2,0.6852187557592988,2622
FAILED,,,4295,3,0.2486836373228579,1555
ABANDONED,,,657,0,0.7598061212413013,4025
ABANDONED,,,509,2,0.5366256027445196,4796
FAILED,,,4381,1,0.4543364190589636,2268
ABANDONED,,,2863,4,0.8908649903796612,3706
ABANDONED,,,2048,1,0.1001579407919198,1176
COMPLETED,0.04,1550.0,2253,3,0.99318001656048,2039
ABANDONED,,,2678,0,0.0153402022644877,4567
ABANDONED,,,4918,3,0.5766251998711376,634
ABANDONED,,,31,1,0.4319559283219278,3164
ABANDONED,,,1135,4,0.1463752474859356,3018
ABANDONED,,,3758,1,0.8446172308605164,546
ABANDONED,,,3487,2,0.283339010875672,4108
ABANDONED,,,1422,0,0.7075925506670027,1639
ABANDONED,,,1474,3,0.271463878551498,4597
FAILED,,,3462,0,0.7194829186983406,2086
ABANDONED,,,3827,4,0.1580139865484088,3192
ABANDONED,,,1127,2,0.8329937126338481,683
ABANDONED,,,44,4,0.619558280352503,498
ABANDONED,,,4854,1,0.3890076270047575,2986
ABANDONED,,,2708,2,0.9504678631275892,1587
ABANDONED,,,2205,0,0.0580371199902147,4079
FAILED,,,2949,4,0.1902796070873737,2537
FAILED,,,2437,2,0.503316886505112,1066
ABANDONED,,,281,2,0.4616579645331949,3887
ABANDONED,,,4457,0,0.7748187357150018,2195
ABANDONED,,,4231,3,0.7201798658613116,1808
FAILED,,,993,0,0.032890651308,4607
ABANDONED,,,1252,4,0.9945807935371996,516
FAILED,,,3326,1,0.30717189986445,3379
ABANDONED,,,3508,2,0.9364622181057928,4861
ABANDONED,,,1756,0,0.3738183593768626,1554
ABANDONED,,,841,4,0.6610863836277276,3712
ABANDONED,,,3776,2,0.098562679901719,183
ABANDONED,,,4961,3,0.4025797923635691,733
ABANDONED,,,463,1,0.8404755880869925,2869
ABANDONED,,,1982,3,0.1321762246079742,1941
ABANDONED,,,2796,1,0.5699480508249252,4141
ABANDONED,,,2504,3,0.313188280975446,394
ABANDONED,,,2080,0,0.8752266263030469,3194
ABANDONED,,,482,3,0.0895029086582362,1621
ABANDONED,,,4745,1,0.6516652197744697,4486
ABANDONED,,,4031,4,0.8465260803773998,3936
ABANDONED,,,705,2,0.409235864976421,2464
ABANDONED,,,1696,2,0.6179907433930784,2806
ABANDONED,,,3682,0,0.1805803618356585,1113
ABANDONED,,,3229,4,0.560130840377882,2132
ABANDONED,,,1546,1,0.2474554536193609,4268
ABANDONED,,,1207,3,0.78769174644351,859
ABANDONED,,,4211,0,0.4751360499579459,3060
ABANDONED,,,4595,2,0.0306534282453358,3448
ABANDONED,,,29,0,0.717580685077235,140
ABANDONED,,,2260,4,0.2553131125103682,4818
ABANDONED,,,3006,1,0.9421168794371187,1289
ABANDONED,,,3125,2,0.6758574472665787,1243
ABANDONED,,,2300,0,0.1151609037537127,2672
ABANDONED,,,145,4,0.919984636293724,2370
ABANDONED,,,4633,2,0.3594120548516511,4025
ABANDONED,,,4094,4,0.1488353578280657,4430
ABANDONED,,,1169,1,0.5847800312675535,1672
ABANDONED,,,1427,3,0.3881125784702599,3205
ABANDONED,,,3189,0,0.8239370894711464,378
ABANDONED,,,3645,4,0.4469468603543937,1379
ABANDONED,,,1580,2,0.7580368226971476,4723
ABANDONED,,,665,2,0.2066953277643769,6
ABANDONED,,,3913,0,0.5179049766622483,3576
COMPLETED,0.04,1369.0,4785,3,0.9778597973231226,3043
ABANDONED,,,600,1,0.2925217050537466,871
COMPLETED,0.05,5450.0,2118,3,0.7347070392146706,4318
ABANDONED,,,2620,1,0.0492454607579857,2077
FAILED,,,2680,4,0.8022198771405965,3329
FAILED,,,1943,1,0.4914918055981397,571
COMPLETED,0.05,13732.0,345,3,0.5434107903540134,4624
ABANDONED,,,4921,1,0.2328062161523848,1796
ABANDONED,,,3894,2,0.2717297849543392,2328
ABANDONED,,,881,0,0.9567059195023028,3759
ABANDONED,,,1871,4,0.0159432739745825,975
ABANDONED,,,3546,2,0.7007997256852686,2632
ABANDONED,,,3366,3,0.0750366446729749,4130
ABANDONED,,,1370,0,0.6351276747845113,1958
ABANDONED,,,1031,4,0.3298483678214251,2924
ABANDONED,,,4347,1,0.890059556653723,682
ABANDONED,,,4419,4,0.6015141077712178,278
ABANDONED,,,166,2,0.1661750146541744,3622
COMPLETED,0.04,11197.0,2396,3,0.8612981013599783,1425
ABANDONED,,,2830,0,0.4258350350186228,4995
ABANDONED,,,2886,3,0.832036789022386,2000
ABANDONED,,,2375,0,0.3966806979421526,4083
ABANDONED,,,222,4,0.5762123895380646,636
ABANDONED,,,4397,1,0.1407361323013901,2966
ABANDONED,,,4330,4,0.3669065514411777,3653
ABANDONED,,,1092,2,0.927010772448033,242
ABANDONED,,,1353,2,0.1081352416239678,4959
ABANDONED,,,3427,0,0.6683634284194558,1456
ABANDONED,,,3568,3,0.0412604472674429,613
ABANDONED,,,1816,1,0.7262231529783457,3282
ABANDONED,,,903,3,0.3010060690324753,1749
ABANDONED,,,3838,1,0.9858452848382294,4666
ABANDONED,,,4860,2,0.5102967457789928,3790
ABANDONED,,,362,0,0.199585910141468,2293
ABANDONED,,,1883,4,0.7651467143446206,2595
ABANDONED,,,2697,2,0.454555568980053,1007
FAILED,,,2598,4,0.7093291796240955,4759
ABANDONED,,,2174,2,0.0240045459344983,1348
ABANDONED,,,578,2,0.9486441697999834,3545
ABANDONED,,,4842,0,0.2631998569909483,42
ABANDONED,,,3974,3,0.2398700660727918,918
ABANDONED,,,648,1,0.5509427627678961,3001
ABANDONED,,,1641,4,0.4839593591596931,2034
ABANDONED,,,3627,1,0.7951555494777857,4365
ABANDONED,,,3133,3,0.4173127211909741,2709
ABANDONED,,,1449,0,0.8532744223363697,1211
ABANDONED,,,1113,4,0.1741982159353792,3995
ABANDONED,,,4116,1,0.6100359475743025,2405
ABANDONED,,,4650,4,0.8829876148551702,1719
ABANDONED,,,84,1,0.3222778507042676,4388
COMPLETED,0.05,12001.0,2317,3,0.6426977178771048,335
ABANDONED,,,3064,0,0.082108108729124,3252
ABANDONED,,,3023,4,0.2845287233032285,4221
ABANDONED,,,2199,1,0.9714387442301958,2174
COMPLETED,0.1,5669.0,46,3,0.0560312748234719,3102
ABANDONED,,,4534,0,0.7428216129131615,813
ABANDONED,,,4154,2,0.7506792643684894,104
ABANDONED,,,1229,0,0.4380173064470291,3479
ABANDONED,,,1489,4,0.5269561150819063,1320
ABANDONED,,,3252,2,0.2144176545012742,4782
ABANDONED,,,3744,3,0.5926278685554862,3146
FAILED,,,1679,1,0.1553244622591883,436
FAILED,,,766,3,0.8173259246442466,4528
FAILED,,,4014,1,0.3798985451236367,1574
FAILED,,,4723,4,0.1226626547779887,2428
ABANDONED,,,538,2,0.6847179980687798,3967
ABANDONED,,,2058,2,0.350185315426439,1145
ABANDONED,,,2561,0,0.9123608174379914,2770
ABANDONED,,,2735,2,0.1574779298286884,1522
ABANDONED,,,1998,0,0.5953869461901486,4897
ABANDONED,,,403,4,0.4318410879708826,219
ABANDONED,,,4978,2,0.8696299418937415,3681
ABANDONED,,,3798,3,0.6279877996891737,2827
ABANDONED,,,785,1,0.0653269132543355,780
COMPLETED,0.05,9746.0,1777,3,0.8994040512163191,4188
ABANDONED,,,3452,0,0.3368671268522739,1899
ABANDONED,,,3309,4,0.9653044964466244,1034
ABANDONED,,,1312,1,0.2780325475409626,2573
ABANDONED,,,976,3,0.6948626758381724,2231
ABANDONED,,,4292,0,0.0074672407452017,3857
ABANDONED,,,4513,3,0.4987311403416097,4565
ABANDONED,,,260,0,0.8117549593206494,1854
ABANDONED,,,2493,4,0.2233936702515929,3427
ABANDONED,,,2927,1,0.5365371757857501,473
ABANDONED,,,2904,2,0.4783965386934578,3731
ABANDONED,,,2479,0,0.7890007578413933,164
ABANDONED,,,240,4,0.2381047344636172,4880
ABANDONED,,,4502,2,0.5488329231180251,1534
COMPLETED,0.04,1612.0,4273,3,0.9464125281441956,1922
ABANDONED,,,949,1,0.2615564314872026,4161
ABANDONED,,,1296,3,0.7032961156368255,714
ABANDONED,,,3284,1,0.0183198639769107,2888
ABANDONED,,,3473,4,0.6444463972821832,3868
ABANDONED,,,1788,2,0.084235567221418,2215
ABANDONED,,,808,2,0.8885375976208597,2517
ABANDONED,,,3811,0,0.3284464466795325,1085
ABANDONED,,,4993,3,0.1802450693901628,535
ABANDONED,,,429,0,0.6157077769599854,3360
ABANDONED,,,2016,4,0.419561966817826,1827
ABANDONED,,,2764,1,0.8549011807646602,4587
ABANDONED,,,2548,4,0.1059640706311911,840
ABANDONED,,,2034,1,0.6665367691852152,3079
ABANDONED,,,528,3,0.3608121393807232,2113
ABANDONED,,,4702,0,0.921508327839896,4287
ABANDONED,,,3985,3,0.5705881986916064,4837
ABANDONED,,,749,0,0.1347635705787688,1270
FAILED,,,1612,2,0.540989569544792,336
FAILED,,,2596,3,0.0465851977262645,3514
FAILED,,,4937,0,0.8948546934090554,2066
FAILED,,,837,4,0.3927295786533504,3975
ABANDONED,,,562,0,0.1532843860127031,4605
ABANDONED,,,3962,4,0.648670070471242,1436
FAILED,,,3487,1,0.285018630478531,2875
FAILED,,,1971,2,0.788125048579648,975
FAILED,,,2434,1,0.3338143445271998,1873
ABANDONED,,,3339,4,0.8291419321633874,4944
ABANDONED,,,4115,2,0.2293881979007273,768
COMPLETED,0.05,4596.0,94,3,0.7325583453513682,2609
ABANDONED,,,990,1,0.970929944852367,3229
ABANDONED,,,4469,2,0.4765855008922517,148
ABANDONED,,,3059,0,0.5897567324433475,4334
ABANDONED,,,1464,3,0.0875697286687791,2483
FAILED,,,1258,0,0.8655898825842887,3104
ABANDONED,,,2935,3,0.3633952869810164,1176
FAILED,,,4656,1,0.6951343077141791,4502
ABANDONED,,,1095,3,0.2007822719253599,1343
ABANDONED,,,281,1,0.4389175655338913,1963
COMPLETED,0.04,1572.0,4220,3,0.942080136027187,3882
ABANDONED,,,3133,1,0.1242615619394928,565
ABANDONED,,,2310,4,0.6195815726183354,3715
ABANDONED,,,2154,1,0.0092229635976254,4065
ABANDONED,,,3598,2,0.512321730384603,2244
ABANDONED,,,3759,0,0.4291177443526685,3292
ABANDONED,,,432,4,0.924495777497068,201
ABANDONED,,,635,0,0.6853021190203726,831
ABANDONED,,,4807,4,0.1831693678218871,2662
ABANDONED,,,2780,2,0.7505189167298376,1604
ABANDONED,,,1723,3,0.2561068991739303,4705
ABANDONED,,,1815,0,0.2440570432543754,3610
ABANDONED,,,2706,4,0.7472186712753027,510
ABANDONED,,,4744,2,0.3190012562870979,3756
ABANDONED,,,718,3,0.8143203244935721,1925
ABANDONED,,,369,1,0.5771669867113232,1295
ABANDONED,,,3843,2,0.0749714337643235,4386
FAILED,,,3690,0,0.9834363905265928,1149
ABANDONED,,,2081,4,0.4890833973940461,2971
ABANDONED,,,2246,2,0.8801625111754983,4808
ABANDONED,,,3215,3,0.3780307173207402,1659
ABANDONED,,,4313,1,0.5557793301995843,2788
ABANDONED,,,209,4,0.0613682699874043,868
FAILED,,,1188,0,0.2976459821593016,249
ABANDONED,,,4584,3,0.8007456914186478,3408
ABANDONED,,,2870,1,0.1408155462872237,2269
ABANDONED,,,1340,2,0.6361945219039917,4198
ABANDONED,,,1528,1,0.4107636089678853,1076
FAILED,,,2976,2,0.9061502507701517,2927
ABANDONED,,,4376,0,0.0276603321190923,1554
ABANDONED,,,1063,4,0.5307677075639367,4635
COMPLETED,0.0299999999999999,3688.0,1,0,0.7672811902593821,4015
ABANDONED,,,4188,4,0.2728777516186237,2174
ABANDONED,,,3403,2,0.6686840214561671,3537
ABANDONED,,,2351,3,0.1665598491728305,466
FAILED,,,1879,0,0.7134508297145365,2381
ABANDONED,,,3561,4,0.2191054432820528,4281
ABANDONED,,,4025,1,0.8471149006783962,29
FAILED,,,478,2,0.3449269544314593,3198
FAILED,,,900,2,0.1075226178541779,2568
ABANDONED,,,4853,3,0.6028492481466383,659
ABANDONED,,,2504,0,0.4555589925423264,4921
FAILED,,,1686,4,0.9587281826492398,1742
ABANDONED,,,1657,0,0.4791740291360765,4220
FAILED,,,2552,4,0.9818635268323124,2398
ABANDONED,,,4902,1,0.0843716327194124,3137
FAILED,,,871,2,0.5791881140582263,46
ABANDONED,,,527,2,0.8400754267740995,676
ABANDONED,,,3996,3,0.3364027221985161,2507
FAILED,,,3532,0,0.7219898775387555,1759
ABANDONED,,,1928,4,0.226190189320594,4859
ABANDONED,,,2400,1,0.6460202796645462,2949
ABANDONED,,,3374,2,0.142411352770403,1020
ABANDONED,,,4159,0,0.7913834701962768,4656
COMPLETED,0.07,4411.0,49,3,0.2955257334876805,1497
ABANDONED,,,1034,1,0.0357120139114558,2117
ABANDONED,,,4425,4,0.5383397006634622,4036
ABANDONED,,,3025,2,0.4032367690317332,410
COMPLETED,0.05,9492.0,1499,3,0.8981132655981928,3559
ABANDONED,,,1369,1,0.18003242104128,1715
ABANDONED,,,2822,3,0.6749164796937257,4786
ABANDONED,,,4535,0,0.2588788786418735,925
ABANDONED,,,1217,4,0.7615141274798661,2766
ABANDONED,,,160,0,0.501936237912625,3386
ABANDONED,,,4342,4,0.0060861079040914,305
ABANDONED,,,3244,1,0.9354908971600234,4175
COMPLETED,0.07,9729.0,2197,3,0.4318895769659429,2325
ABANDONED,,,2032,0,0.9451565340701492,493
ABANDONED,,,3719,4,0.4493644674234092,3672
ABANDONED,,,3872,2,0.616871108526364,1907
ABANDONED,,,320,3,0.1132060255222022,3817
ABANDONED,,,747,1,0.3738422799576073,4446
ABANDONED,,,4695,2,0.8686664274819195,1278
ABANDONED,,,2657,0,0.1897265886534005,3032
ABANDONED,,,1844,4,0.6924237525351346,1133
ABANDONED,,,1771,1,0.805832013098523,2227
ABANDONED,,,2751,2,0.3099809220284223,4126
ABANDONED,,,4778,0,0.6314741936605422,185
FAILED,,,683,4,0.1278719124048948,3354
ABANDONED,,,402,0,0.3903658077623695,2724
ABANDONED,,,3808,4,0.8852489202246069,815
ABANDONED,,,3646,2,0.0484245487358421,4766
COMPLETED,0.05,7933.0,2126,3,0.5510588513836264,1587
ABANDONED,,,2281,0,0.0699463895186781,1232
FAILED,,,3181,3,0.5647714832331984,3083
FAILED,,,4268,1,0.4937434148415922,1399
ABANDONED,,,252,2,0.9964415249135344,4480
ABANDONED,,,1143,2,0.7348232551664114,3860
FAILED,,,4627,3,0.2390321495812386,2019
FAILED,,,2906,1,0.8273253083080053,3693
ABANDONED,,,1306,4,0.3236611863654106,622
ABANDONED,,,1416,1,0.5983109434768557,4966
FAILED,,,3088,4,0.0946391850914806,1816
ABANDONED,,,4498,1,0.9638751776143908,2631
FAILED,,,942,3,0.4680764355864375,712
ABANDONED,,,123,1,0.2062219194322824,92
FAILED,,,4066,3,0.7089123781900853,3251
ABANDONED,,,3291,0,0.3574445443302393,2427
COMPLETED,0.05,11417.0,2463,3,0.8522619867306201,4355
FAILED,,,2000,2,0.2774766198974102,3454
ABANDONED,,,3438,3,0.7801033455878496,353
ABANDONED,,,3914,0,0.1613513537030667,3913
ABANDONED,,,591,4,0.6562268892079591,2083
ABANDONED,,,789,0,0.9189722592439502,1453
ABANDONED,,,4966,4,0.4153623861595988,4544
ABANDONED,,,2625,1,0.5183106664028018,993
ABANDONED,,,1563,2,0.0224519835039973,2814
ABANDONED,,,1599,1,0.931930401995778,745
ABANDONED,,,2651,4,0.4375250393729657,2595
ABANDONED,,,4998,2,0.50391490752995,1847
ABANDONED,,,812,3,0.0017888112645596,4927
ABANDONED,,,623,1,0.2635358056351542,4307
ABANDONED,,,3936,2,0.7589243156518786,2466
ABANDONED,,,3475,0,0.1747644410654902,3205
COMPLETED,0.05,2080.0,2026,3,0.6778736847247928,134
ABANDONED,,,2496,2,0.192375421186909,2049
ABANDONED,,,3315,3,0.6877001832649112,3949
ABANDONED,,,4101,0,0.3708298835959285,322
ABANDONED,,,148,4,0.8739972054883837,3491
ABANDONED,,,976,0,0.6111766179781407,2861
ABANDONED,,,4523,4,0.1168331555277109,952
ABANDONED,,,3122,1,0.9495090146046132,4588
FAILED,,,1439,2,0.4473229923397302,1409
ABANDONED,,,1309,1,0.7243930352237075,3318
ABANDONED,,,2918,2,0.2221993616446852,217
ABANDONED,,,4634,0,0.836330288818106,4088
ABANDONED,,,1160,4,0.3419791750535368,2256
ABANDONED,,,259,0,0.0794101217072457,1627
ABANDONED,,,4285,4,0.5825698071569204,4717
ABANDONED,,,3184,2,0.4837719465773552,857
COMPLETED,0.04,1359.0,2294,3,0.9790890722125768,2678
ABANDONED,,,2131,0,0.3999179037064313,4515
FAILED,,,3661,4,0.90301955553703,1365
FAILED,,,3812,1,0.0384198559969663,3120
FAILED,,,416,3,0.533800774184987,1201
FAILED,,,687,2,0.795311462663114,581
ABANDONED,,,4792,3,0.2931777894403785,3740
ABANDONED,,,2756,0,0.6405104319080709,1976
FAILED,,,1787,4,0.1460974923279136,3905
FAILED,,,1870,2,0.3521174395494163,2812
ABANDONED,,,2693,3,0.8552780860606581,883
ABANDONED,,,4718,1,0.2109417857341468,4834
FAILED,,,780,4,0.7062598724309354,1675
ABANDONED,,,343,0,0.9659129794724286,2295
FAILED,,,3904,3,0.4637202520836144,4214
ABANDONED,,,3745,1,0.594687516439706,273
FAILED,,,2068,2,0.1003373488653451,3422
ABANDONED,,,2221,0,0.5226040221322327,3772
FAILED,,,3278,4,0.020469402719289,1951
ABANDONED,,,4367,2,0.9133407080043108,3625
COMPLETED,0.0599999999999999,10128.0,195,3,0.4189268222339451,534
ABANDONED,,,1242,1,0.1583980895821004,1164
ABANDONED,,,4570,2,0.6614987803511321,2995
ABANDONED,,,2846,0,0.2800625205580145,1311
ABANDONED,,,1402,4,0.775442477684468,4412
ABANDONED,,,1512,0,0.0529597722459584,4
ABANDONED,,,3028,4,0.5483473360724747,3183
ABANDONED,,,4441,1,0.3854631910491734,2358
ABANDONED,,,1040,2,0.8885714885182678,4268
ABANDONED,,,66,2,0.6277917570713907,4898
ABANDONED,,,4165,3,0.1333854333870112,1728
ABANDONED,,,3387,0,0.8081762839201838,2543
ABANDONED,,,2403,4,0.3060492265932261,644
ABANDONED,,,1943,1,0.8217527666203677,1540
ABANDONED,,,3537,3,0.327410265231505,4612
ABANDONED,,,4011,0,0.7388101419322192,1061
ABANDONED,,,531,3,0.2366250807289034,2902
ABANDONED,,,885,1,0.4965139582939446,3522
ABANDONED,,,4906,4,0.9918396665621548,441
ABANDONED,,,2568,1,0.066568637330085,4001
ABANDONED,,,1662,3,0.5697369054127484,2151
FAILED,,,1711,1,0.1213711107205599,4673
ABANDONED,,,2539,2,0.6240596863925457,1524
ABANDONED,,,4877,0,0.4421754099559038,2963
COMPLETED,0.04,1188.0,934,3,0.9369909692704677,1044
ABANDONED,,,502,1,0.7005831048246473,423
FAILED,,,4059,4,0.196913285292685,3583
ABANDONED,,,3586,2,0.8614792512413114,2134
ABANDONED,,,1914,3,0.365682448066771,4063
ABANDONED,,,2374,0,0.7543250978961586,3161
ABANDONED,,,3436,4,0.2507132859583943,60
ABANDONED,,,4214,1,0.6830815927758813,4246
ABANDONED,,,37,2,0.1872209710236638,2415
ABANDONED,,,1089,2,0.4247024286091327,1785
COMPLETED,0.04,1628.0,4412,3,0.9273310373853892,4876
ABANDONED,,,2999,0,0.0142454880774021,700
ABANDONED,,,1561,4,0.5091229066681116,2521
ABANDONED,,,1354,0,0.2880918321087956,1895
ABANDONED,,,2875,4,0.7829768722709268,3794
ABANDONED,,,4599,2,0.1508184228613972,477
FAILED,,,1193,3,0.6534546532090753,3646
ABANDONED,,,224,1,0.8906850525140761,3016
ABANDONED,,,4319,2,0.394832096947357,1107
ABANDONED,,,3229,0,0.5467448449134826,4434
FAILED,,,2250,4,0.0431406991612166,1255
ABANDONED,,,2097,1,0.587595215750858,900
ABANDONED,,,3697,3,0.0918059746623039,2750
ABANDONED,,,3856,1,0.974429657055065,1692
ABANDONED,,,372,4,0.4707673996090889,4773
ABANDONED,,,731,0,0.234595365172252,4153
ABANDONED,,,4747,3,0.7294185311868787,2312
ABANDONED,,,2722,1,0.3289745407160371,3361
ABANDONED,,,1822,3,0.8316707230880857,289
ABANDONED,,,1757,0,0.6646360914800316,1383
ABANDONED,,,2805,3,0.1687840783856809,4454
ABANDONED,,,4840,1,0.7726711005065589,1218
ABANDONED,,,658,2,0.2690678972266614,3059
FAILED,,,465,2,0.0308554826099425,3679
ABANDONED,,,3783,3,0.5257414801158011,598
ABANDONED,,,3633,1,0.4079320520479232,3844
ABANDONED,,,2180,4,0.9105692397393284,1993
ABANDONED,,,2342,1,0.4606442183889448,161
ABANDONED,,,3155,2,0.955466427059844,3339
FAILED,,,4256,0,0.1030484152473509,2201
FAILED,,,308,4,0.605743640275672,4110
FAILED,,,1131,0,0.8448316805027424,4740
FAILED,,,4683,4,0.3490414969418197,1571
FAILED,,,2967,2,0.7173159051798284,2700
FAILED,,,1280,3,0.2136527052614837,800
FAILED,,,1469,2,0.9892507888413966,3927
FAILED,,,3073,3,0.4855800119657069,2106
FAILED,,,4475,0,0.5729344139434396,3469
FAILED,,,1005,4,0.0771366534251719,378
FAILED,,,100,0,0.3164761683307588,1008
FAILED,,,4130,4,0.819163801530376,2839
FAILED,,,3344,1,0.2471931841932237,1466
FAILED,,,2448,2,0.742007801035419,4566
FAILED,,,1978,1,0.1360348747167736,2656
FAILED,,,3503,4,0.6386644259653985,727
FAILED,,,3966,1,0.302790217557922,4989
FAILED,,,575,3,0.797668578621,1830
FAILED,,,840,1,0.5592199175972492,2450
FAILED,,,4950,3,0.0556090630032122,4369
ABANDONED,,,2603,0,0.8780639337915928,117
ABANDONED,,,1629,3,0.3822042693831026,3266
ABANDONED,,,1638,0,0.1723769178260117,2005
ABANDONED,,,2612,3,0.6667651560790837,3836
ABANDONED,,,4960,1,0.2670606587994843,591
ABANDONED,,,851,3,0.7692000872381031,3691
ABANDONED,,,585,1,0.5249503768030555,3051
ABANDONED,,,3976,3,0.0295789911560714,1230
ABANDONED,,,3513,1,0.9119675573650748,4466
ABANDONED,,,1987,4,0.4088449815325438,1375
ABANDONED,,,2457,1,0.9528502046279608,788
ABANDONED,,,3353,2,0.4575387747231871,2707
ABANDONED,,,4141,0,0.6087272577695548,1578
ABANDONED,,,110,4,0.1055428115073591,4727
ABANDONED,,,1016,0,0.3508052019961178,4117
ABANDONED,,,4485,4,0.8451353322733193,2188
ABANDONED,,,3082,2,0.2132272273190319,3328
ABANDONED,,,1478,3,0.7154303739536553,168
ABANDONED,,,1271,2,0.4871035891883075,4559
COMPLETED,0.04,1194.0,2958,3,0.9893144020084292,1478
ABANDONED,,,4672,0,0.0769512140862643,2851
ABANDONED,,,1120,4,0.5712890105489641,1001
ABANDONED,,,297,0,0.8162998668737709,390
ABANDONED,,,4245,4,0.3131230421829968,3462
ABANDONED,,,3146,1,0.745239101011306,2098
ABANDONED,,,2333,2,0.2499352926779538,3939
ABANDONED,,,2171,1,0.6381134207416325,3274
ABANDONED,,,3623,4,0.1349984516091644,105
FAILED,,,3773,2,0.7988268279004842,4356
ABANDONED,,,455,3,0.3034630489535629,2457
ABANDONED,,,648,1,0.0594496444109827,1817
ABANDONED,,,4830,2,0.5615966349355876,4996
ABANDONED,,,2795,0,0.3799493782166391,735
ABANDONED,,,1748,3,0.874345178555697,2644
ABANDONED,,,1831,1,0.6215611131396144,4050
ABANDONED,,,2731,3,0.1183833422586321,2141
ABANDONED,,,4757,0,0.9401005639042704,3590
ABANDONED,,,741,3,0.4447958093807101,412
ABANDONED,,,382,1,0.1988024618607014,1051
ABANDONED,,,3866,4,0.7010123136192559,2951
ABANDONED,,,3706,1,0.3653750654440373,1511
COMPLETED,0.05,3731.0,2106,3,0.85971190084517,4680
ABANDONED,,,2259,0,0.2541882680207491,2533
ABANDONED,,,3238,4,0.7563362196069211,692
ABANDONED,,,4329,1,0.1850880231410264,4868
ABANDONED,,,235,2,0.6794847845416516,1797
ABANDONED,,,1204,2,0.9264146707579493,2407
ABANDONED,,,4609,3,0.4233006478156894,4258
ABANDONED,,,2884,0,0.51040286128968,72
ABANDONED,,,1363,4,0.0150400285329669,3153
ABANDONED,,,1552,0,0.7823077122420072,1262
FAILED,,,2990,4,0.2869372876565903,4421
ABANDONED,,,4402,2,0.6544873714894056,1095
ABANDONED,,,1078,3,0.1513657567184418,3024
ABANDONED,,,27,1,0.3985466417297721,3634
ABANDONED,,,4204,2,0.8929358261730522,485
ABANDONED,,,3427,0,0.0407680993303656,3801
ABANDONED,,,2365,4,0.5429084739591926,1882
ABANDONED,,,1905,2,0.0934479743745177,282
ABANDONED,,,3577,3,0.5877771584615111,3373
ABANDONED,,,4049,1,0.4707072830703109,2324
ABANDONED,,,492,4,0.972909483514726,4145
ABANDONED,,,923,0,0.7266803654711693,4785
ABANDONED,,,4867,3,0.2313679745048284,1685
ABANDONED,,,2530,1,0.8350199399273842,2743
ABANDONED,,,1702,2,0.3318345326036215,912
ABANDONED,,,1673,1,0.8581399963535368,3429
ABANDONED,,,2578,3,0.3554647379834204,260
ABANDONED,,,4915,1,0.7030344001688063,4202
ABANDONED,,,895,4,0.208201701613143,2302
ABANDONED,,,540,0,0.4621982196234166,1663
COMPLETED,0.04,1475.0,4020,3,0.9658547218535096,4842
ABANDONED,,,3548,1,0.1005174326561391,890
ABANDONED,,,1953,3,0.5963313750717789,2799
ABANDONED,,,2413,0,0.0166348906848579,4405
ABANDONED,,,3398,4,0.5202295633815229,1324
ABANDONED,,,4174,2,0.42117945481278,3007
COMPLETED,0.05,1524.0,75,3,0.9170533938668668,1156
ABANDONED,,,1050,1,0.6620441958028823,546
ABANDONED,,,4450,2,0.1594327262677252,3617
ABANDONED,,,3038,0,0.7742860148269683,1944
ABANDONED,,,1522,4,0.2793952789343893,3785
ABANDONED,,,1392,0,0.5491399878654629,631
ABANDONED,,,2835,4,0.0542416155301034,2550
ABANDONED,,,4561,1,0.8871678190622478,1736
ABANDONED,,,1233,2,0.3845487130843102,4886
ABANDONED,,,186,2,0.1297905733007937,4275
ABANDONED,,,4358,3,0.6256568610407413,2346
ABANDONED,,,3267,0,0.3080622964520007,3170
ABANDONED,,,2211,4,0.8116493178345263,11
ABANDONED,,,2058,1,0.3256409666873514,2163
ABANDONED,,,3735,2,0.8214473321456462,3995
ABANDONED,,,3895,0,0.2370523413754999,433
COMPLETED,0.05,10965.0,334,3,0.7407012666482478,3534
ABANDONED,,,770,1,0.9944619546495376,2894
ABANDONED,,,4709,4,0.4996216642651706,1073
ABANDONED,,,2683,2,0.5667510256133974,4624
ABANDONED,,,1860,3,0.0640681754145771,1534
ABANDONED,,,1797,0,0.4338082322850823,126
ABANDONED,,,2767,4,0.9296735626813024,3217
ABANDONED,,,4801,1,0.0041674767509102,2479
ABANDONED,,,697,3,0.5077535407897084,4300
ABANDONED,,,426,1,0.759595258384943,4940
ABANDONED,,,3821,2,0.264695943577215,1839
ABANDONED,,,3672,0,0.676835372954607,2587
ABANDONED,,,2141,4,0.1742153245043009,756
ABANDONED,,,2304,2,0.690444180412218,1417
ABANDONED,,,3195,3,0.1956048325002193,4576
ABANDONED,,,4294,0,0.8706459680031984,939
ABANDONED,,,268,4,0.3679640602767467,2868
ABANDONED,,,1169,0,0.1151858039852231,3478
ABANDONED,,,4643,4,0.6109931267872452,329
ABANDONED,,,2929,1,0.4473846573587507,3956
ABANDONED,,,1320,2,0.951034539975226,2037
ABANDONED,,,1429,1,0.2203119714986532,2690
ABANDONED,,,3111,2,0.7239694162011145,849
ABANDONED,,,4514,0,0.3422809679042547,4711
ABANDONED,,,967,4,0.838095852792263,1639
ABANDONED,,,139,0,0.585066121822223,2250
ABANDONED,,,4092,4,0.082391820795834,4100
ABANDONED,,,3304,2,0.9759855469521134,229
ABANDONED,,,2486,3,0.4811538057401776,3310
COMPLETED,0.0299999999999999,12221.0,2016,0,0.9039305666163564,3893
ABANDONED,,,3464,3,0.4013181397374719,1983
ABANDONED,,,3927,1,0.5325223643258215,3747
ABANDONED,,,614,2,0.037630671089515,568
ABANDONED,,,802,2,0.2897086350917816,1208
ABANDONED,,,4989,3,0.7933023653160781,3107
ABANDONED,,,2641,1,0.1482284158468246,1353
ABANDONED,,,1589,4,0.644101412428543,4523
ABANDONED,,,1574,1,0.3118665592130273,1595
ABANDONED,,,2636,2,0.8062576230242848,4754
ABANDONED,,,4975,0,0.127568128651008,802
ABANDONED,,,798,4,0.6297103826478123,2731
ABANDONED,,,600,0,0.8827544217240065,3341
ABANDONED,,,3923,4,0.387382054567337,192
ABANDONED,,,3449,2,0.5541644307505338,4134
COMPLETED,0.1,3207.0,2011,3,0.0510408734083175,2215
ABANDONED,,,2473,0,0.56385865598917,614
ABANDONED,,,3301,3,0.0685482075940817,3705
ABANDONED,,,4076,1,0.997717880666256,2031
COMPLETED,0.05,6598.0,132,3,0.4945344159137457,3853
ABANDONED,,,951,1,0.2425030568912625,4492
ABANDONED,,,4508,3,0.7368303616102784,1392
ABANDONED,,,3098,1,0.3215322537496685,3075
ABANDONED,,,1426,4,0.8237325748261064,1244
ABANDONED,,,1296,1,0.0983578046262264,4344
ABANDONED,,,2895,4,0.600565732402727,2434
ABANDONED,,,4618,2,0.4656998204886913,3258
COMPLETED,0.04,708.0,1134,3,0.96003473190777,79
ABANDONED,,,243,1,0.7082396787777542,719
ABANDONED,,,4259,2,0.2050637761112302,2618
ABANDONED,,,3171,0,0.8532983038797974,1805
ABANDONED,,,2270,3,0.3579954175706953,4973
ABANDONED,,,2115,2,0.7773611051198094,2826
ABANDONED,,,3636,3,0.2742452139630913,985
ABANDONED,,,3799,0,0.6595801213141531,4536
ABANDONED,,,393,4,0.1642154203429818,1465
ABANDONED,,,674,0,0.4170079252552241,2076
ABANDONED,,,4768,4,0.91915780082345,3926
ABANDONED,,,2740,1,0.0223882680963724,365
ABANDONED,,,1761,2,0.5167869534790515,3446
ABANDONED,,,1854,0,0.9810688841361552,4852
ABANDONED,,,2668,4,0.4778939388133585,1771
ABANDONED,,,4704,1,0.5805900305528193,2519
ABANDONED,,,756,2,0.0852881015874445,668
ABANDONED,,,329,2,0.3399996363911777,58
ABANDONED,,,3881,3,0.8422085066400468,3129
ABANDONED,,,3729,0,0.2241789356265217,2391
ABANDONED,,,2043,4,0.7185147895179688,4232
ABANDONED,,,2207,1,0.1441785972081124,3566
ABANDONED,,,3254,3,0.6463275303039699,397
ABANDONED,,,4351,0,0.2950966566763818,4024
ABANDONED,,,169,4,0.7894943995866924,2125
ABANDONED,,,1226,0,0.5357194034792482,1485
ABANDONED,,,4544,4,0.0326025549788028,4664
ABANDONED,,,2832,1,0.9011008983589708,1027
ABANDONED,,,1379,3,0.4057352400440722,2937
ABANDONED,,,1489,2,0.6720566197894514,2338
ABANDONED,,,3015,3,0.1766833101604133,4168
ABANDONED,,,4415,1,0.7647414121888578,297
ABANDONED,,,1025,4,0.2616169123742729,3398
ABANDONED,,,40,0,0.0076061457432806,2758
ABANDONED,,,4149,3,0.5019962522108107,937
ABANDONED,,,3364,1,0.4317077364958822,4798
ABANDONED,,,2389,2,0.9338490331489592,1707
ABANDONED,,,1917,0,0.4532009740788489,1120
ABANDONED,,,3522,4,0.9475292361415922,3039
ABANDONED,,,3987,2,0.110955149622634,1285
ABANDONED,,,518,3,0.6131564280427992,4435
ABANDONED,,,862,1,0.8681189616415649,3824
ABANDONED,,,4893,2,0.3728094557188451,1896
ABANDONED,,,2542,0,0.6935784029457717,3659
ABANDONED,,,1646,4,0.19039588066563,500
ABANDONED,,,1695,0,0.7478860151395201,2983
ABANDONED,,,2513,4,0.2452136418130248,1142
FAILED,,,1901,1,0.2592631564140319,956
FAILED,,,2576,2,0.5620299993455409,2510
FAILED,,,3896,0,0.1209414780922234,2088
FAILED,,,741,4,0.8238454214856028,4266
FAILED,,,200,1,0.7423149884715676,4823
ABANDONED,,,4544,4,0.453188388261944,1375
FAILED,,,3360,2,0.8852660706192254,3379
FAILED,,,1535,3,0.1843070481531322,556
ABANDONED,,,1583,0,0.9674575178753584,1844
FAILED,,,3508,3,0.2280628140661865,4667
FAILED,,,4829,1,0.6679369550254196,88
ABANDONED,,,423,2,0.4016532379258423,3535
ABANDONED,,,1143,2,0.0477799218017607,2979
ABANDONED,,,4237,3,0.7735267483051866,800
ABANDONED,,,3053,0,0.3402345666829496,3798
FAILED,,,2478,4,0.6045657189767807,2244
FAILED,,,2261,0,0.2082643918264657,3216
FAILED,,,2835,4,0.9716602791454642,394
FAILED,,,4170,2,0.4135305795762688,4975
FAILED,,,1076,3,0.640463967276737,1528
FAILED,,,485,1,0.7855278196614235,1929
FAILED,,,4890,3,0.0201870114151388,4106
FAILED,,,3731,0,0.5848910264428704,1108
FAILED,,,1806,3,0.344317405315116,2660
FAILED,,,1328,1,0.5038568162843585,3950
FAILED,,,3153,3,0.3018407026715576,2398
FAILED,,,4489,1,0.8587483780682086,2816
FAILED,,,144,4,0.0704428605400025,639
FAILED,,,792,0,0.4879714222066104,238
FAILED,,,3948,4,0.6919401006251573,3685
FAILED,,,2788,1,0.1260139424540102,1685
FAILED,,,2112,2,0.9279673372879624,4506
FAILED,,,2084,0,0.6804884423278272,2781
FAILED,,,2661,4,0.3892922211289405,1229
FAILED,,,3997,1,0.9472158743031323,4150
FAILED,,,900,2,0.2480837648138403,1973
FAILED,,,36,2,0.3220638453438878,1416
FAILED,,,4439,3,0.6230028142370284,4863
FAILED,,,3280,1,0.0580165891498327,361
FAILED,,,1357,4,0.7629930088333785,3182
FAILED,,,1776,1,0.1086328103374689,4394
FAILED,,,3603,2,0.8364511613640934,1572
FAILED,,,4938,0,0.2792622276749461,3651
FAILED,,,592,3,0.5417645634580402,204
FAILED,,,969,0,0.903681277098134,761
FAILED,,,4123,4,0.1661125344987958,2938
FAILED,,,2963,2,0.731833598041907,2441
FAILED,,,2290,3,0.4634793081860989,3994
FAILED,,,2351,2,0.8483280196953565,512
FAILED,,,3023,3,0.0811602910365909,3335
FAILED,,,4344,0,0.5219675763044506,1253
FAILED,,,1191,4,0.2834635687302797,4701
FAILED,,,375,0,0.1464392770510166,4301
COMPLETED,0.05,9580.0,4722,3,0.9077626955155284,2122
FAILED,,,3538,1,0.4754798962231725,2622
FAILED,,,1710,3,0.7042411561030893,1069
FAILED,,,1409,0,0.4241937574967741,2279
FAILED,,,3331,4,0.6299912598617375,3832
FAILED,,,4652,1,0.1899110502004623,913
COMPLETED,0.04,1329.0,249,3,0.9897929279468952,3091
FAILED,,,692,1,0.5647101769857109,3491
FAILED,,,3789,2,0.3647646286934614,43
FAILED,,,2605,0,0.7977746225632726,4545
FAILED,,,2027,4,0.0076431363895535,1722
FAILED,,,1961,1,0.7715185162853448,3885
FAILED,,,2636,4,0.0339507589135319,2314
FAILED,,,3796,2,0.5989026943650096,3066
FAILED,,,641,3,0.3305474862027913,869
FAILED,,,296,1,0.2259327781815081,20
FAILED,,,4640,2,0.9537501439806074,3447
FAILED,,,3305,0,0.3958684243205934,1776
FAILED,,,1480,4,0.6583716784100979,4578
FAILED,,,1645,2,0.4393630398772657,3290
FAILED,,,3569,3,0.7403029270768166,488
FAILED,,,4729,0,0.1746237970478832,4735
FAILED,,,324,4,0.8795992315039038,1307
FAILED,,,1237,0,0.5483264548256993,2157
FAILED,,,4332,3,0.2571293153204023,4354
FAILED,,,2997,1,0.8142839593738318,1026
FAILED,,,2421,2,0.115152835112065,2597
FAILED,,,2317,1,0.6976030954942107,1616
FAILED,,,2892,2,0.4976585324294864,4419
FAILED,,,4076,0,0.9299755395650864,169
FAILED,,,982,3,0.1398431350849568,3598
FAILED,,,584,0,0.3076255460195243,2904
FAILED,,,4990,4,0.5134220631569623,706
FAILED,,,3669,2,0.0725729261673986,4038
FAILED,,,1744,3,0.872455722220242,2465
FAILED,,,1384,0,0.0298702922631055,1175
FAILED,,,3209,4,0.7911946290340274,2748
FAILED,,,4393,1,0.3581427834425121,1996
FAILED,,,49,2,0.5869030580949038,4194
FAILED,,,892,1,0.9812217115145176,4888
FAILED,,,4048,3,0.2140530645493418,1460
FAILED,,,2727,0,0.6541674820538609,3129
FAILED,,,2052,4,0.4156644597072154,326
FAILED,,,2179,2,0.1641043322216719,2353
COMPLETED,0.05,6607.0,2756,3,0.8898520844671876,3926
FAILED,,,3940,1,0.4578163133170455,672
FAILED,,,843,4,0.7221464878190309,2870
FAILED,,,98,0,0.8343210957366973,3719
FAILED,,,4501,4,0.0949254661854356,291
FAILED,,,3180,1,0.5359797201100736,4463
FAILED,,,1257,2,0.2696969808023422,1659
FAILED,,,1872,0,0.6091774361096322,448
FAILED,,,3699,4,0.3200518136918544,3251
FAILED,,,4883,2,0.7533097279854118,1503
FAILED,,,536,3,0.0523497797772288,4932
FAILED,,,1030,1,0.3755887063518166,4082
FAILED,,,4183,2,0.6783545621968806,1885
FAILED,,,2862,0,0.238522332444787,2714
COMPLETED,0.04,1320.0,2189,3,0.941427201580256,1141
FAILED,,,2451,0,0.3704276533052325,4613
FAILED,,,3124,4,0.5743972574658692,1811
FAILED,,,4284,1,0.0096513684093952,3559
FAILED,,,1131,3,0.8116037854515015,132
FAILED,,,430,2,0.6357760734669863,825
FAILED,,,4778,3,0.4337590341120958,3022
FAILED,,,3442,0,0.9919229638315736,2191
FAILED,,,1614,4,0.2036184240952134,3763
FAILED,,,1509,1,0.9174459466207772,2553
FAILED,,,3431,2,0.1521061161663383,982
FAILED,,,4590,0,0.7180665044877677,4232
FAILED,,,188,4,0.4774919576179236,2035
FAILED,,,748,1,0.090721753148362,1342
FAILED,,,3846,4,0.8541166626755147,4769
FAILED,,,2510,1,0.2971671132501214,601
FAILED,,,1933,3,0.5241014266926795,3403
FAILED,,,1942,0,0.0753558611795306,98
COMPLETED,0.04,11658.0,2539,3,0.869451917786151,3546
FAILED,,,3855,1,0.312532884389162,1857
FAILED,,,778,2,0.5087660507522523,4680
FAILED,,,158,2,0.9328118367306888,3811
FAILED,,,4581,3,0.1367708591967821,2258
FAILED,,,3402,0,0.7027007314898073,2990
FAILED,,,1498,4,0.4928273316994309,812
FAILED,,,1625,1,0.6511408352125436,2102
FAILED,,,3471,2,0.4184245523121207,4280
FAILED,,,4787,0,0.9765580849740652,968
FAILED,,,460,4,0.2189527887832373,2521
FAILED,,,1101,1,0.3550628934185952,3390
FAILED,,,4274,4,0.5897317411247641,567
FAILED,,,3095,2,0.0250162491258233,4836
COMPLETED,0.05,13394.0,2442,3,0.7962694226223975,1389
FAILED,,,2219,1,0.3909534680973738,2839
FAILED,,,2872,3,0.6630200803969055,662
FAILED,,,4212,1,0.2231574535872787,3970
FAILED,,,1040,4,0.95676156626828,2418
FAILED,,,526,0,0.5938126762229949,1706
FAILED,,,4854,4,0.3353862973507493,4527
FAILED,,,3689,1,0.76867460870184,262
FAILED,,,1842,2,0.0370154169481247,3708
FAILED,,,1287,0,0.8189552037678659,4996
FAILED,,,3190,4,0.110260721296072,1549
FAILED,,,4530,2,0.5513454912491143,3239
COMPLETED,0.08,7287.0,108,3,0.2543616048619151,418
FAILED,,,833,1,0.1794702223315834,1130
FAILED,,,3911,3,0.8745168274976312,2683
FAILED,,,2746,0,0.442450540319085,1950
COMPLETED,0.05,6045.0,2149,3,0.7374818619005382,4127
COMPLETED,0.0299999999999999,14089.0,2042,1,0.9965866498574614,3664
FAILED,,,2698,2,0.1987187593467533,217
FAILED,,,4038,0,0.6388026608228682,4405
FAILED,,,863,3,0.4309988820217549,1583
FAILED,,,78,0,0.0145053520612418,2453
FAILED,,,4403,4,0.806528932377696,4005
FAILED,,,3238,2,0.3735076028145849,774
FAILED,,,1393,3,0.5715686339214444,2951
FAILED,,,1735,0,0.2922598343659192,4161
FAILED,,,3640,4,0.528757498582825,1984
FAILED,,,4980,1,0.0879387586507946,2795
FAILED,,,555,2,0.8571204076241701,1243
FAILED,,,1011,2,0.7129688090067356,374
FAILED,,,4086,3,0.4823230988625437,3195
FAILED,,,2922,1,0.9146097089406104,1427
FAILED,,,2327,4,0.1551784515399485,4874
FAILED,,,2392,1,0.5329607431720941,933
FAILED,,,2986,4,0.272464750746265,3112
FAILED,,,4302,1,0.8296497918572276,2302
FAILED,,,1228,3,0.0998175205159932,3855
FAILED,,,333,1,0.4547287533897906,4568
FAILED,,,4759,2,0.7249674935098737,1745
FAILED,,,3579,0,0.1592579664234071,3512
FAILED,,,1674,4,0.8949345479588955,65
FAILED,,,1451,2,0.2412977165244519,1276
COMPLETED,0.04,1547.0,3295,3,0.9384158387780188,4725
FAILED,,,4611,0,0.3805036030896007,533
FAILED,,,286,4,0.6737061007246375,3356
FAILED,,,650,0,0.7561535760834813,2643
FAILED,,,3825,4,0.0492850622572004,1089
FAILED,,,2646,1,0.6142675137370824,4324
FAILED,,,1990,3,0.3152130620293319,2145
FAILED,,,1998,2,0.5800446606446058,4748
FAILED,,,2595,3,0.3493998688068241,1321
FAILED,,,3759,0,0.7824402597341686,3302
FAILED,,,682,4,0.0230080171059817,500
FAILED,,,259,0,0.4088592756967991,1036
FAILED,,,4682,3,0.6453560216072945,2608
FAILED,,,3341,1,0.2052454148884862,2170
FAILED,,,1438,2,0.974428049089387,4367
FAILED,,,1681,1,0.1311040200814604,3077
FAILED,,,3528,4,0.9231285856254398,880
FAILED,,,4692,2,0.4908152703046798,3898
COMPLETED,0.05,13749.0,365,3,0.6888753831051289,2327
FAILED,,,1201,1,0.8636632748059928,1790
FAILED,,,4374,2,0.0657943990677595,4592
FAILED,,,3033,0,0.5066322003640235,31
FAILED,,,2380,4,0.2988293398693204,3458
FAILED,,,2281,0,0.8883460201285779,2018
FAILED,,,2934,4,0.1814784246087074,4215
FAILED,,,4113,1,0.7471689721234142,1198
FAILED,,,940,2,0.4481135351881385,2771
FAILED,,,621,2,0.1239680654481053,3152
FAILED,,,4948,3,0.821085269395262,349
FAILED,,,3633,1,0.263926851734519,4909
FAILED,,,1785,4,0.557130334597081,1480
FAILED,,,1347,1,0.3373983290027827,192
FAILED,,,3250,3,0.6076380543503909,3621
FAILED,,,4429,0,0.0426822263207286,1636
COMPLETED,0.05,5675.0,7,4,0.7783578895498066,4440
FAILED,,,929,0,0.6651539605278521,4059
FAILED,,,4007,4,0.4046569828744977,2486
FAILED,,,2691,2,0.9625502389911562,2928
COMPLETED,0.08,7528.0,2094,3,0.232718885956332,730
FAILED,,,2142,0,0.4726359886396676,1515
FAILED,,,2797,4,0.7073058141376823,4943
FAILED,,,3976,2,0.1413492589090019,461
COMPLETED,0.05,2848.0,802,3,0.9126015066634864,3265
FAILED,,,134,1,0.5191922517102212,2727
FAILED,,,4460,2,0.2864749910179525,1154
FAILED,,,3144,0,0.8434130634721368,4093
FAILED,,,1299,3,0.0858086930233985,1895
FAILED,,,1835,2,0.8008621230050921,686
FAILED,,,3740,3,0.0048220712132751,2883
ABANDONED,,,4920,1,0.569556602269411,2364
FAILED,,,495,4,0.3596822246871888,3937
FAILED,,,1066,0,0.1929300866238772,4474
FAILED,,,4142,4,0.987025217488408,1671
FAILED,,,2826,1,0.4288650018908083,3733
FAILED,,,2231,2,0.6250991460457443,305
FAILED,,,2488,1,0.0631142251454293,4255
FAILED,,,3082,2,0.758161808103323,2058
FAILED,,,4247,0,0.3249001425094902,2574
FAILED,,,1172,4,0.6199305383488535,1002
FAILED,,,394,0,0.95212321267277,621
FAILED,,,4819,4,0.2434277524091303,3423
ABANDONED,,,3479,1,0.6832713773399591,1365
ABANDONED,,,1573,3,0.3862884166948497,4792
ABANDONED,,,1545,0,0.7269795549046248,3580
ABANDONED,,,3389,3,0.468554101774469,153
FAILED,,,4554,1,0.9006013870742172,4636
FAILED,,,229,2,0.1689412175286561,1833
FAILED,,,712,2,0.2745986011344939,2215
FAILED,,,3887,3,0.5466642876919358,3786
FAILED,,,2547,0,0.1056061634961515,846
FAILED,,,1891,4,0.8392112539689986,3043
FAILED,,,1880,0,0.7096534719113261,1907
FAILED,,,2553,4,0.4690760251265019,4086
FAILED,,,3869,2,0.9102521870154888,1166
FAILED,,,716,3,0.1449075531121343,2720
FAILED,,,220,1,0.2887569657173007,3277
FAILED,,,4568,3,0.5156865351963787,454
FAILED,,,3388,0,0.083528856081888,4955
FAILED,,,1561,3,0.8469209251794964,1507
FAILED,,,1572,1,0.00125353436172,298
FAILED,,,3494,3,0.8032031109742819,3745
FAILED,,,4810,0,0.3632490922287106,1663
FAILED,,,407,4,0.5672139524258673,4487
FAILED,,,1154,0,0.9835280743129552,3929
FAILED,,,4251,4,0.1952187311276793,2376
FAILED,,,3072,1,0.6285984344147145,2876
FAILED,,,2494,2,0.426578495144844,698
FAILED,,,2242,1,0.7605037552751601,4804
FAILED,,,2819,2,0.059548551030457,1358
FAILED,,,4160,0,0.6175907363705337,3436
FAILED,,,1063,4,0.3284679543823003,614
FAILED,,,503,1,0.2457154377102852,1015
FAILED,,,4906,4,0.9486232067607344,2567
FAILED,,,3742,2,0.3839990620836615,2071
FAILED,,,1819,3,0.6867697213776409,4248
FAILED,,,1300,0,0.4649950825925916,3035
FAILED,,,3128,3,0.7293300605434924,859
FAILED,,,4468,1,0.1725023744683712,3779
FAILED,,,121,2,0.8982530266288667,2227
FAILED,,,820,2,0.5431576268468052,1826
FAILED,,,3973,3,0.2768777279686182,4648
FAILED,,,2809,0,0.8427162529397755,145
FAILED,,,2136,4,0.1033253673519939,3592
FAILED,,,2107,2,0.3507043899837881,4360
FAILED,,,2682,3,0.5794618242066353,2183
FAILED,,,4022,0,0.0217018340546637,2601
FAILED,,,928,4,0.7830214268621057,1049
COMPLETED,0.0299999999999999,11178.0,13,0,0.6467319141533225,492
FAILED,,,4419,4,0.4082240883577615,3314
FAILED,,,3254,1,0.9730542943011968,1314
FAILED,,,1329,3,0.2058827474210411,4761
FAILED,,,1789,1,0.9225524041205644,3470
FAILED,,,3614,4,0.132417099725455,24
FAILED,,,4954,2,0.6894498952999711,4604
FAILED,,,610,3,0.4895005287863314,1783
FAILED,,,956,1,0.0651525567956268,2339
FAILED,,,4112,2,0.8650306088849901,3891
FAILED,,,2947,0,0.2994733273349702,892
FAILED,,,2272,4,0.5052670040428638,3070
FAILED,,,2367,0,0.1827924634553492,1473
FAILED,,,3041,4,0.8877727013602852,4921
FAILED,,,4357,1,0.4468016415350138,341
FAILED,,,1202,2,0.7477444286495447,3164
FAILED,,,359,2,0.8224516442716122,2764
FAILED,,,4704,3,0.1233233604393899,1211
FAILED,,,3524,1,0.5557622904106974,4208
FAILED,,,1699,4,0.2645698948688804,2030
FAILED,,,1435,1,0.607056162243709,742
FAILED,,,3360,2,0.3387056980449706,2920
FAILED,,,4675,0,0.7789419194143264,2498
FAILED,,,270,3,0.0413770024720579,4052
FAILED,,,666,0,0.4040208512041717,4452
FAILED,,,3761,4,0.6665270052086562,1629
FAILED,,,2582,2,0.2333533557523042,3633
FAILED,,,2006,3,0.9611755250003188,185
FAILED,,,1975,1,0.1973526112586259,2964
FAILED,,,2647,3,0.997231589090079,767
FAILED,,,3812,0,0.4323671678677201,4017
FAILED,,,659,4,0.6381598667837679,2445
FAILED,,,282,0,0.8052151426263153,1595
FAILED,,,4629,4,0.0150789124891161,4398
FAILED,,,3289,2,0.5728807617984712,230
FAILED,,,1461,3,0.3729323730766773,3657
FAILED,,,1668,0,0.5293938793484121,4866
FAILED,,,3590,4,0.2908870313446969,1439
FAILED,,,4755,1,0.8564861720521003,3188
FAILED,,,352,2,0.0893136994298547,386
FAILED,,,1214,1,0.4829052177574485,1236
FAILED,,,4311,3,0.7116616741884499,2807
FAILED,,,2971,1,0.1545946633350104,1977
FAILED,,,2393,4,0.915915181884542,4173
FAILED,,,2343,1,0.2710890849884599,77
FAILED,,,2920,4,0.5335961647350341,3505
FAILED,,,4099,2,0.101191516963765,1758
FAILED,,,1003,3,0.8290127084199339,4561
FAILED,,,558,1,0.7236632214281709,3867
FAILED,,,4962,2,0.4553118314873427,2294
FAILED,,,3646,0,0.8962409652341156,3124
FAILED,,,1723,4,0.1586770260836929,926
FAILED,,,1400,2,0.9390579301454128,2138
FAILED,,,3227,3,0.2399306241050362,4336
FAILED,,,4406,0,0.6730623474828898,1082
FAILED,,,60,4,0.3818690261989832,2655
FAILED,,,877,0,0.0498614705502986,3349
FAILED,,,4030,3,0.7548407306633889,545
COMPLETED,0.04,1572.0,4220,3,0.9420801360271872,3882
COMPLETED,0.07,4411.0,49,3,0.2955257334876806,1497
COMPLETED,0.07,9729.0,2197,3,0.431889576965943,2325
COMPLETED,0.05,11417.0,2463,3,0.8522619867306203,4355
COMPLETED,0.04,1188.0,934,3,0.9369909692704678,1044
FAILED,nan,nan,308,4,0.6057436402756721,4110
FAILED,nan,nan,1131,0,0.8448316805027425,4740
FAILED,nan,nan,4683,4,0.3490414969418198,1571
FAILED,nan,nan,4475,0,0.5729344139434397,3469
FAILED,nan,nan,2448,2,0.7420078010354191,4566
COMPLETED,0.05,10965.0,334,3,0.7407012666482479,3534
COMPLETED,0.03,2653.0,1,1,0.9905782738084258,2295
COMPLETED,0.1,6935.0,73,3,0.4147146693951841,1
COMPLETED,0.1,1981.0,1,3,0.1406250499067106,2033
COMPLETED,0.04,2682.0,1,2,0.5033763411474638,765
COMPLETED,0.06,1974.0,1,3,0.5209324312041821,4947
COMPLETED,0.06,1946.0,1,3,0.5014177689574614,4373
COMPLETED,0.03,4136.0,1,1,0.5079929650467783,5000
COMPLETED,0.03,2918.0,1,0,0.6402369869334104,467
COMPLETED,0.05,3222.0,1,4,0.5291814636444532,2400
COMPLETED,0.1,872.0,1,3,0.883345493109022,1
COMPLETED,0.05,2222.0,16,3,0.6960243650488556,1596
COMPLETED,0.04,5837.0,3854,3,0.9035183446314186,4993
COMPLETED,0.05,2528.0,2604,3,0.9251301729362458,2164
COMPLETED,0.04,1603.0,4526,3,0.997631727166474,4708
COMPLETED,0.05,6084.0,118,3,0.648310641810298,3224
COMPLETED,0.04,3071.0,1032,3,0.9176639440115542,3372
COMPLETED,0.04,759.0,3698,3,0.9748568247556686,61
COMPLETED,0.04,1369.0,4785,3,0.9778597973231228,3043
COMPLETED,0.05,9746.0,1777,3,0.8994040512163192,4188
