Status,ACCURACY,RUNTIME,REQLABELS,recent_samples_size,delta
COMPLETED,0.2899999999999999,53.0,0.0299999999999999,893,0.9496580209732056
COMPLETED,0.3599999999999999,67.0,0.39,2624,0.1782632368206977
COMPLETED,0.35,57.0,0.19,3782,0.6331651870645582
COMPLETED,0.2899999999999999,59.0,0.08,2081,0.4845153537243604
COMPLETED,0.35,58.0,0.08,1547,0.5433426971901208
COMPLETED,0.41,76.0,0.39,4470,0.3331211923491209
COMPLETED,0.3,59.0,0.1199999999999999,3184,0.8523440524656326
COMPLETED,0.39,64.0,0.08,174,0.0177938584368675
COMPLETED,0.2899999999999999,62.0,0.02,410,0.7170653413720429
COMPLETED,0.35,70.0,0.19,3733,0.4123105119168758
COMPLETED,0.33,65.0,0.1799999999999999,4860,0.9008285442925988
COMPLETED,0.3599999999999999,78.0,0.16,1625,0.2231942741423845
COMPLETED,0.3,54.0,0.0899999999999999,2313,0.8115094499159604
COMPLETED,0.51,120.0,0.67,4327,0.0703237734865397
COMPLETED,0.32,66.0,0.1499999999999999,3015,0.619278495253995
COMPLETED,0.4,70.0,0.1,971,0.2532869567852467
COMPLETED,0.3099999999999999,62.0,0.0599999999999999,1143,0.569465452922508
COMPLETED,0.3599999999999999,64.0,0.28,2844,0.3128471636045724
COMPLETED,0.33,66.0,0.2099999999999999,4186,0.752162200955674
COMPLETED,0.39,70.0,0.3099999999999999,2455,0.1199233820755034
COMPLETED,0.32,63.0,0.0599999999999999,1737,0.911657802760601
COMPLETED,0.41,81.0,0.38,4747,0.2182127908952534
COMPLETED,0.3,61.0,0.1799999999999999,3532,0.7218333908766507
COMPLETED,0.33,65.0,0.0299999999999999,610,0.401694211307913
COMPLETED,0.3,58.0,0.0,63,0.8319811785053461
COMPLETED,0.4899999999999999,140.0,0.7099999999999999,3297,0.0440028420258313
COMPLETED,0.3599999999999999,76.0,0.23,4671,0.5169202798586338
COMPLETED,0.3699999999999999,66.0,0.1199999999999999,1348,0.3536970241684466
COMPLETED,0.35,65.0,0.07,1909,0.6769176115691661
COMPLETED,0.35,70.0,0.25,3952,0.4505084281153977
COMPLETED,0.3,63.0,0.1,2764,0.9838779025822876
COMPLETED,0.35,68.0,0.0599999999999999,750,0.1342973785735666
COMPLETED,0.32,57.0,0.0299999999999999,701,0.6547000077553093
COMPLETED,0.3099999999999999,65.0,0.13,2662,0.4746761429607868
COMPLETED,0.3099999999999999,75.0,0.1499999999999999,4062,0.963212675306946
COMPLETED,0.45,108.0,0.34,1955,0.1608093698173761
COMPLETED,0.2899999999999999,58.0,0.05,1275,0.873874545590952
COMPLETED,0.5899999999999999,212.0,1.0,4583,0.0079579045008867
COMPLETED,0.3,54.0,0.17,3388,0.556894126297906
COMPLETED,0.32,60.0,0.01,129,0.3156716231685131
COMPLETED,0.28,68.0,0.0299999999999999,519,0.8872769218571483
COMPLETED,0.33,75.0,0.3,3466,0.2406435607671737
COMPLETED,0.3599999999999999,65.0,0.2399999999999999,4819,0.6955346251763403
COMPLETED,0.4,69.0,0.11,1824,0.4221462130397558
COMPLETED,0.3,59.0,0.1199999999999999,2346,0.6057235565055161
COMPLETED,0.34,73.0,0.26,4140,0.270740630460903
COMPLETED,0.3,51.0,0.14,2894,0.7899743764121085
COMPLETED,0.44,113.0,0.16,1246,0.0801627611797302
COMPLETED,0.3,60.0,0.04,1017,0.769616023344919
COMPLETED,0.46,74.0,0.5,3124,0.1063686515260487
COMPLETED,0.3599999999999999,73.0,0.2099999999999999,4224,0.5793047083001583
COMPLETED,0.3099999999999999,56.0,0.2,2263,0.2913124172706156
COMPLETED,0.33,70.0,0.08,1691,0.7392830046713352
COMPLETED,0.4,77.0,0.4299999999999999,4951,0.3881428565569222
COMPLETED,0.3099999999999999,61.0,0.14,3646,0.9214937120825052
COMPLETED,0.34,54.0,0.05,338,0.1966822234131395
COMPLETED,0.3,53.0,0.02,262,0.5070846530925482
COMPLETED,0.33,60.0,0.1199999999999999,3257,0.3752277849782258
COMPLETED,0.33,57.0,0.16,4404,0.8145318175237625
COMPLETED,0.51,107.0,0.35,1457,0.0575544198472052
COMPLETED,0.3,56.0,0.05,2183,0.9740388405323028
COMPLETED,0.4199999999999999,85.0,0.53,3831,0.1558324074633419
COMPLETED,0.3,56.0,0.13,2578,0.6594640122503042
COMPLETED,0.32,60.0,0.05,783,0.4640634114779532
COMPLETED,0.3099999999999999,59.0,0.04,852,0.5474950017984956
COMPLETED,0.34,68.0,0.25,2509,0.3206936903540045
COMPLETED,0.32,73.0,0.1499999999999999,3900,0.863796945085749
COMPLETED,0.4299999999999999,68.0,0.8599999999999999,2115,0.0146161632034927
COMPLETED,0.3099999999999999,62.0,0.05,1427,0.953790723271668
COMPLETED,0.4199999999999999,88.0,0.5,4432,0.1658390362672507
COMPLETED,0.32,62.0,0.16,3228,0.6446147782430052
COMPLETED,0.3,65.0,0.02,291,0.4813572589419782
COMPLETED,0.2899999999999999,64.0,0.02,367,0.7839627095218747
COMPLETED,0.47,101.0,0.65,3616,0.090551961267367
COMPLETED,0.32,77.0,0.19,4980,0.6000249168481677
COMPLETED,0.39,86.0,0.14,1662,0.2798590878043323
COMPLETED,0.3,59.0,0.11,2195,0.6895458155646919
COMPLETED,0.3599999999999999,70.0,0.2099999999999999,4292,0.4325277841202914
COMPLETED,0.3099999999999999,60.0,0.11,3056,0.8815858814641833
COMPLETED,0.34,61.0,0.0899999999999999,1086,0.2497391905747353
COMPLETED,0.3099999999999999,68.0,0.04,1178,0.9313953546695412
COMPLETED,0.33,66.0,0.3,2962,0.1901830287650227
COMPLETED,0.32,55.0,0.1499999999999999,4072,0.7488885436318815
COMPLETED,0.3099999999999999,66.0,0.0899999999999999,2414,0.3829312687739729
COMPLETED,0.33,71.0,0.0899999999999999,1853,0.5891987516228109
COMPLETED,0.4199999999999999,75.0,0.3599999999999999,4790,0.2848360501583665
COMPLETED,0.3,54.0,0.13,3495,0.7791987050268799
COMPLETED,0.39,80.0,0.1,490,0.1011646927502006
COMPLETED,0.2899999999999999,61.0,0.0,100,0.6649731313101948
COMPLETED,0.35,76.0,0.2099999999999999,3418,0.4551513685956597
COMPLETED,0.3099999999999999,72.0,0.17,4554,0.9802095714770256
COMPLETED,0.41,75.0,0.1499999999999999,1305,0.1452672494575381
COMPLETED,0.3,33.0,0.08,2023,0.8200485655907541
COMPLETED,0.54,139.0,0.8399999999999999,3993,0.0486195196863263
COMPLETED,0.3099999999999999,59.0,0.14,2729,0.5132782115731387
COMPLETED,0.35,68.0,0.07,632,0.3646550277080387
COMPLETED,0.3,65.0,0.04,741,0.8463473759051411
COMPLETED,0.5,130.0,0.8,2775,0.0281675923112779
COMPLETED,0.33,77.0,0.2,3943,0.5376590478625148
COMPLETED,0.41,73.0,0.1,1919,0.3422241834793239
COMPLETED,0.33,59.0,0.07,1396,0.6271609112396836
COMPLETED,0.33,78.0,0.17,4622,0.4949119151346385
COMPLETED,0.3,65.0,0.13,3346,0.9439515125080942
COMPLETED,0.3,47.0,0.0,13,0.1873738569580018
COMPLETED,0.3099999999999999,69.0,0.0299999999999999,561,0.6098639045413583
COMPLETED,0.35,75.0,0.27,3581,0.2583240143004804
COMPLETED,0.32,62.0,0.1799999999999999,4698,0.801416383197531
COMPLETED,0.52,113.0,0.45,1785,0.0769970225188881
COMPLETED,0.3,64.0,0.1199999999999999,2465,0.8914215825870632
COMPLETED,0.41,76.0,0.2899999999999999,4176,0.2282084743790328
COMPLETED,0.3,56.0,0.14,2854,0.7069951021894813
COMPLETED,0.35,58.0,0.08,1133,0.4189761616848409
COMPLETED,0.3,55.0,0.05,981,0.7273579761497676
COMPLETED,0.33,73.0,0.11,3005,0.3927671780958771
COMPLETED,0.3099999999999999,59.0,0.16,4337,0.9178439999185501
COMPLETED,0.3099999999999999,60.0,0.26,2303,0.2076326425597071
COMPLETED,0.32,63.0,0.0599999999999999,1576,0.7576639586929231
COMPLETED,0.5,100.0,0.7399999999999999,4909,0.1110039481278508
COMPLETED,0.3599999999999999,64.0,0.1799999999999999,3685,0.5756440210733562
COMPLETED,0.3099999999999999,58.0,0.0299999999999999,459,0.3022898725476115
COMPLETED,0.3,54.0,0.01,223,0.9937645548395811
COMPLETED,0.41,88.0,0.38,3136,0.1278136501386761
COMPLETED,0.3599999999999999,74.0,0.23,4519,0.6865081601999699
COMPLETED,0.35,118.0,0.0899999999999999,1499,0.4453123065456747
COMPLETED,0.3,66.0,0.08,2070,0.5268297893945127
COMPLETED,0.3699999999999999,68.0,0.19,3792,0.347205666726455
COMPLETED,0.3,62.0,0.13,2614,0.8415793264005333
COMPLETED,0.46,106.0,0.3599999999999999,902,0.0387838929202407
COMPLETED,0.2899999999999999,58.0,0.0299999999999999,927,0.6989560313094407
COMPLETED,0.33,64.0,0.16,2589,0.4265289409887045
COMPLETED,0.33,65.0,0.14,3816,0.8838688051421195
COMPLETED,0.28,49.0,0.1499999999999999,2046,0.2362475471179932
COMPLETED,0.3099999999999999,63.0,0.0599999999999999,1523,0.7933734513409436
COMPLETED,0.4899999999999999,115.0,0.55,4494,0.084553540110588
COMPLETED,0.32,68.0,0.16,3160,0.6023073850907384
COMPLETED,0.3,65.0,0.02,199,0.2663669442981481
COMPLETED,0.2899999999999999,67.0,0.01,435,0.9675862350631504
COMPLETED,0.38,166.0,0.5,3709,0.1642254296969622
COMPLETED,0.3599999999999999,69.0,0.2399999999999999,4884,0.650309340359643
COMPLETED,0.3599999999999999,83.0,0.1,1601,0.4712771944385021
COMPLETED,0.2899999999999999,71.0,0.11,2279,0.561290028411895
COMPLETED,0.33,72.0,0.27,4361,0.3190796134769916
COMPLETED,0.28,61.0,0.1499999999999999,2980,0.8694919440485536
COMPLETED,0.57,192.0,0.7,1005,0.0045366099029779
COMPLETED,0.3,67.0,0.04,1109,0.8179454886913299
COMPLETED,0.45,93.0,0.53,2879,0.061929412830621
COMPLETED,0.3699999999999999,69.0,0.26,4152,0.5036842676252126
COMPLETED,0.3,63.0,0.16,2489,0.3708395025767385
COMPLETED,0.33,62.0,0.07,1761,0.6628705842029303
COMPLETED,0.4,68.0,0.2399999999999999,4722,0.468461687432602
COMPLETED,0.3099999999999999,63.0,0.13,3556,0.9706151758115737
COMPLETED,0.38,67.0,0.0599999999999999,585,0.1514512279946357
COMPLETED,0.3,47.0,0.0,38,0.5836859993040561
COMPLETED,0.3599999999999999,72.0,0.2899999999999999,3322,0.2947362083978951
COMPLETED,0.33,63.0,0.17,4646,0.7652176209837198
COMPLETED,0.4199999999999999,91.0,0.25,1372,0.1029619680382311
COMPLETED,0.33,62.0,0.1,1943,0.9258821208905428
COMPLETED,0.3699999999999999,83.0,0.38,3918,0.2000827204156666
COMPLETED,0.2899999999999999,63.0,0.14,2799,0.7349079001527279
COMPLETED,0.33,63.0,0.04,716,0.3847290589828044
COMPLETED,0.3,60.0,0.0299999999999999,647,0.905216856436804
COMPLETED,0.33,64.0,0.3,2715,0.2265946298670023
COMPLETED,0.3599999999999999,66.0,0.2,4008,0.712690378131345
COMPLETED,0.3,31.0,0.19,2008,0.4088968110065906
COMPLETED,0.2899999999999999,54.0,0.07,1319,0.6236596449799836
COMPLETED,0.35,76.0,0.28,4540,0.2567106512486934
COMPLETED,0.32,58.0,0.17,3432,0.8071111442185938
COMPLETED,0.33,55.0,0.01,85,0.0669172312766313
COMPLETED,0.3,61.0,0.0299999999999999,475,0.6365718408096581
COMPLETED,0.3,60.0,0.17,3510,0.4889137858282774
COMPLETED,0.3099999999999999,65.0,0.1799999999999999,4776,0.9462341982442884
COMPLETED,0.39,89.0,0.23,1868,0.1738819755595177
COMPLETED,0.2899999999999999,57.0,0.0899999999999999,2399,0.855757879782468
COMPLETED,0.57,191.0,0.91,4086,0.0221689332127571
COMPLETED,0.33,60.0,0.1499999999999999,2947,0.5399422299303114
COMPLETED,0.35,56.0,0.07,1192,0.3287327537983655
COMPLETED,0.3,72.0,0.05,1071,0.5213163232505321
COMPLETED,0.33,60.0,0.1499999999999999,3070,0.3571051111407578
COMPLETED,0.33,60.0,0.2099999999999999,4278,0.8275984802991152
COMPLETED,0.3599999999999999,70.0,0.4199999999999999,2210,0.0405814061500132
COMPLETED,0.3099999999999999,56.0,0.0599999999999999,1647,0.9882515590023248
COMPLETED,0.46,85.0,0.57,4995,0.137713579731062
COMPLETED,0.33,65.0,0.1799999999999999,3602,0.6725268028955906
COMPLETED,0.3099999999999999,57.0,0.0299999999999999,381,0.4471093829292803
COMPLETED,0.3,54.0,0.01,305,0.7555611197352409
COMPLETED,0.47,91.0,0.5899999999999999,3213,0.1243140792138874
COMPLETED,0.33,75.0,0.22,4447,0.5660493633002042
COMPLETED,0.3699999999999999,68.0,0.0899999999999999,1412,0.3084736335910856
COMPLETED,0.3,56.0,0.05,2130,0.7252547152172772
COMPLETED,0.39,71.0,0.2399999999999999,3885,0.4060767831075936
COMPLETED,0.28,64.0,0.13,2524,0.9082498421948402
COMPLETED,0.3699999999999999,61.0,0.0899999999999999,837,0.2138168590385466
COMPLETED,0.3,63.0,0.0299999999999999,808,0.7980154103115201
COMPLETED,0.41,64.0,0.3599999999999999,2553,0.0726081378273665
COMPLETED,0.33,70.0,0.19,3856,0.61327817799896
COMPLETED,0.3,51.0,0.19,2159,0.2626995947025716
COMPLETED,0.3,57.0,0.0599999999999999,1481,0.7035717869456857
COMPLETED,0.35,82.0,0.33,4379,0.414595346564427
COMPLETED,0.32,62.0,0.1199999999999999,3281,0.894827790191397
COMPLETED,0.3099999999999999,45.0,0.02,237,0.2326064008567482
COMPLETED,0.2899999999999999,59.0,0.02,314,0.5332612477913498
COMPLETED,0.38,85.0,0.23,3670,0.3388180874101817
COMPLETED,0.33,62.0,0.1799999999999999,4926,0.8507280794903636
COMPLETED,0.55,150.0,0.6199999999999999,1716,0.031590781148523
COMPLETED,0.3,70.0,0.08,2239,0.9395760436411948
COMPLETED,0.38,89.0,0.4199999999999999,4248,0.1839597099069505
COMPLETED,0.32,71.0,0.1499999999999999,3099,0.6315496695246547
COMPLETED,0.35,67.0,0.0599999999999999,1041,0.498312776485458
COMPLETED,0.33,63.0,0.0599999999999999,1222,0.6830996940080076
COMPLETED,0.34,62.0,0.1799999999999999,2918,0.4409159285482019
COMPLETED,0.33,61.0,0.1499999999999999,4116,0.997186325320974
COMPLETED,0.38,66.0,0.35,2370,0.1321967275645583
COMPLETED,0.32,67.0,0.07,1799,0.8381637424044311
COMPLETED,0.56,160.0,0.95,4844,0.0344108090475201
COMPLETED,0.3099999999999999,64.0,0.17,3441,0.5302282620333135
COMPLETED,0.3099999999999999,62.0,0.04,543,0.3515958582386374
COMPLETED,0.2899999999999999,58.0,0.01,153,0.9134536968711764
COMPLETED,0.39,76.0,0.5,3364,0.204234043514356
COMPLETED,0.32,60.0,0.17,4607,0.7317311864290386
COMPLETED,0.35,66.0,0.0599999999999999,1251,0.3961828736271709
COMPLETED,0.3599999999999999,74.0,0.1,1979,0.5712608172409235
COMPLETED,0.41,75.0,0.25,4037,0.2988679905310273
COMPLETED,0.3,57.0,0.13,2686,0.7620604482255876
COMPLETED,0.38,81.0,0.11,677,0.1144125407263636
COMPLETED,0.2899999999999999,61.0,0.04,765,0.5956418691650032
COMPLETED,0.3599999999999999,65.0,0.27,2750,0.2764372875802219
COMPLETED,0.3599999999999999,75.0,0.2,3967,0.7883591172620654
COMPLETED,0.4899999999999999,99.0,0.3599999999999999,1894,0.0939603977166116
COMPLETED,0.3,63.0,0.05,1363,0.8771956602092831
COMPLETED,0.4,93.0,0.44,4656,0.2463407476786524
COMPLETED,0.3,56.0,0.17,3312,0.6939188696946949
COMPLETED,0.3099999999999999,44.0,0.0,48,0.4359433978591114
COMPLETED,0.2899999999999999,58.0,0.02,595,0.8603812198117375
COMPLETED,0.56,170.0,0.89,3547,0.0102429826669394
COMPLETED,0.3699999999999999,80.0,0.2399999999999999,4732,0.550893571101129
COMPLETED,0.4,82.0,0.13,1751,0.3250840231440961
COMPLETED,0.3,67.0,0.1199999999999999,2440,0.6412062153872102
COMPLETED,0.32,63.0,0.16,4201,0.476960739666596
COMPLETED,0.2899999999999999,55.0,0.14,2830,0.95721263503097
COMPLETED,0.35,92.0,0.16,1157,0.1702222103569656
COMPLETED,0.3099999999999999,58.0,0.04,957,0.9758340208176524
COMPLETED,0.4299999999999999,68.0,0.4299999999999999,3030,0.1418529462572187
COMPLETED,0.3599999999999999,69.0,0.2099999999999999,4313,0.669362045744434
COMPLETED,0.3,58.0,0.1199999999999999,2328,0.458552311738953
COMPLETED,0.35,70.0,0.08,1610,0.5088802553527056
COMPLETED,0.4,71.0,0.35,4874,0.3612488498464226
COMPLETED,0.3099999999999999,62.0,0.19,3718,0.8244293509684502
COMPLETED,0.4199999999999999,67.0,0.1,425,0.0520428646728396
COMPLETED,0.2899999999999999,60.0,0.01,189,0.7454653250519186
COMPLETED,0.34,72.0,0.2,3170,0.3785505949314683
COMPLETED,0.3099999999999999,77.0,0.17,4484,0.9348014209959656
COMPLETED,0.3699999999999999,94.0,0.17,1533,0.1945808585789054
COMPLETED,0.2899999999999999,54.0,0.08,2095,0.7757978734187781
COMPLETED,0.4899999999999999,114.0,0.67,3768,0.0967759047225117
COMPLETED,0.2899999999999999,57.0,0.13,2638,0.5926129284165799
COMPLETED,0.3599999999999999,57.0,0.07,878,0.2892114892825484
COMPLETED,0.3099999999999999,69.0,0.04,866,0.5899185402635485
COMPLETED,0.3099999999999999,65.0,0.2,2651,0.2865456467028707
COMPLETED,0.32,67.0,0.14,3758,0.7745957369003444
COMPLETED,0.3099999999999999,52.0,0.2399999999999999,2100,0.0955414006914943
COMPLETED,0.3099999999999999,69.0,0.0599999999999999,1540,0.9340866988413036
COMPLETED,0.4199999999999999,93.0,0.5,4477,0.1938337837830185
COMPLETED,0.32,64.0,0.16,3184,0.7422835039459169
COMPLETED,0.2899999999999999,55.0,0.01,179,0.3753973342701792
COMPLETED,0.2899999999999999,60.0,0.02,411,0.8271256519500166
COMPLETED,0.53,137.0,0.8,3729,0.0547067981418222
COMPLETED,0.33,74.0,0.1799999999999999,4868,0.5100843046996743
COMPLETED,0.39,71.0,0.1,1618,0.3624814447667449
COMPLETED,0.3099999999999999,55.0,0.1199999999999999,2337,0.6700786621384321
COMPLETED,0.34,66.0,0.27,4307,0.4592974885776638
COMPLETED,0.2899999999999999,69.0,0.11,3041,0.9790177361629904
COMPLETED,0.4,90.0,0.0899999999999999,944,0.1450043089613318
COMPLETED,0.3,57.0,0.04,1163,0.9584165635481476
COMPLETED,0.3699999999999999,64.0,0.32,2821,0.1714546844474971
COMPLETED,0.3699999999999999,63.0,0.2099999999999999,4214,0.6439026334807276
COMPLETED,0.3,75.0,0.1199999999999999,2429,0.4796247902475297
COMPLETED,0.3099999999999999,68.0,0.0899999999999999,1741,0.5540771693345158
COMPLETED,0.34,89.0,0.3,4746,0.3282352687362581
COMPLETED,0.3,70.0,0.1799999999999999,3539,0.8610979570355266
COMPLETED,0.51,116.0,0.34,602,0.0109882803354412
COMPLETED,0.3099999999999999,57.0,0.0,56,0.6927168502882122
COMPLETED,0.33,70.0,0.25,3305,0.4347090109400451
COMPLETED,0.33,77.0,0.17,4666,0.8745011512264608
COMPLETED,0.33,72.0,0.1199999999999999,1348,0.2436747842691838
COMPLETED,0.33,64.0,0.07,1882,0.7851774169858545
COMPLETED,0.5,137.0,0.5799999999999998,3979,0.0908072578851133
COMPLETED,0.3099999999999999,96.0,0.14,2744,0.5949270298983901
COMPLETED,0.33,73.0,0.07,774,0.2756900956723838
COMPLETED,0.2899999999999999,61.0,0.0299999999999999,667,0.7647567492071538
COMPLETED,0.39,78.0,0.38,2691,0.1170764741953462
COMPLETED,0.33,72.0,0.1499999999999999,4025,0.5724648665878921
COMPLETED,0.35,77.0,0.1199999999999999,1992,0.3001005854513495
COMPLETED,0.33,69.0,0.0599999999999999,1265,0.7324478028230368
COMPLETED,0.4,72.0,0.23,4598,0.3969280504658818
COMPLETED,0.3,64.0,0.13,3371,0.9166374122165144
COMPLETED,0.3,59.0,0.01,146,0.2073854062184691
COMPLETED,0.3,57.0,0.0299999999999999,537,0.527533873880282
COMPLETED,0.34,75.0,0.17,3449,0.3489300156589597
COMPLETED,0.33,56.0,0.1799999999999999,4830,0.8369616058859974
COMPLETED,0.55,163.0,0.7099999999999999,1810,0.0331763050165027
COMPLETED,0.32,72.0,0.1799999999999999,4922,0.6144527541715651
COMPLETED,0.3599999999999999,67.0,0.13,1717,0.2639693364184349
COMPLETED,0.3099999999999999,58.0,0.11,2240,0.7043848162181675
COMPLETED,0.3699999999999999,71.0,0.2099999999999999,4245,0.4152522600293159
COMPLETED,0.2899999999999999,65.0,0.1199999999999999,3098,0.8940188152231276
COMPLETED,0.32,69.0,0.1199999999999999,1045,0.2319459052532911
COMPLETED,0.32,61.0,0.0599999999999999,1225,0.9146204600036144
COMPLETED,0.33,64.0,0.25,2917,0.2054960093684494
COMPLETED,0.32,56.0,0.1499999999999999,4112,0.7305603652745484
COMPLETED,0.32,59.0,0.1199999999999999,2371,0.3949244861938059
COMPLETED,0.32,64.0,0.0899999999999999,1801,0.5704594099353998
COMPLETED,0.41,81.0,0.3599999999999999,4840,0.2982150402832776
COMPLETED,0.2899999999999999,63.0,0.17,3440,0.7628654302340001
COMPLETED,0.3599999999999999,78.0,0.0599999999999999,547,0.1150614441055804
COMPLETED,0.28,49.0,0.01,155,0.6818070318102836
COMPLETED,0.33,62.0,0.2099999999999999,3360,0.4397793821580707
COMPLETED,0.33,67.0,0.17,4607,0.998474929496646
COMPLETED,0.4199999999999999,73.0,0.17,1255,0.1333368523754179
COMPLETED,0.33,63.0,0.07,1983,0.8388469131123275
COMPLETED,0.54,157.0,0.88,4036,0.035181523727253
COMPLETED,0.33,63.0,0.17,2682,0.5295486660283057
COMPLETED,0.32,56.0,0.0299999999999999,678,0.3508210966903716
COMPLETED,0.3,62.0,0.04,764,0.859206701265648
COMPLETED,0.53,159.0,0.79,2754,0.0089733060132712
COMPLETED,0.32,70.0,0.1499999999999999,3968,0.5520716569144278
COMPLETED,0.33,73.0,0.0899999999999999,1891,0.3263496603649109
COMPLETED,0.3,59.0,0.07,1359,0.6420151401646434
COMPLETED,0.3699999999999999,89.0,0.23,4657,0.4776211627721786
COMPLETED,0.32,68.0,0.1199999999999999,3316,0.9563996745385228
COMPLETED,0.2899999999999999,59.0,0.01,46,0.1695653433650732
COMPLETED,0.3099999999999999,61.0,0.0299999999999999,591,0.5969417662788182
COMPLETED,0.3599999999999999,119.0,0.22,3548,0.2775811135005205
COMPLETED,0.3099999999999999,62.0,0.1799999999999999,4736,0.7870627874154597
COMPLETED,0.4899999999999999,96.0,0.32,1750,0.0928125323634594
COMPLETED,0.3,85.0,0.1199999999999999,2439,0.8765045407600701
COMPLETED,0.38,84.0,0.35,4205,0.245562039643526
COMPLETED,0.3,69.0,0.11,2831,0.6946059534288943
COMPLETED,0.32,59.0,0.07,1154,0.4367256620079278
COMPLETED,0.3,59.0,0.05,953,0.744176648378372
COMPLETED,0.3699999999999999,66.0,0.23,3031,0.3774104199297725
COMPLETED,0.3099999999999999,68.0,0.16,4316,0.936094129666686
COMPLETED,0.32,59.0,0.17,2326,0.1957174737490713
COMPLETED,0.32,65.0,0.08,1609,0.7764775344859808
COMPLETED,0.52,109.0,0.68,4878,0.0975507238972932
COMPLETED,0.35,64.0,0.19,3720,0.5919297038000076
COMPLETED,0.34,55.0,0.04,421,0.2884407132584601
COMPLETED,0.2899999999999999,63.0,0.01,188,0.9770048884451388
COMPLETED,0.41,75.0,0.3,3174,0.1431114024706184
COMPLETED,0.3599999999999999,74.0,0.22,4486,0.6681952101141214
COMPLETED,0.3599999999999999,65.0,0.11,1529,0.4572902956940233
COMPLETED,0.2899999999999999,53.0,0.1,2091,0.5080752194356172
COMPLETED,0.34,75.0,0.23,3768,0.3605998851228505
COMPLETED,0.3,58.0,0.13,2642,0.8252308233361692
COMPLETED,0.44,109.0,0.26,876,0.0526958725471049
COMPLETED,0.2899999999999999,62.0,0.0299999999999999,868,0.8264348633885383
COMPLETED,0.4199999999999999,84.0,0.5899999999999999,2647,0.0539284730441868
COMPLETED,0.3099999999999999,79.0,0.19,3757,0.5107715111225843
COMPLETED,0.2899999999999999,47.0,0.1,2104,0.3632638241685927
COMPLETED,0.33,54.0,0.0599999999999999,1543,0.6713789347540587
COMPLETED,0.33,69.0,0.28,4475,0.4604416528213769
COMPLETED,0.3099999999999999,60.0,0.1199999999999999,3180,0.9777215141337364
COMPLETED,0.34,54.0,0.02,180,0.1438565737325698
COMPLETED,0.2899999999999999,72.0,0.02,415,0.5907275579869747
COMPLETED,0.33,70.0,0.23,3727,0.2872062148042023
COMPLETED,0.32,65.0,0.1799999999999999,4864,0.7737831370383501
COMPLETED,0.4899999999999999,93.0,0.3,1619,0.094884886894375
COMPLETED,0.3,47.0,0.0899999999999999,2338,0.9329123178552836
COMPLETED,0.39,120.0,0.4799999999999999,4303,0.1925642075110226
COMPLETED,0.2899999999999999,63.0,0.1499999999999999,3040,0.7434619355183095
COMPLETED,0.34,68.0,0.07,948,0.3766633395571261
COMPLETED,0.2899999999999999,49.0,0.04,1166,0.6919114388693123
COMPLETED,0.33,62.0,0.1799999999999999,2819,0.4340597078930586
COMPLETED,0.33,66.0,0.16,4210,0.8753025157768279
COMPLETED,0.34,58.0,0.1499999999999999,2430,0.244327662019059
COMPLETED,0.3099999999999999,62.0,0.0899999999999999,1742,0.7863479537256061
COMPLETED,0.4799999999999999,174.0,0.7099999999999999,4743,0.0920653311610221
COMPLETED,0.32,66.0,0.1799999999999999,3538,0.5937600715793669
COMPLETED,0.34,59.0,0.05,606,0.274427964374423
COMPLETED,0.3,52.0,0.0,57,0.9590960870552808
COMPLETED,0.34,90.0,0.4899999999999999,3302,0.1722294032406061
COMPLETED,0.3699999999999999,62.0,0.23,4665,0.6432190631050616
COMPLETED,0.33,64.0,0.07,1352,0.4788536461573094
COMPLETED,0.32,76.0,0.0899999999999999,1885,0.5527883997149765
COMPLETED,0.35,72.0,0.25,3977,0.3270949487388133
COMPLETED,0.3,59.0,0.14,2741,0.8623903050757945
COMPLETED,0.55,126.0,0.52,775,0.0121245423108339
COMPLETED,0.3099999999999999,58.0,0.0299999999999999,666,0.528346520215273
COMPLETED,0.33,52.0,0.13,2695,0.3495865982361137
COMPLETED,0.33,60.0,0.2,4027,0.8361525156646967
COMPLETED,0.57,150.0,0.6199999999999999,1988,0.0325156867243349
COMPLETED,0.3099999999999999,61.0,0.05,1261,0.9952931176852436
COMPLETED,0.47,87.0,0.4899999999999999,4599,0.1301835861373692
COMPLETED,0.3,62.0,0.17,3374,0.6810923189502209
COMPLETED,0.32,51.0,0.01,144,0.4390323017854243
COMPLETED,0.28,76.0,0.02,533,0.7640694702863692
COMPLETED,0.39,80.0,0.4799999999999999,3450,0.1162940446026623
COMPLETED,0.33,71.0,0.1799999999999999,4833,0.573155701622367
COMPLETED,0.3699999999999999,81.0,0.11,1808,0.3008789793290198
COMPLETED,0.2899999999999999,56.0,0.1199999999999999,2381,0.7337440899144858
COMPLETED,0.3599999999999999,73.0,0.2,4107,0.3980758433211594
COMPLETED,0.3,62.0,0.11,2929,0.915337085692212
COMPLETED,0.35,70.0,0.1499999999999999,1212,0.2062411806304007
COMPLETED,0.3,59.0,0.04,1050,0.8967152277398854
COMPLETED,0.34,61.0,0.23,3089,0.2346099651288241
COMPLETED,0.3599999999999999,77.0,0.2099999999999999,4257,0.7055887391585856
COMPLETED,0.3099999999999999,57.0,0.11,2228,0.4164847434144466
COMPLETED,0.32,76.0,0.0899999999999999,1707,0.6151694969721138
COMPLETED,0.38,83.0,0.3699999999999999,4937,0.2647146247923374
COMPLETED,0.3099999999999999,69.0,0.1799999999999999,3661,0.8000208669640124
COMPLETED,0.35,61.0,0.0599999999999999,324,0.0744936829954385
COMPLETED,0.2899999999999999,56.0,0.01,246,0.6295463431943207
COMPLETED,0.33,62.0,0.16,3271,0.4964255768787115
COMPLETED,0.3099999999999999,70.0,0.16,4388,0.9376868847329168
COMPLETED,0.34,79.0,0.1499999999999999,1471,0.1819429956357926
COMPLETED,0.2899999999999999,55.0,0.08,2150,0.8487132873423398
COMPLETED,0.53,129.0,0.7299999999999999,3866,0.0296997001171112
COMPLETED,0.3099999999999999,56.0,0.13,2544,0.5313759405650197
COMPLETED,0.35,63.0,0.08,818,0.3368128686994314
COMPLETED,0.3,59.0,0.04,828,0.6745323339048773
COMPLETED,0.34,56.0,0.13,2534,0.448994972711429
COMPLETED,0.33,64.0,0.14,3876,0.9901428036186845
COMPLETED,0.3599999999999999,47.0,0.26,2140,0.1397285652067512
COMPLETED,0.2899999999999999,56.0,0.07,1422,0.8296153581552206
COMPLETED,0.56,172.0,0.92,4437,0.0424707583859562
COMPLETED,0.32,62.0,0.16,3222,0.5232038351558149
COMPLETED,0.3099999999999999,43.0,0.02,295,0.3591087200269102
COMPLETED,0.2899999999999999,56.0,0.01,372,0.9063644903544336
COMPLETED,0.35,73.0,0.4,3612,0.2118115659710019
COMPLETED,0.34,64.0,0.19,4985,0.7232399676833302
COMPLETED,0.3699999999999999,67.0,0.1,1658,0.4041857764329761
COMPLETED,0.3099999999999999,56.0,0.11,2219,0.5641602490060031
COMPLETED,0.39,72.0,0.27,4267,0.306456993676722
COMPLETED,0.3099999999999999,60.0,0.1499999999999999,3080,0.7535577487908303
COMPLETED,0.4199999999999999,72.0,0.1499999999999999,1061,0.1224268052503466
COMPLETED,0.32,60.0,0.0599999999999999,1203,0.8051037245467305
COMPLETED,0.4899999999999999,86.0,0.66,2938,0.0650335301570594
COMPLETED,0.3699999999999999,61.0,0.2,4097,0.6217664819583297
COMPLETED,0.33,59.0,0.1199999999999999,2390,0.2546975841782986
COMPLETED,0.32,63.0,0.07,1858,0.710679196005687
COMPLETED,0.39,69.0,0.3,4785,0.4070017630401998
COMPLETED,0.3099999999999999,65.0,0.17,3499,0.9033350700046868
COMPLETED,0.3099999999999999,62.0,0.05,484,0.2245852955076843
COMPLETED,0.2899999999999999,53.0,0.0,96,0.5418256931081414
COMPLETED,0.34,66.0,0.2099999999999999,3423,0.3307399355284869
COMPLETED,0.33,62.0,0.17,4550,0.8577707089111208
COMPLETED,0.54,134.0,0.5799999999999998,1310,0.024061858292669
COMPLETED,0.33,64.0,0.07,1998,0.9481290082689374
COMPLETED,0.41,84.0,0.44,4017,0.1758929197434336
COMPLETED,0.32,54.0,0.13,2704,0.6385809372272341
COMPLETED,0.3,57.0,0.0299999999999999,656,0.4907953343186527
COMPLETED,0.2899999999999999,56.0,0.13,3466,0.9251186727285384
COMPLETED,0.32,61.0,0.04,438,0.2275461914241314
COMPLETED,0.34,68.0,0.07,1929,0.5350315287746488
COMPLETED,0.3699999999999999,80.0,0.2399999999999999,3864,0.3749556121565401
COMPLETED,0.3599999999999999,67.0,0.2399999999999999,4871,0.7269169120937586
COMPLETED,0.38,72.0,0.11,1842,0.42650462166965
COMPLETED,0.2899999999999999,52.0,0.04,839,0.8733517234511672
COMPLETED,0.53,98.0,0.82,2774,0.0354428683407604
COMPLETED,0.2999999999999999,50.0,0.11,2947,0.5892163193449377
COMPLETED,0.34,61.0,0.0599999999999999,973,0.2580893489047885
COMPLETED,0.32,59.0,0.05,1356,0.9486037773303688
COMPLETED,0.45,86.0,0.5,4424,0.1413796215765178
COMPLETED,0.33,61.0,0.22,4355,0.7567481478825212
COMPLETED,0.2999999999999999,62.0,0.32,2381,0.089859890051186
COMPLETED,0.2899999999999999,57.0,0.01,260,0.6410130299292504
COMPLETED,0.34,58.0,0.2099999999999999,3327,0.450221957411617
COMPLETED,0.2999999999999999,62.0,0.1199999999999999,3154,0.6697032811567187
COMPLETED,0.2999999999999999,56.0,0.0,127,0.4867085780128836
COMPLETED,0.2899999999999999,57.0,0.0599999999999999,2244,0.805904686640948
COMPLETED,0.4899999999999999,105.0,0.5799999999999998,4176,0.1000325594358146
COMPLETED,0.33,63.0,0.17,4557,0.986308674521744
COMPLETED,0.39,72.0,0.1499999999999999,1530,0.1712881493940949
COMPLETED,0.3099999999999999,62.0,0.0599999999999999,1152,0.5986580465696753
COMPLETED,0.3599999999999999,55.0,0.27,3084,0.3065149455033242
COMPLETED,0.2999999999999999,57.0,0.13,2632,0.8134743402898311
COMPLETED,0.4899999999999999,104.0,0.2999999999999999,661,0.0301431045532226
COMPLETED,0.3099999999999999,72.0,0.08,1669,0.7089472375847398
COMPLETED,0.3499999999999999,71.0,0.2399999999999999,4735,0.385144827786833
COMPLETED,0.3699999999999999,66.0,0.2,4042,0.5285135181397199
COMPLETED,0.28,40.0,0.1499999999999999,2071,0.3138599821478128
COMPLETED,0.2899999999999999,68.0,0.0299999999999999,574,0.8844898507483303
COMPLETED,0.38,66.0,0.23,3639,0.2103074888177215
COMPLETED,0.3499999999999999,65.0,0.19,3713,0.5517727472484111
COMPLETED,0.3499999999999999,67.0,0.0299999999999999,491,0.3531842941045761
COMPLETED,0.2899999999999999,66.0,0.08,2144,0.90823587891832
COMPLETED,0.3599999999999999,76.0,0.3499999999999999,3959,0.2491450017131865
COMPLETED,0.33,61.0,0.1799999999999999,4808,0.8527881976813076
COMPLETED,0.4699999999999999,100.0,0.3599999999999999,1586,0.0533614225536584
COMPLETED,0.2999999999999999,62.0,0.04,735,0.7477742959149181
COMPLETED,0.32,60.0,0.13,2549,0.4088499448485672
COMPLETED,0.32,70.0,0.11,3001,0.9625924931690096
COMPLETED,0.4,92.0,0.1499999999999999,1225,0.1324800074324011
COMPLETED,0.3099999999999999,62.0,0.07,1447,0.575428664278239
COMPLETED,0.3499999999999999,76.0,0.2899999999999999,4630,0.2672200044803321
COMPLETED,0.3599999999999999,68.0,0.2,4093,0.6308466139510273
COMPLETED,0.2999999999999999,63.0,0.14,2317,0.4629743279591202
COMPLETED,0.2999999999999999,47.0,0.0,44,0.7665612203739584
COMPLETED,0.44,91.0,0.63,3227,0.0767851084433495
COMPLETED,0.32,59.0,0.13,3400,0.7954946183189749
COMPLETED,0.3099999999999999,59.0,0.01,177,0.1135158870145678
COMPLETED,0.2899999999999999,54.0,0.1199999999999999,2454,0.6802473106794059
COMPLETED,0.3699999999999999,70.0,0.2099999999999999,4272,0.4733901440612972
COMPLETED,0.32,69.0,0.17,4497,0.6128904147520661
COMPLETED,0.3499999999999999,70.0,0.08,1273,0.2968843743279576
COMPLETED,0.2899999999999999,58.0,0.04,1046,0.9717900624237956
COMPLETED,0.3099999999999999,66.0,0.2899999999999999,2864,0.1806624573133885
COMPLETED,0.33,52.0,0.13,2691,0.6876527547836304
COMPLETED,0.38,60.0,0.05,912,0.403307034343481
COMPLETED,0.3099999999999999,69.0,0.0899999999999999,1759,0.8345753764547407
COMPLETED,0.5799999999999998,181.0,0.97,4944,0.0117574707008898
COMPLETED,0.33,57.0,0.14,3781,0.9019620262533427
COMPLETED,0.3099999999999999,17.0,0.11,2003,0.1882925184220075
COMPLETED,0.2999999999999999,59.0,0.02,355,0.5113870719857513
COMPLETED,0.4099999999999999,73.0,0.26,3539,0.3361897494681179
COMPLETED,0.32,65.0,0.13,3564,0.7379914197176694
COMPLETED,0.3099999999999999,61.0,0.0299999999999999,340,0.4146687004715204
COMPLETED,0.33,68.0,0.07,1988,0.8469042757637799
COMPLETED,0.46,104.0,0.56,3806,0.0630781212039291
COMPLETED,0.33,61.0,0.19,4968,0.9140441651046276
COMPLETED,0.3499999999999999,69.0,0.13,1745,0.239382112622261
COMPLETED,0.32,61.0,0.04,897,0.5614789764620363
COMPLETED,0.32,57.0,0.14,2715,0.3473203592933714
COMPLETED,0.2999999999999999,53.0,0.14,2849,0.7763428734019397
COMPLETED,0.4799999999999999,100.0,0.3099999999999999,1071,0.0709656650200486
COMPLETED,0.2999999999999999,57.0,0.0599999999999999,1298,0.6367303313873707
COMPLETED,0.4099999999999999,70.0,0.34,4482,0.4532559376917779
COMPLETED,0.34,78.0,0.2099999999999999,4258,0.5696215938255191
COMPLETED,0.34,61.0,0.19,2479,0.2769835739359259
COMPLETED,0.2999999999999999,55.0,0.01,201,0.9528864758722484
COMPLETED,0.39,71.0,0.25,3386,0.1383456412963569
COMPLETED,0.3099999999999999,61.0,0.1199999999999999,3251,0.9815767419710756
COMPLETED,0.2999999999999999,38.0,0.0,29,0.1748322767689824
COMPLETED,0.2999999999999999,62.0,0.0899999999999999,2303,0.6187781474553049
COMPLETED,0.34,72.0,0.26,4117,0.2871562581919133
COMPLETED,0.3599999999999999,66.0,0.23,4654,0.6744352137073873
COMPLETED,0.34,65.0,0.0899999999999999,1433,0.4831644506379961
COMPLETED,0.32,63.0,0.05,1211,0.7857845857553183
COMPLETED,0.4199999999999999,81.0,0.44,3026,0.1193912467472255
COMPLETED,0.3099999999999999,66.0,0.16,2535,0.501601608172059
COMPLETED,0.34,62.0,0.0299999999999999,759,0.3420206103771925
COMPLETED,0.3099999999999999,68.0,0.0599999999999999,1611,0.8960745054669678
COMPLETED,0.3599999999999999,76.0,0.32,4794,0.1980223336108029
COMPLETED,0.3099999999999999,56.0,0.1499999999999999,3944,0.840386250257492
COMPLETED,0.4299999999999999,67.0,0.8399999999999999,2168,0.001982476323843
COMPLETED,0.2899999999999999,56.0,0.0299999999999999,515,0.6973625828661024
COMPLETED,0.3499999999999999,73.0,0.23,3698,0.3974299829937517
COMPLETED,0.3099999999999999,76.0,0.1799999999999999,3615,0.8636500151306391
COMPLETED,0.51,83.0,0.22,588,0.0413117999285459
COMPLETED,0.2999999999999999,52.0,0.1,2085,0.7211131468005478
COMPLETED,0.4,84.0,0.25,4017,0.4362725075371563
COMPLETED,0.3699999999999999,64.0,0.23,4710,0.5409109297990798
COMPLETED,0.33,74.0,0.1,1684,0.3652339167296886
COMPLETED,0.28,70.0,0.0299999999999999,676,0.9348970280326901
COMPLETED,0.3099999999999999,67.0,0.26,2608,0.2217224390245974
COMPLETED,0.32,63.0,0.1499999999999999,3099,0.6507159539833663
COMPLETED,0.33,58.0,0.0599999999999999,1128,0.4443537061884999
COMPLETED,0.32,62.0,0.0599999999999999,1506,0.7625521250925958
COMPLETED,0.5,112.0,0.78,4571,0.0800937032364308
COMPLETED,0.3099999999999999,65.0,0.16,4191,0.9427231531366704
COMPLETED,0.32,49.0,0.19,2220,0.1511006292030215
COMPLETED,0.2999999999999999,58.0,0.0,103,0.5794377595596015
COMPLETED,0.3599999999999999,70.0,0.32,3168,0.2639114096872508
COMPLETED,0.3599999999999999,55.0,0.16,3303,0.608371172375977
COMPLETED,0.32,52.0,0.02,274,0.3006422031298279
COMPLETED,0.28,53.0,0.0599999999999999,2396,0.992123864736408
COMPLETED,0.39,82.0,0.45,4331,0.1615164601765572
COMPLETED,0.32,61.0,0.16,4399,0.800013860695064
COMPLETED,0.4,87.0,0.19,1371,0.1097580582126975
COMPLETED,0.33,60.0,0.05,988,0.6599135083667934
COMPLETED,0.3099999999999999,68.0,0.1499999999999999,2923,0.4925361411981284
COMPLETED,0.2899999999999999,52.0,0.14,2788,0.8747755017727613
COMPLETED,0.3499999999999999,62.0,0.11,814,0.21617954339087
COMPLETED,0.3499999999999999,66.0,0.0899999999999999,1818,0.5226981234438717
COMPLETED,0.4,69.0,0.2999999999999999,4885,0.3236299797482788
COMPLETED,0.3099999999999999,63.0,0.1499999999999999,3879,0.7148392792642116
COMPLETED,0.3599999999999999,70.0,0.0899999999999999,1905,0.3754200093746185
COMPLETED,0.2899999999999999,56.0,0.02,414,0.8232643249966203
COMPLETED,0.57,143.0,0.91,3481,0.0243172404207289
COMPLETED,0.32,54.0,0.17,3509,0.5738087829239666
COMPLETED,0.3099999999999999,57.0,0.04,405,0.2738614306636154
COMPLETED,0.33,63.0,0.07,1877,0.96438370744884
COMPLETED,0.4799999999999999,98.0,0.53,3887,0.1259642293602228
COMPLETED,0.32,70.0,0.1799999999999999,4914,0.772277514193207
COMPLETED,0.53,112.0,0.4799999999999999,1809,0.0742096381820738
COMPLETED,0.2899999999999999,60.0,0.04,787,0.6253549222648143
COMPLETED,0.32,72.0,0.14,2797,0.4657591720819473
COMPLETED,0.2899999999999999,57.0,0.11,2892,0.9093380436562
COMPLETED,0.33,66.0,0.1,999,0.2429604088030755
COMPLETED,0.3099999999999999,57.0,0.07,1402,0.5504383662417531
COMPLETED,0.4,92.0,0.32,4389,0.3591823555603623
COMPLETED,0.33,59.0,0.2099999999999999,4300,0.7425757187120616
COMPLETED,0.32,63.0,0.2099999999999999,2407,0.4109685818366706
COMPLETED,0.2999999999999999,47.0,0.01,305,0.8578230560943483
COMPLETED,0.5,98.0,0.66,3292,0.0510942950472235
COMPLETED,0.2999999999999999,56.0,0.16,3198,0.829011335607618
COMPLETED,0.3599999999999999,59.0,0.0599999999999999,92,0.014485253419727
COMPLETED,0.2999999999999999,56.0,0.08,2189,0.6932967589274048
COMPLETED,0.3499999999999999,68.0,0.26,4202,0.40067444319278
COMPLETED,0.3599999999999999,69.0,0.23,4602,0.5130983527116477
COMPLETED,0.33,70.0,0.0899999999999999,1495,0.3296396631710231
COMPLETED,0.2899999999999999,60.0,0.04,1097,0.9002621518597007
COMPLETED,0.3499999999999999,71.0,0.39,3110,0.1948996958658099
COMPLETED,0.2999999999999999,60.0,0.13,2580,0.6853544885106385
COMPLETED,0.2999999999999999,64.0,0.0299999999999999,684,0.4711801671870052
COMPLETED,0.3499999999999999,62.0,0.0899999999999999,1712,0.7903684200197458
COMPLETED,0.4699999999999999,94.0,0.4799999999999999,4702,0.1156916151493787
COMPLETED,0.33,61.0,0.2,3990,0.9705356447137892
COMPLETED,0.2999999999999999,59.0,0.16,2094,0.186694737765938
COMPLETED,0.3099999999999999,57.0,0.0299999999999999,617,0.6140724833011627
COMPLETED,0.33,59.0,0.22,3606,0.2907340599000454
COMPLETED,0.32,58.0,0.14,3689,0.9469419884867966
COMPLETED,0.3599999999999999,72.0,0.07,544,0.1480096562989056
COMPLETED,0.28,58.0,0.08,2177,0.590965685620904
COMPLETED,0.3499999999999999,72.0,0.2399999999999999,3916,0.2515621198862791
COMPLETED,0.3599999999999999,60.0,0.2399999999999999,4785,0.6466189485229552
COMPLETED,0.38,66.0,0.1,1639,0.4475665089823305
COMPLETED,0.2899999999999999,62.0,0.04,767,0.7511460214853287
COMPLETED,0.3699999999999999,58.0,0.1799999999999999,2507,0.0925648154914379
COMPLETED,0.33,61.0,0.1499999999999999,3037,0.5362364546023309
COMPLETED,0.33,63.0,0.0599999999999999,1180,0.3688433832786977
COMPLETED,0.3099999999999999,61.0,0.05,1422,0.9238871122971176
COMPLETED,0.34,72.0,0.2899999999999999,4685,0.2336165574267506
COMPLETED,0.33,71.0,0.1499999999999999,4129,0.8682026678733527
COMPLETED,0.44,62.0,0.5799999999999998,2272,0.0375805109255015
COMPLETED,0.2999999999999999,37.0,0.0,19,0.7320012326464057
COMPLETED,0.34,62.0,0.2,3281,0.4242565592452883
COMPLETED,0.2899999999999999,57.0,0.17,3375,0.7034327183626591
COMPLETED,0.3099999999999999,54.0,0.01,231,0.387891616102308
COMPLETED,0.2899999999999999,58.0,0.0899999999999999,2490,0.8191678065732121
COMPLETED,0.55,162.0,0.8399999999999999,4227,0.0275295784845948
COMPLETED,0.3499999999999999,67.0,0.22,4472,0.8863038925640285
COMPLETED,0.3599999999999999,64.0,0.1499999999999999,1328,0.2038297665528953
COMPLETED,0.3099999999999999,61.0,0.05,1082,0.5269164643213153
COMPLETED,0.38,60.0,0.28,2819,0.3205394641384482
COMPLETED,0.2899999999999999,60.0,0.14,2723,0.8109014892466366
COMPLETED,0.4099999999999999,77.0,0.1799999999999999,869,0.097742604393512
COMPLETED,0.2999999999999999,67.0,0.0899999999999999,1736,0.6644666481465101
COMPLETED,0.38,78.0,0.25,4997,0.4888043874651193
COMPLETED,0.34,80.0,0.19,3814,0.5973617213703692
COMPLETED,0.33,65.0,0.1,1960,0.3125358344949781
COMPLETED,0.2999999999999999,48.0,0.01,331,0.9874488950669764
COMPLETED,0.3599999999999999,90.0,0.44,3592,0.1651263840198516
COMPLETED,0.3099999999999999,74.0,0.1799999999999999,3529,0.7609360359348357
COMPLETED,0.34,79.0,0.0599999999999999,385,0.0867389216162264
COMPLETED,0.2999999999999999,41.0,0.13,2014,0.6525109604597091
COMPLETED,0.4,70.0,0.23,3751,0.4378417203128338
COMPLETED,0.32,84.0,0.1799999999999999,4933,0.585150261182338
COMPLETED,0.3499999999999999,91.0,0.11,1790,0.2613321472294628
COMPLETED,0.3099999999999999,58.0,0.0299999999999999,923,0.9372276692539452
COMPLETED,0.32,63.0,0.33,2660,0.1538816811293363
COMPLETED,0.2999999999999999,62.0,0.14,2873,0.7222114895991981
COMPLETED,0.3499999999999999,61.0,0.0599999999999999,1018,0.4300840926878154
COMPLETED,0.3099999999999999,73.0,0.05,1265,0.862311812184751
COMPLETED,0.54,155.0,0.8699999999999999,4526,0.0473060394451022
COMPLETED,0.3099999999999999,71.0,0.16,4280,0.9297022727690636
COMPLETED,0.3099999999999999,70.0,0.2399999999999999,2427,0.2238448979519307
COMPLETED,0.3099999999999999,52.0,0.01,168,0.5459496101513504
COMPLETED,0.39,68.0,0.2999999999999999,3429,0.3629706111624836
COMPLETED,0.3099999999999999,78.0,0.16,3218,0.5171378747932613
COMPLETED,0.2999999999999999,46.0,0.0,72,0.3263615546636283
COMPLETED,0.2999999999999999,56.0,0.0899999999999999,2325,0.880423298113048
COMPLETED,0.4,104.0,0.4299999999999999,4065,0.2135507444366812
COMPLETED,0.33,58.0,0.23,4621,0.8249718135260045
COMPLETED,0.52,126.0,0.53,1476,0.0177633619271218
COMPLETED,0.34,66.0,0.0599999999999999,1234,0.7131356126740575
COMPLETED,0.32,64.0,0.19,2973,0.3820233946219086
COMPLETED,0.2899999999999999,64.0,0.1,2561,0.9972272206284106
COMPLETED,0.3499999999999999,69.0,0.1,704,0.1593026613630354
COMPLETED,0.32,61.0,0.08,1576,0.6032411521375179
COMPLETED,0.3599999999999999,73.0,0.2999999999999999,4838,0.3028141093254089
COMPLETED,0.32,66.0,0.1499999999999999,3970,0.6586629125960171
COMPLETED,0.2899999999999999,56.0,0.11,2113,0.4985722435899078
COMPLETED,0.2999999999999999,55.0,0.02,480,0.8011997511833905
COMPLETED,0.4899999999999999,97.0,0.53,3743,0.1036115657240152
COMPLETED,0.3099999999999999,68.0,0.1799999999999999,3670,0.6350647206045688
COMPLETED,0.3599999999999999,56.0,0.0299999999999999,563,0.4598821504749357
COMPLETED,0.2999999999999999,41.0,0.08,2040,0.778088417738676
COMPLETED,0.51,147.0,0.7299999999999999,4053,0.0644346140623092
COMPLETED,0.3099999999999999,67.0,0.1799999999999999,4765,0.9584962164051832
COMPLETED,0.4699999999999999,82.0,0.25,1659,0.1356940148063003
COMPLETED,0.2899999999999999,58.0,0.0299999999999999,631,0.5640232893675565
COMPLETED,0.3599999999999999,68.0,0.23,2644,0.2796923213154077
COMPLETED,0.2899999999999999,60.0,0.11,3056,0.8481129937879741
COMPLETED,0.4799999999999999,99.0,0.3599999999999999,1160,0.0569696845225989
COMPLETED,0.32,61.0,0.0599999999999999,1559,0.7367636514827609
COMPLETED,0.3699999999999999,72.0,0.28,4548,0.4207428586706519
COMPLETED,0.34,69.0,0.2099999999999999,4148,0.5563261286877095
COMPLETED,0.3099999999999999,59.0,0.14,2252,0.3494542096816003
COMPLETED,0.2899999999999999,59.0,0.0,155,0.9191246934607624
COMPLETED,0.38,74.0,0.3699999999999999,3145,0.2371302580013871
COMPLETED,0.2899999999999999,56.0,0.17,3355,0.890556164305657
COMPLETED,0.3499999999999999,58.0,0.0299999999999999,251,0.2007652999870479
COMPLETED,0.2999999999999999,55.0,0.1199999999999999,2353,0.5072912525162101
COMPLETED,0.3699999999999999,75.0,0.27,4363,0.3394032623693347
COMPLETED,0.3599999999999999,81.0,0.22,4452,0.6991804466210305
COMPLETED,0.34,57.0,0.07,1348,0.3909560826681554
COMPLETED,0.2899999999999999,91.0,0.04,945,0.8387930183783173
COMPLETED,0.56,165.0,1.0,2955,0.0086657802537083
COMPLETED,0.32,76.0,0.14,2743,0.6237787422575056
COMPLETED,0.34,65.0,0.07,850,0.2848700953461229
COMPLETED,0.33,72.0,0.07,1873,0.9763439011573792
COMPLETED,0.3599999999999999,80.0,0.39,4860,0.1769318784177303
COMPLETED,0.3099999999999999,61.0,0.14,3834,0.7844844683595001
COMPLETED,0.46,94.0,0.32,1941,0.1254083435423672
COMPLETED,0.2999999999999999,60.0,0.02,468,0.6755716420561075
COMPLETED,0.33,63.0,0.17,3455,0.4769988930672406
COMPLETED,0.33,71.0,0.17,3445,0.6783802013490348
COMPLETED,0.2999999999999999,55.0,0.02,456,0.4797924917731434
COMPLETED,0.32,64.0,0.1,1952,0.781445389991626
COMPLETED,0.4299999999999999,88.0,0.52,3848,0.122354245102033
COMPLETED,0.3099999999999999,75.0,0.1799999999999999,4853,0.9793963953498752
COMPLETED,0.3699999999999999,84.0,0.16,1864,0.1799688766542822
COMPLETED,0.32,58.0,0.04,855,0.6209835393037647
COMPLETED,0.32,57.0,0.2399999999999999,2751,0.2820594559218734
COMPLETED,0.2899999999999999,59.0,0.11,2969,0.8359842415917664
COMPLETED,0.56,158.0,0.66,955,0.0058724994231015
COMPLETED,0.2899999999999999,58.0,0.07,1334,0.7022193595450371
COMPLETED,0.4199999999999999,80.0,0.33,4440,0.3940104320626706
COMPLETED,0.3699999999999999,77.0,0.27,4373,0.5042391059417277
COMPLETED,0.2999999999999999,61.0,0.1199999999999999,2360,0.336366076381877
COMPLETED,0.2999999999999999,54.0,0.01,243,0.8933516479562968
COMPLETED,0.3499999999999999,85.0,0.4199999999999999,3350,0.2035758037101477
COMPLETED,0.2899999999999999,73.0,0.1199999999999999,3131,0.9182654031086712
COMPLETED,0.28,55.0,0.01,143,0.2362859282363206
COMPLETED,0.2999999999999999,53.0,0.11,2265,0.5574160310607403
COMPLETED,0.3699999999999999,60.0,0.2099999999999999,4159,0.3505591321270912
COMPLETED,0.32,69.0,0.17,4540,0.7356604559738189
COMPLETED,0.33,68.0,0.1,1553,0.4196551591176539
COMPLETED,0.2999999999999999,69.0,0.04,1170,0.8489590504895895
COMPLETED,0.45,109.0,0.5799999999999998,3063,0.057831177694723
COMPLETED,0.2999999999999999,68.0,0.13,2655,0.5648828975949435
COMPLETED,0.3599999999999999,56.0,0.0599999999999999,645,0.2805364335868507
COMPLETED,0.32,62.0,0.0599999999999999,1648,0.9574065649863333
COMPLETED,0.44,83.0,0.32,4753,0.1345889269169419
COMPLETED,0.32,75.0,0.1499999999999999,4058,0.7791914254967122
COMPLETED,0.3099999999999999,47.0,0.38,2048,0.0655226612333208
COMPLETED,0.3099999999999999,73.0,0.0299999999999999,556,0.6342185282018035
COMPLETED,0.39,70.0,0.23,3661,0.4590209379997104
COMPLETED,0.3099999999999999,72.0,0.19,3734,0.8022877834830433
COMPLETED,0.3499999999999999,73.0,0.07,473,0.1047145586106926
COMPLETED,0.2999999999999999,72.0,0.08,2121,0.6578016852494329
COMPLETED,0.33,67.0,0.2,3975,0.4977260363157838
COMPLETED,0.32,67.0,0.1799999999999999,4826,0.6040852792803199
COMPLETED,0.34,84.0,0.14,1565,0.3036737324241548
COMPLETED,0.2999999999999999,50.0,0.0299999999999999,718,0.996122147610411
COMPLETED,0.3499999999999999,73.0,0.38,2572,0.1582130248155444
COMPLETED,0.34,61.0,0.1499999999999999,2980,0.7120478982497007
COMPLETED,0.3499999999999999,60.0,0.0599999999999999,1243,0.3809201842416077
COMPLETED,0.2899999999999999,59.0,0.07,1470,0.8258332918267696
COMPLETED,0.57,203.0,0.97,4613,0.0186094037573784
COMPLETED,0.33,63.0,0.1499999999999999,4075,0.8795789832193404
COMPLETED,0.3099999999999999,65.0,0.23,2338,0.2126914689559489
COMPLETED,0.2899999999999999,55.0,0.0,60,0.5182428121101111
COMPLETED,0.38,65.0,0.2,3204,0.3274514719080179
COMPLETED,0.3099999999999999,61.0,0.17,3423,0.542912409292534
COMPLETED,0.33,53.0,0.01,160,0.3599184497166424
COMPLETED,0.2899999999999999,62.0,0.0899999999999999,2433,0.9325127616208047
COMPLETED,0.4,81.0,0.2999999999999999,4290,0.2266403667312115
COMPLETED,0.33,72.0,0.17,4514,0.859518546225503
COMPLETED,0.52,119.0,0.51,1251,0.0444972775299102
COMPLETED,0.2899999999999999,59.0,0.05,1028,0.7252658538650721
COMPLETED,0.32,63.0,0.14,2886,0.4331230204831808
COMPLETED,0.2999999999999999,57.0,0.13,2668,0.9402646526191384
COMPLETED,0.33,75.0,0.0899999999999999,928,0.1569341604504734
COMPLETED,0.3499999999999999,67.0,0.0899999999999999,1781,0.5823396068867295
COMPLETED,0.3499999999999999,72.0,0.3099999999999999,4926,0.258536929404363
COMPLETED,0.3099999999999999,71.0,0.19,3765,0.6553045740369707
COMPLETED,0.2999999999999999,29.0,0.13,2025,0.44065029447712
COMPLETED,0.2899999999999999,56.0,0.01,373,0.7578819523658603
COMPLETED,0.45,143.0,0.56,3518,0.0836998581197112
COMPLETED,0.33,65.0,0.13,3582,0.9902577071730048
COMPLETED,0.3099999999999999,67.0,0.04,319,0.1679197596553713
COMPLETED,0.32,77.0,0.07,1971,0.5943228958155959
COMPLETED,0.3599999999999999,66.0,0.2399999999999999,3829,0.3094815129842609
COMPLETED,0.3599999999999999,92.0,0.25,4990,0.6675188895259052
COMPLETED,0.3499999999999999,61.0,0.0899999999999999,1727,0.4918416087720542
COMPLETED,0.2899999999999999,69.0,0.0299999999999999,875,0.8081060334797948
COMPLETED,0.4,69.0,0.44,2732,0.0949321880396455
COMPLETED,0.3099999999999999,73.0,0.14,2832,0.5241079403478652
COMPLETED,0.34,74.0,0.07,1092,0.3177459602374583
COMPLETED,0.3099999999999999,77.0,0.05,1315,0.8893430583011359
COMPLETED,0.3499999999999999,91.0,0.3599999999999999,4460,0.2068838928770273
COMPLETED,0.33,79.0,0.16,4236,0.816115407185629
COMPLETED,0.5,91.0,0.7199999999999999,2496,0.0244926155675202
COMPLETED,0.2899999999999999,54.0,0.01,224,0.706227949200198
COMPLETED,0.3499999999999999,68.0,0.2099999999999999,3369,0.3907023428957909
COMPLETED,0.33,80.0,0.16,3267,0.7311417192239315
COMPLETED,0.2999999999999999,29.0,0.0,7,0.4234124822933226
COMPLETED,0.2999999999999999,66.0,0.0899999999999999,2285,0.8692923471760003
COMPLETED,0.54,181.0,0.8499999999999999,4139,0.0386856861840933
COMPLETED,0.3099999999999999,105.0,0.17,4677,0.9227841398585588
COMPLETED,0.3499999999999999,85.0,0.1199999999999999,1416,0.2325286050606518
COMPLETED,0.2999999999999999,60.0,0.0599999999999999,1189,0.5370827343743294
COMPLETED,0.32,71.0,0.11,3043,0.3697046236377209
COMPLETED,0.28,68.0,0.13,2518,0.7520054066423326
COMPLETED,0.39,84.0,0.1799999999999999,782,0.0934091805759817
COMPLETED,0.32,66.0,0.08,1628,0.6455290740337222
COMPLETED,0.4,81.0,0.2999999999999999,4772,0.4464616739060729
COMPLETED,0.32,104.0,0.2,3922,0.5920689164493232
COMPLETED,0.2999999999999999,60.0,0.16,2185,0.2526499142441898
COMPLETED,0.2999999999999999,67.0,0.02,537,0.9460960191544144
COMPLETED,0.4099999999999999,107.0,0.5,3680,0.1471481910105794
COMPLETED,0.3099999999999999,66.0,0.1799999999999999,3597,0.6151602925304323
COMPLETED,0.2899999999999999,73.0,0.05,610,0.2918373055998235
COMPLETED,0.3099999999999999,57.0,0.08,2102,0.969674194296822
COMPLETED,0.4,88.0,0.33,3995,0.1858487833049148
COMPLETED,0.32,73.0,0.1799999999999999,4689,0.7912127702329307
COMPLETED,0.44,97.0,0.19,1702,0.1165509854350239
COMPLETED,0.34,65.0,0.0299999999999999,699,0.684249638563022
COMPLETED,0.3099999999999999,73.0,0.16,2592,0.4700902778264134
COMPLETED,0.2999999999999999,64.0,0.16,3117,0.8991742143649608
COMPLETED,0.3499999999999999,84.0,0.11,1106,0.1937967382986098
COMPLETED,0.34,58.0,0.07,1489,0.5139596079420298
COMPLETED,0.34,79.0,0.2899999999999999,4594,0.3304859578143805
COMPLETED,0.3599999999999999,64.0,0.2099999999999999,4212,0.6924526671040802
COMPLETED,0.3099999999999999,53.0,0.16,2202,0.3998149148989468
COMPLETED,0.2999999999999999,52.0,0.0,80,0.830116495994851
COMPLETED,0.56,145.0,0.8499999999999999,3184,0.0155749178510159
COMPLETED,0.2999999999999999,66.0,0.1199999999999999,3286,0.8547861080486328
COMPLETED,0.3499999999999999,63.0,0.08,297,0.0480419105309993
COMPLETED,0.2899999999999999,60.0,0.1199999999999999,2413,0.7453864603769033
COMPLETED,0.3499999999999999,97.0,0.32,4309,0.4137638275455683
COMPLETED,0.3699999999999999,77.0,0.22,4377,0.5476448474694043
COMPLETED,0.38,83.0,0.07,1388,0.3563738167155534
COMPLETED,0.2899999999999999,75.0,0.04,1009,0.9123921551089734
COMPLETED,0.39,79.0,0.4,2905,0.245999559668824
COMPLETED,0.2899999999999999,68.0,0.1,2805,0.6283921584431083
COMPLETED,0.33,66.0,0.04,792,0.4688114283327013
COMPLETED,0.33,65.0,0.07,1800,0.7694671127106995
COMPLETED,0.5,92.0,0.5899999999999999,4907,0.0714141972865909
COMPLETED,0.2899999999999999,75.0,0.1499999999999999,3902,0.9671770682130008
COMPLETED,0.4799999999999999,111.0,0.32,1888,0.1287730265948921
COMPLETED,0.2899999999999999,56.0,0.02,392,0.5707544465418904
COMPLETED,0.3699999999999999,66.0,0.2999999999999999,3499,0.2708225902374833
COMPLETED,0.2899999999999999,66.0,0.17,3488,0.8202121747042984
COMPLETED,0.45,88.0,0.1499999999999999,422,0.0212800507154315
COMPLETED,0.3499999999999999,76.0,0.0899999999999999,1900,0.7176347666326909
COMPLETED,0.4199999999999999,89.0,0.2399999999999999,3871,0.378230516815558
COMPLETED,0.3599999999999999,72.0,0.2399999999999999,4896,0.5198893429394811
COMPLETED,0.3599999999999999,85.0,0.11,1831,0.3208366951998323
COMPLETED,0.2899999999999999,51.0,0.04,803,0.8778144184146076
COMPLETED,0.32,64.0,0.2099999999999999,2774,0.2192338965032249
COMPLETED,0.2999999999999999,60.0,0.1499999999999999,2913,0.6629659988414495
COMPLETED,0.32,71.0,0.05,981,0.4955731357168406
COMPLETED,0.2999999999999999,63.0,0.05,1379,0.7972186614591628
COMPLETED,0.51,116.0,0.69,4405,0.1069474225062876
COMPLETED,0.33,60.0,0.16,4318,0.9949324203114956
COMPLETED,0.33,76.0,0.25,2385,0.1643100551646202
COMPLETED,0.2999999999999999,55.0,0.02,288,0.6053320977259427
COMPLETED,0.32,65.0,0.2899999999999999,3315,0.2975881084073335
COMPLETED,0.32,59.0,0.16,3176,0.5805407635997981
COMPLETED,0.2999999999999999,63.0,0.01,108,0.2649994531404227
COMPLETED,0.28,57.0,0.0599999999999999,2210,0.9418769644517452
COMPLETED,0.4799999999999999,105.0,0.51,4184,0.1502394204456359
COMPLETED,0.33,61.0,0.17,4585,0.7634117296021432
COMPLETED,0.4699999999999999,91.0,0.27,1518,0.0809378117900341
COMPLETED,0.32,61.0,0.0599999999999999,1114,0.6496263062823564
COMPLETED,0.3099999999999999,61.0,0.19,3089,0.4432486220169812
COMPLETED,0.2899999999999999,55.0,0.1,2603,0.9337938288059084
COMPLETED,0.33,60.0,0.08,668,0.2206347357537597
COMPLETED,0.3599999999999999,66.0,0.11,1691,0.541756990218535
COMPLETED,0.3699999999999999,74.0,0.34,4719,0.3660954136196523
COMPLETED,0.3599999999999999,83.0,0.2,4006,0.7202538527306169
COMPLETED,0.2899999999999999,32.0,0.08,2071,0.4354281740542501
COMPLETED,0.2999999999999999,56.0,0.0299999999999999,599,0.8647399212215096
COMPLETED,0.55,143.0,0.9,3627,0.0424167260918766
COMPLETED,0.32,69.0,0.1799999999999999,3710,0.696518264254555
COMPLETED,0.32,63.0,0.02,526,0.3965707037951797
COMPLETED,0.2899999999999999,57.0,0.05,2154,0.8414911912921816
COMPLETED,0.5999999999999999,200.0,1.0,3933,0.0030723972860723
COMPLETED,0.32,62.0,0.1799999999999999,4802,0.8949867873247713
COMPLETED,0.4,75.0,0.2,1618,0.1969191195126623
COMPLETED,0.3099999999999999,63.0,0.04,751,0.5024630901906639
COMPLETED,0.33,67.0,0.28,2530,0.3428666559252888
COMPLETED,0.2999999999999999,63.0,0.11,3016,0.7866287091802806
COMPLETED,0.4299999999999999,83.0,0.1799999999999999,1197,0.1202508661281317
COMPLETED,0.3099999999999999,58.0,0.07,1444,0.6733301444072276
COMPLETED,0.3499999999999999,71.0,0.2899999999999999,4668,0.4820748178083449
COMPLETED,0.3699999999999999,63.0,0.2,4111,0.6198661760371177
COMPLETED,0.2899999999999999,54.0,0.0899999999999999,2293,0.288259247360751
COMPLETED,0.2999999999999999,29.0,0.0,35,0.980715518342331
COMPLETED,0.38,65.0,0.4899999999999999,3259,0.1739860732126981
COMPLETED,0.2999999999999999,62.0,0.13,3398,0.9556800857316702
COMPLETED,0.34,53.0,0.02,215,0.1411542117428034
COMPLETED,0.2999999999999999,59.0,0.1199999999999999,2469,0.5665675139743834
COMPLETED,0.3499999999999999,74.0,0.26,4245,0.2739445141572505
COMPLETED,0.33,78.0,0.17,4488,0.639767311034724
COMPLETED,0.33,59.0,0.08,1306,0.4563084132950753
COMPLETED,0.2999999999999999,62.0,0.04,1064,0.7735322228241712
COMPLETED,0.4799999999999999,88.0,0.65,2840,0.0681704509127885
COMPLETED,0.34,70.0,0.17,2701,0.5586857067849486
COMPLETED,0.33,68.0,0.07,886,0.3445115936603397
COMPLETED,0.32,63.0,0.07,1757,0.9170985330883412
COMPLETED,0.39,81.0,0.3699999999999999,4979,0.2424210441354662
COMPLETED,0.32,65.0,0.14,3798,0.8438670711871236
COMPLETED,0.51,115.0,0.38,1983,0.0600259560402482
COMPLETED,0.2999999999999999,55.0,0.02,349,0.7408019122872501
COMPLETED,0.34,69.0,0.22,3571,0.4174641729686409
COMPLETED,0.3099999999999999,65.0,0.1799999999999999,3546,0.5083346688803285
COMPLETED,0.3699999999999999,59.0,0.04,364,0.3331527828332036
COMPLETED,0.34,73.0,0.07,1997,0.9047572608087212
COMPLETED,0.3699999999999999,75.0,0.32,3773,0.1911032489333301
COMPLETED,0.33,64.0,0.25,4955,0.8317668487634509
COMPLETED,0.56,201.0,0.79,1772,0.0089639630820602
COMPLETED,0.2899999999999999,65.0,0.0299999999999999,901,0.6906919242385775
COMPLETED,0.33,58.0,0.17,2676,0.4063611643854528
COMPLETED,0.2899999999999999,52.0,0.11,2855,0.9748423000853508
COMPLETED,0.3599999999999999,63.0,0.1199999999999999,1040,0.1836996749024838
COMPLETED,0.2999999999999999,62.0,0.0599999999999999,1281,0.610094962703064
COMPLETED,0.3499999999999999,78.0,0.28,4503,0.2940739616919308
COMPLETED,0.3599999999999999,67.0,0.2099999999999999,4259,0.6830561190675944
COMPLETED,0.2999999999999999,55.0,0.0899999999999999,2444,0.476183515978977
COMPLETED,0.2899999999999999,59.0,0.01,191,0.7924557964820415
COMPLETED,0.45,73.0,0.38,3412,0.1104615692216903
COMPLETED,0.2999999999999999,60.0,0.16,3234,0.7676644474845379
COMPLETED,0.3099999999999999,50.0,0.01,50,0.0778728990834206
COMPLETED,0.2999999999999999,61.0,0.1199999999999999,2308,0.630000648336485
COMPLETED,0.33,69.0,0.2,4087,0.4621128663886338
COMPLETED,0.32,68.0,0.17,4643,0.5762880457174033
COMPLETED,0.33,66.0,0.13,1459,0.2680643658470362
COMPLETED,0.3099999999999999,64.0,0.05,1212,0.9615026223976164
COMPLETED,0.4299999999999999,70.0,0.45,2991,0.1313751760739833
COMPLETED,0.2999999999999999,61.0,0.13,2544,0.7466713197585195
COMPLETED,0.34,61.0,0.05,726,0.4077619887646287
COMPLETED,0.32,61.0,0.0599999999999999,1593,0.853634481171146
COMPLETED,0.4899999999999999,119.0,0.5999999999999999,4817,0.0542226666305214
COMPLETED,0.32,59.0,0.1499999999999999,3948,0.907376361778006
COMPLETED,0.2899999999999999,58.0,0.16,2129,0.248300921043381
COMPLETED,0.2899999999999999,56.0,0.02,501,0.5528624302688985
COMPLETED,0.3499999999999999,80.0,0.23,3725,0.3542894730810076
COMPLETED,0.3499999999999999,65.0,0.1799999999999999,3652,0.883645755207166
COMPLETED,0.32,62.0,0.07,584,0.2094479568060487
COMPLETED,0.2899999999999999,42.0,0.13,2056,0.5296186822447925
COMPLETED,0.33,72.0,0.25,4031,0.3149496502969413
COMPLETED,0.3599999999999999,66.0,0.2399999999999999,4744,0.7078592963721602
COMPLETED,0.3599999999999999,69.0,0.13,1677,0.3840418665017932
COMPLETED,0.2899999999999999,65.0,0.0299999999999999,653,0.8143355992380529
COMPLETED,0.5,97.0,0.81,2627,0.0309894029144197
COMPLETED,0.3099999999999999,62.0,0.1499999999999999,3074,0.5995023930650204
COMPLETED,0.33,72.0,0.07,1139,0.3073743120711296
COMPLETED,0.3099999999999999,60.0,0.0599999999999999,1542,0.9852038282919676
COMPLETED,0.4199999999999999,89.0,0.5799999999999998,4570,0.1701982637513428
COMPLETED,0.32,60.0,0.16,4170,0.806992492152378
COMPLETED,0.38,57.0,0.2899999999999999,2235,0.1011358014177531
COMPLETED,0.2999999999999999,62.0,0.0,133,0.668841834457591
COMPLETED,0.3099999999999999,63.0,0.16,3161,0.4858626272697001
COMPLETED,0.2999999999999999,60.0,0.17,3339,0.6438063869755714
COMPLETED,0.2899999999999999,63.0,0.01,274,0.4530307509284466
COMPLETED,0.2999999999999999,56.0,0.1199999999999999,2371,0.7536938152182847
COMPLETED,0.4899999999999999,104.0,0.5799999999999998,4342,0.0868210533428937
COMPLETED,0.32,66.0,0.17,4430,0.9516410097908228
COMPLETED,0.4199999999999999,82.0,0.1499999999999999,1364,0.144431874109432
COMPLETED,0.3099999999999999,59.0,0.05,966,0.5864059215802699
COMPLETED,0.32,72.0,0.26,2938,0.2552939117271453
COMPLETED,0.2999999999999999,59.0,0.1,2759,0.8705582009609789
COMPLETED,0.52,88.0,0.32,827,0.0326343257781118
COMPLETED,0.33,70.0,0.0899999999999999,1855,0.7299710272643714
COMPLETED,0.3699999999999999,85.0,0.2399999999999999,4881,0.4295437762532383
COMPLETED,0.3599999999999999,65.0,0.19,3856,0.5319945770110935
COMPLETED,0.38,80.0,0.14,1924,0.3719032239224761
COMPLETED,0.2999999999999999,56.0,0.02,447,0.92792941811122
COMPLETED,0.3499999999999999,67.0,0.2999999999999999,3473,0.2303414408508688
COMPLETED,0.32,61.0,0.17,3469,0.5335173474624753
COMPLETED,0.3099999999999999,62.0,0.0299999999999999,441,0.3734259943738579
COMPLETED,0.33,69.0,0.07,1918,0.9265283530019224
COMPLETED,0.3599999999999999,76.0,0.34,3853,0.2289403757415711
COMPLETED,0.33,79.0,0.1799999999999999,4877,0.8728119284436106
COMPLETED,0.55,154.0,0.67,1849,0.0348880532607436
COMPLETED,0.2899999999999999,60.0,0.04,821,0.7273517004363239
COMPLETED,0.33,75.0,0.17,2756,0.4269244494251906
COMPLETED,0.2999999999999999,59.0,0.11,2934,0.9501181185096502
COMPLETED,0.38,60.0,0.11,960,0.1429089828282594
COMPLETED,0.33,66.0,0.07,1358,0.5878068658597767
COMPLETED,0.3499999999999999,71.0,0.28,4426,0.256694856006652
COMPLETED,0.3699999999999999,62.0,0.22,4339,0.6415525386631488
COMPLETED,0.32,69.0,0.1799999999999999,2364,0.450776902616024
COMPLETED,0.2899999999999999,57.0,0.01,268,0.7563130212165415
COMPLETED,0.46,93.0,0.64,3335,0.0894402593411505
COMPLETED,0.32,58.0,0.1199999999999999,3155,0.8043732842952012
COMPLETED,0.33,61.0,0.02,129,0.0985165935605764
COMPLETED,0.2899999999999999,53.0,0.08,2231,0.671095680911094
COMPLETED,0.34,69.0,0.16,4163,0.4881164737232029
COMPLETED,0.3099999999999999,69.0,0.17,4565,0.5981014469265937
COMPLETED,0.3599999999999999,70.0,0.11,1538,0.305973365932703
COMPLETED,0.3099999999999999,63.0,0.04,1136,0.9867267177142202
COMPLETED,0.3499999999999999,74.0,0.34,3068,0.1717211531735956
COMPLETED,0.2999999999999999,69.0,0.13,2621,0.7104786213412881
COMPLETED,0.3099999999999999,66.0,0.0299999999999999,650,0.386661191470921
COMPLETED,0.3099999999999999,66.0,0.08,1672,0.8120818698965013
COMPLETED,0.5899999999999999,157.0,0.95,4738,0.0287356735728681
COMPLETED,0.3499999999999999,68.0,0.2,4024,0.8850468184575438
COMPLETED,0.2899999999999999,56.0,0.11,2053,0.2108490200564265
COMPLETED,0.3099999999999999,59.0,0.0299999999999999,581,0.5280959099344908
COMPLETED,0.38,78.0,0.3599999999999999,3646,0.3134268779866397
COMPLETED,0.33,62.0,0.14,3729,0.9086554798856376
COMPLETED,0.3099999999999999,56.0,0.04,507,0.2495800391510129
COMPLETED,0.2899999999999999,57.0,0.08,2136,0.5512177128158509
COMPLETED,0.39,81.0,0.25,3951,0.3526447556279599
COMPLETED,0.32,64.0,0.1799999999999999,4821,0.7491686995849012
COMPLETED,0.34,67.0,0.08,1599,0.4102593685910105
COMPLETED,0.2899999999999999,67.0,0.04,733,0.8512588066868483
COMPLETED,0.4299999999999999,88.0,0.51,2548,0.0518469921462237
COMPLETED,0.3099999999999999,61.0,0.1499999999999999,2994,0.5750088067799806
COMPLETED,0.33,60.0,0.1199999999999999,1219,0.2667851269096135
COMPLETED,0.3099999999999999,60.0,0.05,1465,0.9631472190208732
COMPLETED,0.4699999999999999,88.0,0.45,4648,0.1330197726972401
COMPLETED,0.33,70.0,0.1499999999999999,4090,0.7651669468283652
COMPLETED,0.32,76.0,0.2399999999999999,2314,0.0753753984272479
COMPLETED,0.3099999999999999,59.0,0.0,56,0.6323762019909918
COMPLETED,0.33,58.0,0.2,3238,0.4644884200431406
COMPLETED,0.2899999999999999,69.0,0.17,3418,0.6806805635541677
COMPLETED,0.2999999999999999,54.0,0.01,194,0.4738079604655504
COMPLETED,0.2999999999999999,56.0,0.1199999999999999,2448,0.7949532952792941
COMPLETED,0.45,84.0,0.4,4266,0.112959068018943
COMPLETED,0.3099999999999999,75.0,0.17,4509,0.9731977016031742
COMPLETED,0.3699999999999999,65.0,0.14,1285,0.1820550764203071
COMPLETED,0.32,61.0,0.05,1043,0.6113741997815668
COMPLETED,0.33,65.0,0.25,2861,0.2953531987704336
COMPLETED,0.2899999999999999,62.0,0.13,2683,0.8341425213888287
COMPLETED,0.55,147.0,0.53,904,0.0113396357074379
COMPLETED,0.33,80.0,0.0899999999999999,1776,0.6881945425532758
COMPLETED,0.34,69.0,0.3099999999999999,4960,0.4038637827001512
COMPLETED,0.3599999999999999,65.0,0.19,3780,0.5099793844744563
COMPLETED,0.32,19.0,0.1199999999999999,2001,0.3347974984273314
COMPLETED,0.2899999999999999,68.0,0.01,368,0.9034781408421694
COMPLETED,0.38,92.0,0.38,3552,0.1898241289667785
COMPLETED,0.3099999999999999,65.0,0.13,3567,0.8453898416385055
COMPLETED,0.3499999999999999,63.0,0.0599999999999999,343,0.06154872649163
COMPLETED,0.3599999999999999,68.0,0.07,1976,0.7394008471779525
COMPLETED,0.34,68.0,0.19,3794,0.4160631078593433
COMPLETED,0.34,89.0,0.25,4975,0.5609394342675805
COMPLETED,0.3699999999999999,73.0,0.11,1751,0.3467653211429715
COMPLETED,0.2899999999999999,58.0,0.0299999999999999,879,0.9144792062602936
COMPLETED,0.38,64.0,0.27,2698,0.2398017173074185
COMPLETED,0.32,58.0,0.14,2837,0.6382444197535515
COMPLETED,0.34,58.0,0.07,1058,0.4547855220139026
COMPLETED,0.2999999999999999,66.0,0.0599999999999999,1300,0.7749331671036779
COMPLETED,0.53,117.0,0.5799999999999998,4484,0.0695713951922953
COMPLETED,0.3099999999999999,68.0,0.16,4241,0.9534262374192476
COMPLETED,0.3699999999999999,71.0,0.34,2462,0.1389003634303808
COMPLETED,0.2899999999999999,57.0,0.01,209,0.5691867199726403
COMPLETED,0.34,70.0,0.2099999999999999,3394,0.2765637201555073
COMPLETED,0.2999999999999999,59.0,0.1199999999999999,3253,0.6172469681799411
COMPLETED,0.2999999999999999,40.0,0.0,31,0.2856400395035743
COMPLETED,0.2999999999999999,54.0,0.0899999999999999,2290,0.9829693647958339
COMPLETED,0.4,87.0,0.44,4105,0.1762399196662008
COMPLETED,0.3099999999999999,68.0,0.17,4662,0.7852277630418539
COMPLETED,0.46,103.0,0.23,1441,0.118849919989705
COMPLETED,0.32,64.0,0.0599999999999999,1194,0.6748530338294803
COMPLETED,0.2999999999999999,58.0,0.1499999999999999,3009,0.4835977072305977
COMPLETED,0.28,70.0,0.13,2523,0.897606112293899
COMPLETED,0.38,80.0,0.08,748,0.19953844448179
COMPLETED,0.3499999999999999,65.0,0.08,1614,0.5002093608491122
COMPLETED,0.38,77.0,0.2999999999999999,4796,0.3406129265837371
COMPLETED,0.3599999999999999,81.0,0.2,3927,0.6979193275049329
COMPLETED,0.32,48.0,0.08,2150,0.3979717670455574
COMPLETED,0.2899999999999999,63.0,0.02,522,0.8399684189818799
COMPLETED,0.5799999999999998,212.0,0.98,3705,0.0015496249757707
COMPLETED,0.33,76.0,0.1799999999999999,3631,0.7215329708382487
COMPLETED,0.33,54.0,0.04,605,0.4367072921618819
COMPLETED,0.2999999999999999,47.0,0.08,2077,0.8630952037684619
COMPLETED,0.56,157.0,0.8499999999999999,4010,0.0407720086388289
COMPLETED,0.3099999999999999,69.0,0.1799999999999999,4723,0.9362912086322904
COMPLETED,0.34,72.0,0.13,1697,0.2231321155801415
COMPLETED,0.3099999999999999,58.0,0.0299999999999999,674,0.5393813157342374
COMPLETED,0.33,72.0,0.23,2606,0.3637197391353547
COMPLETED,0.32,59.0,0.1499999999999999,3092,0.7621324906647206
COMPLETED,0.4799999999999999,81.0,0.19,1121,0.0796585728526115
COMPLETED,0.33,52.0,0.0599999999999999,1524,0.6512709029056131
COMPLETED,0.4,82.0,0.2899999999999999,4589,0.444893218640238
COMPLETED,0.3599999999999999,71.0,0.2099999999999999,4188,0.5780432629436254
COMPLETED,0.3099999999999999,60.0,0.28,2216,0.26250195248425
COMPLETED,0.2999999999999999,55.0,0.0,114,0.944252518106252
COMPLETED,0.38,71.0,0.34,3180,0.1526149741001427
COMPLETED,0.3099999999999999,64.0,0.1199999999999999,3320,0.992556864798069
COMPLETED,0.34,60.0,0.0299999999999999,292,0.1619344996511936
COMPLETED,0.2999999999999999,56.0,0.1199999999999999,2389,0.6078295965231953
COMPLETED,0.34,74.0,0.27,4324,0.3000856072045862
COMPLETED,0.3599999999999999,81.0,0.22,4411,0.661321400359273
COMPLETED,0.34,67.0,0.07,1383,0.4939285372346639
COMPLETED,0.2999999999999999,62.0,0.04,984,0.7984978985376656
COMPLETED,0.45,68.0,0.28,2920,0.1082266595847904
COMPLETED,0.2899999999999999,72.0,0.14,2781,0.5222650155648589
COMPLETED,0.33,76.0,0.07,806,0.32321236782521
COMPLETED,0.32,61.0,0.07,1834,0.8753170367293059
COMPLETED,0.4,103.0,0.45,4902,0.2167365148179233
COMPLETED,0.32,71.0,0.14,3877,0.8218568902984261
COMPLETED,0.5799999999999998,178.0,0.79,1903,0.0229247663095593
COMPLETED,0.2899999999999999,54.0,0.02,426,0.7163556466661393
COMPLETED,0.38,78.0,0.26,3494,0.3769513968490064
COMPLETED,0.2999999999999999,73.0,0.13,3502,0.9657760031037032
COMPLETED,0.38,67.0,0.0599999999999999,398,0.1273719614855945
COMPLETED,0.32,68.0,0.0899999999999999,1895,0.5722772169932722
COMPLETED,0.4,75.0,0.34,3905,0.2723453606888651
COMPLETED,0.3599999999999999,60.0,0.2399999999999999,4911,0.6257728316150605
COMPLETED,0.38,60.0,0.11,1806,0.4661921015046536
COMPLETED,0.2899999999999999,58.0,0.04,798,0.7717208401933312
COMPLETED,0.39,85.0,0.55,2808,0.0736679247692227
COMPLETED,0.32,64.0,0.14,2908,0.5490457917489111
COMPLETED,0.33,69.0,0.08,1015,0.3577747609950602
COMPLETED,0.2999999999999999,71.0,0.05,1393,0.9108692638278008
COMPLETED,0.38,78.0,0.33,4381,0.2444766683876514
COMPLETED,0.33,62.0,0.16,4313,0.8574053140468895
COMPLETED,0.44,69.0,0.51,2420,0.0506611165292561
COMPLETED,0.3099999999999999,64.0,0.01,303,0.7431326120644807
COMPLETED,0.3499999999999999,70.0,0.2,3290,0.4115099792331456
COMPLETED,0.32,69.0,0.16,3190,0.694706513557583
COMPLETED,0.2899999999999999,61.0,0.0,84,0.4020687613524496
COMPLETED,0.2999999999999999,55.0,0.08,2205,0.8274972881376743
COMPLETED,0.5899999999999999,191.0,0.99,4219,0.0129557099938392
COMPLETED,0.33,88.0,0.17,4600,0.9006971037872135
COMPLETED,0.3699999999999999,75.0,0.17,1493,0.1953196277208626
COMPLETED,0.33,62.0,0.0599999999999999,1110,0.5125586618036032
COMPLETED,0.3599999999999999,62.0,0.27,3123,0.3290850116759538
COMPLETED,0.2999999999999999,57.0,0.13,2598,0.7889590408913791
COMPLETED,0.39,66.0,0.1199999999999999,702,0.1142972560934722
COMPLETED,0.32,63.0,0.0899999999999999,1706,0.6868689635321497
COMPLETED,0.3699999999999999,67.0,0.23,4695,0.4727096027955413
COMPLETED,0.32,87.0,0.1499999999999999,4001,0.6136375202201306
COMPLETED,0.3099999999999999,55.0,0.1799999999999999,2105,0.2903145332895219
COMPLETED,0.2899999999999999,59.0,0.02,614,0.9710752575471996
COMPLETED,0.38,84.0,0.4799999999999999,3603,0.1872498465552926
COMPLETED,0.32,68.0,0.1799999999999999,3676,0.5904241989962756
COMPLETED,0.32,57.0,0.04,531,0.2510051967911422
COMPLETED,0.2999999999999999,60.0,0.08,2178,0.9473751372620464
COMPLETED,0.4899999999999999,82.0,0.46,3918,0.1484273091182112
COMPLETED,0.32,56.0,0.1799999999999999,4768,0.749629732158035
COMPLETED,0.4699999999999999,87.0,0.26,1623,0.0910335060916841
COMPLETED,0.2899999999999999,60.0,0.04,775,0.648026453860104
COMPLETED,0.33,62.0,0.16,2515,0.4489590537324547
COMPLETED,0.2999999999999999,57.0,0.11,3040,0.9244287364818156
COMPLETED,0.3599999999999999,63.0,0.0899999999999999,1183,0.2341732016839087
COMPLETED,0.3099999999999999,67.0,0.07,1410,0.5358034954369068
COMPLETED,0.3599999999999999,77.0,0.2899999999999999,4673,0.3684253847002982
COMPLETED,0.32,61.0,0.1499999999999999,4136,0.7335172728784382
COMPLETED,0.2999999999999999,55.0,0.11,2278,0.4257880359478294
COMPLETED,0.32,25.0,0.0,1,0.8667948465198279
COMPLETED,0.5,129.0,0.8299999999999998,3264,0.0361881855279207
COMPLETED,0.2999999999999999,60.0,0.13,3363,0.8186129059828818
COMPLETED,0.4199999999999999,70.0,0.08,220,0.026990114364773
COMPLETED,0.2899999999999999,60.0,0.1199999999999999,2493,0.7038523936867714
COMPLETED,0.4,78.0,0.3699999999999999,4230,0.3883267873823642
COMPLETED,0.3699999999999999,68.0,0.22,4454,0.5253871774263679
COMPLETED,0.3499999999999999,62.0,0.08,1310,0.3190251973159611
COMPLETED,0.2999999999999999,66.0,0.04,1089,0.8876984598189592
COMPLETED,0.33,55.0,0.2099999999999999,2825,0.2052392943948507
COMPLETED,0.32,53.0,0.14,2725,0.6650215078406035
COMPLETED,0.3099999999999999,75.0,0.04,871,0.4893442270867526
COMPLETED,0.32,64.0,0.0899999999999999,1723,0.8104817061051726
COMPLETED,0.51,97.0,0.51,4984,0.0973078606650233
COMPLETED,0.33,61.0,0.14,3822,0.988978587206453
COMPLETED,0.4199999999999999,104.0,0.25,1968,0.1666406396888196
COMPLETED,0.2899999999999999,49.0,0.02,315,0.5959676114097237
COMPLETED,0.32,69.0,0.22,3576,0.3111262285783886
COMPLETED,0.34,65.0,0.1799999999999999,3522,0.6539035089276731
COMPLETED,0.32,59.0,0.02,378,0.4392492293678224
COMPLETED,0.2999999999999999,35.0,0.05,2032,0.7594047228172421
COMPLETED,0.4799999999999999,97.0,0.65,3768,0.085222628571093
COMPLETED,0.3099999999999999,77.0,0.1799999999999999,4930,0.9376453257910908
COMPLETED,0.39,89.0,0.22,1787,0.1543148336224257
COMPLETED,0.32,53.0,0.05,935,0.5845933343693615
COMPLETED,0.34,62.0,0.27,2671,0.2607906568869948
COMPLETED,0.2899999999999999,60.0,0.11,2889,0.8609194905050099
COMPLETED,0.52,131.0,0.4099999999999999,1035,0.045898221809417
COMPLETED,0.2999999999999999,57.0,0.0599999999999999,1257,0.7237429625838994
COMPLETED,0.3599999999999999,74.0,0.23,4518,0.4316001292020082
COMPLETED,0.3699999999999999,70.0,0.2099999999999999,4293,0.5455316152907908
COMPLETED,0.2999999999999999,59.0,0.1199999999999999,2439,0.3625376557148993
COMPLETED,0.28,58.0,0.01,166,0.930258913308382
COMPLETED,0.33,70.0,0.26,3427,0.2243865184187888
COMPLETED,0.2899999999999999,57.0,0.16,3210,0.8818328296728432
COMPLETED,0.33,50.0,0.0,64,0.2149453154094517
COMPLETED,0.28,59.0,0.1499999999999999,2342,0.5156236042529344
COMPLETED,0.4,93.0,0.25,4082,0.3248322640508413
COMPLETED,0.3599999999999999,66.0,0.23,4619,0.7135707876719534
COMPLETED,0.3499999999999999,68.0,0.0899999999999999,1474,0.3824430736638605
COMPLETED,0.2999999999999999,57.0,0.0599999999999999,1246,0.824432345688343
COMPLETED,0.53,143.0,0.82,2986,0.0172084576189517
COMPLETED,0.2999999999999999,63.0,0.13,2579,0.6018315499387681
COMPLETED,0.3499999999999999,67.0,0.08,721,0.3014200030826031
COMPLETED,0.32,75.0,0.0599999999999999,1569,0.9987414725795388
COMPLETED,0.38,86.0,0.4699999999999999,4832,0.1608323497846722
COMPLETED,0.33,56.0,0.1499999999999999,3982,0.8007650111727416
COMPLETED,0.32,61.0,0.27,2125,0.1031917863003909
COMPLETED,0.2899999999999999,65.0,0.02,477,0.6592027484998106
COMPLETED,0.32,67.0,0.19,3740,0.4991270995661616
COMPLETED,0.32,69.0,0.1799999999999999,3657,0.7775467080436645
COMPLETED,0.45,82.0,0.1499999999999999,550,0.0638779437802731
COMPLETED,0.2999999999999999,46.0,0.08,2042,0.6354976463094353
COMPLETED,0.34,75.0,0.25,4055,0.4603000561073422
COMPLETED,0.33,66.0,0.1799999999999999,4749,0.562507223110646
COMPLETED,0.3499999999999999,69.0,0.1199999999999999,1642,0.2781607591025531
COMPLETED,0.2899999999999999,61.0,0.02,638,0.959903944812715
COMPLETED,0.39,73.0,0.2899999999999999,2652,0.1370863067433238
COMPLETED,0.2899999999999999,74.0,0.1499999999999999,3060,0.7373050525970756
COMPLETED,0.3499999999999999,61.0,0.07,1163,0.4212997557409107
COMPLETED,0.2999999999999999,67.0,0.08,1547,0.8476798115521669
COMPLETED,0.51,124.0,0.7399999999999999,4536,0.0565519387573003
COMPLETED,0.3099999999999999,57.0,0.16,4155,0.920640956763178
COMPLETED,0.32,58.0,0.23,2259,0.2386614818908274
COMPLETED,0.2899999999999999,58.0,0.01,138,0.5549185304045677
COMPLETED,0.34,65.0,0.19,3127,0.3480616314709186
COMPLETED,0.3499999999999999,64.0,0.2099999999999999,3344,0.5067366047389805
COMPLETED,0.32,68.0,0.01,239,0.3388635751791298
COMPLETED,0.2899999999999999,63.0,0.1199999999999999,2356,0.8909760924428701
COMPLETED,0.3699999999999999,88.0,0.45,4367,0.201200248196721
COMPLETED,0.33,61.0,0.17,4435,0.8372634786702692
COMPLETED,0.57,184.0,0.7199999999999999,1330,0.0071517365016043
COMPLETED,0.32,57.0,0.05,952,0.7005747610628605
COMPLETED,0.33,68.0,0.1799999999999999,2962,0.3923658335804939
COMPLETED,0.2999999999999999,62.0,0.1,2745,0.9768990136645734
COMPLETED,0.39,71.0,0.1,852,0.1774714949689805
COMPLETED,0.32,70.0,0.0899999999999999,1860,0.6233592119291425
COMPLETED,0.4299999999999999,83.0,0.4699999999999999,4847,0.2844351285472512
COMPLETED,0.33,66.0,0.19,3842,0.6771010813824831
COMPLETED,0.33,72.0,0.1,1948,0.4785133718065917
COMPLETED,0.2899999999999999,70.0,0.02,452,0.7830901055857538
COMPLETED,0.4199999999999999,80.0,0.4,3439,0.1239989606961607
COMPLETED,0.2899999999999999,54.0,0.17,3452,0.7819870885331183
COMPLETED,0.34,70.0,0.07,462,0.1229109637159854
COMPLETED,0.3499999999999999,73.0,0.1,1934,0.6779473165404051
COMPLETED,0.32,66.0,0.19,3830,0.4793745675515383
COMPLETED,0.3599999999999999,61.0,0.2399999999999999,4856,0.6224996241498738
COMPLETED,0.3699999999999999,83.0,0.14,1867,0.2835909772384911
COMPLETED,0.2899999999999999,51.0,0.04,844,0.9779886186104269
COMPLETED,0.3699999999999999,75.0,0.38,2740,0.1785765958707779
COMPLETED,0.32,52.0,0.1499999999999999,2952,0.7016779472772032
COMPLETED,0.32,65.0,0.0599999999999999,939,0.393453583324328
COMPLETED,0.2999999999999999,65.0,0.05,1342,0.8364174647238105
COMPLETED,0.6099999999999999,242.0,1.0,4448,0.0062902265992015
COMPLETED,0.32,69.0,0.16,4360,0.8918354032430797
COMPLETED,0.3599999999999999,62.0,0.34,2347,0.2020445389244705
COMPLETED,0.2899999999999999,54.0,0.01,245,0.5056466558929533
COMPLETED,0.39,68.0,0.2099999999999999,3352,0.3377586657460778
COMPLETED,0.32,61.0,0.16,3139,0.5579707271698862
COMPLETED,0.33,54.0,0.01,151,0.3510988081637769
COMPLETED,0.2999999999999999,55.0,0.08,2249,0.9178454563822596
COMPLETED,0.3499999999999999,81.0,0.4099999999999999,4142,0.2358510209228843
COMPLETED,0.33,62.0,0.17,4542,0.8504885493014008
COMPLETED,0.52,115.0,0.44,1555,0.0593452400360256
COMPLETED,0.33,65.0,0.0599999999999999,1157,0.7342661526855081
COMPLETED,0.32,55.0,0.1499999999999999,3050,0.4182453598733991
COMPLETED,0.2899999999999999,54.0,0.1,2638,0.9568515008110552
COMPLETED,0.3499999999999999,63.0,0.05,627,0.1340492992121726
COMPLETED,0.3099999999999999,64.0,0.08,1655,0.5653024093341082
COMPLETED,0.3599999999999999,77.0,0.34,4759,0.2809714412819593
COMPLETED,0.3599999999999999,62.0,0.2,4047,0.6326890479791908
COMPLETED,0.2999999999999999,30.0,0.08,2037,0.457506477849558
COMPLETED,0.2899999999999999,55.0,0.0299999999999999,559,0.7805857994239777
COMPLETED,0.52,117.0,0.68,3664,0.0669319957476109
COMPLETED,0.3599999999999999,65.0,0.19,3747,0.6564091851133853
COMPLETED,0.3099999999999999,54.0,0.02,486,0.496318516107276
COMPLETED,0.2899999999999999,56.0,0.05,2120,0.8038190780114381
COMPLETED,0.51,102.0,0.67,3973,0.1062308925520628
COMPLETED,0.33,64.0,0.1799999999999999,4842,0.9957044501770288
COMPLETED,0.38,84.0,0.2099999999999999,1581,0.1577798909116536
COMPLETED,0.3099999999999999,56.0,0.04,710,0.6046422172468155
COMPLETED,0.3499999999999999,64.0,0.22,2564,0.3042151744347065
COMPLETED,0.3099999999999999,60.0,0.11,2977,0.827225661838427
COMPLETED,0.55,144.0,0.64,1240,0.0200172102395445
COMPLETED,0.2999999999999999,53.0,0.0599999999999999,1481,0.7105164066758006
COMPLETED,0.3599999999999999,69.0,0.23,4625,0.3794041886236518
COMPLETED,0.3599999999999999,69.0,0.2,4069,0.5186607660744338
COMPLETED,0.32,55.0,0.2,2332,0.3278844459448009
COMPLETED,0.2899999999999999,54.0,0.0,78,0.8790223538335413
COMPLETED,0.4199999999999999,88.0,0.39,3222,0.2121498001571744
COMPLETED,0.2899999999999999,72.0,0.17,3435,0.9311032189074904
COMPLETED,0.28,56.0,0.01,172,0.2252458440903574
COMPLETED,0.2899999999999999,56.0,0.1199999999999999,2430,0.5444267207290977
COMPLETED,0.4,64.0,0.3099999999999999,4287,0.3614477217402309
COMPLETED,0.3599999999999999,66.0,0.23,4531,0.7248306974563747
COMPLETED,0.33,56.0,0.0599999999999999,1269,0.432703300544992
COMPLETED,0.2899999999999999,61.0,0.05,1022,0.8600579657312482
COMPLETED,0.5,92.0,0.65,2879,0.0450521929915994
COMPLETED,0.3099999999999999,58.0,0.13,2666,0.5837491979319602
COMPLETED,0.34,65.0,0.0899999999999999,927,0.259931083979085
COMPLETED,0.3099999999999999,68.0,0.07,1794,0.938750441564247
COMPLETED,0.4099999999999999,88.0,0.4799999999999999,4939,0.155404453439638
COMPLETED,0.32,65.0,0.14,3757,0.7583167109657079
COMPLETED,0.32,40.0,0.25,2017,0.0841195966470986
COMPLETED,0.2899999999999999,61.0,0.02,389,0.6547646898012607
COMPLETED,0.3499999999999999,63.0,0.22,3535,0.4400954496543854
COMPLETED,0.32,59.0,0.1799999999999999,3588,0.5948643415439873
COMPLETED,0.3099999999999999,57.0,0.0299999999999999,326,0.3100384546685963
COMPLETED,0.33,63.0,0.07,1954,0.989824569551274
COMPLETED,0.4199999999999999,90.0,0.56,3811,0.1675020585041493
COMPLETED,0.33,59.0,0.19,4993,0.8096223711390048
COMPLETED,0.4699999999999999,84.0,0.2399999999999999,1730,0.0964634862858802
COMPLETED,0.32,61.0,0.04,863,0.6661113655995577
COMPLETED,0.3099999999999999,57.0,0.14,2720,0.490449104918167
COMPLETED,0.2899999999999999,58.0,0.11,2815,0.8888013932202011
COMPLETED,0.32,74.0,0.11,1075,0.2063272672090679
COMPLETED,0.34,63.0,0.08,1322,0.5245409106668085
COMPLETED,0.34,80.0,0.28,4468,0.3181639104839414
COMPLETED,0.3599999999999999,82.0,0.2099999999999999,4223,0.7047119573000818
COMPLETED,0.3099999999999999,57.0,0.0899999999999999,2484,0.3891708550397306
COMPLETED,0.2899999999999999,49.0,0.01,226,0.8175232099499553
COMPLETED,0.56,147.0,0.96,3371,0.025884981861338
COMPLETED,0.2899999999999999,69.0,0.16,3276,0.8698472663555294
COMPLETED,0.3099999999999999,35.0,0.01,15,0.0392251094076782
COMPLETED,0.2899999999999999,59.0,0.08,2268,0.7307219955679028
COMPLETED,0.3699999999999999,75.0,0.26,4122,0.4229773221667855
COMPLETED,0.3699999999999999,68.0,0.23,4679,0.5386120101157575
COMPLETED,0.3599999999999999,64.0,0.0899999999999999,1418,0.3712189387921243
COMPLETED,0.32,62.0,0.0599999999999999,1177,0.9213896134998648
COMPLETED,0.34,64.0,0.34,3030,0.2311190586294978
COMPLETED,0.2899999999999999,60.0,0.1199999999999999,2501,0.6449742329288273
COMPLETED,0.32,57.0,0.05,764,0.4459217933882028
COMPLETED,0.32,59.0,0.08,1635,0.7524251414518803
COMPLETED,0.51,113.0,0.8299999999999998,4779,0.0938439354579895
COMPLETED,0.32,57.0,0.1499999999999999,3910,0.9445663158614188
COMPLETED,0.34,50.0,0.25,2173,0.1456339836735278
COMPLETED,0.2899999999999999,63.0,0.0299999999999999,539,0.5934630673062056
COMPLETED,0.3599999999999999,72.0,0.32,3683,0.2540595015715807
COMPLETED,0.33,68.0,0.13,3610,0.9682819172311574
COMPLETED,0.3099999999999999,59.0,0.05,622,0.1844410102833062
COMPLETED,0.2899999999999999,57.0,0.05,2100,0.6166918101292103
COMPLETED,0.34,71.0,0.25,3993,0.293353386728093
COMPLETED,0.3599999999999999,65.0,0.23,4705,0.6838317180592566
COMPLETED,0.34,67.0,0.0599999999999999,1718,0.4696573967356234
COMPLETED,0.2899999999999999,57.0,0.0299999999999999,691,0.7917694851290434
COMPLETED,0.33,58.0,0.2399999999999999,2584,0.1170926802586764
COMPLETED,0.32,61.0,0.16,3113,0.5153522010240704
COMPLETED,0.3599999999999999,58.0,0.1,1103,0.3318935114834457
COMPLETED,0.3099999999999999,63.0,0.0599999999999999,1501,0.8976429458614438
COMPLETED,0.39,92.0,0.5,4605,0.1922804898675531
COMPLETED,0.33,58.0,0.2099999999999999,4205,0.8305342268887907
COMPLETED,0.4299999999999999,64.0,0.64,2195,0.0160081447008997
COMPLETED,0.2899999999999999,56.0,0.0,98,0.691895814647898
COMPLETED,0.38,68.0,0.16,3202,0.3992734989132732
COMPLETED,0.2999999999999999,77.0,0.16,3298,0.7439766648504883
COMPLETED,0.32,54.0,0.02,309,0.4123695279750972
COMPLETED,0.2899999999999999,58.0,0.0899999999999999,2410,0.8563001666720956
COMPLETED,0.56,166.0,0.8499999999999999,4306,0.0495714056249707
COMPLETED,0.33,65.0,0.16,4395,0.9119572515133768
COMPLETED,0.3599999999999999,64.0,0.16,1405,0.2455796166602522
COMPLETED,0.32,67.0,0.05,1002,0.5481845197882503
COMPLETED,0.33,65.0,0.25,2898,0.3569285091068595
COMPLETED,0.28,60.0,0.14,2803,0.7708764509428293
COMPLETED,0.4199999999999999,70.0,0.1499999999999999,790,0.072808574931696
COMPLETED,0.33,67.0,0.0899999999999999,1813,0.6268776945751159
COMPLETED,0.4,87.0,0.25,4920,0.467281944392249
COMPLETED,0.32,69.0,0.19,3894,0.5711894579548388
COMPLETED,0.33,69.0,0.1199999999999999,1881,0.2712421056944877
COMPLETED,0.3099999999999999,64.0,0.02,409,0.9666374367903918
COMPLETED,0.4199999999999999,83.0,0.5799999999999998,3515,0.1282179587017744
COMPLETED,0.3099999999999999,55.0,0.13,3485,0.7172149537485092
COMPLETED,0.3099999999999999,56.0,0.02,419,0.3777956838589161
COMPLETED,0.33,60.0,0.07,1911,0.8207669451702386
COMPLETED,0.57,160.0,0.88,3882,0.0218198605943471
COMPLETED,0.33,62.0,0.1799999999999999,4889,0.8764202192258089
COMPLETED,0.3499999999999999,76.0,0.14,1824,0.2178242608439177
COMPLETED,0.3099999999999999,59.0,0.04,821,0.5214190053362399
COMPLETED,0.34,61.0,0.2399999999999999,2792,0.322350861640647
COMPLETED,0.2899999999999999,67.0,0.11,2926,0.7976383070405572
COMPLETED,0.4299999999999999,77.0,0.1499999999999999,994,0.1073825045581907
COMPLETED,0.33,62.0,0.07,1377,0.662411009022966
COMPLETED,0.34,70.0,0.16,4403,0.495033641854301
COMPLETED,0.32,68.0,0.16,4334,0.6067265757527202
COMPLETED,0.32,62.0,0.1499999999999999,2402,0.2989976065065712
COMPLETED,0.2999999999999999,58.0,0.01,280,0.9934031036738306
COMPLETED,0.38,77.0,0.4099999999999999,3307,0.1627956991139799
COMPLETED,0.32,59.0,0.1199999999999999,3174,0.9414439160581676
COMPLETED,0.3499999999999999,48.0,0.01,106,0.1498213921245187
COMPLETED,0.2999999999999999,57.0,0.11,2223,0.5810823580417782
COMPLETED,0.33,70.0,0.2099999999999999,4197,0.2655560081694275
COMPLETED,0.3599999999999999,60.0,0.23,4577,0.6482184551861137
COMPLETED,0.38,66.0,0.0899999999999999,1510,0.4418562073912471
COMPLETED,0.2899999999999999,60.0,0.04,1131,0.7649276806060225
COMPLETED,0.46,91.0,0.56,3105,0.0824692587498575
COMPLETED,0.3099999999999999,61.0,0.13,2614,0.5421900497656315
COMPLETED,0.33,69.0,0.05,679,0.3665130366962403
COMPLETED,0.32,61.0,0.0599999999999999,1688,0.9332523124385624
COMPLETED,0.4,82.0,0.5,4716,0.2200777234304696
COMPLETED,0.33,64.0,0.1499999999999999,4024,0.8661473968159407
COMPLETED,0.34,56.0,0.38,2089,0.0438091816138476
COMPLETED,0.2999999999999999,59.0,0.0299999999999999,592,0.71873747417517
COMPLETED,0.3499999999999999,72.0,0.23,3621,0.4338968349117785
COMPLETED,0.32,62.0,0.14,3694,0.8430055770855396
COMPLETED,0.51,101.0,0.4099999999999999,509,0.0046018031518906
COMPLETED,0.2899999999999999,57.0,0.08,2162,0.6951088553834706
COMPLETED,0.3599999999999999,72.0,0.25,3941,0.3951762555111199
COMPLETED,0.3699999999999999,72.0,0.2999999999999999,4789,0.5030026732813567
COMPLETED,0.34,86.0,0.1199999999999999,1605,0.3434216754864901
COMPLETED,0.2999999999999999,57.0,0.04,753,0.894551735015586
COMPLETED,0.32,58.0,0.25,2531,0.196499563159421
COMPLETED,0.3099999999999999,56.0,0.1499999999999999,3022,0.6718160077091306
COMPLETED,0.3499999999999999,59.0,0.0599999999999999,1204,0.4805452446397394
COMPLETED,0.34,58.0,0.05,1427,0.7880384340677409
COMPLETED,0.46,94.0,0.5899999999999999,4650,0.1216450950596481
COMPLETED,0.3099999999999999,73.0,0.1499999999999999,4114,0.9801757976915688
COMPLETED,0.32,54.0,0.28,2296,0.1734313324894756
COMPLETED,0.28,27.0,0.0,24,0.6203010387364774
COMPLETED,0.3699999999999999,80.0,0.2399999999999999,3247,0.2886791494730859
COMPLETED,0.32,58.0,0.17,3380,0.5680987044032662
COMPLETED,0.2899999999999999,53.0,0.01,197,0.2754606845136731
COMPLETED,0.2899999999999999,65.0,0.0899999999999999,2475,0.954287422010675
COMPLETED,0.45,87.0,0.45,4251,0.1397465874347835
COMPLETED,0.32,74.0,0.17,4477,0.774089026948437
COMPLETED,0.4799999999999999,84.0,0.27,1294,0.0687118185665458
COMPLETED,0.3099999999999999,61.0,0.05,1067,0.6393495392445475
COMPLETED,0.33,58.0,0.14,2843,0.4558751455489545
COMPLETED,0.2899999999999999,50.0,0.1,2709,0.9155669374149292
COMPLETED,0.38,64.0,0.0899999999999999,894,0.2409048849325627
COMPLETED,0.3099999999999999,63.0,0.0899999999999999,1741,0.5600779132116585
COMPLETED,0.39,64.0,0.3099999999999999,4963,0.3459192960429936
COMPLETED,0.33,74.0,0.14,3799,0.7402451490592211
COMPLETED,0.3699999999999999,72.0,0.1199999999999999,1985,0.416922429813072
COMPLETED,0.2899999999999999,49.0,0.01,336,0.844284950794652
COMPLETED,0.4799999999999999,109.0,0.67,3558,0.0604587962348014
COMPLETED,0.2999999999999999,62.0,0.13,3544,0.9043377007376404
COMPLETED,0.33,60.0,0.04,361,0.1906681929063051
COMPLETED,0.3099999999999999,29.0,0.14,2009,0.5088896921593696
COMPLETED,0.3699999999999999,76.0,0.19,3785,0.3336923696417361
COMPLETED,0.3599999999999999,67.0,0.25,4948,0.689297472236678
COMPLETED,0.3699999999999999,70.0,0.11,1765,0.4049517517965287
COMPLETED,0.3099999999999999,59.0,0.0299999999999999,918,0.8332962583471089
COMPLETED,0.53,124.0,0.92,2694,0.010478352593258
COMPLETED,0.3099999999999999,58.0,0.14,2867,0.6105148610975593
COMPLETED,0.38,65.0,0.0899999999999999,1053,0.2945088206734508
COMPLETED,0.3099999999999999,63.0,0.05,1279,0.974287563079968
COMPLETED,0.38,79.0,0.4199999999999999,4501,0.1831599579695612
COMPLETED,0.32,63.0,0.16,4276,0.7938500216957181
COMPLETED,0.32,57.0,0.25,2461,0.111871290391311
COMPLETED,0.2999999999999999,64.0,0.01,182,0.6815265496168285
COMPLETED,0.34,62.0,0.17,3404,0.4746693829987198
COMPLETED,0.33,61.0,0.16,3232,0.6295673768725246
COMPLETED,0.2999999999999999,53.0,0.0,48,0.4616950908806174
COMPLETED,0.28,54.0,0.1199999999999999,2321,0.768205818856135
COMPLETED,0.5,111.0,0.7099999999999999,4099,0.0784297069255262
COMPLETED,0.3099999999999999,67.0,0.17,4636,0.9600949943717568
COMPLETED,0.4199999999999999,83.0,0.2099999999999999,1451,0.1299825086351484
COMPLETED,0.32,62.0,0.0599999999999999,1229,0.5778042197916656
COMPLETED,0.33,68.0,0.2999999999999999,3008,0.2695955599937587
COMPLETED,0.2999999999999999,57.0,0.13,2556,0.8540673176478594
COMPLETED,0.4099999999999999,80.0,0.16,738,0.0546405425202101
COMPLETED,0.3099999999999999,63.0,0.0599999999999999,1590,0.7461295803207904
COMPLETED,0.3699999999999999,74.0,0.2399999999999999,4814,0.4072052292544394
COMPLETED,0.32,77.0,0.1499999999999999,3965,0.5542701289337127
COMPLETED,0.34,52.0,0.11,2147,0.3556816757898777
COMPLETED,0.2899999999999999,62.0,0.02,495,0.905860206292942
COMPLETED,0.34,75.0,0.28,3718,0.2467693290878087
COMPLETED,0.3599999999999999,66.0,0.1799999999999999,3635,0.5311328449677675
COMPLETED,0.34,69.0,0.04,568,0.3164793089758604
COMPLETED,0.2899999999999999,58.0,0.05,2064,0.8822361232656984
COMPLETED,0.4099999999999999,76.0,0.3499999999999999,4038,0.2080537613350897
COMPLETED,0.33,60.0,0.1799999999999999,4731,0.8148754053991288
COMPLETED,0.56,162.0,0.6999999999999998,1663,0.0315441696625202
COMPLETED,0.2899999999999999,56.0,0.0299999999999999,655,0.707424467133358
COMPLETED,0.3099999999999999,62.0,0.1,2629,0.3836220573354512
COMPLETED,0.2999999999999999,57.0,0.1199999999999999,3081,0.9836894685234874
COMPLETED,0.3599999999999999,66.0,0.11,1146,0.1686689433958381
COMPLETED,0.3499999999999999,63.0,0.08,1524,0.6009118948820978
COMPLETED,0.3499999999999999,83.0,0.33,4553,0.3087687938157469
COMPLETED,0.3599999999999999,79.0,0.2099999999999999,4173,0.6683023368772119
COMPLETED,0.28,52.0,0.08,2238,0.4853076337333768
COMPLETED,0.2899999999999999,56.0,0.0,121,0.8074275779221207
COMPLETED,0.44,79.0,0.46,3149,0.1015554507169872
COMPLETED,0.2999999999999999,64.0,0.17,3321,0.7552252584602683
COMPLETED,0.34,60.0,0.05,256,0.0883370006289333
COMPLETED,0.2999999999999999,56.0,0.1199999999999999,2378,0.6424139760676771
COMPLETED,0.4,70.0,0.33,4349,0.4516229035500436
COMPLETED,0.32,66.0,0.17,4418,0.5869624728914349
COMPLETED,0.33,74.0,0.08,1353,0.2558355024512857
COMPLETED,0.2999999999999999,59.0,0.04,970,0.9512229851875454
COMPLETED,0.4199999999999999,73.0,0.3499999999999999,2941,0.1439988294336944
COMPLETED,0.2899999999999999,59.0,0.14,2767,0.7284396844040602
COMPLETED,0.33,66.0,0.05,835,0.4280273939799517
COMPLETED,0.3099999999999999,64.0,0.07,1839,0.8719506602007895
COMPLETED,0.52,125.0,0.8,4865,0.0340418050903826
COMPLETED,0.33,62.0,0.14,3858,0.92737240207009
COMPLETED,0.3599999999999999,79.0,0.14,1926,0.229799920765683
COMPLETED,0.2999999999999999,70.0,0.02,434,0.5324122038055211
COMPLETED,0.3599999999999999,74.0,0.22,3461,0.3723362871874124
COMPLETED,0.2899999999999999,60.0,0.17,3459,0.7277811889983714
COMPLETED,0.32,52.0,0.0299999999999999,432,0.4278341044224798
COMPLETED,0.33,63.0,0.07,1929,0.8727545807659625
COMPLETED,0.52,150.0,0.8499999999999999,3861,0.0343353108763694
COMPLETED,0.3099999999999999,68.0,0.1799999999999999,4867,0.9262187945134936
COMPLETED,0.38,75.0,0.16,1840,0.2281506508179008
COMPLETED,0.3099999999999999,63.0,0.04,832,0.5336946103423834
COMPLETED,0.33,62.0,0.14,2764,0.3740986519604921
COMPLETED,0.2899999999999999,66.0,0.1499999999999999,2943,0.7553967038504779
COMPLETED,0.45,80.0,0.19,971,0.0890193366818129
COMPLETED,0.2999999999999999,62.0,0.07,1350,0.6420986186787486
COMPLETED,0.4,74.0,0.33,4415,0.450842816196382
COMPLETED,0.32,83.0,0.16,4347,0.5886032531522213
COMPLETED,0.3599999999999999,57.0,0.27,2376,0.2569958485923707
COMPLETED,0.2999999999999999,56.0,0.01,259,0.9494521232917904
COMPLETED,0.44,80.0,0.44,3324,0.1427231540456414
COMPLETED,0.3099999999999999,59.0,0.1199999999999999,3146,0.98691397414729
COMPLETED,0.2899999999999999,55.0,0.01,118,0.1723876242749393
COMPLETED,0.2899999999999999,60.0,0.11,2239,0.5978009302243589
COMPLETED,0.4,73.0,0.3099999999999999,4175,0.3051784062907099
COMPLETED,0.3599999999999999,80.0,0.23,4556,0.6710321467481553
COMPLETED,0.32,66.0,0.08,1527,0.4875737248919904
COMPLETED,0.2899999999999999,69.0,0.04,1144,0.804797538138926
COMPLETED,0.4199999999999999,77.0,0.4799999999999999,3079,0.0994352903440594
COMPLETED,0.32,68.0,0.13,2632,0.5274208729304373
COMPLETED,0.3599999999999999,68.0,0.05,658,0.3132462839223444
COMPLETED,0.3099999999999999,64.0,0.0599999999999999,1662,0.8858332121968269
COMPLETED,0.38,77.0,0.44,4729,0.2111561991274356
COMPLETED,0.33,56.0,0.1499999999999999,4035,0.8126331846304237
COMPLETED,0.3099999999999999,54.0,0.4,2061,0.0287925453670322
COMPLETED,0.3099999999999999,56.0,0.0299999999999999,570,0.709568490460515
COMPLETED,0.4,67.0,0.1799999999999999,3637,0.3862302752584219
COMPLETED,0.3099999999999999,60.0,0.19,3720,0.851444167021662
COMPLETED,0.4,73.0,0.14,497,0.0525115671493113
COMPLETED,0.2899999999999999,57.0,0.08,2144,0.7488662719130516
COMPLETED,0.3599999999999999,73.0,0.25,3962,0.4094624979794025
COMPLETED,0.3699999999999999,69.0,0.2399999999999999,4812,0.5511522825546563
COMPLETED,0.39,69.0,0.1,1588,0.3521001106984913
COMPLETED,0.2899999999999999,53.0,0.0299999999999999,741,0.9090778227597474
COMPLETED,0.32,61.0,0.2899999999999999,2559,0.2504968249648809
COMPLETED,0.3099999999999999,64.0,0.11,3006,0.6317030610851943
COMPLETED,0.33,68.0,0.0599999999999999,1227,0.4643097220771014
COMPLETED,0.2899999999999999,61.0,0.07,1454,0.7659552515372634
COMPLETED,0.52,112.0,0.81,4639,0.0756844884678721
COMPLETED,0.3099999999999999,71.0,0.1499999999999999,4101,0.963700429853052
COMPLETED,0.3499999999999999,64.0,0.3099999999999999,2322,0.1330785405896603
COMPLETED,0.2899999999999999,57.0,0.0,45,0.5741005868688225
COMPLETED,0.34,79.0,0.2,3229,0.2663561216667294
COMPLETED,0.32,66.0,0.17,3407,0.6118055844418704
COMPLETED,0.28,54.0,0.01,186,0.2962647498659789
COMPLETED,0.3099999999999999,58.0,0.0899999999999999,2459,0.9731422648951412
COMPLETED,0.4,86.0,0.45,4274,0.1815042450055479
COMPLETED,0.32,61.0,0.17,4498,0.7946456328891218
COMPLETED,0.4099999999999999,80.0,0.14,1276,0.1121712391935288
COMPLETED,0.33,65.0,0.05,1054,0.6808597374036907
COMPLETED,0.3099999999999999,70.0,0.14,2869,0.4744825290217995
COMPLETED,0.2899999999999999,59.0,0.13,2691,0.9025599273778498
COMPLETED,0.32,69.0,0.0899999999999999,915,0.1894013102091848
COMPLETED,0.34,75.0,0.11,1767,0.510523553520441
COMPLETED,0.3699999999999999,79.0,0.2999999999999999,4950,0.3348615010380744
COMPLETED,0.33,68.0,0.14,3788,0.6889890337474645
COMPLETED,0.3099999999999999,31.0,0.14,2012,0.4041628791876137
COMPLETED,0.2899999999999999,61.0,0.01,359,0.833474615201354
COMPLETED,0.56,156.0,0.93,3542,0.0111518959552049
COMPLETED,0.3099999999999999,59.0,0.13,3556,0.9149077430553734
COMPLETED,0.32,55.0,0.02,334,0.2407104205377399
COMPLETED,0.3599999999999999,66.0,0.1,1988,0.5608811348229646
COMPLETED,0.3499999999999999,74.0,0.2399999999999999,3803,0.3462116269916296
COMPLETED,0.32,56.0,0.19,4964,0.7390922404564916
COMPLETED,0.34,89.0,0.0899999999999999,1743,0.4152743347026407
COMPLETED,0.2999999999999999,59.0,0.04,891,0.8455680562853813
COMPLETED,0.4099999999999999,80.0,0.4,2706,0.062222335845232
COMPLETED,0.2999999999999999,77.0,0.14,2845,0.5682694508396088
COMPLETED,0.33,59.0,0.08,1069,0.276141845729202
COMPLETED,0.3099999999999999,59.0,0.05,1291,0.9539713656678795
COMPLETED,0.45,98.0,0.5,4474,0.138965325243771
COMPLETED,0.32,79.0,0.16,4249,0.7757305061630904
COMPLETED,0.4,71.0,0.3599999999999999,2473,0.0698733395449817
COMPLETED,0.2899999999999999,55.0,0.01,200,0.6375793763026594
COMPLETED,0.34,67.0,0.17,3383,0.4546006449982523
COMPLETED,0.2999999999999999,52.0,0.16,3244,0.6750412420295178
COMPLETED,0.2899999999999999,32.0,0.0,21,0.4842651300989091
COMPLETED,0.2899999999999999,49.0,0.0899999999999999,2298,0.7849281981065869
COMPLETED,0.4699999999999999,102.0,0.6099999999999999,4116,0.1180559121146798
COMPLETED,0.3099999999999999,81.0,0.17,4654,0.9829048788659274
COMPLETED,0.3699999999999999,70.0,0.2,1430,0.1756962190680205
COMPLETED,0.2999999999999999,52.0,0.04,1202,0.6176702702566981
COMPLETED,0.33,61.0,0.23,3020,0.2865577845200896
COMPLETED,0.2899999999999999,58.0,0.13,2535,0.8392943337447941
COMPLETED,0.54,128.0,0.57,756,0.0013699826784431
COMPLETED,0.3499999999999999,58.0,0.08,1603,0.6987066730111837
COMPLETED,0.3599999999999999,72.0,0.2399999999999999,4788,0.3982798978835344
COMPLETED,0.32,75.0,0.1499999999999999,3938,0.5007597238160669
COMPLETED,0.3499999999999999,57.0,0.11,2159,0.3406688466109335
COMPLETED,0.2999999999999999,65.0,0.0299999999999999,511,0.8966950296461582
COMPLETED,0.38,80.0,0.3599999999999999,3696,0.1991065765023231
COMPLETED,0.3499999999999999,64.0,0.1799999999999999,3622,0.5395676278360187
COMPLETED,0.34,63.0,0.05,594,0.36438526590541
COMPLETED,0.2899999999999999,55.0,0.05,2086,0.9359897327274084
COMPLETED,0.38,80.0,0.2999999999999999,4021,0.2223361967355012
COMPLETED,0.33,64.0,0.1799999999999999,4715,0.8630288217402994
COMPLETED,0.56,145.0,0.56,1686,0.0402264119423925
COMPLETED,0.2999999999999999,61.0,0.0299999999999999,682,0.7219543619453908
COMPLETED,0.3599999999999999,60.0,0.13,2618,0.4376231262087821
COMPLETED,0.33,54.0,0.1199999999999999,3103,0.9435803289674222
COMPLETED,0.4199999999999999,92.0,0.14,1129,0.1524372279010713
COMPLETED,0.32,54.0,0.08,1513,0.5788325194194913
COMPLETED,0.34,71.0,0.2899999999999999,4580,0.2628119942918419
COMPLETED,0.3699999999999999,66.0,0.2099999999999999,4199,0.651823161970824
COMPLETED,0.3099999999999999,70.0,0.11,2225,0.4449510347656905
COMPLETED,0.2899999999999999,61.0,0.0,104,0.7612233189865946
COMPLETED,0.45,96.0,0.56,3171,0.0792286158427596
COMPLETED,0.28,70.0,0.16,3310,0.7989283314310013
COMPLETED,0.38,62.0,0.05,283,0.1091372589133679
COMPLETED,0.2999999999999999,62.0,0.1199999999999999,2400,0.6612650118842721
COMPLETED,0.3499999999999999,68.0,0.22,4332,0.493376754052937
COMPLETED,0.3699999999999999,62.0,0.22,4400,0.6075228858999908
COMPLETED,0.38,72.0,0.1199999999999999,1374,0.2992987301461398
COMPLETED,0.3099999999999999,63.0,0.04,996,0.9927369904145598
COMPLETED,0.3599999999999999,61.0,0.33,2928,0.1626100199744105
COMPLETED,0.2899999999999999,60.0,0.14,2789,0.7154364814348518
COMPLETED,0.3099999999999999,71.0,0.05,818,0.376527626324445
COMPLETED,0.3099999999999999,73.0,0.07,1826,0.822400107577443
COMPLETED,0.56,160.0,0.88,4891,0.0229878171533346
COMPLETED,0.32,64.0,0.1499999999999999,3886,0.8761124796904624
COMPLETED,0.3499999999999999,84.0,0.1199999999999999,1914,0.2170365630723536
COMPLETED,0.2899999999999999,58.0,0.02,417,0.5215980611443519
COMPLETED,0.3599999999999999,71.0,0.26,3483,0.3230255798399448
COMPLETED,0.32,69.0,0.13,3513,0.771176663711667
COMPLETED,0.3499999999999999,62.0,0.05,407,0.0736039147228002
COMPLETED,0.33,79.0,0.0899999999999999,1883,0.6266910525150597
COMPLETED,0.34,68.0,0.2399999999999999,3897,0.4666149276979267
COMPLETED,0.33,78.0,0.1799999999999999,4921,0.5729451157450675
COMPLETED,0.3499999999999999,82.0,0.14,1815,0.2725330930054187
COMPLETED,0.3099999999999999,58.0,0.0299999999999999,787,0.964981519345194
COMPLETED,0.4099999999999999,84.0,0.33,2800,0.1270728724338114
COMPLETED,0.3099999999999999,58.0,0.11,2900,0.7431880562081932
COMPLETED,0.33,57.0,0.0599999999999999,1004,0.4120608180835843
COMPLETED,0.33,64.0,0.07,1402,0.8569739219509064
COMPLETED,0.54,135.0,0.89,4391,0.0497495579980313
COMPLETED,0.33,66.0,0.16,4305,0.9106900974139572
COMPLETED,0.32,56.0,0.2099999999999999,2408,0.2438021072670817
COMPLETED,0.2899999999999999,55.0,0.02,312,0.5493534467034041
COMPLETED,0.3499999999999999,68.0,0.25,3301,0.3585625823847949
COMPLETED,0.32,75.0,0.16,3199,0.5117703645303844
COMPLETED,0.3099999999999999,49.0,0.0,95,0.3287759290710091
COMPLETED,0.28,65.0,0.08,2197,0.9013702372573316
COMPLETED,0.4299999999999999,117.0,0.55,4207,0.1954983182512223
COMPLETED,0.33,61.0,0.23,4609,0.8284055154845118
COMPLETED,0.56,145.0,0.66,1504,0.0133847226724028
COMPLETED,0.3099999999999999,62.0,0.05,1101,0.694153295289725
COMPLETED,0.33,63.0,0.16,3112,0.4020099860243499
COMPLETED,0.28,58.0,0.1,2587,0.97137767778337
COMPLETED,0.3699999999999999,69.0,0.0899999999999999,694,0.1880467097312212
COMPLETED,0.33,61.0,0.11,1716,0.6134521673209964
COMPLETED,0.4,81.0,0.4099999999999999,4704,0.2896499657221138
COMPLETED,0.33,65.0,0.1499999999999999,3990,0.6864466132223604
COMPLETED,0.2999999999999999,52.0,0.1,2097,0.4717928095459937
COMPLETED,0.2999999999999999,58.0,0.0299999999999999,624,0.7890244785882533
COMPLETED,0.44,84.0,0.4099999999999999,3612,0.1148419084586203
COMPLETED,0.32,71.0,0.1799999999999999,3685,0.6472400526851415
COMPLETED,0.32,52.0,0.0299999999999999,541,0.4486518672257661
COMPLETED,0.2899999999999999,58.0,0.05,2170,0.750304776597768
COMPLETED,0.54,107.0,0.63,3907,0.0912141075916588
COMPLETED,0.33,61.0,0.1799999999999999,4777,0.94828526070714
COMPLETED,0.4099999999999999,81.0,0.2,1633,0.1488582178950309
COMPLETED,0.2999999999999999,58.0,0.04,767,0.5898728916980325
COMPLETED,0.32,62.0,0.25,2504,0.2509483324326574
COMPLETED,0.2999999999999999,59.0,0.11,3029,0.867095370657742
COMPLETED,0.4899999999999999,106.0,0.38,1175,0.0369831526055932
COMPLETED,0.2899999999999999,66.0,0.07,1421,0.7333300090096891
COMPLETED,0.38,75.0,0.2899999999999999,4682,0.4251215574108064
COMPLETED,0.3699999999999999,65.0,0.2099999999999999,4124,0.5353792490288614
COMPLETED,0.2999999999999999,54.0,0.11,2270,0.3675066953524946
COMPLETED,0.3099999999999999,39.0,0.0,12,0.9244922632090748
COMPLETED,0.4099999999999999,71.0,0.2899999999999999,3272,0.2347159430794417
COMPLETED,0.2999999999999999,70.0,0.13,3374,0.8871523872390389
COMPLETED,0.33,66.0,0.0299999999999999,229,0.2051733882501721
COMPLETED,0.3099999999999999,68.0,0.1199999999999999,2482,0.5263034873567521
COMPLETED,0.33,89.0,0.26,4222,0.3194461125396191
COMPLETED,0.3599999999999999,79.0,0.22,4465,0.7045183963403105
COMPLETED,0.3499999999999999,61.0,0.07,1319,0.3885126236006617
COMPLETED,0.2999999999999999,66.0,0.04,1077,0.8178165112547576
COMPLETED,0.51,107.0,0.82,2817,0.0266891143433749
COMPLETED,0.3099999999999999,63.0,0.14,2717,0.5960249516516923
COMPLETED,0.3499999999999999,79.0,0.05,860,0.3116789635270834
COMPLETED,0.33,72.0,0.0599999999999999,1732,0.988549106080085
COMPLETED,0.4199999999999999,93.0,0.63,4995,0.1657309921272099
COMPLETED,0.32,64.0,0.14,3814,0.8103044357895851
COMPLETED,0.4799999999999999,127.0,0.4299999999999999,1957,0.0966351956427097
COMPLETED,0.28,53.0,0.02,324,0.6653310737647115
COMPLETED,0.3499999999999999,63.0,0.1799999999999999,3586,0.4901339594461023
COMPLETED,0.3099999999999999,62.0,0.1799999999999999,3533,0.5840501096546649
COMPLETED,0.32,64.0,0.0299999999999999,387,0.2607275986075401
COMPLETED,0.3099999999999999,46.0,0.13,2020,0.9385644984580576
COMPLETED,0.4,87.0,0.4299999999999999,3760,0.1547386115826666
COMPLETED,0.33,67.0,0.25,4941,0.7600716698020696
COMPLETED,0.5,103.0,0.38,1795,0.0854094091206789
COMPLETED,0.32,69.0,0.05,923,0.6531080734021961
COMPLETED,0.3499999999999999,77.0,0.17,2663,0.4389491885490715
COMPLETED,0.28,61.0,0.11,2881,0.9303153092190624
COMPLETED,0.33,59.0,0.0899999999999999,1024,0.2249383090361952
COMPLETED,0.3099999999999999,66.0,0.05,1265,0.5451011749617755
COMPLETED,0.4,64.0,0.33,4528,0.3616270489506423
COMPLETED,0.3599999999999999,66.0,0.2099999999999999,4285,0.723562844403088
COMPLETED,0.3099999999999999,58.0,0.1799999999999999,2428,0.4309246163144707
COMPLETED,0.2899999999999999,56.0,0.01,175,0.8612261936925351
COMPLETED,0.51,112.0,0.7399999999999999,3437,0.0466850914321839
COMPLETED,0.32,71.0,0.1199999999999999,3219,0.8236430966481566
COMPLETED,0.3599999999999999,69.0,0.04,75,0.0168984232470393
COMPLETED,0.2899999999999999,66.0,0.1199999999999999,2334,0.7142429693751036
COMPLETED,0.3499999999999999,74.0,0.2,4070,0.3826208124272525
COMPLETED,0.3599999999999999,72.0,0.23,4628,0.5165327833667398
COMPLETED,0.3499999999999999,77.0,0.0899999999999999,1485,0.3252622284963727
COMPLETED,0.2899999999999999,61.0,0.05,1238,0.8812805631719529
COMPLETED,0.33,67.0,0.33,2975,0.2148874918483197
COMPLETED,0.3099999999999999,59.0,0.13,2567,0.6595042169690131
COMPLETED,0.3099999999999999,63.0,0.04,713,0.4999230109751224
COMPLETED,0.32,63.0,0.0599999999999999,1580,0.8005787065066396
COMPLETED,0.5,116.0,0.68,4840,0.1025262669660151
COMPLETED,0.33,77.0,0.1499999999999999,3970,0.9983200740367174
COMPLETED,0.2999999999999999,54.0,0.16,2116,0.1599165083020925
COMPLETED,0.2999999999999999,58.0,0.02,488,0.60189793940261
COMPLETED,0.3599999999999999,78.0,0.28,3749,0.301965607214719
COMPLETED,0.3099999999999999,59.0,0.14,3666,0.9591165918707848
COMPLETED,0.38,80.0,0.08,561,0.1367781684696674
COMPLETED,0.3099999999999999,47.0,0.0899999999999999,2033,0.5631813157834112
COMPLETED,0.3599999999999999,72.0,0.25,4044,0.2783404088355601
COMPLETED,0.32,72.0,0.1799999999999999,4757,0.6364087215214967
COMPLETED,0.3699999999999999,80.0,0.1199999999999999,1653,0.4607319166511297
COMPLETED,0.2999999999999999,61.0,0.0299999999999999,630,0.7769963525123894
COMPLETED,0.4199999999999999,77.0,0.66,2640,0.0638220311887562
COMPLETED,0.3099999999999999,73.0,0.1499999999999999,3048,0.555218102775514
COMPLETED,0.34,75.0,0.0899999999999999,1155,0.3488556467816233
COMPLETED,0.2999999999999999,60.0,0.08,1558,0.9204527411274612
COMPLETED,0.3599999999999999,79.0,0.34,4545,0.2379940515868365
COMPLETED,0.33,66.0,0.1499999999999999,4144,0.8472565169110893
COMPLETED,0.3699999999999999,64.0,0.32,2251,0.0556342011764645
COMPLETED,0.2999999999999999,57.0,0.0,148,0.7373695310913027
COMPLETED,0.33,67.0,0.16,3136,0.4218434489034116
COMPLETED,0.2899999999999999,59.0,0.17,3354,0.7000296402499079
COMPLETED,0.3099999999999999,51.0,0.02,248,0.3923008792027831
COMPLETED,0.2899999999999999,61.0,0.0899999999999999,2345,0.8381807403676211
COMPLETED,0.5999999999999999,213.0,0.99,4358,0.0075736034922301
COMPLETED,0.32,70.0,0.17,4445,0.8916411433294416
COMPLETED,0.3599999999999999,77.0,0.13,1339,0.2013851326480507
COMPLETED,0.3099999999999999,61.0,0.05,941,0.5059392582438886
COMPLETED,0.3499999999999999,76.0,0.1499999999999999,2954,0.338561623390764
COMPLETED,0.2999999999999999,62.0,0.14,2737,0.7831483975946903
COMPLETED,0.39,77.0,0.13,840,0.1245526474118232
COMPLETED,0.34,81.0,0.0899999999999999,1869,0.6766725520230829
COMPLETED,0.3699999999999999,67.0,0.2399999999999999,4858,0.4776046760119497
COMPLETED,0.34,67.0,0.14,3833,0.6231809898465872
COMPLETED,0.4199999999999999,81.0,0.14,1937,0.2837615117579698
COMPLETED,0.3099999999999999,69.0,0.02,461,0.9772076278217136
COMPLETED,0.45,85.0,0.56,3450,0.1782602755613625
COMPLETED,0.3099999999999999,74.0,0.13,3441,0.978051669454202
COMPLETED,0.3099999999999999,69.0,0.04,454,0.1791198131497949
COMPLETED,0.32,70.0,0.07,1946,0.6220758536253124
COMPLETED,0.34,70.0,0.2399999999999999,3839,0.2826718120072037
COMPLETED,0.3599999999999999,66.0,0.2399999999999999,4845,0.6777605285551399
COMPLETED,0.33,74.0,0.0899999999999999,1858,0.4787076131310313
COMPLETED,0.2899999999999999,71.0,0.0299999999999999,855,0.7822871367875486
COMPLETED,0.38,70.0,0.3599999999999999,2748,0.1237064066771417
COMPLETED,0.32,65.0,0.1499999999999999,2960,0.5050948727112263
COMPLETED,0.33,76.0,0.07,950,0.337702277271077
COMPLETED,0.2999999999999999,61.0,0.05,1333,0.8927460025716571
COMPLETED,0.39,96.0,0.4,4438,0.2024749718178063
COMPLETED,0.33,60.0,0.16,4368,0.8370929850470274
COMPLETED,0.4899999999999999,90.0,0.8699999999999999,2358,0.0064703522156924
COMPLETED,0.28,55.0,0.01,236,0.7008910702187567
COMPLETED,0.3599999999999999,56.0,0.17,3341,0.3931468727011233
COMPLETED,0.32,53.0,0.16,3130,0.7345761944931
COMPLETED,0.32,52.0,0.01,141,0.4190346163492649
COMPLETED,0.2999999999999999,56.0,0.08,2257,0.8503108031023294
COMPLETED,0.4799999999999999,99.0,0.52,4153,0.0586730508971959
COMPLETED,0.33,77.0,0.17,4533,0.9174154993724076
COMPLETED,0.4,88.0,0.19,1544,0.2349418492447584
COMPLETED,0.3099999999999999,77.0,0.0599999999999999,1165,0.5580285432953387
COMPLETED,0.3499999999999999,69.0,0.19,3061,0.3516510672289878
COMPLETED,0.2899999999999999,60.0,0.13,2649,0.7797898805793375
COMPLETED,0.4899999999999999,88.0,0.2399999999999999,635,0.0666305198427289
COMPLETED,0.3499999999999999,68.0,0.1,1644,0.6333545747492462
COMPLETED,0.3599999999999999,69.0,0.2999999999999999,4750,0.4576927899513393
COMPLETED,0.33,77.0,0.2,4058,0.5662182433810083
COMPLETED,0.3099999999999999,36.0,0.11,2045,0.2813928323891013
COMPLETED,0.2899999999999999,63.0,0.0299999999999999,548,0.9563059041146188
COMPLETED,0.4699999999999999,85.0,0.53,3655,0.1339829171840101
COMPLETED,0.3499999999999999,66.0,0.19,3738,0.6049503480847925
COMPLETED,0.34,60.0,0.04,475,0.3050025199409574
COMPLETED,0.2899999999999999,55.0,0.08,2128,0.9955248078797012
COMPLETED,0.4299999999999999,96.0,0.57,3985,0.1571058056745678
COMPLETED,0.33,61.0,0.1799999999999999,4833,0.8033872100319713
COMPLETED,0.46,85.0,0.27,1571,0.105319809904322
COMPLETED,0.3099999999999999,55.0,0.04,718,0.6564651051405817
COMPLETED,0.32,57.0,0.16,2575,0.4968688790742307
COMPLETED,0.2899999999999999,61.0,0.11,2988,0.878228345958516
COMPLETED,0.33,56.0,0.08,1248,0.2118502352219074
COMPLETED,0.32,70.0,0.0899999999999999,1471,0.5193281889427454
COMPLETED,0.34,71.0,0.2899999999999999,4616,0.3280726541448384
COMPLETED,0.3599999999999999,73.0,0.2,4080,0.7114341516923159
COMPLETED,0.2899999999999999,44.0,0.1499999999999999,2340,0.3798274907004088
COMPLETED,0.2999999999999999,55.0,0.0,67,0.8266819612402468
COMPLETED,0.53,137.0,0.82,3213,0.0199527243096381
COMPLETED,0.28,62.0,0.17,3424,0.8601229275446384
COMPLETED,0.38,59.0,0.04,163,0.0455973212402313
COMPLETED,0.2999999999999999,62.0,0.1199999999999999,2441,0.7244088230300694
COMPLETED,0.3599999999999999,78.0,0.2099999999999999,4295,0.4317860314119607
COMPLETED,0.3699999999999999,76.0,0.23,4521,0.5442418437134474
COMPLETED,0.3499999999999999,64.0,0.0899999999999999,1260,0.3607826782893389
COMPLETED,0.2999999999999999,68.0,0.04,1033,0.9314051632601767
COMPLETED,0.3599999999999999,58.0,0.25,2887,0.2260431831497698
COMPLETED,0.32,53.0,0.13,2675,0.6542109956499189
COMPLETED,0.34,59.0,0.05,938,0.4400371502097696
COMPLETED,0.33,63.0,0.07,1785,0.7592254141960292
COMPLETED,0.4899999999999999,111.0,0.57,4928,0.0845481334421783
COMPLETED,0.33,67.0,0.14,3765,0.9394240509178488
COMPLETED,0.3099999999999999,50.0,0.2099999999999999,2029,0.1555826680865138
COMPLETED,0.2899999999999999,61.0,0.02,380,0.5829604247752576
COMPLETED,0.34,72.0,0.22,3524,0.2596224772576242
COMPLETED,0.3099999999999999,72.0,0.1799999999999999,3578,0.6661753682103007
COMPLETED,0.2899999999999999,48.0,0.02,317,0.4909932739641517
COMPLETED,0.33,75.0,0.07,1965,0.8091995523814111
COMPLETED,0.45,104.0,0.53,3819,0.0955452728215605
COMPLETED,0.33,66.0,0.19,4982,0.9896368297990412
COMPLETED,0.3599999999999999,73.0,0.17,1721,0.1668341523166745
COMPLETED,0.3099999999999999,61.0,0.04,874,0.5951634380314498
COMPLETED,0.32,64.0,0.2,2728,0.3108329458627849
COMPLETED,0.2999999999999999,58.0,0.11,2823,0.8169723785351962
COMPLETED,0.55,131.0,0.4899999999999999,1087,0.0258295451533049
COMPLETED,0.2999999999999999,57.0,0.07,1314,0.7056235083956272
COMPLETED,0.4,76.0,0.33,4457,0.3896022397000342
COMPLETED,0.3699999999999999,71.0,0.2099999999999999,4232,0.5252154792230576
COMPLETED,0.34,61.0,0.25,2495,0.3183430843334644
COMPLETED,0.2999999999999999,63.0,0.01,217,0.8880135643947868
COMPLETED,0.3699999999999999,73.0,0.4099999999999999,3360,0.2060196048188954
COMPLETED,0.32,63.0,0.1199999999999999,3267,0.9216987035404892
COMPLETED,0.3099999999999999,18.0,0.0,4,0.2319073633383959
COMPLETED,0.2999999999999999,57.0,0.11,2277,0.5384333121497183
COMPLETED,0.38,71.0,0.26,4134,0.3705457978863269
COMPLETED,0.3599999999999999,67.0,0.23,4670,0.7302929903250187
COMPLETED,0.38,66.0,0.0899999999999999,1407,0.4220691022556274
COMPLETED,0.2999999999999999,60.0,0.04,1185,0.8699060342479497
COMPLETED,0.52,126.0,0.81,3042,0.0397783202398568
COMPLETED,0.2899999999999999,68.0,0.13,2512,0.5926661966945976
COMPLETED,0.32,60.0,0.07,772,0.253757073899731
COMPLETED,0.3099999999999999,57.0,0.0599999999999999,1624,0.9452308908645064
COMPLETED,0.45,83.0,0.4299999999999999,4770,0.1458193440083414
COMPLETED,0.32,66.0,0.2,3921,0.7533419272657483
COMPLETED,0.34,68.0,0.27,2182,0.0942662783320993
COMPLETED,0.2999999999999999,59.0,0.0299999999999999,529,0.6444295879993587
COMPLETED,0.34,66.0,0.23,3674,0.4458563631270081
COMPLETED,0.2899999999999999,55.0,0.13,3601,0.7920766642000526
COMPLETED,0.3499999999999999,68.0,0.0599999999999999,612,0.1178790739979594
COMPLETED,0.2999999999999999,69.0,0.08,2108,0.6836511239949614
COMPLETED,0.4,67.0,0.2,4004,0.4689823597315698
COMPLETED,0.32,74.0,0.1799999999999999,4697,0.6162608939167112
COMPLETED,0.3499999999999999,69.0,0.13,1707,0.2924432558473199
COMPLETED,0.2899999999999999,61.0,0.0299999999999999,699,0.9683387890253216
COMPLETED,0.34,53.0,0.32,2595,0.1849923250172287
COMPLETED,0.2899999999999999,60.0,0.1199999999999999,3125,0.691100855005905
COMPLETED,0.34,69.0,0.0599999999999999,1111,0.3989729822110384
COMPLETED,0.2899999999999999,58.0,0.07,1490,0.8312006979901344
COMPLETED,0.5799999999999998,176.0,0.93,4597,0.0161954011339694
COMPLETED,0.32,64.0,0.16,4217,0.8985616426449268
COMPLETED,0.2999999999999999,61.0,0.2099999999999999,2203,0.1927047437112778
COMPLETED,0.2999999999999999,51.0,0.0,87,0.5148094521928578
COMPLETED,0.3699999999999999,68.0,0.2399999999999999,3193,0.3318299773205071
COMPLETED,0.34,56.0,0.16,3287,0.5482504333686083
COMPLETED,0.3099999999999999,60.0,0.01,300,0.3574745891224592
COMPLETED,0.2899999999999999,56.0,0.0899999999999999,2421,0.9115363288540392
COMPLETED,0.38,76.0,0.27,4315,0.2446632992941886
COMPLETED,0.33,62.0,0.16,4384,0.8561143378894776
COMPLETED,0.4899999999999999,112.0,0.4299999999999999,1397,0.048905410407111
COMPLETED,0.2999999999999999,63.0,0.04,1014,0.7442776574362068
COMPLETED,0.3699999999999999,57.0,0.11,2906,0.4131659152675419
COMPLETED,0.2899999999999999,63.0,0.11,2811,0.9660846944060176
COMPLETED,0.4,68.0,0.0899999999999999,801,0.1281606110241264
COMPLETED,0.34,69.0,0.11,1804,0.572099112952128
COMPLETED,0.3499999999999999,71.0,0.3099999999999999,4909,0.2716715942565351
COMPLETED,0.3499999999999999,67.0,0.19,3902,0.6275503521617501
COMPLETED,0.34,77.0,0.07,1892,0.467459207272157
COMPLETED,0.2999999999999999,57.0,0.01,400,0.770086726019159
COMPLETED,0.53,106.0,0.8,3504,0.0724990164432674
COMPLETED,0.33,65.0,0.17,3496,0.5205103095415979
COMPLETED,0.3499999999999999,56.0,0.04,428,0.3219223322812467
COMPLETED,0.3099999999999999,57.0,0.07,1900,0.8769739059414715
COMPLETED,0.3699999999999999,83.0,0.34,3874,0.2178825528528541
COMPLETED,0.33,68.0,0.1799999999999999,4900,0.8215557257626205
COMPLETED,0.56,154.0,0.6199999999999999,1833,0.0221284747514873
COMPLETED,0.2999999999999999,54.0,0.04,809,0.716541336959228
COMPLETED,0.32,67.0,0.2099999999999999,2784,0.3776174617763608
COMPLETED,0.3099999999999999,60.0,0.11,2918,0.9938249706644564
COMPLETED,0.3599999999999999,84.0,0.1499999999999999,983,0.1637129608113318
COMPLETED,0.32,68.0,0.07,1386,0.6066616213750095
COMPLETED,0.4099999999999999,80.0,0.33,4414,0.2984524856936186
COMPLETED,0.3599999999999999,65.0,0.22,4326,0.6621090572346002
COMPLETED,0.2999999999999999,58.0,0.1199999999999999,2391,0.4942362953592091
COMPLETED,0.2999999999999999,45.0,0.01,289,0.7978231914918869
COMPLETED,0.4199999999999999,97.0,0.52,3317,0.1080475554447621
COMPLETED,0.3099999999999999,53.0,0.16,3183,0.7642602503020315
COMPLETED,0.33,58.0,0.02,117,0.0822810431141406
COMPLETED,0.2899999999999999,52.0,0.08,2215,0.6490124704968184
COMPLETED,0.4,70.0,0.26,4186,0.4421557797621935
COMPLETED,0.3599999999999999,68.0,0.23,4586,0.581626051204279
COMPLETED,0.3599999999999999,72.0,0.13,1520,0.2656204866636544
COMPLETED,0.3099999999999999,66.0,0.04,1123,0.940526178477332
COMPLETED,0.4299999999999999,70.0,0.3699999999999999,3094,0.1493980974834412
COMPLETED,0.3099999999999999,60.0,0.13,2603,0.7189171239081769
COMPLETED,0.3499999999999999,57.0,0.0299999999999999,671,0.4345709275845437
COMPLETED,0.3099999999999999,57.0,0.0599999999999999,1699,0.8658392585422843
COMPLETED,0.55,142.0,0.77,4725,0.0430218286719173
COMPLETED,0.3099999999999999,65.0,0.1499999999999999,4012,0.9331963998470454
COMPLETED,0.32,49.0,0.16,2080,0.2195273678991943
COMPLETED,0.32,66.0,0.0299999999999999,603,0.542621910309419
COMPLETED,0.3599999999999999,70.0,0.23,3629,0.3674241119083017
COMPLETED,0.32,68.0,0.14,3703,0.8938862156812101
COMPLETED,0.3099999999999999,59.0,0.0599999999999999,520,0.1963132584933191
COMPLETED,0.28,59.0,0.08,2154,0.5037985846903174
COMPLETED,0.4199999999999999,81.0,0.39,3929,0.3437231439556926
COMPLETED,0.3599999999999999,66.0,0.2399999999999999,4798,0.6956544595155864
COMPLETED,0.3499999999999999,70.0,0.1,1616,0.3952426449749618
COMPLETED,0.2999999999999999,61.0,0.04,744,0.8420897356029599
COMPLETED,0.52,113.0,0.97,2520,0.0041804046090692
COMPLETED,0.32,63.0,0.1499999999999999,3011,0.6204787774998693
COMPLETED,0.3499999999999999,65.0,0.07,1196,0.2893513311762362
COMPLETED,0.3099999999999999,61.0,0.05,1437,0.9798657633196562
COMPLETED,0.4,90.0,0.54,4659,0.1726420834492891
COMPLETED,0.3099999999999999,66.0,0.1499999999999999,4103,0.787980610506609
COMPLETED,0.32,61.0,0.23,2288,0.1210928285587579
COMPLETED,0.2999999999999999,28.0,0.0,34,0.6722459721546619
COMPLETED,0.3499999999999999,64.0,0.2,3256,0.4814544237535446
COMPLETED,0.32,57.0,0.17,3391,0.6384389324802904
COMPLETED,0.33,55.0,0.01,206,0.4554447052199393
COMPLETED,0.2899999999999999,61.0,0.1199999999999999,2464,0.7746408175658434
COMPLETED,0.53,123.0,0.68,4243,0.0687682144772261
COMPLETED,0.3099999999999999,71.0,0.17,4487,0.955074291633442
COMPLETED,0.44,74.0,0.19,1303,0.1400532906223088
COMPLETED,0.3099999999999999,61.0,0.05,1056,0.5674231915157288
COMPLETED,0.3499999999999999,63.0,0.25,2835,0.2752805663328617
COMPLETED,0.2899999999999999,60.0,0.1,2700,0.8447087287548928
COMPLETED,0.4699999999999999,88.0,0.23,883,0.0613779689017683
COMPLETED,0.2999999999999999,62.0,0.0899999999999999,1750,0.7401820907797664
COMPLETED,0.3699999999999999,72.0,0.25,4973,0.4163792050983756
COMPLETED,0.3499999999999999,62.0,0.19,3791,0.5597778723929077
COMPLETED,0.3699999999999999,65.0,0.1,1973,0.3451238605175167
