Status,ACCURACY,RUNTIME,recent_samples_size,batch_size,theta,lambida
COMPLETED,0.7099999999999999,2.0,3511,376,0.5944115317642688,0.5234339898824691
COMPLETED,0.7099999999999999,2.0,1407,3076,0.4578119934477843,0.0031573071684688
COMPLETED,0.7099999999999999,3.0,623,1674,0.9495097568856552,0.779406803669408
COMPLETED,0.7099999999999999,2.0,4461,4296,0.1184253862814977,0.2549555353336036
COMPLETED,0.7099999999999999,2.0,3780,2412,0.3646224595155566,0.3816143913567066
COMPLETED,0.7099999999999999,2.0,1138,4790,0.6884548291202633,0.9022489551808685
COMPLETED,0.7099999999999999,2.0,2146,1210,0.212590646651294,0.1258842985946685
COMPLETED,0.7099999999999999,3.0,2938,3510,0.8564421757339499,0.6502061098925768
COMPLETED,0.65,3.0,2526,1362,0.1673161434268578,0.9653353517279027
COMPLETED,0.7099999999999999,3.0,2401,3984,0.7798911390310153,0.4447236470412462
COMPLETED,0.7099999999999999,2.0,880,64,0.2567148185749538,0.7142376575116068
COMPLETED,0.7099999999999999,2.0,4194,2764,0.674254971658159,0.1899995849765837
COMPLETED,0.7099999999999999,2.0,4755,898,0.9365483197229914,0.0672488588616251
COMPLETED,0.7099999999999999,2.0,173,3198,0.0117561656403355,0.5874874876271933
COMPLETED,0.7099999999999999,3.0,1860,2100,0.5185730410911142,0.3181038729492575
COMPLETED,0.7099999999999999,2.0,3214,4478,0.4132500464864075,0.8424561407901346
COMPLETED,0.7099999999999999,2.0,3282,1913,0.8109679412243888,0.1718953804373741
COMPLETED,0.7099999999999999,3.0,1636,4681,0.1359001917509362,0.6767896221484989
COMPLETED,0.7099999999999999,2.0,85,770,0.643209129786212,0.4161684798020869
COMPLETED,0.7099999999999999,2.0,4998,3304,0.2881607779470272,0.9246928629688917
COMPLETED,0.7099999999999999,3.0,4263,189,0.0427105703706853,0.79806350800395
COMPLETED,0.7099999999999999,2.0,655,2656,0.9050109232093208,0.2932987233307212
COMPLETED,0.7099999999999999,2.0,2313,1546,0.3823256494522094,0.5540331296641379
COMPLETED,0.7099999999999999,2.0,2771,3778,0.5501413979262113,0.0451508653871715
COMPLETED,0.7099999999999999,2.0,3026,1083,0.48922365830997,0.3539562700614333
COMPLETED,0.7099999999999999,2.0,1901,3616,0.5633313851491548,0.8587591421436517
COMPLETED,0.7099999999999999,3.0,1069,2226,0.0869827610978856,0.106753563189879
COMPLETED,0.7099999999999999,2.0,4005,4994,0.9805598855713382,0.6157347945012152
COMPLETED,0.7099999999999999,2.0,4548,1858,0.7199888914454728,0.7384522050544619
COMPLETED,0.7099999999999999,3.0,380,4090,0.3336637679714709,0.2335351376663893
COMPLETED,0.7099999999999999,2.0,4218,4136,0.3449426448242438,0.8996936591632682
COMPLETED,0.7099999999999999,2.0,4371,4779,0.0321289889073031,0.9080126101491512
COMPLETED,0.7099999999999999,3.0,4292,4985,0.2426229498185641,0.9162676862651528
COMPLETED,0.7099999999999999,3.0,4357,4073,0.4633058282146219,0.8949215950676018
COMPLETED,0.7099999999999999,3.0,4366,4286,0.5402219222016191,0.902119162796105
COMPLETED,0.7099999999999999,3.0,3910,4876,0.5770420441194022,0.9425441437019304
COMPLETED,0.7199999999999999,3.0,2530,4166,0.0001,0.8932043978297504
COMPLETED,0.7099999999999999,2.0,4488,1856,0.3413246865522693,0.8628488269986585
COMPLETED,0.7099999999999999,2.0,4622,4717,0.7332850049220784,0.9426543024923862
COMPLETED,0.7099999999999999,2.0,4193,1982,0.3645520687122555,0.82594632125479
COMPLETED,0.7099999999999999,2.0,3842,4002,0.1125174117795087,0.8887576084517155
COMPLETED,0.7099999999999999,3.0,4420,3043,0.64924857966111,0.892571960584789
COMPLETED,0.7099999999999999,2.0,4872,4466,0.3797671046301125,0.912764893352442
COMPLETED,0.7099999999999999,2.0,767,977,0.8984582712568746,0.2477291343695965
COMPLETED,0.7099999999999999,2.0,4705,3541,0.876884233070471,0.8961441355226545
COMPLETED,0.7099999999999999,2.0,3205,4444,0.4365380575627367,0.3715959820969631
COMPLETED,0.7099999999999999,2.0,4691,4961,0.1130377696325952,0.9071679020102058
COMPLETED,0.7099999999999999,3.0,4830,4538,0.2084235279668964,0.8944738770971485
COMPLETED,0.7099999999999999,2.0,4920,3578,0.6904060074919217,0.9096236024282812
COMPLETED,0.7099999999999999,2.0,3446,969,0.7511362561779567,0.2177015630132189
COMPLETED,0.7099999999999999,2.0,2938,2853,0.3793656690323756,0.7967766539175407
COMPLETED,0.7099999999999999,2.0,4674,4669,0.4949994658627919,0.932761072628773
COMPLETED,0.7099999999999999,2.0,4493,4418,0.7447532917985872,0.1418794493786997
COMPLETED,0.7099999999999999,3.0,2205,2131,0.0001,0.8504103693731904
COMPLETED,0.7099999999999999,2.0,4498,2265,0.255293172387487,0.8680932485868347
COMPLETED,0.7099999999999999,2.0,1003,4089,0.9074040183795988,0.3340499002092728
COMPLETED,0.7099999999999999,2.0,4923,3377,0.3429918198485775,0.8804571745048679
COMPLETED,0.7099999999999999,3.0,2163,4975,0.2922897666912149,0.3717091934919053
COMPLETED,0.7099999999999999,2.0,2540,4908,0.2456609044847553,0.135657808081931
COMPLETED,0.7099999999999999,2.0,3022,4111,0.8833863657514838,0.1408411160759579
COMPLETED,0.7099999999999999,3.0,2458,3965,0.2798196705884174,0.8830249866063675
COMPLETED,0.7099999999999999,2.0,2883,3423,0.0645953538942087,0.8900959262393812
COMPLETED,0.7099999999999999,2.0,2424,708,0.3955625881639262,0.8837684990692334
COMPLETED,0.7099999999999999,2.0,2653,273,0.3628486871157248,0.8843971780948457
COMPLETED,0.7099999999999999,2.0,2644,3743,0.712855271138022,0.8825909027810757
COMPLETED,0.7099999999999999,2.0,304,3791,0.2772001316955167,0.8413437778039196
COMPLETED,0.7099999999999999,3.0,253,4062,0.0504284726295713,0.9473612319581693
COMPLETED,0.7099999999999999,2.0,2345,4566,0.8453813682759205,0.8877818938517408
COMPLETED,0.7099999999999999,2.0,358,4277,0.781629790045059,0.9588574572689204
COMPLETED,0.7099999999999999,3.0,3888,1129,0.4756754883514281,0.4434255308013774
COMPLETED,0.7099999999999999,3.0,2082,2665,0.7699843882821397,0.889521142376072
COMPLETED,0.7099999999999999,3.0,1230,25,0.6269053351186104,0.4940985435755066
COMPLETED,0.7099999999999999,3.0,3144,3724,0.4115694577100743,0.727846927901113
COMPLETED,0.7099999999999999,3.0,115,2148,0.495750921534014,0.999
COMPLETED,0.7099999999999999,2.0,519,4920,0.4966456654953775,0.4920266813625188
COMPLETED,0.7099999999999999,2.0,4835,3357,0.3778178919601172,0.4657705106257739
COMPLETED,0.7099999999999999,2.0,2347,3236,0.567800298935152,0.755553138723784
COMPLETED,0.7099999999999999,2.0,3746,1561,0.6061795207912213,0.4570006199624405
COMPLETED,0.7099999999999999,3.0,2963,3786,0.2263986847635226,0.7241058298306395
COMPLETED,0.7099999999999999,2.0,1295,3445,0.468839721705634,0.4114405934731486
COMPLETED,0.7099999999999999,2.0,4438,4906,0.4647303308305392,0.330010725440013
COMPLETED,0.7099999999999999,2.0,4989,4267,0.4657931331158958,0.3452545943886689
COMPLETED,0.7099999999999999,2.0,4896,1172,0.894622690350447,0.4334540537429871
COMPLETED,0.7099999999999999,2.0,1819,3212,0.2625461607088575,0.769231733661383
COMPLETED,0.7099999999999999,2.0,1,1615,0.999,0.9067236588866532
COMPLETED,0.7099999999999999,3.0,4937,3166,0.4578622965764602,0.001
COMPLETED,0.7099999999999999,2.0,19,81,0.4652469003903816,0.35481083785294
COMPLETED,0.7099999999999999,2.0,3907,436,0.127825874899708,0.3071764652452074
COMPLETED,0.7099999999999999,3.0,27,4791,0.5759187004127087,0.8151358597403018
COMPLETED,0.7099999999999999,3.0,4741,1134,0.0298387257362,0.511972499404105
COMPLETED,0.7099999999999999,2.0,4301,4947,0.0001,0.001
COMPLETED,0.7099999999999999,2.0,3790,43,0.9750159207173064,0.001
COMPLETED,0.7099999999999999,2.0,1765,166,0.1124307363523627,0.001
COMPLETED,0.7099999999999999,2.0,5000,5000,0.0001,0.001
COMPLETED,0.7099999999999999,2.0,401,4954,0.9445169870838263,0.001
COMPLETED,0.7099999999999999,2.0,4525,359,0.8412777377258894,0.001
COMPLETED,0.7099999999999999,2.0,4356,4636,0.939515209578715,0.001
COMPLETED,0.7099999999999999,2.0,4267,92,0.1127666507744653,0.999
COMPLETED,0.7099999999999999,2.0,1,5000,0.0001,0.001
COMPLETED,0.7099999999999999,2.0,5000,4871,0.999,0.001
COMPLETED,0.7099999999999999,2.0,4502,308,0.6903939110356736,0.001
COMPLETED,0.7099999999999999,2.0,415,420,0.7900266271299476,0.001
COMPLETED,0.7099999999999999,3.0,5000,1,0.999,0.001
COMPLETED,0.7199999999999999,4.0,3978,4527,0.8133776587185234,0.999
COMPLETED,0.7099999999999999,2.0,4937,72,0.7892532651175471,0.001
COMPLETED,0.7099999999999999,2.0,4721,6,0.1119446201365951,0.001
COMPLETED,0.64,3.0,5000,5000,0.999,0.999
COMPLETED,0.7099999999999999,2.0,4454,250,0.550724485138634,0.001
COMPLETED,0.7099999999999999,2.0,4618,15,0.852665874759872,0.999
COMPLETED,0.7199999999999999,3.0,5000,5000,0.0001,0.999
COMPLETED,0.7099999999999999,2.0,287,4563,0.999,0.001
COMPLETED,0.7099999999999999,2.0,199,41,0.999,0.999
COMPLETED,0.7099999999999999,2.0,4971,4862,0.6210385667202379,0.001
COMPLETED,0.68,3.0,4564,9,0.7848432157696144,0.999
COMPLETED,0.7299999999999999,3.0,1116,433,0.9723617421611416,0.999
COMPLETED,0.7099999999999999,2.0,556,477,0.2273401494422251,0.001
COMPLETED,0.7199999999999999,3.0,152,5000,0.0001,0.999
COMPLETED,0.7099999999999999,2.0,5000,546,0.977617468749596,0.001
COMPLETED,0.7099999999999999,2.0,2087,48,0.8287445840504931,0.999
COMPLETED,0.7099999999999999,2.0,4360,4629,0.8138216663678385,0.001
COMPLETED,0.7199999999999999,3.0,2979,734,0.967003000184977,0.999
COMPLETED,0.7099999999999999,2.0,2103,40,0.96483778821025,0.999
COMPLETED,0.5999999999999999,3.0,334,510,0.9686543005206942,0.999
COMPLETED,0.7099999999999999,2.0,3619,490,0.9712912529162172,0.9326920022282648
COMPLETED,0.6999999999999998,3.0,448,91,0.961043528604828,0.999
COMPLETED,0.5899999999999999,3.0,1795,336,0.9684917606124284,0.999
COMPLETED,0.67,3.0,4489,870,0.967518011423654,0.999
COMPLETED,0.7099999999999999,2.0,1405,271,0.9671215662976944,0.952308343689162
COMPLETED,0.7099999999999999,2.0,4724,27,0.5370691016555303,0.9989649145287314
COMPLETED,0.7099999999999999,2.0,4723,24,0.965470460239834,0.999
COMPLETED,0.7099999999999999,3.0,2452,866,0.964449488339565,0.999
COMPLETED,0.7099999999999999,2.0,738,541,0.975207394162728,0.8639339436784695
COMPLETED,0.7099999999999999,2.0,3027,4344,0.9771267558497304,0.3719251204635344
COMPLETED,0.7099999999999999,2.0,128,1357,0.9697723679677196,0.9598012551672654
COMPLETED,0.7199999999999999,3.0,1698,418,0.9610761228633824,0.999
COMPLETED,0.7099999999999999,2.0,3552,2658,0.992798505077146,0.4725979318902318
COMPLETED,0.7099999999999999,3.0,4889,4399,0.0001,0.9373085348163472
COMPLETED,0.7099999999999999,2.0,931,41,0.9721095678627152,0.8488082500229109
COMPLETED,0.7099999999999999,2.0,3928,256,0.9693025153364054,0.8788023674168955
COMPLETED,0.7099999999999999,2.0,4762,853,0.9825900679961141,0.691860733234202
COMPLETED,0.7099999999999999,2.0,4588,156,0.9700136284341818,0.9303224275125456
COMPLETED,0.7099999999999999,3.0,2446,1912,0.999,0.4156382236928866
COMPLETED,0.7099999999999999,2.0,1386,1871,0.999,0.536646278684551
COMPLETED,0.7099999999999999,2.0,3170,16,0.9509970497545575,0.999
COMPLETED,0.7199999999999999,3.0,4087,283,0.9688125391054166,0.999
COMPLETED,0.7099999999999999,3.0,3565,816,0.9803960255572448,0.8178344578610056
COMPLETED,0.7099999999999999,3.0,497,2376,0.9739205171987304,0.4192028641376078
COMPLETED,0.7099999999999999,2.0,2579,4728,0.9675104071768068,0.3716784302251989
COMPLETED,0.7099999999999999,2.0,2418,5000,0.9803506500629698,0.3260523129567213
COMPLETED,0.7199999999999999,2.0,4085,111,0.9588533354770769,0.999
COMPLETED,0.7099999999999999,2.0,5000,1,0.0001,0.2171664647011372
COMPLETED,0.7099999999999999,2.0,5000,1,0.0001,0.001
COMPLETED,0.7099999999999999,2.0,1,1,0.999,0.001
COMPLETED,0.7099999999999999,3.0,1,1,0.0001,0.001
COMPLETED,0.7099999999999999,2.0,5000,4792,0.0001,0.1663784308023633
COMPLETED,0.7099999999999999,2.0,5000,2816,0.0001,0.001
COMPLETED,0.7099999999999999,2.0,2677,5000,0.999,0.001
COMPLETED,0.7099999999999999,2.0,4816,3932,0.0001,0.3596689950564875
COMPLETED,0.7099999999999999,2.0,4887,4937,0.999,0.2150417433648455
COMPLETED,0.7099999999999999,2.0,2047,5000,0.0001,0.001
COMPLETED,0.7099999999999999,2.0,753,2838,0.999,0.001
COMPLETED,0.7099999999999999,2.0,4912,2141,0.999,0.2009163280334911
COMPLETED,0.7099999999999999,3.0,5000,1,0.999,0.245170811281452
COMPLETED,0.7099999999999999,2.0,4963,323,0.4777139633031715,0.3145661010197687
COMPLETED,0.7099999999999999,2.0,738,3992,0.0001,0.2153132507618678
COMPLETED,0.7099999999999999,2.0,1,2740,0.0001,0.001
COMPLETED,0.7099999999999999,2.0,2074,110,0.0001,0.2244146932538599
COMPLETED,0.7099999999999999,3.0,5000,2397,0.999,0.001
COMPLETED,0.7099999999999999,3.0,2565,1,0.0001,0.001
COMPLETED,0.7099999999999999,2.0,1,240,0.0001,0.3502826756622481
COMPLETED,0.7099999999999999,2.0,231,4258,0.4232279274384262,0.001
COMPLETED,0.7099999999999999,2.0,304,4927,0.8500098957174094,0.1300974262245008
COMPLETED,0.7099999999999999,3.0,2683,1,0.999,0.001
COMPLETED,0.7099999999999999,2.0,1,1564,0.999,0.001
COMPLETED,0.7099999999999999,2.0,5000,1831,0.0001,0.3252719861574383
COMPLETED,0.7099999999999999,2.0,5000,5000,0.3350570674912395,0.001
COMPLETED,0.7099999999999999,3.0,53,5000,0.999,0.1267889452045675
COMPLETED,0.7099999999999999,3.0,1293,1,0.999,0.001
COMPLETED,0.7099999999999999,2.0,1,4883,0.999,0.001
COMPLETED,0.7099999999999999,2.0,5000,3660,0.999,0.001
COMPLETED,0.7099999999999999,2.0,712,5000,0.0001,0.2310333889475427
COMPLETED,0.7099999999999999,2.0,5000,5000,0.0001,0.2807868873355402
COMPLETED,0.7099999999999999,3.0,5000,5000,0.4419072797060027,0.1948058493545762
COMPLETED,0.7099999999999999,2.0,5000,4963,0.0001,0.1018194490169897
COMPLETED,0.7099999999999999,2.0,5000,1,0.0001,0.5913921838447137
COMPLETED,0.7099999999999999,3.0,5000,4069,0.0001,0.001
COMPLETED,0.7099999999999999,2.0,3516,5000,0.0001,0.389997208141678
COMPLETED,0.7099999999999999,2.0,5000,5000,0.0001,0.4091523093085265
COMPLETED,0.7099999999999999,2.0,5000,1360,0.0001,0.001
COMPLETED,0.7099999999999999,2.0,4855,5000,0.7122882746928654,0.1574250389984305
COMPLETED,0.7099999999999999,2.0,569,4957,0.4021212566050434,0.1183046962881447
COMPLETED,0.7099999999999999,2.0,4853,199,0.0001,0.396798824765918
COMPLETED,0.7099999999999999,3.0,5000,2517,0.1888311339488348,0.1535423766302582
COMPLETED,0.7099999999999999,3.0,252,5000,0.0001,0.1200940440614562
COMPLETED,0.7099999999999999,2.0,3266,5000,0.0001,0.001
COMPLETED,0.7099999999999999,2.0,1,5000,0.4689958672904985,0.1829513520991327
COMPLETED,0.7099999999999999,3.0,1,4075,0.0001,0.3360484446126512
COMPLETED,0.7099999999999999,2.0,5000,2963,0.0001,0.34209358415398
COMPLETED,0.7099999999999999,3.0,5000,1,0.0001,0.1036763652510973
COMPLETED,0.7099999999999999,2.0,4846,4687,0.9422202974590836,0.363776055590565
COMPLETED,0.7099999999999999,2.0,2686,2939,0.0001,0.001
COMPLETED,0.7099999999999999,2.0,5000,3192,0.0001,0.463716112283026
COMPLETED,0.7099999999999999,3.0,1,4418,0.698206360124663,0.001
COMPLETED,0.7099999999999999,2.0,25,1865,0.2154803656364091,0.001
COMPLETED,0.7099999999999999,3.0,5000,5000,0.999,0.001
COMPLETED,0.7099999999999999,3.0,5000,3973,0.999,0.2242967553509583
COMPLETED,0.7099999999999999,2.0,5000,1,0.0001,0.3849715868573583
COMPLETED,0.7099999999999999,2.0,4484,2454,0.0001,0.1803067120496922
COMPLETED,0.7099999999999999,3.0,530,1,0.0001,0.1236336979201317
COMPLETED,0.7099999999999999,3.0,269,5000,0.3590036472640915,0.001
COMPLETED,0.7099999999999999,2.0,5000,5000,0.0001,0.5187604650992759
COMPLETED,0.7099999999999999,2.0,5000,5000,0.6614686110237015,0.3188575004098791
COMPLETED,0.7099999999999999,3.0,904,1,0.0001,0.5148101380977592
COMPLETED,0.7099999999999999,2.0,4907,2004,0.4788898795489701,0.1313636457256424
COMPLETED,0.7099999999999999,2.0,5000,2213,0.3041856950233173,0.405851026746209
COMPLETED,0.65,3.0,4422,452,0.0001,0.999
COMPLETED,0.7099999999999999,2.0,1,5000,0.0001,0.3628593122323712
COMPLETED,0.7099999999999999,2.0,4912,75,0.6408166652790624,0.3867779351638113
COMPLETED,0.7099999999999999,2.0,4997,2347,0.5314764063048666,0.3229169204923099
COMPLETED,0.7099999999999999,2.0,1,4607,0.999,0.4021350649123668
COMPLETED,0.7099999999999999,2.0,125,778,0.0001,0.534288383601832
COMPLETED,0.7099999999999999,2.0,4862,159,0.3816792520509503,0.1805739948903885
COMPLETED,0.7099999999999999,2.0,5000,1742,0.999,0.323001795307375
COMPLETED,0.7099999999999999,2.0,2501,134,0.0001,0.4511770249950696
COMPLETED,0.7099999999999999,2.0,1691,4837,0.6147802353069484,0.001
COMPLETED,0.7099999999999999,3.0,605,1,0.4782938059533658,0.1421089261852336
COMPLETED,0.7099999999999999,3.0,5000,1,0.2418549147692289,0.4372074030902396
COMPLETED,0.7099999999999999,3.0,5000,1,0.0001,0.4845680030445559
COMPLETED,0.7099999999999999,2.0,3554,5000,0.999,0.1055439993397785
COMPLETED,0.7299999999999999,3.0,4984,1277,0.0001,0.6825403166988268
COMPLETED,0.7099999999999999,2.0,62,1565,0.0001,0.3653524490607888
COMPLETED,0.7099999999999999,3.0,5000,1,0.999,0.3978687484451043
COMPLETED,0.7099999999999999,2.0,5000,5000,0.2516734065700886,0.2702957700944044
COMPLETED,0.7099999999999999,2.0,3782,296,0.0001,0.4196844163430347
COMPLETED,0.7099999999999999,3.0,531,1,0.999,0.3167511542386573
COMPLETED,0.7099999999999999,2.0,1532,4978,0.4713220061268441,0.3632394092504122
COMPLETED,0.7099999999999999,2.0,1,2310,0.4179309336469252,0.0671798521741867
COMPLETED,0.7099999999999999,2.0,1,2683,0.3397860758797862,0.285645605753435
COMPLETED,0.7099999999999999,3.0,2654,1,0.5620450207902804,0.2884854448067352
COMPLETED,0.7099999999999999,2.0,5000,1,0.0001,0.999
COMPLETED,0.7199999999999999,4.0,4992,5000,0.0001,0.6448091282823213
COMPLETED,0.7099999999999999,2.0,4611,4963,0.999,0.5474221894354296
COMPLETED,0.7099999999999999,2.0,4879,1080,0.999,0.5873763729632111
COMPLETED,0.7099999999999999,3.0,4995,4161,0.999,0.6656486097950101
COMPLETED,0.7199999999999999,3.0,4873,3684,0.0001,0.6089569080321081
COMPLETED,0.7099999999999999,2.0,4738,4020,0.999,0.481901858525768
COMPLETED,0.7099999999999999,2.0,954,4961,0.999,0.6306849128652126
COMPLETED,0.7199999999999999,3.0,673,4725,0.0001,0.5994509925972576
COMPLETED,0.7099999999999999,3.0,159,4855,0.0001,0.6362775236354442
COMPLETED,0.7099999999999999,2.0,4760,4222,0.999,0.5271615870014285
COMPLETED,0.7099999999999999,2.0,218,597,0.999,0.6403410984801415
COMPLETED,0.7099999999999999,3.0,4137,4911,0.999,0.6844139201377352
COMPLETED,0.68,4.0,4869,4583,0.0001,0.7142016112797102
COMPLETED,0.69,3.0,3432,141,0.0001,0.7118164379876927
COMPLETED,0.7099999999999999,2.0,4970,2488,0.999,0.6357206803045343
COMPLETED,0.7199999999999999,4.0,4810,4821,0.0001,0.5773121217733567
COMPLETED,0.7099999999999999,3.0,179,4132,0.999,0.5643699438116375
COMPLETED,0.7099999999999999,2.0,4897,4831,0.999,0.449605144642575
COMPLETED,0.7099999999999999,2.0,5000,124,0.999,0.6341468677474318
COMPLETED,0.7099999999999999,2.0,4967,4470,0.999,0.5990785101401518
COMPLETED,0.7099999999999999,2.0,1242,4790,0.999,0.7151859122835306
COMPLETED,0.64,4.0,4775,4133,0.0001,0.6482578610927021
COMPLETED,0.7099999999999999,3.0,27,2108,0.999,0.1093996369547726
COMPLETED,0.6999999999999998,3.0,4622,24,0.0001,0.6596811516549803
COMPLETED,0.7299999999999999,3.0,2460,4628,0.0001,0.6627395959156678
COMPLETED,0.7099999999999999,3.0,173,4413,0.0001,0.4839428656222073
COMPLETED,0.7299999999999999,4.0,166,4217,0.0001,0.7159651407044519
COMPLETED,0.57,3.0,4842,4145,0.0001,0.5425196533494452
COMPLETED,0.7099999999999999,2.0,4947,3749,0.0001,0.5261866483903588
COMPLETED,0.7099999999999999,2.0,351,2276,0.999,0.6252457919723083
COMPLETED,0.7099999999999999,2.0,237,4909,0.999,0.5041653984517842
COMPLETED,0.7099999999999999,2.0,1,5000,0.5773649227176916,0.3078575850040425
COMPLETED,0.7099999999999999,2.0,1127,4585,0.0001,0.2912612877654038
COMPLETED,0.7099999999999999,2.0,232,4804,0.999,0.2548391512339617
COMPLETED,0.7099999999999999,2.0,72,71,0.0001,0.2907720014457057
COMPLETED,0.7099999999999999,2.0,2517,4165,0.0001,0.317787944445305
COMPLETED,0.7099999999999999,2.0,140,4941,0.999,0.0556517175510805
COMPLETED,0.7099999999999999,2.0,371,81,0.999,0.5908656758858734
COMPLETED,0.7099999999999999,2.0,3622,19,0.0001,0.2817309637363678
COMPLETED,0.7099999999999999,2.0,453,2477,0.0001,0.2474827613246907
COMPLETED,0.7099999999999999,2.0,376,2639,0.0001,0.3337016376705535
COMPLETED,0.7099999999999999,2.0,1,4378,0.999,0.831117962353019
COMPLETED,0.7099999999999999,2.0,4731,3342,0.6630690444546111,0.0766816715542732
COMPLETED,0.7099999999999999,2.0,983,4915,0.999,0.1867394952911881
COMPLETED,0.7099999999999999,2.0,4881,4614,0.999,0.2715935887710144
COMPLETED,0.7099999999999999,2.0,4640,4347,0.999,0.8460265806651777
COMPLETED,0.7099999999999999,3.0,2830,4888,0.999,0.4296854687739891
COMPLETED,0.7099999999999999,2.0,1,5000,0.999,0.8449577056545547
COMPLETED,0.7099999999999999,3.0,4945,107,0.0001,0.3039768216086263
COMPLETED,0.7099999999999999,3.0,684,5,0.999,0.6586562534275536
COMPLETED,0.7099999999999999,2.0,4244,1909,0.0001,0.2784506967145257
COMPLETED,0.7099999999999999,3.0,2349,2830,0.0001,0.2857679757497345
COMPLETED,0.7099999999999999,2.0,3570,4248,0.0001,0.061187630750805
COMPLETED,0.7099999999999999,2.0,2011,4948,0.999,0.0698542246645192
COMPLETED,0.7099999999999999,2.0,46,345,0.999,0.1495752110573936
COMPLETED,0.7099999999999999,2.0,47,4851,0.0001,0.3141267344271536
COMPLETED,0.7099999999999999,2.0,4417,4653,0.999,0.0766522775061268
COMPLETED,0.7099999999999999,2.0,364,1816,0.999,0.5578285425180528
COMPLETED,0.7099999999999999,3.0,1766,5000,0.7112686651659099,0.2693840476996556
COMPLETED,0.7099999999999999,3.0,2677,2600,0.0001,0.3399525288598743
COMPLETED,0.7099999999999999,2.0,243,61,0.635267568905717,0.8868439698404396
COMPLETED,0.7099999999999999,3.0,3563,4983,0.0001,0.3537026338703202
COMPLETED,0.7099999999999999,2.0,4548,4981,0.6092451710929782,0.0463974627055403
COMPLETED,0.7099999999999999,2.0,4555,184,0.999,0.8422095872196669
COMPLETED,0.7099999999999999,2.0,1017,20,0.8201583964917146,0.0521469849893935
COMPLETED,0.7099999999999999,2.0,1579,58,0.999,0.5545945895606806
COMPLETED,0.7099999999999999,3.0,2809,460,0.999,0.1029915230882428
COMPLETED,0.7099999999999999,3.0,4703,33,0.999,0.5681360274242918
COMPLETED,0.7099999999999999,2.0,4941,4830,0.999,0.1240404539138245
COMPLETED,0.7099999999999999,2.0,4513,1272,0.999,0.8675543540179859
COMPLETED,0.7099999999999999,3.0,4941,2146,0.999,0.0891402800228495
COMPLETED,0.7099999999999999,2.0,2905,2085,0.999,0.8510389549381229
COMPLETED,0.7099999999999999,2.0,210,4,0.999,0.8665454974417612
COMPLETED,0.7099999999999999,3.0,229,2445,0.999,0.8574712608565938
COMPLETED,0.7099999999999999,2.0,4878,4541,0.5863149640711686,0.2388169256788546
COMPLETED,0.7099999999999999,2.0,3874,252,0.999,0.502188502158539
COMPLETED,0.7099999999999999,2.0,234,4876,0.6287667662049875,0.4447827051076547
COMPLETED,0.7099999999999999,2.0,38,1050,0.999,0.8540210409481198
COMPLETED,0.67,3.0,1085,222,0.0001,0.8716270440808782
COMPLETED,0.7099999999999999,2.0,4776,1744,0.999,0.1487762834131098
COMPLETED,0.7099999999999999,2.0,4924,1149,0.999,0.7737959896094481
COMPLETED,0.7099999999999999,2.0,4820,1762,0.3679609823549924,0.2603105099239578
COMPLETED,0.7099999999999999,3.0,450,840,0.999,0.5769470212102317
COMPLETED,0.7099999999999999,2.0,182,4538,0.0001,0.4237228083629754
COMPLETED,0.7099999999999999,2.0,356,4915,0.2271596401170627,0.0775319119753969
COMPLETED,0.7099999999999999,2.0,4962,49,0.6050156017376263,0.0448853733607037
COMPLETED,0.7099999999999999,2.0,2153,127,0.4698281962911314,0.833553818293014
COMPLETED,0.7099999999999999,2.0,4792,4450,0.999,0.4076478293379119
COMPLETED,0.7099999999999999,2.0,27,3732,0.999,0.1609181362237154
COMPLETED,0.7099999999999999,2.0,623,4844,0.999,0.3248390167478912
COMPLETED,0.7099999999999999,2.0,152,4953,0.1365351107528577,0.3868846365696827
COMPLETED,0.7099999999999999,2.0,1929,1,0.999,0.8011983031488313
COMPLETED,0.7099999999999999,2.0,4978,791,0.721494692202233,0.8789977248842129
COMPLETED,0.7099999999999999,2.0,562,360,0.999,0.7548662678272045
COMPLETED,0.7099999999999999,2.0,1,5000,0.999,0.2073911971055255
COMPLETED,0.7099999999999999,2.0,1364,2066,0.6026210996805347,0.001
COMPLETED,0.7099999999999999,3.0,302,23,0.999,0.8207414763757415
COMPLETED,0.7099999999999999,3.0,545,4160,0.3420802349784714,0.3287615020072089
COMPLETED,0.7099999999999999,3.0,1912,4991,0.82302853554073,0.2193758380122362
COMPLETED,0.7099999999999999,3.0,5000,5000,0.6488205579822517,0.4158477929739672
COMPLETED,0.7099999999999999,3.0,880,4998,0.6840059894131874,0.1733172539404959
COMPLETED,0.7099999999999999,3.0,4699,4850,0.4962571102556958,0.0801192233092676
COMPLETED,0.7099999999999999,3.0,4258,4881,0.999,0.8105841451111409
COMPLETED,0.7099999999999999,2.0,1,5000,0.999,0.3076870694181219
COMPLETED,0.7099999999999999,2.0,3947,4939,0.3256453980524608,0.4233172620764897
COMPLETED,0.7099999999999999,2.0,516,4753,0.5761178235514951,0.0637196243780112
COMPLETED,0.7099999999999999,2.0,1110,2940,0.999,0.8013744073710304
COMPLETED,0.7099999999999999,2.0,11,1442,0.3187145708128188,0.2218845089998864
COMPLETED,0.7099999999999999,2.0,60,2044,0.999,0.8288640932697595
COMPLETED,0.7099999999999999,2.0,4840,116,0.999,0.8037920780872156
COMPLETED,0.7099999999999999,2.0,1,2494,0.819630709805151,0.001
COMPLETED,0.7099999999999999,2.0,231,49,0.6310016787469278,0.2464501978377533
COMPLETED,0.7099999999999999,2.0,776,30,0.558065868151778,0.001
COMPLETED,0.7099999999999999,3.0,4878,4851,0.3324381789653298,0.0573632182260244
COMPLETED,0.7099999999999999,3.0,742,4754,0.4990473659544601,0.2619910341199853
COMPLETED,0.7099999999999999,3.0,4295,4876,0.999,0.2591309507057449
COMPLETED,0.7099999999999999,3.0,472,3406,0.5785219294982225,0.2808318931823881
COMPLETED,0.7099999999999999,2.0,4388,2112,0.5329497107035034,0.001
COMPLETED,0.7099999999999999,3.0,82,1496,0.999,0.4936511598634315
COMPLETED,0.7099999999999999,3.0,187,4997,0.999,0.42054566614109
COMPLETED,0.7099999999999999,2.0,4931,4916,0.0001,0.3678886277087248
COMPLETED,0.7099999999999999,2.0,222,1164,0.5297842770385293,0.001
COMPLETED,0.7099999999999999,3.0,5000,1,0.999,0.1597656295500052
COMPLETED,0.7099999999999999,2.0,4979,1,0.7596146851006857,0.8632272933038992
COMPLETED,0.7099999999999999,2.0,91,1206,0.730910195016788,0.8575140527763732
COMPLETED,0.7099999999999999,3.0,1519,205,0.7152935810177987,0.8301452632938185
COMPLETED,0.7099999999999999,2.0,3577,4665,0.483135272018128,0.869554119768118
COMPLETED,0.7099999999999999,2.0,561,258,0.9776957325942947,0.539929898218207
COMPLETED,0.7099999999999999,2.0,5000,1457,0.999,0.5340388369224895
COMPLETED,0.7099999999999999,2.0,907,3434,0.9662350033354196,0.0594387865766921
COMPLETED,0.7099999999999999,2.0,39,1490,0.4855174750713988,0.3118576801417567
COMPLETED,0.7099999999999999,2.0,4976,1303,0.5996772514311582,0.1239318703820654
COMPLETED,0.7099999999999999,2.0,4576,3068,0.999,0.0376227590579081
COMPLETED,0.7099999999999999,2.0,5000,1,0.999,0.772994076058652
COMPLETED,0.7099999999999999,2.0,4830,2494,0.2850861638131473,0.0578102537256618
COMPLETED,0.7099999999999999,3.0,796,4968,0.7097976726607386,0.001
COMPLETED,0.7099999999999999,2.0,171,1866,0.0001,0.4105745578900308
COMPLETED,0.7099999999999999,2.0,2013,163,0.999,0.1939343622499113
COMPLETED,0.7099999999999999,2.0,4930,53,0.4820875209386986,0.001
COMPLETED,0.7099999999999999,2.0,74,3272,0.999,0.001
COMPLETED,0.7099999999999999,2.0,1,1,0.0001,0.2093230000803075
COMPLETED,0.7099999999999999,2.0,313,3059,0.5963515810437117,0.001
COMPLETED,0.7099999999999999,2.0,1353,157,0.4717265345946826,0.070078746205812
COMPLETED,0.7099999999999999,2.0,4908,1791,0.999,0.8399490090718749
COMPLETED,0.7099999999999999,2.0,4957,539,0.301382030343229,0.5240434701322534
COMPLETED,0.7099999999999999,3.0,5000,1,0.544614813331391,0.8189971770169893
COMPLETED,0.7099999999999999,2.0,4826,3422,0.0001,0.2675021584517149
COMPLETED,0.7099999999999999,2.0,215,260,0.3544374526405014,0.2810289061749704
COMPLETED,0.7099999999999999,2.0,10,852,0.5557700140677276,0.0348005849746956
COMPLETED,0.7099999999999999,3.0,1,3720,0.3826151737400553,0.4196750640613767
COMPLETED,0.7099999999999999,3.0,111,2944,0.999,0.0841400284329778
COMPLETED,0.7099999999999999,3.0,422,2278,0.3546602024849698,0.3588432036398339
COMPLETED,0.7099999999999999,2.0,4572,301,0.5513553486463819,0.2517103939719959
COMPLETED,0.7099999999999999,2.0,1,3525,0.3082845509618895,0.0463334320452921
COMPLETED,0.7099999999999999,3.0,2485,1,0.068172268973204,0.068294579126102
COMPLETED,0.7199999999999999,3.0,4403,9,0.755576626882445,0.8970373771572819
COMPLETED,0.7099999999999999,2.0,1614,119,0.8934629319898165,0.2607804141774224
COMPLETED,0.7099999999999999,3.0,4306,4877,0.999,0.4993765090973224
COMPLETED,0.7099999999999999,3.0,710,16,0.0001,0.4195007458644854
COMPLETED,0.7099999999999999,2.0,4873,280,0.0711290576665546,0.0523999739445604
COMPLETED,0.7099999999999999,2.0,5000,5000,0.999,0.8570828642149487
COMPLETED,0.7099999999999999,2.0,2683,196,0.999,0.0698857419611875
COMPLETED,0.7099999999999999,2.0,2058,4321,0.999,0.8712058615291732
COMPLETED,0.7099999999999999,2.0,4634,3482,0.999,0.0855770717007245
COMPLETED,0.7099999999999999,2.0,4855,1988,0.0001,0.2993621540847219
COMPLETED,0.7099999999999999,2.0,4719,2451,0.7090088733661606,0.0506920253507722
COMPLETED,0.7099999999999999,3.0,637,326,0.6329587241365355,0.0654181820276187
COMPLETED,0.7099999999999999,2.0,50,1182,0.1871174489272824,0.0320045946202428
COMPLETED,0.7099999999999999,2.0,19,1525,0.6366403823993956,0.1520493733605466
COMPLETED,0.7099999999999999,3.0,4943,662,0.2264642238812581,0.226234564733884
COMPLETED,0.7099999999999999,2.0,4790,2344,0.0001,0.2518196343341761
COMPLETED,0.7099999999999999,2.0,703,4158,0.0001,0.0501749744268814
COMPLETED,0.7099999999999999,3.0,490,115,0.999,0.0948099880274351
COMPLETED,0.7099999999999999,2.0,3938,170,0.7001702449636846,0.2078957635820775
COMPLETED,0.7099999999999999,3.0,4466,4472,0.0001,0.3214033564533293
COMPLETED,0.7099999999999999,2.0,511,4295,0.6848740403661294,0.8634304711512127
COMPLETED,0.7099999999999999,3.0,40,2119,0.999,0.2545443005118784
COMPLETED,0.7099999999999999,2.0,4748,306,0.6447705630411195,0.0942037393617585
COMPLETED,0.7099999999999999,2.0,4993,4508,0.7500649675305883,0.3672169223256606
COMPLETED,0.7099999999999999,4.0,4981,1330,0.0001,0.3329917110950203
COMPLETED,0.7099999999999999,2.0,771,4759,0.0001,0.0511522741907562
COMPLETED,0.7099999999999999,2.0,3089,5000,0.152683552114151,0.0425998884273183
COMPLETED,0.7099999999999999,2.0,4704,4979,0.8717354957734905,0.0409339392187501
COMPLETED,0.7099999999999999,2.0,2222,4911,0.999,0.857099714960666
COMPLETED,0.7099999999999999,2.0,4866,4597,0.999,0.3322722369487342
COMPLETED,0.7099999999999999,2.0,490,4812,0.6874768173890325,0.0364735335070382
COMPLETED,0.7099999999999999,2.0,1,2225,0.999,0.001
COMPLETED,0.7099999999999999,2.0,19,4391,0.0001,0.001
COMPLETED,0.7099999999999999,2.0,223,810,0.0001,0.2616812523035467
COMPLETED,0.7199999999999999,2.0,4237,9,0.999,0.8903095589111406
COMPLETED,0.7099999999999999,2.0,902,5000,0.999,0.471294229749136
COMPLETED,0.7099999999999999,2.0,4464,18,0.999,0.5350947449898908
COMPLETED,0.7099999999999999,2.0,4822,1094,0.999,0.4878939286327335
COMPLETED,0.7099999999999999,2.0,4048,2923,0.0001,0.1301937931664062
COMPLETED,0.7099999999999999,2.0,281,3811,0.999,0.001
COMPLETED,0.7099999999999999,2.0,8,2781,0.0001,0.196997626233736
COMPLETED,0.7099999999999999,2.0,314,637,0.573361421782092,0.198464401631699
COMPLETED,0.7099999999999999,2.0,15,1813,0.0001,0.001
COMPLETED,0.7099999999999999,2.0,4802,4630,0.3238565689098401,0.8694592630068315
COMPLETED,0.7099999999999999,2.0,1,5000,0.6646801317537714,0.001
COMPLETED,0.7099999999999999,2.0,4075,2361,0.8849319473098762,0.2620315111846373
COMPLETED,0.7099999999999999,2.0,4648,1548,0.0001,0.0664345687375873
COMPLETED,0.7099999999999999,2.0,4089,3071,0.2298372089879845,0.0300203870409462
COMPLETED,0.7099999999999999,2.0,4819,4442,0.999,0.8878280024515622
COMPLETED,0.7099999999999999,3.0,2870,4893,0.5154939652799334,0.0350090176458169
COMPLETED,0.7099999999999999,2.0,4983,2618,0.999,0.8644423280285112
COMPLETED,0.7099999999999999,2.0,154,4842,0.8368041745518897,0.3737654875644746
COMPLETED,0.7099999999999999,2.0,4748,4888,0.7771626978323183,0.470760537976092
COMPLETED,0.7099999999999999,2.0,169,1317,0.999,0.1673245227838035
COMPLETED,0.7099999999999999,2.0,884,5000,0.999,0.5278540873970728
COMPLETED,0.7099999999999999,2.0,258,386,0.4418565816567029,0.7741301019938857
COMPLETED,0.7099999999999999,2.0,159,1518,0.8239060553779428,0.7382888548513545
COMPLETED,0.7099999999999999,2.0,3227,112,0.3853298871055564,0.6990629562418331
COMPLETED,0.7099999999999999,2.0,377,178,0.7162664057035647,0.3649653725600707
COMPLETED,0.7099999999999999,2.0,3,4870,0.4611633444032655,0.7611867352898704
COMPLETED,0.7099999999999999,2.0,388,4924,0.999,0.7615276814992105
COMPLETED,0.7099999999999999,2.0,946,4727,0.8377298537037382,0.7759878080808285
COMPLETED,0.7099999999999999,2.0,3192,4815,0.5361723719593484,0.7009130225465211
COMPLETED,0.7099999999999999,2.0,4934,465,0.7729880858882117,0.3459965723736945
COMPLETED,0.7099999999999999,2.0,87,4850,0.7733681942582781,0.7060495560461075
COMPLETED,0.7099999999999999,2.0,879,1091,0.5681827514365644,0.7046801176182496
COMPLETED,0.7099999999999999,2.0,4224,4475,0.7823225414299543,0.7714439268399407
COMPLETED,0.7099999999999999,2.0,4858,4539,0.999,0.7628022341008884
COMPLETED,0.7099999999999999,3.0,94,1,0.2706460625761561,0.3888575039167172
COMPLETED,0.7099999999999999,2.0,4122,106,0.2686349403433002,0.8084680980485858
COMPLETED,0.7099999999999999,2.0,546,157,0.3627684094406389,0.8479988093020341
COMPLETED,0.7099999999999999,2.0,4913,5,0.6470199511493723,0.7501416853546246
COMPLETED,0.7099999999999999,2.0,752,75,0.7135799974983227,0.1732321802240484
COMPLETED,0.7099999999999999,2.0,577,81,0.4942755996345882,0.734030024923918
COMPLETED,0.7099999999999999,3.0,4889,126,0.3513618102853013,0.8436541874856036
COMPLETED,0.7099999999999999,2.0,756,103,0.1958482554466191,0.2805024094498943
COMPLETED,0.7099999999999999,2.0,573,62,0.3561702899672467,0.001
COMPLETED,0.7099999999999999,2.0,208,4890,0.6484259374711341,0.6939299752513685
COMPLETED,0.7099999999999999,2.0,4670,8,0.4157170173472541,0.7804401999958988
COMPLETED,0.7099999999999999,2.0,103,1084,0.7464777724928346,0.6505443669742657
COMPLETED,0.7099999999999999,2.0,4020,237,0.8195488917996044,0.7652039331716051
COMPLETED,0.7099999999999999,2.0,4874,3438,0.575786325862149,0.7530738513148106
COMPLETED,0.7099999999999999,3.0,83,646,0.5912076832168998,0.7364248139135293
COMPLETED,0.7099999999999999,2.0,4650,14,0.7027720564367601,0.279654368295863
COMPLETED,0.7099999999999999,3.0,2136,45,0.7880703814554363,0.4447814840435209
COMPLETED,0.7099999999999999,2.0,1030,870,0.5677364006959653,0.58966452125645
COMPLETED,0.7099999999999999,2.0,4211,3923,0.7011655304984071,0.5512971631727427
COMPLETED,0.7099999999999999,2.0,204,213,0.5596470006056153,0.6155914872095578
COMPLETED,0.7099999999999999,2.0,1053,50,0.603761837752319,0.6694398250407856
COMPLETED,0.7099999999999999,2.0,281,4748,0.6170028192083218,0.5427256395900778
COMPLETED,0.7099999999999999,2.0,302,829,0.6811476103227941,0.5728487191623629
COMPLETED,0.7099999999999999,2.0,440,4959,0.7345263875005053,0.7426225769571315
COMPLETED,0.7099999999999999,2.0,4646,693,0.6013893813260411,0.5783780252904867
COMPLETED,0.7099999999999999,2.0,563,3053,0.6536800105101137,0.5692946596040122
COMPLETED,0.7099999999999999,2.0,1184,1089,0.999,0.3479661799996017
COMPLETED,0.7099999999999999,2.0,4413,234,0.5791295677622111,0.6374987264962088
COMPLETED,0.7099999999999999,2.0,4489,33,0.7381500505263888,0.7132675267615131
COMPLETED,0.7099999999999999,2.0,4965,4809,0.7826517064868468,0.339671326708847
COMPLETED,0.7099999999999999,2.0,517,4764,0.6717029070961171,0.561983023742402
COMPLETED,0.7099999999999999,2.0,269,219,0.7836441503715558,0.6991504499572374
COMPLETED,0.7099999999999999,2.0,2189,78,0.4568238320288119,0.5856165663446586
COMPLETED,0.7099999999999999,2.0,44,4438,0.4438430477307857,0.5651869013933393
COMPLETED,0.7099999999999999,2.0,4804,4724,0.4266841246481304,0.8259297330523633
COMPLETED,0.7099999999999999,2.0,646,4872,0.6208219934087312,0.7795213347945574
COMPLETED,0.7099999999999999,2.0,5000,5000,0.1884446488505458,0.4488283912656274
COMPLETED,0.7099999999999999,2.0,2581,2048,0.5563913044273853,0.7091156352758407
COMPLETED,0.7099999999999999,2.0,2092,3741,0.1093938911930657,0.2249416104778647
COMPLETED,0.7099999999999999,2.0,788,850,0.915976652284991,0.8381667891740799
COMPLETED,0.7099999999999999,2.0,3895,4926,0.4689925376622937,0.3534919155985116
COMPLETED,0.7099999999999999,2.0,4840,165,0.1604048749681561,0.3807031553480774
COMPLETED,0.7099999999999999,3.0,488,4361,0.731816951060295,0.9276659868601708
COMPLETED,0.7099999999999999,2.0,1792,1480,0.3014793807456269,0.0106934147495776
COMPLETED,0.7099999999999999,2.0,3526,3058,0.872904815918766,0.5571553342808037
COMPLETED,0.6999999999999998,3.0,3165,1011,0.3598747974879108,0.9776989403404296
COMPLETED,0.7099999999999999,2.0,1509,4465,0.8064626051115802,0.4624242531247437
COMPLETED,0.7099999999999999,2.0,283,2197,0.2190603435256518,0.5997093177996576
COMPLETED,0.7099999999999999,2.0,4401,3267,0.6656005273279733,0.0839342539720237
COMPLETED,0.7099999999999999,2.0,4100,1631,0.982174976137094,0.1814739455413073
COMPLETED,0.7099999999999999,2.0,1228,2583,0.4103532637344673,0.6349611109178513
COMPLETED,0.7099999999999999,3.0,2454,329,0.6228516309298575,0.3024234247859567
COMPLETED,0.7099999999999999,3.0,2864,3897,0.0509822798211127,0.7554101838078349
COMPLETED,0.7099999999999999,2.0,3088,579,0.7601684542147442,0.0427642994914203
COMPLETED,0.7099999999999999,2.0,2211,3962,0.3136185134457424,0.5249017772022634
COMPLETED,0.7099999999999999,2.0,984,1840,0.6512850542761385,0.412957024725154
COMPLETED,0.7099999999999999,3.0,4324,2684,0.2047217693109065,0.8955949087906628
COMPLETED,0.7099999999999999,2.0,4649,2445,0.3953974199718795,0.868227556951344
COMPLETED,0.7099999999999999,2.0,55,3329,0.9672574755418114,0.3231266493126749
COMPLETED,0.7099999999999999,3.0,1281,1223,0.0055719586529769,0.739481210142374
COMPLETED,0.7099999999999999,3.0,3413,4568,0.5774186849114485,0.194880679115653
COMPLETED,0.7099999999999999,3.0,3598,1379,0.0642359840925783,0.2723627388011664
COMPLETED,0.7099999999999999,3.0,1701,2849,0.5111955462872982,0.7857755021434277
COMPLETED,0.7099999999999999,2.0,397,101,0.45379945857618,0.1511084338780492
COMPLETED,0.7099999999999999,2.0,4912,4110,0.9008066743617876,0.6650221092011779
COMPLETED,0.7099999999999999,3.0,3982,746,0.7177520500858314,0.5676384851075708
COMPLETED,0.7099999999999999,3.0,721,4715,0.1463016308263875,0.1161878928430378
COMPLETED,0.7099999999999999,2.0,2025,1985,0.8263753982092253,0.9454451378844678
COMPLETED,0.7099999999999999,2.0,2668,3493,0.2549725878863595,0.4944953683726489
COMPLETED,0.7099999999999999,2.0,2769,922,0.240841510155145,0.2060922151580452
COMPLETED,0.7099999999999999,2.0,1925,4852,0.6834494949799961,0.7195067630633711
COMPLETED,0.7099999999999999,2.0,661,2122,0.3497382542899809,0.3421328817009925
COMPLETED,0.7099999999999999,2.0,4043,3669,0.7923328949186019,0.8560521486550569
COMPLETED,0.7099999999999999,2.0,4968,1555,0.6018325645200908,0.8756178443524986
COMPLETED,0.7099999999999999,2.0,341,2986,0.0338344443712383,0.4241692745927721
COMPLETED,0.7099999999999999,2.0,1605,238,0.9916713551504536,0.51271946859546
COMPLETED,0.7099999999999999,2.0,3694,4286,0.423659905690141,0.0617755286563187
COMPLETED,0.7099999999999999,3.0,3352,2269,0.9330320830832234,0.4832944579161703
COMPLETED,0.7099999999999999,2.0,1341,3192,0.4898582314028404,0.9654261060543358
COMPLETED,0.7099999999999999,2.0,155,1086,0.5434209550087339,0.0971884046159684
COMPLETED,0.7099999999999999,2.0,4548,4392,0.1002947569192387,0.5798242661766708
COMPLETED,0.7099999999999999,2.0,4228,403,0.2832960416221991,0.6850075982641429
COMPLETED,0.7099999999999999,2.0,1081,3825,0.8507283098002895,0.1399010989945381
COMPLETED,0.7099999999999999,2.0,2266,1703,0.1746250845622271,0.7979624729212373
COMPLETED,0.7099999999999999,2.0,3033,2508,0.7421049616768955,0.2533601573314517
COMPLETED,0.7099999999999999,3.0,2960,1768,0.4445786561930551,0.5449732710514217
COMPLETED,0.7099999999999999,2.0,2358,2758,0.8877141647061332,0.0297044134084135
COMPLETED,0.7099999999999999,2.0,1172,504,0.0849800097238272,0.9076886770445852
COMPLETED,0.7099999999999999,2.0,4156,4034,0.5281288326635956,0.391915635721758
COMPLETED,0.7099999999999999,2.0,4461,1148,0.8367850769351236,0.3724983933642506
COMPLETED,0.7099999999999999,2.0,222,4640,0.2693149419023655,0.8259911503717303
COMPLETED,0.7099999999999999,2.0,1408,2372,0.6956972120766528,0.2361529011428356
COMPLETED,0.7099999999999999,3.0,3265,3404,0.1282404361248947,0.6891414447277783
COMPLETED,0.7099999999999999,2.0,3471,29,0.6372770717315375,0.7675969240795821
COMPLETED,0.7099999999999999,3.0,1848,4185,0.1947074300739914,0.2834210886936635
COMPLETED,0.7099999999999999,2.0,583,1304,0.7781391495151445,0.6549468304868787
COMPLETED,0.7099999999999999,2.0,4744,2921,0.3355218840362503,0.1702663652803748
COMPLETED,0.7099999999999999,2.0,3795,1911,0.0187568729602731,0.0649345352388918
COMPLETED,0.7099999999999999,2.0,889,3565,0.5867928599637932,0.6118953442461788
COMPLETED,0.7099999999999999,2.0,2153,674,0.3781278568736277,0.4512235731743275
COMPLETED,0.7199999999999999,3.0,2521,4789,0.94611620517103,0.997679663132876
COMPLETED,0.7099999999999999,3.0,2571,278,0.4214421624206006,0.2906979252863675
COMPLETED,0.7099999999999999,2.0,2123,4248,0.973281964296475,0.7752362351734191
COMPLETED,0.7099999999999999,2.0,936,1515,0.0618415995372459,0.162132406765595
COMPLETED,0.7099999999999999,2.0,3767,3023,0.6136985561104491,0.6462003207001835
COMPLETED,0.7099999999999999,2.0,4697,2159,0.7980409939342177,0.619111353263259
COMPLETED,0.7099999999999999,2.0,611,3629,0.3704903307211585,0.0725128403007984
COMPLETED,0.7199999999999999,3.0,1798,884,0.65695124243116,0.9896067626997828
COMPLETED,0.7099999999999999,2.0,3501,4893,0.2294177190306596,0.4425378240421414
COMPLETED,0.7099999999999999,2.0,3237,1665,0.7233954924518242,0.0219935339000076
COMPLETED,0.7099999999999999,2.0,1456,2549,0.1710203226139768,0.5378747048731893
COMPLETED,0.7099999999999999,2.0,191,440,0.8642556761484593,0.4004682899098843
COMPLETED,0.7099999999999999,2.0,4512,3786,0.3118366632208228,0.9158795705568044
COMPLETED,0.7099999999999999,2.0,4187,1046,0.1204828829090111,0.8182194507233798
COMPLETED,0.7099999999999999,3.0,1122,4430,0.5474981632753275,0.3653388285897672
COMPLETED,0.7099999999999999,2.0,2387,2310,0.4798519429658539,0.6977551644332706
COMPLETED,0.7099999999999999,2.0,2912,3154,0.9068234248966908,0.2444045627452433
COMPLETED,0.7099999999999999,2.0,3001,2411,0.1547233908514492,0.957536115899682
COMPLETED,0.7099999999999999,2.0,2317,3362,0.7071364275439642,0.4747911431789398
COMPLETED,0.7099999999999999,2.0,1052,1111,0.263622021630872,0.5868581977114081
COMPLETED,0.7099999999999999,2.0,4277,4680,0.816017933395598,0.1045832045450806
COMPLETED,0.7099999999999999,2.0,4577,544,0.5001063796753062,0.1320718769300729
COMPLETED,0.7099999999999999,2.0,107,3997,0.0731294424762949,0.6765653490442782
COMPLETED,0.7099999999999999,2.0,1372,1727,0.889947086719796,0.2603330902699381
COMPLETED,0.7099999999999999,2.0,3302,2797,0.4629529799386858,0.805296452710405
COMPLETED,0.7099999999999999,2.0,3741,633,0.9561683945172466,0.727815612476319
COMPLETED,0.7099999999999999,2.0,1577,4828,0.4042907257867045,0.2140394823513925
COMPLETED,0.7099999999999999,2.0,390,1950,0.5665591902992688,0.8485842485614121
COMPLETED,0.7099999999999999,2.0,4938,3528,0.014725334888976,0.3352785441316664
COMPLETED,0.7099999999999999,2.0,3993,1267,0.3220404185973107,0.4325388846602291
COMPLETED,0.7099999999999999,2.0,691,2961,0.749552738643065,0.8836261696275323
COMPLETED,0.7099999999999999,2.0,1878,67,0.2133713556243106,0.0542466225307434
COMPLETED,0.7099999999999999,2.0,2796,4144,0.6409275038750842,0.5058043034505098
COMPLETED,0.7099999999999999,2.0,2696,1443,0.8462237746741623,0.794095653789118
COMPLETED,0.7099999999999999,2.0,1977,3098,0.2899944988042116,0.2803139320332557
COMPLETED,0.7099999999999999,2.0,752,204,0.7373422688225284,0.6575655113402754
COMPLETED,0.7099999999999999,2.0,3931,4320,0.1810958680247887,0.1442580223474651
COMPLETED,0.7099999999999999,2.0,4881,809,0.4970607762028463,0.124569043084979
COMPLETED,0.7099999999999999,2.0,447,4965,0.9280254251287318,0.5756504984796046
COMPLETED,0.7099999999999999,2.0,1672,2087,0.1072372387404553,0.4869780024215579
COMPLETED,0.7099999999999999,2.0,3646,3704,0.5381847180842421,0.9385336608365176
COMPLETED,0.7099999999999999,3.0,3363,368,0.0410368440447375,0.5170154751446097
COMPLETED,0.7099999999999999,2.0,1311,3860,0.596825999595411,0.0342725249286741
COMPLETED,0.7099999999999999,2.0,8,1590,0.430602234942466,0.9026325284224004
COMPLETED,0.7099999999999999,2.0,4676,2621,0.9864352038133888,0.4203633648287504
COMPLETED,0.7099999999999999,2.0,4371,2236,0.6789448742664419,0.3153013532869518
COMPLETED,0.7099999999999999,2.0,957,3226,0.2475401199060492,0.8597966099642216
COMPLETED,0.7099999999999999,3.0,2260,975,0.7875701090344228,0.2018575380928814
COMPLETED,0.7099999999999999,2.0,3058,4504,0.3562091828790493,0.7468264921642839
COMPLETED,0.7099999999999999,2.0,2817,1183,0.579590761706885,0.454724913790822
COMPLETED,0.7199999999999999,3.0,2481,4606,0.0237632629889063,0.9706040622591972
COMPLETED,0.7099999999999999,2.0,1178,2485,0.9391741698929108,0.0924984483346343
COMPLETED,0.7099999999999999,2.0,4130,3291,0.383363825872261,0.6079038994088769
COMPLETED,0.7099999999999999,2.0,4450,1801,0.1992118758914992,0.627200713502243
COMPLETED,0.7099999999999999,2.0,253,2725,0.6305787633972242,0.1743183068055659
COMPLETED,0.7099999999999999,3.0,1556,616,0.340284487581998,0.7640352057460695
COMPLETED,0.7099999999999999,3.0,3138,3922,0.7716685149002819,0.3106790124271064
COMPLETED,0.7099999999999999,2.0,3558,2022,0.2738192946900613,0.2322223731093108
COMPLETED,0.7099999999999999,2.0,1742,3453,0.830086913727317,0.7167662746272981
COMPLETED,0.7099999999999999,3.0,517,708,0.1330029540832154,0.3453618831224739
COMPLETED,0.7099999999999999,2.0,4792,4756,0.6892267300306819,0.8294315816201269
COMPLETED,0.7099999999999999,2.0,3867,142,0.8805119138803333,0.9348856839742512
COMPLETED,0.7099999999999999,2.0,836,4072,0.4495851318091154,0.3882930005844682
COMPLETED,0.7099999999999999,2.0,2061,1339,0.5211866522589698,0.5490861219447106
COMPLETED,0.7099999999999999,2.0,2632,2887,0.0902160717522725,0.0020192057918757
COMPLETED,0.7099999999999999,2.0,2652,1058,0.896374210361298,0.5970149603188037
COMPLETED,0.7099999999999999,3.0,2051,4403,0.4649389719921164,0.0798064015954732
COMPLETED,0.7099999999999999,2.0,854,2297,0.5058195143946446,0.9832866062000392
COMPLETED,0.7099999999999999,2.0,3839,3181,0.074367136212904,0.4656081274077296
COMPLETED,0.7099999999999999,2.0,4770,1692,0.2584657038269564,0.2977799563724547
COMPLETED,0.7099999999999999,2.0,530,2536,0.8142243753688408,0.7532314497996122
COMPLETED,0.7099999999999999,2.0,1727,414,0.1488521166153252,0.1851125302109867
COMPLETED,0.7099999999999999,2.0,3582,3797,0.7045936334598809,0.6400940738264471
COMPLETED,0.7099999999999999,2.0,3163,2133,0.2150658331801183,0.8423249345086515
COMPLETED,0.7099999999999999,2.0,1541,3641,0.6459390300796367,0.3561560990922152
COMPLETED,0.7099999999999999,2.0,266,911,0.3249109232182614,0.7059625261165202
COMPLETED,0.7099999999999999,3.0,4428,4880,0.7558279185532591,0.2193233244903385
COMPLETED,0.7099999999999999,2.0,4103,266,0.5642302605893463,0.0129024119731038
COMPLETED,0.7099999999999999,2.0,1196,4275,0.0079095326930284,0.5617686584498733
COMPLETED,0.7099999999999999,2.0,2471,1527,0.9550145243624224,0.3756009612809866
COMPLETED,0.7099999999999999,2.0,2838,2997,0.3987376395558938,0.9239967523198575
COMPLETED,0.7099999999999999,2.0,3085,1318,0.6630830540981144,0.1566964306253939
COMPLETED,0.7099999999999999,2.0,2243,2896,0.2321867560356855,0.6682055410612374
COMPLETED,0.7099999999999999,2.0,968,15,0.8029367705861106,0.2696681768391281
COMPLETED,0.7099999999999999,2.0,4351,4211,0.3720576421057805,0.7816477427128701
COMPLETED,0.7099999999999999,2.0,4651,700,0.0563899585952051,0.9490837485790252
COMPLETED,0.7099999999999999,2.0,23,4776,0.6126880616412497,0.4996281788498163
COMPLETED,0.7099999999999999,2.0,1298,1885,0.4147535487229935,0.5629946263208985
COMPLETED,0.7099999999999999,3.0,3386,3579,0.9710687766968272,0.114009422801435
COMPLETED,0.7099999999999999,2.0,3669,479,0.4812053899763151,0.4098037371095269
COMPLETED,0.7099999999999999,2.0,1659,4047,0.9126637295084074,0.8899766488280147
COMPLETED,0.7099999999999999,2.0,462,1794,0.122612232042104,0.0469227087926119
COMPLETED,0.7099999999999999,2.0,4856,2745,0.554026743369177,0.5275655703227967
COMPLETED,0.7099999999999999,2.0,3911,2359,0.8615857047296129,0.7343785736523568
COMPLETED,0.7099999999999999,2.0,762,3429,0.3058496580380015,0.1912117754630744
COMPLETED,0.7099999999999999,2.0,1959,1162,0.7215004854151048,0.8704366471208632
COMPLETED,0.7099999999999999,2.0,2724,4614,0.165720625403244,0.32773976900056
COMPLETED,0.7099999999999999,2.0,2781,2222,0.3378812586824409,0.1018337765634059
COMPLETED,0.7099999999999999,2.0,1903,3253,0.7649270230575465,0.5820010966509581
COMPLETED,0.7099999999999999,2.0,668,986,0.1980103726123459,0.4796539697125554
COMPLETED,0.7099999999999999,3.0,4006,4478,0.6250733065695501,0.9602950466796756
COMPLETED,0.7099999999999999,2.0,4956,342,0.9407943445378913,0.8006587339360267
COMPLETED,0.7099999999999999,3.0,363,3871,0.3884496587088331,0.2574861061740666
COMPLETED,0.7099999999999999,3.0,1597,1618,0.582413629482314,0.6794180288705974
COMPLETED,0.7099999999999999,2.0,3731,2608,0.0300860685810446,0.1367191282454878
COMPLETED,0.7099999999999999,2.0,3291,836,0.5159560278230346,0.3399257880114018
COMPLETED,0.7099999999999999,2.0,1392,4952,0.0884968166363425,0.8514369209520519
COMPLETED,0.7099999999999999,2.0,79,2061,0.874593013962265,0.2111925056912004
COMPLETED,0.7099999999999999,2.0,4594,3715,0.4470899745705537,0.7231779011376201
COMPLETED,0.7099999999999999,3.0,4289,1454,0.1393557673715054,0.508563226794824
COMPLETED,0.7099999999999999,2.0,1030,3072,0.691287021273747,0.0591094416286796
COMPLETED,0.7099999999999999,2.0,2342,191,0.2794848000062629,0.8787690760027617
COMPLETED,0.7099999999999999,2.0,2986,4347,0.8313722405882552,0.4297894641142338
COMPLETED,0.7099999999999999,3.0,2900,90,0.1046415665112435,0.6513063162583858
COMPLETED,0.7099999999999999,3.0,2409,4138,0.5321234025482087,0.165135458337143
COMPLETED,0.7099999999999999,3.0,1096,1390,0.495213402290456,0.77224268640019
COMPLETED,0.7099999999999999,2.0,4203,2821,0.9226780985148624,0.2855976552013307
COMPLETED,0.7099999999999999,2.0,4522,1957,0.7387700187438166,0.4456336728930473
COMPLETED,0.7399999999999999,3.0,171,3504,0.1868618660044856,0.994498134806752
COMPLETED,0.7099999999999999,2.0,1484,774,0.8484007606527768,0.0676310007348656
COMPLETED,0.7099999999999999,3.0,3219,4704,0.2964754532161168,0.6160212001428008
COMPLETED,0.7099999999999999,2.0,3483,1868,0.7821927747244015,0.9127894100006668
COMPLETED,0.7099999999999999,2.0,1826,2673,0.3551243854990229,0.3955864429082721
COMPLETED,0.7099999999999999,2.0,591,551,0.672303886250779,0.542766084415838
COMPLETED,0.7099999999999999,2.0,4708,3973,0.2452792954608797,0.0250893901865929
COMPLETED,0.7099999999999999,2.0,3783,1234,0.4368083569626323,0.2393042852245271
COMPLETED,0.7099999999999999,2.0,911,4540,0.9891299416287802,0.6947616082243621
COMPLETED,0.7099999999999999,2.0,2146,2434,0.045980250099767,0.3683418875969946
COMPLETED,0.7099999999999999,3.0,2558,3357,0.598345677855704,0.8233254537172615
COMPLETED,0.7099999999999999,2.0,2509,1579,0.0034049715185537,0.4026775139216333
COMPLETED,0.7099999999999999,2.0,2175,2649,0.5709286917230114,0.9204925564024596
COMPLETED,0.7099999999999999,2.0,860,379,0.3939749132107943,0.0168910015095025
COMPLETED,0.7099999999999999,3.0,3814,3832,0.961485274334252,0.5342056971210986
COMPLETED,0.7099999999999999,2.0,4758,946,0.6531414892922156,0.7019134398922324
COMPLETED,0.7099999999999999,2.0,560,4515,0.2100590896381996,0.2470684897080063
COMPLETED,0.7099999999999999,2.0,1874,2264,0.7627703073446638,0.8150660590082406
COMPLETED,0.7099999999999999,2.0,3454,3215,0.3196745932639576,0.3597206727266311
COMPLETED,0.7099999999999999,2.0,3249,232,0.8214267415516078,0.1574886520784348
COMPLETED,0.7099999999999999,2.0,1434,4309,0.2534591054115444,0.6440217465590685
COMPLETED,0.7099999999999999,2.0,198,1415,0.7115359366638586,0.2943366698231548
COMPLETED,0.7099999999999999,2.0,4475,3108,0.143615939229913,0.7803689118083565
COMPLETED,0.7099999999999999,3.0,4175,2098,0.4604342582487501,0.9869120966382324
COMPLETED,0.7099999999999999,2.0,1143,3676,0.9030727270823904,0.438410168711096
COMPLETED,0.7099999999999999,2.0,2379,798,0.0696042647412978,0.6246992161683738
COMPLETED,0.7099999999999999,2.0,2949,4993,0.5122903573962859,0.0756964060030877
COMPLETED,0.7099999999999999,2.0,3014,733,0.2986474667512811,0.8434819206520914
COMPLETED,0.7099999999999999,3.0,2295,4743,0.866592001728434,0.3316094434335827
COMPLETED,0.7099999999999999,2.0,1059,1997,0.1587785045376978,0.730024505600333
COMPLETED,0.7099999999999999,2.0,4240,3467,0.726736368826311,0.2186529106199741
COMPLETED,0.7099999999999999,2.0,4564,1352,0.9171681418351828,0.0510936211887747
COMPLETED,0.7099999999999999,2.0,129,2861,0.4745070481512695,0.5001858836207538
COMPLETED,0.7099999999999999,2.0,1365,128,0.5587893208665772,0.4366971340943127
COMPLETED,0.7099999999999999,2.0,3338,4098,0.1161415713788941,0.8862902490217238
COMPLETED,0.7099999999999999,2.0,3680,2472,0.6171923288415186,0.5904966782815754
COMPLETED,0.7099999999999999,2.0,1628,3316,0.0496917097999714,0.1097162715531885
COMPLETED,0.7099999999999999,3.0,314,1196,0.975831201625336,0.9528925136439502
COMPLETED,0.7099999999999999,3.0,4984,4580,0.4082829736472107,0.4726125430129468
COMPLETED,0.7099999999999999,3.0,4054,591,0.2249844791615381,0.26592086022906
COMPLETED,0.7099999999999999,2.0,639,3936,0.6680895036658272,0.8084802228938787
COMPLETED,0.7099999999999999,2.0,1953,1827,0.3651154282104223,0.1293776532914489
COMPLETED,0.7099999999999999,2.0,2750,2711,0.8081727991238236,0.6724373628254979
COMPLETED,0.7099999999999999,3.0,2694,454,0.7023758343724534,0.8984761564973742
COMPLETED,0.7099999999999999,2.0,2009,3760,0.1304626699434593,0.4176975343320518
COMPLETED,0.7099999999999999,3.0,735,1651,0.8422314672745764,0.5201669633258132
COMPLETED,0.7099999999999999,2.0,3958,2574,0.2703316321570425,0.0398925843257457
COMPLETED,0.7099999999999999,3.0,4884,2335,0.0800751794106327,0.1996502176150679
COMPLETED,0.7099999999999999,2.0,415,3141,0.5265715350079349,0.7422116027846932
COMPLETED,0.7099999999999999,2.0,1689,1021,0.438440656183008,0.3204019821435213
COMPLETED,0.7099999999999999,2.0,3620,4443,0.8849503559765405,0.863467521250248
COMPLETED,0.7099999999999999,3.0,3434,1489,0.3800281070705502,0.6602620809357613
COMPLETED,0.7099999999999999,2.0,1269,3037,0.9514096991539,0.1483837741445749
COMPLETED,0.7199999999999999,3.0,74,304,0.021436843223311,0.7885058873500675
COMPLETED,0.7099999999999999,2.0,4620,4234,0.5927708263700828,0.2771322698649019
COMPLETED,0.7099999999999999,2.0,4300,870,0.7760159812827595,0.4916236606426537
COMPLETED,0.7099999999999999,2.0,999,4918,0.3289880682245828,0.9407103314436972
COMPLETED,0.7099999999999999,2.0,2194,2172,0.635932685824763,0.1209283950142562
COMPLETED,0.7099999999999999,2.0,3114,3604,0.1888571191756986,0.5705197253786027
COMPLETED,0.7099999999999999,2.0,2888,1922,0.9975516681631096,0.3485129809305071
COMPLETED,0.7099999999999999,2.0,2440,3539,0.4261927009300328,0.8350519049838185
COMPLETED,0.7099999999999999,2.0,1244,661,0.606995085551869,0.2280660272091627
COMPLETED,0.7099999999999999,2.0,4074,4817,0.0356227592377923,0.7141002916991711
COMPLETED,0.7099999999999999,2.0,4380,57,0.344035125857219,0.5541865463200956
COMPLETED,0.7099999999999999,2.0,294,4172,0.7910861400783062,0.0056902100238949
COMPLETED,0.7099999999999999,2.0,1490,1278,0.234419622231461,0.9326786943841726
COMPLETED,0.7099999999999999,2.0,3194,2933,0.6814573220258578,0.383677668781951
COMPLETED,0.7099999999999999,3.0,3555,1122,0.1757727589315734,0.0869087748415768
COMPLETED,0.7099999999999999,3.0,1773,4652,0.7476632985102944,0.6047220327593386
COMPLETED,0.7099999999999999,2.0,500,2400,0.2856159251132048,0.4574210409633815
ABANDONED,,,4819,3391,0.8575541033980436,0.974730144944042
COMPLETED,0.7099999999999999,2.0,3869,1755,0.5405452221123501,0.7603948216419667
COMPLETED,0.7099999999999999,2.0,805,2786,0.0940257653521373,0.3055478489529341
COMPLETED,0.7099999999999999,2.0,2078,516,0.9313275917984544,0.6318462192919105
COMPLETED,0.7099999999999999,2.0,2605,4008,0.4848557588595897,0.1764950034376233
ABANDONED,,,2609,524,0.1311215145142748,0.8645799658149481
COMPLETED,0.7099999999999999,2.0,2085,4015,0.6986682019187137,0.3180113145411014
COMPLETED,0.7099999999999999,2.0,821,1748,0.2722255553964525,0.74411566465348
COMPLETED,0.7099999999999999,2.0,3883,2778,0.839728429480642,0.1970770635679364
COMPLETED,0.7099999999999999,2.0,4813,2392,0.5232071751180105,0.0371666568089276
COMPLETED,0.7099999999999999,3.0,496,3384,0.0801477724335156,0.5217345904428511
COMPLETED,0.7099999999999999,2.0,1760,1129,0.8828201221299357,0.4156414276901632
COMPLETED,0.7099999999999999,2.0,3539,4659,0.4397168912404216,0.8997394412551075
COMPLETED,0.7099999999999999,2.0,3197,1285,0.9490290737077592,0.5727583333365618
COMPLETED,0.7099999999999999,2.0,1496,2941,0.3810689543765038,0.1198480874560773
COMPLETED,0.7099999999999999,3.0,310,49,0.5896723977794871,0.9432537576444447
COMPLETED,0.7099999999999999,2.0,4393,4165,0.0217294033760204,0.4898730563260614
COMPLETED,0.7099999999999999,2.0,4068,654,0.3306296350748277,0.2755325354840606
COMPLETED,0.7099999999999999,2.0,1240,4809,0.773275590947736,0.7913838447686284
COMPLETED,0.7099999999999999,2.0,2426,1930,0.1897837407573126,0.1469670020919293
COMPLETED,0.7099999999999999,2.0,2873,3546,0.6324468662123196,0.6623479451667517
COMPLETED,0.7099999999999999,2.0,3120,2181,0.4285817213864065,0.3853370075691491
COMPLETED,0.7099999999999999,2.0,2198,3610,0.9965034975503572,0.929861055197194
COMPLETED,0.7099999999999999,2.0,1012,864,0.0387286302133463,0.0070447603110224
COMPLETED,0.7099999999999999,2.0,4316,4910,0.606694249467086,0.5520391741488128
COMPLETED,0.7099999999999999,2.0,4616,296,0.7894515393003821,0.7118011275678872
COMPLETED,0.7099999999999999,2.0,67,4228,0.3467677165728062,0.2290869683027267
COMPLETED,0.7099999999999999,2.0,1253,1496,0.6805386191418394,0.8325697487816214
COMPLETED,0.7099999999999999,2.0,3420,3045,0.2378985948497429,0.3503260449543595
COMPLETED,0.7099999999999999,2.0,3626,1027,0.7469971306326799,0.179281487127766
COMPLETED,0.7099999999999999,2.0,1692,4451,0.179488786395546,0.6303379586394876
COMPLETED,0.7099999999999999,2.0,429,2327,0.8556519042265601,0.3075426855962723
COMPLETED,0.7099999999999999,2.0,4899,3134,0.2881264052920974,0.7590690771769733
COMPLETED,0.7199999999999999,2.0,3955,1645,0.0973823256226256,0.973558095972985
COMPLETED,0.7099999999999999,2.0,729,2567,0.5404795951617881,0.4597513903342187
COMPLETED,0.7099999999999999,2.0,1993,462,0.4869791457120329,0.6028801926560698
COMPLETED,0.7099999999999999,3.0,2681,3767,0.9300592754386364,0.0895434368290007
COMPLETED,0.7099999999999999,2.0,2736,1820,0.5725864532029256,0.3625070374459028
COMPLETED,0.7099999999999999,3.0,1937,2703,0.0006502918044105,0.8135579173266888
COMPLETED,0.7099999999999999,2.0,633,598,0.9623957012861966,0.2490632073804736
COMPLETED,0.7099999999999999,2.0,4050,3942,0.3905033829774707,0.7005878143981099
COMPLETED,0.7099999999999999,2.0,5000,1203,0.2076927535711787,0.5330337671209125
COMPLETED,0.7099999999999999,2.0,328,4588,0.6541661419684998,0.0192212319094687
COMPLETED,0.7099999999999999,2.0,1632,2464,0.316561875294242,0.918650835270062
COMPLETED,0.7099999999999999,2.0,3686,3310,0.7630790621270425,0.4053120569381862
COMPLETED,0.7099999999999999,2.0,3325,120,0.2501090349007397,0.0773556258194148
COMPLETED,0.7099999999999999,2.0,1349,4091,0.8214831399448215,0.6218816959522664
COMPLETED,0.7099999999999999,2.0,123,1359,0.1414714160041883,0.4397646000273525
COMPLETED,0.7099999999999999,2.0,4561,2869,0.7128283663509413,0.9847648434378206
COMPLETED,0.7099999999999999,2.0,4255,2005,0.9037477662828752,0.7780698666479438
COMPLETED,0.7099999999999999,2.0,1073,3473,0.4567123364158905,0.2953574919458478
COMPLETED,0.7099999999999999,2.0,2299,727,0.5141680860060267,0.6415397093277424
COMPLETED,0.7099999999999999,2.0,3019,4734,0.0671155163264833,0.1593015971314162
COMPLETED,0.7099999999999999,2.0,2933,791,0.8699342726198024,0.888528975950554
COMPLETED,0.7099999999999999,2.0,2366,4985,0.2985980344303883,0.4356167075652629
COMPLETED,0.7099999999999999,3.0,1139,2106,0.7288740450578741,0.5027294287923723
COMPLETED,0.7099999999999999,3.0,4169,3683,0.1574939935482106,0.0493428979013115
COMPLETED,0.7099999999999999,2.0,4489,1422,0.4738246856439858,0.2170530572682619
COMPLETED,0.7099999999999999,3.0,214,3117,0.9208984586782752,0.7329025819897652
COMPLETED,0.7099999999999999,2.0,1441,224,0.1142555668370798,0.3301925524100661
COMPLETED,0.7099999999999999,3.0,3253,4302,0.5612855116663501,0.8455679038539528
COMPLETED,0.7099999999999999,2.0,3438,2256,0.0480409143923781,0.673549926361069
COMPLETED,0.7099999999999999,2.0,1861,3208,0.6199392089362256,0.1269868667181581
COMPLETED,0.7099999999999999,2.0,556,953,0.4073804653928614,0.8103844037335365
COMPLETED,0.7099999999999999,2.0,4752,4523,0.979295884864498,0.2633475872110575
COMPLETED,0.7099999999999999,2.0,3827,387,0.670464234743081,0.4698864965252578
COMPLETED,0.7099999999999999,3.0,876,3839,0.2239525031784549,0.9544602597318588
COMPLETED,0.7099999999999999,2.0,2180,1572,0.8112929594784976,0.1076600459404289
COMPLETED,0.7099999999999999,2.0,2513,2641,0.3647983974959701,0.5917600820101797
COMPLETED,0.7099999999999999,3.0,2544,2427,0.7687567403941415,0.1352428707573562
COMPLETED,0.7099999999999999,3.0,2130,3349,0.3373442608381621,0.6821744129303842
COMPLETED,0.7099999999999999,2.0,905,1242,0.6276984292463398,0.2561923648733645
COMPLETED,0.7099999999999999,2.0,3779,4547,0.1962382960994727,0.802623470949009
COMPLETED,0.68,3.0,4724,557,0.3882552189594134,0.9626552577391266
COMPLETED,0.7099999999999999,2.0,605,3981,0.9440366195449604,0.478450155518949
COMPLETED,0.7099999999999999,2.0,1830,1860,0.0286879867970943,0.5846656203269958
COMPLETED,0.7099999999999999,3.0,3489,2666,0.5844217784460632,0.0999601712375879
COMPLETED,0.7099999999999999,2.0,3206,766,0.0873339439866133,0.4269419632386416
COMPLETED,0.7099999999999999,2.0,1468,4698,0.5182148660817182,0.8804601800125093
COMPLETED,0.7099999999999999,3.0,165,1963,0.4466753890740685,0.0569322077687829
COMPLETED,0.7099999999999999,2.0,4519,3512,0.8775696553654037,0.5099495423045008
COMPLETED,0.7099999999999999,3.0,4218,1398,0.6941491987962276,0.7241668390668928
COMPLETED,0.7099999999999999,2.0,1110,2828,0.1378362258650362,0.2089234411902725
COMPLETED,0.7099999999999999,2.0,2413,83,0.8349798473881557,0.8532179818116127
COMPLETED,0.7099999999999999,3.0,2905,4130,0.2786802037684246,0.3374737314395606
COMPLETED,0.7099999999999999,2.0,2970,184,0.533293598504737,0.6149698025062679
COMPLETED,0.7099999999999999,3.0,2329,4339,0.1023743332423269,0.0698387952372431
COMPLETED,0.6999999999999998,3.0,1026,1462,0.9231009599434212,0.992776440411806
COMPLETED,0.7099999999999999,2.0,4283,3078,0.492229318502359,0.4481462856382131
COMPLETED,0.7099999999999999,2.0,4608,2068,0.1840074881014414,0.2885066640172153
COMPLETED,0.7099999999999999,3.0,96,3723,0.740282594177965,0.7706138041559607
COMPLETED,0.7099999999999999,3.0,1399,829,0.2928746934103779,0.167252373965457
COMPLETED,0.7099999999999999,2.0,3295,4945,0.8491974381930195,0.649860396342352
COMPLETED,0.7099999999999999,2.0,3715,1610,0.3512862731521949,0.820903734717518
COMPLETED,0.7099999999999999,2.0,1584,2601,0.7827370958754792,0.3694834800250827
COMPLETED,0.7099999999999999,2.0,359,349,0.2426467303991317,0.692157402779907
COMPLETED,0.7099999999999999,3.0,4950,3880,0.6740842386957256,0.2412374949567019
COMPLETED,0.7099999999999999,3.0,4019,994,0.9893174153058788,0.0266281073819845
COMPLETED,0.7099999999999999,2.0,684,4485,0.4335738815749995,0.5400709703546017
COMPLETED,0.7099999999999999,2.0,1909,2216,0.5997358409420586,0.3968208177443593
COMPLETED,0.7099999999999999,3.0,2784,3246,0.0439789481301791,0.91076411681436
COMPLETED,0.7099999999999999,2.0,2728,1169,0.4678154388937167,0.6376724737975746
COMPLETED,0.7099999999999999,3.0,1966,4621,0.8948384742251597,0.1862540036682039
COMPLETED,0.7099999999999999,2.0,779,2352,0.0779604536336846,0.7506273633260279
COMPLETED,0.7099999999999999,3.0,3925,3421,0.5050311127864756,0.2997130471337586
COMPLETED,0.7099999999999999,2.0,4850,1786,0.8130776973487808,0.4671467256322502
COMPLETED,0.7099999999999999,3.0,458,2738,0.2607102527065202,0.980591611109674
COMPLETED,0.7099999999999999,2.0,1645,485,0.7041628533337265,0.0810406574606895
COMPLETED,0.7099999999999999,3.0,3653,4055,0.1518430473975837,0.5949897861033678
COMPLETED,0.7099999999999999,2.0,3389,1892,0.6457607849598862,0.9229454736541955
COMPLETED,0.7099999999999999,2.0,1304,3586,0.2182938188080675,0.3778086368124932
COMPLETED,0.7099999999999999,3.0,39,692,0.7544136421396396,0.5600470830257981
COMPLETED,0.7099999999999999,3.0,4664,4769,0.3269333615611307,0.0154149057473987
COMPLETED,0.7099999999999999,2.0,4345,9,0.0117535394087433,0.2222322143353521
COMPLETED,0.7099999999999999,2.0,964,4203,0.5636770681153983,0.7043337628431618
COMPLETED,0.7099999999999999,2.0,2229,1326,0.4013484728535637,0.3582728957496583
COMPLETED,0.7099999999999999,2.0,3070,2903,0.9532586424792184,0.8408791335634886
COMPLETED,0.7099999999999999,2.0,2844,1535,0.232358035083115,0.1111618029549717
COMPLETED,0.7099999999999999,3.0,2475,3004,0.6598628680896013,0.5646858493015169
COMPLETED,0.7099999999999999,3.0,1209,259,0.3734639998218044,0.4974508260190486
COMPLETED,0.7099999999999999,2.0,4119,4267,0.800921179237403,0.9504701830595732
COMPLETED,0.7099999999999999,2.0,4424,903,0.6088356599153019,0.7826367996130139
COMPLETED,0.7099999999999999,2.0,259,4873,0.056950474375952,0.2673989933673292
COMPLETED,0.7099999999999999,3.0,1525,2139,0.9684505010141992,0.6699867208916694
COMPLETED,0.7099999999999999,2.0,3149,3649,0.4165177065382711,0.1542442550826817
COMPLETED,0.7099999999999999,2.0,3588,421,0.9097950622262432,0.3262633925415575
COMPLETED,0.7099999999999999,3.0,1730,3805,0.4827341600401326,0.8731931501515209
COMPLETED,0.7099999999999999,3.0,543,1684,0.5504402729425579,0.1899179151915013
COMPLETED,0.7099999999999999,2.0,4785,2530,0.1233927149526774,0.7363434296362102
COMPLETED,0.7099999999999999,2.0,3836,2290,0.3070036593648605,0.5299259003531188
COMPLETED,0.7099999999999999,2.0,848,3173,0.8593327608398161,0.0457187756281346
COMPLETED,0.7099999999999999,2.0,2035,1066,0.166159681461472,0.8926412914749234
COMPLETED,0.7099999999999999,3.0,2639,4410,0.7185021122478878,0.4079300128128379
COMPLETED,0.7099999999999999,2.0,2626,1331,0.291645085825026,0.9395845825895666
COMPLETED,0.7099999999999999,3.0,2058,2880,0.8434771625053137,0.4847706838026643
COMPLETED,0.7099999999999999,2.0,823,148,0.1819981678923591,0.5773717169910669
COMPLETED,0.7099999999999999,2.0,3851,4080,0.7338778535092249,0.1220569062232971
COMPLETED,0.7099999999999999,2.0,4796,716,0.9256509024382568,0.1413485376480966
COMPLETED,0.7099999999999999,3.0,522,4763,0.498092484260071,0.6591948694679886
COMPLETED,0.7099999999999999,3.0,1757,2016,0.5350647661163471,0.2781965405214578
COMPLETED,0.7099999999999999,3.0,3571,3446,0.1075540015290491,0.7955420495886356
COMPLETED,0.7099999999999999,3.0,3131,610,0.5934839966299011,0.7492486870475114
COMPLETED,0.7099999999999999,2.0,1552,3914,0.0410860679788515,0.2007154697813093
COMPLETED,0.7099999999999999,3.0,239,1810,0.9842977955076844,0.8624012912921606
COMPLETED,0.7099999999999999,2.0,4434,2731,0.4318865375451743,0.313367667671293
COMPLETED,0.7099999999999999,3.0,4134,2492,0.2482222144874743,0.4188251235168427
COMPLETED,0.7099999999999999,3.0,1184,3299,0.6752147658101282,0.9053271666001528
COMPLETED,0.7099999999999999,2.0,2497,1175,0.3580949194950051,0.0330386259760707
COMPLETED,0.7099999999999999,3.0,2831,4599,0.7850741266214288,0.5190402924474328
COMPLETED,0.7099999999999999,3.0,3055,967,0.0271135418864898,0.3121557457987219
COMPLETED,0.7099999999999999,2.0,2254,4497,0.5795340953878128,0.7612783458027989
COMPLETED,0.7099999999999999,3.0,941,2242,0.3855085574847645,0.1756125239897519
COMPLETED,0.7099999999999999,2.0,4358,3234,0.9378814722799697,0.6252355006057769
COMPLETED,0.7099999999999999,2.0,4682,1598,0.6299035158099606,0.6055441642329096
COMPLETED,0.7099999999999999,2.0,11,2628,0.2029340656502172,0.0937017866447567
COMPLETED,0.7199999999999999,2.0,1324,361,0.7697905779037624,0.9679400144666432
COMPLETED,0.7099999999999999,3.0,3379,3852,0.342773503922671,0.4565980432331562
COMPLETED,0.7099999999999999,2.0,3643,2080,0.8284288843215442,0.004866230783984
COMPLETED,0.7099999999999999,2.0,1666,3696,0.2765741827909834,0.5473954938184469
COMPLETED,0.7099999999999999,2.0,431,817,0.6883160351528786,0.390469758560881
COMPLETED,0.7099999999999999,2.0,4868,4972,0.1364746927033178,0.933499844348058
COMPLETED,0.7099999999999999,3.0,3938,211,0.4519517358019947,0.8284421678073705
COMPLETED,0.7099999999999999,2.0,756,4327,0.8794870528172701,0.3476314235068857
COMPLETED,0.7099999999999999,2.0,1991,1435,0.0933290576478466,0.7149847378842533
COMPLETED,0.7099999999999999,2.0,2713,3091,0.5208776890898122,0.2346749055646359
COMPLETED,0.7099999999999999,2.0,2812,74,0.973947864248231,0.4453849680051207
COMPLETED,0.7099999999999999,2.0,1891,4152,0.4177263433434069,0.9879160156026484
COMPLETED,0.7099999999999999,2.0,694,1260,0.6156004873560741,0.0746897172480821
COMPLETED,0.7099999999999999,2.0,3999,2954,0.0593313277451321,0.6177253946661949
COMPLETED,0.7099999999999999,2.0,4925,1944,0.3671340383765287,0.645210787916556
COMPLETED,0.7099999999999999,2.0,375,3520,0.7981064124980009,0.1644020661208778
COMPLETED,0.7099999999999999,2.0,1571,641,0.2272946001040749,0.7734545794595032
COMPLETED,0.7099999999999999,2.0,3737,4835,0.6582193504041992,0.2931505767125636
COMPLETED,0.7099999999999999,2.0,3318,1735,0.168631510544382,0.2458814150877297
COMPLETED,0.7099999999999999,2.0,1386,2804,0.7244433951387181,0.694998185519129
COMPLETED,0.7099999999999999,2.0,111,537,0.3087310006320476,0.3666331647448241
COMPLETED,0.7099999999999999,3.0,4583,3989,0.8645562443073838,0.8162541188560425
COMPLETED,0.7099999999999999,2.0,4263,1103,0.5491325556664727,0.9135197164099664
COMPLETED,0.7099999999999999,2.0,1036,4673,0.1177505601192824,0.4016717471908777
COMPLETED,0.7099999999999999,2.0,2311,2418,0.9077419193939305,0.5352105381097644
COMPLETED,0.7099999999999999,2.0,2998,3370,0.4763732382734305,0.0238667823132127
COMPLETED,0.7099999999999999,2.0,2925,2316,0.7095173209159635,0.8077185286227613
COMPLETED,0.7099999999999999,3.0,2403,3162,0.1536823351587168,0.259191140929237
COMPLETED,0.7099999999999999,2.0,1127,1038,0.8191166299120523,0.6791699114013463
COMPLETED,0.7099999999999999,3.0,4191,4423,0.2633292530913837,0.1301383102852851
COMPLETED,0.7099999999999999,3.0,4496,434,0.0714876077001914,0.1030450822040438
COMPLETED,0.7099999999999999,3.0,178,3777,0.5028469783971085,0.5895527169182896
COMPLETED,0.7099999999999999,2.0,1453,1673,0.4620260904312133,0.4735573631972074
COMPLETED,0.7099999999999999,2.0,3231,2555,0.8934331147190183,0.959560814231634
COMPLETED,0.7099999999999999,3.0,3514,891,0.4036316728291101,0.5068551062326878
COMPLETED,0.7099999999999999,2.0,1814,4899,0.9598762948968448,0.0520394228827208
COMPLETED,0.7099999999999999,2.0,617,2152,0.0128312032627873,0.8853472691681235
COMPLETED,0.7099999999999999,3.0,4701,3621,0.5690624960190616,0.4300268667694181
COMPLETED,0.7099999999999999,3.0,3751,1507,0.7529173069197684,0.3323691784031689
COMPLETED,0.7099999999999999,3.0,922,3017,0.3219675576485693,0.8502134877182543
COMPLETED,0.7099999999999999,2.0,2119,285,0.6430579461084678,0.2119222098104655
COMPLETED,0.7099999999999999,3.0,2564,4256,0.2120948526410385,0.7292618893049657
COMPLETED,0.7099999999999999,2.0,2537,681,0.6863179538753815,0.0601157139856368
COMPLETED,0.7099999999999999,2.0,2166,4798,0.239313008017186,0.5155375836659222
ABANDONED,,,892,1903,0.7959191569584421,0.4228142484221607
ABANDONED,,,3801,3558,0.3489580393052659,0.8777656924072653
ABANDONED,,,4731,1298,0.0326806514311581,0.8583508369028569
ABANDONED,,,568,2914,0.604085240484029,0.3411124164909124
ABANDONED,,,1842,37,0.4232210580186918,0.7219884433820843
ABANDONED,,,3467,4192,0.994669460391812,0.2042796270176768
ABANDONED,,,3282,2380,0.4896872202812693,0.250574149524793
ABANDONED,,,1422,3410,0.9362520607049576,0.7994702576901763
ABANDONED,,,226,1141,0.0988886671290732,0.1379067382346838
ABANDONED,,,4467,4632,0.5454363379706628,0.6863328668456524
ABANDONED,,,4142,497,0.8545804436003788,0.5809967910312116
ABANDONED,,,1156,4027,0.282735734228231,0.0948575793616473
ABANDONED,,,2352,1775,0.7447229694336652,0.9672684220410884
ABANDONED,,,2957,2766,0.1728611351337283,0.4806593200452625
ABANDONED,,,3046,1710,0.8878926182126626,0.6880294760465621
ABANDONED,,,2282,2516,0.4413504026392474,0.2385430928617715
ABANDONED,,,1086,395,0.5295433174639939,0.8240875643864273
ABANDONED,,,4232,3819,0.0829573034550994,0.3750710715278983
ABANDONED,,,4532,1079,0.2654707267998717,0.3946420391220599
ABANDONED,,,142,4384,0.8373385373349301,0.9061205740440637
ABANDONED,,,1337,2277,0.125629394440446,0.031760995933786
ABANDONED,,,3346,3199,0.6974533618857152,0.5437095104102045
ABANDONED,,,3708,246,0.1918306952465325,0.9954405792914331
ABANDONED,,,1621,4293,0.6388130162544547,0.4523043566159903
ABANDONED,,,347,1548,0.3319282986896112,0.6093514421619474
ABANDONED,,,4972,2978,0.7789277595100924,0.0666856154389679
ABANDONED,,,4027,2114,0.5879398059097118,0.1718656237777322
ABANDONED,,,647,3662,0.0165121156939305,0.6520693489518016
ABANDONED,,,1921,928,0.9465472532230428,0.2848373848628252
ABANDONED,,,2762,4860,0.3751367177045903,0.7655115357320755
ABANDONED,,,2662,1977,0.1132317356140352,0.5549161314684897
ABANDONED,,,2022,3487,0.5558472074781544,0.0117743171621114
ABANDONED,,,708,753,0.4716248347981832,0.9251219658050684
ABANDONED,,,3966,4723,0.914196508226823,0.3824543545190244
ABANDONED,,,4916,109,0.7316297453090548,0.35509129306674
ABANDONED,,,402,4117,0.1636391419690102,0.8352891886681318
ABANDONED,,,1716,1372,0.8715149207582698,0.2263580256178975
ABANDONED,,,3611,2841,0.3034804743284359,0.7070301539823411
ABANDONED,,,3406,1216,0.805292617541831,0.7542980961557477
ABANDONED,,,1277,4560,0.3621417628309689,0.3048137354757636
ABANDONED,,,41,2453,0.6651778742861933,0.6330574059616774
ABANDONED,,,4633,3336,0.2220441593878902,0.1840467426758259
ABANDONED,,,4328,1846,0.4132074332507327,0.0866607763431966
ABANDONED,,,991,2692,0.9806626686288044,0.5981410958282649
ABANDONED,,,2227,571,0.0545828312400728,0.4644809546209871
ABANDONED,,,3102,3956,0.6220552213154733,0.9764350607283412
ABANDONED,,,2861,321,0.3147816540213301,0.1920947902798652
ABANDONED,,,2448,3890,0.7579094075692817,0.740988875940442
ABANDONED,,,1212,1638,0.2051366227332502,0.3211324075236916
ABANDONED,,,4087,2590,0.648308204486221,0.8695527065619825
ABANDONED,,,4407,2205,0.9643950300934724,0.8967673146743326
ABANDONED,,,286,3274,0.3969171698651276,0.4106263184417039
ABANDONED,,,1522,1005,0.5738108101856894,0.526743974218145
ABANDONED,,,3181,4456,0.006376763277594,0.0401292805913835
ABANDONED,,,3523,1473,0.5073656205639243,0.4928356726728379
ABANDONED,,,1786,3050,0.0647732498627156,0.9482631339840591
ABANDONED,,,472,173,0.8981813432982191,0.1148329856432974
ABANDONED,,,4827,4368,0.4555718030149116,0.5697862141914665
ABANDONED,,,3902,857,0.146496278962586,0.6673206784781068
ABANDONED,,,792,4934,0.7145095071529038,0.15008808763884
ABANDONED,,,2106,2039,0.2563708780570886,0.7882570634912698
ABANDONED,,,2597,3734,0.8243669813196174,0.2705502696316689
ABANDONED,,,2591,842,0.3506228794235736,0.4773256976846605
ABANDONED,,,2102,4929,0.793278257355839,0.9638340313527732
ABANDONED,,,798,2045,0.2419690658973529,0.0992772886622697
ABANDONED,,,3904,3749,0.6846377731410787,0.5852809925097971
ABANDONED,,,4830,1478,0.992432862770278,0.6829372588023543
ABANDONED,,,479,3065,0.424482612041477,0.1344105998054146
ABANDONED,,,1782,158,0.6028388931143097,0.8039498074799775
ABANDONED,,,3517,4363,0.034901986581739,0.2549184294342994
ABANDONED,,,3175,2190,0.5441824719315393,0.2076504891198128
ABANDONED,,,1518,3269,0.101117457688786,0.7254940994810312
ABANDONED,,,293,1009,0.9340383986532688,0.3366423843707889
ABANDONED,,,4410,4471,0.4909257754739373,0.8539818110521882
ABANDONED,,,4090,326,0.1755097078352235,0.8810745688267052
ABANDONED,,,1218,3905,0.7430503371383063,0.4262581567801534
ABANDONED,,,2443,1624,0.2844236029461957,0.5111273920349777
ABANDONED,,,2855,2585,0.8519165786583907,0.0558067665658891
ABANDONED,,,3098,1842,0.0842182583658956,0.7699299344941973
ABANDONED,,,2220,2676,0.5273063737715594,0.2891209896281361
ABANDONED,,,995,586,0.4435720987454987,0.648734891936183
ABANDONED,,,4333,3959,0.8866468550701626,0.1684301604926586
ABANDONED,,,4638,1230,0.6948128306811675,0.0711659998837858
ABANDONED,,,46,4566,0.1272948262283578,0.6136967946682125
ABANDONED,,,1271,2447,0.8356577500462532,0.4489100591111928
ABANDONED,,,3404,3322,0.2681264311667531,0.9919450375754386
ABANDONED,,,3609,103,0.777254758816678,0.5392386436350644
ABANDONED,,,1710,4103,0.3345762797215022,0.0273908974863588
ABANDONED,,,407,1386,0.6361497578668408,0.9094901256076992
ABANDONED,,,4922,2847,0.1935189174777827,0.3981470985077321
ABANDONED,,,3972,1993,0.3773661073762923,0.3706621904354542
ABANDONED,,,712,3491,0.94529373325482,0.8197792136799544
ABANDONED,,,2015,749,0.017750309930928,0.2418528039362281
ABANDONED,,,2659,4708,0.5857255596308037,0.6914744570013136
ABANDONED,,,2759,2129,0.916921285368502,0.9797630933169276
ABANDONED,,,1916,3666,0.4698759868990629,0.4679209387991577
ABANDONED,,,650,925,0.557580804069899,0.5937196038234978
ABANDONED,,,4034,4844,0.1105221465194597,0.0823783612865954
ABANDONED,,,4978,240,0.3023028164506889,0.1874365192875266
ABANDONED,,,350,4279,0.8736674994354136,0.6365593721047043
ABANDONED,,,1615,1562,0.1614712115122936,0.300332161322236
ABANDONED,,,3703,2984,0.7328225800703279,0.7499558368921279
ABANDONED,,,3342,1093,0.2198837736489251,0.7036613162439316
ABANDONED,,,1332,4390,0.6663632201476022,0.2228503488730639
ABANDONED,,,145,2271,0.3609411358926445,0.8397650522198526
ABANDONED,,,4538,3185,0.8074682210974395,0.3594544912036508
ABANDONED,,,4239,1706,0.6237962770375421,0.3791472608037292
ABANDONED,,,1090,2501,0.0518657271972857,0.9216762710250914
ABANDONED,,,2277,410,0.9833644506615586,0.0161900985650718
ABANDONED,,,3042,3823,0.41148152464265,0.559219485398382
ABANDONED,,,2950,502,0.650461389717739,0.2661298465058207
ABANDONED,,,2349,4041,0.2039593183687888,0.7839754793718458
ABANDONED,,,1162,1760,0.7591018739324993,0.1534167132228612
ABANDONED,,,4147,2761,0.3126131318950094,0.6707619694769382
ABANDONED,,,4472,2366,0.0046275544228032,0.5653040470425039
ABANDONED,,,231,3406,0.5765350031001493,0.1104894195590168
ABANDONED,,,1418,1146,0.3942081798825413,0.9516518417168408
ABANDONED,,,3275,4647,0.9661289727561176,0.496336807878688
ABANDONED,,,3460,1302,0.452855059927795,0.0446057371385395
ABANDONED,,,1838,2929,0.8999229832475074,0.5311084791757166
ABANDONED,,,573,22,0.0630467421426437,0.4072585495822131
ABANDONED,,,4735,4187,0.5100670565257779,0.893260468866676
ABANDONED,,,3805,666,0.8255517206266522,0.8739674190860242
ABANDONED,,,898,4792,0.254210138804838,0.3254349305164068
ABANDONED,,,2163,1908,0.7166854791065677,0.7376811892297119
ABANDONED,,,2530,3573,0.1452962436938658,0.1886477886792272
ABANDONED,,,2561,1522,0.7365798216016031,0.522486937135458
ABANDONED,,,2113,3021,0.1802721923028118,0.0363466695994138
ABANDONED,,,927,281,0.8452183894022368,0.9010247625783084
ABANDONED,,,3757,4240,0.2889279296855442,0.4144102920219301
ABANDONED,,,4706,886,0.1063535457655787,0.3168743945080786
ABANDONED,,,622,4886,0.537240317575261,0.8657691791225224
ABANDONED,,,1807,2166,0.4959322845807299,0.1963513217363506
ABANDONED,,,3511,3627,0.9268361813182012,0.7447718735877424
ABANDONED,,,3228,448,0.429718554991763,0.7920410333536564
ABANDONED,,,1446,3783,0.9854908014438116,0.274807713817805
ABANDONED,,,182,1667,0.0399083431196399,0.6635380786396563
ABANDONED,,,4501,2542,0.595636761366669,0.1458310617096722
ABANDONED,,,4197,2312,0.7868076562317087,0.1186159721370786
ABANDONED,,,1132,3146,0.3553855164600536,0.5740427344944327
ABANDONED,,,2396,1054,0.6779394908551126,0.4890521489512175
ABANDONED,,,2923,4427,0.2464735377632081,0.9440051246862858
ABANDONED,,,2992,1108,0.9400576154084876,0.2303714326638728
ABANDONED,,,2307,4687,0.3843084701193496,0.7105690754521637
ABANDONED,,,1043,2404,0.5807190207544713,0.3510774751994759
ABANDONED,,,4266,3365,0.0249527356527745,0.8317489046100526
ABANDONED,,,4586,1720,0.3410471822622231,0.9291362892985344
ABANDONED,,,117,2799,0.7724919468841515,0.3859942519217729
ABANDONED,,,1381,542,0.2002174937379546,0.5509032895341515
ABANDONED,,,3312,4004,0.6316451036625542,0.0082349495515227
ABANDONED,,,3732,1948,0.1337656357392668,0.4609406594093888
ABANDONED,,,1567,3535,0.6900501638751477,0.972421231707558
ABANDONED,,,381,626,0.2748249218394979,0.0901997015308588
ABANDONED,,,4927,4830,0.8311532484108582,0.60215450659208
ABANDONED,,,4002,60,0.5220701033563353,0.629518034633249
ABANDONED,,,701,4146,0.0911607066963799,0.180033897023648
ABANDONED,,,1887,1265,0.8816401710673235,0.7578380047120153
ABANDONED,,,2807,2968,0.4507746174971573,0.3088280701227485
ABANDONED,,,2706,197,0.0610191294816322,0.0204219203293323
ABANDONED,,,1987,4322,0.61293680847371,0.5319007080644369
ABANDONED,,,761,1441,0.4203748639482073,0.4059797409847378
ABANDONED,,,3942,3105,0.9722754031277262,0.9179289544150232
ABANDONED,,,4872,2085,0.6560056362558156,0.8127494163829833
ABANDONED,,,437,3711,0.2285333264715969,0.3632632562685758
ABANDONED,,,1663,802,0.796852479477413,0.6993681649956852
ABANDONED,,,3636,4967,0.3693630149958654,0.2503524008337408
ABANDONED,,,3373,1583,0.8633100681125186,0.2966457615159451
ABANDONED,,,1321,2623,0.3109522836859338,0.7768492338769137
ABANDONED,,,17,366,0.7222069835768081,0.1600568325854837
ABANDONED,,,4686,3867,0.1698929975857026,0.6407302845008671
ABANDONED,,,4362,972,0.4790294822132215,0.6211607389803975
ABANDONED,,,947,4511,0.906061671678163,0.0780242932345718
ABANDONED,,,2251,2228,0.1194155714124441,0.9836327677499505
ABANDONED,,,3047,3229,0.5464916039671748,0.440966212330386
ABANDONED,,,2827,2488,0.2645673952316865,0.7335711936373263
ABANDONED,,,2491,3283,0.8169025548079982,0.2163320445287972
ABANDONED,,,1187,1191,0.1559116578489541,0.8467694603893906
ABANDONED,,,4141,4603,0.7082639870073645,0.3290604209545999
ABANDONED,,,4441,623,0.8907697893499396,0.4343960115909576
ABANDONED,,,243,3920,0.4637144987220875,0.889817182317376
ABANDONED,,,1547,1804,0.5011739256069995,0.0485334098711609
ABANDONED,,,3127,2718,0.0741357599069364,0.5034846010431647
ABANDONED,,,3566,710,0.5673818947900086,0.9552164153512566
ABANDONED,,,1752,4749,0.015486840648204,0.4690779323782771
ABANDONED,,,526,2029,0.957235934867151,0.5930492122601718
ABANDONED,,,4803,3451,0.4052970525203272,0.106440333334729
ABANDONED,,,3857,1347,0.2143167199221439,0.1258537518940865
ABANDONED,,,826,2884,0.6418121308692731,0.6747505590133369
ABANDONED,,,2052,144,0.3232286986189894,0.262625650588423
ABANDONED,,,2621,4064,0.7506802962458692,0.8110520320124924
ABANDONED,,,2643,2304,0.1989550317442044,0.3417733991313725
ABANDONED,,,2040,3179,0.625956737200357,0.8576222248990087
ABANDONED,,,845,1060,0.3390707164615392,0.2054735842887312
ABANDONED,,,3829,4396,0.7660552969899028,0.7208486829195172
ABANDONED,,,4779,417,0.5832370465814136,0.5143092884272336
ABANDONED,,,540,3790,0.0308487781460396,0.0613962913453578
ABANDONED,,,1735,1700,0.9418606996879912,0.8769485753700136
ABANDONED,,,3593,2533,0.3894552616705186,0.4235618214085697
ABANDONED,,,3153,918,0.8754164329219609,0.0956061357166618
ABANDONED,,,1531,4877,0.4478526711113751,0.5801805978771299
ABANDONED,,,257,2135,0.5170223773913458,0.4819408212881535
ABANDONED,,,4417,3634,0.0895024289010092,0.9660411101710052
ABANDONED,,,4112,1529,0.2804294498351402,0.7983295138590037
ABANDONED,,,1206,2990,0.8322556768008507,0.2517671829126775
ABANDONED,,,2480,273,0.1405452381747774,0.6856033309586345
ABANDONED,,,2848,4273,0.6924152933455072,0.1385667375065386
ABANDONED,,,3076,13,0.4943897414532489,0.907313663199544
ABANDONED,,,2232,4217,0.9219156364091672,0.3935013510584831
ABANDONED,,,958,1311,0.1035749825078062,0.544369565449655
ABANDONED,,,4340,2898,0.5311180321610532,0.0310315158143639
ABANDONED,,,4660,1878,0.8474563452590256,0.237726962910965
ABANDONED,,,33,3581,0.2955917751260101,0.6887780956048518
ABANDONED,,,1307,697,0.7375807898180559,0.3738438228610903
ABANDONED,,,3396,4784,0.1857333594975992,0.8253691288325936
ABANDONED,,,3660,1791,0.6713594689964317,0.653349989514798
ABANDONED,,,1649,2753,0.2443956303949467,0.1706373917423188
ABANDONED,,,453,471,0.7810035513804294,0.7662591719217599
ABANDONED,,,4846,4050,0.3539958696891553,0.2840203310288488
ABANDONED,,,3920,1154,0.0451565985655412,0.4515758003797382
ABANDONED,,,773,4617,0.5975832101682201,0.996101617699489
ABANDONED,,,1969,2357,0.4357417599350213,0.0655459107439965
ABANDONED,,,2734,3436,0.9881245731022208,0.6105454552005976
ABANDONED,,,2790,979,0.5067041506918147,0.8365812522936612
ABANDONED,,,1913,4480,0.0753124949289485,0.3538668699581176
ABANDONED,,,677,2220,0.8975017549399286,0.7077892132345586
ABANDONED,,,4016,3261,0.4661272538743913,0.225544780710712
ABANDONED,,,4946,1615,0.1496136205139569,0.0110571802705526
ABANDONED,,,352,2616,0.7054163509747944,0.5555809750854968
ABANDONED,,,1588,334,0.2594720361423678,0.3813260691687464
ABANDONED,,,3720,3874,0.8152919064157642,0.92631978405267
ABANDONED,,,3300,2053,0.3256724140927195,0.5993379939105362
ABANDONED,,,1403,3718,0.7566506379287689,0.0855315113421529
ABANDONED,,,88,834,0.2160721747985109,0.9770989246945828
ABANDONED,,,4605,4959,0.6470065555447712,0.4637628975640982
ABANDONED,,,4280,189,0.9558991662413812,0.3040014107339084
ABANDONED,,,1019,4354,0.3996829889689572,0.7550581350587308
ABANDONED,,,2333,1448,0.5653578033073805,0.1828232992179691
ABANDONED,,,2976,3074,0.009097827599477,0.6343503897525369
ABANDONED,,,2909,1392,0.8021750378341413,0.4113862941414117
ABANDONED,,,2420,2814,0.3712351571653969,0.8959549267292022
ABANDONED,,,1106,97,0.6620764780445955,0.0414222011789679
ABANDONED,,,4213,4136,0.2311194724480621,0.5255204675570129
ABANDONED,,,4513,782,0.4138691412791609,0.7398595551718026
ABANDONED,,,161,4702,0.9701231854062528,0.1932916325945407
ABANDONED,,,1475,1960,0.055262657754682,0.8688345937374979
ABANDONED,,,3209,3497,0.611499532299675,0.3217962157223373
ABANDONED,,,3492,553,0.121727837622445,0.1507528754882514
ABANDONED,,,1836,3965,0.5530811502180061,0.6666034858189523
ABANDONED,,,600,1875,0.4800780798328109,0.2717480321116745
ABANDONED,,,4718,2670,0.9114752057486212,0.7871287223733962
ABANDONED,,,3774,2441,0.7207387470813467,0.9470386476721616
ABANDONED,,,901,3355,0.1648981497658416,0.4941276730950922
ABANDONED,,,2136,1236,0.8605791305366903,0.5689729060810059
ABANDONED,,,2547,4533,0.3047823614262044,0.1155919816922396
ABANDONED,,,2520,372,0.8414089934977703,0.6579181233420967
ABANDONED,,,2183,3834,0.2695698956838809,0.1426795883998274
ABANDONED,,,871,1577,0.7013085396212526,0.7947068787217139
ABANDONED,,,3823,2656,0.1294560976111329,0.2789641898423433
ABANDONED,,,4748,2261,0.437495061171241,0.4853812525365501
ABANDONED,,,551,3222,0.8840659596962854,0.9389045999292284
ABANDONED,,,1863,939,0.0788866537902504,0.1232309656161814
ABANDONED,,,3445,4518,0.5254442230038345,0.576250069843605
ABANDONED,,,3259,1408,0.0204912537933327,0.9042064991034569
ABANDONED,,,1444,3111,0.5918864207868463,0.4200001030750572
ABANDONED,,,209,229,0.3788395795895718,0.5183612299524247
ABANDONED,,,4484,4316,0.9502824001739733,0.0336501743607223
ABANDONED,,,4165,796,0.6351101990237831,0.2014821394514292
ABANDONED,,,1134,5000,0.1880953845631331,0.7484125960152596
ABANDONED,,,2369,2091,0.7749486958345398,0.3146977982576936
ABANDONED,,,2940,3678,0.3279814903104677,0.8611235655155032
ABANDONED,,,3024,1999,0.6079404331043362,0.0928656398449093
ABANDONED,,,2304,3460,0.0365073992561548,0.6063107781354337
ABANDONED,,,1070,740,0.998739961208962,0.4553202616889029
ABANDONED,,,4249,4740,0.4273202417874708,0.9692700892854482
ABANDONED,,,4554,136,0.2352423434675671,0.7624532621577382
ABANDONED,,,120,4095,0.6822188147609121,0.3110350150987505
ABANDONED,,,1354,1355,0.3451026531829498,0.6258469857871533
ABANDONED,,,3329,2853,0.792092483557295,0.1749333982914686
ABANDONED,,,3690,1199,0.2864386407675221,0.3469513776432722
ABANDONED,,,1638,4572,0.8583156054360792,0.829052673337981
ABANDONED,,,325,2480,0.1768402881179004,0.233553195213899
ABANDONED,,,4993,3314,0.7486696289651095,0.7161587340738624
ABANDONED,,,4044,1834,0.9322729523750952,0.548726488802582
ABANDONED,,,630,2709,0.4857403970173559,0.0035894288904964
ABANDONED,,,1943,593,0.5417335058552212,0.934267437901348
ABANDONED,,,2741,3929,0.0951533117913641,0.3896345319263637
ABANDONED,,,2684,1658,0.3932124473839067,0.1637258254662156
ABANDONED,,,2000,2572,0.9606616246606224,0.64583271279186
ABANDONED,,,725,456,0.0023996048525907,0.2920326715707778
ABANDONED,,,3949,3753,0.5698620965559967,0.7746399949938058
ABANDONED,,,4894,1023,0.7618866404181345,0.989250819513574
ABANDONED,,,425,4436,0.318730174149014,0.4441195891741663
ABANDONED,,,1700,2343,0.6520129716217516,0.6184967971462755
ABANDONED,,,3629,3138,0.2088698644336312,0.0738659136760979
ABANDONED,,,3424,312,0.7106522604343481,0.4008470197357237
ABANDONED,,,1260,4232,0.1426715256967581,0.9142901355214416
ABANDONED,,,63,1492,0.8202982369053177,0.0226004201136529
ABANDONED,,,4611,3029,0.2522698783463798,0.5365444181375205
ABANDONED,,,4310,2175,0.0688418007750064,0.6961845249366015
ABANDONED,,,1008,3596,0.5114666946984827,0.2447644933145493
ABANDONED,,,2205,877,0.4594288860009982,0.8168770270999521
ABANDONED,,,3123,4916,0.9020061412183568,0.3659578479733318
ABANDONED,,,2878,659,0.1596619388896971,0.5884358583483845
ABANDONED,,,2430,4824,0.7276810167945921,0.1042314848247915
ABANDONED,,,1234,1915,0.299775736962445,0.958885560663417
ABANDONED,,,4065,3541,0.8677814706711098,0.4741803346443921
ABANDONED,,,4390,1271,0.5595520192679949,0.2599616158083081
ABANDONED,,,304,2936,0.1169649921991862,0.8068938569352031
ABANDONED,,,1501,54,0.9181737559604458,0.1314722460806369
ABANDONED,,,3203,4179,0.4755733995801769,0.6779036049693822
ABANDONED,,,3545,2398,0.9765939093297348,0.8489481646548956
ABANDONED,,,1764,3398,0.4091063888857141,0.3337040380816906
ABANDONED,,,489,1115,0.6181979299426079,0.7284381415005772
ABANDONED,,,4810,4654,0.050758063089475,0.212693668058142
ABANDONED,,,3880,509,0.3659988607018254,0.0526614109613001
ABANDONED,,,814,4010,0.8091174601162783,0.5061789287813007
ABANDONED,,,2089,1753,0.2261127549544907,0.4312123455069959
ABANDONED,,,2614,2793,0.6692789633055217,0.884229427229613
ABANDONED,,,2599,1741,0.9631584108511916,0.0714139909464865
ABANDONED,,,2075,2780,0.3913268000765703,0.6202777241636067
ABANDONED,,,810,521,0.5735920561646111,0.4418501528892666
ABANDONED,,,3874,4022,0.0017166469545103,0.9902401292268186
ABANDONED,,,4823,1126,0.3174453059250488,0.7760266525447369
ABANDONED,,,505,4667,0.764023721258901,0.2898550956696271
ABANDONED,,,1770,2385,0.2088210275035351,0.6475237127020955
ABANDONED,,,3548,3387,0.655355599747598,0.1608784286901354
ABANDONED,,,3187,41,0.1423548522167839,0.3640838708635419
ABANDONED,,,1487,4168,0.7137730161798186,0.8195419225599617
ABANDONED,,,300,1283,0.2512373069724999,0.2435608129631728
ABANDONED,,,4384,2948,0.8226726107480936,0.6985446021538227
ABANDONED,,,4079,1928,0.514930782546848,0.5385090510509907
ABANDONED,,,1250,3553,0.0679389352861791,0.0213067829124629
ABANDONED,,,2437,647,0.9047533785475416,0.9170468616224824
ABANDONED,,,2882,4811,0.4577786859842017,0.3993704202063381
ABANDONED,,,3110,865,0.7279903669677674,0.6758786538243293
ABANDONED,,,2189,4903,0.1565495781544595,0.1327062788754701
ABANDONED,,,1002,2188,0.868805766112916,0.8041986387744546
ABANDONED,,,4307,3608,0.2974088055046275,0.2615004371032118
ABANDONED,,,4627,1504,0.1134931047313846,0.4761136782187968
ABANDONED,,,76,3042,0.5604618508291431,0.956281221376732
ABANDONED,,,1263,299,0.4728193152568302,0.1053727054689079
ABANDONED,,,3430,4220,0.919831874674838,0.5860145111326128
ABANDONED,,,3615,2330,0.4066179977053776,0.8827834032140672
ABANDONED,,,1684,3126,0.978472233330272,0.433329365234822
ABANDONED,,,418,1035,0.0470355458658188,0.5045503885783253
ABANDONED,,,4890,4448,0.6188726119086146,0.0555700777359306
ABANDONED,,,3965,469,0.8104092944125644,0.2152059090193361
ABANDONED,,,738,3764,0.3638539802416227,0.726716818889603
ABANDONED,,,2004,1647,0.6693357189332135,0.335911966426298
ABANDONED,,,2690,2560,0.2227632798344827,0.847896633176133
ABANDONED,,,2747,606,0.273048272911366,0.5748039268571883
ABANDONED,,,1947,3940,0.8404899333792739,0.1253481043148785
ABANDONED,,,643,1823,0.1321890455611981,0.9372759407553822
ABANDONED,,,4059,2696,0.6996745342341251,0.4882900382820516
ABANDONED,,,4990,2467,0.8837654808459803,0.2814765497744083
ABANDONED,,,319,3302,0.4406015275375917,0.7929854371398686
ABANDONED,,,1622,1211,0.5243954570002853,0.1448876357153058
ABANDONED,,,3677,4585,0.0812753170121461,0.6568664728924632
ABANDONED,,,3335,1367,0.5906177471925504,0.8590984953995793
ABANDONED,,,1358,2866,0.0226140452549792,0.3159319500233978
ABANDONED,,,133,123,0.950217368614208,0.7457172588836402
ABANDONED,,,4570,4083,0.382196497094538,0.2030210797172039
ABANDONED,,,4245,729,0.1906064601328223,0.0355836369059979
ABANDONED,,,1063,4728,0.6332083570867776,0.5157567716948687
ABANDONED,,,2288,2012,0.3316971605399623,0.4211414426900446
ABANDONED,,,3010,3471,0.7742819325661287,0.901785032916814
ABANDONED,,,2943,2104,0.0377830389227718,0.1730595401525497
ABANDONED,,,2375,3690,0.6058098420232533,0.6285117622762917
ABANDONED,,,1150,784,0.4273931920448317,0.309831453718245
ABANDONED,,,4178,4987,0.995376196709834,0.7648132204040885
ABANDONED,,,4478,217,0.6797161342014558,0.9712346032280474
ABANDONED,,,206,4304,0.2371368620977736,0.4540267434585839
ABANDONED,,,1430,1419,0.7883842557127587,0.6090673852656036
ABANDONED,,,3244,3124,0.3457611405192874,0.0913891592863947
ABANDONED,,,3449,950,0.8548294285891577,0.3871827281676232
ABANDONED,,,1870,4530,0.2873646669583395,0.936048245947808
ABANDONED,,,567,2248,0.7459298340208828,0.0013201115764677
ABANDONED,,,4762,3211,0.1784822122026234,0.5497156795449554
ABANDONED,,,3817,1565,0.4860335525608621,0.7175452726539224
ABANDONED,,,867,2644,0.9291748810189776,0.2313757382836192
ABANDONED,,,2170,385,0.0961938018628396,0.8307435542773455
ABANDONED,,,2504,3846,0.5393522850182839,0.3441040998380631
ABANDONED,,,2553,1249,0.0770760573534294,0.9284059903249144
ABANDONED,,,2140,4545,0.5040855177747084,0.3799089550748467
ABANDONED,,,914,2429,0.4666881268896162,0.5584588284045457
ABANDONED,,,3789,3342,0.8936499486047774,0.0094575499892234
ABANDONED,,,4715,1862,0.7034011168605648,0.2237943102363497
ABANDONED,,,594,2659,0.1510205736207775,0.7103325055930763
ABANDONED,,,1820,565,0.8120711250164546,0.3527861906159669
ABANDONED,,,3479,3978,0.2596429579553194,0.8388202320355921
ABANDONED,,,3215,1971,0.7536519075270742,0.6356135704107582
ABANDONED,,,1479,3509,0.3261108747601508,0.1807672966755926
ABANDONED,,,174,769,0.6447542070457711,0.7566261042170226
ABANDONED,,,4529,4690,0.2172265333598479,0.3012751411758363
ABANDONED,,,4209,86,0.4004640672703273,0.4611893717329949
ABANDONED,,,1099,4123,0.9523130530492402,0.9790033583473414
ABANDONED,,,2404,1405,0.0106262404288165,0.0831409775819629
ABANDONED,,,2895,2826,0.5624885406344197,0.6004503046330064
ABANDONED,,,2979,1460,0.3742254925568587,0.3244310115519911
ABANDONED,,,2339,3085,0.8017439004735089,0.8669926197919994
ABANDONED,,,1034,177,0.2333643785621039,0.1956216101814061
ABANDONED,,,4293,4341,0.660930395415332,0.7386878779847174
ABANDONED,,,4599,821,0.9693351410325616,0.5241950651332736
ABANDONED,,,85,4948,0.4174630540907383,0.0434166957810521
ABANDONED,,,1389,2065,0.6099632007727399,0.8944465619772672
ABANDONED,,,3285,3731,0.0581387674218043,0.4141728819310664
ABANDONED,,,3724,346,0.5513249111003242,0.1174046739321202
ABANDONED,,,1595,3887,0.1243380755293183,0.5664911216627805
ABANDONED,,,368,1602,0.91092260866547,0.495148748030886
ABANDONED,,,4960,2604,0.4839224437830038,0.9447393496986478
ABANDONED,,,4010,2209,0.1669211834995076,0.7849812461026013
ABANDONED,,,673,3248,0.7193248279022053,0.2731026864983141
ABANDONED,,,1900,992,0.3080099898196757,0.663786188673228
ABANDONED,,,2774,4492,0.8604002900261432,0.1524118722341954
ABANDONED,,,2719,2345,0.6267540101313963,0.4253746326193213
ABANDONED,,,1955,3424,0.1953546291729435,0.8744666719809174
ABANDONED,,,769,1167,0.7675675151895731,0.0624174852520227
ABANDONED,,,3914,4628,0.3362157431676983,0.5120098714828492
ABANDONED,,,4859,483,0.0278643371234647,0.7187010876778513
ABANDONED,,,469,4063,0.5836593126191758,0.2068283576462417
ABANDONED,,,1655,1778,0.3871886237923987,0.8548048087824136
ABANDONED,,,3663,2741,0.9430312528789974,0.3434325148481875
ABANDONED,,,3380,684,0.4458517263762653,0.1412016523070633
ABANDONED,,,1293,4772,0.8768071913991123,0.6837612380422651
ABANDONED,,,29,1889,0.0862673581225797,0.2540972794704139
ABANDONED,,,4654,3594,0.5172094938339665,0.7971577177010477
ABANDONED,,,4354,1324,0.8340354338550008,0.9647155887763949
ABANDONED,,,974,2910,0.2777965275389142,0.4839354348611086
ABANDONED,,,2238,2,0.6929599717310629,0.5786721141543238
ABANDONED,,,3080,4205,0.1367077212187461,0.0983928424771875
ABANDONED,,,2835,261,0.9239243807637132,0.8266321905199439
ABANDONED,,,2464,4260,0.4929920169037766,0.3717879392895847
ABANDONED,,,1200,1542,0.5343599499336443,0.6903459457922727
ABANDONED,,,4109,3001,0.1033799473675899,0.2350008123237639
ABANDONED,,,4433,2147,0.293819341378659,0.0284581089541316
ABANDONED,,,270,3646,0.8500808725450187,0.5462738801315427
ABANDONED,,,1534,906,0.1851969570441171,0.3911109362691641
ABANDONED,,,3159,4866,0.741410864389129,0.9084258549511433
ABANDONED,,,3579,1687,0.2435913913915865,0.612631542501971
ABANDONED,,,1719,2522,0.6749676711871287,0.0641289156209677
ABANDONED,,,533,428,0.3524757327918894,0.9989793520476667
ABANDONED,,,4775,3803,0.783865371668432,0.44997628906928
ABANDONED,,,3845,1073,0.600559256180562,0.2822699795253574
ABANDONED,,,858,4408,0.0447416558345779,0.7688023453094064
ABANDONED,,,2044,2292,0.9903837685953824,0.1695568313710391
ABANDONED,,,2649,3166,0.4345794826760888,0.6555888502858578
ABANDONED,,,2635,156,0.6164231937074102,0.2477171291206032
ABANDONED,,,2068,4077,0.0600928353649564,0.7012106148246676
ABANDONED,,,832,1334,0.9750154064587316,0.3609328027982264
ABANDONED,,,3861,2872,0.4187326719376258,0.8139215694535523
ABANDONED,,,4786,2018,0.2282399625413119,0.9192538809552788
ABANDONED,,,512,3438,0.6591039755377918,0.4039857222661376
ABANDONED,,,1748,723,0.3683223165376111,0.533408596932888
ABANDONED,,,3560,4760,0.7992339682402088,0.0176358084231615
ABANDONED,,,3140,1816,0.3096763760934583,0.4391539959739893
ABANDONED,,,1562,2729,0.8654408675803803,0.9861140762846916
ABANDONED,,,248,612,0.1698197794024832,0.0770036941822618
ABANDONED,,,4445,3907,0.7255709564627147,0.6234595610704273
ABANDONED,,,4125,1178,0.908564620163478,0.6428782366551458
ABANDONED,,,1174,4591,0.477134755196236,0.1587017023153603
ABANDONED,,,2488,2500,0.5502000997375696,0.779667006906122
ABANDONED,,,2821,3296,0.1187568756893277,0.2949862888865172
ABANDONED,,,3064,2240,0.8181710200155153,0.5013988706544041
ABANDONED,,,2265,3241,0.2624448716958984,0.0499500480815768
ABANDONED,,,951,959,0.708328810180351,0.8869398048818111
ABANDONED,,,4368,4500,0.1525550082698464,0.4359951659888028
ABANDONED,,,4673,354,0.4612036315391771,0.3308113673124462
ABANDONED,,,1,3854,0.8926713633610865,0.844225692147389
ABANDONED,,,1315,1596,0.0704202980642207,0.2174131997544318
ABANDONED,,,3369,2635,0.5018404209495521,0.7313317380119115
ABANDONED,,,3652,814,0.0120087313465774,0.8097883754707873
ABANDONED,,,1676,4979,0.5683007465217262,0.2646821290142833
ABANDONED,,,440,2073,0.4025643724961206,0.6731821139715612
ABANDONED,,,4878,3698,0.9588697318674996,0.1285804973356425
ABANDONED,,,3929,1428,0.6421123417937196,0.1090133832823485
ABANDONED,,,746,3094,0.2112104619425721,0.591145254490897
ABANDONED,,,1982,208,0.7517287943235598,0.4714679902549833
ABANDONED,,,2702,4335,0.3208402437838725,0.9541045805122704
ABANDONED,,,2803,1252,0.1827608514090068,0.7435083360169082
ABANDONED,,,1881,2957,0.7347012892142869,0.19840768119134
ABANDONED,,,685,71,0.2926507148350588,0.8642008530516176
ABANDONED,,,3989,4159,0.8445434990494513,0.3196010209787636
ABANDONED,,,4934,639,0.5359482153531164,0.4169832229986786
ABANDONED,,,385,4842,0.1084986346125602,0.8991209237799048
ABANDONED,,,1580,1936,0.9267791577646508,0.038736608505249
ABANDONED,,,3748,3522,0.4992819680875167,0.5213752212673425
ABANDONED,,,3308,530,0.9851812428838572,0.9419195132683962
ABANDONED,,,1376,3991,0.4328311836528591,0.4904686681907624
ABANDONED,,,102,1733,0.5946122575380838,0.5711654760297387
ABANDONED,,,4572,2811,0.0422755425033159,0.1202150075640529
ABANDONED,,,4272,2415,0.358857612314634,0.1475818890966474
ABANDONED,,,1046,3378,0.7858975567447021,0.6609944293685257
ABANDONED,,,2320,1096,0.2492278304733335,0.2758887500725686
ABANDONED,,,3008,4676,0.6762811042148619,0.7898016966991125
ABANDONED,,,2916,1041,0.3846248756734654,0.006422614224255
ABANDONED,,,2392,4415,0.936937068049796,0.5533847170397638
ABANDONED,,,1118,2324,0.0259850391007959,0.384973533898592
ABANDONED,,,4180,3159,0.5783448552984743,0.931435230359435
ABANDONED,,,4505,1680,0.7690281269616446,0.8338969757352023
ABANDONED,,,188,2553,0.3419498393642715,0.3497222259584814
ABANDONED,,,1462,436,0.6288981342592276,0.713386967452243
ABANDONED,,,3241,3771,0.2018674853679723,0.2287118410635739
ABANDONED,,,3505,2155,0.687553586071357,0.30619267943874
ABANDONED,,,1804,3614,0.1356510151207447,0.7596805735118686
ABANDONED,,,608,898,0.8274234971890226,0.1777033245824277
ABANDONED,,,4691,4897,0.2755076118117198,0.630690306674689
ABANDONED,,,3760,293,0.0924453665335662,0.6034795521032064
ABANDONED,,,933,4253,0.5199332904414273,0.0882055638413876
ABANDONED,,,2128,1510,0.4508232460404746,0.97392923954688
ABANDONED,,,2574,3009,0.8782978108673356,0.458154428532347
ABANDONED,,,2526,1895,0.470680434289202,0.7519803121536969
ABANDONED,,,2157,3561,0.9133128152519464,0.2990986044108867
ABANDONED,,,882,678,0.1120424918035045,0.6392541143819689
ABANDONED,,,3792,4805,0.554718715856038,0.1858981738761067
ABANDONED,,,4742,35,0.8706912450362928,0.0804445418287068
ABANDONED,,,577,4199,0.3027180271075107,0.5963244189936667
ABANDONED,,,1852,1291,0.7305631761903874,0.4667792422715574
ABANDONED,,,3476,2916,0.1626337566970847,0.9821849164161832
ABANDONED,,,3271,1134,0.6643542078671976,0.5606659852974116
ABANDONED,,,1413,4634,0.2212817065851762,0.0140726029537618
ABANDONED,,,216,2378,0.8042260353989898,0.9233052871115504
ABANDONED,,,4458,3417,0.3611363794196397,0.3762381181456148
ABANDONED,,,4153,1772,0.0536384288704954,0.3569427261259406
ABANDONED,,,1165,2774,0.6211715413647703,0.8414858989473432
ABANDONED,,,2362,489,0.4120181950219906,0.2206428964119404
ABANDONED,,,2966,4030,0.9795341677037068,0.7047123718392104
ABANDONED,,,3035,398,0.2059600547171197,0.4987892064917832
ABANDONED,,,2273,3811,0.6490708991664462,0.9498704388160258
ABANDONED,,,1076,1717,0.3158479942866601,0.1127593317274004
ABANDONED,,,4222,2513,0.7589150254157371,0.5643142614457756
ABANDONED,,,4542,2284,0.574755454432778,0.6693757878094911
ABANDONED,,,151,3197,0.0072602087931707,0.155593813240528
ABANDONED,,,1348,1082,0.9655845027573406,0.7822849553450942
ABANDONED,,,3355,4377,0.3980454289127141,0.2689767673984169
ABANDONED,,,3697,1550,0.8991259782423265,0.1905212899055331
ABANDONED,,,1612,2971,0.4564552541122771,0.7350167696531861
ABANDONED,,,337,253,0.5085551062519662,0.3266381349842995
ABANDONED,,,4963,4291,0.0659015070497058,0.8716078177522867
ABANDONED,,,4037,936,0.2571943119015544,0.8912953600697219
ABANDONED,,,656,4857,0.8251296629756689,0.408552662666887
ABANDONED,,,1931,2116,0.1475626136461272,0.5283512771911919
ABANDONED,,,2772,3655,0.7155151343023404,0.046082812551409
ABANDONED,,,2673,760,0.7950347643993794,0.2567918116897344
ABANDONED,,,2031,4721,0.3480124331299215,0.8012855068743228
ABANDONED,,,718,1980,0.6851906381500885,0.1356136853024363
ABANDONED,,,3976,3479,0.2381244935603812,0.6805777764394879
ABANDONED,,,4905,1374,0.4224593103819526,0.583316002683714
ABANDONED,,,393,2834,0.9938469903361984,0.1005712827760726
ABANDONED,,,1706,116,0.0316740902624093,0.9610769483391196
ABANDONED,,,3602,4115,0.6030179420116357,0.478802654126659
ABANDONED,,,3417,2460,0.0981269139105454,0.0582590462081134
ABANDONED,,,1286,3333,0.5446138772180303,0.5093461081050336
ABANDONED,,,51,1218,0.4886806609731167,0.4285279499776661
ABANDONED,,,4642,4553,0.9351847492083906,0.8800849022008478
ABANDONED,,,4317,574,0.7438385898987762,0.8525957483556121
ABANDONED,,,982,3948,0.1719155270977877,0.3388193654175847
ABANDONED,,,2217,1854,0.8534531185721047,0.7238036944251508
ABANDONED,,,3092,2689,0.2815472253532148,0.2104972910415381
ABANDONED,,,2872,1635,0.5303048362473957,0.9933916564453392
ABANDONED,,,2457,2598,0.083780006085243,0.4467924445290118
ABANDONED,,,1222,313,0.8888989356433041,0.6153259297255426
ABANDONED,,,4097,3893,0.4424179485709406,0.0682567382548004
ABANDONED,,,4397,998,0.1265140158528461,0.1659182764440775
ABANDONED,,,277,4459,0.6983987354865298,0.6504558576345443
ABANDONED,,,1512,2202,0.2665982862632721,0.2869134181961417
ABANDONED,,,3171,3281,0.838526804332435,0.7709811090603471
ABANDONED,,,3533,171,0.3328129256838001,0.6934990512337535
ABANDONED,,,1795,4374,0.7798731238079257,0.2406191280540078
ABANDONED,,,482,1467,0.1929582528493367,0.8224740749280899
ABANDONED,,,4836,3052,0.6400012962761334,0.3691237260531634
ABANDONED,,,3891,2032,0.9473087589822708,0.3962131600789725
ABANDONED,,,783,3737,0.3759594221953302,0.912095059748739
ABANDONED,,,2096,854,0.5889461326433345,0.0262490819878876
ABANDONED,,,2588,4942,0.0175796560438349,0.5416605857051909
ABANDONED,,,2584,161,0.7988302225774154,0.9673604766819623
ABANDONED,,,2099,4365,0.3673852123567834,0.4813590778950601
ABANDONED,,,787,1476,0.657983371913433,0.5817569860834628
ABANDONED,,,3888,3062,0.2265555312748998,0.095254675315693
ABANDONED,,,4837,2042,0.4184504083245061,0.1379378779307007
ABANDONED,,,481,3746,0.9741997992123476,0.6869717097505927
ABANDONED,,,1794,844,0.059094681300316,0.2513952558040619
ABANDONED,,,3534,4932,0.6148611971159464,0.7999282648712396
ABANDONED,,,3173,1626,0.1174987442333251,0.7214718430470675
ABANDONED,,,1511,2588,0.5484083716072142,0.2041261257808655
ABANDONED,,,276,323,0.4771126475917175,0.8580150722917169
ABANDONED,,,4398,3903,0.9079784467605873,0.3401689486708491
ABANDONED,,,4093,1007,0.7241923402366228,0.4222367331422865
ABANDONED,,,1226,4469,0.1679075813868083,0.8775512762255966
ABANDONED,,,2461,2192,0.8652954322147182,0.0598408606015145
ABANDONED,,,2868,3271,0.3089668600446544,0.5146550270728766
ABANDONED,,,3096,2450,0.5030980760929173,0.285354461081326
ABANDONED,,,2213,3323,0.0722115498819388,0.7656645610854029
ABANDONED,,,978,1228,0.8926939472782425,0.172201864272356
ABANDONED,,,4321,4562,0.461790281254705,0.653012340888381
ABANDONED,,,4640,583,0.1539341008085757,0.6099294333253055
ABANDONED,,,53,3958,0.7102414845086634,0.0668995557371526
ABANDONED,,,1287,1844,0.2625898307489231,0.9957159085590392
ABANDONED,,,3416,2680,0.8188800597516819,0.453186437325552
ABANDONED,,,3601,750,0.3212435131340287,0.0316684654094278
ABANDONED,,,1707,4711,0.7526654221917503,0.5430102284438907
ABANDONED,,,394,1989,0.2123315418795682,0.3938813681863248
ABANDONED,,,4904,3489,0.643797249372769,0.905723953973502
ABANDONED,,,3979,1385,0.9591524717932566,0.8240559488069265
ABANDONED,,,714,2844,0.403380456055142,0.3744327045064419
ABANDONED,,,2027,106,0.5692984242737293,0.6872078938838094
ABANDONED,,,2676,4105,0.0135702516254037,0.2380855615641921
ABANDONED,,,2771,1560,0.4978566732229665,0.4643903294894844
ABANDONED,,,1932,2980,0.9249117331368848,0.975733877087012
ABANDONED,,,657,243,0.1082779418502003,0.0858982037324458
ABANDONED,,,4036,4281,0.5353158619515597,0.5977463811505584
ABANDONED,,,4966,926,0.8432405942055397,0.6330276920571923
ABANDONED,,,333,4848,0.2909056653431616,0.1834064702615141
ABANDONED,,,1608,2126,0.734602018962521,0.7534746086001395
ABANDONED,,,3701,3665,0.1822499354028142,0.3043581058531999
ABANDONED,,,3359,407,0.6759540672138333,0.2268770072292536
ABANDONED,,,1344,3821,0.2484589018654078,0.7071812776606529
ABANDONED,,,147,1707,0.7848222400328144,0.3554256318863481
ABANDONED,,,4546,2504,0.3573708731198683,0.8362340859975665
ABANDONED,,,4221,2275,0.0418251182020641,0.9257018586434425
ABANDONED,,,1077,3187,0.593719926745165,0.3826663894243538
ABANDONED,,,2274,1092,0.4316353226318023,0.5551895553432405
ABANDONED,,,3034,4387,0.9835739742646924,0.0126582995466887
ABANDONED,,,2967,1144,0.2021949986816383,0.7877385577633977
ABANDONED,,,2361,4645,0.6296675391797907,0.2703986700698733
ABANDONED,,,1164,2368,0.3430246797635219,0.6669868155419826
ABANDONED,,,4154,3408,0.770514389843773,0.1491427144259214
ABANDONED,,,4455,1762,0.5787948032870888,0.1142535686884075
ABANDONED,,,219,2764,0.0268768935810774,0.5695737034026533
ABANDONED,,,1416,499,0.93813340538349,0.4925627246815711
ABANDONED,,,3268,4039,0.3862326206052675,0.9473786757159977
ABANDONED,,,3473,1905,0.8797235820445231,0.5268341234661638
ABANDONED,,,1856,3571,0.4526911469808779,0.0408309401161968
ABANDONED,,,581,669,0.52015350689115,0.8975294114015996
ABANDONED,,,4738,4795,0.0930772436224855,0.4110215090028941
ABANDONED,,,3793,24,0.276810040342994,0.3211616455446928
ABANDONED,,,881,4189,0.8291680703682824,0.8701934548597782
ABANDONED,,,2156,1300,0.1357507616851478,0.1929178019519895
ABANDONED,,,2527,2926,0.6880649783901869,0.7414449814464897
ABANDONED,,,2578,2165,0.1633880461337975,0.0323388681262731
ABANDONED,,,2125,3624,0.7309058049879036,0.5189482378065586
ABANDONED,,,929,889,0.3042196436298079,0.418428027562797
ABANDONED,,,3764,4887,0.8717507317953743,0.9045669715479016
ABANDONED,,,4690,283,0.5555954399676993,0.8617624483872204
ABANDONED,,,610,4243,0.1125075701607391,0.3133365279752761
ABANDONED,,,1805,1519,0.9149359287086875,0.748790679866448
ABANDONED,,,3504,3019,0.4718614030979573,0.1998943635020405
ABANDONED,,,3240,1050,0.9813867150039411,0.278350041758269
ABANDONED,,,1463,4426,0.4134593198393471,0.7960586499236523
ABANDONED,,,190,2314,0.6218185339375399,0.1422920054681599
ABANDONED,,,4504,3150,0.0538435298363678,0.6595306340791284
ABANDONED,,,4184,1670,0.3628655840739608,0.5775861331727355
ABANDONED,,,1115,2543,0.8055438324552028,0.1226344215031713
ABANDONED,,,2388,446,0.2218082292726263,0.9404671391826122
ABANDONED,,,2920,3780,0.6644388240629807,0.4850455371867865
ABANDONED,,,3004,540,0.396193357925117,0.7148317125309259
ABANDONED,,,2324,4001,0.9641438542526216,0.2341578293461352
ABANDONED,,,1050,1723,0.0066127399077638,0.827499175870791
ABANDONED,,,4268,2801,0.5745498771542683,0.3472951830122619
ABANDONED,,,4574,2406,0.7571853444487788,0.3902558182626962
ABANDONED,,,101,3368,0.3145297209178097,0.9329218531847
ABANDONED,,,1374,1106,0.6485448527916334,0.0039841500744223
ABANDONED,,,3310,4685,0.205875914833974,0.5471201645508408
ABANDONED,,,3749,1262,0.7147613211782649,0.968639296432957
ABANDONED,,,1579,2966,0.1472204611612483,0.4566905737575143
ABANDONED,,,384,62,0.8236275701407342,0.6059407843034714
ABANDONED,,,4935,4149,0.2561343488298356,0.0944624575804919
ABANDONED,,,3985,629,0.0650243066254071,0.1762508910112083
ABANDONED,,,688,4833,0.5080895515820942,0.6252671161852777
ABANDONED,,,1884,1946,0.4548326169681735,0.3126132770963013
ABANDONED,,,2799,3533,0.8979454857462085,0.7620999279655515
ABANDONED,,,2704,804,0.6048243093132041,0.5359117217510939
ABANDONED,,,1980,4969,0.0329166299219243,0.0239574074447155
ABANDONED,,,744,2082,0.9944182864115572,0.9139144310876726
ABANDONED,,,3930,3708,0.4224972479392774,0.4024343198016285
ABANDONED,,,4874,1438,0.2400522982573136,0.3672734371591359
ABANDONED,,,444,3103,0.6865546003201976,0.8162838327605277
ABANDONED,,,1680,199,0.3487061043411493,0.2463370447102934
ABANDONED,,,3648,4325,0.795195091977343,0.6958216730747371
ABANDONED,,,3365,2230,0.2824992068615742,0.7733034557811916
ABANDONED,,,1319,3231,0.853841034282092,0.2926315951012075
ABANDONED,,,4,969,0.1735853191929869,0.6442658905871212
ABANDONED,,,4669,4509,0.7449747853196225,0.1640677273012697
ABANDONED,,,4369,364,0.9360162012923507,0.0744776823427528
ABANDONED,,,949,3864,0.4889480323739349,0.6171455018278211
ABANDONED,,,2264,1586,0.5461602671282366,0.4445009856205433
ABANDONED,,,3065,2625,0.0991397220311686,0.9876425917278974
ABANDONED,,,2820,1807,0.8375743465114384,0.2120738093722611
ABANDONED,,,2489,2719,0.2662098942406475,0.7297803950328379
ABANDONED,,,1175,622,0.6967294197039678,0.3333145516160875
ABANDONED,,,4124,3917,0.1253782967446371,0.8505473506543785
ABANDONED,,,4448,1187,0.4415869727996177,0.8855597799569367
ABANDONED,,,245,4601,0.8886320405551232,0.430606283724308
ABANDONED,,,1559,2490,0.0822331398623995,0.507739564500749
ABANDONED,,,3144,3287,0.5292915518141351,0.0523123708739876
ABANDONED,,,3564,146,0.0157728124296292,0.4728557036723941
ABANDONED,,,1744,4068,0.5877031166711822,0.9594706649836152
ABANDONED,,,509,1343,0.3753886024326085,0.1026498916428536
ABANDONED,,,4790,2882,0.9472712977375836,0.5887906201910227
ABANDONED,,,3860,2028,0.6380739678918383,0.6785291631035507
ABANDONED,,,834,3448,0.1915947669918648,0.1301090722642838
ABANDONED,,,2070,713,0.7791789762840606,0.8072624231167138
ABANDONED,,,2634,4750,0.3326521217931993,0.2583681292571127
ABANDONED,,,2651,1696,0.6539298062432556,0.8533714849073439
ABANDONED,,,2043,2532,0.206953089351207,0.3379903336334973
ABANDONED,,,857,418,0.7638034675972535,0.725110308745876
ABANDONED,,,3846,3793,0.3168134065089747,0.2092592076603323
ABANDONED,,,4771,1063,0.000414240750391,0.0571466220915317
ABANDONED,,,537,4398,0.571847520197276,0.5105270557254553
ABANDONED,,,1723,2302,0.3912270907240919,0.4278245179727673
ABANDONED,,,3575,3176,0.9626470408595166,0.8807350315377115
ABANDONED,,,3155,271,0.4574511503433808,0.583965864336118
ABANDONED,,,1538,4269,0.903983936415054,0.0998681184556335
ABANDONED,,,274,1532,0.066864057675004,0.9622581636440009
ABANDONED,,,4429,2991,0.5134444973375648,0.4776899623256176
ABANDONED,,,4110,2137,0.8222226850866339,0.2555535201095044
ABANDONED,,,1199,3637,0.2503454897041432,0.8025923293940723
ABANDONED,,,2463,915,0.7125767160580493,0.1347848617173731
ABANDONED,,,2836,4876,0.1407471296121366,0.6813533047921955
ABANDONED,,,3079,694,0.9201589340030216,0.3975200978517532
ABANDONED,,,2240,4782,0.4735882810766808,0.9108566454797982
ABANDONED,,,976,1879,0.5615372047529555,0.0270247255936265
ABANDONED,,,4353,3584,0.1149798662533052,0.5408316394314169
ABANDONED,,,4658,1313,0.2978592074787244,0.692795771660283
ABANDONED,,,26,2900,0.8696980596939102,0.2412691123951226
ABANDONED,,,1290,11,0.1577454019635915,0.8213612678740173
ABANDONED,,,3384,4215,0.7295976132597775,0.3703050640467554
ABANDONED,,,3667,2355,0.2241885970261879,0.1670993467532098
ABANDONED,,,1651,3434,0.6712031807729043,0.6493433182649314
ABANDONED,,,465,1157,0.3640747102159075,0.2875636702217161
ABANDONED,,,4863,4619,0.8110416701412759,0.770277561802417
ABANDONED,,,3913,473,0.6201754944253712,0.9925625019725411
ABANDONED,,,771,4053,0.0487805581457912,0.4475682963337749
ABANDONED,,,1957,1788,0.9785714663701132,0.6140877236556261
ABANDONED,,,2718,2750,0.4071288913844153,0.0695634678285568
ABANDONED,,,2778,337,0.0808720699891448,0.3581217739302665
ABANDONED,,,1896,3877,0.5234588663440197,0.8403601538110524
ABANDONED,,,670,1612,0.4394804848125204,0.2212873188648372
ABANDONED,,,4014,2614,0.8820805955940858,0.7039994258824736
ABANDONED,,,4959,2218,0.6993917719812132,0.559835046261549
ABANDONED,,,370,3258,0.1313729247902519,0.014835011050105
ABANDONED,,,1596,982,0.839492218415346,0.9220614894106984
ABANDONED,,,3723,4482,0.2714867303053848,0.3775352110788225
ABANDONED,,,3284,1450,0.7730242997499182,0.0817418429609388
ABANDONED,,,1391,3076,0.3299059459341689,0.5950804130937905
ABANDONED,,,86,187,0.6331858103815466,0.4675414421688765
ABANDONED,,,4598,4352,0.1900198327444493,0.9813541855793446
ABANDONED,,,4297,831,0.3808173822286538,0.7512676338814199
ABANDONED,,,1031,4957,0.9483046570739708,0.2997427591793239
ABANDONED,,,2335,2055,0.0224690489900298,0.6381281015612184
ABANDONED,,,2983,3721,0.589908685129229,0.1870774893648922
ABANDONED,,,2891,1961,0.3470192496481351,0.8919396300911903
ABANDONED,,,2407,3500,0.7901759466311893,0.4078398617058992
ABANDONED,,,1103,778,0.2371589324903674,0.5295307079330087
ABANDONED,,,4205,4700,0.6803022852771914,0.0449566770419478
ABANDONED,,,4530,96,0.9967548352630808,0.1892771687526255
ABANDONED,,,173,4133,0.4293054272724315,0.7363141934741289
ABANDONED,,,1477,1396,0.6059553146008401,0.3258072888944297
ABANDONED,,,3216,2816,0.0384925772987306,0.8723701403383166
ABANDONED,,,3480,1239,0.5397560083539223,0.670138318594545
ABANDONED,,,1819,4534,0.0971308688317425,0.1547627589516341
ABANDONED,,,593,2439,0.9302954474314116,0.7835821709670125
ABANDONED,,,4716,3352,0.4877179615001194,0.2677328544445335
ABANDONED,,,3786,1872,0.178764498142898,0.4976633386667818
ABANDONED,,,917,2669,0.7467454784791917,0.9510496018733828
ABANDONED,,,2143,555,0.2883628582349047,0.1120462630819529
ABANDONED,,,2550,3969,0.8563914475077762,0.5649587991517036
ABANDONED,,,2503,941,0.2614497792423702,0.1464503998979926
ABANDONED,,,2171,4520,0.8133141037766821,0.6621944420710206
ABANDONED,,,868,2258,0.1515913561715744,0.2751967690140009
ABANDONED,,,3815,3220,0.7034385557780973,0.7904403750896453
ABANDONED,,,4765,1575,0.8955772993162274,0.9426762442234904
ABANDONED,,,563,2654,0.4680516499590128,0.4896586420033127
ABANDONED,,,1866,375,0.5047797025104984,0.5724834818113596
ABANDONED,,,3453,3837,0.0772368835711851,0.1189655327219516
ABANDONED,,,3247,2094,0.5634409761282614,0.4157334804721176
ABANDONED,,,1427,3680,0.0110145952395163,0.9004391972459853
ABANDONED,,,202,794,0.9539823316198772,0.037926850002259
ABANDONED,,,4482,4997,0.4015997640513814,0.5221316845379769
ABANDONED,,,4177,227,0.2180575314583256,0.7441468062084167
ABANDONED,,,1151,4314,0.6450211393458769,0.1977159083317965
ABANDONED,,,2376,1410,0.3276577781949192,0.8654010739531368
ABANDONED,,,2942,3114,0.7546652142874896,0.3184693235810845
ABANDONED,,,3012,1357,0.0571868082405999,0.6027876639906316
ABANDONED,,,2287,2857,0.6095753222746774,0.0888441567216068
ABANDONED,,,1062,132,0.4157932992074638,0.9727974268961695
ABANDONED,,,4246,4094,0.96819896793887,0.4593547721225768
ABANDONED,,,4566,739,0.660098921004217,0.3075110681578516
ABANDONED,,,137,4737,0.2330969699493609,0.7584307082965969
ABANDONED,,,1362,2002,0.800197473351378,0.1784599031060934
ABANDONED,,,3332,3461,0.3732126621090807,0.6298804254829883
ABANDONED,,,3673,596,0.8585939450517297,0.833086826859042
ABANDONED,,,1626,3930,0.3067674873720854,0.3504790721666067
ABANDONED,,,323,1833,0.718753569038771,0.712137369921431
ABANDONED,,,4986,2706,0.1668832682693376,0.2300299620982259
ABANDONED,,,4061,2476,0.4819946167589165,0.0076227496154606
ABANDONED,,,642,3312,0.909558609283436,0.5522531125880777
ABANDONED,,,1945,1201,0.1236443671061657,0.3856123349778354
ABANDONED,,,2748,4575,0.5511645611952058,0.930743134047836
ABANDONED,,,2686,2340,0.9437850883302278,0.6420586890801787
ABANDONED,,,2007,3136,0.3875308134892024,0.159452718950808
ABANDONED,,,742,1025,0.585161442666035,0.778404203608632
ABANDONED,,,3961,4439,0.0289243225223384,0.2963023874163627
ABANDONED,,,4891,459,0.3370929212648421,0.4403444947246462
ABANDONED,,,417,3754,0.7680330326475203,0.9849768802020697
ABANDONED,,,1682,1657,0.1969772291051223,0.0776290515530854
ABANDONED,,,3616,2569,0.6279344803003594,0.6227656801957637
ABANDONED,,,3431,876,0.1385598145334981,0.9185602082796394
ABANDONED,,,1262,4913,0.6944006574477068,0.404610871437937
ABANDONED,,,75,2178,0.2784440336362458,0.532271192651242
ABANDONED,,,4628,3598,0.8342410334606654,0.0188265153728425
ABANDONED,,,4303,1493,0.51893915247377,0.2490334953349083
ABANDONED,,,1006,3033,0.0875855942795053,0.6999475438427178
ABANDONED,,,2193,308,0.8773332005620001,0.3616835517492145
ABANDONED,,,3107,4230,0.4459358439322561,0.8131022895630448
ABANDONED,,,2885,51,0.7395582947617396,0.1077501970473676
ABANDONED,,,2433,4177,0.1837557950148358,0.5924617433939128
ABANDONED,,,1246,1273,0.8494338427603245,0.4706485951114445
ABANDONED,,,4082,2938,0.2936142180856317,0.954855452151969
ABANDONED,,,4382,1918,0.1016507650404237,0.8104136398956179
ABANDONED,,,301,3543,0.533042190089356,0.2639883336499333
ABANDONED,,,1488,657,0.4924655314282513,0.6743729361742735
ABANDONED,,,3185,4821,0.9238397868950852,0.1274429703652858
ABANDONED,,,3547,1750,0.433825170912221,0.3296740485411137
ABANDONED,,,1771,2790,0.9900411025859416,0.8454163061510771
ABANDONED,,,506,511,0.0432400021003559,0.2167191961910575
ABANDONED,,,4822,4012,0.5994997470943257,0.7319572106357664
ABANDONED,,,3877,1117,0.7829886698839253,0.5021500099785626
ABANDONED,,,807,4657,0.3520106916465796,0.0491303852535784
ABANDONED,,,2072,2395,0.6733445949423126,0.8882560261003672
ABANDONED,,,2602,3396,0.242410444909986,0.4347322474382817
ABANDONED,,,2615,2388,0.389174047433678,0.6238171968031674
ABANDONED,,,2087,3388,0.9410458887767978,0.0754211380798369
ABANDONED,,,812,1125,0.0298497533223591,0.986698217684403
ABANDONED,,,3881,4664,0.5816739559593609,0.4378322388920933
ABANDONED,,,4806,518,0.7656507401071488,0.2933937355130911
ABANDONED,,,493,4020,0.3381325777892023,0.7800327289402484
ABANDONED,,,1768,1743,0.6248372424913569,0.157335684351623
ABANDONED,,,3541,2784,0.1972714563520625,0.6435047279670834
ABANDONED,,,3199,649,0.6910355830888263,0.8155236516501754
ABANDONED,,,1504,4815,0.1386321694000623,0.3605423162337392
ABANDONED,,,307,1924,0.8321110377703793,0.702551868258044
ABANDONED,,,4386,3551,0.2797209831626154,0.2471001666318625
ABANDONED,,,4066,1281,0.0882451533192768,0.0172876792065799
ABANDONED,,,1232,2945,0.5152317581763491,0.5349664256833494
ABANDONED,,,2429,44,0.4478295290153473,0.4033768535144627
ABANDONED,,,2879,4169,0.8748294482991099,0.9205851445533336
ABANDONED,,,3122,302,0.1871135460669174,0.1289195847660302
ABANDONED,,,2206,4222,0.7394943349054082,0.6716161952018737
ABANDONED,,,1009,1502,0.2957359378438442,0.2652819559797644
ABANDONED,,,4309,3039,0.8481643356189131,0.8084490218535065
ABANDONED,,,4615,2185,0.5323748314301482,0.9524953600633888
ABANDONED,,,59,3606,0.1053651254101656,0.47185229033418
ABANDONED,,,1256,868,0.9219392548178322,0.5897968628052622
ABANDONED,,,3428,4906,0.4949772023887373,0.1096241592857986
ABANDONED,,,3633,1649,0.9884062636516988,0.437579629343003
ABANDONED,,,1696,2562,0.4365570471588522,0.8865650410614908
ABANDONED,,,421,466,0.5985817586792633,0.0513079760260879
ABANDONED,,,4898,3762,0.0467192128749564,0.5007633375562724
ABANDONED,,,3948,1033,0.354399950259272,0.7309679157938808
ABANDONED,,,726,4446,0.781941213740129,0.2189886176045983
ABANDONED,,,2001,2333,0.2455156014165841,0.843635364262387
ABANDONED,,,2682,3129,0.6730435207012109,0.3321259861420839
ABANDONED,,,2744,1208,0.8139879521955736,0.1218127956558018
ABANDONED,,,1940,4582,0.2577261903152801,0.5707926157433539
ABANDONED,,,627,2469,0.7053179514820687,0.4918361138049512
ABANDONED,,,4047,3304,0.1491037985383532,0.9412896907720714
ABANDONED,,,4992,1825,0.4647027702298015,0.7894511992186308
ABANDONED,,,326,2699,0.8956353648036717,0.2774660714566707
ABANDONED,,,1639,603,0.0750906932512298,0.6604136191532016
ABANDONED,,,3689,3938,0.5060709414159879,0.1489022185280919
ABANDONED,,,3328,2009,0.0086484973288141,0.319945819010958
ABANDONED,,,1356,3469,0.5644663432735018,0.8626444519516081
ABANDONED,,,121,731,0.3984863316127099,0.1990094116907566
ABANDONED,,,4553,4730,0.9542908482459372,0.7421823071371763
ABANDONED,,,4253,126,0.6466786626694723,0.5197717114202677
ABANDONED,,,1066,4085,0.2153021372752264,0.0391304262541234
ABANDONED,,,2301,1365,0.7555763557083904,0.8977744356282055
ABANDONED,,,3028,2863,0.3241864861179142,0.4176073237396776
ABANDONED,,,2936,1418,0.6119483862577006,0.6323019065409898
ABANDONED,,,2373,3121,0.0561536414759233,0.1773185486197471
ABANDONED,,,1138,220,0.9713203190751372,0.7610351516827941
ABANDONED,,,4161,4306,0.4154779355872422,0.3055776204839348
ABANDONED,,,4485,785,0.2314478416359983,0.4578158169854432
ABANDONED,,,208,4991,0.6628469918805174,0.975492778899148
ABANDONED,,,1442,2100,0.3723089630731381,0.0876100198272615
ABANDONED,,,3260,3688,0.8036604894963093,0.6048127192351967
ABANDONED,,,3446,382,0.3060858393337577,0.9317947696261109
ABANDONED,,,1862,3844,0.8623245000511408,0.3834043025337159
ABANDONED,,,549,1567,0.1649970255712047,0.553974569041282
ABANDONED,,,4749,2647,0.7212490453695877,0.0051103748120367
ABANDONED,,,3819,2251,0.9129001657058484,0.2271211912240833
ABANDONED,,,874,3212,0.481944946281705,0.7137660142239182
ABANDONED,,,2187,949,0.5533024755830876,0.3483619185965508
ABANDONED,,,2516,4527,0.1223605705856345,0.8345329847168176
ABANDONED,,,2546,563,0.5263198530849069,0.3758762292042374
ABANDONED,,,2138,3976,0.0793508613884449,0.9248787716850638
ABANDONED,,,902,1865,0.8856898694882169,0.0134803417921066
ABANDONED,,,3772,2661,0.4386770793562754,0.5619825374037027
ABANDONED,,,4722,2431,0.130211242922116,0.7062987089846283
ABANDONED,,,596,3345,0.7016522773341276,0.2202662588004022
ABANDONED,,,1832,1246,0.2710704777146689,0.8428419531006365
ABANDONED,,,3496,4542,0.8424676690368912,0.356309066819027
ABANDONED,,,3212,1402,0.3297117443410679,0.1842908867038786
ABANDONED,,,1471,2824,0.7762672892259433,0.6396364811845123
ABANDONED,,,157,88,0.188621036491543,0.2977482794485986
ABANDONED,,,4517,4126,0.6351937211889773,0.7525930214338004
ABANDONED,,,4212,771,0.9521341362542473,0.9825258776377886
ABANDONED,,,1107,4692,0.380279669915419,0.4652114497106522
ABANDONED,,,2421,1969,0.5925345222749747,0.5969223721679299
ABANDONED,,,2907,3507,0.0206972106334753,0.0791070620026439
ABANDONED,,,2977,2063,0.7903617532140575,0.8712578147444873
ABANDONED,,,2332,3727,0.3437835834789089,0.3281978375259786
ABANDONED,,,1018,824,0.6816936391451395,0.7344097746927291
ABANDONED,,,4281,4949,0.2351592976150102,0.19185067971237
ABANDONED,,,4601,179,0.4254689820198342,0.0476829614713788
ABANDONED,,,92,4345,0.997300347195752,0.5279627239033579
ABANDONED,,,1406,1457,0.0358588214553892,0.4098958493769168
ABANDONED,,,3297,3084,0.6077339999515563,0.890676464304328
ABANDONED,,,3716,988,0.0942772053976543,0.5627198342811315
ABANDONED,,,1592,4490,0.5412688219443895,0.1131269275527447
ABANDONED,,,356,2210,0.4841169635380618,0.9485062946435064
ABANDONED,,,4943,3251,0.9310914105026982,0.499413824012503
ABANDONED,,,4018,1605,0.7479149599667638,0.2693324698545038
ABANDONED,,,676,2606,0.1764970267176627,0.7807043325193225
ABANDONED,,,1912,344,0.8568145470926538,0.1561798879168927
ABANDONED,,,2791,3884,0.2853794889157638,0.6680520974509419
ABANDONED,,,2731,1781,0.2107987631611525,0.8784961856380104
ABANDONED,,,1972,2742,0.6533778045509009,0.4289050634726881
ABANDONED,,,776,481,0.3194230490250513,0.5079838674664497
ABANDONED,,,3917,4060,0.7620459186198189,0.058896988466382
ABANDONED,,,4847,1164,0.5716676079832947,0.2108587040994316
ABANDONED,,,452,4627,0.0036410355967469,0.7222325892690568
ABANDONED,,,1648,2347,0.9612339552274904,0.3394073436278849
ABANDONED,,,3661,3427,0.3932511961611919,0.8512853827346116
ABANDONED,,,3398,3,0.9028365439260378,0.6802410981692373
ABANDONED,,,1306,4208,0.459695461066626,0.137175291378051
ABANDONED,,,32,1320,0.513013955367729,0.8006880295835435
ABANDONED,,,4662,2908,0.0698557029262185,0.2581269120983779
ABANDONED,,,4337,1888,0.2532226710746995,0.4804161277841776
ABANDONED,,,962,3591,0.8206871871068142,0.9606902985852211
ABANDONED,,,2236,688,0.1443402088765986,0.1019239871557802
ABANDONED,,,3073,4774,0.7117875999809242,0.5827028175201266
ABANDONED,,,2851,908,0.4747434731851331,0.3675183424148708
ABANDONED,,,2476,4868,0.9179076572074554,0.8228697664681822
ABANDONED,,,1203,2145,0.1154172552173025,0.2392745136935263
ABANDONED,,,4116,3644,0.5585376408041454,0.6941212781835348
ABANDONED,,,4416,1539,0.8668282016301527,0.542003450460732
ABANDONED,,,258,2999,0.2993863104483112,0.0246946141645312
ABANDONED,,,1532,263,0.726012809927389,0.9126987235248089
ABANDONED,,,3152,4263,0.1585270756557583,0.3948851979225874
ABANDONED,,,3592,2295,0.6673505408906378,0.0679043669831007
ABANDONED,,,1737,3169,0.2247483983379788,0.6169051249008625
ABANDONED,,,541,1070,0.8084241089276037,0.4462135081049055
ABANDONED,,,4778,4406,0.3658391061875037,0.994710112085566
ABANDONED,,,3833,426,0.0489520753495395,0.7725769638754427
ABANDONED,,,841,3800,0.6169560228858143,0.2865424911864101
ABANDONED,,,2037,1690,0.4085345346314832,0.6518252365253865
ABANDONED,,,2647,2524,0.9765556368650868,0.1652865206710994
ABANDONED,,,2618,720,0.0335984863470308,0.6969335227850824
ABANDONED,,,2056,4758,0.6010934863879345,0.2439469719622284
ABANDONED,,,830,2020,0.4243836990241892,0.8181877756584435
ABANDONED,,,3854,3441,0.991922542154882,0.3647004020828753
ABANDONED,,,4804,1337,0.6832128355110064,0.3997075594887137
ABANDONED,,,525,2875,0.2401022366603836,0.9154828910008072
ABANDONED,,,1751,154,0.7930569692026824,0.0219009438902139
ABANDONED,,,3568,4075,0.349990168787539,0.5371753634214401
ABANDONED,,,3128,2498,0.8514677023732103,0.9898820324819534
ABANDONED,,,1546,3293,0.2835325820130296,0.4434198452662676
ABANDONED,,,241,1181,0.7418531662574968,0.6196892849411815
ABANDONED,,,4443,4593,0.1739008911999873,0.0727267211135476
ABANDONED,,,4137,614,0.490597428613156,0.1624685877747833
ABANDONED,,,1191,3910,0.9332679220292716,0.6471432531513273
ABANDONED,,,2495,1814,0.1000436889929696,0.2912149420194327
ABANDONED,,,2823,2727,0.5426970425965264,0.775389201041311
ABANDONED,,,3051,1592,0.2685757837645709,0.0539718286320567
ABANDONED,,,2248,2633,0.8365492472920567,0.5049218063428998
ABANDONED,,,943,356,0.1284915207965299,0.4319614288657903
ABANDONED,,,4365,3858,0.6964211710037663,0.8834118129312992
ABANDONED,,,4685,962,0.8869747256183065,0.8482485434357075
ABANDONED,,,18,4501,0.4443420990568585,0.3343351357970386
ABANDONED,,,1322,2238,0.5283806187800131,0.7272990716267376
ABANDONED,,,3371,3238,0.0857041640135459,0.2138860406000167
ABANDONED,,,3635,207,0.5870295361781492,0.2611542560346424
ABANDONED,,,1664,4332,0.0194961929699406,0.8057545193769037
ABANDONED,,,438,1431,0.9453921699594706,0.1321030761115253
ABANDONED,,,4871,3095,0.3778759516790509,0.677204251434654
ABANDONED,,,3945,2075,0.1949433787952177,0.5876184522490948
ABANDONED,,,757,3701,0.6380161107911728,0.1049803599845618
ABANDONED,,,1984,811,0.3347980441872961,0.9576282300259918
ABANDONED,,,2709,4977,0.77788794576535,0.4754909605141728
ABANDONED,,,2806,1938,0.7325409118480048,0.2026806092504412
ABANDONED,,,1888,3526,0.1606559615003876,0.7472826571557671
ABANDONED,,,702,635,0.8726689881362952,0.3153306507933885
ABANDONED,,,4001,4840,0.3007402244684286,0.8604374177474527
ABANDONED,,,4931,70,0.1101180436221882,0.9033946846351028
ABANDONED,,,377,4156,0.5566431044982745,0.4207586148753762
ABANDONED,,,1563,1255,0.4687559786655008,0.5171056838780641
ABANDONED,,,3735,2958,0.915237211336568,0.0349742439389228
ABANDONED,,,3315,1099,0.4101013604004867,0.4867051139157265
ABANDONED,,,1378,4677,0.981450942786131,0.937649262053892
ABANDONED,,,114,2414,0.0517216016913764,0.1239896856155246
ABANDONED,,,4589,3375,0.6230883090048097,0.5754380471762269
ABANDONED,,,4265,1729,0.8062113995011895,0.6572317078895867
ABANDONED,,,1044,2809,0.3591509557783603,0.1433127086199819
ABANDONED,,,2308,532,0.6663395645270123,0.7935772075466812
ABANDONED,,,2991,3995,0.2192962903862819,0.2801623919568955
ABANDONED,,,2924,438,0.9675086606856436,0.5493594863340258
ABANDONED,,,2395,3773,0.3961212114453315,0.0029031286910176
ABANDONED,,,1131,1677,0.5766796049186959,0.9354655173271894
ABANDONED,,,4198,2551,0.0053359987681731,0.3885049760043621
ABANDONED,,,4498,2322,0.3138704298038966,0.3456961624566465
ABANDONED,,,186,3156,0.760892530359421,0.8303764194641262
ABANDONED,,,1449,1044,0.2039824976767413,0.2327412952352315
ABANDONED,,,3224,4417,0.6510483966677449,0.7169173388201743
ABANDONED,,,3507,1512,0.1455774356035515,0.7632116587050259
ABANDONED,,,1811,3011,0.7175002528058365,0.3102233233191072
ABANDONED,,,625,290,0.2552091264165937,0.6271709401123226
ABANDONED,,,4703,4250,0.8271147889215498,0.1736779749058187
ABANDONED,,,3758,896,0.5104716357356868,0.091735816238448
ABANDONED,,,926,4895,0.0639849180269055,0.607509125245735
ABANDONED,,,2112,2157,0.901042515168432,0.4546342291738837
ABANDONED,,,2562,3617,0.4545386576470918,0.9699028191324324
ABANDONED,,,2534,1292,0.9287645814059302,0.3028810155689716
ABANDONED,,,2160,2919,0.497296603985317,0.7562318254560231
ABANDONED,,,895,31,0.5379336315520107,0.1821123720481991
ABANDONED,,,3809,4197,0.1065132779527455,0.6349927859827876
ABANDONED,,,4734,676,0.2907339397526346,0.6001059973556548
ABANDONED,,,574,4802,0.8464603336709551,0.0846949843931943
ABANDONED,,,1840,1898,0.1808440837689675,0.9783982817921788
ABANDONED,,,3459,3563,0.7366181163934059,0.4625168431345373
ABANDONED,,,3273,492,0.247303441831097,0.0098113935254514
ABANDONED,,,1420,4031,0.6782055523961781,0.5568800644986331
ABANDONED,,,233,1770,0.3569332162300124,0.3804892745353281
ABANDONED,,,4470,2770,0.7878220123684033,0.9270880551822483
ABANDONED,,,4151,2375,0.596590052734781,0.837223856722936
ABANDONED,,,1158,3416,0.0402978068456985,0.3531557345893234
ABANDONED,,,2345,1136,0.9871590455229394,0.7089626954328268
ABANDONED,,,2954,4638,0.4308534405528567,0.2244245937447995
ABANDONED,,,3038,1084,0.630814723282028,0.946327634992078
ABANDONED,,,2281,4380,0.1999509558842517,0.4947701622713357
ABANDONED,,,1094,2281,0.77094472342683,0.567852841803804
ABANDONED,,,4235,3195,0.3400333024381659,0.1167653486374765
ABANDONED,,,4540,1715,0.0239999205972999,0.152051842212677
ABANDONED,,,144,2511,0.5803300333410502,0.6653578143268823
ABANDONED,,,1331,400,0.3826397497275844,0.2725161805525422
ABANDONED,,,3343,3813,0.9389222535347564,0.7862920429930091
ABANDONED,,,3704,2119,0.4488457410967908,0.7390231434758752
ABANDONED,,,1614,3657,0.880275375350099,0.1940595133509487
ABANDONED,,,348,934,0.0904678690322674,0.8675886545609682
ABANDONED,,,4979,4854,0.5219108474818058,0.3230954501312225
ABANDONED,,,4030,250,0.8293477146564051,0.4125598692856728
ABANDONED,,,654,4288,0.2735834538834169,0.8948346542529761
ABANDONED,,,1919,1553,0.6894777960963547,0.0420644821561872
ABANDONED,,,2755,2974,0.1337268646348267,0.5248096630759536
ABANDONED,,,2660,113,0.3702391437167301,0.7975063079297542
ABANDONED,,,2014,4113,0.7973172006001696,0.252537086173892
ABANDONED,,,710,1377,0.2301567971628159,0.6843667904809116
ABANDONED,,,3973,2837,0.6571872004553676,0.1398718014881014
ABANDONED,,,4918,1983,0.973030049798917,0.0967931545693427
ABANDONED,,,410,3481,0.4207180881365202,0.5790621099639683
ABANDONED,,,1714,758,0.6144378296052105,0.4825927389059215
ABANDONED,,,3605,4718,0.0620782590062357,0.9653358973208814
ABANDONED,,,3400,1852,0.5482223566375672,0.5136038673780858
ABANDONED,,,1274,2687,0.1207346783284097,0.0620484171621501
ABANDONED,,,49,576,0.9065868845058604,0.8758302956558764
ABANDONED,,,4635,3950,0.4791125503929331,0.4247486320622265
ABANDONED,,,4334,1220,0.1717442350261844,0.3430781954284757
ABANDONED,,,994,4556,0.7236465603780932,0.8563859521057456
ABANDONED,,,2219,2457,0.3116008242747746,0.2062437552344054
ABANDONED,,,3099,3331,0.8635164789381437,0.7200252093058079
ABANDONED,,,2854,2199,0.0724054835491813,0.4503396502751856
ABANDONED,,,2444,3279,0.4998552950036712,0.9974062987435608
ABANDONED,,,1219,999,0.4631888095817528,0.0647225598189979
ABANDONED,,,4089,4462,0.8906862448575906,0.6113155108932405
ABANDONED,,,4414,317,0.7064122732542454,0.6540019926428795
ABANDONED,,,290,3895,0.1544716047350317,0.1699320859462022
ABANDONED,,,1514,1634,0.8162544905317947,0.7674458598867058
ABANDONED,,,3179,2595,0.2643614607186988,0.2829021665677428
ABANDONED,,,3521,852,0.7498046438376418,0.2366085902508348
ABANDONED,,,1778,4939,0.3227644538088701,0.689964991768822
ABANDONED,,,475,2035,0.6401881838654166,0.3731387252639979
ABANDONED,,,4834,3739,0.2131346794099546,0.8260209237616509
ABANDONED,,,3903,1468,0.404541929536499,0.9080834512077272
ABANDONED,,,800,3056,0.9568922343662007,0.3926782678179442
ABANDONED,,,2103,168,0.0139862958293408,0.5456745141781866
ABANDONED,,,2590,4373,0.5663232415780424,0.0297950980253517
ABANDONED,,,2594,1483,0.1092223572439514,0.2209158444032073
ABANDONED,,,2110,3060,0.5361995400416664,0.7055968301072716
ABANDONED,,,796,164,0.4990459021487272,0.3575221430808305
ABANDONED,,,3898,4357,0.9260402396437712,0.8416984097361565
ABANDONED,,,4828,846,0.735425679799728,0.9236391500476748
ABANDONED,,,471,4925,0.1830123975085094,0.3771834913585335
ABANDONED,,,1785,2049,0.8443071782089769,0.5611844910252838
ABANDONED,,,3524,3744,0.2919110357303172,0.0142242025155574
ABANDONED,,,3182,330,0.7856458915670402,0.4659562305994331
ABANDONED,,,1521,3900,0.3581333408073522,0.9817288109101356
ABANDONED,,,285,1628,0.6770206642414442,0.0804153038077056
ABANDONED,,,4408,2581,0.2494642703919671,0.5956836706958711
ABANDONED,,,4084,2195,0.4325797398861497,0.638492017654702
ABANDONED,,,1216,3264,0.9844576393306256,0.1855029833149164
ABANDONED,,,2452,1015,0.0430143415460363,0.7518901629056781
ABANDONED,,,2857,4466,0.5948484425550326,0.2983969448860734
ABANDONED,,,3105,1225,0.3422012626644224,0.5291747647468
ABANDONED,,,2223,4570,0.769751680278778,0.0465384421739727
ABANDONED,,,987,2443,0.2011286435315385,0.891325073974207
ABANDONED,,,4332,3326,0.6286619362181052,0.4091929350811988
ABANDONED,,,4632,1837,0.9371887462516316,0.3274007075950503
ABANDONED,,,42,2682,0.3853491899744607,0.8720025324299931
ABANDONED,,,1278,581,0.5776053455079905,0.1906119150370359
ABANDONED,,,3405,3965,0.025748619648721,0.7357179532945156
ABANDONED,,,3610,1987,0.5192088570622727,0.7820115314703435
ABANDONED,,,1718,3496,0.0921938074098899,0.2680927850138395
ABANDONED,,,404,743,0.8785341112412512,0.6687958949711174
ABANDONED,,,4915,4713,0.4515628749091177,0.1553817783351987
ABANDONED,,,3970,99,0.134927342725452,0.1124249929077923
ABANDONED,,,704,4107,0.6873022818493657,0.5633693641163408
ABANDONED,,,2018,1382,0.2757436907746829,0.4982702248804271
ABANDONED,,,2666,2851,0.8281624581036157,0.949719315137714
ABANDONED,,,2761,236,0.6588677793572657,0.7235283651575445
ABANDONED,,,1922,4283,0.2275011225654743,0.2096152103319764
ABANDONED,,,648,1558,0.7999575234179384,0.852017757192254
ABANDONED,,,4025,2988,0.3685737416983582,0.3386054251194
ABANDONED,,,4975,2124,0.0598564140522852,0.4281917094830423
ABANDONED,,,343,3672,0.6156836820563301,0.8791419102642684
ABANDONED,,,1617,919,0.4194569843780249,0.0577419699896127
ABANDONED,,,3711,4850,0.975267082799971,0.5091930827517062
ABANDONED,,,3350,1700,0.4778743859254754,0.9618985305018724
ABANDONED,,,1334,2506,0.9088009223979898,0.4792601854242384
ABANDONED,,,138,405,0.1185053184262476,0.5833476182632147
ABANDONED,,,4536,3828,0.5494756682190112,0.1012096497975289
ABANDONED,,,4231,1089,0.8661798266343772,0.1363743562381714
ABANDONED,,,1088,4394,0.3099124531958252,0.6809743965100497
ABANDONED,,,2283,2267,0.7253196503801271,0.2568843422140926
ABANDONED,,,3045,3190,0.1690961051465943,0.8019847888406366
ABANDONED,,,2958,2371,0.8919324433796108,0.0254279757086187
ABANDONED,,,2351,3400,0.4609675637397915,0.5412025785241275
ABANDONED,,,1155,1151,0.502091743777506,0.3961820203829556
ABANDONED,,,4144,4642,0.0711440188350156,0.9114562168437988
ABANDONED,,,4464,506,0.261705194451753,0.8217138798758387
ABANDONED,,,230,4037,0.8179347010356373,0.3687266300991177
ABANDONED,,,1426,1765,0.1528065562299452,0.6934069965928792
ABANDONED,,,3278,2757,0.7090532026263884,0.2399193702042102
ABANDONED,,,3464,671,0.2114469000006094,0.2871882715802639
ABANDONED,,,1845,4788,0.6428518999597058,0.7718636656533927
ABANDONED,,,571,1912,0.3201159704159945,0.1664957917239517
ABANDONED,,,4728,3569,0.7514771272853016,0.650670273816213
ABANDONED,,,3802,1308,0.5685369333992712,0.6156616943366826
ABANDONED,,,891,2923,0.0127475322498939,0.0692002060748636
ABANDONED,,,2165,27,0.958146130174864,0.9939082567803562
ABANDONED,,,2538,4182,0.4023129305900074,0.4469459457658231
ABANDONED,,,2568,881,0.9935955651754512,0.7787825486380607
ABANDONED,,,2116,4890,0.421735755204223,0.2947133408952504
ABANDONED,,,918,2162,0.6037567819874734,0.6426657258663326
ABANDONED,,,3755,3631,0.0319102864429354,0.1581222853604704
ABANDONED,,,4700,1517,0.3477607567886821,0.0760583209693431
ABANDONED,,,619,3026,0.7943104519589804,0.623125698134303
ABANDONED,,,1815,276,0.2388640052114613,0.4390023964121937
ABANDONED,,,3513,4246,0.6854270594627596,0.9855955705568193
ABANDONED,,,3230,2307,0.1726399586163461,0.5338647024389356
ABANDONED,,,1454,3152,0.7440901471618562,0.0184588200952857
ABANDONED,,,179,1048,0.281310923118703,0.9198946292530744
ABANDONED,,,4495,4432,0.8527134878428652,0.4040149602871388
ABANDONED,,,4194,443,0.5453375514739192,0.3613279933594167
ABANDONED,,,1124,3787,0.0983782199931331,0.8146836661808192
ABANDONED,,,2399,1663,0.9349486721060238,0.2484187886454164
ABANDONED,,,2929,2546,0.4879417019191197,0.7013007640726864
ABANDONED,,,2994,1725,0.6976750147157348,0.4710123606324195
ABANDONED,,,2314,2794,0.1262626930248923,0.953281092956662
ABANDONED,,,1039,547,0.8387628721318207,0.1083731108680367
ABANDONED,,,4259,3999,0.2673372062447481,0.5911155405864119
ABANDONED,,,4584,1113,0.0830556136392057,0.6727873992938547
ABANDONED,,,110,4683,0.5300532882872969,0.1278179247248917
ABANDONED,,,1385,2408,0.4426542675508186,0.8090871918294578
ABANDONED,,,3319,3361,0.8896386128874496,0.2645915038827806
ABANDONED,,,3739,64,0.3762110892335884,0.2182971821390092
ABANDONED,,,1570,4142,0.948033032350149,0.7316051618866622
ABANDONED,,,373,1269,0.0168400978778488,0.3310234022177755
ABANDONED,,,4926,2964,0.5887096945852972,0.8448055849857627
ABANDONED,,,3995,1954,0.7801245657140388,0.8878847022112459
ABANDONED,,,698,3530,0.3335365273764356,0.4363295048084109
ABANDONED,,,1895,632,0.6392624953728168,0.5015499943327159
ABANDONED,,,2808,4825,0.1927220659717917,0.0504690296929329
ABANDONED,,,2714,2090,0.3034569452283903,0.2767708307821303
ABANDONED,,,1990,3705,0.8709273109750822,0.7900770259667188
ABANDONED,,,755,807,0.1623824320085346,0.1477958293948322
ABANDONED,,,3939,4961,0.7298394535589962,0.6615724205318838
ABANDONED,,,4864,201,0.914052494356688,0.572108467966318
ABANDONED,,,435,4318,0.4709167551296762,0.1205512480586767
ABANDONED,,,1669,1445,0.5544671697565354,0.9420725386217236
ABANDONED,,,3639,3101,0.1113181012180633,0.4909857444092631
ABANDONED,,,3375,976,0.6209351014461368,0.0382790772076696
ABANDONED,,,1327,4507,0.052898868843913,0.5205536391045898
ABANDONED,,,15,2232,0.9802584392109884,0.4163448559772223
ABANDONED,,,4678,3224,0.4122698601996526,0.899089308200404
ABANDONED,,,4359,1588,0.2210455215682275,0.863804232981056
ABANDONED,,,940,2618,0.6636154088244773,0.3188403500430285
ABANDONED,,,2253,371,0.3618599829728715,0.7428090540505946
ABANDONED,,,3056,3862,0.8044774791656993,0.1983151506669819
ABANDONED,,,2830,619,0.0074964068342931,0.9743872467279434
ABANDONED,,,2499,3924,0.5754942962692118,0.4589755348116159
ABANDONED,,,1186,1799,0.3973218755955807,0.6041183950081467
ABANDONED,,,4133,2722,0.96533307945719,0.0882367035374045
ABANDONED,,,4438,2483,0.649307318618521,0.1781004205364734
ABANDONED,,,236,3288,0.2066995645076036,0.6314505017269402
ABANDONED,,,1549,1185,0.7581907111147418,0.3068924372885376
ABANDONED,,,3135,4608,0.3155963160848244,0.7597726281527429
ABANDONED,,,3574,1341,0.8243900341070257,0.7125044108591972
ABANDONED,,,1754,2890,0.2569580115276388,0.2284369876794516
ABANDONED,,,519,139,0.7157666934260167,0.8336825595535337
ABANDONED,,,4799,4070,0.1482870470252819,0.3491447106786072
ABANDONED,,,3850,706,0.4557162931976839,0.3840300660785287
ABANDONED,,,824,4753,0.8988898992793634,0.9310994657482952
ABANDONED,,,2059,2025,0.0661528112716972,0.0062691129874438
ABANDONED,,,2625,3456,0.5092787786472589,0.5528681167047471
ABANDONED,,,2640,411,0.4403648662080056,0.0835970812290906
ABANDONED,,,2034,3795,0.8830262054906227,0.6012733144462109
ABANDONED,,,847,1694,0.0819993968780152,0.4618301181718706
ABANDONED,,,3837,2539,0.524647377079632,0.9790325945094228
ABANDONED,,,4781,2300,0.8402539697732775,0.7570212966371328
ABANDONED,,,546,3183,0.272309189197421,0.302037239762023
ABANDONED,,,1734,1056,0.7003983294287696,0.6363152317944915
ABANDONED,,,3585,4400,0.1324402344262227,0.1808574477825313
ABANDONED,,,3145,1525,0.6339475598788819,0.3519017304889857
ABANDONED,,,1528,2994,0.1908423046606592,0.8385472821854055
ABANDONED,,,263,268,0.7740308627792633,0.2235817975886165
ABANDONED,,,4420,4277,0.3309732462671585,0.7097530867792666
ABANDONED,,,4120,913,0.0233534396884962,0.557513457050547
ABANDONED,,,1208,4883,0.5908542894439772,0.0091236889120191
ABANDONED,,,2473,2130,0.3819446960933506,0.9282543926220386
ABANDONED,,,2845,3639,0.9494931696701794,0.3793904512058943
ABANDONED,,,3068,1882,0.2363974248705431,0.6646701729167253
ABANDONED,,,2231,3577,0.6794795789258554,0.152685297967866
ABANDONED,,,965,701,0.3460129210539162,0.7851932828668505
ABANDONED,,,4344,4779,0.7891084044206887,0.2736825811956077
ABANDONED,,,4668,19,0.6050706894672476,0.4960936435014009
ABANDONED,,,35,4212,0.0375472148614935,0.945073686659336
ABANDONED,,,1300,1316,0.9956272795208728,0.117555795751512
ABANDONED,,,3393,2892,0.4281171491113491,0.5670101014152169
ABANDONED,,,3657,1160,0.9294108241584152,0.8939909342136234
ABANDONED,,,1642,4611,0.4867725860387086,0.4133493962343782
ABANDONED,,,455,2362,0.5386284470299258,0.5235547945778816
ABANDONED,,,4854,3431,0.0959425999736413,0.0433869837354868
ABANDONED,,,3924,1795,0.2876013413120992,0.1952268936447799
ABANDONED,,,780,2748,0.8555687467382289,0.7379253035150468
ABANDONED,,,1967,475,0.1777581825728528,0.3237298260517418
ABANDONED,,,2727,4046,0.7456779344080947,0.8669019928015768
ABANDONED,,,2788,1619,0.7647478718274273,0.5782145809978246
ABANDONED,,,1905,2612,0.3176970883202738,0.0975712584555149
ABANDONED,,,680,339,0.6551190463325939,0.9640772198960184
ABANDONED,,,4023,3870,0.2080815921369008,0.483903817422688
ABANDONED,,,4949,984,0.3920507552824914,0.2537006612587719
ABANDONED,,,360,4475,0.9634094918016344,0.7963970486242324
ABANDONED,,,1585,2226,0.0014808210326358,0.1405023721996694
ABANDONED,,,3714,3255,0.572852901748009,0.6836687093768268
ABANDONED,,,3294,194,0.0676877352575771,0.8556868876330554
ABANDONED,,,1400,4349,0.5142069464190862,0.3437078422568738
ABANDONED,,,97,1453,0.4585177213226445,0.7189150261171162
ABANDONED,,,4607,3068,0.9049893235475756,0.20740634695068
ABANDONED,,,4287,2058,0.7135211147064343,0.0633604790475219
ABANDONED,,,1022,3714,0.141630820726417,0.5123461138363927
ABANDONED,,,2325,838,0.8234119270365685,0.4255276598315685
ABANDONED,,,2974,4955,0.2514739794656634,0.874983750058338
ABANDONED,,,2902,776,0.5607137690478936,0.1686742766369134
ABANDONED,,,2416,4707,0.1142171827366575,0.6553139987606555
ABANDONED,,,1113,1954,0.919092597458884,0.2820555652026087
ABANDONED,,,4215,3502,0.472582652066648,0.7682248318884521
ABANDONED,,,4520,1388,0.1568007688800804,0.9980358823686836
ABANDONED,,,164,2818,0.7287141640230081,0.4496405225992202
ABANDONED,,,1467,93,0.2966697236512787,0.61247803940624
ABANDONED,,,3207,4140,0.8685698043675161,0.063612313427031
ABANDONED,,,3490,2437,0.3631300641082227,0.3915689453091472
ABANDONED,,,1828,3359,0.8101582227651029,0.909246963089332
ABANDONED,,,603,1232,0.2229991225017234,0.0290969537179917
ABANDONED,,,4725,4537,0.6700749198647215,0.5463050216864794
ABANDONED,,,3775,548,0.97774803624684,0.6907430398873984
ABANDONED,,,908,3971,0.4063661985647864,0.2357610055170953
ABANDONED,,,2133,1870,0.6191091560206377,0.8273319465108215
ABANDONED,,,2540,2676,0.0477749421599321,0.3718799920715391
ABANDONED,,,2512,2265,0.58439874798581,0.916223851809278
ABANDONED,,,2182,3218,0.0281008905384689,0.3989143165592104
ABANDONED,,,877,943,0.9427794704837724,0.5384798148889095
ABANDONED,,,3826,4513,0.3864644732238724,0.0206660364735871
ABANDONED,,,4756,378,0.1960937835895456,0.242798714376986
ABANDONED,,,553,3829,0.6269898360532709,0.6981494097337126
ABANDONED,,,1857,1582,0.3359646622172556,0.3639937197566032
ABANDONED,,,3442,2651,0.766843559983652,0.8188402611762285
ABANDONED,,,3257,801,0.2775605825388803,0.6477966625522821
ABANDONED,,,1437,4995,0.8332963985165581,0.1617628888171166
ABANDONED,,,211,2096,0.1374315573465078,0.7766060713585466
ABANDONED,,,4493,3673,0.6932111717596648,0.2900676083173602
ABANDONED,,,4168,1412,0.8765705189059488,0.4421840139664709
ABANDONED,,,1141,3107,0.4451124100877903,0.9911855005808174
ABANDONED,,,2367,234,0.5179335253243335,0.0719324948154389
ABANDONED,,,2932,4312,0.0865192595959641,0.6204293218664824
ABANDONED,,,3021,130,0.850317535735201,0.3356385406926274
ABANDONED,,,2297,4100,0.2945586185946129,0.8470126489326358
ABANDONED,,,1071,1350,0.740686786383856,0.2146260143220424
ABANDONED,,,4257,2859,0.1849450388253666,0.7265047821253539
ABANDONED,,,4557,1995,0.4932279786491766,0.5042160516176372
ABANDONED,,,127,3464,0.924663462617062,0.0546251822654157
ABANDONED,,,1353,736,0.1026561503123492,0.8822644234616309
ABANDONED,,,3321,4745,0.5341087592080235,0.4331782434154302
ABANDONED,,,3683,1830,0.0440024549030698,0.1061961911655962
ABANDONED,,,1636,2713,0.6003234135133214,0.5864701388962567
ABANDONED,,,332,588,0.4348305543235503,0.476143390264362
ABANDONED,,,4997,3933,0.9911076847287826,0.956921491932124
ABANDONED,,,4052,1194,0.6742282748930156,0.8049612132441252
ABANDONED,,,632,4578,0.2433548472795635,0.2618951536398381
ABANDONED,,,1936,2474,0.7841171708090231,0.6759692808147519
ABANDONED,,,2738,3319,0.3531999298753216,0.1334074643757194
ABANDONED,,,2677,1018,0.1507686535414308,0.4219630267117172
ABANDONED,,,1997,4441,0.7026770369946956,0.9022425660733132
ABANDONED,,,733,2337,0.2603822333106771,0.0356152543444186
ABANDONED,,,3951,3143,0.8123077863460406,0.516395140575245
ABANDONED,,,4901,1654,0.5038343289096839,0.7464779279604554
ABANDONED,,,427,2577,0.076352262158785,0.2034176979288458
ABANDONED,,,1691,452,0.8943890323187224,0.8591910240650176
ABANDONED,,,3627,3757,0.4669240904956124,0.3166312301307916
ABANDONED,,,3422,2171,0.953036967322044,0.1446123083066195
ABANDONED,,,1252,3601,0.4007151370571926,0.6559843940418214
ABANDONED,,,66,873,0.5622526961065829,0.28089856046997
ABANDONED,,,4617,4920,0.0098870376367121,0.7927714987006038
ABANDONED,,,4312,306,0.3268350737041793,0.9369396984018384
ABANDONED,,,1016,4237,0.7539037085282616,0.4873470444865524
ABANDONED,,,2202,1487,0.2169899911084212,0.5742868487797677
ABANDONED,,,3117,3035,0.6440148126122541,0.1251950771026313
ABANDONED,,,2876,1275,0.4167389053828082,0.8310184058025479
ABANDONED,,,2423,2931,0.9690833604979328,0.3449866545721888
ABANDONED,,,1237,58,0.0583753226974047,0.7181227860748767
ABANDONED,,,4072,4175,0.6107026379999704,0.231590152606368
ABANDONED,,,4392,664,0.8010199434069916,0.0016558780465275
ABANDONED,,,311,4819,0.3739744097458198,0.5506591492239385
ABANDONED,,,1497,1920,0.6611662194766104,0.38769933036156
ABANDONED,,,3196,3536,0.2341035311181098,0.9362017490435393
ABANDONED,,,3538,514,0.7195760297914034,0.6082462771274149
ABANDONED,,,1761,4004,0.1676450214878655,0.0909311502464115
ABANDONED,,,497,1758,0.8596612565482966,0.9712034616731106
ABANDONED,,,4811,2787,0.3077740466802381,0.4533878986947238
ABANDONED,,,3886,2402,0.1245899751421064,0.3090712605249136
ABANDONED,,,817,3394,0.5520489407300949,0.7644161263089627
ABANDONED,,,2081,1119,0.4831831256339326,0.1729674873705953
ABANDONED,,,2613,4650,0.9106859343117102,0.6278120062854141
ABANDONED,,,2606,1131,0.706140410374105,0.3139965532720088
ABANDONED,,,2077,4662,0.1498655498962849,0.8610328790396452
ABANDONED,,,803,2390,0.8150552618315443,0.2010873634293675
ABANDONED,,,3870,3381,0.2587327477628365,0.7476499620601534
ABANDONED,,,4815,1745,0.0760363031477667,0.5177208999115974
ABANDONED,,,503,2776,0.5069553228114732,0.0336204028297215
ABANDONED,,,1777,526,0.4658912809654138,0.9037508118543772
ABANDONED,,,3551,4018,0.8967626916925423,0.4191765578929335
ABANDONED,,,3190,1932,0.3994319359274581,0.1233820279501378
ABANDONED,,,1494,3549,0.9551752389444038,0.576768990110606
ABANDONED,,,298,652,0.0098370099250227,0.4863260885216295
ABANDONED,,,4376,4807,0.5655936571381986,0.9392388774044812
ABANDONED,,,4075,46,0.7563988276246004,0.7949188560005276
ABANDONED,,,1243,4162,0.3249482356152497,0.2795440250542015
ABANDONED,,,2438,1288,0.6477459630024618,0.6588020481001585
ABANDONED,,,2890,2943,0.2163087003045715,0.1429529546480625
ABANDONED,,,3113,1499,0.9703749566379002,0.9341158996839076
ABANDONED,,,2195,3046,0.4145933104536496,0.3891160875428468
ABANDONED,,,1000,294,0.6107601080966181,0.5477811769340187
ABANDONED,,,4299,4224,0.0550260857337154,0.0032556272987276
ABANDONED,,,4624,860,0.371486256721802,0.2333407420516014
ABANDONED,,,70,4909,0.802898981876485,0.715579374745488
ABANDONED,,,1266,2182,0.2303802994254976,0.3460669770017266
ABANDONED,,,3438,3614,0.6618406632862985,0.8287797829732299
ABANDONED,,,3623,463,0.1641743248016573,0.6265487066563218
ABANDONED,,,1685,3770,0.7204875284467823,0.1750236088838428
ABANDONED,,,412,1641,0.3050182952626608,0.7628485140632838
ABANDONED,,,4888,2565,0.8613181844810955,0.3117971731703728
ABANDONED,,,3957,2326,0.5523571001216769,0.4559610676132142
ABANDONED,,,736,3130,0.1214759473126381,0.969299384932965
ABANDONED,,,2010,1031,0.9117118968477472,0.0933218029774725
ABANDONED,,,2693,4453,0.4808173849577084,0.6071338474340737
ABANDONED,,,2754,2463,0.0306122042644768,0.8175768425762652
ABANDONED,,,1950,3306,0.5824976205177606,0.3660499602407217
ABANDONED,,,636,1206,0.390179428984411,0.6965816785171627
ABANDONED,,,4058,4589,0.9421124690590426,0.2455247459933161
ABANDONED,,,4983,600,0.6257209243026562,0.0232393243629485
ABANDONED,,,316,3946,0.1982158605822361,0.5365756191778926
ABANDONED,,,1630,1817,0.7667792428928427,0.4013050882611423
ABANDONED,,,3679,2702,0.3393218178785405,0.915111303145066
ABANDONED,,,3337,723,0.8329947288846598,0.61834335353598
ABANDONED,,,1366,4733,0.2806653818110004,0.0733493709675967
ABANDONED,,,130,2006,0.6921640728503465,0.9883074093200264
ABANDONED,,,4563,3477,0.1398214113499969,0.443783882189542
ABANDONED,,,4244,1363,0.4485919780968688,0.2918183167334645
ABANDONED,,,1056,2871,0.875653125881683,0.7740625410582869
ABANDONED,,,2292,119,0.0892505404517985,0.1628433302175253
ABANDONED,,,3017,4088,0.5162983291556126,0.6455579207520931
ABANDONED,,,2945,222,0.294852488607075,0.4313653132338076
ABANDONED,,,2383,4299,0.847219702535402,0.8847464458215982
ABANDONED,,,1147,1425,0.1859852907405234,0.0536043452713638
ABANDONED,,,4172,3119,0.7383048510779626,0.5065151116494089
ABANDONED,,,4476,2108,0.9211765713011844,0.7286520204544066
ABANDONED,,,197,3685,0.4941537666836753,0.2132715978771448
ABANDONED,,,1433,788,0.5313692024201154,0.849830184020102
ABANDONED,,,3250,4983,0.1042987888660281,0.3339793060049414
ABANDONED,,,3455,1569,0.5978190658596344,0.1307729064878076
ABANDONED,,,1873,2639,0.0458957827516831,0.6778110168185085
ABANDONED,,,559,389,0.9874006476658396,0.2595649381112307
ABANDONED,,,4759,3842,0.4354907087541185,0.8061331283729523
ABANDONED,,,3810,956,0.2446321540404111,0.9582471322976052
ABANDONED,,,864,4525,0.6720988745935261,0.4741486577205359
ABANDONED,,,2178,2253,0.3532716893510892,0.5879782657064497
ABANDONED,,,2506,3205,0.7807517392156645,0.1034098413176834
ABANDONED,,,2556,1858,0.3184784047779626,0.6856940174344927
ABANDONED,,,2147,2663,0.7611624731042422,0.1392679824922233
ABANDONED,,,912,561,0.2096092904972843,0.7990921478141098
ABANDONED,,,3781,3983,0.6522495455033145,0.2521619589347392
ABANDONED,,,4711,1243,0.9604105232436208,0.4819705928191542
ABANDONED,,,587,4550,0.3924885014809668,0.9666814402118324
ABANDONED,,,1822,2424,0.5706012677179649,0.0964296808987855
ABANDONED,,,3486,3348,0.0026354177502915,0.5806362851262092
ABANDONED,,,3223,80,0.5121905215232632,0.8764296551030129
ABANDONED,,,1480,4129,0.069093021270167,0.4234107590746134
ABANDONED,,,167,1400,0.9017702092424966,0.513975010951981
ABANDONED,,,4526,2831,0.4586898339171893,0.0604514553602784
ABANDONED,,,4201,1967,0.1433955739324912,0.204893749076873
ABANDONED,,,1098,3514,0.7109041488835587,0.7206367056407034
ABANDONED,,,2411,765,0.2520331853866576,0.3415000328831374
ABANDONED,,,2898,4694,0.819558929919824,0.856738300140947
ABANDONED,,,2987,826,0.1162409309392795,0.0660643551275134
ABANDONED,,,2341,4942,0.5593000880250706,0.6106969934180378
ABANDONED,,,1028,2070,0.4758100423038005,0.451909601971507
ABANDONED,,,4290,3725,0.9189130424793808,0.9970469295680522
ABANDONED,,,4590,1465,0.7269572104363701,0.7668385312501341
ABANDONED,,,83,3081,0.1594107686306349,0.2842327841911465
ABANDONED,,,1396,182,0.8680174454406834,0.6536228798795491
ABANDONED,,,3287,4337,0.3005148020704276,0.1715217923838645
ABANDONED,,,3727,2213,0.8093685112971812,0.3737536122687161
ABANDONED,,,1601,3243,0.3667227861382066,0.8246674079634249
ABANDONED,,,366,996,0.6685397791193797,0.2369648048393428
ABANDONED,,,4952,4487,0.2258768992630764,0.6883828436993062
ABANDONED,,,4007,352,0.4093582010504789,0.5443402698021382
ABANDONED,,,667,3881,0.9773180896678008,0.0303907098900526
ABANDONED,,,1901,1608,0.0500186574923805,0.906490593900904
ABANDONED,,,2782,2598,0.6179614062971435,0.3930451879259199
ABANDONED,,,2720,488,0.8848052480758167,0.1827311869505792
ABANDONED,,,1963,4057,0.4377317057554609,0.6336505742762237
ABANDONED,,,766,1784,0.5251922936215065,0.3032411580551415
ABANDONED,,,3908,2735,0.0781625943909399,0.7546609814781695
ABANDONED,,,4858,2350,0.2703089589312672,0.9770677236542104
ABANDONED,,,461,3419,0.8416449664067476,0.4631239933148026
ABANDONED,,,1658,1172,0.1292049254914745,0.5985168262869119
ABANDONED,,,3670,4624,0.7005847314024343,0.0850734428167343
ABANDONED,,,3387,1328,0.187859530732315,0.3818426118772477
ABANDONED,,,1297,2905,0.6343710166982374,0.9264732276629656
ABANDONED,,,22,6,0.3287054176074452,0.0113928872551769
ABANDONED,,,4652,4200,0.7751997488760389,0.5565243852790444
ABANDONED,,,4347,690,0.5916498952807858,0.7083666671700775
ABANDONED,,,971,4767,0.019751846335642,0.2257591355480253
ABANDONED,,,2246,1895,0.9510065786514432,0.8368560443334281
ABANDONED,,,3082,3589,0.3790913898937404,0.3547493652068078
ABANDONED,,,2841,2143,0.6824553867818787,0.5684558874890208
ABANDONED,,,2467,3650,0.2359817676706239,0.1154390139654278
ABANDONED,,,1192,901,0.7913683143828064,0.9467024648040532
ABANDONED,,,4107,4870,0.3448508819513022,0.4931847387850284
ABANDONED,,,4427,256,0.0367432140144519,0.2711701022926717
ABANDONED,,,267,4265,0.6086796061269008,0.7869148434195667
ABANDONED,,,1542,1536,0.4265962977451272,0.1504776075650006
ABANDONED,,,3161,3007,0.9984888616525568,0.6657214664537459
ABANDONED,,,3581,1067,0.4850013430729508,0.8689271818883717
ABANDONED,,,1728,4413,0.9320370185386389,0.3224955553151667
ABANDONED,,,531,2287,0.0954045304259285,0.7406202837340534
ABANDONED,,,4768,3172,0.5424573308194056,0.1936883102916181
ABANDONED,,,3843,1682,0.8575763003111817,0.041453878102824
ABANDONED,,,850,2526,0.2862019496683962,0.5261588959228247
ABANDONED,,,2047,424,0.7489215192749163,0.4122079376485198
ABANDONED,,,2656,3807,0.1775643382142297,0.8964125193711369
ABANDONED,,,2628,2012,0.8734314502419904,0.4885332268252968
ABANDONED,,,2065,3444,0.3015638853056356,0.9438540604934096
ABANDONED,,,840,717,0.7335462822351604,0.118281692802906
ABANDONED,,,3863,4766,0.1617225455038249,0.5730978966504335
ABANDONED,,,4793,152,0.4696396567556075,0.6629582452867179
ABANDONED,,,515,4081,0.9161816267303192,0.1456190862897783
ABANDONED,,,1740,1330,0.1112465501290746,0.7917676689643413
ABANDONED,,,3559,2877,0.5578323334240354,0.2739237909186631
ABANDONED,,,3139,1173,0.0526052667573094,0.1964420063532889
ABANDONED,,,1555,4595,0.624032726259157,0.7454731167145073
ABANDONED,,,252,2495,0.4112298762103542,0.3176370266042649
ABANDONED,,,4452,3300,0.9826401661301032,0.8661639532856643
ABANDONED,,,4127,1811,0.6671020322144962,0.9010545359682292
ABANDONED,,,1182,2735,0.2201199419205076,0.4150506239216774
ABANDONED,,,2485,606,0.8072167680277488,0.5233104841765016
ABANDONED,,,2814,3913,0.3602175528059713,0.036802358707413
ABANDONED,,,3062,359,0.575796174287889,0.757747795978561
ABANDONED,,,2256,3850,0.0043913396363146,0.3081263511124998
ABANDONED,,,953,1600,0.9663803867532872,0.6287558784205466
ABANDONED,,,4375,2631,0.3949317536662332,0.1796386469770222
ABANDONED,,,4675,2245,0.2032197881117462,0.0901704040244221
ABANDONED,,,9,3236,0.6502249795686453,0.6015136988088488
ABANDONED,,,1312,964,0.3128648268422111,0.4601175882518291
ABANDONED,,,3362,4494,0.759826175209321,0.9719650667160749
ABANDONED,,,3645,1433,0.2544464298757724,0.5514217357765883
ABANDONED,,,1673,3088,0.826291369961854,0.0083864896278828
ABANDONED,,,448,214,0.1445718233388848,0.929470092749223
ABANDONED,,,4880,4330,0.7164339032375253,0.3869395656492561
ABANDONED,,,3935,819,0.9001590789558365,0.3516568326689302
ABANDONED,,,748,4975,0.4535940078182145,0.8319613559134303
ABANDONED,,,1973,2077,0.5093433636639267,0.2306443211697042
ABANDONED,,,2700,3694,0.0627954472236335,0.7114534742347896
ABANDONED,,,2795,643,0.4252061839645728,0.9841493085995316
ABANDONED,,,1879,4838,0.9926842749068514,0.4411196540817618
ABANDONED,,,692,1941,0.0346657699346542,0.6214964441061019
ABANDONED,,,3992,3518,0.6021000624414533,0.0789677015691995
ABANDONED,,,4941,1257,0.7940025604932569,0.1606342883799224
ABANDONED,,,387,2952,0.3508745762313715,0.6409446411971002
ABANDONED,,,1574,77,0.6844013648525811,0.2969205554146319
ABANDONED,,,3744,4154,0.2412295375009067,0.7777317309845238
ABANDONED,,,3305,2421,0.7427987594086676,0.6992760508693754
ABANDONED,,,1368,3373,0.1747852856196462,0.2496525834985077
ABANDONED,,,103,1101,0.8526562261329964,0.8119891618452965
ABANDONED,,,4580,4670,0.2846598921565338,0.3628661008290946
ABANDONED,,,4275,534,0.100866164630372,0.4059485418032854
ABANDONED,,,1053,3987,0.5434587809302844,0.9172900520246476
ABANDONED,,,2318,1737,0.4916647252249531,0.019600754564628
ABANDONED,,,3000,2806,0.9342744962221942,0.5314426413979381
ABANDONED,,,2914,1674,0.1275461620804853,0.2627182405982166
ABANDONED,,,2386,2559,0.6955365347065962,0.8117513734642416
ABANDONED,,,1120,430,0.267387501882296,0.1266144823152571
ABANDONED,,,4188,3776,0.8354217027134261,0.6751472385693341
ABANDONED,,,4508,1037,0.5275579012650996,0.5930808873251079
ABANDONED,,,195,4420,0.0849426601149141,0.1070787598416209
ABANDONED,,,1460,2320,0.8859071945713833,0.9560380569994448
ABANDONED,,,3233,3164,0.4433357667414471,0.4695355231612921
ABANDONED,,,3497,288,0.9445694505839608,0.0480163931380957
ABANDONED,,,1802,4257,0.3771144608045928,0.5033316351752727
ABANDONED,,,615,1506,0.5859620107130147,0.4340598305817693
ABANDONED,,,4694,3013,0.0184898513515479,0.8888742498662323
ABANDONED,,,3769,2149,0.3338526947742327,0.8461915287114679
ABANDONED,,,935,3620,0.7770033038863912,0.3288465401418507
ABANDONED,,,2122,893,0.1937550838887691,0.7332959238551557
ABANDONED,,,2572,4903,0.6368885680731385,0.215450023304671
ABANDONED,,,2525,39,0.2292721571444533,0.5112784562278538
ABANDONED,,,2149,4194,0.6562418529029003,0.0563256886918097
ABANDONED,,,885,1295,0.3691116028592921,0.8820194066707044
ABANDONED,,,3799,2911,0.7961289075543173,0.4265924361143261
ABANDONED,,,4743,1901,0.6136763368701562,0.3368543597906827
ABANDONED,,,585,3556,0.0612555377701297,0.8545616444051266
ABANDONED,,,1849,684,0.972023706319928,0.2085344120189547
ABANDONED,,,3469,4799,0.4196505608107894,0.7257674638703465
ABANDONED,,,3264,1777,0.9058253824678248,0.8032485643532126
ABANDONED,,,1409,2768,0.4782898347386159,0.2548277448173612
ABANDONED,,,223,494,0.5472160261827521,0.6825424846392125
ABANDONED,,,4460,4024,0.1196671491420827,0.1336479677092284
ABANDONED,,,4160,1139,0.3107161861170082,0.0986369567625224
ABANDONED,,,1169,4630,0.8625711183615029,0.5852512191198767
ABANDONED,,,2355,2382,0.1706166885869577,0.4768700085766613
ABANDONED,,,2964,3413,0.7224582766352221,0.9630104843117296
ABANDONED,,,3029,2279,0.4639505460549145,0.2425545229464769
ABANDONED,,,2270,3202,0.8915087186343967,0.6915646657347679
ABANDONED,,,1084,1076,0.0734120558815077,0.37105744048208
ABANDONED,,,4225,4383,0.500922589754872,0.8205413698926568
ABANDONED,,,4549,394,0.8171388868120499,0.9101309333909304
ABANDONED,,,154,3815,0.2653070557304658,0.3981763960141688
ABANDONED,,,1340,1713,0.707539585258346,0.5396948086265475
ABANDONED,,,3353,2518,0.1556601303554139,0.0282139686439186
ABANDONED,,,3695,932,0.6410725894486531,0.4487585190348327
ABANDONED,,,1604,4862,0.2140802688399329,0.9914265913330018
ABANDONED,,,340,2112,0.7509319428175688,0.0702206861563026
ABANDONED,,,4969,3659,0.3239529812898486,0.6133629912175238
ABANDONED,,,4039,1545,0.0147480304419063,0.6485224406328051
ABANDONED,,,665,2976,0.5671457283790223,0.1678508030232042
ABANDONED,,,1928,247,0.4055485074506141,0.7690455357115715
ABANDONED,,,2765,4296,0.9579595198144204,0.2888481011223048
ABANDONED,,,2669,1369,0.5369889835837297,0.016036656813696
ABANDONED,,,2024,2840,0.1056298436007462,0.5587029445488005
ABANDONED,,,720,110,0.9275751124632544,0.3782038524691015
ABANDONED,,,3983,4120,0.4961683337741531,0.9213405658993868
ABANDONED,,,4909,756,0.1800206629486754,0.8395506955236196
ABANDONED,,,400,4725,0.7358554179919883,0.3588770354092121
ABANDONED,,,1704,1975,0.2896675883237272,0.7027788191363215
ABANDONED,,,3595,3483,0.8454547195456921,0.2225755549743771
ABANDONED,,,3409,569,0.3561098009915091,0.3010319786574691
ABANDONED,,,1284,3952,0.7870593046640046,0.7500479510184377
ABANDONED,,,58,1850,0.2462370885415934,0.1878336747270077
ABANDONED,,,4645,2693,0.6771999512950889,0.637319626642391
ABANDONED,,,4325,2454,0.9862143845304848,0.5943585062138736
ABANDONED,,,983,3339,0.4299700080614536,0.0824095604680478
ABANDONED,,,2209,1213,0.5954005930950865,0.9802211599834262
ABANDONED,,,3089,4558,0.0391695310527458,0.468742104563862
ABANDONED,,,2863,1002,0.7717683731004595,0.7369818477779627
ABANDONED,,,2455,4454,0.3407957682650536,0.1885551986694335
ABANDONED,,,1229,2207,0.6318813184490427,0.873570739530027
ABANDONED,,,4099,3276,0.2009563225502148,0.3246742000952362
ABANDONED,,,4405,1641,0.3835841688425279,0.4066201230753213
ABANDONED,,,279,2593,0.9398059204612857,0.8932287938017398
ABANDONED,,,1506,319,0.0251891458018682,0.0441481463555246
ABANDONED,,,3169,3888,0.5814585510115138,0.5302868375275283
ABANDONED,,,3530,2038,0.0914122825654223,0.9518048075847328
ABANDONED,,,1789,3731,0.5227945237113162,0.4968538246117532
ABANDONED,,,484,860,0.4500349681619554,0.5662469794936477
ABANDONED,,,4844,4936,0.8814038799963891,0.1108256005682051
ABANDONED,,,3894,176,0.6903014587941579,0.1536305940356105
ABANDONED,,,789,4370,0.1344893286011181,0.6713399011548608
ABANDONED,,,2093,1471,0.8304143005204387,0.2670118677299469
ABANDONED,,,2580,3048,0.2745888261311687,0.7842507491540163
ABANDONED,,,2579,1011,0.2168353141612373,0.1093232233971357
ABANDONED,,,2095,4473,0.6442923819410614,0.5901053998172283
COMPLETED,0.7099999999999999,3.0,790,2189,0.3264336556472815,0.4720388896390795
COMPLETED,0.7099999999999999,3.0,3893,3268,0.7539383621332235,0.9523163767531512
COMPLETED,0.7099999999999999,3.0,4843,1622,0.5622187569705768,0.8081481956411152
COMPLETED,0.7099999999999999,2.0,485,2584,0.0102858359741047,0.265590394468978
COMPLETED,0.7099999999999999,3.0,1790,327,0.9527582072116436,0.6718029339257627
COMPLETED,0.7099999999999999,2.0,3529,3906,0.4008729100365191,0.1287404731903225
COMPLETED,0.7099999999999999,2.0,3167,2046,0.8943627030213362,0.3319471032135188
COMPLETED,0.7099999999999999,2.0,1507,3750,0.4673152715520001,0.8438218557499348
COMPLETED,0.7099999999999999,3.0,281,841,0.503563200965058,0.2192968237288296
COMPLETED,0.7099999999999999,2.0,4403,4928,0.0765024104147218,0.7306673330999911
COMPLETED,0.7099999999999999,2.0,4098,158,0.2602351810868829,0.5005845866110175
COMPLETED,0.7099999999999999,3.0,1230,4361,0.8125777235090732,0.051494331812486
COMPLETED,0.7099999999999999,3.0,2456,1480,0.1503748527655377,0.8868733494263142
COMPLETED,0.7099999999999999,2.0,2862,3066,0.7027040807610377,0.4372789406906813
COMPLETED,0.7099999999999999,2.0,3090,1386,0.4832168340560048,0.6436912064421922
COMPLETED,0.7099999999999999,3.0,2208,2845,0.9102873666882514,0.1571568181533366
COMPLETED,0.7099999999999999,3.0,982,105,0.1248684896538034,0.7797321629766374
COMPLETED,0.7099999999999999,2.0,4326,4104,0.551891413349472,0.2937019286248833
COMPLETED,0.7099999999999999,3.0,4646,749,0.8598161642094143,0.4380186076909303
COMPLETED,0.7099999999999999,3.0,57,4710,0.307496246637497,0.9865194500088692
COMPLETED,0.7099999999999999,3.0,1283,1990,0.719977693447005,0.0751204326972365
COMPLETED,0.7099999999999999,2.0,3410,3490,0.1676101222842,0.6241255181804299
COMPLETED,0.7099999999999999,2.0,3596,584,0.6613135172991081,0.9208936982955784
COMPLETED,0.7099999999999999,2.0,1703,3959,0.2338333483563735,0.4030759046133607
COMPLETED,0.7099999999999999,3.0,399,1843,0.8014139748968184,0.5347874293606728
COMPLETED,0.7099999999999999,3.0,4910,2679,0.373947135265544,0.0174742952417582
COMPLETED,0.7099999999999999,3.0,3984,2449,0.0584014063960872,0.2474085883907973
COMPLETED,0.7099999999999999,2.0,719,3322,0.6103117025422863,0.7022510550580919
COMPLETED,0.7099999999999999,2.0,2023,1230,0.4170098026135005,0.3603632176704704
COMPLETED,0.7099999999999999,2.0,2670,4564,0.9689334429559296,0.8157103736437857
COMPLETED,0.7099999999999999,3.0,2766,2273,0.5177226509283296,0.6051135380119084
COMPLETED,0.7099999999999999,2.0,1927,3185,0.0868511211230419,0.0873015739023685
COMPLETED,0.7099999999999999,2.0,663,1093,0.8761186042671091,0.9753060476109384
COMPLETED,0.7099999999999999,2.0,4040,4388,0.4451994655252434,0.4579949359968304
COMPLETED,0.7099999999999999,2.0,4970,408,0.1373433111274614,0.3058785489369184
COMPLETED,0.7099999999999999,3.0,338,3822,0.6936661824306471,0.7607266072351485
COMPLETED,0.7099999999999999,3.0,1602,1706,0.2772294354807585,0.177131956750527
COMPLETED,0.7099999999999999,3.0,3696,2503,0.8335046531930566,0.6324808972869068
COMPLETED,0.7099999999999999,2.0,3355,925,0.3358687987172044,0.8347117282263935
COMPLETED,0.7099999999999999,2.0,1338,4847,0.767306180493254,0.3481755553744733
COMPLETED,0.7099999999999999,2.0,153,2127,0.195755011808034,0.7134577132947743
COMPLETED,0.7099999999999999,2.0,4550,3666,0.6272057228955439,0.2274218873120844
COMPLETED,0.7099999999999999,2.0,4226,1562,0.942560963921994,0.0052892503049224
COMPLETED,0.7099999999999999,2.0,1083,2982,0.38680395947434,0.5537880701180548
COMPLETED,0.7099999999999999,2.0,2269,242,0.5839392235083505,0.3830961038451641
COMPLETED,0.7099999999999999,3.0,3030,4279,0.0281955632569268,0.93209535975568
COMPLETED,0.7099999999999999,2.0,2963,21,0.7842051714293659,0.1487158422935754
COMPLETED,0.7099999999999999,3.0,2356,4185,0.352745164803043,0.660592379393056
COMPLETED,0.7099999999999999,2.0,1170,1304,0.6745591912372036,0.2777667842749506
COMPLETED,0.7099999999999999,2.0,4159,2929,0.2431468233169987,0.7891428852770477
COMPLETED,0.7099999999999999,2.0,4459,1909,0.4350416743182576,0.9411032048612832
COMPLETED,0.7099999999999999,2.0,225,3574,0.9907755776030012,0.4920149725675582
COMPLETED,0.7099999999999999,3.0,1411,665,0.0444546002558432,0.5710931891426443
COMPLETED,0.7099999999999999,2.0,3263,4791,0.6002361273619345,0.1215046099796891
COMPLETED,0.7099999999999999,3.0,3468,1759,0.1028748875880613,0.4172988945450633
COMPLETED,0.7099999999999999,2.0,1850,2760,0.5337690422436222,0.8980752413924782
COMPLETED,0.7099999999999999,2.0,586,503,0.4936877487253397,0.0393095322530716
COMPLETED,0.7099999999999999,2.0,4742,4043,0.9245685442999004,0.519584996862337
COMPLETED,0.7099999999999999,3.0,3797,1147,0.7407824191699734,0.7418737459592522
COMPLETED,0.7099999999999999,3.0,886,4648,0.1844826490296982,0.1993103531561791
COMPLETED,0.7099999999999999,3.0,2151,2364,0.850656061918009,0.8628234557099639
COMPLETED,0.7099999999999999,2.0,2524,3404,0.2943429773510433,0.3197592104114592
COMPLETED,0.7099999999999999,2.0,2573,1666,0.8229495372409001,0.890375645527616
COMPLETED,0.7099999999999999,3.0,2121,2540,0.2515696122517809,0.4102042953018099
COMPLETED,0.7099999999999999,3.0,933,449,0.7133054734628647,0.5281494551915675
COMPLETED,0.7099999999999999,2.0,3770,3784,0.1419693469092249,0.0475038424599915
COMPLETED,0.7099999999999999,2.0,4695,1054,0.4581780043582431,0.1915497512593865
COMPLETED,0.7099999999999999,2.0,613,4429,0.9052080608232878,0.7347183191403746
COMPLETED,0.7099999999999999,3.0,1801,2310,0.0675928169404156,0.3283844293951987
COMPLETED,0.7099999999999999,2.0,3498,3146,0.5146667164952494,0.8710788239985703
COMPLETED,0.5999999999999999,4.0,3234,279,0.0011487139068543,0.667873353941366
COMPLETED,0.7099999999999999,2.0,1459,4240,0.5730640217427164,0.1563662511389702
COMPLETED,0.7099999999999999,3.0,194,1523,0.3919634691311046,0.7810126334484666
COMPLETED,0.7099999999999999,2.0,4509,3023,0.9638616371544076,0.2690317737665027
COMPLETED,0.7099999999999999,3.0,4190,2168,0.6546642812603152,0.4992349485196173
COMPLETED,0.7099999999999999,2.0,1119,3627,0.2081695927572436,0.9486927935667336
COMPLETED,0.7099999999999999,2.0,2385,885,0.7645398478648625,0.1134351262412965
COMPLETED,0.7099999999999999,2.0,2915,4883,0.318028004664462,0.5624192441515624
COMPLETED,0.7099999999999999,2.0,2999,627,0.6194486422711051,0.3564954430535435
COMPLETED,0.7099999999999999,2.0,2320,4831,0.0475564355981536,0.8426631928607821
COMPLETED,0.7099999999999999,3.0,1054,1947,0.9778427089652976,0.2199655459821224
COMPLETED,0.7099999999999999,2.0,4274,3534,0.4059066740873269,0.7066070229262112
COMPLETED,0.7099999999999999,2.0,4579,1263,0.2234617430113255,0.5621690233144909
COMPLETED,0.7099999999999999,3.0,104,2968,0.6699790563646703,0.0133014830294996
COMPLETED,0.7099999999999999,3.0,1370,61,0.3633459509504958,0.9245781982857731
COMPLETED,0.7099999999999999,2.0,3304,4148,0.8098194509835914,0.3761844148803502
COMPLETED,0.7099999999999999,2.0,3743,2405,0.297124734322261,0.0794154911972582
COMPLETED,0.7099999999999999,3.0,1575,3367,0.8684815581484697,0.5966215664036572
COMPLETED,0.7099999999999999,2.0,388,1107,0.1570090235565788,0.4650323437117039
COMPLETED,0.7099999999999999,2.0,4940,4686,0.7283830169648863,0.9827125921957194
COMPLETED,0.7099999999999999,3.0,3991,541,0.919424458985962,0.7529015826117246
COMPLETED,0.7099999999999999,2.0,693,4002,0.4723717776706441,0.2974473379831761
COMPLETED,0.7099999999999999,3.0,1880,1721,0.5608008244853466,0.6394574774261564
COMPLETED,0.7099999999999999,2.0,2794,2800,0.1137652680978178,0.1844774953033775
COMPLETED,0.7099999999999999,3.0,2699,365,0.3815537606356665,0.3951861338112503
COMPLETED,0.7099999999999999,3.0,1975,3866,0.949519253368862,0.9123901865128428
COMPLETED,0.7099999999999999,3.0,750,1585,0.0232035221464931,0.0245080148596316
COMPLETED,0.7099999999999999,2.0,3934,2624,0.5911251866746694,0.5421824337709695
COMPLETED,0.7099999999999999,2.0,4879,2229,0.7737606800175271,0.6944221043959259
COMPLETED,0.7099999999999999,2.0,450,3230,0.3311205440896562,0.2389660752043127
COMPLETED,0.7099999999999999,2.0,1675,970,0.6339202853986062,0.8226830277442932
COMPLETED,0.7099999999999999,3.0,3644,4510,0.191236336150486,0.3676974539905786
COMPLETED,0.7099999999999999,2.0,3361,1439,0.7001205293860286,0.1654654035996645
COMPLETED,0.7099999999999999,3.0,1313,3104,0.1325951420873403,0.6516387450378388
COMPLETED,0.7099999999999999,2.0,10,197,0.840219070569612,0.2862342850621789
COMPLETED,0.7099999999999999,2.0,4674,4324,0.2727108528530224,0.7728775465693324
COMPLETED,0.6199999999999999,4.0,4373,803,0.0816008292545564,0.9948888630308212
COMPLETED,0.7099999999999999,2.0,955,4968,0.5246810855017043,0.4460271523185074
COMPLETED,0.7099999999999999,2.0,2258,2084,0.4402073388273827,0.6165968165360391
COMPLETED,0.7099999999999999,3.0,3060,3710,0.8833047200023196,0.0682050556354224
COMPLETED,0.7099999999999999,2.0,2815,2032,0.1780281197358853,0.8510989042595029
COMPLETED,0.7099999999999999,3.0,2484,3452,0.7455308821843005,0.3395862098261713
COMPLETED,0.7099999999999999,2.0,1181,710,0.2876283850784413,0.7225331552326679
COMPLETED,0.7099999999999999,3.0,4128,4747,0.8551749459623358,0.2105505109876394
COMPLETED,0.7099999999999999,2.0,4453,142,0.5390196280863137,0.0587106196675449
COMPLETED,0.7099999999999999,2.0,251,4064,0.0959162706762552,0.5081626351419836
COMPLETED,0.7099999999999999,2.0,1554,1347,0.929560972414352,0.4292057688552886
COMPLETED,0.7099999999999999,2.0,3140,2886,0.4865014580940827,0.878187864260748
COMPLETED,0.7099999999999999,2.0,3560,1191,0.9960260778582654,0.5823942637778818
COMPLETED,0.7099999999999999,2.0,1739,4605,0.4280832099753432,0.1022249360568821
COMPLETED,0.7099999999999999,3.0,514,2486,0.6052284624465741,0.9608692949078976
COMPLETED,0.7099999999999999,2.0,4795,3283,0.0372684547510929,0.4802295117489993
COMPLETED,0.7099999999999999,2.0,3864,1803,0.3462904903827235,0.257818490339443
COMPLETED,0.7099999999999999,2.0,839,2716,0.7889537274735047,0.8009888427834958
COMPLETED,0.7099999999999999,2.0,2064,625,0.236432078475505,0.1373543899413198
COMPLETED,0.7099999999999999,2.0,2630,3920,0.6790781608689576,0.6800543761756271
COMPLETED,0.7099999999999999,2.0,2654,2136,0.3616433667768724,0.2137072803601622
COMPLETED,0.7099999999999999,2.0,2048,3636,0.8048150750503875,0.7274854478612542
COMPLETED,0.7099999999999999,2.0,851,916,0.2205841067249886,0.3346434497386217
COMPLETED,0.7099999999999999,2.0,3842,4877,0.6637119719087146,0.8479478306174278
COMPLETED,0.7099999999999999,2.0,4767,273,0.9801644958462566,0.8832329541686921
COMPLETED,0.7099999999999999,2.0,532,4271,0.4127305605739354,0.4321479147765785
COMPLETED,0.7099999999999999,3.0,1729,1531,0.620594409529306,0.5052299920190125
COMPLETED,0.7099999999999999,3.0,3580,2990,0.0531166758215054,0.0536712552327662
COMPLETED,0.7099999999999999,3.0,3160,1062,0.5543808436728082,0.4751901547499001
COMPLETED,0.7099999999999999,2.0,1543,4396,0.1117711917537264,0.957936659220606
COMPLETED,0.7099999999999999,2.0,268,2304,0.913719427163247,0.1051670745424926
COMPLETED,0.7099999999999999,2.0,4425,3177,0.471126929941494,0.5874393462501465
COMPLETED,0.7099999999999999,3.0,4105,1697,0.1621734479783102,0.6769033099692315
COMPLETED,0.7099999999999999,2.0,1193,2533,0.7301694247202947,0.1324116372894495
COMPLETED,0.7099999999999999,2.0,2468,417,0.3030031402237713,0.8059411279764026
COMPLETED,0.7099999999999999,2.0,2840,3792,0.8710162567783147,0.2609752522762864
COMPLETED,0.7099999999999999,2.0,3083,470,0.0662465239224955,0.5374838093463331
COMPLETED,0.7099999999999999,2.0,2245,4049,0.5088183089869097,0.0216001251135021
COMPLETED,0.7099999999999999,2.0,970,1792,0.4560567395158112,0.91530377198942
COMPLETED,0.7099999999999999,2.0,4348,2754,0.8986723379004746,0.3998942907769232
COMPLETED,0.7099999999999999,2.0,4654,2359,0.7159835403359494,0.3650089465305209
COMPLETED,0.7099999999999999,2.0,21,3437,0.14794922042666,0.8178868472054601
COMPLETED,0.7099999999999999,2.0,1296,1154,0.8248516945489682,0.2437679812163114
COMPLETED,0.7099999999999999,2.0,3388,4615,0.2568612028446979,0.6971201146543025
FAILED,,,3672,1310,0.7583999407436698,0.7755755642633884
FAILED,,,1657,2897,0.3152660993248224,0.291036198509857
FAILED,,,460,15,0.6497613543370738,0.6468425570633262
FAILED,,,4859,4219,0.2066103879904374,0.1627768887039273
FAILED,,,3909,698,0.3974079560806043,0.0729132200367748
FAILED,,,765,4785,0.9648802345202304,0.6195104094482958
FAILED,,,1962,1876,0.0078292433138005,0.4431192551366984
FAILED,,,2722,3580,0.5752843521713278,0.9901902311705052
FAILED,,,2784,835,0.9347996997469104,0.7170962050184607
FAILED,,,1900,4961,0.4882135592174716,0.2325548167601227
FAILED,,,666,2052,0.5449456708333456,0.830068226352334
FAILED,,,4009,3717,0.0984033436241559,0.3459967284202575
FAILED,,,4953,1446,0.2812827034555375,0.3886837436798959
FAILED,,,365,3072,0.8531065592650324,0.9352791485283524
FAILED,,,1600,190,0.1723707210374995,0.0025948073137551
FAILED,,,3728,4355,0.7442384050520136,0.5496601917166262
FAILED,,,3289,2222,0.2388281757096759,0.9702037680335343
FAILED,,,1395,3261,0.6858277481659315,0.4543256754316389
FAILED,,,82,978,0.3474838870440609,0.6073225092105567
FAILED,,,4592,4478,0.7944663345725275,0.0919148125611245
FAILED,,,4292,333,0.6036001849049702,0.1739787881057709
FAILED,,,1027,3873,0.0321897759070619,0.6268625183533876
FAILED,,,2340,1616,0.9931960672538728,0.310036601325497
FAILED,,,2988,2617,0.4217684886738657,0.7633907572682946
FAILED,,,2897,1873,0.6392904694372789,0.0346657069269567
FAILED,,,2412,2670,0.1923292401483282,0.517406619766727
FAILED,,,1099,554,0.7803935725789516,0.4209375981856137
FAILED,,,4200,3968,0.3333885002002119,0.9032080853302032
FAILED,,,4525,1238,0.0169893158356659,0.8601289792582392
FAILED,,,168,4533,0.5884375916882418,0.3156314770057797
FAILED,,,1481,2441,0.3766032005880959,0.7474617687314749
FAILED,,,3222,3353,0.9480076780051924,0.2024938705265522
FAILED,,,3485,97,0.4428110953472554,0.2799759004693478
FAILED,,,1823,4134,0.8893588927093892,0.7937560904752463
FAILED,,,588,1394,0.0834553571594879,0.1436132913138717
FAILED,,,4710,2814,0.5300203092189506,0.6569235017653555
FAILED,,,3780,1960,0.8387984709196724,0.5752516913898289
FAILED,,,913,3499,0.2669367482555098,0.1241684365607798
FAILED,,,2148,779,0.6979516388616523,0.9379499507062136
FAILED,,,2555,4701,0.1261070560100488,0.486396805550903
FAILED,,,2507,228,0.7249191923908889,0.7861131767947227
FAILED,,,2177,4315,0.1691317039344459,0.2727026590276509
FAILED,,,863,1408,0.8660241896195336,0.6656660074386745
FAILED,,,3811,3113,0.3101890773417427,0.151751276249066
FAILED,,,4761,2092,0.1182255982481874,0.1165865809619426
FAILED,,,557,3679,0.5496324960154481,0.568039210602641
FAILED,,,1871,795,0.4778414068571291,0.4950784836485981
FAILED,,,3456,4998,0.909200665918272,0.9460269296094777
FAILED,,,3252,1576,0.4191848814809694,0.5245087141748517
FAILED,,,1432,2655,0.975416300757788,0.0423730358984321
COMPLETED,0.71,2.0,4489,33,0.7381500505263888,0.7132675267615132
COMPLETED,0.71,2.0,4965,4809,0.7826517064868469,0.3396713267088471
COMPLETED,0.71,2.0,1184,1089,0.999,0.3479661799996018
COMPLETED,0.71,2.0,269,219,0.7836441503715559,0.6991504499572374
COMPLETED,0.71,2.0,4804,4724,0.4266841246481305,0.8259297330523634
COMPLETED,0.71,2.0,44,4438,0.4438430477307857,0.5651869013933394
