Status,ACCURACY,RUNTIME,recent_samples_size,batch_size,gamma,alpha,use_mmd2,use_k2s_test
COMPLETED,0.52,95.0,3443,264,9.940710036873815,0.001988659882918,True,False
COMPLETED,0.54,2704.0,983,4444,0.9980003526620568,0.0468264255193062,False,True
COMPLETED,0.56,1535.0,1338,2034,5.780542591679842,0.0144019770240411,False,True
COMPLETED,0.52,24.0,3868,2620,4.532619886268862,0.0344837474329397,True,False
COMPLETED,0.52,27.0,4470,1494,1.8145205518817529,0.0275140197263099,True,False
COMPLETED,0.56,2074.0,2005,3173,7.874317100541667,0.0197526774280704,False,True
COMPLETED,0.5899999999999999,554.0,324,802,2.6541965534184127,0.0399228050531819,False,True
COMPLETED,0.52,21.0,2869,3888,6.409093159480952,0.0074175524422898,True,False
COMPLETED,0.52,4.0,2514,2246,3.29915645490773,0.0242321155550889,False,False
COMPLETED,0.57,1978.0,56,3065,7.014006023040974,0.0288459384809248,True,True
COMPLETED,0.63,260.0,2284,461,2.264420366480015,0.0118924115020781,True,True
COMPLETED,0.52,5.0,4817,4875,8.674289752999318,0.0412623241152614,False,False
COMPLETED,0.52,5.0,4146,1016,5.1722722362391655,0.0482082397318445,False,False
COMPLETED,0.55,2682.0,1684,4336,3.8910174766602,0.0064212178452871,True,True
COMPLETED,0.6,1510.0,626,1693,9.136769331951626,0.0358700462989509,True,True
COMPLETED,0.52,5.0,3174,3606,0.5520683204717934,0.0188270291388034,False,False
COMPLETED,0.57,1776.0,3392,1867,7.390124389236793,0.0386610493659973,True,True
COMPLETED,0.52,5.0,936,3468,3.5485858792392535,0.0092971320264041,False,False
COMPLETED,0.52,5.0,1756,1151,8.151702852214687,0.0262266011997126,False,False
COMPLETED,0.53,3086.0,4291,4159,2.161459476737305,0.021606594172772,True,True
COMPLETED,0.63,613.0,4873,599,4.267401615738869,0.0146848307754844,True,True
COMPLETED,0.52,5.0,2403,4700,5.42143588768784,0.0317219470757991,False,False
COMPLETED,0.52,5.0,258,2423,0.0292132628569379,0.0022488719890825,False,False
COMPLETED,0.5799999999999998,2172.0,2799,2930,9.034076599039135,0.0440419835629873,True,True
COMPLETED,0.64,535.0,3068,628,0.9050913956398144,0.0361423273691907,False,True
COMPLETED,0.52,12.0,615,4026,9.408070933312178,0.0160546561004593,True,False
COMPLETED,0.52,25.0,2057,1359,4.791529058702291,0.0484548579626716,True,False
COMPLETED,0.56,2483.0,4595,3350,6.147181209773756,0.0036231819675303,False,True
COMPLETED,0.57,1342.0,3943,1896,7.781063625874929,0.0106170618934556,False,True
COMPLETED,0.52,18.0,1477,2794,1.282226236021146,0.0431283097779378,True,False
COMPLETED,0.52,282.0,1204,87,6.668344465611504,0.0229341243472881,True,False
COMPLETED,0.53,2568.0,3747,4579,3.0204930378152057,0.0306892825444228,False,True
COMPLETED,0.56,1808.0,3631,2121,2.3817354317177086,0.0453572399029508,True,True
COMPLETED,0.52,5.0,1166,2551,8.55697722070571,0.0035647191526368,False,False
COMPLETED,0.52,5.0,1517,195,3.181842581643723,0.032919723289553,False,False
COMPLETED,0.53,3123.0,4061,4530,7.131322131255643,0.0158832922265864,True,True
COMPLETED,0.5799999999999998,611.0,4633,892,9.254044875811786,0.0213788258237764,True,True
COMPLETED,0.52,7.0,2174,3821,0.4347902436675504,0.0259977714335545,False,False
COMPLETED,0.52,4.0,497,1426,5.05499550040532,0.0089458410707302,False,False
COMPLETED,0.56,2338.0,3028,3262,4.008291977543385,0.0383087914069183,True,True
COMPLETED,0.67,336.0,2682,374,5.8976858078362415,0.0304613443613052,False,True
COMPLETED,0.52,15.0,220,4943,4.415478905063123,0.0227054551951587,True,False
COMPLETED,0.52,22.0,2443,2315,9.823567742634562,0.0427768489881418,True,False
COMPLETED,0.5799999999999998,2364.0,4990,2979,1.1151449097888544,0.0102649645484052,False,True
COMPLETED,0.56,1467.0,4329,1603,2.7713005461907017,0.004938227167353,False,True
COMPLETED,0.52,19.0,1872,3673,6.291986931758002,0.049770918847993,True,False
COMPLETED,0.52,26.0,818,1084,1.697415367135778,0.0172522211740724,True,False
COMPLETED,0.53,2989.0,3352,4247,7.991419752343559,0.0373410025420598,False,True
COMPLETED,0.52,26.0,3213,1222,4.9868652271861205,0.0076697355988435,True,False
COMPLETED,0.53,2757.0,743,4072,5.951847276240588,0.0401755303512327,False,True
COMPLETED,0.66,6094.0,795,2,10,0.0283084819577049,False,True
COMPLETED,0.7199999999999999,139.0,3866,37,5.024536754455139,0.0283500869103792,False,True
ABANDONED,,,1,2,10,0.0010637365296956,True,True
ABANDONED,,,795,2,0.001,0.0058689011380403,True,True
ABANDONED,,,2439,2,0.001,0.0280023690666737,False,True
COMPLETED,0.66,6996.0,795,2,0.001,0.0269336723666824,False,True
ABANDONED,,,1,2,10,0.025626175133515,False,True
ABANDONED,,,1,2,0.001,0.0005,True,True
COMPLETED,0.52,5.0,5000,5000,0.001,0.0005,False,False
COMPLETED,0.7,261.0,2602,11,10,0.0289106963744818,False,True
ABANDONED,,,5000,2,10,0.0020984009872368,True,True
ABANDONED,,,5000,2,0.001,0.0032061045495867,True,True
COMPLETED,0.68,6498.0,5000,2,10,0.0288662619977102,False,True
COMPLETED,0.64,6141.0,1,2,0.001,0.0269400852672627,False,True
COMPLETED,0.66,5741.0,5000,2,0.001,0.0274738275918214,False,True
COMPLETED,0.52,5.0,1,5000,0.001,0.05,False,False
COMPLETED,0.52,5.0,5000,2415,10,0.0005,False,False
ABANDONED,,,1,2,10,0.0005,False,True
COMPLETED,0.52,4.0,1,3107,10,0.05,False,False
COMPLETED,0.52,21.0,5000,5000,0.001,0.05,True,False
COMPLETED,0.67,4658.0,1,2,10,0.0435495123102499,True,True
COMPLETED,0.52,22.0,5000,5000,0.001,0.0005,True,False
COMPLETED,0.52,19.0,1,5000,0.001,0.0005,True,False
COMPLETED,0.4899999999999999,8.0,5000,896,0.001,0.0005,False,False
ABANDONED,,,1,2,10,0.0196086905512272,False,True
COMPLETED,0.5,23.0,1,697,0.001,0.0005,True,False
COMPLETED,0.52,5.0,5000,5000,10,0.05,False,False
COMPLETED,0.52,111.0,5000,2,10,0.0005,False,False
COMPLETED,0.52,5.0,5000,5000,10,0.0005,False,False
COMPLETED,0.52,4.0,5000,2659,0.001,0.05,False,False
COMPLETED,0.67,5097.0,1,2,10,0.0379839434839587,False,True
ABANDONED,,,5000,2,10,0.0145273324082545,False,True
COMPLETED,0.52,127.0,5000,2,0.001,0.0005,False,False
COMPLETED,0.52,15.0,5000,5000,10,0.0005,True,False
ABANDONED,,,1,2,10,0.0088224238207118,True,True
ABANDONED,,,1,2,0.001,0.0005,False,True
COMPLETED,0.52,5.0,1,5000,10,0.0005,False,False
COMPLETED,0.52,5.0,1,5000,10,0.05,False,False
COMPLETED,0.6199999999999999,7116.0,1,2,0.001,0.0188337830467162,False,True
COMPLETED,0.52,17.0,1,3391,10,0.0005,True,False
COMPLETED,0.52,17.0,1,5000,10,0.0005,True,False
COMPLETED,0.57,23.0,5000,2973,0.001,0.05,True,False
COMPLETED,0.68,85.0,5000,4,0.001,0.0253452818863697,False,False
ABANDONED,,,5000,2,0.001,0.0005,False,True
COMPLETED,0.69,4801.0,1,2,0.001,0.05,True,True
ABANDONED,,,1,2,10,0.0130680244809031,False,True
COMPLETED,0.52,5.0,1,3171,0.001,0.05,False,False
COMPLETED,0.52,5.0,5000,3809,10,0.0005,False,False
ABANDONED,,,1,2,0.001,0.0099796792857349,True,True
COMPLETED,0.5,11.0,5000,2246,0.001,0.0005,False,False
COMPLETED,0.7099999999999999,115.0,3276,132,5.367599458911357,0.0342630415726224,True,True
FAILED,,,5000,2,9.308292833867812,0.0352504117595089,True,False
COMPLETED,0.52,75.0,4976,398,8.037656217500995,0.0333926067120663,True,False
COMPLETED,0.69,4990.0,1,2,8.39277746174744,0.05,True,True
COMPLETED,0.7,149.0,4969,57,8.672269183945842,0.0234776556377713,True,True
COMPLETED,0.6199999999999999,137.0,5000,2,0.9516868361738322,0.0363380436817118,True,False
COMPLETED,0.52,2105.0,5000,4,2.5521023265662794,0.0356915329229408,True,False
COMPLETED,0.7,5612.0,2016,2,1.714598778208294,0.0470589978388684,False,True
COMPLETED,0.67,154.0,2121,297,5.0626822323132075,0.0470692458596858,True,True
COMPLETED,0.52,4206.0,5000,2,3.748894953066896,0.0377888922562208,True,False
COMPLETED,0.4799999999999999,379.0,3699,2,2.5177127258213403,0.0338422730031042,True,False
COMPLETED,0.52,298.0,3633,85,9.05105464182768,0.0313917840015043,True,False
COMPLETED,0.52,133.0,5000,2,9.33341602110794,0.0359189984635039,False,False
FAILED,,,5000,2,6.021392821379957,0.0356805034902023,True,False
FAILED,,,5000,2,7.125059081248639,0.0386148234512288,True,False
COMPLETED,0.68,5648.0,1,2,7.987648626952896,0.05,False,True
COMPLETED,0.52,112.0,3278,2,1.5451071098192672,0.0333839001636404,False,False
COMPLETED,0.52,128.0,5000,2,1.1867838336421634,0.0344806837421227,False,False
COMPLETED,0.52,117.0,5000,2,7.9143598252819745,0.0386225102781155,False,False
COMPLETED,0.52,138.0,5000,2,3.293976159292519,0.0395844781968705,False,False
COMPLETED,0.7199999999999999,166.0,2484,19,5.199342524928809,0.0427482201229207,False,True
COMPLETED,0.66,5695.0,5000,2,8.160239171944077,0.0291169194526105,True,True
COMPLETED,0.7199999999999999,139.0,910,32,1.9505373524004228,0.05,False,True
COMPLETED,0.52,113.0,3699,2,2.4648263106401695,0.0315225029392836,False,False
COMPLETED,0.52,111.0,5000,2,6.33845649522761,0.0331585790682651,False,False
COMPLETED,0.52,112.0,5000,2,6.933527615333348,0.0346264776474909,False,False
COMPLETED,0.52,114.0,5000,2,5.788536560327775,0.0312604720794478,False,False
COMPLETED,0.52,8.0,2689,61,8.741140345168432,0.0347142172341687,False,False
FAILED,,,5000,2,8.578903702256943,0.0185013699803376,False,True
COMPLETED,0.68,5057.0,2017,2,1.5479444966944371,0.05,True,True
COMPLETED,0.7299999999999999,163.0,2484,19,5.355567450963436,0.0369295614732634,True,True
COMPLETED,0.52,105.0,5000,2,4.6081707898305915,0.0378988541189656,False,False
COMPLETED,0.5799999999999998,110.0,5000,2,1.3825068203655593,0.0404829186117999,True,False
COMPLETED,0.5899999999999999,110.0,3278,2,1.2818488847410707,0.0350720223104181,True,False
COMPLETED,0.52,77.0,4253,291,8.00135163512415,0.0310004358296825,True,False
COMPLETED,0.52,55.0,5000,4,2.811959915905954,0.0350472320280751,False,False
COMPLETED,0.52,56.0,5000,4,2.432971527973345,0.0337108099531983,False,False
COMPLETED,0.7299999999999999,169.0,2616,15,4.752589540898744,0.0403700512547155,False,True
COMPLETED,0.52,10.0,3706,60,7.224310656905746,0.0337252316836986,False,False
COMPLETED,0.64,6190.0,5000,2,5.219924963639436,0.0244352954139509,True,True
COMPLETED,0.69,5373.0,1,2,1.913577212836916,0.05,True,True
COMPLETED,0.52,7.0,3633,85,9.295299290111219,0.0341407045231616,False,False
COMPLETED,0.7,5024.0,641,2,4.870500132556275,0.05,True,True
COMPLETED,0.66,5063.0,3278,2,1.413233594197885,0.0331810006943384,True,True
COMPLETED,0.52,105.0,5000,2,3.7924845510728113,0.0365784862038011,False,False
COMPLETED,0.7399999999999999,183.0,2616,15,4.935719821092992,0.0346317134523599,True,True
COMPLETED,0.53,29.0,2745,315,2.3026677653883705,0.0299264792750628,True,False
COMPLETED,0.7,113.0,3539,2,0.001,0.0358806678201742,True,False
COMPLETED,0.52,4715.0,5000,2,5.560688905564815,0.0340602783036567,True,False
COMPLETED,0.69,5043.0,1657,2,4.850261601463208,0.05,False,True
COMPLETED,0.5899999999999999,709.0,2873,824,10,0.05,True,True
COMPLETED,0.52,105.0,2540,2,0.001,0.05,False,False
COMPLETED,0.7,122.0,1,2,0.001,0.05,True,False
COMPLETED,0.46,12.0,3214,613,0.001,0.05,False,False
ABANDONED,,,2941,844,10,0.0005,True,True
COMPLETED,0.57,665.0,2973,864,10,0.05,False,True
COMPLETED,0.57,18.0,1728,445,0.001,0.05,True,False
COMPLETED,0.6199999999999999,353.0,3053,525,5.88494133351177,0.05,True,True
COMPLETED,0.52,105.0,1,2,0.001,0.05,False,False
COMPLETED,0.7,127.0,2481,2,0.001,0.05,True,False
COMPLETED,0.51,14.0,3813,323,0.001,0.05,False,False
COMPLETED,0.69,5430.0,3070,2,4.896387743803106,0.05,True,True
COMPLETED,0.55,17.0,1,778,0.001,0.05,True,False
COMPLETED,0.51,11.0,1,1227,0.001,0.05,False,False
COMPLETED,0.52,111.0,1488,2,0.001,0.05,False,False
COMPLETED,0.5899999999999999,725.0,2527,827,6.426997658609327,0.0423795689757063,False,True
COMPLETED,0.4799999999999999,9.0,1606,850,0.001,0.05,False,False
COMPLETED,0.56,20.0,1,1954,0.001,0.05,True,False
COMPLETED,0.41,18.0,3529,1246,0.001,0.05,False,False
COMPLETED,0.64,1115.0,2803,987,0.001,0.05,False,True
COMPLETED,0.6,1154.0,2515,1008,10,0.05,True,True
ABANDONED,,,2771,912,10,0.0005,False,True
COMPLETED,0.46,12.0,5000,840,0.001,0.05,False,False
COMPLETED,0.7,196.0,3021,164,5.471098345765686,0.0431391921492087,False,True
COMPLETED,0.56,22.0,1,1355,0.001,0.05,True,False
ABANDONED,,,3107,2,5.088920950999676,0.05,False,True
COMPLETED,0.52,2117.0,3612,2,0.001,0.05,False,False
COMPLETED,0.52,15.0,2469,5000,10,0.05,True,False
COMPLETED,0.68,168.0,3005,250,5.68173745472133,0.0418407537990137,True,True
COMPLETED,0.56,759.0,2242,1099,10,0.05,False,True
COMPLETED,0.53,15.0,1867,823,0.001,0.05,True,False
COMPLETED,0.52,19.0,5000,3932,10,0.05,True,False
COMPLETED,0.5899999999999999,949.0,3001,1047,0.001,0.05,True,True
COMPLETED,0.7,2143.0,1087,2,0.001,0.05,True,False
COMPLETED,0.6,359.0,2911,606,10,0.05,True,True
COMPLETED,0.52,14.0,2041,387,0.001,0.05,False,False
COMPLETED,0.53,20.0,2713,928,0.001,0.05,True,False
COMPLETED,0.67,243.0,2682,374,5.654782407697972,0.0499679396850795,True,True
COMPLETED,0.56,20.0,2853,1726,0.001,0.05,True,False
COMPLETED,0.66,5037.0,3107,2,6.167357753279026,0.0359889165118588,False,True
COMPLETED,0.52,12.0,1,463,0.001,0.05,False,False
COMPLETED,0.52,20.0,3734,1153,0.001,0.05,True,False
COMPLETED,0.51,10.0,4971,1564,0.001,0.05,False,False
COMPLETED,0.52,5103.0,1,5000,10,0.0005,True,True
COMPLETED,0.6,519.0,2980,541,10,0.0119413496167844,False,True
COMPLETED,0.52,18.0,1663,5000,3.483099765418119,0.05,True,False
COMPLETED,0.52,17.0,5000,3809,3.6890873954552266,0.0005,True,False
COMPLETED,0.51,10.0,1,1845,0.001,0.05,False,False
COMPLETED,0.54,1576.0,1,1906,10,0.016651554624521,False,True
COMPLETED,0.6199999999999999,659.0,3053,525,6.194181086813746,0.05,False,True
COMPLETED,0.7,134.0,2053,2,0.001,0.0005,True,False
COMPLETED,0.7,120.0,1,2,0.001,0.0005,True,False
ABANDONED,,,2994,2,4.823076618397952,0.0005,False,True
ABANDONED,,,3005,250,4.098024690911123,0.0005,False,True
COMPLETED,0.56,19.0,2383,288,0.001,0.0005,True,False
ABANDONED,,,2840,2,5.277831767302926,0.0005,True,True
COMPLETED,0.52,5.0,5000,1579,10,0.05,False,False
COMPLETED,0.55,15.0,1940,2679,0.001,0.0005,True,False
ABANDONED,,,3076,951,0.001,0.0005,False,True
ABANDONED,,,2824,638,7.432247766100933,0.0005,True,True
COMPLETED,0.52,25.0,1,4181,0.001,0.0005,True,False
COMPLETED,0.54,21.0,1,2254,0.001,0.0005,True,False
COMPLETED,0.52,27.0,4999,1612,10,0.0005,True,False
COMPLETED,0.52,6.0,3316,3026,10,0.0005,False,False
ABANDONED,,,2984,158,5.769947087532594,0.0005,True,True
COMPLETED,0.53,21.0,1,2597,0.001,0.05,True,False
ABANDONED,,,2983,377,3.58600268363346,0.0005,False,True
COMPLETED,0.7,125.0,3726,2,0.001,0.0005,True,False
COMPLETED,0.66,146.0,2849,290,3.7893433387065847,0.05,False,True
COMPLETED,0.52,5.0,3476,1169,10,0.0005,False,False
COMPLETED,0.52,27.0,1220,1218,10,0.0005,True,False
COMPLETED,0.56,20.0,3682,2751,0.001,0.0005,True,False
COMPLETED,0.52,20.0,3907,4041,0.001,0.05,True,False
COMPLETED,0.57,19.0,5000,2121,0.001,0.05,True,False
COMPLETED,0.52,18.0,1,319,0.001,0.0005,True,False
ABANDONED,,,3137,118,4.600729978534512,0.0005,False,True
COMPLETED,0.52,4.0,2137,1749,6.009920597508811,0.0005,False,False
COMPLETED,0.52,4.0,1,4161,0.001,0.0005,False,False
FAILED,,,2977,377,4.891187407774307,0.0005,True,True
COMPLETED,0.7,5359.0,2900,2,3.926232474254235,0.05,False,True
COMPLETED,0.7,121.0,2962,125,4.072148798758707,0.05,False,True
COMPLETED,0.52,26.0,1,4152,0.001,0.05,True,False
COMPLETED,0.52,5.0,4027,3664,7.768178411712258,0.05,False,False
COMPLETED,0.53,23.0,1970,3905,0.001,0.05,True,False
COMPLETED,0.52,4.0,2258,5000,3.3505015462142618,0.0005,False,False
COMPLETED,0.52,5.0,2730,1604,10,0.05,False,False
ABANDONED,,,2665,900,0.001,0.0005,True,True
COMPLETED,0.7,120.0,894,2,0.001,0.0005,True,False
COMPLETED,0.52,4.0,1,1341,10,0.0005,False,False
COMPLETED,0.52,4.0,1496,626,10,0.0005,False,False
COMPLETED,0.4799999999999999,2387.0,1,2654,0.001,0.05,True,True
COMPLETED,0.57,20.0,1,3171,0.001,0.0005,True,False
FAILED,,,2982,528,4.233316821329577,0.0005,True,True
COMPLETED,0.52,23.0,3417,3385,0.001,0.0005,True,False
COMPLETED,0.52,5.0,1296,4147,10,0.05,False,False
COMPLETED,0.55,16.0,1,212,0.001,0.05,True,False
COMPLETED,0.52,105.0,1,2,0.001,0.0005,False,False
FAILED,,,2981,270,5.339592223749246,0.0005,True,True
COMPLETED,0.52,25.0,1,1194,10,0.05,True,False
FAILED,,,2984,745,2.4940449593288325,0.0005,False,True
ABANDONED,,,3009,676,2.581846993559866,0.0005,False,True
COMPLETED,0.6099999999999999,586.0,2840,681,0.001,0.05,True,True
ABANDONED,,,2891,528,4.479293420951479,0.0005,True,True
COMPLETED,0.56,17.0,5000,2145,0.001,0.0005,True,False
COMPLETED,0.52,19.0,4523,4390,7.296374387797072,0.0005,True,False
COMPLETED,0.6,803.0,5000,1023,0.001,0.05,False,True
COMPLETED,0.68,127.0,3007,190,4.705756927367583,0.05,True,True
COMPLETED,0.56,18.0,2799,2164,0.001,0.05,True,False
ABANDONED,,,2996,193,4.146579726892281,0.0005,False,True
COMPLETED,0.65,148.0,2850,312,3.483868712532036,0.05,True,True
COMPLETED,0.52,13.0,3460,4671,5.979775195308653,0.0005,True,False
COMPLETED,0.7099999999999999,155.0,3003,81,4.735717305141999,0.05,True,True
COMPLETED,0.52,5.0,3527,4458,0.001,0.0005,False,False
COMPLETED,0.6,17.0,1178,184,0.001,0.05,True,False
COMPLETED,0.53,20.0,3640,407,0.001,0.0005,True,False
COMPLETED,0.7099999999999999,164.0,3003,75,4.866894956451486,0.05,False,True
COMPLETED,0.5899999999999999,1062.0,1,1126,10,0.05,True,True
ABANDONED,,,2898,651,0.001,0.0005,True,True
ABANDONED,,,2994,262,4.864465914741424,0.0005,True,True
ABANDONED,,,3080,647,10,0.0005,True,True
COMPLETED,0.5799999999999998,2326.0,5000,1885,10,0.05,True,True
ABANDONED,,,2414,713,10,0.0005,True,True
COMPLETED,0.52,4.0,4772,4357,3.285969672517145,0.05,False,False
COMPLETED,0.57,16.0,3715,2044,0.001,0.0005,True,False
COMPLETED,0.56,20.0,1421,235,0.001,0.0005,True,False
COMPLETED,0.52,19.0,2296,4485,7.543666568882817,0.0005,True,False
COMPLETED,0.5799999999999998,19.0,5000,512,0.001,0.0005,True,False
COMPLETED,0.52,28.0,1,2219,6.76920528827344,0.0005,True,False
COMPLETED,0.56,1208.0,1,1096,0.001,0.05,False,True
COMPLETED,0.52,25.0,5000,3403,0.001,0.05,True,False
COMPLETED,0.6,19.0,1,121,0.001,0.0005,True,False
COMPLETED,0.52,5.0,3846,4494,10,0.05,False,False
COMPLETED,0.52,5.0,3167,651,7.683189502933139,0.0005,False,False
COMPLETED,0.56,1370.0,5000,1393,0.001,0.05,False,True
ABANDONED,,,1894,812,0.001,0.0005,True,True
ABANDONED,,,3083,495,2.977045508084951,0.0005,False,True
COMPLETED,0.57,21.0,1985,3166,0.001,0.05,True,False
ABANDONED,,,1111,918,3.2537650696608784,0.0005,True,True
COMPLETED,0.5,2820.0,5000,2521,10,0.05,True,True
COMPLETED,0.55,16.0,1923,416,0.001,0.0005,True,False
COMPLETED,0.7,132.0,2937,2,0.001,0.0005,True,False
COMPLETED,0.57,18.0,2841,1639,0.001,0.0005,True,False
COMPLETED,0.69,150.0,2983,213,3.85123986846856,0.05,False,True
ABANDONED,,,2855,301,4.094003173851701,0.0005,False,True
COMPLETED,0.52,14.0,5000,4422,3.970840152407516,0.05,True,False
ABANDONED,,,2999,79,5.392920080465524,0.0005,True,True
COMPLETED,0.69,6030.0,2709,2,6.402517634544699,0.05,True,True
ABANDONED,,,2581,713,0.001,0.0005,False,True
ABANDONED,,,2999,60,4.120019133163385,0.0005,False,True
COMPLETED,0.52,5.0,2511,4451,7.236519132841114,0.0005,False,False
COMPLETED,0.6099999999999999,285.0,2891,528,2.2755640479688686,0.05,False,True
COMPLETED,0.56,21.0,5000,1730,0.001,0.05,True,False
ABANDONED,,,3626,574,6.656345449335308,0.0005,False,True
COMPLETED,0.52,15.0,1,4540,10,0.05,True,False
COMPLETED,0.51,22.0,1,1794,0.001,0.0005,True,False
COMPLETED,0.69,215.0,2994,248,4.057905335547929,0.05,False,True
ABANDONED,,,2281,607,6.462914351956946,0.0005,False,True
ABANDONED,,,2321,540,10,0.0005,True,True
FAILED,,,3403,563,10,0.0005,True,True
COMPLETED,0.66,208.0,2950,347,3.8346679878344734,0.05,False,True
COMPLETED,0.64,511.0,4869,632,3.139097081450583,0.05,False,True
COMPLETED,0.6199999999999999,474.0,2512,569,10,0.05,False,True
FAILED,,,2984,435,5.336506991467721,0.0005,True,True
COMPLETED,0.52,16.0,1882,3302,10,0.05,True,False
COMPLETED,0.64,186.0,2903,429,3.2583128933994407,0.05,False,True
COMPLETED,0.54,3651.0,5000,5000,0.001,0.05,True,True
COMPLETED,0.57,21.0,1,3086,0.001,0.05,True,False
COMPLETED,0.6099999999999999,394.0,3289,535,0.001,0.05,False,True
COMPLETED,0.6199999999999999,302.0,3412,534,0.001,0.05,True,True
COMPLETED,0.65,413.0,2290,565,7.128464606458841,0.05,True,True
COMPLETED,0.7199999999999999,175.0,3021,171,3.9003596796094326,0.05,False,True
COMPLETED,0.6199999999999999,439.0,3324,554,10,0.05,False,True
COMPLETED,0.55,23.0,1278,1862,0.001,0.05,True,False
FAILED,,,3383,570,0.001,0.0005,True,True
COMPLETED,0.51,18.0,1,435,0.001,0.05,True,False
FAILED,,,2639,578,10,0.0005,False,True
COMPLETED,0.54,15.0,1877,1993,0.001,0.0005,True,False
COMPLETED,0.56,22.0,5000,2835,0.001,0.0005,True,False
COMPLETED,0.52,5.0,1,4567,10,0.0005,False,False
FAILED,,,2900,2,3.8481207769977774,0.05,True,True
COMPLETED,0.53,23.0,5000,2474,0.001,0.05,True,False
FAILED,,,3010,2,3.726001292144387,0.0005,False,True
FAILED,,,2948,489,10,0.0005,True,True
COMPLETED,0.7099999999999999,113.0,3003,86,3.822283910073081,0.05,False,True
FAILED,,,1,764,0.001,0.0005,True,True
COMPLETED,0.5899999999999999,19.0,2059,3314,0.001,0.0005,True,False
COMPLETED,0.52,19.0,3035,3893,10,0.05,True,False
COMPLETED,0.7199999999999999,132.0,3003,43,4.35060820212624,0.05,False,True
COMPLETED,0.52,5.0,841,4528,5.082889859506366,0.05,False,False
COMPLETED,0.51,19.0,3739,270,0.001,0.0005,True,False
COMPLETED,0.56,20.0,861,1581,0.001,0.0005,True,False
FAILED,,,5000,1599,7.773242074259104,0.0005,True,True
COMPLETED,0.51,23.0,2260,2385,0.001,0.05,True,False
COMPLETED,0.52,5.0,1376,2080,10,0.05,False,False
FAILED,,,1,3646,10,0.0005,True,True
FAILED,,,2709,2,5.898930612011022,0.0005,False,True
COMPLETED,0.54,3945.0,5000,5000,10,0.05,False,True
FAILED,,,2999,79,5.67735627988626,0.0005,False,True
FAILED,,,1,3527,6.788678244998674,0.0005,True,True
COMPLETED,0.52,4.0,1,2285,10,0.0005,False,False
COMPLETED,0.52,5.0,306,2807,6.365616390260341,0.05,False,False
COMPLETED,0.69,160.0,3011,283,5.771247186315336,0.05,False,True
COMPLETED,0.68,136.0,3007,197,5.163681626095367,0.05,False,True
COMPLETED,0.52,4.0,5000,638,10,0.0005,False,False
COMPLETED,0.57,36.0,3271,2991,0.001,0.05,True,False
COMPLETED,0.52,30.0,1,3520,0.001,0.05,True,False
ABANDONED,,,3028,417,5.977821892149472,0.0005,True,True
ABANDONED,,,3054,454,5.6288640010025635,0.0005,False,True
COMPLETED,0.7,171.0,3274,125,5.811376630794592,0.05,False,True
ABANDONED,,,3003,63,5.690425912351048,0.0005,False,True
COMPLETED,0.52,4.0,1,3768,10,0.0005,False,False
COMPLETED,0.6099999999999999,18.0,1935,122,0.001,0.0005,True,False
ABANDONED,,,3286,568,0.001,0.0005,False,True
COMPLETED,0.6,383.0,3446,541,10,0.05,True,True
COMPLETED,0.5799999999999998,19.0,5000,1454,0.001,0.0005,True,False
COMPLETED,0.52,4.0,1764,3171,0.001,0.0005,False,False
COMPLETED,0.67,137.0,3012,316,4.617363652252062,0.05,False,True
ABANDONED,,,3287,529,10,0.0005,True,True
FAILED,,,3283,516,10,0.0005,False,True
COMPLETED,0.5899999999999999,1431.0,1,1436,10,0.05,True,True
COMPLETED,0.65,247.0,3035,400,5.014855699330945,0.05,False,True
COMPLETED,0.7,169.0,3008,233,5.27527957310974,0.05,False,True
COMPLETED,0.52,4.0,5000,3412,0.001,0.0005,False,False
COMPLETED,0.52,6.0,3856,2310,6.648155795039601,0.05,False,False
COMPLETED,0.57,27.0,4846,3155,0.001,0.0005,True,False
COMPLETED,0.52,6.0,781,3348,5.2969991262150815,0.05,False,False
COMPLETED,0.52,27.0,4696,996,7.10973792309558,0.05,True,False
COMPLETED,0.57,21.0,1017,2990,0.001,0.0005,True,False
COMPLETED,0.52,5.0,5000,3152,0.001,0.05,False,False
COMPLETED,0.52,5.0,2892,5000,0.001,0.0005,False,False
FAILED,,,3270,2,5.671030489720543,0.0005,False,True
FAILED,,,3022,157,4.722290612282178,0.0005,False,True
FAILED,,,3429,548,0.001,0.0005,True,True
COMPLETED,0.52,5.0,1,703,10,0.0005,False,False
FAILED,,,3176,2,4.086196586175484,0.0005,False,True
COMPLETED,0.52,102.0,1714,2,0.001,0.0005,False,False
FAILED,,,1,1370,0.001,0.0005,False,True
COMPLETED,0.52,37.0,4112,955,10,0.0005,True,False
COMPLETED,0.52,5.0,1583,4152,5.021384579828755,0.0005,False,False
COMPLETED,0.7,127.0,1508,2,0.001,0.0005,True,False
COMPLETED,0.52,7.0,1,3807,4.283059582914199,0.05,False,False
FAILED,,,2969,588,10,0.0005,False,True
COMPLETED,0.5,2179.0,2190,2536,5.992057925444065,0.05,True,True
COMPLETED,0.52,36.0,2350,854,10,0.0005,True,False
COMPLETED,0.52,5.0,5000,971,10,0.0005,False,False
COMPLETED,0.54,20.0,221,3630,0.001,0.0005,True,False
FAILED,,,3024,269,5.306936747489113,0.0005,False,True
COMPLETED,0.6199999999999999,21.0,1,214,0.001,0.0005,True,False
COMPLETED,0.57,24.0,1,2859,0.001,0.0005,True,False
COMPLETED,0.63,249.0,3125,437,4.86325683405224,0.05,True,True
COMPLETED,0.7,166.0,5000,51,4.6207344487627,0.05,False,True
COMPLETED,0.7199999999999999,286.0,1,43,4.91339645800971,0.05,False,True
ABANDONED,,,1,78,4.812612972580454,0.0005,False,True
COMPLETED,0.7099999999999999,163.0,5000,24,4.553062110924229,0.05,False,True
ABANDONED,,,5000,36,4.4827290598237,0.0005,False,True
COMPLETED,0.7099999999999999,132.0,1,64,5.614905501780407,0.05,True,True
COMPLETED,0.7099999999999999,132.0,5000,93,5.019715499308547,0.05,False,True
COMPLETED,0.7199999999999999,133.0,1,66,5.735820675388148,0.05,False,True
ABANDONED,,,1,30,4.940332948011512,0.0005,False,True
ABANDONED,,,139,3689,10,0.0005,True,True
ABANDONED,,,5000,85,4.705648252542264,0.0005,False,True
COMPLETED,0.7099999999999999,129.0,5000,86,6.929634567321882,0.05,False,True
ABANDONED,,,1,54,4.625862353611035,0.0005,True,True
COMPLETED,0.69,138.0,6,104,4.703916409894987,0.05,False,True
COMPLETED,0.7299999999999999,150.0,5000,30,5.396115712384421,0.05,False,True
COMPLETED,0.7099999999999999,127.0,1,61,4.052644334563262,0.05,False,True
ABANDONED,,,5000,31,5.880628169522495,0.0005,False,True
COMPLETED,0.7199999999999999,151.0,5000,69,4.555703860106635,0.05,False,True
ABANDONED,,,5000,92,7.202875127369324,0.0005,True,True
COMPLETED,0.7299999999999999,146.0,1,30,4.997466926934643,0.05,True,True
COMPLETED,0.7199999999999999,163.0,1,21,4.254268588283053,0.05,False,True
ABANDONED,,,5,101,5.281606262938232,0.0005,True,True
ABANDONED,,,1,49,5.859754157761386,0.0005,False,True
COMPLETED,0.7099999999999999,123.0,4999,114,4.822891993452989,0.05,False,True
ABANDONED,,,1,55,4.171367272995068,0.0005,False,True
ABANDONED,,,3,116,5.179894302349954,0.0005,False,True
COMPLETED,0.7,139.0,5000,58,5.7595864451491385,0.05,False,True
COMPLETED,0.7199999999999999,285.0,5000,9,4.478231644696986,0.05,False,True
ABANDONED,,,751,3829,10,0.0005,True,True
ABANDONED,,,1,48,5.9419281010897445,0.0005,True,True
ABANDONED,,,5000,54,3.9067381958392633,0.0005,False,True
COMPLETED,0.7,164.0,1,22,5.534782228125547,0.05,False,True
COMPLETED,0.69,140.0,1,82,4.901304505769894,0.05,False,True
COMPLETED,0.7199999999999999,153.0,5000,36,3.8592319551911385,0.05,False,True
ABANDONED,,,5000,16,4.563725990417153,0.0005,False,True
COMPLETED,0.7099999999999999,138.0,1,75,4.029948177116045,0.05,True,True
ABANDONED,,,3284,3925,10,0.0005,True,True
FAILED,,,5000,65,4.861804411790614,0.0005,False,True
COMPLETED,0.7099999999999999,123.0,5000,52,5.024683858375796,0.05,True,True
FAILED,,,5000,32,4.42226251991691,0.0005,True,True
FAILED,,,5000,21,3.6946238684162114,0.0005,False,True
COMPLETED,0.55,2914.0,5000,3520,10,0.05,True,True
FAILED,,,5000,102,3.965072558004632,0.0005,False,True
COMPLETED,0.7099999999999999,117.0,3,112,6.078223224504731,0.05,True,True
COMPLETED,0.7399999999999999,248.0,5000,12,5.521360987597215,0.05,False,True
FAILED,,,5000,13,5.465442389496562,0.0005,False,True
FAILED,,,1,81,6.6906074348398485,0.0005,True,True
FAILED,,,5000,49,5.28888016881304,0.0005,False,True
FAILED,,,4999,120,5.220060781379027,0.0005,False,True
FAILED,,,1,21,5.753020845029798,0.0005,True,True
COMPLETED,0.67,168.0,3005,267,4.769615816875364,0.05,False,True
COMPLETED,0.7099999999999999,167.0,3142,160,4.763917355844012,0.05,False,True
COMPLETED,0.64,265.0,1,331,4.787244289436951,0.05,False,True
ABANDONED,,,2994,297,4.863565908576375,0.0005,False,True
COMPLETED,0.68,195.0,3005,221,4.715912408150646,0.05,False,True
FAILED,,,5000,345,4.696764705698398,0.0005,False,True
COMPLETED,0.7199999999999999,135.0,5000,146,4.758513292794024,0.05,False,True
FAILED,,,5000,200,4.830847159181128,0.0005,False,True
COMPLETED,0.7199999999999999,142.0,3010,186,4.685869268771561,0.05,False,True
COMPLETED,0.63,150.0,5000,301,4.733970987587925,0.05,False,True
FAILED,,,2994,243,4.836545519834781,0.0005,False,True
COMPLETED,0.69,125.0,3008,243,4.736211091898468,0.05,False,True
COMPLETED,0.69,167.0,5,144,4.762394356876541,0.05,False,True
FAILED,,,5000,270,4.723384576707418,0.0005,False,True
FAILED,,,1,299,4.760686517651572,0.0005,False,True
FAILED,,,5000,160,4.767698703116993,0.0005,False,True
COMPLETED,0.67,153.0,1,273,4.698874198190669,0.05,False,True
COMPLETED,0.66,184.0,1,366,4.60718482586473,0.05,False,True
FAILED,,,5000,133,4.781582354773008,0.0005,False,True
COMPLETED,0.65,206.0,3037,367,4.533650880821113,0.05,False,True
COMPLETED,0.64,182.0,5000,341,4.752735714622998,0.05,False,True
FAILED,,,1,201,4.817731161920132,0.0005,False,True
FAILED,,,1,160,4.885338751362994,0.0005,False,True
FAILED,,,5000,231,4.7614618955033245,0.0005,False,True
FAILED,,,1,346,4.6906963811277596,0.0005,False,True
COMPLETED,0.67,150.0,5000,251,4.726496428923412,0.05,False,True
FAILED,,,5000,58,4.851638210276218,0.0005,False,True
COMPLETED,0.67,148.0,5000,276,4.759002973168921,0.05,False,True
COMPLETED,0.7,155.0,3007,205,4.730950780815009,0.05,False,True
FAILED,,,4999,109,4.851592286754825,0.0005,False,True
COMPLETED,0.7099999999999999,138.0,5000,52,5.044037977099511,0.05,False,True
COMPLETED,0.7,141.0,4596,180,4.821918931163066,0.05,False,True
COMPLETED,0.68,149.0,1,235,4.701724766876513,0.05,False,True
COMPLETED,0.69,139.0,1,184,4.715125504123695,0.05,False,True
COMPLETED,0.64,149.0,5000,379,4.547754055144427,0.05,False,True
COMPLETED,0.7,125.0,5,127,4.796594503890417,0.05,False,True
COMPLETED,0.65,180.0,1,305,4.515722511340485,0.05,False,True
COMPLETED,0.67,180.0,5000,321,5.087664110537688,0.05,False,True
COMPLETED,0.69,147.0,4599,128,4.787936641258257,0.05,False,True
COMPLETED,0.69,131.0,5000,213,4.717505812539558,0.05,False,True
COMPLETED,0.65,298.0,1,367,4.50343204590593,0.05,True,True
FAILED,,,5000,361,5.2835099083309895,0.0005,False,True
COMPLETED,0.69,160.0,1,206,4.74031569351243,0.05,False,True
FAILED,,,5000,304,4.7294469905692855,0.0005,False,True
COMPLETED,0.7,142.0,4596,165,4.752528735196753,0.05,False,True
COMPLETED,0.7399999999999999,170.0,1,23,4.880196126019979,0.05,False,True
COMPLETED,0.7099999999999999,106.0,5000,91,4.632229680912459,0.05,False,True
COMPLETED,0.69,111.0,5000,196,4.784279515208012,0.05,False,True
FAILED,,,5000,179,4.833900132454192,0.0005,False,True
COMPLETED,0.68,139.0,5,162,4.765539001312212,0.05,False,True
ABANDONED,,,5000,235,4.867722578546792,0.0005,False,True
ABANDONED,,,3007,172,4.874478020636518,0.0005,False,True
ABANDONED,,,1,246,4.718309240191361,0.0005,False,True
ABANDONED,,,4599,150,4.815944662037569,0.0005,False,True
ABANDONED,,,5000,202,4.685986875530442,0.0005,False,True
ABANDONED,,,5000,311,4.561463199683675,0.0005,False,True
COMPLETED,0.7,128.0,1,61,4.767921737377198,0.05,False,True
ABANDONED,,,5000,57,4.790067073053681,0.0005,False,True
ABANDONED,,,5000,37,4.930352623163869,0.0005,False,True
ABANDONED,,,1,304,4.964738453386481,0.0005,False,True
ABANDONED,,,5000,117,4.706248752553592,0.0005,False,True
ABANDONED,,,1,205,4.8143378844602776,0.0005,False,True
ABANDONED,,,5000,270,4.811913719877789,0.0005,False,True
COMPLETED,0.7,118.0,5000,72,4.924112059322697,0.05,False,True
COMPLETED,0.69,130.0,5000,231,4.723407267521665,0.05,False,True
ABANDONED,,,1,147,4.719403998242202,0.0005,False,True
ABANDONED,,,1,335,4.684651569335349,0.0005,False,True
ABANDONED,,,5000,2,4.878003459771457,0.0005,False,True
ABANDONED,,,5000,333,4.862836296688694,0.0005,False,True
COMPLETED,0.7199999999999999,228.0,5000,36,4.74566759717895,0.05,False,True
ABANDONED,,,5000,177,4.720633903983568,0.0005,False,True
COMPLETED,0.7,4712.0,5000,2,4.8823278310987535,0.05,False,True
ABANDONED,,,1,349,4.3904672166898,0.0005,True,True
ABANDONED,,,5,101,4.621150552816006,0.0005,False,True
COMPLETED,0.7,160.0,5000,2,0.001,0.05,True,False
COMPLETED,0.67,187.0,5000,306,4.400928970628075,0.05,False,True
COMPLETED,0.66,184.0,1,290,5.1588777607474805,0.05,False,True
COMPLETED,0.68,124.0,1,254,4.67486745401541,0.05,False,True
ABANDONED,,,1,179,4.770632108379576,0.0005,False,True
COMPLETED,0.67,176.0,1,299,4.362512998444344,0.05,True,True
ABANDONED,,,5000,290,5.077718335753644,0.0005,False,True
ABANDONED,,,5000,217,4.837012339678164,0.0005,False,True
ABANDONED,,,5000,251,4.568351161812193,0.0005,False,True
ABANDONED,,,1,54,4.909286517679726,0.0005,False,True
ABANDONED,,,1,274,4.753076791732901,0.0005,False,True
ABANDONED,,,4599,135,4.812535439385065,0.0005,False,True
COMPLETED,0.67,149.0,5000,257,5.07539729296608,0.05,False,True
COMPLETED,0.68,153.0,5000,266,4.143451070125206,0.05,False,True
ABANDONED,,,5000,162,4.7679539267236795,0.0005,False,True
COMPLETED,0.65,190.0,5000,350,4.911589071035825,0.05,True,True
ABANDONED,,,1,226,4.773973660995784,0.0005,False,True
ABANDONED,,,1,341,5.347488279945227,0.0005,False,True
ABANDONED,,,5000,279,4.4852894036309685,0.0005,False,True
COMPLETED,0.7299999999999999,172.0,5000,15,4.788804114371408,0.05,False,True
ABANDONED,,,5000,72,4.779346821715331,0.0005,False,True
FAILED,,,5000,23,4.885736692788371,0.0005,False,True
COMPLETED,0.7099999999999999,123.0,4596,156,4.719919597918292,0.05,False,True
COMPLETED,0.7,418.0,1,220,4.749156415451276,0.05,False,True
FAILED,,,1,2,4.8451574440138785,0.0005,False,True
COMPLETED,0.7,4425.0,1,2,4.773992546485258,0.05,False,True
COMPLETED,0.7,5665.0,5000,2,4.402961037027205,0.05,False,True
ABANDONED,,,1524,1400,5.783145610612241,0.0005,True,True
COMPLETED,0.7,134.0,5000,137,4.738795520931051,0.05,False,True
COMPLETED,0.7,124.0,5000,2,0.001,0.0005,True,False
ABANDONED,,,5000,190,4.948767310252427,0.0005,False,True
FAILED,,,1,2,4.684683370124801,0.0005,False,True
COMPLETED,0.7,115.0,1,55,6.413884851579695,0.05,True,True
COMPLETED,0.54,2891.0,1888,3716,0.001,0.05,False,True
COMPLETED,0.7099999999999999,116.0,5000,59,4.049107915706217,0.05,False,True
COMPLETED,0.69,108.0,5000,80,4.065144885123256,0.05,False,True
COMPLETED,0.7199999999999999,113.0,5000,43,6.750607683887841,0.05,False,True
COMPLETED,0.7299999999999999,140.0,5000,19,4.0134695517957875,0.05,False,True
COMPLETED,0.6999999999999998,126.0,1,28,6.0261886363169275,0.05,True,True
COMPLETED,0.6999999999999998,105.0,5000,82,5.163886018867527,0.05,False,True
FAILED,,,5000,49,5.483582198490914,0.0005,False,True
COMPLETED,0.6999999999999998,117.0,1,148,8.19879803226203,0.05,True,True
COMPLETED,0.69,121.0,1,135,7.05139429246664,0.05,True,True
COMPLETED,0.7099999999999999,122.0,5000,98,5.61770242347816,0.05,False,True
COMPLETED,0.7199999999999999,127.0,4983,43,4.747975348733415,0.05,False,True
COMPLETED,0.7099999999999999,102.0,5000,63,5.06576485855396,0.05,False,True
COMPLETED,0.6999999999999998,135.0,1,33,5.0103035226200445,0.05,False,True
COMPLETED,0.6999999999999998,105.0,1,46,5.801439382700601,0.05,True,True
FAILED,,,1,83,6.172980289310576,0.0005,True,True
COMPLETED,0.7199999999999999,116.0,5000,35,5.935446751681057,0.05,False,True
COMPLETED,0.7099999999999999,128.0,5000,45,5.48038106012466,0.05,False,True
COMPLETED,0.6999999999999998,109.0,5000,46,4.153279093111491,0.05,False,True
COMPLETED,0.6999999999999998,96.0,5000,73,5.864944820845598,0.05,False,True
ABANDONED,,,5000,91,5.53695244268968,0.0005,False,True
ABANDONED,,,5000,47,5.178071769955488,0.0005,False,True
ABANDONED,,,1,93,6.513614543167275,0.0005,True,True
ABANDONED,,,1,15,5.254564831727341,0.0005,False,True
ABANDONED,,,1,24,6.417934702235382,0.0005,False,True
FAILED,,,5000,25,4.70550085757447,0.0005,False,True
FAILED,,,5000,10,5.01239841010958,0.0005,False,True
FAILED,,,1,29,4.771488320893136,0.0005,True,True
FAILED,,,5000,36,6.141993873244327,0.0005,True,True
COMPLETED,0.69,825.0,5000,5,5.494716955549118,0.05,False,True
FAILED,,,5000,18,5.5339885311336925,0.0005,False,True
ABANDONED,,,5000,64,4.799124970388948,0.0005,False,True
ABANDONED,,,4688,26,3.865845148689651,0.0005,False,True
COMPLETED,0.6999999999999998,113.0,5000,61,6.04297716210869,0.05,True,True
ABANDONED,,,4972,1296,2.694994341944378,0.0005,True,True
COMPLETED,0.7199999999999999,108.0,1,47,5.987373253112939,0.05,False,True
COMPLETED,0.7299999999999999,165.0,5000,30,4.3716977291318955,0.05,False,True
ABANDONED,,,1,70,5.513030170331165,0.0005,True,True
COMPLETED,0.7099999999999999,128.0,1,24,4.087295380369409,0.05,True,True
COMPLETED,0.7199999999999999,122.0,5000,31,3.572516016772826,0.05,True,True
ABANDONED,,,5000,26,4.716916741563549,0.0005,False,True
ABANDONED,,,1,16,5.077434371945647,0.0005,True,True
ABANDONED,,,1,18,4.414286243737542,0.0005,False,True
ABANDONED,,,5000,95,5.017824861170386,0.0005,False,True
FAILED,,,1,40,4.783153883058772,0.0005,False,True
COMPLETED,0.7399999999999999,271.0,1,12,4.991187030620156,0.05,False,True
COMPLETED,0.7199999999999999,93.0,5000,60,4.619175623715576,0.05,False,True
ABANDONED,,,5000,9,4.5638300697168575,0.0005,False,True
COMPLETED,0.7199999999999999,155.0,1,37,4.151951026459084,0.05,False,True
COMPLETED,0.7099999999999999,140.0,1,90,5.390509601768158,0.05,False,True
ABANDONED,,,5000,35,3.741998175734517,0.0005,True,True
COMPLETED,0.7199999999999999,154.0,1,69,4.82282076351195,0.05,False,True
FAILED,,,1,34,4.4861362234587245,0.0005,True,True
COMPLETED,0.7099999999999999,154.0,1,52,5.04250174096939,0.05,False,True
COMPLETED,0.6999999999999998,139.0,1,94,5.2656554782230565,0.05,True,True
FAILED,,,5000,48,5.367141098817499,0.0005,True,True
FAILED,,,1,93,5.352224741540666,0.0005,False,True
FAILED,,,5000,42,6.480917976453882,0.0005,True,True
FAILED,,,1,36,4.108826218368527,0.0005,False,True
FAILED,,,5000,11,4.011751229378519,0.0005,False,True
ABANDONED,,,1,42,4.644048995498258,0.0005,False,True
COMPLETED,0.7099999999999999,324.0,1,9,4.275529918375668,0.05,False,True
ABANDONED,,,5000,17,5.141732241382145,0.0005,False,True
ABANDONED,,,1,72,5.593959028876055,0.0005,False,True
ABANDONED,,,5,95,5.675701963484437,0.0005,False,True
ABANDONED,,,1,7,4.856356724823976,0.0005,False,True
FAILED,,,1,65,4.84523139396186,0.0005,False,True
COMPLETED,0.7199999999999999,136.0,5000,21,5.228433221557466,0.05,False,True
COMPLETED,0.69,153.0,1,28,4.4683035616065725,0.05,False,True
COMPLETED,0.7099999999999999,128.0,1,52,4.651149734405974,0.05,True,True
ABANDONED,,,5000,78,5.252363647964617,0.0005,False,True
ABANDONED,,,5000,8,5.388248206957396,0.0005,False,True
FAILED,,,5000,47,4.5402164844063035,0.0005,False,True
FAILED,,,5000,54,6.176557673054767,0.0005,False,True
FAILED,,,5000,85,4.114133319319447,0.0005,True,True
COMPLETED,0.69,122.0,5000,80,4.711540578369401,0.05,False,True
ABANDONED,,,1,34,5.2144675915638015,0.0005,True,True
COMPLETED,0.7199999999999999,133.0,1,40,4.15607653348843,0.05,True,True
COMPLETED,0.7099999999999999,145.0,5000,35,4.334956814179299,0.05,True,True
FAILED,,,5000,59,4.4374136953657946,0.0005,True,True
ABANDONED,,,5000,65,4.152833606990841,0.0005,True,True
ABANDONED,,,5000,40,5.169720986585809,0.0005,True,True
COMPLETED,0.75,198.0,1,15,4.7876820863647005,0.05,True,True
ABANDONED,,,1,32,4.029591483681491,0.0005,True,True
ABANDONED,,,1,66,3.653375512175387,0.0005,True,True
COMPLETED,0.7099999999999999,141.0,1,76,5.032987665502721,0.05,True,True
ABANDONED,,,1,23,4.651761131801056,0.0005,True,True
FAILED,,,1,77,4.737644921529814,0.0005,True,True
COMPLETED,0.7099999999999999,115.0,5,106,5.100625831809377,0.05,True,True
FAILED,,,1,45,4.8705448622737055,0.0005,True,True
FAILED,,,5000,48,4.601276059865129,0.0005,False,True
ABANDONED,,,1,13,4.319931194958822,0.0005,True,True
ABANDONED,,,1,23,5.719646826374813,0.0005,True,True
COMPLETED,0.7199999999999999,179.0,1,43,4.853997934428061,0.05,True,True
COMPLETED,0.7099999999999999,138.0,1,61,4.734448679323443,0.05,True,True
COMPLETED,0.7099999999999999,509.0,1,7,4.816870811643875,0.05,True,True
COMPLETED,0.69,157.0,1,89,4.805195102524859,0.05,True,True
COMPLETED,0.7199999999999999,164.0,5000,96,5.679228018031403,0.05,True,True
COMPLETED,0.6999999999999998,199.0,5000,16,4.280698094481729,0.05,True,True
ABANDONED,,,1,33,4.2677610391863725,0.0005,False,True
ABANDONED,,,1,78,4.903574678874359,0.0005,True,True
COMPLETED,0.7099999999999999,166.0,5000,31,4.77293630286183,0.05,False,True
COMPLETED,0.7099999999999999,127.0,5000,27,5.118480768621542,0.05,True,True
ABANDONED,,,5000,47,4.599754497959885,0.0005,False,True
ABANDONED,,,1,22,4.860054131232784,0.0005,False,True
FAILED,,,1,51,5.325594053855752,0.0005,True,True
FAILED,,,5000,25,4.563404354526975,0.0005,True,True
FAILED,,,1,40,4.586377559363726,0.0005,True,True
FAILED,,,1,66,4.8283577050254,0.0005,False,True
FAILED,,,1,39,5.144650284140043,0.0005,False,True
COMPLETED,0.7099999999999999,129.0,5000,81,4.860705794317751,0.05,True,True
COMPLETED,0.75,174.0,1,15,4.679401328577137,0.05,False,True
ABANDONED,,,5000,44,5.733763729919634,0.0005,False,True
COMPLETED,0.7299999999999999,153.0,1,19,6.047587771958946,0.05,False,True
FAILED,,,5000,63,4.83701300535488,0.0005,True,True
COMPLETED,0.7099999999999999,133.0,1,75,4.898948847987249,0.05,False,True
COMPLETED,0.6999999999999998,112.0,1,90,4.956150081170463,0.05,False,True
COMPLETED,0.6999999999999998,544.0,1,7,4.9415041265491935,0.05,False,True
COMPLETED,0.7099999999999999,113.0,1,49,4.623873292691857,0.05,False,True
FAILED,,,1,11,3.9876124619646975,0.0005,False,True
ABANDONED,,,1,25,5.724754626310644,0.0005,False,True
ABANDONED,,,1,46,5.029778558958299,0.0005,True,True
ABANDONED,,,1,65,4.814713020205376,0.0005,False,True
ABANDONED,,,1,90,5.056426304123143,0.0005,False,True
ABANDONED,,,1,44,4.3743350206126195,0.0005,True,True
COMPLETED,0.7299999999999999,152.0,5000,20,4.599530860698752,0.05,False,True
COMPLETED,0.6999999999999998,192.0,1,16,5.693013055690722,0.05,True,True
COMPLETED,0.7199999999999999,148.0,1,38,4.879545444021934,0.05,False,True
ABANDONED,,,1,3,4.453096589942426,0.0005,False,True
ABANDONED,,,1,46,5.067163711751945,0.0005,False,True
COMPLETED,0.7199999999999999,314.0,5000,8,4.93200726318178,0.05,False,True
COMPLETED,0.6999999999999998,152.0,5000,57,5.032498299282399,0.05,False,True
COMPLETED,0.69,603.0,1,5,5.369381557135715,0.05,False,True
COMPLETED,0.7299999999999999,155.0,1,29,4.991551212280844,0.05,False,True
COMPLETED,0.6999999999999998,132.0,1,56,4.670208520085321,0.05,False,True
COMPLETED,0.7099999999999999,142.0,1,75,5.469367063411222,0.05,False,True
ABANDONED,,,5000,34,4.172497207590384,0.0005,False,True
ABANDONED,,,5000,59,5.951175767803805,0.0005,True,True
ABANDONED,,,5000,28,5.200202109471348,0.0005,False,True
ABANDONED,,,1,64,4.871270455389402,0.0005,True,True
ABANDONED,,,5,101,4.258276474783186,0.0005,True,True
COMPLETED,0.7199999999999999,146.0,5000,35,4.414539462545649,0.05,False,True
COMPLETED,0.69,134.0,5000,28,5.8852603707339775,0.05,True,True
ABANDONED,,,5000,14,4.14410900147353,0.0005,False,True
COMPLETED,0.7299999999999999,230.0,1,13,3.9891666482046606,0.05,True,True
COMPLETED,0.7099999999999999,164.0,5000,16,4.468555745609338,0.05,False,True
COMPLETED,0.7199999999999999,109.0,1,44,4.288533776231776,0.05,False,True
ABANDONED,,,1,13,4.307737247133906,0.0005,False,True
COMPLETED,0.67,143.0,1,223,5.125554737031756,0.05,True,True
COMPLETED,0.7299999999999999,108.0,1,170,5.062664087140766,0.05,True,True
ABANDONED,,,1,10,3.9340660022805913,0.0005,True,True
COMPLETED,0.6999999999999998,158.0,3,139,5.064507665701196,0.05,True,True
COMPLETED,0.68,156.0,1,265,5.102357084583546,0.05,True,True
ABANDONED,,,1,91,4.961531086816048,0.0005,True,True
COMPLETED,0.69,141.0,1,243,5.233256385827683,0.05,False,True
FAILED,,,1,261,5.4894240897823545,0.0005,True,True
FAILED,,,1,181,5.137627516108854,0.0005,True,True
COMPLETED,0.69,135.0,1,194,5.03044911199013,0.05,True,True
COMPLETED,0.69,153.0,5000,240,5.047974603266033,0.05,True,True
COMPLETED,0.69,132.0,1,175,5.190455946845071,0.05,False,True
COMPLETED,0.68,208.0,1,237,4.828432899892739,0.05,True,True
ABANDONED,,,1,240,5.188385541921608,0.0005,True,True
COMPLETED,0.7099999999999999,177.0,5,114,5.043727138417317,0.05,False,True
COMPLETED,0.68,139.0,1,293,5.415554052170286,0.05,True,True
COMPLETED,0.7099999999999999,122.0,5000,214,5.201912525748499,0.05,False,True
ABANDONED,,,4,224,5.394557566240716,0.0005,False,True
COMPLETED,0.69,151.0,5000,158,5.172711935495679,0.05,False,True
FAILED,,,1,156,4.950485251505064,0.0005,True,True
COMPLETED,0.68,173.0,5000,281,5.533780698979434,0.05,True,True
FAILED,,,5000,246,5.674766601485405,0.0005,False,True
COMPLETED,0.69,163.0,1,199,5.182865700471106,0.05,False,True
COMPLETED,0.6999999999999998,143.0,3,139,5.095472243600198,0.05,False,True
ABANDONED,,,1,258,4.531804869916272,0.0005,True,True
COMPLETED,0.69,135.0,1,219,5.239268450866981,0.05,False,True
ABANDONED,,,1,198,5.105156253170152,0.0005,True,True
COMPLETED,0.67,137.0,5000,264,4.763588198870119,0.05,True,True
COMPLETED,0.7099999999999999,136.0,5,122,4.969696765881695,0.05,True,True
COMPLETED,0.6999999999999998,128.0,1,155,5.073459834895126,0.05,True,True
ABANDONED,,,1,283,5.397269645040976,0.0005,True,True
COMPLETED,0.7099999999999999,118.0,3,156,5.13052740949893,0.05,False,True
FAILED,,,3,138,4.8591060557844115,0.0005,True,True
COMPLETED,0.68,187.0,1,242,5.3850299715474526,0.05,True,True
COMPLETED,0.7099999999999999,143.0,5000,185,5.211517952921684,0.05,False,True
COMPLETED,0.7099999999999999,111.0,5000,129,5.1203016234026215,0.05,False,True
COMPLETED,0.68,187.0,5000,269,5.450339637319333,0.05,False,True
COMPLETED,0.69,135.0,1,259,5.06165184095207,0.05,False,True
ABANDONED,,,3005,255,5.773475317041496,0.0005,False,True
COMPLETED,0.7199999999999999,145.0,1,102,5.0325121716895165,0.05,False,True
COMPLETED,0.69,116.0,1,206,5.059934254919773,0.05,True,True
COMPLETED,0.69,126.0,5000,191,5.115638183152608,0.05,True,True
COMPLETED,0.6999999999999998,109.0,2,126,5.098222097080748,0.05,False,True
ABANDONED,,,5,167,4.9241271239980415,0.0005,True,True
COMPLETED,0.68,142.0,1,179,5.0245548186904845,0.05,True,True
COMPLETED,0.7299999999999999,125.0,5000,170,5.124554293427496,0.05,False,True
COMPLETED,0.56,798.0,4073,1151,5.821639982729294,0.05,True,True
COMPLETED,0.69,119.0,5000,240,5.23701128057847,0.05,False,True
COMPLETED,0.69,121.0,5000,104,4.940664360945927,0.05,False,True
ABANDONED,,,5000,213,5.275209235967789,0.0005,True,True
ABANDONED,,,5,167,5.031710115672467,0.0005,False,True
ABANDONED,,,3,134,5.122945289545817,0.0005,False,True
ABANDONED,,,3,133,5.086917492236144,0.0005,True,True
COMPLETED,0.69,138.0,5000,216,4.771994872641891,0.05,True,True
ABANDONED,,,5000,190,5.593021864219087,0.0005,False,True
COMPLETED,0.69,143.0,1,219,5.9400796023883125,0.05,False,True
COMPLETED,0.6999999999999998,116.0,5000,155,5.1367072250203165,0.05,True,True
ABANDONED,,,5000,206,4.560065284179233,0.0005,True,True
COMPLETED,0.68,174.0,1,293,6.239683784822495,0.05,True,True
ABANDONED,,,1,233,5.6048639478011335,0.0005,True,True
COMPLETED,0.6999999999999998,140.0,5000,198,5.216294599900127,0.05,False,True
COMPLETED,0.6999999999999998,102.0,4599,143,5.1718990847800566,0.05,False,True
COMPLETED,0.7199999999999999,128.0,4999,118,5.081986757147312,0.05,False,True
COMPLETED,0.66,5842.0,3107,2,4.6555178143501115,0.0302084464825831,False,True
COMPLETED,0.69,854.0,1,5,4.6183016719369085,0.0357103059422583,True,True
ABANDONED,,,1,2,4.6558757849683,0.0158837841330656,False,True
COMPLETED,0.65,7090.0,1,2,4.331409069492884,0.0284602286553812,False,True
FAILED,,,5000,2,3.6751615446267927,0.0005,False,True
COMPLETED,0.7099999999999999,6011.0,5000,2,3.58978162297482,0.05,False,True
ABANDONED,,,1,2,4.824397477163845,0.0005,True,True
COMPLETED,0.69,4808.0,1,2,4.501796796040834,0.05,False,True
ABANDONED,,,5000,213,5.267928658856484,0.0005,False,True
COMPLETED,0.7099999999999999,148.0,1,91,6.742577528521912,0.05,False,True
COMPLETED,0.7099999999999999,123.0,5000,81,5.612424936828532,0.05,False,True
COMPLETED,0.7099999999999999,176.0,5000,117,8.284696535908028,0.05,False,True
ABANDONED,,,4550,2256,0.001,0.0005,False,True
COMPLETED,0.6999999999999998,129.0,5000,50,4.370975615716072,0.05,True,True
COMPLETED,0.7199999999999999,161.0,1,107,7.03141350688878,0.05,True,True
COMPLETED,0.7299999999999999,142.0,1,53,4.089110207717406,0.05,True,True
COMPLETED,0.7099999999999999,131.0,5000,95,6.438705953831208,0.05,False,True
COMPLETED,0.68,154.0,1,134,7.153196696991798,0.0035222570467619,False,True
COMPLETED,0.7099999999999999,148.0,1,92,7.516454849801672,0.05,False,True
COMPLETED,0.7199999999999999,135.0,1,29,4.489183163554364,0.05,True,True
COMPLETED,0.7099999999999999,145.0,1,52,6.636607007641512,0.05,False,True
COMPLETED,0.7199999999999999,124.0,1,40,3.6210429224548446,0.05,True,True
COMPLETED,0.7099999999999999,109.0,5000,185,9.02026510404051,0.05,False,True
COMPLETED,0.68,132.0,1,68,4.967657269765176,0.05,True,True
COMPLETED,0.67,113.0,1,193,10,0.05,False,True
ABANDONED,,,5000,182,8.955382286166078,0.0005,False,True
COMPLETED,0.7199999999999999,149.0,5000,53,6.124388282594121,0.05,False,True
COMPLETED,0.7199999999999999,125.0,1,69,3.338842002843187,0.05,True,True
COMPLETED,0.69,117.0,5000,92,6.644832555930128,0.0081636496847319,False,True
COMPLETED,0.54,1845.0,185,1992,0.001,0.05,False,True
COMPLETED,0.55,1334.0,2428,2117,0.001,0.05,False,True
COMPLETED,0.7099999999999999,124.0,1,40,3.6017995644838297,0.05,False,True
COMPLETED,0.7099999999999999,108.0,5000,132,7.586870900073073,0.05,False,True
COMPLETED,0.7199999999999999,138.0,5000,66,3.84581988333782,0.05,True,True
COMPLETED,0.6999999999999998,110.0,5000,94,7.596611196432259,0.05,False,True
COMPLETED,0.69,122.0,1,89,2.418009635510429,0.05,True,True
COMPLETED,0.69,156.0,37,243,8.260026981726426,0.05,True,True
COMPLETED,0.7399999999999999,161.0,1,23,3.579658898601357,0.05,True,True
COMPLETED,0.6999999999999998,126.0,5000,217,10,0.05,False,True
COMPLETED,0.7099999999999999,136.0,1,31,3.9594280626734206,0.05,True,True
COMPLETED,0.69,113.0,1,79,4.46176037074912,0.05,True,True
COMPLETED,0.69,121.0,1,158,7.785383567023875,0.05,False,True
COMPLETED,0.7099999999999999,122.0,5000,132,7.588475489456695,0.05,True,True
COMPLETED,0.7099999999999999,136.0,1,61,4.136644841001152,0.05,True,True
COMPLETED,0.7199999999999999,101.0,5000,96,7.075299911950426,0.05,True,True
COMPLETED,0.69,132.0,5000,51,3.623255047490837,0.05,True,True
COMPLETED,0.7399999999999999,132.0,1,23,3.5097765697814105,0.05,False,True
COMPLETED,0.69,153.0,1,162,8.681025926358085,0.05,False,True
COMPLETED,0.6999999999999998,121.0,5000,139,9.105683287168926,0.05,True,True
COMPLETED,0.7299999999999999,311.0,1,10,3.7280100489830894,0.05,False,True
ABANDONED,,,5000,159,8.510665694391944,0.0005,True,True
COMPLETED,0.66,110.0,1,163,10,0.05,False,True
COMPLETED,0.6999999999999998,134.0,5000,151,10,0.05,False,True
COMPLETED,0.7199999999999999,157.0,5000,31,3.499768068823807,0.05,False,True
COMPLETED,0.7199999999999999,231.0,1,10,3.581306027145284,0.05,True,True
COMPLETED,0.7099999999999999,169.0,1,188,9.901065919812654,0.05,True,True
COMPLETED,0.69,105.0,5000,144,8.34282810734192,0.05,True,True
COMPLETED,0.69,115.0,5000,162,10,0.05,True,True
COMPLETED,0.6999999999999998,122.0,5000,154,8.64671380917021,0.05,False,True
ABANDONED,,,5000,157,7.469911879799616,0.0005,False,True
COMPLETED,0.7199999999999999,355.0,1,4,4.296800047001904,0.05,True,True
COMPLETED,0.7299999999999999,427.0,1,4,3.5428734677241414,0.05,True,True
ABANDONED,,,1,143,7.159253254391228,0.0005,True,True
COMPLETED,0.69,144.0,1,28,3.8218455640471145,0.05,False,True
COMPLETED,0.6999999999999998,185.0,5000,16,3.645331439126292,0.05,False,True
FAILED,,,5000,208,9.047618393604013,0.0005,True,True
COMPLETED,0.7099999999999999,126.0,1,47,4.023355737778667,0.05,True,True
ABANDONED,,,4868,129,8.355129797195104,0.0005,True,True
COMPLETED,0.7199999999999999,138.0,1,21,3.979773202614768,0.05,True,True
COMPLETED,0.7399999999999999,259.0,5000,12,3.721785552346289,0.05,True,True
COMPLETED,0.7099999999999999,153.0,1,18,3.3353738090337908,0.05,True,True
COMPLETED,0.7299999999999999,152.0,1,37,4.037630969255054,0.05,True,True
COMPLETED,0.7299999999999999,141.0,1,29,3.7050741359172847,0.05,True,True
COMPLETED,0.6999999999999998,1216.0,1,3,3.942585905467904,0.05,True,True
FAILED,,,4996,158,10,0.0005,True,True
COMPLETED,0.7299999999999999,348.0,1,10,3.8989765922728625,0.05,True,True
COMPLETED,0.68,123.0,1,68,4.367952883060389,0.05,True,True
ABANDONED,,,108,190,7.991295510353501,0.0005,False,True
COMPLETED,0.7099999999999999,118.0,1,77,3.037921082155876,0.05,False,True
COMPLETED,0.7199999999999999,127.0,5000,69,4.4099974362698715,0.05,True,True
COMPLETED,0.7399999999999999,205.0,1,17,4.003106643142038,0.05,True,True
COMPLETED,0.7199999999999999,146.0,1,74,4.41316979136883,0.05,True,True
COMPLETED,0.7099999999999999,143.0,1,48,3.671519663245917,0.05,True,True
COMPLETED,0.7199999999999999,140.0,1,85,4.569323326564872,0.05,True,True
FAILED,,,1,182,8.419856345232414,0.0005,True,True
COMPLETED,0.6999999999999998,139.0,1,33,4.286508789316197,0.05,True,True
FAILED,,,5000,165,10,0.0005,False,True
COMPLETED,0.6999999999999998,189.0,5000,22,3.2460701860680112,0.05,True,True
COMPLETED,0.7099999999999999,118.0,1,52,3.8559774881794375,0.05,False,True
COMPLETED,0.7099999999999999,149.0,1,45,4.425249976442513,0.05,True,True
COMPLETED,0.7299999999999999,136.0,1,27,4.114613404481842,0.05,True,True
COMPLETED,0.7099999999999999,258.0,1,18,3.6135096537198375,0.05,True,True
ABANDONED,,,5000,217,9.694735107277513,0.0005,True,True
COMPLETED,0.68,138.0,5000,222,8.87951045665027,0.05,False,True
COMPLETED,0.6999999999999998,123.0,5000,144,8.15501263615128,0.05,False,True
COMPLETED,0.7199999999999999,146.0,1,38,3.3068289190968296,0.05,True,True
COMPLETED,0.6999999999999998,119.0,5000,51,3.65370237631511,0.05,False,True
FAILED,,,5000,153,9.912779981373971,0.0005,True,True
COMPLETED,0.6999999999999998,131.0,1,55,4.21257897693841,0.05,True,True
COMPLETED,0.7099999999999999,165.0,5000,185,9.359952037554342,0.0294797536982539,True,True
COMPLETED,0.68,166.0,5000,244,8.84943274069003,0.05,True,True
COMPLETED,0.7299999999999999,122.0,5000,26,4.275750772334655,0.05,True,True
COMPLETED,0.7099999999999999,138.0,1,18,4.395417220545994,0.05,True,True
COMPLETED,0.7099999999999999,144.0,1,64,4.256033322525609,0.05,True,True
COMPLETED,0.7299999999999999,329.0,5000,10,4.520038016358807,0.05,True,True
COMPLETED,0.7199999999999999,142.0,5000,36,3.8006488988843694,0.05,True,True
COMPLETED,0.69,127.0,5000,82,4.362074499024482,0.05,True,True
ABANDONED,,,5000,152,10,0.0005,False,True
COMPLETED,0.6999999999999998,153.0,5000,120,10,0.05,True,True
FAILED,,,5000,147,10,0.0005,True,True
COMPLETED,0.7199999999999999,330.0,1,9,4.288207590680068,0.05,True,True
FAILED,,,5000,190,8.523025392118543,0.0005,True,True
COMPLETED,0.7199999999999999,132.0,5000,60,4.478342359683629,0.05,True,True
COMPLETED,0.7299999999999999,167.0,5000,19,3.874304184932961,0.05,True,True
ABANDONED,,,5000,271,10,0.0005,True,True
COMPLETED,0.7199999999999999,116.0,4983,43,4.163489884720269,0.05,True,True
COMPLETED,0.7099999999999999,136.0,5000,93,4.83211146919098,0.05,True,True
COMPLETED,0.7199999999999999,383.0,5000,8,3.616894403031474,0.05,True,True
COMPLETED,0.7099999999999999,141.0,1,52,3.9460859384652394,0.05,True,True
COMPLETED,0.69,5174.0,5000,2,4.140690661346008,0.05,True,True
COMPLETED,0.7399999999999999,161.0,5000,23,3.9303413800261784,0.05,True,True
COMPLETED,0.6999999999999998,147.0,5000,55,3.900058313247816,0.05,True,True
FAILED,,,5000,145,8.993763325732289,0.0005,False,True
COMPLETED,0.52,6672.0,4311,3399,0.001,0.0005,True,True
COMPLETED,0.7099999999999999,527.0,1,7,3.879900692547,0.05,True,True
ABANDONED,,,1,258,7.9218905776767965,0.0005,True,True
COMPLETED,0.68,120.0,1,168,10,0.0079491245234181,True,True
COMPLETED,0.69,178.0,5000,28,3.3624280822815886,0.05,True,True
FAILED,,,5000,147,7.567806228413304,0.0005,True,True
FAILED,,,5000,162,7.368841295431913,0.0005,True,True
FAILED,,,1,201,8.438365202059854,0.0005,True,True
COMPLETED,0.7299999999999999,219.0,1,17,3.970541548279388,0.05,False,True
FAILED,,,5000,168,10,0.0005,True,True
COMPLETED,0.7199999999999999,112.0,1,37,4.420259997028092,0.05,True,True
COMPLETED,0.7199999999999999,155.0,5000,152,10,0.0202759837369481,True,True
COMPLETED,0.7199999999999999,115.0,1,69,4.353388475895748,0.05,False,True
ABANDONED,,,5000,195,10,0.0005,False,True
COMPLETED,0.7199999999999999,128.0,5000,26,4.116144533112829,0.05,False,True
COMPLETED,0.7299999999999999,128.0,1,26,3.648006634868117,0.05,True,True
FAILED,,,5000,198,9.08049366624483,0.0005,True,True
COMPLETED,0.6999999999999998,142.0,5000,182,8.636135507177714,0.05,True,True
COMPLETED,0.7199999999999999,145.0,1,44,4.031669893426283,0.05,True,True
COMPLETED,0.7299999999999999,294.0,1,8,3.3531868770443967,0.05,True,True
COMPLETED,0.6999999999999998,125.0,1,57,4.436856458674566,0.05,True,True
COMPLETED,0.69,4341.0,1,2,3.8232945035753385,0.05,True,True
COMPLETED,0.7199999999999999,201.0,1,14,3.588763462397463,0.05,True,True
COMPLETED,0.7099999999999999,140.0,2,86,4.2226746796690575,0.05,True,True
ABANDONED,,,5000,173,10,0.0005,True,True
COMPLETED,0.7199999999999999,176.0,1,34,3.953855315666893,0.05,True,True
COMPLETED,0.7299999999999999,234.0,5000,12,4.072519653554268,0.05,False,True
FAILED,,,5000,151,9.840498253551216,0.0005,True,True
COMPLETED,0.7199999999999999,178.0,1,30,3.0641957022198767,0.05,True,True
COMPLETED,0.6999999999999998,149.0,5000,97,8.700877425291592,0.05,True,True
COMPLETED,0.7099999999999999,109.0,2,86,4.373882464056518,0.05,False,True
COMPLETED,0.7099999999999999,114.0,5000,95,9.997536090861132,0.05,True,True
COMPLETED,0.7099999999999999,152.0,1,49,4.194195975426216,0.05,True,True
COMPLETED,0.7199999999999999,376.0,5000,9,3.2803412551902476,0.05,True,True
ABANDONED,,,5000,120,10,0.0005,True,True
FAILED,,,5000,143,8.900182438781812,0.0005,False,True
COMPLETED,0.7199999999999999,132.0,1,32,3.985996101490027,0.05,False,True
ABANDONED,,,5000,145,10,0.0005,True,True
COMPLETED,0.7199999999999999,110.0,1,44,3.7037791931500967,0.05,True,True
COMPLETED,0.7199999999999999,125.0,1,34,3.648803966974135,0.05,True,True
COMPLETED,0.7199999999999999,141.0,1,66,3.7992285499626592,0.05,True,True
COMPLETED,0.7099999999999999,133.0,5000,54,3.954294371109716,0.05,False,True
COMPLETED,0.7099999999999999,416.0,1,7,3.614249744748143,0.05,True,True
COMPLETED,0.7199999999999999,141.0,1,44,3.7678505614969695,0.05,False,True
FAILED,,,5000,175,7.404167409087994,0.0005,True,True
COMPLETED,0.6999999999999998,125.0,5000,56,2.927838119433685,0.05,False,True
COMPLETED,0.69,183.0,5000,158,7.20282224382363,0.05,False,True
FAILED,,,5000,208,10,0.0005,True,True
COMPLETED,0.7199999999999999,165.0,1,53,3.7000191919859047,0.05,True,True
COMPLETED,0.7099999999999999,164.0,2,59,3.85117818447624,0.05,True,True
COMPLETED,0.68,118.0,5000,223,10,0.05,True,True
FAILED,,,5000,233,8.324637122044937,0.0005,True,True
COMPLETED,0.7299999999999999,178.0,1,169,8.111149942912382,0.05,True,True
COMPLETED,0.7099999999999999,134.0,5000,63,5.05714644401724,0.05,True,True
COMPLETED,0.7099999999999999,166.0,5000,65,4.26880946589784,0.05,False,True
COMPLETED,0.7199999999999999,121.0,4983,43,4.041263472794753,0.05,False,True
COMPLETED,0.7099999999999999,178.0,1,18,3.474317275825141,0.05,False,True
COMPLETED,0.6999999999999998,251.0,1,16,3.0020648382285806,0.05,True,True
ABANDONED,,,5000,191,8.450510332695536,0.0005,True,True
COMPLETED,0.7399999999999999,172.0,5000,23,3.8373709587884073,0.05,False,True
COMPLETED,0.6999999999999998,126.0,5000,56,2.887320670127036,0.05,True,True
ABANDONED,,,5000,191,9.054527265079539,0.0005,True,True
COMPLETED,0.6999999999999998,130.0,5000,55,4.47553438400206,0.05,False,True
COMPLETED,0.7099999999999999,110.0,5000,75,4.555694780836112,0.05,False,True
COMPLETED,0.52,6931.0,1,3702,10,0.0005,False,True
COMPLETED,0.69,121.0,5000,82,8.403266723289633,0.05,False,True
COMPLETED,0.7199999999999999,354.0,5000,10,3.851084814903976,0.05,False,True
COMPLETED,0.7199999999999999,175.0,1,19,3.8272570894877593,0.05,True,True
COMPLETED,0.6999999999999998,166.0,2,87,8.298386782725892,0.05,True,True
COMPLETED,0.6999999999999998,151.0,5000,50,4.304179051898158,0.05,False,True
FAILED,,,108,202,8.872713460028324,0.0005,True,True
COMPLETED,0.6999999999999998,129.0,5000,2,0.001,0.0107744933004518,True,False
COMPLETED,0.6999999999999998,121.0,795,2,0.001,0.0256454535545332,True,False
COMPLETED,0.69,129.0,5000,173,8.834705701487817,0.0111071919114861,True,True
COMPLETED,0.7299999999999999,144.0,1,53,4.226962882552819,0.05,False,True
COMPLETED,0.7399999999999999,153.0,5000,23,3.4084556444599583,0.05,False,True
COMPLETED,0.6999999999999998,142.0,1,64,4.249706168787836,0.05,False,True
COMPLETED,0.7099999999999999,131.0,5000,31,3.853851230113964,0.05,False,True
COMPLETED,0.7199999999999999,296.0,1,10,3.38274550829312,0.05,False,True
COMPLETED,0.7099999999999999,159.0,1,44,4.228886479558509,0.0063786505147404,True,True
COMPLETED,0.6999999999999998,528.0,5000,7,3.6946199343110337,0.05,False,True
COMPLETED,0.7099999999999999,141.0,1,24,3.85104177318418,0.05,False,True
COMPLETED,0.6999999999999998,128.0,1,2,0.001,0.0066869519314986,True,False
COMPLETED,0.7199999999999999,201.0,4983,38,4.107617081723228,0.05,False,True
COMPLETED,0.67,1942.0,5000,7,3.6744027633267047,0.0042069618262443,True,True
COMPLETED,0.7199999999999999,117.0,1,74,4.439853472059216,0.05,False,True
COMPLETED,0.6999999999999998,126.0,795,2,0.001,0.0173932357826075,True,False
COMPLETED,0.69,117.0,1,92,7.370650536504329,0.0101006745337587,True,True
COMPLETED,0.7399999999999999,370.0,1,12,4.036108807148174,0.05,False,True
COMPLETED,0.7099999999999999,131.0,1,33,4.353368834458913,0.05,False,True
COMPLETED,0.7299999999999999,127.0,1,39,3.1603544839730535,0.05,False,True
COMPLETED,0.6999999999999998,120.0,1,2,0.001,0.0315944912459437,True,False
COMPLETED,0.7199999999999999,142.0,1,44,4.013096589373018,0.05,False,True
COMPLETED,0.7199999999999999,122.0,1,96,6.5907479778355835,0.05,False,True
COMPLETED,0.7299999999999999,554.0,1,6,3.9005169660892105,0.05,False,True
COMPLETED,0.7199999999999999,367.0,1,4,3.559676324221724,0.05,False,True
COMPLETED,0.7199999999999999,219.0,1,14,3.652760885838613,0.05,False,True
COMPLETED,0.69,153.0,1,79,4.448931036348837,0.05,False,True
COMPLETED,0.69,127.0,1,57,3.975479696910484,0.05,False,True
COMPLETED,0.7199999999999999,133.0,1,34,3.635176190901857,0.05,False,True
COMPLETED,0.6999999999999998,124.0,795,2,0.001,0.0418600291317632,True,False
COMPLETED,0.7199999999999999,149.0,1,49,4.336380818084907,0.04356505066049,True,True
COMPLETED,0.6999999999999998,157.0,5000,136,7.042337458935009,0.0402208142080851,True,True
COMPLETED,0.6999999999999998,142.0,5000,2,0.001,0.0228252912396391,True,False
COMPLETED,0.7099999999999999,180.0,1,18,3.246868233746236,0.05,False,True
COMPLETED,0.7099999999999999,120.0,5000,130,10,0.05,True,True
COMPLETED,0.7099999999999999,117.0,5000,82,10,0.0141409274388112,True,True
COMPLETED,0.63,153.0,5000,301,4.497299271778048,0.0430599800360829,True,True
COMPLETED,0.7199999999999999,129.0,1,29,3.528084724749045,0.05,False,True
COMPLETED,0.7099999999999999,120.0,5000,92,7.146559484307896,0.05,False,True
COMPLETED,0.66,198.0,5000,247,9.494227206581112,0.05,True,True
COMPLETED,0.68,149.0,1,71,4.308135819193632,0.05,True,True
COMPLETED,0.7199999999999999,133.0,1,69,4.022128819445137,0.05,True,True
COMPLETED,0.6999999999999998,155.0,5000,16,3.9926599616895784,0.05,False,True
COMPLETED,0.7199999999999999,132.0,1,21,3.866538288276423,0.05,False,True
COMPLETED,0.7099999999999999,109.0,5000,130,8.653820795189587,0.0055255417321393,True,True
COMPLETED,0.6999999999999998,125.0,5000,2,0.001,0.0294698445678929,True,False
COMPLETED,0.7099999999999999,120.0,1,49,4.185008026708779,0.05,False,True
ABANDONED,,,108,182,7.577442846358733,0.0005,True,True
COMPLETED,0.6999999999999998,168.0,1,158,7.882355177848537,0.012197767161188,False,True
FAILED,,,5000,2,7.765549490759861,0.0122716899315905,True,True
COMPLETED,0.7099999999999999,136.0,5000,72,4.159486650845774,0.05,False,True
COMPLETED,0.7199999999999999,112.0,1,36,3.9387250178562727,0.05,False,True
COMPLETED,0.7199999999999999,108.0,1,75,4.139149103617704,0.05,False,True
COMPLETED,0.7099999999999999,112.0,5000,95,6.469366397341331,0.05,True,True
COMPLETED,0.6999999999999998,118.0,5000,2,0.001,0.0441145694035507,True,False
COMPLETED,0.7099999999999999,129.0,1,27,4.089911658512026,0.05,False,True
COMPLETED,0.7099999999999999,123.0,5000,47,3.4427349387906614,0.05,False,True
FAILED,,,5000,150,9.197532882000338,0.0005,True,True
FAILED,,,5000,150,8.846061338962985,0.0005,False,True
FAILED,,,5000,204,7.823207932982989,0.0005,True,True
COMPLETED,0.75,221.0,1,15,3.774289721936813,0.05,True,True
COMPLETED,0.7299999999999999,517.0,5000,9,3.2820274807627583,0.05,False,True
COMPLETED,0.7299999999999999,153.0,1,19,3.678221094505023,0.05,False,True
COMPLETED,0.6999999999999998,167.0,5000,22,3.199094396717627,0.05,False,True
COMPLETED,0.7099999999999999,426.0,1,4,3.324993225333656,0.05,True,True
COMPLETED,0.69,150.0,5000,92,6.698163235889371,0.0076718932786866,True,True
COMPLETED,0.6999999999999998,6255.0,1,2,3.9159923537297874,0.05,False,True
ABANDONED,,,5000,2,3.6112901399897352,0.05,True,True
ABANDONED,,,1,160,8.690642594783675,0.0005,True,True
COMPLETED,0.52,5357.0,1811,4091,10,0.0005,True,True
COMPLETED,0.7199999999999999,152.0,1,29,3.876429683996203,0.05,True,True
COMPLETED,0.7099999999999999,133.0,5000,81,4.369279208683574,0.05,False,True
COMPLETED,0.69,103.0,1,158,7.560049715342869,0.05,True,True
COMPLETED,0.7099999999999999,111.0,1,42,3.9497634958318417,0.05,True,True
COMPLETED,0.7299999999999999,167.0,5000,17,2.9486441652574555,0.05,True,True
FAILED,,,5000,2,1.3927570231921627,0.0005,True,True
COMPLETED,0.7099999999999999,110.0,4868,129,10,0.0087261629306239,False,True
COMPLETED,0.6999999999999998,154.0,5000,2,0.001,0.0152785754326214,True,False
COMPLETED,0.6999999999999998,144.0,5000,178,8.218814137364443,0.05,False,True
COMPLETED,0.7199999999999999,299.0,1,14,3.3615053842449703,0.05,True,True
COMPLETED,0.7099999999999999,157.0,5000,72,4.083807589370303,0.05,True,True
COMPLETED,0.65,172.0,1,258,7.125958803612326,0.0118478785376646,True,True
COMPLETED,0.7199999999999999,151.0,5000,182,8.922780491105204,0.0142976878857555,True,True
COMPLETED,0.7099999999999999,138.0,1,24,3.8765710688322974,0.05,True,True
COMPLETED,0.7199999999999999,136.0,5000,152,10,0.0117181386825938,True,True
COMPLETED,0.7099999999999999,123.0,1,48,3.8137467378012992,0.05,False,True
COMPLETED,0.7199999999999999,137.0,1,40,3.7855604139990033,0.05,True,True
FAILED,,,5000,153,9.501894642221993,0.0005,True,True
COMPLETED,0.7299999999999999,138.0,5000,30,4.03286083057862,0.05,True,True
COMPLETED,0.7299999999999999,174.0,1,37,3.704090394221371,0.05,True,True
COMPLETED,0.6999999999999998,155.0,5000,153,10,0.05,False,True
COMPLETED,0.7299999999999999,172.0,1,17,4.053562212732719,0.0455564353319464,True,True
COMPLETED,0.6999999999999998,131.0,1,58,4.146093133549344,0.05,True,True
COMPLETED,0.6999999999999998,127.0,5000,144,8.27499642069539,0.011473614039314,False,True
COMPLETED,0.6999999999999998,93.0,1,96,6.9116262076981885,0.0053557957548068,True,True
FAILED,,,5000,130,9.43519576560222,0.0005,False,True
COMPLETED,0.7399999999999999,137.0,1,23,3.421050223377189,0.05,True,True
FAILED,,,5000,100,9.740288922601641,0.0005,True,True
FAILED,,,5000,197,10,0.0005,True,True
FAILED,,,5000,153,8.969891961045624,0.0005,True,True
FAILED,,,5000,150,9.492503893841182,0.0005,True,True
FAILED,,,5000,86,10,0.0005,True,True
COMPLETED,0.7299999999999999,245.0,1,12,3.640639307485224,0.05,True,True
FAILED,,,5000,124,9.892396524920256,0.0005,False,True
COMPLETED,0.7099999999999999,156.0,1,81,3.9236543325485393,0.05,True,True
FAILED,,,1,167,10,0.0005,False,True
COMPLETED,0.69,6434.0,1,2,3.578521907546531,0.05,True,True
ABANDONED,,,1,151,10,0.0005,True,True
COMPLETED,0.69,128.0,1,28,3.6793121505961146,0.05,True,True
COMPLETED,0.7199999999999999,125.0,1,21,3.6872162727378415,0.05,True,True
ABANDONED,,,5000,101,10,0.0005,True,True
COMPLETED,0.7099999999999999,152.0,5000,16,3.731635856641492,0.05,True,True
ABANDONED,,,4868,131,10,0.0005,True,True
COMPLETED,0.7299999999999999,422.0,1,10,3.399906482191166,0.05,True,True
COMPLETED,0.7199999999999999,127.0,3003,43,4.274764232742402,0.05,True,True
COMPLETED,0.6999999999999998,111.0,5000,144,8.799152945634708,0.0089355002110283,True,True
COMPLETED,0.6999999999999998,144.0,5000,2,0.001,0.006936491496127,True,False
FAILED,,,5000,123,10,0.0005,False,True
FAILED,,,5000,156,10,0.0005,True,True
COMPLETED,0.7099999999999999,770.0,1,5,3.6472053117233054,0.05,True,True
FAILED,,,5000,194,9.980364761865406,0.0005,True,True
COMPLETED,0.7199999999999999,160.0,1,21,4.242478852433549,0.05,True,True
FAILED,,,5000,210,8.219126538701328,0.0005,False,True
COMPLETED,0.7099999999999999,253.0,5000,132,7.6653790605881085,0.006252775285218,False,True
FAILED,,,1,2,2.0697610624897926,0.0005,False,True
COMPLETED,0.6999999999999998,125.0,1,61,2.8957386700496497,0.05,True,True
COMPLETED,0.6999999999999998,124.0,1,55,3.2224882416987395,0.05,False,True
COMPLETED,0.7199999999999999,109.0,5000,69,4.653309139379469,0.0449352903379446,True,True
COMPLETED,0.6999999999999998,127.0,1,2,0.001,0.0108545983764606,True,False
ABANDONED,,,5000,243,10,0.0005,True,True
ABANDONED,,,5000,152,9.555406595057478,0.0005,False,True
ABANDONED,,,5000,152,8.54143893935228,0.0005,False,True
ABANDONED,,,5000,97,9.013567736178551,0.0005,False,True
ABANDONED,,,5000,195,9.835866291919745,0.0005,True,True
FAILED,,,5000,155,10,0.0005,True,True
FAILED,,,5000,122,8.677938641224547,0.0005,False,True
COMPLETED,0.7199999999999999,120.0,4983,40,3.9007565968080953,0.05,True,True
COMPLETED,0.7299999999999999,246.0,5000,13,3.5024898595562224,0.05,False,True
FAILED,,,5000,170,10,0.0005,False,True
ABANDONED,,,5000,191,8.363476431420322,0.0005,False,True
FAILED,,,5000,121,9.290980878503785,0.0005,False,True
COMPLETED,0.6999999999999998,164.0,5000,46,3.390552400781363,0.05,True,True
COMPLETED,0.7199999999999999,391.0,5000,9,4.041637132734597,0.05,True,True
FAILED,,,855,1721,0.001,0.0005,True,True
COMPLETED,0.6999999999999998,104.0,5000,93,4.128526894770982,0.05,False,True
COMPLETED,0.7299999999999999,211.0,5000,19,3.7035932274196366,0.05,False,True
FAILED,,,5000,133,9.309955428694,0.0005,True,True
ABANDONED,,,5000,175,10,0.0005,False,True
ABANDONED,,,5000,157,10,0.0005,True,True
COMPLETED,0.7299999999999999,113.0,5000,60,4.274782326431309,0.05,False,True
FAILED,,,5000,151,9.47997674895075,0.0005,True,True
COMPLETED,0.69,758.0,2900,3,3.723149898699007,0.05,True,True
COMPLETED,0.7299999999999999,116.0,5000,37,4.9579406241516315,0.05,True,True
COMPLETED,0.7199999999999999,156.0,4983,41,3.8650897885583335,0.05,False,True
COMPLETED,0.7199999999999999,149.0,5000,66,3.858980786421173,0.05,False,True
FAILED,,,5000,159,8.267294454396147,0.0005,False,True
COMPLETED,0.68,126.0,1,68,3.4867165349321927,0.05,False,True
FAILED,,,5000,136,9.251037713160832,0.0005,True,True
COMPLETED,0.7399999999999999,203.0,1,15,4.033045210913265,0.05,True,True
FAILED,,,5000,185,9.407716619173396,0.0005,False,True
COMPLETED,0.6999999999999998,127.0,5000,153,10,0.0076729082508047,True,True
COMPLETED,0.7099999999999999,135.0,5000,95,10,0.0044612049779845,False,True
COMPLETED,0.7199999999999999,750.0,1,6,4.052143645485107,0.05,True,True
FAILED,,,5000,130,8.666871541665937,0.0005,False,True
COMPLETED,0.7099999999999999,158.0,1,61,4.3618509518425945,0.05,True,True
COMPLETED,0.6999999999999998,127.0,5000,144,8.685276711113652,0.0380316549186493,False,True
FAILED,,,5000,82,10,0.0005,True,True
COMPLETED,0.7299999999999999,260.0,1,12,4.178652081834316,0.05,True,True
COMPLETED,0.69,121.0,1,51,4.234597349104063,0.05,True,True
COMPLETED,0.7199999999999999,124.0,1,29,4.129481039367516,0.05,True,True
FAILED,,,5000,243,10,0.0005,False,True
COMPLETED,0.66,277.0,5000,349,7.9917631498914945,0.0085572422295801,True,True
COMPLETED,0.7199999999999999,134.0,1,81,8.814015632304384,0.0052248812846926,True,True
ABANDONED,,,5000,134,9.388189205775772,0.0005,False,True
COMPLETED,0.68,166.0,108,190,8.228129065191325,0.0080122363558029,True,True
COMPLETED,0.65,155.0,3035,400,4.873169145688086,0.0454241526032565,True,True
FAILED,,,5000,128,10,0.0005,False,True
FAILED,,,5000,144,9.255380304460344,0.0005,True,True
FAILED,,,5000,78,10,0.0005,True,True
FAILED,,,1,193,9.301312019890068,0.0005,False,True
FAILED,,,5000,132,9.60717925049334,0.0005,True,True
COMPLETED,0.6999999999999998,175.0,5000,27,3.8432192037728097,0.05,False,True
COMPLETED,0.7099999999999999,123.0,5000,55,4.262913077888559,0.05,True,True
COMPLETED,0.7199999999999999,116.0,5000,81,10,0.0076633722936178,True,True
COMPLETED,0.6999999999999998,116.0,5000,145,10,0.05,False,True
FAILED,,,5000,80,10,0.0005,True,True
FAILED,,,5000,111,10,0.0005,True,True
ABANDONED,,,5000,148,9.273919506940215,0.0005,True,True
ABANDONED,,,5000,92,10,0.0005,True,True
COMPLETED,0.7099999999999999,117.0,5000,75,4.412101558400626,0.05,True,True
ABANDONED,,,5000,134,9.224310469323564,0.0005,True,True
ABANDONED,,,4870,123,8.322782395897299,0.0005,False,True
COMPLETED,0.6999999999999998,147.0,5000,101,8.520863892824424,0.05,True,True
ABANDONED,,,5000,127,10,0.0005,True,True
FAILED,,,5000,120,10,0.0005,False,True
FAILED,,,5000,137,9.674660633910163,0.0005,True,True
FAILED,,,5000,136,10,0.0005,False,True
COMPLETED,0.7199999999999999,107.0,1,42,4.260615968147017,0.05,True,True
COMPLETED,0.7099999999999999,132.0,4983,42,4.369970484338265,0.05,False,True
FAILED,,,5000,99,9.573449137490947,0.0005,True,True
COMPLETED,0.6999999999999998,118.0,5000,97,9.274656283660228,0.05,True,True
FAILED,,,5000,138,10,0.0005,True,True
FAILED,,,1,168,9.776256809815264,0.0005,False,True
COMPLETED,0.7099999999999999,161.0,5,35,4.048362915171286,0.05,True,True
FAILED,,,5000,162,9.248830323441219,0.0005,False,True
COMPLETED,0.65,345.0,1,390,7.820612974882872,0.0088748650348684,True,True
COMPLETED,0.7099999999999999,117.0,1,94,10,0.0036973368120351,False,True
COMPLETED,0.66,140.0,5000,349,8.196832537540383,0.0088945580624279,False,True
ABANDONED,,,5000,122,10,0.0005,False,True
COMPLETED,0.65,164.0,5000,333,4.955998571076389,0.0451401715175186,True,True
COMPLETED,0.6999999999999998,142.0,1,2,0.001,0.0204625662626077,True,False
ABANDONED,,,1,148,8.056956388644098,0.0005,False,True
FAILED,,,2,119,9.744371326382602,0.0005,True,True
FAILED,,,5000,147,9.670157979451888,0.0005,True,True
FAILED,,,5000,132,10,0.0005,False,True
FAILED,,,5000,110,10,0.0005,True,True
FAILED,,,5000,201,9.548230607008822,0.0005,False,True
FAILED,,,5000,134,9.111026015614998,0.0005,False,True
COMPLETED,0.7099999999999999,120.0,1,75,4.652438885264809,0.05,True,True
FAILED,,,1,102,10,0.0005,True,True
FAILED,,,5000,130,9.549338792993607,0.0005,True,True
FAILED,,,1,127,10,0.0005,True,True
FAILED,,,5000,96,10,0.0005,False,True
FAILED,,,1,170,10,0.0005,False,True
ABANDONED,,,1,199,10,0.0005,True,True
FAILED,,,5000,137,10,0.0005,True,True
COMPLETED,0.7099999999999999,112.0,5000,65,4.470162714388908,0.05,True,True
ABANDONED,,,5000,152,9.721852969474032,0.0005,True,True
FAILED,,,2213,1740,0.001,0.0005,True,True
ABANDONED,,,5000,130,8.865443620901457,0.0005,False,True
FAILED,,,5000,122,9.635110297234307,0.0005,True,True
FAILED,,,5000,132,9.991165377087247,0.0005,False,True
FAILED,,,1,121,10,0.0005,True,True
FAILED,,,5000,101,9.894495284447222,0.0005,False,True
FAILED,,,5000,100,9.661438399502112,0.0005,True,True
COMPLETED,0.6999999999999998,112.0,5000,27,3.8644497478910314,0.05,True,True
COMPLETED,0.7399999999999999,122.0,1,23,3.791917764715403,0.05,True,True
COMPLETED,0.7299999999999999,355.0,5000,9,4.11360401468946,0.05,False,True
FAILED,,,1,245,10,0.0005,False,True
FAILED,,,1,147,10,0.0005,False,True
FAILED,,,1,115,10,0.0005,True,True
FAILED,,,1,133,10,0.0005,True,True
COMPLETED,0.7299999999999999,132.0,1,26,3.9420861529211857,0.05,True,True
ABANDONED,,,5000,136,10,0.0005,True,True
COMPLETED,0.69,6311.0,1,2,4.047054291068461,0.05,True,True
ABANDONED,,,5000,120,9.553823700437318,0.0005,False,True
FAILED,,,5000,138,10,0.0005,False,True
ABANDONED,,,5000,97,9.410199249985602,0.0005,True,True
COMPLETED,0.7199999999999999,133.0,1,47,4.236801463217192,0.05,True,True
ABANDONED,,,1,151,9.930642899362,0.0005,False,True
COMPLETED,0.57,2444.0,1707,3450,6.511278372347356,0.0164385366290807,True,True
COMPLETED,0.52,5.0,2767,575,3.58822055945918,0.0440047932555899,False,False
COMPLETED,0.52,4.0,4949,3886,7.662312614149414,0.0071955792447552,False,False
COMPLETED,0.57,1395.0,775,2093,2.2419458888722583,0.0283828405686654,True,True
COMPLETED,0.53,2392.0,128,4784,4.175848733655178,0.0369790026322007,True,True
COMPLETED,0.52,7.0,4307,1741,5.922428518245929,0.0032522257971577,False,False
COMPLETED,0.52,4.0,3374,2552,0.3298240444436669,0.0400223023551516,False,False
COMPLETED,0.57,494.0,2311,928,9.573212666925043,0.0250494718179106,True,True
COMPLETED,0.54,2264.0,1926,4221,0.9945035302322358,0.005787077195011,False,True
COMPLETED,0.52,23.0,3602,2304,8.909738303782417,0.0333261892669834,True,False
COMPLETED,0.52,15.0,3920,3407,4.840542523127981,0.0213063133382238,True,False
COMPLETED,0.7099999999999999,131.0,358,72,5.258968458787538,0.0424664309835061,False,True
COMPLETED,0.57,2448.0,1005,3056,8.325770624903033,0.0479838036629371,False,True
COMPLETED,0.5,16.0,4562,969,1.5772494547078386,0.0142298816740512,True,False
COMPLETED,0.52,14.0,2995,4573,7.174750761283562,0.0262892727106809,True,False
COMPLETED,0.5899999999999999,1035.0,1323,1405,2.9235384289789947,0.0112892994168214,False,True
COMPLETED,0.52,14.0,1460,4502,9.172971723942084,0.0376847675503231,True,False
COMPLETED,0.6,1036.0,2818,1476,0.9254342797417194,0.0227093642381951,False,True
COMPLETED,0.55,1669.0,4386,2814,5.326894606512972,0.0346297900257632,False,True
COMPLETED,0.52,24.0,1143,1211,4.57616600020323,0.0008996378988958,True,False
COMPLETED,0.52,13.0,535,3166,1.5094017537506297,0.0094990542866289,True,False
COMPLETED,0.68,121.0,3783,314,8.590226041586138,0.0306829875255934,False,True
COMPLETED,0.54,2072.0,3465,4150,2.660383455587551,0.0187295670802705,False,True
COMPLETED,0.52,21.0,2102,2375,7.243898905532435,0.0462932034023106,True,False
COMPLETED,0.52,4.0,2487,2793,3.323855583779514,0.0270787820322439,False,False
COMPLETED,0.6099999999999999,347.0,3237,686,6.579216886799784,0.0120821840302087,True,True
COMPLETED,0.53,2449.0,4169,4854,2.1728595782583575,0.0487857815013267,True,True
COMPLETED,0.52,4.0,304,1671,7.925529719169251,0.0150344322873279,False,False
COMPLETED,0.52,5.0,912,3957,5.99158880572673,0.0205493059526197,False,False
COMPLETED,0.54,1308.0,4772,2022,3.9127054565055297,0.0417120435796678,True,True
COMPLETED,0.54,2039.0,2590,3692,9.837651619471607,0.005041818421334,True,True
COMPLETED,0.54,16.0,1845,333,0.2619594323597848,0.032584258578252,False,False
COMPLETED,0.52,16.0,1796,3818,4.894487620371393,0.0454478317471221,True,False
COMPLETED,0.55,1485.0,2522,2161,5.007920343502425,0.018076397862751,False,True
COMPLETED,0.56,2472.0,4724,3538,1.2412813625372945,0.0300298242089338,False,True
COMPLETED,0.52,62.0,844,487,8.856405247777701,0.0086536885323002,True,False
COMPLETED,0.52,17.0,197,2639,6.915007421452553,0.0017933730012737,True,False
COMPLETED,0.6099999999999999,601.0,4082,840,2.9886222968250515,0.0353312754835933,False,True
COMPLETED,0.53,3185.0,3130,4715,8.263742344352417,0.0234108437951654,False,True
COMPLETED,0.52,20.0,2399,1810,1.8351660576155409,0.0385784967518411,True,False
COMPLETED,0.52,5.0,2151,3358,7.599193863921799,0.0316905467105098,False,False
COMPLETED,0.68,97.0,3533,121,2.4984665788458655,0.0043403097288683,True,True
COMPLETED,0.55,1956.0,3831,4328,6.250482780495659,0.0410105407880619,True,True
COMPLETED,0.52,5.0,603,2197,3.6519466575291006,0.0196555999857373,False,False
COMPLETED,0.52,5.0,1250,4680,0.5779543571416289,0.0158798279147595,False,False
COMPLETED,0.55,976.0,4473,1298,9.52092784002982,0.0494389267466031,True,True
COMPLETED,0.5799999999999998,1615.0,2925,3007,4.231184454449453,0.0127353233746252,True,True
COMPLETED,0.52,4.0,1548,1018,5.67246677522827,0.0279241717588156,False,False
COMPLETED,0.57,2330.0,1372,2922,1.9228620015317572,0.0241561438748613,True,True
COMPLETED,0.52,4.0,3063,1104,7.980829755251298,0.0393204215397126,False,False
COMPLETED,0.52,4.0,4611,4454,3.271611209491268,0.0025503390808589,False,False
COMPLETED,0.5799999999999998,1095.0,1074,1525,6.827387801101432,0.0360856687882915,True,True
COMPLETED,0.53,2602.0,466,4101,9.90134188383259,0.0292278522714041,True,True
COMPLETED,0.52,4.0,4008,2424,0.0011280812975019,0.0078490966130048,False,False
COMPLETED,0.52,4.0,3710,3273,6.248149948307312,0.0446583165246993,False,False
COMPLETED,0.7,110.0,2014,207,3.8496273078816015,0.0172835545553825,True,True
COMPLETED,0.54,2532.0,2261,4942,5.584847192126327,0.0104443109487183,False,True
COMPLETED,0.52,21.0,3306,1583,4.514173255368137,0.0256357321077957,True,False
COMPLETED,0.52,17.0,4258,2725,9.238015288177877,0.0135763351703062,True,False
COMPLETED,0.6199999999999999,498.0,59,754,0.6656501893103122,0.0471388092939741,False,True
COMPLETED,0.54,2235.0,667,3623,2.6070863822884855,0.0433597828987985,False,True
COMPLETED,0.52,61.0,4861,402,7.490712273553014,0.0220081701814197,True,False
COMPLETED,0.52,13.0,2659,4045,1.2583133348552509,0.0340280520110391,True,False
COMPLETED,0.55,1262.0,1619,1934,8.644130388229154,0.0066804350111633,False,True
COMPLETED,0.53,2206.0,1588,4734,1.658076380200684,0.0257600219645537,False,True
COMPLETED,0.52,20.0,2729,1869,8.401867575313894,0.0098177517047151,True,False
COMPLETED,0.52,16.0,4912,2582,2.848130998096429,0.0473763601621612,True,False
COMPLETED,0.5899999999999999,604.0,656,818,7.094613355319017,0.0130661055692471,False,True
COMPLETED,0.55,2002.0,13,3559,8.989649514115415,0.0214602221921086,False,True
COMPLETED,0.51,25.0,4264,546,1.069075070942752,0.0436108822333626,True,False
COMPLETED,0.52,16.0,3332,3757,5.182645275495946,0.0060433487254194,True,False
COMPLETED,0.56,1707.0,2196,2143,4.758879670213909,0.0341870388314127,False,True
COMPLETED,0.57,1707.0,1968,3025,5.847171294672416,0.0398676259284839,True,True
COMPLETED,0.52,4.0,3717,1079,4.0955563897360125,0.0239042539172805,False,False
COMPLETED,0.52,4.0,4034,4622,9.65418983697612,0.036721988054458,False,False
COMPLETED,0.55,1400.0,401,1278,0.4057660941490903,0.0023906322633847,True,True
COMPLETED,0.54,2604.0,1043,4350,3.5114373301984743,0.0077240869435481,True,True
COMPLETED,0.52,5.0,4681,2254,6.430070983753541,0.029853644311428,False,False
COMPLETED,0.52,5.0,3114,3299,2.321397015986964,0.0170452128797769,False,False
COMPLETED,0.7199999999999999,92.0,1360,102,7.7373395074326545,0.0451678027096204,True,True
COMPLETED,0.52,5.0,1496,3218,3.9876583729218686,0.0036918583870865,False,False
COMPLETED,0.7,426.0,2938,182,6.0709661049712444,0.0318382156817242,True,True
COMPLETED,0.53,2404.0,4506,4118,0.1806779924007132,0.019120433258824,True,True
COMPLETED,0.52,4.0,1179,2486,9.760794562340712,0.0412745630056597,False,False
COMPLETED,0.52,5.0,576,4391,6.655084959638305,0.0496651361621916,False,False
COMPLETED,0.5899999999999999,1810.0,3898,1509,3.404758925960399,0.0153583040679804,True,True
COMPLETED,0.5899999999999999,1867.0,3580,2945,7.845163398383185,0.028061219274532,True,True
COMPLETED,0.52,4.0,2143,1159,2.097528526814654,0.0121216634102165,False,False
COMPLETED,0.52,13.0,2372,3989,8.508484443910419,0.0178509790701791,True,False
COMPLETED,0.54,1136.0,3196,1911,1.432999974694103,0.0459700991944409,False,True
COMPLETED,0.54,2075.0,4129,3639,7.318391701481306,0.0085173610136844,False,True
COMPLETED,0.52,52.0,189,465,2.7402160701556126,0.0306442511929199,True,False
COMPLETED,0.55,15.0,792,2663,0.8452181290155277,0.0359804940293543,True,False
FAILED,,,4737,738,9.097485697294584,0.0016464238427579,False,True
COMPLETED,0.54,2579.0,2554,4966,4.65218420585245,0.0391144068948924,False,True
COMPLETED,0.52,23.0,1725,1637,5.407642936240881,0.0231476123849861,True,False
COMPLETED,0.52,4.0,1832,2534,9.435449795964175,0.0114700110824778,False,False
COMPLETED,0.57,566.0,2642,867,0.5066657913317903,0.0272143425312824,True,True
COMPLETED,0.53,2454.0,4844,4842,5.743223087538033,0.014511421423871,True,True
COMPLETED,0.52,4.0,880,1762,4.316130245015025,0.049013477933593,False,False
COMPLETED,0.52,4.0,237,3864,2.413904249940068,0.0419745315737091,False,False
COMPLETED,0.56,1143.0,4197,2036,7.529430707812309,0.0200156734492629,True,True
COMPLETED,0.56,2015.0,3245,3510,3.7236187222478914,0.032733461773023,True,True
COMPLETED,0.52,5.0,2440,595,6.3369540180107595,0.0043918328559957,False,False
COMPLETED,0.52,13.0,2036,4554,3.0589185631657014,0.0224476198446936,True,False
COMPLETED,0.54,1063.0,3493,1346,7.000408601840028,0.0382191906766966,False,True
COMPLETED,0.52,6434.0,3791,3113,1.7492279303316027,0.0007512017237022,False,True
COMPLETED,0.52,30.0,488,991,8.192909131115302,0.035280495588202,True,False
COMPLETED,0.52,14.0,1130,3386,5.079742615530268,0.031295880286023,True,False
COMPLETED,0.7099999999999999,203.0,4438,14,4.9808039199318745,0.0093642609915696,False,True
COMPLETED,0.55,2019.0,2890,4281,8.771993163430132,0.046817005073186,False,True
COMPLETED,0.52,23.0,1428,2322,1.1713633057223631,0.0185026140641421,True,False
COMPLETED,0.53,2008.0,1253,4206,7.420720388867891,0.0334866631040349,False,True
COMPLETED,0.52,17.0,3025,2398,2.5226003210740164,0.0051485038925893,True,False
COMPLETED,0.52,14.0,4573,3150,8.730372859919443,0.0427160433013923,True,False
COMPLETED,0.67,110.0,955,251,1.3300616300161927,0.0207598523655906,False,True
COMPLETED,0.57,1713.0,352,2876,4.443266214260832,0.0137181178494356,False,True
COMPLETED,0.52,24.0,3966,1228,5.498835087975488,0.0482228887546807,True,False
COMPLETED,0.52,20.0,3668,4478,0.7509775418275967,0.0106642743963748,True,False
COMPLETED,0.6099999999999999,883.0,1899,1422,9.30823757765163,0.0264120283438824,False,True
COMPLETED,0.52,1878.0,2304,3746,0.0875207230476662,0.0445157664571888,True,True
COMPLETED,0.52,5.0,3420,358,9.972935203789731,0.0161987082595005,False,False
COMPLETED,0.52,4.0,4372,3940,3.7797855560071767,0.0290071455920115,False,False
COMPLETED,0.55,1403.0,102,1960,6.163508874639869,0.0070720565919764,True,True
COMPLETED,0.53,2443.0,705,4917,8.065696950051933,0.003090984756127,True,True
COMPLETED,0.52,5.0,4980,1686,1.993539569079876,0.0376168561219237,False,False
COMPLETED,0.52,5.0,2778,2770,6.756020639526659,0.0247991160838864,False,False
COMPLETED,0.64,353.0,1657,630,3.186054420663975,0.0405679725203663,True,True
COMPLETED,0.52,4.0,1679,4317,7.865780874110758,0.0210287786587141,False,False
COMPLETED,0.54,1333.0,2794,2208,2.0372725248895582,0.0424047265220433,True,True
COMPLETED,0.56,1676.0,4996,3332,6.712362778059208,0.0057011172492057,True,True
COMPLETED,0.52,5.0,727,147,3.3860455909473823,0.0330731166019104,False,False
COMPLETED,0.52,4.0,80,2979,0.1997694438165053,0.0262032170603051,False,False
COMPLETED,0.5899999999999999,1167.0,4354,1046,9.704505746836775,0.011036131047178,True,True
COMPLETED,0.53,3256.0,3402,4668,4.04829249124974,0.0477063680072315,True,True
COMPLETED,0.52,4.0,2282,1311,6.051337632160633,0.0141682762363925,False,False
COMPLETED,0.52,15.0,1876,3525,4.63346882213466,0.0072806926015764,True,False
COMPLETED,0.63,261.0,3653,500,5.464918109970168,0.028635443562176,False,True
COMPLETED,0.53,2054.0,3951,3790,0.7849696141751483,0.0167150295763276,False,True
COMPLETED,0.52,19.0,328,2188,9.118110064120032,0.0440658340547233,True,False
COMPLETED,0.52,14.0,975,4689,7.298760583979078,0.0402988910530693,True,False
COMPLETED,0.57,1192.0,4593,1836,2.800848139778711,0.0251106086904183,False,True
COMPLETED,0.4899999999999999,1876.0,3045,2628,8.452202519504356,0.0370640173340216,False,True
COMPLETED,0.4799999999999999,16.0,1273,852,1.4520989131946116,0.003504730135668,True,False
COMPLETED,0.47,1698.0,1410,2699,5.201703537894414,0.0484603878981433,False,True
COMPLETED,0.52,38.0,2868,781,4.702557367699221,0.0149256242122501,True,False
COMPLETED,0.52,15.0,4416,4931,9.050164621320553,0.0269455119427293,True,False
COMPLETED,0.57,988.0,1112,1594,1.049327289015986,0.0117810459113679,False,True
COMPLETED,0.5,1885.0,504,4032,2.868714688819833,0.0049086473556235,False,True
COMPLETED,0.52,21.0,3813,1947,7.034324462370017,0.0322832194832153,True,False
COMPLETED,0.52,21.0,3515,3596,1.7152345915120095,0.020223816644866,True,False
COMPLETED,0.65,146.0,2052,430,8.383035527171566,0.0416031398000195,False,True
COMPLETED,0.54,3052.0,2459,4426,2.30165664664656,0.0347635294180363,True,True
COMPLETED,0.52,5.0,3265,1552,7.797861431237312,0.001201622237917,False,False
COMPLETED,0.52,4.0,4217,2909,3.4551129044806586,0.038010824447032,False,False
COMPLETED,0.57,693.0,257,1116,6.4491265269620355,0.0228192139994353,True,True
COMPLETED,0.56,2129.0,865,3261,9.63536460543331,0.019055525321979,True,True
COMPLETED,0.52,10.0,4820,218,0.4629317180467769,0.0464029545085504,False,False
COMPLETED,0.52,6.0,2618,4075,5.786879682533444,0.0096328897522762,False,False
COMPLETED,0.51,1758.0,1817,2450,4.116137957256288,0.0309850679379887,True,True
COMPLETED,0.56,3226.0,1748,3420,0.7328752423254772,0.0407577439881861,False,True
COMPLETED,0.52,320.0,2569,59,9.366126133590006,0.0195706712151877,True,False
COMPLETED,0.52,14.0,4752,4248,4.383621247846634,0.0316300799543969,True,False
COMPLETED,0.52,2858.0,815,2277,5.520063301220537,0.0040632574446499,False,True
COMPLETED,0.52,2202.0,169,4600,8.708914260510353,0.012674757963512,False,True
COMPLETED,0.52,23.0,4109,1379,1.3888653237521649,0.0276470208195969,True,False
COMPLETED,0.52,15.0,3177,3067,7.362601446765475,0.0156271271882578,True,False
COMPLETED,0.5899999999999999,609.0,2351,958,2.5398613478979097,0.0493540940494276,False,True
COMPLETED,0.52,4594.0,2121,3898,6.77725574386958,0.030091332651209,True,True
COMPLETED,0.52,4.0,3564,2081,3.1264169413344933,0.0089314041100442,False,False
COMPLETED,0.52,4.0,3882,3476,8.123582861298694,0.0457014747671782,False,False
COMPLETED,0.6099999999999999,206.0,553,549,1.9754352208729833,0.0181617959360592,True,True
COMPLETED,0.5,2523.0,1200,2579,3.797054069915786,0.0236645858390256,True,True
COMPLETED,0.52,5.0,4524,900,6.105396823635325,0.0386639938489534,False,False
COMPLETED,0.52,4.0,2956,4796,0.1463223680788651,0.0018547857389785,False,False
COMPLETED,0.5899999999999999,2011.0,1518,1728,9.951473959689027,0.0356088953567668,True,True
COMPLETED,0.52,4.0,1341,4882,3.7020405157292258,0.0132749241366982,False,False
COMPLETED,0.5799999999999998,1116.0,3093,1643,6.395638998617418,0.0470045109796337,True,True
COMPLETED,0.55,1958.0,4661,2806,2.355751522833481,0.0103342681187205,True,True
COMPLETED,0.52,5.0,1024,673,7.546658843612299,0.025309859059751,False,False
COMPLETED,0.52,5.0,416,3703,5.725001776913182,0.0339181052544154,False,False
COMPLETED,0.66,121.0,4058,322,4.373899491837249,0.0063546580364927,True,True
COMPLETED,0.51,2732.0,3740,3983,9.375771640532648,0.0430582732101902,True,True
COMPLETED,0.5,7.0,1983,1995,0.5278605175660923,0.0218737732120789,False,False
COMPLETED,0.52,18.0,2214,2840,8.78921858004015,0.0026597182485274,True,False
COMPLETED,0.5899999999999999,778.0,3354,1185,1.1132084554126487,0.0364104997813701,False,True
COMPLETED,0.54,3158.0,4286,4514,5.138434412736446,0.024457085236907,False,True
COMPLETED,0.52,22.0,32,1465,4.959233125999569,0.0394538732650689,True,False
COMPLETED,0.52,12.0,639,4163,1.770420533362776,0.0449591621821746,True,False
COMPLETED,0.52,1451.0,4889,2362,8.133228256493807,0.0174169105761684,False,True
COMPLETED,0.56,4078.0,2707,3193,3.116695222574286,0.0293373304628767,False,True
COMPLETED,0.52,73.0,1572,286,6.982194107814693,0.0081740266298875,True,False
COMPLETED,0.52,15.0,1639,3092,2.719411389373243,0.0366381963058374,True,False
COMPLETED,0.6,527.0,2679,1012,7.2220539576523,0.0021367072928696,False,True
COMPLETED,0.54,3515.0,4881,4538,1.5268965564137325,0.0395894336719065,False,True
COMPLETED,0.52,23.0,686,1362,8.531730286802166,0.023844912381377,True,False
COMPLETED,0.52,12.0,44,4264,5.384397111973726,0.0167669249186292,True,False
COMPLETED,0.52,1424.0,4234,2340,4.558287642757409,0.0451083654691465,False,True
COMPLETED,0.5799999999999998,1760.0,3282,3364,9.193823422499,0.0076403942187316,False,True
COMPLETED,0.68,19.0,2246,37,0.866022791173309,0.029599818364717,True,False
COMPLETED,0.52,5.0,1996,4819,9.779153219996019,0.0476552164498716,False,False
COMPLETED,0.57,1052.0,3688,1784,0.2794521863181144,0.0131264880537055,True,True
COMPLETED,0.51,3096.0,3986,2516,5.9697507489444686,0.0258442822783254,True,True
COMPLETED,0.52,4.0,448,885,3.9717408773759377,0.0100725236330181,False,False
COMPLETED,0.52,7.0,1090,3493,2.1134460409851745,0.0061277051125653,False,False
COMPLETED,0.6,268.0,4633,611,7.94637877303455,0.0344419068330898,True,True
COMPLETED,0.52,2882.0,3085,3843,3.305984713418409,0.0217389798248186,True,True
COMPLETED,0.52,7.0,1388,2057,6.63672628335841,0.0436711660628207,False,False
COMPLETED,0.51,2038.0,1525,3924,0.3873690512161702,0.0083849432296119,True,True
COMPLETED,0.52,4.0,2910,1976,9.555377704771235,0.0303409448768943,False,False
COMPLETED,0.52,7.0,4458,3725,4.19680968405027,0.0175232225414365,False,False
COMPLETED,0.64,135.0,1227,379,5.86312717549596,0.0458619486964307,True,True
COMPLETED,0.5,2563.0,623,2748,7.721383645233699,0.0387867493899539,True,True
COMPLETED,0.52,7.0,3850,653,2.220143740297295,0.0230395609107799,False,False
COMPLETED,0.52,8.0,3553,4900,6.528883097333834,0.0358479805407114,False,False
COMPLETED,0.52,10899.0,2171,1704,3.5298343545068054,0.0013430218221619,True,True
COMPLETED,0.57,4287.0,2421,3132,7.115456235133112,0.019447148470208,False,True
COMPLETED,0.52,78.0,3146,268,2.944506791960448,0.0413820491037331,True,False
COMPLETED,0.52,14.0,4098,4183,8.307932943559251,0.0038234288445673,True,False
COMPLETED,0.51,1447.0,219,2420,1.6347923382772132,0.0321410530637949,False,True
COMPLETED,0.54,2346.0,822,4457,4.782163730761968,0.0281926910770125,False,True
COMPLETED,0.52,28.0,4706,1443,5.27657992587518,0.0124244021372869,True,False
COMPLETED,0.57,21.0,2504,2860,0.972699258454144,0.0499919474469497,True,False
COMPLETED,0.5799999999999998,918.0,1774,1245,8.968806615676732,0.015465886239428,False,True
COMPLETED,0.52,6144.0,1862,4645,6.19148461811524,0.0006913925446569,True,True
COMPLETED,0.52,4.0,2611,1255,3.868952237143181,0.0350010803784243,False,False
COMPLETED,0.52,5.0,4794,3043,9.881327360544354,0.022192654847633,False,False
COMPLETED,0.57,1369.0,930,1061,0.0619861416816711,0.038135114211589,True,True
COMPLETED,0.56,3501.0,288,3315,3.211588983405381,0.046561941421125,True,True
COMPLETED,0.52,8.0,4147,85,6.84762846414745,0.0184184389440342,False,False
COMPLETED,0.52,5.0,3214,4371,1.90437290656846,0.0312361671803519,False,False
COMPLETED,0.54,1815.0,2471,2232,8.03772122520115,0.0090849418551661,True,True
COMPLETED,0.5,1629.0,2083,2604,1.3191788823241368,0.0147659174869768,False,True
COMPLETED,0.52,46.0,3445,797,8.624122756038792,0.0490967070721089,True,False
COMPLETED,0.52,13.0,3762,4751,2.626409262845293,0.0115291558615863,True,False
COMPLETED,0.57,1388.0,516,1853,7.434044298669325,0.0274927164237014,False,True
COMPLETED,0.52,2707.0,1158,3775,9.294913649225608,0.0327927055759355,False,True
COMPLETED,0.57,18.0,4409,2125,0.6471685814317316,0.0046703057722188,True,False
COMPLETED,0.52,15.0,2842,3581,5.605085210480728,0.0422289319322444,True,False
COMPLETED,0.63,439.0,1475,523,4.454148980577477,0.0200988068832084,False,True
COMPLETED,0.52,24.0,1300,3656,8.20382996609155,0.0288994656875729,True,False
COMPLETED,0.63,778.0,2978,447,1.8555162704931567,0.006745525966864,False,True
COMPLETED,0.5,2248.0,4546,4011,6.896561423787848,0.0442135031181387,False,True
COMPLETED,0.52,22.0,983,1889,3.0455565660800787,0.0160665781423449,True,False
COMPLETED,0.52,18.0,380,4988,1.184725284183398,0.0244969488182105,True,False
COMPLETED,0.56,1190.0,3938,1616,8.875840322857723,0.0404359384765848,False,True
COMPLETED,0.4799999999999999,1524.0,3620,2679,4.8745155983949084,0.0029832061966881,False,True
COMPLETED,0.52,59.0,1947,721,5.068821799178608,0.037290226841811,True,False
COMPLETED,0.52,4.0,2334,4134,4.288116600501351,0.0430191535982303,False,False
COMPLETED,0.52,1377.0,3389,2469,5.654018058373594,0.0208924510478973,True,True
ABANDONED,,,4322,3240,0.5983119826056063,0.0335953839570283,True,True
ABANDONED,,,152,161,9.461022278368473,0.0054756985488347,False,False
ABANDONED,,,754,2967,6.311381516981871,0.0107728995447978,False,False
ABANDONED,,,4930,1137,3.631972512349487,0.0267391272955574,True,True
ABANDONED,,,2747,4408,7.618635755601341,0.0140213271700777,True,True
ABANDONED,,,1687,1492,2.4419179130783304,0.0483555864607915,False,False
ABANDONED,,,1691,4398,3.905263527104631,0.0091417840081267,False,True
ABANDONED,,,2743,1503,6.1936192660536635,0.0310766130015254,True,False
ABANDONED,,,4935,2956,0.0592436244124546,0.0183827467635273,True,False
ABANDONED,,,749,1147,9.844408201252108,0.046700348209124,False,True
ABANDONED,,,146,3231,6.864410177865065,0.0380994177898392,False,True
ABANDONED,,,4327,170,3.2332532448368148,0.022331057394389,True,False
ABANDONED,,,3385,4125,8.015449094438925,0.0350579241910018,True,False
ABANDONED,,,2338,2478,1.8869833235200493,0.0005318400254473,False,True
ABANDONED,,,1942,2690,8.601843734178692,0.0201344900280237,True,True
ABANDONED,,,3626,711,1.3017818121910094,0.0420905161085538,False,False
ABANDONED,,,3934,4998,7.4508286570785565,0.0046134722861461,False,False
ABANDONED,,,384,1605,2.648075572981499,0.0329522684216499,True,True
ABANDONED,,,987,4021,0.6444185770777985,0.0274358875476755,True,True
ABANDONED,,,4541,1880,9.257987598835491,0.0116887233173474,False,False
ABANDONED,,,2984,3665,4.4904623192437,0.0491323889261111,False,False
ABANDONED,,,1295,438,5.607222503110768,0.0146275003724731,True,True
ABANDONED,,,1471,3590,1.857656021568924,0.037349703728687,False,False
ABANDONED,,,2846,514,8.24014561420679,0.0028209995813667,True,True
ABANDONED,,,4404,3784,3.0086329741356894,0.0404036540426313,True,True
ABANDONED,,,1163,2116,6.893813728882932,0.0246319655622355,False,False
ABANDONED,,,521,4761,8.897509091439657,0.0160342953680083,False,False
ABANDONED,,,3757,1842,1.201511952041648,0.0443485215217806,True,True
ABANDONED,,,3449,2614,5.051427187491209,0.006804998612497,True,True
ABANDONED,,,2079,787,4.852238885983826,0.0287372548310086,False,False
ABANDONED,,,2476,4362,5.636626165876166,0.0483878795616328,True,False
ABANDONED,,,3209,2241,4.265842011293397,0.0138863190929405,False,True
ABANDONED,,,4151,3306,9.482684230350888,0.0266796413729898,False,True
ABANDONED,,,283,95,0.6150912378774956,0.0109350971244275,True,False
ABANDONED,,,926,3032,3.595051043608226,0.0054162113354541,True,False
ABANDONED,,,4798,1071,6.308636541266926,0.033757580245845,False,True
ABANDONED,,,2606,4635,2.444050251567736,0.0209247487587854,False,True
ABANDONED,,,1868,1266,7.654944587117062,0.0428841501311399,True,False
ABANDONED,,,1760,2869,7.190627413106152,0.0296320996638387,False,False
ABANDONED,,,2518,1235,2.71239683841262,0.0075053743398748,True,True
ABANDONED,,,4691,4466,8.539357549486681,0.0450488913482986,True,True
ABANDONED,,,837,1434,1.558935812683776,0.0169291342999786,False,False
ABANDONED,,,235,4193,4.546390674455092,0.0237854369697161,False,False
ABANDONED,,,4083,2410,5.357852947520093,0.0397516417624428,True,True
ABANDONED,,,3160,3143,0.8931796673508362,0.0021689932020381,True,True
ABANDONED,,,2407,258,9.206333102525212,0.0365031810370273,False,False
ABANDONED,,,2187,4890,0.3066111112004146,0.0437306547514162,True,False
ABANDONED,,,3537,1713,9.791665544713847,0.021576785011217,False,True
ABANDONED,,,3864,2739,3.959836421988904,0.0344096105974167,False,True
ABANDONED,,,610,662,5.9431996933929625,0.0062627100548706,True,False
ABANDONED,,,1212,3714,7.954008680410685,0.0100402290569618,True,False
ABANDONED,,,4472,389,2.145487345959991,0.0259792888802476,False,True
ABANDONED,,,2895,3913,6.605292847714388,0.0131859725010581,False,True
ABANDONED,,,1540,1987,3.2989626753730694,0.0474930173950269,True,False
ABANDONED,,,1402,3833,9.548357976174913,0.0013787167686969,False,True
ABANDONED,,,3071,2068,0.3559380740178749,0.0357095765187405,True,False
ABANDONED,,,4649,3482,5.895170789919795,0.0229827156229875,True,False
ABANDONED,,,1075,621,4.204442049872131,0.0389463004339486,False,True
ABANDONED,,,433,2507,2.1935949941948056,0.0458051080186851,False,True
ABANDONED,,,4001,894,7.709481648292393,0.017682778195478,True,False
ABANDONED,,,3674,4810,3.5423489886736497,0.0303766385326161,True,False
ABANDONED,,,2010,1793,6.556044480661862,0.0082465379168279,False,True
ABANDONED,,,2231,3375,2.957014013540931,0.015522716590669,True,True
ABANDONED,,,3297,26,7.142610801861622,0.0498323814664036,False,False
ABANDONED,,,4220,4274,1.6082457153778522,0.0123887217584997,False,False
ABANDONED,,,58,2329,8.296033665807917,0.0283311096667312,True,True
ABANDONED,,,700,4547,5.308616723699496,0.0321053684437647,True,True
ABANDONED,,,4867,1354,4.789788683997468,0.003961843193043,False,False
ABANDONED,,,2695,3100,8.961789606270381,0.0414388811145909,False,False
ABANDONED,,,1623,1003,0.9412704044589773,0.0192875841492787,True,True
ABANDONED,,,1578,3202,9.344459525460378,0.049322942580562,True,True
ABANDONED,,,2701,277,0.7160911819096654,0.015761010967195,False,False
ABANDONED,,,4893,4172,5.537460073360243,0.0277053647413849,False,False
ABANDONED,,,635,2353,4.405900567700155,0.0125136843132786,True,True
ABANDONED,,,27,4524,1.3867283291155472,0.0041215971251949,True,True
ABANDONED,,,4291,1454,8.67260062385071,0.0314690020629204,False,False
ABANDONED,,,3348,2851,2.576787696281448,0.019539521405939,False,False
ABANDONED,,,2219,1175,7.365351153125987,0.0408916294267401,True,True
ABANDONED,,,1979,3974,3.163335802633316,0.0355505423992872,False,True
ABANDONED,,,3745,2004,6.779998559132219,0.0020158503535203,True,False
ABANDONED,,,4052,3694,1.9733002749411392,0.0386951539847068,True,False
ABANDONED,,,421,332,8.087271869330667,0.0235307107269763,False,True
ABANDONED,,,1029,2795,6.122786704677158,0.0181929606818594,False,True
ABANDONED,,,4655,683,3.819325902684592,0.0455676042651757,True,False
ABANDONED,,,3098,4872,9.929809996251016,0.0088730498617514,True,False
ABANDONED,,,1337,1654,0.1295403563678264,0.0302523959749378,False,True
ABANDONED,,,1512,4786,6.378859445352108,0.0218399693067185,True,False
ABANDONED,,,2962,1739,3.680378861740232,0.0431947917230427,False,True
ABANDONED,,,4519,2568,7.568933134826832,0.0064096119143068,False,True
ABANDONED,,,1205,910,2.373143713324331,0.0337604393507353,True,False
ABANDONED,,,557,3468,4.337590958314949,0.0253648145971819,True,False
ABANDONED,,,3877,558,5.722869140430355,0.0101766038746573,False,True
ABANDONED,,,3570,3888,0.5306057912744581,0.0469707028330303,False,True
ABANDONED,,,2115,2090,9.412692811280488,0.0134114384083077,True,False
ABANDONED,,,2355,3078,1.115955852324143,0.0081190814189612,False,False
ABANDONED,,,3173,948,8.826142469977958,0.0294950050334446,True,True
ABANDONED,,,4115,4609,4.922917179890908,0.0174507054458372,True,True
ABANDONED,,,163,1369,5.1362949596541005,0.0448226346336305,False,False
ABANDONED,,,810,4258,8.155505266898311,0.0394876668439246,False,False
ABANDONED,,,4757,2268,1.7878148470567539,0.0243205563975498,True,True
ABANDONED,,,2565,3429,6.965407737949864,0.0363555591804906,True,True
ABANDONED,,,1752,50,3.0950261559989305,0.0028173974291421,False,False
ABANDONED,,,1801,4065,2.0638238784344862,0.0141133192237466,True,False
ABANDONED,,,2633,2461,7.877685031504371,0.0478640307760797,False,True
ABANDONED,,,4806,3251,3.3735335642229765,0.0110699377185665,False,True
ABANDONED,,,879,228,6.6852035551834845,0.0260667013134807,True,False
ABANDONED,,,271,2900,9.711527486888691,0.0331069219824858,True,False
ABANDONED,,,4203,1126,0.23120317745395,0.0055646002115681,False,True
ABANDONED,,,3280,4417,6.019296029192396,0.0423497741194441,False,True
ABANDONED,,,2444,1561,4.0406628818670285,0.0211864460376091,True,False
ABANDONED,,,2066,3607,5.4328791516935455,0.0034709380320273,False,False
ABANDONED,,,3501,419,4.6258412614567215,0.0372005476485937,True,True
ABANDONED,,,3828,4042,9.125124913074076,0.0251655507665127,True,True
ABANDONED,,,489,1936,0.8163958607278765,0.0401412133476696,False,False
ABANDONED,,,1097,4940,2.7883381617590786,0.0441207777904346,False,False
ABANDONED,,,4431,1586,7.2716040057949725,0.0165573535305447,True,True
ABANDONED,,,2854,2707,1.4786427796548232,0.0286016472172923,True,True
ABANDONED,,,1424,771,8.464099785800093,0.0074172186749055,False,False
ABANDONED,,,1288,2637,4.7144569434439765,0.0415447986442595,True,True
ABANDONED,,,3030,842,5.228249862800353,0.0203848930611275,False,False
ABANDONED,,,4607,4698,1.0221730202808976,0.0323143678172491,False,False
ABANDONED,,,961,1827,9.03765710174665,0.0047747604418545,True,True
ABANDONED,,,314,3800,7.065753018371762,0.0118121988554485,True,True
ABANDONED,,,3965,2178,2.8757319962196046,0.0268116296390071,False,False
ABANDONED,,,3637,3536,8.375410275942645,0.014867281765677,False,False
ABANDONED,,,1891,490,1.6831980916811151,0.0486214630235917,True,True
ABANDONED,,,2268,4658,7.790229363408872,0.0309539046674035,False,True
ABANDONED,,,3416,1320,2.269612734229304,0.0097667617294937,True,False
ABANDONED,,,4339,2971,6.480557802153752,0.0464613102320581,True,False
ABANDONED,,,95,1055,3.462132335083559,0.0188944634734652,False,True
ABANDONED,,,742,3321,0.4357700367253273,0.0228775654817,False,True
ABANDONED,,,4981,157,9.622850269259885,0.0378497583572752,True,False
ABANDONED,,,2808,4307,4.128039656204172,0.0011704606269486,True,False
ABANDONED,,,1665,2219,5.813428726629354,0.0348974030548706,False,True
ABANDONED,,,1642,2760,0.469744303965941,0.0045544215519912,True,False
ABANDONED,,,2793,641,9.43270480162464,0.0326736116567626,False,True
ABANDONED,,,4966,4907,4.31826260212902,0.0198802775749936,False,True
ABANDONED,,,719,1696,5.779531937678345,0.0420071921874769,True,False
ABANDONED,,,116,3931,7.512038833939472,0.0488780833501368,True,False
ABANDONED,,,4358,1969,2.391629679356701,0.0145440833284519,False,True
ABANDONED,,,3435,3737,6.358615951368586,0.0273769266172312,False,True
ABANDONED,,,2289,367,3.740397958895192,0.0114101563561707,True,False
ABANDONED,,,1914,4489,7.022077351797373,0.0186379953706637,False,False
ABANDONED,,,3653,1412,3.0757052123993636,0.0467843298916705,True,True
ABANDONED,,,3981,2886,8.175514538052491,0.0092016872321255,True,True
ABANDONED,,,336,1217,1.7269512365451083,0.0313557453388348,False,False
ABANDONED,,,939,3159,4.98294368963223,0.0351179201691411,False,False
ABANDONED,,,4589,242,5.116058282270097,0.0008110651168972,True,True
ABANDONED,,,3012,4215,1.1344396951533853,0.0383545762244612,True,True
ABANDONED,,,1266,2388,8.769245449900625,0.0224149489044211,False,False
ABANDONED,,,1443,4290,2.5198502980954944,0.0265712033924646,True,True
ABANDONED,,,2875,2313,7.3837943198531875,0.0106078084232285,False,False
ABANDONED,,,4452,3396,1.3663749873070044,0.0480848640473559,False,False
ABANDONED,,,1116,5,8.73251017117407,0.0137534368005581,True,True
ABANDONED,,,474,3123,5.476556084739976,0.020621823048219,True,True
ABANDONED,,,3805,980,4.425869162752294,0.042751357642468,False,False
ABANDONED,,,3477,4565,9.325021917436272,0.0053076802319847,False,False
ABANDONED,,,2051,1336,0.7726438333392143,0.0334301984217017,True,True
ABANDONED,,,2426,3500,9.98971689888276,0.0407060121642425,False,True
ABANDONED,,,3259,603,0.1091849658545106,0.0247638120693154,True,False
ABANDONED,,,4181,3856,6.141236762502231,0.0374576665055938,True,False
ABANDONED,,,253,2045,3.7623959915833542,0.0031474361615255,False,True
ABANDONED,,,895,4831,2.0298508776659148,0.0069128712168894,False,True
ABANDONED,,,4829,1772,8.067831616614946,0.029063601238653,True,False
ABANDONED,,,2656,2523,3.18331188477017,0.0163367462437599,True,False
ABANDONED,,,1818,878,6.719101461609825,0.044480460783001,False,True
ABANDONED,,,1730,4975,8.4339043917628,0.0343250666735693,True,True
ABANDONED,,,2548,1628,1.6657013520607724,0.0060080329091288,False,False
ABANDONED,,,4741,2672,7.087596327288077,0.0434517044187523,False,False
ABANDONED,,,788,729,2.8167021254766733,0.0215166853992268,True,True
ABANDONED,,,185,3649,1.0815822738986463,0.0129069319958798,True,True
ABANDONED,,,4133,454,9.016804062219338,0.0474328276105225,False,False
ABANDONED,,,3191,4000,4.732333065939136,0.0099557778872549,False,False
ABANDONED,,,2377,1901,5.170746016369201,0.0257247044886462,True,True
ABANDONED,,,2139,2935,4.069007662258112,0.0453269895599223,False,True
ABANDONED,,,3585,1168,5.8352693163556975,0.0169887587083503,True,False
ABANDONED,,,3892,4382,0.4182807096913457,0.0297156078023836,True,False
ABANDONED,,,581,1519,9.681351201679556,0.0077593940929509,False,True
ABANDONED,,,1184,4107,6.423051236532629,0.0022525911442935,False,True
ABANDONED,,,4500,2496,3.4800063343755903,0.0367572905938141,True,False
ABANDONED,,,2942,3208,7.769383140481079,0.0240634420583955,True,False
ABANDONED,,,1492,193,2.3290294004334138,0.0398111730478704,False,True
ABANDONED,,,1355,3289,6.078596030971967,0.0122570565184578,True,False
ABANDONED,,,3119,112,4.0196996965212755,0.0280285558947362,False,True
ABANDONED,,,4677,4339,9.7293611080721,0.0151957185068167,False,True
ABANDONED,,,1047,2264,0.1736559357307851,0.0497249894132837,True,False
ABANDONED,,,405,4614,3.4319178322181108,0.0411119757848791,True,False
ABANDONED,,,4030,1287,6.667597265731544,0.0191802848502993,False,True
ABANDONED,,,3722,3016,2.0856240900522094,0.0319736130312085,False,True
ABANDONED,,,1963,1088,7.818612361456268,0.0036591992485336,True,False
ABANDONED,,,2200,3768,1.4211030250163748,0.0233101892792619,False,False
ABANDONED,,,3328,2133,8.481940298081376,0.0390545449769124,True,True
ABANDONED,,,4270,3568,2.7673729277085513,0.0015110397702082,True,True
ABANDONED,,,8,535,7.330901362882928,0.0360131664448417,False,False
ABANDONED,,,650,2592,9.066059134123847,0.0305088684111833,False,False
ABANDONED,,,4917,809,0.8382035594303161,0.0085500347199849,True,True
ABANDONED,,,2725,4743,5.415270217549987,0.04613267147867,True,True
ABANDONED,,,1592,1860,4.6842234807470815,0.0177911125421524,False,False
ABANDONED,,,1605,4054,5.030197335282342,0.0384416050096042,False,False
ABANDONED,,,2673,1924,4.911881915440784,0.0234450297811999,True,True
ABANDONED,,,4846,3633,8.839618896537461,0.0354893175670877,True,True
ABANDONED,,,682,393,1.2196123145865276,0.0017380399932153,False,False
ABANDONED,,,75,2735,2.9913697123611342,0.0088117319066077,False,False
ABANDONED,,,4242,744,6.951931330014952,0.0299744924916885,True,True
ABANDONED,,,3320,4953,1.7988500928822904,0.0179395015104673,True,True
ABANDONED,,,2247,1573,8.261602872645481,0.0454820131231099,False,False
ABANDONED,,,2029,3263,2.462158026698977,0.0277661151075735,True,False
ABANDONED,,,3695,215,7.597061208814383,0.0127906418149359,False,True
ABANDONED,,,4022,4092,3.6546919498620554,0.0495758334253914,False,True
ABANDONED,,,452,2433,6.2874039698680875,0.0158456568652763,True,False
ABANDONED,,,1060,4443,9.504148305389101,0.0197925050049088,True,False
ABANDONED,,,4625,1535,0.5562927217772231,0.0409763680789619,False,True
ABANDONED,,,3048,2912,5.694741047818215,0.0041822573188692,False,True
ABANDONED,,,1387,1115,4.248576626315714,0.0317458693920634,True,False
ABANDONED,,,1562,2997,7.998219617668541,0.0171500469562597,False,True
ABANDONED,,,2912,1029,1.9451338156759737,0.0446890888633206,True,False
ABANDONED,,,4489,4670,6.805723856288009,0.0080097970338538,True,False
ABANDONED,,,1235,1308,3.254829216404818,0.0291698904302902,False,True
ABANDONED,,,588,4319,0.0380469612209126,0.0362463645990937,False,True
ABANDONED,,,3846,2206,9.904084717719815,0.0024923726296983,True,False
ABANDONED,,,3519,3349,3.847492343325168,0.0391869152314029,True,False
ABANDONED,,,2165,130,6.211838937714696,0.0241869175042957,False,True
ABANDONED,,,2384,4726,4.512036242106929,0.0065197495268657,True,True
ABANDONED,,,3145,1800,5.5485335368420925,0.0340860287887044,False,False
ABANDONED,,,4068,2649,0.7025765563184396,0.0221416632127948,False,False
ABANDONED,,,211,829,9.240765013162978,0.0433289959924295,True,True
ABANDONED,,,858,3547,7.469045684047974,0.0472723065665923,True,True
ABANDONED,,,4710,479,2.5903023404972627,0.0135455525051802,False,False
ABANDONED,,,2537,3827,8.661527141744273,0.0254750449638813,False,False
ABANDONED,,,1781,2152,1.280592636084184,0.0105022860667668,True,True
ABANDONED,,,1849,3682,3.561058896762319,0.0248887745318934,False,True
ABANDONED,,,2585,344,6.498764129296877,0.0400802673310972,True,False
ABANDONED,,,4778,3946,2.2538475691955537,0.0033857306302525,True,False
ABANDONED,,,906,2032,7.688861639620738,0.0369482275275513,False,True
ABANDONED,,,298,4845,5.914796431792901,0.0285163496430031,False,True
ABANDONED,,,4175,1680,4.1438048026133325,0.0071648083813488,True,False
ABANDONED,,,3233,2784,9.604643960741349,0.0438440943099558,True,False
ABANDONED,,,2491,695,0.3368434936711565,0.0164965002681128,False,True
ABANDONED,,,2097,4161,8.941166878408753,0.0111558036194182,True,True
ABANDONED,,,3471,2365,1.0015208562565967,0.0263200568510219,False,False
ABANDONED,,,3779,3175,5.251343188934029,0.0143905702931806,False,False
ABANDONED,,,539,303,4.8085060046724974,0.0479258300201036,True,True
ABANDONED,,,1147,2824,1.5891490118280052,0.0426271149925887,True,True
ABANDONED,,,4381,1202,8.352316931184381,0.0212483350853435,False,False
ABANDONED,,,2824,4511,2.896384178868495,0.0331926947603933,False,False
ABANDONED,,,1455,1467,7.162243260334248,0.0058178626261651,True,True
ABANDONED,,,1318,4582,0.9129243203466758,0.0461351585527881,False,False
ABANDONED,,,2999,1396,9.145815164382569,0.0187848973223008,True,True
ABANDONED,,,4556,3065,4.602709848038852,0.0308198824026621,True,True
ABANDONED,,,1011,961,5.33879185418412,0.0094648714354261,False,False
ABANDONED,,,364,3417,8.558187064684928,0.0010365311163477,False,False
ABANDONED,,,3914,61,1.5017741744481028,0.0345956055149436,True,True
ABANDONED,,,3607,4232,7.250913773111069,0.0225513236299157,True,True
ABANDONED,,,1921,2294,2.691809720764868,0.0377401020335964,False,False
ABANDONED,,,2316,2542,6.58623864547629,0.0324473550342954,True,False
ABANDONED,,,3369,937,3.3552893360415474,0.0050759926056489,False,True
ABANDONED,,,4311,4775,7.893488097576426,0.0418700974648818,False,True
ABANDONED,,,124,1751,2.1652299502510575,0.020493984746281,True,False
ABANDONED,,,771,3875,3.9392567914258687,0.015192487463355,True,False
ABANDONED,,,4953,2103,6.003492944495753,0.048730461585801,False,True
ABANDONED,,,2761,3440,0.2494474242599681,0.0119452758762054,False,True
ABANDONED,,,1713,586,9.810492415220477,0.027112951606512,True,False
ABANDONED,,,1716,3881,1.2395854354137554,0.0315305011468008,True,False
ABANDONED,,,2758,2098,8.859906474922784,0.0041559280049987,False,True
ABANDONED,,,4960,3454,4.8928155140969904,0.0408565661949105,False,True
ABANDONED,,,764,571,5.011445391496644,0.0194772440539672,True,False
ABANDONED,,,122,2557,8.280659067714588,0.0157258304557763,True,False
ABANDONED,,,4313,922,1.8176110509689896,0.0492605936806648,False,True
ABANDONED,,,3361,4779,6.931948002913036,0.0125753006767481,False,True
ABANDONED,,,2324,1746,2.9710911482768134,0.0277397671691142,True,False
ABANDONED,,,1918,3403,6.268633326995187,0.0456020059552975,False,False
ABANDONED,,,3611,76,3.6356061044475054,0.0182545777829363,True,True
ABANDONED,,,3909,4226,7.617368231270462,0.0301900478126481,True,True
ABANDONED,,,370,2298,2.482149846613407,0.0088378686127252,False,False
ABANDONED,,,1012,4577,4.228278767157346,0.0019535722639411,False,False
ABANDONED,,,4556,1401,5.674738872632385,0.0355154799050651,True,True
ABANDONED,,,3008,3050,0.5750725279478356,0.0235650423443876,True,True
ABANDONED,,,1310,975,9.523223795532248,0.0387566523309797,False,False
ABANDONED,,,1447,2819,3.2739049300430345,0.0102359307045117,True,True
ABANDONED,,,2832,1207,6.824503438963555,0.0254030171786434,False,False
ABANDONED,,,4379,4497,1.9251318639852104,0.0133740155701525,False,False
ABANDONED,,,1149,1482,7.977921535015107,0.0469121068799868,True,True
ABANDONED,,,546,4146,6.231830981124193,0.043157438957598,True,True
ABANDONED,,,3771,2379,3.8677991422861817,0.0217814921084791,False,False
ABANDONED,,,3473,3171,9.884999095800334,0.0338196961078792,False,False
ABANDONED,,,2094,308,0.0192760948529466,0.0064476957409642,True,True
ABANDONED,,,2500,4860,9.220486374580302,0.0243586409618146,False,True
ABANDONED,,,3223,1665,0.6825933037148789,0.039546922863461,True,False
ABANDONED,,,4176,2789,5.5672944204304375,0.0027589194932952,True,False
ABANDONED,,,298,690,4.53109251167439,0.0363182071526534,False,True
ABANDONED,,,901,3686,1.2618406178001311,0.0294364098180085,False,True
ABANDONED,,,4784,339,8.642460814898834,0.0080816578431986,True,False
ABANDONED,,,2582,3961,2.6105898443842306,0.0448608364774845,True,False
ABANDONED,,,1853,2018,7.489018879373559,0.0175100330132991,False,True
ABANDONED,,,1785,3542,7.668869298217819,0.0056027076416648,True,True
ABANDONED,,,2532,483,2.2335410682279617,0.0331661551361903,False,False
ABANDONED,,,4715,3812,6.517849453222937,0.0211279452359303,False,False
ABANDONED,,,852,2167,3.5798300611237064,0.0423124449574388,True,True
ABANDONED,,,210,4711,0.3177680780263617,0.0478054584264755,True,True
ABANDONED,,,4068,1814,9.585864080072382,0.0140758727821521,False,False
ABANDONED,,,3136,2645,4.1638070522975195,0.0261048802915029,False,False
ABANDONED,,,2393,834,5.935094216452912,0.0111292881518602,True,True
ABANDONED,,,2162,4334,4.827257724963129,0.0166167047014459,False,True
ABANDONED,,,3523,2191,5.270409813772887,0.0441589560308493,True,False
ABANDONED,,,3840,3354,0.9812330543762072,0.0073797714957036,True,False
ABANDONED,,,595,125,8.921193981076591,0.0285430756052955,False,True
ABANDONED,,,1237,3002,7.1825221969103445,0.0371632192241959,False,True
ABANDONED,,,4487,1024,2.916367133478634,0.0034124364927411,True,False
ABANDONED,,,2920,4685,8.333556345589459,0.0402004457637667,True,False
ABANDONED,,,1554,1294,1.570092444267124,0.0252036589342169,False,True
ABANDONED,,,1378,4448,5.319735361121595,0.0268460556701757,True,False
ABANDONED,,,3057,1531,4.583949187945575,0.0118737916154786,False,True
ABANDONED,,,4624,2926,9.165798193491064,0.0485590905202552,False,True
ABANDONED,,,1060,1100,0.9332031824244186,0.0148321248576976,True,False
ABANDONED,,,457,3278,2.6718368979310614,0.0203226393125951,True,False
ABANDONED,,,4016,201,7.230625896732323,0.0415097118089906,False,True
ABANDONED,,,3699,4097,1.5208408737853167,0.004809067718219,False,True
ABANDONED,,,2025,2428,8.5769387104772,0.0323758905045688,True,False
ABANDONED,,,2256,2720,2.1855275114160038,0.0379112803069874,False,False
ABANDONED,,,3312,759,7.913490570755677,0.0229118734956718,True,True
ABANDONED,,,4245,4948,3.3365092318775127,0.0348623169572092,True,True
ABANDONED,,,73,1577,6.567163453326561,0.0011082061408087,False,False
ABANDONED,,,676,4049,9.829263356086798,0.0097316040839068,False,False
ABANDONED,,,4853,1930,0.2685329716810956,0.0308915329016745,True,True
ABANDONED,,,2670,3618,5.983186220033096,0.0189560569711029,True,True
ABANDONED,,,1609,407,3.919264673518017,0.0464957355256192,False,False
ABANDONED,,,1602,2587,5.760445570775309,0.0222936344640329,False,False
ABANDONED,,,2716,814,4.299491288770922,0.0380408219289965,True,True
ABANDONED,,,4918,4729,9.452696100050584,0.0005911669475026,True,True
ABANDONED,,,650,1875,0.4900506559368223,0.0350961266802623,False,False
ABANDONED,,,3,3753,3.720397646168247,0.0311358698508702,False,False
ABANDONED,,,4276,2147,6.338319805672393,0.0091798677425831,True,True
ABANDONED,,,3324,3564,2.4107070319587365,0.0466629953514784,True,True
ABANDONED,,,2205,540,7.530820353572259,0.0183242696574889,False,False
ABANDONED,,,1954,4628,1.7472382934419437,0.0116302454737015,True,False
ABANDONED,,,3730,1272,8.19548698839452,0.0273985354276373,False,True
ABANDONED,,,4028,3021,3.0569527471251785,0.014665584844537,False,True
ABANDONED,,,407,1083,7.0030102799683815,0.0491916450378485,True,False
ABANDONED,,,1053,3293,8.78800827044621,0.0421287178602069,True,False
ABANDONED,,,4670,107,1.1534976036846638,0.0201938176876865,False,True
ABANDONED,,,3122,4354,5.09578158064466,0.0328936732984147,False,True
ABANDONED,,,1351,2250,4.962962075992488,0.0045760486181825,True,False
ABANDONED,,,1488,4113,8.712528781029395,0.0443134581977501,False,True
ABANDONED,,,2947,2491,1.346098062186502,0.0159720181082375,True,False
ABANDONED,,,4495,3222,7.402852451879533,0.0287987540070898,True,False
ABANDONED,,,1190,178,2.5386128951460125,0.0068393294000998,False,True
ABANDONED,,,582,2950,0.7535769850052892,0.0028826160370372,False,True
ABANDONED,,,3892,1154,9.306269228667022,0.0373841060642153,True,False
ABANDONED,,,3594,4386,4.445841836589389,0.0245967849586159,True,False
ABANDONED,,,2130,1514,5.496842918141746,0.0403413052349351,False,True
ABANDONED,,,2380,3635,3.7811774367177855,0.0336952321757562,True,True
ABANDONED,,,3187,469,6.160314189602621,0.0053810299942269,False,False
ABANDONED,,,4139,3994,0.0888887456599622,0.0429185517290607,False,False
ABANDONED,,,178,1905,9.969716660654173,0.0209863659520633,True,True
ABANDONED,,,786,4970,6.739407739082352,0.0139206506181508,True,True
ABANDONED,,,4743,1633,3.203303257694468,0.0484493780001066,False,False
ABANDONED,,,2540,2657,8.049060228758492,0.0108728191270492,False,False
ABANDONED,,,1738,743,2.010764585261233,0.0266445787865668,True,True
ABANDONED,,,1826,4836,2.83576927180402,0.0396892693513073,False,True
ABANDONED,,,2648,1767,7.106348718063907,0.0237502799695357,True,False
ABANDONED,,,4831,2538,1.6457289762170983,0.036537606975995,True,False
ABANDONED,,,893,863,8.413617260367609,0.0022305860542692,False,True
ABANDONED,,,246,3515,5.190727108520456,0.0075396815240383,False,True
ABANDONED,,,4189,589,4.75261028905306,0.0296936224433593,True,False
ABANDONED,,,3256,3860,8.997745632199571,0.0168668806436471,True,False
ABANDONED,,,2429,2040,1.0628199748415499,0.0450138044208288,False,True
ABANDONED,,,2042,3108,9.661045222200451,0.0259442026903852,True,True
ABANDONED,,,3487,995,0.398289038773626,0.0099779746630229,False,False
ABANDONED,,,3804,4559,5.854041002205574,0.0475545394369401,False,False
ABANDONED,,,474,1341,4.088093656669371,0.013220280422829,True,True
ABANDONED,,,1121,4286,2.3102476573055606,0.0216383786010555,True,True
ABANDONED,,,4446,2318,7.750306011374111,0.0437650799527764,False,False
ABANDONED,,,2878,3381,3.500302256576717,0.0062275523170828,False,False
ABANDONED,,,1439,19,6.44305177275464,0.0343472389238886,True,True
ABANDONED,,,1264,3154,0.1936565464511513,0.0176242774860002,False,False
ABANDONED,,,3015,246,9.749656955774874,0.0457677787644788,True,True
ABANDONED,,,4582,4200,4.000622641912662,0.0082846452547237,True,True
ABANDONED,,,946,2403,6.059814213345759,0.0304358717785216,False,False
ABANDONED,,,338,4474,7.837698430365885,0.0357477554045617,False,False
ABANDONED,,,3979,1426,2.104395701403729,0.0014380672941915,True,True
ABANDONED,,,3662,2882,6.647605669312179,0.0388877281765453,True,True
ABANDONED,,,1906,1222,3.4116117782406508,0.0229452690891921,False,False
ABANDONED,,,2292,3945,7.312138840330767,0.00392439592164,True,False
ABANDONED,,,3431,1954,2.7483147211838515,0.0320467969239689,False,True
ABANDONED,,,4364,3742,8.502217297700234,0.0193469354123808,False,True
ABANDONED,,,110,362,1.4410843406626954,0.0414770592628046,True,False
ABANDONED,,,718,2765,4.663936125856825,0.0498916139747016,True,False
ABANDONED,,,4966,636,5.39529806520138,0.0155608246661722,False,True
ABANDONED,,,2784,4922,0.8569557267110794,0.0282937811501324,False,True
ABANDONED,,,1650,1682,9.08512650394626,0.0123302203114144,True,False
ABANDONED,,,1666,3336,4.38590770480875,0.0299371639750897,False,True
ABANDONED,,,2808,143,5.517152901907452,0.0087532304595224,True,False
ABANDONED,,,4991,4311,0.7351759843472391,0.0455412456314079,True,False
ABANDONED,,,733,2214,9.363230019336564,0.0179776095859706,False,True
ABANDONED,,,91,4664,7.346275215992706,0.0235043810443021,False,True
ABANDONED,,,4344,1315,2.5580071451272817,0.038479783157818,True,False
ABANDONED,,,3411,2985,8.692602352046407,0.0017005927218124,True,False
ABANDONED,,,2274,1040,1.40702544329036,0.0354307460472919,False,True
ABANDONED,,,1889,3796,8.10602306813281,0.0409177958215586,True,True
ABANDONED,,,3639,2183,1.9923662292947992,0.0197550584711134,False,False
ABANDONED,,,3956,3521,6.759710235763342,0.0317840482778847,False,False
ABANDONED,,,322,505,3.143362234815956,0.0042416078443638,True,True
ABANDONED,,,964,2622,0.1498187714554369,0.0128287491528317,True,True
ABANDONED,,,4603,857,9.949792280375956,0.027825348353479,False,False
ABANDONED,,,3036,4693,3.8005647956011814,0.0157871561557985,False,False
ABANDONED,,,1281,1832,6.103729466631078,0.0495385041711851,True,True
ABANDONED,,,1419,4925,2.3540866987733167,0.0024572148919105,False,False
ABANDONED,,,2860,1600,7.550171804248355,0.0361839929255656,True,True
ABANDONED,,,4427,2703,3.7003613693602384,0.0242485110941343,True,True
ABANDONED,,,1102,776,6.399137636944652,0.0392213404327631,False,False
ABANDONED,,,498,3601,9.392719466958194,0.0447506109052337,False,False
ABANDONED,,,3819,424,0.5103172444105148,0.0171843548780307,True,True
ABANDONED,,,3502,4028,5.741935318279081,0.0291348042404279,True,True
ABANDONED,,,2066,1951,4.3563419336220255,0.0079475426399149,False,False
ABANDONED,,,2450,2904,5.1565919993305585,0.0134832988488487,True,False
ABANDONED,,,3273,1121,4.9429189825849615,0.0472372196391224,False,True
ABANDONED,,,4206,4432,8.807361844325438,0.0105365932509303,False,True
ABANDONED,,,267,1547,1.096879989689216,0.0255365677434019,True,False
ABANDONED,,,871,4079,3.113796575376764,0.034120454727672,True,False
ABANDONED,,,4814,2446,6.984492614885792,0.0065813423790968,False,True
ABANDONED,,,2631,3256,1.767507601105608,0.0432666235812939,False,True
ABANDONED,,,1803,223,8.13551247850526,0.0221065062126144,True,False
ABANDONED,,,1754,4243,6.705177197499202,0.0071025303839705,False,False
ABANDONED,,,2563,2282,3.3938218130934983,0.0284812870565801,True,True
ABANDONED,,,4765,3424,7.858619151649066,0.0165308317933231,True,True
ABANDONED,,,802,55,2.045072605133988,0.0439055927484296,False,False
ABANDONED,,,160,3073,4.05971959842462,0.040114668929018,False,False
ABANDONED,,,4118,952,6.038057657764294,0.0249503917251713,True,True
ABANDONED,,,3166,4595,0.2112203718405216,0.0368858794574625,True,True
ABANDONED,,,2362,1384,9.691249593289568,0.0033505492890253,False,False
ABANDONED,,,2114,3472,0.7976257393434643,0.0212131544817239,True,False
ABANDONED,,,3570,553,9.106039738144723,0.0425647661848925,False,True
ABANDONED,,,3868,3903,4.646148805401289,0.0058794790818355,False,True
ABANDONED,,,567,2075,5.452871642093175,0.0332270970959216,True,False
ABANDONED,,,1208,4800,8.443802448130212,0.0263815560271032,True,False
ABANDONED,,,4515,1724,1.4586412749541924,0.0111901344070211,False,True
ABANDONED,,,2967,2573,7.290384333454072,0.0478907666960731,False,True
ABANDONED,,,1506,906,2.807414322387427,0.0143282930334098,True,False
ABANDONED,,,1330,2810,9.056733336873354,0.0345370103917084,False,True
ABANDONED,,,3105,669,1.0409532734416425,0.0009991074483841,True,False
ABANDONED,,,4652,4876,5.208248432598078,0.0377783037852495,True,False
ABANDONED,,,1032,1649,4.6941595312757425,0.0226106512895785,False,True
ABANDONED,,,430,3979,1.7031906565790995,0.0188229817943647,False,True
ABANDONED,,,4044,2000,8.395717745388858,0.0461944146645255,True,False
ABANDONED,,,3747,3709,2.8566468957886095,0.0094063935917802,True,False
ABANDONED,,,1977,317,7.046982822488993,0.030782530282624,False,True
ABANDONED,,,2225,4520,3.4418542179893703,0.0486931087281554,True,True
ABANDONED,,,3342,1459,6.4605752200353885,0.0151340103573165,False,False
ABANDONED,,,4294,2836,2.288374139306136,0.0271722084558568,False,False
ABANDONED,,,23,1189,7.80928630346153,0.0119833596106618,True,True
ABANDONED,,,626,3187,5.7946772298337885,0.0051353195277042,True,True
ABANDONED,,,4902,292,4.108973999843934,0.032485557523556,False,False
ABANDONED,,,2700,4167,9.64313829463534,0.0204565618159249,False,False
ABANDONED,,,1578,2358,0.4557439025361091,0.0418115016040392,True,True
ABANDONED,,,1630,4532,9.863476018064658,0.0146056768260896,True,True
ABANDONED,,,2687,1368,0.0779965366767719,0.0489125086436979,False,False
ABANDONED,,,4870,3096,6.173647560695187,0.0113749987105838,False,False
ABANDONED,,,697,1008,3.884976917197928,0.0273145548515021,True,True
ABANDONED,,,50,3370,1.9069650861565024,0.0326385255591012,True,True
ABANDONED,,,4228,31,8.035726839041338,0.0044921670658513,False,False
ABANDONED,,,3295,4260,3.214195485302247,0.042068714137189,False,False
ABANDONED,,,2233,2344,6.845648400296458,0.0199145855889655,True,True
ABANDONED,,,2005,2511,2.627770263987593,0.0008453723932616,False,True
ABANDONED,,,3680,889,7.430837507649325,0.0351794428564608,True,False
ABANDONED,,,3998,4825,1.320554168526083,0.0223526951558887,True,False
ABANDONED,,,437,1779,8.62093025007844,0.0383194893891923,False,True
ABANDONED,,,1084,3847,5.588441430468113,0.0467219573883339,False,True
ABANDONED,,,4640,2053,4.471385711625218,0.0186028384626843,True,False
ABANDONED,,,3072,3488,9.278284191521816,0.0313901713700033,True,False
ABANDONED,,,1402,616,0.6644196347882971,0.0092632799921557,False,True
ABANDONED,,,1538,3729,6.913815010088497,0.0428105900585651,True,False
ABANDONED,,,2897,375,3.028929343326949,0.0206599312159232,False,True
ABANDONED,,,4464,3918,8.221069230083376,0.0333928699973039,False,True
ABANDONED,,,1220,1982,1.838874725431204,0.0052491786926984,True,False
ABANDONED,,,612,4896,4.871325625378639,0.0105703612440265,True,False
ABANDONED,,,3861,1708,5.070199320331216,0.0265126317804679,False,True
ABANDONED,,,3544,2753,1.1815210261074827,0.0138127879714593,False,True
ABANDONED,,,2180,647,8.877203558950685,0.0481230422877706,True,False
ABANDONED,,,2408,4189,0.5963293858105317,0.0291017802166752,False,False
ABANDONED,,,3160,2415,9.463626545314675,0.0069722216501832,True,True
ABANDONED,,,4092,3128,4.2861196813974525,0.0444218884333968,True,True
ABANDONED,,,225,273,5.656608003010974,0.0162992998021654,False,False
ABANDONED,,,834,2854,7.634657902712002,0.0247053112676367,False,False
ABANDONED,,,4695,1250,2.424078620707616,0.0406686830022372,True,True
ABANDONED,,,2512,4461,6.327389379032888,0.0031855435916222,True,True
ABANDONED,,,1766,1439,3.6141189349191274,0.0375168996592983,False,False
ABANDONED,,,1873,3047,1.5398487752955408,0.0474710294543765,True,False
ABANDONED,,,2600,1057,8.520585714640095,0.0129662595633417,False,True
ABANDONED,,,4802,4639,2.7323874663533645,0.0256661092732101,False,True
ABANDONED,,,921,1260,7.210933243588546,0.0099183543114922,True,False
ABANDONED,,,274,4367,9.186332119313068,0.0059495549732819,True,False
ABANDONED,,,4160,2237,0.8728830001661554,0.0342877146457321,False,True
ABANDONED,,,3208,3321,5.376929629636929,0.0215547699634917,False,True
ABANDONED,,,2476,80,4.565171672599392,0.0435109604382887,True,False
ABANDONED,,,2073,4756,5.9634860798046,0.0368165473509579,False,False
ABANDONED,,,3456,1847,3.9798083508424456,0.0022906749709509,True,True
ABANDONED,,,3754,2599,9.772912408954465,0.0397738202824257,True,True
ABANDONED,,,525,801,0.2875435178829356,0.0240049648601561,False,False
ABANDONED,,,1171,3575,3.3177248254334555,0.0169513358701951,False,False
ABANDONED,,,4396,529,6.624350234757178,0.0452683936068788,True,True
ABANDONED,,,2848,3779,2.125209973849356,0.0078187209228053,True,True
ABANDONED,,,1469,2121,7.934026545282454,0.0297538103838451,False,False
ABANDONED,,,1294,4006,4.184459989242256,0.0192146164677105,True,True
ABANDONED,,,2984,1894,5.874893343310804,0.041173474131152,False,False
ABANDONED,,,4532,3661,0.3749955355590209,0.0035969211589545,False,False
ABANDONED,,,996,443,9.567120051736943,0.0319385505369864,True,True
ABANDONED,,,388,2685,6.536976961842738,0.0279662077324464,True,True
ABANDONED,,,3929,716,3.523595778415911,0.0122218752694316,False,False
ABANDONED,,,3631,4983,7.729453651644291,0.0497593911034055,False,False
ABANDONED,,,1936,1620,2.2138813061080875,0.0152573356078937,True,True
ABANDONED,,,2341,3235,8.31481444045715,0.0086116510834544,False,True
ABANDONED,,,3383,165,1.6273226209897549,0.0305432708389125,True,False
ABANDONED,,,4336,4140,7.122313911181874,0.0177559320307336,True,False
ABANDONED,,,138,2463,2.9370132538238543,0.0460703225787729,False,True
ABANDONED,,,746,4412,0.9615760114463046,0.0390194817450828,False,True
ABANDONED,,,4939,1488,8.98178045770619,0.0232479119272902,True,False
ABANDONED,,,2737,2962,4.771016625655816,0.0360746655287221,True,False
ABANDONED,,,1698,1143,5.289529909806327,0.001545370650012,False,True
ABANDONED,,,1683,2952,8.552016673213803,0.0435523098837584,False,False
ABANDONED,,,2752,1151,1.546868485267274,0.0214227757505141,True,True
ABANDONED,,,4925,4404,7.203300821892918,0.0342252178094349,True,True
ABANDONED,,,760,1497,2.700343796055764,0.0061026991587132,False,False
ABANDONED,,,152,4129,0.8847849412336946,0.0098558591348119,False,False
ABANDONED,,,4322,2474,9.212880809541792,0.0258192551182582,True,True
ABANDONED,,,3399,3225,4.538010270646774,0.0130076047675684,True,True
ABANDONED,,,2325,176,5.364414976845496,0.0473390310001559,False,False
ABANDONED,,,1950,4992,3.952653839987703,0.0298163158870302,True,False
ABANDONED,,,3617,1611,5.950978914097884,0.0076655854042619,False,True
ABANDONED,,,3944,2694,0.2994428142588586,0.0452270351257175,False,True
ABANDONED,,,373,707,9.799459050478413,0.0170833210474811,True,False
ABANDONED,,,981,3671,6.616725300146268,0.0239636050881817,True,False
ABANDONED,,,4547,432,3.285688046233729,0.0399058041688986,False,True
ABANDONED,,,2970,4017,7.965455455151387,0.0023531850841827,False,True
ABANDONED,,,1308,1884,2.1322270391294733,0.0366634164424613,True,False
ABANDONED,,,1485,3790,5.881907950145193,0.0152960503194481,False,True
ABANDONED,,,2833,2111,4.215886589662173,0.0496300493269227,True,False
ABANDONED,,,4410,3586,9.535080814091488,0.0121559706865809,True,False
ABANDONED,,,1158,518,0.3673682914990931,0.0281227419618517,False,True
ABANDONED,,,510,2609,3.550139961494133,0.0318726417128928,False,True
ABANDONED,,,3768,792,6.548873948769645,0.0037534511471167,True,False
ABANDONED,,,3441,4765,2.201371681955643,0.0412121905023232,True,False
ABANDONED,,,2088,1838,7.702296831340529,0.0190852763508446,False,True
ABANDONED,,,2462,3311,1.6148102776473388,0.001611266197171,True,True
ABANDONED,,,3222,90,8.287655496950261,0.0359181222636252,False,False
ABANDONED,,,4145,4356,2.9635642535015942,0.0232092058826237,False,False
ABANDONED,,,289,2247,7.134218310695142,0.0391488321884535,True,True
ABANDONED,,,936,4630,8.949739096857606,0.0460316211441531,True,True
ABANDONED,,,4787,1270,0.9539460481964052,0.017885287084151,False,False
ABANDONED,,,2614,3038,5.2965519292270775,0.0306091650952585,False,False
ABANDONED,,,1859,1066,4.802450042675249,0.0084551065275445,True,True
ABANDONED,,,1771,4472,0.0416808326877653,0.0199804929378442,False,True
ABANDONED,,,2507,1429,9.86133621111512,0.0419121826738119,True,False
ABANDONED,,,4699,2864,3.8877245934782554,0.0044534492194652,True,False
ABANDONED,,,829,1239,6.210571134014987,0.0327678642007522,False,True
ABANDONED,,,221,3137,8.018940152558498,0.0272758416151627,False,True
ABANDONED,,,4096,264,1.8852962989499793,0.0115043419622816,True,False
ABANDONED,,,3154,4198,6.8679250568337755,0.0489784147017635,True,False
ABANDONED,,,2414,2405,3.23159004111588,0.0144491440718993,False,True
ABANDONED,,,2175,2743,7.4531121154818685,0.0093019829019904,True,True
ABANDONED,,,3548,658,2.6451621751096095,0.0312608177918009,False,False
ABANDONED,,,3856,4885,8.604151050680317,0.0185369456815533,False,False
ABANDONED,,,618,1718,1.2988922724174334,0.0468785034194588,True,True
ABANDONED,,,1226,3909,4.474130743213929,0.0382535923668183,True,True
ABANDONED,,,4459,1991,5.62536295508314,0.0225092369457706,False,False
ABANDONED,,,2901,3720,0.628110821897164,0.0352181474259123,False,False
ABANDONED,,,1533,384,9.276151871657,0.000716020474676,True,True
ABANDONED,,,1396,3478,3.0267947140131146,0.048185535989236,False,False
ABANDONED,,,3078,625,6.877503738751636,0.0136596406511962,True,True
ABANDONED,,,4635,3838,1.8757939405972135,0.0264712851010262,True,True
ABANDONED,,,1088,2062,8.223811803226358,0.0107023582230322,False,False
ABANDONED,,,442,4814,5.04853511477355,0.0052078307224437,False,False
ABANDONED,,,3993,1789,4.854543967534789,0.0335248656854964,True,True
ABANDONED,,,3686,2502,8.894593160623684,0.0207224295274354,True,True
ABANDONED,,,1999,900,1.2037931754942983,0.0426574473483487,False,False
ABANDONED,,,2237,4268,9.481023559574036,0.0375582609064877,True,False
ABANDONED,,,3291,2335,0.6186083517968654,0.0030535611803643,False,True
ABANDONED,,,4233,3379,5.634941674250179,0.0406061743642203,False,True
ABANDONED,,,45,22,4.269335304363631,0.0248584436513483,True,False
ABANDONED,,,691,3106,2.4610046524731444,0.0162367928237654,True,False
ABANDONED,,,4876,997,7.637407888441347,0.0445750224767252,False,True
ABANDONED,,,2683,4543,3.611981586415321,0.0070135786561295,False,True
ABANDONED,,,1634,1358,6.291075984492898,0.0289697935641743,True,False
ABANDONED,,,1564,4178,3.36727546956297,0.0032865329813212,True,False
ABANDONED,,,2714,2348,6.693277603129856,0.0370405254117213,False,True
ABANDONED,,,4887,3197,2.057580068834126,0.0249872181615792,False,True
ABANDONED,,,641,281,7.885773364510388,0.0399872154276818,True,False
ABANDONED,,,38,2846,6.031040294490755,0.0439424208444543,True,False
ABANDONED,,,4279,1180,4.02829098654911,0.0164033799516037,False,True
ABANDONED,,,3356,4528,9.723286074495874,0.028417266507633,False,True
ABANDONED,,,2211,1450,0.2188456044448539,0.0072571720969863,True,False
ABANDONED,,,1992,3699,9.138083706435747,0.0142914752638898,False,False
ABANDONED,,,3731,327,0.8052578630456702,0.0480182288642972,True,True
ABANDONED,,,4059,3968,5.4458522301148635,0.0112541416790336,True,True
ABANDONED,,,415,2010,4.614717548834161,0.0262269010371528,False,False
ABANDONED,,,1019,4867,1.4711556297522037,0.033291103077121,False,False
ABANDONED,,,4666,1658,8.47096414807625,0.0057248228010721,True,True
ABANDONED,,,3089,2801,2.7808653341652825,0.0425279530254192,True,True
ABANDONED,,,1346,678,7.278482690379955,0.0213406212599948,False,False
ABANDONED,,,1521,2564,1.0290491719217971,0.0307211664114147,True,True
ABANDONED,,,2953,915,9.030182039202192,0.0095584048121236,False,False
ABANDONED,,,4530,4792,4.721318772776053,0.0462346311449073,False,False
ABANDONED,,,1193,1734,5.220760477947072,0.018692120546475,True,True
ABANDONED,,,551,3892,8.364284030376002,0.0226508635287173,True,True
ABANDONED,,,3883,2086,1.6961689351517704,0.0376474382961168,False,False
ABANDONED,,,3556,3462,7.054612487745472,0.0009377452367916,False,False
ABANDONED,,,2128,564,2.888688554630615,0.0346890232716687,True,True
ABANDONED,,,2347,4604,6.4682027620887395,0.0417712760879658,False,True
ABANDONED,,,3182,1374,3.4738931576414034,0.020587414028123,True,False
ABANDONED,,,4104,3082,7.777860001035036,0.0325469300616532,True,False
ABANDONED,,,174,943,2.2813592344783244,0.0049833169742487,False,True
ABANDONED,,,817,3434,4.136130522154272,0.0120447367588058,False,True
ABANDONED,,,4751,44,5.807187151979656,0.0270202105124481,True,False
ABANDONED,,,2578,4253,0.4438466176157817,0.01509378355043,True,False
ABANDONED,,,1739,2272,9.61659440955054,0.0488239596495404,False,True
ABANDONED,,,1807,3246,5.53881450002268,0.0353905323329381,True,True
ABANDONED,,,2627,232,4.402687202200294,0.0018314567357301,False,False
ABANDONED,,,4819,4070,9.345837810221129,0.0385411438941955,False,False
ABANDONED,,,865,2455,0.7129016745081171,0.0233523666891269,True,True
ABANDONED,,,262,4421,2.56013976298552,0.0180389749323949,True,True
ABANDONED,,,4211,1557,7.382583730890416,0.0453892358862794,False,False
ABANDONED,,,3269,2895,1.3701042166687547,0.0087130154543556,False,False
ABANDONED,,,2454,1131,8.689857022464276,0.0300680266981944,True,True
ABANDONED,,,2060,4036,1.9554423579815776,0.0494771284982562,False,True
ABANDONED,,,3507,1942,8.103275689845905,0.0159391555744223,True,False
ABANDONED,,,3815,3611,3.145501743772068,0.0278655766355805,True,False
ABANDONED,,,503,415,6.796026237745769,0.0126978997066617,False,True
ABANDONED,,,1106,2713,9.932398022555745,0.0042818318852223,False,True
ABANDONED,,,4423,766,0.1275418169246986,0.0316531945904716,True,False
ABANDONED,,,2865,4936,6.125398551831022,0.0196936844578012,True,False
ABANDONED,,,1413,1590,3.8173511840906,0.0410697968997992,False,True
ABANDONED,,,1277,4704,7.566955883288757,0.0079107130686752,True,False
ABANDONED,,,3040,1822,2.375753325527534,0.0292622546069324,False,True
ABANDONED,,,4598,2632,6.376858372964897,0.0172483739517629,False,True
ABANDONED,,,969,846,3.682964653094299,0.044595967717003,True,False
ABANDONED,,,327,3530,0.546630936943926,0.0392853582156822,True,False
ABANDONED,,,3951,496,9.394856517468579,0.0240938666150905,False,True
ABANDONED,,,3643,3805,4.3535922458861025,0.0361471679643727,False,True
ABANDONED,,,1885,2173,5.70500898852013,0.0025846698684617,True,False
ABANDONED,,,2279,2975,4.940176111448557,0.0220425017066299,False,False
ABANDONED,,,3405,1051,5.11967308215797,0.0434212813372723,True,True
ABANDONED,,,4348,4653,1.133190963032655,0.006618157013785,True,True
ABANDONED,,,87,1325,8.809496771632693,0.0339929894246161,False,False
ABANDONED,,,729,4302,6.9622207634923985,0.025573384037707,False,False
ABANDONED,,,4995,2223,3.096406675710343,0.0104091296074911,True,True
ABANDONED,,,2803,3327,8.152294434342533,0.0471732108918949,True,True
ABANDONED,,,1671,152,1.7891715086698532,0.0136379523635841,False,False
ABANDONED,,,1655,4912,7.074307375839912,0.0451427670670673,True,True
ABANDONED,,,2780,1691,2.8281393271787088,0.0168285421119071,False,False
ABANDONED,,,4972,2756,8.420639261163771,0.0295374702946282,False,False
ABANDONED,,,712,645,1.677162374611944,0.0076052128775045,True,True
ABANDONED,,,104,3731,4.740097927086056,0.0020744292954914,True,True
ABANDONED,,,4369,372,5.163568146388978,0.0366031337194144,False,False
ABANDONED,,,3426,3936,1.0893709931438789,0.0238792439065873,False,False
ABANDONED,,,2297,1965,9.009650050337424,0.0396509321103803,True,True
ABANDONED,,,1900,2890,0.4248332404764369,0.0345034060091711,False,True
ABANDONED,,,3667,1213,9.67294222775195,0.0061620359001681,True,False
ABANDONED,,,3975,4483,4.075584013892338,0.0436361027387902,True,False
ABANDONED,,,343,1417,5.826884163277224,0.0216767025650478,False,True
ABANDONED,,,951,4211,7.757320599583909,0.0130913074500858,False,True
ABANDONED,,,4578,2392,2.341674239100888,0.0475928676421754,True,False
ABANDONED,,,3020,3165,6.411012553733774,0.0101341400886885,True,False
ABANDONED,,,1258,236,3.492675031141378,0.0258786846138536,False,True
ABANDONED,,,1434,3392,9.742032039788551,0.0230776453828439,True,False
ABANDONED,,,2883,9,0.1616197858760133,0.0388460055016912,False,True
ABANDONED,,,4440,4296,6.091243104590104,0.001284543978516,False,True
ABANDONED,,,1127,2307,4.00763968856819,0.0358106284206733,True,False
ABANDONED,,,480,4569,2.077241171924397,0.0302823497536592,True,False
ABANDONED,,,3798,1332,7.82519124603458,0.0083475195616483,False,True
ABANDONED,,,3491,3117,3.4235110932411628,0.0459001504480838,False,True
ABANDONED,,,2037,986,6.6741523294607195,0.0175825502010993,True,False
ABANDONED,,,2434,3850,2.7602166808759794,0.0124837290593422,False,False
ABANDONED,,,3250,2051,7.338687549184077,0.0282308935662731,True,True
ABANDONED,,,4193,3504,1.4139229200854897,0.0154284633090719,True,True
ABANDONED,,,242,599,8.489702626284211,0.0499333515861071,False,False
ABANDONED,,,889,2529,5.426729005150498,0.0413446962460875,False,False
ABANDONED,,,4835,872,4.67095581720397,0.0193886713641695,True,True
ABANDONED,,,2643,4827,9.077494100875219,0.0322003099131397,True,True
ABANDONED,,,1831,1776,0.824912075038068,0.0038615125790238,False,False
ABANDONED,,,1724,2668,4.336417301911862,0.0184777902071364,True,False
ABANDONED,,,2554,733,5.763195537880064,0.0466001195693388,False,True
ABANDONED,,,4727,4981,0.4879133260576054,0.0090474945837631,False,True
ABANDONED,,,801,1622,9.416382724135183,0.0311775956605561,True,False
ABANDONED,,,193,4004,6.355716838556344,0.0349637518618255,True,False
ABANDONED,,,4124,1897,3.7426766307791697,0.0006328910975717,False,True
ABANDONED,,,3201,3643,7.509154006186874,0.0381943467198871,False,True
ABANDONED,,,2366,460,2.3939226363003248,0.0222307629231363,True,False
ABANDONED,,,2145,4376,8.173822764212266,0.0047084131101146,False,False
ABANDONED,,,3579,1524,1.7304566169735045,0.032851938821841,True,True
ABANDONED,,,3906,2939,7.02039990026597,0.0200403061737306,True,True
ABANDONED,,,568,1164,3.079224915136584,0.0421916026780381,False,False
ABANDONED,,,1176,3213,1.1513629929954183,0.0490381348147057,False,False
ABANDONED,,,4509,188,8.751697017733939,0.0147284709531813,True,True
ABANDONED,,,2932,4103,4.999881272533909,0.0275308953095227,True,True
ABANDONED,,,1503,2500,5.098524135163054,0.0115885063870809,False,False
ABANDONED,,,1365,4345,1.348843075150624,0.0404974605184979,True,True
ABANDONED,,,3108,2258,8.749450287019833,0.0245312567399814,False,False
ABANDONED,,,4685,3284,2.502304100879468,0.0372551406519487,False,False
ABANDONED,,,1038,117,7.4007201506393026,0.0029209518027491,True,True
ABANDONED,,,391,3010,9.328543855124153,0.0067103682290762,True,True
ABANDONED,,,4043,1093,0.7709689147518947,0.0288370940140448,False,False
ABANDONED,,,3716,4618,5.480063700119033,0.0161281717321835,False,False
ABANDONED,,,1968,1283,4.424179921856151,0.0442479283194988,True,True
ABANDONED,,,2190,3573,6.143527484495193,0.026773553234525,False,True
ABANDONED,,,3339,531,3.7595086308866734,0.0108344923970289,True,False
ABANDONED,,,4262,3762,9.991993335816078,0.0482932140496559,True,False
ABANDONED,,,17,2138,0.106283320098184,0.0139861701698973,False,True
ABANDONED,,,664,4739,3.1669875723300502,0.0208301973915658,False,True
ABANDONED,,,4904,1864,6.737267950757407,0.0429840666707605,True,False
ABANDONED,,,2731,2597,2.0135122429169714,0.0055100057329982,True,False
ABANDONED,,,1587,804,8.085983783453703,0.0336569067365489,False,True
ABANDONED,,,1614,3628,2.2606976091628894,0.0109776531113311,False,True
ABANDONED,,,2665,397,7.681379238988273,0.0261658650324679,True,False
ABANDONED,,,4857,4059,3.5679327575787902,0.0142063608006574,True,False
ABANDONED,,,672,1919,6.491305549513549,0.0477656240267679,False,True
ABANDONED,,,69,4957,9.593491603501139,0.0424429283658973,False,True
ABANDONED,,,4249,1568,0.349806999053806,0.021088106226176,True,False
ABANDONED,,,3306,2729,5.9036679326510075,0.0330145213864743,True,False
ABANDONED,,,2261,749,4.156792166094296,0.005663693673443,False,True
ABANDONED,,,2020,4087,5.23897611738462,0.0250731858522631,True,True
ABANDONED,,,3703,2439,4.820236022160389,0.0402402951000258,False,False
ABANDONED,,,4011,3268,8.92882362770848,0.0035640569655224,False,False
ABANDONED,,,463,211,1.0132746945936233,0.0371022199154831,True,True
ABANDONED,,,1066,2917,2.9044630133342,0.0286947003193199,True,True
ABANDONED,,,4619,1109,7.1559708806145945,0.0073187764282338,False,False
ABANDONED,,,3061,4439,1.5972517043920231,0.0440284812892787,False,False
ABANDONED,,,1373,1539,8.346068409563044,0.0166565523780882,True,True
ABANDONED,,,1549,4675,4.596463561368175,0.0322208713209256,False,False
ABANDONED,,,2925,1303,5.346897079692223,0.0048734661065973,True,True
ABANDONED,,,4483,2993,0.9066541755776852,0.0416375414901413,True,True
ABANDONED,,,1241,1033,9.153896531792356,0.020285433745943,False,False
ABANDONED,,,599,3343,7.262669846398755,0.0149599558296613,False,False
ABANDONED,,,3836,135,2.6794690030086787,0.0485218862444162,True,True
ABANDONED,,,3528,4324,8.56991931712348,0.0117187678217887,True,True
ABANDONED,,,2157,2202,1.4894096358427775,0.0269104494485072,False,False
ABANDONED,,,2397,2654,7.906473226106726,0.0463678912767209,True,False
ABANDONED,,,3131,825,2.15409891816508,0.0189932479700073,False,True
ABANDONED,,,4073,4720,6.599199915908278,0.0310465670218691,False,True
ABANDONED,,,205,1805,3.344134445857257,0.0096672206320799,True,False
ABANDONED,,,847,3822,0.2419866095259785,0.0012632386013865,True,False
ABANDONED,,,4721,2156,9.817363743092866,0.0347979318457655,False,True
ABANDONED,,,2528,3553,3.931772155842744,0.0227840334880165,False,True
ABANDONED,,,1789,473,6.0103404515190055,0.0379484755471348,True,False
ABANDONED,,,1838,3952,8.837634604904801,0.0276119347219355,False,False
ABANDONED,,,2597,2026,1.2221955171227454,0.0126125034773722,True,True
ABANDONED,,,4770,3677,5.028227365958505,0.0494156159991398,True,True
ABANDONED,,,915,348,4.914479440285825,0.0156614352022297,False,False
ABANDONED,,,312,2778,1.8148681984571735,0.0196322647128254,False,False
ABANDONED,,,4162,700,8.243740169166587,0.0407921692817471,True,True
ABANDONED,,,3239,4850,3.007402102995664,0.004028099799063,True,True
ABANDONED,,,2485,1676,6.934082911595703,0.0315677081886678,False,False
ABANDONED,,,2108,3180,3.6719197783563287,0.0386016213456168,True,False
ABANDONED,,,3460,299,6.270770358880982,0.0236294289310462,False,True
ABANDONED,,,3787,4155,2.479400177502073,0.0356433213879354,False,True
ABANDONED,,,530,2370,7.580441920136102,0.0019163784990087,True,False
ABANDONED,,,1134,4507,5.691522970297375,0.0089657113864086,True,False
ABANDONED,,,4394,1471,4.249945412536152,0.0301528553385287,False,True
ABANDONED,,,2817,2829,9.500944512927903,0.0180995421875268,False,True
ABANDONED,,,1461,1197,0.5576757930573076,0.0456663879319094,True,False
ABANDONED,,,1325,3061,6.807109162518755,0.0063172108572907,False,True
ABANDONED,,,2993,965,3.251627956887708,0.0338595336424186,True,False
ABANDONED,,,4570,4588,7.99959063883964,0.0219331243829801,True,False
ABANDONED,,,998,1390,1.941918271099217,0.0430964514506049,False,True
ABANDONED,,,356,4236,3.830875289597549,0.0470637433957308,False,True
ABANDONED,,,3923,2290,6.229083621461877,0.0133130323044024,True,False
ABANDONED,,,3596,3412,0.0214155851844698,0.0252725306353531,True,False
ABANDONED,,,1933,67,9.921315079158173,0.0102757665794342,False,True
ABANDONED,,,2310,4769,0.6847259029485285,0.0173584097744897,True,True
ABANDONED,,,3375,1756,9.256794870853424,0.0449218330201692,False,False
ABANDONED,,,4298,2546,4.494171303677374,0.0082121340599842,False,False
ABANDONED,,,137,932,5.5645491094728925,0.0293965636165812,True,True
ABANDONED,,,779,3445,8.664122431638651,0.0364486787593923,True,True
ABANDONED,,,4944,581,1.2786201338162646,0.0027190686818212,False,False
ABANDONED,,,2772,3871,7.471626651633531,0.0393953009154647,False,False
ABANDONED,,,1702,2107,2.58831551592052,0.0244196387953124,True,True
ABANDONED,,,1704,4778,9.020441341985949,0.0042207875824533,False,False
ABANDONED,,,2769,1748,1.0778866060459986,0.0317617170270532,True,True
ABANDONED,,,4942,2557,5.17192304382287,0.0198264830317348,True,True
ABANDONED,,,781,921,4.731059469992296,0.0409846888906322,False,False
ABANDONED,,,134,3456,1.6668986430671067,0.0496098335804417,False,False
ABANDONED,,,4300,570,8.432651059368625,0.0158539525982923,True,True
ABANDONED,,,3377,3880,2.820321525637992,0.0278046261933632,True,True
ABANDONED,,,2307,2098,7.083882779830136,0.0128065174790099,False,False
ABANDONED,,,1930,3050,3.483634078352712,0.0179055267106741,True,False
ABANDONED,,,3598,976,6.419365104469471,0.0454736949852667,False,True
ABANDONED,,,3926,4579,2.330196892097592,0.0087731984159909,False,True
ABANDONED,,,353,1399,7.768119080323727,0.0299586421828717,True,False
ABANDONED,,,1000,4227,5.836457071572543,0.0354508091551251,True,False
ABANDONED,,,4568,2298,4.067763865653426,0.001722167556174,False,True
ABANDONED,,,2990,3401,9.684961066051386,0.0384076021807268,False,True
ABANDONED,,,1327,78,0.4145766980228945,0.0234367308211512,True,False
ABANDONED,,,1463,3174,6.663969465880656,0.0254652383341454,False,True
ABANDONED,,,2815,305,3.4356040574042126,0.0104697968084365,True,False
ABANDONED,,,4392,4142,7.817444776669146,0.0472579417992383,True,False
ABANDONED,,,1136,2384,2.086888206083328,0.0135055305226705,False,True
ABANDONED,,,528,4494,4.018511848181487,0.022127326474525,False,True
ABANDONED,,,3789,1485,6.079839883450419,0.0432889548321254,True,False
ABANDONED,,,3462,2823,0.1700460154851898,0.0065099178184755,True,False
ABANDONED,,,2105,1203,9.733065212863496,0.0340535616585984,False,True
ABANDONED,,,2483,3965,0.8345662237899378,0.0392012773249298,True,True
ABANDONED,,,3241,2013,9.06975489509944,0.0242269362597726,False,False
ABANDONED,,,4164,3684,4.683046360170469,0.0362561739026568,False,False
ABANDONED,,,310,342,5.416543869370594,0.0025248651150614,True,True
ABANDONED,,,918,2784,8.480742913952097,0.0080196255152113,True,True
ABANDONED,,,4767,694,1.4223564132843167,0.029202354886569,False,False
ABANDONED,,,2594,4863,7.327281906847843,0.0171643869215622,False,False
ABANDONED,,,1841,1662,2.7710865682894363,0.0447291326974518,True,True
ABANDONED,,,1791,2645,2.3854940227437766,0.0332070328816771,False,True
ABANDONED,,,2526,833,7.518118449164556,0.0058579053538851,True,False
ABANDONED,,,4718,4709,3.731802087218501,0.0426369482683949,True,False
ABANDONED,,,849,1816,6.367117675748656,0.0212808035984635,False,True
ABANDONED,,,202,3811,9.424126809553245,0.0144003755399025,False,True
ABANDONED,,,4076,2167,0.4782639079513028,0.047958317711018,True,False
ABANDONED,,,3133,3544,5.773376017512755,0.0111701668193563,True,False
ABANDONED,,,2395,482,4.324321953801439,0.0263600774505175,False,True
ABANDONED,,,2154,4686,5.109932161446661,0.0438342644455842,True,True
ABANDONED,,,3530,1292,4.989013769067824,0.0164640342444181,False,False
ABANDONED,,,3838,3001,8.760659114013425,0.0285020081102848,False,False
ABANDONED,,,597,1025,1.142931883743964,0.0071247631642036,True,True
ABANDONED,,,1244,3352,3.067136756117456,0.0033713699197396,True,True
ABANDONED,,,4480,127,7.030587419993245,0.0369082103394903,False,False
ABANDONED,,,2923,4335,1.7208048521690071,0.0248789667957462,False,False
ABANDONED,,,1551,2191,8.181564353935421,0.0400477762287482,True,True
ABANDONED,,,1376,4093,4.431995339449496,0.0119112771041691,False,False
ABANDONED,,,3059,2433,5.470485912181438,0.0271046574409119,True,True
ABANDONED,,,4616,3281,0.7812302623493597,0.0151539779449813,True,True
ABANDONED,,,1068,198,9.316529672971926,0.0487145873047411,False,False
ABANDONED,,,460,2930,7.392362869258038,0.0418315658182837,False,False
ABANDONED,,,4013,1095,2.511340174025856,0.0204781355438753,True,True
ABANDONED,,,3705,4445,8.73865661142394,0.0324133754400536,True,True
ABANDONED,,,2018,1533,1.3603250783011316,0.0050676704109646,False,False
ABANDONED,,,2259,3615,8.073967329101635,0.0225898306588642,True,False
ABANDONED,,,3309,411,2.0237711693178864,0.0377559729032218,False,True
ABANDONED,,,4251,4053,6.727697426409462,0.0010705323778092,False,True
ABANDONED,,,66,1925,3.174810104516335,0.0346039030919782,True,False
ABANDONED,,,674,4951,0.1177630510488525,0.0308538585854694,True,False
ABANDONED,,,4855,1574,9.981197239023633,0.0094731911406852,False,True
ABANDONED,,,2662,2716,3.768551967622712,0.0461736936108209,False,True
ABANDONED,,,1617,763,6.1351773177068685,0.0188007490141317,True,False
ABANDONED,,,1584,3562,4.147519560669549,0.0383870404041372,True,False
ABANDONED,,,2733,542,5.911178242229857,0.0224247776623815,False,True
ABANDONED,,,4906,3754,0.338097999414429,0.0351579642798751,False,True
ABANDONED,,,661,2147,9.603447843084114,0.0008254048055969,True,False
ABANDONED,,,19,4730,6.500036514645443,0.0092417062642052,True,False
ABANDONED,,,4259,1873,3.559880658710376,0.0313701071557588,False,True
ABANDONED,,,3337,2586,7.6925561341242865,0.0186704875794239,False,True
ABANDONED,,,2192,815,2.2502091160798448,0.0467941394718363,True,False
ABANDONED,,,1971,4353,8.356022153451107,0.0273368857335299,False,False
ABANDONED,,,3714,2250,1.5855403580544516,0.0113958193412981,True,True
ABANDONED,,,4041,3296,7.16348823028803,0.0488456159434281,True,True
ABANDONED,,,394,106,2.895197597000748,0.0145342518966645,False,False
ABANDONED,,,1036,3021,1.0027837058156728,0.0198477880400605,False,False
ABANDONED,,,4687,1082,8.939998176146297,0.0419973858343437,True,True
ABANDONED,,,3110,4626,4.812190963386558,0.0045143998460844,True,True
ABANDONED,,,1363,1274,5.2477142716078085,0.0326592466128058,False,False
ABANDONED,,,1501,4390,1.4980688963076099,0.0163208735301159,True,True
ABANDONED,,,2934,1511,8.561795811581426,0.0444419526476413,False,False
ABANDONED,,,4511,2945,2.690564657688141,0.0069045725334435,False,False
ABANDONED,,,1173,1158,7.252100410852581,0.0290295981331728,True,True
ABANDONED,,,570,3220,9.144552221700547,0.0374493486443534,True,True
ABANDONED,,,3904,181,0.914093078482896,0.0031134610851295,False,False
ABANDONED,,,3576,4116,5.335106839596294,0.0406901615788228,False,False
ABANDONED,,,2147,2487,4.606338858488017,0.0247252788553014,True,True
ABANDONED,,,2368,2662,5.999778130565771,0.0053159762416034,False,True
ABANDONED,,,3199,739,3.942875074111857,0.0334641983001492,True,False
ABANDONED,,,4122,4967,9.809237816354258,0.0206376984356902,True,False
ABANDONED,,,195,1636,0.2506435977909713,0.0427898690048605,False,True
ABANDONED,,,798,3990,3.3540168575700373,0.0481007114057429,False,True
ABANDONED,,,4730,1910,6.587416939402,0.013791967340745,True,False
ABANDONED,,,2557,3637,2.161535399873741,0.0265795244807377,True,False
ABANDONED,,,1721,466,7.897126643815079,0.0106417861734516,False,True
ABANDONED,,,1829,3861,6.945870767744259,0.0240717613026499,True,True
ABANDONED,,,2645,2040,2.9975244219284503,0.0398451496916823,False,False
ABANDONED,,,4837,3513,8.253082095311024,0.0022684432971291,False,False
ABANDONED,,,887,591,1.8074269116045905,0.0367958251908421,True,True
ABANDONED,,,245,2537,4.90338140165899,0.0297314791330136,True,True
ABANDONED,,,4190,863,5.038794417557307,0.0077979006608948,False,False
ABANDONED,,,3248,4838,1.2135338727105407,0.0453352866759523,False,False
ABANDONED,,,2437,1765,8.845755726499483,0.0170227604308165,True,True
ABANDONED,,,2040,3383,0.5502416952960192,0.0099399291458539,False,True
ABANDONED,,,3488,18,9.510293479166926,0.0256861723810434,True,False
ABANDONED,,,3796,4285,4.240065384770744,0.0128986093401908,True,False
ABANDONED,,,482,2318,5.703308330751025,0.0473988484772853,False,True
ABANDONED,,,1124,4558,7.588570230822079,0.0434434097921475,False,True
ABANDONED,,,4443,1343,2.4707455731844528,0.0214826870881952,True,False
ABANDONED,,,2885,3109,6.28133506378159,0.0343091928535141,True,False
ABANDONED,,,1432,994,3.6608192440345886,0.0059695229297503,False,True
ABANDONED,,,1256,2877,9.910135800074784,0.0460926538296043,True,False
ABANDONED,,,3023,1226,0.0319016943201422,0.0177767522926442,False,True
ABANDONED,,,4581,4477,6.2203502723826105,0.030476377769839,False,True
ABANDONED,,,948,1423,3.8389250045185914,0.0085402265228331,True,False
ABANDONED,,,345,4204,1.9536248867912216,0.0014785742075182,True,False
ABANDONED,,,3972,2399,7.989632015309297,0.0360033361194655,False,True
ABANDONED,,,3665,3151,3.260898178365081,0.023270143601112,False,True
ABANDONED,,,1903,250,6.799596468992532,0.0390402039051987,True,False
ABANDONED,,,2299,4918,2.596362958641723,0.0320061011831276,False,False
ABANDONED,,,3424,1685,7.4628908813577155,0.0036690040342509,True,True
ABANDONED,,,4366,2769,1.2891135065415873,0.0411519959233701,True,True
ABANDONED,,,107,632,8.652950267148205,0.0191946485112421,False,False
ABANDONED,,,710,3745,5.557034143746831,0.015235760773532,False,False
ABANDONED,,,4975,359,4.503439103958198,0.0497393279955722,True,True
ABANDONED,,,2782,3942,9.246843510912731,0.0122895254925824,True,True
ABANDONED,,,1652,1959,0.6964396332334727,0.0280383887095376,False,False
ABANDONED,,,1674,2988,5.356675845568069,0.0089055173606611,True,True
ABANDONED,,,2800,1038,4.547664344900288,0.0302622273145243,False,False
ABANDONED,,,4992,4659,9.202695748260243,0.0182330014733597,False,False
ABANDONED,,,731,1319,0.896875409701839,0.0455819413722492,True,True
ABANDONED,,,85,4308,2.7087773637529464,0.0387351755984127,True,True
ABANDONED,,,4350,2217,7.194341035062448,0.0235450758631341,False,False
ABANDONED,,,3408,3340,1.5577384471790865,0.0355830320264212,False,False
ABANDONED,,,2277,138,8.540610956379213,0.0020256566144526,True,True
ABANDONED,,,1882,4698,2.1443197797974567,0.019499477203004,False,True
ABANDONED,,,3646,1828,7.95527281506639,0.0408772898302413,True,False
ABANDONED,,,3953,2619,3.2953348568975924,0.0040891330377198,True,False
ABANDONED,,,325,860,6.608979054275901,0.0314591732127591,False,True
ABANDONED,,,972,3517,9.788055605843663,0.0276728726248256,False,True
ABANDONED,,,4595,509,0.3103151973672211,0.0125038746409118,True,False
ABANDONED,,,3038,3799,5.942011863677763,0.0492829234562814,True,False
ABANDONED,,,1279,2180,3.961080293091945,0.0157466492424719,False,True
ABANDONED,,,1416,4025,7.71064915858116,0.0363396838852204,True,False
ABANDONED,,,2863,1953,2.192330952662043,0.0027788859745487,False,True
ABANDONED,,,4421,3602,6.559672206014396,0.0394793707421049,False,True
ABANDONED,,,1108,424,3.5386628379859038,0.0242865566113032,True,False
ABANDONED,,,500,2704,0.3595479197651147,0.0174423842653632,True,False
ABANDONED,,,3817,774,9.544653945881873,0.0447886569756083,False,True
ABANDONED,,,3510,4925,4.205629823713564,0.0081032341527752,False,True
ABANDONED,,,2058,1601,5.893927011939698,0.0294564744010567,True,False
ABANDONED,,,2452,3255,4.790965730075725,0.0469790014242753,False,False
ABANDONED,,,3272,224,5.307343146377244,0.0134454416059888,True,True
ABANDONED,,,4214,4081,0.9449076656010001,0.0253806874030269,True,True
ABANDONED,,,260,2444,8.958093919793145,0.0102151119178161,False,False
ABANDONED,,,867,4432,7.146230183398352,0.0064254625919274,False,False
ABANDONED,,,4817,1546,2.953300447458401,0.0337989724725484,True,True
ABANDONED,,,2625,2903,8.297230975438838,0.0218482870757579,True,True
ABANDONED,,,1810,1123,1.606992401608266,0.0432287668916396,False,False
ABANDONED,,,1742,4591,3.2418491910118608,0.0286099697807803,True,False
ABANDONED,,,2576,1387,6.8559083789866415,0.0074511979003436,False,True
ABANDONED,,,4749,3076,1.89311905463133,0.0441366266240365,False,True
ABANDONED,,,819,950,8.009369404715486,0.0165958855459466,True,False
ABANDONED,,,172,3428,6.199775260717609,0.0251814246787689,True,False
ABANDONED,,,4107,51,3.899204100933857,0.0401797232348471,False,True
ABANDONED,,,3184,4240,9.852986267821866,0.0034792325664311,False,True
ABANDONED,,,2345,2285,0.0507239459287375,0.0372345460518263,True,False
ABANDONED,,,2126,2570,9.266574009221047,0.0423339220588095,False,False
ABANDONED,,,3558,908,0.6359263139888643,0.0211479113483801,True,True
ABANDONED,,,3886,4805,5.613348698432558,0.0330986026460304,True,True
ABANDONED,,,549,1720,4.4843921653097505,0.0055306236599572,False,False
ABANDONED,,,1196,3906,1.307928271065466,0.0110616405103355,False,False
ABANDONED,,,4528,2072,8.595793843797406,0.0260326996832154,True,True
ABANDONED,,,2950,3468,2.6566441037617623,0.0140974479853175,True,True
ABANDONED,,,1523,558,7.44231851438433,0.0478255241159349,False,False
ABANDONED,,,1348,3710,1.1929255975298583,0.0011304403962567,True,True
ABANDONED,,,3087,316,8.906001261405647,0.0348830394861288,False,False
ABANDONED,,,4664,3977,4.846112783784978,0.0228450774219818,False,False
ABANDONED,,,1021,2001,5.057497285551392,0.037839953479357,True,True
ABANDONED,,,413,4876,8.233999248455278,0.0464288413501344,True,True
ABANDONED,,,4061,1650,1.8637058560764417,0.0188846305664628,False,False
ABANDONED,,,3734,2812,6.885245253976435,0.0309138623084872,False,False
ABANDONED,,,1990,667,3.0171430237069727,0.0097524232394061,True,True
ABANDONED,,,2208,4169,6.300040650965647,0.0148997724992223,False,True
ABANDONED,,,3359,2356,3.603552749363705,0.0486312711285427,True,False
ABANDONED,,,4282,3187,7.648808949128725,0.0118522164123132,True,False
ABANDONED,,,35,292,2.4501298854174087,0.0268259899807162,False,True
ABANDONED,,,643,2835,4.259686109752395,0.0323544134031981,False,True
ABANDONED,,,4885,1191,5.642685536173173,0.0047891016057692,True,False
ABANDONED,,,2712,4520,0.6065132271815091,0.0415772642991505,True,False
ABANDONED,,,1566,1458,9.491203815711662,0.0203947232943028,False,True
ABANDONED,,,1631,4262,0.229948597212322,0.0491709225089289,False,True
ABANDONED,,,2686,2341,9.712723679044284,0.014643350589089,True,False
ABANDONED,,,4878,3365,4.036948049312458,0.0274698622552678,True,False
ABANDONED,,,689,36,6.022914293253795,0.0116970415473915,False,True
ABANDONED,,,47,3093,7.873990462502466,0.0046474750228226,False,True
ABANDONED,,,4231,1011,2.067462406048551,0.0329605674738995,True,False
ABANDONED,,,3289,4537,6.683931095336565,0.0201729985321871,True,False
ABANDONED,,,2240,1364,3.3747118767732758,0.0421063884533941,False,True
ABANDONED,,,2002,3491,7.270358961342834,0.0350239460719749,True,True
ABANDONED,,,3683,612,2.7895248181251806,0.0005235193059779,False,False
ABANDONED,,,3991,3844,8.460394489035009,0.038060887618456,False,False
ABANDONED,,,444,2056,1.4822515079267322,0.0223152096671983,True,True
ABANDONED,,,1086,4820,4.622156228244306,0.0183442357699386,True,True
ABANDONED,,,4638,1783,5.436508143518121,0.0466844724528491,False,False
ABANDONED,,,3080,2515,0.815132936670445,0.0091077837608754,False,False
ABANDONED,,,1394,886,9.126293689834883,0.0310683173607103,True,True
ABANDONED,,,1531,2752,2.876976984797977,0.0209149395474232,False,False
ABANDONED,,,2904,650,7.064566455128603,0.0428516575535759,True,True
ABANDONED,,,4461,4896,1.6869032953232523,0.0054018491497263,True,True
ABANDONED,,,1223,1707,8.371801603544503,0.033717561582569,False,False
ABANDONED,,,620,3920,5.231934802889825,0.0266653013154864,False,False
ABANDONED,,,3853,1980,4.710828007493169,0.0108950533824972,True,True
ABANDONED,,,3546,3728,9.038919969930312,0.0483780511724762,True,True
ABANDONED,,,2178,375,1.0210043366430324,0.0138538545444607,False,False
ABANDONED,,,2416,4461,9.624104793627744,0.00681936328765,True,False
ABANDONED,,,3152,1440,0.4345739376926794,0.0287772769057191,False,True
ABANDONED,,,4094,2856,5.8171434660609815,0.0160441020899452,False,True
ABANDONED,,,224,1248,4.12442144801654,0.04438101068791,True,False
ABANDONED,,,827,3129,2.2733072101082654,0.0404134858432225,True,False
ABANDONED,,,4702,272,7.786590891668574,0.0246644326001405,False,True
ABANDONED,,,2510,4187,3.4634047390567138,0.0373640403747558,False,True
ABANDONED,,,1769,2416,6.479379582726398,0.0028610408338718,True,False
ABANDONED,,,1857,3317,8.681121475683526,0.0132003139415755,False,False
ABANDONED,,,2617,84,1.3781514358948916,0.0475330627043731,True,True
ABANDONED,,,4789,4370,7.371411789895035,0.0100500590135343,True,True
ABANDONED,,,934,2233,2.570632912215777,0.0260117548117414,False,False
ABANDONED,,,292,4644,0.7221696982840076,0.0344194184257648,False,False
ABANDONED,,,4143,1257,9.338322621,0.0062952010650187,True,True
ABANDONED,,,3220,3044,4.414401155980304,0.0437450153697282,True,True
ABANDONED,,,2465,1060,5.528862916586921,0.0216168022914789,False,False
ABANDONED,,,2090,3776,3.827837218727916,0.0021591600184328,True,False
ABANDONED,,,3438,2124,6.114219347245992,0.0364707124317064,False,True
ABANDONED,,,3766,3580,0.1355914573473855,0.0237710987562313,False,True
ABANDONED,,,513,524,9.923664747974833,0.0397115991269238,True,False
ABANDONED,,,1155,2603,6.786067539717071,0.0450345280561596,True,False
ABANDONED,,,4413,798,3.157208433962427,0.0168891137926839,False,True
ABANDONED,,,2835,4752,8.095762921821326,0.0296222945093177,False,True
ABANDONED,,,1482,1851,1.9647126539573077,0.0074728865567594,True,False
ABANDONED,,,1306,4984,5.714357880260796,0.0414048797609284,False,True
ABANDONED,,,2972,1619,4.34615822262317,0.0192792866644449,True,False
ABANDONED,,,4550,2683,9.406641803423872,0.0320668615070171,True,False
ABANDONED,,,979,718,0.5367509836768731,0.0039459722312167,False,True
ABANDONED,,,375,3660,3.6743099742783234,0.0123501867926679,False,True
ABANDONED,,,3942,444,6.38498675814923,0.0283152578826993,True,False
ABANDONED,,,3615,4008,2.3646527167074383,0.0154887403156608,True,False
ABANDONED,,,1952,1892,7.577520662687719,0.0498240618533454,False,True
ABANDONED,,,2328,2963,1.779294051097706,0.0304151481431908,True,True
ABANDONED,,,3396,1140,8.164082066996022,0.0082624121056869,False,False
ABANDONED,,,4319,4412,3.0889656123528257,0.0458391066985204,False,False
ABANDONED,,,155,1488,6.971562466141768,0.017691072453279,True,True
ABANDONED,,,758,4138,8.82006404672656,0.0230166951250284,True,True
ABANDONED,,,4927,2465,1.1220927009107544,0.0389546227208338,False,False
ABANDONED,,,2754,3236,5.12779442724772,0.0014172485074959,False,False
ABANDONED,,,1681,165,4.931514243541286,0.0357254256289452,True,True
ABANDONED,,,1696,3227,1.3949354963107035,0.0217472785082645,True,False
ABANDONED,,,2739,174,8.702788083813154,0.0437051691683009,False,True
ABANDONED,,,4941,4129,2.548353592362255,0.0061435778262093,False,True
ABANDONED,,,744,2475,7.354015017755329,0.0344804149684496,True,False
ABANDONED,,,141,4401,9.374636257659645,0.025860132863745,True,False
ABANDONED,,,4333,1499,0.7243066929206252,0.0101110568470321,False,True
ABANDONED,,,3381,2953,5.526113210226409,0.047663534311112,False,True
ABANDONED,,,2343,1151,4.377474807596766,0.0131604631301015,True,False
ABANDONED,,,1939,4017,6.111476531983354,0.0076245188312605,False,False
ABANDONED,,,3629,1883,3.790918357429095,0.0295613070023246,True,True
ABANDONED,,,3926,3670,9.959975739942864,0.0167586289090104,True,True
ABANDONED,,,391,435,0.1377264032792299,0.045074365590699,False,False
ABANDONED,,,994,2693,3.1349366011936217,0.0395811125836335,False,False
ABANDONED,,,4534,707,6.768677658675239,0.0238109346311539,True,True
ABANDONED,,,2987,4994,1.981494665668346,0.0366223489474505,True,True
ABANDONED,,,1291,1609,8.117426885259338,0.0020981767526827,False,False
ABANDONED,,,1467,4762,4.367819876612165,0.0499519033362157,True,True
ABANDONED,,,2851,1841,5.731137433526106,0.0154515465507283,False,False
ABANDONED,,,4399,2613,0.5193587931860238,0.0281602268973365,False,False
ABANDONED,,,1169,788,9.38436751220934,0.0124145733793266,True,True
ABANDONED,,,527,3589,6.387119394632057,0.0037909366358071,True,True
ABANDONED,,,3752,515,3.710618507800624,0.032131243483629,False,False
ABANDONED,,,3454,3785,7.540599491939882,0.0194071294381283,False,False
ABANDONED,,,2075,2115,2.3619074429990725,0.041367687286809,True,True
ABANDONED,,,2479,3034,8.127158177058213,0.0358804479474201,False,True
ABANDONED,,,3206,1070,1.7765466541862116,0.0013528532539494,True,False
ABANDONED,,,4158,4633,6.973701919224114,0.0388267902736552,True,False
ABANDONED,,,277,1267,3.1252815584614875,0.0230538979256525,False,True
ABANDONED,,,919,4361,1.1046983872167766,0.0175632442473433,False,True
ABANDONED,,,4805,2243,8.797787036322058,0.0458763137403875,True,False
ABANDONED,,,2603,3307,4.953183310116642,0.008417432764545,True,False
ABANDONED,,,1871,93,5.144580797112548,0.0303507512300275,False,True
ABANDONED,,,1764,4197,9.700819521650672,0.0422614225735887,True,True
ABANDONED,,,2515,2406,0.2033972436673939,0.0201086150803603,False,False
ABANDONED,,,4698,3139,6.050073516129517,0.0328327232250012,False,False
ABANDONED,,,831,262,4.049460076036864,0.004684666021727,True,True
ABANDONED,,,228,2865,2.0360286724111067,0.0115692015397362,True,True
ABANDONED,,,4090,1239,7.866968722450547,0.0275070574954152,False,False
ABANDONED,,,3157,4470,3.382341486155987,0.0147983830496668,False,False
ABANDONED,,,2411,1430,6.715972698304803,0.0491065373974852,True,True
ABANDONED,,,2182,3718,2.797152378803119,0.0311961470418609,False,True
ABANDONED,,,3541,386,7.302397919619458,0.0090705781942233,True,False
ABANDONED,,,3859,3909,1.4508252613740042,0.0465294532692059,True,False
ABANDONED,,,615,1990,8.453379640080966,0.018408634158317,False,True
ABANDONED,,,1218,4887,5.4636647217022265,0.0221601858735084,False,True
ABANDONED,,,4467,1717,4.634666206263938,0.0381252813967876,True,False
ABANDONED,,,2899,2742,9.114396423539146,0.0006513502779416,True,False
ABANDONED,,,1535,658,0.7885890702102333,0.0349867417961359,False,True
ABANDONED,,,1399,2505,7.038020130222664,0.0140054750172421,True,False
ABANDONED,,,3075,895,2.8650774090532214,0.0483170518637634,False,True
ABANDONED,,,4642,4811,8.384309123118408,0.0107645803005434,False,True
ABANDONED,,,1082,1792,1.714057564058341,0.0267051506517454,True,False
ABANDONED,,,440,3834,4.703810700093396,0.0335870868409983,True,False
ABANDONED,,,3995,2066,5.20050624688808,0.0054416968263685,False,True
ABANDONED,,,3678,3482,1.0530408364739268,0.0430032822676002,False,True
ABANDONED,,,2007,622,9.046545221159235,0.0208539444799534,True,False
ABANDONED,,,2235,4545,0.4666178501099348,0.002991528852377,False,False
ABANDONED,,,3293,1355,9.631736861456185,0.0373242059750482,True,True
ABANDONED,,,4226,3102,4.117402017413639,0.0245127975596115,True,True
ABANDONED,,,52,1002,5.785712190869265,0.0404744705841876,False,False
ABANDONED,,,695,3376,7.799105227841997,0.044229376938194,False,False
ABANDONED,,,4872,25,2.300468891429715,0.0161050881217233,True,True
ABANDONED,,,2690,4273,6.452830538630487,0.0289077603141777,True,True
ABANDONED,,,1627,2331,3.45150304010883,0.0067795242778956,False,False
ABANDONED,,,1580,4531,6.85377373104822,0.0370783821013756,False,False
ABANDONED,,,2698,1448,3.2055379010504113,0.0035447521181777,True,True
ABANDONED,,,4900,2845,8.046288564007732,0.0403086976828053,True,True
ABANDONED,,,628,1181,1.8958615719005465,0.0251430979487486,False,False
ABANDONED,,,20,3196,3.877539839502424,0.0167248612847179,False,False
ABANDONED,,,4297,283,6.182993546999992,0.0440983011848293,True,True
ABANDONED,,,3345,4178,0.0681135289771482,0.0072950293398462,True,True
ABANDONED,,,2222,2347,9.875258398584089,0.0286754847224801,False,False
ABANDONED,,,1975,2802,0.6533233841219916,0.0476965587036684,True,False
ABANDONED,,,3749,677,9.28885303108115,0.0141357837510295,False,True
ABANDONED,,,4047,4865,4.462725855173543,0.0261888549667783,False,True
ABANDONED,,,427,1660,5.596564340023325,0.0109961122917011,True,False
ABANDONED,,,1035,3968,8.632719894187526,0.0056867772839032,True,False
ABANDONED,,,4650,2011,1.310678275419399,0.0330330727677792,False,True
ABANDONED,,,3102,3700,7.440181221754291,0.0210189501773566,False,True
ABANDONED,,,1333,325,2.6203307650955394,0.0423722620657645,True,False
ABANDONED,,,1509,3459,8.869685613290406,0.0095989117254503,False,True
ABANDONED,,,2965,567,1.1907858464540912,0.0309767471263185,True,False
ABANDONED,,,4512,3897,5.060244980456308,0.0190169950583949,True,False
ABANDONED,,,1211,2082,4.883036375729367,0.0463871068735607,False,True
ABANDONED,,,564,4794,1.8469191882181912,0.0379723133612424,False,True
ABANDONED,,,3870,1731,8.212330479873344,0.0228033383353613,True,False
ABANDONED,,,3572,2560,3.039419736118056,0.034729529262986,True,False
ABANDONED,,,2112,919,6.902639865663835,0.001193326504901,False,True
ABANDONED,,,2360,4249,3.62582733857166,0.0202623501354828,True,True
ABANDONED,,,3169,2276,6.317432543463075,0.0416189901088364,False,False
ABANDONED,,,4121,3438,2.43335063014552,0.0049426221554167,False,False
ABANDONED,,,158,42,7.627146997146308,0.0322915376210585,True,True
ABANDONED,,,805,3086,5.645430511888117,0.0269795147716067,True,True
ABANDONED,,,4763,939,4.296607578493656,0.0117893448714166,False,False
ABANDONED,,,2561,4601,9.454894984195938,0.0484988963101059,False,False
ABANDONED,,,1757,1377,0.6043808886921033,0.0149414966492913,True,True
ABANDONED,,,1806,2893,4.554678895860911,0.0018932952573522,False,True
ABANDONED,,,2629,1132,5.388102390114217,0.0356247696378268,True,False
ABANDONED,,,4811,4423,0.8648361534317955,0.0236985846110619,True,False
ABANDONED,,,873,1556,9.195068485575728,0.0386722880145534,False,True
ABANDONED,,,265,4071,7.220885199516082,0.0457354543614201,False,True
ABANDONED,,,4208,2454,2.720674332055263,0.0181701181307435,True,False
ABANDONED,,,3276,3245,8.528101276353002,0.0301298642978072,True,False
ABANDONED,,,2447,234,1.5305815710015596,0.0089472533124499,False,True
ABANDONED,,,2063,4933,7.942760490348563,0.0155931259267963,True,True
ABANDONED,,,3504,1591,2.1171608549151566,0.0493457964723929,False,False
ABANDONED,,,3822,2714,6.635530109827408,0.0126362509345635,False,False
ABANDONED,,,496,765,3.307239312284626,0.0276311499499715,True,True
ABANDONED,,,1104,3612,0.2782738923924044,0.0315915448963642,True,True
ABANDONED,,,4425,413,9.78042569846753,0.004047405752819,False,False
ABANDONED,,,2857,4036,3.9681023311372847,0.0407237678053788,False,False
ABANDONED,,,1421,1942,5.973445299321786,0.0195623515099287,True,True
ABANDONED,,,1284,3809,2.2237619298603386,0.0293274971870705,False,False
ABANDONED,,,3033,2170,7.717668887177483,0.0081415581167675,True,True
ABANDONED,,,4601,3527,3.5310304721640424,0.0449448240608908,True,True
ABANDONED,,,966,498,6.527628591590561,0.0173768678484484,False,False
ABANDONED,,,319,2628,9.556555942823179,0.0244427220369689,False,False
ABANDONED,,,3959,851,0.3860966658676043,0.0394138526655733,True,True
ABANDONED,,,3641,4707,5.8667656286116685,0.0026499130018055,True,True
ABANDONED,,,1887,1818,4.193115189546719,0.0363780120904557,False,False
ABANDONED,,,2271,3330,5.2801885796487324,0.0430726147429086,True,False
ABANDONED,,,3413,149,4.778458508495242,0.0219138184292241,False,True
ABANDONED,,,4346,4298,8.969993197544477,0.0339279351187869,False,True
ABANDONED,,,89,2227,0.9714542885003612,0.0063871240601874,True,False
ABANDONED,,,736,4650,2.9456754942229018,0.0103440758548676,True,False
ABANDONED,,,4988,1328,7.114193385574036,0.0253423501621,False,True
ABANDONED,,,2805,2979,1.6384212556034323,0.013289284847211,False,True
ABANDONED,,,1669,1046,8.30424798484519,0.0470445281676948,True,False
ABANDONED,,,1648,3932,2.980130126859061,0.0170595750655047,False,True
ABANDONED,,,2786,1968,6.923593775964343,0.0452078213728964,True,False
ABANDONED,,,4969,3736,1.8290959595553575,0.0077338961549103,True,False
ABANDONED,,,715,368,8.269868446551262,0.029886136888992,False,True
ABANDONED,,,112,2759,5.001870508994908,0.0367318164436146,False,True
ABANDONED,,,4361,642,4.900633986122906,0.0024230968118645,True,False
ABANDONED,,,3429,4908,8.847895198206418,0.0398819659859873,True,False
ABANDONED,,,2295,1695,1.2498498374437912,0.0239442976592108,False,True
ABANDONED,,,1908,3160,9.512426134274339,0.0060335420034825,True,True
ABANDONED,,,3660,240,0.5865502474429086,0.0341545496652834,False,False
ABANDONED,,,3977,4214,5.666387141378597,0.0214458575169555,False,False
ABANDONED,,,341,2390,4.2373200924377885,0.043570860158652,True,True
ABANDONED,,,944,4488,2.492407208548858,0.0473620235160924,True,True
ABANDONED,,,4585,1412,7.605349765462803,0.0130260643167421,False,False
ABANDONED,,,3017,2888,3.643427072168328,0.0257501901639625,False,False
ABANDONED,,,1261,1216,6.2590607911916445,0.0097852846668101,True,True
ABANDONED,,,1436,3120,0.0096298801759257,0.0390804321873001,False,False
ABANDONED,,,2881,985,9.892745937657542,0.023139294154942,True,True
ABANDONED,,,4448,4568,3.855706997605041,0.0359419604465365,True,True
ABANDONED,,,1119,1332,6.242014217196033,0.0016305736261419,False,False
ABANDONED,,,477,4294,7.986889181422071,0.0084788525095209,False,False
ABANDONED,,,3801,2309,1.9167060068678112,0.0306283788480795,True,True
ABANDONED,,,3484,3392,6.835907479585149,0.0178169763335026,True,True
ABANDONED,,,2044,8,3.2630331429215143,0.0459618001421913,False,False
ABANDONED,,,2431,4828,7.499204536641948,0.0280997494459152,True,False
ABANDONED,,,3254,1776,2.5984999719029287,0.0121375111374072,False,True
ABANDONED,,,4186,2527,8.650200542163102,0.0496991142812185,False,True
ABANDONED,,,249,874,1.25218713953346,0.0153666247874498,True,False
ABANDONED,,,891,3504,4.52022314574942,0.0191544335060752,True,False
ABANDONED,,,4833,600,5.57870073325187,0.0412828586464747,False,True
ABANDONED,,,2650,3852,0.6741603320045397,0.0037303693806752,False,True
ABANDONED,,,1824,2048,9.229446757397614,0.0318540914379991,True,False
ABANDONED,,,1735,3648,5.92369255977869,0.0468555120099335,False,False
ABANDONED,,,2543,456,4.1746812233664095,0.0185184850259684,True,True
ABANDONED,,,4745,4001,9.576898817612788,0.0313298816396854,True,True
ABANDONED,,,783,1899,0.3261963190911337,0.0093725584764033,False,False
ABANDONED,,,180,4976,3.59192458975222,0.0007851779987104,False,False
ABANDONED,,,4137,1627,6.507668601098471,0.0352888152012601,True,True
ABANDONED,,,3185,2671,2.243189666852355,0.0224861548105254,True,True
ABANDONED,,,2382,730,7.661124840307981,0.0382350424607284,False,False
ABANDONED,,,2132,4106,1.5785230320300907,0.0326994630931876,True,False
ABANDONED,,,3592,2497,8.324593578824773,0.0043835385981947,False,True
ABANDONED,,,3889,3209,2.927234115456231,0.0419360219631344,False,True
ABANDONED,,,585,191,7.17111350014154,0.0199997992604039,True,False
ABANDONED,,,1187,2936,8.913451869864947,0.014472889685072,True,False
ABANDONED,,,4498,1168,0.9908841486955062,0.0489976288233883,False,True
ABANDONED,,,2950,4380,5.2602217725571245,0.0114360315804369,False,True
ABANDONED,,,1485,1520,4.839345213497058,0.0272060202443972,True,False
ABANDONED,,,1349,4617,8.588952371140941,0.0247892861273139,False,True
ABANDONED,,,3125,1283,1.5105788557026536,0.0405355065888725,True,False
ABANDONED,,,4672,3012,7.240203163181432,0.0030766433156095,True,False
ABANDONED,,,1051,1092,2.664020809852518,0.0375768108125776,False,True
ABANDONED,,,409,3285,0.9217206577854232,0.0289927849736996,False,True
ABANDONED,,,4025,116,9.17659119860176,0.0070320393117144,True,False
ABANDONED,,,3727,4343,4.5749125933107,0.0445059586288407,True,False
ABANDONED,,,1957,2260,5.328091972017662,0.0161662172493524,False,True
ABANDONED,,,2207,2595,3.911441321849823,0.0106786126098595,True,True
ABANDONED,,,3321,805,5.992756371889264,0.0264520709794014,False,False
ABANDONED,,,4273,4740,0.2582732257982716,0.0137279510330408,False,False
ABANDONED,,,5,1864,9.841279437947087,0.0482553573600016,True,True
ABANDONED,,,647,3764,6.575512800632977,0.0427258484559133,True,True
ABANDONED,,,4920,2136,3.3274655226496974,0.0207923401487059,False,False
ABANDONED,,,2718,3572,7.924285848066211,0.0335010263961739,False,False
ABANDONED,,,1599,532,2.1740474079735574,0.005188524399884,True,True
ABANDONED,,,1611,2727,7.520863443504088,0.0262975688125006,True,True
ABANDONED,,,2668,753,2.4224155101096256,0.011323299203068,False,False
ABANDONED,,,4850,4961,6.330808825608344,0.0479996789582073,False,False
ABANDONED,,,678,1564,3.7296697301045056,0.0142683931286446,True,True
ABANDONED,,,70,4062,0.5005384785346687,0.0213221606044098,True,True
ABANDONED,,,4247,1916,9.441518683426082,0.0425049616158939,False,False
ABANDONED,,,3315,3624,4.3075427171541385,0.005795398375485,False,False
ABANDONED,,,2253,401,5.751714084154927,0.0333601669250056,True,True
ABANDONED,,,2022,4435,4.972227119834163,0.0400064295493066,False,True
ABANDONED,,,3701,1544,5.088263411489316,0.0250109637747518,True,False
ABANDONED,,,4019,2920,1.1652085775304584,0.0369707040409557,True,False
ABANDONED,,,455,1106,8.778053707076236,0.0032182225994765,False,True
ABANDONED,,,1063,3272,6.994271753253416,0.0071872614757157,False,True
ABANDONED,,,4622,207,3.0649969864171,0.0283488654000684,True,False
ABANDONED,,,3054,4084,8.184312067464925,0.0164226862741634,True,False
ABANDONED,,,1380,2441,1.7577284627379848,0.0439662601337768,False,True
ABANDONED,,,1557,4325,5.507411981196143,0.0050017776298336,True,False
ABANDONED,,,2917,2200,4.434745362428018,0.0325699214711785,False,True
ABANDONED,,,4484,3343,9.3143923617173,0.02051683845371,False,True
ABANDONED,,,1239,136,0.7449169050585479,0.0417022122400812,True,False
ABANDONED,,,592,2991,2.5287372255343943,0.0487532918741926,True,False
ABANDONED,,,3843,1035,7.414641872493551,0.0150246260263957,False,True
ABANDONED,,,3525,4676,1.338658786789514,0.027038760418538,False,True
ABANDONED,,,2160,1302,8.721872271639294,0.012067818894051,True,False
ABANDONED,,,2390,3553,2.0021069265110416,0.0187620311677455,False,False
ABANDONED,,,3138,472,8.057185634008608,0.0463030322524718,True,True
ABANDONED,,,4071,3821,3.1921996689401566,0.0095390984895639,True,True
ABANDONED,,,208,2158,6.7499695385470995,0.0306973271220922,False,False
ABANDONED,,,855,4719,9.97906257246062,0.0346698091500438,False,False
ABANDONED,,,4712,1805,0.0814517424628138,0.000913999623619,True,True
ABANDONED,,,2530,2656,6.172096495623701,0.0377172596668824,True,True
ABANDONED,,,1787,823,3.7712945035165175,0.0227191739105619,False,False
ABANDONED,,,1856,4854,1.07026163418591,0.0127678114343434,True,False
ABANDONED,,,2579,1671,8.988404525537042,0.0279339766367338,False,True
ABANDONED,,,4781,2776,4.762488342612051,0.0159198481454513,False,True
ABANDONED,,,904,704,5.17894007185381,0.0494532903153449,True,False
ABANDONED,,,296,3673,8.405496511264705,0.0410505831469781,True,False
ABANDONED,,,4178,353,1.6543914401112123,0.0196699384758248,False,True
ABANDONED,,,3226,3955,7.095782038956881,0.0317230155924335,False,True
ABANDONED,,,2498,2024,2.846868129912764,0.0043501426358707,True,False
ABANDONED,,,2091,2832,6.431267082786189,0.0233708262383006,False,False
ABANDONED,,,3476,1193,3.510182805830613,0.038564136410132,True,True
ABANDONED,,,3774,4503,7.7409577156202865,0.0017608822677284,True,True
ABANDONED,,,543,1476,2.317682276555337,0.0353214673786424,False,False
ABANDONED,,,1151,4152,4.099194861476311,0.0299973585540428,False,False
ABANDONED,,,4377,2373,5.843476818793454,0.0086438582991249,True,True
ABANDONED,,,2829,3184,0.406944313576445,0.0454077861611731,True,True
ABANDONED,,,1449,295,9.652917433002964,0.0180620566988363,False,False
ABANDONED,,,1312,3411,3.403562733804807,0.0340122031774371,True,True
ABANDONED,,,3006,68,6.656339539879934,0.0066419029957614,False,False
ABANDONED,,,4554,4237,2.093910262753256,0.0433514603353105,False,False
ABANDONED,,,1014,2288,7.848878230937759,0.0219741909559816,True,True
ABANDONED,,,367,4588,6.06732757735718,0.0135680406359024,True,True
ABANDONED,,,3911,1390,3.991352941923775,0.0471048108907416,False,False
ABANDONED,,,3613,3059,9.759616249790415,0.0104284370364621,False,False
ABANDONED,,,1915,966,0.1819504522476345,0.0255972222206182,True,True
ABANDONED,,,2321,3870,9.096299040928482,0.0446666358611546,False,True
ABANDONED,,,3363,2109,0.8464631734676659,0.0173175311069935,True,False
ABANDONED,,,4315,3446,5.404034207968973,0.0292437043320387,True,False
ABANDONED,,,119,579,4.65588950261753,0.0078876313022337,False,True
ABANDONED,,,766,2548,1.4293709828695282,0.002566210319288,False,True
ABANDONED,,,4957,931,8.512169477122836,0.0361241754484362,True,False
ABANDONED,,,2755,4768,2.739047293394804,0.0241644410830922,True,False
ABANDONED,,,1718,1757,7.319654625538738,0.0393544231699779,False,True
ABANDONED,,,1711,2553,3.7487551285289222,0.044036802008748,False,True
ABANDONED,,,2763,926,6.349579915471376,0.0166905304971151,True,False
ABANDONED,,,4956,4783,2.402423243205063,0.0287105480465106,True,False
ABANDONED,,,768,1742,7.5005568680381405,0.007357306599617,False,True
ABANDONED,,,126,3884,5.7717164083374675,0.0035799327217973,False,True
ABANDONED,,,4309,2094,4.3278404273157935,0.0371407309090718,True,False
ABANDONED,,,3367,3451,9.422443342279642,0.0250814814930781,True,False
ABANDONED,,,2318,575,0.4817585233673453,0.040274295347277,False,True
ABANDONED,,,1924,4573,8.757765979694202,0.0329986711698584,True,True
ABANDONED,,,3604,1405,1.1452356056999415,0.0056251600906252,False,False
ABANDONED,,,3912,3054,5.107015206278303,0.0424346101358532,False,False
ABANDONED,,,366,972,4.991293670174667,0.0210541315185837,True,True
ABANDONED,,,1008,3406,1.738967951641418,0.0141980617484077,True,True
ABANDONED,,,4559,72,8.165255425405686,0.0477316212900914,False,False
ABANDONED,,,3001,4223,3.085275997491553,0.0109617807664908,False,False
ABANDONED,,,1316,2302,7.0142546333652,0.0261273565283045,True,True
ABANDONED,,,1452,4147,0.7649000086653976,0.0227440114133059,False,False
ABANDONED,,,2826,2378,9.334671149296685,0.0379341108719818,True,True
ABANDONED,,,4384,3169,4.415688943863847,0.0012307494352571,True,True
ABANDONED,,,1145,309,5.48865124660451,0.0347881251238286,False,False
ABANDONED,,,542,2818,8.740939045474864,0.0310140999839641,False,False
ABANDONED,,,3776,1208,1.3574103580834345,0.0096573888314887,True,True
ABANDONED,,,3469,4498,7.394669124158099,0.0463278500242158,True,True
ABANDONED,,,2099,1480,2.5084492746572944,0.0189789113239385,False,False
ABANDONED,,,2493,3688,6.73118950888142,0.0117512603993527,True,False
ABANDONED,,,3230,338,3.1731244022920726,0.0269202586598694,False,True
ABANDONED,,,4173,3959,8.077483269671907,0.0149999744929373,False,True
ABANDONED,,,301,2018,2.0221093251919373,0.048536248430144,True,False
ABANDONED,,,904,4859,3.750987853552215,0.0416775852320715,True,False
ABANDONED,,,4780,1667,6.1521043032174925,0.0202997738034464,False,True
ABANDONED,,,2588,2790,0.1002227578274905,0.0322533358694054,False,True
ABANDONED,,,1846,689,9.998148045383392,0.0048832944957539,True,False
ABANDONED,,,1778,4715,5.1598735960116615,0.0181320107928477,False,False
ABANDONED,,,2539,1811,4.7437364733247085,0.0456762211155146,True,True
ABANDONED,,,4712,2641,9.008377571865918,0.0090057540219277,True,True
ABANDONED,,,855,838,1.0905492870695888,0.0301671935520134,False,False
ABANDONED,,,213,3539,2.826884728312492,0.0356833418952301,False,False
ABANDONED,,,4065,487,7.075503549370915,0.0019307417911477,True,True
ABANDONED,,,3142,3815,1.6734475606819614,0.0386341091287322,True,True
ABANDONED,,,2386,2163,8.42425754384976,0.0236392340855672,False,False
ABANDONED,,,2167,3006,2.3379892245130613,0.0039880544897168,True,False
ABANDONED,,,3517,1020,7.760949610033074,0.0315533667481504,False,True
ABANDONED,,,3844,4681,3.491412088459357,0.0195997987813316,False,True
ABANDONED,,,590,1297,6.412181311869993,0.0407823393251746,True,False
ABANDONED,,,1232,4330,9.67169716467522,0.0493831249889917,True,False
ABANDONED,,,4491,2195,0.4260198782179505,0.0156516273738816,False,True
ABANDONED,,,2914,3357,5.823178885136731,0.0275719174416735,False,True
ABANDONED,,,1559,121,4.079192760788836,0.0125981428590603,True,False
ABANDONED,,,1385,3277,7.828876204748639,0.0393794267266057,False,True
ABANDONED,,,3050,202,2.0736122545981774,0.0243811291847378,True,False
ABANDONED,,,4628,4099,6.675415179019795,0.0364403845015913,True,False
ABANDONED,,,1057,2427,3.422342390978709,0.0026850700019858,False,True
ABANDONED,,,454,4449,0.1628647558297962,0.008203811773099,False,True
ABANDONED,,,4019,1529,9.740845457920804,0.0293625841145403,True,False
ABANDONED,,,3692,2925,4.011344910834916,0.0173425606642849,True,False
ABANDONED,,,2032,1101,6.08763445081655,0.0448833012813702,False,True
ABANDONED,,,2250,4047,4.67465031170752,0.0252808281201869,True,True
ABANDONED,,,3317,1930,5.423090552034789,0.0103097679330967,False,False
ABANDONED,,,4240,3620,0.8261844603866338,0.0470796143575571,False,False
ABANDONED,,,77,407,9.076315862823279,0.01335153924115,True,True
ABANDONED,,,680,2721,7.339942054927349,0.021948976167012,True,True
ABANDONED,,,4848,757,2.759020563218743,0.0431349864164367,False,False
ABANDONED,,,2675,4947,8.493417384340427,0.0063255304703488,False,False
ABANDONED,,,1603,1579,1.4103047305224463,0.0338935099174268,True,True
ABANDONED,,,1595,3759,8.249896145205945,0.0101484796851873,True,True
ABANDONED,,,2722,2142,1.8088087536618116,0.0259187288167886,False,False
ABANDONED,,,4914,3557,6.942660996790044,0.0131011363002471,False,False
ABANDONED,,,653,546,2.9988824431365355,0.0476253317296504,True,True
ABANDONED,,,6,2581,1.2307914819223806,0.043645912411157,True,True
ABANDONED,,,4273,820,8.829132824650964,0.0217091946816071,False,False
ABANDONED,,,3330,4735,4.920615152772517,0.0345177677338942,False,False
ABANDONED,,,2198,1868,5.022147657610477,0.0062020550244487,True,True
ABANDONED,,,1960,3300,4.25609185278602,0.0238694125670008,False,True
ABANDONED,,,3725,102,5.685473061291502,0.0396184646114706,True,False
ABANDONED,,,4032,4348,0.5662443424621597,0.0020600921884179,True,False
ABANDONED,,,403,2255,9.492434388858266,0.0365630929279141,False,True
ABANDONED,,,1050,4622,6.279356787891128,0.0295231051584705,False,True
ABANDONED,,,4674,1278,3.663427533891984,0.0075651912637986,True,False
ABANDONED,,,3117,3027,7.586568096833304,0.045132960806135,True,False
ABANDONED,,,1357,1077,2.4733300049435347,0.016796052484773,False,True
ABANDONED,,,1494,2941,6.222937237085775,0.0321663067154586,True,False
ABANDONED,,,2940,1162,3.8369251054804767,0.0038532139877788,False,True
ABANDONED,,,4498,4395,9.912746622876265,0.0413061882029287,False,True
ABANDONED,,,1187,1506,0.0299256533803418,0.0193727985583245,True,False
ABANDONED,,,579,4121,3.2430416210005055,0.0153899301872588,True,False
ABANDONED,,,3895,2482,6.815601351109334,0.0499175009084865,False,True
ABANDONED,,,3587,3214,1.9357921502757816,0.0124497538907453,False,True
ABANDONED,,,2136,187,8.005660718275234,0.0282225757972337,True,False
ABANDONED,,,2375,4962,1.2724642136506736,0.0459386619026772,False,False
ABANDONED,,,3193,1641,8.670181783311069,0.0175984254963696,True,True
ABANDONED,,,4136,2666,2.5797375238491225,0.0303163495399057,True,True
ABANDONED,,,182,735,7.480146255618893,0.008355815663468,False,False
ABANDONED,,,790,3643,9.248198999176733,0.0013185216365382,False,False
ABANDONED,,,4738,460,0.6932276273285969,0.0358189496011473,True,True
ABANDONED,,,2546,3986,5.558413452859969,0.0231161760152317,True,True
ABANDONED,,,1733,1914,4.5002509189024575,0.0388618527678772,False,False
ABANDONED,,,1820,3509,0.346187543018721,0.0275694299987517,True,False
ABANDONED,,,2653,595,9.597205244082026,0.0116043584477156,False,True
ABANDONED,,,4826,3867,4.155594781965018,0.0490721113663166,False,True
ABANDONED,,,897,2034,5.904921320918948,0.0147367902896367,True,False
ABANDONED,,,250,4842,7.6802021184116605,0.0200743078039959,True,False
ABANDONED,,,4184,1761,2.261971260983497,0.0421998998862691,False,True
ABANDONED,,,3261,2532,6.48766821387317,0.0047469197702594,False,True
ABANDONED,,,2423,869,3.571628518554382,0.0328678100602701,True,False
ABANDONED,,,2049,4279,7.152360960368999,0.038160367494449,False,False
ABANDONED,,,3480,2323,2.9081671181255953,0.0222224403596483,True,True
ABANDONED,,,3807,3388,8.344880561223254,0.0349252198464237,True,True
ABANDONED,,,472,14,1.5984955568704753,0.0006170422639697,False,False
ABANDONED,,,1118,3114,4.819068437373265,0.0090089846965856,False,False
ABANDONED,,,4449,989,5.240240233415737,0.0311617217482998,True,True
ABANDONED,,,2872,4554,1.0096468947427346,0.0184437918039038,True,True
ABANDONED,,,1446,1347,8.932509852894581,0.046591825034935,False,False
ABANDONED,,,1269,4483,2.6830788673805075,0.0055001976280473,True,True
ABANDONED,,,3009,1418,7.258965834730305,0.0336244160030037,False,False
ABANDONED,,,4586,2873,1.490597391059622,0.0208158370498567,False,False
ABANDONED,,,942,1231,8.568675520518795,0.0429440491138957,True,True
ABANDONED,,,334,3146,5.348064571356401,0.0482788728857412,True,True
ABANDONED,,,3983,255,4.595199501210824,0.0139461245839484,False,False
ABANDONED,,,3656,4208,9.157524275769479,0.0267637230013497,False,False
ABANDONED,,,1911,2394,0.9029680435145274,0.0108020267421379,True,True
ABANDONED,,,2286,2774,9.820983143254184,0.0161425353009253,False,True
ABANDONED,,,3438,627,0.2382730620680376,0.0442879485501907,True,False
ABANDONED,,,4361,4913,6.01153774252534,0.0067201731069944,True,False
ABANDONED,,,113,1690,3.9305188234485686,0.028869582073763,False,True
ABANDONED,,,721,3937,2.1552759456187487,0.0372649735589511,False,True
ABANDONED,,,4964,1963,7.905199630159885,0.0029534206846728,True,False
ABANDONED,,,2791,3750,3.3477717256238684,0.0405117990085855,True,False
ABANDONED,,,1644,353,6.59550424805563,0.0245712990988977,False,True
ABANDONED,,,1663,4664,1.8767957665435968,0.0425422900402918,True,False
ABANDONED,,,2811,1314,8.027537216208875,0.0213806621436961,False,True
ABANDONED,,,4984,2984,3.2255116178644823,0.0333009345089085,False,True
ABANDONED,,,740,1042,6.874061905420386,0.0057572902077808,True,False
ABANDONED,,,98,3335,9.855275667469016,0.0112639480321668,True,False
ABANDONED,,,4337,144,0.04783556087967,0.0262593905720859,False,True
ABANDONED,,,3414,4312,6.20205033805594,0.0143058403078466,False,True
ABANDONED,,,2271,2213,3.8963013935759663,0.0480582505702041,True,False
ABANDONED,,,1894,2623,5.616871958466248,0.0284074377496726,False,False
ABANDONED,,,3635,855,4.482718271074817,0.0072247079173102,True,True
ABANDONED,,,3962,4692,9.27008298419509,0.0439280811557546,True,True
ABANDONED,,,317,1833,0.6342381346942856,0.0163633358408696,False,False
ABANDONED,,,958,3794,2.639111167252995,0.0249728563446551,False,False
ABANDONED,,,4609,2184,7.459257307884285,0.039947196395602,True,True
ABANDONED,,,3032,3522,1.2903810122478752,0.0032767234011553,True,True
ABANDONED,,,1286,504,8.61271831498854,0.037008033202961,False,False
ABANDONED,,,1421,3598,4.863035020025448,0.0150597836719825,True,True
ABANDONED,,,2857,428,5.039947493789718,0.0488156636399217,False,False
ABANDONED,,,4434,4031,1.2098621560791507,0.0120062253964133,False,False
ABANDONED,,,1094,1947,8.888465791952797,0.0270043351249769,True,True
ABANDONED,,,491,4929,6.883554839731194,0.0325083995214663,True,True
ABANDONED,,,3826,1597,3.0206494657369327,0.0049674696158617,False,False
ABANDONED,,,3499,2699,8.232323119269683,0.0417372983377426,False,False
ABANDONED,,,2069,780,1.867226583166048,0.0205790929398499,True,True
ABANDONED,,,2446,4076,7.645908476721496,0.0009762533721514,False,True
ABANDONED,,,3278,2449,2.452407495699823,0.0347048959853127,True,False
ABANDONED,,,4201,3259,6.297154500867241,0.0226848666341975,True,False
ABANDONED,,,273,219,3.605844681954943,0.0376557369795627,False,True
ABANDONED,,,876,2908,0.6246689885659144,0.0462686062213033,False,True
ABANDONED,,,4809,1118,9.474868775508364,0.0187004384077154,True,False
ABANDONED,,,2636,4428,4.277856156196446,0.0307596996254287,True,False
ABANDONED,,,1799,1550,5.626364781029523,0.0095742553975433,False,True
ABANDONED,,,1750,3072,9.214153213514944,0.019732216565404,True,True
ABANDONED,,,2567,954,0.8836067218063399,0.0410856456412002,False,False
ABANDONED,,,4760,4596,5.3681094527244575,0.0043158110184594,False,False
ABANDONED,,,808,1382,4.534371798906476,0.0316615172461606,True,True
ABANDONED,,,165,4244,1.550583224698901,0.0278995749466121,True,True
ABANDONED,,,4113,2281,8.54839846502617,0.0127061943332664,False,False
ABANDONED,,,3170,3423,2.701598320423625,0.0495156384776346,False,False
ABANDONED,,,2358,56,7.20210472286027,0.0159550293944776,True,True
ABANDONED,,,2118,4800,3.2869509144173934,0.0086790388105437,False,True
ABANDONED,,,3567,1726,6.615556616508401,0.03005970745394,True,False
ABANDONED,,,3875,2574,2.1359119792189447,0.0180004403353668,True,False
ABANDONED,,,560,904,7.961826519200579,0.0453733837334439,False,True
ABANDONED,,,1202,3474,5.954684117740021,0.0385026373262517,False,True
ABANDONED,,,4522,552,3.94904516758956,0.0233364953584969,True,False
ABANDONED,,,2964,3902,9.800704039056784,0.0353565306104719,True,False
ABANDONED,,,1510,2076,0.2982562510157004,0.0018231596197001,False,True
ABANDONED,,,1334,3982,6.547611024712213,0.0471634061061777,True,False
ABANDONED,,,3100,1996,3.551308738254942,0.013605464211665,False,True
ABANDONED,,,4658,3705,7.6986117981281135,0.0255590203767642,False,True
ABANDONED,,,1027,321,2.2050006737802175,0.0103691094690002,True,False
ABANDONED,,,423,2806,4.212181292897091,0.0066038184314966,True,False
ABANDONED,,,4050,672,5.885516678417102,0.0339529471579007,False,True
ABANDONED,,,3742,4880,0.3661232470469549,0.0220326688918285,False,True
ABANDONED,,,1981,1645,9.536267470457592,0.0433888123631477,True,False
ABANDONED,,,2222,3191,0.952673588349484,0.0361615282138809,False,False
ABANDONED,,,3346,288,8.950917409407905,0.0026246875175274,True,True
ABANDONED,,,4288,4164,4.798755473673344,0.039295166412834,True,True
ABANDONED,,,30,2362,5.3001904568411415,0.0241263572564348,False,False
ABANDONED,,,633,4516,8.28394066439569,0.0172582042771391,False,False
ABANDONED,,,4896,1462,1.6184285417087376,0.0446284332796931,True,True
ABANDONED,,,2704,2840,7.132963730453515,0.0079250541403889,True,True
ABANDONED,,,1575,1186,2.9647604456571863,0.0293023002850823,False,False
ABANDONED,,,1626,3361,7.374005720194429,0.0023615032220259,False,False
ABANDONED,,,2692,40,2.568659348346293,0.0366973912422545,True,True
ABANDONED,,,4865,4268,8.683701120923272,0.0239794553969986,True,True
ABANDONED,,,703,2335,1.376163586965762,0.0399443376595154,False,False
ABANDONED,,,56,4541,4.396551564211958,0.0452429075627587,False,False
ABANDONED,,,4223,1360,5.544894133872353,0.0171218294594436,True,True
ABANDONED,,,3300,3087,0.7043057842068374,0.0298246148470789,True,True
ABANDONED,,,2229,1017,9.354339515976609,0.0076995882331393,False,False
ABANDONED,,,2008,3839,0.1189733420182019,0.0129917571325786,True,False
ABANDONED,,,3677,2061,9.940908072127028,0.0473005007365718,False,True
ABANDONED,,,4004,3496,3.811204818339087,0.0098475383231416,False,True
ABANDONED,,,430,608,6.1314483863385405,0.0257852770914323,True,False
ABANDONED,,,1077,2520,8.097149587647058,0.0342169220764189,True,False
ABANDONED,,,4646,881,1.9615124560417607,0.0060686990036629,False,True
ABANDONED,,,3069,4816,6.78743988323398,0.0435364342196844,False,True
ABANDONED,,,1404,1787,3.1539939137380566,0.0213842646647244,True,False
ABANDONED,,,1542,4901,9.40342504824884,0.0305691463397815,False,True
ABANDONED,,,2893,1702,0.5381207942496984,0.0084407444340176,True,False
ABANDONED,,,4470,2748,5.711155447394588,0.0459991286587901,True,False
ABANDONED,,,1215,654,4.347542355504819,0.0178754777805879,False,True
ABANDONED,,,607,3723,2.3818795208493246,0.0231767414263449,False,True
ABANDONED,,,3867,381,7.560885729354807,0.0391390037070959,True,False
ABANDONED,,,3540,3924,3.691551063479856,0.0015712223630398,True,False
ABANDONED,,,2184,1976,6.3683661098759625,0.0359037822983227,False,True
ABANDONED,,,2405,2860,3.104984742280096,0.0412446797606535,True,True
ABANDONED,,,3162,1243,6.953701085008682,0.0190950829805806,False,False
ABANDONED,,,4085,4456,1.7953275033337994,0.0319126636954024,False,False
ABANDONED,,,232,1445,8.14623500817176,0.0037678159144707,True,True
ABANDONED,,,840,4182,5.125808813269249,0.012196011846885,True,True
ABANDONED,,,4688,2421,4.934096421725116,0.0281370787001214,False,False
ABANDONED,,,2515,3134,8.81809271780774,0.015328517449554,False,False
ABANDONED,,,1763,267,1.1246891641542316,0.049639881035313,True,True
ABANDONED,,,1871,4375,4.029488296180033,0.035250613449607,False,True
ABANDONED,,,2603,2228,6.029786980721169,0.0007258503390476,True,False
ABANDONED,,,4796,3312,0.2224649859815835,0.0382936375839635,True,False
ABANDONED,,,928,89,9.719572508413345,0.022523578478489,False,True
ABANDONED,,,281,3038,6.69691486427188,0.0185769628696143,False,True
ABANDONED,,,4154,1065,3.3635797830857337,0.0468928641299717,True,False
ABANDONED,,,3211,4648,7.8869504105886445,0.0093344740043394,True,False
ABANDONED,,,2473,1252,2.056306491511874,0.0312706255279481,False,True
ABANDONED,,,2076,3584,8.472151921917684,0.0489383719740435,True,True
ABANDONED,,,3452,520,1.4699118517721073,0.0144348059506155,False,False
ABANDONED,,,3759,3771,7.2820925361271955,0.0272433731020428,False,False
ABANDONED,,,519,2130,2.7771613038722425,0.0114945086864754,True,True
ABANDONED,,,1166,4747,0.8088855883982033,0.0044209615285508,True,True
ABANDONED,,,4401,1855,9.134397555748,0.0327580589540302,False,False
ABANDONED,,,2844,2608,4.615885059122928,0.0199404723383486,False,False
ABANDONED,,,1474,793,5.444588188582101,0.0418978194738738,True,True
ABANDONED,,,1297,2679,1.6949811054365709,0.0069977077865041,False,False
ABANDONED,,,2981,722,8.365527901479041,0.0289312865352258,True,True
ABANDONED,,,4539,4989,2.8850786157604302,0.0162284952467307,True,True
ABANDONED,,,990,1614,7.058316573912278,0.0445410212152637,False,False
ABANDONED,,,382,4012,9.026554220726714,0.0405978546589612,False,False
ABANDONED,,,3936,1888,1.0327353784833102,0.0248244674685411,True,True
ABANDONED,,,3628,3655,5.219592911784537,0.0375424092146568,True,True
ABANDONED,,,1939,449,4.722582907431759,0.0030150261223316,False,False
ABANDONED,,,2336,4407,5.805989786474966,0.0207307236930355,True,False
ABANDONED,,,3388,1494,4.137383929046802,0.042691446120385,False,True
ABANDONED,,,4330,2967,9.612974934890866,0.0052237050035037,False,True
ABANDONED,,,143,1136,0.447560239572078,0.0335633752038702,True,False
ABANDONED,,,752,3242,3.4702558033764364,0.0264871343034319,True,False
ABANDONED,,,4933,159,6.471898504439742,0.0107408898696303,False,True
ABANDONED,,,2740,4134,2.280182132526301,0.0481938581839203,False,True
ABANDONED,,,1694,2469,7.779133671480232,0.013693620245438,True,False
ABANDONED,,,1689,4123,6.041686575090512,0.0314286794131621,True,True
ABANDONED,,,2745,2480,4.05603463971056,0.0092791527980007,False,False
ABANDONED,,,4927,3231,9.69241829555202,0.0467559605860151,False,False
ABANDONED,,,757,169,0.2099575222814455,0.0186111370539292,True,True
ABANDONED,,,149,2959,3.395008394961245,0.0223866703244857,True,True
ABANDONED,,,4324,1145,6.703932227545418,0.0383278071582317,False,False
ABANDONED,,,3392,4397,2.0486812589075414,0.0008839055150747,False,False
ABANDONED,,,2332,1503,7.854913929382339,0.0351952935340814,True,True
ABANDONED,,,1945,3665,1.4622797280699011,0.0420347143509425,False,True
ABANDONED,,,3623,439,8.440107953626663,0.0199062894871458,True,False
ABANDONED,,,3940,4022,2.8085925604393704,0.0326000141045078,True,False
ABANDONED,,,378,1878,7.289111948105507,0.0044762917705811,False,True
ABANDONED,,,985,4999,9.107235855801962,0.011336468078196,False,True
ABANDONED,,,4543,1605,0.7963712336001917,0.0272987075853161,True,False
ABANDONED,,,2976,2688,5.456489831656218,0.0145716991680674,True,False
ABANDONED,,,1303,713,4.642434047345072,0.0489041874632239,False,True
ABANDONED,,,1478,2617,8.392079199150205,0.0031757147414609,True,False
ABANDONED,,,2839,783,1.7068852069564164,0.0374844355718232,False,True
ABANDONED,,,4407,4757,7.045804528563284,0.0246909716711379,False,True
ABANDONED,,,1160,1847,2.85791937426012,0.0406286387993022,True,False
ABANDONED,,,513,3781,1.0397570999106391,0.0444075267086736,True,False
ABANDONED,,,3765,2119,9.05798793573957,0.0162592806778848,False,True
ABANDONED,,,3447,3594,4.690541248589755,0.0290919705443084,False,True
ABANDONED,,,2081,510,5.21196324652806,0.0069397295336239,True,False
ABANDONED,,,2468,4639,4.105344989394768,0.0138271250785328,False,False
ABANDONED,,,3217,1261,5.798362244421617,0.048163083079271,True,True
ABANDONED,,,4149,3029,0.4545751443998888,0.010580192583613,True,True
ABANDONED,,,286,1075,9.64440123731736,0.0265450992793776,False,False
ABANDONED,,,932,3302,6.459388582293876,0.0334026762582361,False,False
ABANDONED,,,4792,99,3.4430992810660968,0.0052816683198325,True,True
ABANDONED,,,2609,4365,7.805677556565032,0.0428249551947228,True,True
ABANDONED,,,1865,2238,2.292079417446628,0.0206999528296291,False,False
ABANDONED,,,1777,3143,2.551879850954749,0.0078330812645144,True,False
ABANDONED,,,2501,257,7.352344122079201,0.0297938279407098,False,True
ABANDONED,,,4703,4192,1.398437896804884,0.0169611439751461,False,True
ABANDONED,,,825,2412,8.701093330038711,0.045300884340424,True,False
ABANDONED,,,217,4465,5.5085856189746405,0.039783650515601,True,False
ABANDONED,,,4100,1435,4.394418946353719,0.0240374305150471,False,True
ABANDONED,,,3148,2871,9.35708484555874,0.0368308885148726,False,True
ABANDONED,,,2419,1233,0.7412270108284428,0.0023307205568999,True,False
ABANDONED,,,2169,3915,9.943655450413935,0.0215449650855734,False,False
ABANDONED,,,3555,1985,0.1558972133314237,0.0434784723785705,True,True
ABANDONED,,,3853,3714,6.095132384356112,0.00593519140454,True,True
ABANDONED,,,621,390,3.809065309382975,0.0342476944150403,False,False
ABANDONED,,,1229,2737,1.9837894105724991,0.0256517707831226,False,False
ABANDONED,,,4456,664,8.114543845467269,0.009878311952576,True,True
ABANDONED,,,2908,4891,3.1372075252486398,0.0474611965473741,True,True
ABANDONED,,,1527,1712,6.765770798034035,0.012933790681418,False,False
ABANDONED,,,1391,4806,0.5164541674954816,0.0360406889771111,True,True
ABANDONED,,,3083,1798,9.38664096920844,0.0015370513135567,False,False
ABANDONED,,,4631,2510,4.364939071770758,0.0389809470558539,False,False
ABANDONED,,,1093,891,5.733434711374343,0.0232320598666556,True,True
ABANDONED,,,445,3487,7.558748678844424,0.0177174253705888,True,True
ABANDONED,,,3989,617,2.3455658283159138,0.0460544513403438,False,False
ABANDONED,,,3691,3830,6.405292439634913,0.0085776494531892,False,False
ABANDONED,,,1993,2070,3.6943007512157777,0.0305349736306816,True,True
ABANDONED,,,2244,3098,6.99062000218127,0.0497979231188073,False,True
ABANDONED,,,3285,1006,3.1077276134165004,0.0152731844414956,True,False
ABANDONED,,,4237,4551,8.144100080864504,0.0280001869578845,True,False
ABANDONED,,,42,1349,1.75901652999036,0.0122301978329196,False,True
ABANDONED,,,689,4277,4.951486321391537,0.003630919562187,False,True
ABANDONED,,,4879,2326,5.148080664662645,0.0319468450713902,True,False
ABANDONED,,,2677,3370,1.1030252565899863,0.019253126354888,True,False
ABANDONED,,,1641,30,8.801310761970468,0.0411893480434082,False,True
ABANDONED,,,1569,2849,0.8765870118346066,0.0158196453219279,False,True
ABANDONED,,,2709,1176,9.18272225494124,0.0495483108931221,True,False
ABANDONED,,,4892,4525,4.566415469204077,0.0128687712275423,True,False
ABANDONED,,,637,1454,5.375741874420084,0.0278397130286321,False,True
ABANDONED,,,34,4174,8.521849774797447,0.0318240895303897,False,True
ABANDONED,,,4284,2351,1.538681283631362,0.0042559444904327,True,False
ABANDONED,,,3351,3201,7.2146193756517025,0.0409502628594636,True,False
ABANDONED,,,2217,278,2.7287597223762425,0.0197648902717046,False,True
ABANDONED,,,1986,4871,6.628063782215119,0.0016605740585364,True,True
ABANDONED,,,3738,1654,3.3141054252721367,0.0354163838615641,False,False
ABANDONED,,,4055,2797,7.935279877676629,0.0234718884667381,False,False
ABANDONED,,,418,682,2.124012682843022,0.0384699739464558,True,True
ABANDONED,,,1021,3695,3.981081946789287,0.0455087810829281,True,True
ABANDONED,,,4663,330,5.962309052350932,0.017967781196814,False,False
ABANDONED,,,3096,3972,0.2912391857355833,0.0298971202331595,False,False
ABANDONED,,,1338,2007,9.769275129187854,0.008738890402019,True,True
ABANDONED,,,1515,3892,3.519882137835026,0.0432507758541032,False,False
ABANDONED,,,2959,2087,6.540596417877824,0.0220679760412313,True,True
ABANDONED,,,4526,3463,2.212627917840145,0.0341121340082027,True,True
ABANDONED,,,1198,562,7.73065103577357,0.00654736426007,False,False
ABANDONED,,,556,2566,5.873619691490196,0.0105282976101152,False,False
ABANDONED,,,3879,914,4.1856371098188685,0.0255025674961507,True,True
ABANDONED,,,3562,4790,9.563424290761352,0.0134674230925738,True,True
ABANDONED,,,2123,1735,0.3786328711993992,0.0471987086455337,False,False
ABANDONED,,,2354,3433,8.978076352914796,0.029143122470472,True,False
ABANDONED,,,3174,46,0.9651859316919,0.0079815173475071,False,True
ABANDONED,,,4107,4254,5.288286057327873,0.0447664611218497,False,True
ABANDONED,,,171,2271,4.772204473995604,0.0172228884608484,True,False
ABANDONED,,,813,4606,1.6260585049586371,0.0242643834389746,True,False
ABANDONED,,,4754,1373,8.315982025244272,0.0392598489369265,False,True
ABANDONED,,,2571,3081,2.933327028637752,0.0024655139441601,False,True
ABANDONED,,,1746,944,7.125941711032763,0.0362179956622421,True,False
ABANDONED,,,1814,4418,8.029677023158408,0.0478990609538741,False,False
ABANDONED,,,2621,1561,1.9131114705326036,0.0143622917132452,True,True
ABANDONED,,,4823,2898,6.837138332100586,0.0263974302159622,True,True
ABANDONED,,,862,1127,3.222763941584155,0.0112286440175957,False,False
ABANDONED,,,259,3250,0.0695043480861932,0.0058953281920403,False,False
ABANDONED,,,4215,229,9.872062353951858,0.0332656288347207,True,True
ABANDONED,,,3263,4066,3.8789068377623326,0.0212214767686091,True,True
ABANDONED,,,2461,2458,6.179773681518623,0.0425987456869333,False,False
ABANDONED,,,2054,2710,4.4653263599528,0.0368700084956362,True,False
ABANDONED,,,3513,770,5.594597350633704,0.0033120423522777,False,True
ABANDONED,,,3810,4939,0.6559000308029354,0.0401063714441843,False,True
ABANDONED,,,506,1586,9.286862183593213,0.0249163903715088,True,False
ABANDONED,,,1110,4040,7.422335783269258,0.016522512180265,True,False
ABANDONED,,,4418,1938,2.6363661356642845,0.0438716164734214,False,True
ABANDONED,,,2871,3607,8.614850634853356,0.0070866785999387,False,True
ABANDONED,,,1408,418,1.3266898251390085,0.0284427520907484,True,False
ABANDONED,,,1271,3531,5.076258765126579,0.0204165191804058,False,True
ABANDONED,,,3047,494,4.865169649339282,0.0417971633905544,True,False
ABANDONED,,,4595,3804,8.885723218809813,0.0051028509223833,True,False
ABANDONED,,,973,2175,1.1729429409131407,0.0324757243399508,False,True
ABANDONED,,,330,4702,3.0374311235807836,0.0271397206727415,False,True
ABANDONED,,,3948,1823,6.90521904528886,0.0119735544561408,True,False
ABANDONED,,,3650,2634,1.844954433779232,0.0486530882208608,True,False
ABANDONED,,,1878,845,8.214933517596684,0.0151196470651775,False,True
ABANDONED,,,2284,4303,2.4301285297134894,0.009438859523274,True,True
ABANDONED,,,3400,2222,7.628511462462134,0.0307923602391965,False,False
ABANDONED,,,4352,3326,3.622629058988765,0.0188630271037109,False,False
ABANDONED,,,82,153,6.318820829628036,0.0462087561050429,True,True
ABANDONED,,,725,2973,9.472118789779023,0.0378183210655115,True,True
ABANDONED,,,4999,1052,0.5877429568003864,0.0226250119078904,False,False
ABANDONED,,,2797,4654,5.662678175569512,0.0345695014018565,False,False
ABANDONED,,,1677,1324,4.279993504700252,0.0010089152767322,True,True
ABANDONED,,,1659,3740,9.584695303311571,0.0329261657837778,False,False
ABANDONED,,,2775,364,0.3190310020837933,0.0045858579217456,True,True
ABANDONED,,,4978,3927,5.9314652246283375,0.0421687366156838,True,True
ABANDONED,,,707,1973,4.167492085509934,0.0202081797812134,False,False
ABANDONED,,,99,4904,2.2299323399560524,0.0147056286786682,False,False
ABANDONED,,,4375,1700,7.672574594982899,0.049205985003151,True,True
ABANDONED,,,3423,2764,3.578643404757604,0.0116627099299803,True,True
ABANDONED,,,2301,636,6.519094497675077,0.0274083639089949,False,False
ABANDONED,,,1897,4219,2.915188820928335,0.0466229733689688,True,False
ABANDONED,,,3670,2384,7.183794656757265,0.0183099048901349,False,True
ABANDONED,,,3968,3156,1.566453916653059,0.0311033805925399,False,True
ABANDONED,,,349,244,8.337250914591365,0.0091700611128471,True,False
ABANDONED,,,957,2882,5.266791549711489,0.0005586998173967,True,False
ABANDONED,,,4571,1222,4.8309725575177005,0.0350862949718721,False,True
ABANDONED,,,3023,4492,8.919997788920998,0.0222535933037288,False,True
ABANDONED,,,1255,1408,0.9824876346178352,0.0380264851907268,True,False
ABANDONED,,,1430,4563,7.231804116159679,0.0108569688182324,False,True
ABANDONED,,,2887,1337,2.670564493957907,0.02660604529595,True,False
ABANDONED,,,4435,3124,8.580577182217501,0.0139123324803076,True,False
ABANDONED,,,1133,980,1.5171463979063555,0.0484154032003134,False,True
ABANDONED,,,486,3398,4.587567396133207,0.042910252769012,False,True
ABANDONED,,,3793,3,5.316020621689969,0.0209523631231859,True,False
ABANDONED,,,3495,4290,0.9343992814570666,0.0336793597387149,True,False
ABANDONED,,,2033,2314,9.164543669123203,0.0053425215822644,False,True
ABANDONED,,,2437,2523,0.2697016553189605,0.0246051057702861,True,True
ABANDONED,,,3247,878,9.828000487903132,0.040375283261761,False,False
ABANDONED,,,4199,4833,3.922893609468825,0.0028984636720269,False,False
ABANDONED,,,235,1770,5.979501279943623,0.0374226363277994,True,True
ABANDONED,,,882,3856,7.917099243153817,0.0288146296711638,True,True
ABANDONED,,,4841,2044,2.1818223077738654,0.0068778404858894,False,False
ABANDONED,,,2639,3498,6.56835001656972,0.0443217539307661,False,False
ABANDONED,,,1834,606,3.3352642432991417,0.0160060182632878,True,True
ABANDONED,,,1727,3995,1.8261986719528212,0.0062358498941175,False,True
ABANDONED,,,2552,1905,8.272168015223926,0.0343812401853501,True,False
ABANDONED,,,4734,3652,2.9772185169477017,0.0216542494706809,True,False
ABANDONED,,,794,452,6.925879022328184,0.0438035869817249,False,True
ABANDONED,,,187,2676,8.866051723198963,0.047570391128771,False,True
ABANDONED,,,4131,724,1.2335343344341962,0.0132588154808618,True,False
ABANDONED,,,3198,4972,5.02001274892781,0.0259525223956443,True,False
ABANDONED,,,2369,1631,4.884304198053665,0.0100119508458301,False,True
ABANDONED,,,2141,3205,5.683336029405706,0.0168510063625872,True,True
ABANDONED,,,3583,196,4.219778178877198,0.044975294902455,False,False
ABANDONED,,,3900,4112,9.529360699992626,0.0075313873584382,False,False
ABANDONED,,,573,2492,0.5689940115734934,0.029659623671323,True,True
ABANDONED,,,1181,4384,3.641760888513178,0.0365292847813107,True,True
ABANDONED,,,4503,1516,6.262572690226137,0.0021966064600273,False,False
ABANDONED,,,2936,2931,2.490726739834063,0.0396734201489016,False,False
ABANDONED,,,1498,1173,7.608847379437648,0.0237117483229376,True,True
ABANDONED,,,1363,3016,3.859202078635804,0.0282537359329871,False,False
ABANDONED,,,3111,1088,6.240331513530576,0.012315878778696,True,True
ABANDONED,,,4679,4611,0.0131392462663352,0.0498591479510068,True,True
ABANDONED,,,1045,1289,9.891077519051729,0.0155509948018006,False,False
ABANDONED,,,398,4339,6.818348710771651,0.0193144443100318,False,False
ABANDONED,,,4036,2265,3.279965473689139,0.0414672515266574,True,True
ABANDONED,,,3719,3290,7.969344734917395,0.003884378733579,True,True
ABANDONED,,,1966,110,1.9336526599442587,0.032032436213456,False,False
ABANDONED,,,2194,4745,8.633873287037945,0.0389201966896653,True,False
ABANDONED,,,3334,1858,1.270331614417024,0.0229551023649983,False,True
ABANDONED,,,4267,2591,7.482891566576435,0.0357877981322817,False,True
ABANDONED,,,11,810,2.616658731846139,0.0014524054154753,True,False
ABANDONED,,,658,3567,0.6764481113124639,0.0083246658542193,True,False
ABANDONED,,,4909,537,9.226537382436915,0.0304502349784597,False,True
ABANDONED,,,2727,3768,4.522525247366168,0.0176567651769146,False,True
ABANDONED,,,1591,2132,5.575805680599996,0.0457775840112008,True,False
ABANDONED,,,1617,4956,4.7513664179500195,0.02360355370678,True,False
ABANDONED,,,2661,1569,5.191914938235656,0.0387725277184508,False,True
ABANDONED,,,4863,2731,1.0591158886747432,0.0019875721423886,False,True
ABANDONED,,,665,748,9.001355571069755,0.0355237759146839,True,False
ABANDONED,,,62,3629,7.102662511502393,0.0302240255628712,True,False
ABANDONED,,,4256,396,2.8393970902794967,0.0088461897009983,False,True
ABANDONED,,,3303,4058,8.412353125711903,0.0456405364954844,False,True
ABANDONED,,,2264,1921,1.6468965423796327,0.0182704251413233,True,False
ABANDONED,,,2016,2916,7.7490526044815775,0.0125412975712679,False,False
ABANDONED,,,3708,1110,2.3114450228102505,0.0277314684856683,True,True
ABANDONED,,,4006,4440,6.439338150798344,0.0156873223204165,True,True
ABANDONED,,,468,1539,3.503921731236391,0.0492447209670208,False,False
ABANDONED,,,1072,4088,0.3945932964226231,0.0408180329808965,False,False
ABANDONED,,,4613,2437,9.66468257646542,0.0194613934685476,True,True
ABANDONED,,,3065,3267,4.086819986224176,0.0314965260704047,True,True
ABANDONED,,,1369,213,5.855218104157598,0.0041476101437583,False,False
COMPLETED,0.56,2089.0,1546,3347,2.105649015173316,0.044851005045697,True,True
COMPLETED,0.52,6.0,2928,132,7.83650112073496,0.0174775656065903,False,False
COMPLETED,0.52,4.0,4476,4320,3.415325344323181,0.0294220728031359,False,False
COMPLETED,0.54,1330.0,1248,2205,6.6439862877754505,0.0080416169594973,True,True
COMPLETED,0.53,5200.0,605,4672,9.75335264225211,0.0027445544493384,True,True
COMPLETED,0.5,9.0,3829,1307,0.1900192853091284,0.0362781854467466,False,False
ABANDONED,,,3531,2996,6.061087790668012,0.0243488346086815,False,False
COMPLETED,0.5899999999999999,759.0,2153,1029,3.999445595834404,0.0395144333285279,True,True
COMPLETED,0.52,2289.0,2401,3826,5.396541843181477,0.0338340357965789,False,True
COMPLETED,0.52,19.0,3127,2152,4.662748352015392,0.0064877398516982,True,False
COMPLETED,0.52,15.0,4079,3549,9.0888305342393,0.0431672677155584,True,False
COMPLETED,0.64,179.0,199,476,0.8533458809638396,0.0218139562881551,False,True
COMPLETED,0.5,1677.0,841,2650,2.7520008718715983,0.0133838251503184,False,True
COMPLETED,0.52,36.0,4726,829,7.308511114978232,0.046944599088747,True,False
COMPLETED,0.52,13.0,2524,4724,1.4423483821954577,0.0102502925214357,True,False
COMPLETED,0.57,1080.0,1794,1801,8.501049787411466,0.0254430362107232,False,True
COMPLETED,0.53,1599.0,1842,2780,6.34682994836662,0.0402148094247095,True,True
COMPLETED,0.52,4.0,2592,700,3.711829115387984,0.0252436790727078,False,False
COMPLETED,0.52,4.0,4775,4848,7.53687024395354,0.0371730240099132,False,False
COMPLETED,0.5899999999999999,1141.0,909,1677,2.40456057308428,0.0034449246446602,True,True
COMPLETED,0.51,2218.0,306,3951,4.305561442704872,0.007389604310505,True,True
COMPLETED,0.52,4.0,4167,2028,5.754319375453518,0.0285755445794202,False,False
COMPLETED,0.52,5.0,3234,3678,0.4985429190257564,0.0166310432837344,False,False
COMPLETED,0.66,132.0,2489,347,9.444109689665025,0.0441989982975646,True,True
COMPLETED,0.54,2524.0,2105,4508,1.1620172821683807,0.026095072094351,False,True
COMPLETED,0.52,25.0,3463,1470,8.779430203876458,0.0110967975105158,True,False
COMPLETED,0.52,17.0,3780,2827,4.969021502163262,0.0477910981769673,True,False
COMPLETED,0.5799999999999998,849.0,537,1198,5.089625585980714,0.0140358551330864,False,True
COMPLETED,0.56,2004.0,1140,3179,8.201566678117961,0.0211136041642166,False,True
COMPLETED,0.5,34.0,4388,300,1.7411025623306633,0.0422723992792889,True,False
COMPLETED,0.52,13.0,2821,4156,7.011512078846804,0.0055928773162886,True,False
COMPLETED,0.52,1491.0,1458,2369,3.0483568009501325,0.0331336895735003,False,True
COMPLETED,0.52,14.0,1320,4232,9.297749643306249,0.0189220778378657,True,False
COMPLETED,0.53,1281.0,2997,2293,0.7621549957012757,0.0464874128699302,False,True
COMPLETED,0.57,2409.0,4564,3415,5.490783547844738,0.009693071976304,False,True
COMPLETED,0.52,325.0,1003,64,4.451997738130391,0.0308756841602735,True,False
COMPLETED,0.52,14.0,361,3064,1.3400184283368288,0.0348238069778308,True,False
ABANDONED,,,3917,961,8.718664419017733,0.0010923323207534,False,True
COMPLETED,0.53,2465.0,3600,4584,2.530111189390533,0.0378772819959558,False,True
COMPLETED,0.52,27.0,1928,1394,7.411448342180811,0.0229035788690671,True,False
COMPLETED,0.52,21.0,2313,3441,3.1947932081231847,0.004847602315247,False,False
COMPLETED,0.64,242.0,3372,584,6.747976213988848,0.0323917426574043,True,True
COMPLETED,0.52,2460.0,4304,3875,2.0047147507537155,0.020356615956407,True,True
COMPLETED,0.52,4.0,130,2104,8.055206594510004,0.041518031053245,False,False
COMPLETED,0.52,4.0,772,4772,6.154244091542439,0.0485930922427214,False,False
COMPLETED,0.5799999999999998,1335.0,4952,1752,3.7873035389166327,0.0148404219737276,True,True
COMPLETED,0.5,1796.0,2769,2543,9.961224490688185,0.0268845622381195,True,True
COMPLETED,0.52,7.0,1705,936,0.0974751001717522,0.0118896629461087,False,False
COMPLETED,0.52,13.0,1707,4225,4.617620069946163,0.0413582715429365,True,False
COMPLETED,0.52,1516.0,2767,2300,5.441593224323356,0.0194234418119303,False,True
COMPLETED,0.57,1905.0,4950,3404,0.8106587423793971,0.0321171988840214,False,True
COMPLETED,0.52,273.0,774,75,9.131440734647212,0.0037995981760323,True,False
COMPLETED,0.52,14.0,132,3052,7.285351783301682,0.0124006187678314,True,False
COMPLETED,0.6199999999999999,589.0,4303,974,2.775080881424248,0.0281689784256741,False,True
COMPLETED,0.53,3322.0,3370,4576,8.475449312250129,0.0154420378683134,False,True
COMPLETED,0.52,23.0,2315,1402,1.4678695724820718,0.0499681227714754,True,False
COMPLETED,0.52,4.0,1927,3453,7.888878707394935,0.03036546004517,False,False
COMPLETED,0.6199999999999999,230.0,3601,573,2.053199369979091,0.0084094347022473,True,True
COMPLETED,0.52,2817.0,3918,3881,6.698805017920212,0.0458865758888423,True,True
COMPLETED,0.52,5.0,360,2097,3.360434518394992,0.017547779015731,False,False
COMPLETED,0.52,4.0,1002,4781,0.2253072286117822,0.0230640700859949,False,False
COMPLETED,0.5899999999999999,1046.0,4565,1745,9.717990219218656,0.0388112350539304,True,True
COMPLETED,0.52,7075.0,2997,2555,4.032292395652273,0.0013676550076343,True,True
COMPLETED,0.52,4.0,1320,923,6.028166548368522,0.0358725428236648,False,False
COMPLETED,0.53,1518.0,1456,2787,2.2785976828793064,0.0131502419188618,True,True
COMPLETED,0.52,4.0,2822,691,7.781973306667992,0.0476789468037895,False,False
COMPLETED,0.52,4.0,4390,4861,3.468633210571483,0.0100964015084318,False,False
COMPLETED,0.5899999999999999,1039.0,1139,1664,6.4746999964695435,0.0258680892512202,True,True
COMPLETED,0.51,2342.0,536,3962,9.609865652905777,0.0344656666913069,True,True
COMPLETED,0.53,7.0,3782,2016,0.4494859289359301,0.0061514412751421,False,False
COMPLETED,0.52,4.0,3465,3685,5.802842361331918,0.0436950379451736,False,False
COMPLETED,0.64,133.0,2103,341,4.139271475252696,0.0217627809890545,True,True
COMPLETED,0.54,2246.0,2490,4495,5.217514798785561,0.0021121686133556,False,True
COMPLETED,0.52,26.0,3234,1483,4.725844613051974,0.0366137283444404,True,False
COMPLETED,0.52,17.0,4166,2820,9.024514250885694,0.0238203087002038,True,False
COMPLETED,0.57,907.0,307,1206,1.0360352272614837,0.0395648536863736,False,True
COMPLETED,0.56,2166.0,910,3172,2.8820859609507026,0.0450838325982913,False,True
COMPLETED,0.52,68.0,4774,307,7.060054043181241,0.0167424629502929,True,False
COMPLETED,0.52,13.0,2592,4145,1.6920265937848016,0.0295752088748849,True,False
COMPLETED,0.51,2068.0,1843,2381,8.367303513905965,0.0076158082401379,False,True
COMPLETED,0.56,2351.0,1794,3355,6.7907371990680705,0.0208679418726824,True,True
COMPLETED,0.52,6.0,2524,124,3.1519517089463767,0.0429946679342538,False,False
COMPLETED,0.52,5.0,4726,4333,8.10040876032319,0.0054510653633624,False,False
COMPLETED,0.54,1452.0,842,2193,1.9594321080921215,0.0335708216740749,True,True
COMPLETED,0.53,2426.0,200,4683,3.8129778978219258,0.0267146121272817,True,True
COMPLETED,0.52,6.0,4079,1295,6.128491639736109,0.0107484080721624,False,False
COMPLETED,0.52,4.0,3126,3003,0.1207082783430814,0.0483309592683799,False,False
COMPLETED,0.6,641.0,2402,1023,9.93791318236664,0.0139967706957831,True,True
COMPLETED,0.5,2424.0,2152,3813,0.7071098091807216,0.0067693093363195,False,True
COMPLETED,0.52,18.0,3533,2165,9.352719158122317,0.0289231783389113,True,False
COMPLETED,0.52,17.0,3831,3541,4.399393732343801,0.0160904265134595,True,False
COMPLETED,0.67,161.0,604,485,5.543311919176021,0.044237327793613,False,True
COMPLETED,0.5,1498.0,1246,2643,8.68559120007325,0.0404597160373814,False,True
COMPLETED,0.4199999999999999,13.0,4478,835,1.3730183967733756,0.0245206554764881,True,False
COMPLETED,0.52,14.0,2930,4712,7.375933942502365,0.0373140810215845,True,False
COMPLETED,0.57,1016.0,1544,1813,2.565552301311865,0.0030070368652231,False,True
COMPLETED,0.52,14.0,1369,4949,8.814945218166336,0.0491212399429641,True,False
COMPLETED,0.5799999999999998,988.0,3066,1576,1.12657678485848,0.014790379455313,False,True
COMPLETED,0.51,1851.0,4614,2719,5.122699456785806,0.0275173259135335,False,True
COMPLETED,0.52,34.0,1071,759,4.9360221855873245,0.01155374184018,True,False
FAILED,,,468,3617,1.7937048360304904,0.0046948444517329,True,False
FAILED,,,4006,409,8.149036574699917,0.0328171735373325,False,True
FAILED,,,3708,4050,3.1034002181347455,0.0201234105643816,False,True
FAILED,,,2016,1928,6.956540794694797,0.0422535119177773,True,False
FAILED,,,2266,2927,3.6885964773297313,0.0349773205202072,False,False
FAILED,,,3301,1098,6.37014179680124,0.0006676563820801,True,True
FAILED,,,4253,4447,2.3788867915412406,0.0381112423292361,True,True
FAILED,,,64,1531,7.562623273122125,0.0221688536833971,False,False
FAILED,,,666,4096,5.709115403055214,0.0183946850788779,False,False
FAILED,,,4862,2430,4.350842278781347,0.0465382110672071,True,True
FAILED,,,2659,3279,9.401346860751508,0.0090610639797523,True,True
FAILED,,,1619,199,0.5413825743682683,0.031212360207457,False,False
FAILED,,,1591,3019,9.802323130439037,0.0011771070696413,False,False
FAILED,,,2726,1084,0.2954511085664853,0.0347390379454009,True,True
FAILED,,,4908,4629,5.956265065964312,0.0227945868070237,True,True
FAILED,,,659,1271,3.9462018819823856,0.0379862679727375,False,False
FAILED,,,12,4355,2.1390582868866623,0.0463784453333355,False,False
FAILED,,,4266,2248,7.959937706522645,0.0190310396580025,True,True
FAILED,,,3334,3292,3.290059078927152,0.0309604347525164,True,True
FAILED,,,2194,109,6.613629660672509,0.0096083274693228,False,False
FAILED,,,1964,4727,2.703639556736685,0.0149494017730467,True,False
FAILED,,,3721,1876,7.198805991557427,0.048484094556421,False,True
FAILED,,,4039,2588,1.55266260416992,0.0118049000911414,False,True
FAILED,,,396,813,8.545137876881286,0.0269693426112644,True,False
FAILED,,,1043,3565,5.371067614795641,0.0323070028526708,True,False
FAILED,,,4680,539,4.532599687902257,0.0049323600069619,False,True
FAILED,,,3113,3752,9.217149518744089,0.0416269881711341,False,True
FAILED,,,1361,2149,0.8818727539600804,0.0202476413203403,True,False
FAILED,,,1498,3993,7.13118945899699,0.0286599822416901,False,True
FAILED,,,2936,1907,2.967716000285931,0.0073051605629734,True,False
FAILED,,,4504,3636,8.282204536097122,0.0440904377358965,True,False
FAILED,,,1181,468,1.6214222394954412,0.0167396095618605,False,True
FAILED,,,573,2659,4.795454581918196,0.0251351415612734,False,True
FAILED,,,3901,742,5.302229085711763,0.0403233530214056,True,False
FAILED,,,3584,4969,0.949410839752294,0.0035293396255001,True,False
FAILED,,,2140,1634,8.952994181436484,0.0370886033126153,False,True
FAILED,,,2371,3221,0.3642367438180372,0.042380972656887,True,True
FAILED,,,3197,180,9.539416236571038,0.0210050483047962,False,False
FAILED,,,4129,4113,4.2102566465102145,0.0330492387264966,False,False
FAILED,,,188,2490,5.888627301372589,0.0056773102763108,True,True
FAILED,,,796,4388,7.695808965127915,0.0110123711889609,True,True
FAILED,,,4732,1513,2.206622223608196,0.0261794808977283,False,False
FAILED,,,2550,2948,6.5447700485540565,0.0141444043540395,False,False
FAILED,,,1729,1155,3.5528921449249613,0.0476825668429955,True,True
FAILED,,,1836,4561,1.2934891022592783,0.0363867164119146,False,True
FAILED,,,2638,1340,8.610791433651,0.002636005597189,True,False
FAILED,,,4840,3107,2.642257400422357,0.0394300248939543,True,False
FAILED,,,884,996,7.457368569704704,0.0244332605614326,False,True
FAILED,,,237,3380,9.271663857921027,0.0173931330153718,False,True
FAILED,,,4197,21,0.6313949235854671,0.0449354555238969,True,False
COMPLETED,0.5899999999999999,679.0,1795,825,5.638782241404058,0.0035773389711976,True,True
COMPLETED,0.52,4.0,4520,3610,2.8697523298505696,0.0425514542600139,False,False
COMPLETED,0.52,4.0,3458,2401,9.887681381149216,0.0161824983670376,False,False
COMPLETED,0.53,3512.0,268,4536,1.4159845968848095,0.0267083799894899,True,True
COMPLETED,0.54,874.0,1116,1320,4.478945907165297,0.0322215281603857,True,True
COMPLETED,0.52,5.0,2611,4094,6.699610512763263,0.0226624408313073,False,False
COMPLETED,0.46,6.0,4137,383,1.248011469464749,0.0490322551149874,False,False
COMPLETED,0.51,1368.0,2177,2528,7.765233637959696,0.0090913395858369,True,True
COMPLETED,0.54,1286.0,2305,2180,0.3184337301440537,0.0198676018826663,False,True
COMPLETED,0.52,13.0,3932,4951,8.165078603559174,0.0350582814696244,True,False
COMPLETED,0.52,24.0,3109,1239,3.9618093898715454,0.0118790029967203,True,False
COMPLETED,0.57,2795.0,695,3391,7.355891482330859,0.046188326452393,False,True
COMPLETED,0.68,131.0,454,134,9.172810881992802,0.0406807368914596,False,True
COMPLETED,0.52,18.0,3351,2895,2.0307656615963205,0.0054046191424131,True,False
COMPLETED,0.52,31.0,4959,1685,5.297524691502565,0.0285832516555674,True,False
COMPLETED,0.52,2261.0,1276,3846,3.701683137806132,0.0143593722628429,False,True
COMPLETED,0.52,19.0,1466,1762,8.519417152062058,0.0474518947177566,True,False
COMPLETED,0.51,2321.0,4839,3923,0.1258232888625934,0.0075109820468351,False,True
COMPLETED,0.69,112.0,3161,213,7.16325727607403,0.0337841137847863,False,True
COMPLETED,0.52,21.0,575,2974,4.3161718523465105,0.0242250293139368,True,False
COMPLETED,0.52,27.0,817,1006,2.2232295273635536,0.0177498932844027,True,False
COMPLETED,0.56,1913.0,2920,3157,8.818621292951518,0.0282757779494859,False,True
COMPLETED,0.55,1690.0,3811,1945,3.3474791705822566,0.0020034987013787,False,True
COMPLETED,0.52,14.0,2494,4716,5.490002786455676,0.0409776170789264,True,False
COMPLETED,0.52,5.0,1977,619,2.593530857100152,0.0300973933413624,False,False
COMPLETED,0.51,2069.0,4251,2764,6.065744477992878,0.015873511090409,True,True
COMPLETED,0.5899999999999999,864.0,2812,1552,1.842970477389172,0.0391488261492922,True,True
COMPLETED,0.52,5.0,1002,4327,9.61143614342343,0.0038727055420167,False,False
COMPLETED,0.52,5.0,155,2321,6.272795196243561,0.0103534001815132,False,False
COMPLETED,0.54,2329.0,3660,4457,4.75501834595576,0.0446627205945551,True,True
COMPLETED,0.64,431.0,4633,748,8.041320305936038,0.0213867654767818,True,True
COMPLETED,0.52,5.0,1593,3532,0.8211817747624591,0.0365774420211091,False,False
COMPLETED,0.52,17.0,1718,2443,3.8453009369522335,0.0415130536318756,True,False
COMPLETED,0.52,5353.0,4595,4687,7.3161673482107,0.0009921100428327,False,True
COMPLETED,0.5799999999999998,770.0,3695,899,0.5923938611904159,0.0273611713214777,False,True
COMPLETED,0.52,16.0,32,3733,8.359822193499655,0.0183821177687495,True,False
COMPLETED,0.52,54.0,1040,398,5.024669259319082,0.0252499056784436,True,False
COMPLETED,0.4899999999999999,2178.0,2686,2632,3.505836040976457,0.0332621656754054,False,True
COMPLETED,0.52,873.0,4374,1342,9.290658778092824,0.0068924580682069,False,True
COMPLETED,0.52,14.0,1941,4186,2.069153928456828,0.0483802011138759,True,False
COMPLETED,0.52,4.0,2380,1110,9.769840618266723,0.0375948159955441,False,False
COMPLETED,0.56,1924.0,3856,3327,1.3775891968067735,0.020857214662712,True,True
COMPLETED,0.56,1298.0,2873,2038,5.911640346216038,0.0440365987056866,True,True
COMPLETED,0.52,5.0,933,4896,3.0655970241082833,0.0112741971802897,False,False
COMPLETED,0.53,7.0,529,1601,0.974044242450036,0.0044127231906168,False,False
COMPLETED,0.5,2808.0,3275,3810,7.570497143987566,0.03814191827178,True,True
COMPLETED,0.7299999999999999,128.0,4723,23,4.59545192026347,0.0149633929883129,True,True
COMPLETED,0.52,5.0,1514,2890,6.739337086704561,0.0307341948645189,False,False
COMPLETED,0.66,119.0,1390,256,1.5700673476336524,0.0084545858227647,True,True
COMPLETED,0.52,4.0,4914,3124,9.415636744165791,0.0499423258258029,False,False
COMPLETED,0.52,4.0,3399,1837,2.7114073791932314,0.0236693009487353,False,False
COMPLETED,0.5,2458.0,338,4045,6.104104118860327,0.0316815579030662,True,True
COMPLETED,0.56,2493.0,741,1961,7.924859587837942,0.0257876300131902,True,True
COMPLETED,0.52,4.0,2995,4819,0.781409905821085,0.016808573602233,False,False
COMPLETED,0.52,5.0,4048,1030,6.546726664047688,0.043080958051607,False,False
COMPLETED,0.55,2329.0,2257,3248,4.949790599138477,0.0025600116043351,True,True
COMPLETED,0.5999999999999999,1118.0,2052,1421,6.889337672132999,0.0134310181066393,False,True
COMPLETED,0.52,12.0,4174,4265,4.121387735300698,0.0292018230254761,True,False
COMPLETED,0.52,51.0,2576,475,8.635894613665526,0.0059266150118783,True,False
COMPLETED,0.5,1783.0,1239,2709,0.165578414298594,0.0396558131356723,False,True
COMPLETED,0.5899999999999999,501.0,230,663,3.229590747376904,0.0455560549455694,False,True
COMPLETED,0.52,17.0,3584,3498,5.451655046700501,0.0127936562784016,True,False
COMPLETED,0.52,22.0,4397,2210,2.496115950862877,0.0360697171506471,True,False
COMPLETED,0.55,2097.0,1830,4453,9.01443739846535,0.019332118676044,False,True
COMPLETED,0.5799999999999998,882.0,1852,1396,1.9518877155156809,0.029773361315485,False,True
COMPLETED,0.52,17.0,4424,4171,9.095456241033972,0.0132531033102422,True,False
COMPLETED,0.52,63.0,3518,463,3.622806942436844,0.0394770331257022,True,False
COMPLETED,0.51,1907.0,169,2607,5.220167107858695,0.006497293989174,False,True
COMPLETED,0.5899999999999999,591.0,1173,905,8.242432015295138,0.012198995469138,False,True
COMPLETED,0.54,21.0,2515,3689,0.39731528939493,0.0457588153122924,True,False
COMPLETED,0.52,16.0,4196,2477,7.433243143355473,0.0195340153044089,True,False
COMPLETED,0.53,3463.0,2079,4613,4.04069389180746,0.0354741985038854,False,True
COMPLETED,0.6999999999999998,152.0,2206,57,6.6222517371457075,0.0493527670474723,True,True
COMPLETED,0.52,6.0,3992,2818,4.400068519822321,0.00866281997459,False,False
COMPLETED,0.52,5.0,3012,1605,7.687877805027181,0.0318904433622956,False,False
COMPLETED,0.52,2626.0,753,3766,1.1691323314104227,0.0230803875769488,True,True
COMPLETED,0.56,1866.0,355,2101,2.9486356398127973,0.0173731274870224,True,True
COMPLETED,0.52,5.0,3411,4872,5.716132980511524,0.025603102565743,False,False
COMPLETED,0.52,5.0,4863,1163,1.4948649641619995,0.0023761369395069,False,False
COMPLETED,0.56,2076.0,1334,3313,9.965033600911498,0.0436461588181555,True,True
COMPLETED,0.52,5.0,1526,1083,4.832371794940904,0.0210660175099037,False,False
COMPLETED,0.56,2716.0,4740,3234,6.351676718245261,0.0370061976667493,True,True
COMPLETED,0.54,1526.0,3218,2024,0.8985333985378965,0.0106847210139967,True,True
COMPLETED,0.52,4.0,478,4795,8.12020484512113,0.0442445378145202,False,False
COMPLETED,0.52,5.0,877,1841,5.986866494663061,0.0379579609949141,False,False
COMPLETED,0.51,3426.0,2821,4002,2.5161762533904986,0.0049782190001569,True,True
COMPLETED,0.66,179.0,3868,290,9.53255998530332,0.0312988313613459,True,True
COMPLETED,0.52,6.0,2397,3051,1.7656128564961255,0.0147785704978741,False,False
COMPLETED,0.52,24.0,1880,2245,8.897504640162923,0.0008136250758543,True,False
COMPLETED,0.54,3190.0,4308,4379,2.300579959165305,0.0420836499971337,False,True
COMPLETED,0.5899999999999999,320.0,2713,669,5.568883116483689,0.0189533610157668,False,True
COMPLETED,0.52,21.0,1062,3453,3.424831427593716,0.0271833391371183,True,False
COMPLETED,0.53,22.0,59,539,0.0484644759958609,0.0334643573467619,True,False
COMPLETED,0.4799999999999999,2225.0,3717,2684,8.440539801968262,0.0246543044196441,False,True
COMPLETED,0.5999999999999999,1351.0,4534,1476,4.23881605666317,0.0477852452616207,False,True
COMPLETED,0.52,13.0,1652,4250,7.084378100770526,0.0070953010469675,True,False
COMPLETED,0.52,5.0,1619,319,7.648158122183757,0.0153081218651495,False,False
COMPLETED,0.5,2820.0,4655,2553,1.0526182352406903,0.0302814579401165,True,True
COMPLETED,0.5799999999999998,1243.0,3599,1265,6.817001007585787,0.0040574214481748,True,True
COMPLETED,0.52,5.0,89,4109,4.674024162342772,0.038584082330577,False,False
COMPLETED,0.52,5.0,941,2366,1.2990139747932552,0.0452514447700232,False,False
COMPLETED,0.53,2109.0,2746,4609,9.69218325324077,0.0101447024433873,True,True
COMPLETED,0.5899999999999999,554.0,4278,819,2.9870188594097278,0.0363693970656022,True,True
COMPLETED,0.52,5.0,1999,3654,5.833984731901436,0.0219761365340091,False,False
COMPLETED,0.52,27.0,2437,1681,3.584407091082074,0.0081066906275227,True,False
COMPLETED,0.52,2299.0,3759,3889,5.102331988226624,0.0472498096306808,False,True
COMPLETED,0.6999999999999998,121.0,2932,100,2.147726729273796,0.024022079013288,False,True
COMPLETED,0.52,19.0,834,2968,9.368318564315327,0.0343789630527608,True,False
COMPLETED,0.52,32.0,587,1186,7.2385105419224125,0.0277052866932936,True,False
COMPLETED,0.57,2703.0,3178,3404,3.766721580279991,0.0179284840980544,False,True
COMPLETED,0.56,1386.0,4783,2118,8.282163636500016,0.04115534415422,False,True
COMPLETED,0.52,21.0,1415,4975,0.5138174472032115,0.0014321496076881,True,False
COMPLETED,0.57,1042.0,1293,1882,5.37307986193616,0.0348556262119673,False,True
COMPLETED,0.52,15.0,4971,4740,3.1519333451017735,0.0204623685386031,True,False
COMPLETED,0.52,33.0,3300,953,8.935859196517617,0.046783739990089,True,False
COMPLETED,0.56,2171.0,398,3171,2.4184603737974535,0.0116770005216822,False,True
COMPLETED,0.6999999999999998,146.0,644,180,4.199048676247709,0.0055826412606984,False,True
COMPLETED,0.52,16.0,3053,3047,6.967911702172832,0.0401093051857315,True,False
COMPLETED,0.55,17.0,3949,1757,0.2432423724289983,0.0137885859636589,True,False
COMPLETED,0.51,2781.0,2317,3966,8.714466818495653,0.0287619250812567,False,True
COMPLETED,0.6199999999999999,631.0,2111,743,0.7037531367819757,0.0427360875541344,True,True
COMPLETED,0.52,5.0,4076,3577,7.846280193916523,0.0030128901493735,False,False
COMPLETED,0.52,4.0,2633,2286,4.87213200488966,0.0261430733762681,False,False
COMPLETED,0.53,3208.0,1143,4530,6.468150287309662,0.0163662679228,True,True
COMPLETED,0.5899999999999999,912.0,290,1498,9.494207757022233,0.0224543132637627,True,True
COMPLETED,0.52,4.0,3485,4343,1.6477301137903704,0.0328111942606046,False,False
COMPLETED,0.52,7.0,4454,555,6.182676956926473,0.0096801463733427,False,False
COMPLETED,0.53,1618.0,1734,2789,2.789067128166556,0.0488232623338699,True,True
COMPLETED,0.52,5.0,1747,2069,9.596634838111699,0.0119099847236648,False,False
COMPLETED,0.53,2660.0,4490,4904,1.7405971189262344,0.0464367873189039,True,True
COMPLETED,0.57,908.0,3510,1116,5.9727877861494205,0.0202127453871071,True,True
COMPLETED,0.52,4.0,294,3360,2.5693130341656505,0.035185939933639,False,False
COMPLETED,0.65,28.0,1166,15,0.9138155162353068,0.0285175536950118,False,False
COMPLETED,0.5799999999999998,1861.0,2639,2859,8.065863612185233,0.0141244346918538,True,True
COMPLETED,0.5799999999999998,1346.0,4092,1569,4.76957283821609,0.0403491225834004,True,True
COMPLETED,0.52,4.0,2144,3803,6.375417602708564,0.0052422385439276,False,False
COMPLETED,0.52,30.0,2331,868,4.291914638406598,0.0161152396290563,True,False
COMPLETED,0.54,1969.0,3985,3725,7.070337442291901,0.0264719819556921,False,True
COMPLETED,0.5,1411.0,3078,2436,0.0234869374576956,0.0032442582533694,False,True
COMPLETED,0.52,14.0,648,4654,8.504576604741626,0.0423875187849625,True,False
COMPLETED,0.52,30.0,421,1350,5.592662237227895,0.0490616760645061,True,False
COMPLETED,0.54,3055.0,3306,4217,3.361994383584708,0.0093383399895392,False,True
COMPLETED,0.65,180.0,4987,431,8.843125170946122,0.0325652053011581,False,True
COMPLETED,0.52,16.0,1326,2639,2.315900164146908,0.0227885444187559,True,False
COMPLETED,0.63,319.0,1441,507,7.497300656671635,0.038829315979965,False,True
COMPLETED,0.52,20.0,4786,2716,4.015694450752809,0.003722434983123,True,False
COMPLETED,0.52,24.0,3192,1429,8.22833250311576,0.0300437995195388,True,False
COMPLETED,0.55,2308.0,622,4296,0.4504739168127999,0.0156506835590116,False,True
COMPLETED,0.54,1896.0,850,2203,3.638067995724268,0.0217440131199546,False,True
COMPLETED,0.52,15.0,2965,4421,5.165847982309759,0.0367172105247154,True,False
COMPLETED,0.4699999999999999,21.0,3783,632,1.8890716800428928,0.0103964860471896,True,False
COMPLETED,0.56,2051.0,2443,3490,9.119213161268272,0.0449232915006577,False,True
COMPLETED,0.57,1603.0,2024,1804,1.5479855042956767,0.0341399009651504,True,True
COMPLETED,0.52,6.0,4281,4038,9.950972325013021,0.0243632370401173,False,False
COMPLETED,0.52,6.0,2760,248,2.92367428604234,0.0474934257068671,False,False
COMPLETED,0.57,1809.0,976,3093,5.780152257546783,0.0077700865892693,True,True
ABANDONED,,,105,1037,7.711672775296495,0.0016825280692428,True,True
COMPLETED,0.52,4.0,3632,3281,1.1062780969059092,0.0408257857426069,False,False
COMPLETED,0.52,4.0,4678,1993,6.567894561561756,0.0176947445860132,False,False
ABANDONED,,,1625,4827,4.415367772141472,0.0280514840544201,True,True
COMPLETED,0.5799999999999998,1012.0,1666,1227,0.2975709965182468,0.0439966019401326,False,True
COMPLETED,0.52,20.0,4570,3363,8.699196266667917,0.011016626861412,True,False
COMPLETED,0.52,18.0,3743,2154,4.175301329052076,0.0372405630387365,True,False
ABANDONED,,,62,4938,7.030718164606952,0.020720541160088,False,True
COMPLETED,0.5799999999999998,1003.0,1085,1712,8.960849139031954,0.015020075910259,False,True
COMPLETED,0.52,18.0,2719,3857,2.354412359021604,0.0309600229831412,True,False
COMPLETED,0.52,144.0,4324,146,5.3199116614796225,0.0047352280463092,True,False
ABANDONED,,,1913,2921,3.166042430319824,0.0382952838316559,False,True
COMPLETED,0.51,1294.0,2411,2412,6.245521618392319,0.0274132781266234,True,True
COMPLETED,0.52,4.0,3904,4563,2.765281730935909,0.018603458283469,False,False
COMPLETED,0.52,5.0,2847,851,9.47889900616277,0.041831076784525,False,False
ABANDONED,,,880,3622,1.7020967879146338,0.0011408935850486,True,True
COMPLETED,0.69,145.0,501,356,4.886202853826807,0.0068478851858526,True,True
COMPLETED,0.52,4.0,3225,2517,6.415020174137317,0.0481181431910954,False,False
COMPLETED,0.5,8.0,4756,1307,0.6397433582870289,0.024891171018593,False,False
ABANDONED,,,1559,4068,7.871232049146669,0.0331209101551212,True,True
COMPLETED,0.52,4.0,1359,1539,3.0413695908859366,0.0062611827002838,False,False
ABANDONED,,,4866,4301,5.818693115663716,0.0398212356274016,True,True
COMPLETED,0.65,265.0,3424,591,1.2752826633686198,0.0134997638612985,True,True
COMPLETED,0.52,4.0,391,2752,9.754972636926919,0.0294397080759517,False,False
COMPLETED,0.71,138.0,1,75,4.0299481771160455,0.05,True,True
COMPLETED,0.72,153.0,5000,36,3.859231955191139,0.05,False,True
COMPLETED,0.67,148.0,5000,276,4.759002973168922,0.05,False,True
COMPLETED,0.67,150.0,5000,251,4.726496428923413,0.05,False,True
COMPLETED,0.69,147.0,4599,128,4.787936641258258,0.05,False,True
COMPLETED,0.69,130.0,5000,231,4.723407267521666,0.05,False,True
COMPLETED,0.67,149.0,5000,257,5.075397292966081,0.05,False,True
COMPLETED,0.66,184.0,1,290,5.158877760747481,0.05,False,True
COMPLETED,0.65,190.0,5000,350,4.911589071035826,0.05,True,True
COMPLETED,0.7,4712.0,5000,2,4.882327831098754,0.05,False,True
COMPLETED,0.73,140.0,5000,19,4.013469551795788,0.05,False,True
COMPLETED,0.7,126.0,1,28,6.026188636316927,0.05,True,True
COMPLETED,0.7,117.0,1,148,8.198798032262031,0.05,True,True
COMPLETED,0.71,122.0,5000,98,5.617702423478159,0.05,False,True
COMPLETED,0.73,165.0,5000,30,4.371697729131895,0.05,False,True
COMPLETED,0.72,93.0,5000,60,4.619175623715575,0.05,False,True
COMPLETED,0.7,139.0,1,94,5.265655478223057,0.05,True,True
COMPLETED,0.72,136.0,5000,21,5.2284332215574665,0.05,False,True
COMPLETED,0.69,153.0,1,28,4.468303561606573,0.05,False,True
COMPLETED,0.7,199.0,5000,16,4.28069809448173,0.05,True,True
COMPLETED,0.7,544.0,1,7,4.941504126549194,0.05,False,True
COMPLETED,0.7,132.0,1,56,4.670208520085322,0.05,False,True
COMPLETED,0.72,146.0,5000,35,4.41453946254565,0.05,False,True
COMPLETED,0.73,230.0,1,13,3.989166648204661,0.05,True,True
COMPLETED,0.71,164.0,5000,16,4.468555745609339,0.05,False,True
COMPLETED,0.68,156.0,1,265,5.102357084583547,0.05,True,True
COMPLETED,0.69,135.0,1,194,5.030449111990131,0.05,True,True
COMPLETED,0.68,173.0,5000,281,5.5337806989794345,0.05,True,True
COMPLETED,0.69,126.0,5000,191,5.115638183152607,0.05,True,True
COMPLETED,0.69,143.0,1,219,5.940079602388313,0.05,False,True
COMPLETED,0.7,116.0,5000,155,5.136707225020317,0.05,True,True
COMPLETED,0.72,128.0,4999,118,5.081986757147311,0.05,False,True
COMPLETED,0.69,854.0,1,5,4.618301671936909,0.0357103059422583,True,True
COMPLETED,0.66,5842.0,3107,2,4.655517814350111,0.0302084464825831,False,True
COMPLETED,0.72,161.0,1,107,7.031413506888781,0.05,True,True
COMPLETED,0.72,124.0,1,40,3.6210429224548455,0.05,True,True
COMPLETED,0.71,109.0,5000,185,9.020265104040508,0.05,False,True
COMPLETED,0.72,149.0,5000,53,6.124388282594122,0.05,False,True
COMPLETED,0.71,108.0,5000,132,7.586870900073074,0.05,False,True
COMPLETED,0.7,110.0,5000,94,7.59661119643226,0.05,False,True
COMPLETED,0.74,161.0,1,23,3.5796588986013576,0.05,True,True
COMPLETED,0.69,121.0,1,158,7.785383567023876,0.05,False,True
COMPLETED,0.69,144.0,1,28,3.821845564047115,0.05,False,True
COMPLETED,0.73,348.0,1,10,3.898976592272862,0.05,True,True
COMPLETED,0.72,127.0,5000,69,4.409997436269871,0.05,True,True
COMPLETED,0.71,118.0,1,52,3.855977488179438,0.05,False,True
COMPLETED,0.73,136.0,1,27,4.114613404481843,0.05,True,True
COMPLETED,0.71,258.0,1,18,3.613509653719838,0.05,True,True
COMPLETED,0.71,165.0,5000,185,9.35995203755434,0.0294797536982539,True,True
COMPLETED,0.71,144.0,1,64,4.25603332252561,0.05,True,True
COMPLETED,0.73,167.0,5000,19,3.874304184932962,0.05,True,True
COMPLETED,0.71,141.0,1,52,3.946085938465239,0.05,True,True
COMPLETED,0.74,161.0,5000,23,3.930341380026179,0.05,True,True
COMPLETED,0.69,178.0,5000,28,3.362428082281589,0.05,True,True
COMPLETED,0.73,294.0,1,8,3.353186877044397,0.05,True,True
COMPLETED,0.72,376.0,5000,9,3.280341255190248,0.05,True,True
COMPLETED,0.72,110.0,1,44,3.703779193150097,0.05,True,True
COMPLETED,0.72,141.0,1,44,3.76785056149697,0.05,False,True
COMPLETED,0.72,121.0,4983,43,4.041263472794754,0.05,False,True
COMPLETED,0.7,251.0,1,16,3.002064838228581,0.05,True,True
COMPLETED,0.69,121.0,5000,82,8.403266723289635,0.05,False,True
COMPLETED,0.72,354.0,5000,10,3.851084814903977,0.05,False,True
COMPLETED,0.72,175.0,1,19,3.827257089487759,0.05,True,True
COMPLETED,0.7,166.0,2,87,8.298386782725894,0.05,True,True
COMPLETED,0.69,129.0,5000,173,8.834705701487819,0.0111071919114861,True,True
COMPLETED,0.69,117.0,1,92,7.370650536504329,0.0101006745337588,True,True
COMPLETED,0.71,131.0,1,33,4.353368834458914,0.05,False,True
COMPLETED,0.73,127.0,1,39,3.160354483973054,0.05,False,True
COMPLETED,0.72,122.0,1,96,6.590747977835583,0.05,False,True
COMPLETED,0.73,554.0,1,6,3.900516966089211,0.05,False,True
COMPLETED,0.66,198.0,5000,247,9.494227206581114,0.05,True,True
COMPLETED,0.7,155.0,5000,16,3.992659961689579,0.05,False,True
COMPLETED,0.71,109.0,5000,130,8.653820795189588,0.0055255417321393,True,True
COMPLETED,0.72,112.0,1,36,3.938725017856273,0.05,False,True
COMPLETED,0.71,129.0,1,27,4.089911658512027,0.05,False,True
COMPLETED,0.69,103.0,1,158,7.56004971534287,0.05,True,True
COMPLETED,0.71,111.0,1,42,3.949763495831842,0.05,True,True
COMPLETED,0.72,151.0,5000,182,8.922780491105206,0.0142976878857555,True,True
COMPLETED,0.7,111.0,5000,144,8.799152945634706,0.0089355002110283,True,True
COMPLETED,0.71,253.0,5000,132,7.665379060588109,0.006252775285218,False,True
COMPLETED,0.72,120.0,4983,40,3.900756596808095,0.05,True,True
COMPLETED,0.73,116.0,5000,37,4.957940624151631,0.05,True,True
COMPLETED,0.72,156.0,4983,41,3.865089788558334,0.05,False,True
COMPLETED,0.68,126.0,1,68,3.486716534932193,0.05,False,True
COMPLETED,0.66,277.0,5000,349,7.991763149891495,0.0085572422295801,True,True
COMPLETED,0.72,107.0,1,42,4.260615968147018,0.05,True,True
COMPLETED,0.7,118.0,5000,97,9.27465628366023,0.05,True,True
COMPLETED,0.65,345.0,1,390,7.820612974882873,0.0088748650348684,True,True
COMPLETED,0.7,112.0,5000,27,3.864449747891032,0.05,True,True
COMPLETED,0.73,132.0,1,26,3.942086152921186,0.05,True,True
COMPLETED,0.72,133.0,1,47,4.236801463217193,0.05,True,True
