Status,ACCURACY,RUNTIME,recent_samples_size,window_size,ev_threshold,delta,divergence_metric,sample_period,online_scaling
COMPLETED,0.0599999999999999,10839.0,567,3967,0.8455025925636291,0.1953329245746135,kl,0.0198790552467107,False
COMPLETED,0.0599999999999999,2063.0,2675,2258,0.2348730255253612,0.5320340474564582,intersection,0.0608367145527154,True
COMPLETED,0.07,1843.0,3862,3509,0.7171104304026811,0.2606414878629148,intersection,0.0985501640196889,False
COMPLETED,0.0599999999999999,3072.0,1568,219,0.3320776997692883,0.9813230096343905,kl,0.0519730837922543,True
COMPLETED,0.0599999999999999,6430.0,1974,2669,0.0781322890426963,0.8684177690669894,kl,0.0311742176115512,False
COMPLETED,0.0599999999999999,2804.0,4707,941,0.9388939622603356,0.404241254037246,intersection,0.0721290980651974,True
COMPLETED,0.0599999999999999,1705.0,3706,4692,0.4876992679741233,0.6783786482214927,intersection,0.0872605792246758,False
COMPLETED,0.05,6725.0,787,1420,0.6228894833289086,0.0796903427224606,kl,0.0406751197762787,True
COMPLETED,0.0599999999999999,1777.0,1155,3204,0.4279766157250851,0.449987055003643,intersection,0.0441377292387187,False
COMPLETED,0.0599999999999999,2993.0,3417,538,0.5579211971797048,0.791485092697665,kl,0.0935315144993364,True
COMPLETED,0.0599999999999999,8805.0,4447,4283,0.011100542364642,0.0026359275504946,kl,0.0574219831079244,False
COMPLETED,0.0599999999999999,3377.0,2312,1950,0.8812347705401479,0.7242463664468378,intersection,0.0136477905139327,True
COMPLETED,0.0599999999999999,1718.0,1311,4384,0.6517842724379151,0.6109165969155728,intersection,0.0329304884281009,False
COMPLETED,0.0599999999999999,4314.0,4197,1739,0.2727129044644534,0.1476385573390871,kl,0.0823269880842417,True
COMPLETED,0.0599999999999999,6394.0,3040,2985,0.7884601504858582,0.9335068459697068,kl,0.0686238154117018,False
COMPLETED,0.05,3162.0,280,631,0.1672245264165103,0.339645895095542,intersection,0.024857723088935,True
FAILED,,,102,2918,0.5295358385518192,0.644087496554479,kl,0.0781729840952903,True
COMPLETED,0.04,2140.0,2828,897,0.393986929738894,0.1144670145139098,intersection,0.0372152926865965,False
COMPLETED,0.0599999999999999,2684.0,4327,4647,0.9074270610287783,0.8419271804969757,intersection,0.0233868129085749,True
COMPLETED,0.0599999999999999,3199.0,1415,1670,0.0472832072619348,0.4312247389256954,kl,0.0699639253225177,False
FAILED,,,2446,4196,0.3010980957895517,0.2960253888387233,kl,0.0893777680024504,True
COMPLETED,0.0599999999999999,1718.0,4547,2156,0.6857740364987402,0.9454462123401463,intersection,0.0484229626506567,False
COMPLETED,0.0599999999999999,2170.0,3234,3407,0.1410320686250925,0.2229236367885023,intersection,0.0121764511801302,True
COMPLETED,0.05,2402.0,947,448,0.7522775636631995,0.5039578132592141,kl,0.0587618355266749,False
COMPLETED,0.0599999999999999,2195.0,688,4956,0.1986913123950362,0.8977517577353865,intersection,0.0764150023646652,True
COMPLETED,0.0599999999999999,6412.0,3572,1353,0.8193093623910099,0.3749078490696847,kl,0.0270211849175393,False
COMPLETED,0.0599999999999999,8020.0,4915,2599,0.3660664339885115,0.5829623097199946,kl,0.0420143013074994,True
COMPLETED,0.04,2030.0,2157,1203,0.7454967407975345,0.1751075623519718,intersection,0.0857885260879993,False
COMPLETED,0.0599999999999999,3048.0,1781,3716,0.9750755973160266,0.0375343084018677,intersection,0.0651221896987408,True
COMPLETED,0.05,3677.0,4040,133,0.1043256986010819,0.6898332677781582,kl,0.0157257651444524,False
FAILED,,,2570,3879,0.5889006710350513,0.4770924868937581,kl,0.0533125228155404,True
COMPLETED,0.0599999999999999,2151.0,438,2462,0.4593131248820573,0.7648727950677275,intersection,0.0970785400364548,False
FAILED,,,341,3572,0.0254706918280571,0.5183704948090015,kl,0.083275225078687,True
COMPLETED,0.04,2604.0,2590,281,0.8941534456349908,0.2401535485628992,intersection,0.0426719500403851,False
COMPLETED,0.0599999999999999,3313.0,3943,4032,0.4116722675841301,0.9676746555157004,intersection,0.0295399805996567,True
COMPLETED,0.0599999999999999,4361.0,1801,2324,0.5391393698789179,0.3054468556959182,kl,0.0757738346327096,False
FAILED,,,2059,4792,0.8009069871064276,0.4217575575113296,kl,0.0944825396500527,True
COMPLETED,0.05,1782.0,4934,1522,0.182066990237683,0.8196834793072194,intersection,0.0538764000125229,False
COMPLETED,0.0599999999999999,2694.0,3473,2773,0.6335052160378545,0.0972219042107462,intersection,0.0183382435142993,True
COMPLETED,0.0599999999999999,3002.0,707,1044,0.255906261306256,0.629629159932956,kl,0.0645638041570782,False
COMPLETED,0.0599999999999999,3739.0,1083,4341,0.7002933178078383,0.7739383308216929,intersection,0.0709720792621374,True
COMPLETED,0.0599999999999999,6565.0,3175,2007,0.3138091128058731,0.4986908900793641,kl,0.0219271850213408,False
FAILED,,,4683,3253,0.860385994447395,0.7066843465566635,kl,0.0362236194126308,True
COMPLETED,0.04,3297.0,2387,588,0.2472789361663162,0.0513549611549824,intersection,0.0796381063200533,False
COMPLETED,0.0599999999999999,2368.0,1553,3081,0.4689583666529506,0.161271651584655,intersection,0.0596769907418638,True
COMPLETED,0.0599999999999999,7793.0,4269,728,0.6065442092083394,0.5660655163843183,kl,0.0106347250659018,False
FAILED,,,2965,4474,0.0910404947008937,0.3532637908123433,kl,0.0475132994260639,True
COMPLETED,0.0599999999999999,1735.0,44,1827,0.9532745811603964,0.8886710234526544,intersection,0.0909359724353999,False
FAILED,,,183,4544,0.3497480472847819,0.0696311919968575,kl,0.0147884715627878,False
COMPLETED,0.0599999999999999,2615.0,3060,1565,0.7267294279430062,0.6577053922712803,intersection,0.0553917573299258,True
COMPLETED,0.0599999999999999,1863.0,4100,2816,0.2130455197617411,0.3863736583944409,intersection,0.0924073117692023,False
COMPLETED,0.0599999999999999,7355.0,1331,796,0.8322444554660469,0.8555602747425437,kl,0.0461734470073133,True
COMPLETED,0.0599999999999999,7841.0,2214,3342,0.5706051966547965,0.994165245944634,kl,0.0260811890102922,False
COMPLETED,0.04,2568.0,4466,384,0.4425224238205701,0.278463368948549,intersection,0.0666872750036418,True
COMPLETED,0.0599999999999999,2122.0,3318,4135,0.9875079194903372,0.5526616483349353,intersection,0.0811090165004134,False
COMPLETED,0.05,6536.0,1174,2094,0.1191822009850293,0.2053768749125301,kl,0.0348835095018148,True
COMPLETED,0.0599999999999999,1758.0,923,2510,0.9222959363833068,0.326158360781148,intersection,0.0495909248664975,False
COMPLETED,0.0599999999999999,3109.0,3647,1113,0.0597031564656645,0.915283319223672,kl,0.0986358298361301,True
COMPLETED,0.0599999999999999,11968.0,4843,4859,0.5127023079767822,0.1263732725922018,kl,0.0632243651337921,False
COMPLETED,0.05,2486.0,1915,1257,0.3757342848721891,0.6004786131940782,intersection,0.0198098674975335,True
COMPLETED,0.0599999999999999,1739.0,1705,3828,0.1539243321865796,0.7346386356111616,intersection,0.0383860457409173,False
COMPLETED,0.0599999999999999,11999.0,3804,2413,0.7666746005434542,0.0238859542831778,kl,0.0874282577726989,True
COMPLETED,0.0599999999999999,7876.0,2813,3659,0.2823431559056043,0.8096934209149331,kl,0.0744346531014889,False
COMPLETED,0.05,3258.0,509,75,0.6694432768244296,0.4634289342463016,intersection,0.0310120337363332,True
COMPLETED,0.05,2039.0,494,2794,0.2743802589140832,0.9060254075713456,intersection,0.0334323079418391,True
COMPLETED,0.0599999999999999,2371.0,2748,1065,0.6461577607300132,0.3198247531373054,kl,0.0824733619298785,False
FAILED,,,3788,4810,0.161582786437124,0.6068148381970822,kl,0.0681383895594626,True
COMPLETED,0.05,2206.0,1642,1540,0.7901427332069724,0.135632849836722,intersection,0.0247169282380491,False
COMPLETED,0.05,2386.0,1901,4014,0.5517919145710766,0.0302199188396334,intersection,0.0446368880011141,True
COMPLETED,0.0599999999999999,4232.0,4780,2306,0.4301462651919573,0.7438969041761011,kl,0.0936805490963161,False
FAILED,,,3633,3552,0.8833891917355358,0.4541694759726524,kl,0.05692840334028,True
COMPLETED,0.04,2810.0,861,261,0.0049864880274981,0.8033573148827999,intersection,0.0135151495784521,False
FAILED,,,1238,4495,0.9484184355847538,0.6669627982974052,kl,0.0323750429227948,True
COMPLETED,0.04,2039.0,3334,1848,0.0647700979765504,0.0759652457814663,intersection,0.0729827161133289,False
COMPLETED,0.0599999999999999,2704.0,4530,3099,0.6095120639912784,0.8492245553657412,intersection,0.0860651612468063,True
COMPLETED,0.05,2743.0,2229,747,0.4972389695700257,0.3771136350091546,kl,0.0398380670510232,False
FAILED,,,1393,3235,0.2210085394419729,0.2721289582513272,kl,0.021082713054493,True
COMPLETED,0.0599999999999999,2069.0,4115,570,0.8555298488717527,0.9849074830058961,intersection,0.0616875001881271,False
COMPLETED,0.05,2182.0,3123,4320,0.3420897157229483,0.2146367793269455,intersection,0.0973630716186016,True
COMPLETED,0.0599999999999999,4162.0,197,1986,0.7032611725907773,0.5589972487408666,kl,0.0511277054902166,False
COMPLETED,0.0599999999999999,2009.0,29,4078,0.0987589102704077,0.4884588449355214,intersection,0.0660156553145498,False
FAILED,,,2901,2036,0.9768045786768198,0.7685788566693663,kl,0.0169746335130184,True
COMPLETED,0.0599999999999999,7891.0,4254,3283,0.4610573345143347,0.0567161008995026,kl,0.0524246361944824,False
COMPLETED,0.0599999999999999,2490.0,1489,325,0.5833186544328927,0.7169190090596675,intersection,0.0958460653293877,True
COMPLETED,0.0599999999999999,1694.0,2373,2876,0.8215411146525293,0.5714253474492579,intersection,0.077311128731817,False
COMPLETED,0.0599999999999999,4517.0,4621,855,0.1926222290471196,0.1715040536411106,kl,0.0282673925347626,True
COMPLETED,0.0599999999999999,13379.0,3160,4601,0.7394428857211023,0.8784364799205214,kl,0.0411345686018467,False
COMPLETED,0.0599999999999999,2330.0,1021,1623,0.3682829579785465,0.3479027700386941,intersection,0.084547897465527,True
COMPLETED,0.0599999999999999,9290.0,770,3601,0.672350218521431,0.250386039847508,kl,0.089572227820754,False
ABANDONED,,,3489,17,0.310562845736742,0.5237294633351265,intersection,0.0489645868167281,True
COMPLETED,0.0599999999999999,2331.0,4998,3768,0.7617575418818741,0.3000852698106318,intersection,0.0119985566847026,False
COMPLETED,0.0599999999999999,6468.0,2074,2353,0.1275930223762989,0.957440498638898,kl,0.0582256186939776,True
COMPLETED,0.0599999999999999,12275.0,1863,4919,0.4039539747033268,0.8143241538684814,kl,0.0783646115008741,False
COMPLETED,0.0599999999999999,2957.0,3957,1317,0.5156092496737837,0.4115247093141078,intersection,0.0377597492653876,True
COMPLETED,0.0599999999999999,1917.0,2653,2568,0.0333718466553837,0.6398631978388875,intersection,0.0232005928363651,False
COMPLETED,0.0599999999999999,6685.0,355,1171,0.9173788777217268,0.1025833711251616,kl,0.0694360340666025,True
COMPLETED,0.0599999999999999,1816.0,414,4751,0.5965924371294677,0.3646758336685597,intersection,0.0602105468232184,False
FAILED,,,2517,1480,0.4828697718735784,0.8923923133257776,kl,0.0108152803126722,True
COMPLETED,0.0599999999999999,5633.0,4016,2726,0.9672012146525084,0.1804686723537743,kl,0.0469741643499583,False
COMPLETED,0.0599999999999999,2159.0,1727,998,0.0810734943505376,0.5931969424802809,intersection,0.0907390235271304,True
COMPLETED,0.0599999999999999,1787.0,2132,3452,0.3272482036687433,0.6951930691003799,intersection,0.0715029745921492,False
COMPLETED,0.0599999999999999,5002.0,4860,163,0.6908133842032402,0.0477666807156056,kl,0.022110401019454,True
COMPLETED,0.0599999999999999,8976.0,3547,3908,0.2378142308332026,0.7546382812783122,kl,0.0356763304211199,False
COMPLETED,0.0599999999999999,5000.0,633,2199,0.873809857038781,0.4717314958628266,intersection,0.0794493113271892,True
COMPLETED,0.0599999999999999,6534.0,1001,3045,0.1798504216335714,0.1246995355412364,kl,0.0957178467698395,False
COMPLETED,0.0599999999999999,2690.0,3257,692,0.8069607975687831,0.6494464948233217,intersection,0.0547614542208612,True
COMPLETED,0.0599999999999999,2008.0,4600,4442,0.261975300040096,0.4258631232976913,intersection,0.0170863710716366,False
COMPLETED,0.0599999999999999,9542.0,2470,1797,0.6312734191622585,0.8316929938774555,kl,0.0636733426153659,True
COMPLETED,0.0599999999999999,10312.0,1470,4226,0.8997354176230729,0.9400868571586906,kl,0.0845133646111935,False
COMPLETED,0.0599999999999999,2538.0,4352,1893,0.023726437581703,0.2857925108987838,intersection,0.0435541718360036,True
COMPLETED,0.0599999999999999,1901.0,2882,3144,0.5374103439040481,0.5141918809078633,intersection,0.0282964337337762,False
COMPLETED,0.0599999999999999,3199.0,127,478,0.4172390113007277,0.2282851334456354,kl,0.0748750475142151,True
COMPLETED,0.0599999999999999,2741.0,256,3389,0.7805239029694347,0.7822272107880562,intersection,0.0392257592175155,True
COMPLETED,0.05,2267.0,2987,430,0.1439123608469962,0.443653477102518,kl,0.0886210149992257,False
FAILED,,,4174,4176,0.6594160772133618,0.7305825617071241,kl,0.0735785459633916,True
COMPLETED,0.0599999999999999,2171.0,1257,2136,0.2962076866030692,0.0118954750522971,intersection,0.0298136975150555,False
COMPLETED,0.0599999999999999,2214.0,2287,4667,0.0501634994838386,0.1539724921528249,intersection,0.0504332990944385,True
COMPLETED,0.0599999999999999,3160.0,4393,1690,0.9356734003350138,0.6201748357377946,kl,0.0998259263113141,False
FAILED,,,3392,2936,0.3890965205524116,0.3303864665646106,kl,0.0623764119111001,True
COMPLETED,0.05,1982.0,1100,915,0.5031778792664408,0.9271707696802914,intersection,0.0186033773608505,False
FAILED,,,841,3860,0.4486364335436374,0.5412914832253009,kl,0.0262191514484584,True
COMPLETED,0.05,2055.0,3730,2444,0.5684507308453322,0.2016670062430203,intersection,0.0671755332686007,False
COMPLETED,0.0599999999999999,2531.0,4760,3695,0.1170125069040805,0.9749872605148702,intersection,0.0809656467288732,True
COMPLETED,0.05,3129.0,1998,112,0.993637157484889,0.2513814347349107,kl,0.03437868591398,False
FAILED,,,1623,2620,0.7250468006078153,0.3979068135973066,kl,0.0149236015882343,True
COMPLETED,0.0599999999999999,1716.0,3887,1224,0.3553897426500916,0.8591599763855337,intersection,0.0558828480076044,False
COMPLETED,0.0599999999999999,2651.0,2730,4975,0.8378709225598722,0.0889502768795937,intersection,0.0922556164208799,True
COMPLETED,0.0599999999999999,3336.0,592,1371,0.2113781206980347,0.6847142783701419,kl,0.0456769489962607,False
COMPLETED,0.05,2571.0,616,3276,0.7341311923153698,0.0054104881286621,intersection,0.0754761575441807,True
COMPLETED,0.05,3393.0,2705,609,0.3726179005336016,0.7214707053881138,kl,0.0292450829502195,False
FAILED,,,3891,4357,0.8240562769062816,0.4468993630930781,kl,0.042969627128914,True
COMPLETED,0.0599999999999999,2077.0,1617,2025,0.1891303159426897,0.7945719815548509,intersection,0.0835701227281242,False
COMPLETED,0.0599999999999999,2366.0,2023,4457,0.466496562834829,0.930685046520084,intersection,0.0641809937544167,True
COMPLETED,0.05,7073.0,4736,1811,0.5788523698952049,0.3424666535500436,kl,0.0179526979289948,False
COMPLETED,0.0599999999999999,10503.0,3735,3060,0.0963712829314172,0.6139277979917824,kl,0.0542592104151845,True
COMPLETED,0.04,2442.0,837,706,0.9801651497986168,0.144626493724063,intersection,0.0948680852353572,False
FAILED,,,1125,4050,0.0367038629092276,0.2654120301790535,kl,0.080045614503324,True
COMPLETED,0.0599999999999999,2203.0,3368,2340,0.9150236123185604,0.9765535083133728,intersection,0.0366284125298261,False
COMPLETED,0.0599999999999999,3045.0,4398,3594,0.3995200483836233,0.190372978772968,intersection,0.0215196768380701,True
COMPLETED,0.0599999999999999,2087.0,2283,304,0.5210199268441646,0.5369948539379983,kl,0.070567286144942,False
FAILED,,,1281,2750,0.7582979869954288,0.6736543930098414,kl,0.0912528541404754,True
COMPLETED,0.05,2036.0,4149,1022,0.1300796334799379,0.0844156984146684,intersection,0.0478329377714544,False
COMPLETED,0.0599999999999999,2732.0,2992,4775,0.676656606208533,0.8734551556110381,intersection,0.0103178433608263,True
COMPLETED,0.0599999999999999,3606.0,251,1504,0.3052835142668336,0.3992046705465763,kl,0.0593573523964732,False
COMPLETED,0.0599999999999999,2184.0,151,4882,0.8868811066988855,0.578168902689591,intersection,0.046493751546368,False
COMPLETED,0.0599999999999999,3825.0,2857,1279,0.0024713239148259,0.1798998689018189,kl,0.0927249012421816,True
COMPLETED,0.0599999999999999,4664.0,4356,2527,0.5474569738749415,0.9027193381208926,kl,0.0550714527908712,False
COMPLETED,0.05,3194.0,1465,1132,0.43545795673877,0.3699394656307995,intersection,0.0144708820898085,True
COMPLETED,0.0599999999999999,1981.0,2495,3641,0.1582222171742469,0.4818091651480644,intersection,0.0352889688126742,False
COMPLETED,0.05,4289.0,4577,58,0.7925303586870431,0.7601550758183002,kl,0.0815172324515879,True
COMPLETED,0.0599999999999999,8331.0,3263,3806,0.2788465453106909,0.0325197270866483,kl,0.0662818156927824,False
COMPLETED,0.0599999999999999,2556.0,997,2390,0.6407185305505991,0.694846986554563,intersection,0.0256729730591177,True
COMPLETED,0.0599999999999999,9289.0,658,2834,0.3366790404114872,0.8391601968761533,kl,0.0194236128032207,False
COMPLETED,0.05,3825.0,3523,812,0.7076950970515608,0.4339927635416388,intersection,0.062840889878571,True
COMPLETED,0.0599999999999999,1757.0,4866,4565,0.2233638067040592,0.6471523832362144,intersection,0.0990220845304429,False
COMPLETED,0.0599999999999999,12795.0,2128,1588,0.8521978307589888,0.1114029903709888,kl,0.0499744001217186,True
COMPLETED,0.0599999999999999,9438.0,1751,4112,0.6147913973201066,0.2257683009523898,kl,0.0307164269778877,False
COMPLETED,0.0599999999999999,3145.0,3991,2072,0.4929325800240039,0.5011142495758831,intersection,0.0741363111604005,True
COMPLETED,0.05,2624.0,2522,3326,0.9459318263400344,0.2930065513197332,intersection,0.0877238645311445,False
COMPLETED,0.05,3608.0,408,367,0.068229651004076,0.9484658529125152,kl,0.0386843876820057,True
COMPLETED,0.0599999999999999,2023.0,390,4266,0.3865811184979975,0.7039163293763994,intersection,0.0515868512261658,False
COMPLETED,0.0599999999999999,8057.0,2620,1933,0.5066695562880486,0.0541219373401254,kl,0.0981666666362434,True
COMPLETED,0.0599999999999999,6601.0,3973,3181,0.0554749530889093,0.7770023475289344,kl,0.0612229471188038,False
COMPLETED,0.0599999999999999,3072.0,1849,516,0.9313382216971368,0.495626010833308,intersection,0.0202625527139753,True
COMPLETED,0.0599999999999999,2117.0,2108,3007,0.6618039406351744,0.3561073619313537,intersection,0.0403795351460576,False
COMPLETED,0.0599999999999999,2849.0,4963,654,0.2928473552819341,0.8858263518530874,kl,0.086962215155363,True
COMPLETED,0.0599999999999999,10728.0,3503,4402,0.7750849107317626,0.1582520035766065,kl,0.0724246826954186,False
COMPLETED,0.05,2150.0,755,1756,0.148378885185346,0.5690843613389879,intersection,0.0314725816808641,True
COMPLETED,0.0599999999999999,13512.0,1055,3488,0.8423050849623978,0.962882341530174,kl,0.0139681158401072,False
COMPLETED,0.05,2459.0,3126,197,0.2059676833283156,0.3102402701620012,intersection,0.0577395517937839,True
COMPLETED,0.0599999999999999,1874.0,4635,3950,0.7217150204367935,0.5233388856835663,intersection,0.0932111891731619,False
COMPLETED,0.0599999999999999,8926.0,2358,2242,0.3577452478539198,0.2351859607417136,kl,0.0438201605528593,True
COMPLETED,0.0599999999999999,13494.0,1524,4708,0.1127058794163167,0.1019396160244941,kl,0.0252632031869143,False
COMPLETED,0.0599999999999999,3542.0,4220,1438,0.9989162528719752,0.6249124891143291,intersection,0.0690320105757564,True
COMPLETED,0.0599999999999999,2006.0,2916,2691,0.4520957486294209,0.4167438461706042,intersection,0.0819215079862624,False
COMPLETED,0.05,7101.0,15,962,0.565963883658871,0.8246980531867593,kl,0.0325222932640463,True
COMPLETED,0.05,2694.0,232,2583,0.2421494113299995,0.1311427664775401,intersection,0.0703714542929083,True
COMPLETED,0.05,6823.0,3090,1186,0.8684984015747905,0.5957080783136189,kl,0.0237915852386504,False
FAILED,,,4130,4934,0.3237565285060554,0.3211975617352872,kl,0.0368077637162059,True
COMPLETED,0.0599999999999999,2112.0,1379,1332,0.6933287843987345,0.9202432557307184,intersection,0.0777682117652147,False
COMPLETED,0.0599999999999999,2791.0,2263,3900,0.9627346921730786,0.8049680577870458,intersection,0.0590787380188703,True
COMPLETED,0.05,14107.0,4496,2485,0.08651248472929,0.4681531968936324,kl,0.0124960687384009,False
FAILED,,,3348,3733,0.5999527703095227,0.7396752265375107,kl,0.0481060601584613,True
COMPLETED,0.11,2646.0,1223,149,0.4804819065928458,0.0188485603034496,intersection,0.0890581504441797,False
FAILED,,,895,4625,0.5350548405591398,0.3891493268888443,kl,0.0854908711276948,True
COMPLETED,0.0599999999999999,2251.0,3598,1647,0.4205707896128296,0.8527857067286968,intersection,0.0417193815298378,False
COMPLETED,0.0599999999999999,4128.0,4794,2900,0.9051458568517118,0.0665442957039922,intersection,0.0273188398778438,True
COMPLETED,0.0599999999999999,2716.0,1886,880,0.0192922733202576,0.6607930916175246,kl,0.0767099221423268,False
COMPLETED,0.0599999999999999,12711.0,1676,3424,0.2644621490854769,0.549840897316113,kl,0.0966957517620176,True
COMPLETED,0.05,2634.0,3755,466,0.627814102217555,0.2081986669264733,intersection,0.0529269551020115,False
COMPLETED,0.0599999999999999,2890.0,2764,4219,0.1745713281054049,0.9971773021239788,intersection,0.0161085534188896,True
COMPLETED,0.0599999999999999,4693.0,480,2178,0.811267423197627,0.2754521753080189,kl,0.0655077574122697,False
COMPLETED,0.0599999999999999,11237.0,543,4420,0.1357225185539573,0.8464493627548217,kl,0.0903335749451071,False
COMPLETED,0.0599999999999999,3008.0,2778,1774,0.7566146458350121,0.3798896306734532,intersection,0.0465659376699477,True
COMPLETED,0.0599999999999999,1934.0,3818,3027,0.3036154013779014,0.670051122240722,intersection,0.0112207288946956,False
COMPLETED,0.0599999999999999,4803.0,1690,675,0.6822842630110681,0.0728780223187059,kl,0.060618773503229,True
COMPLETED,0.0599999999999999,6597.0,1950,3160,0.9128679568003863,0.2174580062292516,kl,0.0791289960592985,False
COMPLETED,0.05,2726.0,4810,496,0.0428185864575207,0.5561768843773752,intersection,0.0353587516769766,True
COMPLETED,0.0599999999999999,1871.0,3663,4249,0.5271498786639423,0.2691183297224342,intersection,0.0224307162873446,False
COMPLETED,0.0599999999999999,8586.0,909,1914,0.3973491645939647,0.9879191525299102,kl,0.0718205533362925,True
COMPLETED,0.0599999999999999,1719.0,1209,2709,0.5922305476721375,0.6020439166612923,intersection,0.0639689601026475,False
COMPLETED,0.05,8100.0,3285,981,0.4569557161442935,0.1404029088336974,kl,0.017384702283889,True
COMPLETED,0.0599999999999999,11478.0,4481,4729,0.9706395313795656,0.9109857307337224,kl,0.0544658367335796,False
COMPLETED,0.0599999999999999,2394.0,2200,1458,0.1097342324368655,0.3148633889798074,intersection,0.0954195155575871,True
COMPLETED,0.0599999999999999,2169.0,1365,3929,0.3626052153687924,0.458893411450088,intersection,0.0752612914796918,False
FAILED,,,4065,2221,0.74798168445006,0.7986325763519853,kl,0.0286799197178334,True
COMPLETED,0.0599999999999999,7317.0,3075,3470,0.2029960363488644,0.0251828520298004,kl,0.0431679278705269,False
COMPLETED,0.0599999999999999,3085.0,168,179,0.814028363469988,0.7489328705053776,intersection,0.0841298786271363,True
FAILED,,,78,3674,0.4911890396028756,0.3048790114466101,kl,0.0301965186465531,True
COMPLETED,0.04,2109.0,2931,90,0.6203721795994788,0.952647560056299,intersection,0.07396408081986,False
COMPLETED,0.0599999999999999,2236.0,4283,3843,0.0737952050119638,0.2454181248564273,intersection,0.0882381938677281,True
COMPLETED,0.0599999999999999,4754.0,1538,2428,0.9442035141903908,0.5286984788067639,kl,0.0388402243610471,False
RUNNING,,,2422,4991,0.7137481936886906,0.6351469136755913,kl,0.0189010437205433,True
COMPLETED,0.0599999999999999,1966.0,4650,1389,0.3344636615160852,0.1073005178272724,intersection,0.0626713202893734,False
COMPLETED,0.0599999999999999,2742.0,3190,2642,0.8499672235921025,0.8193383410926907,intersection,0.0995282599516213,True
COMPLETED,0.0599999999999999,3024.0,1069,1245,0.2294321316126733,0.4065115630850195,kl,0.0501383907161653,False
COMPLETED,0.0599999999999999,2623.0,741,4159,0.7830516147911548,0.0594836421962827,intersection,0.0340618149377405,True
COMPLETED,0.0599999999999999,3810.0,3440,2118,0.1716605942118912,0.7141506052240729,kl,0.0806459976546466,False
RUNNING,,,4949,3367,0.6541416793167592,0.4853934005778283,kl,0.0674924042448401,True
COMPLETED,0.04,2010.0,2045,409,0.269383029686287,0.7716432600319385,intersection,0.026538800522685,False
COMPLETED,0.05,2082.0,1835,2958,0.0163815394267439,0.875592432918027,intersection,0.045269430084154,True
COMPLETED,0.0599999999999999,2179.0,3908,937,0.8769300484452396,0.3507460139878094,kl,0.0918508340325206,False
FAILED,,,2605,4685,0.4254916702136397,0.5744435678068547,kl,0.0562903669197112,True
COMPLETED,0.04,2374.0,326,1707,0.5613824176583438,0.1684847328029573,intersection,0.0153283839765936,False
FAILED,,,463,3117,0.9849908537026494,0.4286315345689654,kl,0.0244000364746898,True
COMPLETED,0.0599999999999999,1810.0,2546,763,0.1226722105555236,0.8289254451449959,intersection,0.0678187612723559,False
COMPLETED,0.0599999999999999,2383.0,4045,4516,0.5759149865265935,0.1216351247429847,intersection,0.0827902536932379,True
COMPLETED,0.0599999999999999,4713.0,1776,1871,0.4381855777315795,0.6525119466166943,kl,0.0337519362289458,False
FAILED,,,2181,4298,0.2154312435667961,0.5113486443944275,kl,0.0131076098792254,True
COMPLETED,0.05,1998.0,4890,1965,0.8288819808103143,0.2311291730124503,intersection,0.0565236417390406,False
COMPLETED,0.0599999999999999,2158.0,3576,3218,0.344306915430352,0.9431061705611646,intersection,0.0940880887955427,True
COMPLETED,0.0599999999999999,2666.0,682,553,0.7311938089467585,0.2827742979768663,kl,0.0450416496023535,False
COMPLETED,0.05,2280.0,971,4833,0.2867789857592433,0.185261603500694,intersection,0.0402208660542964,True
COMPLETED,0.0599999999999999,3020.0,3209,1562,0.6640345031879841,0.588403208279982,kl,0.0864507182314992,False
COMPLETED,0.0599999999999999,9236.0,4552,2810,0.1505942194666713,0.3597068256326019,kl,0.0725999171100556,True
COMPLETED,0.0599999999999999,1883.0,2441,1083,0.7690317694805562,0.897360220881179,intersection,0.031989485938102,False
COMPLETED,0.0599999999999999,2384.0,1440,3534,0.5083978238236158,0.749921127140522,intersection,0.051425349721685,True
COMPLETED,0.0599999999999999,1960.0,4303,244,0.381015519876033,0.4764477874618023,kl,0.0976580021250993,False
FAILED,,,2833,3992,0.925757394803688,0.7002062227651475,kl,0.0613898559566587,True
COMPLETED,0.05,2018.0,98,2283,0.057218448895961,0.0427524860557168,intersection,0.0207877825479954,False
COMPLETED,0.0599999999999999,8240.0,305,3786,0.6378420602679252,0.9702171940822154,kl,0.0961416606884449,False
COMPLETED,0.0599999999999999,2173.0,3016,2370,0.2505964732933788,0.2561523637063801,intersection,0.0527229895349592,True
COMPLETED,0.0599999999999999,1867.0,4203,3623,0.7974169756770134,0.5462528548184781,intersection,0.0166790381539613,False
COMPLETED,0.0599999999999999,2855.0,1307,41,0.1845840578842908,0.1967066756449639,kl,0.065717301974073,True
COMPLETED,0.0599999999999999,4792.0,2336,2545,0.4072078847214579,0.0936750079747289,kl,0.0849341193027794,False
COMPLETED,0.0599999999999999,2428.0,4422,1149,0.5445805035922676,0.6799903503283858,intersection,0.0415180767141282,True
COMPLETED,0.0599999999999999,1823.0,3421,4902,0.0288331646248698,0.3928708547037094,intersection,0.0278811706975102,False
COMPLETED,0.0599999999999999,7784.0,1150,1299,0.8917677236888558,0.8641970357596874,kl,0.0769276206195354,True
COMPLETED,0.0599999999999999,1741.0,811,3305,0.0886833239048719,0.7278065734785049,intersection,0.0578201493248343,False
COMPLETED,0.0599999999999999,13665.0,3681,346,0.9566046957392244,0.0146706602275371,kl,0.0115903507918119,True
COMPLETED,0.0599999999999999,9230.0,4712,4094,0.4743671384304761,0.7853144268151373,kl,0.0493700561858713,False
COMPLETED,0.0599999999999999,2824.0,1968,2054,0.6021083812136203,0.4405651605948806,intersection,0.0899804337136447,True
COMPLETED,0.0599999999999999,1993.0,1593,4584,0.8628707001581787,0.3332068383637815,intersection,0.069115698011592,False
COMPLETED,0.0599999999999999,7659.0,3838,1606,0.2438174796048551,0.924349535342306,kl,0.0228830348793417,True
COMPLETED,0.0599999999999999,6028.0,2681,2855,0.6950120809450746,0.1509608151931315,kl,0.0380800853203982,False
COMPLETED,0.0599999999999999,3369.0,563,833,0.3181135988179594,0.623185471702367,intersection,0.0786821694578975,True
COMPLETED,0.05,2102.0,547,2870,0.1247978761196136,0.2845182259827852,intersection,0.01153220561333,False
COMPLETED,0.05,8560.0,2695,829,0.9857908603120596,0.9418506142627447,kl,0.0581093495432287,True
COMPLETED,0.0599999999999999,10896.0,3843,4577,0.4407975962162017,0.234803886719048,kl,0.0900275055598467,False
COMPLETED,0.0599999999999999,2718.0,1588,1619,0.5762286402154713,0.5081549262013286,intersection,0.049069954296574,True
COMPLETED,0.0599999999999999,2038.0,1954,4091,0.8300321149751543,0.6554760435931384,intersection,0.0228218760713934,False
COMPLETED,0.0599999999999999,5183.0,4727,2070,0.2191560003254562,0.1181886046025902,kl,0.0694072275608778,True
COMPLETED,0.0599999999999999,8016.0,3687,3319,0.7328321995660662,0.829921890322119,kl,0.0787324289418756,False
COMPLETED,0.04,2534.0,807,340,0.3475434157345443,0.4271452900338917,intersection,0.0377774847857654,True
COMPLETED,0.0599999999999999,12073.0,1136,4884,0.667254760250449,0.0411337135471403,kl,0.0526603803224861,False
COMPLETED,0.05,2169.0,3436,1300,0.2884299315232783,0.7013442377019674,intersection,0.0964346379600465,True
COMPLETED,0.0599999999999999,1736.0,4428,2554,0.7727383794635533,0.4728915668837725,intersection,0.06576883751899,False
COMPLETED,0.0599999999999999,6943.0,2332,1139,0.1517588123101741,0.7529887380693107,kl,0.0163751588761806,True
COMPLETED,0.0599999999999999,8098.0,1291,3624,0.3813110267892479,0.8940339747145772,kl,0.0414586340170353,False
COMPLETED,0.08,2904.0,4217,22,0.5110243009869008,0.3635231090988964,intersection,0.0852246197219938,True
COMPLETED,0.0599999999999999,1890.0,3021,3775,0.0580022122636437,0.5870379515439272,intersection,0.0769761643279343,False
RUNNING,,,300,2378,0.9278956155125052,0.1871090454589575,kl,0.0275795996282249,True
COMPLETED,0.0599999999999999,3409.0,82,3998,0.2541973776575177,0.8648297888431699,intersection,0.0865198606345802,True
COMPLETED,0.0599999999999999,4352.0,2848,2270,0.6391122397594153,0.3927264807634055,kl,0.0399426416028291,False
COMPLETED,0.0599999999999999,13464.0,4308,3518,0.1876967057939618,0.6825833790171891,kl,0.0319094445463269,True
COMPLETED,0.0599999999999999,2149.0,1435,248,0.7991754116229713,0.0915629822351038,intersection,0.0728670709114521,False
COMPLETED,0.0599999999999999,2406.0,2427,2797,0.5452566578071564,0.1990468949507921,intersection,0.0977301363646984,True
COMPLETED,0.0599999999999999,3411.0,4567,1088,0.4094535956121981,0.5434302049130201,kl,0.0511448170617222,False
RUNNING,,,3214,4836,0.8919575249832123,0.2565544211175292,kl,0.0207045746408402,True
COMPLETED,0.05,1736.0,967,1546,0.0315652284361422,0.969325329877436,intersection,0.0616594866104424,False
RUNNING,,,668,3210,0.9593547799196092,0.6224351772572844,kl,0.0678923673741519,True
COMPLETED,0.04,2191.0,3591,563,0.0888590308688581,0.1512303446307778,intersection,0.0241180346347391,False
COMPLETED,0.0599999999999999,2957.0,4895,4316,0.6043702089395374,0.9216303993891924,intersection,0.0336674308031797,True
COMPLETED,0.0599999999999999,3557.0,2177,1964,0.4750311018489301,0.3354373572319745,kl,0.0830611845478415,False
FAILED,,,1761,4527,0.24559203238599,0.4385947046149522,kl,0.0565940602030605,True
COMPLETED,0.0599999999999999,2602.0,4060,1862,0.865971157271415,0.7877749275304377,intersection,0.0128281066846102,False
COMPLETED,0.05,3177.0,2551,3116,0.319401798678562,0.0146298002395778,intersection,0.0449601578060537,True
COMPLETED,0.0599999999999999,2049.0,458,782,0.6985988909788429,0.7283296261243521,kl,0.094356690319255,False
COMPLETED,0.0599999999999999,2534.0,321,4672,0.7540025046616792,0.9905772601440548,intersection,0.0803775666188448,True
COMPLETED,0.0599999999999999,4361.0,2610,1713,0.1354089875537902,0.2669485938157886,kl,0.0341438205447048,False
FAILED,,,3923,2961,0.6801584747582674,0.5568663735538721,kl,0.0268181308824569,True
COMPLETED,0.0599999999999999,1955.0,1820,921,0.302815517457202,0.2172495125662535,intersection,0.0674214696232229,False
COMPLETED,0.05,2336.0,2040,3373,0.0411800731495022,0.0733451660908758,intersection,0.0915793893672525,True
COMPLETED,0.0599999999999999,2818.0,4953,396,0.9096315791849046,0.6691015553046018,kl,0.0453537650220096,False
FAILED,,,3454,4144,0.3961989077404141,0.3822865935079753,kl,0.0156109019741415,True
COMPLETED,0.0599999999999999,1907.0,726,2122,0.5234252445939928,0.8435626005623489,intersection,0.0562169336527586,False
COMPLETED,0.0599999999999999,14029.0,1064,2653,0.4532489834725856,0.7461572178117931,kl,0.0736939336732029,True
COMPLETED,0.0599999999999999,2127.0,3194,1237,0.5910660775173455,0.0274777471516281,intersection,0.0302795533835887,False
COMPLETED,0.0599999999999999,2232.0,4664,4990,0.1065138526856899,0.7978169761933385,intersection,0.0391212704963982,True
COMPLETED,0.0599999999999999,2830.0,2407,1407,0.9689887083042412,0.4592204019594937,kl,0.0881662297807633,False
FAILED,,,1533,3834,0.7471977983936667,0.3147660048156976,kl,0.0624043396580964,True
FAILED,,,4289,2438,0.3604671173486858,0.9115731521975248,intersection,0.0189816016051918,False
FAILED,,,2946,3692,0.8137327338680624,0.1383671397045254,intersection,0.0504164450149983,True
FAILED,,,63,88,0.2003696818742901,0.6045618710126727,kl,0.0994586040731519,False
FAILED,,,164,3466,0.6172594090010971,0.4102504002321511,intersection,0.0176861032005399,False
FAILED,,,3080,195,0.4894307263456285,0.8160878830887376,kl,0.0639199029188603,True
FAILED,,,4081,3943,0.9406024871375412,0.1091021597180515,kl,0.0951291883084923,False
FAILED,,,1350,2215,0.0725251482091844,0.6338262747339904,intersection,0.0545257959235459,True
FAILED,,,2195,4744,0.3342737375330179,0.5297590399887412,intersection,0.0289843124710023,False
FAILED,,,4485,1455,0.7110162525661289,0.24387513307482,kl,0.0752099260874092,True
FAILED,,,3299,2703,0.2287558547090738,0.9556693634819238,kl,0.0838363848626613,False
FAILED,,,1193,994,0.847721635390073,0.301367401227355,intersection,0.0432303639128804,True
FAILED,,,904,4249,0.1693986437972634,0.1648710548710078,kl,0.0468690543621778,False
FAILED,,,3667,1896,0.7823877740614115,0.577576480731368,intersection,0.0902834882959723,True
FAILED,,,4824,3149,0.2666328228171914,0.3490628689434379,intersection,0.0603267301432788,False
FAILED,,,1934,504,0.6539660950414836,0.876786960877478,kl,0.0112817172147333,True
FAILED,,,1686,3009,0.8756417258959263,0.7702205533776432,kl,0.0356586807314306,False
FAILED,,,3823,676,0.0127948520816862,0.4873061519674956,intersection,0.0790814080554991,True
FAILED,,,2793,4429,0.5596077421884984,0.7107599939573556,intersection,0.0715315236058086,False
FAILED,,,528,1763,0.4223913357891142,0.0633564461208879,kl,0.022489375276491,True
FAILED,,,475,4201,0.504894051739946,0.5673419669419527,kl,0.0419549395795911,True
FAILED,,,2768,2179,0.3834816131517291,0.1595100638400763,intersection,0.085376507518813,False
FAILED,,,3769,3433,0.9300509736035018,0.8821467621996998,intersection,0.0764852660987526,True
FAILED,,,1661,455,0.0518871912881731,0.3592952412571758,kl,0.0274442771542817,False
FAILED,,,1882,2902,0.290098222868517,0.4926672619692981,kl,0.0531650114618241,True
FAILED,,,4800,862,0.6616272819042205,0.7804551861379295,intersection,0.0965782001800835,False
FAILED,,,3613,4615,0.1461161056924611,0.053124430719763,intersection,0.065280771702528,True
FAILED,,,880,1656,0.7744218990802764,0.7054005495477467,kl,0.0162370039895176,False
FAILED,,,1218,3749,0.205290577346459,0.8263219507373869,intersection,0.0240281724184751,True
FAILED,,,3354,146,0.8400603258386254,0.4156118968892842,kl,0.0702553745731711,False
FAILED,,,4511,3894,0.357556398326531,0.6284669195525348,kl,0.077542526256293,True
FAILED,,,2248,2498,0.7189820048585533,0.098869281778112,intersection,0.036934916768223,False
FAILED,,,1374,4930,0.9953163002748042,0.2385135174468159,intersection,0.0127303480450063,True
FAILED,,,4134,1347,0.1114347481578588,0.519524853369221,kl,0.0589656504709273,False
FAILED,,,3104,2596,0.5628502839822322,0.3115999222546815,kl,0.0888349421229213,True
FAILED,,,217,1179,0.4503382644504308,0.9610283617507666,intersection,0.0482300470303744,False
FAILED,,,10,2683,0.8682019428946078,0.0182183186206966,kl,0.0574929968547076,False
FAILED,,,2920,974,0.2395238859336823,0.7398211415223777,intersection,0.0140715040173381,True
FAILED,,,4234,4726,0.6925459727980195,0.4655543367732316,intersection,0.0440777864772826,False
FAILED,,,1508,1437,0.3216173560302704,0.8070752150155603,kl,0.0931187003199011,True
FAILED,,,2354,3961,0.0832931794337928,0.9179093474578112,kl,0.0687829784490168,False
FAILED,,,4640,2233,0.961082794642076,0.3240255523175001,intersection,0.0253697575442492,True
FAILED,,,3141,3487,0.4767743448428809,0.5953039891030639,intersection,0.0327822270616889,False
FAILED,,,1040,215,0.5987891292329877,0.1320335618034005,kl,0.0818260269612073,True
FAILED,,,751,4408,0.4194197036810219,0.2762085279729217,intersection,0.0979190822318196,False
FAILED,,,3509,1742,0.5313310355674475,0.996912890292704,kl,0.051691955178976,True
FAILED,,,4979,2991,0.0176548344679176,0.210915072126314,kl,0.02052120776847,False
FAILED,,,2093,658,0.9019084047805516,0.5476085808724164,intersection,0.0611287421546876,True
FAILED,,,1844,3168,0.6256893884204326,0.6627658061850816,intersection,0.0867169604171067,False
FAILED,,,3977,523,0.2636611907090991,0.0640851129628717,kl,0.0404816258046776,True
FAILED,,,2634,4271,0.8086544529460371,0.8528200363311916,kl,0.0317287384252995,False
FAILED,,,374,1917,0.1742586261834949,0.3886206770353018,intersection,0.0723336657043546,True
FAILED,,,394,3337,0.3739052713159471,0.1419708863571286,kl,0.0629324233625084,False
FAILED,,,2537,358,0.7377188314273952,0.6160990712251513,intersection,0.0191676292289048,True
FAILED,,,3997,4111,0.190905943179503,0.3417713217884302,intersection,0.0498717959877103,False
FAILED,,,1747,2091,0.8271556595638394,0.930888667954132,kl,0.0992671691160649,True
FAILED,,,2112,4557,0.5811152720768004,0.7941111525334417,kl,0.0742303429543972,False
FAILED,,,4880,1599,0.4671594517976045,0.4478542818594724,intersection,0.0304572554305195,True
FAILED,,,3528,2852,0.9829144049007444,0.7190717144720256,intersection,0.0385794538818299,False
FAILED,,,653,811,0.0965478189736604,0.0082961925957351,kl,0.0879719624109566,True
FAILED,,,981,3793,0.91521258453466,0.4019863851778209,intersection,0.0928202117793262,False
FAILED,,,3277,2396,0.039436755798757,0.8711653892491013,kl,0.046233303938061,True
FAILED,,,4581,3645,0.521697155514732,0.085228571537882,kl,0.014364500567317,False
FAILED,,,2490,43,0.401764684818685,0.6733256160784513,intersection,0.0553210010752081,True
FAILED,,,1451,2533,0.1331933558452874,0.5370944855362176,intersection,0.0816102351155132,False
FAILED,,,4371,1118,0.7600553484857082,0.1897868715655058,kl,0.0350315133761614,True
FAILED,,,2863,4866,0.3088835895527154,0.9785827359035612,kl,0.0255690687242895,False
FAILED,,,147,1282,0.6779276147782802,0.2628884749021381,intersection,0.0665281977970152,True
FAILED,,,237,4777,0.0032542582042515,0.6911096941698343,kl,0.0365039095003157,True
FAILED,,,3007,1486,0.8890201564859598,0.0357726927734911,intersection,0.080268649989739,False
FAILED,,,4154,2739,0.4357545381076634,0.7583485691342503,intersection,0.0706808875035494,True
FAILED,,,1277,1032,0.5500823765825479,0.4831239689402282,kl,0.0212855680193752,False
FAILED,,,2267,3575,0.7962380431257188,0.3688842488434165,kl,0.0477059575542807,True
FAILED,,,4413,305,0.1593857355620711,0.9042686372175812,intersection,0.0914790558069944,False
FAILED,,,3372,4058,0.643937958534807,0.1768770003151148,intersection,0.0594732616282999,True
FAILED,,,1120,2329,0.280498320152983,0.5816784773916006,kl,0.0100807423703372,False
FAILED,,,821,3056,0.7093326585926115,0.9520846521686762,intersection,0.0291168025322258,True
FAILED,,,3750,722,0.3399163697939366,0.2898796928972005,kl,0.0757036567293107,False
FAILED,,,4740,4470,0.8533490393795073,0.5027956007625907,kl,0.0836875011399388,True
FAILED,,,2018,1805,0.2270874890070408,0.2245710385218262,intersection,0.0427310542762279,False
FAILED,,,1603,4374,0.4955456729643046,0.1128270187173038,intersection,0.0178267471771687,True
FAILED,,,3906,2021,0.615103976553306,0.6452418867163359,kl,0.0644054796453565,False
FAILED,,,2710,3270,0.0703544874899089,0.4373777813185006,kl,0.0949829653371125,True
FAILED,,,612,623,0.9467326620277016,0.8352808588482439,intersection,0.0540238255355507,False
FAILED,,,597,4968,0.4822059608865529,0.4698033990897238,kl,0.0671238146629184,True
FAILED,,,2724,1385,0.5943304569721221,0.7560761028099804,intersection,0.0265232111047953,False
FAILED,,,3872,2636,0.0808979398179799,0.0439087500087916,intersection,0.0344414755050092,True
FAILED,,,1637,1220,0.9644509780406952,0.6985681007597595,kl,0.0806724863965064,False
FAILED,,,2004,3708,0.6872266671154647,0.5900486767366528,kl,0.0558341453783214,True
FAILED,,,4756,106,0.3259599108621478,0.1840974577274173,intersection,0.0152253342606127,False
FAILED,,,3716,3857,0.8707094928715376,0.8912126511484385,intersection,0.0457365532964468,True
FAILED,,,856,2460,0.2360395851060748,0.3663433916699141,kl,0.0919649570807814,False
FAILED,,,1106,2945,0.8052025140542536,0.2298434668928384,intersection,0.0885737587511539,True
FAILED,,,3388,904,0.1767376212924718,0.5131162085663526,kl,0.0395260428264737,False
FAILED,,,4379,4649,0.6300033921021968,0.2892892441824078,kl,0.0298720244131982,True
FAILED,,,2302,1692,0.2583742432445287,0.9370806370582432,intersection,0.0732891613431274,False
FAILED,,,1262,4164,0.0209944667164236,0.8349588009826839,intersection,0.0997755065653473,True
FAILED,,,4168,2144,0.8995455233827233,0.4221091824267059,kl,0.050736062573269,False
FAILED,,,2972,3390,0.4149933933559805,0.650752264264971,kl,0.0186646991129964,True
FAILED,,,270,412,0.5367340967431664,0.1229134844113141,intersection,0.0620847220998257,False
FAILED,,,132,3128,0.1427479204349219,0.9265984556581824,kl,0.0548461212497204,False
FAILED,,,2877,482,0.7768171405550092,0.3304684979096055,intersection,0.0954467569943517,True
FAILED,,,4337,4232,0.2945568932704627,0.6176412943433969,intersection,0.0635995775926858,False
FAILED,,,1484,1880,0.6561956677194684,0.1560231270641088,kl,0.0173685345146805,True
FAILED,,,2476,4445,0.9335352725721896,0.0096156948078423,kl,0.0436358440108597,False
FAILED,,,4596,1781,0.049379643170163,0.7333428690172731,intersection,0.084244580026716,True
FAILED,,,3244,3032,0.5005514950491488,0.4433109069857746,intersection,0.0748044459894299,False
FAILED,,,1016,697,0.3888009206932038,0.7830576841644942,kl,0.0285761173069477,True
FAILED,,,639,3926,0.5681372295878827,0.6856487415824085,intersection,0.0108954846486449,False
FAILED,,,3543,2197,0.4460242626275867,0.0884984822086989,kl,0.0599432327598333,True
FAILED,,,4847,3443,0.9928373033069074,0.8620623293388635,kl,0.0906697208620607,False
FAILED,,,2147,173,0.114886688908562,0.3954949812628328,intersection,0.0472525517456233,True
FAILED,,,1732,2725,0.3521533352918922,0.2535360594820231,intersection,0.0221937906462699,False
FAILED,,,4011,1017,0.7234083170425147,0.9723444945663212,kl,0.0712331595364958,True
FAILED,,,2502,4762,0.2076534568853676,0.2018910832311958,kl,0.0793769926857203,False
FAILED,,,428,1471,0.8367206954490393,0.5405871171131729,intersection,0.0359570448007434,True
FAILED,,,370,2571,0.6463334379512816,0.800881468784064,kl,0.0486836996022611,False
FAILED,,,2640,1155,0.2771303728371858,0.4561550468299537,intersection,0.0896440303046256,True
FAILED,,,3953,4905,0.7908066668827086,0.7433887247480451,intersection,0.0584956042375415,False
FAILED,,,1869,1323,0.1638446439057588,0.030245199220255,kl,0.0119156808685511,True
FAILED,,,2088,3753,0.4332467520479112,0.1353479675799608,kl,0.0374818780273199,False
FAILED,,,4983,2357,0.5535664376094936,0.6075802400838582,intersection,0.0784340870007872,True
FAILED,,,3483,3608,0.0085733278039842,0.3176091000512242,intersection,0.0697028343193233,False
ABANDONED,,,775,5,0.8846773618534207,0.9087289564814418,kl,0.0231202180124819,True
FAILED,,,1035,4600,0.0660402477253228,0.5618352403119206,intersection,0.0166954634152352,False
FAILED,,,3145,1641,0.9520193696916104,0.212281448861584,kl,0.0660864269919693,True
FAILED,,,4615,2887,0.4989973757732659,0.9857844702750445,kl,0.0961143334209919,False
FAILED,,,2378,847,0.6126247416436672,0.2717424841653555,intersection,0.0523427908495068,True
FAILED,,,1504,3301,0.8577755895052104,0.3772733580507338,intersection,0.0279850589390844,False
FAILED,,,4240,323,0.221684663914144,0.848576698558405,kl,0.0773843802791088,True
FAILED,,,2897,4069,0.7059932661447674,0.0780624020211398,kl,0.0848191604111343,False
FAILED,,,35,2047,0.3422794872745871,0.6643853603694588,intersection,0.0410504180658608,True
FAILED,,,212,4334,0.978455494698137,0.3441015940140932,kl,0.0732745790947228,True
FAILED,,,3110,1980,0.1019791970755904,0.8817473732680082,intersection,0.0323142376635223,False
FAILED,,,4110,3231,0.5844832175336778,0.1696410246398299,intersection,0.0395351334195584,True
FAILED,,,1399,586,0.4647639742400497,0.5728054699674248,kl,0.0861150675173848,False
FAILED,,,2243,3093,0.1952487359531223,0.715796109000221,kl,0.0619763683155179,True
FAILED,,,4515,760,0.8218365918230264,0.0583195280246436,intersection,0.0210242129862308,False
FAILED,,,3328,4511,0.3704212084300815,0.7654956661332398,intersection,0.0508279353566467,True
FAILED,,,1242,1845,0.7402266193460671,0.4920299387313425,kl,0.0974104980193078,False
FAILED,,,875,3540,0.3113628226034343,0.1060147875417023,intersection,0.0827635074593126,True
FAILED,,,3618,269,0.6744759138282387,0.6369144499637185,kl,0.0333725331537425,False
FAILED,,,4775,4014,0.1279066463224589,0.4130265446100384,kl,0.024415711723268,True
FAILED,,,1905,2287,0.7643695901092142,0.813312839191407,intersection,0.0681872650235891,False
FAILED,,,1657,4819,0.5193340361751616,0.9586809437777846,intersection,0.0939738799165934,True
FAILED,,,3775,1529,0.405104079125449,0.2983566834703088,kl,0.0445746122207492,False
FAILED,,,2744,2775,0.9206154077686368,0.5269387648534029,kl,0.0132109170872718,True
FAILED,,,500,1066,0.0350102075319737,0.2466964492052793,intersection,0.056979605788365,False
FAILED,,,523,3667,0.897390804760158,0.6315547676123678,intersection,0.0988616997469216,False
FAILED,,,2798,64,0.0271082236263901,0.0957825341988354,kl,0.0494635900948196,True
FAILED,,,3798,3809,0.5428630819246172,0.8235472340099513,kl,0.019573098598048,False
FAILED,,,1710,2414,0.4128234464619308,0.4183874166700988,intersection,0.0633406292553991,True
FAILED,,,1930,4848,0.1823795397281646,0.3085888178423046,intersection,0.087651626355946,False
FAILED,,,4830,1266,0.8035201097894459,0.9640405071582644,kl,0.0382618959248065,True
FAILED,,,3643,2512,0.2567070672512054,0.2413352202326059,kl,0.0307775914855301,False
FAILED,,,929,1096,0.6356300822664052,0.5167040131222456,intersection,0.0745479009114205,True
FAILED,,,1189,4129,0.3159481923356652,0.8871066094785928,kl,0.0556165964342653,False
FAILED,,,3305,2107,0.7010762223545461,0.3543343529831617,intersection,0.0146628539077937,True
FAILED,,,4462,3358,0.2499043686166405,0.5625715212896466,intersection,0.0459377085790038,False
FAILED,,,2220,381,0.8606825460735708,0.1642796469535678,kl,0.0925218584388494,True
FAILED,,,1345,2830,0.607707697853446,0.0480868880264461,kl,0.0669144196342676,False
FAILED,,,4085,789,0.472666080834344,0.7104369917605072,intersection,0.0259525768365711,True
FAILED,,,3055,4540,0.9549263262599706,0.4973916733302176,intersection,0.034645291538909,False
FAILED,,,188,1581,0.0942599524278193,0.775729971723631,kl,0.0812267270032316,True
FAILED,,,58,4493,0.7294623505752533,0.2059476330187171,intersection,0.0216683670226484,True
FAILED,,,2950,1826,0.3499369897581636,0.5525771204605698,kl,0.0710664444882422,False
FAILED,,,4264,3073,0.8344891216438263,0.281001793725416,kl,0.0798858509864658,True
FAILED,,,1557,740,0.2137227186895906,0.9921204275935888,intersection,0.0361183525156229,False
FAILED,,,2402,3252,0.4442797555681318,0.8578346994388849,intersection,0.0103783866018056,True
FAILED,,,4670,606,0.5737189487628638,0.3836070549227297,kl,0.0597681921347975,False
FAILED,,,3171,4352,0.1204531798120588,0.6580490461383015,kl,0.091181411575526,True
FAILED,,,1089,1998,0.9911080245189368,0.0688027355484664,intersection,0.0474110270477831,False
FAILED,,,722,2757,0.0632908253204077,0.4624893682990223,kl,0.0424141625128686,True
FAILED,,,3460,1047,0.9235832774229348,0.8101391424946486,intersection,0.083367872852832,False
FAILED,,,4929,4798,0.3788336972724646,0.0209853840339928,intersection,0.07602054849267,True
FAILED,,,2065,1508,0.5144779054708779,0.7370532135702669,kl,0.0294364308193326,False
FAILED,,,1815,4036,0.7673374597635119,0.5983226853441446,kl,0.053616285836324,True
FAILED,,,3928,2308,0.156187264110893,0.1290137650817632,intersection,0.0945782037358731,False
FAILED,,,2585,3559,0.669619783123955,0.915064824571833,intersection,0.0648130193445831,True
FAILED,,,345,288,0.2850924407504498,0.3268692721500992,kl,0.0182315087784081,False
FAILED,,,444,3877,0.2311491907909512,0.0821646366231143,intersection,0.0271274061780422,True
FAILED,,,2566,2480,0.8443515484575183,0.67639059198834,kl,0.0761656170245259,False
FAILED,,,4026,3727,0.3288402179554104,0.4047543205656111,kl,0.0856933784950524,True
FAILED,,,1796,124,0.715473021293059,0.8683983164001255,intersection,0.0422745886538177,False
FAILED,,,2162,2617,0.9380930336266756,0.9816025251895188,intersection,0.0158294850774109,True
FAILED,,,4909,1202,0.0760075455028563,0.2598697860967367,kl,0.0648759893141686,False
FAILED,,,3557,4948,0.6225768111497164,0.5342507731392979,kl,0.0969857190921902,True
FAILED,,,702,1364,0.4850862679798155,0.1926313870158046,intersection,0.0535697938501834,False
FAILED,,,952,3411,0.55529564204067,0.3368027896359562,kl,0.0373177378997206,True
FAILED,,,3228,433,0.4276801867876202,0.9358560996260494,intersection,0.0779280611127615,False
FAILED,,,4532,4183,0.8790955683216451,0.1467633416205644,intersection,0.0698725534416735,True
FAILED,,,2460,2163,0.0103177605066448,0.6113058129083365,kl,0.0236426375620067,False
FAILED,,,1421,4631,0.2710610366761684,0.7240853440202772,kl,0.0485277133900672,True
FAILED,,,4323,1673,0.6485649373997003,0.0032815220523625,intersection,0.0891298505011945,False
FAILED,,,2814,2924,0.1660609150826931,0.7893935225121675,intersection,0.0586679841112345,True
FAILED,,,117,883,0.7847525589931756,0.4525710493419319,kl,0.0124354396667331,False
FAILED,,,286,2974,0.3917421408724039,0.507756496472284,intersection,0.0934143178071826,False
FAILED,,,3036,640,0.5288587623126804,0.2196111838072538,kl,0.044376117689535,True
FAILED,,,4183,4386,0.0445501619409769,0.9473150616195052,kl,0.0137758865300565,False
FAILED,,,1326,1721,0.9072382412441073,0.294650145985186,intersection,0.0571946656424552,True
FAILED,,,2317,4291,0.6845029349830001,0.4323413465414196,intersection,0.0822122709266841,False
FAILED,,,4442,1939,0.2974981134496629,0.8403183941058814,kl,0.033165713045746,True
FAILED,,,3402,3185,0.7505201092269271,0.1175522256959229,kl,0.0249835135787725,False
FAILED,,,1169,539,0.1379184392057359,0.6405174827910959,intersection,0.0683994924649596,True
FAILED,,,792,4705,0.8162098273020237,0.7614353092778474,kl,0.0607232935726642,False
FAILED,,,3701,1414,0.1969158375896513,0.4800361283160746,intersection,0.0201129810884594,True
FAILED,,,4692,2665,0.7419089492540806,0.688334181824699,intersection,0.0520974037609994,False
FAILED,,,1988,957,0.3647792156375944,0.0385474020652472,kl,0.0983273089118301,True
FAILED,,,1574,3503,0.1041490696128457,0.1738648474719375,kl,0.0720133504364639,False
FAILED,,,3858,233,0.9723264351598918,0.5846895892396569,intersection,0.0314111596811562,True
FAILED,,,2661,3984,0.4586501429732888,0.3717050965260714,intersection,0.0408019410725682,False
FAILED,,,582,2255,0.5866378617994487,0.9014469269961118,kl,0.0870345391612499,True
FAILED,,,581,3514,0.41047021657601,0.779522013016045,kl,0.0572425601724535,True
FAILED,,,2663,223,0.5402823518496007,0.4936300105061381,intersection,0.013827901603654,False
FAILED,,,3849,3973,0.0247864020504057,0.7064317639619112,intersection,0.0443117409851402,True
FAILED,,,1582,2265,0.8947786663752048,0.0521226727496832,kl,0.0933568068873137,False
FAILED,,,1987,4694,0.634039187978953,0.1605184841789305,kl,0.0684525368362665,True
FAILED,,,4693,1424,0.25531322032772,0.5663630997110158,intersection,0.0250296921655535,False
FAILED,,,3692,2675,0.8018978071920573,0.3583696116320788,intersection,0.0331071728281676,True
FAILED,,,800,946,0.1810171011146158,0.8831018259618431,kl,0.0821496101655066,False
FAILED,,,1165,4282,0.8593648386485874,0.5204960953108966,intersection,0.0983782886527478,True
FAILED,,,3405,1948,0.2483591610025614,0.2375736131761223,kl,0.052144262958318,False
FAILED,,,4435,3194,0.6997899232394992,0.9600352161563932,kl,0.0200565055012702,True
FAILED,,,2323,529,0.3143715764116495,0.3126245244909077,intersection,0.0606599522009491,False
FAILED,,,1322,2984,0.0917553618513047,0.4146263170987367,intersection,0.087080369060859,True
FAILED,,,4187,631,0.9526187830474228,0.8273388905059545,kl,0.0408546367567032,False
FAILED,,,3030,4377,0.4701300819478929,0.0998177519515156,kl,0.0313488476071506,True
FAILED,,,292,1730,0.6054315629508346,0.6275499283280223,intersection,0.0719551589060574,False
FAILED,,,109,4641,0.2124202413950115,0.3231076576579361,kl,0.0421944244671613,False
FAILED,,,2823,1663,0.832928683899343,0.9188569141961634,intersection,0.0856090937647968,True
FAILED,,,4322,2914,0.3486050076875835,0.1330494791660457,intersection,0.0762402853649109,False
FAILED,,,1422,893,0.727931417606771,0.594317386906594,kl,0.0271952087339013,True
FAILED,,,2452,3401,0.988557750986889,0.7408448626305907,kl,0.0534844798222184,False
FAILED,,,4541,443,0.1181913195550441,0.0172242918983101,intersection,0.096907270848751,True
FAILED,,,3227,4194,0.5711981800068169,0.8061343106459826,intersection,0.0649448211677372,False
FAILED,,,953,2152,0.4419883905351161,0.466524578616023,kl,0.0159024374745786,True
FAILED,,,696,2608,0.5121399057153612,0.0650410801600664,intersection,0.0235580041445791,False
FAILED,,,3563,1212,0.3762377370670437,0.661841079995036,kl,0.0697920405678451,True
FAILED,,,4905,4957,0.921215772891417,0.3876428322102874,kl,0.0779962123557925,False
FAILED,,,2165,1355,0.0607243698909878,0.8538294790759682,intersection,0.0373927549272775,True
FAILED,,,1790,3886,0.2834558635074645,0.9959120134506376,intersection,0.0123559560906141,False
FAILED,,,4032,2471,0.6682716191560029,0.2772406235150992,kl,0.0585816347505897,True
FAILED,,,2562,3717,0.1545801916439086,0.5485723295081407,kl,0.089203838231042,False
FAILED,,,447,133,0.7659597910195589,0.2099828991033136,intersection,0.0485975805763155,True
FAILED,,,349,4026,0.7180384933538734,0.4487789578586816,kl,0.036043332805857,False
FAILED,,,2581,2317,0.3312087058555334,0.7931551388632506,intersection,0.0798176970612257,True
FAILED,,,3934,3568,0.8469484288282692,0.0072868186309933,intersection,0.0711469546798616,False
FAILED,,,1809,278,0.2334862703811377,0.7200496317949145,kl,0.0217529977578669,True
FAILED,,,2068,2766,0.4864649163745343,0.6150669031850993,kl,0.0473411571793258,False
FAILED,,,4925,1038,0.6241829039659351,0.1429716944191604,intersection,0.0911074211634695,True
FAILED,,,3466,4789,0.0773547855876386,0.9318208874501288,intersection,0.0598545388132333,False
FAILED,,,716,1517,0.9397305347528307,0.3408076233435421,kl,0.0104578674957156,True
FAILED,,,1090,3262,0.0118477101065218,0.1888393513001501,intersection,0.0293686255812644,False
FAILED,,,3169,596,0.8804285337608307,0.5380124303866178,kl,0.075945877470076,True
FAILED,,,4678,4342,0.4292415446974336,0.2638750046007335,kl,0.0834521549008786,False
FAILED,,,2394,2009,0.5565971991699188,0.977566749760881,intersection,0.0424943240173161,True
FAILED,,,1558,4482,0.7870449036769568,0.8721594847515224,intersection,0.0181585536990314,False
FAILED,,,4262,1837,0.1685807041879743,0.4009627365674823,kl,0.0647441848088055,True
FAILED,,,2959,3083,0.650825873773545,0.6723553240448236,kl,0.0946566492971032,False
FAILED,,,49,729,0.2736122340913861,0.0861694294344633,intersection,0.0537015971820801,True
FAILED,,,194,2820,0.9088138775173574,0.9052085916791112,kl,0.0634039679449051,True
FAILED,,,3049,799,0.0458374407067894,0.3679130533747375,intersection,0.0196295715030282,False
FAILED,,,4089,4549,0.5304048938099295,0.5806538063753395,intersection,0.0494167282152921,True
FAILED,,,1341,1572,0.3930589244142174,0.1778700734116137,kl,0.0988107173237949,False
FAILED,,,2226,4138,0.1401955574769526,0.0347558255027979,kl,0.074606089759618,True
FAILED,,,4455,2098,0.7530551247447728,0.6920953427404165,intersection,0.0308399008773267,False
FAILED,,,3308,3349,0.2998047364968806,0.4840409136917442,intersection,0.0382091975584626,True
FAILED,,,1186,390,0.6870084457248449,0.7574000487700104,kl,0.0876057937741279,False
FAILED,,,938,4859,0.3673903743717819,0.6442790917064994,intersection,0.0925793666765093,True
FAILED,,,3634,1255,0.7442317504808306,0.1137601416483521,kl,0.0460020826011896,False
FAILED,,,4831,2501,0.1994974915478378,0.8362826893161982,kl,0.0146108361519873,True
FAILED,,,1929,1106,0.8185621333047747,0.4363466356843709,intersection,0.055568699222058,False
FAILED,,,1718,3657,0.5880012837816029,0.2908584913481027,intersection,0.0812893850822001,True
FAILED,,,3790,74,0.4602714622020721,0.9510761593319476,kl,0.0347038290742784,False
FAILED,,,2799,3820,0.973719361918047,0.2236160249505192,kl,0.025906395567581,True
FAILED,,,522,2404,0.105740884065628,0.5037212768606841,intersection,0.0668613725807517,False
FAILED,,,508,4810,0.9659971392806618,0.1191218465045094,intersection,0.0862446674983948,False
FAILED,,,2736,1538,0.0822146936170756,0.6545133675541728,kl,0.0396578676160425,True
FAILED,,,3776,2785,0.5959061229880898,0.4261140254288912,kl,0.0322011144924908,False
FAILED,,,1656,1057,0.4834932099096477,0.8309236018192023,intersection,0.0731573353800922,True
FAILED,,,1914,3550,0.2383461784105747,0.940842240396887,intersection,0.0975342615135014,False
FAILED,,,4766,260,0.8732150333561002,0.2854971434045582,kl,0.0509558193944394,True
FAILED,,,3619,4005,0.3282369993906468,0.509080483328551,kl,0.0209059399738907,False
FAILED,,,874,2296,0.6897617123760283,0.2338487541768699,intersection,0.0618649610877037,True
FAILED,,,1248,3104,0.260955926945433,0.3625517946593463,kl,0.0683103479072451,False
FAILED,,,3322,750,0.6323556683622301,0.894973810205236,intersection,0.0245456603914499,True
FAILED,,,4519,4500,0.1793488097693771,0.1881022375263273,intersection,0.03325494075194,False
FAILED,,,2239,1855,0.807525285538286,0.5860133994985371,kl,0.0826500356011092,True
FAILED,,,1405,4324,0.538126993758604,0.7023297673016786,kl,0.0571085251588374,False
FAILED,,,4104,1991,0.4165852375514805,0.0401167273055762,intersection,0.0133357159141451,True
FAILED,,,3113,3242,0.9009089156221598,0.752040336675942,intersection,0.0444621696602553,False
FAILED,,,209,576,0.0226158156879246,0.4738086306061595,kl,0.0938545715715736,True
FAILED,,,36,3291,0.6587925778329372,0.5443482687342912,intersection,0.0118183451797813,True
FAILED,,,2895,332,0.2968939431179314,0.1980994936563074,kl,0.0584051343332976,False
FAILED,,,4248,4078,0.7793826423585414,0.9683092247638851,kl,0.0897468564752489,True
FAILED,,,1496,2038,0.1451163785923272,0.2575408318452537,intersection,0.0487906463164836,False
FAILED,,,2379,4609,0.3901481310352682,0.3917029511239379,intersection,0.0230287188105285,True
FAILED,,,4614,1632,0.5021890259180218,0.865824003316462,kl,0.0696072145737707,False
FAILED,,,3154,2878,0.050758261822164,0.0925037211608141,kl,0.0785420630127191,True
FAILED,,,1026,856,0.935141395131126,0.6816129680126904,intersection,0.0375829882547259,False
COMPLETED,0.0599999999999999,13568.0,778,3763,0.1164480765610933,0.7868187948893755,kl,0.0522533562779426,True
COMPLETED,0.0599999999999999,2120.0,3480,2346,0.9941388306934386,0.4395192616432905,intersection,0.0960180330649018,False
COMPLETED,0.0599999999999999,2491.0,4989,3597,0.4475542419701814,0.7293076624181121,intersection,0.066192338373512,True
ABANDONED,,,2082,15,0.5694701652843503,0.013620545245707,kl,0.0167972542531788,False
RUNNING,,,1873,2561,0.8389816020801663,0.1522310337219387,kl,0.0409551470074802,True
COMPLETED,0.0599999999999999,1712.0,3949,1165,0.2102046840433031,0.6214028902463615,intersection,0.0847280098963528,False
COMPLETED,0.0599999999999999,2629.0,2646,4916,0.7257006319835781,0.3344737777579575,intersection,0.0774851418193429,True
COMPLETED,0.0599999999999999,4605.0,364,1313,0.3546731541398912,0.9225627378560602,kl,0.0280926862638443,False
COMPLETED,0.0599999999999999,2206.0,422,2735,0.162512632092461,0.6681769480854272,intersection,0.0172667409945279,True
COMPLETED,0.0599999999999999,3071.0,2508,1006,0.789275763656944,0.0743012522589415,kl,0.0634936635289341,False
RUNNING,,,4007,4752,0.2758278657998889,0.8445719243362546,kl,0.0955430546682328,True
COMPLETED,0.07,1985.0,1735,1482,0.644773029949516,0.3813086297120898,intersection,0.0549355531390756,False
COMPLETED,0.0599999999999999,2791.0,2141,3916,0.8821566228400916,0.2679808083288371,intersection,0.0284684872999787,True
COMPLETED,0.0599999999999999,4122.0,4853,2208,0.0062819330282509,0.9895765022728592,kl,0.0747036817669868,False
RUNNING,,,3539,3454,0.5510161938201636,0.2163172205723822,kl,0.0843357278592884,True
COMPLETED,0.04,2442.0,642,163,0.4309848620481789,0.5578300032187253,intersection,0.0437311123870313,False
FAILED,,,1007,4436,0.6102572073694318,0.912520599965006,kl,0.0471456023491919,True
COMPLETED,0.0599999999999999,1909.0,3252,1790,0.4964309500865638,0.3138479911852627,intersection,0.0905668920092284,False
COMPLETED,0.0599999999999999,2823.0,4595,3041,0.949681340193376,0.6035753877870738,intersection,0.0600336999818682,True
COMPLETED,0.05,6614.0,2477,688,0.0634443172626197,0.1393831760380417,kl,0.0109928176552057,False
COMPLETED,0.05,9514.0,1476,3137,0.3406724445503205,0.0264836014583706,kl,0.0358559318911284,True
COMPLETED,0.0599999999999999,2105.0,4345,473,0.7046155676580965,0.7471808199491352,intersection,0.0792690139915794,False
COMPLETED,0.05,2124.0,2875,4223,0.2200481164138764,0.4601907627731561,intersection,0.0713287765998393,True
COMPLETED,0.0599999999999999,8819.0,133,1889,0.8564273957945406,0.7968761907946317,kl,0.0222852871660143,False
COMPLETED,0.05,2418.0,267,4175,0.4624421229213476,0.2429353477749973,intersection,0.0807859555725008,False
COMPLETED,0.0599999999999999,11207.0,2976,2134,0.5818711088914424,0.5307304009012876,kl,0.0345590652246028,True
COMPLETED,0.0599999999999999,7974.0,4162,3380,0.0996259374469518,0.3023918844927102,kl,0.0263932597544044,False
COMPLETED,0.0599999999999999,3080.0,1268,422,0.975874794365838,0.9546760989166796,intersection,0.0670007290970534,True
COMPLETED,0.0599999999999999,2210.0,2299,2935,0.7386043464913963,0.8171049418281763,intersection,0.0920842627435922,False
COMPLETED,0.05,3738.0,4383,914,0.369058740073815,0.4092649394124746,kl,0.0458489931747317,True
RUNNING,,,3382,4660,0.8202457272782921,0.632909164538607,kl,0.0151005327515304,False
COMPLETED,0.05,2280.0,1112,1681,0.1938548592869192,0.1100505109205841,intersection,0.0557052233256399,True
COMPLETED,0.0599999999999999,8063.0,855,3699,0.7630832612514495,0.4882687815334648,kl,0.073406402375549,False
COMPLETED,0.0599999999999999,2896.0,3717,116,0.126330060141161,0.7692872612848877,intersection,0.0299851449020206,True
COMPLETED,0.05,2009.0,4747,3866,0.6731581766605376,0.0623548071216791,intersection,0.0394033059477806,False
COMPLETED,0.0599999999999999,6783.0,2012,2451,0.3098176447320729,0.711791327342391,kl,0.0884441560879349,True
COMPLETED,0.0599999999999999,12787.0,1635,4977,0.0324742383882403,0.5765974945295602,kl,0.0621961266454309,False
COMPLETED,0.05,3259.0,3873,1375,0.9183392431233078,0.165879356238991,intersection,0.0187829694431275,True
COMPLETED,0.0599999999999999,1825.0,2715,2626,0.4025995182916521,0.8777421436104922,intersection,0.0506081758532673,False
COMPLETED,0.0599999999999999,4920.0,605,1229,0.5170264632198959,0.3481373582892119,kl,0.0996517403889447,True
COMPLETED,0.0599999999999999,1859.0,611,4365,0.0542099646311253,0.965064036797732,intersection,0.0213475387822836,False
COMPLETED,0.0599999999999999,12722.0,2711,2030,0.9326621602214872,0.3075946033690124,kl,0.0707387390639633,True
COMPLETED,0.0599999999999999,7118.0,3898,3279,0.3858338912706822,0.5157632741965353,kl,0.080223156036809,False
COMPLETED,0.0599999999999999,2829.0,1612,614,0.5074757335819304,0.2423056312371045,intersection,0.0364515484217554,True
COMPLETED,0.04,1990.0,2016,3065,0.7760432499106972,0.0948644703775644,intersection,0.0101375632919371,False
COMPLETED,0.0599999999999999,2986.0,4742,712,0.1474794960729777,0.6325021689068526,kl,0.0595369496755301,True
COMPLETED,0.0599999999999999,10420.0,3741,4460,0.6632191279586404,0.4194035217836499,kl,0.091427725367248,False
COMPLETED,0.0599999999999999,2242.0,830,1814,0.2914911180250346,0.8225608232822269,intersection,0.047658746317029,True
COMPLETED,0.0599999999999999,7865.0,1116,3586,0.7202692557405679,0.7094363026693463,kl,0.0427899304404854,False
COMPLETED,0.13,2287.0,3376,295,0.3591320624835789,0.0491191750373691,intersection,0.0837504965066909,True
COMPLETED,0.0599999999999999,1722.0,4407,4047,0.841377081496641,0.776693551197648,intersection,0.0756502710469067,False
COMPLETED,0.0599999999999999,8646.0,2274,2340,0.2068367367275059,0.4964593348633498,kl,0.0290702839754521,True
COMPLETED,0.0599999999999999,11712.0,1273,4767,0.4528733115699142,0.3552904856242239,kl,0.0540878515411168,False
COMPLETED,0.0599999999999999,2307.0,4158,1496,0.5651273706518114,0.8861820524502546,intersection,0.0950401242170482,True
COMPLETED,0.04,3274.0,3001,2750,0.1139402905013412,0.1633016106598079,intersection,0.0643579304497689,False
FAILED,,,243,1021,0.9976228917203844,0.5635807762835174,kl,0.0177750787790864,True
COMPLETED,0.0599999999999999,2148.0,138,2524,0.3229502898678183,0.3846154287885874,intersection,0.0991935280617326,True
COMPLETED,0.0599999999999999,2944.0,2871,1127,0.6940759539995341,0.8568557820171117,kl,0.0498022741358727,False
FAILED,,,4370,4875,0.2408254114612936,0.067877178421244,kl,0.0192467607650905,True
COMPLETED,0.0599999999999999,1772.0,1452,1273,0.8697633324060589,0.6590041786804794,intersection,0.0630184220243245,False
COMPLETED,0.0599999999999999,2598.0,2482,3802,0.6013089462220668,0.5516438785586506,intersection,0.0879034711979329,True
COMPLETED,0.0599999999999999,4642.0,4589,2387,0.4790666616428643,0.2069103090576827,kl,0.0385040955431759,False
RUNNING,,,3276,3636,0.9636340199410915,0.9931516921985895,kl,0.0305422234535217,True
COMPLETED,0.04,2444.0,982,52,0.0855540879238396,0.2800000822283327,intersection,0.0743111917749047,False
RUNNING,,,646,4567,0.9042768610790372,0.1280282354820519,kl,0.0552518171817064,True
COMPLETED,0.05,1878.0,3534,1589,0.0202203381303697,0.5993396715857088,intersection,0.0142911974713206,False
COMPLETED,0.0599999999999999,2504.0,4877,2842,0.5336680835559963,0.3278176735434681,intersection,0.0463189646415412,True
COMPLETED,0.0599999999999999,2169.0,2116,822,0.4220166156534105,0.914147760849446,kl,0.092899005357176,False
COMPLETED,0.0599999999999999,11383.0,1741,3326,0.1758647468835115,0.8111104569341986,kl,0.0664538640622049,True
COMPLETED,0.05,2308.0,4003,368,0.8100330734569579,0.4615495328083634,intersection,0.0255016021151095,False
COMPLETED,0.0599999999999999,2090.0,2533,4121,0.2652987197190523,0.7360600215028971,intersection,0.0351113375928252,True
COMPLETED,0.0599999999999999,4072.0,398,2080,0.6270366006214171,0.0220099360793828,kl,0.0816941785346716,False
COMPLETED,0.0599999999999999,2764.0,378,3178,0.8245597309600561,0.2588527273572981,intersection,0.0930399040598422,True
COMPLETED,0.0599999999999999,2364.0,2630,512,0.1885679118223488,0.9825879860091952,kl,0.0439921230915933,False
RUNNING,,,3983,4260,0.735152407599613,0.193548497211188,kl,0.0141448044311255,True
COMPLETED,0.0599999999999999,1764.0,1838,1927,0.3715377351827919,0.5333024219367652,intersection,0.0575621780660003,False
COMPLETED,0.05,2081.0,2097,4398,0.0951996271219104,0.6773303772881626,intersection,0.0817420808598399,True
COMPLETED,0.0599999999999999,6808.0,4975,1752,0.9812778555415572,0.0811932757105678,kl,0.032702400162816,False
FAILED,,,3515,3001,0.4657817551698535,0.8673738331347703,kl,0.0254372214712202,True
COMPLETED,0.05,2062.0,745,647,0.5795082274936139,0.4057475851308554,intersection,0.0688573095016181,False
FAILED,,,1042,3952,0.4002042786758392,0.0042605082541704,kl,0.0610427408106625,True
COMPLETED,0.07,1745.0,3140,2243,0.5203946466185151,0.7230770426522939,intersection,0.0204420735500752,False
COMPLETED,0.0599999999999999,2131.0,4648,3496,0.0379058544319123,0.4516158666089177,intersection,0.0517614743486046,True
COMPLETED,0.05,1925.0,2345,206,0.9138805708624422,0.7903190331663936,kl,0.0979927206039428,False
FAILED,,,1510,2692,0.6756657266374677,0.9348934700600802,kl,0.0722528142016381,True
COMPLETED,0.05,2076.0,4233,964,0.3063333439044654,0.3377360817287117,intersection,0.0316437677200883,False
COMPLETED,0.0599999999999999,2604.0,2929,4717,0.7577639555688948,0.6123074519075453,intersection,0.0405569814611226,True
COMPLETED,0.0599999999999999,2694.0,1,1446,0.1306726149730384,0.145732008235529,kl,0.0867854489479213,False
COMPLETED,0.0599999999999999,1700.0,223,4940,0.5485371968522667,0.8392861795928329,intersection,0.0274907930288463,False
COMPLETED,0.0599999999999999,4854.0,3098,1337,0.4344368027988821,0.4333421044126152,kl,0.0765386490989476,True
COMPLETED,0.0599999999999999,5210.0,4138,2585,0.8874435684457421,0.6414497747849673,kl,0.0853135094698518,False
COMPLETED,0.07,2386.0,1370,1190,0.0019679312054067,0.1165885960310697,intersection,0.0418960607331246,True
COMPLETED,0.05,2354.0,2255,3739,0.2781907453387975,0.2205357910264283,intersection,0.0162886697053909,False
COMPLETED,0.0599999999999999,3050.0,4505,156,0.64143339955993,0.5068004103042185,kl,0.0653283182159066,True
COMPLETED,0.0599999999999999,8752.0,3357,3904,0.1571095690578222,0.2936408222112804,kl,0.0965210386179387,False
COMPLETED,0.0599999999999999,2857.0,1215,2488,0.7937020758409054,0.9482930254153908,intersection,0.053100982774049,True
COMPLETED,0.0599999999999999,5980.0,889,2893,0.2245067868158221,0.5856837349329143,kl,0.0369872751645743,False
COMPLETED,0.0599999999999999,2947.0,3605,871,0.8509957816097885,0.1728412453345954,intersection,0.077588017527014,True
COMPLETED,0.05,1848.0,4801,4624,0.3373042592927813,0.9004765661824494,intersection,0.0701975203305482,False
FAILED,,,1880,1646,0.7070108091328293,0.3726458819247782,kl,0.0239661989733576,True
COMPLETED,0.0599999999999999,9890.0,1670,4210,0.9453387835025788,0.4790886805485933,kl,0.0482772555854171,False
COMPLETED,0.0599999999999999,2127.0,3761,2170,0.0687636248040944,0.7623533229082822,intersection,0.0888862698804587,True
COMPLETED,0.05,2126.0,2769,3423,0.6137415063381195,0.0395338852908462,intersection,0.0589019597414881,False
COMPLETED,0.05,8122.0,473,464,0.4939234019685536,0.6873181454911828,kl,0.0126735244411975,True
FAILED,,,537,3019,0.5746520224325358,0.1830737366192042,kl,0.0546378864441067,True
COMPLETED,0.0599999999999999,1934.0,2785,666,0.4395112989600747,0.5910427034590393,intersection,0.0952481459546834,False
COMPLETED,0.0599999999999999,3202.0,3825,4419,0.9842456508390603,0.3672842960394919,intersection,0.063791330223903,True
COMPLETED,0.0599999999999999,7284.0,1685,1773,0.1234801705535501,0.890242409305647,kl,0.0175616497080773,False
FAILED,,,1943,4239,0.3452672789730131,0.7569939974695444,kl,0.0433482909202575,True
COMPLETED,0.0599999999999999,1765.0,4815,1906,0.7302962025385349,0.4688558323513716,intersection,0.0839501926675438,False
COMPLETED,0.0599999999999999,2123.0,3668,3160,0.2168484552539884,0.6975521833971142,intersection,0.0750865032337605,True
COMPLETED,0.05,3505.0,903,493,0.8275275262575597,0.0448953522052615,kl,0.0288540224917233,False
COMPLETED,0.0599999999999999,2146.0,1200,4735,0.1491466720663011,0.4231100592687725,intersection,0.0114003369025886,True
COMPLETED,0.0599999999999999,3066.0,3293,1464,0.7704165597464889,0.8339267054405062,kl,0.0604384827055037,False
COMPLETED,0.0599999999999999,8532.0,4489,2712,0.2858491995893419,0.1219497357755899,kl,0.0901593727618455,True
COMPLETED,0.05,1946.0,2191,985,0.664901532223448,0.6516844372879714,intersection,0.0467408196255564,False
COMPLETED,0.0599999999999999,2723.0,1357,3475,0.9265331750400364,0.512160241369158,intersection,0.0226021584775298,True
COMPLETED,0.0599999999999999,2043.0,4075,186,0.0563799115251749,0.2307681930828839,kl,0.071648426009342,False
FAILED,,,3084,3934,0.5096304522044957,0.9380584818832576,kl,0.0789521426800638,True
COMPLETED,0.05,2120.0,160,2224,0.3797201343607157,0.2882798014376312,intersection,0.0355362824816256,False
COMPLETED,0.0599999999999999,8974.0,65,3844,0.7966089580524712,0.732334448678419,kl,0.0673210440296679,False
COMPLETED,0.0599999999999999,2295.0,2945,2428,0.1853291994035244,0.0105945620387792,intersection,0.0267108381632715,True
COMPLETED,0.0599999999999999,1744.0,4297,3681,0.6365162814129143,0.7839833137895911,intersection,0.0342387502919882,False
COMPLETED,0.05,2594.0,1525,99,0.2518593760430812,0.4423558432236313,kl,0.0804683771636337,True
COMPLETED,0.0599999999999999,5437.0,2408,2643,0.0301875615511089,0.3314016710314899,kl,0.0561106715723872,False
COMPLETED,0.0599999999999999,3834.0,4663,1247,0.8903504506573081,0.9256357071213424,intersection,0.0155087590962648,True
COMPLETED,0.07,1846.0,3203,5000,0.4081054335031658,0.1549919126499444,intersection,0.0454435449279844,False
COMPLETED,0.0599999999999999,4870.0,1055,1397,0.5436200787052511,0.6186430523134768,kl,0.0916760363988578,True
COMPLETED,0.0599999999999999,1854.0,730,3364,0.4735001707393676,0.9733300743568688,intersection,0.0880579124577343,False
COMPLETED,0.0599999999999999,3925.0,3450,405,0.6030382250100375,0.2525191197134554,kl,0.0390198202989995,True
COMPLETED,0.0599999999999999,9755.0,4959,4153,0.0872985949832946,0.5396386469397693,kl,0.0303713885322213,False
COMPLETED,0.0599999999999999,2822.0,2034,2113,0.9580523007661104,0.2028080744557082,intersection,0.0737898880243301,True
COMPLETED,0.05,1811.0,1824,4681,0.6963075278047473,0.0875272402670234,intersection,0.0993561232369393,False
COMPLETED,0.0599999999999999,5081.0,3920,1704,0.3168810280635953,0.6865886458531021,kl,0.050309844976291,True
COMPLETED,0.0599999999999999,9944.0,2616,2952,0.8637092988733202,0.3964881268572062,kl,0.0190785865951329,False
COMPLETED,0.0599999999999999,2203.0,315,930,0.2430417569950222,0.8610377271026372,intersection,0.0624944575224071,True
COMPLETED,0.0599999999999999,10913.0,452,4518,0.3041170727275311,0.6085971073545515,kl,0.072771113878116,False
COMPLETED,0.0599999999999999,3073.0,2557,1872,0.6817198345270008,0.1343623190093785,intersection,0.0318176067154854,True
COMPLETED,0.0599999999999999,1911.0,4056,3125,0.1367419511340558,0.9078120117299258,intersection,0.0400440891180187,False
COMPLETED,0.0599999999999999,4218.0,1765,773,0.7555324561204761,0.318557620415464,kl,0.0866281752754002,True
COMPLETED,0.0599999999999999,6893.0,2171,3219,0.5259764401502907,0.4552150923684239,kl,0.0615693660639226,False
COMPLETED,0.08,2328.0,4901,554,0.3984598459731787,0.8018526642527432,intersection,0.0206075869686901,True
COMPLETED,0.05,1984.0,3588,4307,0.912151366431266,0.0312698702365159,intersection,0.0512514144182205,False
COMPLETED,0.0599999999999999,5311.0,672,1973,0.0434724196922034,0.7423956516515463,kl,0.097832614518702,True
COMPLETED,0.0599999999999999,1861.0,958,2807,0.9713257860355078,0.8475979001075029,intersection,0.0829703713208436,False
COMPLETED,0.05,4890.0,3223,1078,0.1091107349153608,0.3782818508874625,kl,0.0335724983736872,True
COMPLETED,0.0599999999999999,11928.0,4566,4826,0.5934345635585487,0.6653403739407658,kl,0.0242253246717155,False
COMPLETED,0.0599999999999999,2460.0,2428,1556,0.45581445739232,0.0771367259230464,intersection,0.0679927902854979,True
COMPLETED,0.07,1828.0,1426,3988,0.2020071811415254,0.2132442438714206,intersection,0.0942600406054407,False
RUNNING,,,4316,2280,0.8150799758117646,0.5609021173808723,kl,0.0448703752178698,True
RUNNING,,,2846,3528,0.3620732083059847,0.2707406536974013,kl,0.0129302468802779,False
COMPLETED,0.0599999999999999,2718.0,84,238,0.7485764486473053,0.986815615909174,intersection,0.0567003196012228,True
RUNNING,,,296,3615,0.0748774560708552,0.0593516960646957,kl,0.0491981863509863,True
COMPLETED,0.05,2353.0,3024,31,0.9431841392368076,0.7147953009381889,intersection,0.0901516184117645,False
COMPLETED,0.0599999999999999,2471.0,4211,3784,0.4917535294312983,0.4910977192353457,intersection,0.0579975942987948,True
RUNNING,,,1297,2369,0.6198705658763646,0.7664593645781279,kl,0.0114135832432657,False
RUNNING,,,2328,4894,0.8493134517017751,0.8808226972687989,kl,0.0378998803533613,True
COMPLETED,0.0599999999999999,1815.0,4431,1291,0.2301487796083092,0.3450576076842844,intersection,0.078861691635102,False
COMPLETED,0.0599999999999999,2598.0,3430,2545,0.712637573653832,0.5738148439321666,intersection,0.0692903224751353,True
COMPLETED,0.0599999999999999,5043.0,1142,1148,0.3356371576562524,0.168663107316941,kl,0.0227090901881456,False
COMPLETED,0.0599999999999999,2600.0,806,4101,0.6552828804422169,0.2973625879678875,intersection,0.0164996096864342,True
COMPLETED,0.0599999999999999,3755.0,3688,2060,0.2681789524555206,0.9597045923881232,kl,0.0658974075317382,False
RUNNING,,,4718,3308,0.7836750546861438,0.2476667412389069,kl,0.0963156776316464,True
COMPLETED,0.05,2062.0,1963,351,0.1709742782115936,0.5259979069568216,intersection,0.0525482871197164,False
COMPLETED,0.0599999999999999,2348.0,1586,2860,0.4248968483898788,0.6378619702290743,intersection,0.0277098869252949,True
COMPLETED,0.0599999999999999,2183.0,3844,839,0.5619143633767962,0.1050968426913023,kl,0.077099584499374,False
RUNNING,,,2687,4587,0.0153298694584518,0.8123263094928115,kl,0.0851108092349022,True
COMPLETED,0.05,2025.0,556,1609,0.8779188423082231,0.4140425307527184,intersection,0.0413407043274492,False
COMPLETED,0.0599999999999999,2649.0,562,4574,0.6809361009020358,0.7449281223081052,intersection,0.065594903724268,True
COMPLETED,0.05,6698.0,2682,1615,0.3019788222759962,0.0292181645873934,kl,0.0165497727785259,False
RUNNING,,,3830,2864,0.7552369789499789,0.8024241454787551,kl,0.0528398919384926,True
COMPLETED,0.0599999999999999,1904.0,1602,824,0.1341154442280531,0.4551322282273322,intersection,0.0962544438894838,False
COMPLETED,0.0599999999999999,2324.0,1967,3314,0.3947532062474637,0.3188991197943687,intersection,0.076799385882914,True
COMPLETED,0.05,3153.0,4713,337,0.5248118770495057,0.906980467615649,kl,0.0277570551633834,False
RUNNING,,,3673,4085,0.0402521328870207,0.1366412664577364,kl,0.0416298292763531,True
COMPLETED,0.0599999999999999,1788.0,820,2063,0.9105004504099488,0.6058359672483056,intersection,0.0850527389906346,False
RUNNING,,,1146,2556,0.1074723740387708,0.9839143336936832,kl,0.0898501437343657,True
COMPLETED,0.04,2399.0,3425,1139,0.9680892559885979,0.2731535567697137,intersection,0.0492466333322227,False
COMPLETED,0.05,2244.0,4416,4892,0.4546643529701978,0.5599684869647025,intersection,0.0117041585966944,True
COMPLETED,0.0599999999999999,3010.0,2342,1309,0.5897097770571708,0.2136968713384121,kl,0.0579380763322114,False
COMPLETED,0.0599999999999999,2852.0,2530,2301,0.9628163777589795,0.8050698066949844,intersection,0.0634193521738052,True
COMPLETED,0.0599999999999999,13500.0,1890,3375,0.4173319591525941,0.3486297285333275,kl,0.0111240820307284,False
COMPLETED,0.0599999999999999,6829.0,1136,1092,0.646253708878532,0.6382160247527063,kl,0.0463017781358212,True
COMPLETED,0.05,1956.0,4279,4666,0.2269963926393538,0.2041862423196434,intersection,0.0956087588984519,False
COMPLETED,0.2,2302.0,4483,205,0.2731354462429881,0.051780112856999,intersection,0.07161057241261,True
COMPLETED,0.0599999999999999,9729.0,93,4130,0.8496855563372373,0.6030105652119964,kl,0.0310926534794271,False
COMPLETED,0.0599999999999999,4561.0,1840,1416,0.0906272112727165,0.3760380769912153,kl,0.0435956677049398,True
COMPLETED,0.0599999999999999,1766.0,3733,2841,0.5409502162113786,0.965272584369406,intersection,0.0814768729172647,False
COMPLETED,0.05,2626.0,3345,763,0.0230799312796443,0.5269975810777396,kl,0.0908616381976753,True
COMPLETED,0.05,2013.0,1446,5000,0.600711092500016,0.0693167724329978,intersection,0.0503444005455821,False
COMPLETED,0.0599999999999999,2268.0,325,1972,0.3386118765007704,0.9204451967012136,intersection,0.017977837184444,True
COMPLETED,0.0599999999999999,7927.0,4721,3709,0.7919955335017294,0.4871391401011496,kl,0.055858350386843,False
COMPLETED,0.0599999999999999,8722.0,4048,1745,0.7136896470077336,0.2726017466336488,kl,0.0883271894790232,True
COMPLETED,0.05,1746.0,900,2507,0.1673677970878779,0.8226209974475204,intersection,0.0360326131060719,False
COMPLETED,0.07,3109.0,2277,535,0.8972076695524155,0.1593438568860292,intersection,0.026343467477709,True
COMPLETED,0.0599999999999999,8557.0,2924,3796,0.4751333238519728,0.7493316097445785,kl,0.0756497669592499,False
COMPLETED,0.05,2090.0,3119,446,0.5692086022477597,0.4319512763749808,intersection,0.0350063221529126,False
RUNNING,,,2473,4059,0.0545462543871253,0.9751467075068504,kl,0.0844890905357897,True
COMPLETED,0.0599999999999999,3827.0,704,1658,0.7610013165529818,0.0155917745362967,kl,0.0745362720265984,False
COMPLETED,0.05,2322.0,3853,2771,0.3696422605942934,0.5812089318949729,intersection,0.0224167912639677,True
COMPLETED,0.0599999999999999,1785.0,4916,2061,0.1363677505664527,0.6785503454953432,intersection,0.0549735204782337,False
RUNNING,,,520,3447,0.7447144394703208,0.2296387682147324,kl,0.0926789394114166,True
COMPLETED,0.0599999999999999,2500.0,1251,849,0.4436364252306521,0.7533025990277528,kl,0.0604002663400024,False
COMPLETED,0.0599999999999999,3081.0,3150,4735,0.928679822232574,0.3424064979739487,intersection,0.0197065611276775,True
COMPLETED,0.05,4360.0,3537,1368,0.3864387187305837,0.1497297185622155,kl,0.0292732869647443,False
COMPLETED,0.0599999999999999,3890.0,1644,3067,0.9936734538245944,0.692186195589602,intersection,0.0669780246168375,True
COMPLETED,0.0299999999999999,3453.0,288,156,0.1956368161458522,0.2936868518553674,intersection,0.0797447103820741,False
RUNNING,,,4679,4354,0.677649452516809,0.8604990455880761,kl,0.039051697179675,True
COMPLETED,0.0599999999999999,7891.0,4084,1140,0.8183199123293161,0.8952217231933027,kl,0.014965619565919,False
COMPLETED,0.05,2081.0,941,4440,0.3045258361920714,0.4456025852467864,intersection,0.0644476959388703,True
COMPLETED,0.0599999999999999,2151.0,2085,2351,0.5100623294785618,0.5324733511153608,intersection,0.0995375004131346,False
COMPLETED,0.0599999999999999,11594.0,2725,3152,0.1214903520643711,0.1228036798741668,kl,0.0474187009315937,True
COMPLETED,0.04,2078.0,2747,989,0.3164656161721795,0.3266350129283964,intersection,0.0399026369582861,False
RUNNING,,,2142,4601,0.7985851627420633,0.7687085906863212,kl,0.0781347136665135,True
COMPLETED,0.0599999999999999,4254.0,1079,2200,0.0159877765160053,0.2454259722866117,kl,0.0682694394420832,False
COMPLETED,0.0599999999999999,2711.0,4181,3313,0.6233598783519118,0.6631286050677299,intersection,0.0274006402958184,True
COMPLETED,0.0599999999999999,1791.0,4544,1510,0.8881730773784219,0.5652999165225773,intersection,0.0485892415046691,False
COMPLETED,0.0599999999999999,12545.0,189,2896,0.499737871851772,0.0308916441779583,kl,0.0975439801625907,True
COMPLETED,0.0599999999999999,2119.0,1626,297,0.6895876245312392,0.9910400335956364,kl,0.065353548079729,False
COMPLETED,0.0599999999999999,2131.0,3478,4183,0.1758998637385666,0.4166670662742107,intersection,0.0134105358831584,True
COMPLETED,0.0599999999999999,8157.0,3246,1909,0.6401883991379291,0.1069022488947957,kl,0.0230037074629217,False
COMPLETED,0.0599999999999999,2130.0,1389,3608,0.2486925712916999,0.5477656363639981,intersection,0.071959127401933,True
COMPLETED,0.04,2337.0,578,698,0.9396430669967084,0.4614882674571126,intersection,0.0846382782701402,False
RUNNING,,,4936,4897,0.424874403791502,0.8799451569709927,kl,0.0326945740636438,True
COMPLETED,0.0599999999999999,3939.0,3792,587,0.0655116982534527,0.8447351449355484,kl,0.019910661894828,False
COMPLETED,0.0599999999999999,2500.0,686,3888,0.5504481850564479,0.3090852591209113,intersection,0.0581434306129813,True
COMPLETED,0.05,1849.0,2374,1800,0.2651146122962236,0.7079657557830215,intersection,0.0931449820287525,False
RUNNING,,,2983,2601,0.8733239344581961,0.1343156220130622,kl,0.0522755016013979,True
COMPLETED,0.0599999999999999,2276.0,2866,1594,0.2177990036997944,0.9495063042994588,intersection,0.0570622294768691,True
RUNNING,,,2257,2668,0.6710457995850592,0.3914388636741787,kl,0.0160176527686417,False
COMPLETED,0.0599999999999999,2905.0,804,384,0.3935144406426697,0.6187915530558675,kl,0.0512828777357935,True
COMPLETED,0.05,2273.0,3910,3957,0.971039197290316,0.036364588657394,intersection,0.0893391768820583,False
COMPLETED,0.0599999999999999,2424.0,4819,904,0.5190828682184219,0.1882833836898207,intersection,0.0764673762675374,True
COMPLETED,0.0599999999999999,12413.0,461,4829,0.0969017610326409,0.653509737651795,kl,0.0247001376096159,False
FAILED,,,1506,2113,0.8424364343807101,0.3645177901610732,kl,0.037291400199756,True
COMPLETED,0.0599999999999999,1813.0,3363,3539,0.2959773664325475,0.7897908703498541,intersection,0.0864219123963266,False
COMPLETED,0.05,3226.0,3595,54,0.7670825832616537,0.7334211667217314,kl,0.095845484714955,True
COMPLETED,0.08,2080.0,1743,4292,0.3479320285078137,0.1746451541781425,intersection,0.0440775647759437,False
COMPLETED,0.0599999999999999,2482.0,71,1264,0.5923655126895756,0.838516702953726,intersection,0.0116234631650149,True
COMPLETED,0.0599999999999999,6184.0,4426,3002,0.0470183093231171,0.2573151571154594,kl,0.0607546673715114,False
COMPLETED,0.0599999999999999,10331.0,4298,2443,0.4687379145585,0.4713652756381779,kl,0.082031161384657,True
COMPLETED,0.0599999999999999,1879.0,1196,3205,0.919197780612856,0.9358535677772016,intersection,0.0409858926665037,False
COMPLETED,0.05,2702.0,2025,1234,0.1444031138308346,0.0851054041553288,intersection,0.031208510743454,True
COMPLETED,0.0599999999999999,10768.0,2630,4495,0.7210596284978091,0.5115744129996747,kl,0.0692654911708086,False
COMPLETED,0.0599999999999999,2080.0,2591,254,0.1599123991597443,0.1876346652731299,kl,0.087943262271583,False
COMPLETED,0.0599999999999999,2635.0,1985,4179,0.7056402870062739,0.7210721947960556,intersection,0.0358244668133556,True
COMPLETED,0.05,1938.0,1232,1543,0.4841725233588367,0.2618691575750708,intersection,0.0258263229951262,False
FAILED,,,4340,2969,0.9036732316929847,0.8333221633248031,kl,0.075308403391391,True
COMPLETED,0.0599999999999999,4246.0,4388,2254,0.6081031979247927,0.9233503501173108,kl,0.0906742743309587,False
COMPLETED,0.0599999999999999,2191.0,32,3328,0.0313096511214971,0.4842044670376926,intersection,0.0499812544230371,True
COMPLETED,0.05,2732.0,1779,964,0.7827759741544723,0.5065340001340956,intersection,0.0176600240822881,False
FAILED,,,3638,4537,0.3322096068635582,0.0898098432812839,kl,0.0553647550288587,True
COMPLETED,0.0599999999999999,1806.0,3401,1873,0.858128949722275,0.4042756682205945,intersection,0.0705674578063189,False
COMPLETED,0.0599999999999999,9819.0,1546,2634,0.2802539205234497,0.937005473492667,kl,0.0298737566173076,True
COMPLETED,0.05,2927.0,424,583,0.5348215814363211,0.0410704479981213,kl,0.0426830237917602,False
COMPLETED,0.0599999999999999,2697.0,4777,3844,0.0811939821001142,0.6137497199755161,intersection,0.0803884467482566,True
COMPLETED,0.07,2094.0,3948,634,0.4089480512030422,0.641159345511347,intersection,0.0622212574351579,False
FAILED,,,843,4872,0.9555137393586336,0.2012743149995803,kl,0.0101017699670046,True
COMPLETED,0.0599999999999999,3735.0,2221,1925,0.2333091943226754,0.7845987175740302,kl,0.0452368809748441,False
COMPLETED,0.0599999999999999,3082.0,2823,3663,0.6556274526156484,0.3690694037675857,intersection,0.0947196426521986,True
COMPLETED,0.0599999999999999,12206.0,3019,2187,0.3117185482960194,0.5588074084091931,kl,0.0147121573518961,True
COMPLETED,0.04,1946.0,2417,3574,0.826624347737059,0.0965010160189122,intersection,0.0640184528101235,False
COMPLETED,0.05,2307.0,648,899,0.1122265374120324,0.8825476113129406,intersection,0.0992414527665823,True
COMPLETED,0.0599999999999999,11658.0,3753,4785,0.5038290003370492,0.4582452739458531,kl,0.0469468723703175,False
COMPLETED,0.0599999999999999,7313.0,4972,321,0.9865364200882611,0.298533706549555,kl,0.0288675715029239,True
COMPLETED,0.0599999999999999,1933.0,620,3934,0.3779463093467056,0.8556226712465285,intersection,0.0667480914108455,False
COMPLETED,0.0599999999999999,2646.0,1351,1608,0.687101241145283,0.1312230671681463,intersection,0.0792936843633651,True
COMPLETED,0.0599999999999999,5456.0,3206,2721,0.2018144669197499,0.7107223368883133,kl,0.0387764534167945,False
COMPLETED,0.0599999999999999,2623.0,3442,1189,0.7364956649485975,0.7795985038504004,intersection,0.0537971929553896,True
COMPLETED,0.0599999999999999,10721.0,1583,4489,0.1290170470047742,0.3160810735039413,kl,0.0916783941444009,False
FAILED,,,227,2478,0.9350711465496568,0.6658837659582496,kl,0.059269270831719,True
COMPLETED,0.0599999999999999,2083.0,4583,3278,0.4528145827148109,0.2423348376564681,intersection,0.0187513478752225,False
COMPLETED,0.1,2119.0,4145,1317,0.0626979293376207,0.020491831516847,intersection,0.0340293260104954,True
COMPLETED,0.0599999999999999,6157.0,1037,3016,0.5767358585819601,0.5763402683530002,kl,0.0833363134786486,False
COMPLETED,0.04,4369.0,2180,30,0.3630743835046887,0.4134216859098523,kl,0.0736018398590385,True
COMPLETED,0.0599999999999999,1746.0,2786,4229,0.7518902586400508,0.9936448747906834,intersection,0.021306578181684,False
COMPLETED,0.05,12007.0,2691,1479,0.5570066039618105,0.6953068275600672,kl,0.0209975400939583,True
COMPLETED,0.04,2054.0,2042,2865,0.0746436355542391,0.1470040698833763,intersection,0.0590545272268354,False
COMPLETED,0.05,3413.0,979,191,0.865181836662814,0.8710234728008509,intersection,0.0943650828674435,True
COMPLETED,0.0599999999999999,9324.0,4125,4077,0.2575663576032966,0.2827674413509667,kl,0.0533198208548128,False
COMPLETED,0.0599999999999999,5468.0,4644,1019,0.2423221263624727,0.4429663431774825,kl,0.0238943663146346,True
COMPLETED,0.05,1722.0,245,4631,0.6310007834695279,0.8984356878120451,intersection,0.0730255664978176,False
COMPLETED,0.0599999999999999,2432.0,1681,2307,0.4330721799544989,0.1117947437893599,intersection,0.0856593917217105,True
COMPLETED,0.0599999999999999,7470.0,3578,3420,0.9470033477135003,0.5429045646507293,kl,0.0338914677593857,False
COMPLETED,0.0599999999999999,2291.0,3184,482,0.4902766250390559,0.9783583001438528,intersection,0.0489290631376206,True
COMPLETED,0.0599999999999999,8549.0,1294,3782,0.8820163059923797,0.4293174062874168,kl,0.0980595820397138,False
COMPLETED,0.0599999999999999,4673.0,482,1769,0.1830464746300131,0.5916415805164724,kl,0.0655628936551511,True
COMPLETED,0.0599999999999999,1961.0,4875,2570,0.6980590355563909,0.0045814033653587,intersection,0.0137956617027521,False
COMPLETED,0.0599999999999999,2749.0,3887,2016,0.8078698567822575,0.2269116844497621,intersection,0.0403977796155959,True
COMPLETED,0.0599999999999999,8016.0,747,3715,0.3226894871294498,0.6816724125519394,kl,0.0784540747385472,False
COMPLETED,0.0599999999999999,4244.0,2436,728,0.6161461678892373,0.3314894594512879,kl,0.0686313809175044,True
COMPLETED,0.0599999999999999,1765.0,3078,4927,0.0076929182633757,0.7638246542587876,intersection,0.0275868001859635,False
COMPLETED,0.05,2342.0,2961,795,0.9128715947065502,0.0743881177250295,kl,0.0829875792842358,False
COMPLETED,0.0599999999999999,2274.0,2318,4720,0.459381362112239,0.5223212190773338,intersection,0.0421180921513587,True
COMPLETED,0.0599999999999999,1817.0,864,2086,0.7294568016994744,0.4996104735676198,intersection,0.0322075087111443,False
COMPLETED,0.0599999999999999,12655.0,4005,3512,0.151688682699576,0.9075788799431174,kl,0.070440270723775,True
COMPLETED,0.0599999999999999,3651.0,4758,1702,0.3540778545737266,0.8180379680953919,kl,0.096954498514533,False
COMPLETED,0.0599999999999999,3252.0,365,2776,0.7765024282112718,0.2777624985352158,intersection,0.04501079833135,True
COMPLETED,0.05,2340.0,1411,413,0.0385578436180949,0.7363720793090761,intersection,0.0127777821570634,False
FAILED,,,3301,3986,0.5852603036612272,0.1717256647720933,kl,0.0617332061193883,True
COMPLETED,0.0599999999999999,1943.0,3695,2416,0.1061079361569136,0.3537928524166345,intersection,0.0769404034409672,False
FAILED,,,1799,3177,0.5255023291464895,0.8004844146557151,kl,0.024997384538874,True
COMPLETED,0.0599999999999999,3362.0,128,1125,0.2885985262598842,0.2165666151195764,kl,0.037719100723043,False
COMPLETED,0.0599999999999999,3184.0,4526,4386,0.8341896422188729,0.6252579294033349,intersection,0.086673832675442,True
COMPLETED,0.04,2284.0,4242,83,0.6620237913690507,0.5983356382977217,intersection,0.0573362692631781,False
FAILED,,,1096,4320,0.211320057336241,0.0568500230628997,kl,0.0164674741402268,True
COMPLETED,0.0599999999999999,3145.0,1925,1372,0.9784775228984652,0.9524038956295698,kl,0.0515143589116633,False
COMPLETED,0.0599999999999999,2663.0,2574,3110,0.4015770658962428,0.3885117824394255,intersection,0.0897464396432042,True
COMPLETED,0.0599999999999999,4309.0,2546,671,0.6798567878659814,0.9144391474667936,kl,0.027149700615555,False
COMPLETED,0.0599999999999999,2055.0,1942,4908,0.1973564675878733,0.4888819871451705,intersection,0.0676676188781857,True
COMPLETED,0.0599999999999999,1807.0,1133,1883,0.9875680341701955,0.5291510300580412,intersection,0.0776660537160933,False
COMPLETED,0.0599999999999999,11288.0,4234,3621,0.38082026915811,0.0636291747596114,kl,0.0397848478332161,True
COMPLETED,0.0599999999999999,7395.0,4499,1836,0.1154435887672007,0.1609669337235391,kl,0.0128203770611435,False
COMPLETED,0.0599999999999999,2349.0,146,2598,0.5045032500885426,0.7432021542564033,intersection,0.0651156447734683,True
COMPLETED,0.05,1944.0,1836,625,0.3066738087944686,0.2670342240296303,intersection,0.0974365009460598,False
FAILED,,,3687,3886,0.8199809148497879,0.824898499585688,kl,0.0481295195128768,True
COMPLETED,0.0599999999999999,1805.0,3300,2218,0.364478997291997,0.6360014247447252,intersection,0.0329331586509943,False
FAILED,,,1443,3292,0.754375997910276,0.2096908627934754,kl,0.0852277343533933,True
COMPLETED,0.0599999999999999,2477.0,377,1005,0.0558112028781324,0.8112583665400743,kl,0.0724181788414716,False
COMPLETED,0.0599999999999999,2387.0,4736,4578,0.5719353681374341,0.3469475566335022,intersection,0.0231118786893785,True
COMPLETED,0.05,2167.0,4003,291,0.9298818314149976,0.3816667506229132,intersection,0.0528780141752213,False
FAILED,,,895,4215,0.4463004897534847,0.9631780594307928,kl,0.0933952511567622,True
COMPLETED,0.0599999999999999,3731.0,2330,1502,0.7396138700991868,0.0499745347034186,kl,0.0582605169992893,False
COMPLETED,0.0599999999999999,2120.0,2940,2927,0.1298053637966513,0.6090793455559759,intersection,0.0203800031263381,True
COMPLETED,0.0599999999999999,5815.0,3057,1276,0.7858938354048877,0.2915160331279039,kl,0.0887881253380328,True
COMPLETED,0.0599999999999999,1736.0,2447,2975,0.3329973269421607,0.8662035371251404,intersection,0.0510827070754021,False
COMPLETED,0.07,3742.0,779,67,0.6029144757855683,0.1557222051173448,intersection,0.0158600812871009,True
COMPLETED,0.0599999999999999,10160.0,3886,4265,0.0247959280852228,0.690456435341388,kl,0.056553787169978,False
COMPLETED,0.0599999999999999,4386.0,4854,1231,0.4772851890325546,0.5380544363986701,kl,0.0862320311926305,True
COMPLETED,0.05,2145.0,494,4531,0.8988723861947656,0.1205130909401923,intersection,0.0367492634803056,False
COMPLETED,0.0599999999999999,2312.0,1325,2441,0.1613173717185854,0.8936160161029547,intersection,0.0242033795081079,True
COMPLETED,0.0599999999999999,6788.0,3182,3241,0.7081266081184148,0.4517151468712836,kl,0.0763228609412908,False
COMPLETED,0.2,2263.0,3570,362,0.228265293193981,0.0094163107816129,intersection,0.0612961013521999,True
RUNNING,,,1719,3975,0.6489841294046491,0.5828775411155074,kl,0.0118140256498008,False
COMPLETED,0.0599999999999999,7462.0,262,1571,0.4121649742927402,0.4341827702466398,kl,0.0442227721121162,True
COMPLETED,0.0599999999999999,1739.0,4616,2684,0.9561871618907898,0.9696247172858566,intersection,0.0963415722642093,False
COMPLETED,0.0599999999999999,2618.0,4117,2146,0.5358533089123665,0.7550912833176552,intersection,0.0694649912789464,True
COMPLETED,0.0599999999999999,7553.0,1016,3532,0.0840687840022146,0.3363550873771309,kl,0.0317602542974054,False
COMPLETED,0.0599999999999999,8227.0,2060,936,0.8508836729414762,0.6729085850678383,kl,0.0414950162544846,True
COMPLETED,0.0599999999999999,1955.0,2663,4822,0.2757957966439426,0.2317468558326363,intersection,0.0821880301274359,False
COMPLETED,0.0599999999999999,5385.0,2799,1975,0.0341151283252984,0.4670093356538563,kl,0.0951503986306488,True
COMPLETED,0.0599999999999999,1747.0,2158,3674,0.5780005737785249,0.8777126815896481,intersection,0.046195661984384,False
COMPLETED,0.08,2532.0,1033,765,0.3569366567526012,0.1052346211839467,intersection,0.0108848153240978,True
COMPLETED,0.0599999999999999,12286.0,4177,4963,0.7775492073614149,0.5539420221429318,kl,0.0628278295323252,False
COMPLETED,0.0599999999999999,3469.0,4596,524,0.7301157674118876,0.7058567461408674,kl,0.0813577207271009,True
COMPLETED,0.05,2026.0,204,3824,0.1549210106581449,0.1399564009308814,intersection,0.0431256460305303,False
COMPLETED,0.0599999999999999,2815.0,1581,1732,0.9062433194518088,0.8507875370420515,intersection,0.0304921949747949,True
COMPLETED,0.0599999999999999,4673.0,3474,2533,0.454321457542479,0.3072974968552589,kl,0.0713609961327165,False
COMPLETED,0.0599999999999999,3151.0,3242,1060,0.9809783008303492,0.2471547510251402,intersection,0.0563290748000145,True
COMPLETED,0.0599999999999999,13305.0,1344,4672,0.4029666335862129,0.6571351964883506,kl,0.018096308093518,False
COMPLETED,0.0599999999999999,12621.0,594,2270,0.6572078979145735,0.3209314434155821,kl,0.0505932848155498,True
COMPLETED,0.0599999999999999,1783.0,4989,3383,0.2044487264510244,0.7708803909234702,intersection,0.0914627672545611,False
COMPLETED,0.0599999999999999,2135.0,3789,1437,0.2820693946368992,0.9849264904614536,intersection,0.0757565536629408,True
COMPLETED,0.0599999999999999,7197.0,641,2823,0.8290153731815517,0.4182718513403088,kl,0.0268011357355862,False
COMPLETED,0.05,3019.0,2390,228,0.1069116559587418,0.5675914274808019,kl,0.0366234527062624,True
COMPLETED,0.0599999999999999,1979.0,3035,4114,0.5286051387228071,0.0253115404043346,intersection,0.0885671589244157,False
COMPLETED,0.05,3244.0,2840,119,0.43387507253699,0.8401978933438659,kl,0.0222708927560597,False
COMPLETED,0.0599999999999999,2767.0,2195,4357,0.9501060290243476,0.2511256845407188,intersection,0.0740381294023245,True
COMPLETED,0.0599999999999999,1892.0,836,1331,0.2357931044157594,0.7279174682721495,intersection,0.0839483386743813,False
FAILED,,,3984,3069,0.625827352805063,0.1768607356958091,kl,0.0348178244661539,True
COMPLETED,0.0599999999999999,7608.0,4793,2379,0.8603658186607062,0.0790356423016637,kl,0.0191995033435523,False
COMPLETED,0.0599999999999999,2117.0,398,3140,0.2506942032165825,0.5133790691290051,intersection,0.0602440780401229,True
COMPLETED,0.0599999999999999,1823.0,1540,1166,0.5595082239843904,0.4734607226010412,intersection,0.0924773852340877,False
FAILED,,,3437,4427,0.0760333166383206,0.9302258756551892,kl,0.0544210840761661,True
COMPLETED,0.0599999999999999,1735.0,3669,1665,0.6095182625595479,0.6244782287050039,intersection,0.0392072041984647,False
COMPLETED,0.05,7834.0,1776,2739,0.0026336066890507,0.0342101581674069,kl,0.0802524709049612,True
COMPLETED,0.0599999999999999,2278.0,10,454,0.808528225781396,0.9477644387651236,kl,0.0675311315711587,False
COMPLETED,0.0599999999999999,2102.0,4401,4027,0.3259214711878448,0.3974458349328487,intersection,0.0294741491321474,True
COMPLETED,0.0599999999999999,2110.0,4373,832,0.1859058586508035,0.3622393659986555,intersection,0.0479161515459418,False
FAILED,,,1229,4757,0.6991061734780669,0.7953574114441871,kl,0.0996840694732964,True
COMPLETED,0.0599999999999999,4422.0,1962,2044,0.4858335546925663,0.1944138206876814,kl,0.0646368963643908,False
COMPLETED,0.0599999999999999,3430.0,2604,3470,0.8747559682428837,0.6518875828385353,intersection,0.0155056901462376,True
COMPLETED,0.05,2646.0,2646,1787,0.4389350338038057,0.0470778356548398,intersection,0.0530859888065606,True
COMPLETED,0.0599999999999999,4667.0,1998,2548,0.9216787610482424,0.6120074380431324,kl,0.0937790067028254,False
COMPLETED,0.0599999999999999,2721.0,1189,499,0.1389982736688107,0.4021216541286558,kl,0.0586017089057713,True
COMPLETED,0.0599999999999999,1758.0,4334,3760,0.7459894902613013,0.9426917327437548,intersection,0.0208969759475439,False
COMPLETED,0.0599999999999999,2895.0,4443,721,0.7619189583994447,0.7829760273918509,intersection,0.0332964764349162,True
COMPLETED,0.0599999999999999,13262.0,46,4959,0.3726159198544919,0.3752003761343657,kl,0.0854152698814868,False
COMPLETED,0.0599999999999999,8665.0,1736,2009,0.5628086060695349,0.6467253512367606,kl,0.0729119458608329,True
COMPLETED,0.05,2136.0,3631,3746,0.0492580781765282,0.198996426206082,intersection,0.0234298634529113,False
COMPLETED,0.05,8045.0,3395,164,0.5127919813413173,0.264084322694689,kl,0.014039102261886,True
COMPLETED,0.0599999999999999,1705.0,1504,4089,0.1226510532591491,0.8278188812732696,intersection,0.0661585877183824,False
COMPLETED,0.0599999999999999,2770.0,438,1452,0.8137632898632436,0.1814447763003408,intersection,0.0985247554536908,True
COMPLETED,0.0599999999999999,5833.0,4832,2878,0.2973952417541295,0.7227538015842437,kl,0.0490419917646795,False
COMPLETED,0.0599999999999999,9320.0,3942,2343,0.1888788105919957,0.5009068433810026,kl,0.0281721843406558,True
COMPLETED,0.05,1976.0,800,3417,0.6727040499746799,0.0919047548752278,intersection,0.0688658835180103,False
COMPLETED,0.0599999999999999,2163.0,2235,1056,0.3869831675440073,0.9251555416155606,intersection,0.0785553416237235,True
RUNNING,,,2879,4629,0.9970355269536376,0.4781341698151082,kl,0.0408499166555702,False
COMPLETED,0.0599999999999999,1775.0,2996,1104,0.091171554127708,0.6680551497973501,intersection,0.0698940627463161,False
RUNNING,,,2352,4404,0.5443114546854048,0.2366316845417022,kl,0.0320135448500514,True
COMPLETED,0.0599999999999999,4367.0,683,2393,0.2663782716263085,0.7736046788729726,kl,0.0419666731543839,False
COMPLETED,0.0599999999999999,2769.0,3825,3193,0.8447402857784181,0.3178102686405182,intersection,0.0824839061126112,True
COMPLETED,0.05,1915.0,4949,1405,0.6416962406039238,0.407842117505148,intersection,0.0615262062195688,False
RUNNING,,,555,3104,0.2198656810894608,0.9959358503799884,kl,0.0122199127729982,True
COMPLETED,0.0599999999999999,2862.0,1386,114,0.9655461532399056,0.0220971519518643,kl,0.0444981875363737,False
COMPLETED,0.0599999999999999,2470.0,3278,4312,0.4184934801310301,0.5702261898498981,intersection,0.0967927699442952,True
COMPLETED,0.0599999999999999,3893.0,3514,2097,0.8908082738053053,0.8887244134899229,kl,0.0872324047982692,False
COMPLETED,0.0599999999999999,2313.0,1619,3484,0.4698454952593892,0.4565772298369556,intersection,0.0379254193417727,True
COMPLETED,0.0599999999999999,2060.0,162,808,0.7146069226469844,0.556575349425897,intersection,0.0251584210991859,False
FAILED,,,4560,4694,0.1703408670704811,0.1020216678176075,kl,0.0774536847881972,True
COMPLETED,0.0599999999999999,1950.0,4217,409,0.3412427509389817,0.1294347695335745,kl,0.0899410740565508,False
COMPLETED,0.0599999999999999,2874.0,1072,4022,0.7932711884416639,0.716775264363736,intersection,0.0520598748791962,True
COMPLETED,0.05,2070.0,2116,1700,0.0183779542930424,0.3041739500984549,intersection,0.0169704660307616,False
COMPLETED,0.0599999999999999,14207.0,2763,2813,0.5937096688263118,0.853514196973294,kl,0.0574883909989148,True
COMPLETED,0.0599999999999999,1998.0,2704,551,0.8354200817216187,0.5861200066935272,intersection,0.0748452853877097,False
COMPLETED,0.0599999999999999,12994.0,2097,3851,0.2912912739161401,0.0068124808389693,kl,0.025714085875079,True
COMPLETED,0.0599999999999999,4303.0,972,1841,0.5203730989489704,0.9800273257624356,kl,0.0355789617914706,False
COMPLETED,0.0599999999999999,2212.0,4082,2642,0.0995171116311103,0.4231415261346846,intersection,0.0873468864243477,True
COMPLETED,0.0599999999999999,1930.0,4657,1946,0.3965033913776278,0.3335970117002725,intersection,0.0552628073655068,False
FAILED,,,300,3645,0.9719415402263402,0.7581834292002022,kl,0.017205820903182,True
COMPLETED,0.0599999999999999,2622.0,1676,656,0.2124956475496292,0.220859738484025,kl,0.0493965627811849,False
COMPLETED,0.0599999999999999,2805.0,3536,4855,0.6646609759107232,0.6834616322107612,intersection,0.0904418254643678,True
COMPLETED,0.0599999999999999,2990.0,3141,1546,0.1455487540569156,0.8692932961545885,kl,0.0808419471886008,False
COMPLETED,0.0599999999999999,2612.0,1288,2932,0.7238043338935822,0.2887603443041443,intersection,0.0427856527362018,True
COMPLETED,0.04,2277.0,537,256,0.4616227305661886,0.701010902699083,intersection,0.0301068974938243,False
FAILED,,,4889,4142,0.9146257402654736,0.1448336675539612,kl,0.0711514788959175,True
COMPLETED,0.0599999999999999,2035.0,3845,952,0.5874351711161435,0.1179078407827764,kl,0.0948312092199921,False
COMPLETED,0.0599999999999999,2030.0,741,4564,0.040245250236243,0.5412983221914619,intersection,0.0457006909884512,True
COMPLETED,0.04,2343.0,2490,2242,0.7704292459450662,0.4406762896124273,intersection,0.0106988270953297,False
COMPLETED,0.0599999999999999,11293.0,3091,3355,0.3484918952025473,0.904016237726435,kl,0.062466059718281,True
COMPLETED,0.0599999999999999,2615.0,2896,2484,0.6929336979370563,0.2148840268217027,intersection,0.0467837803997099,True
COMPLETED,0.0599999999999999,6750.0,2295,3246,0.1764593642260879,0.6314468963518738,kl,0.0987274799123406,False
COMPLETED,0.0599999999999999,8547.0,936,1197,0.8832430834230035,0.359297056492418,kl,0.0634619451500475,True
COMPLETED,0.0599999999999999,1791.0,4040,4459,0.4929654131960123,0.7982702310457825,intersection,0.0145065205171704,False
ABANDONED,,,4693,12,0.0088722300343215,0.9584732113424688,intersection,0.0382741423044353,True
COMPLETED,0.0599999999999999,9773.0,342,4250,0.618787252444774,0.3867056689169258,kl,0.0791436287667602,False
COMPLETED,0.0599999999999999,3873.0,1484,1301,0.3176118605472147,0.5962416487280279,kl,0.0665527644846588,True
COMPLETED,0.05,2195.0,3337,3039,0.8013302194736897,0.0624781613256782,intersection,0.0283200018014758,False
COMPLETED,0.05,5892.0,3731,863,0.2598113881293684,0.4939232922922819,kl,0.0189020847529172,True
COMPLETED,0.0599999999999999,1717.0,1871,4788,0.866939941721037,0.9097319125253706,intersection,0.0597708792053163,False
COMPLETED,0.05,2421.0,105,2150,0.0684998143333941,0.0761313811670988,intersection,0.0922252932935953,True
COMPLETED,0.0599999999999999,7591.0,4462,3575,0.55135042203404,0.5163147534448653,kl,0.0539932118915021,False
RUNNING,,,4278,1636,0.9409341175109148,0.7386490460783242,kl,0.0218212430458515,True
COMPLETED,0.04,2041.0,1168,2709,0.4274898752197623,0.1661586775369942,intersection,0.0737642612773925,False
COMPLETED,0.0599999999999999,2636.0,1901,347,0.6331719293668865,0.8119079772382974,intersection,0.0835412475746124,True
COMPLETED,0.0599999999999999,8991.0,2509,3920,0.2440056329667568,0.279386110741645,kl,0.0345865149516612,False
COMPLETED,0.0599999999999999,2728.0,2514,341,0.2932619157880544,0.6854470878150313,kl,0.0596135450992733,True
COMPLETED,0.0599999999999999,1962.0,1906,3915,0.8372841033861042,0.22313701104559,intersection,0.0190956261660903,False
COMPLETED,0.0599999999999999,2067.0,1153,1632,0.1015667873397469,0.7598024545218794,intersection,0.0541864451859146,True
COMPLETED,0.0599999999999999,6376.0,4263,2706,0.522285623550415,0.3355116610471159,kl,0.0920676503982394,False
RUNNING,,,4466,2166,0.9736837412957102,0.4252953310981392,kl,0.0739222371019423,True
COMPLETED,0.0599999999999999,1738.0,109,3591,0.3985958649981766,0.9823803734742104,intersection,0.0216269687190651,False
COMPLETED,0.0599999999999999,2601.0,1856,876,0.6664516799170523,0.0083562031760811,intersection,0.0343926412798464,True
COMPLETED,0.0599999999999999,11705.0,3716,4801,0.2146671550069004,0.5878667788468301,kl,0.0836996220424771,False
COMPLETED,0.0599999999999999,2557.0,3322,1297,0.7257140663973985,0.9024539615102112,intersection,0.098917966959998,True
COMPLETED,0.0599999999999999,6190.0,1469,3035,0.1475955186970532,0.4389480676203966,kl,0.0466233905870467,False
ABANDONED,,,347,7,0.9164926804341376,0.5391259633488952,kl,0.0143464401643723,True
COMPLETED,0.05,1867.0,4698,4244,0.4635961719714105,0.115573343232274,intersection,0.0636527396459132,False
COMPLETED,0.0599999999999999,2168.0,4026,1210,0.0424138391893357,0.1432255819756537,intersection,0.0789525013417005,True
COMPLETED,0.0599999999999999,10482.0,922,4471,0.589223075589165,0.6990853173267096,kl,0.0384352636896073,False
COMPLETED,0.0599999999999999,9037.0,2300,2500,0.3505871609207242,0.286785828443244,kl,0.0284807238727808,True
COMPLETED,0.0599999999999999,1796.0,2901,3262,0.7721743580829352,0.8670050875674932,intersection,0.0663612370751798,False
COMPLETED,0.0599999999999999,4077.0,3097,2235,0.1786126970238983,0.0608721038289368,kl,0.0429764929972589,False
COMPLETED,0.0599999999999999,2526.0,2496,3348,0.6947368622831999,0.5943135556727647,intersection,0.0806819119304418,True
COMPLETED,0.05,1893.0,726,948,0.4950759387873113,0.3847369882054627,intersection,0.0709910436533391,False
FAILED,,,3830,4561,0.8849729394055902,0.9561786880046128,kl,0.0302973384410142,True
COMPLETED,0.05,2659.0,4893,271,0.6207122411038726,0.7967097338158637,kl,0.0455092090088874,False
COMPLETED,0.05,2274.0,542,4157,0.0109037348013371,0.3575675351154058,intersection,0.0949919773917645,True
COMPLETED,0.0599999999999999,1772.0,1274,1560,0.8031818997692317,0.6292801235634833,intersection,0.0626271353382617,False
FAILED,,,3127,2946,0.3196005581077188,0.2125444228183478,kl,0.010507654575631,True
COMPLETED,0.04,2183.0,3521,653,0.8686668791994452,0.2815409808661788,intersection,0.0255563968792557,False
FAILED,,,1661,4851,0.2619191141873598,0.8142594876233488,kl,0.075038473252207,True
COMPLETED,0.0599999999999999,3537.0,305,1940,0.5531563784778118,0.1677072721030563,kl,0.0875404729321598,False
COMPLETED,0.0599999999999999,2091.0,4662,3639,0.0706560581997036,0.7403904738370329,intersection,0.0354216734506189,True
COMPLETED,0.07,1814.0,4068,1855,0.4294757806826383,0.5183029509559273,intersection,0.0173641502764076,False
FAILED,,,958,2656,0.9427828867379576,0.0784063839875161,kl,0.0550688879285007,True
COMPLETED,0.0599999999999999,2043.0,2101,567,0.2460400562379509,0.911357486821711,kl,0.0902475972380489,False
COMPLETED,0.0599999999999999,2529.0,2709,3867,0.635099717559293,0.4958318648301064,intersection,0.0495545840356499,True
COMPLETED,0.0599999999999999,5906.0,2768,1684,0.9235314172767102,0.1972521226983517,kl,0.0380863548163324,False
COMPLETED,0.0599999999999999,2353.0,2120,2797,0.4409246626831591,0.6451815396714956,intersection,0.087041093474254,True
COMPLETED,0.04,2063.0,1057,396,0.7479135067053138,0.3728440864663571,intersection,0.0772626849357038,False
FAILED,,,4203,4009,0.1410288508348166,0.7808240367341786,kl,0.0253196727391332,True
COMPLETED,0.0599999999999999,2807.0,4565,814,0.3747273730468004,0.94078026586771,kl,0.0518996642716229,False
COMPLETED,0.0599999999999999,2597.0,168,4700,0.7636497865971177,0.4005008739866316,intersection,0.0901317409798502,True
COMPLETED,0.0599999999999999,1706.0,1604,2101,0.0514104796554893,0.6097276373505592,intersection,0.0576786619611084,False
FAILED,,,3499,3487,0.5646107944827526,0.0450925287641584,kl,0.0168098628148436,True
COMPLETED,0.04,2296.0,3263,101,0.1246864450275897,0.4804258583001792,intersection,0.0318197987508028,False
FAILED,,,1372,4299,0.5147206934168935,0.9271289569959044,kl,0.0700525674689561,True
COMPLETED,0.0599999999999999,2653.0,560,1389,0.2993801675662398,0.0938281095437705,kl,0.0826420953404158,False
COMPLETED,0.0599999999999999,2709.0,4954,3088,0.8156111240535974,0.502515732012689,intersection,0.0417726149130612,True
COMPLETED,0.0599999999999999,1834.0,3810,2396,0.6745109414551406,0.7250905893240123,intersection,0.0124129299819469,False
COMPLETED,0.0599999999999999,10556.0,668,3197,0.1910360341090708,0.1836162726040929,kl,0.0613683499209582,True
COMPLETED,0.0599999999999999,2746.0,2357,1109,0.9987615405488758,0.8295436828527599,kl,0.096635305583477,False
COMPLETED,0.05,2328.0,3001,4409,0.3890899251047522,0.2656476399060338,intersection,0.0446916013769805,True
COMPLETED,0.0599999999999999,4393.0,2883,1040,0.5461031420603394,0.572565466683358,kl,0.0659644894115626,True
COMPLETED,0.04,2130.0,2239,4613,0.0933439705967903,0.0242666313275694,intersection,0.0141972507536411,False
COMPLETED,0.0599999999999999,2771.0,786,2329,0.8464814923256636,0.997666948121041,intersection,0.0492005368880927,True
COMPLETED,0.0599999999999999,7139.0,3927,3403,0.2684698250815272,0.4093996107205748,kl,0.0983310490846633,False
COMPLETED,0.0599999999999999,3876.0,4837,1459,0.2219162769634276,0.3201032750997692,kl,0.0690592569578439,True
COMPLETED,0.0599999999999999,1725.0,443,2884,0.6436097597274929,0.7755763041134923,intersection,0.0280146802496165,False
COMPLETED,0.05,2728.0,1489,168,0.4204632129911333,0.238560164252296,intersection,0.0406921004224568,True
COMPLETED,0.0599999999999999,9217.0,3380,4093,0.9674091915357856,0.6696584412213414,kl,0.0787483995687216,False
COMPLETED,0.0599999999999999,2261.0,3617,1995,0.471941751781851,0.851604286013171,intersection,0.0939402980729937,True
COMPLETED,0.0599999999999999,8081.0,1721,3733,0.8925543023906647,0.3025520936418324,kl,0.0528950293548405,False
COMPLETED,0.0599999999999999,4982.0,50,705,0.1725084689371287,0.7145008266549557,kl,0.0207056238874793,True
COMPLETED,0.0599999999999999,1739.0,4448,4943,0.7163939143903553,0.1274445792604237,intersection,0.0587626043148338,False
COMPLETED,0.0599999999999999,2883.0,4319,502,0.7951390413399785,0.1002796154618263,intersection,0.0852547074016183,True
COMPLETED,0.0599999999999999,8182.0,1175,3763,0.3432171794306486,0.5550288071073591,kl,0.033486787462607,False
COMPLETED,0.05,12205.0,2003,1793,0.5956184848826379,0.4542269983887672,kl,0.0236204906459897,True
COMPLETED,0.0599999999999999,1719.0,2651,2555,0.0204237281288951,0.8865658850111067,intersection,0.0727516948524862,False
COMPLETED,0.05,1995.0,2609,2038,0.5801120176762342,0.3053067191634327,intersection,0.0800834968499839,False
COMPLETED,0.0599999999999999,11805.0,1968,3464,0.0358459620997309,0.8485136867519468,kl,0.0393904769420623,True
COMPLETED,0.0599999999999999,4376.0,1214,828,0.7797016144171357,0.1383339570555836,kl,0.0296570513956248,False
COMPLETED,0.0599999999999999,2068.0,4358,4753,0.3587388358712196,0.70394742259942,intersection,0.0673617823421955,True
COMPLETED,0.0599999999999999,1824.0,4406,470,0.156773676181212,0.551784081082791,intersection,0.0998523991275578,False
FAILED,,,14,4044,0.7321053907144814,0.1028838023170828,kl,0.0477336036693304,True
COMPLETED,0.05,9091.0,1761,1679,0.4562454684097319,0.8761667266897856,kl,0.0153234363067895,False
COMPLETED,0.0599999999999999,2772.0,3655,2753,0.908273905912414,0.4652666958793997,intersection,0.0648055167030543,True
COMPLETED,0.05,2522.0,3422,1162,0.4047735157720744,0.0268693830966949,kl,0.0742182847484946,False
COMPLETED,0.0599999999999999,3005.0,1525,4423,0.983135529924184,0.5693221757449209,intersection,0.0220987972803413,True
COMPLETED,0.0599999999999999,1839.0,403,2373,0.2061747456230223,0.4204416801929473,intersection,0.0346461034938693,False
FAILED,,,4798,3134,0.6593146461807191,0.98726541781798,kl,0.0841288651712238,True
COMPLETED,0.0599999999999999,2883.0,3969,1344,0.8310507742445916,0.772483332870528,kl,0.0600645711179822,False
COMPLETED,0.0599999999999999,2144.0,822,3082,0.2839981011357158,0.3228602726031094,intersection,0.0193708699289709,True
COMPLETED,0.05,2224.0,2200,136,0.5305900589581579,0.6591064722519367,intersection,0.054592160647735,False
FAILED,,,2845,4373,0.1087594994436949,0.2494481069613248,kl,0.0922975836042314,True
COMPLETED,0.07,3273.0,3041,222,0.952156630475074,0.9318351137638092,intersection,0.0182767941895872,True
COMPLETED,0.0599999999999999,9320.0,2395,4108,0.4357885823659599,0.4753837277926504,kl,0.0561573140975087,False
COMPLETED,0.0599999999999999,6904.0,626,1434,0.627797076370567,0.5153528339862823,kl,0.0912907118443399,True
COMPLETED,0.04,2048.0,3774,2820,0.2376561482883989,0.0813269813098013,intersection,0.0507734808977693,False
COMPLETED,0.0599999999999999,2251.0,4993,2286,0.2524858850147574,0.1784237034302204,intersection,0.0266212940402328,True
COMPLETED,0.0599999999999999,7222.0,598,3399,0.8625382444243876,0.7296426193285733,kl,0.0759275894984602,False
COMPLETED,0.0599999999999999,3013.0,1330,1073,0.0777745324801653,0.2532968313675373,kl,0.0887385659106075,True
COMPLETED,0.0599999999999999,1729.0,3227,4686,0.5615997718628495,0.8425350305605679,intersection,0.0364439855143427,False
COMPLETED,0.0599999999999999,5267.0,3459,1729,0.0045014651641249,0.6497350047621875,kl,0.0460263534914702,True
COMPLETED,0.0599999999999999,1997.0,1566,2530,0.6114926817566156,0.1920581184383481,intersection,0.0953333409596234,False
COMPLETED,0.0599999999999999,2123.0,210,517,0.3278302779495715,0.7938130124602467,intersection,0.0630110625457018,True
FAILED,,,4601,3818,0.8105740051940084,0.3604956499096005,kl,0.0107158008683472,False
COMPLETED,0.0599999999999999,5077.0,4163,778,0.7012024244237691,0.3954611154608428,kl,0.0432943060994148,True
COMPLETED,0.0599999999999999,1687.0,1019,4976,0.1876518965307623,0.9454840506538748,intersection,0.0811755072884261,False
COMPLETED,0.0599999999999999,3359.0,2163,1990,0.8769235794041305,0.0325899654440581,intersection,0.0711784075200557,True
COMPLETED,0.0599999999999999,7905.0,2804,3689,0.4876205408591777,0.6225661744102836,kl,0.0306604845635592,False
COMPLETED,0.05,2294.0,2668,919,0.1990986593626439,0.8266393250543624,intersection,0.0119852294586598,True
COMPLETED,0.0599999999999999,11700.0,2064,4805,0.6819492670632898,0.2685834208857267,kl,0.0611164296418428,False
COMPLETED,0.0599999999999999,8665.0,1001,2132,0.3826109787411987,0.7455530623514204,kl,0.0961622784100472,True
COMPLETED,0.0599999999999999,2095.0,4103,3519,0.9897395323328672,0.1631224061381071,intersection,0.0443943544477224,False
COMPLETED,0.05,2563.0,4621,1577,0.5064739012550563,0.0655383495874702,intersection,0.0315883175749331,True
COMPLETED,0.0599999999999999,5353.0,268,2690,0.1173076048549264,0.5307760020643472,kl,0.0696453047078102,False
COMPLETED,0.0599999999999999,3451.0,1704,366,0.822030584981665,0.4911575922556221,kl,0.0823680555541068,True
COMPLETED,0.0599999999999999,1714.0,3555,3979,0.3085863426905125,0.9164267426878214,intersection,0.0413227935414761,False
COMPLETED,0.0599999999999999,13542.0,3168,2428,0.7565445775687694,0.6067851865664124,kl,0.0509006663039326,True
COMPLETED,0.05,1960.0,1311,3228,0.3662669073417783,0.0480054896436631,intersection,0.0889569614268839,False
COMPLETED,0.0599999999999999,2338.0,499,1215,0.5740306394323706,0.961250330723822,intersection,0.0567222440615296,True
COMPLETED,0.0599999999999999,14387.0,4858,4515,0.0575563057214021,0.3800603287778794,kl,0.0156776633299887,False
COMPLETED,0.05,3303.0,3871,71,0.4482102315519004,0.344607588281855,kl,0.0369320358242839,True
COMPLETED,0.0599999999999999,1864.0,764,4269,0.9319285904783756,0.8090919580999761,intersection,0.0860625547263771,False
COMPLETED,0.05,2324.0,2452,1282,0.1316722983885556,0.2079609770681709,intersection,0.0761536711361259,True
COMPLETED,0.0599999999999999,7733.0,3062,2981,0.741587320799008,0.6344412918630987,kl,0.0243864391837269,False
COMPLETED,0.0599999999999999,1866.0,2944,1486,0.334922321178019,0.4493810136690735,intersection,0.0850453618261963,False
RUNNING,,,2335,2912,0.787925330877304,0.8914432929120957,kl,0.0331016616430133,True
COMPLETED,0.05,3192.0,881,277,0.0266475990861654,0.1187852332964539,kl,0.0232806690130382,False
COMPLETED,0.0599999999999999,2529.0,3988,4202,0.6049031789228319,0.5364917958341539,intersection,0.0722360929753631,True
COMPLETED,0.0599999999999999,1805.0,4741,1011,0.9010257134158164,0.6881678624060004,intersection,0.0935783565975725,False
RUNNING,,,382,4585,0.4790883626732975,0.1537480536047369,kl,0.0527088694646954,True
COMPLETED,0.0599999999999999,7484.0,1428,2221,0.710237143004313,0.8642775874044745,kl,0.0202104812301695,False
COMPLETED,0.0599999999999999,2263.0,3285,3295,0.1630472221244126,0.2899083118978887,intersection,0.0584432432428002,True
COMPLETED,0.05,2353.0,3673,611,0.6509700404442846,0.2336609028894454,kl,0.0678391561191529,False
COMPLETED,0.0599999999999999,2062.0,1822,3872,0.2301140531264245,0.67452821267955,intersection,0.0269703609962016,True
COMPLETED,0.04,2186.0,150,1821,0.9582215758673845,0.3386317576486617,intersection,0.0396052222233265,False
COMPLETED,0.0599999999999999,12219.0,4504,2582,0.414092768061906,0.7570773412119596,kl,0.0778373029548674,True
COMPLETED,0.0599999999999999,3882.0,4219,1887,0.0857957159038633,0.971372091729194,kl,0.0649433759599924,False
COMPLETED,0.0599999999999999,2393.0,1118,3625,0.5379610442649572,0.4357258902937173,intersection,0.0130003570578992,True
COMPLETED,0.05,1934.0,1947,677,0.2776017623823135,0.5852311911173164,intersection,0.0483098780363798,False
RUNNING,,,2551,4914,0.853039911231026,0.0115695134550333,kl,0.0972646099887788,True
COMPLETED,0.0599999999999999,2004.0,2569,1386,0.0728367477916181,0.5453166553750634,intersection,0.0248174043744802,False
RUNNING,,,1919,3124,0.554849384162575,0.1138895057402551,kl,0.0771126720868051,True
COMPLETED,0.0599999999999999,1966.0,1111,99,0.255840347725898,0.9002376959100366,kl,0.086845723465085,False
COMPLETED,0.0599999999999999,2822.0,4257,4336,0.8630750828199087,0.444454829569906,intersection,0.037538742031902,True
COMPLETED,0.05,2186.0,4522,1121,0.6289653879832476,0.2849819158818572,intersection,0.0166468139272183,False
RUNNING,,,123,4382,0.2403934105690568,0.8730717264357954,kl,0.057164732189849,True
COMPLETED,0.0599999999999999,4370.0,1813,2409,0.9450184181835501,0.1488521141316741,kl,0.0895751905720681,False
COMPLETED,0.0599999999999999,2297.0,3710,3171,0.4312243420463055,0.69699245798029,intersection,0.0516939846891909,True
COMPLETED,0.05,3143.0,3316,428,0.8799048490822315,0.7619580449778586,kl,0.0422872366942465,False
COMPLETED,0.0599999999999999,2261.0,1426,4002,0.4885457931235432,0.3298223977815359,intersection,0.0828044736757874,True
COMPLETED,0.0599999999999999,1704.0,360,1716,0.6959066303595901,0.6794393729884177,intersection,0.0702575443126261,False
COMPLETED,0.0599999999999999,9562.0,4753,2790,0.1812442824989557,0.2248819995652884,kl,0.0323770304396748,True
COMPLETED,0.0599999999999999,4085.0,4019,2079,0.3208368346188217,0.0027903461642563,kl,0.0448422955069691,False
COMPLETED,0.0599999999999999,2722.0,879,3505,0.8058802316207438,0.5901421395093202,intersection,0.0971368712093681,True
COMPLETED,0.05,2063.0,2314,792,0.0057689055372029,0.4269162664599716,intersection,0.0619152921531349,False
RUNNING,,,2956,4716,0.6141155944410711,0.9762525835782287,kl,0.0126089920010417,True
COMPLETED,0.0599999999999999,2388.0,3073,741,0.4575135054960847,0.1699371003825217,intersection,0.0982290586736053,True
COMPLETED,0.0599999999999999,12794.0,2431,4940,0.9108971624970436,0.7348706250917166,kl,0.0487462909612804,False
RUNNING,,,762,2032,0.1497798629254102,0.2753676585871726,kl,0.0136126021947711,True
COMPLETED,0.0599999999999999,1736.0,3902,3731,0.7274110241457818,0.8159264312516898,intersection,0.0657320836279541,False
COMPLETED,0.0599999999999999,2605.0,4870,1765,0.7744061754066496,0.9057135849185288,intersection,0.078285238482058,True
COMPLETED,0.0599999999999999,5075.0,478,2566,0.3523318297062069,0.497941618040204,kl,0.0405798202194273,False
COMPLETED,0.05,5196.0,1309,476,0.5830927055124193,0.5200933008380234,kl,0.0277692179754376,True
COMPLETED,0.04,2404.0,3199,3776,0.0367708555925637,0.0723528319150209,intersection,0.0684629238583147,False
COMPLETED,0.0599999999999999,10074.0,3593,2323,0.5234517369903624,0.3907278091683983,kl,0.0588742139656096,True
COMPLETED,0.0599999999999999,1749.0,1696,3436,0.1041944207511842,0.9544510692320765,intersection,0.0211694769840687,False
COMPLETED,0.05,2717.0,240,1032,0.8322199130766093,0.0587034265771508,intersection,0.0534920437354594,True
COMPLETED,0.0599999999999999,11603.0,4639,4644,0.2867354916818439,0.6000163816176354,kl,0.0941850576084107,False
COMPLETED,0.05,2352.0,4139,186,0.2095283662434667,0.6276722749974578,kl,0.0732052380405366,True
COMPLETED,0.05,1993.0,993,4072,0.6598513711821287,0.2186586500350385,intersection,0.0237231623381376,False
COMPLETED,0.0599999999999999,2228.0,2037,1475,0.3998358556311577,0.8022924846913666,intersection,0.0337198852561414,True
COMPLETED,0.0599999999999999,5779.0,2686,2861,0.976385965725407,0.3552748047057538,kl,0.0858386854082345,False
COMPLETED,0.0899999999999999,2874.0,2782,34,0.7034716943353414,0.0881262056231498,intersection,0.0918606074154377,True
COMPLETED,0.0599999999999999,9662.0,2176,4232,0.158124490968883,0.5046853907741606,kl,0.053628532718867,False
RUNNING,,,1051,1324,0.901577962256968,0.4821524955630302,kl,0.0185830581188201,True
COMPLETED,0.0599999999999999,1745.0,4159,3023,0.482427407503128,0.9211372140087188,intersection,0.0594518592767417,False
COMPLETED,0.0599999999999999,2040.0,4578,2464,0.0293999223355203,0.8318373352866619,intersection,0.0831533713173121,True
COMPLETED,0.0599999999999999,6805.0,222,3264,0.6060564370024948,0.2600658705402165,kl,0.0341986346710473,False
COMPLETED,0.0599999999999999,6188.0,1598,1174,0.3303426704127341,0.7189753805976361,kl,0.0214755928050726,True
COMPLETED,0.07,1798.0,3457,4474,0.7808025364670903,0.1852231991458684,intersection,0.0734186070133,False
COMPLETED,0.0599999999999999,4361.0,3220,1614,0.2785117231719195,0.3711781243477016,kl,0.063847416806966,True
COMPLETED,0.07,1807.0,1365,2727,0.8560364798195659,0.7869982810374349,intersection,0.0148919988796114,False
COMPLETED,0.05,2509.0,615,324,0.0794032818116247,0.2027710494194179,intersection,0.0471263393945992,True
COMPLETED,0.0599999999999999,9114.0,4968,3937,0.5326500776968895,0.6429507298823445,kl,0.0990700456127524,False
COMPLETED,0.0599999999999999,6730.0,3768,883,0.9535430937688798,0.61578217093274,kl,0.0669198522809892,True
COMPLETED,0.05,1842.0,662,4769,0.4070840258207172,0.0433031009063124,intersection,0.0286870855744928,False
COMPLETED,0.0599999999999999,2475.0,2412,2173,0.653577773189172,0.9386695906333624,intersection,0.0385962575022131,True
COMPLETED,0.0599999999999999,7544.0,3014,3560,0.2313966660033911,0.4061437943801283,kl,0.0794657399412244,False
COMPLETED,0.0599999999999999,1828.0,2819,1928,0.8246384459920227,0.7127568196449428,intersection,0.0297023901995271,False
COMPLETED,0.0599999999999999,12853.0,2217,3666,0.3098697827868163,0.1334532161112874,kl,0.0707469648960977,True
COMPLETED,0.0599999999999999,2123.0,858,640,0.5017945807836949,0.857292627254501,kl,0.0805682485457509,False
COMPLETED,0.0599999999999999,2207.0,3962,4877,0.1102987529374659,0.3003955216761678,intersection,0.0425119473878294,True
COMPLETED,0.05,2164.0,4772,570,0.3762193681504577,0.4603557697944343,intersection,0.0102738652750849,False
RUNNING,,,419,3831,0.9844286903124302,0.8849458716735243,kl,0.0620411019213497,True
COMPLETED,0.0599999999999999,3329.0,1561,1857,0.2000085067581385,0.0980033327750861,kl,0.0945391159877181,False
COMPLETED,0.0599999999999999,2522.0,3416,2618,0.6849449935611336,0.5605936826094984,intersection,0.0454086017794907,True
COMPLETED,0.0599999999999999,3208.0,3652,969,0.1270920546278357,0.9921611081957816,kl,0.036007014857605,False
COMPLETED,0.0599999999999999,2602.0,1793,4543,0.7344641564637423,0.411616857830435,intersection,0.0877749327849596,True
COMPLETED,0.05,1708.0,27,2258,0.4509628987014293,0.5742483226656913,intersection,0.0751397832203656,False
RUNNING,,,4383,3332,0.9330824452713132,0.0180750172771513,kl,0.0260085770022124,True
COMPLETED,0.0599999999999999,3283.0,4355,1527,0.5745825295019895,0.2406539456229656,kl,0.0497979815118014,False
COMPLETED,0.0599999999999999,2057.0,1247,2953,0.0608947687093168,0.6640328905750065,intersection,0.0908432482182979,True
COMPLETED,0.04,2102.0,1980,241,0.7497797367665917,0.3140356547217816,intersection,0.0555341040901839,False
RUNNING,,,2586,4166,0.3613445312399417,0.777379294650629,kl,0.0174771216511726,True
COMPLETED,0.0599999999999999,9989.0,2624,1247,0.7966754246614873,0.4142496497444808,kl,0.043887253915891,True
COMPLETED,0.05,1775.0,2020,4508,0.3144188608266413,0.9889486901983618,intersection,0.0960060473624616,False
COMPLETED,0.0599999999999999,2609.0,1211,2458,0.6214929474778473,0.0290862138085067,intersection,0.0609149185474962,True
RUNNING,,,4313,3220,0.014014329534024,0.5638167522177099,kl,0.0114328361395746,False
COMPLETED,0.0599999999999999,6151.0,4422,1261,0.4975692884754389,0.660909998157993,kl,0.0411768519505858,True
COMPLETED,0.05,2085.0,67,2999,0.8863851636108011,0.2433799512144178,intersection,0.0818698698468506,False
COMPLETED,0.0599999999999999,2531.0,1757,48,0.1738045887257903,0.7668583175931126,intersection,0.0691045955941081,True
COMPLETED,0.0599999999999999,9853.0,3610,4285,0.6878425179701299,0.3249535186048597,kl,0.0313998626358807,False
COMPLETED,0.0599999999999999,2236.0,3378,2129,0.2467219164073467,0.1361778014879673,intersection,0.016175157027319,True
COMPLETED,0.0599999999999999,7549.0,1521,3554,0.6383243793323636,0.7096353474427015,kl,0.0568688562046736,False
COMPLETED,0.05,3372.0,455,918,0.4228247299417853,0.3113157724123448,kl,0.0891461191046983,True
COMPLETED,0.0599999999999999,1670.0,4814,4843,0.9377305293828248,0.8467692633438855,intersection,0.051440694136545,False
COMPLETED,0.0599999999999999,2563.0,3924,378,0.548705996999517,0.8817310668230057,intersection,0.0245419889502227,True
COMPLETED,0.0599999999999999,8705.0,818,3951,0.063419222773984,0.4629909485615789,kl,0.0766614744067192,False
COMPLETED,0.0599999999999999,9536.0,2252,1590,0.8715332285929471,0.5501635323762893,kl,0.086615618597716,True
COMPLETED,0.04,1879.0,2861,2665,0.2629431178513914,0.1090131090916693,intersection,0.0371328549087047,False
COMPLETED,0.0599999999999999,3280.0,2978,1814,0.6693188639655709,0.7915826190691441,kl,0.0721169835329055,False
COMPLETED,0.05,2123.0,2369,2614,0.215691264629364,0.3660141602326184,intersection,0.0228106900863349,True
COMPLETED,0.05,2266.0,701,604,0.9692332278341054,0.6559096654634922,intersection,0.0325011600553989,False
RUNNING,,,3807,3904,0.3913581986352801,0.1903917399216443,kl,0.0847957424633205,True
COMPLETED,0.0599999999999999,2680.0,4931,694,0.0949158537108451,0.0382323504686355,kl,0.0579849260579794,False
COMPLETED,0.0599999999999999,2300.0,573,4893,0.5172341120038181,0.6204560345448553,intersection,0.0201044081617146,True
COMPLETED,0.0599999999999999,1823.0,1404,1903,0.2939429561737924,0.3936711522340774,intersection,0.0524695600103586,False
RUNNING,,,3260,3602,0.8405086443293839,0.9515391196049748,kl,0.092986792968586,True
COMPLETED,0.04,2453.0,3493,313,0.3457787050046026,0.5093606746010482,intersection,0.077944046575576,False
RUNNING,,,1640,4199,0.7652794133387506,0.0830540349707007,kl,0.0400628473982214,True
COMPLETED,0.0599999999999999,4705.0,184,1523,0.0449077781550586,0.9340043561272324,kl,0.0275612433440983,False
COMPLETED,0.0599999999999999,2347.0,4539,2909,0.5906356660015881,0.4696822402700781,intersection,0.0680791683122515,True
COMPLETED,0.0599999999999999,1926.0,4196,2194,0.917272782659158,0.2549042932782322,intersection,0.097735291654244,False
RUNNING,,,1093,3307,0.466706415368244,0.8364192864652723,kl,0.0484283061977475,True
COMPLETED,0.05,6113.0,2137,985,0.7192079537790269,0.1728424694333225,kl,0.0132492844108492,False
COMPLETED,0.0599999999999999,2010.0,2742,4597,0.1424144069757312,0.731935736393556,intersection,0.0655445480998605,True
COMPLETED,0.0599999999999999,4468.0,2721,2355,0.4152965543717145,0.9669527402706444,kl,0.0671719442214816,False
COMPLETED,0.0599999999999999,2743.0,2080,3155,0.9608876703307032,0.3778920679241418,intersection,0.0291149577591568,True
COMPLETED,0.0599999999999999,1839.0,956,1146,0.2250114686861634,0.6050571513958274,intersection,0.0388936760928481,False
RUNNING,,,4099,4446,0.6444058616757393,0.0539967270046472,kl,0.0799389387760311,True
COMPLETED,0.0599999999999999,2202.0,4674,142,0.8478786778692154,0.2056687820274382,kl,0.0642545079067349,False
COMPLETED,0.0599999999999999,2123.0,283,4341,0.270978220866993,0.640023507369682,intersection,0.0151233083941042,True
COMPLETED,0.07,1869.0,1659,1352,0.5392242007572204,0.3507223508674651,intersection,0.0475759891048073,False
COMPLETED,0.0599999999999999,9837.0,3552,3051,0.0885204667244106,0.8074835741650312,kl,0.0993439137376844,True
COMPLETED,0.0599999999999999,1734.0,3164,856,0.5988584306947887,0.7472204223778098,intersection,0.0843283225316554,False
RUNNING,,,1265,4741,0.0210903116948902,0.1569486674610525,kl,0.0351978043001145,True
COMPLETED,0.0599999999999999,6205.0,515,2064,0.7900715263523161,0.8211198927070945,kl,0.0226079639513045,False
COMPLETED,0.07,2063.0,4911,3451,0.3365812937580048,0.2708128327671438,intersection,0.0743751965742558,True
COMPLETED,0.0599999999999999,1702.0,3867,1643,0.165256349472329,0.4851035048142075,intersection,0.0928389745019376,False
RUNNING,,,719,2756,0.7119588095154613,0.9182176279388368,kl,0.0547826800495386,True
COMPLETED,0.04,3843.0,2468,433,0.4729809130784123,0.0676475674286484,kl,0.0195161200128495,False
COMPLETED,0.0599999999999999,2735.0,3114,4045,0.8954054867159575,0.5251326355300843,intersection,0.0605607014149427,True
COMPLETED,0.0599999999999999,2795.0,2919,539,0.0524500071592628,0.3403771625664085,kl,0.0501832789927721,True
COMPLETED,0.0599999999999999,1698.0,2273,3800,0.5674625680856406,0.7510692099872976,intersection,0.0910527654550969,False
COMPLETED,0.05,2538.0,914,1751,0.3674746531508862,0.2279720560219138,intersection,0.056049877628684,True
COMPLETED,0.0599999999999999,10256.0,4063,2513,0.7592143341042101,0.6766833867374807,kl,0.017817114945501,False
COMPLETED,0.0599999999999999,13486.0,4716,1958,0.7428465772774071,0.5791028658524155,kl,0.0361930030863732,True
COMPLETED,0.05,1980.0,319,3696,0.1343933276515454,0.013190984185785,intersection,0.0881367025990039,False
COMPLETED,0.0599999999999999,2810.0,1461,747,0.9267710117530078,0.9736469170227648,intersection,0.0754589726310223,True
COMPLETED,0.0599999999999999,12423.0,3360,4984,0.4415906421002,0.4301605686508119,kl,0.0265035479981452,False
COMPLETED,0.0599999999999999,3212.0,3747,1422,0.9918817683085798,0.1242915788479149,intersection,0.0113183561898767,True
COMPLETED,0.0599999999999999,5763.0,1854,2847,0.3842662892490625,0.5342759466320275,kl,0.0632613744214177,False
COMPLETED,0.0599999999999999,2651.0,88,210,0.6759082329571247,0.4476967597790062,kl,0.0954503842629492,True
COMPLETED,0.0599999999999999,1820.0,4479,4135,0.1935452645495533,0.8976344013363123,intersection,0.0464956516399979,False
COMPLETED,0.0599999999999999,2137.0,4294,1076,0.3024752384591847,0.8621852634269744,intersection,0.030899112233892,True
COMPLETED,0.0599999999999999,11126.0,1151,4650,0.816406406218186,0.2955343086849898,kl,0.071767906686291,False
COMPLETED,0.0599999999999999,6765.0,1885,2288,0.1195206322167068,0.694235036643222,kl,0.0816345159802585,True
COMPLETED,0.04,2011.0,2525,3362,0.508199289323762,0.1519436056744307,intersection,0.0434024345781654,False
COMPLETED,0.05,2301.0,2520,1089,0.0149826650545001,0.1041448219809681,intersection,0.017883310271427,False
FAILED,,,1880,4662,0.6244259010404348,0.5511638403888792,kl,0.0559396057296544,True
COMPLETED,0.0599999999999999,4219.0,1147,2300,0.315399561882019,0.4658947905097156,kl,0.0911623508762568,False
COMPLETED,0.0599999999999999,2727.0,4289,3374,0.7995903020873665,0.87489833269082,intersection,0.050117770479992,True
COMPLETED,0.0599999999999999,1832.0,4474,1410,0.690775475250557,0.84773340235278,intersection,0.0263940477371215,False
COMPLETED,0.0599999999999999,8947.0,83,2835,0.1747729279641062,0.3064227375015616,kl,0.0755245676450431,True
COMPLETED,0.0599999999999999,1967.0,1849,197,0.88930004475452,0.7028387785963714,kl,0.0880704207718372,False
COMPLETED,0.0599999999999999,2418.0,3742,4122,0.4985499932486563,0.1391063875183463,intersection,0.0363031898252666,True
COMPLETED,0.0599999999999999,3756.0,3355,1965,0.9386989875920116,0.3239760529994964,kl,0.0464294558111578,False
COMPLETED,0.0599999999999999,2303.0,1456,3703,0.4257575682513415,0.7717037622965872,intersection,0.0955606570001691,True
COMPLETED,0.04,2189.0,314,754,0.6393052030764519,0.2502202994823455,intersection,0.0631517884973436,False
FAILED,,,4711,4992,0.2496366785801946,0.6579985420741141,kl,0.0113838655408471,True
COMPLETED,0.05,2815.0,4058,531,0.2658759524431079,0.568702172992751,kl,0.0435119340009987,False
COMPLETED,0.0599999999999999,2774.0,909,3793,0.8725016830842942,0.0281296889353543,intersection,0.0815689214691519,True
COMPLETED,0.0599999999999999,1698.0,2268,1744,0.0663339812289923,0.9859972617607564,intersection,0.0718341876752674,False
COMPLETED,0.0599999999999999,13989.0,2914,2506,0.5496868170257658,0.4210690609980374,kl,0.0307889259979128,True
COMPLETED,0.0599999999999999,2319.0,3109,1655,0.3942759276442229,0.7290223767757416,intersection,0.0798726576194167,True
COMPLETED,0.0599999999999999,5553.0,2463,2768,0.9702167953439056,0.1796847212351858,kl,0.0390038621611893,False
COMPLETED,0.05,3721.0,714,445,0.2186213740445673,0.8412666347026824,kl,0.0290054581686854,True
COMPLETED,0.05,2128.0,3863,4058,0.670284340467304,0.2539249241389334,intersection,0.0672375385649502,False
COMPLETED,0.0599999999999999,2776.0,4906,843,0.8414922081213443,0.4764997479896992,intersection,0.0994534998293966,True
COMPLETED,0.0599999999999999,11412.0,510,4729,0.2968606814648955,0.9310548312235624,kl,0.047510479921475,False
FAILED,,,1260,2052,0.5181995847877116,0.0820994136314839,kl,0.0151895043905824,True
COMPLETED,0.0599999999999999,1761.0,3159,3439,0.0978459594082087,0.5142441918421536,intersection,0.064144235337153,False
COMPLETED,0.05,2966.0,3547,150,0.5935532723218203,0.9447044819388538,kl,0.0744414782337844,True
COMPLETED,0.0599999999999999,1721.0,1654,4348,0.04589146091789,0.3965768977161496,intersection,0.0224977770447731,False
COMPLETED,0.0599999999999999,2585.0,278,1359,0.7682094000652432,0.6214582460913806,intersection,0.0353073043935,True
COMPLETED,0.0599999999999999,6191.0,4669,3058,0.3467442967593669,0.0333621598239988,kl,0.0842627273499965,False
COMPLETED,0.0599999999999999,6381.0,4094,2348,0.1433980934564024,0.1933184224180877,kl,0.0604511161614209,True
COMPLETED,0.0599999999999999,1810.0,951,3148,0.7221255638170986,0.6491150001510977,intersection,0.0195816286932677,False
COMPLETED,0.0599999999999999,2374.0,2076,1138,0.467672010840848,0.3611230288557708,intersection,0.0547164848912507,True
COMPLETED,0.0599999999999999,10369.0,2716,4439,0.9202027731034904,0.7925448545441031,kl,0.0929492465686053,False
COMPLETED,0.0599999999999999,2540.0,2737,2206,0.6473196125961839,0.5300256704408675,intersection,0.0847301447670906,True
COMPLETED,0.0599999999999999,7232.0,2132,3319,0.2259914001487195,0.0666834284197539,kl,0.0326106576342135,False
COMPLETED,0.05,12239.0,1088,997,0.9638214009217918,0.9152890419084578,kl,0.0227005060296505,True
COMPLETED,0.0599999999999999,1697.0,4191,4610,0.4162660238333046,0.4919000736605376,intersection,0.0721832680422812,False
COMPLETED,0.0599999999999999,2470.0,4534,301,0.089500394469127,0.269812524754554,intersection,0.0930970621854066,True
COMPLETED,0.0599999999999999,9544.0,179,4187,0.5421379479598253,0.8259881798177957,kl,0.0524033620022237,False
COMPLETED,0.0599999999999999,8241.0,1636,1511,0.2719476866107434,0.1637814015932381,kl,0.0201699193567037,True
COMPLETED,0.0599999999999999,1738.0,3488,2898,0.8508124047424644,0.7443165804296731,intersection,0.0578753433190286,False
COMPLETED,0.05,2979.0,3255,702,0.3394951599314808,0.8084400990381837,kl,0.0681447655055671,True
COMPLETED,0.05,1805.0,1399,4900,0.7910513351261615,0.3458369300924241,intersection,0.027451746603474,False
COMPLETED,0.05,2274.0,568,1910,0.02402415753901,0.6332040961161256,intersection,0.0401730309519916,True
COMPLETED,0.0599999999999999,8347.0,4926,3609,0.599827777467668,0.2086202104650437,kl,0.0778777629043906,False
COMPLETED,0.0599999999999999,10601.0,3802,1807,0.8963852992076426,0.0491512823011726,kl,0.0654342780448496,True
COMPLETED,0.0599999999999999,1887.0,696,2607,0.475894782969728,0.6060346170011907,intersection,0.0133154829218983,False
COMPLETED,0.0599999999999999,2618.0,2364,596,0.7129281600061804,0.3808035240080207,intersection,0.0483627941645681,True
COMPLETED,0.0599999999999999,8602.0,2973,3896,0.1681901990342885,0.9601123920027166,kl,0.0978448748961091,False
COMPLETED,0.05,2337.0,2856,390,0.7601790335774422,0.1548931305781006,intersection,0.0114983480051159,False
RUNNING,,,2248,3964,0.3704036286249756,0.6874175289236008,kl,0.0608053351379931,True
COMPLETED,0.0599999999999999,3105.0,813,1602,0.5684472621008753,0.2906507914438843,kl,0.0961163172498345,False
COMPLETED,0.05,2135.0,3919,2676,0.0553685057610273,0.8631398847661911,intersection,0.0438210552372038,True
COMPLETED,0.0599999999999999,1683.0,4809,2117,0.4445196212921291,0.8907921495344489,intersection,0.0312896792497485,False
RUNNING,,,451,3542,0.9277357149440794,0.4506101193968206,kl,0.0691708794329315,True
COMPLETED,0.0599999999999999,2173.0,1516,905,0.1373118299711495,0.5352553157713263,kl,0.081804272821173,False
COMPLETED,0.0599999999999999,2605.0,3373,4830,0.7438312750104815,0.1194442306105047,intersection,0.0412863488588482,True
COMPLETED,0.0599999999999999,3480.0,3605,1268,0.1945098487697541,0.4369552339632064,kl,0.0513751827739179,False
COMPLETED,0.0599999999999999,3000.0,1752,3006,0.6788373311199248,0.9707202345263212,intersection,0.089255701676011,True
COMPLETED,0.05,2304.0,62,56,0.385250868011266,0.012228748710826,intersection,0.0567585868202149,False
RUNNING,,,4417,4293,0.994800389599055,0.5839939972292632,kl,0.0162413548678159,True
COMPLETED,0.0599999999999999,3463.0,4308,1240,0.5111283837687223,0.6737776412554085,kl,0.0372430391330271,False
COMPLETED,0.05,2204.0,1206,4501,0.1204852127190679,0.234806693688035,intersection,0.0865493342559784,True
COMPLETED,0.0599999999999999,1716.0,2015,2451,0.8193250237908213,0.7559394006319344,intersection,0.076727072270587,False
COMPLETED,0.0599999999999999,13597.0,2620,3213,0.3034598135035485,0.3393749510198831,kl,0.0244324915390461,True
COMPLETED,0.0599999999999999,13217.0,2581,1535,0.8660042367503046,0.9831005478408188,kl,0.0424017182365059,True
COMPLETED,0.0599999999999999,1775.0,1975,2960,0.2568048687428235,0.4239971980992704,intersection,0.0806344866193831,False
COMPLETED,0.07,2402.0,1242,248,0.5577680612206459,0.5891570616271345,intersection,0.0706814133003354,True
COMPLETED,0.0599999999999999,9429.0,4350,4173,0.0738212633505463,0.007643406862393,kl,0.0298119325377047,False
COMPLETED,0.0599999999999999,4372.0,4378,962,0.4321888667810708,0.2219381834045052,kl,0.0454742398764938,True
COMPLETED,0.0599999999999999,1926.0,22,4536,0.9479475758317856,0.6862511682473122,intersection,0.0944296588096767,False
COMPLETED,0.0599999999999999,2208.0,1788,2250,0.2413779298458248,0.3347002025619149,intersection,0.0621512459125369,True
RUNNING,,,3647,3324,0.6318840687591581,0.7610091323815285,kl,0.0102075407002121,False
COMPLETED,0.0599999999999999,2378.0,3411,582,0.1841733211763203,0.6998886839337646,intersection,0.02611880665645,True
COMPLETED,0.0599999999999999,8424.0,1556,3843,0.6968712740652263,0.1420269922763109,kl,0.0750735443085432,False
COMPLETED,0.0599999999999999,7263.0,414,1869,0.4914643549285829,0.8682110516019165,kl,0.0878404848836362,True
COMPLETED,0.08,1969.0,4767,2631,0.8808894873298704,0.285974607899785,intersection,0.0358974716812372,False
COMPLETED,0.0599999999999999,2441.0,3958,1916,0.6150802344288677,0.4376506484467536,intersection,0.0174114843923598,True
COMPLETED,0.0599999999999999,8309.0,853,3654,0.0086979404967278,0.9031738979350776,kl,0.0556435607653111,False
COMPLETED,0.0599999999999999,3833.0,2212,628,0.806864866150543,0.1148612607438117,kl,0.090733105065301,True
COMPLETED,0.0599999999999999,1762.0,2814,4865,0.3237553927060216,0.5404160081874579,intersection,0.0498643055837601,False
COMPLETED,0.05,2966.0,3009,890,0.7283907771520317,0.3562694002576172,kl,0.0595620025973767,False
COMPLETED,0.0599999999999999,2057.0,2407,4776,0.1526937923021614,0.7974299063235522,intersection,0.0185167342144995,True
COMPLETED,0.05,1961.0,658,2181,0.9118664535023272,0.2118316246457397,intersection,0.0536941701453179,False
RUNNING,,,3763,3567,0.4604474145434797,0.630570404484868,kl,0.0917511509079486,True
COMPLETED,0.0599999999999999,2929.0,4963,1607,0.0396847812514752,0.5951176379639656,kl,0.0733530547469854,False
COMPLETED,0.05,2405.0,610,2720,0.5840724548008293,0.0596732780467718,intersection,0.0215851358138024,True
COMPLETED,0.04,2017.0,1361,317,0.3552657350357621,0.9573853677231818,intersection,0.0340884048491716,False
RUNNING,,,3215,3930,0.7753754626940936,0.3839255315791815,kl,0.0832196100614965,True
COMPLETED,0.04,1940.0,3452,2476,0.2877153599411249,0.0772077961470931,intersection,0.0989599017892032,False
RUNNING,,,1593,3277,0.8351337197646498,0.5191063194219023,kl,0.0471926641371101,True
COMPLETED,0.0599999999999999,7299.0,217,1185,0.105163827009499,0.4950206461455672,kl,0.0148263609502464,False
COMPLETED,0.0599999999999999,2305.0,4573,4486,0.5263855233490466,0.912563452715054,intersection,0.0639568741526454,True
COMPLETED,0.0599999999999999,2381.0,4155,22,0.9792997761312872,0.8149794221892953,intersection,0.0795312913693487,False
RUNNING,,,1046,4221,0.4008157276082783,0.280243559833616,kl,0.0384867149963974,True
COMPLETED,0.0599999999999999,5747.0,2171,1311,0.6627851612586528,0.7416805168166756,kl,0.0287973145581781,False
COMPLETED,0.05,2282.0,2777,3010,0.2104977762196212,0.1669951877556741,intersection,0.0668536140397191,True
COMPLETED,0.05,2313.0,2681,193,0.4834111534692346,0.3993319991212337,kl,0.0658415381237864,False
COMPLETED,0.0599999999999999,2907.0,2032,4079,0.9044955128096044,0.9416134067941456,intersection,0.013546961415559,True
COMPLETED,0.05,2168.0,988,1482,0.1590901459269225,0.0442520135026425,intersection,0.0488126182183623,False
RUNNING,,,4134,2869,0.7064016252942383,0.6109043661523609,kl,0.0981189173646271,True
COMPLETED,0.0599999999999999,4230.0,4634,2315,0.7837200833018869,0.6458697982430458,kl,0.0683966831024736,False
COMPLETED,0.05,2198.0,235,3428,0.3313264126610011,0.1959230851568281,intersection,0.027879444444552,True
COMPLETED,0.0599999999999999,1860.0,1692,1025,0.6089863642435521,0.7821452203392982,intersection,0.0404702805634588,False
RUNNING,,,3588,4637,0.0303655735757201,0.3721632022298872,kl,0.0783507927600294,True
COMPLETED,0.05,1919.0,3194,1778,0.5336337009742856,0.1822869971208274,intersection,0.0940756036154925,False
COMPLETED,0.0599999999999999,7945.0,1304,2578,0.0823209476172924,0.7257795617207885,kl,0.0535576836764812,True
COMPLETED,0.0599999999999999,4139.0,473,488,0.8570020120888948,0.264966517727822,kl,0.021103150229901,False
COMPLETED,0.0599999999999999,2181.0,4866,3788,0.2814417693838477,0.8308655802831054,intersection,0.0589843544363975,True
COMPLETED,0.0599999999999999,1699.0,3898,729,0.2343143355268985,0.927962335864082,intersection,0.085904927002266,False
RUNNING,,,757,4928,0.6545614001844077,0.4792562696095555,kl,0.0336096582841128,True
COMPLETED,0.0599999999999999,5900.0,2426,2020,0.410014075750485,0.5036926987562329,kl,0.0238327028322964,False
COMPLETED,0.0599999999999999,2706.0,3068,3719,0.9545086297560484,0.0929868804570287,intersection,0.073139683259651,True
COMPLETED,0.0599999999999999,6643.0,2951,2087,0.1132315280437469,0.7764094431810081,kl,0.0374292017053812,True
COMPLETED,0.0599999999999999,1836.0,2309,3513,0.5027630947604775,0.3189343983754515,intersection,0.0869112784136086,False
COMPLETED,0.0599999999999999,2160.0,874,799,0.3127844817563891,0.6708351681642233,intersection,0.0770464306604117,True
COMPLETED,0.0599999999999999,11405.0,4014,4724,0.8256193255037069,0.2377196471318602,kl,0.0249276315141469,False
COMPLETED,0.0599999999999999,4283.0,4748,421,0.685913511255756,0.0229375956449657,kl,0.0517603112757206,True
COMPLETED,0.0599999999999999,1806.0,355,3995,0.2029412855822592,0.573253727113828,intersection,0.0894650499336421,False
COMPLETED,0.0599999999999999,3292.0,1421,1708,0.985409573541954,0.4087187283430248,intersection,0.057274186015129,True
COMPLETED,0.0599999999999999,10300.0,3311,2782,0.3791340708378702,0.9989881335850804,kl,0.0165811738185584,False
COMPLETED,0.0599999999999999,2924.0,3705,1133,0.9360153430663049,0.555717781363055,intersection,0.0324865702632814,True
COMPLETED,0.0599999999999999,10224.0,1808,4394,0.4519312974251806,0.0989503418374806,kl,0.0701919902022927,False
COMPLETED,0.0599999999999999,13449.0,118,2421,0.7373789781220256,0.8878877843003719,kl,0.0828707145992666,True
COMPLETED,0.0599999999999999,1715.0,4517,3183,0.1280728188864886,0.4535458780694752,intersection,0.0421770103927701,False
COMPLETED,0.05,2435.0,4252,1374,0.3623129262458533,0.3013825030922889,intersection,0.0125426645763218,True
COMPLETED,0.0599999999999999,6382.0,1106,3111,0.7527126308437437,0.8524376630224287,kl,0.062025433294475,False
COMPLETED,0.05,2399.0,1915,87,0.06187552925013,0.1266033483147621,kl,0.0970274165458977,True
COMPLETED,0.0599999999999999,2517.0,2564,4324,0.5774973474424331,0.7156777915395796,intersection,0.0449079361185431,False
COMPLETED,0.0599999999999999,4954.0,2556,1880,0.3558096893765032,0.2445798179917037,kl,0.0723456782288849,True
COMPLETED,0.0599999999999999,1755.0,1952,3617,0.7787370859645307,0.6601067784056067,intersection,0.0232151603326201,False
COMPLETED,0.05,2463.0,1123,669,0.0329272776059806,0.3257641126923263,intersection,0.0331678568013012,True
COMPLETED,0.0599999999999999,12106.0,4224,4907,0.5791275095529854,0.7656505968794227,kl,0.0849350897595286,False
COMPLETED,0.0599999999999999,5300.0,4509,619,0.9073093737419696,0.9882295586857944,kl,0.0583769615832716,True
COMPLETED,0.0599999999999999,1849.0,155,3880,0.4533163181971758,0.415548647141084,intersection,0.0203206681367009,False
COMPLETED,0.0599999999999999,2541.0,1827,1828,0.7311208788733929,0.5625256087575107,intersection,0.0525993693713098,True
COMPLETED,0.0599999999999999,5086.0,3678,2589,0.153854987969622,0.0297979709859937,kl,0.0936439517792314,False
COMPLETED,0.0599999999999999,2631.0,3290,999,0.656385614939034,0.4642892321329563,intersection,0.0777277168631553,True
COMPLETED,0.0599999999999999,10904.0,1433,4572,0.2052100944817066,0.8810121732521801,kl,0.0396707314066588,False
FAILED,,,387,2209,0.9802169606834648,0.1097241524439305,kl,0.0269041649997234,True
COMPLETED,0.0599999999999999,1763.0,4746,3283,0.4037888849601149,0.5488726268578321,intersection,0.0679494286887347,False
COMPLETED,0.0599999999999999,2072.0,3993,1498,0.1077948520202189,0.708832841515541,intersection,0.0973308911453932,True
COMPLETED,0.0599999999999999,5906.0,886,2924,0.5276610314343124,0.1373774303235113,kl,0.0481996919680386,False
COMPLETED,0.05,4761.0,2339,289,0.283013474041596,0.8455622564554214,kl,0.0131098566483706,True
COMPLETED,0.0599999999999999,1809.0,2949,4215,0.8281322087217122,0.3121261285580694,intersection,0.0648777816165238,False
COMPLETED,0.05,2550.0,3067,63,0.2366763878464698,0.619652816651389,kl,0.0442848550248891,False
COMPLETED,0.0599999999999999,2697.0,2457,4262,0.6248831544294953,0.0394322191048413,intersection,0.0962278729211539,True
COMPLETED,0.05,1833.0,769,1275,0.4348192987963557,0.9503314007502048,intersection,0.0610501486528664,False
FAILED,,,3876,2974,0.9492227139919996,0.3944817481804638,kl,0.012095415694639,True
COMPLETED,0.0599999999999999,4429.0,4863,2435,0.5586858536396175,0.3673131557703018,kl,0.0413889893703162,False
COMPLETED,0.0599999999999999,2072.0,504,3235,0.0767947757560759,0.7908634856976569,intersection,0.0822577828168869,True
COMPLETED,0.04,2146.0,1316,1222,0.859604331659153,0.1911034952402114,intersection,0.0697548906318843,False
FAILED,,,3173,4522,0.251516605162993,0.654618520144373,kl,0.0315228082239627,True
COMPLETED,0.0599999999999999,1925.0,3560,1565,0.8095941294990479,0.8357003910355268,intersection,0.0157871635910123,False
COMPLETED,0.0599999999999999,8356.0,1709,2679,0.3249164786972105,0.2562025749906897,kl,0.0566566490475088,True
COMPLETED,0.05,2073.0,273,354,0.6105232829339801,0.7306448290161788,kl,0.0890232432540506,False
COMPLETED,0.0599999999999999,2145.0,4626,3966,0.0015676713697612,0.1735535109266638,intersection,0.0507904795650392,True
COMPLETED,0.0599999999999999,2125.0,4107,932,0.4847067378889769,0.0842536656651645,intersection,0.0243202438578009,False
FAILED,,,1006,4818,0.8759436999913304,0.5085581705328077,kl,0.0762639430351555,True
COMPLETED,0.0599999999999999,3879.0,2069,2144,0.1847180990185588,0.4704925982747226,kl,0.0859529693052172,False
COMPLETED,0.0599999999999999,2700.0,2673,3531,0.700233021883294,0.932797351097688,intersection,0.036997544337064,True
COMPLETED,0.0599999999999999,3494.0,2809,770,0.98875579380244,0.639334324914962,kl,0.0506632966734468,False
COMPLETED,0.0599999999999999,2227.0,2168,4969,0.3796934207528829,0.2069968362003564,intersection,0.0913569961860775,True
COMPLETED,0.0599999999999999,1741.0,1024,1983,0.6809836046695709,0.8061633702106774,intersection,0.0560917162336409,False
FAILED,,,4168,3682,0.1961687358394265,0.3514041552692651,kl,0.0183862916007637,True
COMPLETED,0.0599999999999999,4150.0,4606,1736,0.3056687884200364,0.3790600226242095,kl,0.0365094968769699,False
COMPLETED,0.0599999999999999,2707.0,215,2537,0.8210468501690775,0.9661186196934431,intersection,0.0886289833392947,True
COMPLETED,0.0599999999999999,2070.0,1571,525,0.1143776850495487,0.0548382256347686,intersection,0.0760378588829189,False
FAILED,,,3464,3825,0.505508242579177,0.6038813464771956,kl,0.0265550961997359,True
COMPLETED,0.0599999999999999,1838.0,3232,2274,0.0565726898796856,0.9173832694198936,intersection,0.0108259842544794,False
FAILED,,,1334,3387,0.5711129661910235,0.486272173339501,kl,0.0629447787068784,True
COMPLETED,0.0599999999999999,2203.0,603,1061,0.36530136763677,0.5239565926697105,kl,0.095398937985301,False
COMPLETED,0.0599999999999999,2594.0,4998,4673,0.7536145387925207,0.0684897798839956,intersection,0.0459168565832078,True
COMPLETED,0.05,2270.0,3779,235,0.7386696438398213,0.1582769595757126,intersection,0.0305949726980179,False
FAILED,,,631,4120,0.1306886788289993,0.7465305260978639,kl,0.0712879909295588,True
COMPLETED,0.0599999999999999,2735.0,2400,1446,0.9289985479842872,0.2714948751106858,kl,0.0810652374010533,False
COMPLETED,0.0599999999999999,2333.0,3045,2832,0.4472446881290524,0.8197989749275147,intersection,0.043360504778102,True
COMPLETED,0.05,4749.0,2850,1337,0.6019703963808715,0.0145190402176231,kl,0.0674720523972064,True
COMPLETED,0.0599999999999999,1790.0,2205,3075,0.0256790925450623,0.5784136852566152,intersection,0.0295908528845757,False
COMPLETED,0.0599999999999999,6036.0,827,128,0.7850106393434108,0.4308423749115318,intersection,0.0394559889752417,True
COMPLETED,0.0599999999999999,10651.0,3974,4366,0.3339414342306554,0.9723267149273304,kl,0.0799739136081188,False
COMPLETED,0.0599999999999999,3493.0,4803,1170,0.1620787118654698,0.7502350875511765,kl,0.0647399195097386,True
COMPLETED,0.0599999999999999,1829.0,408,4431,0.7073043567445128,0.3415451154075562,intersection,0.0154329330474138,False
COMPLETED,0.0599999999999999,2309.0,1530,2380,0.4781074720080941,0.6755075799599289,intersection,0.0476234201155602,True
COMPLETED,0.0599999999999999,6480.0,3427,3141,0.8981110181640833,0.2288135527931153,kl,0.0999186827987432,False
COMPLETED,0.05,2494.0,3660,458,0.4111598628312349,0.2967029753513634,intersection,0.0840185959544032,True
COMPLETED,0.0599999999999999,9414.0,1766,4031,0.9572531845793129,0.8613509030491113,kl,0.0347123015020042,False
COMPLETED,0.05,6019.0,19,1667,0.2271992389038205,0.152785816270858,kl,0.0220332860853523,True
COMPLETED,0.0599999999999999,1753.0,4411,2741,0.6499892687499523,0.6930589919239282,intersection,0.0743278674874454,False
COMPLETED,0.0599999999999999,2756.0,4363,2050,0.8520715236607938,0.5335860522110015,intersection,0.0923631813004612,True
COMPLETED,0.0599999999999999,7352.0,1219,3476,0.2746688608694821,0.1256198728214949,kl,0.0544826630689203,False
COMPLETED,0.0599999999999999,7095.0,1972,840,0.5369802762884646,0.8963134854156523,kl,0.0194810539856553,True
COMPLETED,0.0599999999999999,1737.0,2614,4765,0.0828809053990989,0.448378803981468,intersection,0.0599982866086065,False
COMPLETED,0.0599999999999999,1810.0,2656,490,0.5213172954656183,0.8738530499711633,intersection,0.098265497656539,False
COMPLETED,0.0599999999999999,13223.0,2008,3751,0.09863382634148,0.283866758223623,kl,0.0493100793939083,True
COMPLETED,0.0599999999999999,12684.0,1179,1780,0.8363033948950469,0.6981002375856042,kl,0.0140870217699557,False
COMPLETED,0.07,2134.0,4324,2542,0.2903470457978546,0.1480786408148705,intersection,0.0660307276528328,True
COMPLETED,0.04,2530.0,4452,2007,0.2117341902907937,0.1126295289304107,intersection,0.0788585433922708,False
FAILED,,,55,3745,0.665483348114416,0.5459377604667097,kl,0.0406257756799459,True
COMPLETED,0.05,3620.0,1726,717,0.3956809912901371,0.4438258742596953,kl,0.0280803181789815,False
COMPLETED,0.0599999999999999,3072.0,3622,4955,0.9727030290868132,0.901505050772801,intersection,0.0689497996121645,True
COMPLETED,0.0599999999999999,2991.0,3385,1451,0.4626277211979031,0.5907630066592247,kl,0.0588281565811485,False
COMPLETED,0.0599999999999999,2885.0,1494,2876,0.9135598346889018,0.0015310831796377,intersection,0.0205960808787494,True
COMPLETED,0.04,2173.0,448,161,0.1466146875172853,0.9775197004992516,intersection,0.0530052591767162,False
FAILED,,,4842,4086,0.7227993116602301,0.4262880249749869,kl,0.0938740593288093,True
COMPLETED,0.0599999999999999,2361.0,3932,1047,0.7692415160555393,0.3287074780650436,kl,0.0726415515318512,False
COMPLETED,0.0599999999999999,2196.0,791,4620,0.3496187138650566,0.7627386546880007,intersection,0.0236868145503103,True
COMPLETED,0.0599999999999999,1920.0,2244,2337,0.5863083245698362,0.2241087641902267,intersection,0.0334211500361561,False
COMPLETED,0.0599999999999999,11547.0,2888,3411,0.0414330117274075,0.680546438768506,kl,0.0853641639091074,True
COMPLETED,0.0599999999999999,2872.0,3006,2384,0.882055202960968,0.4968264622408896,intersection,0.025385309997946,True
COMPLETED,0.0599999999999999,6639.0,2362,3185,0.4940923787131905,0.9064949103128164,kl,0.0771532282605767,False
COMPLETED,0.0599999999999999,5021.0,673,1097,0.691806760303676,0.0715793604571372,kl,0.0871512366272509,True
COMPLETED,0.0599999999999999,2613.0,3815,4397,0.1776472130864858,0.5212010823022573,intersection,0.0380200307443738,False
COMPLETED,0.05,2670.0,4959,113,0.3186170017514377,0.735491728324443,intersection,0.016699633160606,True
COMPLETED,0.0599999999999999,9978.0,565,4311,0.800264167042449,0.1686771217137575,kl,0.0577449008729308,False
COMPLETED,0.0599999999999999,3887.0,1377,1401,0.0099382545817643,0.8171937842555344,kl,0.0900661888811737,True
COMPLETED,0.0599999999999999,1883.0,3268,3100,0.6177821428421884,0.2747387014180421,intersection,0.0520092074479907,False
COMPLETED,0.0599999999999999,3668.0,3504,807,0.0677384444437921,0.2173993851915001,kl,0.0417069768160581,True
COMPLETED,0.0599999999999999,1936.0,1609,4693,0.5521727031506598,0.6282931402884424,intersection,0.0827515525184571,False
COMPLETED,0.0599999999999999,2248.0,172,2093,0.2589891348965466,0.3546465613618492,intersection,0.0699424234777688,True
COMPLETED,0.0599999999999999,7360.0,4570,3480,0.8677012800090014,0.8035595997534692,kl,0.0318861233256757,False
COMPLETED,0.0599999999999999,10435.0,4207,1692,0.6341160385143012,0.9552316808011382,kl,0.0448018305283039,True
COMPLETED,0.0599999999999999,1866.0,1062,2805,0.2431224387641996,0.3896128913108259,intersection,0.0965690675098449,False
COMPLETED,0.05,2908.0,2125,403,0.941817283829674,0.6011234492566436,intersection,0.0614339015167206,True
FAILED,,,2773,4016,0.4265457976739853,0.057930193061009,kl,0.0123033876437693,False
COMPLETED,0.0599999999999999,3635.0,2714,1843,0.1381151073500513,0.2588358427882194,intersection,0.0303636658657342,True
COMPLETED,0.0599999999999999,5261.0,2106,2643,0.7469335678070783,0.8324874971546232,kl,0.070880902511999,False
COMPLETED,0.0599999999999999,2795.0,963,555,0.4379909246563911,0.1845651833415031,kl,0.0807913665939122,True
COMPLETED,0.0599999999999999,1849.0,4073,3855,0.9225619552507996,0.7202127826847134,intersection,0.0429108523856848,False
COMPLETED,0.0599999999999999,2587.0,4667,665,0.5636308593023567,0.5054348022323101,intersection,0.0103981147520244,True
COMPLETED,0.0599999999999999,11907.0,310,4863,0.0484967398885637,0.0869801471401006,kl,0.062692689448595,False
COMPLETED,0.0599999999999999,9981.0,1666,1952,0.7626803282890467,0.9222758981566876,kl,0.0949257364682853,True
COMPLETED,0.0599999999999999,1808.0,3526,3651,0.3717936387378722,0.4814109380412846,intersection,0.0456194353103637,False
COMPLETED,0.05,4999.0,3132,264,0.8126972653158008,0.0421563285980373,kl,0.0353553468640893,True
COMPLETED,0.0599999999999999,1724.0,1279,4150,0.2984003513567149,0.6165318203326314,intersection,0.0876506135705858,False
COMPLETED,0.0599999999999999,2325.0,547,1552,0.5117868401370943,0.405401523033157,intersection,0.0749290194269269,True
COMPLETED,0.0599999999999999,7788.0,4898,2939,0.1237171056903898,0.9398085127230732,kl,0.0256220369879156,False
COMPLETED,0.0599999999999999,9238.0,3835,2243,0.3881101051773875,0.787649156730622,kl,0.0496641243621707,True
COMPLETED,0.0599999999999999,2036.0,731,3356,0.9958476780932396,0.3699478586539626,intersection,0.0901820422895252,False
COMPLETED,0.0599999999999999,2290.0,2500,955,0.1900666910540312,0.6441888457946479,intersection,0.0551351293548941,True
COMPLETED,0.0599999999999999,13343.0,3101,4568,0.6715770844575017,0.2021127956733107,kl,0.0172539231367409,False
COMPLETED,0.0599999999999999,1762.0,2906,1199,0.2675051181726157,0.8855960354004055,intersection,0.092001408804208,False
RUNNING,,,2305,4460,0.8435525242872535,0.459125743901357,kl,0.0542966721579432,True
COMPLETED,0.05,9027.0,927,2488,0.092359284017235,0.5618310865554959,kl,0.0189860856719315,False
COMPLETED,0.0599999999999999,2573.0,4031,3249,0.5431846360228955,0.0973453188296407,intersection,0.0596790998801589,True
COMPLETED,0.04,2144.0,4703,1310,0.964480219779536,0.1323071557693183,intersection,0.0838090760353952,False
RUNNING,,,352,3048,0.4194985023643821,0.7135062292441726,kl,0.0343270013388246,True
ABANDONED,,,1474,19,0.6406912499722093,0.2996539622955024,kl,0.0216932954732328,False
COMPLETED,0.0599999999999999,2077.0,3327,4256,0.2209315866660326,0.8584313095435498,intersection,0.0738120966311544,True
COMPLETED,0.0599999999999999,3913.0,3721,2158,0.7154293227344751,0.6647825381159782,kl,0.0637189804017543,False
COMPLETED,0.07,2236.0,1861,3584,0.1695793782100081,0.2395071714557707,intersection,0.0142362136952579,True
COMPLETED,0.05,2092.0,114,869,0.8915697310641408,0.7785182148814201,intersection,0.0467329302430152,False
RUNNING,,,4471,4794,0.4690231230556964,0.3132933815158903,kl,0.0988524126820266,True
COMPLETED,0.0599999999999999,2080.0,4268,348,0.0174946411196142,0.4103865939956158,kl,0.0662517825793474,False
COMPLETED,0.0599999999999999,2331.0,1158,3922,0.5946538969445972,0.9928119857478886,intersection,0.0285463646519929,True
COMPLETED,0.0599999999999999,2007.0,1911,1639,0.3402985544223338,0.0174167653899639,intersection,0.0383689364325255,False
RUNNING,,,2519,2713,0.7941544737312942,0.5754864404369145,kl,0.0790626426506787,True
COMPLETED,0.0599999999999999,6598.0,2504,1623,0.748918528938666,0.4830348170027136,kl,0.0143969345930963,False
COMPLETED,0.0599999999999999,2068.0,1896,2697,0.1399629173744469,0.924183786612004,intersection,0.0635274545010179,True
COMPLETED,0.04,2316.0,1163,335,0.924597322853282,0.0889685528501868,intersection,0.0986612840835005,False
FAILED,,,4273,3909,0.4399196720514446,0.507711024504155,kl,0.0468940531369298,True
COMPLETED,0.0599999999999999,3380.0,4457,875,0.0502227181643247,0.721761109566316,kl,0.0283862827904522,False
COMPLETED,0.0599999999999999,2388.0,100,4800,0.5657376410290598,0.1863054511342197,intersection,0.0664425782486796,True
COMPLETED,0.0599999999999999,1698.0,1866,2162,0.3736005543842911,0.8346440031286328,intersection,0.0792531281895935,False
FAILED,,,3726,3588,0.7648375164866447,0.2611880967412144,kl,0.0382085477933287,True
ABANDONED,,,3332,6,0.3003243956845253,0.1999453388024121,intersection,0.054102797312662,False
FAILED,,,1479,4243,0.8147278108801693,0.6418475464563816,kl,0.0921597847808152,True
COMPLETED,0.0599999999999999,3656.0,337,1293,0.12556973031722,0.3683885808754712,kl,0.0598370745312422,False
COMPLETED,0.05,2373.0,4688,3031,0.5137764969002455,0.7859198435526341,intersection,0.0187918128538876,True
COMPLETED,0.0599999999999999,2209.0,4035,2492,0.9980000516884028,0.9378386720456184,intersection,0.0345202331244945,False
FAILED,,,931,3253,0.3899123251922428,0.4031067320108413,kl,0.0836514343135058,True
COMPLETED,0.0599999999999999,2449.0,2291,1204,0.6736885692514479,0.6149265064038336,kl,0.0736547610163688,False
COMPLETED,0.0599999999999999,5744.0,2891,4466,0.1917974913679063,0.04022987139225,intersection,0.0218868380598723,True
COMPLETED,0.0599999999999999,5520.0,3087,940,0.845720154037699,0.8564561096001416,kl,0.0874563865177333,True
COMPLETED,0.05,1883.0,2485,4552,0.269292078314349,0.2973640583734959,intersection,0.0355133666098117,False
COMPLETED,0.0599999999999999,2352.0,736,2229,0.5452808609437197,0.7118993631172925,intersection,0.0257803675346076,True
COMPLETED,0.0599999999999999,6983.0,3840,3342,0.0941053404863923,0.130381778595969,kl,0.0747350984811782,False
COMPLETED,0.05,5776.0,4884,1559,0.4214072905369102,0.0951718000210821,kl,0.0903756303060799,True
COMPLETED,0.0599999999999999,1941.0,532,2945,0.9665260252170264,0.5594963213205337,intersection,0.0495068348478525,False
COMPLETED,0.05,2563.0,1283,268,0.2227994711659848,0.4575642112530767,intersection,0.0170962356496602,True
COMPLETED,0.0599999999999999,9455.0,3137,4154,0.6426656505800784,0.8838694492578506,kl,0.055328316045925,False
COMPLETED,0.0599999999999999,2075.0,3531,1939,0.1713206200767308,0.577028467439115,intersection,0.0710419793054461,True
COMPLETED,0.0599999999999999,7900.0,1671,3638,0.7175208520237356,0.0191628534607589,kl,0.0301724918372929,False
COMPLETED,0.0599999999999999,3927.0,295,649,0.4708147862646728,0.9949659989103676,kl,0.0427193715795874,True
COMPLETED,0.0599999999999999,1852.0,4652,4848,0.8937421828527004,0.412740861158818,intersection,0.080952133256942,False
COMPLETED,0.0599999999999999,2432.0,4077,558,0.5966235944852232,0.314912139153108,intersection,0.0625322557147592,True
FAILED,,,968,3858,0.0193577035814523,0.7804317042622714,kl,0.0105885545257478,False
COMPLETED,0.0599999999999999,13194.0,2092,1849,0.7962050937712192,0.2414942629095166,kl,0.0458102770801633,True
COMPLETED,0.0599999999999999,1715.0,2699,2650,0.3422120382264256,0.6670605542454868,intersection,0.0947657000366598,False
COMPLETED,0.05,2943.0,2759,397,0.1005007349085062,0.899155562892556,kl,0.0825940896663814,True
COMPLETED,0.0599999999999999,1764.0,2111,4010,0.523290764754638,0.4416689816303551,intersection,0.0419003894831985,False
FAILED,,,1067,1688,0.292256806185469,0.5441945481449365,intersection,0.032079142043367,True
FAILED,,,4212,2801,0.8383501279335469,0.1110827189274132,kl,0.0697845660056918,False
COMPLETED,0.0599999999999999,11621.0,4555,2110,0.6675786454342305,0.1458054225575178,kl,0.0967272579111158,True
FAILED,,,158,3496,0.2134792745448648,0.6961102555114775,intersection,0.0446077707782387,False
COMPLETED,0.0599999999999999,3479.0,1614,820,0.974871590156108,0.2819561631809919,intersection,0.0121096427179872,True
COMPLETED,0.0599999999999999,11380.0,3509,4706,0.3974689273647963,0.8722294981796294,kl,0.061592404730618,False
COMPLETED,0.0599999999999999,2924.0,3273,1397,0.9156094862315804,0.6824765543285756,intersection,0.0773435007315129,True
COMPLETED,0.0599999999999999,8140.0,1381,3096,0.464540281118825,0.2257127991821616,kl,0.0252247056085616,False
COMPLETED,0.05,4989.0,550,107,0.7247699888516216,0.765031393462792,kl,0.0378598216455429,True
COMPLETED,0.0599999999999999,1765.0,4944,4305,0.1484786850158125,0.3306779433395713,intersection,0.0873419023770839,False
COMPLETED,0.0599999999999999,2144.0,3820,1111,0.3514094420373439,0.4280193309150636,intersection,0.0575539021939039,True
COMPLETED,0.0599999999999999,13791.0,678,4411,0.7714129881933331,0.9790784131661056,kl,0.0168608832918107,False
COMPLETED,0.0599999999999999,5667.0,2347,2400,0.0431751774773001,0.0038686646781861,kl,0.0521701440960168,True
COMPLETED,0.05,1749.0,2991,3201,0.5884008223563432,0.5929318019524216,intersection,0.0898748760484159,False
COMPLETED,0.0599999999999999,6133.0,2874,2330,0.4958983109910041,0.2764651388470083,kl,0.0207867065630853,False
COMPLETED,0.0599999999999999,2737.0,2230,3404,0.8842114821467548,0.8187578450348229,intersection,0.0586679067462682,True
COMPLETED,0.04,1889.0,795,1044,0.1793741858843714,0.1710136417690664,intersection,0.0937134953401982,False
RUNNING,,,3937,4617,0.6939144621957094,0.7376620646622031,kl,0.0531955713778734,True
COMPLETED,0.05,3294.0,4827,176,0.8022986144796013,0.5231246451698243,kl,0.0234954613167792,False
COMPLETED,0.05,2389.0,433,4101,0.3205447546243667,0.0731894685402512,intersection,0.0728024484496563,True
COMPLETED,0.0599999999999999,1712.0,1499,1465,0.6197680129855871,0.9087849034629762,intersection,0.0855254541058093,False
COMPLETED,0.0599999999999999,9557.0,3390,2890,0.0117870479747653,0.4987991935387253,kl,0.0332301920931786,True
COMPLETED,0.0599999999999999,2059.0,3626,714,0.5542831971403211,0.0556511359363794,intersection,0.0491522616520524,False
RUNNING,,,1731,4952,0.0694683283101767,0.5991397782154381,kl,0.0984585567750036,True
COMPLETED,0.0599999999999999,3649.0,41,2001,0.8698546406906098,0.387700264468789,kl,0.0662240995839238,False
COMPLETED,0.0599999999999999,2169.0,4438,3739,0.2607922676410526,0.9536106329746544,intersection,0.0139295188523828,True
COMPLETED,0.0599999999999999,1824.0,4329,1794,0.244974150661379,0.801204529536888,intersection,0.0407843196298927,False
RUNNING,,,1185,2556,0.6361047081910073,0.3524947789032012,kl,0.0786648385319858,True
COMPLETED,0.0599999999999999,2271.0,1993,506,0.4284707584492862,0.6265481526982039,kl,0.0687557001318782,False
COMPLETED,0.0599999999999999,2763.0,2641,3767,0.9438488201983272,0.2158538782913237,intersection,0.0282384681794792,True
COMPLETED,0.04,2564.0,2599,824,0.3817887273672967,0.6022599343024194,intersection,0.0348833765648305,True
RUNNING,,,1958,4749,0.9905008724797516,0.0529259631410241,kl,0.0838387954980134,False
COMPLETED,0.0599999999999999,5474.0,1224,2037,0.1983372913319617,0.9641345843039452,kl,0.0741483590565621,True
COMPLETED,0.07,1766.0,4368,3463,0.6827715500388295,0.3767813298478722,intersection,0.0222046538442373,False
COMPLETED,0.0599999999999999,2795.0,4396,1672,0.8229137494415045,0.3498590127173811,intersection,0.0543109409231692,True
COMPLETED,0.0599999999999999,5486.0,5,2746,0.3076422632858157,0.8044180182721465,kl,0.0925437093060463,False
COMPLETED,0.0599999999999999,2904.0,1771,461,0.507418008543551,0.2048454180900007,kl,0.0601784407813102,True
COMPLETED,0.0599999999999999,1744.0,3665,4035,0.1164244087934493,0.6369788903500884,intersection,0.0193089600186795,False
COMPLETED,0.0599999999999999,13426.0,3432,2367,0.5729037036579102,0.8219699135553091,kl,0.029408597536385,True
COMPLETED,0.0599999999999999,1915.0,1535,3128,0.0587441564407199,0.2738307928759604,intersection,0.0676406739093363,False
COMPLETED,0.0599999999999999,2579.0,393,1154,0.7553566989656538,0.7480951891671866,intersection,0.0801422417536377,True
COMPLETED,0.0599999999999999,10332.0,4788,4415,0.3673938747178763,0.1600027947146445,kl,0.0392734422720968,False
COMPLETED,0.0599999999999999,4373.0,3979,132,0.1327383210770785,0.070461908891797,kl,0.0156158341374248,True
COMPLETED,0.0599999999999999,1748.0,831,4369,0.7405822093375027,0.5262471881099045,intersection,0.0645705717895179,False
COMPLETED,0.0599999999999999,2313.0,2190,1343,0.4492153708972037,0.4878816791325807,intersection,0.0997497075702995,True
COMPLETED,0.0599999999999999,6286.0,2836,3081,0.930862536188215,0.9193074345774948,kl,0.0478066943679004,False
COMPLETED,0.04,1948.0,3030,1430,0.0277135344054549,0.2307846203576773,intersection,0.0627621916029602,False
RUNNING,,,2385,2816,0.6038981585483997,0.677799716444686,kl,0.0109942726697772,True
COMPLETED,0.0599999999999999,2577.0,636,221,0.3359273136686533,0.3431497526895254,kl,0.0460855181608349,False
COMPLETED,0.0599999999999999,2508.0,3784,4107,0.786859427159652,0.752164600821212,intersection,0.0952167233731597,True
COMPLETED,0.0599999999999999,1841.0,4984,1067,0.709110294599086,0.9744949079304932,intersection,0.0714712251164019,False
RUNNING,,,589,4680,0.1642349817566573,0.4331805587001145,kl,0.0304259567335248,True
COMPLETED,0.0599999999999999,4259.0,1339,2277,0.8998379816673696,0.5799717956334351,kl,0.0431911974586546,False
COMPLETED,0.0599999999999999,2408.0,3237,3390,0.4802151794768869,0.0162509484477341,intersection,0.0812481782212853,True
COMPLETED,0.0599999999999999,2227.0,3470,511,0.9591048908997328,0.4468316296301781,kl,0.091528404681012,False
COMPLETED,0.0599999999999999,2365.0,1576,3811,0.4131485418025404,0.8945706374421715,intersection,0.0504838283080607,True
COMPLETED,0.05,2359.0,200,1720,0.6519142388198524,0.1234626158438622,intersection,0.0182064514141529,False
COMPLETED,0.0599999999999999,7103.0,4591,2521,0.2292307696957141,0.531236928679049,kl,0.0562627508956939,True
COMPLETED,0.0599999999999999,3600.0,4173,1987,0.276779360435903,0.6914358044806868,kl,0.08845692910254,False
COMPLETED,0.0599999999999999,2993.0,1028,3686,0.8538013982325792,0.1508748568799346,intersection,0.0366896914504468,True
COMPLETED,0.0599999999999999,1974.0,2153,777,0.085034256786108,0.859361285323277,intersection,0.0267355834692716,False
RUNNING,,,2795,4975,0.5387834146097302,0.2944293927457183,kl,0.0758660966716706,True
COMPLETED,0.04,1952.0,2658,2138,0.7804630735348909,0.0321518886722624,intersection,0.0564874604158103,False
RUNNING,,,2055,3525,0.3579164655264466,0.564679971396923,kl,0.0159702217578887,True
COMPLETED,0.0599999999999999,2822.0,1011,928,0.5809344196226448,0.4172943857349455,kl,0.050973253082484,False
COMPLETED,0.0599999999999999,2070.0,4112,4814,0.0350844750981777,0.9897719351649285,intersection,0.0888537652790546,True
COMPLETED,0.05,1841.0,4611,370,0.4553012700341642,0.7679289624858647,intersection,0.0764324014354497,False
RUNNING,,,258,3982,0.9091571893431246,0.3277508546691387,kl,0.0241378247272223,True
COMPLETED,0.0599999999999999,3972.0,1714,1578,0.155890361148864,0.6620206172633915,kl,0.0368155050743371,False
COMPLETED,0.0599999999999999,2582.0,3565,2691,0.7330496169738471,0.2461982261519879,intersection,0.0861218042206019,True
COMPLETED,0.0599999999999999,2353.0,3178,1219,0.2073624773714691,0.3102013388033956,kl,0.0964078995212912,False
COMPLETED,0.0599999999999999,2599.0,1320,4519,0.6581878293771297,0.843954802909866,intersection,0.044112630803138,True
COMPLETED,0.04,2840.0,489,2429,0.4059003641773015,0.1350881138201802,intersection,0.0119234801456332,False
RUNNING,,,4849,3230,0.9819477702919392,0.7068570541534572,kl,0.0612304605729878,True
COMPLETED,0.0599999999999999,2544.0,3881,1288,0.5295850664675235,0.5471454532966018,kl,0.0820784904714673,False
COMPLETED,0.0599999999999999,2748.0,774,2987,0.1098254031613469,0.1081632072143256,intersection,0.041560570532456,True
COMPLETED,0.04,2446.0,2442,79,0.829984838925302,0.8786768205985426,intersection,0.0316940135415643,False
RUNNING,,,3052,4278,0.285003121510148,0.4621163007430732,kl,0.0695752177480608,True
COMPLETED,0.0599999999999999,2608.0,2935,283,0.6267919370252639,0.6528897943850606,intersection,0.0398510887566953,True
COMPLETED,0.0599999999999999,12184.0,2325,4208,0.2387222025785595,0.1895436300430446,kl,0.0775558274146169,False
COMPLETED,0.0599999999999999,12445.0,891,1495,0.951090607786551,0.788522773778066,kl,0.0677771587017923,True
COMPLETED,0.0599999999999999,1804.0,3998,2920,0.4367936938274651,0.3651451114807278,intersection,0.0270841465052217,False
COMPLETED,0.0599999999999999,2064.0,4731,2225,0.078962411083281,0.3925547035560011,intersection,0.0480200648494064,True
COMPLETED,0.0599999999999999,6883.0,372,3299,0.5604728044867515,0.9487266742400824,kl,0.0975021415576338,False
COMPLETED,0.0599999999999999,3405.0,1438,1013,0.2536128207892179,0.0371368406638503,kl,0.0650493173487484,True
COMPLETED,0.05,1976.0,3295,4586,0.86135039370507,0.6176835633926093,intersection,0.0129305182024836,False
COMPLETED,0.05,8364.0,3682,1824,0.3268861706610768,0.9350732238925992,kl,0.0230456372629851,True
COMPLETED,0.0599999999999999,2133.0,1831,2586,0.8114572012554853,0.4724813534617424,intersection,0.0725284059811383,False
COMPLETED,0.0599999999999999,2239.0,141,612,0.0036183007042855,0.5104657095111906,intersection,0.0851181940268725,True
COMPLETED,0.0599999999999999,8548.0,4494,3874,0.6124367611613125,0.085877894103527,kl,0.0329987135995179,False
COMPLETED,0.07,10611.0,4229,683,0.8776849474348127,0.1759061143565922,kl,0.0204894569516181,True
COMPLETED,0.0599999999999999,1736.0,1128,4921,0.4867982578836381,0.732800985513255,intersection,0.0581948768906295,False
COMPLETED,0.0599999999999999,2517.0,1937,1895,0.702024675797671,0.2579431922603398,intersection,0.0934615777432918,True
COMPLETED,0.0599999999999999,7812.0,2541,3633,0.1868905563838779,0.8372483684401959,kl,0.0527678735367953,False
COMPLETED,0.0599999999999999,3151.0,2579,90,0.9027047809194771,0.3739700528141111,intersection,0.0703740747272968,True
COMPLETED,0.0599999999999999,10040.0,1930,4327,0.481239677613601,0.7836269644293933,kl,0.0323177812807261,False
COMPLETED,0.05,9155.0,1101,1380,0.704659455826506,0.1983381148334592,kl,0.0420085060596466,True
COMPLETED,0.05,1738.0,4247,3118,0.1569976444225758,0.6479635284934193,intersection,0.0830530884675681,False
COMPLETED,0.0599999999999999,2129.0,4531,2408,0.3292767648361623,0.6127570260986684,intersection,0.0618427057098597,True
RUNNING,,,133,3169,0.7818075270988047,0.0459311209730803,kl,0.0127121878135949,False
COMPLETED,0.05,4087.0,1804,1118,0.0283949001021683,0.9438305934891104,kl,0.0450770794879645,True
COMPLETED,0.0599999999999999,2546.0,3700,4379,0.6071223704628645,0.4013794404082,intersection,0.0968443124461919,False
COMPLETED,0.0599999999999999,4226.0,3306,1714,0.0802256540153175,0.0907587540186941,kl,0.0867400278337299,True
COMPLETED,0.0599999999999999,1855.0,1416,2788,0.5318886204380541,0.5016561934947967,intersection,0.0376088286563754,False
COMPLETED,0.04,2700.0,370,424,0.2792732120323926,0.4773926699198782,intersection,0.0251069697923958,True
COMPLETED,0.0599999999999999,9096.0,4763,3998,0.8552140797320753,0.9262941644191742,kl,0.076874894760549,False
COMPLETED,0.0599999999999999,4246.0,4010,783,0.6526944878995418,0.8284691044855863,kl,0.0896369395498186,True
COMPLETED,0.0599999999999999,1938.0,869,4708,0.232340862520039,0.2628542373161762,intersection,0.0515799540933221,False
COMPLETED,0.0599999999999999,2905.0,2323,2073,0.9525988656505942,0.7239912650156765,intersection,0.0164011924806982,True
COMPLETED,0.0599999999999999,8639.0,2966,3499,0.4079673389941453,0.1807867028694599,kl,0.0574464561697095,False
COMPLETED,0.0599999999999999,1740.0,3083,2024,0.5009113865811377,0.9965867855586112,intersection,0.0533861026819795,False
COMPLETED,0.0599999999999999,13423.0,2441,3723,0.1112428620848804,0.4066117923259734,kl,0.0942548961285501,True
COMPLETED,0.0599999999999999,2883.0,752,735,0.8236943684462457,0.5714643652476369,kl,0.0591640274878591,False
COMPLETED,0.05,2210.0,3892,4934,0.3107529491055756,0.0214388387203216,intersection,0.0209319450799375,True
COMPLETED,0.05,2275.0,4880,475,0.2008307878747582,0.2354849717188626,intersection,0.0337818823382258,False
RUNNING,,,487,3775,0.6841836236715316,0.6688047397118062,kl,0.0857249002344906,True
COMPLETED,0.0599999999999999,3217.0,1299,1762,0.3769807064384221,0.3170680567789822,kl,0.0729593711718916,False
COMPLETED,0.0599999999999999,3132.0,3189,2562,0.9836064370796084,0.7747435414772481,intersection,0.0240046382136642,True
COMPLETED,0.0599999999999999,7930.0,3583,1031,0.4498968462701886,0.7175246163364499,kl,0.0137293807137757,False
COMPLETED,0.0599999999999999,3565.0,1686,4643,0.9340875864755362,0.1282887705359607,intersection,0.0656730798911303,True
COMPLETED,0.0599999999999999,1707.0,250,2319,0.1260869450252503,0.8546528216358275,intersection,0.0979500826168805,False
RUNNING,,,4649,3432,0.735530181011185,0.3034324520621448,kl,0.0489946576487273,True
COMPLETED,0.0599999999999999,7256.0,4130,1466,0.7509067022837698,0.455347142599523,kl,0.0276963861100375,False
COMPLETED,0.05,2117.0,984,2853,0.3601566507779062,0.8893746348433196,intersection,0.068565871566534,True
COMPLETED,0.0299999999999999,2587.0,2046,179,0.5757703783623874,0.1013635925278067,intersection,0.0785202705673873,False
RUNNING,,,2695,4065,0.0597678310759365,0.5578128109984098,kl,0.040287506878376,True
COMPLETED,0.0599999999999999,1758.0,2791,1325,0.2546524988655,0.7589639812838285,intersection,0.0470124693959951,False
RUNNING,,,2185,3024,0.8642020204532891,0.3324821533281356,kl,0.09913195585832,True
COMPLETED,0.0599999999999999,2728.0,1042,38,0.0717097822744399,0.6845686403643338,kl,0.0641286361962556,False
COMPLETED,0.05,2396.0,4150,4236,0.5560372646246104,0.2200865644533187,intersection,0.0146458735130727,True
COMPLETED,0.04,3476.0,4588,1182,0.9460235277861356,0.0055531565099954,intersection,0.0386661835294216,False
RUNNING,,,232,4482,0.4301583174988627,0.5867409314699471,kl,0.0793598830420523,True
COMPLETED,0.0599999999999999,4810.0,1588,2470,0.6300314404144883,0.4225132233053445,kl,0.0666825795453041,False
COMPLETED,0.0599999999999999,2092.0,3447,3271,0.2393882693648338,0.981294500309974,intersection,0.028977154912427,True
COMPLETED,0.05,4834.0,3211,333,0.6951452920716255,0.5419194849096238,kl,0.0186857500113546,False
COMPLETED,0.05,2254.0,1356,3945,0.1820665357317775,0.1166478026285767,intersection,0.0593787682428956,True
COMPLETED,0.0599999999999999,1741.0,624,1620,0.8790825679656117,0.9052836502157152,intersection,0.0915682099200785,False
COMPLETED,0.0599999999999999,13298.0,4977,2733,0.4893071630131453,0.4400472729578614,kl,0.0538634772971272,True
COMPLETED,0.0599999999999999,6773.0,3757,2175,0.0067129830829799,0.2876452479902654,kl,0.0214168475661426,False
COMPLETED,0.0599999999999999,2514.0,652,3561,0.6132324281223118,0.8700745620634406,intersection,0.0735356420185416,True
COMPLETED,0.05,2088.0,2422,887,0.3217200288213789,0.144060255581513,intersection,0.0834018248412758,False
RUNNING,,,3024,4773,0.8049361224733294,0.7021186246778816,kl,0.0339197434391826,True
COMPLETED,0.05,2337.0,2828,641,0.1507240910436958,0.3855908086858689,intersection,0.0752428921964019,True
COMPLETED,0.0599999999999999,12579.0,2226,4879,0.7265277109723538,0.9592537615671752,kl,0.025935905734077,False
COMPLETED,0.0599999999999999,8547.0,848,1932,0.4583967907857149,0.061704985436052,kl,0.035714197596535,True
COMPLETED,0.0599999999999999,1812.0,3953,3670,0.9099529659803955,0.5973486550226808,intersection,0.088009460279718,False
COMPLETED,0.0599999999999999,2246.0,4782,1865,0.5823312166519463,0.6320678229872136,intersection,0.0554749390855431,True
COMPLETED,0.0599999999999999,8275.0,429,2627,0.0375932556800544,0.2136247043516486,kl,0.0175937395729124,False
COMPLETED,0.0599999999999999,4588.0,1551,576,0.7735838032029569,0.7995374074522404,kl,0.0500468521192669,True
COMPLETED,0.05,2213.0,3406,3837,0.3530932869650423,0.3586687555219977,intersection,0.090564776752144,False
FAILED,,,3642,2267,0.8332249353099614,0.1648986412417143,kl,0.080453958781436,True
COMPLETED,0.0599999999999999,1821.0,1784,3341,0.2856695582214742,0.7392702106554061,intersection,0.0425734405498951,False
COMPLETED,0.05,2386.0,37,976,0.5245176425669342,0.278757095945999,intersection,0.0299840266723185,True
COMPLETED,0.0599999999999999,10764.0,4393,4549,0.1031894301194697,0.8131753915864974,kl,0.0705012592952698,False
COMPLETED,0.0599999999999999,2350.0,4345,242,0.3986480941399931,0.910513176575303,kl,0.0946094590984284,True
COMPLETED,0.0599999999999999,1982.0,1237,4167,0.977512812271714,0.4928081941194832,intersection,0.0453031646460294,False
COMPLETED,0.05,2339.0,1990,1531,0.2084015475809574,0.517422473564744,intersection,0.010036172773689,True
COMPLETED,0.0599999999999999,5995.0,2596,2956,0.6610391010716558,0.0753579673357307,kl,0.0623307541757822,False
COMPLETED,0.0599999999999999,4520.0,2635,2455,0.2240673613976687,0.7425122003499418,kl,0.089449406703934,False
COMPLETED,0.0599999999999999,2514.0,2030,3216,0.6452890577372163,0.1622952871825545,intersection,0.0512166389916092,True
COMPLETED,0.05,1874.0,1200,1246,0.4144133899118751,0.8235775241795927,intersection,0.0160832050349563,False
FAILED,,,4303,4507,0.9618317497354,0.2677163277175277,kl,0.0569526864681393,True
COMPLETED,0.0599999999999999,2259.0,4431,42,0.5399855687879026,0.4900505943261087,kl,0.0863562749698758,False
COMPLETED,0.0599999999999999,2102.0,76,4279,0.087698183748871,0.913604846574366,intersection,0.0374008567072451,True
COMPLETED,0.05,2216.0,1748,1252,0.8487009292431175,0.0644713258706033,intersection,0.0245899942889809,False
COMPLETED,0.0599999999999999,9628.0,3600,2990,0.2702168807201087,0.527975044824183,kl,0.076533700171858,True
COMPLETED,0.0599999999999999,1941.0,3367,912,0.7890663870070129,0.9623439964801072,intersection,0.060644438387826,False
FAILED,,,1511,4837,0.3376473480481654,0.3828346439786255,kl,0.0116897014062851,True
COMPLETED,0.0599999999999999,3998.0,466,2120,0.5977924080062657,0.6079035982638596,kl,0.0440120133478194,False
COMPLETED,0.08,2853.0,4824,3546,0.0220954231563955,0.0508159719891846,intersection,0.0959550272207707,True
COMPLETED,0.05,1975.0,3914,1587,0.474168791681528,0.2110189783107489,intersection,0.0693311291001737,False
FAILED,,,809,2661,0.8942785193398594,0.6353121846634894,kl,0.0310990533977746,True
COMPLETED,0.0599999999999999,2772.0,2262,376,0.1663832852467894,0.3476294223796576,kl,0.0410960364900529,False
COMPLETED,0.0599999999999999,2545.0,2871,3950,0.7107709587961434,0.8099381049592048,intersection,0.0819648366421461,True
COMPLETED,0.0599999999999999,3927.0,2988,600,0.3686623848993331,0.1218414425402879,kl,0.0272904963046312,True
COMPLETED,0.0599999999999999,1751.0,2379,3900,0.7580875173006206,0.5373644806332886,intersection,0.068335764016956,False
COMPLETED,0.0599999999999999,2162.0,691,1812,0.0535768555644899,0.4523972487002611,intersection,0.0780690755695104,True
COMPLETED,0.0599999999999999,5178.0,3797,2613,0.566274808453396,0.8922950388379394,kl,0.0400120941363275,False
FAILED,,,4941,1897,0.9257660192623735,0.8653692380916326,kl,0.0134760874789208,True
COMPLETED,0.0599999999999999,1955.0,582,3596,0.442656545817852,0.2926846421677619,intersection,0.0652440057415515,False
COMPLETED,0.0599999999999999,2806.0,1394,686,0.7417806419581174,0.6892804519664496,intersection,0.0976542093139141,True
COMPLETED,0.0599999999999999,11995.0,3251,4884,0.1353983480259776,0.1565643580872565,kl,0.048523003431037,False
COMPLETED,0.0599999999999999,2702.0,3483,1517,0.67666969207488,0.3375229825917631,intersection,0.0328047172166407,True
COMPLETED,0.0599999999999999,5878.0,1630,2903,0.1927228942047804,0.7542572222258895,kl,0.0845719541981816,False
COMPLETED,0.0599999999999999,4059.0,194,305,0.9927041702549904,0.2325882949773222,kl,0.0720247646607458,True
COMPLETED,0.0599999999999999,1793.0,4549,4190,0.3835048022475093,0.671732839634642,intersection,0.0228942507877945,False
COMPLETED,0.0599999999999999,2148.0,4186,981,0.118576433841139,0.5821882991753518,intersection,0.0522099495027214,True
COMPLETED,0.0599999999999999,10912.0,1084,4594,0.5090825727544724,0.0107444244399666,kl,0.0932545252051204,False
COMPLETED,0.0599999999999999,5943.0,2147,2193,0.3015919234268367,0.9683044538460672,kl,0.0580332009587436,True
COMPLETED,0.0599999999999999,1759.0,2751,3306,0.8173506324775516,0.4348646341338753,intersection,0.0199769008066505,False
COMPLETED,0.0599999999999999,8764.0,2730,1152,0.6223762625101953,0.1411559721399098,kl,0.0223073374386876,True
COMPLETED,0.0599999999999999,1771.0,2090,4452,0.0130701032746583,0.7050543015580624,intersection,0.0746019121352583,False
COMPLETED,0.0599999999999999,2741.0,946,2363,0.7976196230370551,0.3081077953744679,intersection,0.0844227639492601,True
COMPLETED,0.0599999999999999,6500.0,4089,3164,0.3135355773959309,0.8495805914979428,kl,0.0351164627913385,False
COMPLETED,0.05,6682.0,4684,1356,0.1729821867793798,0.8769937266744672,kl,0.0197728025540709,True
COMPLETED,0.0599999999999999,1773.0,293,3055,0.688604004971683,0.4683076768517493,intersection,0.0602900392003357,False
COMPLETED,0.07,2431.0,1649,143,0.4968078293576836,0.5526510552801192,intersection,0.0927884797379374,True
COMPLETED,0.0599999999999999,10042.0,3542,4342,0.887207533955574,0.1059457221627235,kl,0.05490796552971,False
COMPLETED,0.0599999999999999,2325.0,3155,2068,0.4238906652610748,0.4195709063634276,intersection,0.0391611518431454,True
COMPLETED,0.0599999999999999,7689.0,1256,3454,0.9367255090083926,0.984207297604531,kl,0.0796790697705,False
COMPLETED,0.0599999999999999,2990.0,524,857,0.247726908897981,0.0260233552083373,kl,0.0670443520415574,True
COMPLETED,0.0599999999999999,1884.0,4921,4743,0.6372584756147116,0.5663002226762472,intersection,0.0291631458234041,False
COMPLETED,0.05,2783.0,3857,438,0.87040638018772,0.6563320380803198,intersection,0.0473524600081145,True
COMPLETED,0.0599999999999999,11764.0,709,4051,0.2641308774836361,0.2483545601759105,kl,0.099647726714611,False
COMPLETED,0.0599999999999999,6257.0,2478,1651,0.5475182652510702,0.7696727315541356,kl,0.0643381561152637,True
COMPLETED,0.0599999999999999,1901.0,3124,2764,0.0645460395775735,0.3217419798765331,intersection,0.0150311736762523,False
COMPLETED,0.0599999999999999,3322.0,2929,1757,0.968106292059645,0.5125766226872802,kl,0.0957182985544204,False
COMPLETED,0.0599999999999999,2335.0,2282,2519,0.3925460493545979,0.0802352116517722,intersection,0.0462362238578498,True
COMPLETED,0.04,2194.0,904,547,0.6681309853624552,0.9290189282521604,intersection,0.0111903227865695,False
RUNNING,,,4053,3808,0.216818232005462,0.4742710192613303,kl,0.0633091239444911,True
COMPLETED,0.0599999999999999,2225.0,4726,751,0.2950089788623154,0.2524240275975316,kl,0.0814105456601828,False
COMPLETED,0.0599999999999999,2751.0,329,4988,0.8395035328678787,0.839478940287605,intersection,0.043705809013918,True
COMPLETED,0.05,1983.0,1451,1960,0.0959209930561482,0.1775718385335058,intersection,0.0309831989835947,False
RUNNING,,,3350,3698,0.5161680577136575,0.7266265032682567,kl,0.0716762131918221,True
COMPLETED,0.04,2086.0,3737,213,0.0440855267811566,0.7946382204461842,intersection,0.0557488098926842,False
RUNNING,,,1845,4138,0.5913970061484723,0.3635384228806942,kl,0.0180433919653296,True
COMPLETED,0.0599999999999999,3314.0,98,1423,0.3450173369739204,0.6505963798929005,kl,0.0502781589515507,False
COMPLETED,0.0599999999999999,2592.0,4488,2848,0.7661016963142901,0.1951256373506039,intersection,0.0909718651697039,True
COMPLETED,0.05,1929.0,4284,2294,0.7200911182388662,0.0354099654592573,intersection,0.0757160937134176,False
COMPLETED,0.0599999999999999,13089.0,1141,3368,0.1414703275710344,0.623675068438053,kl,0.0262333270069211,True
COMPLETED,0.0599999999999999,5510.0,1895,1085,0.9182168899476528,0.3982563695348799,kl,0.03614206709899,False
COMPLETED,0.0599999999999999,2314.0,2535,4658,0.465823219306767,0.946556777536869,intersection,0.0882615495380014,True
COMPLETED,0.05,3513.0,2539,199,0.6055216675847768,0.5503780229147524,kl,0.0549235469009727,True
COMPLETED,0.05,1885.0,1890,4124,0.0299613356515765,0.1083101260159164,intersection,0.0926282845530659,False
COMPLETED,0.0599999999999999,2509.0,1140,1412,0.7812157269492745,0.8814592044409363,intersection,0.0604392267670482,True
COMPLETED,0.0599999999999999,9158.0,4286,2838,0.3299028248786926,0.4637508313152939,kl,0.0197462135646492,False
COMPLETED,0.0599999999999999,7802.0,4493,2297,0.1585336420182138,0.3115915310904383,kl,0.0349690890684723,True
COMPLETED,0.0599999999999999,1759.0,94,3371,0.7030282852519303,0.8460054842941463,intersection,0.0844511654414236,False
COMPLETED,0.0599999999999999,2425.0,1843,1086,0.4818962127882987,0.1359672072455286,intersection,0.0745845182612538,True
COMPLETED,0.0599999999999999,11197.0,3739,4660,0.9021434261593968,0.71033443422243,kl,0.0224657187797129,False
COMPLETED,0.0599999999999999,2342.0,3346,1742,0.406671071421355,0.7660981076695024,intersection,0.0150032067019492,True
COMPLETED,0.0599999999999999,4599.0,1456,2503,0.9539826995022594,0.3252252322733402,kl,0.0644859750848263,False
COMPLETED,0.0599999999999999,2401.0,331,529,0.2319316715039312,0.6616126540638506,kl,0.0994889001268893,True
COMPLETED,0.05,1948.0,4724,3790,0.6530161200724542,0.243165311962366,intersection,0.0473694193642586,False
COMPLETED,0.05,2650.0,4049,757,0.8565674384515732,0.0283872757423669,intersection,0.0293229064904153,True
COMPLETED,0.0599999999999999,12443.0,908,4994,0.2779464990701526,0.5640276736300439,kl,0.0670283254235982,False
COMPLETED,0.0599999999999999,7778.0,2284,1968,0.5322406905647367,0.4150135775078088,kl,0.0797061040066182,True
COMPLETED,0.0599999999999999,1770.0,2927,3706,0.0798469306956976,0.9886732586901636,intersection,0.0390123987942934,False
COMPLETED,0.0599999999999999,3705.0,3122,2055,0.984959903616458,0.1731139749027788,kl,0.0715612935274839,False
COMPLETED,0.0599999999999999,2054.0,2479,3441,0.3756538930945098,0.7311757346689701,intersection,0.0310440558753907,True
COMPLETED,0.05,2077.0,713,846,0.6845358611010015,0.2546894458271563,intersection,0.0436339441686868,False
RUNNING,,,3854,4732,0.2004519046880304,0.8371221505701542,kl,0.0815144573710858,True
COMPLETED,0.05,2282.0,4919,443,0.3094566034581512,0.9342153072822837,kl,0.0633800547104328,False
COMPLETED,0.0599999999999999,2879.0,526,4055,0.8250782729368656,0.4689832724612206,intersection,0.0110854783374816,True
COMPLETED,0.07,1772.0,1260,1652,0.1108335335087031,0.5090852728355675,intersection,0.0463520762603729,False
COMPLETED,0.0599999999999999,12442.0,3150,2765,0.5012331488784402,0.0838179329913109,kl,0.0956583757419139,True
COMPLETED,0.0599999999999999,1777.0,3544,1136,0.0613041372522711,0.3929681394156068,intersection,0.0883668392337858,False
RUNNING,,,1648,4436,0.5741388917714357,0.9517536398861556,kl,0.0360715708509087,True
COMPLETED,0.05,5187.0,289,2345,0.3608135540187358,0.0389922034796327,kl,0.0262928153015673,False
COMPLETED,0.0599999999999999,2668.0,4687,3146,0.7503449720218777,0.6201842019055038,intersection,0.075599796064198,True
COMPLETED,0.0599999999999999,1733.0,4091,1362,0.7339291398096829,0.6551460946127772,intersection,0.0909105630312115,False
COMPLETED,0.0599999999999999,9937.0,944,3061,0.1276537263337522,0.1906672904007136,kl,0.0503926440980285,True
COMPLETED,0.05,3441.0,2086,152,0.933495388517156,0.7922819140478968,kl,0.017939914772287,False
COMPLETED,0.0599999999999999,2548.0,2735,4350,0.4505233115572482,0.3658033577911555,intersection,0.0558211199846118,True
COMPLETED,0.0599999999999999,2875.0,2752,1513,0.2399840401671826,0.0679241310190409,kl,0.0765180284436792,False
COMPLETED,0.0599999999999999,2654.0,2146,2900,0.6294090238548815,0.5243699588198215,intersection,0.0247501085046678,True
COMPLETED,0.05,2173.0,1080,303,0.4317553174085915,0.4848918119501322,intersection,0.0372517504449933,False
FAILED,,,4189,4189,0.9444531810693442,0.918915913524106,kl,0.0863829546514898,True
COMPLETED,0.0599999999999999,5068.0,4549,995,0.5553844026755541,0.8213354223817587,kl,0.0571001518890261,False
COMPLETED,0.05,2204.0,193,4607,0.0722750779446214,0.2701107103712857,intersection,0.0160548831708729,True
COMPLETED,0.0599999999999999,1842.0,1628,2203,0.8626621414329856,0.7469476955980062,intersection,0.0512339529022574,False
COMPLETED,0.0599999999999999,11416.0,3486,3317,0.256279936728999,0.1577075073607265,kl,0.089290933329612,True
COMPLETED,0.05,2287.0,3249,594,0.8053490164577961,0.35002427348122,intersection,0.08199288492091,False
FAILED,,,1395,3894,0.3214023078158497,0.8076955347135663,kl,0.0409483082126826,True
COMPLETED,0.0599999999999999,6656.0,586,1804,0.6145247250422835,0.2064316669367253,kl,0.0312577896285802,False
COMPLETED,0.0599999999999999,2216.0,4938,2604,0.0053255057483911,0.6397472114637494,intersection,0.069314088774845,True
COMPLETED,0.0599999999999999,1761.0,3797,1913,0.4889589743111282,0.6042980438116938,intersection,0.0957951865904033,False
RUNNING,,,692,3612,0.8794650239963084,0.0542692455854266,kl,0.0440279479324817,True
COMPLETED,0.0599999999999999,6849.0,2382,704,0.1807095037866383,0.9676545949820428,kl,0.0116627588681876,False
COMPLETED,0.0599999999999999,2551.0,2985,4903,0.6964680641237646,0.3776763300504535,intersection,0.0607932710647583,True
COMPLETED,0.0599999999999999,3504.0,2868,908,0.3527447822466492,0.6944468484781682,kl,0.0486378417909145,True
COMPLETED,0.05,1967.0,2265,4833,0.7739665678143501,0.1512456770017742,intersection,0.0975932617299258,False
COMPLETED,0.0599999999999999,2208.0,809,2119,0.0362358482331037,0.8619088188074528,intersection,0.0653159609436988,True
RUNNING,,,3914,3545,0.5836543567702173,0.2962973423078656,kl,0.0133722567372024,False
COMPLETED,0.0599999999999999,14056.0,4821,1600,0.9103662057239562,0.4479693675879389,kl,0.039941243333742,True
COMPLETED,0.0599999999999999,1759.0,468,2674,0.4580787314567714,0.8968752045240252,intersection,0.0781740120518952,False
COMPLETED,0.0599999999999999,2614.0,1512,387,0.7278204131368547,0.1240759302023798,intersection,0.0682198199164122,True
COMPLETED,0.0599999999999999,9143.0,3367,3961,0.1493362159002572,0.5349777121152728,kl,0.0273503394890576,False
COMPLETED,0.0599999999999999,2616.0,3603,2449,0.6603861387409269,0.9728841510843484,intersection,0.0198717014677822,True
COMPLETED,0.0599999999999999,6713.0,1744,3211,0.2089669510684907,0.4304372214693575,kl,0.0581037781760096,False
COMPLETED,0.0599999999999999,8757.0,76,1238,0.9759727733843028,0.5798010622095316,kl,0.0931949556060135,True
COMPLETED,0.04,2168.0,4432,4498,0.4002756993062794,0.0129793805498629,intersection,0.0523261564597487,False
COMPLETED,0.11,2899.0,4306,58,0.1037852715607732,0.2272700823396444,intersection,0.0229554612282663,True
COMPLETED,0.0599999999999999,9962.0,1198,4295,0.5238951479326933,0.6768987676985561,kl,0.0719101998861879,False
COMPLETED,0.0599999999999999,3298.0,2029,1270,0.2872666882555932,0.3411361511796712,kl,0.0846755113545805,True
COMPLETED,0.0599999999999999,1921.0,2635,3008,0.8316544510331005,0.7507963344939051,intersection,0.0327324991580098,False
COMPLETED,0.0599999999999999,1858.0,2595,2248,0.2715436940640211,0.427679212713614,intersection,0.0288279137015342,False
RUNNING,,,1991,3322,0.8473474627062678,0.9759762300457804,kl,0.0667091148905455,True
COMPLETED,0.0599999999999999,2709.0,1240,960,0.0880770669355988,0.0020923301223665,kl,0.0793443123996257,False
COMPLETED,0.0599999999999999,2607.0,4342,4534,0.5396333313584327,0.5903540424313395,intersection,0.0388263894431293,True
COMPLETED,0.05,3035.0,4393,250,0.9604478452447802,0.6801412853263318,intersection,0.014663235200569,False
RUNNING,,,38,4175,0.4157097355592995,0.2246662003472447,kl,0.0639702226687222,True
COMPLETED,0.0599999999999999,2914.0,1787,1537,0.6449672954399138,0.7611989950202405,kl,0.0992794046830385,False
COMPLETED,0.0599999999999999,2168.0,3639,2963,0.224476689973846,0.33009485501796,intersection,0.046984143005684,True
COMPLETED,0.0599999999999999,3467.0,3407,631,0.7124024453870951,0.1486403599232435,kl,0.0340785807557404,False
COMPLETED,0.05,2123.0,1550,4868,0.1648469790704548,0.697690801192075,intersection,0.0833848762139677,True
COMPLETED,0.04,2037.0,426,1918,0.8948402496017515,0.2852584181278943,intersection,0.0735635553486645,False
RUNNING,,,4785,3656,0.4735118884406983,0.8723091073520481,kl,0.0212689749523997,True
COMPLETED,0.0599999999999999,3800.0,3953,1867,0.0205286418478935,0.8999649115037172,kl,0.0538365181628614,False
COMPLETED,0.0599999999999999,3005.0,847,2628,0.5993934492077678,0.4452137308139353,intersection,0.091717038070783,True
COMPLETED,0.05,1919.0,2223,579,0.3370208827611059,0.5455321274232118,intersection,0.0592189753893762,False
RUNNING,,,2832,3841,0.7896585849653929,0.1131874446887522,kl,0.0187017444428056,True
COMPLETED,0.0599999999999999,2885.0,3027,315,0.1338319124765694,0.8029906197041273,intersection,0.0906366737838834,True
RUNNING,,,2418,3928,0.7433813448362052,0.3550632586963474,kl,0.0499429725948721,False
RUNNING,,,652,1604,0.4420304857753217,0.6269094477146863,kl,0.0177085841353982,True
COMPLETED,0.04,1967.0,3758,2717,0.9263578194119036,0.2189353604800999,intersection,0.0554140070918947,False
COMPLETED,0.05,2366.0,4980,2184,0.5679059790279715,0.0594623575638979,intersection,0.0878936615213751,True
COMPLETED,0.0599999999999999,7582.0,622,3570,0.0520408579688519,0.5997435674685984,kl,0.0357741740532219,False
RUNNING,,,1355,893,0.7586488720607011,0.3900257778596132,kl,0.0258649642392992,True
COMPLETED,0.0599999999999999,1818.0,3211,4779,0.3680058497246354,0.9546665115375071,intersection,0.0753477259166538,False
RUNNING,,,3444,1314,0.8159667986258863,0.5198169175628573,kl,0.0622711907792836,True
COMPLETED,0.07,1952.0,1592,3012,0.3028881909996271,0.0731158079113811,intersection,0.0101523953210562,False
COMPLETED,0.04,4500.0,232,25,0.5087609405815601,0.9059254580978304,intersection,0.0451979071367532,True
RUNNING,,,4588,4223,0.1189856248572468,0.4972436317410319,kl,0.0946799875330179,False
COMPLETED,0.0599999999999999,3312.0,4147,1183,0.3848315152097493,0.2751520675681531,kl,0.0706047257594764,True
COMPLETED,0.0599999999999999,2061.0,1044,4483,0.9913508115354924,0.8166281353905795,intersection,0.0299117058515548,False
COMPLETED,0.05,3119.0,2186,2474,0.1931016175244003,0.17020976581797,intersection,0.0426347963325679,True
COMPLETED,0.0599999999999999,6886.0,2791,3275,0.6763176219481974,0.7341113669350742,kl,0.0803395272791385,False
COMPLETED,0.0599999999999999,3033.0,2691,1022,0.8868247693441808,0.9393723078835756,intersection,0.0969934723526239,True
RUNNING,,,2051,4635,0.4971563340760767,0.405929097501561,kl,0.0450504534505307,False
RUNNING,,,985,2313,0.6872808648534118,0.6150220223534852,kl,0.0127278488129377,True
COMPLETED,0.05,3485.0,4128,3426,0.1743395942263305,0.0435747569482773,intersection,0.0616825807653367,False
COMPLETED,0.07,2216.0,4644,1485,0.3138536367248743,0.2035350348092615,intersection,0.0830358067434281,True
COMPLETED,0.0599999999999999,5843.0,254,2871,0.7972063832934945,0.6426752370297909,kl,0.0421670116204768,False
COMPLETED,0.05,3275.0,1689,195,0.0144579784180969,0.3704792439080774,kl,0.0321702407579869,True
COMPLETED,0.0599999999999999,1782.0,3581,4081,0.6210835603456945,0.7872091411054134,intersection,0.0704023214895278,False
COMPLETED,0.0599999999999999,5452.0,3193,2022,0.0639806360900402,0.7187034568712115,kl,0.0572877092100679,True
COMPLETED,0.05,2224.0,1295,3721,0.548171227581799,0.1859831395260989,intersection,0.0164182220771908,False
COMPLETED,0.0599999999999999,2248.0,486,732,0.2625032723173499,0.8320517644807696,intersection,0.0515519594587385,True
RUNNING,,,4882,4930,0.8719464190751313,0.2593629450909793,kl,0.0897847214713692,False
COMPLETED,0.0599999999999999,3381.0,3897,485,0.6378809702489525,0.4819418436940759,kl,0.0769017621967941,True
COMPLETED,0.0599999999999999,1744.0,748,3786,0.2471310674566775,0.9218363621328026,intersection,0.0249580620136111,False
COMPLETED,0.0599999999999999,2803.0,2438,1775,0.9382959932852536,0.0884019066747278,intersection,0.0377687014732509,True
COMPLETED,0.0599999999999999,5516.0,3085,2576,0.422293535226956,0.5039216730687767,kl,0.0867241254355758,False
COMPLETED,0.05,2075.0,2968,1705,0.5167904742732644,0.3147954463884234,intersection,0.0239326508250087,False
RUNNING,,,2321,2779,0.0953252222537994,0.7771075196377933,kl,0.0730631697271019,True
COMPLETED,0.0599999999999999,2403.0,865,419,0.84107387958467,0.2399508714601397,kl,0.0856101369764655,False
COMPLETED,0.0599999999999999,2083.0,4014,3992,0.2934119789525866,0.6642474684827029,intersection,0.0338429050240665,True
COMPLETED,0.05,2310.0,4764,801,0.2162529363352805,0.5749475600179283,intersection,0.0210478355363011,False
RUNNING,,,368,4726,0.6687838473115116,0.0178642761800438,kl,0.0591041306592524,True
COMPLETED,0.0599999999999999,3986.0,1412,2090,0.390918611491099,0.991397479718551,kl,0.0943257576599717,False
COMPLETED,0.0599999999999999,3028.0,3311,3515,0.9696461710799484,0.4118924696538597,intersection,0.0532811769284308,True
COMPLETED,0.05,2756.0,3698,89,0.4661409403122961,0.0977885466683656,kl,0.0403471515793353,False
COMPLETED,0.0599999999999999,2851.0,1806,4327,0.917803995963186,0.5612964890878647,intersection,0.0784041387122124,True
COMPLETED,0.0599999999999999,1818.0,137,1376,0.1428578049056231,0.4606273366082459,intersection,0.0686710387188941,False
RUNNING,,,4527,3114,0.7187988213188946,0.8841858123224228,kl,0.0276257767062634,True
COMPLETED,0.0599999999999999,4508.0,4245,2419,0.7657192402835935,0.8570172831155359,kl,0.0488911112211644,False
COMPLETED,0.05,2421.0,1103,3181,0.3453655256759375,0.3011593583524226,intersection,0.0980223114043474,True
