Status,ACCURACY,RUNTIME,recent_samples_size,batch_size,detection_buf_size,overlap,alpha,gamma,statistical_test,subset_bound,approximation_type
ABANDONED,,,2585,2810,599,0.2754519094824791,0.7733958348035812,4.0792125121653084,t-test,12,bounded
ABANDONED,,,207,702,3924,0.5791718931235373,0.3717105543147772,7.595285438078456,ks-test,29,bounded
ABANDONED,,,2084,4074,2234,0.0119830190241336,0.1484119181912392,5.3504527092613285,t-test,44,bounded
ABANDONED,,,4462,2436,3205,0.8156629312206058,0.7374180080033838,1.3660546164419503,ks-test,23,bounded
ABANDONED,,,4197,4515,4529,0.992742943605408,0.5137622269019485,2.9358282177969808,t-test,44,bounded
ABANDONED,,,1721,1467,969,0.1736977686844766,0.1050550681147724,8.794806412996722,ks-test,15,bounded
COMPLETED,0.91,1.0,1097,3604,2718,0.7293169598057865,0.3770576424840837,6.709249994651415,t-test,1,bounded
ABANDONED,,,3572,396,1825,0.4102620407883078,0.9726863610818982,0.0682571990555152,ks-test,35,bounded
ABANDONED,,,3286,3888,2886,0.2088406867254525,0.2949023317005485,2.3039853162392974,t-test,50,bounded
ABANDONED,,,762,2095,1367,0.9033949783444404,0.8209733066521585,5.662225365253166,ks-test,16,bounded
ABANDONED,,,1383,2976,4987,0.4450549446679651,0.6581723101846872,8.531995594070294,t-test,7,bounded
ABANDONED,,,3907,1025,802,0.6395880516748875,0.1945284444745629,4.3922058143978955,ks-test,36,bounded
ABANDONED,,,4897,3437,2086,0.5519552922490985,0.0585837037730962,1.0062070076810194,t-test,7,bounded
ABANDONED,,,2275,74,3683,0.3732134826555847,0.5933778572082519,7.0210416849730555,ks-test,28,bounded
ABANDONED,,,397,4700,122,0.7880653837583959,0.925726740285754,9.731535603318365,t-test,38,bounded
ABANDONED,,,3019,1810,4072,0.1093945919778197,0.453263091744855,3.2488405264224856,ks-test,22,bounded
ABANDONED,,,2949,4855,1540,0.69571384271048,0.7049730621129274,7.256720910601318,ks-test,40,bounded
ABANDONED,,,473,1655,2981,0.3756996002160012,0.1789075337965041,0.7731119623798877,t-test,20,bounded
ABANDONED,,,2345,3279,668,0.9620218419507146,0.3417022099364548,3.491834093705751,ks-test,9,bounded
ABANDONED,,,4821,233,4774,0.1439359905067831,0.8053534778654575,9.50575415468868,t-test,27,bounded
ABANDONED,,,3838,2822,3588,0.0408311102073639,0.941294296246022,6.037060385529884,ks-test,4,bounded
ABANDONED,,,1460,1178,1913,0.8435211234129965,0.4065003472920507,1.8975773155866191,t-test,36,bounded
ABANDONED,,,831,4047,4285,0.3070295893251895,0.0741504083480685,4.769491886440665,ks-test,49,bounded
ABANDONED,,,3209,1935,257,0.6117394821811467,0.5466162318252026,8.128037900200114,t-test,18,bounded
COMPLETED,0.91,11.0,3645,3445,3824,0.7534422178510576,0.2264838401023298,9.193828963314186,ks-test,2,bounded
FAILED,,,1023,555,421,0.0757303889170289,0.6281660366430878,2.55375078402739,t-test,33,bounded
FAILED,,,1649,4669,3422,0.5222542394064366,0.8514669183418154,0.4599661527015269,ks-test,46,bounded
FAILED,,,4271,1314,2373,0.3425534669663757,0.262459612796083,6.319858219226823,t-test,14,bounded
FAILED,,,4533,4232,1147,0.4727302135694771,0.4861190782766789,7.816093599997463,ks-test,42,bounded
FAILED,,,2009,2278,4629,0.6682535727620124,0.8948198460973799,3.831389542432502,t-test,24,bounded
FAILED,,,135,2656,1686,0.2415911990739405,0.622822878230363,1.5844124715784564,ks-test,11,bounded
FAILED,,,2660,856,2501,0.9351552385073156,0.0271896052788943,5.100178585327231,t-test,31,bounded
FAILED,,,2804,4178,4903,0.6001791123915464,0.998950649395585,6.445922362009064,ks-test,32,bounded
COMPLETED,0.91,346.0,25,2380,885,0.2957580213248729,0.4017241222579032,0.587935888916254,t-test,3,bounded
FAILED,,,1904,2709,2968,0.8626423299945891,0.1103662958610802,2.7200937291225418,ks-test,14,bounded
FAILED,,,4683,754,1284,0.0601508196871727,0.5203976301848888,9.359637084716,t-test,47,bounded
FAILED,,,4318,3693,48,0.1323574776593595,0.7274849329404532,5.2463817195249725,ks-test,25,bounded
FAILED,,,1637,336,4145,0.9506408802345396,0.1391038863416761,1.7313006181539967,t-test,41,bounded
FAILED,,,1015,4420,2159,0.394838949855417,0.3505705124344676,4.017871478943154,ks-test,31,bounded
FAILED,,,3696,1534,3609,0.7151429459061474,0.7519043659828603,8.000820131760092,t-test,10,bounded
FAILED,,,3202,3071,2307,0.9152540588956326,0.4483175507131963,9.672630284513346,ks-test,19,bounded
FAILED,,,883,958,3133,0.2219493164755403,0.9192129549756644,3.656803885114379,t-test,41,bounded
FAILED,,,1506,3798,526,0.6801066108942032,0.5674793150946497,0.8997085449080914,ks-test,26,bounded
FAILED,,,3825,2155,3998,0.4848112593758851,0.034038782486692,7.38385306180641,t-test,10,bounded
FAILED,,,4715,4801,2802,0.3227312245275825,0.2157900448422878,8.313832440385594,ks-test,37,bounded
COMPLETED,0.91,6083.0,2493,1757,1742,0.5026609564088284,0.6800295084752142,4.954600669264794,t-test,4,bounded
FAILED,,,618,3333,4446,0.0875044898763299,0.8310279996879398,2.043092308475636,ks-test,19,bounded
FAILED,,,2840,130,1053,0.7654746640566736,0.3045760502647608,6.1843315281504765,t-test,48,bounded
FAILED,,,3070,3178,3350,0.4293556461278348,0.5518050459809601,4.5580145317865535,t-test,17,bounded
FAILED,,,389,285,2447,0.7486699811294674,0.0809080021511763,8.698336751204913,ks-test,49,bounded
FAILED,,,2263,4959,3898,0.1621650001369416,0.4326443634908646,5.790195697454736,t-test,36,bounded
FAILED,,,4944,1599,348,0.9814380637612192,0.9660813009478152,2.4300476710610086,ks-test,6,bounded
FAILED,,,4056,3951,1603,0.834829882102087,0.7843337229713797,3.433568846145645,t-test,27,bounded
FAILED,,,1278,2002,2585,0.0313788103759288,0.3200902477893978,9.918016943842172,ks-test,8,bounded
FAILED,,,652,2912,1231,0.5675657790340483,0.1690968871954828,7.167931619509124,t-test,21,bounded
FAILED,,,3430,1117,4546,0.2641042493861168,0.6955428546145557,1.152409545891918,ks-test,39,bounded
FAILED,,,3463,4579,750,0.1212143182661384,0.001167682936415,1.4931849796865135,t-test,30,bounded
FAILED,,,1242,1374,4691,0.8001740308068692,0.5984010843597352,5.477049887776375,ks-test,12,bounded
FAILED,,,1870,3540,1457,0.3533456148877739,0.8897530663125217,7.760253441526555,t-test,24,bounded
FAILED,,,4091,489,3064,0.5322858084086328,0.4797267547901719,4.246089340412057,ks-test,43,bounded
FAILED,,,4449,2551,4357,0.6513954644780606,0.2726355297137051,0.2155277456892654,t-test,15,bounded
FAILED,,,2129,912,183,0.4570597896315157,0.8610191602110862,6.854766775500961,ks-test,45,bounded
FAILED,,,259,4333,3514,0.8835394240617752,0.6495510023683309,8.979914599834009,t-test,34,bounded
COMPLETED,0.91,19.0,2579,2226,1986,0.1892750049699097,0.2482178961057215,3.121624545942992,ks-test,2,bounded
FAILED,,,2538,4390,3745,0.8069217872060835,0.3951182302571832,1.0396303968327119,ks-test,6,bounded
FAILED,,,297,1495,2070,0.112398364810273,0.9841076920311896,6.89731496534031,t-test,36,bounded
FAILED,,,2170,3748,4127,0.5391825683880597,0.5269498142730444,9.767399856586009,ks-test,49,bounded
FAILED,,,4411,388,99,0.3446185847222805,0.1252478667087852,3.127555266892537,t-test,17,bounded
FAILED,,,4131,2662,1383,0.4638352141939103,0.128645732410252,2.261102721907198,ks-test,39,bounded
FAILED,,,1831,713,2823,0.642546147128567,0.7242911422494798,5.775881993191318,t-test,21,bounded
FAILED,,,1202,4201,825,0.196144126528874,0.762401133397594,8.486671539635397,ks-test,8,bounded
FAILED,,,3502,2406,4931,0.8748457875326275,0.3537105952128767,4.503421578220093,t-test,28,bounded
FAILED,,,3391,3290,990,0.73994247508049,0.9068131164964288,2.814523886688053,ks-test,43,bounded
FAILED,,,691,85,4471,0.4362528819907456,0.4431820717565715,8.83065159468539,t-test,23,bounded
FAILED,,,1317,4829,1843,0.972622586188838,0.0464923288784921,6.585504203439691,ks-test,12,bounded
FAILED,,,4017,1778,2659,0.168912280652672,0.5725761805679648,0.1016615166282281,t-test,30,bounded
COMPLETED,0.91,72.0,4983,3762,3982,0.0226846979632973,0.6792788366694003,4.190447450001725,ks-test,2,bounded
FAILED,,,2224,2123,579,0.8416994795445352,0.2068023039549589,7.549980455222541,t-test,34,bounded
FAILED,,,350,3122,3265,0.2552554079201072,0.305288108587265,5.46412840877846,ks-test,46,bounded
FAILED,,,3109,1015,2216,0.574340727712959,0.840069448487833,1.3231910936888307,t-test,15,bounded
FAILED,,,2878,2967,4684,0.2306458826623856,0.0933074614107608,7.939210029102862,t-test,47,bounded
FAILED,,,578,1169,1124,0.908387748023495,0.5569410974849015,3.7985764438081535,ks-test,13,bounded
COMPLETED,0.91,330.0,2455,3920,2564,0.4936576768103986,0.9536290706712752,1.7050874405810608,t-test,3,bounded
FAILED,,,4755,1965,1670,0.6733284053876994,0.4275459588319063,5.064924622586929,ks-test,32,bounded
FAILED,,,3787,4983,444,0.5113850569166242,0.3208396183513104,9.080782625903375,t-test,10,bounded
FAILED,,,1546,1625,3770,0.3158316538613289,0.7933230179157108,2.5960230878321453,ks-test,31,bounded
FAILED,,,921,3131,2389,0.774293517427519,0.6948311308976262,0.3493606794066727,t-test,42,bounded
FAILED,,,3162,245,3361,0.0807595144212246,0.1600548212341964,6.364571983134375,ks-test,25,bounded
FAILED,,,3735,4360,1931,0.2889802917018532,0.6050056602451949,6.0018254943685605,t-test,9,bounded
FAILED,,,977,2247,3528,0.609025053942576,0.0160121794864535,2.018271356168203,ks-test,26,bounded
FAILED,,,1598,2509,277,0.0532840329315513,0.4731749499216675,4.736697859395296,t-test,41,bounded
FAILED,,,4356,866,4227,0.8713393720649182,0.8748709229175001,8.251173400884493,ks-test,20,bounded
FAILED,,,4643,3590,3041,0.943896380662918,0.8714769795369357,7.301415602929891,t-test,48,bounded
FAILED,,,1943,547,1522,0.141175855146721,0.2758299375660717,0.6624874175060541,ks-test,19,bounded
COMPLETED,0.91,8441.0,65,4544,4831,0.7082428993564099,0.237722429934889,3.534087325931526,t-test,4,bounded
FAILED,,,2765,1341,647,0.4035635262466967,0.6464093655329197,9.392688745698889,ks-test,38,bounded
FAILED,,,2699,3644,1760,0.0689526369869709,0.3626618854701518,8.437578529590741,t-test,26,bounded
FAILED,,,96,444,2741,0.762288137095049,0.7727060444820671,4.921197245672346,ks-test,8,bounded
FAILED,,,1970,4490,1072,0.3356866727750748,0.7463985585886985,2.1643975335648284,t-test,21,bounded
FAILED,,,4573,1443,4388,0.5309512740410864,0.1491849044710397,6.148486644455232,ks-test,40,bounded
FAILED,,,4232,4111,3192,0.6615090954974294,0.0999805171154439,9.558953691015953,t-test,18,bounded
FAILED,,,1688,2467,2288,0.4815486133638769,0.501301490208134,3.6996671098740768,ks-test,48,bounded
FAILED,,,1062,2758,4055,0.9282551993932576,0.977844124769792,0.7884734115134924,t-test,37,bounded
FAILED,,,3606,646,505,0.2503157829008996,0.3894502609185874,7.429157150682062,ks-test,5,bounded
FAILED,,,3249,4734,4201,0.3843961589671671,0.8178404141757636,5.210517764250748,t-test,14,bounded
FAILED,,,793,1845,26,0.688847524402663,0.2843832498118281,1.8525867716642097,ks-test,46,bounded
FAILED,,,1420,3380,3672,0.1527823856342583,0.1977294552102684,3.984448983771727,t-test,33,bounded
COMPLETED,0.91,9380.0,3876,25,2144,0.9552436141371728,0.6686081793848425,8.124547149386256,ks-test,3,bounded
FAILED,,,4781,3021,909,0.8522452313564717,0.578474001629278,6.491245522463696,t-test,30,bounded
FAILED,,,2383,1067,4849,0.0339315469767898,0.0520387397296726,0.4767198271006345,ks-test,11,bounded
FAILED,,,513,3867,1300,0.6205583578590304,0.4680837346352637,2.7629760254612195,t-test,25,bounded
FAILED,,,2911,2067,2907,0.3002846361771225,0.9323398225884884,9.245979562797585,ks-test,43,bounded
FAILED,,,2979,4021,204,0.8946674946025013,0.1820410136915743,0.2483208787543699,ks-test,23,bounded
FAILED,,,436,1912,4301,0.2157379448954016,0.7154917796533555,6.731630976823159,t-test,44,bounded
FAILED,,,2314,2863,2005,0.6307725815381854,0.8021509428154677,9.01514919300191,ks-test,29,bounded
FAILED,,,4858,1225,3455,0.4518022326193749,0.3312676717229187,3.0009296113811432,t-test,13,bounded
FAILED,,,3947,3226,4749,0.364519347935915,0.4214057717993855,1.4509320454541594,ks-test,34,bounded
COMPLETED,0.91,2.0,1344,178,730,0.5588248673845082,0.9478379739169032,5.590116190746428,t-test,1,bounded
FAILED,,,722,4893,3124,0.1005457430761307,0.5317949866447597,7.7155596431782465,ks-test,16,bounded
FAILED,,,3325,1685,1440,0.794840325001627,0.0675376755222678,4.356714183279314,t-test,45,bounded
FAILED,,,3534,2599,2646,0.5859196569584308,0.6372162298019975,3.312892983162776,ks-test,35,bounded
FAILED,,,1137,806,1586,0.2666359532382339,0.2271722827069461,9.953270608589053,t-test,6,bounded
FAILED,,,1760,4265,4600,0.8225597135070711,0.253478474792093,7.044814892410302,ks-test,17,bounded
FAILED,,,4157,2314,1207,0.0032560111656785,0.8506942964103072,1.185221750536002,t-test,50,bounded
FAILED,,,4500,4648,2462,0.1804731858111917,0.8998949993867426,4.66862030307483,ks-test,22,bounded
FAILED,,,2044,1285,3287,0.9838936188202352,0.4985794654935598,8.653623881277628,t-test,38,bounded
FAILED,,,169,3490,371,0.4171311400402337,0.0220302726626396,5.903242928845809,ks-test,29,bounded
FAILED,,,2625,599,3842,0.7206233009696006,0.6104315461684017,2.3877756652496758,t-test,7,bounded
COMPLETED,0.91,6227.0,2638,3826,2420,0.4380417131353169,0.1205530856009572,9.325257565046659,ks-test,4,bounded
FAILED,,,191,2186,3391,0.6333213010132313,0.5296650167517363,2.686101638150401,t-test,38,bounded
FAILED,,,2070,3058,453,0.2063515065945684,0.9887011025212704,0.5535564064960927,ks-test,48,bounded
FAILED,,,4517,951,3778,0.8996720126550644,0.3925043835248798,6.4119302337877455,t-test,19,bounded
FAILED,,,4171,3344,2553,0.7810648003164679,0.3559432685691863,8.045187198946252,ks-test,41,bounded
FAILED,,,1784,139,1659,0.1031094380095601,0.7581889111548661,4.061405319273472,t-test,20,bounded
FAILED,,,1162,4776,4656,0.5494534045420587,0.7221674387753009,1.7756676480909808,ks-test,9,bounded
FAILED,,,3549,1724,1097,0.3695088607873767,0.1327489698994904,5.289915597104468,t-test,26,bounded
FAILED,,,3349,2716,4820,0.0133883819561451,0.5776089430488645,7.3498800424132495,ks-test,42,bounded
FAILED,,,736,767,635,0.8158346238471567,0.0433784401398152,0.865348096817732,t-test,25,bounded
FAILED,,,1359,4147,3012,0.2801378151774406,0.4380108346175402,3.6228308284720407,ks-test,10,bounded
FAILED,,,3972,2353,1494,0.5846041746605187,0.910065494764596,9.638269873672163,t-test,31,bounded
COMPLETED,0.91,6070.0,4881,4453,307,0.7307097936179489,0.8364654127731919,6.227846296901816,ks-test,4,bounded
FAILED,,,2327,1559,4257,0.410452017750591,0.3108110477868467,2.0874403040828184,t-test,32,bounded
FAILED,,,452,3685,1939,0.9974414481297136,0.2105372150633484,4.99811547526531,ks-test,47,bounded
FAILED,,,3006,325,3536,0.1791118253711611,0.6736250369474291,8.3581803987436,t-test,13,bounded
FAILED,,,2923,3527,853,0.516718425327912,0.4225128357205539,2.4647311440203334,t-test,46,bounded
FAILED,,,536,483,4959,0.3377330823615193,0.956743543110788,5.823883835136891,ks-test,15,bounded
COMPLETED,0.91,1.0,2410,4607,1394,0.7533739982806145,0.5621098548248409,8.733020186915063,t-test,1,bounded
FAILED,,,4797,1405,2834,0.0744594351854175,0.0900573696140199,4.5917027067178875,ks-test,33,bounded
FAILED,,,3890,4307,4118,0.236037026302889,0.1636537597905844,1.108346431995742,t-test,12,bounded
FAILED,,,1444,2193,90,0.930347546607256,0.6893135714121162,7.124093825888821,ks-test,30,bounded
ABANDONED,,,818,2563,3714,0.4726804121769964,0.7895808458663524,9.873953867195175,t-test,43,bounded
ABANDONED,,,3264,920,2039,0.6669699858110398,0.3265004262011498,3.389731015276164,ks-test,24,bounded
ABANDONED,,,3630,4929,3257,0.9658483438994734,0.8795719834566115,4.279758406515233,t-test,8,bounded
ABANDONED,,,1076,1571,2207,0.146559635605663,0.4704536613393575,7.794917842906899,ks-test,28,bounded
ABANDONED,,,1703,3184,3952,0.7018771165981889,0.0114229441303759,5.510718991128728,t-test,39,bounded
ABANDONED,,,4257,298,548,0.382578426266089,0.6076151087731123,1.527849343817681,ks-test,21,bounded
ABANDONED,,,4595,2904,1872,0.3108743309956044,0.6441801534853875,3.0778058239016683,t-test,50,bounded
ABANDONED,,,1983,1106,2687,0.6143505535461009,0.2419314436819404,8.935870557516813,ks-test,18,bounded
ABANDONED,,,113,3984,1001,0.0469760848879814,0.2779549236949533,6.81094801621046,t-test,5,bounded
ABANDONED,,,2725,2028,4483,0.8504124637115746,0.867372176837176,0.1714837406212464,ks-test,36,bounded
ABANDONED,,,2751,3006,3096,0.686388679055497,0.1548563044462352,1.400033595703542,t-test,28,bounded
ABANDONED,,,41,1052,1411,0.4918092328943312,0.7427069454416632,5.384807197483257,ks-test,7,bounded
ABANDONED,,,1918,3881,4738,0.9189617665708064,0.7671398221924901,7.629264454589226,t-test,22,bounded
ABANDONED,,,4628,2082,719,0.224453814106062,0.3662483358029275,4.113567065573298,ks-test,38,bounded
ABANDONED,,,4344,4709,2013,0.0937743263449519,0.386241210354492,0.0247483901726082,t-test,17,bounded
ABANDONED,,,1575,1820,3463,0.7724905055128037,0.9830329919047652,6.664896039175802,ks-test,50,bounded
ABANDONED,,,950,3404,234,0.3264511044099926,0.5043977638222276,8.751297566864638,t-test,35,bounded
ABANDONED,,,3719,49,4331,0.5051475266162306,0.0949044418018311,2.891474299570546,ks-test,6,bounded
ABANDONED,,,3140,4087,379,0.8624554388392716,0.6645520320534705,4.426579374198802,t-test,16,bounded
ABANDONED,,,908,2442,3851,0.0587605957984924,0.1998669369984418,8.565993644910865,ks-test,45,bounded
FAILED,,,1529,2782,2492,0.594761969897896,0.2885816788692027,5.696598887804896,t-test,34,bounded
FAILED,,,3761,671,3318,0.2910569068770855,0.8155606357902287,2.3379834043290466,ks-test,1,bounded
FAILED,,,4731,3629,4573,0.3946641714219004,0.934967477377504,3.204467499367893,t-test,29,bounded
FAILED,,,2441,430,1179,0.7137349730506539,0.4635374440457671,9.688007722856478,ks-test,13,bounded
FAILED,,,563,4505,2635,0.1269282819293439,0.0492764024790376,6.976668695167639,t-test,23,bounded
FAILED,,,2853,1458,1576,0.9459575742390008,0.583154959809035,0.9626790899699554,ks-test,44,bounded
FAILED,,,3095,4663,4024,0.3581506819929927,0.3353281949516385,9.472081512664445,ks-test,24,bounded
FAILED,,,326,1300,475,0.5378368805013596,0.8000092784576118,3.4571732682464646,t-test,42,bounded
FAILED,,,2199,3475,3183,0.1225005300119519,0.7112994292639196,0.7394392831064761,ks-test,30,bounded
FAILED,,,4967,584,2280,0.8002269328776745,0.1843144903387874,7.222060122391211,t-test,11,bounded
FAILED,,,4004,2623,1084,0.8883624334614723,0.0649115785080939,8.17185304632038,ks-test,33,bounded
COMPLETED,0.91,1091.0,1294,830,4399,0.1948139197267591,0.5363399722725152,4.81353950467892,t-test,3,bounded
FAILED,,,665,4240,1788,0.652663793414831,0.9506034973561764,1.9413924989560616,ks-test,14,bounded
FAILED,,,3375,2289,2769,0.457124908523634,0.4167213448751717,6.081107966518961,t-test,46,bounded
FAILED,,,3479,3251,1311,0.1595565535668283,0.8450206322707235,6.285178322188557,ks-test,37,bounded
FAILED,,,1189,202,2917,0.9775964227691292,0.2571725751738995,0.4262744390983134,t-test,5,bounded
FAILED,,,1815,4869,936,0.4224616810344159,0.232737928731367,2.519070924238302,ks-test,18,bounded
FAILED,,,4105,1661,4877,0.7425219057705253,0.6336301624067127,9.160137212461793,t-test,48,bounded
FAILED,,,4387,4036,3641,0.5649395091403275,0.6136335960403084,5.144245275144465,ks-test,21,bounded
FAILED,,,2156,1927,2113,0.2602746467590332,0.0168486887756735,1.6282466892777008,t-test,40,bounded
FAILED,,,282,2848,4192,0.8279536808468401,0.4954778344724327,3.875456195000559,ks-test,27,bounded
FAILED,,,2513,1210,17,0.0252186371665447,0.904976179294288,7.859927854945883,t-test,9,bounded
FAILED,,,2552,3374,4274,0.9708490678966044,0.7400455419626087,6.105015941481105,t-test,11,bounded
FAILED,,,243,11,246,0.1683720757532864,0.1438655104897916,2.119929185864516,ks-test,31,bounded
FAILED,,,2117,4764,3560,0.7356247145216912,0.368948337893933,4.877726579947398,t-test,42,bounded
FAILED,,,4426,1873,1885,0.4311891127265989,0.7780768933650106,8.39311014464125,ks-test,24,bounded
FAILED,,,4066,3834,698,0.2534997724369168,0.9686301003564148,7.463250596666708,t-test,46,bounded
FAILED,,,1854,2041,4805,0.5737883059922606,0.3791949997246265,0.8227897193282842,ks-test,14,bounded
COMPLETED,0.91,112.0,1228,3029,1549,0.01834899511002,0.1092536105662584,3.7337605186095457,t-test,2,bounded
FAILED,,,3440,1078,2990,0.8366478676162659,0.511482573064044,9.59327003607992,ks-test,33,bounded
FAILED,,,3415,4462,1716,0.5465638363100587,0.1913192767985165,8.080136016422882,t-test,49,bounded
FAILED,,,626,1413,2531,0.3512539666276425,0.6633610564898699,3.941035495534539,ks-test,18,bounded
FAILED,,,1254,3658,1155,0.8090429309476167,0.8240696973782032,1.8081756014516577,t-test,5,bounded
FAILED,,,4042,450,4637,0.1157526992559432,0.2898263772167265,5.167104313262739,ks-test,37,bounded
FAILED,,,4927,2746,3411,0.2035076306127011,0.45893436717242,9.280238655875436,t-test,9,bounded
FAILED,,,2237,638,2362,0.8814932672884314,0.9220350137446076,2.7970122567089275,ks-test,27,bounded
FAILED,,,367,4137,3796,0.4659741812590509,0.5878117594663053,0.5109789574276656,t-test,40,bounded
FAILED,,,3057,2499,393,0.6458884432092308,0.0621702674999833,6.525281716462225,ks-test,20,bounded
FAILED,,,2814,4295,2709,0.0500636280849576,0.8085554143432527,3.044706651592627,ks-test,39,bounded
FAILED,,,601,2341,1816,0.8693221809808164,0.3365205015018582,9.059311203464864,t-test,22,bounded
ABANDONED,,,2480,2592,4498,0.2822109207119792,0.1758060161694884,6.775407979785466,ks-test,7,bounded
ABANDONED,,,4692,793,938,0.60153977387771,0.7100543665681033,0.2924829264665022,t-test,28,bounded
ABANDONED,,,3800,3498,2261,0.7050103223025798,0.5409424468558282,4.322927074532025,ks-test,6,bounded
ABANDONED,,,1491,609,3233,0.4015642625857144,0.0778443916179239,7.680936998126097,t-test,35,bounded
ABANDONED,,,869,4615,610,0.937139241365716,0.4120661141462624,5.556329119248316,ks-test,50,bounded
ABANDONED,,,3178,1260,3935,0.133672707144171,0.9377083459626884,1.4163093631528318,t-test,16,bounded
COMPLETED,0.91,1.0,3681,2876,150,0.4985875127576291,0.2598333912342786,1.2293265462620184,ks-test,1,bounded
ABANDONED,,,990,1232,4101,0.6775422170069068,0.8560117905754596,7.088534717884847,t-test,35,bounded
ABANDONED,,,1613,3993,2097,0.2313200803641229,0.6309316846299916,9.997375441564246,ks-test,44,bounded
ABANDONED,,,4304,1882,3694,0.9102652747407556,0.2217995265722274,3.3566127713881433,t-test,16,bounded
ABANDONED,,,4666,4918,4978,0.7792354066111147,0.031250011395663,2.353210234934464,ks-test,44,bounded
ABANDONED,,,1878,1719,794,0.0849555175881832,0.6206810930427163,5.869513034835458,t-test,23,bounded
ABANDONED,,,3,3216,2855,0.5120471418965608,0.8906276128198951,8.619058413713239,ks-test,12,bounded
ABANDONED,,,2791,169,1337,0.3177269295454025,0.4883926757536828,4.6348904463136575,t-test,29,bounded
ABANDONED,,,2685,4816,1239,0.1533379080332815,0.5167934810761362,3.1719604399874806,ks-test,34,bounded
COMPLETED,0.91,11.0,151,1772,4555,0.957001874415204,0.1158891105130314,9.810819304691627,t-test,2,bounded
ABANDONED,,,2023,3318,1633,0.3894446702171117,0.4054591467604041,6.941720175684432,ks-test,15,bounded
ABANDONED,,,4557,115,2615,0.6931806024610995,0.9932969742212444,1.0830498076891524,t-test,45,bounded
ABANDONED,,,4297,3096,3870,0.6210954620800913,0.7569370076339692,4.469156525273808,ks-test,24,bounded
ABANDONED,,,1665,982,320,0.3020555296745151,0.3474565065838396,8.452641268256121,t-test,43,bounded
ABANDONED,,,1036,3774,3339,0.8573121012989431,0.1339327700324356,5.741616902995856,ks-test,29,bounded
ABANDONED,,,3668,2131,2435,0.0382519323304295,0.7307374283205716,2.227072487777099,t-test,11,bounded
ABANDONED,,,3225,3718,3486,0.3290360923409462,0.036271331295371,0.1451381794707849,ks-test,21,bounded
ABANDONED,,,857,360,1958,0.5235851451624184,0.5632669794578105,6.629966591271573,t-test,39,bounded
ABANDONED,,,1483,4395,4347,0.0656134415846317,0.9170893760491162,8.87412822027877,ks-test,27,bounded
ABANDONED,,,3851,1509,172,0.7601517948247491,0.4524209015965461,2.858986311769113,t-test,8,bounded
ABANDONED,,,4836,4193,1466,0.9216229181662202,0.2998811520449817,1.2891036075726152,ks-test,36,bounded
ABANDONED,,,2370,2395,3072,0.2429371397737413,0.8337430813368409,5.429806141095237,t-test,6,bounded
ABANDONED,,,497,2695,781,0.6581516603734344,0.684623036077246,7.515893006355502,ks-test,17,bounded
ABANDONED,,,2963,739,4721,0.4794248448275029,0.2131763189397752,4.156125145069324,t-test,49,bounded
ABANDONED,,,3044,2537,2170,0.8245615870915353,0.963851968070492,5.020823402781971,t-test,19,bounded
ABANDONED,,,412,897,3620,0.0064916740264743,0.4368532601259648,1.6613640391854567,ks-test,48,bounded
ABANDONED,,,2289,4347,77,0.593420195037499,0.0830331091098487,3.754475186754018,t-test,37,bounded
COMPLETED,0.91,6290.0,4921,2241,4173,0.2733900067284703,0.5477003603931516,7.895486664956435,ks-test,4,bounded
ABANDONED,,,3933,4555,2938,0.4191457212008535,0.7002438017595559,6.399140989370645,t-test,26,bounded
ABANDONED,,,1399,1350,1253,0.7238406200092286,0.1663754740655422,0.3830869974959641,ks-test,10,bounded
ABANDONED,,,775,3565,4895,0.1879610757995396,0.3155011258274316,2.630592131317593,t-test,19,bounded
ABANDONED,,,3309,513,876,0.9906660756170748,0.7869432960469275,9.11450890674349,ks-test,40,bounded
ABANDONED,,,3589,3927,4415,0.6265739684477448,0.4833255762346088,8.207392784751953,t-test,32,bounded
ABANDONED,,,1123,1978,1022,0.4468572576288133,0.8842353859972208,4.6925394248534,ks-test,11,bounded
ABANDONED,,,1744,2936,2793,0.8927748288419097,0.5946590294223278,1.9744907772848383,t-test,25,bounded
ABANDONED,,,4210,1142,1734,0.2150789457224309,0.0068286116160452,5.957667022577487,ks-test,41,bounded
ABANDONED,,,4477,3164,537,0.0963345413804054,0.2431846484467387,9.42647227852512,t-test,13,bounded
ABANDONED,,,2109,270,4009,0.7899135748613625,0.6526653614137322,3.5687135469047355,ks-test,47,bounded
ABANDONED,,,231,4974,2335,0.3626392112951725,0.8661880420986562,0.6962709130831062,t-test,32,bounded
COMPLETED,0.91,397.0,2599,1614,3161,0.558147583875805,0.2693855513110756,7.336041861152276,ks-test,3,bounded
ABANDONED,,,2608,4962,4571,0.0366227517295628,0.1306983275525271,4.725365104387515,t-test,20,bounded
ABANDONED,,,221,1607,1246,0.854921977430582,0.7200532678421587,8.240526030746288,ks-test,40,bounded
ABANDONED,,,2100,3151,2599,0.3034486906565725,0.7600679975058883,5.953884824885056,t-test,27,bounded
ABANDONED,,,4487,263,1628,0.6237368635814637,0.3577569190822541,1.9710160715542728,ks-test,9,bounded
ABANDONED,,,4201,2949,324,0.6915238131824881,0.3942915035337209,3.5844034313503648,t-test,37,bounded
ABANDONED,,,1754,1149,3883,0.3870878507569432,0.9905460442323236,9.442469654932616,ks-test,5,bounded
ABANDONED,,,1133,3939,2432,0.9584226143322884,0.5275849904585629,7.3102224353244525,t-test,18,bounded
ABANDONED,,,3579,1985,3326,0.1559459753837436,0.1185289737582206,0.6707590537155047,ks-test,48,bounded
ABANDONED,,,3319,3572,1971,0.4769385720472782,0.6716238883417099,1.6578321559671312,t-test,33,bounded
COMPLETED,0.91,748.0,766,526,3489,0.6568527187444269,0.2083583221174776,5.016983953103424,ks-test,3,bounded
ABANDONED,,,1389,4562,158,0.2451720977425575,0.3127396241612732,7.928562658964657,t-test,14,bounded
ABANDONED,,,3942,1362,4343,0.9231578571069986,0.838214344991371,3.787243688800373,ks-test,46,bounded
ABANDONED,,,4910,4340,3078,0.7576322473790496,0.9117802823428064,0.3576323156161234,t-test,24,bounded
ABANDONED,,,2298,2229,1481,0.0643421383760869,0.43991288048774,6.3733788155289375,ks-test,42,bounded
FAILED,,,423,2530,4715,0.5258534670248627,0.0412260776981711,9.130563535137101,t-test,30,bounded
FAILED,,,3035,884,765,0.3305434820894151,0.5756419390831142,2.646339193250984,ks-test,11,bounded
FAILED,,,2953,2683,3624,0.9890373634640128,0.3282530446574091,6.616367298299448,ks-test,29,bounded
FAILED,,,506,731,2183,0.1855704686120152,0.7915212022159248,0.1318368426710367,t-test,13,bounded
FAILED,,,2381,4180,4169,0.7252332828007638,0.6871381304804236,2.881994896023534,ks-test,23,bounded
FAILED,,,4827,2388,63,0.4217875762786716,0.1616641495004296,8.89743483520392,t-test,44,bounded
FAILED,,,3861,4408,1269,0.271733700769022,0.0880945277698337,5.3942840494615965,ks-test,16,bounded
FAILED,,,1473,1516,2944,0.5910629071295261,0.559968796474859,1.2538795466097072,t-test,45,bounded
FAILED,,,847,3730,860,0.0079119603671133,0.9586495168786496,4.162112363709137,ks-test,34,bounded
COMPLETED,0.91,10.0,3235,368,4888,0.8271701526325195,0.4242386857308447,7.522178181167693,t-test,1,bounded
FAILED,,,3659,3781,1028,0.5556608723904937,0.8691819031704217,9.834183097104543,ks-test,17,bounded
FAILED,,,1047,2143,4432,0.3613407827280462,0.2798229438960552,3.195026276228018,t-test,50,bounded
FAILED,,,1674,3103,1728,0.7921490607634186,0.2398131069093942,1.0698057228755204,ks-test,35,bounded
FAILED,,,4287,994,2778,0.0978690564874559,0.6421182107646018,6.928178060200065,t-test,6,bounded
FAILED,,,4566,3311,4023,0.2125588852148503,0.6055875486340374,8.45886926558055,ks-test,28,bounded
FAILED,,,2012,103,541,0.8915039643384515,0.0093313758037984,4.475086491927505,t-test,7,bounded
FAILED,,,142,4809,3147,0.4491260033249854,0.4722949130944907,2.191791174828075,ks-test,22,bounded
FAILED,,,2696,1760,2332,0.6280808302629738,0.8813473272081463,5.706037633874455,t-test,38,bounded
FAILED,,,2780,3208,242,0.8390380026381463,0.096894288174808,7.094519664324821,ks-test,50,bounded
FAILED,,,12,157,4260,0.0199781943000853,0.5065729686710982,1.2356142912674695,t-test,18,bounded
FAILED,,,1889,4911,1888,0.5711469156444072,0.9810928753558547,3.3210884820530198,ks-test,5,bounded
FAILED,,,4657,1706,3573,0.2521066300440579,0.3844883520975708,9.962153876296243,t-test,36,bounded
FAILED,,,4314,4000,4789,0.4335459135975688,0.364522245991975,5.892519421388395,ks-test,8,bounded
FAILED,,,1604,1894,692,0.7372814926467836,0.7652340882252902,2.3765193455545233,t-test,28,bounded
FAILED,,,980,2884,3005,0.1657639898136258,0.7448477677088231,4.621288881141693,ks-test,39,bounded
FAILED,,,3690,1243,1555,0.9694283168260008,0.1568193823732435,8.605759647106751,t-test,21,bounded
FAILED,,,3169,4628,2525,0.6471873439420015,0.5852171423304826,9.024032460709105,ks-test,12,bounded
FAILED,,,879,1267,1700,0.4684604057073593,0.051394499450922,3.0091251102713867,t-test,30,bounded
FAILED,,,1500,3510,4643,0.8799582874514162,0.4616696599274873,0.2987134194858372,ks-test,43,bounded
FAILED,,,3790,617,1172,0.2012726243119686,0.9331575149614364,6.781335748737678,t-test,23,bounded
FAILED,,,4702,2580,2348,0.1170240507964044,0.8137850559558719,7.667695409007371,ks-test,46,bounded
FAILED,,,2470,785,3408,0.8115625192895531,0.2867406631968915,4.309382761346177,t-test,15,bounded
COMPLETED,0.91,2.0,592,4283,406,0.3497466252110898,0.2019582655243575,1.4396757257590067,ks-test,1,bounded
FAILED,,,2824,2334,3800,0.5442955553438514,0.6665798319932073,5.579392683289014,t-test,33,bounded
COMPLETED,0.91,309.0,3066,4130,1800,0.1360632957424968,0.414907930444926,3.915213872005232,t-test,3,bounded
FAILED,,,356,2487,2704,0.9387679423652588,0.948724174922332,8.054626652750187,ks-test,32,bounded
FAILED,,,2228,2740,954,0.3989223889186978,0.5384543830063194,5.182791925508528,t-test,47,bounded
FAILED,,,4938,626,4504,0.7036176483575254,0.0669619810543954,1.8241755480524156,ks-test,13,bounded
FAILED,,,4034,3665,3230,0.6038970729392021,0.1863383623808622,2.7932277868166566,t-test,42,bounded
FAILED,,,1265,462,2248,0.283867245260626,0.7133796953577548,9.276766520338132,ks-test,25,bounded
FAILED,,,635,4469,3939,0.8667136265933513,0.7981641006637364,6.558105198294856,t-test,10,bounded
FAILED,,,3404,1425,624,0.0486433603335171,0.3335413110256195,0.544114699116908,ks-test,31,bounded
FAILED,,,3450,3042,4087,0.3190254064444452,0.9032274868767708,2.1359863099530334,t-test,41,bounded
FAILED,,,1218,1085,147,0.514533894278109,0.4935490182973444,6.1207608057130125,ks-test,20,bounded
FAILED,,,1844,3846,3707,0.083421050813049,0.0190278178043663,8.36765803295467,t-test,9,bounded
FAILED,,,4076,2049,2101,0.7769999616052954,0.6156345085632055,4.851962133905851,ks-test,26,bounded
COMPLETED,0.91,5955.0,4416,4752,787,0.9115360983479768,0.635596930289641,0.8558682835297658,t-test,4,bounded
FAILED,,,2126,1865,4962,0.2338400925397872,0.2348905272558331,7.496016826513224,ks-test,38,bounded
FAILED,,,253,3361,1343,0.676035314295441,0.2552702895030379,9.5897406485565,t-test,47,bounded
FAILED,,,2543,4,2871,0.4963187187295406,0.8433060844931751,3.7299188712295135,ks-test,18,bounded
FAILED,,,2503,2841,1425,0.5077889188230038,0.5097068723998964,0.3931720540476963,ks-test,14,bounded
FAILED,,,292,1198,3100,0.3278442598152905,0.1074124777819961,6.252378735703417,t-test,47,bounded
FAILED,,,2166,4029,706,0.7701003909390419,0.3812864490803331,9.16366181346588,ks-test,32,bounded
COMPLETED,0.91,992.0,4377,1915,4734,0.0921451513208448,0.9706580174081028,2.52289824930951,t-test,3,bounded
FAILED,,,4115,4875,3470,0.2270618870332836,0.7801389550566673,1.612222921827808,ks-test,32,bounded
FAILED,,,1805,1673,2029,0.9203825157824904,0.3710663177538663,5.128524231761695,t-test,11,bounded
FAILED,,,1179,3259,4325,0.4894524078574031,0.1419978472013026,7.885394288941287,ks-test,25,bounded
FAILED,,,3489,214,219,0.6847318804822861,0.738235696658492,3.90122542756144,t-test,41,bounded
FAILED,,,3366,4253,3867,0.9474925187565386,0.0604440605770796,3.460981558987871,ks-test,26,bounded
FAILED,,,676,2296,385,0.1291632491927593,0.5859059046693145,9.475587004840374,t-test,10,bounded
FAILED,,,1303,2635,3302,0.7124360258448869,0.9241759531237184,7.189241427077913,ks-test,19,bounded
FAILED,,,3994,838,2486,0.3921778893470764,0.460897565929219,0.7063178637260572,t-test,41,bounded
FAILED,,,4976,3463,1182,0.2925642873309552,0.2918161064777523,4.839327771569603,ks-test,19,bounded
FAILED,,,2188,576,4586,0.5970302861835807,0.826244781397283,8.19733858914394,t-test,48,bounded
FAILED,,,318,4650,1572,0.0574893018845468,0.6614210570529103,6.065406031964347,ks-test,38,bounded
COMPLETED,0.91,5887.0,3106,1293,2621,0.8599358969703316,0.1895665393713861,1.9253877658359704,t-test,4,bounded
FAILED,,,2862,4497,481,0.4597667691782116,0.9396749930158256,8.579259054878726,t-test,36,bounded
FAILED,,,553,1446,4040,0.6540564655009657,0.4142185955587774,4.440157044023276,ks-test,6,bounded
FAILED,,,2432,3622,2274,0.1924233069624751,0.0759422267768532,2.3146218282422053,t-test,17,bounded
FAILED,,,4741,417,3167,0.8867337120138109,0.5392280161902308,5.67354964607302,ks-test,49,bounded
FAILED,,,3751,2789,4412,0.8028354891240596,0.7083055533207951,9.723253108973616,t-test,22,bounded
FAILED,,,1539,683,1087,0.1239208107758313,0.173877082882449,3.240025219839997,ks-test,40,bounded
FAILED,,,918,4094,2756,0.535479601887986,0.3386997513603419,0.9564342746417968,t-test,27,bounded
FAILED,,,3130,2454,1784,0.3564943816103041,0.810556443978101,6.9707361396960925,ks-test,8,bounded
FAILED,,,3730,3417,2922,0.026753142978996,0.4904164306838065,5.361776990081184,t-test,24,bounded
FAILED,,,942,56,1325,0.8301891611721367,0.8927077580839395,1.376691128444858,ks-test,43,bounded
FAILED,,,1564,4721,4873,0.2589762274865061,0.6188360323607922,4.127163844225929,t-test,30,bounded
FAILED,,,4352,1828,923,0.5624528032317757,0.0294632482994347,7.642548898886891,ks-test,12,bounded
FAILED,,,4617,3870,2129,0.7440287731625139,0.2199859950300306,6.658944449374453,t-test,34,bounded
COMPLETED,0.91,13.0,1927,2074,3648,0.4247304360251873,0.6290522413663566,0.0184844660162925,ks-test,2,bounded
FAILED,,,52,2994,2,0.9763255526889116,0.8581263184212147,2.9270129112144927,t-test,15,bounded
FAILED,,,2742,1045,4186,0.1570364837646484,0.2618839146103709,8.786523918651975,ks-test,45,bounded
FAILED,,,2734,3972,3385,0.3681157239712774,0.7324520950689912,7.788675523273648,t-test,44,bounded
FAILED,,,102,2020,2404,0.5468120234888046,0.1358346987906843,4.273823653342203,ks-test,23,bounded
FAILED,,,1974,2891,3784,0.1047386316228657,0.3453042649719864,1.56309730012808,t-test,12,bounded
FAILED,,,4606,1099,469,0.7834549260437488,0.75497012078017,5.546274439400993,ks-test,29,bounded
FAILED,,,4249,3197,1646,0.8982512522898614,0.9912957047857344,8.912511551623233,t-test,1,bounded
FAILED,,,1714,305,2549,0.2037434150781482,0.4032801367025822,3.054754309969954,ks-test,35,bounded
FAILED,,,1085,4941,1110,0.6349780884329229,0.1178178077172487,0.1847516462840139,t-test,45,bounded
FAILED,,,3619,1579,4659,0.4403985195830464,0.5185425304062664,6.8245234883334485,ks-test,16,bounded
FAILED,,,3274,2570,632,0.1768768097758293,0.2149633218366652,5.8594202490793545,t-test,6,bounded
FAILED,,,808,932,4807,0.9959064627159386,0.6864678569585085,2.499959991502576,ks-test,35,bounded
FAILED,,,1434,4314,1498,0.4129382514934986,0.8316631721556186,4.585748844716697,t-test,50,bounded
FAILED,,,3900,2205,3026,0.732008699927479,0.2978571610320359,8.726758832952008,ks-test,16,bounded
FAILED,,,4787,4600,4242,0.5823358992710709,0.4503701421376317,7.137688332341612,t-test,39,bounded
FAILED,,,2419,1392,301,0.2786304830554872,0.9149750842861832,1.1216334464866669,ks-test,22,bounded
FAILED,,,546,3520,3552,0.8183542066123336,0.5651461829207837,3.366698610172607,t-test,7,bounded
FAILED,,,2914,471,1946,0.014659724202007,0.0380851026382297,9.850613895631396,ks-test,28,bounded
FAILED,,,2995,3673,4946,0.6655773025713861,0.7849156150780618,0.8908171010063962,ks-test,9,bounded
FAILED,,,461,317,849,0.4700385329332202,0.313409440388903,7.375647002774291,t-test,27,bounded
FAILED,,,2338,4440,2848,0.9319762569013982,0.1682168466504663,9.622248601917178,ks-test,40,bounded
FAILED,,,4872,1552,1397,0.2384276204779744,0.7020192626230418,3.6071075873877856,t-test,20,bounded
FAILED,,,3982,4160,84,0.0730391730107367,0.5495099658966065,2.0909674007818104,ks-test,49,bounded
FAILED,,,1350,2360,4102,0.7507654531877487,0.0849010121989995,6.231671424271539,t-test,18,bounded
FAILED,,,726,2728,2046,0.3393894013334065,0.4347350441832095,8.325080583886244,ks-test,5,bounded
FAILED,,,3358,774,3730,0.5190757150948047,0.9617901424616576,4.96531361658033,t-test,37,bounded
FAILED,,,3540,4783,2191,0.848177024282515,0.2674225923549383,2.670397431395948,ks-test,46,bounded
FAILED,,,1172,1737,3251,0.0454416274074465,0.8640468629188836,9.309255402119833,t-test,14,bounded
COMPLETED,0.91,13.0,1793,3351,564,0.6168373003508895,0.6545714522935449,6.437716302976944,ks-test,2,bounded
FAILED,,,4161,151,3958,0.3121727986000478,0.2449106192868202,0.5790444450145587,t-test,33,bounded
FAILED,,,4526,3051,2683,0.3803096229434013,0.0085811129603534,4.02858442625869,ks-test,11,bounded
FAILED,,,2060,940,1858,0.7003702083099633,0.5965992649421095,8.01206827526074,t-test,31,bounded
FAILED,,,182,3819,4486,0.1490796570759266,0.8820600621774792,5.293721615646035,ks-test,42,bounded
FAILED,,,2648,2173,1014,0.9671191730834544,0.4813360867742448,1.779175710460171,t-test,24,bounded
FAILED,,,2634,3477,2745,0.24804225978069,0.974869299037382,9.927456136901863,ks-test,15,bounded
FAILED,,,158,591,1773,0.9267435675896704,0.3790547460801899,3.287376467647962,t-test,45,bounded
FAILED,,,2035,4636,4385,0.4840581858456134,0.1033101809062063,1.2009165146239102,ks-test,34,bounded
COMPLETED,0.91,13.0,4511,1278,1059,0.6627694794107228,0.5118296055179089,7.060807687168942,t-test,2,bounded
FAILED,,,4148,4277,2304,0.528705329855904,0.7355195312593132,8.649846563227475,ks-test,30,bounded
FAILED,,,1770,2320,3198,0.3341417068205773,0.1466935614868998,4.665141015695409,t-test,12,bounded
FAILED,,,1146,2611,489,0.7647701008990407,0.3736811274066567,2.420606298924424,ks-test,24,bounded
FAILED,,,3524,813,4049,0.070246325308457,0.7755446113888174,5.9363715186929324,t-test,43,bounded
FAILED,,,3335,4900,32,0.2988690975178033,0.4553736935518681,6.747680949069561,ks-test,27,bounded
FAILED,,,713,1698,4216,0.6179545325636863,0.9277809517588466,0.264072894828394,t-test,8,bounded
FAILED,,,1334,3234,2138,0.0355983112193644,0.5915606375690549,2.975470347852446,ks-test,21,bounded
FAILED,,,3956,190,3656,0.8546129701118916,0.0567081865482032,8.98939189880248,t-test,39,bounded
FAILED,,,4848,2855,4862,0.9538614393714814,0.1926794577538967,5.623187603105792,ks-test,17,bounded
FAILED,,,2324,1213,912,0.150151011146605,0.6563892351854592,1.4837054271427914,t-test,49,bounded
FAILED,,,446,4014,2893,0.6904810139797628,0.822993373485282,4.353177643913776,ks-test,36,bounded
FAILED,,,2970,1900,1296,0.3867915361430496,0.296986403003335,7.711725147640333,t-test,6,bounded
FAILED,,,2900,3855,4316,0.7925672554578632,0.5447446424979716,1.8585693341568112,t-test,37,bounded
FAILED,,,522,2059,210,0.0990336130820214,0.0723442511409521,5.216807893203572,ks-test,4,bounded
FAILED,,,2394,3008,3439,0.5613339565470815,0.4085587208867073,8.08902047610376,t-test,19,bounded
FAILED,,,4772,1060,1998,0.3657802002970129,0.9434162021446972,3.949229802451097,ks-test,48,bounded
FAILED,,,3887,3392,734,0.4495567866247147,0.807441001182422,0.4997238297061994,t-test,20,bounded
FAILED,,,1412,32,4762,0.6292271620072424,0.3437338150851428,6.5145570170311276,ks-test,41,bounded
FAILED,,,782,4745,1436,0.2182194402515888,0.1771281450353562,9.232375613678249,t-test,26,bounded
FAILED,,,3257,1852,3110,0.8959616662431508,0.7031358553674071,2.7496796428021044,ks-test,10,bounded
FAILED,,,3596,2765,1600,0.7192073384765536,0.0252532939389348,4.885920886863955,t-test,25,bounded
FAILED,,,1072,659,2650,0.4145278426781296,0.6210662147644908,8.401994604322129,ks-test,41,bounded
FAILED,,,1698,4119,1194,0.9855608961246908,0.8968135013971477,6.1547195214219395,t-test,31,bounded
FAILED,,,4222,2479,4597,0.1828404858615249,0.4882904741987585,2.1703229185696693,ks-test,10,bounded
FAILED,,,4582,4483,3293,0.0018733084667474,0.2646042402721941,3.686427904702723,t-test,32,bounded
COMPLETED,0.91,309.0,1960,1432,2478,0.8199287628531456,0.8534261910598724,9.545406993882729,ks-test,3,bounded
FAILED,,,87,3637,3836,0.2682698815204203,0.6264437557589263,7.45252589723561,t-test,14,bounded
FAILED,,,2709,431,355,0.5883145210724324,0.2245742972083389,0.8115345916068181,ks-test,47,bounded
FAILED,,,2755,4536,2054,0.8763574379254132,0.7497822240013629,2.0046649113539607,t-test,42,bounded
FAILED,,,74,1329,3738,0.1984176608026027,0.3485123749226331,5.988531309410931,ks-test,24,bounded
FAILED,,,1953,3583,114,0.6412857818044722,0.1409098037481308,8.274174833296797,t-test,11,bounded
FAILED,,,4634,534,4133,0.4613256528656929,0.729356762068346,4.760011626162568,ks-test,31,bounded
COMPLETED,0.91,12.0,4366,2516,2819,0.3461635395232587,0.5222350767310708,0.6269581740302965,t-test,2,bounded
ABANDONED,,,1588,879,1369,0.5414284939840435,0.1121454448215663,7.266198693809101,ks-test,33,bounded
ABANDONED,,,967,4368,4935,0.1111046653352677,0.3996927531920373,9.398668812496588,t-test,47,bounded
ABANDONED,,,3745,2259,838,0.8044398048128932,0.9968628899957984,3.5403796525858344,ks-test,14,bounded
ABANDONED,,,3154,3143,4458,0.5769445046763866,0.3024044145420193,3.821947388063185,t-test,5,bounded
ABANDONED,,,932,251,987,0.2566709056831896,0.8290345841888338,7.962268713501283,ks-test,37,bounded
ABANDONED,,,1555,4995,2673,0.839331692457199,0.6817859358582645,5.051687689615414,t-test,49,bounded
ABANDONED,,,3776,1633,1847,0.0210178928244858,0.2177265922650694,1.6915381732545791,ks-test,18,bounded
ABANDONED,,,4764,3908,573,0.1715436960365623,0.035948561463505,2.602258236998692,t-test,40,bounded
ABANDONED,,,2445,1957,3966,0.9740048092864452,0.5692013598959893,9.086705440714953,ks-test,20,bounded
ABANDONED,,,569,2955,2222,0.4338575457111,0.9172539220582692,6.329297822027468,t-test,9,bounded
ABANDONED,,,2888,1163,3281,0.7383090338353067,0.4461726834364235,0.3137742584431544,ks-test,27,bounded
ABANDONED,,,3119,3114,1121,0.0822716332618147,0.6974752399157733,8.863479658166877,ks-test,7,bounded
ABANDONED,,,340,1003,4671,0.7765665683820843,0.170842010486871,2.8476547487350183,t-test,28,bounded
ABANDONED,,,2214,3755,1674,0.3145707903467118,0.3180929043926298,0.097881702883169,ks-test,39,bounded
ABANDONED,,,4993,2110,2577,0.5088759491648523,0.7821510248165577,6.582027113761754,t-test,22,bounded
ABANDONED,,,4008,4837,3754,0.6748738435078411,0.963932747432962,7.565672723615543,ks-test,50,bounded
ABANDONED,,,1327,1791,438,0.4959031339585781,0.4306735505983233,4.2064424424618485,t-test,16,bounded
ABANDONED,,,701,3297,3377,0.9070935949720442,0.0826265949383378,1.2973740518083796,ks-test,7,bounded
ABANDONED,,,3381,97,2395,0.2281643984597176,0.5537032866422086,5.438614165463486,t-test,36,bounded
ABANDONED,,,3512,4214,3521,0.4061668645050376,0.2500931735299527,6.893780698174611,ks-test,44,bounded
ABANDONED,,,1193,2413,1915,0.7096589101813733,0.6513684618081897,1.0357933311015364,t-test,15,bounded
COMPLETED,0.91,1.0,1821,2674,4233,0.1388085959926247,0.8589647126551717,3.1606288769533855,ks-test,1,bounded
ABANDONED,,,4140,720,292,0.9422291516903788,0.270525163989514,9.800170742579738,t-test,35,bounded
ABANDONED,,,4400,3736,1508,0.8739702743869275,0.4776429195702076,5.750424927364104,ks-test,13,bounded
ABANDONED,,,2178,381,3036,0.0546666947342455,0.887732763396576,2.2353429320128635,t-test,29,bounded
ABANDONED,,,308,4377,660,0.6066301414966582,0.6001843991596251,4.519473822666333,ks-test,44,bounded
ABANDONED,,,2530,1488,4835,0.28734632252343,0.0030164298564195,8.50242098551616,t-test,23,bounded
ABANDONED,,,2568,4325,891,0.7164033353962003,0.3556204950194805,5.502511740122921,t-test,22,bounded
ABANDONED,,,268,2214,4919,0.3973485316317528,0.7641232953108847,1.518959091889672,ks-test,38,bounded
FAILED,,,2140,2544,1278,0.9491292428541928,0.7223319885022939,4.230060916814954,t-test,29,bounded
FAILED,,,4440,899,2953,0.1300839452445507,0.1265007480215281,7.744537352284418,ks-test,7,bounded
FAILED,,,4102,3547,4159,0.0614444987140595,0.1230763518158346,6.858286720357836,t-test,35,bounded
FAILED,,,1861,502,52,0.8651242882218211,0.5249565158858895,0.2193600249011069,ks-test,6,bounded
FAILED,,,1231,4587,3596,0.2942130646649748,0.9858639985844492,3.0885175792435184,t-test,17,bounded
FAILED,,,3472,1386,2156,0.5979331737831234,0.3970546605680138,8.947119892991148,ks-test,50,bounded
FAILED,,,3421,2925,3136,0.7678423935174941,0.8419070121459663,8.68263969629258,t-test,34,bounded
COMPLETED,0.91,3.0,662,1124,2321,0.0891712485421448,0.3070673783775418,4.542005217017606,ks-test,1,bounded
ABANDONED,,,1288,3963,3994,0.5000571404080838,0.2047708177771419,2.4558408920923247,t-test,16,bounded
ABANDONED,,,4046,2010,513,0.3213156914450228,0.6771909564398229,5.815676584131085,ks-test,45,bounded
ABANDONED,,,4953,4947,1758,0.4872066421285271,0.5704541556984186,9.885203202669507,t-test,22,bounded
ABANDONED,,,2253,1592,2808,0.681740109765902,0.0444343121964484,3.4004427706180143,ks-test,43,bounded
ABANDONED,,,380,3166,1036,0.2193179364111274,0.444987872051075,1.1562227162756025,t-test,29,bounded
ABANDONED,,,3080,277,4440,0.913871874835342,0.9086848247945308,7.1714325300361965,ks-test,13,bounded
ABANDONED,,,2849,3325,2460,0.2653650924526155,0.1579711068440228,3.6505639494284985,ks-test,30,bounded
ABANDONED,,,607,118,3353,0.570074862619862,0.6928109450936317,9.666693147392943,t-test,11,bounded
ABANDONED,,,2484,4794,334,0.0298666896764189,0.7951062118858098,7.419103402064183,ks-test,25,bounded
ABANDONED,,,4726,1745,3894,0.8325568181350828,0.3226882481593638,0.9352616092329844,t-test,43,bounded
ABANDONED,,,3816,3805,2590,0.9827322409786284,0.4294213570859283,4.931244047318586,ks-test,14,bounded
ABANDONED,,,1517,2168,1619,0.1646465047877281,0.9554466472230853,8.290778542506509,t-test,46,bounded
ABANDONED,,,892,3079,4540,0.7471245560217648,0.5548865290991962,6.197601817760617,ks-test,33,bounded
COMPLETED,0.91,509.0,3192,970,1215,0.4271101908385753,0.0911969785746186,2.056665396651253,t-test,3,bounded
ABANDONED,,,3706,4432,4707,0.1916423105970025,0.6442609291300176,0.6234699189113452,ks-test,18,bounded
ABANDONED,,,1006,1541,757,0.8852067106608301,0.2357517378721386,6.4811535934386795,t-test,48,bounded
ABANDONED,,,1627,3706,3048,0.454456486692652,0.277548413241282,9.353680838767438,ks-test,37,bounded
ABANDONED,,,4327,343,1451,0.6499794926904142,0.8733750993683934,2.7138347591068595,t-test,5,bounded
ABANDONED,,,4673,2697,186,0.5346806632280349,0.8768034253306686,1.7448927406594157,ks-test,26,bounded
ABANDONED,,,1914,746,4371,0.3549795375932007,0.4749201940428465,5.25967111796327,t-test,8,bounded
ABANDONED,,,36,4166,1982,0.797543089447543,0.0140147189777344,7.977785342709161,ks-test,21,bounded
ABANDONED,,,2794,2373,3501,0.1198316211439669,0.602822841260582,3.994533891326748,t-test,40,bounded
ABANDONED,,,2670,2644,3911,0.407752470165491,0.387601395027712,2.5670233458373697,ks-test,48,bounded
ABANDONED,,,125,849,595,0.7280565889049321,0.9760611668825148,9.207399481296541,t-test,19,bounded
COMPLETED,0.91,6064.0,2000,4219,3218,0.1759713122528046,0.5033214362114667,6.2965037949820974,ks-test,4,bounded
ABANDONED,,,4544,2271,2237,0.9942545995749532,0.1020644713062792,0.4369097591275349,t-test,38,bounded
ABANDONED,,,4262,4681,962,0.8131809544041751,0.1512956271078437,3.866642080391757,ks-test,9,bounded
ABANDONED,,,1659,1321,4512,0.0106893288437277,0.748452887173742,7.851644168627449,t-test,26,bounded
ABANDONED,,,1033,3456,1830,0.5814178131427616,0.7708887040130794,5.09394092184119,ks-test,41,bounded
ABANDONED,,,3635,563,2734,0.2769968447647988,0.3607862511333078,1.5784727642647922,t-test,20,bounded
ABANDONED,,,3219,4054,1352,0.1077277924157679,0.9304414629563688,0.7500746031356976,ks-test,10,bounded
ABANDONED,,,822,1948,2880,0.785697605965659,0.4663654987607151,7.2333855951847505,t-test,31,bounded
ABANDONED,,,1450,2830,818,0.3746289748419076,0.054009195709601,9.519343781499192,ks-test,42,bounded
ABANDONED,,,3847,1189,4993,0.5545590599179268,0.5806226741150021,3.505125689845532,t-test,25,bounded
ABANDONED,,,4810,3272,3680,0.6379546011351049,0.6707912344522773,1.8916185739431528,ks-test,47,bounded
ABANDONED,,,2354,221,2073,0.44265960281156,0.1997266796361654,6.030803613215686,t-test,13,bounded
COMPLETED,0.91,289.0,484,4848,4076,0.9047772107366472,0.2826382454913109,8.163569360001942,ks-test,3,bounded
ABANDONED,,,2940,1642,136,0.2114721076861023,0.8159076719619333,4.804725390070119,t-test,32,bounded
COMPLETED,0.91,1.0,3009,4688,2975,0.6092303800061344,0.0696824238281697,5.629120596255176,t-test,1,bounded
ABANDONED,,,406,1802,1525,0.3057687351051717,0.5337543764747679,2.2711881137015295,ks-test,34,bounded
ABANDONED,,,2285,3425,4780,0.8457941687908023,0.9461155722029508,4.395728031454609,t-test,45,bounded
ABANDONED,,,4888,68,684,0.0423432197533547,0.4194961117934435,8.535825303088876,ks-test,15,bounded
ABANDONED,,,3917,2988,1900,0.1414544970095157,0.32933148121275,7.005015533575789,t-test,43,bounded
ABANDONED,,,1373,1032,3584,0.960727683322504,0.8003943964615464,0.9904883482456208,ks-test,23,bounded
ABANDONED,,,752,3900,270,0.3779450666587799,0.7174853141233324,3.2743045764705165,t-test,12,bounded
ABANDONED,,,3296,2102,4289,0.6972592864073813,0.1842122925017029,9.757307219826616,ks-test,30,bounded
ABANDONED,,,3564,3611,417,0.9334880002401768,0.6125191865973174,7.599096112767235,t-test,39,bounded
ABANDONED,,,1108,409,3811,0.2392239343430846,0.0240619986411184,4.082715722829104,ks-test,21,bounded
ABANDONED,,,1730,4523,2376,0.6696695928815752,0.4967999596204608,1.3332383050760255,t-test,8,bounded
ABANDONED,,,4187,1479,3436,0.4753335574045777,0.8980576718114315,5.317328905933537,ks-test,28,bounded
ABANDONED,,,4471,4066,4612,0.3409195033647119,0.8488228241950273,8.820597063834777,t-test,5,bounded
ABANDONED,,,2074,2424,1141,0.5198593362551182,0.2516724384147673,2.9613113766731693,ks-test,36,bounded
FAILED,,,198,2803,2516,0.0771130451429635,0.2292305391896516,0.0525576484482735,t-test,49,bounded
FAILED,,,2596,689,1691,0.7560731108784675,0.639338014870882,6.693242877583952,ks-test,17,bounded
FAILED,,,2593,4081,2961,0.9199644484240562,0.5633753080125898,8.554252145363948,ks-test,46,bounded
FAILED,,,205,2439,1286,0.225410805568099,0.0378989513330161,4.413927579247392,t-test,15,bounded
COMPLETED,0.91,11.0,2076,2808,4910,0.6834443814344703,0.452011517252773,2.281080778250471,ks-test,2,bounded
FAILED,,,4464,694,882,0.4889106182288378,0.915275388142094,5.641226383447648,t-test,33,bounded
FAILED,,,4184,3596,2166,0.3274090680871158,0.8348871888834983,9.754364935217426,ks-test,11,bounded
FAILED,,,1738,394,3607,0.5061511695310473,0.3004730228334665,3.2699144163243474,t-test,31,bounded
FAILED,,,1110,4518,41,0.0908747766427695,0.2118534576594829,0.9838751757992432,ks-test,42,bounded
FAILED,,,3556,1474,4147,0.7695452691372484,0.6837224953640251,6.9993949027182545,t-test,24,bounded
FAILED,,,3298,2973,519,0.595742787135765,0.1141054192818701,5.328195040492342,ks-test,9,bounded
FAILED,,,744,1017,4001,0.2920224977023899,0.516414802370593,1.3443324791006743,t-test,27,bounded
FAILED,,,1371,3895,2315,0.8595178296118974,0.9948939406704158,4.102116780097597,ks-test,40,bounded
FAILED,,,3925,2098,3130,0.0558382204193621,0.4055373645313083,7.616283302408643,t-test,20,bounded
FAILED,,,4890,4703,4453,0.127892874514684,0.3465867607370018,6.6864207372507085,ks-test,49,bounded
FAILED,,,2278,1816,1050,0.9469373969547452,0.75564441328682,0.0471841286355629,t-test,18,bounded
FAILED,,,404,3430,2794,0.3917426976189017,0.7312990990970283,2.958160869160667,ks-test,5,bounded
FAILED,,,3016,72,1745,0.7107982765529304,0.1350462537333369,8.81645326974988,t-test,37,bounded
FAILED,,,2933,3277,3905,0.125437217215076,0.8857713984642178,0.4438131771665067,t-test,7,bounded
FAILED,,,486,226,346,0.8031483862325549,0.4834645992740988,6.3017972290627675,ks-test,36,bounded
FAILED,,,2361,4862,3342,0.3571708462648093,0.0049839292243123,9.210632011498323,t-test,50,bounded
FAILED,,,4808,1657,2449,0.5368722711857408,0.5943412526492029,2.571086309206672,ks-test,16,bounded
FAILED,,,3840,4049,1223,0.6555861892420798,0.6532879266869277,1.5676867154380307,t-test,39,bounded
FAILED,,,1452,1943,4549,0.4600625270456075,0.2442371484227478,5.082765470110812,ks-test,22,bounded
FAILED,,,829,2815,1610,0.8873968593664467,0.268576618168503,7.832323942074553,t-test,7,bounded
FAILED,,,3217,1175,2582,0.1938331155013293,0.8648344863336533,3.8493728680610655,ks-test,28,bounded
FAILED,,,3642,4676,1464,0.4254069006796926,0.4365048000216484,3.507987143739127,t-test,44,bounded
FAILED,,,1030,1316,3061,0.7454214424602686,0.9619771451521664,9.523815964334645,ks-test,23,bounded
FAILED,,,1652,3442,743,0.1585528902038931,0.5478697098512202,7.239918681899087,t-test,13,bounded
FAILED,,,4264,548,4693,0.9766384497974068,0.0845998569577932,0.7557765116989613,ks-test,29,bounded
COMPLETED,0.91,1.0,4551,2649,3506,0.8308523085247725,0.1649917480312287,4.78621652510576,t-test,1,bounded
FAILED,,,1997,853,1988,0.0281629515178501,0.6994042745139449,8.145450642924756,ks-test,35,bounded
FAILED,,,118,4234,4365,0.5639825269728898,0.788026561146602,6.020829670961016,t-test,44,bounded
FAILED,,,2672,2285,180,0.259271985353902,0.3161539282910525,1.8795928724827244,ks-test,15,bounded
FAILED,,,2802,2712,2231,0.2053792682718485,0.6622171906027942,0.9219644257165492,t-test,24,bounded
FAILED,,,33,760,3213,0.89868454791978,0.19072716435045,7.40557579513453,ks-test,43,bounded
FAILED,,,1906,4171,602,0.4409555374830961,0.291149472720921,9.649724331055769,t-test,30,bounded
FAILED,,,4675,2378,3917,0.6362503592092544,0.8249700038675218,3.6358066167710343,ks-test,12,bounded
FAILED,,,4334,4417,2721,0.5484650010522454,0.9219264435302466,2.065920969889499,t-test,34,bounded
COMPLETED,0.91,11.0,1625,1526,1818,0.3685356874279677,0.4573069887943566,6.205406386530959,ks-test,2,bounded
FAILED,,,999,3701,4526,0.783994819574058,0.0625794176198542,8.291499193035065,t-test,15,bounded
FAILED,,,3709,339,976,0.1060242345724254,0.5896259815972297,4.932955600472168,ks-test,45,bounded
FAILED,,,3184,3790,4984,0.2791875009555369,0.1447354905605316,2.6978377738157286,t-test,36,bounded
FAILED,,,894,2153,809,0.5836081700474023,0.7413379020858555,9.337913531905972,ks-test,6,bounded
FAILED,,,1524,3074,2888,0.0162955773957073,0.7775154642481356,6.4688274959847325,t-test,17,bounded
FAILED,,,3814,965,1360,0.8187875022422522,0.3678346125334501,0.608933082761243,ks-test,49,bounded
FAILED,,,4718,3340,125,0.9964463562462478,0.3809784567318856,3.9950439350046225,t-test,21,bounded
FAILED,,,2487,133,4065,0.1781624127253889,0.9690090132858604,7.979745645871387,ks-test,39,bounded
FAILED,,,615,4799,2084,0.7336616774909198,0.5098853649552911,5.268715339367279,t-test,27,bounded
FAILED,,,2846,1750,3690,0.4133582149501889,0.1091756344549357,1.7529468044219538,ks-test,8,bounded
FAILED,,,3082,4952,670,0.7504677843507379,0.8553894595261662,7.744099795506336,ks-test,26,bounded
FAILED,,,372,1597,4767,0.0715075383000075,0.2587806570343673,4.228029318726622,t-test,10,bounded
FAILED,,,2251,3181,1538,0.5176678175255656,0.2226087013743817,1.5099866124019024,ks-test,20,bounded
FAILED,,,4961,292,2988,0.3387281649503857,0.6322849987354129,5.494387126417832,t-test,41,bounded
FAILED,,,4049,2920,4282,0.46972754679434,0.6191448463518172,8.963188173208385,ks-test,19,bounded
FAILED,,,1280,1119,264,0.6640628071017562,0.0311112225800752,3.104212399205193,t-test,48,bounded
FAILED,,,659,3948,3590,0.2370330402106046,0.4902371164858341,0.2317566722976043,ks-test,37,bounded
COMPLETED,0.91,3185.0,3428,1995,1906,0.931297881277278,0.8909456312526017,6.872751814591699,t-test,4,bounded
FAILED,,,3470,3543,3425,0.6989623107407242,0.3379044691957533,5.806350460950286,ks-test,14,bounded
FAILED,,,1238,497,2366,0.3796483865603804,0.809394699929282,2.4481080652382223,t-test,47,bounded
FAILED,,,1863,4572,3822,0.9668215042464436,0.7089713356923311,4.541213271562942,ks-test,32,bounded
COMPLETED,0.91,930.0,4095,1371,428,0.1475480223651975,0.1751529794819653,8.68100063003879,t-test,3,bounded
FAILED,,,4438,4330,1683,0.0440470471400767,0.0781926100626587,7.184657971636393,ks-test,32,bounded
FAILED,,,2148,2219,2508,0.8474986486583947,0.5428175114337354,1.169820873147808,t-test,10,bounded
FAILED,,,271,2559,1150,0.3118618124611675,0.9375387622807176,3.4173391000553965,ks-test,25,bounded
FAILED,,,2560,914,4621,0.6153228048812597,0.4104996005222201,9.90003183025308,t-test,41,bounded
FAILED,,,2522,3741,1065,0.3884952724426984,0.2016503902878612,6.563284938572906,t-test,41,bounded
FAILED,,,310,386,4390,0.6921855254489928,0.6649309487007558,0.0799772617006674,ks-test,20,bounded
FAILED,,,2186,4391,1767,0.1562441201042383,0.8139634313993155,2.8374659345988182,t-test,9,bounded
FAILED,,,4398,1503,2739,0.9599537731595336,0.2885036990400403,8.85168786291778,ks-test,26,bounded
COMPLETED,0.91,6625.0,4133,4209,4062,0.8563160818144679,0.4644074278343469,5.4412613434623935,t-test,4,bounded
FAILED,,,1823,2409,502,0.037301603237167,0.9362598337829112,1.3020795448683202,ks-test,38,bounded
FAILED,,,1200,2659,3184,0.6240483256038278,0.5825935269743204,4.212741622964852,t-test,48,bounded
FAILED,,,3510,706,2291,0.3049627102427184,0.0481626808363944,7.571589504060336,ks-test,19,bounded
COMPLETED,0.91,565.0,3389,4832,3665,0.0646402830965816,0.742598378945142,9.789618599964305,t-test,3,bounded
FAILED,,,698,1786,2146,0.7591634062062949,0.1532289223503321,3.1492385533414775,ks-test,32,bounded
FAILED,,,1320,3283,4208,0.3319509037751704,0.3666574822049588,1.0166873804433272,t-test,47,bounded
FAILED,,,4010,82,23,0.5265151792913674,0.7689540480412543,6.876278175619432,ks-test,13,bounded
FAILED,,,5000,3119,1308,0.657164180766791,0.98188912229985,8.509539275436662,t-test,42,bounded
FAILED,,,2212,1008,2904,0.4784525916334241,0.3856491016242653,4.524533350535669,ks-test,25,bounded
FAILED,,,333,3770,901,0.9245519614908844,0.0962275410238653,2.238808772439137,t-test,10,bounded
FAILED,,,3121,2125,4851,0.2458509492501616,0.5052980665937065,5.75427361483872,ks-test,31,bounded
FAILED,,,2886,3923,2012,0.5905063651129602,0.257520797336474,4.752813101513312,ks-test,12,bounded
FAILED,,,576,1971,3452,0.2704609541092067,0.846895693130791,8.2691967321299,t-test,30,bounded
FAILED,,,2447,2960,197,0.8255338235553354,0.6334605750069022,5.984984787265771,ks-test,43,bounded
FAILED,,,4757,1167,4303,0.0074791406206786,0.2311714188251644,2.0008980975719166,t-test,23,bounded
FAILED,,,3774,3128,3117,0.1850310509651899,0.0182326527517288,3.5508503684988244,ks-test,46,bounded
FAILED,,,1562,237,1442,0.9877512846309692,0.6144728853441774,9.410139370837248,t-test,15,bounded
COMPLETED,0.91,11.0,934,4990,4756,0.4201341228317469,0.9038931521363556,7.2852227707747375,ks-test,2,bounded
FAILED,,,3146,1628,728,0.7248137952275574,0.4948247940670698,0.6445413783043623,t-test,34,bounded
FAILED,,,3747,2501,4608,0.8898676352612674,0.7984730280488729,1.6889728689482435,ks-test,49,bounded
FAILED,,,959,864,1204,0.2121260654684156,0.3351894098538905,5.046901514836588,t-test,17,bounded
FAILED,,,1586,4363,2639,0.627524288246408,0.1861589347887784,7.956050959700718,ks-test,5,bounded
FAILED,,,4374,2254,1589,0.4478532566651701,0.7116174439787863,3.8159503728896382,t-test,36,bounded
FAILED,,,4636,4551,363,0.3596873292811215,0.5357176449410617,0.3325971153508872,ks-test,8,bounded
FAILED,,,1946,1344,3845,0.5552413848172874,0.0638588405903428,6.347120389517396,t-test,28,bounded
FAILED,,,72,3588,2469,0.0973296388406306,0.4175305159594863,9.096974489579907,ks-test,39,bounded
FAILED,,,2762,539,3284,0.790862981930375,0.9519568151794374,2.613968605545349,t-test,21,bounded
FAILED,,,2711,4487,4125,0.7366045521087944,0.0425086980108171,3.9622308363802734,ks-test,17,bounded
FAILED,,,79,1437,106,0.432153720183298,0.5763163449838757,8.102862074976787,t-test,50,bounded
FAILED,,,1958,3651,3747,0.9679123862702398,0.9106271618232132,5.233461376626977,ks-test,35,bounded
FAILED,,,4590,446,2063,0.1654506168216466,0.4391243220362812,1.8736217734245584,t-test,6,bounded
FAILED,,,4225,2760,827,0.0193145710639655,0.3090273528378456,2.740110077620484,ks-test,28,bounded
FAILED,,,1691,654,4924,0.837628669982776,0.8360867377854883,9.224867194495165,t-test,7,bounded
FAILED,,,1069,4104,1380,0.2505773821864277,0.6752220071144402,6.513541259892285,ks-test,22,bounded
FAILED,,,3603,2464,2830,0.5708506818935275,0.210615429116413,0.4983276094663888,t-test,38,bounded
FAILED,,,3255,3387,1841,0.8100465887337923,0.5308091205805539,2.1866150104710838,ks-test,29,bounded
FAILED,,,789,27,2666,0.1167106778044253,0.1211449601072818,6.170171495369636,t-test,13,bounded
FAILED,,,1414,4731,993,0.5436186148058622,0.3911815259624272,8.414634693719446,ks-test,22,bounded
FAILED,,,3880,1837,4464,0.3483544317968189,0.98780055809021,4.900161573426798,t-test,44,bounded
FAILED,,,4770,3860,3268,0.466931157849729,0.7582972434274852,0.8113398808427155,ks-test,16,bounded
FAILED,,,2402,2064,2208,0.6468911101911216,0.3575708848889916,7.4502704874631025,t-test,45,bounded
FAILED,,,524,3023,3980,0.2006090010758489,0.1323395818378776,9.53665892206598,ks-test,34,bounded
COMPLETED,0.91,1.0,2892,1075,586,0.8785489547960459,0.7203534545861184,3.6780598489968104,t-test,1,bounded
FAILED,,,2977,2870,2566,0.2851552201919257,0.4690699315872043,7.060931252003648,t-test,33,bounded
COMPLETED,0.91,11.0,443,1228,1663,0.6044383866842836,0.8787324599288404,1.2032442622995003,ks-test,2,bounded
FAILED,,,2317,4019,4681,0.0490609518084675,0.6086983775906265,3.2960538405254485,t-test,14,bounded
FAILED,,,4851,1905,1132,0.8683651839420198,0.0120757428761571,9.935896083520724,ks-test,46,bounded
FAILED,,,3963,4885,2387,0.940038792926818,0.2415829872954636,5.920007088888437,t-test,25,bounded
FAILED,,,1332,1683,3368,0.1366179416608065,0.6423053268492221,2.4052254709061236,ks-test,43,bounded
FAILED,,,706,3229,447,0.7040523642022162,0.867541522577405,4.65242903538514,t-test,30,bounded
FAILED,,,3337,185,3762,0.4005606140941381,0.2795216752607375,8.635676575603894,ks-test,11,bounded
FAILED,,,3516,4262,279,0.2342576840147375,0.957366112101823,8.999033354897051,t-test,21,bounded
FAILED,,,1148,2306,4220,0.9131876556966452,0.4235653319787234,2.9829080680962647,ks-test,40,bounded
FAILED,,,1778,2606,1929,0.4976066936608403,0.0892484327536076,0.2651609898703172,t-test,26,bounded
FAILED,,,4146,809,3535,0.6765766280405223,0.5607563027776777,6.749006023379975,ks-test,8,bounded
FAILED,,,4503,3492,4829,0.5149686101227998,0.6908495801612735,7.698794812650419,t-test,37,bounded
FAILED,,,2038,605,654,0.3206636316198855,0.1637927865479141,4.3392641541278,ks-test,5,bounded
FAILED,,,166,4641,3043,0.7782708121668547,0.3246557475272566,1.4671230896487832,t-test,18,bounded
FAILED,,,2631,1283,1515,0.0839756967313587,0.7892630653753877,5.6080628259349625,ks-test,48,bounded
FAILED,,,2655,3065,4745,0.8655418796967715,0.2847659437842667,3.601107685402967,t-test,39,bounded
FAILED,,,180,954,717,0.0630960560627281,0.8196200901400297,9.616013508624397,ks-test,21,bounded
FAILED,,,2053,3824,3088,0.5992211487144232,0.6685340363662688,7.370876826517283,t-test,8,bounded
FAILED,,,4529,2178,1414,0.2947543784100562,0.1961284140087664,0.8882536405343562,ks-test,27,bounded
FAILED,,,4169,4768,227,0.3977832474764436,0.0533348734602332,4.977041324619204,t-test,5,bounded
FAILED,,,1790,1722,4333,0.7180415605716407,0.5793402080927043,8.335352519562468,ks-test,36,bounded
FAILED,,,1165,3346,2020,0.1313547958061098,0.931229937756434,6.249492147927173,t-test,50,bounded
FAILED,,,3543,146,3461,0.9496838887725024,0.4675184649899601,2.1097742591677235,ks-test,18,bounded
FAILED,,,3350,4145,2500,0.6830280846972018,0.7710748850610107,0.5752794750668108,t-test,1,bounded
FAILED,,,728,2345,3315,0.4877479558736085,0.362557096298784,6.434185779353604,ks-test,33,bounded
FAILED,,,1358,2723,372,0.9142894663102924,0.1509952935092151,9.304259961460717,t-test,46,bounded
FAILED,,,3980,769,3853,0.220969493759796,0.7468115418013184,2.6631960199354214,ks-test,15,bounded
FAILED,,,4865,3688,2628,0.090442099103704,0.5007056041527537,1.796742916212417,t-test,43,bounded
FAILED,,,2340,332,1578,0.7683970394358038,0.0988404248356819,5.312743848777377,ks-test,23,bounded
FAILED,,,468,4445,4580,0.3217504072897136,0.3903467268794775,8.02354172041267,t-test,12,bounded
FAILED,,,2993,1557,1176,0.5016953655835241,0.979171060802415,4.039072481663897,ks-test,30,bounded
FAILED,,,2916,4604,3176,0.1631305742319673,0.2290435662418603,5.528779720548541,ks-test,10,bounded
FAILED,,,538,1397,2282,0.9824188679866492,0.6375682292897255,1.5440037720706314,t-test,31,bounded
FAILED,,,2417,3534,4032,0.4264332503005862,0.8491239496935159,4.26242195010651,ks-test,42,bounded
FAILED,,,4795,485,472,0.7457323626074939,0.2533127242028713,7.778116917925888,t-test,25,bounded
FAILED,,,3902,2565,1795,0.5685456147622318,0.4994149774722754,6.828359753207304,ks-test,47,bounded
FAILED,,,1427,927,2767,0.2650688587017357,0.9012827406879514,0.1882096830075606,t-test,13,bounded
COMPLETED,0.91,315.0,806,4300,1076,0.8318931948989629,0.6097746689524501,3.0598203005716207,ks-test,3,bounded
FAILED,,,3281,2191,4402,0.0284573570210486,0.0209510823152959,8.91964122116752,t-test,32,bounded
FAILED,,,3616,3192,929,0.3543025970552116,0.7153567718807607,8.714960574970581,ks-test,47,bounded
FAILED,,,1092,300,4879,0.533288469813764,0.1805009859576821,4.575548650956713,t-test,19,bounded
COMPLETED,0.91,6524.0,1717,4926,1318,0.118315690588206,0.3315895232483744,2.4820679729208353,ks-test,4,bounded
FAILED,,,4241,1564,2915,0.797229716455564,0.8039915504548699,5.840685877593235,t-test,38,bounded
FAILED,,,4604,3977,4199,0.8845430874247104,0.9467890133243054,9.856542055699972,ks-test,9,bounded
FAILED,,,1981,2025,15,0.1902329779416322,0.4207796671427786,3.3730042534079403,t-test,26,bounded
FAILED,,,104,2906,3634,0.6484502448327839,0.0688948301561176,1.1263311358438803,ks-test,41,bounded
FAILED,,,2727,1114,2115,0.4541602529417723,0.5326003209184855,7.140323087739759,t-test,20,bounded
FAILED,,,2740,3884,456,0.0090529997665435,0.4418856963664293,5.6748764152210205,ks-test,18,bounded
FAILED,,,59,2089,3771,0.8127481346577405,0.905947151692584,2.315726070802659,t-test,48,bounded
FAILED,,,1929,2999,2417,0.276440302748233,0.573685831176117,4.447577573771589,ks-test,37,bounded
FAILED,,,4610,1050,3399,0.5801450664829462,0.0470578327476978,8.588897475165314,t-test,5,bounded
FAILED,,,4350,3402,4654,0.7264031354580074,0.2064198516421019,6.955595215006732,ks-test,27,bounded
FAILED,,,1572,42,1104,0.4073329825922846,0.6774989190455525,0.9398502423102036,t-test,9,bounded
FAILED,,,944,4716,2555,0.993715181928128,0.8401438257303088,3.226114765862003,ks-test,20,bounded
FAILED,,,3722,1823,1652,0.174685233419761,0.3068889155648648,9.710339964479209,t-test,40,bounded
FAILED,,,3132,2775,3015,0.4421030607949942,0.9847033438626676,7.65098580969777,ks-test,30,bounded
FAILED,,,911,669,1486,0.6366818544752895,0.3962585567608475,4.135824026607909,t-test,11,bounded
FAILED,,,1537,4090,4818,0.2098357786089181,0.1243511590883135,1.3790350236389783,ks-test,24,bounded
FAILED,,,3759,2449,643,0.9043443909902124,0.525623119900003,5.361902249753475,t-test,42,bounded
FAILED,,,4744,4512,1937,0.7851581883188335,0.7259225358944386,8.7723711215239,ks-test,14,bounded
FAILED,,,2424,1461,3543,0.1064417135827243,0.1287502873577177,2.9143039667122066,t-test,46,bounded
FAILED,,,550,3627,310,0.552905606471002,0.351900447834283,0.0031019431604072,ks-test,33,bounded
COMPLETED,0.91,964.0,2870,422,4250,0.3742094872687011,0.7619879085253924,6.642563872051426,t-test,3,bounded
FAILED,,,3098,3468,1391,0.9610258280429989,0.0151764332838356,2.537132324143313,t-test,34,bounded
FAILED,,,320,581,2841,0.142985655836761,0.6036181531678884,9.17629067223612,ks-test,1,bounded
FAILED,,,2196,4665,855,0.6986667080931365,0.8755275584738702,6.2678432812485845,t-test,16,bounded
FAILED,,,4974,1308,4952,0.3786067789252847,0.4742543819285929,0.4094718006551266,ks-test,45,bounded
FAILED,,,3986,4248,3716,0.3060801971275359,0.2739588882550597,3.8928686024826016,t-test,23,bounded
FAILED,,,1306,2291,2032,0.6107443995922804,0.8711247458253056,7.876652828853578,ks-test,44,bounded
FAILED,,,683,2620,4116,0.0437373241372406,0.6479799539092927,5.126261167283171,t-test,29,bounded
FAILED,,,3363,823,97,0.8464730202984064,0.2378879388645291,1.6120156394662335,ks-test,13,bounded
FAILED,,,3496,4871,3949,0.5212667579408735,0.5579898164179175,0.7213779576998204,t-test,22,bounded
FAILED,,,1177,1668,556,0.3415812156312167,0.0939338077269494,7.205907482098789,ks-test,38,bounded
FAILED,,,1798,3244,3260,0.7563712555989623,0.4261885699741542,9.489417373086324,t-test,28,bounded
FAILED,,,4117,200,2200,0.0786442039702087,0.9528239706214516,3.473975981188006,ks-test,7,bounded
FAILED,,,4385,2845,1004,0.2406180387269705,0.793458267347887,1.923978973998688,t-test,35,bounded
FAILED,,,2163,1203,4475,0.934166851747781,0.322379404425621,6.064382620119489,ks-test,6,bounded
FAILED,,,284,4043,1869,0.4756450194269418,0.1597332039326429,8.189836781689896,t-test,17,bounded
FAILED,,,2506,1929,2694,0.671183612467721,0.6929902890343219,4.829769437015057,ks-test,50,bounded
FAILED,,,2545,4757,1641,0.3327338092513382,0.920844352338463,1.8298602661201728,ks-test,45,bounded
FAILED,,,246,1870,2612,0.528044093472883,0.4484221019428223,5.189321976414882,t-test,16,bounded
COMPLETED,0.91,3.0,2124,3376,1232,0.0699486564714461,0.0322286313902586,8.059100530423224,ks-test,1,bounded
FAILED,,,4424,19,4557,0.7632384661883115,0.5670660939402878,3.918091473417357,t-test,35,bounded
FAILED,,,4078,3037,3331,0.9253489873223006,0.6806251565888523,0.5320920334644615,ks-test,12,bounded
FAILED,,,1837,1080,2438,0.2473638841565698,0.2169303750637918,6.548148446535692,t-test,29,bounded
FAILED,,,1216,3831,3877,0.6624584932718425,0.3036793463621288,9.258631655742414,ks-test,44,bounded
FAILED,,,3457,2034,317,0.4825436903759837,0.8297013015970587,2.7747172270147127,t-test,23,bounded
FAILED,,,3402,3660,4354,0.1498533423095941,0.4013416662272065,4.856041244793684,ks-test,7,bounded
FAILED,,,643,457,169,0.9523298046607525,0.997170735489577,8.37089225799404,t-test,28,bounded
FAILED,,,1268,4455,3479,0.3853836385738104,0.5204720111452042,6.126051203985698,ks-test,39,bounded
FAILED,,,4026,1411,1960,0.6898197775967418,0.1119670991208404,2.1428725374965,t-test,22,bounded
FAILED,,,4936,4134,774,0.6176435464248061,0.1378075146693736,3.7126479640612375,ks-test,50,bounded
FAILED,,,2235,2492,4724,0.2973546020481735,0.7266189644187688,9.570404274485073,t-test,16,bounded
FAILED,,,358,2754,1473,0.8532183898445219,0.7530140128731727,7.484858565278352,ks-test,7,bounded
FAILED,,,3059,640,3070,0.0349199355952441,0.3511360200215131,0.8450852705109864,t-test,35,bounded
ABANDONED,,,2831,2595,69,0.629784179907292,0.5985363300740719,9.979353637535123,t-test,5,bounded
ABANDONED,,,590,800,4176,0.4508290574010461,0.0027074727285653,3.3404971940275283,ks-test,37,bounded
ABANDONED,,,2463,4288,2177,0.8975975194368511,0.4794051412064582,1.2467018535630776,t-test,49,bounded
ABANDONED,,,4704,2339,3618,0.2186527358815074,0.8879122207313777,7.1053745682565514,ks-test,18,bounded
ABANDONED,,,3797,4613,4902,0.0995735066123306,0.862067882861942,8.601608198315837,t-test,40,bounded
ABANDONED,,,1498,1253,874,0.7938528584074229,0.273261872312054,4.618125802031718,ks-test,20,bounded
ABANDONED,,,872,3505,2931,0.3674331778604537,0.2468605035301297,2.3711570563688875,t-test,9,bounded
ABANDONED,,,3172,612,1256,0.5617539200037717,0.6487459060363471,5.885703892784194,ks-test,27,bounded
ABANDONED,,,3682,3986,2786,0.8215646160468459,0.079036956558004,6.793430305303075,t-test,42,bounded
ABANDONED,,,982,1880,1736,0.0023066040966659,0.5514528085514901,0.3085994723057374,ks-test,24,bounded
ABANDONED,,,1612,2879,4423,0.5888715389724821,0.9676518856063484,3.027332312770188,t-test,11,bounded
ABANDONED,,,4312,1238,1019,0.2695421522967517,0.4328098761383444,9.042471874581649,ks-test,31,bounded
COMPLETED,0.91,10.0,4650,3223,2343,0.4161808202415704,0.3192544978689402,5.57377866416052,t-test,2,bounded
ABANDONED,,,1891,172,3158,0.7196273019332438,0.782946219611913,1.4330737839397043,ks-test,33,bounded
ABANDONED,,,19,4916,530,0.1833803793918341,0.6961994938887655,4.304980029602536,t-test,46,bounded
ABANDONED,,,2778,1711,4011,0.9868464990742504,0.1701763154845684,7.664745469692163,ks-test,14,bounded
ABANDONED,,,2688,3315,3562,0.5421049586385489,0.8203774168789387,8.895811767471953,t-test,25,bounded
ABANDONED,,,144,108,1878,0.3475562088210135,0.2937622431386262,2.881204794403166,ks-test,41,bounded
ABANDONED,,,2020,4823,4271,0.805956211252138,0.1954249141532927,0.124101129005663,t-test,32,bounded
ABANDONED,,,4564,1774,253,0.111417562443763,0.6594992424994706,6.607023835626432,ks-test,11,bounded
ABANDONED,,,4279,3776,1547,0.1990808081552386,0.591746701505035,7.537004964916966,t-test,32,bounded
COMPLETED,0.91,330.0,1677,2138,2997,0.8777672464642674,0.0584789108838886,4.1789926946247,ks-test,3,bounded
ABANDONED,,,1054,3089,701,0.462855376606807,0.4550734770651906,1.2674950429741292,t-test,14,bounded
ABANDONED,,,3656,980,4798,0.641581539671868,0.926139727216214,5.407512377873064,ks-test,47,bounded
FAILED,,,3242,4403,1158,0.97552121572569,0.3730066917631775,6.920036107002758,t-test,38,bounded
FAILED,,,845,1511,4630,0.1718565931450575,0.7742620208188891,1.0608303565764798,ks-test,4,bounded
FAILED,,,1466,3715,1713,0.7389854984898119,0.7363081194534897,3.192996521973982,t-test,19,bounded
FAILED,,,3864,353,2539,0.4352502150088548,0.1478466522637754,9.83376153884828,ks-test,48,bounded
FAILED,,,4834,2688,3793,0.2582006294243037,0.1054377583693712,5.720505614919588,t-test,19,bounded
FAILED,,,2378,736,400,0.5772402625437825,0.5155419065840541,2.204205161716789,ks-test,40,bounded
ABANDONED,,,499,4195,3414,0.0216810401771217,0.9726122217811644,4.49076531336736,t-test,26,bounded
ABANDONED,,,2955,2403,2354,0.8407415009960532,0.3754565975647419,8.47493570196349,ks-test,10,bounded
ABANDONED,,,3033,4354,4495,0.4946156349107623,0.6271170797683298,1.9564678557803852,ks-test,27,bounded
ABANDONED,,,430,2243,945,0.6743320538792759,0.2258577317278832,5.941552264698782,t-test,8,bounded
ABANDONED,,,2301,2534,2712,0.2277463311012834,0.2638167637120932,8.224766527587548,ks-test,22,bounded
ABANDONED,,,4903,889,1809,0.9054425135068596,0.8522722563333808,4.709380541697144,t-test,40,bounded
ABANDONED,,,3940,3557,612,0.775296193704009,0.8946848346069454,0.6788195802103728,ks-test,17,bounded
ABANDONED,,,1396,511,3928,0.0817165114600211,0.4845790542606264,7.319278036352248,t-test,49,bounded
ABANDONED,,,768,4557,2259,0.5084407574366778,0.0275114605221897,9.444417535494082,ks-test,36,bounded
ABANDONED,,,3312,1357,3241,0.3129330410547554,0.6246634821519255,3.5849056713255125,t-test,6,bounded
ABANDONED,,,3581,2934,2095,0.0542486273758113,0.17974304205738,3.7724987787436697,ks-test,15,bounded
ABANDONED,,,1125,1134,3702,0.8723191929217426,0.7063608071319759,7.911601646330208,t-test,45,bounded
ABANDONED,,,1752,3934,153,0.2860588234756141,0.8046966043673455,5.003449883441442,ks-test,34,bounded
COMPLETED,0.91,13.0,4208,1980,4093,0.606088351868093,0.3406230158712714,1.6445235928269104,t-test,2,bounded
ABANDONED,,,4490,4977,2858,0.7092237184531986,0.4083716345448046,2.648042942701839,ks-test,30,bounded
ABANDONED,,,2092,1621,1330,0.4045291152130812,0.94164629201591,9.131271763064898,t-test,12,bounded
ABANDONED,,,218,3156,4976,0.9409587770123033,0.5450458813905716,6.381194763923064,ks-test,24,bounded
ABANDONED,,,2616,268,801,0.1382534741908311,0.0739846614766866,0.3668943515866995,t-test,43,bounded
ABANDONED,,,2606,3149,1891,0.6441843797396868,0.4654687762688845,7.905657375992275,ks-test,35,bounded
ABANDONED,,,228,255,3566,0.4642699374742805,0.929114813197404,3.766246941945516,t-test,6,bounded
ABANDONED,,,2102,4969,239,0.8754004260152578,0.5812183408178389,1.6800885582640768,ks-test,17,bounded
ABANDONED,,,4480,1609,4268,0.1974149696547538,0.0551494775991886,5.038707356916741,t-test,50,bounded
ABANDONED,,,4217,3941,3003,0.1140499147232621,0.1979164876434952,9.108229766298086,ks-test,22,bounded
ABANDONED,,,1742,1992,1563,0.8073393712453543,0.6703780244514345,2.6246934539731592,t-test,38,bounded
ABANDONED,,,1116,2941,4791,0.3451599059030413,0.8175391102209687,0.3804603065447881,ks-test,28,bounded
ABANDONED,,,3591,1147,685,0.5404705507550388,0.2827427855674177,6.394453152420931,t-test,7,bounded
ABANDONED,,,3301,4569,4646,0.8422541180271655,0.9771708621047436,5.976790629345924,ks-test,23,bounded
ABANDONED,,,777,1365,1164,0.0239555410891771,0.3881668840255588,1.99201378688775,t-test,44,bounded
ABANDONED,,,1407,3570,2523,0.5759789603240788,0.1007680513020604,4.703109670569189,ks-test,29,bounded
ABANDONED,,,3931,518,1708,0.2556901312004774,0.5024554862789808,8.21880314842146,t-test,13,bounded
FAILED,,,1786,4882,3982,0.2162527476549148,0.8093672130107878,5.4578972545862205,t-test,25,bounded
FAILED,,,3256,2029,1402,0.6405462114680557,0.3855305843297391,3.7588411163100974,ks-test,34,bounded
FAILED,,,4033,3300,3269,0.2926166800577193,0.0107756319865584,2.0799554263800384,t-test,49,bounded
FAILED,,,1010,1070,846,0.8507362262066454,0.685080361964181,8.700422863464803,ks-test,10,bounded
FAILED,,,321,2642,2147,0.923193219339475,0.501242427676916,7.330568168988451,t-test,38,bounded
FAILED,,,4643,490,4414,0.4988979681748896,0.1790164256040006,3.1317717620600014,ks-test,5,bounded
FAILED,,,2608,4183,28,0.5680910028982907,0.3032995439395308,0.2024294075956568,t-test,15,bounded
FAILED,,,2357,1408,2764,0.0099696684684604,0.8760088607091456,9.322580094153992,ks-test,29,bounded
FAILED,,,1983,3728,597,0.4297778867613524,0.4867738260999321,7.61298726235889,t-test,42,bounded
COMPLETED,0.91,11.0,2982,645,2863,0.9942322488520294,0.8172841026652604,1.6174812392462043,ks-test,2,bounded
FAILED,,,4696,4684,2227,0.0634673948232084,0.6920262504070998,4.86090335202124,t-test,17,bounded
FAILED,,,268,2225,4964,0.512613311259076,0.1129821269903332,5.9350361729217695,ks-test,26,bounded
FAILED,,,908,3753,3609,0.7115869028549641,0.2020396508947014,9.489922080819497,t-test,22,bounded
FAILED,,,4135,1840,1029,0.1471305219773203,0.6185668189395219,0.9946946650752798,ks-test,37,bounded
FAILED,,,3661,2833,4145,0.7952606797609478,0.992347037360072,2.98886158554256,t-test,46,bounded
FAILED,,,1381,297,1722,0.346112737102434,0.3273012507352978,6.5626967274956405,ks-test,12,bounded
FAILED,,,1553,3049,3040,0.606774176184088,0.6317532500624656,0.6390781997209414,ks-test,45,bounded
FAILED,,,3490,44,464,0.0335548433735966,0.0485680034402757,9.837374681147745,t-test,10,bounded
FAILED,,,4266,4005,4828,0.8999734690412879,0.422293956272304,6.830420554650948,ks-test,20,bounded
FAILED,,,776,1625,2407,0.4596056101210415,0.7569472893197088,2.7097699425909667,t-test,36,bounded
FAILED,,,88,4431,1203,0.2538117456622421,0.9317694715857506,1.2612652111276983,ks-test,18,bounded
FAILED,,,4877,2441,3468,0.8270290522500872,0.2630698664430529,7.959821228343993,t-test,28,bounded
FAILED,,,2840,3512,1585,0.2393507303372025,0.1378643464967608,6.203381018367597,ks-test,44,bounded
COMPLETED,0.91,303.0,2124,897,4317,0.679716570470482,0.5580472663361578,4.582413655781187,t-test,3,bounded
FAILED,,,2215,4282,1543,0.7559598078541457,0.0713512942269444,3.477394608281553,ks-test,15,bounded
FAILED,,,2749,1350,3807,0.3229016047567129,0.7493098427224903,6.973122098524124,t-test,31,bounded
FAILED,,,4463,2698,674,0.7351635639071464,0.8735406287461519,9.04532044025976,ks-test,41,bounded
FAILED,,,502,392,3407,0.1858223132155835,0.4460482333991676,0.4719853728050366,t-test,6,bounded
FAILED,,,1141,3242,4547,0.1026463717781007,0.3635706407502293,4.105063525295817,ks-test,49,bounded
FAILED,,,3901,1170,1971,0.5357027865946293,0.9404210807252676,5.101069622906857,t-test,7,bounded
ABANDONED,,,3428,4784,2584,0.4060793307572603,0.5657203939706086,8.422542191280051,ks-test,22,bounded
ABANDONED,,,1615,2086,163,0.9554188006035984,0.2393513354156166,2.348909444877878,t-test,33,bounded
ABANDONED,,,1694,3414,2283,0.6612128738295286,0.8975997836012393,0.4325644004298374,ks-test,31,bounded
ABANDONED,,,3348,949,4859,0.2285742698404938,0.2817651916965842,8.771586048542522,t-test,16,bounded
ABANDONED,,,3822,4994,475,0.8299172439519314,0.1575459012333303,7.090660258399323,ks-test,6,bounded
ABANDONED,,,1221,1905,2897,0.2801428017299622,0.5228990819752216,3.673011812498793,t-test,40,bounded
ABANDONED,,,581,4072,4120,0.4488406860809773,0.667504646481946,2.310136906187981,ks-test,8,bounded
ABANDONED,,,4383,1531,1855,0.8814810783509164,0.0285306960567832,8.149379946932195,t-test,48,bounded
ABANDONED,,,2670,2528,3719,0.0598746009264141,0.4032276501003652,5.217959349096754,ks-test,32,bounded
ABANDONED,,,2295,611,986,0.6096508239936083,0.7917354176342487,4.300108582143673,t-test,23,bounded
ABANDONED,,,2045,4563,3156,0.9505404809024184,0.3372019173894077,2.5928420732431112,ks-test,11,bounded
ABANDONED,,,2920,2338,890,0.377862811313942,0.9825106744617224,6.635413640961052,t-test,44,bounded
ABANDONED,,,4956,3604,4005,0.5562137765008957,0.6087884543407708,9.876185362995603,ks-test,35,bounded
ABANDONED,,,8,756,1272,0.1152911378201097,0.2119964123144745,0.912202300910838,t-test,20,bounded
ABANDONED,,,697,2956,151,0.1575942498799413,0.0993099052701145,4.464913639063948,ks-test,27,bounded
FAILED,,,4346,186,2728,0.7302739456910639,0.7058855538219213,6.0077256709923965,t-test,19,bounded
COMPLETED,0.91,6182.0,3569,3873,2094,0.3355576767493039,0.8310795782078056,7.999204057561234,ks-test,4,bounded
FAILED,,,1473,1727,4516,0.7764823342170565,0.4730358729735016,1.5350377460028977,t-test,43,bounded
FAILED,,,1303,3972,716,0.0207193493656814,0.5445561182815581,5.661950252139009,t-test,1,bounded
FAILED,,,3740,1670,3296,0.5865681801885366,0.1514197983071207,4.82220713689644,ks-test,42,bounded
FAILED,,,4213,3014,1410,0.4725325109362601,0.276681413019076,1.812449972528964,t-test,27,bounded
FAILED,,,829,86,3833,0.9202709015868604,0.9183363218307496,7.7298006649836895,ks-test,17,bounded
FAILED,,,189,3547,2551,0.8691942529045045,0.7666645028907805,6.289038659343497,t-test,38,bounded
FAILED,,,4776,854,285,0.303347440868616,0.4127638243958354,2.949516936732456,ks-test,21,bounded
FAILED,,,3061,4463,4651,0.637642806366086,0.0389721401575952,1.1902355457274243,t-test,11,bounded
FAILED,,,1902,2397,1915,0.189906441938132,0.641406635761261,9.6073839171296,ks-test,47,bounded
FAILED,,,2436,2744,4726,0.3743560138382017,0.22195907301642,8.504843839654697,t-test,34,bounded
FAILED,,,2527,359,2460,0.8001655411198734,0.5831692270189524,1.9625317332278935,ks-test,24,bounded
FAILED,,,4564,4325,3076,0.1345201199278235,0.9579356451798228,4.032537327620202,t-test,9,bounded
FAILED,,,401,1314,340,0.6911100761778652,0.346242206223309,5.4972035646801825,ks-test,50,bounded
COMPLETED,0.91,6170.0,1088,4741,1715,0.5175373306460678,0.4674580826256424,9.127649504029192,t-test,4,bounded
FAILED,,,3954,2121,4295,0.0917295842096209,0.8523101281076669,0.085577861812897,ks-test,39,bounded
FAILED,,,3178,3196,1159,0.9737365020886064,0.7280232473183423,3.4048195396848024,t-test,30,bounded
FAILED,,,1865,1203,3581,0.4171483341194689,0.0927031451538205,7.369302527271213,ks-test,14,bounded
FAILED,,,1811,2551,1064,0.8113558994177728,0.2923509279452264,9.422191621649079,ks-test,17,bounded
FAILED,,,3152,561,3641,0.3631844547968357,0.9025816237609832,1.0441160731827839,t-test,27,bounded
FAILED,,,3939,4131,1777,0.6955202510785311,0.528851862002164,3.115160938257352,ks-test,42,bounded
FAILED,,,1026,1518,4198,0.130091149488464,0.1671530834790319,6.415647832093761,t-test,1,bounded
FAILED,,,463,4929,2819,0.0805374469254165,0.0232785540781915,7.545237731609494,ks-test,47,bounded
FAILED,,,4579,1924,554,0.5287106723915785,0.6571359131019562,1.666921718932688,t-test,12,bounded
FAILED,,,2553,3385,4937,0.4127363727968186,0.7823376241214574,4.9872599194729705,ks-test,21,bounded
FAILED,,,2490,1004,2205,0.97816726266779,0.3969969541188329,5.787930062782952,t-test,37,bounded
FAILED,,,1928,3862,4437,0.582206547262147,0.973600646648556,7.203024470243604,ks-test,50,bounded
FAILED,,,3115,1789,2172,0.0250617108698934,0.3304844074752181,3.277623841382564,t-test,9,bounded
FAILED,,,4838,2904,2806,0.9090453297700732,0.2062574266605079,0.271366218634881,ks-test,24,bounded
FAILED,,,204,207,73,0.4837773578930646,0.5989075164031237,9.274393496287056,t-test,34,bounded
FAILED,,,814,3662,1350,0.3077070568669587,0.7123251477815211,5.3303342887042096,ks-test,13,bounded
FAILED,,,4151,730,3927,0.8648539120461792,0.108429321816191,3.904712267211639,t-test,30,bounded
FAILED,,,3686,4579,812,0.2011299893911927,0.4831338137798011,2.148949452156201,ks-test,40,bounded
COMPLETED,0.91,6214.0,1277,2271,3234,0.6263999874908476,0.8365482620429247,8.652179050860926,t-test,4,bounded
FAILED,,,1420,4521,1993,0.3890378167927265,0.1420222353003919,4.174033413604834,t-test,40,bounded
FAILED,,,3545,2371,4573,0.9393538144193588,0.5383261435609311,5.052849351783284,ks-test,7,bounded
FAILED,,,4331,3563,207,0.1197164238803088,0.913084901113063,8.29496541526541,t-test,16,bounded
FAILED,,,633,787,2629,0.5518001477271318,0.2663129101451486,2.494795197457075,ks-test,31,bounded
FAILED,,,72,3003,3754,0.7190969121307134,0.4187158831618726,3.54634542501159,t-test,24,bounded
FAILED,,,4971,148,1488,0.1687829407267272,0.7762714546304195,6.924920898979529,ks-test,32,bounded
FAILED,,,2944,3920,3374,0.7720550275109708,0.6519921415038405,8.91780087898206,t-test,47,bounded
FAILED,,,2098,1691,638,0.3399733224511146,0.043953259056434,0.6178139106472954,ks-test,8,bounded
FAILED,,,2319,3132,3503,0.2242279785797,0.5932678890861571,1.3876071769017724,t-test,20,bounded
FAILED,,,2723,1221,1237,0.6655703464932738,0.2274279873576015,7.812729123895987,ks-test,35,bounded
FAILED,,,4447,4713,4373,0.2689021224714815,0.3526820306889713,6.135607946137897,t-test,45,bounded
FAILED,,,596,2176,1637,0.841146738089621,0.9670557829868048,4.6318782729348165,ks-test,11,bounded
FAILED,,,1206,4348,418,0.8858255794718861,0.8465709119476377,0.7654010939160362,t-test,43,bounded
FAILED,,,3758,1264,2998,0.4444849998392164,0.45757642342709,9.69030164827872,ks-test,3,bounded
FAILED,,,3295,2804,2382,0.6208897205479443,0.0837923960797488,6.762704697158188,t-test,19,bounded
FAILED,,,1670,346,4804,0.0486468857750296,0.7213055068980903,2.759177345007658,ks-test,28,bounded
FAILED,,,1590,4177,2686,0.3194622340220957,0.3756496240850538,4.436222962808796,t-test,36,bounded
FAILED,,,3374,1484,106,0.759410363709554,0.8036282645352185,6.018107966669835,ks-test,20,bounded
FAILED,,,3838,2594,4492,0.1736611544694751,0.678362844614312,8.08650162152201,t-test,10,bounded
FAILED,,,1127,525,2069,0.7473135412503032,0.0018656116090714,1.426989968869835,ks-test,45,bounded
FAILED,,,516,3342,924,0.5391439474690705,0.1844850871320813,2.5641704685669398,t-test,2,bounded
FAILED,,,4526,1040,3191,0.0991940295007079,0.5113403907902538,6.645776865059511,ks-test,44,bounded
FAILED,,,2803,4884,1324,0.9675817420538516,0.8851282698195427,9.96342571221944,t-test,29,bounded
FAILED,,,2240,1957,4060,0.3939275744277984,0.30973914533481,0.804211738514714,ks-test,18,bounded
FAILED,,,2178,2871,1801,0.0457588334921747,0.8268913072180003,2.221632990358397,t-test,6,bounded
FAILED,,,2865,252,4067,0.5945585287790744,0.4927265838198363,8.256192913824691,ks-test,41,bounded
FAILED,,,4891,3827,950,0.4629888284634798,0.1179639745857566,5.247894371381961,t-test,31,bounded
FAILED,,,151,1832,3687,0.8966019117031246,0.7026119792200624,4.290923102545553,ks-test,15,bounded
FAILED,,,713,4614,4886,0.8148270902130753,0.6123361452650278,0.3440795561792329,t-test,33,bounded
FAILED,,,4252,2229,2305,0.2660253687035292,0.1926418350748717,8.878379943856038,ks-test,23,bounded
FAILED,,,3465,3694,2942,0.6763353727739304,0.3169325247909873,7.120538065947593,t-test,7,bounded
FAILED,,,1499,685,519,0.2427202707473188,0.987094887945801,3.663883547637612,ks-test,48,bounded
FAILED,,,1358,3443,4239,0.9907777632400392,0.0576881189402192,9.157541913255118,ks-test,9,bounded
FAILED,,,3607,900,1663,0.4332130972333252,0.6381930968351662,0.0764355912609025,t-test,49,bounded
FAILED,,,4071,4398,3546,0.5004675016142428,0.762416196225211,3.3163582369145006,ks-test,34,bounded
FAILED,,,893,2482,1125,0.0756324758902192,0.4323926257751882,7.476072285117582,t-test,25,bounded
FAILED,,,283,4042,2485,0.1505870245173573,0.2563521037157625,8.534755320459603,ks-test,29,bounded
FAILED,,,4760,1580,4750,0.7081496717371046,0.9228587448187172,1.95337039109692,t-test,14,bounded
FAILED,,,3036,3124,386,0.3582605711109936,0.5481655997019261,3.944018810112961,ks-test,5,bounded
FAILED,,,2006,35,3118,0.783093570612371,0.1321251377724111,5.604030537263491,t-test,39,bounded
FAILED,,,2411,4827,241,0.6527653053104877,0.7389413621556012,6.37630314603448,ks-test,26,bounded
FAILED,,,2631,2055,2506,0.2040524428449571,0.0660998512022197,2.841502832856029,t-test,17,bounded
COMPLETED,0.91,6.0,4658,3243,1893,0.8541040991656482,0.43981826611422,1.1615779467420653,ks-test,2,bounded
FAILED,,,385,1097,4625,0.2892300078421831,0.8641430583037436,9.617732539550401,t-test,41,bounded
FAILED,,,946,2692,3328,0.4866806533187627,0.9454022219311446,5.749233810408973,ks-test,13,bounded
FAILED,,,4018,469,752,0.9353917349390684,0.3741561241857707,4.714173961441033,t-test,46,bounded
FAILED,,,3233,4235,3886,0.006603581931442,0.2489582945909351,1.7837351588066668,ks-test,36,bounded
FAILED,,,1732,1385,1465,0.5714758849740028,0.5716724453009665,7.740206502141432,t-test,22,bounded
FAILED,,,1755,3623,3385,0.0704886615369468,0.1702972484454512,3.735372281216085,ks-test,19,bounded
FAILED,,,3204,769,652,0.5113524356614798,0.5256601086873561,7.035854481656105,t-test,27,bounded
FAILED,,,4001,4540,3785,0.4226632725279778,0.9004415710866451,8.792217939701862,ks-test,43,bounded
COMPLETED,0.91,292.0,959,2310,1521,0.9954038516823202,0.2945956749860197,0.4141472336286678,t-test,3,bounded
FAILED,,,368,3901,224,0.790095299148932,0.3924203854426741,4.358206552959048,ks-test,45,bounded
FAILED,,,4669,1750,2645,0.3492335438113659,0.7870188871640712,5.15887200287264,t-test,11,bounded
FAILED,,,2653,2943,2032,0.7166589656900614,0.6627165940701961,8.164528759134933,ks-test,20,bounded
FAILED,,,2386,168,4608,0.1439204127583652,0.0176502847615629,2.2862175888512284,t-test,35,bounded
FAILED,,,2028,4968,2346,0.2937560863960534,0.5962030659168958,0.8912676484351977,ks-test,48,bounded
FAILED,,,3011,1885,4767,0.8435932522919029,0.2089142887983471,9.894299768480472,t-test,8,bounded
FAILED,,,4743,3425,403,0.2149591931756585,0.3341910667195916,6.573360701454804,ks-test,24,bounded
FAILED,,,294,965,2979,0.6475386426169424,0.9699986817706376,2.647955379197374,t-test,32,bounded
FAILED,,,876,2512,4339,0.5648482510466128,0.8417168279141187,1.5183655914291738,ks-test,15,bounded
FAILED,,,4085,600,1607,0.0150128659959882,0.4780699422750622,8.021600032527,t-test,30,bounded
FAILED,,,3630,4093,3490,0.926281859299168,0.1042629647031426,5.951155810442754,ks-test,40,bounded
FAILED,,,1329,1557,1225,0.4937041981387883,0.7164439165461808,4.525529095553794,t-test,7,bounded
FAILED,,,1520,4309,4947,0.7398702077120543,0.2738599491044879,7.675977111807095,t-test,39,bounded
FAILED,,,3440,1303,2210,0.183221156399697,0.905524537416175,1.8758117363918567,ks-test,4,bounded
FAILED,,,4235,2765,2846,0.7514036175869405,0.531787023961544,4.802788674949669,t-test,13,bounded
FAILED,,,724,384,580,0.3256567544937133,0.1486393997911363,5.681599919731728,ks-test,30,bounded
FAILED,,,133,3171,1779,0.3995739068686962,0.0437491078302264,9.548077284996397,t-test,25,bounded
FAILED,,,4905,1182,4202,0.9562247464619577,0.6522743376214057,1.2480951590547336,ks-test,35,bounded
ABANDONED,,,2888,4752,1085,0.1093022194616496,0.7774835252165794,2.9258359768837687,t-test,50,bounded
ABANDONED,,,2149,2137,3665,0.5350508634001016,0.4174904878381639,6.30440675745532,ks-test,8,bounded
ABANDONED,,,2263,3042,790,0.9026965709999204,0.9609573314934968,5.514488393728622,t-test,21,bounded
ABANDONED,,,2774,109,3213,0.4550211494006216,0.3587671574447304,4.010754027129152,ks-test,38,bounded
ABANDONED,,,4508,3958,1346,0.6041404957063496,0.2345324546769261,2.0184936871975654,t-test,47,bounded
ABANDONED,,,530,1652,3926,0.0382327408418059,0.5862414666581898,8.443620476584881,ks-test,12,bounded
ABANDONED,,,1110,4482,2781,0.2386662537381052,0.7230496152192353,7.3920704352762545,t-test,42,bounded
COMPLETED,0.91,1.0,3849,2410,45,0.6863437015600502,0.0821263326499611,3.388538389729336,ks-test,1,bounded
ABANDONED,,,3395,3524,4431,0.2545856139995157,0.4568383309319615,0.1458023136844858,t-test,17,bounded
ABANDONED,,,1565,826,2164,0.8204953876510263,0.8472956797052174,9.07070771044027,ks-test,27,bounded
ABANDONED,,,1642,4653,357,0.5613753500450402,0.0079945196453481,8.716782720932738,t-test,37,bounded
ABANDONED,,,3317,2190,3093,0.1121665240433067,0.6723081744015216,2.0572662258874623,ks-test,22,bounded
ABANDONED,,,3772,3734,2477,0.9454722251351922,0.7965542537588625,3.815708970281296,t-test,13,bounded
ABANDONED,,,1188,646,4743,0.3810767276007682,0.3827065030559897,5.397598667538725,ks-test,46,bounded
COMPLETED,0.91,1.0,606,2832,3525,0.3285402171034366,0.3080254935566336,9.344442102157508,t-test,1,bounded
ABANDONED,,,4431,291,1103,0.7777470168825239,0.8868247897922992,0.185223286059685,ks-test,41,bounded
ABANDONED,,,2698,3788,4238,0.1647050570454448,0.5121089398283512,3.1929211855120956,t-test,26,bounded
ABANDONED,,,2340,1871,1659,0.729098535792902,0.1837907759174704,7.274532275401056,ks-test,18,bounded
ABANDONED,,,2073,3303,3889,0.8331638028714806,0.695095396803692,5.877255267106928,t-test,5,bounded
ABANDONED,,,2965,1079,1466,0.2751034112703055,0.1255547948256134,4.920288691666909,ks-test,38,bounded
ABANDONED,,,4981,4844,3352,0.6581204268019645,0.4992961599621921,1.602039201516658,t-test,29,bounded
ABANDONED,,,56,1996,773,0.233764232808724,0.8203045992702245,7.6365942825898525,ks-test,14,bounded
ABANDONED,,,647,4216,1898,0.0587313875202089,0.9873294957149774,6.499413671145216,t-test,34,bounded
ABANDONED,,,4313,1445,4634,0.6167899908404796,0.316680785216391,3.0427638462316247,ks-test,25,bounded
ABANDONED,,,3517,2633,268,0.4501380411218851,0.1914602210316806,0.9749710578648372,t-test,9,bounded
FAILED,,,1442,487,2534,0.8744924542699009,0.6135919971317053,9.509266603148545,ks-test,49,bounded
FAILED,,,1253,2731,1294,0.1410217367485165,0.4351275328043848,2.6873000280074777,ks-test,7,bounded
FAILED,,,3708,430,4027,0.6903003232516348,0.7597897906303405,6.847018769606948,t-test,48,bounded
FAILED,,,4161,4274,912,0.3677039732225239,0.6345168941337616,9.776837932170368,ks-test,33,bounded
FAILED,,,798,1346,3178,0.8008212713822722,0.0613205403611063,0.6957267677830533,t-test,23,bounded
FAILED,,,218,4788,4455,0.9690336653515697,0.1269870284441858,4.5642253106785935,ks-test,31,bounded
FAILED,,,4821,2094,2033,0.4197532980032265,0.5532599277496338,6.224241731225513,t-test,15,bounded
FAILED,,,3087,3204,2667,0.522089713845402,0.9270555584747344,7.9047866299021985,ks-test,6,bounded
FAILED,,,1950,1137,90,0.0889706274047493,0.2522637914940714,1.323396858146414,t-test,41,bounded
FAILED,,,2461,4003,2958,0.4732207946032285,0.861029349880293,0.5309987794114277,ks-test,28,bounded
FAILED,,,2576,1619,537,0.9136475775651632,0.4430404759719968,8.987148529826662,t-test,18,bounded
COMPLETED,0.91,84.0,4593,3085,4920,0.0199416739605367,0.0682703604195266,6.997120123373345,ks-test,2,bounded
FAILED,,,446,74,2344,0.5930980377197265,0.7367270716577768,3.4623245035912844,t-test,44,bounded
FAILED,,,1036,3482,964,0.6349158973395824,0.5762794705200939,2.403641282003373,ks-test,11,bounded
FAILED,,,3923,861,3697,0.1944870955906808,0.2443074880912899,8.360107782945036,t-test,46,bounded
FAILED,,,3128,4437,1833,0.871831740450114,0.3686058997604996,5.119565497220496,ks-test,36,bounded
FAILED,,,1833,2443,4098,0.2986733504682779,0.951060947790742,4.0845103416489446,t-test,19,bounded
FAILED,,,1837,3792,1580,0.9102168582435696,0.6814317660816013,1.4505970263499763,t-test,23,bounded
FAILED,,,3201,1801,4316,0.4766626990456134,0.0144375526066869,8.071059621041641,ks-test,33,bounded
FAILED,,,3968,2872,1181,0.5809455973077565,0.3881712571345269,6.077493269066327,t-test,49,bounded
FAILED,,,1071,258,3447,0.0320829329695552,0.8066485101860016,4.378442019744777,ks-test,7,bounded
FAILED,,,411,3688,4821,0.1979198355581611,0.8801114550121129,0.823556298092939,t-test,40,bounded
FAILED,,,4548,684,2399,0.6314719759691506,0.2991189047452062,9.943702142258177,ks-test,5,bounded
FAILED,,,2503,4645,3015,0.310827818961814,0.1739059082232415,6.699679088499398,t-test,15,bounded
FAILED,,,2458,2264,436,0.859688457077369,0.506366269795224,2.500887374967337,ks-test,32,bounded
FAILED,,,1878,2603,2612,0.7025127268414944,0.1151821316890418,4.230624748305417,t-test,44,bounded
COMPLETED,0.91,2226.0,3082,529,190,0.1287976758722216,0.6898395704459399,5.304762262602337,ks-test,3,bounded
FAILED,,,4786,4144,4556,0.804212970117107,0.8140780784226954,8.23350367608294,t-test,18,bounded
FAILED,,,173,1446,1976,0.3643239354919642,0.4899018054511398,2.237992810577154,ks-test,28,bounded
FAILED,,,843,4921,694,0.4075426771175116,0.3216586956195533,3.6078476912993938,t-test,20,bounded
FAILED,,,4196,1990,3430,0.9812559472415596,0.9979115475844592,7.181687526648865,ks-test,36,bounded
FAILED,,,3712,3339,1544,0.0855807188097387,0.6232033545114098,8.86117378507089,t-test,45,bounded
FAILED,,,1325,1031,3811,0.5254679651539773,0.1974164400603622,0.3659415269335731,ks-test,10,bounded
FAILED,,,1448,3281,12,0.2716573465652764,0.7499046924300492,7.461002143178135,ks-test,46,bounded
FAILED,,,3590,1130,2745,0.8365905924364924,0.4293841415103524,3.340356224514544,t-test,13,bounded
ABANDONED,,,4356,4823,2111,0.2216268961206078,0.0546064843200147,0.0182637180769816,ks-test,22,bounded
ABANDONED,,,681,2047,4376,0.6702770349122584,0.6256100748162716,9.216555357110687,t-test,37,bounded
ABANDONED,,,22,4243,3256,0.6202378419674933,0.5587254030890761,5.583477316367441,ks-test,17,bounded
ABANDONED,,,4938,1389,834,0.0553028078153729,0.1370815153773874,3.9625146471774206,t-test,26,bounded
ABANDONED,,,2892,2659,3949,0.8866315699443221,0.2613876136802136,1.8909360200110823,ks-test,42,bounded
COMPLETED,0.91,38.0,2067,431,1372,0.4379796503074467,0.9334993126969784,8.589487194834275,t-test,2,bounded
ABANDONED,,,2266,4392,4176,0.1243942767344415,0.4526511120907962,9.674381070363337,ks-test,14,bounded
ABANDONED,,,2692,2481,1755,0.549166392892599,0.866985338402912,1.1010411605155095,t-test,29,bounded
ABANDONED,,,4397,3473,3619,0.38445331145823,0.7417047515548765,2.8581010850612074,ks-test,38,bounded
ABANDONED,,,563,936,1042,0.9420768420211972,0.0788516910281032,6.353833268700169,t-test,5,bounded
ABANDONED,,,1231,3088,2266,0.7655212885551154,0.2380811977498233,7.80233811191097,ks-test,50,bounded
ABANDONED,,,3806,5,4998,0.3407471461743116,0.5668858372699469,1.7287005231156944,t-test,10,bounded
ABANDONED,,,3323,4043,615,0.7257239688634872,0.9406890059150756,4.735034711548128,ks-test,25,bounded
ABANDONED,,,1715,1586,2880,0.1680984195135533,0.36335030390881,5.731045502555557,t-test,33,bounded
ABANDONED,,,1638,2917,4686,0.4662027893643826,0.5162657467406243,6.470761100798846,ks-test,30,bounded
ABANDONED,,,3399,225,1954,0.8915337302926927,0.1640707350336015,3.0531079615019263,t-test,13,bounded
ABANDONED,,,3883,3834,2567,0.0426342643294483,0.2893398263212293,1.0622305159168317,ks-test,4,bounded
ABANDONED,,,1155,1766,302,0.5997201766800135,0.8900689302571116,9.401257006422616,t-test,39,bounded
ABANDONED,,,485,4602,1443,0.6751600372325629,0.7929750987570732,5.84854548202362,ks-test,9,bounded
ABANDONED,,,4474,2299,3863,0.2498311225268989,0.4020317502580583,4.930690021674149,t-test,50,bounded
ABANDONED,,,2770,3644,730,0.8160918472353368,0.0282323143240064,1.689317731147632,ks-test,34,bounded
ABANDONED,,,2190,717,3306,0.2590079536717385,0.6676945267803966,7.528565614284947,t-test,24,bounded
ABANDONED,,,2145,4111,1147,0.178851043080911,0.2190085526611655,9.255976292236706,ks-test,12,bounded
ABANDONED,,,2815,1492,3568,0.7442210496086628,0.6016678125597535,0.2919980725450441,t-test,47,bounded
ABANDONED,,,4860,2567,1685,0.3144227692056447,0.9764417370390148,3.2228181018885222,ks-test,38,bounded
ABANDONED,,,99,572,4261,0.7626568780150264,0.343314636092633,7.265384976210074,t-test,21,bounded
ABANDONED,,,758,3374,3057,0.9605930733587592,0.4723272796776145,8.628259696274995,ks-test,26,bounded
FAILED,,,4280,988,325,0.3952248551119119,0.8318319527842104,2.16409822710976,t-test,16,bounded
FAILED,,,3513,4954,4689,0.5462830697018654,0.7075373500417917,3.8456249582367015,ks-test,1,bounded
FAILED,,,1524,1945,2424,0.0980507417377084,0.0975496076159179,5.388432296768763,t-test,43,bounded
COMPLETED,0.91,298.0,1402,4702,3743,0.8547597848139703,0.916105860589072,2.433571871636436,t-test,3,bounded
FAILED,,,3636,2160,1007,0.2825778928697109,0.278837636437267,8.35092740648426,ks-test,43,bounded
FAILED,,,4118,3157,4123,0.6519555077701807,0.154595366006717,5.031066014043056,t-test,27,bounded
FAILED,,,919,1242,1857,0.2105539853088557,0.5413976823873818,4.191318205404096,ks-test,19,bounded
FAILED,,,251,2783,502,0.0038445507697761,0.6470187343340366,0.5608721543075516,t-test,36,bounded
FAILED,,,4709,320,2924,0.5760282235592604,0.0333771733902394,8.978025368102825,ks-test,21,bounded
FAILED,,,3005,4364,2288,0.489285542845726,0.4080968322809785,6.908639711774886,t-test,11,bounded
FAILED,,,1954,1275,4869,0.9306888535879552,0.7712572571821511,3.5691132957674565,ks-test,44,bounded
FAILED,,,2380,3587,2086,0.506997433502227,0.3498603455629199,4.651527977776714,t-test,32,bounded
FAILED,,,2579,815,4509,0.0748548450991511,0.9542432680167257,6.1161895214403055,ks-test,24,bounded
FAILED,,,4626,4503,123,0.9841545135751366,0.5804980976711958,7.876090850509704,t-test,8,bounded
FAILED,,,334,2357,2703,0.4339014255143702,0.2246473341695964,1.333783586475998,ks-test,48,bounded
FAILED,,,993,3933,4004,0.353586525324732,0.0885700943078845,2.774545480368659,t-test,6,bounded
FAILED,,,4044,1709,1268,0.7857311325147747,0.7321734299696981,6.739023774558679,ks-test,40,bounded
FAILED,,,3278,2975,3134,0.1551677227839827,0.8573901889454573,9.748161224356851,t-test,31,bounded
FAILED,,,1761,125,868,0.7054228370673955,0.4623037839643657,0.7060944245336577,ks-test,16,bounded
FAILED,,,1774,2988,1942,0.2603396262321621,0.0191342948749661,6.101465964474716,t-test,11,bounded
FAILED,,,3264,134,4678,0.8186438003014773,0.6612769006062299,4.675863014561124,ks-test,46,bounded
FAILED,,,4059,3944,311,0.2484978438597172,0.7864812847524881,1.3582717918790876,t-test,36,bounded
FAILED,,,978,1716,2578,0.6726105230692773,0.3928575169537216,7.861520462162794,ks-test,19,bounded
FAILED,,,348,4497,3855,0.5983869017306715,0.2960030678585171,6.72430021759309,t-test,28,bounded
FAILED,,,4612,2346,1432,0.0400847464483231,0.8989252603817731,2.798880517153069,ks-test,18,bounded
COMPLETED,0.91,11.0,2595,3578,3318,0.8928653991352766,0.525198171749711,0.7305826299367472,t-test,2,bounded
FAILED,,,2364,801,738,0.4687547461483627,0.1708100454304367,9.73359083600994,ks-test,44,bounded
FAILED,,,1970,4373,3559,0.0957430358696728,0.7159824554920196,8.33620384951867,t-test,31,bounded
FAILED,,,2989,1289,1136,0.5447081017103045,0.104776237571612,2.457906908420846,ks-test,15,bounded
FAILED,,,4723,2789,4273,0.3975313117858022,0.4794778110310435,4.215806410807184,t-test,6,bounded
FAILED,,,237,331,1693,0.962170361282304,0.8402009930927306,5.0164956256961455,ks-test,41,bounded
FAILED,,,934,3147,313,0.7649633384067565,0.9694606034755708,8.963301811137235,t-test,7,bounded
FAILED,,,4103,1235,3050,0.3160000534113496,0.3346277223471552,0.5852071910919621,ks-test,48,bounded
ABANDONED,,,3649,4689,2433,0.7419133400227874,0.2103978230282664,3.5936015011705456,t-test,33,bounded
ABANDONED,,,1389,2151,4699,0.17727607880719,0.5947628965694456,6.894069323427976,ks-test,23,bounded
ABANDONED,,,1540,4943,999,0.93203592915833,0.4150626762285828,0.3067210335237905,ks-test,34,bounded
ABANDONED,,,3497,1939,3731,0.491852668415755,0.7799288850296288,9.231640659465455,t-test,25,bounded
ABANDONED,,,4294,3361,1867,0.5746798987947404,0.6556447498649359,7.240897366793826,ks-test,9,bounded
ABANDONED,,,745,980,4132,0.001279745131731,0.0402973789963871,3.237389086222276,t-test,49,bounded
ABANDONED,,,114,2576,2914,0.2092056568264961,0.1461654274836182,2.1788211880885062,ks-test,5,bounded
ABANDONED,,,4844,585,493,0.6493907058499753,0.5341862230766564,8.603924063503742,t-test,39,bounded
ABANDONED,,,2828,4117,4876,0.2839249721579253,0.9089401585906745,5.363944687352516,ks-test,29,bounded
ABANDONED,,,2132,1503,2300,0.8573269066661596,0.2704534292016178,3.860195942570456,t-test,14,bounded
ABANDONED,,,2203,3637,4498,0.7030997207537293,0.8507117767632008,3.0678309224806726,ks-test,1,bounded
ABANDONED,,,2757,706,2077,0.1535775897242128,0.4534322869125753,6.446425468027592,t-test,41,bounded
ABANDONED,,,4489,4593,2711,0.7880526427216827,0.0796528362259268,9.37676939700637,ks-test,26,bounded
ABANDONED,,,470,2286,135,0.3551790972873568,0.7254492902178317,1.0768015002505853,t-test,18,bounded
ABANDONED,,,1169,3848,1260,0.4362229320034384,0.5896114030182361,4.945412982652896,ks-test,37,bounded
ABANDONED,,,3870,1774,3992,0.9857470892556012,0.2310802499596029,5.824209849252366,t-test,22,bounded
ABANDONED,,,3415,2928,879,0.0725317325033247,0.3563388699516654,7.504078004868701,ks-test,13,bounded
ABANDONED,,,1622,231,3143,0.5054072967246174,0.9634022154230624,1.7038887154813855,t-test,46,bounded
ABANDONED,,,1702,4057,4305,0.8622404733467846,0.1803409506175666,1.115612144849263,ks-test,42,bounded
ABANDONED,,,3336,1594,1572,0.3121595472898334,0.5154812556058168,9.649893460947089,t-test,1,bounded
ABANDONED,,,3790,3100,3456,0.6289225175734608,0.8892720531392841,6.329497635928915,ks-test,17,bounded
ABANDONED,,,1247,10,1191,0.1965866200942546,0.305599585480988,2.8728240460399537,t-test,27,bounded
ABANDONED,,,550,3467,2390,0.0295334782917052,0.3793018866870552,1.743271507449448,ks-test,21,bounded
ABANDONED,,,4410,925,4811,0.5796123781260102,0.7999717784672975,7.777850502494723,t-test,37,bounded
ABANDONED,,,2676,4383,447,0.4792147115971893,0.6747092770505696,5.706709869784303,ks-test,47,bounded
ABANDONED,,,2283,2467,3023,0.9115485902894288,0.0055224508717656,4.749757672526874,t-test,12,bounded
ABANDONED,,,2051,2668,180,0.5238929413948207,0.6159935756642371,3.3549272088482978,ks-test,25,bounded
ABANDONED,,,2908,444,2602,0.0832729497384279,0.188988628141582,7.43651453376189,t-test,35,bounded
ABANDONED,,,4925,4249,1987,0.982833171961829,0.3132766447309404,9.192219724339433,ks-test,50,bounded
ABANDONED,,,36,1400,4564,0.4098490780238062,0.990747496306896,0.032986679055728,t-test,8,bounded
FAILED,,,665,4812,3419,0.3659011639300733,0.8227513867337257,3.9770856315111742,ks-test,39,bounded
COMPLETED,0.91,6080.0,4372,2041,686,0.806519367305562,0.4968697760030627,5.558989706951194,t-test,4,bounded
FAILED,,,3577,3267,3820,0.1272226483952254,0.1221044936422258,8.565151562063024,ks-test,13,bounded
FAILED,,,1462,1122,1555,0.7002049614880232,0.6984672366976737,1.9056589809898288,t-test,30,bounded
FAILED,,,1309,3328,2737,0.4405467126742005,0.2526990194711833,5.290191874255427,t-test,15,bounded
FAILED,,,3728,1025,1,0.887978589747101,0.9265160525292157,4.255112953708507,ks-test,30,bounded
FAILED,,,4182,4908,4387,0.0527379464097321,0.551818330751732,2.2623278473615644,t-test,40,bounded
FAILED,,,856,1981,2121,0.6188894539996981,0.1284691350236535,8.21878011911735,ks-test,7,bounded
FAILED,,,157,4152,824,0.6677121697887777,0.0618314338121563,7.167117138301953,t-test,48,bounded
FAILED,,,4802,1460,3247,0.2202785118706524,0.6340530536621808,3.6323358967024832,ks-test,8,bounded
FAILED,,,3069,2609,1380,0.8391576585210859,0.7582715763915329,0.3902765637179836,t-test,24,bounded
FAILED,,,1891,541,3960,0.2730043626502156,0.4365330221429467,8.846450228105299,ks-test,32,bounded
FAILED,,,2444,4639,1745,0.1665083422213792,0.9495432094354181,8.05648923269473,t-test,45,bounded
FAILED,,,2516,2253,4167,0.7234009157530963,0.3700118649825454,1.475085231753066,ks-test,11,bounded
FAILED,,,4532,3680,1051,0.3423397813402116,0.2448188574258238,4.402777056529187,t-test,20,bounded
FAILED,,,427,670,3630,0.7678428545296192,0.5758161059319972,6.062769712100738,ks-test,35,bounded
FAILED,,,1057,2885,4990,0.9436694734692572,0.7352849987763911,9.929131753911264,t-test,19,bounded
FAILED,,,3981,266,2254,0.3867748811505735,0.0697519911155104,0.8480445034960284,ks-test,28,bounded
FAILED,,,3185,3803,2890,0.5475763193182646,0.4434752280656248,2.525222411751747,t-test,43,bounded
COMPLETED,0.91,765.0,1852,1807,624,0.1220712199062109,0.8604893680512905,6.6849555315338085,ks-test,3,bounded
FAILED,,,1819,4445,3102,0.7277673391159623,0.5048994491137563,9.011484162597917,ks-test,6,bounded
FAILED,,,3141,2456,369,0.1621535798627883,0.175362794836983,0.5162758184326813,t-test,40,bounded
FAILED,,,3907,3488,4733,0.7790807714331895,0.2996431210748851,3.447753519257531,ks-test,31,bounded
FAILED,,,1052,873,2468,0.3310902071502059,0.8796609411370008,7.021607732789592,t-test,16,bounded
FAILED,,,432,3074,1113,0.3824104784335941,0.805227850202471,8.38444341571629,ks-test,32,bounded
FAILED,,,4606,68,3534,0.9480222188998014,0.3896743044462054,2.3889183210246263,t-test,23,bounded
FAILED,,,2559,3990,1650,0.1108353310842067,0.0149165600053966,4.069939357315191,ks-test,8,bounded
FAILED,,,2478,1610,4227,0.5588238691445438,0.6809360432755202,5.144053106636741,t-test,48,bounded
FAILED,,,1934,3217,1476,0.8768006360214203,0.1978949715755879,6.871354402378201,ks-test,35,bounded
FAILED,,,3103,1145,3898,0.4517134849969297,0.6227071558218448,2.672577067028731,t-test,21,bounded
FAILED,,,4807,4799,764,0.6144840100500732,0.9964904117174446,0.6811557834492997,ks-test,11,bounded
FAILED,,,231,2100,3341,0.0571545754801481,0.3231612670477479,9.801325541586618,t-test,44,bounded
COMPLETED,0.91,298.0,782,4268,4642,0.2314582483004778,0.4904264976643025,6.248577363996767,ks-test,3,bounded
FAILED,,,4177,1335,1909,0.6565436184797436,0.8136280404310674,4.549502349699848,t-test,43,bounded
FAILED,,,3694,2723,2523,0.2774115967396647,0.6883732256479561,1.3088258738126604,ks-test,27,bounded
FAILED,,,1266,416,258,0.8347392430286854,0.1166394941862672,7.929274239318446,t-test,19,bounded
FAILED,,,1426,2627,4038,0.0876240277178585,0.9359099311567844,4.895953654882498,t-test,26,bounded
FAILED,,,3533,476,1302,0.5195230641588569,0.2589250644352287,5.891978824072518,ks-test,16,bounded
COMPLETED,0.91,1.0,4300,4207,3169,0.4211020986512303,0.1337244854979217,7.6511646709367644,t-test,1,bounded
FAILED,,,661,1432,902,0.9715989468730984,0.5621905180048197,1.5775509961135683,ks-test,43,bounded
FAILED,,,40,4858,2043,0.8021700757481158,0.6280973105169833,3.0184288094472143,t-test,12,bounded
FAILED,,,4997,2004,4465,0.3702692510262131,0.0522205523159354,6.514137228110806,ks-test,47,bounded
FAILED,,,2952,3315,79,0.6889537198469042,0.4259514461569487,9.523836991495452,t-test,38,bounded
FAILED,,,2086,1085,2659,0.1384550907798111,0.7532941418718546,0.950482852461748,ks-test,21,bounded
FAILED,,,2327,3777,546,0.3009969426654279,0.3599171326719224,2.032931189103052,t-test,9,bounded
FAILED,,,2711,1865,2968,0.8734223493933677,0.9440779794733972,8.731506277898326,ks-test,50,bounded
FAILED,,,4415,2818,2333,0.1921660612672567,0.5693725970871746,5.412169055885636,t-test,34,bounded
FAILED,,,622,282,4912,0.6333238012604415,0.2356947898622602,3.7912207648782066,ks-test,24,bounded
FAILED,,,1175,3742,3709,0.590777007114142,0.0754951370321214,0.1608882492752745,t-test,30,bounded
FAILED,,,3786,659,973,0.018349574163556,0.745170342354104,9.3591656591231,ks-test,14,bounded
COMPLETED,0.91,6051.0,3301,4660,4089,0.9159711660444736,0.8693964327462017,7.289102663747967,t-test,4,bounded
FAILED,,,1657,2200,1823,0.474811407264322,0.4501890387292951,3.168432980109006,ks-test,39,bounded
FAILED,,,1578,3533,660,0.1413688723724335,0.6711615452300757,3.986265821726061,t-test,50,bounded
FAILED,,,3382,839,3396,0.7153277132455259,0.0248771879784762,5.529058782075532,ks-test,10,bounded
FAILED,,,3864,4488,1510,0.3517834780905395,0.3995711045470088,8.458344033550471,t-test,25,bounded
FAILED,,,1094,2421,3776,0.7914289904963225,0.7953876207508147,1.994158650413156,ks-test,33,bounded
FAILED,,,544,3947,2656,0.997953782243654,0.8934602832328528,3.3640501843262465,t-test,14,bounded
FAILED,,,4495,1646,233,0.4239969675932079,0.2859090345017611,7.4066408236231664,ks-test,29,bounded
FAILED,,,2790,3029,4600,0.5088008989933878,0.1616867065634578,9.085431267405859,t-test,38,bounded
FAILED,,,2247,101,2020,0.0691574053745716,0.5187548859752714,0.1214672769000753,ks-test,5,bounded
FAILED,,,2165,4766,4778,0.4952796977814287,0.0951651032622903,1.851323530988768,t-test,17,bounded
FAILED,,,2872,2146,2355,0.9285901042539626,0.710026013392955,7.690547500154003,ks-test,26,bounded
FAILED,,,4919,3182,2972,0.0134361171592026,0.8352228298764675,5.696323476697319,t-test,42,bounded
COMPLETED,0.91,12.0,120,1188,391,0.562542326023802,0.4688960119746625,4.778453638165257,ks-test,2,bounded
FAILED,,,739,2758,1615,0.6459618900623173,0.3408544662650674,1.2236069536516443,t-test,46,bounded
FAILED,,,4219,374,4351,0.2126532718706876,0.97885473491624,9.562647673343308,ks-test,12,bounded
FAILED,,,3453,4300,1215,0.8451687556523829,0.6051353068929166,6.319130314420909,t-test,22,bounded
FAILED,,,1507,1290,3481,0.2960643276330083,0.2156539021991193,2.9015009400993588,ks-test,37,bounded
FAILED,,,1345,4087,2222,0.5324842769168316,0.7708048397731035,9.918787377896718,ks-test,20,bounded
FAILED,,,3614,1545,4954,0.1079556755423545,0.4086191450767219,0.8766966641014442,t-test,36,bounded
FAILED,,,4098,2504,571,0.9587900837510824,0.0348321564700454,2.633232418218628,ks-test,45,bounded
FAILED,,,862,587,2836,0.4009227707199752,0.6455500101186336,6.5976963342260575,t-test,10,bounded
FAILED,,,309,3438,4210,0.3282220955006778,0.540900056047365,8.046087641943245,ks-test,44,bounded
COMPLETED,0.91,322.0,4728,974,1789,0.7527524777203797,0.1550724698714912,1.5037946070954202,t-test,3,bounded
FAILED,,,3024,4979,3653,0.1806545661985874,0.28033878021501,4.510806134575048,ks-test,18,bounded
FAILED,,,2014,1891,1077,0.738523667510599,0.9146832970716058,5.975491443214008,t-test,28,bounded
FAILED,,,2399,2932,3221,0.8220859408266841,0.4638044518586247,7.060342091072352,ks-test,40,bounded
FAILED,,,2639,161,801,0.2569091429933905,0.8559671495445073,3.7208012968823314,t-test,5,bounded
FAILED,,,4684,3888,3914,0.6847515422776341,0.7316753277461975,0.3994242726499214,ks-test,15,bounded
FAILED,,,353,1741,1338,0.2363451636470854,0.0890467222891747,8.816553572473117,t-test,32,bounded
FAILED,,,973,4549,57,0.0366405852772295,0.2261027931328862,5.183359612288886,ks-test,23,bounded
FAILED,,,3987,2324,2789,0.60181940189749,0.5790298493392765,4.343635568625294,t-test,33,bounded
FAILED,,,3220,3629,2155,0.4566116988584399,0.953791326491162,2.271494627872482,ks-test,49,bounded
FAILED,,,1739,780,4420,0.9050201037116348,0.3503831342421472,8.188864391906186,t-test,7,bounded
COMPLETED,0.91,6128.0,1729,4229,118,0.3923373186793178,0.8764549094587564,2.817167200084776,ks-test,4,bounded
FAILED,,,3236,1374,2693,0.965258748428896,0.3027711078617721,6.391026107013226,t-test,39,bounded
FAILED,,,4012,2684,2060,0.1007864862103015,0.1775628069713711,9.632303523884154,ks-test,30,bounded
FAILED,,,952,455,4481,0.5414655729290097,0.5027127617169171,1.1370903373258188,t-test,14,bounded
FAILED,,,381,3256,3199,0.7489059942420571,0.6855725714117288,4.689838328669779,ks-test,34,bounded
FAILED,,,4662,1106,935,0.1759827836472541,0.0102933566067367,5.763956771387719,t-test,24,bounded
FAILED,,,2625,4838,4049,0.7578201116789132,0.3840317567661404,7.754777486475185,ks-test,9,bounded
FAILED,,,2417,2062,1316,0.3171392366793006,0.8107923529911785,1.7592475493904203,t-test,50,bounded
FAILED,,,2000,3113,4076,0.2452875115703791,0.3258019472882151,0.052099958489649,ks-test,38,bounded
FAILED,,,3042,29,1811,0.6776823330912739,0.99377168658562,9.172264874233864,t-test,21,bounded
FAILED,,,4756,4029,3675,0.2634606857541948,0.6190585525035857,7.4906432694513345,ks-test,12,bounded
FAILED,,,287,1571,943,0.8134786427598446,0.2015568996313959,3.291870627498254,t-test,47,bounded
FAILED,,,887,4406,2317,0.8940372250359505,0.1115289842411875,1.929034758325666,ks-test,1,bounded
FAILED,,,4076,2495,4893,0.4616403847280889,0.6934970603305846,8.54947828143835,t-test,42,bounded
FAILED,,,3604,3449,510,0.5971257733199745,0.8177306272983551,5.6186015215972445,ks-test,27,bounded
FAILED,,,1361,912,2931,0.0471057900916784,0.4862458659056574,3.9195312006967136,t-test,16,bounded
FAILED,,,1493,3703,1671,0.7815187253095209,0.5545854194015265,8.280527950609102,t-test,27,bounded
FAILED,,,3471,698,4251,0.3559527425542473,0.1412248897347599,2.206909433392808,ks-test,19,bounded
COMPLETED,0.91,318.0,4248,4621,1115,0.7097270749136805,0.2655279505625366,4.276352714198642,t-test,3,bounded
FAILED,,,717,2239,3537,0.1528933659382164,0.9293546333778648,5.272382576785051,ks-test,43,bounded
FAILED,,,145,3816,4760,0.0772098827846348,0.7535620596259832,8.902714980640448,t-test,11,bounded
FAILED,,,4897,1826,2494,0.502773839317262,0.4257311167512088,0.3293559992136433,ks-test,45,bounded
FAILED,,,2862,2857,3111,0.4316382482126355,0.0509504220858216,3.649313159290701,t-test,35,bounded
FAILED,,,2181,243,374,0.9884699384011328,0.629262746380642,7.145026271350682,ks-test,21,bounded
FAILED,,,2237,4897,2517,0.574027722787112,0.2417332781776785,6.042443003454246,t-test,8,bounded
FAILED,,,2806,1965,250,0.0079353697448968,0.563229414405301,4.421499405843206,ks-test,48,bounded
FAILED,,,4520,3354,4617,0.9328420980870724,0.937035375148058,1.4124195805229247,t-test,32,bounded
FAILED,,,522,1046,1881,0.4853474973402917,0.3670073253456503,8.110989826925099,ks-test,23,bounded
FAILED,,,1123,2588,760,0.2866803747080266,0.4485067934021353,6.670111901843921,t-test,31,bounded
FAILED,,,3842,515,3340,0.8527709394693374,0.8711262664217501,2.5494469116013496,ks-test,16,bounded
FAILED,,,3368,4168,1454,0.2066042769402265,0.7458484716713428,0.7896413501678033,t-test,6,bounded
FAILED,,,1596,1471,3877,0.6540970968417822,0.0747123133484274,9.987913917622528,ks-test,40,bounded
FAILED,,,1674,2797,3652,0.9758443248104304,0.7893186758924275,7.8372173292990785,t-test,49,bounded
FAILED,,,3291,335,1073,0.4111461802516132,0.4056838306859135,1.373036788554862,ks-test,7,bounded
FAILED,,,3764,4340,4189,0.531032361054793,0.0318893357608467,4.617154715969228,t-test,23,bounded
FAILED,,,1200,1251,1767,0.0821299594026058,0.6640408960133791,6.159942982922309,ks-test,33,bounded
FAILED,,,600,4727,563,0.1324128344338387,0.5204066747594625,9.714789853681808,t-test,15,bounded
FAILED,,,4444,2184,2829,0.6971127672735601,0.1599264163449406,0.7508307055691257,ks-test,31,bounded
FAILED,,,2729,3143,2193,0.3608615206573158,0.2852004486415535,2.7444537880420685,t-test,41,bounded
FAILED,,,2313,1227,4929,0.8097657031547278,0.8942126503735781,6.787039733942599,ks-test,5,bounded
FAILED,,,2104,3908,2182,0.627746884604916,0.4764706540349871,5.077337557186373,t-test,18,bounded
FAILED,,,2938,1685,4448,0.2036971744466573,0.8276919690966607,4.159463025257923,ks-test,28,bounded
FAILED,,,4974,2989,62,0.8635054088253526,0.7033926707226783,2.4800716404914858,t-test,44,bounded
COMPLETED,0.91,3372.0,69,140,2798,0.3051423107143491,0.1016899444982409,8.31930045204982,ks-test,3,bounded
FAILED,,,639,3572,3938,0.4824288509543985,0.215355527902022,6.94940910438262,t-test,45,bounded
FAILED,,,4325,800,1358,0.9064805873353033,0.6053251797556876,3.53177503666468,ks-test,10,bounded
FAILED,,,3549,4527,3225,0.0264086117018014,0.980094408603385,0.6030903536817059,t-test,20,bounded
FAILED,,,1416,2382,802,0.5847737285997718,0.3396585738584399,8.94213591576647,ks-test,36,bounded
FAILED,,,1284,4587,4581,0.3376654381267726,0.6428788733351976,3.253136231966317,ks-test,22,bounded
FAILED,,,3680,2285,2004,0.7704801190048455,0.0375204250589013,7.217595454577356,t-test,37,bounded
FAILED,,,4154,3668,2619,0.1710892189443111,0.4122372918520122,9.289116457265802,ks-test,46,bounded
FAILED,,,811,741,197,0.7206742595396936,0.7671124551743269,0.2470305858636274,t-test,12,bounded
FAILED,,,210,2893,1498,0.5541064296625554,0.9197633504737168,3.880224657795392,ks-test,42,bounded
COMPLETED,0.91,215.0,4832,200,3764,0.1212937675714492,0.2751844889894127,5.344905273037964,t-test,2,bounded
FAILED,,,3119,3849,630,0.9370459263771772,0.1509394264612346,8.666902011839673,ks-test,17,bounded
FAILED,,,1924,1781,3363,0.3874629120044409,0.5450502312630415,2.1246138193849475,t-test,26,bounded
FAILED,,,2494,3399,1247,0.0499787367917597,0.0922222974244505,1.0196284637665376,ks-test,38,bounded
COMPLETED,0.91,6195.0,2549,1013,3512,0.6234416141286491,0.7285168844163417,9.436762605982832,t-test,4,bounded
FAILED,,,4585,4940,1628,0.4431518996283411,0.8537366808671503,6.430370793072507,ks-test,14,bounded
FAILED,,,457,1930,4361,0.8832760058231651,0.4659606827124952,3.0908253054860975,t-test,29,bounded
FAILED,,,1030,4126,3006,0.8398136415965854,0.3457161495629698,1.6424341095164419,ks-test,25,bounded
FAILED,,,3935,1506,430,0.2663525451049208,0.9583840733468532,7.559808715943248,t-test,34,bounded
FAILED,,,3159,2543,4794,0.6669021937921643,0.5846419404763727,5.802653023761698,ks-test,50,bounded
FAILED,,,1805,547,2372,0.2267798758782446,0.2205078338012099,4.962924286701717,t-test,10,bounded
FAILED,,,1869,3186,4851,0.6112415556255728,0.3965641687624156,1.9772552901934832,t-test,13,bounded
FAILED,,,3174,1196,2272,0.0621980704348534,0.7828793273102492,8.480508802870288,ks-test,47,bounded
ABANDONED,,,3960,4728,2907,0.8798890975248068,0.6585724575556815,5.4727153592770925,t-test,37,bounded
ABANDONED,,,1082,2113,485,0.4465195365045219,0.0217911495771259,4.047107715967112,ks-test,22,bounded
ABANDONED,,,405,4333,1845,0.2785508246216922,0.1666436808817088,0.1003014187784865,t-test,26,bounded
ABANDONED,,,4560,1328,4111,0.8275960906576365,0.5293169479500502,9.10331446724478,ks-test,17,bounded
COMPLETED,0.91,1.0,2534,2750,995,0.2301649977546185,0.9040938336886464,7.344814321868122,t-test,1,bounded
ABANDONED,,,2430,370,3731,0.6635363470558076,0.2909391889180988,3.4193899280317126,ks-test,41,bounded
ABANDONED,,,1909,4458,880,0.7739155692774802,0.8380609478540718,4.836930693862029,t-test,29,bounded
ABANDONED,,,3055,2385,3146,0.3342111923154443,0.4817225506361573,5.637615215354599,ks-test,14,bounded
ABANDONED,,,4779,3539,1280,0.7328391045238822,0.1079203951023519,7.705312459580601,t-test,5,bounded
ABANDONED,,,186,840,4016,0.1589431732166558,0.712790709612891,1.8270203608758748,ks-test,39,bounded
ABANDONED,,,835,3027,2720,0.1178563003707677,0.600343584973365,2.9642404936980458,t-test,9,bounded
ABANDONED,,,4207,95,140,0.5575626961197703,0.2047695462759584,6.264703622559086,ks-test,49,bounded
ABANDONED,,,3744,3983,4526,0.3752960426565259,0.330051146235317,9.58289571172651,t-test,34,bounded
ABANDONED,,,1299,1676,2104,0.9491940001863985,0.974141873953864,1.2048059340743347,ks-test,25,bounded
ABANDONED,,,1479,3887,3284,0.1914817631244659,0.0474018388800322,6.620690679982305,ks-test,33,bounded
ABANDONED,,,3563,1735,708,0.6399511108063161,0.648618334872648,2.6171777060143646,t-test,23,bounded
ABANDONED,,,4349,2967,3842,0.301770513575524,0.7738304409720003,0.9366899103270844,ks-test,7,bounded
ABANDONED,,,694,192,1420,0.8668883873671293,0.4211477955486625,9.86161437866185,t-test,48,bounded
ABANDONED,,,14,3598,275,0.9186939705759288,0.2697153292708098,5.993002710013651,ks-test,6,bounded
ABANDONED,,,4950,745,2540,0.4702266491167247,0.9096649337839336,4.4892492718352015,t-test,41,bounded
ABANDONED,,,2924,4555,1926,0.5881435050927102,0.535930338833481,1.559525355419144,ks-test,31,bounded
ABANDONED,,,2041,2325,4659,0.0230276500880718,0.144499356618151,7.98463307322748,t-test,15,bounded
COMPLETED,0.91,12.0,2299,2537,2451,0.4145969721898436,0.718910178054124,8.756863087563776,ks-test,2,bounded
ABANDONED,,,2666,624,4716,0.9724051901586352,0.0862699932809919,0.456900033201091,t-test,44,bounded
ABANDONED,,,4389,4078,352,0.094279696945101,0.4609793184362351,3.69749942191504,ks-test,28,bounded
ABANDONED,,,575,1542,3084,0.5188709625080227,0.843151420501992,7.07608927406557,t-test,18,bounded
ABANDONED,,,1225,4982,4283,0.6936601851955057,0.9646142934449016,8.13465698595345,ks-test,36,bounded
ABANDONED,,,3819,1900,1707,0.1358537555076181,0.3551134671922773,2.334472538959235,t-test,20,bounded
ABANDONED,,,3354,3400,3590,0.7976141829080879,0.2308760912977159,4.32459619155992,ks-test,10,bounded
ABANDONED,,,1688,941,1169,0.373024698190391,0.5898936065714805,5.203388364763,t-test,46,bounded
ABANDONED,,,1612,4773,1394,0.0122930822093039,0.3121691541876643,6.95855111419037,ks-test,43,bounded
COMPLETED,0.91,311.0,3431,2080,3971,0.5696816713269799,0.882685352627188,3.5018822176977995,t-test,3,bounded
ABANDONED,,,3895,3228,857,0.4965767553951591,0.5079646806251257,0.4963210055762902,ks-test,19,bounded
ABANDONED,,,1147,1161,3278,0.9216011827457696,0.1879317634217441,9.030597479281017,t-test,28,bounded
ABANDONED,,,498,2707,4403,0.8484150171447545,0.0043408293928951,5.086498638573104,ks-test,20,bounded
ABANDONED,,,4467,405,2138,0.2910246397461742,0.6759651363529265,4.129551134712063,t-test,35,bounded
ABANDONED,,,2743,4289,2772,0.6428696214910596,0.8002063936721534,2.3732450776491314,ks-test,45,bounded
ABANDONED,,,2221,1360,40,0.2178434132952243,0.3790501396767795,8.407819230301305,t-test,11,bounded
ABANDONED,,,2118,3506,2853,0.3447663158718496,0.9836734929662196,9.822803696813992,ks-test,24,bounded
ABANDONED,,,2846,886,588,0.7926939705889671,0.3203335162661969,0.6635658091371879,t-test,32,bounded
ABANDONED,,,4873,4422,4971,0.1484795010816305,0.1951175287421792,2.7341055753622205,ks-test,47,bounded
ABANDONED,,,92,2428,2239,0.7141521248910576,0.6099389128871262,6.815697593672201,t-test,8,bounded
ABANDONED,,,770,4018,1021,0.5139622940812258,0.6992357931714503,7.945250244010242,ks-test,40,bounded
ABANDONED,,,4272,1633,3597,0.0660326131414622,0.1214101749919354,1.2857528205439448,t-test,6,bounded
ABANDONED,,,3487,3061,1733,0.9928858239036052,0.4951561167892068,4.60674928855244,ks-test,16,bounded
ABANDONED,,,1556,49,4154,0.4272111813072115,0.8244479141421615,6.188658057388849,t-test,30,bounded
ABANDONED,,,1375,2846,452,0.682024930678308,0.130639636805281,1.6320516275931147,t-test,13,bounded
ABANDONED,,,3667,306,3033,0.2409261147268116,0.5496040476895869,7.5884990569558,ks-test,29,bounded
ABANDONED,,,4131,3763,2416,0.8247232499159872,0.9234023515414446,5.91070113613736,t-test,39,bounded
ABANDONED,,,912,1847,4839,0.2522348741367459,0.2559212218932807,4.87562690898683,ks-test,4,bounded
ABANDONED,,,262,4678,3459,0.4572998040691018,0.4309827902819961,1.00926505342219,t-test,50,bounded
ABANDONED,,,4701,2214,1193,0.8983966012336314,0.7639303096868097,9.465433875416403,ks-test,9,bounded
ABANDONED,,,2979,3719,4329,0.0358632072992622,0.6386600863169878,6.538361690711231,t-test,24,bounded
ABANDONED,,,1986,631,1593,0.6083495568558573,0.0571806198768317,3.003585142508149,ks-test,35,bounded
ABANDONED,,,2354,4191,3798,0.954087425470352,0.572139910666272,3.773411504657008,t-test,47,bounded
ABANDONED,,,2611,1421,1532,0.4035279130600392,0.2484512714110314,5.433408853624948,ks-test,12,bounded
ABANDONED,,,4637,2648,3418,0.5370363626889884,0.3727467645760625,8.676087826680392,t-test,21,bounded
ABANDONED,,,327,501,682,0.1051964213103055,0.9469168112762272,2.094678983345628,ks-test,37,bounded
ABANDONED,,,1006,3289,1959,0.1871558855921029,0.8646861891429871,3.146342150406912,t-test,17,bounded
ABANDONED,,,4037,1064,4539,0.737713617157191,0.4393869084082543,7.306079963585361,ks-test,27,bounded
ABANDONED,,,3250,4869,172,0.3215702333413064,0.0646138743516057,9.298245057369583,t-test,42,bounded
ABANDONED,,,1792,2020,2595,0.753408386439085,0.7403793342597783,0.2171529645612463,ks-test,1,bounded
FAILED,,,1797,3294,470,0.9468435781989246,0.6029709441941231,4.866094378800132,ks-test,41,bounded
FAILED,,,3246,1069,2892,0.3816667952369898,0.2176312426887452,5.901163763557562,t-test,5,bounded
FAILED,,,4042,4874,2276,0.5600244079213589,0.3428966458793729,7.578514284502717,ks-test,15,bounded
FAILED,,,1000,2025,4856,0.111618044162169,0.976754973400384,1.6220524769574403,t-test,31,bounded
FAILED,,,332,4187,3716,0.1614134657923132,0.8328762038033455,2.9934327860046177,ks-test,22,bounded
FAILED,,,4633,1416,980,0.7265922675412148,0.4711783937774598,6.528223563393579,t-test,33,bounded
FAILED,,,2615,2643,4116,0.3318693511020392,0.0973904980178922,9.456049857701174,ks-test,49,bounded
FAILED,,,2348,496,1850,0.7802777410838752,0.7076221623308956,0.9998857291033492,t-test,8,bounded
FAILED,,,1990,4683,4011,0.6572266265321522,0.1634243504907935,2.104079763190821,ks-test,20,bounded
FAILED,,,2973,2219,1275,0.232698040029034,0.5168378339745104,8.685455156764016,t-test,36,bounded
FAILED,,,4707,3724,3161,0.8340172050949186,0.8916004562210291,5.443568436468952,ks-test,45,bounded
FAILED,,,258,636,895,0.2761499069351702,0.2877036654762923,3.783547173528932,t-test,10,bounded
FAILED,,,917,2841,2099,0.4529492317158728,0.4011264851000159,0.2271354275653138,ks-test,44,bounded
COMPLETED,0.91,732.0,4125,301,4521,0.877479599064216,0.793775610063225,9.308251285349021,t-test,3,bounded
FAILED,,,3672,3759,155,0.0558969306852668,0.6694849333595483,7.315600648533556,ks-test,18,bounded
FAILED,,,1371,1842,2734,0.6137660171259194,0.0263677294068038,3.155896136119962,t-test,28,bounded
FAILED,,,1561,4013,1415,0.370552516952157,0.956016483305022,9.040141258719377,t-test,17,bounded
FAILED,,,3481,1629,3837,0.803862908553332,0.3479785693548619,0.5058504068320617,ks-test,26,bounded
FAILED,,,4277,3056,723,0.1381937080584466,0.2237554532345384,3.5118797293696558,t-test,42,bounded
COMPLETED,0.91,206.0,766,45,3299,0.6872999020516872,0.5813119932003318,6.968543783469126,ks-test,2,bounded
FAILED,,,96,3511,4654,0.5212194660902023,0.7337182211857289,8.417963764477522,t-test,46,bounded
FAILED,,,4868,891,1921,0.0879108627699315,0.0869471987150609,2.3833943052217363,ks-test,12,bounded
FAILED,,,2852,4427,2555,0.9699415599517524,0.4616403271015733,4.138928820067086,t-test,22,bounded
FAILED,,,2113,2433,290,0.4208371468037366,0.857945203859359,5.095890553114005,ks-test,37,bounded
FAILED,,,2227,2702,3070,0.0165960662141442,0.2786614545192569,6.806327134657652,t-test,49,bounded
FAILED,,,2738,400,337,0.5905548922158776,0.9161736005581916,2.724711202375591,ks-test,10,bounded
FAILED,,,4471,4284,4721,0.4765259002037346,0.5424551986586302,0.6534380370909348,t-test,25,bounded
FAILED,,,493,1356,2456,0.9161713977381586,0.1534597453586757,9.81264247500617,ks-test,34,bounded
FAILED,,,1152,4778,1154,0.8731961894854902,0.0329725673999637,6.178648700478488,t-test,14,bounded
FAILED,,,3891,2085,3576,0.299239389706403,0.6473453549183905,4.596773232406937,ks-test,29,bounded
FAILED,,,3436,3233,1712,0.6335280779637396,0.7725431975256651,1.276206731656566,t-test,38,bounded
FAILED,,,1606,1166,4288,0.1938845992162823,0.4067023310177028,7.9357279200982305,ks-test,4,bounded
FAILED,,,1684,4997,3263,0.4257240640092641,0.6902896827943623,9.852063410132192,t-test,9,bounded
FAILED,,,3360,1915,842,0.9981494856085628,0.1149014933463186,0.9271723915589972,ks-test,50,bounded
FAILED,,,3813,3414,3975,0.0674084108825773,0.4886312718354165,2.6071730797495687,t-test,34,bounded
FAILED,,,1229,956,1399,0.5085661657471209,0.8154875105302781,6.61070996768959,ks-test,24,bounded
FAILED,,,570,2522,25,0.7155193716008215,0.9981027793176472,7.974500421538949,t-test,30,bounded
FAILED,,,4395,610,2757,0.1430919237788766,0.3216064813490956,1.549368938755244,ks-test,14,bounded
COMPLETED,0.91,6039.0,2661,4063,2143,0.7911983022596686,0.1964047870598733,4.479883543466219,t-test,4,bounded
FAILED,,,2303,1527,4408,0.3500385286081582,0.624384362546727,5.98360368087981,ks-test,39,bounded
FAILED,,,2036,3613,2234,0.2123968933615833,0.0129386246614158,7.085471615567804,t-test,27,bounded
FAILED,,,2928,760,4966,0.6442959446739405,0.6831000490617007,3.706886605810374,ks-test,16,bounded
COMPLETED,0.91,1.0,4945,4569,603,0.2963597360234707,0.8073270168639719,0.467039762233384,t-test,1,bounded
FAILED,,,20,2340,2867,0.8468565991166978,0.3876317679192871,8.767017194778658,ks-test,42,bounded
FAILED,,,688,3872,4149,0.926927727991715,0.2973610961847007,5.213390532582068,t-test,12,bounded
FAILED,,,4354,1721,1728,0.4950268883984536,0.8820081620644779,4.334584130193107,ks-test,47,bounded
FAILED,,,3559,2953,3612,0.5642266003619879,0.5073036570884287,2.3440115132536734,t-test,38,bounded
FAILED,,,1484,177,1035,0.0137279564235359,0.173137994935736,8.1441912668515,ks-test,22,bounded
FAILED,,,1293,3013,4834,0.7520430581346154,0.8679055344052613,4.05663313156087,ks-test,35,bounded
FAILED,,,3748,80,2411,0.3269558922387659,0.4518660075124353,5.48226468884293,t-test,21,bounded
FAILED,,,4203,3968,3047,0.7392112038917839,0.077107266690582,8.490486386232078,ks-test,11,bounded
FAILED,,,840,1662,467,0.1818817544505,0.7436148428302258,1.9872663233168424,t-test,45,bounded
COMPLETED,0.91,497.0,180,4473,1588,0.1066854272708296,0.5675776092000305,3.429554241521284,ks-test,3,bounded
FAILED,,,4783,2400,4324,0.5317708123214542,0.2375549737866967,7.354945334592835,t-test,43,bounded
FAILED,,,3051,3554,1207,0.4021540039815008,0.3618343036435544,9.112710367447695,ks-test,27,bounded
FAILED,,,1914,855,3474,0.9594816651418804,0.9423402165751904,0.1096735540060326,t-test,19,bounded
FAILED,,,2425,4319,667,0.6030249300152062,0.4283554161898791,1.8176315380167216,ks-test,6,bounded
FAILED,,,2540,1313,3404,0.0374111558906733,0.7510686281453817,7.695938014904039,t-test,40,bounded
FAILED,,,4555,2735,1537,0.9038535906039176,0.625814571801573,5.62746751499828,ks-test,31,bounded
FAILED,,,408,356,3803,0.4558630114495754,0.0545675353016704,4.826787835898809,t-test,16,bounded
FAILED,,,1078,3200,2580,0.2576832827329635,0.1358243659846484,1.1948163564773275,ks-test,32,bounded
FAILED,,,3965,1211,158,0.8232950380705297,0.5601482194196433,9.572901440733112,t-test,23,bounded
FAILED,,,3168,4743,4544,0.2355929071120917,0.9339322337545454,6.2551757485196,ks-test,8,bounded
FAILED,,,1874,2127,1963,0.683581460043788,0.261089784046635,2.9546983904726805,t-test,48,bounded
FAILED,,,1800,4140,4486,0.0417811483796685,0.1240252039972692,0.2374988379096612,t-test,45,bounded
FAILED,,,3165,1521,2065,0.5986737367827444,0.6967335485517979,9.279580015915446,ks-test,11,bounded
FAILED,,,3930,2558,2679,0.4670973592270165,0.8209528594631702,7.2076097508948305,t-test,20,bounded
FAILED,,,1034,562,103,0.8926004472877829,0.4987258851751685,3.2431362990979102,ks-test,35,bounded
FAILED,,,453,3384,1321,0.8189270662274211,0.3148923137728124,2.114462245114148,t-test,19,bounded
FAILED,,,4590,998,4053,0.2620324590373784,0.9891960715353488,8.656764815751462,ks-test,28,bounded
FAILED,,,2543,4925,920,0.6723491403479129,0.6144991379398853,5.335520324093291,t-test,43,bounded
COMPLETED,0.91,534.0,2498,1916,3185,0.2468440260645002,0.1906615221723914,3.870844551243819,ks-test,3,bounded
FAILED,,,1919,2907,957,0.3157738935034722,0.6727279807794839,3.1002268675640225,t-test,16,bounded
FAILED,,,3123,215,3690,0.7632057854477317,0.0076831552162766,6.439739054385574,ks-test,30,bounded
FAILED,,,4828,3864,1806,0.1774803555104881,0.3814053660426288,9.446921257597392,t-test,40,bounded
FAILED,,,215,1795,4071,0.743631877971813,0.7979334951490163,1.02976335040573,ks-test,6,bounded
FAILED,,,805,4573,2946,0.5429545937608927,0.8869857155550271,4.9729075319385165,t-test,48,bounded
FAILED,,,4158,2270,524,0.0955209209714084,0.3079425531998276,5.812660182970577,ks-test,8,bounded
FAILED,,,3676,3653,4888,0.9638848542217164,0.1827485195193439,7.569328469661999,t-test,24,bounded
FAILED,,,1289,727,2312,0.3977315434794873,0.5132597571462392,1.65198731299676,ks-test,32,bounded
FAILED,,,1411,3557,3552,0.6486505917795002,0.4419810282830148,6.169487619091758,ks-test,24,bounded
FAILED,,,3553,786,1129,0.2080305852517485,0.8621629759073257,4.6266851229527965,t-test,35,bounded
FAILED,,,4320,4513,4246,0.8581060506179928,0.736901381643489,1.3830332944989203,ks-test,50,bounded
FAILED,,,645,2367,1666,0.2851219418086111,0.068200804285705,7.847209141846747,t-test,9,bounded
FAILED,,,63,3923,389,0.4906740277148783,0.2430196163300424,6.797185124849901,ks-test,39,bounded
COMPLETED,0.91,5963.0,4979,1700,3125,0.9312922459617256,0.5776719771623611,2.7546040213424714,t-test,4,bounded
FAILED,,,2934,3004,2489,0.0024802839085459,0.9514636818487195,0.7602073851963504,ks-test,13,bounded
FAILED,,,2109,155,4756,0.5754626118727028,0.3682774630114435,9.724180911491624,t-test,29,bounded
FAILED,,,2309,4712,1885,0.9869828359745442,0.760679859118536,8.309930849766358,ks-test,42,bounded
COMPLETED,0.91,1.0,2735,2170,4622,0.4369018950462341,0.434311761625111,2.4706782732326538,t-test,1,bounded
FAILED,,,4438,3128,236,0.5041496519297362,0.0595453341696411,4.149334247483872,ks-test,17,bounded
FAILED,,,604,1212,2502,0.0718137395791709,0.6363967352062464,5.067175478647464,t-test,27,bounded
FAILED,,,1195,2812,3882,0.1542605977766215,0.5539215721655637,8.932127415587194,ks-test,21,bounded
FAILED,,,3770,349,1459,0.7043395124822855,0.1264301378801465,0.5931153032639995,t-test,37,bounded
FAILED,,,3286,4354,3325,0.35445705935359,0.2507170093748718,3.5222279420495033,ks-test,47,bounded
FAILED,,,1678,1266,745,0.7867909529171883,0.9286765189319848,6.939885923739523,t-test,12,bounded
COMPLETED,0.91,11.0,1602,2593,1772,0.5783421298544854,0.2082377135381102,5.262830826022663,ks-test,2,bounded
FAILED,,,3363,520,4194,0.0288200136963278,0.5967445497531443,4.266834264201113,t-test,41,bounded
FAILED,,,3846,4173,1058,0.9127798235509544,0.9714994816482068,2.1969057383574544,ks-test,26,bounded
FAILED,,,1118,1476,3638,0.4799062929879874,0.3325245999041944,8.270548020549116,t-test,17,bounded
FAILED,,,527,4892,4934,0.311450127704069,0.4771344863995909,7.13489283742942,ks-test,37,bounded
FAILED,,,4516,1961,2198,0.8609742700848728,0.8424867358226328,3.639155811397359,t-test,22,bounded
FAILED,,,2811,3349,2814,0.1972741564754396,0.7182035970389842,0.319991202074103,ks-test,13,bounded
FAILED,,,2231,1041,548,0.6301497058253736,0.1023680738154798,8.893316733739338,t-test,47,bounded
FAILED,,,2186,3821,2812,0.8072935070451349,0.5269324547499418,8.120371386194602,ks-test,34,bounded
FAILED,,,2856,1831,77,0.3671102611739188,0.1688896919880062,1.4218058331888168,t-test,25,bounded
FAILED,,,4902,2862,4443,0.6994527049530298,0.2941475535407662,4.431640066104942,ks-test,9,bounded
FAILED,,,141,248,2177,0.1260525661613792,0.9007241445649417,6.0525978929018605,t-test,49,bounded
FAILED,,,721,3699,817,0.0844784778561443,0.7880323526114225,9.997915303208863,ks-test,5,bounded
FAILED,,,4243,693,3239,0.5246635120082646,0.3912412530574947,0.7996283575715497,t-test,39,bounded
FAILED,,,3477,4616,1353,0.4086825649160891,0.0174610439315438,2.558986817125231,ks-test,29,bounded
FAILED,,,1488,2235,3933,0.9820844845529644,0.6627707434762268,6.679646964974702,t-test,14,bounded
FAILED,,,1365,4401,212,0.220470170225948,0.3585607253238558,1.14661489618849,t-test,31,bounded
FAILED,,,3598,2490,2633,0.6694352211952209,0.9609942896086722,9.641851847722196,ks-test,15,bounded
FAILED,,,4082,3444,2000,0.2727736744135618,0.5872683163285254,6.401004696102814,t-test,6,bounded
FAILED,,,883,907,4576,0.8374127090387046,0.233366706514731,2.8271790899392215,ks-test,41,bounded
FAILED,,,292,3118,3377,0.8897056861631572,0.0816914764568209,1.7694110061489043,t-test,7,bounded
FAILED,,,4750,33,644,0.4407424160391092,0.7233454539496451,7.7649074934721,ks-test,48,bounded
FAILED,,,3047,4034,3759,0.6171404595077037,0.8485509534478187,5.773353677318432,t-test,33,bounded
FAILED,,,1996,1576,1494,0.0525032131634652,0.455413702154532,4.699211320628413,ks-test,23,bounded
FAILED,,,2422,3251,4366,0.3851125048883259,0.907267145588994,3.2824809479080135,t-test,10,bounded
FAILED,,,2621,1101,1633,0.9434166640862822,0.2719479858968407,7.481267819046974,ks-test,46,bounded
FAILED,,,4667,4833,3498,0.1237554942443966,0.1477172091677785,9.16211817960534,t-test,36,bounded
FAILED,,,375,2057,1232,0.5478681585825979,0.5325701971221715,0.0419579572575166,ks-test,20,bounded
ABANDONED,,,957,4234,2378,0.723144537243992,0.6537885217219591,3.90954076636862,t-test,29,bounded
ABANDONED,,,4008,1379,4799,0.1648423968330025,0.0420960252378135,5.608606244876049,ks-test,18,bounded
COMPLETED,0.91,11.0,3240,2689,415,0.7681382629200815,0.4167967212870716,8.539951413126662,t-test,2,bounded
ABANDONED,,,1723,460,2992,0.3440276248045265,0.7780078177619725,1.919493511831388,ks-test,43,bounded
ABANDONED,,,1745,4534,2473,0.8293450777139514,0.4936620062347501,6.588313955474645,t-test,47,bounded
ABANDONED,,,3215,2309,4738,0.2787855504322797,0.8261214327700435,2.6238451970741155,ks-test,12,bounded
ABANDONED,,,3991,3614,354,0.661809243204072,0.7008523247521371,0.866556972318329,t-test,21,bounded
ABANDONED,,,968,766,3087,0.2299692869540304,0.1198588394485414,9.908633307931014,ks-test,37,bounded
ABANDONED,,,358,2947,4232,0.0624287512358278,0.1933183768745511,5.965489238145762,t-test,17,bounded
ABANDONED,,,4680,176,1655,0.6129864976722748,0.6117946948893367,4.500818158692681,ks-test,27,bounded
ABANDONED,,,2644,3903,3520,0.4463278707135468,0.98559411409311,1.494255670050159,t-test,42,bounded
COMPLETED,0.91,1.0,2393,1756,1098,0.8781660386826842,0.3185989655815064,8.036553398294375,ks-test,1,bounded
ABANDONED,,,2019,3423,3355,0.5572672951649874,0.8026147656273097,8.826104503753594,t-test,13,bounded
ABANDONED,,,3018,959,779,0.1161684643421322,0.3768287899307906,0.4089417541688308,ks-test,30,bounded
ABANDONED,,,4733,4964,3893,0.9494503861311822,0.0020548784639686,3.730805960396305,t-test,39,bounded
COMPLETED,0.91,5911.0,306,1877,1472,0.3769619954805821,0.6783086691834032,7.070322840614245,ks-test,4,bounded
ABANDONED,,,866,4101,273,0.3325269254129379,0.5100680112671107,8.19899700634554,t-test,50,bounded
ABANDONED,,,4093,1560,2538,0.7736237374488263,0.1858926770500838,2.281651007287204,ks-test,8,bounded
ABANDONED,,,3620,2519,1904,0.1606055569145828,0.3101872928049415,4.353001334243455,t-test,25,bounded
ABANDONED,,,1340,601,4637,0.7330919213425366,0.8848456703163682,5.192758678671905,ks-test,35,bounded
ABANDONED,,,1511,2773,917,0.4695391201712191,0.0665347334202378,2.0035475105214866,ks-test,24,bounded
ABANDONED,,,3448,389,3183,0.9174667897596956,0.7386454974003135,8.46771851547621,t-test,32,bounded
ABANDONED,,,4225,4315,1297,0.0237370771095156,0.8628877511005849,5.539206445182674,ks-test,48,bounded
ABANDONED,,,735,1305,4033,0.5894097157903015,0.4412429283522069,3.996408642440103,t-test,8,bounded
FAILED,,,124,4751,2673,0.6387198849804699,0.3743625823315233,0.1314568917462602,ks-test,40,bounded
FAILED,,,4913,2131,94,0.1907901891693472,0.9453652377910912,9.095425575648434,t-test,7,bounded
FAILED,,,2877,3167,4460,0.8681586430743335,0.5706455621700733,7.416168660413475,ks-test,15,bounded
FAILED,,,2161,1173,2038,0.3024839856065809,0.2501240762136876,3.3735922503024343,t-test,30,bounded
FAILED,,,2252,3962,4917,0.1370202611796557,0.6366789387594908,4.768928259820678,ks-test,43,bounded
COMPLETED,0.91,315.0,2786,1660,2337,0.6944088651686907,0.059341175507754,5.686774184380658,t-test,3,bounded
FAILED,,,4499,3043,2953,0.3718191626369953,0.4330863588657229,7.680569879543037,ks-test,19,bounded
FAILED,,,538,116,531,0.7968436048589645,0.7618919371403753,1.8413124606162308,t-test,28,bounded
FAILED,,,1100,3519,1828,0.9731574392579496,0.9211161626707762,2.8913366638589646,ks-test,20,bounded
FAILED,,,3860,824,4094,0.4157670469880104,0.2582640408985316,6.308999338945375,t-test,35,bounded
FAILED,,,3386,4474,958,0.5180968153327702,0.1330472949352115,9.553251735891218,ks-test,45,bounded
FAILED,,,1573,2406,3694,0.0930705922655761,0.547382460001856,1.2142347811749203,t-test,11,bounded
COMPLETED,0.91,11.0,1653,3738,3782,0.2898241084050386,0.3322728528939187,1.568150253517553,ks-test,2,bounded
FAILED,,,3307,654,1515,0.8476323115024715,0.9717340968530624,7.641797378102317,t-test,44,bounded
FAILED,,,3780,4655,3382,0.2190220614317804,0.5980004090555012,5.881819203979337,ks-test,28,bounded
FAILED,,,1179,2196,645,0.6436133121233433,0.2070560920592397,4.885817948761397,t-test,18,bounded
FAILED,,,618,3782,2024,0.5689025348108261,0.1099588866196572,0.940500426706858,ks-test,36,bounded
FAILED,,,4420,1870,4605,0.0110961199942976,0.7106870220582931,9.513830800765191,t-test,19,bounded
FAILED,,,2706,2823,219,0.922341304251924,0.8359000353105365,6.504616505913437,ks-test,10,bounded
FAILED,,,2331,287,2641,0.4977518344055861,0.4837040551062673,3.0088747864849865,t-test,46,bounded
FAILED,,,2081,4853,406,0.0667546436395496,0.9024206719733774,3.8007533323140814,ks-test,33,bounded
FAILED,,,2956,1999,2986,0.5152239764500409,0.2924338943269103,5.421706465714612,t-test,23,bounded
FAILED,,,4993,3310,2350,0.4265281658191233,0.1681953733377158,8.741491013102234,ks-test,7,bounded
FAILED,,,45,1080,4773,0.9916460247393698,0.5277010112237184,2.0429303024895487,t-test,48,bounded
FAILED,,,655,2632,3496,0.7939516079481691,0.656716080699116,3.178585373861716,ks-test,6,bounded
FAILED,,,4304,481,1229,0.345484301360324,0.023589944532141,7.2992408283147965,t-test,41,bounded
FAILED,,,3528,4212,4346,0.7129163707364351,0.3982981245927512,9.368549639589153,ks-test,31,bounded
FAILED,,,1432,1437,1609,0.1478005306031554,0.7809583492707461,0.1702675363449379,t-test,15,bounded
FAILED,,,1261,4273,2850,0.8986579765193164,0.2287158925794064,7.030978154554964,t-test,29,bounded
FAILED,,,3698,1340,586,0.4589536144286394,0.5918753489833324,3.457147854994983,ks-test,14,bounded
FAILED,,,4172,2728,4949,0.608066283494234,0.966653022903949,0.5264036277281121,t-test,5,bounded
FAILED,,,788,421,2217,0.0341703670583665,0.3530104934629053,9.021645421654915,ks-test,39,bounded
FAILED,,,225,3212,1092,0.2425834942124784,0.4586359045766293,5.154062426297926,t-test,9,bounded
FAILED,,,4812,1140,3668,0.6822898750901221,0.8454372524600476,4.079915376211517,ks-test,49,bounded
FAILED,,,3099,4794,1784,0.250538464769721,0.7211311708875,2.398464447161183,t-test,34,bounded
FAILED,,,1940,2096,4205,0.8244364074282347,0.0838619782384485,8.393965776877478,ks-test,25,bounded
FAILED,,,2474,3079,1343,0.7359991316534578,0.5376645326055586,9.791781724899074,t-test,13,bounded
FAILED,,,2565,73,3919,0.1869556613340973,0.1425790924038738,0.6716263449443504,ks-test,46,bounded
FAILED,,,4600,3995,786,0.7551619018241763,0.2678596662394702,2.6625795926060527,t-test,37,bounded
FAILED,,,437,1615,3207,0.3217923556752502,0.9114639666806906,6.861361770348624,ks-test,22,bounded
FAILED,,,1047,4440,4425,0.4033236437924206,0.7753814196027815,7.919129667893053,t-test,26,bounded
FAILED,,,3913,2452,2160,0.952368894957006,0.4195316208805888,1.298676608990878,ks-test,18,bounded
COMPLETED,0.91,1.0,3136,3483,2774,0.1054225886538624,0.0457284392230212,4.540124701594002,t-test,1,bounded
FAILED,,,1823,868,42,0.5387939230836927,0.6501123264562338,6.239185486705043,ks-test,41,bounded
FAILED,,,1849,2880,2563,0.1747515578214079,0.9823194761890915,8.209398597097024,ks-test,38,bounded
FAILED,,,3190,262,297,0.7482144202869385,0.3372540981993079,2.25294163194485,t-test,5,bounded
FAILED,,,3975,3798,4683,0.318409492386505,0.2130080392900854,4.2449722561975936,ks-test,14,bounded
FAILED,,,1062,1803,1946,0.7585335837099701,0.6076074723303319,5.280036947558633,t-test,29,bounded
FAILED,,,422,4644,723,0.9645712194833904,0.7054354749340565,8.83644887976814,ks-test,25,bounded
FAILED,,,4538,2258,3303,0.3911101378630846,0.0995905101522803,0.3802895935634151,t-test,33,bounded
FAILED,,,2511,3685,1437,0.5421749999504535,0.4743063805643469,3.622795953929424,ks-test,50,bounded
FAILED,,,2448,675,3860,0.1020526969078928,0.829670172125101,7.157582037921996,t-test,10,bounded
FAILED,,,1886,4147,1688,0.4623926338274031,0.2835230337176471,6.072321500112303,ks-test,22,bounded
FAILED,,,3073,1456,4268,0.8952072998341172,0.8957030430883169,4.412295543775894,t-test,37,bounded
FAILED,,,4797,2604,1151,0.046331642916426,0.5219616686571388,1.4850888895392416,ks-test,46,bounded
FAILED,,,163,536,3574,0.5959166686404496,0.1583138405457139,8.066469125505536,t-test,12,bounded
FAILED,,,850,3333,4695,0.6788488387633114,0.0300296574626117,6.695089002704249,ks-test,42,bounded
COMPLETED,0.91,29.0,4187,1030,2428,0.2460361915435642,0.6658363300412892,2.5353797968942673,t-test,2,bounded
FAILED,,,3724,4913,3064,0.8122731072064489,0.7910568849314004,0.8574092633863911,ks-test,17,bounded
FAILED,,,1315,1986,328,0.2626901077050715,0.4037671653404831,9.938529963563196,t-test,26,bounded
FAILED,,,1456,4817,4127,0.5030045201182364,0.5824774290639906,2.8822136883810163,t-test,18,bounded
FAILED,,,3581,2046,1863,0.0789548248313367,0.2224853230044245,6.338873049084097,ks-test,28,bounded
FAILED,,,4368,3272,3746,0.9882782726101575,0.347758239949122,9.660040192824788,t-test,44,bounded
COMPLETED,0.91,493.0,670,1127,1013,0.4299151893705129,0.9562844010591506,1.125754183330573,ks-test,3,bounded
FAILED,,,30,2663,2295,0.3577017296105623,0.8513899060804397,4.759748069605791,t-test,45,bounded
FAILED,,,4928,440,4871,0.7817534511201084,0.4682432132288813,5.716705109256321,ks-test,10,bounded
FAILED,,,2903,4245,507,0.1511662620864808,0.0944476029518991,7.787377408055589,t-test,20,bounded
FAILED,,,2057,1395,2929,0.7095313641130924,0.7261131225824357,1.752812791192904,ks-test,36,bounded
FAILED,,,2278,3472,120,0.8510866725668311,0.1526769216749817,0.023462082943879,t-test,49,bounded
FAILED,,,2682,930,2696,0.2863885428793728,0.5431333279758692,9.182671363252217,ks-test,7,bounded
FAILED,,,4405,4388,2082,0.6557594805397093,0.91790343423374,7.426535981921479,t-test,23,bounded
FAILED,,,554,2472,4503,0.206857093758881,0.2769792091920971,3.3449153562430287,ks-test,33,bounded
FAILED,,,1243,4053,3129,0.0076399687901139,0.4137925236914307,1.8954954869821667,t-test,15,bounded
FAILED,,,3795,1589,864,0.5723398867584764,0.7655005932003259,8.555021517816929,ks-test,32,bounded
FAILED,,,3331,3095,3997,0.4856038832850754,0.641202172236517,5.549592838269659,t-test,41,bounded
FAILED,,,1706,5,1265,0.9345080509111284,0.039011055715382,3.9677126768017192,ks-test,5,bounded
FAILED,,,1627,3833,1176,0.6987701467592268,0.8162398776710033,3.2279874868951737,t-test,8,bounded
FAILED,,,3411,1760,3442,0.1326777788456529,0.4879226859752088,7.231529068231582,ks-test,48,bounded
FAILED,,,3874,2913,1577,0.8080692937877028,0.1131412031278014,9.221482045100071,t-test,32,bounded
FAILED,,,1163,216,4310,0.3605746781695634,0.6919414715785533,0.2965861841337755,ks-test,23,bounded
FAILED,,,475,3652,3009,0.4114075555372982,0.6172637133300304,3.850212660084479,t-test,31,bounded
FAILED,,,4485,721,432,0.977498135169968,0.2034169348422437,5.3539374908944595,ks-test,16,bounded
FAILED,,,2761,4608,4816,0.0818466860409826,0.3277192074880003,8.594404347034171,t-test,6,bounded
FAILED,,,2198,2301,2395,0.5293395208138972,0.99203383445926,2.1692680218573654,ks-test,40,bounded
FAILED,,,2136,2561,4559,0.9062763180676848,0.3864358755126595,1.0863332109553738,t-test,27,bounded
FAILED,,,2823,571,1982,0.4807103204410523,0.808566690551117,9.386305801107548,ks-test,19,bounded
COMPLETED,0.91,316.0,4850,4103,2616,0.5849998959433286,0.6832899219244719,6.456411208959297,t-test,3,bounded
FAILED,,,110,1488,195,0.0281661720965057,0.0126402503643184,3.0778308925982567,ks-test,43,bounded
FAILED,,,749,4958,1550,0.2019826889429241,0.1796628361716866,1.7140402525030076,t-test,11,bounded
FAILED,,,4288,1953,3815,0.6275466603469103,0.5006703144181517,7.514215163707733,ks-test,44,bounded
ABANDONED,,,3502,3375,701,0.3068958260994404,0.8744773012846708,5.833594835446217,t-test,36,bounded
ABANDONED,,,1536,995,3434,0.8637275311592966,0.3049357382450252,4.954793126453646,ks-test,21,bounded
ABANDONED,,,1394,3161,2116,0.1205146310552954,0.7477650180459022,7.870890101695434,ks-test,38,bounded
ABANDONED,,,3643,1250,4382,0.552909467447549,0.0729742232803255,1.3676651963870972,t-test,21,bounded
ABANDONED,,,4108,4704,16,0.3882030335105955,0.446711716286838,4.685991755085998,ks-test,12,bounded
ABANDONED,,,930,2166,2752,0.9382210053876042,0.8729855878073722,6.111628005764448,t-test,47,bounded
COMPLETED,0.91,1.0,241,4358,3955,0.76927958766371,0.9386478319764135,9.743599373438396,ks-test,1,bounded
ABANDONED,,,4718,1274,1375,0.3368827324844896,0.3654524504188448,0.7405577176036313,t-test,43,bounded
ABANDONED,,,2995,2774,3261,0.7218529076762497,0.2402432423755526,2.808427574519068,ks-test,26,bounded
ABANDONED,,,1966,316,839,0.1718329095765948,0.5649064724165946,6.733823360987008,t-test,16,bounded
COMPLETED,0.91,6364.0,2370,4511,3616,0.2676101824641227,0.048972575969994,5.006951026775875,ks-test,4,bounded
ABANDONED,,,2590,2361,1036,0.8405316270850599,0.6314266629386693,4.206276041072794,t-test,39,bounded
ABANDONED,,,4616,3593,4172,0.225544121723622,0.7556613750010728,2.4479103652276097,ks-test,30,bounded
ABANDONED,,,343,816,1749,0.6662232233136892,0.4236884315107017,8.326211999721824,t-test,14,bounded
ABANDONED,,,983,2974,609,0.6241636446267366,0.2632460149005055,6.883923969769851,ks-test,34,bounded
ABANDONED,,,4055,119,2875,0.0512404191605746,0.9317017650771886,3.5834513051193206,t-test,24,bounded
ABANDONED,,,3269,3929,2259,0.882592990335077,0.5569897760897875,0.5758304742155596,ks-test,9,bounded
ABANDONED,,,1768,1701,4995,0.4419121004641056,0.1389999411199241,8.953910716078243,t-test,50,bounded
ABANDONED,,,1765,3938,3452,0.5279924415256828,0.3190322863068431,4.181941004288383,ks-test,26,bounded
ABANDONED,,,3272,1714,1186,0.0792795641887932,0.9850527083314954,5.021674583741464,t-test,18,bounded
COMPLETED,0.91,1.0,4049,2980,4302,0.9788464636523276,0.6103588047754019,8.340782388068735,ks-test,1,bounded
ABANDONED,,,989,130,1566,0.4139723574575036,0.1948061977736652,2.42342215982452,t-test,41,bounded
ABANDONED,,,339,3582,440,0.3619230029340833,0.120367825647816,3.5591162683349102,ks-test,13,bounded
ABANDONED,,,4620,810,3020,0.810634099425748,0.7003865844644604,6.898647526735441,t-test,46,bounded
ABANDONED,,,2584,4498,2384,0.1313307032752782,0.8246089254152029,8.968481104425155,ks-test,37,bounded
ABANDONED,,,2376,2353,4806,0.6962030211891977,0.4950732098929583,0.5513422688124701,t-test,22,bounded
ABANDONED,,,1959,2788,1991,0.8660506437551229,0.8833336388450115,1.3433301596026868,ks-test,9,bounded
ABANDONED,,,3001,325,4570,0.30848596287705,0.3115989723466336,7.885613658661023,t-test,49,bounded
ABANDONED,,,4714,4369,185,0.625225153857842,0.1864021391328424,6.126198394111358,ks-test,34,bounded
ABANDONED,,,245,1280,2607,0.2003901132624596,0.5096027468629181,4.661503549682909,t-test,25,bounded
FAILED,,,925,4697,3825,0.0258446618895977,0.6768723031859843,0.7162226808192209,ks-test,29,bounded
FAILED,,,4114,2156,1559,0.5834073239807039,0.0035422234795987,9.758322930403985,t-test,14,bounded
FAILED,,,3640,3152,3425,0.4830334367547184,0.3772616347726434,6.7483937493339194,ks-test,5,bounded
FAILED,,,1397,1237,689,0.9078664511274546,0.8020728839822113,2.7839393691159784,t-test,38,bounded
FAILED,,,1530,3369,4391,0.1705012407340109,0.2466761507298797,9.4106414338788,t-test,6,bounded
FAILED,,,3508,983,2126,0.7193009508922696,0.5740197851993144,1.0716102499766276,ks-test,41,bounded
FAILED,,,4284,4950,2740,0.3382160074338316,0.9478067868184296,3.063259908264503,t-test,31,bounded
FAILED,,,753,1940,7,0.7718291055448353,0.3719309673719108,6.480898818375543,ks-test,15,bounded
FAILED,,,104,4116,1387,0.939554284054786,0.4378402117993682,7.5385507964789875,t-test,33,bounded
FAILED,,,4856,1497,3963,0.390752547673881,0.866307183060795,1.6993172915242611,ks-test,23,bounded
FAILED,,,2820,2572,830,0.5515777948871254,0.7410408857297152,4.940222142119892,t-test,7,bounded
FAILED,,,2139,577,3251,0.117962677989155,0.0640569577626883,5.858082444862463,ks-test,49,bounded
ABANDONED,,,2195,4598,1048,0.4442198100499809,0.5497783242147415,7.255864701002837,t-test,36,bounded
ABANDONED,,,2764,2294,3624,0.884167954608798,0.1305699951611459,3.2132645259164274,ks-test,19,bounded
ABANDONED,,,4479,3639,1740,0.0489339587688446,0.2548618002291768,0.2820151998000219,t-test,11,bounded
ABANDONED,,,481,712,4162,0.6225863604210315,0.9245360705144702,9.245969654516317,ks-test,46,bounded
COMPLETED,0.91,11.0,1159,2922,2885,0.6639167666397989,0.76433301028423,5.378273123665712,t-test,2,bounded
ABANDONED,,,3878,230,620,0.2239668338000774,0.4306542680226266,3.835489699105732,ks-test,44,bounded
ABANDONED,,,3405,3839,4984,0.8428393329530954,0.0558927741404622,2.1546970375236123,t-test,28,bounded
ABANDONED,,,1633,1771,2251,0.2691851504556834,0.6400526859052478,8.618891956450417,ks-test,18,bounded
ABANDONED,,,1710,3103,307,0.0994856308232992,0.4812743436805904,9.207158972668461,t-test,20,bounded
ABANDONED,,,3327,19,2572,0.5408279838655145,0.8383434878718107,0.0088910986101254,ks-test,35,bounded
ABANDONED,,,3801,4058,1939,0.3936750029865652,0.7140631486214696,3.330192395264283,t-test,45,bounded
ABANDONED,,,1237,1601,4671,0.9659196037333458,0.1065128646697849,7.4508716146927325,ks-test,11,bounded
ABANDONED,,,557,4377,3311,0.7610984451156109,0.2045802199356257,8.579509127233177,t-test,43,bounded
COMPLETED,0.91,308.0,4401,2466,735,0.3197578803543001,0.6003977009188383,1.8809245026484127,ks-test,3,bounded
ABANDONED,,,2688,3459,3849,0.7456473579201847,0.9751554323472083,3.952989715822973,t-test,19,bounded
ABANDONED,,,2272,921,1428,0.1734045380186289,0.3288720398750156,5.573928471040912,ks-test,28,bounded
ABANDONED,,,2063,4258,4276,0.2642801812794059,0.7843801606483757,6.363360658500344,t-test,40,bounded
ABANDONED,,,2897,1403,1699,0.8145961640346794,0.394897787457332,2.8676427040472627,ks-test,7,bounded
FAILED,,,4932,2674,3563,0.2444435600955039,0.021114548292011,1.1110312223518266,t-test,15,bounded
FAILED,,,27,446,1142,0.676527269070968,0.659113848445937,9.684375825596042,ks-test,30,bounded
FAILED,,,676,3266,2439,0.5943240334745497,0.5310766619034111,5.7411927186725675,t-test,24,bounded
FAILED,,,4362,1116,4703,0.0440100769419223,0.1647488755043595,4.7451770852720365,ks-test,32,bounded
FAILED,,,3585,4809,320,0.8967973771262913,0.2900037070177495,1.7380898302141576,t-test,48,bounded
FAILED,,,1452,2032,3052,0.464715686937794,0.9048636486511676,7.811713040826843,ks-test,8,bounded
FAILED,,,1321,4907,1871,0.7069793515615164,0.0853478956036269,4.387807338372805,ks-test,50,bounded
FAILED,,,3717,1975,4138,0.1498345300406217,0.7196933772396296,6.0868918884592125,t-test,8,bounded
FAILED,,,4190,3324,1002,0.7843029057979582,0.8448939431644976,8.081192682471126,ks-test,25,bounded
FAILED,,,847,1017,3738,0.3590349487923085,0.4590673217680305,1.4607538527548312,t-test,35,bounded
FAILED,,,169,2618,4883,0.4324646477662026,0.354419793587178,2.510891591491178,ks-test,13,bounded
FAILED,,,4791,544,2303,0.9896114880740642,0.9651386120151728,6.709659391051159,t-test,30,bounded
FAILED,,,3077,4159,2920,0.0764028085619211,0.5914077051617204,9.953253520528786,ks-test,39,bounded
FAILED,,,1882,1461,497,0.5016727917902171,0.2292229752447456,0.8330742266019807,t-test,4,bounded
FAILED,,,2452,3674,2708,0.9360830783881245,0.6496451585181057,2.2284534265417606,ks-test,17,bounded
FAILED,,,2507,669,127,0.4879116486385464,0.0462359977718442,8.223968985443934,t-test,27,bounded
FAILED,,,4544,4630,4494,0.5707626583203673,0.4209413968883454,5.294760504524224,ks-test,42,bounded
FAILED,,,416,2250,2072,0.005333571601659,0.7738674845974892,4.220637219413184,t-test,1,bounded
FAILED,,,1066,3806,873,0.2052798690386116,0.9109201815016568,0.3558013881603255,ks-test,47,bounded
FAILED,,,3972,1816,3139,0.6534530796334147,0.2682906075473874,8.851019268115051,t-test,12,bounded
FAILED,,,3196,2887,1253,0.2879635666385292,0.1440645338855683,7.172305594887585,ks-test,21,bounded
FAILED,,,1842,272,3990,0.8533944416381418,0.5362262630742042,3.5984609171450135,t-test,38,bounded
FAILED,,,1827,3497,1506,0.4990984378103167,0.8292234690356999,0.6863493059230968,t-test,34,bounded
FAILED,,,3132,876,3771,0.9249079502206295,0.4748344002440571,9.767446092127821,ks-test,24,bounded
FAILED,,,3919,4452,657,0.009747315628454,0.1010435934159904,6.8368741609323775,t-test,9,bounded
FAILED,,,1041,2457,3389,0.5663372570071369,0.7039648434668779,2.6771505769398063,ks-test,50,bounded
COMPLETED,0.91,6172.0,441,3989,4593,0.6422645114753395,0.6071155603099613,1.313399569969624,t-test,4,bounded
FAILED,,,4596,1604,2017,0.2164567799102515,0.2134908500388264,7.894794035121798,ks-test,39,bounded
FAILED,,,2571,3070,2650,0.8489789111893624,0.338753342160955,6.214697877288796,t-test,30,bounded
FAILED,,,2467,59,229,0.2923907580915838,0.9808950054198504,4.554695685927757,ks-test,13,bounded
COMPLETED,0.91,1.0,1946,4803,2974,0.1454769421238452,0.4052659334186464,3.4718708159737286,t-test,1,bounded
FAILED,,,3092,2109,398,0.7113257580753415,0.789631938278675,7.00664252178371,ks-test,43,bounded
FAILED,,,4815,3219,4782,0.3478053319659084,0.665343942137435,8.99715781223867,t-test,26,bounded
FAILED,,,222,1151,2360,0.7955437077451497,0.0305119923278689,0.5409746120618657,ks-test,16,bounded
FAILED,,,794,2717,1221,0.9939670590627938,0.1597673996929079,4.094638337190264,t-test,38,bounded
FAILED,,,4166,415,3485,0.4281202618982642,0.5204915130734443,5.129726793526673,ks-test,21,bounded
FAILED,,,3702,4259,1621,0.5129003842528909,0.8952568158823996,8.36947816746123,t-test,12,bounded
FAILED,,,1257,1332,4354,0.0651640346962958,0.2840515292808413,2.4130354314949365,ks-test,47,bounded
FAILED,,,1438,4201,575,0.8257676003873348,0.7295744341481477,5.406982908749022,ks-test,11,bounded
FAILED,,,3522,1431,2842,0.2530899456702172,0.0910867622867226,3.825088369098492,t-test,44,bounded
FAILED,,,4307,2619,2225,0.6809561242572963,0.4657844747696071,2.0674185078926386,ks-test,36,bounded
FAILED,,,652,472,4961,0.2400335004478693,0.8538043278902769,8.726920624755321,t-test,21,bounded
FAILED,,,51,3318,3660,0.0328366125077009,0.9596700471509249,7.284517271349206,ks-test,27,bounded
FAILED,,,4987,1094,1080,0.6055162934474647,0.3443217338100075,3.2029204106461258,t-test,19,bounded
COMPLETED,0.91,157.0,2960,4859,4216,0.4602848111055791,0.2201032017860561,0.1947557417480275,ks-test,3,bounded
FAILED,,,2077,2011,1793,0.9012094537019728,0.5849684681147336,9.353979251242242,t-test,43,bounded
FAILED,,,2335,2817,3911,0.5364857376143336,0.0366284586135297,7.627073821136728,ks-test,31,bounded
FAILED,,,2702,276,1331,0.1038471484966576,0.6436927354037761,1.5924852903019635,t-test,16,bounded
FAILED,,,4426,3774,3218,0.9546748794652522,0.7688857634086161,4.910306154164486,ks-test,6,bounded
FAILED,,,612,1856,795,0.4049004521146416,0.4103555416688323,5.867248815632426,t-test,40,bounded
FAILED,,,1182,4668,2150,0.3240983364656567,0.2745209466163068,9.499107243799605,ks-test,8,bounded
FAILED,,,3777,2204,4416,0.756738713864237,0.920318331927061,0.9648354634912684,t-test,48,bounded
FAILED,,,3313,3748,49,0.1846474795825779,0.5465951154250651,3.033362991888076,ks-test,32,bounded
FAILED,,,1647,661,2786,0.7344236877784132,0.149316556893289,6.490046117566528,t-test,23,bounded
FAILED,,,1570,4487,4728,0.8807326288837939,0.9944501598030328,5.672203796033748,ks-test,15,bounded
FAILED,,,3389,2415,2463,0.4476744109150022,0.3252623725626617,4.793416465223768,t-test,32,bounded
FAILED,,,3854,3529,3098,0.6104211566653102,0.2000579977110028,1.8656474974006412,ks-test,40,bounded
FAILED,,,1106,831,362,0.0610798911023885,0.6207269284296781,7.665846322577447,t-test,5,bounded
FAILED,,,534,3037,1644,0.2274039496649056,0.6944344141632318,6.294428950598464,ks-test,49,bounded
FAILED,,,4503,104,4224,0.6604603793527931,0.1107609854433685,2.9158248692620545,t-test,7,bounded
ABANDONED,,,2780,3954,1107,0.2813521369155496,0.4844880833700299,1.2385698179593307,ks-test,23,bounded
ABANDONED,,,2258,1647,3530,0.8306916216332465,0.819627427296713,9.538528178925624,t-test,33,bounded
ABANDONED,,,2155,3176,768,0.7315013718847185,0.3015006597563624,8.453148127129301,ks-test,45,bounded
ABANDONED,,,2883,1187,3347,0.1582820242028683,0.8778643750268966,2.028035715924576,t-test,10,bounded
ABANDONED,,,4909,4757,1481,0.7752158930134027,0.5031627811193466,4.0207436792245135,ks-test,20,bounded
ABANDONED,,,128,2142,3903,0.3348480192217975,0.1772821426037698,5.524482888217085,t-test,36,bounded
ABANDONED,,,729,4305,2529,0.3785541547629981,0.0092817891165614,9.080855187301523,ks-test,18,bounded
ABANDONED,,,4231,1298,263,0.951771476222202,0.6867536129076033,0.1559450971493497,t-test,28,bounded
ABANDONED,,,3445,2760,4648,0.1145779111664742,0.8109834917783736,3.3979272870868447,ks-test,44,bounded
COMPLETED,0.91,28.0,1514,380,1913,0.5549437661711126,0.3839795164708048,7.401445103447885,t-test,2,bounded
ABANDONED,,,1334,2507,3173,0.305035522274673,0.5634339374154806,0.4235127385025844,t-test,42,bounded
COMPLETED,0.91,18.0,3626,595,908,0.8694898992367088,0.2416944221053272,8.801616894337347,ks-test,2,bounded
ABANDONED,,,4089,4088,4042,0.1882402586080133,0.3659785665646195,7.045987207842991,t-test,17,bounded
ABANDONED,,,870,1552,1309,0.6373861899152397,0.938199225353077,3.745528921375051,ks-test,26,bounded
ABANDONED,,,300,4973,86,0.5868597815111279,0.8715592135041951,2.2962219916209574,t-test,22,bounded
ABANDONED,,,4739,1890,2662,0.0224033857621252,0.4482090567145496,8.174509396929293,ks-test,37,bounded
ABANDONED,,,3015,3429,2048,0.9200183301456272,0.073455130495131,5.168423045900651,t-test,46,bounded
ABANDONED,,,2022,970,4469,0.4708703726157545,0.7472712024915962,4.3677242952222,ks-test,13,bounded
ABANDONED,,,2390,3896,2329,0.091495088905096,0.1394803724512457,2.6384161814078686,t-test,25,bounded
ABANDONED,,,2647,1745,4906,0.5157885740958154,0.5564954846519977,6.5638263460584,ks-test,33,bounded
ABANDONED,,,4674,2938,542,0.4173437995426356,0.9302749148905276,9.88429767515976,t-test,50,bounded
ABANDONED,,,364,163,2963,0.9754633605629206,0.2647428794447332,0.8812799332970754,ks-test,10,bounded
ABANDONED,,,964,3628,4084,0.7984203536957502,0.4242150235399603,4.515389143026433,t-test,38,bounded
ABANDONED,,,3995,774,1818,0.374125087659806,0.75521324426122,5.941001628729516,ks-test,5,bounded
ABANDONED,,,3209,4545,3702,0.6928333655260503,0.6299546038210391,8.01221776552312,t-test,14,bounded
ABANDONED,,,1751,2315,969,0.1347120162248611,0.0504242315832525,1.5089786310289055,ks-test,29,bounded
ABANDONED,,,1737,2678,4184,0.6317245548460632,0.7090886855851858,7.466544858068227,t-test,32,bounded
ABANDONED,,,3227,454,1762,0.1995819813143462,0.0959330760352313,3.306816580679268,ks-test,23,bounded
ABANDONED,,,4023,4220,3646,0.8593968631904572,0.4706537610497325,0.066445566673763,t-test,8,bounded
ABANDONED,,,942,1370,1069,0.3091437900010496,0.8333260633386671,9.147547195271587,ks-test,48,bounded
FAILED,,,389,4842,2190,0.4783288898114114,0.9781762877237052,5.593883283897304,t-test,6,bounded
FAILED,,,4653,2070,4923,0.9104734821300952,0.3413940149657428,3.9338763991398737,ks-test,40,bounded
FAILED,,,2637,3258,559,0.0303948589991778,0.2171527706589549,1.9439811212476343,t-test,31,bounded
FAILED,,,2406,1112,2824,0.5806499584112316,0.6034669644273817,8.52538042879291,ks-test,16,bounded
COMPLETED,0.91,5912.0,2012,4028,68,0.9795326504576952,0.0258887814935296,9.627128886743447,t-test,4,bounded
FAILED,,,3031,1565,2801,0.4073507733847945,0.6699804777093231,1.1709505289597435,ks-test,43,bounded
FAILED,,,4764,3109,2187,0.5272131451424211,0.7951964485030621,2.851666699355468,t-test,27,bounded
FAILED,,,278,21,4452,0.085811637552455,0.399623378302902,6.38643371176906,ks-test,19,bounded
FAILED,,,898,3457,3229,0.1286022030133754,0.2871795086320489,7.750184532493353,t-test,35,bounded
FAILED,,,4067,915,808,0.7007858609315007,0.8920507916398346,1.793746638920158,ks-test,20,bounded
FAILED,,,3612,4413,3941,0.3645584233608096,0.5183048331122845,4.723698930044659,t-test,11,bounded
FAILED,,,1352,2496,1365,0.80596171923168,0.1619674043916165,5.7587826929846795,ks-test,44,bounded
FAILED,,,1504,4629,2624,0.054093465194106,0.8555341690015048,1.4365293901544065,ks-test,11,bounded
FAILED,,,3461,2244,202,0.6194634568504988,0.4641022220067679,8.096036349410191,t-test,47,bounded
FAILED,,,4256,3709,4587,0.4391499630473554,0.0903039311673492,6.028109687498771,ks-test,38,bounded
FAILED,,,707,700,2008,0.8873840569853781,0.7302525709010661,4.446210454451852,t-test,21,bounded
FAILED,,,157,2856,633,0.835820252329111,0.5788252928685396,0.8143519145371392,ks-test,27,bounded
FAILED,,,4887,237,3369,0.2704520489536225,0.226141682665795,9.973580266424454,t-test,16,bounded
COMPLETED,0.91,1.0,2869,3812,1503,0.6710254769437015,0.351411919048056,6.655158759571613,ks-test,1,bounded
FAILED,,,2173,1817,3769,0.2227931638509035,0.952627450261265,2.5735572054721416,t-test,42,bounded
FAILED,,,2244,3357,1622,0.3414603802636265,0.4101352048274129,4.281557821166702,ks-test,30,bounded
FAILED,,,2798,1054,4358,0.7667913063205779,0.7691536885984241,5.238495789238252,t-test,14,bounded
COMPLETED,0.91,6077.0,4531,4898,1242,0.1674070835001766,0.6448581787031143,8.24605981514603,ks-test,4,bounded
FAILED,,,512,1972,3508,0.7244929809793829,0.0353583209477365,2.211476126704365,t-test,39,bounded
FAILED,,,1131,4162,4789,0.5504328415319323,0.1568169536944478,3.653879368362949,ks-test,9,bounded
FAILED,,,3832,1470,2367,0.1251039416976273,0.5389900242574514,7.110557800645009,t-test,50,bounded
FAILED,,,3379,2580,3003,0.940849423263222,0.9137630415838212,8.86882852833625,ks-test,34,bounded
FAILED,,,1586,511,423,0.3837655445709824,0.2811238253079355,0.3345615904210135,t-test,24,bounded
FAILED,,,1665,4344,2055,0.2491519141066819,0.6209168087281287,2.4852486615795644,ks-test,14,bounded
FAILED,,,3299,1259,4477,0.6739240451361984,0.199759615978226,8.285442644363266,t-test,29,bounded
FAILED,,,3754,2799,110,0.2597261771019548,0.3240664727203547,5.042840441863053,ks-test,38,bounded
FAILED,,,1211,341,2691,0.8173497225362807,0.9956898409258574,4.164057804449462,t-test,5,bounded
FAILED,,,591,3137,4046,0.890294169070199,0.8120965739525854,0.60768569161091,ks-test,49,bounded
FAILED,,,4451,1226,1309,0.4655200118180364,0.492062717994675,8.907639210184104,t-test,10,bounded
FAILED,,,2718,4718,3196,0.6009816211070865,0.1172858192436397,6.9155508869551126,ks-test,25,bounded
FAILED,,,2325,2181,929,0.0433560568857938,0.6878010789286345,3.536951499015093,t-test,34,bounded
FAILED,,,2093,2998,3682,0.3963996961805969,0.1755218449495732,4.641255511299708,ks-test,46,bounded
FAILED,,,2950,143,945,0.9613329569231718,0.504814577339217,6.144999413688668,t-test,12,bounded
FAILED,,,4965,3915,4082,0.096854017464444,0.8786167496033012,7.822874105062336,ks-test,22,bounded
FAILED,,,76,1686,1815,0.5455041711274534,0.3007920664604753,1.39775685146451,t-test,37,bounded
FAILED,,,629,4526,514,0.7449649781826883,0.39009223517403,2.769174409689381,ks-test,17,bounded
FAILED,,,4336,2376,2937,0.1800299291592091,0.804914554355666,6.772696919446812,t-test,26,bounded
FAILED,,,3539,3568,2320,0.7618739344310015,0.679632971126586,9.699845874707217,ks-test,42,bounded
COMPLETED,0.91,29.0,1424,792,4900,0.3132219999227672,0.0162939294632524,0.77493094216194,t-test,2,bounded
FAILED,,,1273,3667,1120,0.5777855460122227,0.9427919796444476,6.42516807005182,t-test,44,bounded
FAILED,,,3692,735,3541,0.004070480171591,0.3613115744497626,3.1247144769802686,ks-test,3,bounded
FAILED,,,4145,4584,1678,0.928970561016351,0.2360994553379714,1.0540989831769838,t-test,18,bounded
FAILED,,,819,2276,4254,0.4890815115198492,0.5690460359882563,9.432198296618648,ks-test,28,bounded
FAILED,,,199,3858,3113,0.2828002531453966,0.7441127665974199,5.798089198636824,t-test,20,bounded
FAILED,,,4844,1784,381,0.8565135381408036,0.0766306981947273,4.997395141354763,ks-test,36,bounded
ABANDONED,,,3110,2899,4764,0.2103535231091082,0.4503652801327407,1.6763229457680136,t-test,45,bounded
ABANDONED,,,1932,202,2500,0.6502407843247054,0.8693287522625178,7.55460550868325,ks-test,10,bounded
ABANDONED,,,2485,4934,4610,0.7854440520852805,0.2595885807834565,9.265009031581693,t-test,22,bounded
ABANDONED,,,2557,1929,1878,0.3518898780159652,0.935354975728318,0.2619864473259076,ks-test,33,bounded
ABANDONED,,,4574,3390,2511,0.7056880194209516,0.5606456673033535,3.267471931869164,t-test,49,bounded
ABANDONED,,,469,1009,246,0.1568253402113914,0.1353473216053098,7.192886789916084,ks-test,7,bounded
ABANDONED,,,1020,2546,1450,0.0731622427999973,0.0531124927364289,8.642193831417709,t-test,41,bounded
ABANDONED,,,3944,556,3871,0.5067143980823458,0.6272834744732826,2.138949854530394,ks-test,5,bounded
ABANDONED,,,3149,4127,757,0.4355549979321658,0.7515208670981228,3.895180184015073,t-test,15,bounded
ABANDONED,,,1816,1513,3333,0.9844156509190796,0.4278331628795712,5.320797363114544,ks-test,32,bounded
FAILED,,,1860,4737,851,0.3484632037039845,0.1891779284570366,7.720273051688448,ks-test,29,bounded
FAILED,,,3182,2116,3274,0.7888900015372782,0.6159394857436418,1.802907981051132,t-test,18,bounded
COMPLETED,0.91,21.0,3949,3192,1387,0.1446688547898083,0.9897339713741092,4.812217447551899,ks-test,2,bounded
FAILED,,,1094,1198,3968,0.717825233420357,0.3144557176306843,5.65195572040137,t-test,44,bounded
FAILED,,,395,2749,2769,0.5101430930402129,0.4973179569337516,9.597236477517523,ks-test,10,bounded
FAILED,,,4569,364,32,0.0697142764199525,0.8224688727408647,1.180092799511738,t-test,46,bounded
FAILED,,,2523,4330,4399,0.9965741644222288,0.6971948311496526,2.9401280021257694,ks-test,36,bounded
FAILED,,,2441,1319,2133,0.4234157595690339,0.1235119906142354,6.2796639539226895,t-test,19,bounded
FAILED,,,1898,3542,4978,0.0162793146353214,0.513721515627578,5.506599725627341,ks-test,7,bounded
FAILED,,,3067,849,2242,0.5655579160097985,0.1822357820197939,4.04190957459528,t-test,48,bounded
FAILED,,,4770,4459,2859,0.4924767793808132,0.3065351008418947,1.972695934969932,ks-test,33,bounded
FAILED,,,194,2392,592,0.9255940924119204,0.8885022047162054,8.514974591635168,t-test,23,bounded
FAILED,,,824,3977,1737,0.8443064863812177,0.798470919104293,7.379280371377245,ks-test,31,bounded
FAILED,,,4219,1675,4160,0.2950261041615158,0.3809682940170168,3.4148306845556946,t-test,15,bounded
FAILED,,,3735,3019,1024,0.6468473066035658,0.0061990856174379,0.0951031656591221,ks-test,6,bounded
FAILED,,,1307,91,3604,0.2137282052915543,0.6741678526997567,9.137198572850787,t-test,41,bounded
FAILED,,,1468,2961,2421,0.9578909372277556,0.3707055720482021,3.68255097303912,t-test,5,bounded
FAILED,,,3575,191,4843,0.3998305307552218,0.9490188574045896,7.10019457654655,ks-test,39,bounded
FAILED,,,4340,3878,459,0.5333627894297241,0.5743019813168793,8.781588179112411,t-test,29,bounded
FAILED,,,701,1732,3035,0.1090065805651247,0.2464719995036721,0.4425521528171375,ks-test,14,bounded
FAILED,,,4,4558,4332,0.1834737352766096,0.0706741222534328,4.310248497421854,t-test,34,bounded
FAILED,,,4961,2334,1599,0.7415323534682393,0.7345017661303281,5.228113493560814,ks-test,25,bounded
FAILED,,,2915,3600,3463,0.3253651606068014,0.858746819363907,8.158762251185253,t-test,9,bounded
FAILED,,,2049,751,1198,0.749719588626176,0.4453872507587074,2.319523903837428,ks-test,49,bounded
FAILED,,,2290,4077,3411,0.686148228701204,0.92526083827205,0.9028367587877438,t-test,37,bounded
FAILED,,,2674,1536,679,0.2369393878281116,0.2541237077340483,9.866786371110937,ks-test,22,bounded
FAILED,,,4379,2533,3793,0.8207298755198718,0.1289039317313581,6.625280952023343,t-test,13,bounded
FAILED,,,586,616,1528,0.2563343631140887,0.5515224325358867,2.582685470333323,ks-test,46,bounded
COMPLETED,0.91,12.0,1216,3409,168,0.4532978526167571,0.6330262634772807,1.5250333059839905,t-test,2,bounded
FAILED,,,3826,944,2589,0.9025046672672032,0.0629972414597868,7.989223382517696,ks-test,41,bounded
FAILED,,,3344,4989,1956,0.0399779208302497,0.4367393947783857,5.998174665213563,t-test,26,bounded
FAILED,,,1700,1901,4532,0.604371414449066,0.758234558790922,4.455395934049972,ks-test,17,bounded
FAILED,,,1619,3227,2902,0.7779693771582096,0.1058185534551739,2.7002235929593446,t-test,21,bounded
FAILED,,,3423,1155,481,0.3302939704302698,0.714831697659567,6.820898118991406,ks-test,37,bounded
FAILED,,,3906,4769,4845,0.7288980735931545,0.8400400078445673,9.827365435984916,t-test,47,bounded
FAILED,,,1137,2071,2268,0.1629903335999697,0.4795606919024139,0.6291024043196812,ks-test,12,bounded
FAILED,,,506,4297,991,0.1139238464962691,0.3359289188459515,4.57228562299069,t-test,42,bounded
FAILED,,,4457,1365,3724,0.5616012794468552,0.9680814215708524,6.193219684812241,ks-test,1,bounded
FAILED,,,2754,2713,1840,0.3793584350291639,0.5943430307060479,7.950450881076978,t-test,17,bounded
FAILED,,,2211,407,4106,0.9452681938093156,0.2107091279719024,1.2518710988853123,ks-test,27,bounded
FAILED,,,2129,4416,1287,0.6150973885413258,0.6603697003126144,0.4813627974158153,t-test,40,bounded
FAILED,,,2836,2427,4020,0.0584483521003276,0.0199329342488199,9.05471224305313,ks-test,4,bounded
FAILED,,,4881,3498,886,0.8761460266876965,0.3946460478827357,6.983266744447873,t-test,13,bounded
FAILED,,,82,882,3151,0.4503991784658282,0.784614768417552,3.4875440965984015,ks-test,30,bounded
FAILED,,,782,3064,4530,0.2748163308408111,0.898276940703392,2.3589066958054894,t-test,24,bounded
FAILED,,,4262,58,2109,0.8314671555627137,0.2965732831601053,8.432534748811273,ks-test,35,bounded
FAILED,,,3494,4019,2723,0.2340294151622802,0.1723396957442164,5.110613514092751,t-test,50,bounded
FAILED,,,1548,1640,147,0.6597780442293733,0.5235600794870406,4.114593187295832,ks-test,9,bounded
FAILED,,,1387,3768,3847,0.4185137367807328,0.4549790095463395,8.709943362167104,ks-test,47,bounded
FAILED,,,3656,1855,1425,0.9683508878052234,0.8490907568205148,2.08950937484391,t-test,8,bounded
FAILED,,,4139,2848,3291,0.0902320718318223,0.7247877052873372,3.7688236165633424,ks-test,24,bounded
FAILED,,,903,311,711,0.5228115064017475,0.0802097862754017,5.467903473253362,t-test,32,bounded
FAILED,,,273,3713,1930,0.6896211148314177,0.2328553966656327,9.33273949075211,ks-test,16,bounded
FAILED,,,4692,630,4666,0.139785744652152,0.5877315024603158,0.2125650392184034,t-test,31,bounded
FAILED,,,2987,4669,280,0.8015394948124885,0.9625122064203024,3.141172579154372,ks-test,40,bounded
FAILED,,,1977,2210,2546,0.3689618485234678,0.3571547006163746,7.339935685317965,t-test,7,bounded
FAILED,,,2362,2657,345,0.1952310241647064,0.7795262104570865,5.925651968960651,ks-test,19,bounded
FAILED,,,2602,505,3081,0.6360947834178805,0.4153911724630743,4.851523990453222,t-test,28,bounded
FAILED,,,4648,4198,2445,0.297890406884253,0.0415851912721991,1.6073289199918508,ks-test,43,bounded
COMPLETED,0.91,294.0,317,1422,4711,0.8706309711672365,0.6542521837372332,7.602849321287125,t-test,3,bounded
FAILED,,,1014,4868,3586,0.9148224186338484,0.5340119725763797,6.5527117687966685,ks-test,45,bounded
FAILED,,,4028,2015,1164,0.4739606781676411,0.1462350431028753,2.9788623976577076,t-test,11,bounded
FAILED,,,3262,3285,4280,0.5919013134464621,0.2715128174051642,0.9851621721377596,ks-test,20,bounded
FAILED,,,1781,1056,1700,0.0191627753861248,0.907806473078206,9.480384894485583,t-test,35,bounded
FAILED,,,1779,2646,2832,0.3757843186296522,0.4217782928328961,1.2677252522045743,t-test,37,bounded
FAILED,,,3259,496,565,0.9487057297900318,0.7732433085702359,7.966252587554046,ks-test,21,bounded
FAILED,,,4025,4189,4932,0.1173699335083365,0.6489592198785394,6.2066749724634,t-test,12,bounded
FAILED,,,1012,1412,2196,0.5580490685589611,0.0470128301568329,4.585755214326085,ks-test,47,bounded
COMPLETED,0.91,1.0,314,4878,1071,0.7323527413792909,0.1448409926276653,0.6449005162511021,t-test,1,bounded
FAILED,,,4646,2024,3650,0.1594295419380068,0.5355416498444974,9.84322553054802,ks-test,42,bounded
FAILED,,,2600,3294,1763,0.7744038415327668,0.9102956318315119,6.834373688819819,t-test,27,bounded
FAILED,,,2359,1066,4188,0.3337229256369173,0.2691288289017975,2.7136753233140336,ks-test,17,bounded
COMPLETED,0.91,6020.0,1975,3757,1361,0.2306532662920653,0.8437825795616954,4.110923984983937,t-test,4,bounded
FAILED,,,2984,1846,3940,0.6630480692237615,0.46039140528813,5.1068823291491725,ks-test,40,bounded
FAILED,,,4689,2838,804,0.2780644503235816,0.0866121497880667,8.426457182290964,t-test,30,bounded
FAILED,,,271,301,3228,0.8280824556611477,0.7185200168006121,2.3528529687589033,ks-test,13,bounded
FAILED,,,900,3723,4446,0.8794027269445359,0.5902359043564647,3.48381650620047,t-test,35,bounded
FAILED,,,4137,639,2178,0.4470058977901935,0.2304866215623915,6.979591600892134,ks-test,24,bounded
FAILED,,,3654,4678,2795,0.6117298204451799,0.3557454367410391,9.048652537513524,t-test,9,bounded
FAILED,,,1384,2221,60,0.0617097963206469,0.9640266405455769,0.4752887881919741,ks-test,50,bounded
FAILED,,,1545,4427,3760,0.7981024495866149,0.0224387489240616,7.326578139509075,ks-test,8,bounded
FAILED,,,3492,2436,1497,0.3725364259351044,0.6580023677311838,3.1277530507138,t-test,47,bounded
FAILED,,,4260,3507,3361,0.6931738164741545,0.7832069173213094,0.1966465193200856,ks-test,32,bounded
FAILED,,,779,893,627,0.1363401186522096,0.3961619245298206,9.316844810327515,t-test,24,bounded
FAILED,,,80,3053,2007,0.0937933245059102,0.2912674704473465,5.45448750210926,ks-test,31,bounded
FAILED,,,4879,49,4584,0.5193573293704539,0.9036917307339608,3.7554600922614334,t-test,16,bounded
FAILED,,,2833,4010,201,0.4150852425862103,0.5299648075457662,2.0736087531754746,ks-test,6,bounded
FAILED,,,2127,1629,2620,0.971916914185509,0.1660744015462696,8.694028436814433,t-test,40,bounded
FAILED,,,2208,3238,427,0.5886317792069166,0.7134390897061675,9.486550667058674,ks-test,28,bounded
FAILED,,,2752,1164,3004,0.0225393852684646,0.1073496435023844,0.9912754978686572,t-test,19,bounded
COMPLETED,0.91,301.0,4455,4779,2371,0.9182076092902572,0.4820512931775301,2.9824767691800367,ks-test,3,bounded
FAILED,,,504,2081,4791,0.4707130196969956,0.8376574321202934,6.556340444003233,t-test,43,bounded
FAILED,,,1134,4287,3514,0.3012841485720127,0.9744709362294524,7.608959089721553,ks-test,11,bounded
FAILED,,,3904,1355,1250,0.8673747616652399,0.3296483815051615,1.6135006710579616,t-test,45,bounded
FAILED,,,3420,2704,4364,0.1919700409565121,0.2054185584019869,4.855158606903628,ks-test,35,bounded
FAILED,,,1617,396,1631,0.6394628422688692,0.5997730341367423,5.929262745937333,t-test,20,bounded
FAILED,,,1697,4067,937,0.9923975795321166,0.2555158546753227,6.283178199655377,ks-test,18,bounded
FAILED,,,3341,1526,3202,0.4276994163841009,0.9237292574699968,2.9437042304901406,t-test,29,bounded
FAILED,,,3824,2523,1318,0.5144486256241798,0.5490313702486455,1.1863205547165123,ks-test,44,bounded
COMPLETED,0.91,127.0,1213,607,4052,0.065546272303909,0.1312860167007893,9.603440393248572,t-test,2,bounded
FAILED,,,584,3418,2692,0.1489658363424241,0.0566082175560295,5.655528354220093,ks-test,45,bounded
FAILED,,,4376,955,114,0.7136657803356647,0.6393072618301958,4.815737634528428,t-test,10,bounded
FAILED,,,2672,4999,4478,0.3442780677825212,0.7635256191156805,1.809117875275202,ks-test,19,bounded
FAILED,,,2287,1910,2058,0.7931822093836963,0.4313098523598164,7.726497249596753,t-test,36,bounded
FAILED,,,2046,2952,4897,0.6423813845552504,0.9465125519745052,9.121189462952318,ks-test,48,bounded
FAILED,,,2912,180,2319,0.2183316558077931,0.3730724436175077,0.0791465026028454,t-test,7,bounded
FAILED,,,4959,3868,2933,0.8489013561233877,0.247879359845072,3.401525585588999,ks-test,23,bounded
FAILED,,,1,1723,513,0.2905383063443005,0.5727856436576693,7.3659609687263154,t-test,33,bounded
FAILED,,,699,4568,1809,0.4970630980916321,0.7398080398552119,8.499021523124538,ks-test,15,bounded
FAILED,,,4338,2344,4073,0.921114845626056,0.0652598229777067,1.9566808838276193,t-test,31,bounded
FAILED,,,3572,3610,939,0.011804841555655,0.4389829837121069,4.02858419345133,ks-test,41,bounded
FAILED,,,1466,760,3674,0.5701699175573886,0.8650126043166965,5.493298183957116,t-test,6,bounded
ABANDONED,,,1305,3552,2491,0.3210819945465773,0.1875434982664883,2.3135083199488,t-test,39,bounded
ABANDONED,,,3732,860,4758,0.7538966345284133,0.5083086291309445,8.15279911413882,ks-test,5,bounded
ABANDONED,,,4216,4469,373,0.1876422301474958,0.8820993801914155,5.224344165459276,t-test,14,bounded
ABANDONED,,,822,2401,3107,0.7372272818963975,0.312802298573777,4.306464865636081,ks-test,29,bounded
ABANDONED,,,191,3968,4252,0.5375227035265416,0.3784643828757107,0.4365925730671733,t-test,25,bounded
ABANDONED,,,4768,1664,1674,0.1047100897673517,0.8008401552196592,8.775566616730764,ks-test,34,bounded
ABANDONED,,,3064,3009,3540,0.9535991903934627,0.6755776073299348,7.096405003516936,t-test,49,bounded
FAILED,,,1896,82,1117,0.4040161574315279,0.0046851125042885,3.6787852394832306,ks-test,9,bounded
ABANDONED,,,2439,4745,3337,0.0353749610688537,0.6095518746189773,4.468903668543325,t-test,22,bounded
ABANDONED,,,2521,2127,759,0.6088377975095063,0.1954603693317621,6.011744382338599,ks-test,37,bounded
ABANDONED,,,4566,3202,3875,0.4577861411888152,0.3197481907345354,8.004986945836805,t-test,46,bounded
ABANDONED,,,393,1207,1451,0.8979102585371583,0.9843058714773506,1.5407730298293751,ks-test,13,bounded
ABANDONED,,,1091,2740,253,0.8252095833178609,0.8238633842281997,2.596251630161889,t-test,42,bounded
COMPLETED,0.91,69.0,3947,353,2520,0.2517485351581126,0.4957887704204768,6.638794665009716,ks-test,2,bounded
ABANDONED,,,3180,4320,1884,0.6815366881657392,0.1210232928730547,9.882532036200164,t-test,17,bounded
ABANDONED,,,1857,1310,4619,0.2414143516626209,0.699579310407862,0.9185967275612056,ks-test,26,bounded
ABANDONED,,,1814,4925,2136,0.5966375252306461,0.9289507235530764,3.552805056347512,ks-test,29,bounded
ABANDONED,,,3146,1918,4400,0.0475940288864076,0.2658543508648872,6.931351997445337,t-test,14,bounded
ABANDONED,,,3941,3380,36,0.894523560296744,0.1406536102015525,8.921095093822105,ks-test,5,bounded
ABANDONED,,,1018,1000,2770,0.4611540401726961,0.5552313531562685,0.6211558789331466,t-test,38,bounded
ABANDONED,,,466,2556,3974,0.2639470172971487,0.6286908496860414,4.17985532039404,ks-test,9,bounded
ABANDONED,,,4572,567,1396,0.8129923019222915,0.0515961402058601,5.058699940439315,t-test,49,bounded
ABANDONED,,,2555,4137,3280,0.2447992671988904,0.4253268723208457,8.298918810178526,ks-test,34,bounded
ABANDONED,,,2482,1522,859,0.6781705681681633,0.7538877237960696,2.4987009879210964,t-test,25,bounded
ABANDONED,,,1930,3658,3595,0.7573318710252642,0.3666026199031621,0.7712611438632012,ks-test,12,bounded
ABANDONED,,,3107,725,1017,0.3176274829097092,0.9373624520972372,9.696114093776792,t-test,46,bounded
ABANDONED,,,4841,4574,4151,0.7493923369385302,0.5626569972131401,6.766619948913344,ks-test,37,bounded
ABANDONED,,,197,2267,1731,0.1754964465275406,0.2423804685622453,2.7631212786296384,t-test,22,bounded
ABANDONED,,,816,3867,591,0.1012728251889348,0.0741396210361272,1.394028665079735,ks-test,26,bounded
ABANDONED,,,4143,1795,2855,0.5409792395271361,0.74649486643821,7.819198365519755,t-test,17,bounded
COMPLETED,0.91,10.0,3689,2909,2241,0.3918490817435085,0.8707208843324333,6.138940304135905,ks-test,2,bounded
ABANDONED,,,1271,211,4975,0.9657469909414648,0.4488337142020463,4.6351820980627085,t-test,42,bounded
COMPLETED,0.91,309.0,1421,3007,1195,0.2061160418633371,0.5023258944693952,7.541247366887519,t-test,3,bounded
ABANDONED,,,3537,154,3462,0.654585341213271,0.1779063093364238,1.662902821340598,ks-test,44,bounded
ABANDONED,,,4334,3925,1596,0.2871667155455797,0.3021865928191691,4.981477217443288,t-test,28,bounded
ABANDONED,,,626,1695,4331,0.8522846079263836,0.8770875482186675,5.782195114199073,ks-test,18,bounded
ABANDONED,,,74,4517,3029,0.9333284426424652,0.810207042330876,9.4187817294877,t-test,36,bounded
ABANDONED,,,4963,2366,451,0.4848611620794981,0.3846641204059124,1.0407348628882318,ks-test,20,bounded
FAILED,,,1163,437,2,0.1598077168762683,0.971502441048622,2.148921384900808,t-test,3910,bounded
FAILED,,,4651,2707,2867,0.8894992410298436,0.4153756058681756,5.8342436974970635,ks-test,1190,full
FAILED,,,2676,1329,1834,0.4231716359890997,0.237658993365243,7.541603431777099,t-test,1678,full
FAILED,,,1825,4235,4048,0.6525259210467339,0.679518329679966,3.854620941955596,ks-test,3146,bounded
FAILED,,,1906,2052,3406,0.5714931747876107,0.5289887537900358,0.3861903009880334,t-test,2165,full
FAILED,,,3518,4801,1183,0.3480198541060089,0.0861433664485812,6.659606655943208,ks-test,3010,bounded
FAILED,,,4121,1159,4760,0.8377076313216238,0.2628207237794995,9.928852720321155,t-test,4749,bounded
FAILED,,,146,3273,1905,0.1177898049484938,0.8179919979367404,3.654691046569496,ks-test,155,full
FAILED,,,562,1682,4633,0.2727464440260082,0.4890843463726341,4.9205816843863595,t-test,2261,full
FAILED,,,3929,3962,2500,0.5580163246151059,0.9348516694586724,8.684617785937153,ks-test,2638,bounded
FAILED,,,3433,85,3455,0.0059076283611357,0.7240039595793932,5.391885705281981,t-test,4653,bounded
FAILED,,,2390,2980,665,0.7888402763605117,0.1717546286024153,1.6273730750009416,ks-test,527,full
FAILED,,,1381,807,1317,0.9965389481149612,0.011459971955046,2.611606625875458,t-test,4165,bounded
FAILED,,,2875,3546,4096,0.2038935144916176,0.5627156452052295,8.806273451290092,ks-test,663,full
FAILED,,,4801,2404,598,0.7325811329204588,0.7764300325773656,7.076647089813837,t-test,1422,full
FAILED,,,632,4529,2740,0.4414911936055868,0.3296995045896619,0.8799797973111271,ks-test,3673,bounded
FAILED,,,854,2257,2272,0.8612737392857671,0.6401981473136693,9.128379150234164,ks-test,2694,full
FAILED,,,4965,4674,4503,0.0945468200109899,0.1932235041111707,2.892820792158134,t-test,2445,bounded
FAILED,,,2985,661,814,0.5949859985541552,0.405234273225069,1.187119093275629,ks-test,393,bounded
FAILED,,,1511,3693,3662,0.3246978743690997,0.956242979677394,7.421021539157258,t-test,4392,full
FAILED,,,2222,251,4260,0.3996359808500856,0.8602953154072165,8.381133081294594,ks-test,920,bounded
FAILED,,,3206,2814,1422,0.6757384531591087,0.3082929846886545,4.577434967939743,t-test,4295,full
FAILED,,,3804,1847,2655,0.1363453524410724,0.0952505447957664,1.3089315031683073,ks-test,3495,full
FAILED,,,456,3796,415,0.912790767941624,0.5412620091214775,5.11188973610662,t-test,1371,bounded
FAILED,,,246,1012,2997,0.6935097911432385,0.1499789876323193,6.3536828751452274,ks-test,978,bounded
FAILED,,,4241,3419,230,0.4803612348102033,0.7049070983417332,0.0406003364780917,t-test,3883,full
FAILED,,,3750,1906,3840,0.957424778683111,0.8837753488756716,3.333810398581438,ks-test,3437,full
FAILED,,,2079,4948,1686,0.2427150174397975,0.4406896571051329,9.646413503082469,t-test,1782,bounded
FAILED,,,1690,1496,1078,0.0450094229634851,0.3505630553774535,6.153910916272552,ks-test,2910,full
FAILED,,,2561,4070,3242,0.7499397823307663,0.7926627295818179,2.4276916885087267,t-test,1880,bounded
FAILED,,,4493,602,2087,0.3118910662829875,0.6166535126622766,4.159321757751518,ks-test,177,bounded
FAILED,,,946,2540,4844,0.519164368841797,0.0607698446474969,7.883534037070349,t-test,4957,full
FAILED,,,1039,1259,3537,0.9217237710747868,0.8309187584035098,9.517636027761736,ks-test,2352,full
FAILED,,,4389,4311,779,0.1548723748084157,0.2752642561700194,3.125821783285588,t-test,2748,bounded
FAILED,,,2623,355,4551,0.6592859258688986,0.0658724969383329,0.1705812582317739,ks-test,4484,bounded
FAILED,,,1638,2792,2386,0.3891226876378059,0.5082346524856984,6.5606966049624615,t-test,340,full
FAILED,,,2173,1234,533,0.3393078979216516,0.669572503356263,7.98921808382217,ks-test,4348,bounded
FAILED,,,3646,3202,2688,0.6152911874428391,0.2262547905035316,4.341732834067196,t-test,827,full
FAILED,,,4302,2139,1381,0.0719237216431647,0.4346071458496153,2.323440543124452,ks-test,1317,full
FAILED,,,193,4721,4148,0.8484878960978239,0.9892756305169313,5.970142926911824,t-test,3587,bounded
FAILED,,,353,4,1723,0.504475110689178,0.3173207220956683,7.2140625097574675,ks-test,3820,bounded
FAILED,,,3899,3066,3963,0.2912016014810651,0.7635603483859449,1.057235745742917,t-test,1080,full
FAILED,,,3154,1610,113,0.7722095372118056,0.5834126702342182,3.1008640706222503,ks-test,1846,full
FAILED,,,2284,4037,2952,0.0576241860389709,0.031666091568768,9.257254237025043,t-test,3335,bounded
FAILED,,,1407,2489,4814,0.2341658143363893,0.1832235218752175,5.295712425884792,ks-test,1982,full
FAILED,,,3079,4447,1967,0.9389774667993188,0.7340069216638803,1.413280222773552,t-test,2847,bounded
FAILED,,,4913,883,3351,0.4969843663293868,0.9170213665366173,4.395078554792329,ks-test,4854,bounded
FAILED,,,916,3476,1121,0.7043769037257879,0.4697881159801036,8.275546646012925,t-test,240,full
FAILED,,,724,736,3776,0.0954591351225972,0.5619896914567797,1.7573185541620475,t-test,1126,bounded
FAILED,,,4700,3622,1634,0.8252756056450307,0.1154869053177535,5.5988585913758735,ks-test,4013,full
FAILED,,,2940,2344,3062,0.3627700272034853,0.2958230333290994,8.555795294985174,t-test,3210,full
FAILED,,,1327,4594,282,0.5919999021906405,0.8473340459521859,4.712561798405834,ks-test,1575,bounded
FAILED,,,2482,1777,2169,0.6357200521286576,0.9385038456209004,0.7757593638738617,t-test,3113,full
FAILED,,,3332,3871,4958,0.4123654383514076,0.3860296280961483,6.8929246748220185,ks-test,2102,bounded
FAILED,,,3994,170,996,0.8982311815321445,0.2046617400776594,8.911997708529233,t-test,52,bounded
FAILED,,,507,2899,3128,0.1781941203214228,0.6501708684898913,2.7940537780197334,ks-test,4813,full
FAILED,,,44,1991,869,0.4578828059509396,0.040590619886294,4.06270029624831,t-test,2545,full
FAILED,,,4212,4867,3724,0.7432771635316312,0.5959905207380652,7.670518729055301,ks-test,2315,bounded
FAILED,,,3463,1088,2218,0.1950214263033121,0.8055593086257576,5.627330242466182,t-test,620,bounded
FAILED,,,1970,3349,4441,0.9778291883487255,0.3629758709762245,2.0190687306905164,ks-test,4599,full
FAILED,,,1723,522,2544,0.8112806373294443,0.4599513785094022,3.47230336273741,t-test,718,bounded
FAILED,,,2767,2627,331,0.0187543864939361,0.9015792328286916,9.82322126940824,ks-test,4072,full
FAILED,,,4596,1425,4372,0.5435890384614467,0.6948696272689849,6.843388501998038,t-test,3619,full
FAILED,,,1227,4144,1507,0.2523803401924669,0.1384836753904819,0.4905035780007019,ks-test,1515,bounded
FAILED,,,1204,2187,4129,0.7397662773616612,0.2686282617505639,2.5561370967226105,ks-test,385,bounded
FAILED,,,4536,4751,1281,0.4642719544023275,0.835734914895147,8.859606963597239,t-test,4520,full
FAILED,,,2790,1205,2787,0.973513107324019,0.5034246824793517,7.133165853803978,ks-test,2781,full
FAILED,,,1783,3153,557,0.1964594829883426,0.0725175331439822,0.830479374385439,t-test,2395,bounded
FAILED,,,2025,326,2444,0.0299099839199334,0.2319175288416445,4.933616968934425,ks-test,3542,full
FAILED,,,3481,2743,4684,0.797247015563771,0.6618310464750974,8.669446484543382,t-test,1282,bounded
FAILED,,,4157,1308,643,0.2645847848169505,0.997008045611903,5.380204204848037,ks-test,794,bounded
FAILED,,,26,4341,3481,0.5342628561183809,0.4289382210262119,1.646072916499339,t-test,4305,full
FAILED,,,520,932,1219,0.8139522592909633,0.7549680564496665,0.40641586880479,ks-test,3287,full
FAILED,,,4044,3505,3373,0.1096300492733716,0.3279765043035149,6.6323627470619995,t-test,1808,bounded
FAILED,,,3319,2460,1946,0.5799018175248056,0.0210041228756308,9.904832206280902,ks-test,1049,bounded
FAILED,,,2432,4398,4713,0.3720203061308711,0.5919959203843027,3.6808475774554537,t-test,3780,full
FAILED,,,1262,1581,2816,0.4157395080197602,0.7455216586887836,2.0814173727938905,ks-test,288,bounded
FAILED,,,2912,3988,59,0.629498176721856,0.1735438510496169,5.894729349914939,t-test,4892,full
FAILED,,,4765,53,4021,0.182586580645293,0.4794768285918981,7.605617028312758,ks-test,2878,full
FAILED,,,752,3095,1857,0.8966862890049814,0.9055128159970044,3.792743362265639,t-test,2022,bounded
FAILED,,,891,199,3264,0.2878905863743275,0.1243233254812657,6.18113545558136,t-test,1610,full
FAILED,,,4845,2948,1051,0.5107557577062398,0.5510897810216993,2.407485490264371,ks-test,3255,bounded
FAILED,,,3104,1728,4901,0.0531691470369696,0.8582429981734603,4.133145857293159,t-test,4055,bounded
FAILED,,,1474,3843,2036,0.7736951822452247,0.2869927996508777,7.907573920683005,ks-test,1159,full
FAILED,,,2337,2294,183,0.9502377585917712,0.3762171262931078,6.293178449141792,t-test,4777,bounded
FAILED,,,3165,4565,3038,0.2199361285753548,0.9464812812246381,0.1081231035459786,ks-test,8,full
FAILED,,,3846,766,1653,0.716537567069754,0.6421872464008628,3.395669204685837,t-test,2059,full
FAILED,,,342,3671,3877,0.4877933348957449,0.2144652000945061,9.582418680132369,ks-test,3080,bounded
FAILED,,,209,1454,1448,0.1437793560605496,0.6028696916177869,8.327818342573009,t-test,4561,bounded
FAILED,,,4360,4194,4238,0.9358166403342038,0.0355312869343906,4.632885723507032,ks-test,573,full
FAILED,,,3630,473,466,0.3768551884517073,0.368026162141934,1.3584506996795536,t-test,2275,full
FAILED,,,2116,2597,2598,0.6685533366017044,0.7986739512607454,5.055352198530921,ks-test,2515,bounded
FAILED,,,1575,1040,4462,0.618739494934678,0.897625392081216,9.143569821200332,t-test,1553,full
FAILED,,,2603,3320,2319,0.3328595019765198,0.4659839377999305,2.8797661380376662,ks-test,3666,bounded
FAILED,,,4451,2020,3626,0.8528670316841453,0.1324573025852441,1.1684386213496327,t-test,4113,bounded
FAILED,,,1060,4916,846,0.0705444365683943,0.6988325098026544,7.4326836700188,ks-test,748,full
FAILED,,,998,1130,1998,0.4729820107705891,0.4092193763572722,5.164585626302288,t-test,3201,full
FAILED,,,4504,3225,4777,0.6959701645225286,0.975823745638132,1.5471533297291025,ks-test,1703,bounded
FAILED,,,2509,2101,1167,0.2423274735454469,0.6751880056113004,4.522409812164494,t-test,1213,bounded
FAILED,,,1679,4830,3309,0.9627309352960436,0.2438090363908559,8.140586757048963,ks-test,3963,full
FAILED,,,2054,1378,3908,0.7650243927706033,0.0913264885917305,7.307675494862721,t-test,100,bounded
FAILED,,,3683,4264,1775,0.0348434252422302,0.521742260346189,0.9663690680107102,ks-test,4724,full
FAILED,,,4266,407,2930,0.5275009514801204,0.8252446778658777,3.003761284557171,t-test,2987,full
FAILED,,,313,2658,141,0.2986356329843402,0.257646643422544,9.346728391498328,ks-test,2113,bounded
FAILED,,,394,2375,2725,0.0793558496125042,0.9267542517315596,8.09486493727006,t-test,470,bounded
FAILED,,,3784,4480,502,0.8715156404227017,0.4992603636719286,4.243714612211101,ks-test,4625,full
FAILED,,,3268,856,4191,0.3165290406588465,0.1615876530893146,2.218842328527011,t-test,2618,full
FAILED,,,2243,3576,1336,0.6081041394677013,0.7321075637917965,6.071994834136218,ks-test,2211,bounded
FAILED,,,1527,133,727,0.6830412978995591,0.5737354187928139,9.379319540897384,t-test,3730,full
FAILED,,,3042,3009,3592,0.397282443312928,0.0022599173244088,3.271766901741736,ks-test,1450,bounded
FAILED,,,4949,1653,2359,0.9133151283375918,0.3388933727350085,0.3102521251970902,t-test,684,bounded
FAILED,,,797,3913,4572,0.1308719227835536,0.7654012172035873,6.418279430624097,ks-test,4215,full
FAILED,,,687,1798,352,0.5507760585527866,0.2025396594405174,3.5703409541659057,ks-test,4417,bounded
FAILED,,,4820,3766,2516,0.2751592290569097,0.628803392412141,9.717555046387949,t-test,448,full
FAILED,,,2820,280,1562,0.7882528614029288,0.9676315480936318,6.741555964346045,ks-test,2497,full
FAILED,,,1363,2863,4320,0.0113222864083945,0.3959090761095285,0.5950824230257422,t-test,2718,bounded
FAILED,,,2367,691,3678,0.2190219062119722,0.2980008369479328,3.91677395137772,ks-test,1345,full
FAILED,,,3373,3743,911,0.9862377994842826,0.8687677441909908,7.808816442334094,t-test,3440,bounded
FAILED,,,3952,2209,4410,0.4497230818774551,0.532798622123897,5.769766190390104,ks-test,4242,bounded
FAILED,,,621,4645,2255,0.7195217636171727,0.1055488790217787,1.8793790901396423,t-test,897,full
FAILED,,,81,553,4986,0.8744776851516217,0.7122811136879027,0.6418674833327532,ks-test,1755,full
FAILED,,,4093,2511,2148,0.1700324927140027,0.1444399195145815,7.02407024799008,t-test,3379,bounded
FAILED,,,3582,1525,3180,0.6441267597302794,0.4462349117081612,9.046938823907634,ks-test,3833,bounded
FAILED,,,1934,4118,940,0.4363678217940032,0.8764103753156959,2.6667412942331286,t-test,957,full
FAILED,,,1838,1936,1591,0.3553360235840082,0.7882138956543057,1.848165862321853,ks-test,4985,bounded
FAILED,,,2726,4997,3822,0.5689740297980606,0.357075260605663,5.50526497584302,t-test,235,full
FAILED,,,4638,963,245,0.1182399275209754,0.0542485976330935,8.466301770939491,ks-test,1930,full
FAILED,,,1113,3390,3093,0.832460722202435,0.6210961601044983,4.809683954043313,t-test,2931,bounded
FAILED,,,1125,1633,1662,0.0030464709307998,0.0787573387622833,6.506512572868728,ks-test,4231,bounded
FAILED,,,4611,4050,3904,0.7956031597200781,0.5050348723549396,0.2024514684211462,t-test,868,full
FAILED,,,2715,36,176,0.2678142398148775,0.8419138687718659,3.1842411213815214,ks-test,1355,full
FAILED,,,1864,3068,3011,0.5590533760376275,0.2701775961667299,9.486336400476285,t-test,3469,bounded
FAILED,,,1944,875,4908,0.727767118833959,0.4237337445411831,6.003273053287529,ks-test,2469,full
FAILED,,,3558,3439,2063,0.4424032438211142,0.9944839958623052,2.268072881160304,t-test,2707,bounded
FAILED,,,4082,2472,3256,0.9935523284655065,0.6565657145306468,4.311693122968078,ks-test,4447,bounded
FAILED,,,106,4421,1023,0.2107750489879399,0.2293326273504644,8.046453792047686,t-test,458,full
FAILED,,,600,388,3598,0.4281038439180702,0.5865482060946524,9.278177137385123,ks-test,1940,full
FAILED,,,3968,2795,838,0.6514888956490904,0.0187236678432673,3.0528214594516903,t-test,2960,bounded
FAILED,,,3395,1281,4488,0.1626688845306634,0.3224678193014114,1.0345181055031716,ks-test,4976,bounded
FAILED,,,2350,4323,2327,0.8827363836951553,0.7526266269870102,7.259093971901574,t-test,204,full
FAILED,,,1343,2120,439,0.8406942398175598,0.91199621633254,8.228685280765406,ks-test,3862,bounded
FAILED,,,2835,4694,2592,0.1109082518629729,0.4808437806628644,4.414743922913448,t-test,967,full
FAILED,,,4839,1228,1476,0.5763071777205914,0.1799662769548595,1.4594929308407008,ks-test,1724,full
FAILED,,,671,3166,4246,0.347107785301283,0.7468276400472968,5.2717372534060845,t-test,3371,bounded
FAILED,,,816,1061,651,0.9544417225830256,0.2854356280285865,4.761247255885042,t-test,2996,full
FAILED,,,4925,3331,3509,0.2495996470376849,0.8520566532313824,8.534305983629078,ks-test,2143,bounded
FAILED,,,3023,1955,2437,0.6886993443239479,0.5494717539399862,5.554479511329904,t-test,90,bounded
FAILED,,,1550,4861,4657,0.4812763838451355,0.1180761287976056,1.7794602476162835,ks-test,4695,full
FAILED,,,2260,1428,2794,0.3069553059581667,0.2170579685345292,2.773743328639306,t-test,1243,bounded
FAILED,,,3246,4177,583,0.520198317727074,0.647459939667955,8.959428017716855,ks-test,3972,full
ABANDONED,,,3766,534,4121,0.0421447057016193,0.9490131979230793,6.916245230251924,t-test,3173,full
ABANDONED,,,417,2648,1253,0.7566995594352482,0.381428964100778,0.7301251355363056,ks-test,1693,bounded
FAILED,,,284,2306,3994,0.599796426784247,0.801022771788761,1.9865562701793384,t-test,675,bounded
FAILED,,,4280,4586,1849,0.3237827141806483,0.3735426843501627,5.682080089569093,ks-test,4185,full
ABANDONED,,,3711,710,2843,0.8642567767966539,0.0378191330321133,7.701166570229456,t-test,3740,full
FAILED,,,2039,3605,66,0.0876621792595833,0.6083252431135625,4.004856308951043,ks-test,1479,bounded
ABANDONED,,,1652,183,1919,0.1392100957278162,0.6975191671214998,0.5465157252373173,t-test,2587,full
ABANDONED,,,2522,2922,4706,0.9060309945549816,0.1260270097311586,6.809690027669073,ks-test,2202,bounded
ABANDONED,,,4531,1779,1247,0.4045717671997844,0.4646096244063228,9.766639582244679,t-test,499,bounded
ABANDONED,,,985,3903,3382,0.6747045079916715,0.8911341247968375,3.5017651900937783,ks-test,4635,full
FAILED,,,1079,112,4377,0.7654498233105987,0.2500562925599515,3.900562401510775,t-test,2050,full
FAILED,,,4427,2998,2242,0.0604889888111501,0.676806092178449,7.517365354602226,ks-test,3050,bounded
FAILED,,,2584,1718,3709,0.5034412250071763,0.9820100310947744,5.7877309100544085,t-test,4788,bounded
ABANDONED,,,1599,3969,923,0.2961374473161995,0.410776488494128,2.1689245844390244,ks-test,36,full
ABANDONED,,,2133,2402,1531,0.4960691466554999,0.2524348651003092,3.6316365992650392,t-test,4025,bounded
ABANDONED,,,3607,4496,4308,0.7091872724704444,0.8227128206528723,9.973534263690002,ks-test,1150,full
FAILED,,,4342,795,385,0.2272811140995472,0.5164695075936615,6.680793503976428,t-test,1639,full
FAILED,,,231,3525,2530,0.94196044482477,0.088733660666272,0.3384175973590463,ks-test,3266,bounded
FAILED,,,314,1367,258,0.66031981526874,0.7266519528105854,1.59699432188645,t-test,4122,bounded
FAILED,,,3860,4243,3125,0.3841868678275495,0.1592997475061565,5.448774027676322,ks-test,777,full
FAILED,,,3194,463,1580,0.9284834886938332,0.4937439009491354,8.718009625035338,t-test,1542,full
FAILED,,,2323,2724,3790,0.1520075980611145,0.9244054906889796,4.865486462907866,ks-test,3638,bounded
FAILED,,,1447,1146,3192,0.0788084107264876,0.7718924250025301,0.9381256519444288,t-test,2305,full
FAILED,,,3117,3251,971,0.845504899483174,0.3402676266431808,7.0450870907763035,ks-test,2524,bounded
FAILED,,,4873,2051,4973,0.3402231064420193,0.0086902696639299,8.752435762050562,t-test,4533,bounded
FAILED,,,878,4770,2115,0.610480800108984,0.5750488209594041,2.6438172190506006,ks-test,562,full
FAILED,,,763,1884,2897,0.1881398137323558,0.394359801178798,7.364699180768803,ks-test,804,bounded
FAILED,,,4738,4935,128,0.9808157373592256,0.9614526537023484,1.216855745065026,t-test,4334,full
FAILED,,,2900,981,3939,0.4569706776607781,0.6271931430511176,2.948491513432004,ks-test,3533,full
FAILED,,,1288,3418,1787,0.7480911069791762,0.1962997943367809,9.094335674021393,t-test,1252,bounded
FAILED,,,2442,610,1135,0.5425520725492387,0.1081338399983942,5.142881536187605,ks-test,2810,full
FAILED,,,3294,2578,3297,0.2573126076068729,0.5380640135537833,1.2514302828041837,t-test,2405,bounded
FAILED,,,4034,1513,2030,0.8045178394801915,0.8712917344551533,4.544646640018561,ks-test,355,bounded
FAILED,,,545,4095,4790,0.0216156071275472,0.3032052539475262,8.435624940592795,t-test,4511,full
FAILED,,,4,629,2372,0.3636821369044482,0.8787517452929168,9.670085020264608,ks-test,2867,full
FAILED,,,4173,3691,4605,0.5871859475895762,0.4517435372248291,3.288511636338197,t-test,1994,bounded
FAILED,,,3502,2236,715,0.1023407291043549,0.1467204340323805,0.0200210225330665,ks-test,298,bounded
FAILED,,,2009,4663,3561,0.8222890454810112,0.7177288874629884,6.400847895689309,t-test,4922,full
FAILED,,,1763,1865,4203,0.9049940054062752,0.6197901192605494,7.839421288644894,ks-test,1021,bounded
FAILED,,,2806,3823,1367,0.1753329034056514,0.0478261122424155,4.181730974799954,t-test,3769,full
FAILED,,,4556,258,2712,0.6367570440657437,0.3557083680201321,2.476042722870596,ks-test,3317,full
FAILED,,,1189,2851,469,0.4074331746548414,0.781730554804206,6.1320693021938215,t-test,1817,bounded
FAILED,,,1244,825,2623,0.5847124799787998,0.6857581520285457,8.168485683407635,t-test,62,bounded
FAILED,,,4575,3574,402,0.3711049117185175,0.2392691665105521,4.482572151863017,ks-test,4843,full
FAILED,,,2751,2352,4292,0.8169355310257524,0.4215545727573334,1.5210463123125955,t-test,3102,full
FAILED,,,1744,4467,1434,0.1027451742980629,0.9730517847593873,5.207437564561144,ks-test,2073,bounded
FAILED,,,1985,1669,783,0.1854510822724551,0.8127875344641506,9.305707101326435,t-test,3240,full
FAILED,,,3443,3940,3650,0.8899267572779208,0.2602966610174626,3.0329201271021735,ks-test,1584,bounded
FAILED,,,4197,141,2305,0.4206750527098774,0.0808780512344092,1.008037376399152,t-test,1098,bounded
FAILED,,,64,3046,4516,0.6284644732140005,0.526403835568577,7.2828283936325455,ks-test,4002,full
ABANDONED,,,481,2079,2100,0.970529809564352,0.1663069310430437,6.0187685528993615,t-test,3610,full
ABANDONED,,,4005,4819,4877,0.2033443542458117,0.7217234878167509,2.2553236889215182,ks-test,1485,bounded
ABANDONED,,,3359,1098,1066,0.734955588882789,0.929342997469008,4.2927072264095765,t-test,728,bounded
ABANDONED,,,2470,3221,3211,0.4651873450968414,0.4867429038975387,8.05781105701439,ks-test,4101,full
ABANDONED,,,1302,414,3852,0.2596492587160318,0.3361829179376363,6.453503258779644,t-test,590,bounded
ABANDONED,,,2950,2694,1717,0.5352965707797556,0.777796971635893,0.2582070898832753,ks-test,4590,full
ABANDONED,,,4725,1396,2984,0.0270455008819699,0.5691380878407508,3.233455489247106,t-test,2574,full
ABANDONED,,,713,4292,197,0.8040065584443509,0.0127659365832805,9.429493401018902,ks-test,2325,bounded
ABANDONED,,,931,1561,4727,0.3817876380402595,0.954685791324824,0.5592461438905448,ks-test,1307,full
ABANDONED,,,4884,4125,1891,0.6675160695444792,0.3990479450132697,6.794213301642799,t-test,3559,bounded
ABANDONED,,,3065,581,3437,0.1466407588683068,0.1916054640170186,9.755263543692417,ks-test,4358,bounded
ABANDONED,,,1436,2529,1195,0.9290535413399338,0.6339509636424481,3.520769860237837,t-test,857,full
ABANDONED,,,2297,952,1803,0.8558534059561788,0.5438547645490616,1.930781279144809,ks-test,4456,bounded
ABANDONED,,,3127,3368,4036,0.0636631177067756,0.1005232510752975,5.735108773230576,t-test,329,full
ABANDONED,,,3886,1932,35,0.6235532636437565,0.3108248846568167,7.7579902001144365,ks-test,2382,full
ABANDONED,,,381,4965,2880,0.331947667395696,0.8655071699451655,3.955661310657859,t-test,2757,bounded
ABANDONED,,,169,307,611,0.0503077553827315,0.4430384609028696,2.705934469262138,ks-test,4865,bounded
ABANDONED,,,4321,2880,2773,0.7804582998286933,0.8892918878141791,9.019608245502226,t-test,269,full
ABANDONED,,,3669,1835,1305,0.2829581479392945,0.7071949314270168,6.980564288669266,ks-test,1973,full
FAILED,,,2154,3774,4065,0.5117930433526635,0.1554345521405339,0.6685523844920099,t-test,2817,bounded
ABANDONED,,,1615,2206,3466,0.7117237946428357,0.0594564889539033,4.781167361820117,ks-test,1875,full
FAILED,,,2641,4614,697,0.4887051434516906,0.61022323282063,8.506757246102206,t-test,3345,bounded
FAILED,,,4411,678,4620,0.9472513806018978,0.7912883994579315,5.5307638631844895,ks-test,3790,bounded
ABANDONED,,,1022,3719,2468,0.2268174214120954,0.3440718048233538,1.8059222031347448,t-test,1071,full
ABANDONED,,,960,2424,1004,0.3174409087002277,0.5144818956423551,0.7925047689555214,ks-test,3505,full
ABANDONED,,,4464,4392,3156,0.6032904265262186,0.0674905965179204,7.183689632700757,t-test,1400,bounded
ABANDONED,,,2547,905,2162,0.0862372019346803,0.2814505248963832,8.894566844079641,ks-test,911,bounded
FAILED,,,1719,3488,4932,0.868529321918264,0.8324758872706443,2.5038221538672225,t-test,4265,full
ABANDONED,,,2092,65,3069,0.920078186435625,0.9840638354644178,1.695336779209785,ks-test,422,bounded
FAILED,,,3722,3117,309,0.12801047164388,0.4320753053668886,5.343413229288534,t-test,4402,full
FAILED,,,4228,1584,3768,0.6840785240605473,0.220982024738565,8.615871625501663,ks-test,2664,full
FAILED,,,273,4020,1606,0.3923499453924596,0.6669796884432435,4.9697604792872445,t-test,2436,bounded
ABANDONED,,,433,1179,4344,0.2354460951983928,0.0262104675751179,3.7227893693065273,ks-test,167,bounded
ABANDONED,,,3823,3137,1498,0.9657172500826418,0.5811247776634991,9.880245476802811,t-test,4928,full
ABANDONED,,,3230,2150,2571,0.4720701167043298,0.758043868932873,6.5909951140359055,ks-test,2920,full
ABANDONED,,,2203,4743,338,0.7007838737461715,0.314971977783367,0.435234328364022,t-test,1909,bounded
ABANDONED,,,1488,1310,2191,0.5264637439083308,0.4762793070487678,3.7669753868645057,ks-test,3409,full
ABANDONED,,,3003,4371,4434,0.3035681420583277,0.9183956371750682,7.648816352402792,t-test,1772,bounded
ABANDONED,,,4987,339,896,0.7582613532617688,0.7404372609909624,5.922366563551129,ks-test,1007,bounded
ABANDONED,,,836,2766,3732,0.037704887535423,0.1845369370542466,2.0413072720067578,t-test,3893,full
ABANDONED,,,648,504,1390,0.6451604149062186,0.8457847840338945,7.932728849117645,t-test,4740,bounded
ABANDONED,,,4780,2599,4176,0.431432236207649,0.289644125925377,4.090559431172908,ks-test,125,full
ABANDONED,,,2858,1477,526,0.881237168546766,0.1138766726870089,2.3792447654511775,t-test,2175,full
ABANDONED,,,1403,4206,2661,0.1671679501906037,0.5557498096227645,6.221848918548786,ks-test,3039,bounded
ABANDONED,,,2405,2004,4558,0.12512485826388,0.6527558461967856,9.538653392036446,t-test,1647,full
ABANDONED,,,3413,4890,2413,0.8294774839282035,0.2099271147772669,3.422079281412065,ks-test,3138,bounded
ABANDONED,,,3913,1032,3528,0.3562514737639576,0.3885536313727497,0.1476577045377343,t-test,3939,bounded
ABANDONED,,,582,3283,752,0.564163400804624,0.9437082496080548,6.266192872620189,ks-test,1200,full
ABANDONED,,,119,1750,3323,0.7814933891613036,0.3653172539658844,5.004259624690749,t-test,1432,full
ABANDONED,,,4132,3854,1113,0.0141868475209921,0.8110679211299866,1.397070535365492,ks-test,3702,bounded
FAILED,,,3544,231,4841,0.5497424145303667,0.5982710519861429,4.684622335629538,t-test,4155,bounded
FAILED,,,1894,2951,1973,0.2800948332324624,0.046038376931101,8.293513228136115,ks-test,635,full
FAILED,,,1800,759,87,0.448807627979666,0.1371776512768119,7.470041205571033,t-test,4683,bounded
FAILED,,,2687,3635,2944,0.7243323665857315,0.688447125148028,1.1185320613272487,ks-test,537,full
FAILED,,,4676,2277,1751,0.2121369717512279,0.9002123532555997,2.844198723467067,t-test,2233,full
FAILED,,,1153,4537,3971,0.9892210117336364,0.4534680246468633,9.196492447140626,ks-test,2628,bounded
FAILED,,,1139,2275,3148,0.3934856692105531,0.2282219943031668,1.3860610752832143,t-test,3411,bounded
FAILED,,,4684,4545,1016,0.6870092840977013,0.6596178927067667,5.032328388675117,ks-test,1767,full
FAILED,,,2680,746,4939,0.1271493883635848,0.9914408650491386,8.302023529139348,t-test,1003,full
FAILED,,,1810,3652,2150,0.9173611612860112,0.4248201019540429,4.654093673199416,ks-test,3899,bounded
FAILED,,,1880,218,301,0.8675458770971745,0.2732321388889104,1.1075613403897733,t-test,164,full
FAILED,,,3552,2968,3081,0.0831541629005223,0.8408160994499921,7.498147516726517,ks-test,4934,bounded
FAILED,,,4126,1748,1613,0.6040601364597677,0.5061264496147632,9.205041487288659,t-test,2924,bounded
FAILED,,,130,3862,3756,0.3202493071965873,0.0757242163736373,2.8137076082080603,ks-test,1903,full
FAILED,,,576,1020,1486,0.0386116519123315,0.7476791378073394,4.082049018422143,t-test,416,full
FAILED,,,3925,3301,4351,0.7609631538577378,0.1771732340659946,7.963257325301878,ks-test,4405,bounded
FAILED,,,3400,2001,350,0.3024476427938789,0.4836582364495843,6.232858266883531,t-test,2671,bounded
FAILED,,,2414,4896,2563,0.5234873027745633,0.9111385339461266,2.3511758152209223,ks-test,2431,full
FAILED,,,1397,1474,4422,0.700029388366267,0.749831189809367,3.413530129516497,t-test,3511,bounded
FAILED,,,2870,4213,2199,0.4692160371113568,0.3233064830787479,9.569144321049565,ks-test,1397,full
FAILED,,,4766,493,3744,0.9667463760003449,0.0178607358671724,6.277163481810131,t-test,904,full
FAILED,,,657,2617,889,0.2385139096789062,0.5893526831995695,0.1195512071363628,ks-test,4269,bounded
FAILED,,,830,345,4169,0.5652210239637642,0.3803238241616636,9.849735960450023,ks-test,4676,full
FAILED,,,4999,2763,1402,0.3594124982040375,0.952059882991016,3.7313569595450535,t-test,541,bounded
FAILED,,,2989,1328,2668,0.8286334766857326,0.6444194355085491,0.4633222384257242,ks-test,2238,bounded
FAILED,,,1497,4360,514,0.1222383553907275,0.2181416992936283,6.5800429431889205,t-test,2625,full
FAILED,,,2197,2168,2406,0.1659580480344593,0.1211356775909662,7.618268096905202,ks-test,1438,bounded
FAILED,,,3241,4731,4570,0.87822842310369,0.5483689785469323,3.775505429931916,t-test,3699,full
FAILED,,,3810,1185,759,0.432367616796866,0.853150392415002,2.0693564429236577,ks-test,4149,full
FAILED,,,442,3134,3516,0.6479555444326252,0.2824003437161445,5.911376845533029,t-test,638,bounded
FAILED,,,260,1601,1101,0.9900193378794938,0.8919806387927383,7.155601536393166,ks-test,1652,bounded
FAILED,,,4236,4007,3331,0.2150386991780251,0.4618215652815997,0.8034568280549719,t-test,3131,full
FAILED,,,3716,73,1986,0.7232595188729464,0.1288393407724797,2.534331483974121,ks-test,3936,full
FAILED,,,2103,3115,4834,0.4456922846361994,0.6966636094804853,8.885999142093583,t-test,1206,bounded
FAILED,,,1705,913,2932,0.2791442280896008,0.6055243500061332,5.3153638721257455,ks-test,4736,full
FAILED,,,2556,3486,94,0.5469929661005735,0.0386632527392357,1.7063263854803516,t-test,132,bounded
FAILED,,,4457,2441,3984,0.0153510685805231,0.3726771480273455,5.000308548538945,ks-test,2179,bounded
FAILED,,,971,4379,1743,0.7845173591580242,0.8038298532404005,8.607341470686718,t-test,3033,full
FAILED,,,1036,671,395,0.6256713029891252,0.088133490730077,8.991568610374816,ks-test,605,full
FAILED,,,4403,3723,2635,0.4197378317900001,0.5190265699010342,2.7169337230697272,t-test,4573,bounded
FAILED,,,2647,2189,1441,0.8929336549546569,0.8201495700012892,0.6990911042001098,ks-test,2561,bounded
FAILED,,,1604,4626,4279,0.1866629511658102,0.253056451652199,6.972024709812366,t-test,2341,full
FAILED,,,2168,1818,3643,0.1056297104340046,0.4133207168187946,8.478678871829993,ks-test,3596,bounded
FAILED,,,3661,3786,795,0.8177813860345631,0.9814074668698012,4.792129068456592,t-test,1502,full
FAILED,,,4328,300,4523,0.3679457276090979,0.677417700048536,1.8364221836980432,ks-test,741,full
FAILED,,,159,2883,2293,0.5836528975181282,0.2474877923186868,5.522186737156473,t-test,4086,bounded
FAILED,,,386,1916,4865,0.8009844287782907,0.5763954271525144,6.763674768180588,ks-test,3224,bounded
FAILED,,,3875,4978,2107,0.0258793205209076,0.0053867710996419,0.5677858344949782,t-test,1598,full
FAILED,,,3140,944,3223,0.5380440524723381,0.3435468607265502,3.548809681611136,ks-test,1113,full
FAILED,,,2288,3370,1059,0.2606017116252332,0.7705548550188541,9.74426440163236,t-test,3990,bounded
FAILED,,,1442,573,1705,0.4683008406739682,0.9211148558501154,5.704608978913166,ks-test,78,full
FAILED,,,3054,2531,3860,0.7360304033327847,0.4950928716883063,1.9393585169203575,t-test,4829,bounded
FAILED,,,4897,1545,209,0.2004445861205458,0.1579721859470009,3.98373987117596,ks-test,3088,bounded
FAILED,,,922,4138,2977,0.969729643087834,0.7299364067409188,7.747028605225496,t-test,2086,full
FAILED,,,719,1398,1884,0.3291373095978051,0.3026100640576332,2.246765112983994,t-test,1859,bounded
FAILED,,,4714,4284,4739,0.6227853940408676,0.8738438167162239,6.049250132368878,ks-test,3358,full
FAILED,,,2963,427,1202,0.0667480045072734,0.5355028913654387,8.068791313741356,t-test,3806,full
FAILED,,,1293,2678,3425,0.8568348840400576,0.1087532980870455,4.264610451043584,ks-test,1057,bounded
FAILED,,,2476,1110,4028,0.9317725332267582,0.1988494823090732,0.249687253090553,t-test,4880,full
FAILED,,,3347,3205,1815,0.1474999943822622,0.6265851191785186,6.484022385420278,ks-test,256,bounded
FAILED,,,4019,2081,2887,0.6645834691766649,0.962066862201318,9.44051239689067,t-test,1956,bounded
FAILED,,,472,4811,22,0.3806538735236972,0.3917887003086507,3.2053962610522286,ks-test,2831,full
FAILED,,,78,153,2760,0.2237477666009217,0.7830716790426522,4.471592006883585,t-test,4469,full
FAILED,,,4189,3029,618,0.9462242139857262,0.3524103514105081,8.196582645019516,ks-test,314,bounded
FAILED,,,3449,1672,4077,0.4915611897818744,0.051102708518505,5.2159962522462004,t-test,2368,bounded
FAILED,,,1975,3933,1298,0.7124764322564004,0.6184551870841531,1.4905649190889672,ks-test,2773,full
FAILED,,,1758,2355,684,0.5147713322527706,0.714433235399425,3.02190124297794,t-test,1294,bounded
FAILED,,,2743,4460,3474,0.2840766804665327,0.1480744219962507,9.333766515767202,ks-test,3573,full
FAILED,,,4581,837,2480,0.777754539931193,0.4504138248953968,7.291348342172801,t-test,4371,full
FAILED,,,1233,3556,4613,0.0494028313364833,0.8820383499935269,0.9775184360044076,ks-test,841,bounded
FAILED,,,1181,270,2234,0.9427435389813036,0.5238351122569292,3.3165608445042745,ks-test,2288,bounded
FAILED,,,4570,2834,4389,0.2301067038867622,0.0814898821748793,9.659095264997331,t-test,2538,full
FAILED,,,2795,1867,930,0.7081905623972415,0.2596938737221062,6.370299677440896,ks-test,4548,full
FAILED,,,1769,3815,3697,0.4929690353013574,0.8153319858592003,0.0285510283512994,t-test,550,bounded
FAILED,,,2000,2238,4301,0.2952629798129201,0.973673624124378,4.209818922110833,ks-test,4138,full
FAILED,,,3516,4655,1543,0.5007070085667072,0.4189910692926496,7.828469080548734,t-test,764,bounded
FAILED,,,4163,642,2537,0.061637977881357,0.2418264816310256,6.101559823090211,ks-test,1527,bounded
FAILED,,,11,3674,373,0.7683976556677371,0.6851577292792498,2.4846102758599447,t-test,3651,full
FAILED,,,534,1516,3113,0.6114927347358315,0.0160501674432307,1.2474038515659047,ks-test,4040,full
FAILED,,,4039,4089,265,0.3432775366995483,0.5678107493519782,7.356168988704683,t-test,1133,bounded
FAILED,,,3285,621,3803,0.844767486423254,0.7791457193046807,9.066286354107785,ks-test,1626,bounded
FAILED,,,2455,2560,1572,0.0759675963856279,0.3328925061691552,2.9594810824533924,t-test,3281,full
FAILED,,,1277,993,959,0.150904290087521,0.4854055867269635,1.2819396501602605,ks-test,2036,bounded
FAILED,,,2906,3400,3199,0.9255204317830504,0.9326219787392764,5.134313796952368,t-test,3067,full
FAILED,,,4730,1887,2127,0.3850765598844737,0.7184202420655637,8.40753688153438,ks-test,4801,full
FAILED,,,776,4929,4965,0.6630083506125956,0.1676532844230532,4.5555986618688324,t-test,21,bounded
FAILED,,,867,2033,120,0.0225376034937798,0.8629362921454012,5.457323030575179,t-test,1033,full
FAILED,,,4878,4782,2910,0.8072957777157425,0.3114388700854033,1.566503243876621,ks-test,3754,bounded
FAILED,,,3109,1140,1794,0.2561159707028418,0.0999154502730816,4.854515704721213,t-test,3303,bounded
FAILED,,,1460,3254,3927,0.5395603994261473,0.5464042294509708,8.746115973439998,ks-test,1834,full
FAILED,,,2311,456,3290,0.7472604839596896,0.6345701689179986,7.053597354530358,t-test,2854,bounded
FAILED,,,3200,2727,1148,0.454101366078481,0.1890445946417748,0.907597026763484,ks-test,2009,full
FAILED,,,3851,1349,4798,0.9818600952662528,0.4015997744612395,2.6328077217191455,t-test,311,full
FAILED,,,327,4254,2018,0.1912837658524513,0.954090854248032,8.780504563284106,ks-test,4906,bounded
FAILED,,,223,788,4593,0.4086145870052277,0.347358632594347,7.528335926542992,t-test,2794,bounded
FAILED,,,4356,3527,2379,0.6397943982854485,0.789958464058116,3.872455941358581,ks-test,2418,full
FAILED,,,3597,2385,3573,0.1743652259428054,0.6115774438548833,2.160375395294279,t-test,372,full
FAILED,,,2139,4509,708,0.9022312917243688,0.0561606138199567,5.818221876316705,ks-test,4496,bounded
FAILED,,,1591,1701,1355,0.8211990064773708,0.1540993671510368,9.984543574775568,t-test,820,full
FAILED,,,2598,3981,4210,0.0992120015379041,0.7104717805162071,3.6035676862839607,ks-test,4321,bounded
COMPLETED,0.91,11.0,2982,645,2863,0.9942322488520294,0.8172841026652604,1.6174812392462046,ks-test,2,bounded
COMPLETED,0.91,303.0,2124,897,4317,0.6797165704704821,0.5580472663361579,4.582413655781187,t-test,3,bounded
COMPLETED,0.91,6182.0,3569,3873,2094,0.3355576767493039,0.8310795782078058,7.999204057561235,ks-test,4,bounded
COMPLETED,0.91,6170.0,1088,4741,1715,0.5175373306460679,0.4674580826256424,9.127649504029192,t-test,4,bounded
COMPLETED,0.91,6214.0,1277,2271,3234,0.6263999874908477,0.8365482620429248,8.652179050860926,t-test,4,bounded
FAILED,nan,nan,4447,4713,4373,0.2689021224714815,0.3526820306889713,6.135607946137898,t-test,45,bounded
FAILED,nan,nan,596,2176,1637,0.841146738089621,0.9670557829868048,4.631878272934817,ks-test,11,bounded
FAILED,nan,nan,1206,4348,418,0.8858255794718861,0.8465709119476378,0.7654010939160363,t-test,43,bounded
FAILED,nan,nan,1590,4177,2686,0.3194622340220958,0.3756496240850538,4.436222962808796,t-test,36,bounded
FAILED,nan,nan,3374,1484,106,0.7594103637095541,0.8036282645352185,6.018107966669835,ks-test,20,bounded
FAILED,nan,nan,3838,2594,4492,0.1736611544694751,0.6783628446143121,8.08650162152201,t-test,10,bounded
FAILED,nan,nan,1127,525,2069,0.7473135412503034,0.0018656116090714,1.426989968869835,ks-test,45,bounded
FAILED,nan,nan,516,3342,924,0.5391439474690706,0.1844850871320814,2.5641704685669398,t-test,2,bounded
FAILED,nan,nan,2178,2871,1801,0.0457588334921747,0.8268913072180003,2.2216329903583976,t-test,6,bounded
FAILED,nan,nan,4891,3827,950,0.4629888284634799,0.1179639745857566,5.247894371381961,t-test,31,bounded
FAILED,nan,nan,2865,252,4067,0.5945585287790746,0.4927265838198363,8.256192913824693,ks-test,41,bounded
FAILED,nan,nan,151,1832,3687,0.8966019117031246,0.7026119792200625,4.290923102545553,ks-test,15,bounded
COMPLETED,0.91,292.0,959,2310,1521,0.9954038516823204,0.2945956749860197,0.4141472336286679,t-test,3,bounded
COMPLETED,0.91,1.0,606,2832,3525,0.3285402171034366,0.3080254935566336,9.34444210215751,t-test,1,bounded
COMPLETED,0.91,84.0,4593,3085,4920,0.0199416739605367,0.0682703604195267,6.997120123373345,ks-test,2,bounded
COMPLETED,0.91,38.0,2067,431,1372,0.4379796503074467,0.9334993126969784,8.589487194834277,t-test,2,bounded
COMPLETED,0.91,11.0,2595,3578,3318,0.8928653991352766,0.5251981717497111,0.7305826299367473,t-test,2,bounded
COMPLETED,0.91,298.0,782,4268,4642,0.2314582483004778,0.4904264976643026,6.248577363996767,ks-test,3,bounded
COMPLETED,0.91,12.0,120,1188,391,0.5625423260238022,0.4688960119746625,4.778453638165258,ks-test,2,bounded
COMPLETED,0.91,322.0,4728,974,1789,0.7527524777203798,0.1550724698714912,1.5037946070954202,t-test,3,bounded
COMPLETED,0.91,6128.0,1729,4229,118,0.3923373186793178,0.8764549094587565,2.817167200084776,ks-test,4,bounded
COMPLETED,0.91,318.0,4248,4621,1115,0.7097270749136806,0.2655279505625367,4.276352714198642,t-test,3,bounded
COMPLETED,0.91,215.0,4832,200,3764,0.1212937675714492,0.2751844889894128,5.344905273037964,t-test,2,bounded
COMPLETED,0.91,3372.0,69,140,2798,0.3051423107143491,0.1016899444982409,8.319300452049822,ks-test,3,bounded
COMPLETED,0.91,6195.0,2549,1013,3512,0.6234416141286492,0.7285168844163418,9.436762605982832,t-test,4,bounded
COMPLETED,0.91,1.0,2534,2750,995,0.2301649977546185,0.9040938336886466,7.344814321868123,t-test,1,bounded
COMPLETED,0.91,12.0,2299,2537,2451,0.4145969721898436,0.7189101780541242,8.756863087563776,ks-test,2,bounded
COMPLETED,0.91,311.0,3431,2080,3971,0.56968167132698,0.882685352627188,3.5018822176977995,t-test,3,bounded
COMPLETED,0.91,206.0,766,45,3299,0.6872999020516872,0.5813119932003319,6.968543783469126,ks-test,2,bounded
COMPLETED,0.91,732.0,4125,301,4521,0.877479599064216,0.7937756100632251,9.30825128534902,t-test,3,bounded
COMPLETED,0.91,6039.0,2661,4063,2143,0.7911983022596687,0.1964047870598733,4.479883543466219,t-test,4,bounded
COMPLETED,0.91,5963.0,4979,1700,3125,0.9312922459617256,0.5776719771623612,2.7546040213424714,t-test,4,bounded
COMPLETED,0.91,1.0,2735,2170,4622,0.4369018950462341,0.4343117616251111,2.4706782732326538,t-test,1,bounded
COMPLETED,0.91,11.0,3240,2689,415,0.7681382629200816,0.4167967212870717,8.539951413126662,t-test,2,bounded
COMPLETED,0.91,1.0,2393,1756,1098,0.8781660386826843,0.3185989655815064,8.036553398294375,ks-test,1,bounded
COMPLETED,0.91,5911.0,306,1877,1472,0.3769619954805821,0.6783086691834033,7.070322840614245,ks-test,4,bounded
COMPLETED,0.91,11.0,1653,3738,3782,0.2898241084050387,0.3322728528939188,1.568150253517553,ks-test,2,bounded
COMPLETED,0.91,315.0,2786,1660,2337,0.6944088651686907,0.059341175507754,5.686774184380659,t-test,3,bounded
COMPLETED,0.91,1.0,3136,3483,2774,0.1054225886538624,0.0457284392230212,4.540124701594003,t-test,1,bounded
COMPLETED,0.91,29.0,4187,1030,2428,0.2460361915435642,0.6658363300412893,2.5353797968942677,t-test,2,bounded
COMPLETED,0.91,493.0,670,1127,1013,0.429915189370513,0.9562844010591508,1.125754183330573,ks-test,3,bounded
COMPLETED,0.91,316.0,4850,4103,2616,0.5849998959433287,0.6832899219244719,6.456411208959297,t-test,3,bounded
COMPLETED,0.91,1.0,241,4358,3955,0.7692795876637101,0.9386478319764138,9.743599373438396,ks-test,1,bounded
COMPLETED,0.91,11.0,1159,2922,2885,0.6639167666397989,0.7643330102842301,5.378273123665713,t-test,2,bounded
COMPLETED,0.91,308.0,4401,2466,735,0.3197578803543001,0.6003977009188384,1.8809245026484127,ks-test,3,bounded
COMPLETED,0.91,6172.0,441,3989,4593,0.6422645114753396,0.6071155603099614,1.313399569969624,t-test,4,bounded
COMPLETED,0.91,1.0,1946,4803,2974,0.1454769421238452,0.4052659334186465,3.471870815973729,t-test,1,bounded
COMPLETED,0.91,18.0,3626,595,908,0.8694898992367088,0.2416944221053272,8.801616894337348,ks-test,2,bounded
COMPLETED,0.91,5912.0,2012,4028,68,0.9795326504576952,0.0258887814935296,9.62712888674345,t-test,4,bounded
COMPLETED,0.91,29.0,1424,792,4900,0.3132219999227673,0.0162939294632524,0.77493094216194,t-test,2,bounded
COMPLETED,0.91,21.0,3949,3192,1387,0.1446688547898084,0.9897339713741092,4.812217447551899,ks-test,2,bounded
COMPLETED,0.91,294.0,317,1422,4711,0.8706309711672365,0.6542521837372333,7.602849321287126,t-test,3,bounded
COMPLETED,0.91,1.0,314,4878,1071,0.7323527413792909,0.1448409926276654,0.6449005162511021,t-test,1,bounded
COMPLETED,0.91,6020.0,1975,3757,1361,0.2306532662920654,0.8437825795616954,4.110923984983937,t-test,4,bounded
COMPLETED,0.91,301.0,4455,4779,2371,0.9182076092902572,0.4820512931775301,2.982476769180037,ks-test,3,bounded
COMPLETED,0.91,10.0,3689,2909,2241,0.3918490817435086,0.8707208843324333,6.138940304135905,ks-test,2,bounded
COMPLETED,0.91,309.0,1421,3007,1195,0.2061160418633371,0.5023258944693952,7.541247366887518,t-test,3,bounded
COMPLETED,0.91,301.0,2155,4244,4217,0.1669425264149904,0.2190839346498251,2.5173822048306467,t-test,3,bounded
COMPLETED,0.91,1.0,1097,3604,2718,0.7293169598057866,0.3770576424840838,6.709249994651415,t-test,1,bounded
COMPLETED,0.91,11.0,3645,3445,3824,0.7534422178510577,0.2264838401023298,9.193828963314184,ks-test,2,bounded
COMPLETED,0.91,6083.0,2493,1757,1742,0.5026609564088285,0.6800295084752143,4.954600669264794,t-test,4,bounded
COMPLETED,0.91,19.0,2579,2226,1986,0.1892750049699098,0.2482178961057216,3.121624545942992,ks-test,2,bounded
COMPLETED,0.91,72.0,4983,3762,3982,0.0226846979632973,0.6792788366694004,4.190447450001725,ks-test,2,bounded
COMPLETED,0.91,330.0,2455,3920,2564,0.4936576768103987,0.9536290706712752,1.705087440581061,t-test,3,bounded
COMPLETED,0.91,1.0,2410,4607,1394,0.7533739982806146,0.562109854824841,8.733020186915063,t-test,1,bounded
COMPLETED,0.91,6070.0,4881,4453,307,0.7307097936179489,0.836465412773192,6.227846296901816,ks-test,4,bounded
COMPLETED,0.91,6227.0,2638,3826,2420,0.438041713135317,0.1205530856009572,9.32525756504666,ks-test,4,bounded
COMPLETED,0.91,112.0,1228,3029,1549,0.01834899511002,0.1092536105662584,3.733760518609546,t-test,2,bounded
COMPLETED,0.91,1091.0,1294,830,4399,0.1948139197267591,0.5363399722725153,4.81353950467892,t-test,3,bounded
COMPLETED,0.91,1.0,3681,2876,150,0.4985875127576291,0.2598333912342787,1.2293265462620184,ks-test,1,bounded
COMPLETED,0.91,11.0,151,1772,4555,0.957001874415204,0.1158891105130314,9.810819304691629,t-test,2,bounded
COMPLETED,0.91,397.0,2599,1614,3161,0.5581475838758051,0.2693855513110756,7.336041861152277,ks-test,3,bounded
COMPLETED,0.91,748.0,766,526,3489,0.656852718744427,0.2083583221174776,5.016983953103424,ks-test,3,bounded
COMPLETED,0.91,6290.0,4921,2241,4173,0.2733900067284703,0.5477003603931516,7.895486664956437,ks-test,4,bounded
COMPLETED,0.91,10.0,3235,368,4888,0.8271701526325196,0.4242386857308447,7.522178181167693,t-test,1,bounded
COMPLETED,0.91,2.0,592,4283,406,0.3497466252110898,0.2019582655243575,1.439675725759007,ks-test,1,bounded
COMPLETED,0.91,5955.0,4416,4752,787,0.9115360983479768,0.635596930289641,0.855868283529766,t-test,4,bounded
COMPLETED,0.91,13.0,1927,2074,3648,0.4247304360251874,0.6290522413663566,0.0184844660162925,ks-test,2,bounded
COMPLETED,0.91,5887.0,3106,1293,2621,0.8599358969703317,0.1895665393713861,1.9253877658359704,t-test,4,bounded
COMPLETED,0.91,13.0,1793,3351,564,0.6168373003508896,0.654571452293545,6.437716302976944,ks-test,2,bounded
COMPLETED,0.91,309.0,1960,1432,2478,0.8199287628531456,0.8534261910598725,9.54540699388273,ks-test,3,bounded
COMPLETED,0.91,12.0,4366,2516,2819,0.3461635395232588,0.5222350767310708,0.6269581740302965,t-test,2,bounded
COMPLETED,0.91,1.0,1821,2674,4233,0.1388085959926247,0.8589647126551717,3.160628876953386,ks-test,1,bounded
COMPLETED,0.91,3.0,662,1124,2321,0.0891712485421448,0.3070673783775419,4.542005217017606,ks-test,1,bounded
COMPLETED,0.91,509.0,3192,970,1215,0.4271101908385754,0.0911969785746187,2.056665396651253,t-test,3,bounded
COMPLETED,0.91,1.0,3009,4688,2975,0.6092303800061345,0.0696824238281697,5.629120596255176,t-test,1,bounded
COMPLETED,0.91,289.0,484,4848,4076,0.9047772107366472,0.2826382454913109,8.163569360001944,ks-test,3,bounded
COMPLETED,0.91,6064.0,2000,4219,3218,0.1759713122528046,0.5033214362114667,6.296503794982098,ks-test,4,bounded
COMPLETED,0.91,11.0,2076,2808,4910,0.6834443814344704,0.452011517252773,2.281080778250471,ks-test,2,bounded
COMPLETED,0.91,1.0,4551,2649,3506,0.8308523085247725,0.1649917480312288,4.78621652510576,t-test,1,bounded
COMPLETED,0.91,11.0,1625,1526,1818,0.3685356874279678,0.4573069887943566,6.205406386530959,ks-test,2,bounded
COMPLETED,0.91,565.0,3389,4832,3665,0.0646402830965817,0.742598378945142,9.789618599964308,t-test,3,bounded
COMPLETED,0.91,1.0,2892,1075,586,0.878548954796046,0.7203534545861184,3.678059848996811,t-test,1,bounded
COMPLETED,0.91,315.0,806,4300,1076,0.831893194898963,0.6097746689524501,3.0598203005716207,ks-test,3,bounded
COMPLETED,0.91,964.0,2870,422,4250,0.3742094872687012,0.7619879085253924,6.642563872051426,t-test,3,bounded
COMPLETED,0.91,6524.0,1717,4926,1318,0.118315690588206,0.3315895232483745,2.4820679729208357,ks-test,4,bounded
COMPLETED,0.91,10.0,4650,3223,2343,0.4161808202415705,0.3192544978689402,5.57377866416052,t-test,2,bounded
COMPLETED,0.91,13.0,4208,1980,4093,0.6060883518680931,0.3406230158712715,1.6445235928269104,t-test,2,bounded
