Status,ACCURACY,RUNTIME,REQLABELS,recent_samples_size,n_samples,n_clusters,threshold
COMPLETED,0.8699999999999999,3961.0,0.89,3661,2537,6,0.0988547831326723
COMPLETED,0.9,630.0,0.92,1791,1890,1,0.8823808318115771
COMPLETED,0.7199999999999999,7186.0,0.0899999999999999,506,4595,10,0.4048564663529395
COMPLETED,0.91,1776.0,1.0,4867,199,5,0.6114118958879262
COMPLETED,0.8399999999999999,2036.0,0.89,3981,4207,2,0.6414788464326411
COMPLETED,0.89,2966.0,0.66,841,1065,8,0.3724286727160215
COMPLETED,0.63,1625.0,0.52,2057,3702,3,0.8539578951187432
COMPLETED,0.78,6281.0,0.8599999999999999,2686,1809,9,0.1326832924019545
FAILED,,,,3060,4860,4,0.2683257402032613
COMPLETED,0.9,1248.0,1.0,2431,505,8,0.7480173506159336
COMPLETED,0.83,2161.0,0.3699999999999999,1214,2855,2,0.2274044794570654
COMPLETED,0.89,1483.0,1.0,4354,2251,7,0.7538754047341644
COMPLETED,0.8699999999999999,2223.0,0.97,4611,3408,10,0.9746616883613168
COMPLETED,0.68,8682.0,0.1,250,1551,5,0.0119333235900849
COMPLETED,0.82,2469.0,0.3599999999999999,1534,3840,6,0.5282668720055371
COMPLETED,0.92,2757.0,1.0,3404,734,2,0.4855640150308608
COMPLETED,0.79,3396.0,0.7199999999999999,3134,4025,8,0.8311642603725194
COMPLETED,0.91,1645.0,0.93,1264,920,4,0.1881039672512561
COMPLETED,0.65,2702.0,0.02,57,3221,7,0.665491215063259
COMPLETED,0.92,3499.0,1.0,4417,1367,3,0.3187140438742935
COMPLETED,0.8699999999999999,3821.0,0.96,4079,2983,5,0.4128025364018976
COMPLETED,0.8599999999999999,4130.0,0.35,939,2377,9,0.572818461028859
COMPLETED,0.66,5238.0,0.39,2232,4734,1,0.0911518904734402
COMPLETED,0.93,853.0,1.0,2862,378,6,0.9217047441005706
COMPLETED,0.78,1898.0,0.69,2651,3577,1,0.5369419918339698
COMPLETED,0.64,2794.0,0.95,2020,1680,6,0.4472161397673189
COMPLETED,0.77,1772.0,0.16,726,4336,5,0.9676916553378104
COMPLETED,0.91,5040.0,1.0,3866,1190,10,0.0514989884067326
COMPLETED,0.82,12445.0,0.8599999999999999,4826,4408,8,0.204369099618867
COMPLETED,0.8699999999999999,8762.0,1.0,465,15,2,0.8085632153004408
COMPLETED,0.89,2713.0,0.53,1671,2720,9,0.2920925566740333
COMPLETED,0.89,1522.0,1.0,3541,2078,3,0.6935736645590513
COMPLETED,0.82,1085.0,0.7199999999999999,3510,4665,3,0.9198314222600312
COMPLETED,0.92,1546.0,1.0,1630,309,7,0.0662535690031945
COMPLETED,0.7299999999999999,11983.0,0.1199999999999999,337,2583,4,0.5826098445728422
COMPLETED,0.9,2205.0,1.0,4727,1977,8,0.4307564835194498
COMPLETED,0.8399999999999999,5066.0,0.89,3811,3603,6,0.3397129760775715
COMPLETED,0.8399999999999999,1580.0,0.38,700,1748,2,0.6790588976368308
COMPLETED,0.82,8488.0,0.38,1907,4113,10,0.1584537558667361
COMPLETED,0.8599999999999999,1207.0,1.0,2527,1008,5,0.8252703625615686
COMPLETED,0.79,3738.0,0.8599999999999999,2900,2965,10,0.7114060364589095
COMPLETED,0.76,3646.0,0.8399999999999999,2280,2322,5,0.3020064374599605
COMPLETED,0.76,5591.0,0.2,1074,4944,7,0.7835433818157762
COMPLETED,0.92,1118.0,1.0,4185,552,1,0.2026182118169963
COMPLETED,0.8499999999999999,5503.0,0.88,4470,3779,3,0.0454844968877732
COMPLETED,0.77,850.0,0.11,80,633,9,0.93816492270492
COMPLETED,0.83,2514.0,0.3699999999999999,1375,3352,2,0.4606632918361574
COMPLETED,0.89,2403.0,1.0,3255,1456,7,0.5580643395856023
COMPLETED,0.82,2700.0,0.8699999999999999,3296,3146,4,0.1505153073891997
COMPLETED,0.9,1914.0,0.95,1416,1253,10,0.8638714189920574
COMPLETED,0.68,2571.0,0.05,200,3983,1,0.3474082443770021
COMPLETED,0.93,1132.0,1.0,4590,840,6,0.6397273637764155
COMPLETED,0.81,5919.0,0.77,4221,4839,9,0.6053958577476442
COMPLETED,0.92,1089.0,1.0,1111,442,4,0.3753281870987266
COMPLETED,0.76,2333.0,0.7299999999999999,2395,3074,8,0.8958266752008349
COMPLETED,0.83,2422.0,0.91,3015,2428,2,0.1199758194163441
COMPLETED,0.7399999999999999,5455.0,0.5799999999999998,2802,4220,7,0.4836910501029342
COMPLETED,0.79,1581.0,1.0,2182,1115,3,0.5033689074479043
COMPLETED,0.79,8899.0,0.2,899,3496,8,0.0217253019884228
COMPLETED,0.91,967.0,1.0,4009,1640,4,0.992616230333224
COMPLETED,0.9,1252.0,1.0,4997,2787,1,0.774875883558765
COMPLETED,0.82,3055.0,0.2399999999999999,607,2182,6,0.2409737086519598
COMPLETED,0.83,4279.0,0.3699999999999999,1824,4459,5,0.7183684479109943
COMPLETED,0.9,3336.0,1.0,3704,104,9,0.2624331510718911
COMPLETED,0.81,9655.0,0.82,3745,4067,5,0.5116636932026594
COMPLETED,0.92,3711.0,1.0,1866,961,10,0.476394199449569
COMPLETED,0.77,954.0,0.1499999999999999,571,3650,2,0.985296288177371
COMPLETED,0.8699999999999999,9581.0,0.97,4960,1794,6,0.0299974795598536
COMPLETED,0.88,5061.0,0.97,4046,2628,8,0.2492623042035847
COMPLETED,0.8499999999999999,883.0,0.4299999999999999,935,2024,4,0.7675690281987189
COMPLETED,0.64,4394.0,0.39,2140,4618,7,0.2551184547878802
COMPLETED,0.93,1035.0,1.0,2761,263,2,0.7266496709864586
COMPLETED,0.81,2543.0,0.8399999999999999,2979,3304,8,0.8721580756902694
COMPLETED,0.79,8309.0,0.98,2358,1411,2,0.1432103908825665
COMPLETED,0.79,4954.0,0.27,1152,3824,9,0.6324145989101378
COMPLETED,0.92,1331.0,1.0,4262,681,3,0.355687536034733
COMPLETED,0.81,4654.0,0.81,4549,4993,1,0.3836248485036194
COMPLETED,0.83,866.0,0.23,159,596,7,0.5980971314441412
COMPLETED,0.8399999999999999,3424.0,0.4,1452,2920,5,0.112654009046033
COMPLETED,0.88,2543.0,0.99,3332,2274,10,0.9041007209867238
COMPLETED,0.82,2714.0,0.89,3218,3124,2,0.309320864200592
COMPLETED,0.8599999999999999,2859.0,0.4899999999999999,1338,2481,8,0.7031250829268247
COMPLETED,0.64,5647.0,0.02,122,4786,3,0.194329409925267
COMPLETED,0.92,1204.0,1.0,4512,393,9,0.7908504435159265
COMPLETED,0.8699999999999999,1866.0,0.95,4143,3933,6,0.9454845953173936
COMPLETED,0.9,1612.0,0.83,1033,787,1,0.037212588859722
COMPLETED,0.7199999999999999,4519.0,0.64,2317,3198,10,0.5497693474907427
COMPLETED,0.89,2644.0,1.0,2937,1302,4,0.467960348829627
COMPLETED,0.76,5883.0,0.45,2568,4511,9,0.0735751730334013
COMPLETED,0.91,3674.0,1.0,1949,155,5,0.9115575828142464
COMPLETED,0.8,3496.0,0.22,664,2737,6,0.4224595525711775
COMPLETED,0.9,1343.0,1.0,3774,2130,1,0.5899088404197245
COMPLETED,0.8699999999999999,2599.0,0.98,4763,3444,4,0.6863714561630039
COMPLETED,0.78,4515.0,0.2,374,1589,9,0.3314338907599448
COMPLETED,0.83,1803.0,0.35,1589,4271,3,0.816983436319977
COMPLETED,0.9,2184.0,1.0,3469,1166,7,0.1657589419167488
COMPLETED,0.83,4644.0,0.8399999999999999,3583,3735,9,0.438919716304168
COMPLETED,0.9,1674.0,0.8599999999999999,1712,1839,3,0.5442414319626986
COMPLETED,0.7,10028.0,0.08,428,4178,7,0.0588210367187857
COMPLETED,0.92,1075.0,1.0,4789,1031,2,0.9594183233771472
COMPLETED,0.83,3333.0,0.8,3902,4561,5,0.8002758447770029
COMPLETED,0.92,1281.0,1.0,763,169,10,0.2116737781837582
COMPLETED,0.89,1220.0,0.7299999999999999,1979,2567,1,0.7008857156001032
COMPLETED,0.82,3669.0,0.97,2609,1924,7,0.2838130270745605
COMPLETED,0.77,2742.0,0.6199999999999999,2825,3871,1,0.1798146578744053
COMPLETED,0.82,1104.0,1.0,2196,766,6,0.8384708777908236
COMPLETED,0.78,4234.0,0.25,981,3375,5,0.3260280263330787
COMPLETED,0.91,2741.0,1.0,4120,1521,10,0.6572097540460526
COMPLETED,0.8699999999999999,3589.0,0.99,4376,2824,7,0.5645239132158458
COMPLETED,0.6099999999999999,6486.0,0.01,15,2218,3,0.4201001008804887
COMPLETED,0.78,2397.0,0.2399999999999999,1300,4892,8,0.9290249241981656
COMPLETED,0.92,2133.0,1.0,3170,536,4,0.0828804267272353
COMPLETED,0.78,4141.0,0.65,3367,4706,6,0.7407050300315022
COMPLETED,0.92,1673.0,1.0,1497,351,1,0.2766055393461138
COMPLETED,0.7299999999999999,4367.0,0.0899999999999999,292,3009,10,0.762162568917498
COMPLETED,0.9,4390.0,1.0,4652,2404,5,0.2201000072322785
COMPLETED,0.8399999999999999,6823.0,0.89,4312,3249,3,0.0046110057346522
COMPLETED,0.9,788.0,0.79,1172,1393,7,0.9829352898653596
COMPLETED,0.7199999999999999,3478.0,0.55,2467,3999,4,0.4938602321539073
COMPLETED,0.91,1200.0,1.0,3097,893,8,0.5209676382169127
COMPLETED,0.81,1341.0,0.95,2728,2695,3,0.8750604453738778
COMPLETED,0.67,4811.0,0.75,2098,2049,9,0.1071264504306018
COMPLETED,0.7399999999999999,2744.0,0.17,805,4436,2,0.6197061741575599
FAILED,,,,3945,40,8,0.397559171417728
COMPLETED,0.81,8117.0,0.88,4903,4361,10,0.365114483917132
COMPLETED,0.8499999999999999,2378.0,0.41,543,1219,4,0.6497605137899518
COMPLETED,0.83,6398.0,0.41,1750,3548,6,0.1409723322354257
COMPLETED,0.9,811.0,1.0,3620,1655,1,0.8466515472438186
COMPLETED,0.81,11334.0,0.6,3599,4924,10,0.2341181739382445
COMPLETED,0.92,1486.0,1.0,1739,568,4,0.7524246023651212
COMPLETED,0.78,8488.0,0.1499999999999999,522,2948,6,0.2711770546529442
COMPLETED,0.89,729.0,1.0,4892,2343,1,0.7427079715654255
COMPLETED,0.8699999999999999,2211.0,0.95,3919,3334,3,0.5258182813897729
COMPLETED,0.8699999999999999,4685.0,0.47,789,1478,9,0.4905484920684248
COMPLETED,0.6199999999999999,1361.0,0.53,2072,3757,2,0.9682786064948886
COMPLETED,0.88,2132.0,1.0,2712,651,8,0.012979498591274
COMPLETED,0.82,2532.0,0.95,3125,2600,3,0.3997286572996526
COMPLETED,0.77,2132.0,0.97,2485,1954,7,0.6142006409540772
COMPLETED,0.79,5536.0,0.2099999999999999,1201,4688,4,0.0975855442546307
COMPLETED,0.92,1955.0,1.0,4331,291,9,0.8890319606270641
COMPLETED,0.8399999999999999,2308.0,0.96,4675,4134,6,0.855064728533849
COMPLETED,0.8,3912.0,0.25,305,992,1,0.1261167444400489
COMPLETED,0.8499999999999999,3958.0,0.38,1521,3619,9,0.6465239781662822
COMPLETED,0.89,3448.0,1.0,3381,1726,5,0.3697966197226196
COMPLETED,0.8399999999999999,2408.0,0.8399999999999999,3189,3513,7,0.9606142706219108
COMPLETED,0.88,8495.0,0.56,1328,1617,2,0.0523419648781418
COMPLETED,0.5799999999999998,5111.0,0.01,34,4244,8,0.5337267492078244
COMPLETED,0.91,2432.0,1.0,4404,1097,4,0.4519174549784511
COMPLETED,0.81,6305.0,0.78,4133,4481,2,0.2951508692856877
COMPLETED,0.91,2771.0,1.0,1004,88,6,0.688954788725823
COMPLETED,0.7,4138.0,0.68,2209,2803,5,0.2113621414229273
COMPLETED,0.8399999999999999,2422.0,0.98,2848,2161,10,0.8078828794453293
COMPLETED,0.75,1766.0,0.6,2598,3962,5,0.6702522406391799
COMPLETED,0.92,1749.0,1.0,1959,857,10,0.3153143796678632
COMPLETED,0.8,680.0,0.23,752,3129,1,0.8320669509265571
COMPLETED,0.91,5966.0,1.0,3881,1274,7,0.1808421572372317
COMPLETED,0.8499999999999999,6731.0,0.95,4773,3056,9,0.0906540652289986
COMPLETED,0.79,1694.0,0.16,403,2450,3,0.928636179441586
COMPLETED,0.79,7500.0,0.3,1696,4816,8,0.408366174897179
COMPLETED,0.92,888.0,1.0,3557,461,2,0.5758151634596287
COMPLETED,0.8699999999999999,2005.0,0.97,3455,2872,4,0.786121552158147
COMPLETED,0.88,2537.0,0.5899999999999999,1566,2229,8,0.1975191899966448
COMPLETED,0.7,2696.0,0.07,360,4881,3,0.7179036965686828
COMPLETED,0.92,1545.0,1.0,4740,488,7,0.3008307087570428
COMPLETED,0.83,8181.0,0.83,3755,3862,10,0.4540641421377658
COMPLETED,0.9,1710.0,0.78,636,716,5,0.5593855622280389
COMPLETED,0.83,5674.0,0.46,1930,3426,6,0.042762736139819
COMPLETED,0.8499999999999999,390.0,1.0,2540,1529,1,0.9433597235120832
COMPLETED,0.75,5160.0,0.57,2952,4572,6,0.5816175596583634
COMPLETED,0.93,508.0,1.0,2342,216,1,0.4371934480369091
COMPLETED,0.8399999999999999,2699.0,0.38,1049,2519,10,0.9149158405102789
COMPLETED,0.88,7719.0,0.94,4169,1913,4,0.0687710474710911
COMPLETED,0.8399999999999999,3483.0,0.93,4522,3686,2,0.1637111483644693
COMPLETED,0.7099999999999999,2426.0,0.07,142,1831,8,0.8223670689947902
COMPLETED,0.79,5257.0,0.28,1349,4186,4,0.3410967866927385
COMPLETED,0.9,3485.0,1.0,3239,1081,9,0.6722782188374548
COMPLETED,0.81,11534.0,0.6,3358,4313,1,0.0187812999356538
COMPLETED,0.91,1814.0,0.98,1468,1207,7,0.997105284780264
COMPLETED,0.68,3564.0,0.05,185,3559,5,0.4768277962245047
COMPLETED,0.9,8690.0,1.0,4564,1703,10,0.5039349067192525
COMPLETED,0.89,3010.0,0.99,4283,2704,8,0.7255756540130824
COMPLETED,0.8699999999999999,2998.0,0.4899999999999999,1163,2099,2,0.2614758640415966
COMPLETED,0.7,3811.0,0.4899999999999999,2379,4386,9,0.7782054627686738
COMPLETED,0.8699999999999999,8444.0,1.0,2990,31,3,0.2361426055151969
COMPLETED,0.8,2737.0,0.7299999999999999,2738,3238,8,0.3480358872897922
COMPLETED,0.7299999999999999,687.0,1.0,2127,1346,4,0.6326816215943544
COMPLETED,0.7399999999999999,7560.0,0.1799999999999999,912,4046,7,0.1550660091955214
COMPLETED,0.92,891.0,1.0,4032,903,3,0.860744924917817
COMPLETED,0.8399999999999999,2455.0,0.95,4932,4756,5,0.8911799564659595
COMPLETED,0.91,1651.0,0.94,553,359,10,0.1232456659544259
COMPLETED,0.89,1720.0,0.57,1837,3001,1,0.604622958837077
COMPLETED,0.89,3645.0,0.98,3727,2355,6,0.3824756568111479
COMPLETED,0.8599999999999999,1569.0,0.95,3691,3397,1,0.6253600473068655
COMPLETED,0.91,3386.0,0.93,1801,1504,6,0.3563096969928592
COMPLETED,0.76,2619.0,0.14,594,3887,5,0.8690418261233717
COMPLETED,0.92,3104.0,1.0,4974,745,9,0.1477670430913567
COMPLETED,0.82,5992.0,0.67,3991,4910,7,0.1159331371709704
COMPLETED,0.92,1244.0,1.0,871,513,3,0.8994590120408684
COMPLETED,0.7,3450.0,0.65,2164,2847,9,0.3907625533100217
COMPLETED,0.83,1728.0,0.97,2774,2201,4,0.597317802529782
COMPLETED,0.81,7506.0,0.69,3031,4160,9,0.9897908282969146
COMPLETED,0.78,5857.0,0.96,2421,1054,3,0.0270622832104563
COMPLETED,0.79,2872.0,0.27,1126,3713,8,0.5122237383536994
COMPLETED,0.91,1881.0,1.0,4246,1857,2,0.4695207047816365
COMPLETED,0.88,4358.0,1.0,4601,2545,5,0.2541561616864055
COMPLETED,0.77,2289.0,0.1,221,1941,10,0.7338475917838513
COMPLETED,0.79,9680.0,0.27,1426,4545,1,0.2444376273527741
COMPLETED,0.92,1450.0,1.0,3316,190,6,0.7709083760324865
COMPLETED,0.79,3879.0,0.66,3280,4418,3,0.4289067615959793
COMPLETED,0.89,11917.0,1.0,1391,62,9,0.5889225059077143
COMPLETED,0.64,6036.0,0.0299999999999999,106,2673,2,0.0760838420800864
COMPLETED,0.9,1778.0,1.0,4486,2067,8,0.9066365191098302
COMPLETED,0.8499999999999999,3681.0,0.95,4206,3527,10,0.8140703778471797
COMPLETED,0.8599999999999999,10359.0,0.52,1085,1672,5,0.17100990441069
COMPLETED,0.7099999999999999,2806.0,0.4799999999999999,2300,4345,6,0.6796000589504838
COMPLETED,0.88,1314.0,1.0,2911,1240,1,0.3328227111641317
COMPLETED,0.75,4102.0,0.7099999999999999,2504,3031,6,0.1892244339846074
COMPLETED,0.89,870.0,0.75,1893,2388,2,0.7934183730687945
COMPLETED,0.7099999999999999,7809.0,0.1199999999999999,677,4722,10,0.308150621170178
COMPLETED,0.92,1483.0,1.0,3797,330,5,0.7096315487399696
COMPLETED,0.8599999999999999,3534.0,0.94,4699,4016,3,0.5510969964191317
COMPLETED,0.8499999999999999,1790.0,0.32,319,870,7,0.4613709677550941
COMPLETED,0.8399999999999999,1399.0,0.47,1603,3272,4,0.9506743900533764
COMPLETED,0.88,6352.0,0.96,3492,1375,8,0.0344815428070723
COMPLETED,0.81,5979.0,0.77,3520,3808,8,0.3226347958482801
COMPLETED,0.92,782.0,1.0,1660,703,2,0.6619805408101528
COMPLETED,0.7399999999999999,4658.0,0.11,445,3283,9,0.1725478492248803
COMPLETED,0.91,976.0,1.0,4814,1428,4,0.8393642756044865
COMPLETED,0.8699999999999999,1419.0,0.99,3840,2897,1,0.9359503979831932
COMPLETED,0.8,7316.0,0.23,710,2291,6,0.0823723681289702
COMPLETED,0.82,4106.0,0.3599999999999999,1995,4975,4,0.5675260938834398
COMPLETED,0.9,1855.0,1.0,2634,619,10,0.4156725525148212
COMPLETED,0.77,6497.0,0.64,2890,3672,5,0.0596542557198554
COMPLETED,0.76,2330.0,0.98,2251,1776,9,0.952334501221776
COMPLETED,0.78,2469.0,0.22,967,4085,1,0.4436303205378353
COMPLETED,0.92,2350.0,1.0,4097,938,6,0.5410311916898936
COMPLETED,0.83,5094.0,0.8599999999999999,4440,4635,8,0.696277076838538
COMPLETED,0.8399999999999999,543.0,0.25,71,242,4,0.2868772975243628
COMPLETED,0.8599999999999999,2168.0,0.45,1287,2650,7,0.7995866920650005
COMPLETED,0.89,3557.0,0.99,3147,2007,3,0.218661345468834
COMPLETED,0.8699999999999999,3636.0,0.95,3422,2759,10,0.6224899205882101
COMPLETED,0.88,1662.0,0.65,1562,2113,5,0.3924220696240663
COMPLETED,0.7099999999999999,3384.0,0.05,269,4529,6,0.8817180079109966
COMPLETED,0.9,2885.0,1.0,4639,133,2,0.1058669755291193
COMPLETED,0.82,7487.0,0.82,4367,4288,4,0.1344112625103443
COMPLETED,0.9,1702.0,0.94,1237,1145,8,0.8477671937979758
COMPLETED,0.76,3828.0,0.6199999999999999,2444,3465,3,0.3624764693677425
COMPLETED,0.9,3855.0,1.0,3084,1572,7,0.6547954121697694
COMPLETED,0.76,2093.0,0.53,2675,4770,2,0.7607210555709899
COMPLETED,0.77,1274.0,1.0,2036,415,7,0.2268187040667981
RUNNING,,,,831,3102,3,0.7353858935106545
RUNNING,,,,3960,2497,9,0.2794504163563251
RUNNING,,,,4851,3176,7,0.4988358923345804
RUNNING,,,,480,1320,1,0.518513573082164
RUNNING,,,,1775,3916,10,0.0056674178075045
RUNNING,,,,3636,810,5,0.9765581658370792
RUNNING,,,,3652,3925,2,0.4179201158192008
RUNNING,,,,1762,820,8,0.5701449076496063
RUNNING,,,,479,3166,4,0.0807348242476582
RUNNING,,,,4859,1311,9,0.9346726870778947
RUNNING,,,,3952,3093,6,0.8416213677320629
RUNNING,,,,832,2487,1,0.1751723773106932
RUNNING,,,,2048,4780,10,0.6603334755413233
RUNNING,,,,2659,424,4,0.3213513631876557
RUNNING,,,,3071,3477,9,0.2172607915624976
RUNNING,,,,2460,1581,5,0.7980700876507907
RUNNING,,,,1245,4280,6,0.2893732720073312
RUNNING,,,,4366,1133,1,0.6986455758921802
RUNNING,,,,4640,4517,4,0.5396249234639107
RUNNING,,,,261,125,8,0.4421041873004287
RUNNING,,,,1546,2767,3,0.9548361974600702
RUNNING,,,,3435,2124,7,0.062032276161015
RUNNING,,,,3164,2642,5,0.6524269112572074
RUNNING,,,,1274,1996,10,0.3599804967436939
RUNNING,,,,68,4646,2,0.8492838000711053
RUNNING,,,,4449,250,6,0.1358118145577609
RUNNING,,,,4089,4092,8,0.1034889532290399
RUNNING,,,,969,950,4,0.8792163135316223
RUNNING,,,,2263,3661,7,0.3939482047203928
RUNNING,,,,2874,1768,3,0.623896186955273
RUNNING,,,,2622,4965,7,0.9778358786012976
RUNNING,,,,2011,610,2,0.0073049598298966
RUNNING,,,,718,2907,9,0.5158947574570774
RUNNING,,,,3838,2302,3,0.4965883308891206
RUNNING,,,,4817,3293,1,0.2807338508758693
RUNNING,,,,436,1437,7,0.7370329569205641
RUNNING,,,,1643,3798,5,0.2241941741220652
RUNNING,,,,3533,692,10,0.7584639653023332
RUNNING,,,,3481,3280,6,0.5949464481752365
RUNNING,,,,1620,1387,1,0.388267530594021
RUNNING,,,,325,4005,9,0.9009765682220457
RUNNING,,,,4696,862,5,0.1173308357764035
RUNNING,,,,3800,4715,3,0.1453899744171649
RUNNING,,,,670,318,7,0.8665372745841741
RUNNING,,,,1876,3042,4,0.3578329749293625
RUNNING,,,,2515,2396,9,0.626767267299816
RUNNING,,,,2928,4355,3,0.7721851351708173
RUNNING,,,,2289,1249,9,0.2460780265349894
RUNNING,,,,1083,3518,2,0.731231633318588
RUNNING,,,,4212,1661,8,0.2519076466150582
RUNNING,,,,4479,2662,10,0.4708069927431642
RUNNING,,,,109,2058,4,0.5138698518555611
RUNNING,,,,1402,4428,6,0.0244368033576756
RUNNING,,,,3263,73,1,0.9875365914702416
RUNNING,,,,3305,4536,9,0.3350712243765592
RUNNING,,,,1445,180,3,0.6822160192746669
RUNNING,,,,228,2556,8,0.1693695070873945
RUNNING,,,,4598,1949,2,0.8127936168499291
RUNNING,,,,4250,3722,5,0.9088907540775836
RUNNING,,,,1120,1867,10,0.078709323791787
RUNNING,,,,2403,4150,1,0.5872763942647725
RUNNING,,,,3043,1045,6,0.4276204717755317
RUNNING,,,,2792,2835,2,0.0330838460605591
RUNNING,,,,2152,2192,6,0.9491568320132792
RUNNING,,,,867,4918,5,0.4638659886121749
RUNNING,,,,3997,525,10,0.553468352632597
RUNNING,,,,4967,3899,7,0.708224330605939
RUNNING,,,,597,753,3,0.3066273413747548
RUNNING,,,,1812,3389,8,0.7959229227490722
RUNNING,,,,3672,1492,4,0.1916015045177191
RUNNING,,,,3714,2989,8,0.94086183620058
RUNNING,,,,1854,2346,4,0.0403809067718684
RUNNING,,,,560,4764,7,0.5607880215272307
RUNNING,,,,4931,371,3,0.4555940843019634
RUNNING,,,,4034,4058,5,0.2983385432008653
RUNNING,,,,904,912,9,0.7155313885882497
RUNNING,,,,2111,3230,1,0.1989159349761903
RUNNING,,,,2750,1334,6,0.7876419654991477
RUNNING,,,,3006,4377,1,0.6739290893152357
RUNNING,,,,2367,21,6,0.3423764141444116
RUNNING,,,,1161,2714,4,0.8201061716582626
RUNNING,,,,4291,2108,10,0.1610904254876077
RUNNING,,,,4557,3568,8,0.0704123965613543
RUNNING,,,,186,1713,2,0.9161897462066262
RUNNING,,,,1481,4303,9,0.4349420795235782
RUNNING,,,,3341,1198,4,0.5790025511011481
RUNNING,,,,3226,4196,7,0.2387633265331387
RUNNING,,,,1366,1091,1,0.7804663619641214
RUNNING,,,,151,3676,10,0.2601962384488433
RUNNING,,,,4520,1820,5,0.7239247816763817
RUNNING,,,,4171,2509,2,0.5065499134175478
RUNNING,,,,1041,1904,8,0.4790791665967553
RUNNING,,,,2326,4582,3,0.9958313809428364
RUNNING,,,,2965,227,9,0.0171399489864706
RUNNING,,,,2557,3433,4,0.3809457165058702
RUNNING,,,,1917,1540,8,0.6032204976789654
RUNNING,,,,634,3851,3,0.1256274934634566
RUNNING,,,,3764,708,7,0.8936778456363828
RUNNING,,,,4732,4873,10,0.8592245134357362
RUNNING,,,,362,477,5,0.1536692623570561
RUNNING,,,,1579,2883,6,0.6350539277158677
RUNNING,,,,3439,2237,1,0.3505280547048896
RUNNING,,,,3574,4806,4,0.0156011732351034
RUNNING,,,,1685,451,10,0.970536648530513
RUNNING,,,,400,3065,1,0.4892660093158483
RUNNING,,,,4780,2461,6,0.5241683626789599
RUNNING,,,,3875,3140,9,0.7453201248217373
RUNNING,,,,755,1283,3,0.2734293749332428
RUNNING,,,,1970,3952,8,0.7511516484357416
RUNNING,,,,2580,846,2,0.232473969547078
RUNNING,,,,2837,2796,7,0.3682695328593253
RUNNING,,,,2227,2149,3,0.6451205671001226
RUNNING,,,,1010,4492,9,0.1284976220410317
RUNNING,,,,4130,96,4,0.8575654711462556
RUNNING,,,,4407,4251,1,0.8875105955190956
RUNNING,,,,27,1109,6,0.0961916545759886
RUNNING,,,,1311,3502,5,0.6165758042354136
RUNNING,,,,3200,1609,9,0.4022198710888624
RUNNING,,,,3399,3631,2,0.8053821349740027
RUNNING,,,,1509,1734,7,0.2089812656808644
RUNNING,,,,302,4126,4,0.6903582016509026
RUNNING,,,,4682,980,8,0.2966779542900621
RUNNING,,,,4324,4676,6,0.4494262393303215
RUNNING,,,,1204,283,2,0.5313515877854079
RUNNING,,,,2497,2608,10,0.0537358564157038
RUNNING,,,,3107,1966,5,0.9621356338709592
RUNNING,,,,2700,3766,10,0.5774650840293615
RUNNING,,,,2090,661,5,0.4096486557908355
RUNNING,,,,796,3324,7,0.9263781355470418
RUNNING,,,,3916,1470,1,0.088032392444089
RUNNING,,,,4895,2939,3,0.1824863634873181
RUNNING,,,,515,2333,9,0.8333399029970168
RUNNING,,,,1721,4933,2,0.3130620575286447
RUNNING,,,,3611,577,8,0.6676400892417877
RUNNING,,,,3626,3540,3,0.2822954095490277
RUNNING,,,,1746,1644,9,0.6994880783390253
RUNNING,,,,531,4373,2,0.2140450749117881
RUNNING,,,,4921,1226,7,0.8027709251195191
RUNNING,,,,3926,4444,10,0.9578949840962888
RUNNING,,,,816,51,5,0.0574138780701905
RUNNING,,,,2101,2684,7,0.5466184430103748
RUNNING,,,,2721,2041,1,0.4414243254698813
RUNNING,,,,3094,3988,6,0.0854963275659829
RUNNING,,,,2474,883,2,0.9312734968960285
RUNNING,,,,1191,3258,10,0.4188232803978025
RUNNING,,,,4301,1404,5,0.5628835753779858
RUNNING,,,,4664,3020,3,0.6598351762723178
RUNNING,,,,274,2414,7,0.3282823207862675
RUNNING,,,,1491,4697,4,0.8371845284849405
RUNNING,,,,3371,341,8,0.178168605716899
RUNNING,,,,3177,4901,1,0.5226079779136926
RUNNING,,,,1297,546,6,0.4951370507776737
RUNNING,,,,4,2814,5,0.9806867153085768
RUNNING,,,,4393,2209,10,0.0019951067548245
RUNNING,,,,4103,3366,7,0.2217460612487048
RUNNING,,,,992,1510,3,0.7634489163644612
RUNNING,,,,2198,3881,8,0.2743512430340051
RUNNING,,,,2819,775,4,0.738079609664157
RUNNING,,,,2606,2578,9,0.8441564650423825
RUNNING,,,,1986,1932,3,0.1386010373663157
RUNNING,,,,780,4553,8,0.6511581529099493
RUNNING,,,,3891,157,2,0.3666320995837449
RUNNING,,,,4801,4166,4,0.395054560393095
RUNNING,,,,411,1023,10,0.6173291649688035
RUNNING,,,,1706,3744,1,0.1085336109381169
RUNNING,,,,3585,1851,6,0.8765837827958166
RUNNING,,,,3467,4262,10,0.7282871535234153
RUNNING,,,,1597,1156,5,0.2563962270375341
RUNNING,,,,390,3454,6,0.7653214072678238
RUNNING,,,,4751,1598,2,0.2466435480639338
RUNNING,,,,3787,2745,4,0.0316444834843277
RUNNING,,,,647,2141,8,0.9865797821823508
RUNNING,,,,1940,4501,2,0.4741370496954768
RUNNING,,,,2571,146,7,0.5090392227433622
RUNNING,,,,2945,3187,2,0.9016046888772395
RUNNING,,,,2314,1294,8,0.1102855676189064
RUNNING,,,,1020,3941,3,0.5994976240061223
RUNNING,,,,4160,799,9,0.3851415142621845
RUNNING,,,,4495,4798,7,0.3531857821699231
RUNNING,,,,135,401,1,0.6300366360954939
RUNNING,,,,1340,3115,10,0.1446165977641939
RUNNING,,,,3210,2469,5,0.8736842702720314
RUNNING,,,,3331,2928,8,0.4664436849299818
RUNNING,,,,1460,2285,2,0.5483688530698418
RUNNING,,,,175,4981,9,0.0395810284279286
RUNNING,,,,4536,589,3,0.9479806292857976
RUNNING,,,,4275,3816,1,0.7893242507930845
RUNNING,,,,1136,670,6,0.1929232011847198
RUNNING,,,,2351,3315,4,0.7055030438825488
RUNNING,,,,2980,1419,10,0.3118226199243217
RUNNING,,,,2769,4629,5,0.1683776961974799
RUNNING,,,,2139,273,9,0.8192310591097921
RUNNING,,,,922,2619,1,0.3301561203692108
RUNNING,,,,4062,2013,6,0.6847339717671274
RUNNING,,,,4944,3639,9,0.592533309020102
RUNNING,,,,584,1784,4,0.4247167041841894
RUNNING,,,,1867,4076,7,0.9102740906681864
RUNNING,,,,3738,971,3,0.0719281672500073
RUNNING,,,,3701,4470,7,0.8265529029406607
RUNNING,,,,1831,114,3,0.1601036169510334
RUNNING,,,,625,2778,8,0.6764372843373567
RUNNING,,,,4985,2172,4,0.3374548726975917
RUNNING,,,,4021,3485,2,0.432029495075345
RUNNING,,,,881,1630,6,0.5842539913374931
RUNNING,,,,2175,4230,5,0.0636414770912379
RUNNING,,,,2805,1125,10,0.9175790406353772
RUNNING,,,,3022,3082,5,0.5556835233289747
RUNNING,,,,2392,2439,10,0.4581624878793955
RUNNING,,,,1099,4828,1,0.93969206719473
RUNNING,,,,4239,435,7,0.0468878503274172
RUNNING,,,,4572,3975,9,0.2002431098800152
RUNNING,,,,212,829,3,0.7810521066822111
RUNNING,,,,1419,3157,7,0.3035278601944446
RUNNING,,,,3289,1260,2,0.712799868511036
RUNNING,,,,3252,3341,10,0.11857246783562
RUNNING,,,,1381,1448,4,0.8942995288521051
RUNNING,,,,98,3787,6,0.3778289891965687
RUNNING,,,,4458,645,1,0.6077766758631915
RUNNING,,,,4196,4957,4,0.6383335335832088
RUNNING,,,,1057,560,9,0.3458868197835981
RUNNING,,,,2273,2957,2,0.8663626922667027
RUNNING,,,,2903,2310,8,0.1528904111851006
RUNNING,,,,2534,4104,3,0.264691252592951
RUNNING,,,,1904,998,7,0.7209900630693882
RUNNING,,,,689,3613,4,0.2393238494265824
RUNNING,,,,3828,1757,8,0.773593341320753
RUNNING,,,,4709,2591,6,0.994868610098958
RUNNING,,,,348,1987,1,0.0243373957592993
RUNNING,,,,1633,4655,9,0.5017247625421732
RUNNING,,,,3504,300,5,0.4824180366881191
RUNNING,,,,3549,2732,1,0.1312808907292783
RUNNING,,,,1669,2086,7,0.8524278953280299
RUNNING,,,,452,4399,5,0.3749266213718801
RUNNING,,,,4842,3,10,0.6438606144562363
RUNNING,,,,3849,4324,8,0.6100152085348963
RUNNING,,,,739,1182,2,0.4033359953854233
RUNNING,,,,2022,3585,9,0.8848730587121099
RUNNING,,,,2642,1692,3,0.1012270269803702
RUNNING,,,,2860,4743,8,0.4878249737117439
RUNNING,,,,2240,387,4,0.5308875335380435
RUNNING,,,,955,2973,7,0.0102825107388198
RUNNING,,,,4066,2368,2,0.973382003283128
RUNNING,,,,4430,3213,5,0.7561268345918505
RUNNING,,,,40,1356,10,0.2300194266699254
RUNNING,,,,1255,4035,2,0.7463760591521859
RUNNING,,,,3136,929,6,0.2670517768803983
RUNNING,,,,3412,3829,4,0.9229844310376792
RUNNING,,,,1532,724,8,0.0928027014657855
RUNNING,,,,238,3417,3,0.5701977976374328
RUNNING,,,,4627,1562,7,0.4105415795799344
RUNNING,,,,4337,2866,9,0.3199880090560763
RUNNING,,,,1227,2260,5,0.6671325046680867
RUNNING,,,,2432,4850,6,0.1854890181794762
RUNNING,,,,3053,495,1,0.8289128323737532
RUNNING,,,,2685,3694,6,0.6911918946765363
RUNNING,,,,2064,1798,1,0.2895946098770946
RUNNING,,,,858,4219,10,0.8100932169500737
RUNNING,,,,3968,1072,5,0.2057714994326233
RUNNING,,,,4879,4603,2,0.049126739911735
RUNNING,,,,490,210,8,0.9651994302961974
RUNNING,,,,1783,2525,3,0.4487366125937551
RUNNING,,,,3663,1883,9,0.5383386773280799
RUNNING,,,,3670,4599,4,0.7153733850475401
RUNNING,,,,1780,204,8,0.2980549045614898
RUNNING,,,,495,2531,3,0.7874953887388109
RUNNING,,,,4875,1887,7,0.1986513409707695
RUNNING,,,,3975,3708,10,0.0416543830577284
RUNNING,,,,855,1813,5,0.942009677387774
RUNNING,,,,2070,4203,6,0.4568180594108998
RUNNING,,,,2680,1058,2,0.561893979391083
RUNNING,,,,3050,2862,7,0.9160013065710664
RUNNING,,,,2439,2254,1,0.0700983255449682
RUNNING,,,,1222,4856,10,0.5787646140065043
RUNNING,,,,4343,499,5,0.4345861214660108
RUNNING,,,,4624,3843,2,0.3436803228072822
RUNNING,,,,245,740,7,0.6751073665972798
RUNNING,,,,1528,3402,3,0.1624057646486908
RUNNING,,,,3417,1548,9,0.8213034898564219
RUNNING,,,,3142,3218,1,0.4798615292683243
RUNNING,,,,1252,1361,6,0.5072142588440329
RUNNING,,,,46,4031,4,0.017880428334698
RUNNING,,,,4426,923,10,0.9964462251923976
RUNNING,,,,4072,4727,8,0.7788426354341209
RUNNING,,,,952,374,2,0.2370215827580541
RUNNING,,,,2246,2987,9,0.722320099780336
RUNNING,,,,2856,2383,4,0.2584659214541316
RUNNING,,,,2639,4330,8,0.1544820611234754
RUNNING,,,,2029,1186,4,0.8599192912392318
RUNNING,,,,735,3581,7,0.3513598943874239
RUNNING,,,,3854,1687,3,0.6357601360175757
RUNNING,,,,4839,2717,5,0.6015663387719542
RUNNING,,,,459,2072,9,0.3791735366359352
RUNNING,,,,1665,4413,1,0.8919817996881902
RUNNING,,,,3554,18,6,0.1238058161344379
RUNNING,,,,3497,2586,10,0.272277748985216
RUNNING,,,,1636,1982,5,0.7440504779107868
RUNNING,,,,343,4659,6,0.2313718261867761
RUNNING,,,,4713,306,1,0.7499238736946136
RUNNING,,,,3822,4119,3,0.9708164577949792
RUNNING,,,,692,1012,9,0.0157629615366458
RUNNING,,,,1898,3599,2,0.5244367563165723
RUNNING,,,,2538,1741,8,0.4894087715726345
RUNNING,,,,2906,4951,2,0.0950095479190349
RUNNING,,,,2267,556,7,0.8862104716170579
RUNNING,,,,1061,2961,4,0.4010263525228947
RUNNING,,,,4191,2316,8,0.61525665057078
RUNNING,,,,4461,3356,6,0.6454308533556758
RUNNING,,,,91,1462,2,0.3684618018697947
RUNNING,,,,1385,3774,10,0.8579252437073737
RUNNING,,,,3246,629,5,0.1287317595034837
RUNNING,,,,3282,3979,7,0.5330971163213252
RUNNING,,,,1422,834,3,0.4510461364854126
RUNNING,,,,207,3151,8,0.9638621363621204
RUNNING,,,,4577,1256,4,0.0553443379439413
RUNNING,,,,4232,3068,1,0.2083207496292889
RUNNING,,,,1102,2424,6,0.8045959875416011
RUNNING,,,,2387,4843,5,0.2960593104083091
RUNNING,,,,3027,449,9,0.6896215368062257
RUNNING,,,,2809,3490,5,0.8351159122418612
RUNNING,,,,2169,1636,10,0.1841367376334965
RUNNING,,,,885,4225,1,0.6694579669386148
RUNNING,,,,4015,1121,6,0.3147619179803878
RUNNING,,,,4988,4456,9,0.4089576627481728
RUNNING,,,,618,99,3,0.5766484558880329
RUNNING,,,,1835,2793,8,0.0873223696388304
RUNNING,,,,3695,2186,2,0.9255500954966992
RUNNING,,,,3732,3643,7,0.1758633647765964
RUNNING,,,,1871,1790,2,0.8424379865787923
RUNNING,,,,577,4071,9,0.322061391569674
RUNNING,,,,4947,967,3,0.6611615248862655
RUNNING,,,,4056,4615,1,0.5683689076993614
RUNNING,,,,927,257,7,0.4162697472497821
RUNNING,,,,2132,2634,5,0.9328548000864684
RUNNING,,,,2772,2027,10,0.0790349582191556
RUNNING,,,,2985,3820,5,0.4427647089287638
RUNNING,,,,2345,676,10,0.5404110801909118
RUNNING,,,,1139,3310,1,0.0626509144660085
RUNNING,,,,4268,1415,6,0.9555728530101478
RUNNING,,,,4540,2914,8,0.7963245498202741
RUNNING,,,,170,2270,4,0.2156408888306468
RUNNING,,,,1463,4997,7,0.6969190826956183
RUNNING,,,,3324,603,3,0.2877647960558533
RUNNING,,,,3204,4792,10,0.8789060328528285
RUNNING,,,,1344,397,5,0.1032966935131698
RUNNING,,,,128,3120,6,0.6235364088173955
RUNNING,,,,4498,2474,1,0.3937140579633414
RUNNING,,,,4155,3202,4,0.3611625941060483
RUNNING,,,,1024,1308,8,0.6537270295824855
RUNNING,,,,2308,3927,3,0.1370053424183279
RUNNING,,,,2948,783,7,0.8506029593124985
RUNNING,,,,2575,2740,2,0.7367531420793383
RUNNING,,,,1935,2136,8,0.2805720532797276
RUNNING,,,,650,4505,3,0.7581955772414803
RUNNING,,,,3780,152,9,0.2240514211598783
RUNNING,,,,4755,4278,6,0.0084565950725227
RUNNING,,,,385,1170,1,0.9791055310890078
RUNNING,,,,1600,3440,10,0.4976904649548232
RUNNING,,,,3460,1583,4,0.5171225266214459
RUNNING,,,,3591,4171,2,0.8681914427857846
RUNNING,,,,1701,1027,6,0.1471621598638594
RUNNING,,,,418,3739,5,0.6284633039534092
RUNNING,,,,4798,1846,10,0.3596546466816216
RUNNING,,,,3896,2563,7,0.3874547262508422
RUNNING,,,,776,1918,2,0.5942516610771417
RUNNING,,,,1992,4567,8,0.1164990016706287
RUNNING,,,,2603,172,4,0.900270369214937
RUNNING,,,,2815,3372,9,0.5154935690909624
RUNNING,,,,2204,1515,3,0.4725487309414893
RUNNING,,,,989,3877,8,0.9891412826608866
RUNNING,,,,4109,770,2,0.026167125929147
RUNNING,,,,4389,4886,5,0.24529566944018
RUNNING,,,,9,532,10,0.7715207990389317
RUNNING,,,,1294,2828,1,0.2511671616900712
RUNNING,,,,3184,2224,7,0.7306167797744274
RUNNING,,,,3376,3015,3,0.0774054058343172
RUNNING,,,,1486,2408,9,0.9077124712187796
RUNNING,,,,281,4702,2,0.4263051419090479
RUNNING,,,,4661,345,8,0.5860790816433727
RUNNING,,,,4306,4002,10,0.6824044644869864
RUNNING,,,,1186,899,4,0.3353853046875446
RUNNING,,,,2481,3243,6,0.8130315483678132
RUNNING,,,,3091,1389,1,0.1697254558503627
RUNNING,,,,2717,4440,6,0.3053538743834942
RUNNING,,,,2107,46,1,0.7070764949955046
RUNNING,,,,813,2689,9,0.1903775201141834
RUNNING,,,,3933,2046,5,0.7948169593084603
RUNNING,,,,4917,3555,3,0.9493148299772292
RUNNING,,,,537,1659,7,0.0333674754053354
RUNNING,,,,1743,4357,4,0.5536149349696933
RUNNING,,,,3633,1212,9,0.464130591912195
RUNNING,,,,3605,2945,3,0.5854475024677813
RUNNING,,,,1725,2337,7,0.4333486413042992
RUNNING,,,,508,4929,4,0.9187611249852924
RUNNING,,,,4898,572,8,0.0649415786862373
RUNNING,,,,3910,3751,6,0.1597438518255948
RUNNING,,,,800,647,1,0.8263187729138881
RUNNING,,,,2083,3338,10,0.3371446087490767
RUNNING,,,,2703,1485,5,0.6762450376339256
RUNNING,,,,3112,4682,10,0.7821542574781924
RUNNING,,,,2492,287,4,0.2014708920568227
RUNNING,,,,1207,2604,6,0.7139515167661011
RUNNING,,,,4317,1960,1,0.3047975294124334
RUNNING,,,,4687,3615,4,0.4578940868061036
RUNNING,,,,297,1720,9,0.5555407536365092
RUNNING,,,,1512,4140,2,0.0466080187559127
RUNNING,,,,3392,995,8,0.9395302565861492
RUNNING,,,,3195,4247,5,0.3440689495224505
RUNNING,,,,1315,1103,10,0.6366336805671453
RUNNING,,,,21,3507,1,0.1511144242472946
RUNNING,,,,4410,1614,7,0.8647123404275626
RUNNING,,,,4125,2810,9,0.8950095442216843
RUNNING,,,,1014,2165,3,0.1194005004502832
RUNNING,,,,2220,4477,8,0.6084676465988159
RUNNING,,,,2840,82,2,0.378645595030859
RUNNING,,,,2584,3135,7,0.0226108858324587
RUNNING,,,,1964,1278,3,0.9932601211350413
RUNNING,,,,758,3958,8,0.4806724858451634
RUNNING,,,,3868,850,4,0.5001048430800437
RUNNING,,,,4784,4820,1,0.7216087143868208
RUNNING,,,,395,466,6,0.2654279248733073
RUNNING,,,,1688,3050,5,0.7742538796793669
RUNNING,,,,3568,2446,10,0.2401100191660225
RUNNING,,,,3444,4878,6,0.4035739399157464
RUNNING,,,,1575,483,1,0.6103711740281433
RUNNING,,,,369,2878,10,0.1014154889229685
RUNNING,,,,4729,2233,4,0.8851871520355343
RUNNING,,,,3769,3419,2,0.8511125487312674
RUNNING,,,,629,1525,8,0.1300835650954395
RUNNING,,,,1924,3866,3,0.6425566834863276
RUNNING,,,,2554,722,9,0.3737483217827975
RUNNING,,,,2961,2513,4,0.2301659959945827
RUNNING,,,,2331,1909,9,0.7563914211615919
RUNNING,,,,1038,4576,3,0.2672097581140697
RUNNING,,,,4177,223,7,0.746659675484523
RUNNING,,,,4516,4183,9,0.5296635658647864
RUNNING,,,,156,1075,5,0.486719023283571
RUNNING,,,,1363,3691,6,0.9721085493043063
RUNNING,,,,3232,1834,1,0.0091346918586641
RUNNING,,,,3347,3563,8,0.6663006575498729
RUNNING,,,,1476,1709,4,0.3192817933186888
RUNNING,,,,193,4307,7,0.8281000113002955
RUNNING,,,,4554,1204,2,0.1847942180689424
RUNNING,,,,4296,4393,5,0.0944987548496574
RUNNING,,,,1157,35,10,0.9248061158023774
RUNNING,,,,2373,2700,2,0.4121957607939839
RUNNING,,,,3003,2093,6,0.5719699998144059
RUNNING,,,,2746,4052,1,0.9644589583836496
RUNNING,,,,2116,907,7,0.048511903097853
RUNNING,,,,901,3234,5,0.5375563369635492
RUNNING,,,,4041,1339,10,0.4480722894743084
RUNNING,,,,4926,3004,8,0.291199284337461
RUNNING,,,,566,2360,2,0.6929222042355686
RUNNING,,,,1851,4750,9,0.2073952036555856
RUNNING,,,,3721,356,3,0.81183493841812
RUNNING,,,,3679,3894,9,0.0558092091865837
RUNNING,,,,1809,749,4,0.9561646838318556
RUNNING,,,,603,3393,8,0.4398006156701594
RUNNING,,,,4963,1498,2,0.5448767122477292
RUNNING,,,,4004,2850,4,0.700228540956974
RUNNING,,,,864,2207,10,0.2829102407861501
RUNNING,,,,2158,4904,1,0.8035532747786492
RUNNING,,,,2788,510,6,0.2147094036079943
RUNNING,,,,3040,3716,1,0.326586261825636
RUNNING,,,,2410,1863,6,0.6580134822130203
RUNNING,,,,1115,4154,5,0.1765144300796091
RUNNING,,,,4255,1050,9,0.8354123356025664
RUNNING,,,,4595,4551,7,0.9321053533088416
RUNNING,,,,235,194,3,0.08620254888013
RUNNING,,,,1440,2542,8,0.5636963871568441
RUNNING,,,,3310,1934,4,0.4195180749315768
RUNNING,,,,3269,2667,6,0.7646728784609585
RUNNING,,,,1399,2063,2,0.2228520023822784
RUNNING,,,,114,4422,10,0.7393530692197382
RUNNING,,,,4475,69,5,0.2754990712087601
RUNNING,,,,4219,4341,3,0.4949904907476156
RUNNING,,,,1080,1234,7,0.5223433969207107
RUNNING,,,,2295,3533,4,0.0018371162265539
RUNNING,,,,2924,1675,8,0.98040309339948
RUNNING,,,,2512,4719,3,0.6186445171423256
RUNNING,,,,1883,324,9,0.396251895321533
RUNNING,,,,666,3037,2,0.8778877081889658
RUNNING,,,,3805,2391,7,0.1097119012326002
RUNNING,,,,4693,3265,10,0.1383630835413932
RUNNING,,,,332,1372,5,0.8438004939723759
RUNNING,,,,1616,4020,7,0.366443646935746
RUNNING,,,,3486,876,1,0.6508440651632845
RUNNING,,,,3526,3289,5,0.9859611215703188
RUNNING,,,,1646,1432,9,0.0309078056272119
RUNNING,,,,431,3804,1,0.5083786936793476
RUNNING,,,,4821,696,6,0.4733508855327963
RUNNING,,,,3831,4979,9,0.2581227425411343
RUNNING,,,,721,625,4,0.7298956517819314
RUNNING,,,,2006,2892,7,0.2483890933301299
RUNNING,,,,2626,2288,3,0.7669413174353539
RUNNING,,,,2877,4088,8,0.6293266300205141
RUNNING,,,,2257,944,2,0.3523577551320195
RUNNING,,,,973,3666,9,0.8729932902418077
RUNNING,,,,4083,1772,3,0.143799986353144
RUNNING,,,,4452,2656,1,0.1121034323032945
RUNNING,,,,62,2011,6,0.903304532598704
RUNNING,,,,1278,4631,5,0.38691750677675
RUNNING,,,,3158,236,10,0.6011479851398616
RUNNING,,,,3428,4523,2,0.1931916115526109
RUNNING,,,,1549,129,8,0.7894670260623097
RUNNING,,,,255,2763,3,0.3121024422012269
RUNNING,,,,4645,2119,9,0.7056648489143699
RUNNING,,,,4359,3462,6,0.547266696697101
RUNNING,,,,1248,1567,1,0.465215893458575
RUNNING,,,,2455,4294,10,0.946828986607492
RUNNING,,,,3075,1149,5,0.0383113685045391
RUNNING,,,,2662,3098,10,0.4250764600150286
RUNNING,,,,2042,2491,5,0.592767433470115
RUNNING,,,,836,4775,6,0.0722384404931217
RUNNING,,,,3947,418,2,0.9104663429483772
RUNNING,,,,4862,3909,4,0.8180375535562633
RUNNING,,,,472,806,8,0.167058559263125
RUNNING,,,,1767,3180,3,0.6835518818404525
RUNNING,,,,3646,1326,7,0.3288560094796121
RUNNING,,,,3639,3171,9,0.7683399715255946
RUNNING,,,,1768,1314,5,0.2499076124317944
RUNNING,,,,485,3921,6,0.7274015696793794
RUNNING,,,,4845,814,1,0.2557523362357169
RUNNING,,,,3963,4784,4,0.474759053574875
RUNNING,,,,824,430,9,0.5099029122292995
RUNNING,,,,2040,3087,3,0.0284042170085012
RUNNING,,,,2670,2483,7,0.9835850083809344
RUNNING,,,,3077,4284,2,0.5988985071480273
RUNNING,,,,2447,1140,8,0.3843005928266793
RUNNING,,,,1232,3470,3,0.9049439837317914
RUNNING,,,,4371,1577,9,0.1133792508281767
RUNNING,,,,4632,2773,6,0.1415448089130222
RUNNING,,,,272,2128,1,0.8703668623398989
RUNNING,,,,1556,4514,10,0.3540029131490737
RUNNING,,,,3427,119,5,0.6306119550615548
RUNNING,,,,3150,4640,8,0.037035548120737
RUNNING,,,,1280,246,2,0.9451895373333244
RUNNING,,,,75,2645,9,0.4678328092675655
RUNNING,,,,4435,2001,3,0.5495161728300154
RUNNING,,,,4100,3657,1,0.7043795220144093
RUNNING,,,,960,1761,6,0.3104572860430925
RUNNING,,,,2255,4099,5,0.7920934558231383
RUNNING,,,,2885,954,10,0.1954467871338129
RUNNING,,,,2628,2903,5,0.3312264176439493
RUNNING,,,,1998,2296,10,0.6860459620840847
RUNNING,,,,705,4971,2,0.1655400383025407
RUNNING,,,,3844,614,6,0.8166389013249425
RUNNING,,,,4808,3792,8,0.9128424579966812
RUNNING,,,,448,689,4,0.0747420272529125
RUNNING,,,,1655,3297,7,0.5912432130612432
RUNNING,,,,3524,1443,2,0.4236682938318699
RUNNING,,,,3489,4011,4,0.2134307297822088
RUNNING,,,,1609,866,9,0.8019147754125296
RUNNING,,,,315,3276,2,0.2855281065031886
RUNNING,,,,4704,1381,8,0.7024751636479049
RUNNING,,,,3794,3046,10,0.5435923389736563
RUNNING,,,,684,2402,4,0.4381526023522019
RUNNING,,,,1889,4708,6,0.9587882564328613
RUNNING,,,,2509,314,1,0.0580653383936733
RUNNING,,,,2918,3522,6,0.4218875294700265
RUNNING,,,,2298,1668,1,0.5661933245602994
RUNNING,,,,1091,4349,9,0.0846868850793689
RUNNING,,,,4201,1245,5,0.9307057474516331
RUNNING,,,,4492,4434,3,0.8377913040928542
RUNNING,,,,103,76,7,0.179017066931352
RUNNING,,,,1396,2659,4,0.6564883118961006
RUNNING,,,,3276,2052,8,0.3251809490844607
RUNNING,,,,3313,2550,2,0.9818026973977684
RUNNING,,,,1433,1946,6,0.0033527818862348
RUNNING,,,,217,4539,5,0.5198464613761752
RUNNING,,,,4607,186,10,0.4926210343502461
RUNNING,,,,4243,4146,7,0.2769043820910155
RUNNING,,,,1133,1038,3,0.7408782413955777
RUNNING,,,,2417,3728,8,0.2203493673894554
RUNNING,,,,3037,1871,4,0.7622939081117511
RUNNING,,,,2781,4914,9,0.6485974443312734
RUNNING,,,,2161,519,3,0.3638257793597877
RUNNING,,,,876,2842,7,0.8454389914795756
RUNNING,,,,3986,2196,2,0.1396417592260986
RUNNING,,,,4981,3383,5,0.1074557738844305
RUNNING,,,,591,1489,10,0.8752641337290405
RUNNING,,,,1806,3903,1,0.3978999067805707
RUNNING,,,,3686,759,7,0.6199288922753186
RUNNING,,,,3722,4760,1,0.3720993585567921
RUNNING,,,,1843,365,6,0.6412751636542379
RUNNING,,,,550,2995,4,0.1323425477445125
RUNNING,,,,4939,2350,10,0.853735171424225
RUNNING,,,,4028,3224,8,0.8835438956934958
RUNNING,,,,917,1330,2,0.1001434756070375
RUNNING,,,,2124,4061,9,0.6126244572289287
RUNNING,,,,2745,917,3,0.4061870486568659
RUNNING,,,,2995,2709,9,0.0116344715505838
RUNNING,,,,2375,2105,4,0.9744884714204816
RUNNING,,,,1170,4380,7,0.4853146641682833
RUNNING,,,,4280,27,3,0.5281355383880436
RUNNING,,,,4570,4299,5,0.7491499486602842
RUNNING,,,,180,1192,9,0.269583973346278
RUNNING,,,,1475,3574,1,0.7549965759981424
RUNNING,,,,3355,1717,6,0.2286436679661273
RUNNING,,,,3235,3680,4,0.573498025432229
RUNNING,,,,1354,1826,8,0.4136001217681914
RUNNING,,,,139,4190,2,0.922426195545122
RUNNING,,,,4529,1086,7,0.0919989732988178
RUNNING,,,,4165,4587,10,0.1863165442384779
RUNNING,,,,1054,230,5,0.8294948583226651
RUNNING,,,,2339,2505,6,0.3169075799454003
RUNNING,,,,2959,1898,2,0.6638103825151919
RUNNING,,,,2546,3857,7,0.8092123175840825
RUNNING,,,,1926,712,1,0.2051362191475927
RUNNING,,,,642,3430,10,0.6942037222087382
RUNNING,,,,3752,1535,5,0.2928482494223862
RUNNING,,,,4746,2887,2,0.4454591825921088
RUNNING,,,,356,2243,8,0.5353030519038438
RUNNING,,,,1572,4867,3,0.0497839145548641
RUNNING,,,,3452,473,9,0.966102216584608
RUNNING,,,,3561,3062,7,0.6777740168776362
RUNNING,,,,1691,2454,3,0.338546112563461
RUNNING,,,,406,4812,8,0.8239359954968095
RUNNING,,,,4767,455,4,0.1572450239006429
RUNNING,,,,3885,3946,1,0.0664610514137893
RUNNING,,,,746,843,6,0.92015692191571
RUNNING,,,,1961,3143,5,0.4309753778390586
RUNNING,,,,2591,1289,9,0.5829543739911169
RUNNING,,,,2843,4486,4,0.9369104891940953
RUNNING,,,,2213,92,10,0.044348084339872
RUNNING,,,,997,2799,1,0.5568213217016309
RUNNING,,,,4136,2155,6,0.4595459053330123
RUNNING,,,,4399,3498,9,0.3021834689043462
RUNNING,,,,38,1603,4,0.7117010888662189
RUNNING,,,,1322,4258,8,0.202745760673657
RUNNING,,,,3192,1112,2,0.7837965620532632
RUNNING,,,,3385,4130,10,0.3769937746450304
RUNNING,,,,1515,986,5,0.607187080392614
RUNNING,,,,309,3624,7,0.1216604367252439
RUNNING,,,,4669,1731,1,0.8976293097548186
RUNNING,,,,4335,2614,3,0.8630700339935719
RUNNING,,,,1195,1969,9,0.1498395574893802
RUNNING,,,,2488,4673,2,0.6388841103259473
RUNNING,,,,3119,277,8,0.346683008171618
RUNNING,,,,2707,3330,3,0.2426088489498943
RUNNING,,,,2077,1473,7,0.7766366552375256
RUNNING,,,,782,3763,4,0.2640264192000031
RUNNING,,,,3922,655,8,0.7200797370020299
RUNNING,,,,4887,4937,6,0.502597973415628
RUNNING,,,,527,584,1,0.4830457474514842
RUNNING,,,,1732,2933,10,0.9918643223457038
RUNNING,,,,3602,2329,5,0.0210914149638265
RUNNING,,,,3615,4367,6,0.897652561124414
RUNNING,,,,1755,1223,2,0.1142523213531821
RUNNING,,,,540,3544,10,0.5955303962472825
RUNNING,,,,4910,1650,5,0.3890931642726063
RUNNING,,,,3940,2680,2,0.3570311317071318
RUNNING,,,,810,2035,7,0.626207117119804
RUNNING,,,,2095,4450,4,0.1484465944822877
RUNNING,,,,2735,55,8,0.8698393947593867
RUNNING,,,,3103,3254,3,0.7321325049195438
RUNNING,,,,2463,1397,9,0.2525667062029242
RUNNING,,,,1179,3995,2,0.7691514021269977
RUNNING,,,,4309,887,8,0.242798674410209
RUNNING,,,,4658,4691,10,0.027692357590422
RUNNING,,,,288,337,5,0.9905465340577064
RUNNING,,,,1504,3023,7,0.4701698200777172
RUNNING,,,,3364,2419,1,0.5129908746127038
RUNNING,,,,3166,2820,9,0.1722224527392536
RUNNING,,,,1306,2213,3,0.8154009434208273
RUNNING,,,,12,4898,8,0.3339857583157718
RUNNING,,,,4383,541,2,0.6808887412007897
RUNNING,,,,4116,3885,4,0.5885817779805511
RUNNING,,,,986,782,10,0.4286840509139001
RUNNING,,,,2193,3360,1,0.90630721796304
RUNNING,,,,2832,1506,6,0.075880176031962
RUNNING,,,,2614,4557,1,0.462492152031511
RUNNING,,,,1975,163,6,0.5523362016584724
RUNNING,,,,769,2572,5,0.0356141575817018
RUNNING,,,,3899,1928,9,0.9519326362088322
RUNNING,,,,4795,3749,7,0.7931690054759382
RUNNING,,,,424,1854,3,0.1890930873546749
RUNNING,,,,1719,4162,9,0.7093326836880295
RUNNING,,,,3580,1017,4,0.3079773874990642
RUNNING,,,,3473,3448,2,0.0815290979482233
RUNNING,,,,1583,1595,7,0.9352251487653702
RUNNING,,,,377,4266,3,0.4148711545038968
RUNNING,,,,4757,1162,9,0.5668503272533417
RUNNING,,,,3778,4497,7,0.6636651711314917
RUNNING,,,,658,140,1,0.3244374471325427
RUNNING,,,,1952,2752,10,0.841029879881069
RUNNING,,,,2562,2145,5,0.1743390848822891
RUNNING,,,,2931,3937,10,0.2861254062671214
RUNNING,,,,2321,792,5,0.6956432028263807
RUNNING,,,,1026,3193,6,0.2178904244489967
RUNNING,,,,4146,1298,1,0.7989414061438292
RUNNING,,,,4506,3109,4,0.9539277563374488
RUNNING,,,,126,2466,8,0.0613655280806124
RUNNING,,,,1331,4801,3,0.5426663152575492
RUNNING,,,,3221,407,7,0.4453910792041569
RUNNING,,,,3336,4987,5,0.8479861048478632
RUNNING,,,,1447,592,10,0.1347558049410581
RUNNING,,,,162,2925,1,0.6550029075928032
RUNNING,,,,4542,2279,6,0.3628019857537001
RUNNING,,,,4267,3319,8,0.3910876895468681
RUNNING,,,,1146,1426,4,0.6212811718918382
RUNNING,,,,2362,3810,7,0.1045820780396461
RUNNING,,,,2972,666,3,0.8805511313844471
RUNNING,,,,2755,2623,8,0.5186411052085458
RUNNING,,,,2145,2019,2,0.4990890595596283
RUNNING,,,,928,4622,9,0.976735184269026
RUNNING,,,,4049,269,4,0.0059624534845352
RUNNING,,,,4955,4082,1,0.2255756991952657
RUNNING,,,,575,975,6,0.7596036857981234
RUNNING,,,,1859,3636,4,0.2781959995757788
RUNNING,,,,3748,1778,10,0.7342494939751923
RUNNING,,,,3707,2782,5,0.4917914876453578
RUNNING,,,,1817,2178,10,0.5269356455858796
RUNNING,,,,612,4463,1,0.0142339246664196
RUNNING,,,,4992,110,7,0.9694150116071104
RUNNING,,,,4012,4236,9,0.7522970758154988
RUNNING,,,,892,1128,3,0.2338650160077959
RUNNING,,,,2187,3482,8,0.7425309475567192
RUNNING,,,,2797,1625,2,0.2708820096813142
RUNNING,,,,3008,4833,7,0.1274511338118463
RUNNING,,,,2398,438,2,0.8562734828069805
RUNNING,,,,1105,3078,8,0.3710815079174935
RUNNING,,,,4225,2433,4,0.6476908491160721
RUNNING,,,,4583,3161,2,0.6139817243274301
RUNNING,,,,203,1267,6,0.3993841055743396
RUNNING,,,,1410,3969,5,0.8888244707807899
RUNNING,,,,3300,825,10,0.0972600371632725
RUNNING,,,,3258,3784,3,0.6873615429047494
RUNNING,,,,1368,639,7,0.2934396025016903
RUNNING,,,,84,3347,4,0.8062477465830742
RUNNING,,,,4464,1452,9,0.2096013771798461
RUNNING,,,,4188,2951,6,0.0530938505586236
RUNNING,,,,1068,2307,1,0.9612481353394688
RUNNING,,,,2284,4960,9,0.4526883815750479
RUNNING,,,,2895,566,5,0.534372044423595
RUNNING,,,,2521,3607,10,0.926951539825648
RUNNING,,,,1910,1753,5,0.0888514083679765
RUNNING,,,,695,4107,6,0.5741495684776455
RUNNING,,,,3815,1004,1,0.4065749448165297
RUNNING,,,,4720,4651,3,0.3161576554253697
RUNNING,,,,340,294,9,0.6709774991516024
RUNNING,,,,1625,2598,2,0.1816435496713966
RUNNING,,,,3514,1991,8,0.832742708262056
RUNNING,,,,3538,4404,8,0.5596349353976547
RUNNING,,,,1677,9,4,0.4541954980622976
RUNNING,,,,461,2726,7,0.9436585829872636
RUNNING,,,,4831,2082,3,0.0429359605163335
RUNNING,,,,3863,3591,5,0.1963979964256286
RUNNING,,,,732,1696,10,0.7848823413420468
RUNNING,,,,2016,4321,2,0.2996981032770126
RUNNING,,,,2656,1176,6,0.7166454559899866
RUNNING,,,,2869,2978,1,0.822707791345194
RUNNING,,,,2229,2371,7,0.1639338497519493
RUNNING,,,,944,4739,5,0.6726075255610048
RUNNING,,,,4075,382,10,0.3413004620354622
RUNNING,,,,4424,4039,7,0.4359809090029448
RUNNING,,,,54,935,2,0.5802869996614753
RUNNING,,,,1269,3206,9,0.0676079910248517
RUNNING,,,,3129,1352,3,0.9136271526832132
RUNNING,,,,3401,3413,6,0.2608457840848714
RUNNING,,,,1541,1556,1,0.7248199389576911
RUNNING,,,,246,3836,10,0.2354934957958757
RUNNING,,,,4616,728,4,0.7774383358042686
RUNNING,,,,4351,4845,2,0.9988203809391706
RUNNING,,,,1221,491,8,0.0203707609958946
RUNNING,,,,2426,2869,4,0.505691871330142
RUNNING,,,,3066,2266,9,0.4784667435903102
RUNNING,,,,2693,4213,4,0.1225242368169128
RUNNING,,,,2054,1069,8,0.8903328959476202
RUNNING,,,,847,3697,3,0.3817960998434573
RUNNING,,,,3976,1804,7,0.6038253809064626
RUNNING,,,,4874,2521,9,0.6344880632162094
RUNNING,,,,503,1876,5,0.3497166975308209
RUNNING,,,,1796,4609,6,0.8625323404949158
RUNNING,,,,3657,214,1,0.1567354038096964
RUNNING,,,,3653,4201,8,0.3036409011110663
RUNNING,,,,1793,1056,4,0.713160458067432
RUNNING,,,,499,3710,7,0.2003141763862222
RUNNING,,,,4870,1815,2,0.7813630482070147
RUNNING,,,,3978,2533,5,0.9403222670517862
RUNNING,,,,848,1889,10,0.0477655988242477
RUNNING,,,,2055,4596,2,0.5563329146746546
RUNNING,,,,2694,202,6,0.4590517542436718
RUNNING,,,,3062,3399,1,0.064027102580294
RUNNING,,,,2423,1545,7,0.917724850591272
RUNNING,,,,1217,3846,5,0.4324342525675892
RUNNING,,,,4347,743,10,0.5844113786462694
RUNNING,,,,4618,4859,8,0.6772803602609783
RUNNING,,,,247,501,2,0.3380581330880522
RUNNING,,,,1542,2859,9,0.8273539449684321
RUNNING,,,,3402,2252,3,0.160657288795337
RUNNING,,,,3126,2984,6,0.5011411323454231
RUNNING,,,,1266,2380,1,0.4815869768224656
RUNNING,,,,50,4730,10,0.9942962598279118
RUNNING,,,,4420,376,4,0.0235252894405275
RUNNING,,,,4076,4034,2,0.2391964799556881
RUNNING,,,,945,926,8,0.7732185421809554
RUNNING,,,,2230,3215,3,0.2645144730322063
RUNNING,,,,2870,1358,9,0.7205735274609179
RUNNING,,,,2652,4411,4,0.8655033842548728
RUNNING,,,,2012,16,9,0.1522710376773029
RUNNING,,,,729,2719,3,0.637424874966964
RUNNING,,,,3859,2074,7,0.3452256503216922
RUNNING,,,,4832,3583,9,0.377488029833883
RUNNING,,,,462,1689,5,0.6076756510045379
RUNNING,,,,1679,4328,6,0.1182428478840738
RUNNING,,,,3539,1184,1,0.8942173980548977
RUNNING,,,,3513,3596,5,0.7457456436604261
RUNNING,,,,1624,1739,10,0.2661739912051707
RUNNING,,,,339,4121,1,0.7554775399100035
RUNNING,,,,4719,1014,7,0.2291303164549171
RUNNING,,,,3819,4661,9,0.0101695070005953
RUNNING,,,,698,308,3,0.9730216293614355
RUNNING,,,,1913,2584,7,0.4877537510562688
RUNNING,,,,2524,1980,2,0.5305764953494072
RUNNING,,,,2893,3771,7,0.8840300794523209
RUNNING,,,,2283,627,3,0.1006239227391779
RUNNING,,,,1066,3358,8,0.6092139508724213
RUNNING,,,,4187,1465,4,0.4027822863627225
RUNNING,,,,4468,2964,2,0.3745408397335558
RUNNING,,,,88,2318,6,0.6437147078365087
RUNNING,,,,1372,4948,5,0.1308761704154312
RUNNING,,,,3261,553,10,0.8522707236539572
RUNNING,,,,3299,4840,3,0.4488638407867401
RUNNING,,,,1409,446,7,0.5387133946754038
RUNNING,,,,202,3070,4,0.0493035417795181
RUNNING,,,,4582,2427,8,0.9656161666680128
RUNNING,,,,4228,3154,6,0.8106769289392977
RUNNING,,,,1109,1259,1,0.2066027005761861
RUNNING,,,,2402,3976,10,0.6917640441842376
RUNNING,,,,3012,831,5,0.2904066938888281
RUNNING,,,,2795,2791,10,0.1858299998492002
RUNNING,,,,2185,2184,4,0.8290140579957515
RUNNING,,,,891,4458,6,0.3203174877297133
RUNNING,,,,4011,101,1,0.6672145536728203
RUNNING,,,,4995,4227,3,0.5710569048859178
RUNNING,,,,615,1123,9,0.4111609307806938
RUNNING,,,,1821,3487,2,0.923893171446398
RUNNING,,,,3711,1634,8,0.0934640122056007
RUNNING,,,,3747,2637,2,0.8363268265798687
RUNNING,,,,1858,2030,8,0.1775507193449884
RUNNING,,,,574,4612,3,0.6589278858210891
RUNNING,,,,4954,255,9,0.3276224005185067
RUNNING,,,,4052,4068,7,0.4184827374331653
RUNNING,,,,932,964,1,0.5627828479465096
RUNNING,,,,2148,3646,10,0.085167361954227
RUNNING,,,,2759,1792,5,0.9311919014677404
RUNNING,,,,2971,4999,10,0.5460333256777375
RUNNING,,,,2360,605,5,0.4405916594974696
RUNNING,,,,1145,2912,6,0.9573213846310972
RUNNING,,,,4265,2268,2,0.0566004035864025
RUNNING,,,,4545,3308,4,0.2139174080137163
RUNNING,,,,166,1413,8,0.8023957095816731
RUNNING,,,,1451,3823,2,0.2821180946193635
RUNNING,,,,3340,678,7,0.6990708883907645
RUNNING,,,,3220,3930,5,0.1089208425339311
RUNNING,,,,1330,785,9,0.8767310798875987
RUNNING,,,,124,3200,1,0.3954606860503554
RUNNING,,,,4505,1306,6,0.6174878014717251
RUNNING,,,,4150,3117,8,0.6520016452316195
RUNNING,,,,1030,2472,4,0.3672356574013829
RUNNING,,,,2325,4794,7,0.8449581614099442
RUNNING,,,,2935,399,3,0.1391552445795387
RUNNING,,,,2561,3443,8,0.2744627968147397
RUNNING,,,,1951,1586,2,0.7384385931137948
RUNNING,,,,657,4275,9,0.2218158785607665
RUNNING,,,,3777,1168,3,0.7637584897242486
RUNNING,,,,4761,4503,1,0.9813166177384556
RUNNING,,,,380,149,6,0.0028724388536065
RUNNING,,,,1587,2743,5,0.5232568338904529
RUNNING,,,,3477,2139,10,0.4960256628021597
RUNNING,,,,3576,4570,6,0.1449570440649986
RUNNING,,,,1715,175,2,0.8737848415542394
RUNNING,,,,421,2561,10,0.3535149634163826
RUNNING,,,,4791,1915,5,0.6301182687021792
RUNNING,,,,3900,3737,3,0.6003554820604621
RUNNING,,,,771,1843,7,0.3857594972979277
RUNNING,,,,1976,4174,4,0.9025119421500712
RUNNING,,,,2616,1030,8,0.1109452722519636
RUNNING,,,,2828,2830,3,0.4742649322282522
RUNNING,,,,2189,2227,9,0.5094144754596054
RUNNING,,,,982,4884,2,0.0318217017501592
RUNNING,,,,4112,530,7,0.9869968159813431
RUNNING,,,,4384,3875,10,0.7659064874220639
RUNNING,,,,13,767,5,0.2474759984016418
RUNNING,,,,1307,3374,7,0.7288609091378748
RUNNING,,,,3168,1517,1,0.2572097981851547
RUNNING,,,,3361,3245,9,0.909430576039478
RUNNING,,,,1501,1392,4,0.0713244086690247
RUNNING,,,,284,4000,8,0.5917317539304495
RUNNING,,,,4654,896,2,0.4241625787634402
RUNNING,,,,4311,4700,4,0.3297690895367413
RUNNING,,,,1180,343,10,0.6845866969823837
RUNNING,,,,2464,3018,1,0.1679714887477457
RUNNING,,,,3104,2410,6,0.8190722813289611
RUNNING,,,,2731,4360,1,0.7048732827305793
RUNNING,,,,2091,1215,6,0.3109453696180135
RUNNING,,,,806,3552,5,0.7886753725092857
RUNNING,,,,3936,1656,9,0.1920343883968889
RUNNING,,,,4911,2687,7,0.0394693928547203
RUNNING,,,,541,2043,3,0.9476215045582504
RUNNING,,,,1756,4443,8,0.4663740683812648
RUNNING,,,,3616,49,4,0.5480593020170927
RUNNING,,,,3601,3336,7,0.4355004209745675
RUNNING,,,,1731,1482,3,0.5798008270561695
RUNNING,,,,525,3753,9,0.0710127719081938
RUNNING,,,,4885,650,4,0.9170376107078044
RUNNING,,,,3926,4932,1,0.8202682285737246
RUNNING,,,,786,575,6,0.1614924169071018
RUNNING,,,,2080,2942,5,0.6740720142275095
RUNNING,,,,2710,2335,9,0.3427668282110243
RUNNING,,,,3118,4138,4,0.1998080268986523
RUNNING,,,,2487,993,10,0.7882866277527064
RUNNING,,,,1194,3618,1,0.2992114436347037
RUNNING,,,,4334,1722,6,0.7161645329743623
RUNNING,,,,4672,2606,9,0.5611017886102199
RUNNING,,,,312,1962,3,0.4556604217160493
RUNNING,,,,1519,4679,8,0.941217577693984
RUNNING,,,,3389,285,2,0.0404968922175467
RUNNING,,,,3191,4475,10,0.6349689118750393
RUNNING,,,,1320,80,5,0.3502032233309
RUNNING,,,,37,2812,6,0.8591281581837684
RUNNING,,,,4397,2167,1,0.1533255369216203
RUNNING,,,,4140,3510,3,0.1249634389579296
RUNNING,,,,1001,1616,9,0.8927739755976944
RUNNING,,,,2217,4245,2,0.3803310126047581
RUNNING,,,,2847,1101,8,0.6023584235943854
RUNNING,,,,2590,3048,3,0.995409997271374
RUNNING,,,,1960,2444,7,0.0169661139547824
RUNNING,,,,745,4823,4,0.5061779398359358
RUNNING,,,,3884,469,8,0.4789470680337399
RUNNING,,,,4770,3960,6,0.2593792840670794
RUNNING,,,,410,853,2,0.7233553759343923
RUNNING,,,,1694,3132,10,0.2379350922256708
RUNNING,,,,3565,1275,5,0.7798780026752502
RUNNING,,,,3449,3864,1,0.6164137844983488
RUNNING,,,,1569,720,6,0.4018180953040719
RUNNING,,,,352,3422,4,0.8873675144575535
RUNNING,,,,4742,1528,10,0.0958011438455432
RUNNING,,,,3754,2881,8,0.1279390649553388
RUNNING,,,,644,2235,2,0.8567671580128372
RUNNING,,,,1927,4875,9,0.3676692541763186
RUNNING,,,,2547,480,4,0.6442728587482124
RUNNING,,,,2955,3689,8,0.7508377252034842
RUNNING,,,,2336,1832,4,0.2324075354691594
RUNNING,,,,1051,4185,7,0.7449644205067307
RUNNING,,,,4161,1077,3,0.2733136051222682
RUNNING,,,,4531,4578,5,0.488374014057219
RUNNING,,,,140,225,9,0.5235238565746694
RUNNING,,,,1356,2511,1,0.0147280571665614
RUNNING,,,,3236,1907,6,0.9699034669660032
RUNNING,,,,3351,2698,4,0.3137261938266456
RUNNING,,,,1471,2091,8,0.6685441005583852
RUNNING,,,,177,4395,3,0.1831008666250854
RUNNING,,,,4566,37,7,0.8342019547745584
RUNNING,,,,4281,4310,10,0.926463010109961
RUNNING,,,,1171,1206,5,0.0883571420256048
RUNNING,,,,2376,3561,6,0.5775614615883679
RUNNING,,,,2997,1707,2,0.4099925819896161
RUNNING,,,,2741,4747,7,0.054552610034123
RUNNING,,,,2120,353,1,0.9627050173059106
RUNNING,,,,914,3007,10,0.4502545554302632
RUNNING,,,,4025,2363,5,0.5319400883521884
RUNNING,,,,4940,3237,2,0.6907796076294034
RUNNING,,,,551,1342,7,0.2968519900850951
RUNNING,,,,1844,4050,3,0.8057539672777057
RUNNING,,,,3724,905,9,0.2091132824514061
RUNNING,,,,3683,4906,3,0.9544161819536238
RUNNING,,,,1802,512,9,0.061859690323472
RUNNING,,,,587,2848,2,0.5392545559890568
RUNNING,,,,4977,2204,8,0.4419735758733004
RUNNING,,,,3987,3391,10,0.2885569719653576
RUNNING,,,,877,1496,4,0.6980767055191099
RUNNING,,,,2162,3896,6,0.216432973653078
RUNNING,,,,2782,751,1,0.7974820257890969
RUNNING,,,,3033,2544,6,0.6602472105063498
RUNNING,,,,2413,1937,1,0.32102516364865
RUNNING,,,,1130,4549,9,0.8415235253442079
RUNNING,,,,4240,191,5,0.1748270457684993
RUNNING,,,,4608,4151,3,0.0800702343732118
RUNNING,,,,218,1048,7,0.9337681626994164
RUNNING,,,,1434,3719,4,0.4173051144909113
RUNNING,,,,3315,1866,9,0.5692824171669781
RUNNING,,,,3272,3535,2,0.2250876342095434
RUNNING,,,,1393,1678,6,0.759109876750037
RUNNING,,,,99,4339,5,0.2816083574164658
RUNNING,,,,4489,1231,10,0.7376675884425639
RUNNING,,,,4203,4419,7,0.516209178879857
RUNNING,,,,1092,66,2,0.4966552036721259
RUNNING,,,,2298,2669,8,0.97819203649275
RUNNING,,,,2919,2066,4,0.0074212427027523
RUNNING,,,,2506,4022,9,0.3945052969772368
RUNNING,,,,1885,878,3,0.6246930947452783
RUNNING,,,,680,3263,8,0.1040878414399921
RUNNING,,,,3791,1370,2,0.8800625719260424
RUNNING,,,,4705,3035,5,0.8494453216176479
RUNNING,,,,316,2389,10,0.1362131516374647
RUNNING,,,,1610,4721,1,0.6525695387423038
RUNNING,,,,3490,326,7,0.3603704944122582
RUNNING,,,,3523,2894,9,0.0252532595489174
RUNNING,,,,1653,2290,5,0.9881055585071444
RUNNING,,,,447,4977,6,0.4716347734741866
RUNNING,,,,4807,623,1,0.5144576980825513
RUNNING,,,,3848,3802,4,0.7316515521612018
RUNNING,,,,708,694,8,0.252080076303333
RUNNING,,,,2002,3291,3,0.772555718280375
RUNNING,,,,2632,1434,7,0.2462086751405149
RUNNING,,,,2884,4633,2,0.3584975276254117
RUNNING,,,,2253,238,8,0.6276715760435909
RUNNING,,,,959,2653,4,0.1460051318947225
RUNNING,,,,4099,2008,9,0.8673998617306352
RUNNING,,,,4438,3663,6,0.9010630488917232
RUNNING,,,,78,1769,1,0.1176570724938064
RUNNING,,,,1284,4091,10,0.5950441938992589
RUNNING,,,,3154,947,4,0.3886127059869468
RUNNING,,,,3426,4296,8,0.7956087020896375
RUNNING,,,,1555,1152,2,0.1915346540417522
RUNNING,,,,270,3459,9,0.7078680909220129
RUNNING,,,,4631,1564,3,0.3065109172239899
RUNNING,,,,4375,2760,1,0.4629725062176585
RUNNING,,,,1236,2116,7,0.5528222404215484
RUNNING,,,,2451,4526,5,0.0322094807978719
RUNNING,,,,3080,131,10,0.9485222822837532
RUNNING,,,,2669,3182,5,0.5871147909257561
RUNNING,,,,2039,1328,10,0.4272189934179186
RUNNING,,,,822,3907,1,0.9087483273558318
RUNNING,,,,3962,804,6,0.078319348430261
RUNNING,,,,4849,4773,8,0.1688125561084598
RUNNING,,,,488,416,4,0.8119967908523977
RUNNING,,,,1772,3101,7,0.3344723138585686
RUNNING,,,,3642,2493,3,0.6813695601169019
RUNNING,,,,3645,3089,5,0.2438345156759023
RUNNING,,,,1766,2486,10,0.7700653893370181
RUNNING,,,,471,4781,1,0.2536024600993841
RUNNING,,,,4860,427,6,0.7330463415570557
RUNNING,,,,3951,3919,8,0.5120778391696512
RUNNING,,,,840,811,4,0.4691349305789917
RUNNING,,,,2045,3174,7,0.9896336491871623
RUNNING,,,,2666,1317,3,0.0266575554609298
RUNNING,,,,3074,4516,8,0.3898847750704735
RUNNING,,,,2454,121,2,0.5966873944737016
RUNNING,,,,1247,2771,9,0.1150440195202827
RUNNING,,,,4358,2126,4,0.8988097099233417
RUNNING,,,,4649,3468,1,0.868681444766
RUNNING,,,,259,1575,6,0.1476540319174527
RUNNING,,,,1552,4286,4,0.6250490165539085
RUNNING,,,,3432,1142,10,0.3562384817730635
RUNNING,,,,3157,4101,2,0.9507756231110543
RUNNING,,,,1277,956,8,0.0348225319124758
RUNNING,,,,60,3655,3,0.5511790379881859
RUNNING,,,,4451,1759,9,0.4617004389930516
RUNNING,,,,4087,2643,7,0.308769964935258
RUNNING,,,,977,1999,1,0.7104906485527753
RUNNING,,,,2261,4642,10,0.1898857521601021
RUNNING,,,,2880,248,5,0.7943271209131925
RUNNING,,,,2625,3299,10,0.6799747688621282
RUNNING,,,,2005,1446,5,0.3329499319214374
RUNNING,,,,720,3790,6,0.8144871216546744
RUNNING,,,,3830,686,1,0.1711867137141525
RUNNING,,,,4825,4968,4,0.0769150506593287
RUNNING,,,,434,611,8,0.9072202385347335
RUNNING,,,,1650,2906,3,0.4297188381720334
RUNNING,,,,3530,2298,7,0.5894946479797362
RUNNING,,,,3483,4711,9,0.7997325094565749
RUNNING,,,,1612,317,3,0.2190469783935695
RUNNING,,,,328,3043,8,0.696434456711635
RUNNING,,,,4689,2399,2,0.2872820475809276
RUNNING,,,,3807,3273,4,0.4442335734926164
RUNNING,,,,667,1378,10,0.5418742601778357
RUNNING,,,,1884,4013,1,0.0602079349998384
RUNNING,,,,2513,868,6,0.9531355506852268
RUNNING,,,,2921,2661,1,0.5678866760041564
RUNNING,,,,2291,2054,6,0.4157855859957635
RUNNING,,,,1076,4432,5,0.9362613469436764
RUNNING,,,,4215,74,9,0.0824434420708566
RUNNING,,,,4476,4347,7,0.1734256051573902
RUNNING,,,,116,1243,3,0.839994482897222
RUNNING,,,,1400,3524,9,0.3235240547768771
RUNNING,,,,3271,1670,4,0.6626299247201533
RUNNING,,,,3306,3730,6,0.0050480368640273
RUNNING,,,,1436,1873,2,0.97569885038957
RUNNING,,,,231,4143,10,0.4981747303083539
RUNNING,,,,4591,1036,5,0.5176049219015985
RUNNING,,,,4256,4537,2,0.7352848760876805
RUNNING,,,,1116,183,7,0.2791094644293188
RUNNING,,,,2411,2552,4,0.760638917338103
RUNNING,,,,3041,1948,8,0.2264890766795724
RUNNING,,,,2784,3905,3,0.3616454169377684
RUNNING,,,,2154,761,9,0.6542117894086987
RUNNING,,,,861,3380,2,0.133599148755893
RUNNING,,,,4001,1486,8,0.8471948360912501
RUNNING,,,,4964,2839,10,0.8813432013355195
RUNNING,,,,604,2194,5,0.1057395986225456
RUNNING,,,,1811,4917,7,0.6220733924154191
RUNNING,,,,3681,522,1,0.3922452974990009
RUNNING,,,,3717,4059,6,0.646899223446846
RUNNING,,,,1847,915,1,0.3699244948197156
RUNNING,,,,562,3226,10,0.8554817697685211
RUNNING,,,,4923,1333,4,0.1262939701415598
RUNNING,,,,4042,2998,2,0.0984180020280182
RUNNING,,,,902,2352,8,0.8896170482169837
RUNNING,,,,2118,4758,4,0.4005422210115939
RUNNING,,,,2747,363,9,0.6147743891328573
RUNNING,,,,2999,3572,4,0.968379185212776
RUNNING,,,,2370,1715,8,0.013319952327758
RUNNING,,,,1153,4302,3,0.5258999065607785
RUNNING,,,,4293,1195,7,0.4908776658792048
RUNNING,,,,4555,4383,9,0.2717950302530079
RUNNING,,,,194,30,5,0.7435658221840858
RUNNING,,,,1478,2706,6,0.2347778860069811
RUNNING,,,,3348,2102,1,0.753331863073632
RUNNING,,,,3229,2502,8,0.4074889320265501
RUNNING,,,,1359,1895,4,0.5751854097433388
RUNNING,,,,152,4590,7,0.0897652450054883
RUNNING,,,,4512,233,3,0.927987293722108
RUNNING,,,,4179,4193,5,0.8317078187633306
RUNNING,,,,1039,1089,10,0.1807305142283439
RUNNING,,,,2332,3678,2,0.6699426970221101
RUNNING,,,,2962,1824,6,0.3152447705548256
RUNNING,,,,2550,4865,1,0.2107583754062652
RUNNING,,,,1920,471,7,0.8070393573809413
RUNNING,,,,626,2889,5,0.294596751300618
RUNNING,,,,3766,2246,10,0.68815324107185
RUNNING,,,,4730,3432,7,0.5335794818587601
RUNNING,,,,370,1537,2,0.4515304315816611
RUNNING,,,,1576,3855,9,0.9604554854054004
RUNNING,,,,3445,710,3,0.0519357499927282
RUNNING,,,,3566,3141,3,0.3402641281560063
RUNNING,,,,1687,1287,7,0.671693108940497
RUNNING,,,,393,3948,4,0.1628976664450019
RUNNING,,,,4783,845,9,0.8217934620939195
RUNNING,,,,3872,4815,6,0.9145406175367534
RUNNING,,,,761,457,1,0.0686433731373399
RUNNING,,,,1968,3059,9,0.581200377145782
RUNNING,,,,2588,2452,5,0.4370161405429244
RUNNING,,,,2839,4255,10,0.042144842332229
RUNNING,,,,2219,1110,5,0.942502014171332
RUNNING,,,,1013,3501,6,0.4534042293056845
RUNNING,,,,4124,1605,1,0.5584782792124897
RUNNING,,,,4413,2802,3,0.717802976572886
RUNNING,,,,24,2158,9,0.300490173228085
RUNNING,,,,1319,4484,2,0.7860399492941796
RUNNING,,,,3198,90,8,0.1971902169492095
RUNNING,,,,3391,4670,5,0.6049819348510354
RUNNING,,,,1511,275,10,0.382587203156203
RUNNING,,,,295,2617,1,0.8914895372614264
RUNNING,,,,4685,1972,6,0.1233154907021671
RUNNING,,,,4321,3627,9,0.1559433487299829
RUNNING,,,,1211,1733,3,0.8613748347833752
RUNNING,,,,2495,4127,8,0.3489244918785989
RUNNING,,,,3115,983,2,0.6333304701354354
RUNNING,,,,2702,2931,7,0.7783527672961355
RUNNING,,,,2082,2327,3,0.2365298445466905
RUNNING,,,,799,4939,8,0.7257342830803245
RUNNING,,,,3909,586,4,0.2618819822631776
RUNNING,,,,4902,3765,2,0.4774313466064631
RUNNING,,,,512,657,6,0.504778391605243
RUNNING,,,,1728,3328,5,0.0193355145845562
RUNNING,,,,3609,1471,10,0.9979069885835052
RUNNING,,,,3630,4452,2,0.1125875824037939
RUNNING,,,,1740,58,6,0.903786805190146
RUNNING,,,,533,2678,5,0.3835090712569653
RUNNING,,,,4913,2033,10,0.597741419693455
RUNNING,,,,3934,3542,7,0.631770085370168
RUNNING,,,,815,1648,3,0.3547955333404242
RUNNING,,,,2108,4369,8,0.871524901561439
RUNNING,,,,2718,1225,4,0.142337282249704
RUNNING,,,,3087,3026,9,0.2547166715674102
RUNNING,,,,2477,2422,3,0.7264876438137143
RUNNING,,,,1183,4688,7,0.2488718009088188
RUNNING,,,,4302,335,2,0.7674259545728565
RUNNING,,,,4662,3992,5,0.984497982479632
RUNNING,,,,282,884,10,0.0294389299098402
RUNNING,,,,1487,3257,1,0.5108159774150698
RUNNING,,,,3377,1400,7,0.4757939133308827
RUNNING,,,,3180,3363,4,0.8175528123192489
RUNNING,,,,1291,1509,9,0.1665756880994886
RUNNING,,,,6,3882,2,0.686959964165464
RUNNING,,,,4385,779,8,0.332262214295566
RUNNING,,,,4110,4895,10,0.4226335958018899
RUNNING,,,,990,538,4,0.5903302538339049
RUNNING,,,,2205,2822,6,0.0737071823682635
RUNNING,,,,2816,2215,1,0.9119294076822698
RUNNING,,,,2599,4164,6,0.5506733662430195
RUNNING,,,,1988,1019,1,0.4686244925633072
RUNNING,,,,772,3747,9,0.9463466396592556
RUNNING,,,,3893,1852,5,0.0378270845618099
RUNNING,,,,4799,2570,3,0.1946541520711034
RUNNING,,,,419,1926,7,0.7909353106431662
RUNNING,,,,1703,4559,4,0.309664797835052
RUNNING,,,,3592,165,8,0.7032214679215103
RUNNING,,,,3459,2754,8,0.9296695790160447
RUNNING,,,,1599,2147,2,0.0837725112140178
RUNNING,,,,384,4495,9,0.5651570650376379
RUNNING,,,,4753,138,3,0.4209730087500065
RUNNING,,,,3784,4264,1,0.326094371182844
RUNNING,,,,654,1160,6,0.6575235285647212
RUNNING,,,,1938,3450,5,0.1799306358844041
RUNNING,,,,2578,1597,10,0.838826611848548
RUNNING,,,,2947,4804,5,0.7016839989908039
RUNNING,,,,2307,410,10,0.2843713759612291
RUNNING,,,,1023,3107,2,0.8011237018425018
RUNNING,,,,4153,2463,6,0.2122741460949182
RUNNING,,,,4501,3190,8,0.0592230207026004
RUNNING,,,,132,1295,4,0.9595803728569298
RUNNING,,,,1348,3940,7,0.4393101378064602
RUNNING,,,,3208,795,2,0.544384364310652
RUNNING,,,,3322,3813,9,0.1407985046394169
RUNNING,,,,1462,669,5,0.8462301710080355
RUNNING,,,,169,3317,6,0.3649823779184371
RUNNING,,,,4539,1423,1,0.6493885327726602
RUNNING,,,,4272,2922,4,0.6191367609798907
RUNNING,,,,1142,2277,8,0.3967422096002847
RUNNING,,,,2349,4990,3,0.874472093520686
RUNNING,,,,2988,595,7,0.1062982235588133
RUNNING,,,,2770,3638,2,0.4935353933442384
RUNNING,,,,2131,1780,8,0.5208826149404048
RUNNING,,,,926,4080,3,0.0042672877348959
RUNNING,,,,4055,973,9,0.9828389420490712
RUNNING,,,,4951,4620,6,0.7612587063144892
RUNNING,,,,580,267,1,0.2194359601624309
RUNNING,,,,1875,2625,10,0.7398429485112428
RUNNING,,,,3736,2022,5,0.2759908280093222
RUNNING,,,,3694,3479,10,0.5291711881849914
RUNNING,,,,1834,1622,5,0.4862285751625895
RUNNING,,,,618,4239,7,0.9755242680720984
RUNNING,,,,4987,1131,1,0.0125484736319631
RUNNING,,,,4019,4466,3,0.2277307087387889
RUNNING,,,,889,113,9,0.7539618779681622
RUNNING,,,,2172,2779,2,0.2686709230318665
RUNNING,,,,2812,2175,7,0.7481151037756353
RUNNING,,,,3025,3966,3,0.8545268547199666
RUNNING,,,,2385,822,7,0.1334997411575168
RUNNING,,,,1101,3163,4,0.6420667000953107
RUNNING,,,,4231,1269,8,0.3732564608827233
RUNNING,,,,4580,3081,6,0.4050289034768939
RUNNING,,,,210,2435,1,0.6118318221662193
RUNNING,,,,1426,4831,10,0.0989854215141385
RUNNING,,,,3286,436,5,0.8827514074854552
RUNNING,,,,3245,4958,7,0.2916910708807408
RUNNING,,,,1384,564,3,0.6934120537843556
RUNNING,,,,90,2953,8,0.2039791316930204
RUNNING,,,,4460,2309,4,0.8084207960143684
RUNNING,,,,4194,3349,1,0.9668948367759584
RUNNING,,,,1065,1454,6,0.0509420448634773
RUNNING,,,,2270,3781,5,0.5360955252405256
RUNNING,,,,2910,636,10,0.4466172218136489
RUNNING,,,,2537,2595,4,0.0910850474331527
RUNNING,,,,1897,1988,10,0.9213905308768152
RUNNING,,,,691,4654,1,0.4126861048154533
RUNNING,,,,3820,296,6,0.5724622139092534
RUNNING,,,,4717,4110,9,0.6648450954165309
RUNNING,,,,347,1006,3,0.3178205540440976
RUNNING,,,,1640,3604,8,0.8305297180786729
RUNNING,,,,3501,1750,2,0.1872296094242483
RUNNING,,,,3551,4318,4,0.4603370848614722
RUNNING,,,,1661,1173,8,0.5579780671149492
RUNNING,,,,455,3594,2,0.0451391727812588
RUNNING,,,,4836,1698,7,0.9380670877527444
RUNNING,,,,3856,2729,10,0.7826388648729771
RUNNING,,,,736,2085,5,0.2019536293782293
RUNNING,,,,2030,4401,6,0.7105435385406017
RUNNING,,,,2640,7,2,0.3013914286959916
RUNNING,,,,2852,3204,7,0.1582811774648726
RUNNING,,,,2242,1350,1,0.8248503544908016
RUNNING,,,,949,4041,10,0.3395823572147637
RUNNING,,,,4069,938,5,0.6786885227262974
RUNNING,,,,4427,4741,2,0.5820409667640924
RUNNING,,,,47,384,8,0.4299401760417967
RUNNING,,,,1254,2976,3,0.9192433678340168
RUNNING,,,,3144,2369,9,0.0654257585294544
RUNNING,,,,3414,2867,1,0.7191653631366788
RUNNING,,,,1525,2263,6,0.2629902507644146
RUNNING,,,,241,4847,4,0.7757221345175057
RUNNING,,,,4620,493,10,0.2415725894272327
RUNNING,,,,4344,3838,8,0.0221266316324472
RUNNING,,,,1224,731,2,0.9927777444440872
RUNNING,,,,2440,3411,9,0.4840810552071779
RUNNING,,,,3051,1554,3,0.5035115423686802
RUNNING,,,,2677,4606,9,0.8964725792128592
RUNNING,,,,2066,211,4,0.1208692720681428
RUNNING,,,,851,2524,7,0.6060304967053234
RUNNING,,,,3971,1879,3,0.3762027010750025
RUNNING,,,,4876,3700,5,0.3474751245956868
RUNNING,,,,497,1806,9,0.6400417926348745
RUNNING,,,,1781,4210,1,0.1506315828263759
RUNNING,,,,3671,1066,6,0.8642275694478303
RUNNING,,,,3666,3705,1,0.8879971287548541
RUNNING,,,,1787,1812,7,0.0966724511850625
RUNNING,,,,494,4205,5,0.6131659001689403
RUNNING,,,,4883,1062,10,0.3988157110847532
RUNNING,,,,3967,4592,7,0.3707106645591556
RUNNING,,,,856,196,2,0.6475597618054598
RUNNING,,,,2063,2539,9,0.1270306424219161
RUNNING,,,,2683,1893,3,0.8561004210859537
RUNNING,,,,3056,3842,8,0.7419154703449456
RUNNING,,,,2436,736,4,0.2700190433152019
RUNNING,,,,1231,3406,7,0.7516320100575685
RUNNING,,,,4341,1549,3,0.2329600157458335
RUNNING,,,,4626,2853,5,0.0141365581620484
RUNNING,,,,237,2248,10,0.9690701559484004
RUNNING,,,,1531,4862,2,0.4917056984938681
RUNNING,,,,3411,507,6,0.5266099219303578
RUNNING,,,,3139,4736,4,0.1820001834463328
RUNNING,,,,1259,380,8,0.8328594670183956
RUNNING,,,,44,2981,3,0.3164725527316331
RUNNING,,,,4434,2374,7,0.6710448478180914
RUNNING,,,,4064,3219,10,0.575023599134758
RUNNING,,,,954,1365,5,0.4072091004550457
RUNNING,,,,2239,4027,6,0.9278445240296423
RUNNING,,,,2859,922,1,0.0894968439321964
RUNNING,,,,2646,2723,6,0.4528305331766605
RUNNING,,,,2026,2080,1,0.5347615662086755
RUNNING,,,,742,4405,10,0.0532548962216824
RUNNING,,,,3853,12,4,0.9616489965356884
RUNNING,,,,4841,4334,2,0.8068471106775104
RUNNING,,,,451,1187,8,0.2104481114577501
RUNNING,,,,1667,3579,3,0.6879191110450774
RUNNING,,,,3548,1683,9,0.2942369861751794
RUNNING,,,,3505,4115,7,0.0679790500178933
RUNNING,,,,1634,1010,2,0.9137582771722226
RUNNING,,,,350,3600,8,0.4364013037290424
RUNNING,,,,4710,1745,4,0.5804599052332342
RUNNING,,,,3824,2580,2,0.6734348304085434
RUNNING,,,,685,1974,6,0.3418878323789685
RUNNING,,,,1900,4668,5,0.8235237716529518
RUNNING,,,,2530,312,10,0.1645023409053683
RUNNING,,,,2904,3354,5,0.2997953731175512
RUNNING,,,,2274,1458,10,0.7169901554994283
RUNNING,,,,1058,3777,1,0.196484001211822
RUNNING,,,,4198,631,7,0.7852081021759659
RUNNING,,,,4455,4942,9,0.9442742163483052
RUNNING,,,,94,550,3,0.0437990235462784
RUNNING,,,,1378,2967,8,0.5602999639771878
RUNNING,,,,3248,2324,2,0.4551002826895564
RUNNING,,,,3290,3076,10,0.8616584511157124
RUNNING,,,,1420,2430,4,0.1561013299636542
RUNNING,,,,213,4837,6,0.6335950567051767
RUNNING,,,,4573,440,1,0.3490710612032562
RUNNING,,,,4235,3980,3,0.3814393842760473
RUNNING,,,,1095,838,9,0.6037084808722138
RUNNING,,,,2388,3148,2,0.1222095402739942
RUNNING,,,,3019,1255,8,0.8902655695881694
RUNNING,,,,2807,4462,3,0.5050924849286675
RUNNING,,,,2177,107,7,0.4776198085490614
RUNNING,,,,882,2784,4,0.998262954076752
RUNNING,,,,4022,2180,9,0.0195734591148793
RUNNING,,,,4982,3493,6,0.2353515449576079
RUNNING,,,,622,1637,1,0.7770488363262265
RUNNING,,,,1827,4223,9,0.2606846566293388
RUNNING,,,,3697,1117,5,0.724418936483562
RUNNING,,,,3739,4616,10,0.4703132208734751
RUNNING,,,,1868,261,5,0.5133817645628004
RUNNING,,,,585,2631,6,0.0278548903893679
RUNNING,,,,4945,2026,2,0.9909490013606846
RUNNING,,,,4058,3652,4,0.7697513015903532
RUNNING,,,,919,1796,8,0.2436460630279034
RUNNING,,,,2135,4065,3,0.7326903704870492
RUNNING,,,,2765,959,7,0.2533645062744617
RUNNING,,,,2982,2917,2,0.1488018600922077
RUNNING,,,,2352,2271,7,0.8699549043215811
RUNNING,,,,1137,4995,3,0.3573444229066372
RUNNING,,,,4276,599,9,0.6262729786504059
RUNNING,,,,4532,3827,7,0.5964037725646048
RUNNING,,,,172,684,1,0.3897267845422029
RUNNING,,,,1456,3302,10,0.89854512893036
RUNNING,,,,3327,1409,5,0.1148974594902247
RUNNING,,,,3211,3196,8,0.7087184556704014
RUNNING,,,,1341,1300,2,0.3071157892979681
RUNNING,,,,136,3936,9,0.7925054268538951
RUNNING,,,,4496,789,4,0.1881896931994706
RUNNING,,,,4156,4789,1,0.03551732644625
RUNNING,,,,1016,396,6,0.9515884348899126
RUNNING,,,,2311,3121,4,0.4624066603071987
RUNNING,,,,2941,2478,10,0.5520108944009989
RUNNING,,,,2572,4269,5,0.905478507772088
RUNNING,,,,1941,1164,9,0.0752913408596068
RUNNING,,,,648,3446,1,0.5877643477153032
RUNNING,,,,3788,1591,6,0.4281141692884266
RUNNING,,,,4747,2739,8,0.3336142606176435
RUNNING,,,,387,2133,4,0.6807571185212581
RUNNING,,,,1593,4509,7,0.171801544951275
RUNNING,,,,3463,153,3,0.815227584272623
RUNNING,,,,3589,2564,3,0.5420665124580263
RUNNING,,,,1709,1922,9,0.4445438467357307
RUNNING,,,,415,4564,2,0.95336967513524
RUNNING,,,,4804,171,8,0.0605676908306777
RUNNING,,,,3890,4180,10,0.2177468675039708
RUNNING,,,,779,1033,5,0.7985504195298999
RUNNING,,,,1984,3733,7,0.2859629106465726
RUNNING,,,,2605,1837,1,0.6952409511581062
RUNNING,,,,2823,4890,6,0.8401562879290431
RUNNING,,,,2202,534,2,0.1737054274342954
RUNNING,,,,995,2827,10,0.6627726999893784
RUNNING,,,,4106,2221,5,0.3237924651447683
RUNNING,,,,4392,3378,2,0.4145159260723739
RUNNING,,,,3,1523,7,0.5667350333258508
RUNNING,,,,1296,3869,4,0.0812156505994498
RUNNING,,,,3176,764,8,0.9351591905709356
RUNNING,,,,3374,3996,1,0.2782928530182689
RUNNING,,,,1494,890,6,0.7345938960574567
RUNNING,,,,278,3252,5,0.2256610496416688
RUNNING,,,,4668,1396,9,0.7599289112631231
RUNNING,,,,4299,3012,7,0.9773492115233092
RUNNING,,,,1189,2407,3,0.0068240293785929
RUNNING,,,,2473,4703,9,0.5193047656230628
RUNNING,,,,3093,349,4,0.4999925949927419
RUNNING,,,,2725,3546,9,0.104953434459865
RUNNING,,,,2105,1653,3,0.8806826722715049
RUNNING,,,,820,4363,8,0.3915086196418851
RUNNING,,,,3930,1221,2,0.6214547318033873
RUNNING,,,,4920,4439,5,0.6558316995762288
RUNNING,,,,530,42,10,0.3633909622039646
RUNNING,,,,1745,2693,1,0.8488033343497664
RUNNING,,,,3625,2047,6,0.1353256642594933
RUNNING,,,,3612,3759,4,0.7546680862698703
RUNNING,,,,1722,653,10,0.2285625484213232
RUNNING,,,,516,3332,1,0.7488098815791308
RUNNING,,,,4897,1476,6,0.2694837217982858
RUNNING,,,,3912,2946,9,0.4844068978335708
RUNNING,,,,792,2341,4,0.527475142236799
RUNNING,,,,2087,4926,8,0.0107762937620282
RUNNING,,,,2697,571,2,0.9738701091650872
RUNNING,,,,3109,3622,7,0.6124466664157808
RUNNING,,,,2498,1729,3,0.4057693828251212
RUNNING,,,,1205,4131,8,0.8834157529119401
RUNNING,,,,4325,989,4,0.0997677841857075
RUNNING,,,,4679,4685,1,0.131769424162805
RUNNING,,,,298,289,6,0.8529221728239207
RUNNING,,,,1505,2603,5,0.3715147171076387
RUNNING,,,,3395,1957,9,0.6404429735653102
RUNNING,,,,3201,2806,3,0.0505860868059098
RUNNING,,,,1312,2163,7,0.9666568996813149
RUNNING,,,,28,4478,4,0.4463031507972627
RUNNING,,,,4408,86,8,0.5359070856049656
RUNNING,,,,4127,4241,6,0.6946093719825148
RUNNING,,,,1007,1094,2,0.2930064100418239
RUNNING,,,,2223,3516,10,0.8095990732964127
RUNNING,,,,2833,1620,5,0.2052830403558909
RUNNING,,,,2582,4819,10,0.3175559600386768
RUNNING,,,,1971,463,5,0.6646985186561942
RUNNING,,,,756,3054,7,0.1869459707848727
RUNNING,,,,3876,2448,1,0.8303717145379633
RUNNING,,,,4776,3127,3,0.9224964887406676
RUNNING,,,,397,1272,9,0.0923090225420892
RUNNING,,,,1681,3964,2,0.5736100550964474
RUNNING,,,,3571,859,7,0.4139595811013132
RUNNING,,,,3442,3428,9,0.2036534898299723
RUNNING,,,,1582,1531,4,0.7844567425698042
RUNNING,,,,366,3860,7,0.30304180284217
RUNNING,,,,4736,714,3,0.712319547785446
RUNNING,,,,3762,4879,5,0.5571500270646065
RUNNING,,,,632,486,9,0.4596270620562136
RUNNING,,,,1916,2874,1,0.9372504596114158
RUNNING,,,,2556,2231,6,0.044448179738596
RUNNING,,,,2969,4189,1,0.4315486575700342
RUNNING,,,,2329,1084,6,0.5837674692552536
RUNNING,,,,1044,3683,4,0.0670456556845456
RUNNING,,,,4175,1828,10,0.920988896369934
RUNNING,,,,4519,2517,8,0.8241136896461247
RUNNING,,,,149,1910,2,0.1576625335831195
RUNNING,,,,1365,4575,9,0.6779023752938956
RUNNING,,,,3225,219,3,0.3389218411631882
RUNNING,,,,3345,4389,6,0.9914585907794536
RUNNING,,,,1484,34,1,0.0209331130664795
RUNNING,,,,190,2701,10,0.5022114184666425
RUNNING,,,,4560,2097,5,0.4828989485502243
RUNNING,,,,4290,3557,2,0.2632243882268667
RUNNING,,,,1160,1700,8,0.7195251356977969
RUNNING,,,,2365,4316,3,0.241764858437702
RUNNING,,,,3005,1210,9,0.7760324207730591
RUNNING,,,,2754,3003,4,0.6388140178937464
RUNNING,,,,2115,2357,8,0.3463729812353849
RUNNING,,,,908,4754,2,0.8629579225368798
RUNNING,,,,4037,357,7,0.1494799568783491
RUNNING,,,,4930,4044,10,0.1210120343249291
RUNNING,,,,559,901,5,0.8967409728504717
RUNNING,,,,1852,3240,6,0.3763644893765449
RUNNING,,,,3713,1348,2,0.6063103059697896
RUNNING,,,,3676,2844,6,0.3546527803782373
RUNNING,,,,1816,2198,1,0.631501697309315
RUNNING,,,,601,4913,10,0.1421754846535623
RUNNING,,,,4971,516,5,0.8712450867202132
RUNNING,,,,3996,3890,3,0.9050145743545144
RUNNING,,,,866,748,7,0.1136897164694964
RUNNING,,,,2151,3394,4,0.5990110721811652
RUNNING,,,,2791,1501,8,0.3846607064995914
RUNNING,,,,3047,4543,4,0.0292047831527888
RUNNING,,,,2407,188,9,0.9841382043417544
RUNNING,,,,1123,2548,2,0.4756016536150127
RUNNING,,,,4253,1943,8,0.5105056967362761
RUNNING,,,,4597,3715,10,0.7278068030551075
RUNNING,,,,227,1859,4,0.2559101994279772
RUNNING,,,,1443,4157,6,0.7687260728981345
RUNNING,,,,3303,1051,1,0.2500538982711732
RUNNING,,,,3266,4342,9,0.5910669093839824
RUNNING,,,,1406,1238,3,0.4232522341068833
RUNNING,,,,112,3529,7,0.9127155644092708
RUNNING,,,,4483,1674,2,0.0743677039965987
RUNNING,,,,4211,2675,5,0.1649672121480107
RUNNING,,,,1081,2069,10,0.8158263191226869
RUNNING,,,,2288,4416,1,0.3306423115637153
RUNNING,,,,2927,60,7,0.6852144263349473
RUNNING,,,,2519,3269,1,0.7917633599881083
RUNNING,,,,1879,1373,6,0.1953641804531216
RUNNING,,,,674,4019,5,0.7040380867682396
RUNNING,,,,3804,872,10,0.3103557853009552
RUNNING,,,,4695,4725,7,0.4669246265348047
RUNNING,,,,324,332,3,0.5488554792515933
RUNNING,,,,1619,3028,8,0.0361767159923911
RUNNING,,,,3479,2385,4,0.9445706397090106
RUNNING,,,,3534,4972,2,0.6564175651241094
RUNNING,,,,1644,617,8,0.3248703867793082
RUNNING,,,,438,2900,3,0.8376787762381135
RUNNING,,,,4818,2294,9,0.1786571688931435
RUNNING,,,,3834,3285,6,0.0840371145140379
RUNNING,,,,714,1430,1,0.929816161353141
RUNNING,,,,2008,3805,10,0.4212566380947828
RUNNING,,,,2618,700,4,0.5653150630015878
RUNNING,,,,2875,2648,9,0.95838306023553
RUNNING,,,,2265,2005,5,0.0579076908361166
RUNNING,,,,970,4637,6,0.5432060814518481
RUNNING,,,,4090,244,1,0.4380062198489904
RUNNING,,,,4445,4087,4,0.2847273247241973
RUNNING,,,,65,941,9,0.7019219305086881
RUNNING,,,,1270,3670,3,0.2125882264059036
RUNNING,,,,3160,1774,7,0.8013121470548212
RUNNING,,,,3436,3463,5,0.398472532171756
RUNNING,,,,1547,1570,10,0.6207414521705358
RUNNING,,,,262,4290,2,0.1080399617571383
RUNNING,,,,4642,1148,6,0.8760958107560873
RUNNING,,,,4362,4531,8,0.8456153174638747
RUNNING,,,,1241,135,4,0.1400580197144299
RUNNING,,,,2457,2757,7,0.6487241966407746
RUNNING,,,,3067,2110,2,0.3642000208236277
RUNNING,,,,2660,3913,8,0.2212576319146901
RUNNING,,,,2049,807,2,0.7629547429680824
RUNNING,,,,833,3178,9,0.2777630134560167
RUNNING,,,,3954,1322,3,0.7414971167128533
RUNNING,,,,4855,3105,1,0.5201764159332961
RUNNING,,,,475,2500,7,0.4927035592384636
RUNNING,,,,1759,4767,5,0.9821441549509764
RUNNING,,,,3648,412,10,0.003454483391717
RUNNING,,,,3637,4778,8,0.5640410941019653
RUNNING,,,,1776,422,2,0.4196153522077947
RUNNING,,,,482,3095,9,0.9324311067070812
RUNNING,,,,4852,2489,3,0.0862885462306439
RUNNING,,,,3956,3168,1,0.1773774856738746
RUNNING,,,,827,1313,6,0.8360279615279286
RUNNING,,,,2032,3923,4,0.3274910538885742
RUNNING,,,,2672,818,10,0.6586785182282328
RUNNING,,,,3085,2764,5,0.8036843918319792
RUNNING,,,,2445,2122,9,0.2150804551653563
RUNNING,,,,1239,4520,1,0.7004014539644122
RUNNING,,,,4368,127,6,0.283330642947927
RUNNING,,,,4635,4283,9,0.4403879934493452
RUNNING,,,,265,1136,4,0.5457040245309472
RUNNING,,,,1558,3474,7,0.0563776929043233
RUNNING,,,,3419,1578,3,0.956980656703934
RUNNING,,,,3148,3658,10,0.3655967044588178
RUNNING,,,,1288,1765,5,0.6502446713261306
RUNNING,,,,72,4095,6,0.1375657890960574
RUNNING,,,,4442,953,2,0.8432430745456367
RUNNING,,,,4093,4649,4,0.8774982161466031
RUNNING,,,,963,252,8,0.1095699578300118
RUNNING,,,,2247,2639,2,0.6182435072325169
RUNNING,,,,2887,1993,7,0.396090760430321
RUNNING,,,,2636,3796,2,0.0012030498161911
RUNNING,,,,1996,690,8,0.979529211455956
RUNNING,,,,711,3295,3,0.4943448469843715
RUNNING,,,,3841,1439,9,0.5214503829739988
RUNNING,,,,4811,2909,7,0.7392361617498099
RUNNING,,,,441,2304,1,0.2751423482056707
RUNNING,,,,1656,4963,10,0.7646055595371872
RUNNING,,,,3516,608,5,0.2225373132750392
RUNNING,,,,3496,3040,1,0.3860545329749583
RUNNING,,,,1606,2394,6,0.6005325004924089
RUNNING,,,,323,4717,5,0.1111984394770115
RUNNING,,,,4702,320,10,0.9026394742764532
RUNNING,,,,3796,4007,7,0.8726484420187771
RUNNING,,,,676,864,3,0.1437026272844523
RUNNING,,,,1892,3277,8,0.6290008989293128
RUNNING,,,,2503,1384,4,0.3522719585448503
RUNNING,,,,2915,4425,9,0.2478015147875994
RUNNING,,,,2304,70,4,0.7661139828450977
RUNNING,,,,1089,2665,8,0.2575543406158685
RUNNING,,,,4209,2060,2,0.7290798201877624
RUNNING,,,,4484,3520,4,0.508247598933056
RUNNING,,,,105,1664,10,0.472980034738779
RUNNING,,,,1390,4352,1,0.9857880672849714
RUNNING,,,,3279,1246,6,0.0304873216729611
RUNNING,,,,3320,4147,3,0.6839414110612124
RUNNING,,,,1430,1042,9,0.3289981685169041
RUNNING,,,,225,3725,2,0.818438407316804
RUNNING,,,,4605,1870,8,0.1672195974905043
RUNNING,,,,4245,2558,10,0.0730851673353463
RUNNING,,,,1125,1952,5,0.911065699607134
RUNNING,,,,2420,4533,7,0.4258738511241972
RUNNING,,,,3030,177,1,0.5933250090461223
RUNNING,,,,2778,3386,6,0.946945737928152
RUNNING,,,,2168,1490,1,0.0386679948437958
RUNNING,,,,874,3901,10,0.5473340527992696
RUNNING,,,,3994,755,5,0.4655307982005179
RUNNING,,,,4973,4920,3,0.3127366052754223
RUNNING,,,,593,527,7,0.7065388870071619
RUNNING,,,,1799,2833,4,0.1938370396811515
RUNNING,,,,3689,2190,8,0.7903600028306245
RUNNING,,,,3731,3233,4,0.0459743687435984
RUNNING,,,,1841,1337,9,0.9386566720698029
RUNNING,,,,556,4055,3,0.4572490973826497
RUNNING,,,,4936,909,7,0.5546482750587165
RUNNING,,,,4031,4761,9,0.7138362154029309
RUNNING,,,,911,369,5,0.3044422935452312
RUNNING,,,,2126,2992,6,0.7820883067194371
RUNNING,,,,2737,2349,1,0.2011574521437287
RUNNING,,,,2994,4306,6,0.336297368844971
RUNNING,,,,2383,1201,1,0.6756452273987233
RUNNING,,,,1166,3566,10,0.1589460220113396
RUNNING,,,,4287,1711,5,0.8257606991473585
RUNNING,,,,4563,2712,2,0.9183701458070426
RUNNING,,,,183,2106,8,0.0647980291768908
RUNNING,,,,1467,4379,3,0.5850452433638273
RUNNING,,,,3356,23,9,0.433186138248071
RUNNING,,,,3243,4584,1,0.7743854131307452
RUNNING,,,,1352,229,6,0.240481368150562
RUNNING,,,,146,2506,5,0.7217822817340493
RUNNING,,,,4526,1902,10,0.2658488624040037
RUNNING,,,,4167,3674,8,0.4812614697311073
RUNNING,,,,1048,1818,2,0.5009336424991488
RUNNING,,,,2341,4199,9,0.0231807377152144
RUNNING,,,,2951,1093,3,0.9940773432012648
RUNNING,,,,2544,2886,8,0.6088120561167598
RUNNING,,,,1934,2240,4,0.3787424559090286
RUNNING,,,,639,4871,7,0.8953347622510046
RUNNING,,,,3759,474,3,0.1194858434610068
RUNNING,,,,4739,3848,5,0.1519759927056729
RUNNING,,,,359,706,10,0.8653263602461666
RUNNING,,,,1564,3436,2,0.3449724923912435
RUNNING,,,,3454,1543,6,0.6372973484173416
RUNNING,,,,3558,3955,10,0.9722240514308214
RUNNING,,,,1698,849,4,0.0094899500329047
RUNNING,,,,404,3137,6,0.5297294348310679
RUNNING,,,,4774,1280,1,0.4870323219187557
RUNNING,,,,3878,3063,4,0.2678433858193456
RUNNING,,,,748,2458,9,0.7475330592375248
RUNNING,,,,1955,4809,2,0.2308111266959458
RUNNING,,,,2594,454,8,0.7572839815318584
RUNNING,,,,2850,3504,3,0.6429475808721035
RUNNING,,,,2210,1611,7,0.3738917300142347
RUNNING,,,,1005,4249,4,0.8515150085985661
RUNNING,,,,4134,1106,8,0.130246090458706
RUNNING,,,,4401,4490,6,0.1022628701049834
RUNNING,,,,30,94,1,0.8857870440632105
RUNNING,,,,1324,2798,9,0.4043717474229633
RUNNING,,,,3185,2152,5,0.6109290470313281
RUNNING,,,,3382,2611,7,0.2068063759189099
RUNNING,,,,1522,1968,3,0.8110062356628477
RUNNING,,,,307,4674,8,0.290629395276308
RUNNING,,,,4677,281,4,0.6921047665346413
RUNNING,,,,4327,4124,2,0.5374247068483382
RUNNING,,,,1197,977,6,0.4477007843405008
RUNNING,,,,2482,3633,5,0.9642856066711248
RUNNING,,,,3122,1736,10,0.0480910027455538
RUNNING,,,,2713,4936,5,0.4113341551572084
RUNNING,,,,2073,580,10,0.5713557643610983
RUNNING,,,,790,2937,1,0.0935953681301325
RUNNING,,,,3920,2330,7,0.9241425446160136
RUNNING,,,,4888,3321,9,0.8277558174170553
RUNNING,,,,518,1467,3,0.18469739436917
RUNNING,,,,1735,3769,7,0.6659753428567201
RUNNING,,,,3595,664,2,0.3191962941586971
RUNNING,,,,3623,2681,9,0.6977321705240755
RUNNING,,,,1753,2038,3,0.2883380683511495
RUNNING,,,,547,4447,8,0.7971565317101776
RUNNING,,,,4907,54,2,0.2162255005370825
RUNNING,,,,3943,4375,5,0.0630684315841645
RUNNING,,,,803,1229,10,0.9557505545951424
RUNNING,,,,2097,3538,1,0.4431404300928115
RUNNING,,,,2727,1641,6,0.5405394311714917
RUNNING,,,,3101,4694,2,0.9335149880386888
RUNNING,,,,2471,339,6,0.0799426948111504
RUNNING,,,,1176,3022,5,0.5689873591829091
RUNNING,,,,4316,2416,10,0.4171280737519263
RUNNING,,,,4651,3260,7,0.3221425408571958
RUNNING,,,,291,1406,2,0.6614902228135615
RUNNING,,,,1496,3986,8,0.1759634676109999
RUNNING,,,,3366,881,4,0.8427779644317925
RUNNING,,,,3174,3879,6,0.4973804454542696
RUNNING,,,,1304,773,1,0.5170524416249245
RUNNING,,,,19,3369,9,0.0080969870258122
RUNNING,,,,4380,1512,5,0.978993412196636
RUNNING,,,,4119,2816,3,0.7573072329014539
RUNNING,,,,979,2211,7,0.2234030113238841
RUNNING,,,,2195,4899,4,0.7358763750921935
RUNNING,,,,2824,544,8,0.2799427754469215
RUNNING,,,,2612,3741,3,0.1368470330853015
RUNNING,,,,1983,1848,9,0.8501972203105687
RUNNING,,,,766,4168,2,0.3610158026404678
RUNNING,,,,3906,1026,8,0.6533404820691793
RUNNING,,,,4788,4556,10,0.6229818149488419
RUNNING,,,,427,160,5,0.3929120344258844
RUNNING,,,,1711,2576,6,0.8783017909526823
FAILED,,,,3581,1929,1,0.1024526955652981
COMPLETED,0.8,5454.0,0.64,3470,4498,5,0.2507495032940059
RUNNING,,,,1590,143,10,0.7304389963969588
COMPLETED,0.77,2222.0,0.1199999999999999,375,2748,2,0.2449199705831706
COMPLETED,0.9,1654.0,1.0,4765,2143,6,0.7713926488216966
FAILED,,,,3770,3457,8,0.988328276624903
FAILED,,,,660,1601,4,0.02559399491176
COMPLETED,0.82,4303.0,0.4,1945,4260,7,0.514661386437714
RUNNING,,,,2565,1154,3,0.4719640969280153
RUNNING,,,,2938,3113,7,0.1164178746901452
RUNNING,,,,2318,2467,2,0.8999418720509857
RUNNING,,,,1034,4800,9,0.3873544821385294
RUNNING,,,,4144,403,3,0.5939116014316677
FAILED,,,,4508,3943,1,0.627802915237844
RUNNING,,,,118,801,7,0.3587468877825886
COMPLETED,0.8399999999999999,1391.0,0.4,1334,3185,5,0.8675730730947105
COMPLETED,0.88,10307.0,0.99,3215,1292,10,0.1463039746396243
COMPLETED,0.8499999999999999,1348.0,0.94,3333,3313,2,0.5545030636750161
COMPLETED,0.9,1851.0,0.89,1454,1417,8,0.4647789645697921
COMPLETED,0.66,1505.0,0.04,160,3819,4,0.9501916936282068
COMPLETED,0.92,2417.0,1.0,4549,672,9,0.0339969093874096
COMPLETED,0.82,9507.0,0.7,4259,4983,6,0.1906875767931342
COMPLETED,0.92,643.0,1.0,1148,591,1,0.7948872599396855
COMPLETED,0.75,3127.0,0.68,2355,2926,10,0.3057133262809366
COMPLETED,0.8499999999999999,1561.0,0.97,2975,2283,4,0.7071885172240436
COMPLETED,0.75,4441.0,0.6099999999999999,2762,4074,9,0.8135862389001995
COMPLETED,0.78,3226.0,0.99,2142,969,5,0.1705276355370879
COMPLETED,0.8,3045.0,0.23,936,3642,6,0.6830084907524288
COMPLETED,0.9,1542.0,1.0,4047,1787,1,0.3362292654570191
COMPLETED,0.89,2889.0,1.0,4957,2622,4,0.4264632950928062
COMPLETED,0.8,2749.0,0.26,568,2016,8,0.5864847239814698
COMPLETED,0.82,6365.0,0.33,1862,4626,3,0.0775522344782948
COMPLETED,0.92,1515.0,1.0,3741,270,7,0.9080992343667894
COMPLETED,0.81,3612.0,0.7299999999999999,3705,4232,2,0.1622481096554547
COMPLETED,0.92,1625.0,1.0,1825,1127,7,0.8208982862234115
COMPLETED,0.78,2882.0,0.1499999999999999,609,3483,4,0.3435339477397501
COMPLETED,0.91,2948.0,1.0,4998,1628,8,0.6747211165111511
COMPLETED,0.88,3544.0,0.98,4005,2776,6,0.5782113883029669
COMPLETED,0.8399999999999999,2428.0,0.3699999999999999,895,2169,2,0.433785347122699
COMPLETED,0.65,4553.0,0.44,2179,4472,10,0.9153986707776784
COMPLETED,0.92,1987.0,1.0,2798,116,5,0.0692558147329837
COMPLETED,0.8,5323.0,0.83,3016,3159,10,0.4565075045414269
COMPLETED,0.8499999999999999,1415.0,1.0,2397,1263,5,0.5618232400547712
COMPLETED,0.79,6878.0,0.22,1112,3972,7,0.0412944775838404
COMPLETED,0.93,712.0,1.0,4222,826,1,0.941897142097354
COMPLETED,0.8399999999999999,2854.0,0.89,4587,4825,3,0.7866057952046394
COMPLETED,0.8499999999999999,1230.0,0.3599999999999999,197,432,9,0.198001562969759
COMPLETED,0.8599999999999999,1574.0,0.4299999999999999,1412,3084,2,0.714495130924508
COMPLETED,0.8599999999999999,5924.0,0.96,3292,2442,8,0.2974240206219255
COMPLETED,0.8599999999999999,1814.0,0.96,3256,2959,4,0.892642641980201
COMPLETED,0.8499999999999999,5792.0,0.45,1376,2313,10,0.124714088095352
COMPLETED,0.6,1274.0,0.02,82,4954,1,0.6021852066535502
COMPLETED,0.92,1541.0,1.0,4471,557,6,0.380032160565257
FAILED,,,,4181,3785,9,0.3514424118399619
COMPLETED,0.92,803.0,1.0,1071,642,3,0.6360900831390172
COMPLETED,0.7099999999999999,9932.0,0.5799999999999998,2276,3343,8,0.154583770064637
COMPLETED,0.89,924.0,1.0,2897,1450,2,0.8602607562281192
COMPLETED,0.7,5054.0,0.4899999999999999,2528,4657,7,0.7231326522398739
COMPLETED,0.92,1869.0,1.0,1908,302,3,0.2590385394096374
COMPLETED,0.79,2310.0,0.25,701,2589,9,0.7796743198968469
COMPLETED,0.89,3619.0,1.0,3812,1985,4,0.2376057780664414
COMPLETED,0.8399999999999999,8894.0,0.9,4723,3611,1,0.0182966962587088
COMPLETED,0.78,1526.0,0.1799999999999999,334,1754,6,0.9966225586123764
COMPLETED,0.81,5435.0,0.35,1627,4106,5,0.4802357632964849
COMPLETED,0.92,2341.0,1.0,3507,1000,9,0.5073410037178546
COMPLETED,0.8499999999999999,2888.0,0.91,3544,3587,7,0.8584784471038728
COMPLETED,0.89,3314.0,0.82,1675,1694,1,0.1295323330834508
COMPLETED,0.7299999999999999,5008.0,0.1,469,4322,10,0.6460336304269731
COMPLETED,0.92,2414.0,1.0,4829,1180,5,0.369304394474253
COMPLETED,0.83,3793.0,0.78,3865,4397,2,0.4011842082794755
FAILED,,,,725,1,7,0.6156618765108287
COMPLETED,0.6099999999999999,4989.0,0.6099999999999999,2019,2734,3,0.0951558411940932
COMPLETED,0.82,1330.0,0.98,2649,2088,9,0.8865965804252773
COMPLETED,0.78,3504.0,0.64,2866,4038,4,0.5253264911286532
COMPLETED,0.79,3752.0,1.0,2236,932,8,0.4900586313661187
COMPLETED,0.81,1091.0,0.28,942,3210,3,0.971694689610973
COMPLETED,0.89,7092.0,0.99,4082,1354,7,0.0163936447128653
COMPLETED,0.8699999999999999,4474.0,0.96,4416,2970,10,0.2316822992637753
COMPLETED,0.66,2034.0,0.02,56,2365,5,0.7499944717530161
COMPLETED,0.77,7037.0,0.22,1262,4745,6,0.2726378552224487
COMPLETED,0.93,1045.0,1.0,3132,390,1,0.7441630355082453
COMPLETED,0.79,10691.0,0.57,3408,4853,8,0.0872397555224597
COMPLETED,0.92,877.0,1.0,1537,497,4,0.9252199922259896
COMPLETED,0.7299999999999999,3680.0,0.08,254,2863,7,0.4088561694417148
COMPLETED,0.89,2477.0,1.0,4615,2257,3,0.5763070280775427
COMPLETED,0.8699999999999999,3062.0,0.96,4352,3414,5,0.6687972807958721
COMPLETED,0.89,3961.0,0.66,1213,1560,10,0.3138537426833063
COMPLETED,0.7199999999999999,945.0,0.6099999999999999,2430,3832,1,0.8344970071818679
COMPLETED,0.92,2440.0,1.0,3059,727,6,0.1832778980694711
COMPLETED,0.8,2274.0,0.91,2690,2528,1,0.2956432581190019
COMPLETED,0.67,2176.0,0.95,2060,1885,6,0.6894452405646442
COMPLETED,0.7399999999999999,5489.0,0.16,845,4601,4,0.2079464189372956
COMPLETED,0.92,2139.0,1.0,3984,208,10,0.8044690865185111
COMPLETED,0.8399999999999999,2916.0,0.97,4865,4217,8,0.9630495467241852
COMPLETED,0.8399999999999999,4628.0,0.34,505,1070,2,0.0547715043537318
COMPLETED,0.81,4969.0,0.4199999999999999,1790,3696,9,0.5322655880078673
COMPLETED,0.89,2925.0,1.0,3660,1800,3,0.450462037840858
COMPLETED,0.81,2734.0,0.7,3658,4854,3,0.7939114236775786
COMPLETED,0.92,1780.0,1.0,1788,501,7,0.189713733293116
FAILED,,,,504,2860,4,0.7101130517385899
FAILED,,,,4865,2256,9,0.3086359870042651
FAILED,,,,3983,3404,6,0.4618562741037458
FAILED,,,,843,1546,1,0.5515785589031875
FAILED,,,,2060,3845,9,0.0349707826301455
FAILED,,,,2689,738,5,0.951167500147596
FAILED,,,,3057,2532,10,0.5894078159742057
FAILED,,,,2428,1886,4,0.4293883203621953
FAILED,,,,1213,4599,6,0.907125762650743
FAILED,,,,4352,204,1,0.0765769484564662
FAILED,,,,4613,4203,3,0.1715029513016343
FAILED,,,,252,1059,9,0.8145596808735281
FAILED,,,,1537,3708,2,0.3333042104449123
FAILED,,,,3407,1814,8,0.6800854285024106
FAILED,,,,3130,3581,5,0.0265692958049476
FAILED,,,,1261,1686,10,0.9893017037268728
FAILED,,,,55,4330,1,0.4690390270445495
FAILED,,,,4415,1185,7,0.5117383093163371
FAILED,,,,4080,4413,9,0.7333621032610536
FAILED,,,,941,19,3,0.253674543434754
FAILED,,,,2235,2716,8,0.7704191919770091
FAILED,,,,2865,2073,2,0.2439446994327008
FAILED,,,,2647,4029,7,0.3558242121879011
FAILED,,,,2017,925,2,0.6248784253373743
FAILED,,,,724,3216,8,0.147277862753719
FAILED,,,,3864,1363,4,0.8685488944854586
FAILED,,,,4827,2989,2,0.8989660209175199
FAILED,,,,467,2381,6,0.1154440163187682
FAILED,,,,1674,4729,5,0.5968361210748552
FAILED,,,,3544,372,10,0.3902771279904991
FAILED,,,,3508,2960,6,0.2263255976904183
FAILED,,,,1629,2316,1,0.760231812030077
FAILED,,,,334,4950,10,0.278968857590109
FAILED,,,,4723,556,4,0.7349005834441632
FAILED,,,,3814,3774,2,0.518028203530237
FAILED,,,,703,629,8,0.4983543930537998
FAILED,,,,1909,3356,4,0.9760688628107308
FAILED,,,,2529,1461,9,0.0051743709165602
FAILED,,,,2898,4661,4,0.3919367037899792
FAILED,,,,2278,304,8,0.6220084175895899
FAILED,,,,1071,2588,3,0.1053776762206107
FAILED,,,,4182,1981,7,0.8812249573022127
FAILED,,,,4473,3597,10,0.8472740837037563
FAILED,,,,83,1743,5,0.1339220226872712
FAILED,,,,1377,4117,6,0.6543138496857135
FAILED,,,,3256,1014,1,0.3619911630190909
FAILED,,,,3294,4227,8,0.9528274328596888
FAILED,,,,1413,1119,4,0.060143436057493
FAILED,,,,197,3491,7,0.5415128136593848
FAILED,,,,4587,1634,3,0.4441158053427934
COMPLETED,0.92,1045.0,1.0,1463,910,4,0.8370188987255096
COMPLETED,0.82,7328.0,0.8499999999999999,4541,4515,10,0.4393907331358641
COMPLETED,0.83,1489.0,0.99,2518,1670,1,0.5056375778578222
COMPLETED,0.77,4561.0,0.19,673,3062,7,0.1547888089250773
RUNNING,,,,399,2299,8,0.0994580370169132
COMPLETED,0.8399999999999999,2499.0,0.9,3574,3674,4,0.7466014401726425
COMPLETED,0.92,2458.0,1.0,4344,279,6,0.3060593865197152
COMPLETED,0.7399999999999999,1305.0,0.6,2441,3906,2,0.9064233539812266
COMPLETED,0.91,2119.0,0.96,1964,1558,7,0.6657061331532895
COMPLETED,0.8699999999999999,6738.0,0.9,3869,2618,3,0.049755702657625
COMPLETED,0.91,2061.0,1.0,3409,1023,9,0.9892605184279382
RUNNING,,,,237,4960,5,0.3577183306943625
COMPLETED,0.92,856.0,1.0,1134,401,1,0.3974700306337326
COMPLETED,0.76,4104.0,0.63,2981,4321,8,0.7639356596581637
COMPLETED,0.88,3898.0,1.0,4688,2177,4,0.1986356349568814
COMPLETED,0.8499999999999999,4450.0,0.44,1613,3259,10,0.5806930807046591
COMPLETED,0.9,1621.0,0.82,1777,1915,2,0.2573069815859198
COMPLETED,0.8699999999999999,1498.0,0.99,4852,3354,6,0.9044351583290844
COMPLETED,0.91,1614.0,1.0,2832,507,5,0.0896881927773356
COMPLETED,0.78,3806.0,0.2099999999999999,985,4070,9,0.6900369338262826
COMPLETED,0.75,1651.0,0.07,88,1118,8,0.5567198785860091
RUNNING,,,,3261,4698,1,0.1590765033140778
COMPLETED,0.92,2315.0,1.0,4033,1306,10,0.849118677796796
COMPLETED,0.68,2089.0,0.7,2128,2723,4,0.4982546787336468
COMPLETED,0.92,1330.0,1.0,2278,62,9,0.2399718103334307
COMPLETED,0.8599999999999999,2349.0,0.94,4181,3957,3,0.6064222129452974
COMPLETED,0.89,3825.0,0.98,3724,2359,7,0.4154175142869353
COMPLETED,0.77,1038.0,0.1499999999999999,548,3467,1,0.7974597336221486
COMPLETED,0.8599999999999999,934.0,0.45,823,1721,5,0.946355860831216
COMPLETED,0.78,4127.0,0.8,2668,2845,8,0.3303902002051472
COMPLETED,0.8399999999999999,3802.0,0.8399999999999999,3458,3589,4,0.357862407207489
COMPLETED,0.79,4144.0,0.93,2426,2263,8,0.6737576876096427
COMPLETED,0.7099999999999999,3601.0,0.0599999999999999,269,3996,1,0.2172500154040753
COMPLETED,0.91,2484.0,1.0,3769,175,10,0.7509700263887644
COMPLETED,0.82,3650.0,0.94,4885,4433,6,0.9031954400278628
COMPLETED,0.91,2312.0,0.8699999999999999,1077,754,5,0.0651530531272292
COMPLETED,0.8499999999999999,7236.0,0.4,1384,3004,9,0.545296088285744
COMPLETED,0.83,1592.0,1.0,2733,1829,3,0.4864543762989342
COMPLETED,0.77,7811.0,0.52,2869,4302,8,0.0284354942645877
COMPLETED,0.92,854.0,1.0,1872,472,2,0.9368930515963584
COMPLETED,0.79,4472.0,0.2399999999999999,902,3271,6,0.4219571041930466
COMPLETED,0.9,1417.0,1.0,4435,1936,5,0.6126153290029615
COMPLETED,0.9,1335.0,1.0,4257,2677,1,0.7336537631396203
COMPLETED,0.82,2224.0,0.23,406,1513,10,0.3010491141807287
COMPLETED,0.83,2423.0,0.39,1977,4732,3,0.8396184912603348
COMPLETED,0.89,4205.0,1.0,3282,1062,7,0.125838565448299
COMPLETED,0.77,3081.0,0.5899999999999999,3225,4974,2,0.5184546601939946
COMPLETED,0.67,1942.0,1.0,2034,1149,8,0.4518154746349901
COMPLETED,0.79,2320.0,0.1799999999999999,505,2610,4,0.9065550166275352
COMPLETED,0.9,8668.0,1.0,4158,1290,6,0.1230911153573542
COMPLETED,0.8499999999999999,4240.0,0.95,4649,3358,10,0.2207311430554836
COMPLETED,0.8499999999999999,739.0,0.3,688,2179,1,0.8090301155541091
COMPLETED,0.82,6519.0,0.33,1617,4079,7,0.3311425450388342
COMPLETED,0.93,915.0,1.0,3124,405,3,0.6392408426236361
COMPLETED,0.77,2975.0,0.82,2636,2917,8,0.8439219548664986
COMPLETED,0.89,2385.0,0.77,1480,1586,4,0.18472098313272
COMPLETED,0.76,4977.0,0.22,1137,4657,10,0.7058069958686828
COMPLETED,0.93,939.0,1.0,4825,821,1,0.2654053566567599
COMPLETED,0.8399999999999999,3962.0,0.91,4022,3753,5,0.3942324530854821
COMPLETED,0.8399999999999999,467.0,0.16,17,88,7,0.5770932117588818
COMPLETED,0.7,7989.0,0.4799999999999999,2210,3656,3,0.0328610442914068
COMPLETED,0.88,2953.0,0.99,3674,2487,9,0.9958970798179508
COMPLETED,0.82,3663.0,0.83,3615,3976,6,0.6546706163734197
COMPLETED,0.91,891.0,1.0,2271,312,5,0.3156280547343194
COMPLETED,0.66,4722.0,0.0299999999999999,114,3450,9,0.7938210829608142
COMPLETED,0.9,2684.0,0.99,3926,2281,2,0.2359791887998581
COMPLETED,0.8599999999999999,4978.0,0.97,4729,3103,3,0.1073880636580288
COMPLETED,0.89,2355.0,0.65,1234,1773,7,0.92228377161175
COMPLETED,0.79,5413.0,0.3099999999999999,1541,4491,1,0.4677239351198076
COMPLETED,0.89,1865.0,1.0,2577,656,9,0.5024443662203847
COMPLETED,0.83,1293.0,0.93,3026,3134,2,0.9802292974051088
COMPLETED,0.8699999999999999,9508.0,0.6,1716,1954,10,0.0486249495912343
COMPLETED,0.75,4021.0,0.16,746,4285,4,0.5930426521319895
COMPLETED,0.92,2107.0,1.0,4592,610,8,0.3782630200292915
COMPLETED,0.82,4758.0,0.7199999999999999,4101,4788,9,0.2808588743899017
COMPLETED,0.88,1576.0,0.54,563,963,2,0.6903163685183971
COMPLETED,0.69,6070.0,0.66,2134,2776,6,0.1695337909888476
COMPLETED,0.89,2119.0,1.0,3126,1455,5,0.8591919600311667
COMPLETED,0.8499999999999999,3336.0,0.95,3381,2550,10,0.4712054308373481
COMPLETED,0.91,1658.0,0.99,1879,1385,1,0.5605041021909564
COMPLETED,0.69,10148.0,0.0599999999999999,349,4878,8,0.0806685472484678
COMPLETED,0.91,1647.0,1.0,4315,1208,4,0.8877665511239319
COMPLETED,0.8399999999999999,2206.0,0.96,4493,4215,3,0.7669795544873923
COMPLETED,0.93,1909.0,1.0,845,384,9,0.2013404321316629
COMPLETED,0.8499999999999999,4731.0,0.47,1774,3379,5,0.6580300702843815
COMPLETED,0.8599999999999999,4137.0,0.98,2969,2044,6,0.3735662247817963
COMPLETED,0.75,9230.0,0.51,2793,4561,4,0.1418090023212134
COMPLETED,0.91,1353.0,0.99,1325,882,6,0.8236699357330798
COMPLETED,0.8,3719.0,0.3,982,2858,2,0.2852843091636896
COMPLETED,0.9,4413.0,1.0,4982,1684,8,0.7493205268643796
COMPLETED,0.8399999999999999,4564.0,0.9,3866,3676,7,0.5973464614972472
COMPLETED,0.7299999999999999,3194.0,0.07,173,2351,3,0.4371450770832598
COMPLETED,0.69,3808.0,0.56,2367,3887,10,0.9523829130716622
COMPLETED,0.9,4882.0,1.0,3518,67,1,0.0129808537438511
COMPLETED,0.8,3406.0,0.7099999999999999,3581,4495,9,0.8147908329106867
COMPLETED,0.8699999999999999,935.0,1.0,2391,674,1,0.1555896827206015
COMPLETED,0.7,2254.0,0.07,227,3070,7,0.7350905864313245
COMPLETED,0.9,4292.0,1.0,3880,1745,3,0.2946887687630951
COMPLETED,0.8599999999999999,3222.0,0.97,4928,3503,2,0.4233950874507427
COMPLETED,0.8399999999999999,3278.0,0.3699999999999999,967,2329,8,0.6062557866387069
RUNNING,,,,1261,3914,5,0.003607092346996
COMPLETED,0.93,965.0,1.0,2768,235,6,0.9666430683881044
COMPLETED,0.83,3594.0,0.92,2905,2772,5,0.5477077942136676
COMPLETED,0.9,1830.0,0.95,1749,1436,6,0.4810684301983564
COMPLETED,0.77,2689.0,0.1499999999999999,791,4821,3,0.8773934381287544
COMPLETED,0.91,8062.0,1.0,4478,991,9,0.093929358402267
RUNNING,,,,4369,4233,8,0.1914467345681041
COMPLETED,0.89,918.0,0.57,364,563,4,0.779745647581294
COMPLETED,0.8599999999999999,6292.0,0.53,1942,3196,10,0.360274722861126
COMPLETED,0.88,1514.0,1.0,3405,2031,2,0.6683729609604924
COMPLETED,0.81,5169.0,0.79,3189,3420,7,0.0616477855425328
COMPLETED,0.7399999999999999,765.0,0.96,2158,2098,5,0.9701055213306098
COMPLETED,0.7199999999999999,8084.0,0.1199999999999999,616,4146,9,0.3888360115233808
COMPLETED,0.92,1565.0,1.0,4116,320,3,0.5794944147896021
COMPLETED,0.82,4022.0,0.8399999999999999,4538,4889,4,0.7004099297095089
COMPLETED,0.8699999999999999,2708.0,0.51,731,1214,7,0.2678053402360528
COMPLETED,0.88,1143.0,0.63,1652,2529,1,0.8727099750544876
COMPLETED,0.9,2897.0,0.97,3001,1350,10,0.1589301087278872
COMPLETED,0.7199999999999999,2905.0,0.5899999999999999,2513,3847,1,0.3247717562094331
RUNNING,,,,1516,12,10,0.6406672299392521
COMPLETED,0.91,1636.0,1.0,3081,929,4,0.731572338938713
COMPLETED,0.8299999999999998,6667.0,0.44,1640,2954,7,0.0667700903341174
COMPLETED,0.8599999999999999,1137.0,0.3499999999999999,902,2483,2,0.9292417783532292
RUNNING,,,,4385,3900,8,0.2724805143866688
COMPLETED,0.91,2293.0,1.0,3859,1315,6,0.3829495103545487
COMPLETED,0.68,3261.0,0.04,231,4921,4,0.7894868365712464
COMPLETED,0.9,1870.0,1.0,2306,388,10,0.2057298159431666
COMPLETED,0.8399999999999999,1347.0,0.97,3601,3348,1,0.6217691076826303
COMPLETED,0.88,5385.0,1.0,3330,1947,9,0.844794710304588
COMPLETED,0.82,3936.0,0.4199999999999999,1957,4280,1,0.4523955254815518
COMPLETED,0.8599999999999999,1982.0,0.45,506,1001,6,0.5508650078680366
COMPLETED,0.88,4572.0,0.97,4214,2726,5,0.1518876856472343
COMPLETED,0.92,1786.0,1.0,4733,301,2,0.0124303346276283
COMPLETED,0.82,4253.0,0.2899999999999999,1173,3591,9,0.6611583284735679
COMPLETED,0.8699999999999999,1594.0,0.6199999999999999,1285,1875,3,0.3424033945072442
COMPLETED,0.77,3269.0,0.5799999999999998,2806,4518,8,0.98406499450095
COMPLETED,0.8299999999999998,2805.0,0.99,2539,1655,2,0.2266591762118041
COMPLETED,0.79,5455.0,0.2899999999999999,1556,4610,10,0.5715443694405257
COMPLETED,0.9,2846.0,1.0,985,82,5,0.4244674918111413
COMPLETED,0.8599999999999999,3529.0,0.97,4926,3684,6,0.7773936882670968
COMPLETED,0.91,2851.0,1.0,4256,1104,9,0.8878532260507344
COMPLETED,0.76,2811.0,0.16,460,2516,2,0.2846878635734319
COMPLETED,0.6999999999999998,2155.0,0.93,2076,2050,8,0.7105287815053016
COMPLETED,0.79,5094.0,0.64,3205,4070,3,0.1168653845507651
COMPLETED,0.92,1393.0,1.0,3560,480,7,0.3555968114510178
COMPLETED,0.7399999999999999,1466.0,0.7099999999999999,2352,3128,4,0.9416980629339812
COMPLETED,0.69,13976.0,0.05,111,1407,9,0.0615624778512865
COMPLETED,0.8299999999999998,2287.0,0.79,3984,4702,3,0.6410855919364838
COMPLETED,0.89,2722.0,1.0,4651,2273,5,0.5016186637617647
COMPLETED,0.75,8747.0,0.13,631,4003,7,0.1718309930302202
COMPLETED,0.92,947.0,1.0,1828,719,1,0.8317307373862713
COMPLETED,0.81,6606.0,0.82,2888,3057,10,0.4948766728024929
COMPLETED,0.8299999999999998,7459.0,0.8499999999999999,2957,2349,6,0.1098525889348238
COMPLETED,0.8499999999999999,3441.0,0.4199999999999999,1739,3769,5,0.6884079939555376
COMPLETED,0.89,2066.0,0.75,719,798,9,0.3072954873628914
COMPLETED,0.91,904.0,1.0,4582,2820,1,0.8943792002983391
COMPLETED,0.93,1418.0,1.0,4053,402,3,0.7551521490011364
COMPLETED,0.5899999999999999,5872.0,0.01,23,3364,8,0.417331803003326
COMPLETED,0.8599999999999999,1380.0,1.0,2441,1331,2,0.5781932368800043
COMPLETED,0.8,10167.0,0.5899999999999999,3491,4936,9,0.2493875517174601
COMPLETED,0.9,2149.0,1.0,3138,1024,3,0.4726356019843369
COMPLETED,0.7099999999999999,3628.0,0.7299999999999999,2164,2751,8,0.8245945652592928
COMPLETED,0.78,5012.0,0.16,373,1972,4,0.1784793771505355
COMPLETED,0.8299999999999998,6091.0,0.88,4323,4302,7,0.5243475077152252
COMPLETED,0.9,3100.0,1.0,4858,1733,10,0.6340723130013793
RUNNING,,,,1073,4378,1,0.039442158749327
COMPLETED,0.91,2183.0,1.0,1469,161,6,0.9643061551712452
COMPLETED,0.77,3706.0,0.67,2607,3449,4,0.3621223023794591
COMPLETED,0.9,3369.0,1.0,2717,68,8,0.5990578639823942
COMPLETED,0.81,4844.0,0.3099999999999999,1354,3669,3,0.1990980803091078
COMPLETED,0.89,2944.0,0.6099999999999999,1105,1640,7,0.7966053935736417
COMPLETED,0.79,4585.0,0.88,4822,4597,4,0.4051739178150892
COMPLETED,0.9,2526.0,1.0,4125,2182,1,0.2659716719444841
COMPLETED,0.7399999999999999,5427.0,0.1199999999999999,575,4200,10,0.9066512863691896
COMPLETED,0.9,7804.0,0.91,1888,1233,5,0.0888737460784614
COMPLETED,0.89,2120.0,0.98,3418,2649,7,0.738568021338433
COMPLETED,0.91,1594.0,1.0,3688,1550,5,0.9775566353779284
COMPLETED,0.67,7512.0,0.39,2238,4843,6,0.3198124340754002
COMPLETED,0.88,830.0,0.4299999999999999,299,622,2,0.6832615157701075
COMPLETED,0.82,6333.0,0.8499999999999999,3772,3272,10,0.019426481757313
COMPLETED,0.92,3681.0,1.0,4472,695,8,0.1291759734991937
COMPLETED,0.8,3492.0,0.25,834,3030,3,0.5442337555531412
COMPLETED,0.89,4388.0,0.67,1707,2247,9,0.4595145658031106
COMPLETED,0.81,1425.0,0.7199999999999999,2993,3979,2,0.8670186493173241
COMPLETED,0.9,3376.0,1.0,3039,1397,9,0.3259107387140393
COMPLETED,0.81,1542.0,0.32,1677,4997,2,0.9712280756309628
COMPLETED,0.91,1827.0,0.93,784,468,8,0.0249627103749662
COMPLETED,0.88,3126.0,0.97,4498,3425,3,0.6778337458316237
COMPLETED,0.92,790.0,1.0,3822,854,1,0.5381184957064687
COMPLETED,0.7299999999999999,8274.0,0.08,273,2872,9,0.1354873400963843
COMPLETED,0.7299999999999999,1726.0,0.8499999999999999,2193,2406,5,0.8614996138494461
COMPLETED,0.82,3298.0,0.8699999999999999,3719,3821,6,0.4649592909496277
COMPLETED,0.92,1353.0,1.0,3366,222,4,0.1893284517042338
COMPLETED,0.8599999999999999,5478.0,0.4899999999999999,1916,3515,6,0.6090234803669154
COMPLETED,0.82,1734.0,0.32,623,1794,1,0.3955123761054128
RUNNING,,,,4093,4443,10,0.8061927439328282
COMPLETED,0.9,3069.0,1.0,4774,2024,7,0.9164038407951592
COMPLETED,0.77,7953.0,0.22,1137,4359,4,0.2559887434393167
COMPLETED,0.92,1340.0,0.98,1407,1075,8,0.7482468751687557
COMPLETED,0.78,5322.0,0.77,2689,2807,2,0.0793034698981791
COMPLETED,0.8599999999999999,3354.0,1.0,2652,1177,6,0.8191364558897912
COMPLETED,0.8699999999999999,4183.0,0.4899999999999999,1438,2597,5,0.4781412532292306
COMPLETED,0.8599999999999999,2846.0,0.4199999999999999,1022,2126,10,0.518049525341019
COMPLETED,0.8299999999999998,8275.0,0.91,4884,4149,1,0.1846080212201923
COMPLETED,0.89,10312.0,0.98,4374,1574,4,0.044917457550764
COMPLETED,0.7099999999999999,7092.0,0.07,347,4536,7,0.6285836132466793
FAILED,,,,2119,2,3,0.3684033332634717
COMPLETED,0.8299999999999998,3402.0,0.82,3168,3607,9,0.958160321669653
COMPLETED,0.89,2397.0,1.0,3438,2195,2,0.698025917969644
COMPLETED,0.69,9566.0,0.51,2468,3923,9,0.1002213829383254
