Status,ACCURACY,RUNTIME,REQLABELS,recent_samples_size,n_reference_samples,recent_samples_proportion,threshold
COMPLETED,0.53,7.0,0.1799999999999999,2132,4775,0.564704271197319,0.921999851346016
COMPLETED,0.6099999999999999,33.0,0.94,3617,935,0.0151111563835293,0.3195997736435383
COMPLETED,0.5899999999999999,17.0,0.83,4135,2876,0.8273161670695989,0.62847054072842
COMPLETED,0.5,15.0,0.1,150,1418,0.2542105871420353,0.1157956551760435
COMPLETED,0.53,10.0,0.22,888,3571,0.1851069144140929,0.1980433282516896
COMPLETED,0.5899999999999999,20.0,0.8499999999999999,4871,2137,0.7348751236777752,0.5586791178435087
COMPLETED,0.54,8.0,0.4899999999999999,2889,4093,0.4233219194356351,0.493185667315498
COMPLETED,0.7099999999999999,98.0,0.99,1405,199,0.9963589572701604,0.7642185454349965
COMPLETED,0.57,13.0,0.4,1593,2741,0.4658704498130827,0.5647977330405264
COMPLETED,0.57,13.0,0.94,2608,1717,0.8907058900762349,0.1768119641449302
COMPLETED,0.56,13.0,0.78,4669,4591,0.2049943491723388,0.859947922322899
COMPLETED,0.56,27.0,0.9,1154,951,0.6533422108646482,0.3823587660714983
COMPLETED,0.55,7.0,0.0599999999999999,347,4043,0.7831234518196433,0.3057450812794267
COMPLETED,0.69,64.0,0.98,3863,418,0.3580976432915776,0.9509670760557056
COMPLETED,0.55,15.0,0.8399999999999999,3425,3316,0.5465828168112785,0.0122083749491721
COMPLETED,0.51,10.0,0.95,2408,2229,0.0982882391978055,0.7471551073696464
COMPLETED,0.52,7.0,0.38,2271,3267,0.928556047912687,0.4532399928066879
COMPLETED,0.57,15.0,0.88,3130,2434,0.4957429117970168,0.7866479006689042
COMPLETED,0.5799999999999998,12.0,0.65,3959,3760,0.6813256682306527,0.222399030085653
COMPLETED,0.65,31.0,0.97,601,545,0.2408374535441398,0.5206598494201898
COMPLETED,0.5799999999999998,25.0,0.17,1025,4483,0.3218764476329088,0.6665012303553521
COMPLETED,0.57,35.0,1.0,4385,1215,0.7545144437551498,0.0914513745456933
COMPLETED,0.55,11.0,0.8699999999999999,2715,2555,0.0677926059328019,0.8995667104218154
COMPLETED,0.6,28.0,0.89,1855,1747,0.5083493329696356,0.3595416410844772
COMPLETED,0.53,13.0,0.2399999999999999,1418,4356,0.0410824296660721,0.0346529584545642
COMPLETED,0.7299999999999999,135.0,1.0,3059,92,0.5986532542742788,0.7072246611323207
COMPLETED,0.57,16.0,0.99,4807,3600,0.286150658763945,0.2677105845846236
COMPLETED,0.54,12.0,0.28,666,1952,0.851396502457559,0.9753075496181844
COMPLETED,0.56,8.0,0.04,174,3081,0.7101673340573907,0.8355884134210646
COMPLETED,0.6199999999999999,30.0,0.94,4314,1369,0.1527868479713797,0.4203742274269461
COMPLETED,0.54,12.0,0.3,3562,4902,0.9620285359211264,0.6047548287529498
COMPLETED,0.65,53.0,0.95,1921,652,0.3967293784059583,0.1543940301146358
COMPLETED,0.6,18.0,0.4899999999999999,1956,2907,0.1972870964165776,0.3640074209254234
COMPLETED,0.63,25.0,0.99,3440,1551,0.6301097799446433,0.8766213636491447
COMPLETED,0.57,14.0,0.7199999999999999,4270,4757,0.4423253485728055,0.0705390020161867
COMPLETED,0.56,17.0,0.34,286,785,0.8828230511862784,0.6727563320957123
COMPLETED,0.5899999999999999,10.0,0.1199999999999999,710,4189,0.5544656557012348,0.5142754858285188
COMPLETED,0.7099999999999999,96.0,0.98,4695,271,0.1218333404380828,0.2434253172241151
COMPLETED,0.5799999999999998,10.0,0.51,3025,3462,0.8063558827396481,0.8094787379782646
COMPLETED,0.63,22.0,0.65,1540,2082,0.3658048960473388,0.4489038317296654
COMPLETED,0.56,11.0,0.1499999999999999,1733,4629,0.8352598893027752,0.1325300095882266
COMPLETED,0.5899999999999999,26.0,0.93,2749,1082,0.2776948050390928,0.6100582824964075
COMPLETED,0.54,16.0,0.82,4497,2730,0.5879976291451602,0.4277411119565367
COMPLETED,0.57,18.0,0.5799999999999998,981,1565,0.0227574663106352,0.8155441713370382
COMPLETED,0.54,8.0,0.08,489,3405,0.4156756095085293,0.9952527484521267
COMPLETED,0.56,26.0,0.92,4004,2303,0.9730655835215,0.2604887850321829
COMPLETED,0.52,10.0,0.55,3251,3927,0.1616226965170353,0.7017769552078098
COMPLETED,0.6199999999999999,21.0,0.97,2236,365,0.726931401444599,0.0566159032601863
COMPLETED,0.57,8.0,0.41,2442,3897,0.3096989573463797,0.7695292564015835
COMPLETED,0.67,43.0,0.97,3302,551,0.8592825684323907,0.471329379895702
COMPLETED,0.6,16.0,0.8,3820,3141,0.0487938315309584,0.5386273805946111
COMPLETED,0.55,10.0,0.1499999999999999,460,2411,0.6218898640461265,0.2054022417329251
COMPLETED,0.5799999999999998,14.0,0.3,1198,2603,0.9387919261492788,0.1085658845752477
COMPLETED,0.5799999999999998,27.0,0.99,4556,1848,0.3890179765410721,0.6484082443974912
COMPLETED,0.51,8.0,0.22,2574,4424,0.702281268082559,0.3415704515557735
COMPLETED,0.57,33.0,0.96,1716,1131,0.1292385493889451,0.9165594240222124
COMPLETED,0.5899999999999999,11.0,0.22,1283,3746,0.6580281156301498,0.7242177316453307
COMPLETED,0.56,14.0,0.8599999999999999,2923,1955,0.2331869945079088,0.0166816499549895
COMPLETED,0.57,8.0,0.4199999999999999,4984,4238,0.9206090985946356,0.9572144446894526
COMPLETED,0.75,141.0,1.0,844,66,0.4722554965578019,0.2848254515267908
COMPLETED,0.53,6.0,0.01,37,4942,0.0912800211720168,0.4033777959868312
COMPLETED,0.64,58.0,0.99,4179,756,0.516296282287687,0.8535558256246149
COMPLETED,0.5799999999999998,20.0,0.82,3739,3014,0.3295269066691398,0.1724832982327789
COMPLETED,0.47,9.0,0.93,2098,1287,0.7778119963556527,0.587636541398242
COMPLETED,0.56,6.0,0.52,2059,3493,0.3466599817313253,0.0317914896551519
COMPLETED,0.5899999999999999,19.0,0.83,3700,2059,0.7950135688968003,0.7276320209037512
COMPLETED,0.56,13.0,0.7,4217,4171,0.1092977301701903,0.2940864378325641
COMPLETED,0.6099999999999999,15.0,0.23,76,277,0.5341388959065079,0.9625772314369678
COMPLETED,0.54,18.0,0.07,805,4697,0.9017166897282004,0.8481969574801623
COMPLETED,0.65,48.0,0.97,4945,857,0.453431644655764,0.3941202524006366
COMPLETED,0.57,13.0,0.7399999999999999,2962,2954,0.6419068097509443,0.5842257097307592
COMPLETED,0.56,23.0,0.78,1322,1496,0.2168905337639152,0.1573773920070379
COMPLETED,0.57,11.0,0.28,1676,3964,0.7457943417839706,0.4815660463143139
COMPLETED,0.64,34.0,0.98,2535,340,0.1726982943974435,0.7758677232619375
COMPLETED,0.5899999999999999,14.0,0.67,4595,3394,0.9848932966589928,0.2175874205119907
COMPLETED,0.6099999999999999,16.0,0.4199999999999999,1237,2307,0.4353097301870584,0.5391170089319348
COMPLETED,0.51,9.0,0.14,421,2663,0.0036432353258132,0.647922311592847
COMPLETED,0.5899999999999999,30.0,0.91,3781,1639,0.5766859986335038,0.0963848772123456
COMPLETED,0.56,13.0,0.56,3341,4669,0.26512849656865,0.9102251137066631
COMPLETED,0.63,18.0,0.94,2481,1029,0.8149024313054978,0.3313374657984822
COMPLETED,0.53,7.0,0.3699999999999999,2197,4405,0.1485966483522206,0.6241866125110536
COMPLETED,0.6099999999999999,25.0,0.93,3212,1137,0.7138367963153868,0.1349632650446146
COMPLETED,0.6,21.0,0.97,4043,2633,0.4013403724189847,0.8238260273747146
COMPLETED,0.54,13.0,0.22,528,1825,0.9589055012967436,0.4321242925524711
COMPLETED,0.5899999999999999,13.0,0.2399999999999999,942,3189,0.6032703158017247,0.256101433020085
COMPLETED,0.52,20.0,0.81,4458,2356,0.0379616554882377,0.986967196881771
COMPLETED,0.55,9.0,0.47,2789,3838,0.8472114185858518,0.0541789671424776
COMPLETED,0.65,50.0,0.96,1772,623,0.2898214297015219,0.6876444686483592
COMPLETED,0.5899999999999999,17.0,0.38,1501,3003,0.7591622406635433,0.8878262150157243
COMPLETED,0.65,21.0,0.9,2986,1291,0.3186645231787115,0.3713135968502611
COMPLETED,0.55,8.0,0.4,4734,4980,0.5042553547602145,0.6859111234731972
COMPLETED,0.6,27.0,0.98,749,730,0.0714327158462256,0.0719987188354134
COMPLETED,0.53,7.0,0.04,247,4278,0.491643817840144,0.2419621576853096
COMPLETED,0.82,906.0,1.0,4230,14,0.93219484914653,0.5011167758479714
COMPLETED,0.54,11.0,0.5799999999999998,3479,3678,0.2454791829381137,0.4415937223304063
COMPLETED,0.6199999999999999,23.0,0.8399999999999999,1995,2030,0.678111483329907,0.7982704290207475
COMPLETED,0.56,9.0,0.16,1882,4111,0.9772504517585038,0.713559328360483
COMPLETED,0.7199999999999999,110.0,0.98,3522,193,0.4120045634508132,0.0448858252409845
COMPLETED,0.57,20.0,0.66,4353,3540,0.7223145406804978,0.9757933634519576
ABANDONED,,,,213,2160,0.1647437309436499,0.2798919488601386
COMPLETED,0.54,10.0,0.16,627,2829,0.2730830600224435,0.4081894055604934
COMPLETED,0.6199999999999999,31.0,0.97,4768,1473,0.8383822324089705,0.8350986661128699
COMPLETED,0.55,10.0,0.52,3098,4835,0.0269484020620584,0.1441572447251528
COMPLETED,0.6099999999999999,45.0,0.99,1457,863,0.5843288435339927,0.5984167188052087
COMPLETED,0.55,14.0,0.46,1816,3327,0.1171914102807641,0.7900583754237741
COMPLETED,0.54,13.0,0.79,2676,2225,0.5576795803532004,0.4683460180032998
COMPLETED,0.57,16.0,0.7099999999999999,4424,4005,0.3699042056389152,0.5260188365355134
COMPLETED,0.65,55.0,0.96,1064,444,0.8027173566259443,0.2316562167592346
COMPLETED,0.51,9.0,0.05,562,4550,0.6342030220218002,0.0821900313273072
COMPLETED,0.6099999999999999,39.0,0.94,3920,1004,0.1936463098563253,0.6611385625787078
COMPLETED,0.5799999999999998,51.0,0.7399999999999999,3169,2808,0.8781760052815079,0.3444319203551858
COMPLETED,0.51,11.0,0.88,2310,1643,0.4455379645451903,0.896152064250782
COMPLETED,0.51,33.0,0.8,2369,2525,0.5277319585215299,0.1841219545733183
COMPLETED,0.57,24.0,0.9,3385,1770,0.079384052215144,0.5760063989106565
COMPLETED,0.56,9.0,0.33,3903,4502,0.7668009364549071,0.3838222825229167
COMPLETED,0.5899999999999999,15.0,0.2899999999999999,386,1209,0.3419655110631137,0.8731065133325756
COMPLETED,0.57,12.0,0.19,1115,3819,0.2221781950537115,0.9378121657073498
COMPLETED,0.65,125.0,0.98,4630,473,0.6704727875385433,0.304285721372813
COMPLETED,0.54,12.0,0.67,2647,3219,0.4836924814712256,0.7359506129156796
COMPLETED,0.57,13.0,0.41,1632,2489,0.9087182453852148,0.0049020800534635
COMPLETED,0.5799999999999998,11.0,0.23,1366,4864,0.3781003273632377,0.322036828732118
COMPLETED,0.63,33.0,0.97,2850,678,0.9512058626767248,0.936132002370432
COMPLETED,0.5899999999999999,22.0,0.82,4910,3093,0.1407061953265219,0.1201826502755284
COMPLETED,0.6,22.0,0.6199999999999999,926,1366,0.6902993092108518,0.6367562112696468
COMPLETED,0.53,6.0,0.02,111,3667,0.8707489056903868,0.5503973807767033
COMPLETED,0.57,34.0,0.99,4096,1877,0.2977118827272206,0.1936597907431423
COMPLETED,0.57,17.0,0.6099999999999999,3656,4316,0.6109699544217437,0.7500898585077374
COMPLETED,0.7,33.0,1.0,2171,144,0.0612017005439847,0.4907525308299809
COMPLETED,0.54,8.0,0.54,2155,2700,0.8455128277763723,0.8637752208188176
COMPLETED,0.5899999999999999,28.0,0.98,3640,1594,0.2959217066541314,0.3785110194571316
COMPLETED,0.55,10.0,0.34,4080,4638,0.608393310252577,0.5686478590723127
COMPLETED,0.53,10.0,0.0899999999999999,95,1072,0.0352897082157433,0.1729870450664311
COMPLETED,0.56,11.0,0.1499999999999999,901,3917,0.402566892389208,0.016181754803285
COMPLETED,0.68,88.0,0.98,4885,375,0.9523331535048782,0.7432097897697238
COMPLETED,0.54,36.0,0.7099999999999999,2824,3434,0.1430015830621123,0.3096956335976719
COMPLETED,0.6,21.0,0.45,1341,2274,0.7160366727486251,0.9469989309199152
COMPLETED,0.55,60.0,0.27,1621,4727,0.2467053645849227,0.632313052624464
COMPLETED,0.6099999999999999,27.0,0.94,2636,814,0.6715389756709336,0.1119631219618022
COMPLETED,0.55,17.0,0.8499999999999999,4619,2916,0.4860489570312201,0.9258347853552548
COMPLETED,0.6,21.0,0.56,1104,1541,0.9343949895463884,0.3157596411649137
COMPLETED,0.54,8.0,0.0599999999999999,366,3452,0.5025570874027908,0.4971438337694853
COMPLETED,0.57,22.0,0.89,3882,2092,0.077533137794584,0.7602580144349484
COMPLETED,0.52,15.0,0.57,3365,4218,0.7642850157618521,0.2020090939700603
COMPLETED,0.7,35.0,0.99,2348,242,0.3159922970682382,0.554726186107844
COMPLETED,0.55,8.0,0.39,2331,4247,0.647504756366834,0.2716801722422242
COMPLETED,0.66,122.0,1.0,3189,56,0.2146896721031516,0.97135843982175
COMPLETED,0.55,27.0,0.64,3941,3716,0.9004912144709378,0.0385996888335794
COMPLETED,0.5799999999999998,28.0,0.2399999999999999,582,1984,0.4600010516364127,0.7032526940573007
COMPLETED,0.57,11.0,0.27,1075,3043,0.1041718543935567,0.6085783053096384
COMPLETED,0.57,32.0,0.9,4435,1258,0.5368118284065276,0.150542461561039
COMPLETED,0.55,9.0,0.45,2687,4932,0.348357527827844,0.8394347472563385
COMPLETED,0.68,48.0,0.95,1827,766,0.7889162327554076,0.4165455161519348
COMPLETED,0.55,13.0,0.3699999999999999,1483,3151,0.2600028921943157,0.2263533746004104
COMPLETED,0.55,16.0,0.8699999999999999,3124,2401,0.8175755757223814,0.516695496480912
COMPLETED,0.56,18.0,0.98,4794,3868,0.0053406438622623,0.4572019663285464
COMPLETED,0.6199999999999999,29.0,0.93,652,580,0.5705883464757353,0.7826911767367273
COMPLETED,0.55,9.0,0.02,229,4453,0.9904909867439418,0.9034054301213472
COMPLETED,0.57,38.0,0.97,4369,1101,0.4331086714807897,0.3557053156737238
COMPLETED,0.54,15.0,0.7299999999999999,3538,2593,0.7445690189581364,0.670332321047783
COMPLETED,0.56,25.0,0.94,1898,1857,0.179268032265827,0.0876074201278388
COMPLETED,0.53,6.0,0.34,2021,4581,0.478097590919584,0.4237677321024239
COMPLETED,0.56,35.0,0.96,3504,961,0.9109184155277908,0.8194894889369607
COMPLETED,0.64,22.0,0.98,4256,2770,0.2234044064432382,0.1285794572699815
COMPLETED,0.54,10.0,0.14,272,1688,0.6639002501368522,0.6140264276321977
COMPLETED,0.54,9.0,0.13,765,3286,0.7719237412959337,0.6979496567118912
COMPLETED,0.5899999999999999,20.0,0.82,4750,2258,0.3392932552099228,0.060463649874553
COMPLETED,0.5899999999999999,10.0,0.5,3002,4052,0.5260336614213884,0.9914026224203408
COMPLETED,0.67,62.0,1.0,1517,408,0.0854845039062201,0.264313704110682
COMPLETED,0.56,15.0,0.45,1793,2866,0.6160929191298782,0.0665808355621993
COMPLETED,0.6199999999999999,20.0,0.97,2809,1428,0.058529783014208,0.6767168630957602
COMPLETED,0.55,9.0,0.38,4479,4804,0.8690503446236252,0.3600416552070528
COMPLETED,0.6,32.0,0.92,963,906,0.3038121299371123,0.8805742953848092
COMPLETED,0.54,8.0,0.0899999999999999,539,4063,0.1351111597791314,0.8056362260822206
COMPLETED,0.7099999999999999,105.0,0.99,4054,228,0.6924991559013725,0.4527363649439066
COMPLETED,0.56,11.0,0.54,3223,3580,0.3793268175907433,0.5104405731968582
COMPLETED,0.56,10.0,0.7199999999999999,2208,2127,0.944633544627577,0.2472654497027397
COMPLETED,0.52,8.0,0.6199999999999999,2470,3629,0.0286457808557897,0.953390968132764
COMPLETED,0.6099999999999999,21.0,0.9,3330,1922,0.5782312211189418,0.2886770200803875
COMPLETED,0.57,13.0,0.63,3770,4346,0.267957485390827,0.7203713978100567
COMPLETED,0.7399999999999999,78.0,0.99,410,101,0.8410553470831365,0.0205103612300008
COMPLETED,0.55,8.0,0.1,1216,4911,0.7210892475973814,0.1685137105751782
COMPLETED,0.65,58.0,0.98,4574,642,0.1713134390693157,0.5915856511946767
COMPLETED,0.5799999999999998,16.0,0.4199999999999999,2515,3052,0.9828481121007352,0.3994310656078159
COMPLETED,0.57,29.0,0.96,1655,1398,0.4098035344872623,0.857527792699635
COMPLETED,0.56,11.0,0.22,1306,3789,0.8769505002815275,0.5347886608950793
COMPLETED,0.64,37.0,0.97,2946,515,0.4521074012685566,0.2092385671436786
COMPLETED,0.57,17.0,0.96,4929,3257,0.6398009983804077,0.7656981657091528
COMPLETED,0.6199999999999999,12.0,0.26,789,2443,0.191445418452844,0.4751733343135565
COMPLETED,0.52,7.0,0.02,51,2565,0.3716017814781517,0.3376161070410162
COMPLETED,0.6199999999999999,28.0,0.99,4192,1737,0.796619990741834,0.9205237769614903
COMPLETED,0.56,13.0,0.6199999999999999,3675,4454,0.1120655047614127,0.1046039110533893
COMPLETED,0.57,7.0,1.0,2033,1244,0.5603525425959378,0.652364968329668
COMPLETED,0.56,34.0,0.35,2073,3995,0.0656067420374602,0.2136211603209376
COMPLETED,0.67,64.0,0.97,3714,453,0.5139622773509472,0.5430694536305964
COMPLETED,0.55,16.0,0.91,4153,3356,0.3284613282624632,0.4776074151303619
ABANDONED,,,,12,2195,0.753304442146793,0.7798277969677001
ABANDONED,,,,828,2778,0.6840140743795782,0.9063906881120056
COMPLETED,0.54,28.0,0.88,4968,1672,0.235727051416412,0.3351780927497893
ABANDONED,,,,2907,4560,0.9224737095367164,0.6440802569910883
ABANDONED,,,,1267,994,0.4974554556589573,0.1002178751565516
COMPLETED,0.57,12.0,0.28,1695,3530,0.9647166632320732,0.2901354207843542
COMPLETED,0.56,13.0,0.94,2553,2170,0.3916187569256872,0.9665449192784726
COMPLETED,0.56,15.0,0.7299999999999999,4536,4140,0.7040851406771689,0.0278176153283566
COMPLETED,0.7,94.0,1.0,1177,164,0.1544997152853757,0.7315768514666706
COMPLETED,0.6,8.0,0.08,449,4805,0.2839650588352233,0.5803760409932583
COMPLETED,0.5799999999999998,45.0,0.96,3809,892,0.8570096513200551,0.1612027758155017
COMPLETED,0.6199999999999999,18.0,0.96,3291,2838,0.0476671504285186,0.8443701460212469
COMPLETED,0.5799999999999998,13.0,0.93,2431,1463,0.5974429143425077,0.3979684934876859
COMPLETED,0.55,8.0,0.57,2247,3122,0.4294071986228227,0.6820804900750517
COMPLETED,0.6,28.0,0.9,3262,1336,0.9946453686952592,0.0758431379832327
COMPLETED,0.55,20.0,0.67,4015,4854,0.1824194934926927,0.8839879823531955
COMPLETED,0.5799999999999998,21.0,0.67,499,687,0.7399826444797217,0.375150416733697
COMPLETED,0.55,9.0,0.08,1002,4326,0.8207283456288277,0.437631284078583
COMPLETED,0.7299999999999999,236.0,0.99,4518,134,0.2554216334633528,0.802226695658639
COMPLETED,0.54,11.0,0.47,2770,3638,0.5668891340643167,0.2380073186978697
COMPLETED,0.5899999999999999,24.0,0.88,1754,1906,0.0095010933279991,0.5050806417502463
COMPLETED,0.57,12.0,0.26,1556,4531,0.539995326258242,0.8199801805764436
COMPLETED,0.5799999999999998,23.0,0.9,3041,1179,0.0994994379505515,0.4359534983001649
COMPLETED,0.54,20.0,0.8,4711,2515,0.7853081334419548,0.6203635932486504
COMPLETED,0.53,14.0,0.3699999999999999,726,1779,0.3524873237051069,0.1388152983281761
ABANDONED,,,,311,3229,0.2110793123431503,0.0502317422907799
COMPLETED,0.6199999999999999,21.0,0.97,4295,2479,0.6516284847296774,0.6916159486863762
COMPLETED,0.56,11.0,0.5799999999999998,3465,3790,0.4631832408085465,0.2521313806325197
COMPLETED,0.6,49.0,0.82,1982,502,0.8958136822804807,0.9909158493839204
COMPLETED,0.5799999999999998,13.0,0.33,1937,3364,0.6961991044450551,0.529853262130171
COMPLETED,0.6199999999999999,16.0,0.81,3577,2336,0.1309513869602233,0.2278155898079275
COMPLETED,0.55,16.0,0.7,4330,3974,0.9414800237175076,0.7939004300255327
COMPLETED,0.6099999999999999,20.0,0.56,190,329,0.3839073848035186,0.4645130200590938
COMPLETED,0.54,9.0,0.1199999999999999,692,4659,0.0553785225506871,0.348398180546239
COMPLETED,0.6099999999999999,43.0,0.93,4833,1039,0.6206795538570731,0.8921996195521205
COMPLETED,0.54,15.0,0.94,3085,2692,0.3075133871603757,0.0861486625112593
COMPLETED,0.6099999999999999,34.0,0.7299999999999999,1444,1610,0.864895687552169,0.6571784888729452
COMPLETED,0.57,12.0,0.3099999999999999,1866,4141,0.336111817041412,0.9796430321894584
COMPLETED,0.66,50.0,1.0,2726,306,0.7766019650045782,0.2760665650516748
COMPLETED,0.55,16.0,0.91,4396,3502,0.0890941275339573,0.7173861398193984
COMPLETED,0.6,18.0,0.4299999999999999,1036,2049,0.5219092564117163,0.0410375841539353
COMPLETED,0.56,17.0,0.16,622,2944,0.9145267304759472,0.1481082617733627
COMPLETED,0.6,30.0,0.95,3980,1506,0.4739680701624602,0.5944490309637039
COMPLETED,0.55,8.0,0.26,3150,4726,0.6607165515217929,0.4121632798872887
COMPLETED,0.56,18.0,0.99,2291,828,0.2280765626374632,0.8311538355499505
COMPLETED,0.54,8.0,0.2,2387,4990,0.8085405941046774,0.1241450885273516
COMPLETED,0.64,50.0,0.99,3404,720,0.3601945467181503,0.6327999446317553
COMPLETED,0.56,17.0,0.82,3843,2974,0.5478781354054809,0.3259916677195578
COMPLETED,0.5899999999999999,10.0,0.22,327,1320,0.1230445689335465,0.9321681364681572
COMPLETED,0.5799999999999998,11.0,0.19,1143,3707,0.4396381098255515,0.753920491905883
COMPLETED,0.5899999999999999,29.0,0.99,4658,2000,0.8879308731332421,0.4869081116821616
COMPLETED,0.54,9.0,0.44,2597,4268,0.2033720893301069,0.5542356134392321
COMPLETED,0.8,583.0,1.0,1582,23,0.6283960240669548,0.1898229708597063
COMPLETED,0.6199999999999999,18.0,0.46,1380,2643,0.1589353053383529,0.3877695073746144
COMPLETED,0.5899999999999999,16.0,0.8499999999999999,2864,1815,0.7320388925038278,0.8691350332945585
COMPLETED,0.57,15.0,0.77,4846,4376,0.4217608589529991,0.1880920069608837
COMPLETED,0.56,28.0,0.65,862,1166,0.9713520246893166,0.5720577464085072
COMPLETED,0.54,6.0,0.02,134,3867,0.5901824780702591,0.7397964597139508
COMPLETED,0.66,60.0,1.0,4119,593,0.0171474329978227,0.0010728743057698
COMPLETED,0.5799999999999998,13.0,0.57,3601,3179,0.8286720976047218,0.941635184969753
COMPLETED,0.53,7.0,0.7099999999999999,2116,2365,0.2789058216176927,0.3004336880892515
COMPLETED,0.55,9.0,0.54,2129,3166,0.1330130229592323,0.6590676589347421
COMPLETED,0.5899999999999999,20.0,0.9,3613,2378,0.6982512376457451,0.0840178031250834
COMPLETED,0.56,13.0,0.67,4111,3855,0.3857574943117797,0.8899393235761672
COMPLETED,0.54,17.0,0.19,127,605,0.94332063042745,0.3499142542388289
COMPLETED,0.56,11.0,0.1499999999999999,874,4389,0.6188686917237937,0.462863520534709
COMPLETED,0.5899999999999999,39.0,0.97,4859,1153,0.0535619646869599,0.7962714283969253
COMPLETED,0.5799999999999998,11.0,0.69,2857,2655,0.8628099989891052,0.229828727517277
COMPLETED,0.5899999999999999,21.0,0.69,1371,1803,0.3054220028668642,0.5280895468518138
COMPLETED,0.57,11.0,0.26,1569,4262,0.7747604046687484,0.829129577782005
COMPLETED,0.78,206.0,1.0,2586,30,0.3342645609751343,0.4139153917878866
COMPLETED,0.57,19.0,0.7,4666,3700,0.5198542660512029,0.596102162817493
COMPLETED,0.5799999999999998,22.0,0.4799999999999999,1149,2008,0.0870334414429962,0.145741364179179
COMPLETED,0.53,7.0,0.08,315,2981,0.4760604043640196,0.0433019883427768
FAILED,,,,3830,1314,0.9166095618791879,0.7158736910205334
COMPLETED,0.56,18.0,0.57,3410,4998,0.2298959739431738,0.2741657990477979
COMPLETED,0.6099999999999999,18.0,1.0,2395,713,0.6625264600291848,0.9817627640813588
COMPLETED,0.51,7.0,0.39,2303,4715,0.3622473807316273,0.1918323015011847
COMPLETED,0.5899999999999999,34.0,0.98,3163,840,0.810602960659191,0.5524680910930037
COMPLETED,0.6199999999999999,17.0,0.77,3974,2932,0.1248844488058239,0.4852700333613902
COMPLETED,0.57,16.0,0.3599999999999999,614,1519,0.5497275478187948,0.7563029114808886
COMPLETED,0.5899999999999999,13.0,0.1799999999999999,1049,3514,0.8861145401988177,0.929919261695817
COMPLETED,0.6,23.0,0.93,4407,2038,0.4378275023642927,0.3275191626157611
COMPLETED,0.56,10.0,0.46,2718,4155,0.6263043888192624,0.6346853076256812
COMPLETED,0.69,88.0,1.0,1859,294,0.20128617955558,0.1220104220733046
COMPLETED,0.56,17.0,0.3599999999999999,1432,2684,0.730192337250337,0.2985595715604722
COMPLETED,0.56,23.0,0.97,3072,1618,0.1570944755580276,0.943781566336751
COMPLETED,0.53,9.0,0.41,4840,4652,0.9692906117606908,0.0033182431552559
COMPLETED,0.6099999999999999,21.0,0.5899999999999999,700,1046,0.4197051714975386,0.7382649755757302
COMPLETED,0.53,7.0,0.0299999999999999,177,3982,0.0192304893303662,0.5736918429229408
COMPLETED,0.67,113.0,0.99,4318,322,0.5922750669438392,0.1857060740273445
COMPLETED,0.55,14.0,0.8699999999999999,3586,3371,0.2807154791709035,0.8671374250017106
COMPLETED,0.5799999999999998,21.0,0.65,1944,2329,0.8304912876989692,0.3895482687503099
COMPLETED,0.56,13.0,0.33,1988,3803,0.5121466712541877,0.1021107890829443
COMPLETED,0.65,60.0,0.99,3473,489,0.0638006387390196,0.6419531489051878
COMPLETED,0.5899999999999999,13.0,0.63,4284,3241,0.7512159131541847,0.3329215406384319
COMPLETED,0.55,10.0,0.1,299,2467,0.3263823020681738,0.9079105131048708
COMPLETED,0.54,12.0,0.25,734,2502,0.2377782328501343,0.7781820413079112
COMPLETED,0.6,24.0,0.8599999999999999,4718,1792,0.6860709515437484,0.4799821648020297
COMPLETED,0.5799999999999998,9.0,0.51,3028,4520,0.4992932070679962,0.5450863352045416
COMPLETED,0.6199999999999999,31.0,0.93,1545,1191,0.924317156676203,0.2118611963428556
COMPLETED,0.57,13.0,0.2899999999999999,1747,3645,0.3937006365619599,0.3959479795843363
COMPLETED,0.55,14.0,0.8699999999999999,2762,1900,0.9668042385987936,0.84612600922212
COMPLETED,0.57,13.0,0.7399999999999999,4530,4334,0.1563067684918642,0.1628596515338867
COMPLETED,0.7199999999999999,109.0,1.0,1015,127,0.7058978896141052,0.57801289469935
COMPLETED,0.54,8.0,0.04,491,4848,0.8551633470207451,0.733844999520108
COMPLETED,0.65,53.0,0.95,4008,694,0.2821282573342323,0.0263089178297668
COMPLETED,0.57,20.0,0.8,3275,3114,0.5953850835524499,0.9646478971391916
COMPLETED,0.6099999999999999,11.0,0.91,2259,1344,0.0456188224367797,0.2922589039765298
COMPLETED,0.53,10.0,0.6099999999999999,2439,2850,0.9928395200688392,0.5070861021205783
COMPLETED,0.6099999999999999,35.0,0.91,3298,1452,0.4275918174553662,0.2362359335161745
COMPLETED,0.56,11.0,0.32,3796,4819,0.7379033970739692,0.8005847470667213
COMPLETED,0.5899999999999999,25.0,0.4799999999999999,437,880,0.1803307135459035,0.440009840818122
COMPLETED,0.57,15.0,0.2,1184,4129,0.2574792411830276,0.3728976716902107
COMPLETED,0.7199999999999999,168.0,1.0,4544,175,0.822780227875337,0.885511614413932
COMPLETED,0.53,9.0,0.64,2541,3518,0.0113438433725386,0.0777246307060122
COMPLETED,0.6199999999999999,20.0,0.56,1682,2183,0.5687261586356906,0.6799419607855379
COMPLETED,0.54,12.0,0.2099999999999999,1260,4568,0.1015872679892927,0.9890378625839948
COMPLETED,0.6,25.0,0.96,2901,986,0.5420774308238178,0.2542738991640507
COMPLETED,0.5899999999999999,17.0,0.78,4981,2785,0.35429985143058,0.6938574472647159
COMPLETED,0.6,16.0,0.4199999999999999,839,1665,0.7871149356942623,0.0486963953170925
COMPLETED,0.52,9.0,0.0,5,3348,0.649792413784191,0.1404455245714634
COMPLETED,0.6,29.0,0.96,4145,2204,0.2092337088566273,0.6179737974796444
COMPLETED,0.56,13.0,0.63,3725,3988,0.8937646571937948,0.4339520197361707
COMPLETED,0.56,21.0,0.99,2085,460,0.4611246831808239,0.8217550791166722
COMPLETED,0.55,10.0,0.17,2046,4467,0.912969122936949,0.2625594507344067
COMPLETED,0.57,28.0,0.8699999999999999,3686,1232,0.4801539940591901,0.9934252145960926
COMPLETED,0.5899999999999999,16.0,0.78,4184,2577,0.6657384792882948,0.0628288818765431
COMPLETED,0.53,9.0,0.02,44,1725,0.2252483313251286,0.6962943833824246
COMPLETED,0.5,11.0,0.2,800,3244,0.3374790786225348,0.6155405420232564
COMPLETED,0.56,21.0,0.98,4941,2456,0.7701190675068647,0.1263171945568174
COMPLETED,0.53,15.0,0.7399999999999999,2940,3777,0.0833945491220802,0.8173718985207378
COMPLETED,0.66,68.0,1.0,1298,527,0.5239532094355672,0.4256701636984944
COMPLETED,0.6,15.0,0.41,1642,3059,0.0566849082242697,0.2493946434967219
COMPLETED,0.56,22.0,0.89,2502,1392,0.6142575471382588,0.5085492616593837
COMPLETED,0.56,14.0,0.77,4583,4920,0.3017528733555227,0.4512181497756391
COMPLETED,0.64,40.0,0.95,1223,635,0.8670005908403545,0.8078948564659802
COMPLETED,0.51,7.0,0.07,398,4340,0.6945805615130812,0.8782054384890943
COMPLETED,0.75,170.0,1.0,3757,108,0.1371982611212879,0.3616928203236311
COMPLETED,0.5799999999999998,11.0,0.56,3337,3622,0.9464410755764692,0.6784822439663111
COMPLETED,0.53,12.0,0.8599999999999999,2478,1930,0.3811400442700833,0.0645698393285274
COMPLETED,0.4899999999999999,7.0,0.3699999999999999,2220,3592,0.5802873993292451,0.8553835528083145
COMPLETED,0.5799999999999998,18.0,0.89,3237,2116,0.0306962335929274,0.4013068477287888
COMPLETED,0.55,20.0,0.68,4047,4076,0.8428995229192077,0.593118800925091
COMPLETED,0.7,72.0,0.99,530,216,0.2697959357537328,0.1662704832013696
COMPLETED,0.55,9.0,0.16,976,4793,0.1695080644674599,0.0228946285713464
COMPLETED,0.6,49.0,0.98,4491,918,0.719274340454489,0.7187351598199457
COMPLETED,0.52,10.0,0.7099999999999999,2801,2854,0.407723809339106,0.2868961172290146
COMPLETED,0.6199999999999999,30.0,0.88,1786,1441,0.9807588544115424,0.9553869108334184
COMPLETED,0.56,12.0,0.25,1505,4060,0.4502718043476343,0.65413415626809
COMPLETED,0.69,53.0,0.97,2989,400,0.8751053708195686,0.1025967218875885
COMPLETED,0.56,15.0,0.88,4756,3293,0.1893959156237542,0.918143498862162
COMPLETED,0.5799999999999998,13.0,0.26,773,2251,0.6377419630102812,0.3392558509539813
COMPLETED,0.57,9.0,0.07,260,2762,0.7987063912712037,0.4736436979416757
COMPLETED,0.57,27.0,0.91,4245,1696,0.3736824565343558,0.7679453748892991
COMPLETED,0.57,12.0,0.5899999999999999,3512,4574,0.5621664961129426,0.211371568005532
COMPLETED,0.53,7.0,0.99,2027,968,0.113873732805252,0.532901156425476
COMPLETED,0.63,21.0,0.64,1905,2580,0.2941103704962879,0.9452409262433648
COMPLETED,0.6199999999999999,22.0,0.92,3546,1871,0.8436957958880811,0.311714481908828
COMPLETED,0.53,13.0,0.7299999999999999,4357,4441,0.0332044973950833,0.7455712704714387
COMPLETED,0.57,11.0,0.1799999999999999,215,1113,0.6063024037014692,0.0145227376092225
COMPLETED,0.56,9.0,0.11,661,3881,0.9543962190132588,0.1744974081572145
COMPLETED,0.64,61.0,0.97,4801,567,0.4046204550992697,0.5663818524945528
COMPLETED,0.5899999999999999,13.0,0.78,3111,3163,0.7178853564653545,0.3763896777406334
COMPLETED,0.5799999999999998,17.0,0.4899999999999999,1471,2389,0.1448407639805227,0.8656739085502922
COMPLETED,0.56,9.0,0.1499999999999999,1821,4926,0.6736327393818646,0.556851628601551
COMPLETED,0.6099999999999999,29.0,0.99,2679,772,0.2487896254975348,0.20011403856799
COMPLETED,0.5799999999999998,13.0,0.63,4447,3036,0.9362129750605672,0.7587360479664057
COMPLETED,0.64,21.0,0.7299999999999999,1088,1266,0.4878574397470801,0.4993987202886491
COMPLETED,0.5,9.0,0.14,575,3723,0.0756911034341901,0.3133870329689234
COMPLETED,0.6199999999999999,27.0,0.91,3935,1978,0.500709357311949,0.9274822066072373
COMPLETED,0.56,13.0,0.54,3202,4256,0.3139377844501286,0.1137247515320777
COMPLETED,0.77,106.0,1.0,2342,49,0.7622248074132949,0.6302983125261962
COMPLETED,0.55,7.0,0.4,2356,4207,0.2128719096593558,0.4144051390960812
COMPLETED,0.69,79.0,1.0,3371,254,0.6456927193962037,0.8413143996484577
COMPLETED,0.5899999999999999,18.0,0.9,3869,3440,0.457910842180252,0.1520794741269201
COMPLETED,0.6099999999999999,10.0,0.1199999999999999,354,2105,0.8984067304879427,0.606338948206976
COMPLETED,0.52,12.0,0.28,1110,2928,0.5388651364445686,0.7056408242341131
COMPLETED,0.5899999999999999,28.0,0.91,4627,1530,0.1062346949726343,0.0369673211146146
COMPLETED,0.55,7.0,0.22,2625,4740,0.7907556348852813,0.9695813998058436
COMPLETED,0.6,42.0,0.97,1609,802,0.3502064624987542,0.2736799852140247
COMPLETED,0.5899999999999999,11.0,0.22,1333,3426,0.8196591060794889,0.0893804709017276
COMPLETED,0.6099999999999999,12.0,0.81,2817,2282,0.2620959550924599,0.6683290021531284
COMPLETED,0.5799999999999998,12.0,0.7399999999999999,4898,3910,0.5723975262865423,0.3533289004098624
COMPLETED,0.64,51.0,0.98,913,382,0.007159356214106,0.9050490443054586
COMPLETED,0.5799999999999998,7.0,0.01,88,4646,0.4312606867179274,0.7811654032003134
COMPLETED,0.5799999999999998,39.0,0.98,4072,1064,0.988648727454245,0.4594530457798391
COMPLETED,0.5899999999999999,19.0,0.95,3652,2707,0.1772080451287329,0.5188323601782321
COMPLETED,0.54,13.0,0.8499999999999999,2168,1587,0.7425147572942077,0.2244697404019534
COMPLETED,0.54,6.0,0.3699999999999999,2179,4304,0.4138220916707068,0.5999308889638632
COMPLETED,0.7299999999999999,137.0,0.99,3663,156,0.979062254505232,0.1418950452152639
COMPLETED,0.55,21.0,0.96,4083,3654,0.1668341746237128,0.8329811314642429
COMPLETED,0.5,8.0,0.04,99,1890,0.7243992588873953,0.4100919003598392
COMPLETED,0.56,13.0,0.2399999999999999,934,3104,0.8363291585948318,0.2781377512514591
COMPLETED,0.5799999999999998,33.0,0.97,4919,1354,0.2710204536672681,0.9778160188309848
COMPLETED,0.55,6.0,0.2399999999999999,2838,4877,0.5824892071802169,0.0472511130105704
COMPLETED,0.64,38.0,0.95,1353,665,0.0250992331672459,0.7119041182342916
COMPLETED,0.6,17.0,0.41,1625,3211,0.5555958157721906,0.8937832631226628
COMPLETED,0.57,11.0,0.8499999999999999,2641,2496,0.1150981131587177,0.3460831486750394
COMPLETED,0.57,19.0,0.7099999999999999,4643,3812,0.8009084110390395,0.6629039992168546
COMPLETED,0.67,54.0,0.98,1126,479,0.3680857275109737,0.0801790982969105
COMPLETED,0.54,7.0,0.0599999999999999,380,4509,0.1954945288430899,0.2337854663208127
COMPLETED,0.56,36.0,0.97,3895,1201,0.6360455155353993,0.5241275882013142
COMPLETED,0.5799999999999998,16.0,0.92,3397,2531,0.4475977174583822,0.466827858602628
COMPLETED,0.5899999999999999,10.0,0.79,2382,1763,0.8802300327215343,0.7923170690108091
COMPLETED,0.53,10.0,0.78,2316,2795,0.0811956300325691,0.0072864031624048
COMPLETED,0.6,18.0,0.91,3176,1655,0.5295492320694029,0.7343144381288438
COMPLETED,0.57,13.0,0.66,3909,4539,0.3440504802241921,0.3025048742890357
COMPLETED,0.5899999999999999,21.0,0.46,549,1015,0.7688916013464331,0.9398081716112792
COMPLETED,0.5799999999999998,11.0,0.1799999999999999,1072,4017,0.6684094803705811,0.8709623292088507
COMPLETED,0.66,86.0,0.98,4431,430,0.2201243906840681,0.3856981278471648
COMPLETED,0.5899999999999999,9.0,0.45,2663,3338,0.9068698033280672,0.5775396044086664
COMPLETED,0.6199999999999999,19.0,0.6099999999999999,1805,2213,0.4818535422123968,0.1818787904027849
COMPLETED,0.54,12.0,0.1199999999999999,1450,4828,0.9491123406253756,0.4892229502256959
COMPLETED,0.6,31.0,0.98,3090,870,0.3760163081102073,0.7523371308911591
COMPLETED,0.56,18.0,0.8699999999999999,4780,2820,0.6884810820370912,0.1957928473725915
COMPLETED,0.57,17.0,0.38,640,1481,0.1388974709510803,0.5485099395103752
COMPLETED,0.56,7.0,0.05,204,3547,0.2995536754280328,0.6385254549756645
COMPLETED,0.6,19.0,0.88,4346,2153,0.8725963941216469,0.1181755243130028
COMPLETED,0.54,11.0,0.5899999999999999,3535,4119,0.063256454821676,0.9337517800386996
COMPLETED,0.7099999999999999,135.0,0.99,1894,185,0.6130304044298827,0.3236766358483582
COMPLETED,0.56,6.0,0.34,2006,3690,0.7929576249103993,0.1588876993302255
COMPLETED,0.6199999999999999,19.0,0.91,3491,2018,0.3446097632180899,0.5819596399497241
COMPLETED,0.57,14.0,0.7099999999999999,4224,4291,0.5322944858465343,0.3919988549165427
FAILED,,,,239,1,0.1074590455833822,0.8500955820083617
COMPLETED,0.52,7.0,0.0599999999999999,762,4968,0.4552367850337177,0.9608191709928214
COMPLETED,0.5899999999999999,77.0,0.99,4745,742,0.9035313626471906,0.2961052229404449
COMPLETED,0.53,10.0,0.75,2978,2990,0.2189704931359738,0.7299934458378702
COMPLETED,0.6,27.0,0.89,1494,1304,0.6439963016640395,0.0301324092578142
COMPLETED,0.53,12.0,0.3,1760,3845,0.1745341255422681,0.3289648018348961
COMPLETED,0.6,29.0,0.97,2775,615,0.7476397054698318,0.9118724717553705
COMPLETED,0.56,15.0,0.91,4465,3195,0.4373589987922459,0.0981464510150253
COMPLETED,0.57,16.0,0.32,950,2349,0.9869520978052168,0.6459075082913041
COMPLETED,0.57,8.0,0.13,515,2625,0.574599363880232,0.5412423956580459
COMPLETED,0.56,26.0,0.92,4031,1832,0.0015623260457068,0.2156923019066452
COMPLETED,0.55,7.0,0.27,3221,4398,0.8130887120123952,0.7743457010257989
COMPLETED,0.6,14.0,0.99,2204,1143,0.2633205027487128,0.4838208696302026
COMPLETED,0.52,7.0,0.2099999999999999,2494,4681,0.7117858472466468,0.6900325430575757
COMPLETED,0.5899999999999999,32.0,0.95,3353,1016,0.1465400035530328,0.0525465362202376
COMPLETED,0.56,18.0,0.77,3773,2674,0.9570675138048828,0.9851901010982692
COMPLETED,0.52,13.0,0.2099999999999999,414,1627,0.399496689196676,0.2581011827886104
COMPLETED,0.56,11.0,0.3099999999999999,1249,3381,0.0397760737352073,0.4299838597290218
COMPLETED,0.6,24.0,0.9,4608,2319,0.6050752312503755,0.8257056165635585
COMPLETED,0.56,8.0,0.4199999999999999,2528,3953,0.2919111428260803,0.1365002218428999
COMPLETED,0.67,65.0,0.97,1668,351,0.8492916289120912,0.6219471922051161
COMPLETED,0.56,14.0,0.33,1310,2961,0.3205091563090681,0.7967445997167378
COMPLETED,0.55,19.0,0.97,2951,1489,0.7609973709955811,0.4438447385784238
COMPLETED,0.57,15.0,0.81,4952,4705,0.0734922140873968,0.5032535837776959
COMPLETED,0.6099999999999999,25.0,0.89,811,849,0.5063053502030671,0.2400784602835774
COMPLETED,0.52,6.0,0.01,65,4164,0.9301136851944029,0.0737717138417065
COMPLETED,0.7099999999999999,97.0,0.99,4205,284,0.4895569581575691,0.6839077413752676
COMPLETED,0.57,16.0,0.6,3707,3484,0.6763037107214331,0.3689371258188038
COMPLETED,0.55,6.0,0.8699999999999999,2067,2067,0.2436657145991921,0.8894697659965604
COMPLETED,0.53,7.0,0.53,2106,3026,0.631915394347161,0.4472542690020054
COMPLETED,0.55,42.0,0.99,3746,1276,0.1991022433601319,0.8118496805820614
COMPLETED,0.69,33.0,0.98,2341,271,0.9211879346370696,0.2338243437707424
COMPLETED,0.55,12.0,0.68,4034,4458,0.0560368525125086,0.8073306073676794
COMPLETED,0.57,16.0,0.89,2954,1628,0.500387325471267,0.286713483929634
COMPLETED,0.56,10.0,0.1499999999999999,906,3648,0.3832483354397118,0.7345065593551843
COMPLETED,0.5,9.0,0.11,266,2005,0.2182979610264301,0.5179241430554538
COMPLETED,0.56,15.0,0.77,3531,2799,0.833943932050839,0.4452452869080006
COMPLETED,0.5999999999999999,35.0,0.99,4639,1097,0.3584116882830858,0.9616598386857658
COMPLETED,0.57,12.0,0.28,1644,4098,0.725044354269281,0.0127957332096993
COMPLETED,0.5799999999999998,23.0,0.8299999999999998,1413,1455,0.2950129513740539,0.3835976748131215
COMPLETED,0.57,20.0,0.93,4708,3196,0.6617752807382494,0.5907802388463169
COMPLETED,0.6999999999999998,58.0,0.97,3296,410,0.1548689014166593,0.0666464703045785
COMPLETED,0.51,11.0,0.0299999999999999,350,4944,0.7706442681346088,0.8966006178949028
COMPLETED,0.6199999999999999,34.0,0.95,979,646,0.5657275182809681,0.8626437344085424
COMPLETED,0.5,7.0,0.46,2721,3925,0.4484743905700743,0.1585322004258632
COMPLETED,0.5899999999999999,16.0,0.76,4122,2491,0.9865587113257496,0.6869903073143214
COMPLETED,0.52,6.0,0.53,2103,2938,0.1212932600863277,0.3542087522745132
COMPLETED,0.5799999999999998,19.0,0.4899999999999999,1939,2266,0.6496425346527248,0.9886321272999048
COMPLETED,0.57,19.0,0.8299999999999998,4266,3011,0.2679052971452474,0.0330752504151314
COMPLETED,0.63,22.0,0.95,2576,888,0.7902131100539118,0.5610018456429243
COMPLETED,0.54,10.0,0.19,1144,3840,0.1584879581332206,0.4796657710652798
COMPLETED,0.6199999999999999,35.0,0.97,498,480,0.4915565759427845,0.2601067184451967
COMPLETED,0.56,8.0,0.26,3128,4716,0.6238038850780576,0.7148361878804861
COMPLETED,0.6199999999999999,32.0,0.93,4875,1368,0.0702990953959524,0.1901374954525381
COMPLETED,0.57,11.0,0.2099999999999999,1265,3436,0.9515331292357296,0.7725446000806986
COMPLETED,0.5999999999999999,35.0,0.95,1812,1022,0.0049578169770538,0.6434496202878655
COMPLETED,0.57,13.0,0.38,4491,4331,0.886306256180629,0.3193101929668337
COMPLETED,0.6099999999999999,24.0,0.95,3680,2088,0.4261849450804293,0.8361342926733196
COMPLETED,0.52,7.0,0.0299999999999999,99,2564,0.5585464513804763,0.1387308959309011
COMPLETED,0.57,15.0,0.32,761,1859,0.8536126351449638,0.1098216936867684
COMPLETED,0.53,12.0,0.79,3118,3570,0.2217581470161676,0.930890090957284
COMPLETED,0.79,660.0,1.0,3869,33,0.7130726501289754,0.4107162027936429
COMPLETED,0.5899999999999999,9.0,0.4199999999999999,2486,4538,0.3312058087289333,0.610947006985545
COMPLETED,0.54,10.0,0.8699999999999999,2358,1682,0.1285829390268772,0.7594248186703771
COMPLETED,0.5799999999999998,12.0,0.63,3788,3750,0.7599521802924573,0.2189296628907322
COMPLETED,0.7299999999999999,85.0,1.0,2976,168,0.2998575168084353,0.6889716519173233
COMPLETED,0.5,11.0,0.11,646,4405,0.6822134530358016,0.2702988609448075
COMPLETED,0.53,10.0,0.04,59,1199,0.9797078434303405,0.4908981985785066
COMPLETED,0.51,13.0,0.6199999999999999,3666,4151,0.0988487407136708,0.5342207618076354
COMPLETED,0.63,26.0,0.92,4417,1952,0.5901213605031371,0.0608271402753889
COMPLETED,0.5999999999999999,16.0,0.45,1784,2697,0.4572743731159716,0.9764289011973888
COMPLETED,0.69,61.0,0.98,1391,347,0.530628719843924,0.6056139917690306
COMPLETED,0.5799999999999998,14.0,0.82,4969,4851,0.3978960783351212,0.4316861581541597
COMPLETED,0.5899999999999999,21.0,0.9,3278,1547,0.9201848503276706,0.9128325462359936
COMPLETED,0.57,9.0,0.1499999999999999,597,3259,0.0394398852903395,0.1122423056997358
COMPLETED,0.6099999999999999,14.0,0.4,1201,2399,0.3613069011252373,0.1421746537163853
COMPLETED,0.56,10.0,0.65,2582,2875,0.743533441659063,0.8171735173817724
COMPLETED,0.64,50.0,0.97,4329,709,0.1900629137288779,0.3392569951191544
COMPLETED,0.56,14.0,0.33,1969,4017,0.8213024916164577,0.6390198282059281
COMPLETED,0.55,13.0,0.95,2117,786,0.4174457659441977,0.0181225043144077
COMPLETED,0.56,13.0,0.67,4162,3787,0.5342136319205165,0.9406606741175056
COMPLETED,0.54,14.0,0.98,2749,2319,0.0273415217865258,0.463309198429808
COMPLETED,0.5799999999999998,11.0,0.1799999999999999,1054,3112,0.8930961124673485,0.5155326175615191
COMPLETED,0.5799999999999998,16.0,0.2899999999999999,432,1315,0.6925734216086566,0.7310671421475708
COMPLETED,0.54,13.0,0.8499999999999999,3424,3334,0.3263004733454435,0.3057015648949891
COMPLETED,0.63,55.0,0.97,4824,582,0.8643657606206833,0.7873793419487773
COMPLETED,0.57,12.0,0.26,1556,4769,0.2481048979442566,0.2382269528675824
COMPLETED,0.6099999999999999,18.0,0.55,1638,2180,0.8029153204374015,0.3673425146210938
COMPLETED,0.6199999999999999,23.0,0.92,4582,2627,0.1867840616535395,0.6582196122594177
COMPLETED,0.5799999999999998,35.0,0.94,3501,960,0.6310926587246358,0.1843828781414777
COMPLETED,0.52,8.0,0.0299999999999999,204,4239,0.2649490466695278,0.8524299968369305
COMPLETED,0.7199999999999999,101.0,0.99,812,96,0.0868350398559123,0.8853561129793523
COMPLETED,0.53,9.0,0.2399999999999999,2828,4630,0.9524754333719612,0.0934079852905124
COMPLETED,0.5899999999999999,26.0,0.96,3935,1766,0.4769698446560651,0.5630403036996721
COMPLETED,0.53,6.0,0.3699999999999999,2191,3507,0.5936233052685856,0.3958205924537032
COMPLETED,0.55,10.0,0.82,2233,1897,0.4436648025717586,0.6655424236580729
COMPLETED,0.5799999999999998,18.0,0.78,3967,2676,0.5763971354998648,0.3717757168915122
COMPLETED,0.5999999999999999,23.0,0.95,2865,1242,0.1164871073719114,0.8450767697915434
COMPLETED,0.55,11.0,0.07,859,4189,0.9972325073964892,0.1799800840821117
COMPLETED,0.69,27.0,0.75,157,204,0.6646435801386832,0.0841964072156697
COMPLETED,0.55,13.0,0.5799999999999998,3464,4445,0.2824166417960077,0.8751357362754641
COMPLETED,0.5899999999999999,28.0,0.94,4549,1658,0.7735084184259176,0.40506255643256
COMPLETED,0.53,14.0,0.4,1596,3692,0.1422691268119961,0.5732303019352257
COMPLETED,0.5899999999999999,41.0,0.95,1520,756,0.8388875890672207,0.9518897936828434
COMPLETED,0.5799999999999998,12.0,0.7399999999999999,4778,4050,0.2075190207306295,0.0264467567373067
COMPLETED,0.5799999999999998,17.0,0.88,3383,2349,0.7299924280792474,0.5042731195278465
COMPLETED,0.53,7.0,0.1,400,2850,0.3476359453294426,0.4550153319109231
COMPLETED,0.5999999999999999,25.0,0.64,1085,1519,0.0530646803881973,0.3003815351631492
COMPLETED,0.5799999999999998,12.0,0.4699999999999999,2790,3207,0.9339243073202668,0.7247535123154522
COMPLETED,0.66,79.0,1.0,4207,377,0.3802729362305253,0.2435773908104747
COMPLETED,0.52,6.0,0.1799999999999999,2153,4897,0.513119287867099,0.7936625561341643
COMPLETED,0.51,9.0,0.99,2005,610,0.2344867652151733,0.4243672393336891
COMPLETED,0.55,10.0,0.3699999999999999,4375,4822,0.850617737725377,0.6011769489701836
COMPLETED,0.5899999999999999,15.0,0.9,2623,1284,0.3439302778188139,0.1195917517021298
COMPLETED,0.5899999999999999,11.0,0.2099999999999999,1232,3289,0.7100742876827716,0.9172390544172376
COMPLETED,0.54,12.0,0.19,565,2271,0.8755195809192956,0.8263812623638659
COMPLETED,0.5799999999999998,14.0,0.78,3237,3080,0.0098787524159997,0.1523989304341375
COMPLETED,0.5899999999999999,44.0,0.95,4923,836,0.547763211403042,0.629781585784629
COMPLETED,0.56,11.0,0.23,1355,3813,0.4311100593712181,0.3290632232762873
COMPLETED,0.5999999999999999,25.0,0.8699999999999999,1742,1731,0.611184612262994,0.2077044433392584
COMPLETED,0.54,14.0,0.66,4384,3467,0.494417382037267,0.751096733154729
COMPLETED,0.7199999999999999,162.0,1.0,3629,119,0.9389106293357908,0.2815545853711664
COMPLETED,0.52,7.0,0.0,12,4687,0.0731555144395679,0.6972692399937659
COMPLETED,0.55,21.0,0.64,693,1014,0.2785519548449665,0.5395369510110468
COMPLETED,0.55,9.0,0.51,3013,4260,0.644825449630618,0.49721572098881
COMPLETED,0.63,23.0,0.93,3820,2137,0.1691390326265245,0.9710821773763744
COMPLETED,0.56,9.0,0.5999999999999999,2400,2589,0.7853992223739624,0.0545401450470089
COMPLETED,0.54,16.0,0.94,2445,1150,0.7387314901035278,0.3256354633551091
COMPLETED,0.57,14.0,0.64,3838,4126,0.3719688819013535,0.6487584779113531
COMPLETED,0.56,17.0,0.92,3082,1960,0.8165040050875395,0.1324360040109604
COMPLETED,0.56,13.0,0.2399999999999999,716,2768,0.2007290436141192,0.8307950491458178
COMPLETED,0.55,8.0,0.0899999999999999,145,1595,0.4007720439210534,0.9225541682355106
COMPLETED,0.57,13.0,0.6099999999999999,3716,3600,0.5180247440803795,0.0986037759725004
COMPLETED,0.6999999999999998,87.0,0.98,4522,296,0.0423116720244288,0.619252521496266
COMPLETED,0.56,10.0,0.16,1853,4508,0.9075774392802268,0.4219645361546426
COMPLETED,0.54,16.0,0.44,1303,2451,0.1037847761586308,0.0432916006986051
COMPLETED,0.57,19.0,0.9,4922,2902,0.9689365247059613,0.9978472633473576
COMPLETED,0.5899999999999999,36.0,0.97,3170,703,0.4622147956117987,0.4694798364285379
COMPLETED,0.5799999999999998,7.0,0.0899999999999999,530,3948,0.5793532688636333,0.5517563013844192
COMPLETED,0.68,46.0,0.97,1111,430,0.7569723568540065,0.7104070417732
COMPLETED,0.54,8.0,0.4299999999999999,2534,4999,0.1413269397877156,0.2527803193312138
COMPLETED,0.57,30.0,0.91,4219,1417,0.6792304322551936,0.7769433602839708
COMPLETED,0.57,16.0,0.4799999999999999,1902,3153,0.3125971007756888,0.1974942730348557
COMPLETED,0.56,10.0,0.8499999999999999,2066,1347,0.9651964746136216,0.5844586825799197
COMPLETED,0.55,15.0,0.88,4075,3381,0.0838477193936705,0.3782850361466407
COMPLETED,0.63,32.0,0.99,2679,518,0.6063401676584034,0.9028916692864148
COMPLETED,0.55,10.0,0.16,947,4759,0.473979088909924,0.0719896064102649
COMPLETED,0.5799999999999998,16.0,0.38,382,928,0.1759897796921431,0.166864349540323
COMPLETED,0.5799999999999998,11.0,0.56,3338,3875,0.80784386257641,0.873865373680368
COMPLETED,0.5999999999999999,25.0,0.97,4755,2208,0.2541582297347486,0.3459071377776563
COMPLETED,0.57,13.0,0.3699999999999999,1450,2988,0.6360253499727696,0.6757381408605724
COMPLETED,0.7399999999999999,228.0,1.0,1685,66,0.3136887626163661,0.7971179786417633
COMPLETED,0.56,8.0,0.39,4670,4585,0.695426665617153,0.224605434115976
COMPLETED,0.56,23.0,0.96,3567,1833,0.2354899898730218,0.7446886608991771
COMPLETED,0.53,7.0,0.05,312,3520,0.867214587835595,0.2959629282020032
COMPLETED,0.5999999999999999,16.0,0.3599999999999999,861,2035,0.5448678814489394,0.4496706519722938
COMPLETED,0.56,12.0,0.88,2918,2536,0.4126210890933871,0.525254256291315
COMPLETED,0.5799999999999998,43.0,0.98,4003,1067,0.9037547490466386,0.0084008655846118
COMPLETED,0.54,7.0,0.39,2300,4361,0.0225200720205903,0.9542992205750196
COMPLETED,0.5,13.0,0.96,2270,1532,0.5512229484636336,0.0693877924662083
COMPLETED,0.56,15.0,0.89,4012,3273,0.4345789478942752,0.8933724632114171
COMPLETED,0.67,54.0,1.0,2907,330,0.8788875765670091,0.3887750445287674
COMPLETED,0.55,9.0,0.1499999999999999,890,4864,0.0132566430941224,0.5860896942168474
COMPLETED,0.5899999999999999,16.0,0.38,283,725,0.3385273820869624,0.6819347488991915
COMPLETED,0.5799999999999998,12.0,0.5999999999999999,3578,4004,0.7046805768739433,0.3587774856034666
COMPLETED,0.5899999999999999,22.0,0.8599999999999999,4661,2414,0.2291748970709741,0.8600242235474288
COMPLETED,0.5799999999999998,17.0,0.4299999999999999,1716,2861,0.8453157385867089,0.1616385438088327
COMPLETED,0.7199999999999999,103.0,0.99,1479,191,0.1657534069828689,0.2820229523126036
COMPLETED,0.56,9.0,0.4,4745,4378,0.7820085051488131,0.7396839234940707
COMPLETED,0.6099999999999999,21.0,0.9,3347,1705,0.2751364823840558,0.2305962020996958
COMPLETED,0.5899999999999999,8.0,0.0599999999999999,353,3725,0.6414036661367863,0.8100719239525496
COMPLETED,0.55,15.0,0.4099999999999999,976,1928,0.9442658103127032,0.9647661690562964
COMPLETED,0.5999999999999999,11.0,0.9,2670,2722,0.0785055703744292,0.0101762279253453
COMPLETED,0.5899999999999999,35.0,0.95,4084,1177,0.6165708297658711,0.5224928633719683
COMPLETED,0.52,6.0,0.34,2038,4178,0.4997973145321011,0.4401897340696305
COMPLETED,0.5999999999999999,43.0,0.93,1892,943,0.7779353812318294,0.8407025464009493
COMPLETED,0.57,13.0,0.7099999999999999,4250,4252,0.146690027680248,0.1336748579144477
COMPLETED,0.52,10.0,0.76,2505,2164,0.6689788312744349,0.646556435836479
COMPLETED,0.5899999999999999,15.0,0.38,1122,2641,0.2867465150766074,0.3166911542713642
COMPLETED,0.56,12.0,0.26,519,1782,0.1140002099946141,0.407487575944513
COMPLETED,0.56,10.0,0.54,3199,3493,0.994739522056654,0.6136878569815308
COMPLETED,0.7299999999999999,193.0,0.99,4892,112,0.4412689030393958,0.1051316286586225
COMPLETED,0.56,11.0,0.22,1312,4617,0.5739958915729075,0.9360679402742534
COMPLETED,0.63,18.0,0.63,1863,2342,0.3758896431699395,0.5583828199598938
COMPLETED,0.57,17.0,0.9,4494,3087,0.5087460868824272,0.4827725810371339
COMPLETED,0.5799999999999998,45.0,0.94,3745,809,0.0486515107676386,0.9835761022958904
COMPLETED,0.5,6.0,0.02,136,3761,0.9295200698096304,0.0376434985660016
COMPLETED,0.63,29.0,0.95,725,559,0.7324011690299957,0.1953153317570686
COMPLETED,0.5899999999999999,10.0,0.51,3053,4795,0.3500548043809831,0.7678545406293124
COMPLETED,0.6199999999999999,32.0,0.96,3867,1291,0.8413273962866515,0.2628475554287433
COMPLETED,0.51,8.0,0.6099999999999999,2435,3359,0.209967726599425,0.711607566608116
COMPLETED,0.66,29.0,0.97,2409,424,0.2566512020621448,0.9082633444592356
COMPLETED,0.56,8.0,0.32,3790,4928,0.6385122603625059,0.1172973807957023
COMPLETED,0.5899999999999999,20.0,0.89,3042,1468,0.1783910403493791,0.6025081317052245
COMPLETED,0.54,9.0,0.11,682,3180,0.8102397453784943,0.4343061374630778
COMPLETED,0.52,7.0,0.01,22,2478,0.6019192798025906,0.3424846664834767
COMPLETED,0.55,13.0,0.8,3600,2954,0.4695521130915731,0.6362780375964939
COMPLETED,0.66,54.0,0.95,4414,632,0.9608665846027434,0.1468656667936593
COMPLETED,0.54,11.0,0.2899999999999999,1732,3940,0.0795124849881976,0.8119966309852898
COMPLETED,0.5999999999999999,22.0,0.68,1345,1602,0.901335903007537,0.6915916405208408
COMPLETED,0.54,16.0,0.93,4952,3670,0.0201113180574029,0.2671929990220814
COMPLETED,0.7099999999999999,69.0,0.98,3208,245,0.5424191588498652,0.7644799030609429
COMPLETED,0.5999999999999999,9.0,0.1,574,4482,0.410181298604235,0.2143604592550545
COMPLETED,0.56,29.0,0.95,1223,1123,0.2398631778452545,0.055650244584307
COMPLETED,0.54,8.0,0.45,2653,4074,0.8715978939086197,0.9811199161335826
COMPLETED,0.63,23.0,0.91,4346,2031,0.3180930168572813,0.4881563986744731
COMPLETED,0.52,6.0,0.51,2015,2776,0.6998398185074329,0.5374484350308775
COMPLETED,0.51,8.0,0.89,2183,2100,0.047705399563536,0.1816425114646554
COMPLETED,0.5899999999999999,16.0,0.78,4198,2547,0.9129803182817996,0.8556590921338647
COMPLETED,0.5799999999999998,23.0,0.99,2801,1036,0.4060740300472825,0.3621641968563198
COMPLETED,0.5899999999999999,11.0,0.1799999999999999,1056,4315,0.5233366252370178,0.6629091939684003
COMPLETED,0.8,202.0,1.0,429,19,0.8130350998342037,0.56809681016393
COMPLETED,0.55,11.0,0.57,3372,4553,0.1972693232838064,0.3912528220452368
COMPLETED,0.6199999999999999,24.0,0.89,4787,1846,0.7353536124378443,0.8879746683556586
COMPLETED,0.5799999999999998,11.0,0.25,1490,3587,0.368600873241201,0.0903007012940943
COMPLETED,0.5999999999999999,37.0,0.99,1568,863,0.6738803595900535,0.4679987894333899
COMPLETED,0.5799999999999998,16.0,0.7099999999999999,4559,3864,0.3072419365290552,0.5103542979378252
COMPLETED,0.5999999999999999,19.0,0.8499999999999999,3455,2239,0.7515924373716116,0.0213516089059412
COMPLETED,0.52,6.0,0.05,187,3033,0.1359407092723995,0.9379203055817634
COMPLETED,0.57,22.0,0.56,830,1394,0.4656055295672267,0.78427204865776
COMPLETED,0.56,10.0,0.4799999999999999,2874,3413,0.5827388777770101,0.2408455101028084
COMPLETED,0.63,63.0,0.98,3957,505,0.1072065466400235,0.726499362444505
COMPLETED,0.51,7.0,0.19,2261,4692,0.972352010179311,0.3107580732181668
COMPLETED,0.5999999999999999,13.0,0.97,2221,677,0.065894857885316,0.501044475948438
COMPLETED,0.56,14.0,0.66,3926,3971,0.9471199596151708,0.457756191201508
COMPLETED,0.56,15.0,0.8499999999999999,2838,2425,0.4871833749581128,0.9471997119244188
ABANDONED,,,,784,2926,0.6194205920174717,0.0316246153488755
ABANDONED,,,,233,1442,0.7926618159227073,0.2481456315256655
ABANDONED,,,,3491,3130,0.1609277653526514,0.7886065385658294
FAILED,nan,nan,nan,4605,887,0.0018252934962511,0.5634234977215529
FAILED,nan,nan,nan,2505,1,0.001,0.1897849254031945
FAILED,nan,nan,nan,2559,1,0.001,0.2029974911856762
FAILED,nan,nan,nan,2560,696,0.001,0.2154838356375683
FAILED,nan,nan,nan,2604,1,0.001,0.2394256148193329
FAILED,nan,nan,nan,2468,1,0.001,0.151642082727177
FAILED,nan,nan,nan,2486,1,0.001,0.1812109961293359
FAILED,nan,nan,nan,2489,1,0.001,0.2177069432051613
FAILED,nan,nan,nan,2528,1,0.001,0.2055135283343661
FAILED,nan,nan,nan,2577,1,0.001,0.1917224719189824
FAILED,nan,nan,nan,2521,1,0.001,0.1966250973476087
FAILED,nan,nan,nan,2519,1,0.001,0.1555029805887423
COMPLETED,0.56,7.0,0.2581024349286314,3074,4761,0.5068253700211645,0.0937299018781632
COMPLETED,0.59,42.0,0.9547439126784216,4411,1128,0.0718687970675528,0.7963369181435556
COMPLETED,0.61,24.0,0.653232577665827,1945,2431,0.3957593884468078,0.6069796686209739
COMPLETED,0.61,31.0,0.9427371956339212,3220,1278,0.7800067551825196,0.2333117029350251
COMPLETED,0.61,29.0,0.990176322418136,4228,2723,0.3294240833055228,0.8756775807421654
COMPLETED,0.55,12.0,0.1719563392107472,1024,4397,0.3012969360817223,0.1428666152562946
COMPLETED,0.55,10.0,0.5584382871536524,2217,3004,0.597357955198735,0.8272392040695995
COMPLETED,0.56,11.0,0.3989084802686817,4751,4298,0.9350138406977058,0.5175788477621972
COMPLETED,0.56,19.0,0.3188916876574307,1266,3325,0.4397154594808817,0.1192509438414126
COMPLETED,0.61,12.0,0.6672544080604534,2649,2952,0.820049160445109,0.7444348672181368
COMPLETED,0.64,53.0,0.9717044500419816,3714,742,0.578147581808269,0.5737883441001177
COMPLETED,0.54,13.0,0.6381192275398825,3800,4687,0.0317959501333534,0.2861883688122034
COMPLETED,0.64,13.0,0.3056255247691016,910,2608,0.121352910965681,0.5511394541487098
COMPLETED,0.59,13.0,0.5669185558354324,3376,3756,0.4130207884646952,0.8525120653603226
COMPLETED,0.61,29.0,0.9182199832073888,1606,1554,0.5514519664607942,0.3395057706460356
COMPLETED,0.51,6.0,0.1763224181360201,2100,4949,0.7928976301308721,0.4787239967212081
COMPLETED,0.57,16.0,0.9754827875734676,2919,2239,0.1867120247911662,0.960786443779245
COMPLETED,0.54,16.0,0.380352644836272,453,1082,0.3471724831480532,0.6296254300102592
COMPLETED,0.58,8.0,0.0549118387909319,327,4777,0.2422462052870541,0.7604817131329328
COMPLETED,0.56,11.0,0.9947103274559194,2112,1223,0.6795114079918713,0.0988849078584462
COMPLETED,0.55,17.0,0.4214105793450882,1673,2741,0.9059163001291454,0.2086802098918706
COMPLETED,0.57,16.0,0.6846347607052897,4217,3936,0.6225646724030376,0.3838915830552578
COMPLETED,0.57,20.0,0.5387069689336692,802,1374,0.4842010772973299,0.9310092653799802
COMPLETED,0.61,47.0,0.9721242653232578,3850,864,0.3861466666199267,0.167513816172257
COMPLETED,0.53,9.0,0.3046179680940386,3628,4496,0.9411093653216958,0.9424184194747358
COMPLETED,0.56,26.0,0.5852225020990764,1394,2071,0.0853723422586918,0.4912924438789487
COMPLETED,0.61,14.0,0.9068849706129304,2501,1659,0.7152212714944035,0.8630787086430937
COMPLETED,0.53,11.0,0.7860621326616288,2322,1759,0.9905480360649526,0.6886158816106618
COMPLETED,0.56,10.0,0.1301427371956339,1550,4548,0.733046046918258,0.6101308575160801
COMPLETED,0.59,24.0,0.9089000839630562,3471,2014,0.3724096568953245,0.0654420863520354
COMPLETED,0.57,10.0,0.10848026868178,646,3895,0.8335831621792168,0.0612577655669301
COMPLETED,0.58,15.0,0.9110831234256926,3189,2553,0.6364231681171805,0.3441577677838504
COMPLETED,0.72,94.0,0.9997481108312344,1830,262,0.2757858040202409,0.8303623009677976
COMPLETED,0.55,9.0,0.3777497900923593,4499,4892,0.4649143283255398,0.6854601234905422
COMPLETED,0.57,12.0,0.1625524769101595,484,2300,0.5760649948529899,0.138099088108167
COMPLETED,0.58,24.0,0.9844668345927792,3151,1181,0.3063129534125328,0.980782580735162
COMPLETED,0.62,12.0,0.2300587741393786,685,2378,0.2241565979160368,0.6720340134650469
COMPLETED,0.59,13.0,0.2460957178841309,977,3049,0.7671330036744476,0.8922954487297684
COMPLETED,0.59,29.0,0.7612090680100756,1511,1681,0.3417496151812375,0.2482164498660713
COMPLETED,0.48,8.0,0.3835432409739714,2284,4470,0.0691526019256562,0.0758632896039634
COMPLETED,0.57,11.0,0.1632241813602015,162,915,0.5100897847954183,0.7845691691134125
COMPLETED,0.52,7.0,0.0015113350125944,6,3438,0.1762709338851273,0.1609146562498062
COMPLETED,0.6,8.0,0.4265323257766583,2540,4575,0.3581122980862856,0.4940246489681303
COMPLETED,0.65,67.0,0.9949622166246852,4974,630,0.7825060311071574,0.6471266269721091
COMPLETED,0.59,28.0,0.8924433249370277,3666,1737,0.1161545707751065,0.321304106656462
COMPLETED,0.65,48.0,0.9788413098236776,1133,570,0.4177508611660451,0.0218809539955109
COMPLETED,0.55,7.0,0.0706129303106633,841,4855,0.5910819489751011,0.3045117437206209
COMPLETED,0.58,11.0,0.5551637279596977,3306,3699,0.8750126042123884,0.1049249009694904
COMPLETED,0.52,8.0,0.7220822837951302,2150,2506,0.2607878926731646,0.7272992714606226
COMPLETED,0.69,63.0,0.9896725440806046,2832,304,0.6486495916806161,0.2152675879802555
COMPLETED,0.55,9.0,0.4965575146935348,2957,3990,0.7613882553689182,0.33394203280285
COMPLETED,0.73,233.0,0.989840470193115,4606,124,0.3163068560510874,0.5572220722921193
COMPLETED,0.58,18.0,0.9099916036943744,3416,2473,0.5199768534507603,0.4735858176834881
COMPLETED,0.55,19.0,0.9154492023509656,4111,3527,0.0904530258346349,0.6362554331310093
COMPLETED,0.61,31.0,0.9211586901763223,3761,1585,0.91825711790286,0.9149777155872434
COMPLETED,0.54,24.0,0.9831234256926952,2609,821,0.2454953267276287,0.1175661434289068
COMPLETED,0.54,8.0,0.026112510495382,311,4632,0.9043918715212494,0.6693372932970524
COMPLETED,0.53,28.0,0.9754827875734676,4712,1931,0.0135736846644431,0.1563235684800893
COMPLETED,0.56,17.0,0.9926112510495382,2255,764,0.4545380151998252,0.4401391668021679
COMPLETED,0.59,19.0,0.3680100755667506,1461,2926,0.1969855842627585,0.363478561013937
COMPLETED,0.64,54.0,0.9778337531486146,3519,509,0.8382980679534375,0.8128992676306516
COMPLETED,0.53,15.0,0.6579345088161209,3918,4064,0.2706445047855377,0.0459799297023564
COMPLETED,0.58,21.0,0.4462636439966415,1063,1871,0.6312095345929265,0.5280498068630696
COMPLETED,0.58,8.0,0.1200671704450042,715,3642,0.3599588505513966,0.8106572281066329
COMPLETED,0.61,25.0,0.579009235936188,1724,2197,0.8118469860777259,0.0808416331354528
COMPLETED,0.59,23.0,0.9434928631402184,3114,1512,0.4276300814617425,0.7051043055728078
COMPLETED,0.55,12.0,0.0937027707808564,558,4524,0.5611432072035968,0.446044630812481
COMPLETED,0.58,28.0,0.900335852225021,4422,2039,0.4188316901512444,0.993405959904194
COMPLETED,0.61,51.0,0.9819479429051218,1878,891,0.1111753173023462,0.6632785706389696
COMPLETED,0.61,19.0,0.3662468513853904,727,1666,0.7874548391904682,0.3692650541532785
COMPLETED,0.58,36.0,0.9146095717884132,3930,1235,0.8139068059120327,0.6025663632992655
COMPLETED,0.57,28.0,0.4947103274559194,1473,2402,0.6556083977576346,0.8011231525316834
COMPLETED,0.62,25.0,0.9470193115029388,2739,1405,0.0223788034059107,0.4292751474622637
COMPLETED,0.56,19.0,0.835600335852225,4699,2773,0.588051081456244,0.7107799476031214
COMPLETED,0.57,10.0,0.4335852225020991,2582,3883,0.6680116817448288,0.5472744260858744
COMPLETED,0.59,15.0,0.9964735516372796,2400,1427,0.3113232136685401,0.0033166138119995
COMPLETED,0.59,25.0,0.8824517212426533,3703,2268,0.9251063109114768,0.6266761207412929
COMPLETED,0.58,16.0,0.6286314021830395,3773,3713,0.4957122210301459,0.4832574198674411
COMPLETED,0.63,39.0,0.9233417296389588,1247,974,0.6028911788724363,0.964109039027244
COMPLETED,0.54,10.0,0.1484466834592779,884,4149,0.4059410419911146,0.7477516793664545
COMPLETED,0.52,10.0,0.3417296389588581,2035,3374,0.6954383210446685,0.2820813391264528
COMPLETED,0.62,46.0,0.9519731318219984,2945,693,0.3387488937657326,0.7675549171380699
COMPLETED,0.56,15.0,0.3844668345927792,4579,4560,0.770193688267842,0.1234873394779861
COMPLETED,0.54,9.0,0.0942065491183879,374,3232,0.2695330593902618,0.937632183227688
COMPLETED,0.53,10.0,0.4767422334172964,2839,4390,0.2019954838883131,0.6527789172511548
COMPLETED,0.58,15.0,0.2822837951301427,1681,4330,0.5667506538294256,0.0315601721741259
COMPLETED,0.58,20.0,0.8482787573467674,4147,2977,0.8993515265062452,0.3153795794229954
COMPLETED,0.54,9.0,0.0488664987405541,194,3788,0.0915346838980913,0.348814801665023
COMPLETED,0.69,50.0,0.9924433249370276,2291,233,0.5188352322094143,0.5114958383161574
COMPLETED,0.6,17.0,0.2523929471032745,1503,3618,0.7603370650019496,0.6819625964481384
COMPLETED,0.55,18.0,0.3390428211586901,4038,4942,0.7091857676748187,0.9750959933847188
COMPLETED,0.66,79.0,0.9675902602854743,4303,494,0.2819822624158114,0.692480911532417
COMPLETED,0.56,16.0,0.527791771620487,3143,4128,0.8586360760722309,0.4165073051247746
COMPLETED,0.53,8.0,0.3402183039462636,2026,4656,0.4744039376080036,0.7902371914312244
COMPLETED,0.55,10.0,0.1236775818639798,491,3018,0.0250800658445805,0.698517335517332
COMPLETED,0.69,97.0,0.9762384550797648,4531,416,0.8847231331076473,0.2439875475354492
COMPLETED,0.59,14.0,0.5096557514693535,3035,4362,0.4425328932572156,0.8961585286445916
COMPLETED,0.56,13.0,0.1509655751469353,1798,4422,0.8267954826876521,0.2718342850636691
COMPLETED,0.58,446.0,0.9376994122586062,3182,2140,0.2166505193263292,0.7875205752439797
COMPLETED,0.56,14.0,0.1652392947103274,984,4023,0.7398423573747277,0.8360574523620308
COMPLETED,0.62,43.0,0.9062132661628884,3999,1292,0.3480707922279835,0.3539873930271714
COMPLETED,0.57,10.0,0.3912678421494542,2330,3540,0.4083144560288638,0.1321926760487258
COMPLETED,0.61,21.0,0.9245172124265324,2689,1152,0.5505840953346341,0.6759065385516733
COMPLETED,0.5,12.0,0.0586901763224181,233,2485,0.9818029306922108,0.9772829549722374
COMPLETED,0.6,30.0,0.8765743073047859,4943,2224,0.6928401468656957,0.5903708414901048
COMPLETED,0.54,12.0,0.6377833753148615,2532,3669,0.1359031823277473,0.3007626379001886
COMPLETED,0.61,21.0,0.921662468513854,2486,1018,0.7732601299360394,0.7509142959713936
COMPLETED,0.57,19.0,0.4654911838790932,1386,2632,0.5001710568759589,0.9210735144019128
COMPLETED,0.56,26.0,0.6706129303106633,1141,1500,0.0785849769245833,0.2184626910686493
COMPLETED,0.55,12.0,0.280352644836272,3339,4624,0.5982254080679268,0.1578431620374322
COMPLETED,0.55,33.0,0.8870696893366918,4539,1713,0.1642696152925491,0.734859841497615
COMPLETED,0.59,15.0,0.7319899244332494,2906,3080,0.7263004961274564,0.4062610764224082
COMPLETED,0.58,17.0,0.4113350125944584,1633,3140,0.0969541091453284,0.7770661233514548
COMPLETED,0.56,15.0,0.3870696893366918,922,2085,0.5446033162567765,0.1134572827070951
COMPLETED,0.59,28.0,0.7511335012594459,1278,1349,0.8943358660880476,0.5607273343000561
COMPLETED,0.53,10.0,0.1981528127623845,2360,4841,0.6372602666839957,0.6395797404441983
COMPLETED,0.58,13.0,0.8113350125944584,2622,2346,0.2805832198113203,0.186017241410911
COMPLETED,0.58,16.0,0.7031905961376994,4895,3479,0.8288476093821228,0.955133198015392
COMPLETED,0.55,10.0,0.0664987405541561,88,1208,0.1914212050922215,0.4689210525546223
COMPLETED,0.77,617.0,0.9978169605373636,3813,16,0.5712980467583985,0.8464961963817477
COMPLETED,0.59,9.0,0.0409739714525608,244,3692,0.6198075624350459,0.60131259435229
COMPLETED,0.6,46.0,0.9645675902602856,4739,1000,0.4774855536390096,0.0839131254889071
COMPLETED,0.53,10.0,0.2332493702770781,2778,4868,0.9125718643274158,0.8062459880448878
COMPLETED,0.62,28.0,0.9575986565911,3585,1483,0.6862573770396412,0.8852183168269694
COMPLETED,0.61,29.0,0.9475230898404702,4255,1960,0.7556066353879869,0.4438882744815201
COMPLETED,0.52,15.0,0.8141057934508816,3232,3406,0.3225748289525509,0.664979190459475
COMPLETED,0.54,16.0,0.3007556675062972,597,1744,0.3869530279468745,0.8176780068539083
COMPLETED,0.64,51.0,0.9814441645675902,3241,645,0.094901728708297,0.4040950537081808
COMPLETED,0.56,18.0,0.7126784214945424,4244,4591,0.5467156561538578,0.7365384219642729
COMPLETED,0.56,14.0,0.600671704450042,3577,3843,0.8963875308409334,0.187756753552705
COMPLETED,0.59,29.0,0.9706129303106632,1445,1475,0.0056188209950923,0.6379007993470878
COMPLETED,0.52,9.0,0.3684298908480268,2194,4876,0.2787059960979968,0.5585000564586371
COMPLETED,0.53,15.0,0.9859781696053737,4728,3681,0.1893923790287226,0.8448173779733479
COMPLETED,0.61,16.0,0.2115869017632241,252,1009,0.8306629701014608,0.3315676112305373
COMPLETED,0.56,53.0,0.9673383711167086,4884,1197,0.6176876028254629,0.225296359308064
COMPLETED,0.59,10.0,0.2164567590260285,1289,3952,0.684388477569446,0.2607999468389898
COMPLETED,0.61,33.0,0.9480268681780016,3733,1360,0.2965306005012244,0.8045061933472752
FAILED,nan,nan,nan,1198,7,0.2373691357094794,0.5991461738292128
COMPLETED,0.55,7.0,0.0781696053736356,931,4490,0.7537988869454711,0.819418154746294
COMPLETED,0.57,31.0,0.8968094038623006,4088,2074,0.1475675819199532,0.364880754487589
COMPLETED,0.59,16.0,0.8108312342569269,3397,3129,0.7123013917151838,0.5257948357630521
COMPLETED,0.56,18.0,0.737951301427372,4550,4238,0.3890741754062474,0.4416612829137593
COMPLETED,0.56,10.0,0.0863979848866498,343,2909,0.8826096313856542,0.6174444812033325
COMPLETED,0.59,11.0,0.4848026868178001,2887,4087,0.583024279601872,0.7858490549549461
COMPLETED,0.55,8.0,0.8024349286314022,2133,1855,0.4445845282673836,0.2735661087129265
COMPLETED,0.6,22.0,0.935600335852225,3331,1952,0.8249182292316108,0.8939389095529914
COMPLETED,0.61,27.0,0.944080604534005,786,746,0.6411896486934274,0.696846175858751
COMPLETED,0.57,10.0,0.1929471032745592,1149,3821,0.3501003042329103,0.979502213433385
COMPLETED,0.62,31.0,0.9692695214105792,3831,1491,0.738025779062882,0.462110360564664
COMPLETED,0.56,22.0,0.9848026868178,2524,1027,0.4100929673798382,0.5071124904174358
COMPLETED,0.54,7.0,0.0285474391267842,68,2213,0.1242731327861547,0.8377283740788698
COMPLETED,0.6,24.0,0.9075566750629724,4797,2493,0.3343010636549443,0.7334526819195598
COMPLETED,0.59,8.0,0.4502099076406381,2681,3548,0.7751297748330981,0.3758707686271518
COMPLETED,0.53,16.0,0.9716204869857262,2341,1141,0.1338201390076428,0.923231804009527
COMPLETED,0.54,14.0,0.6696893366918556,3988,4014,0.0767381781525909,0.5925297222342342
COMPLETED,0.6,24.0,0.6663308144416457,992,1303,0.9675611164085568,0.106325189050287
COMPLETED,0.6,44.0,0.9333333333333332,4353,797,0.9320940501466394,0.8712930291928351
COMPLETED,0.61,23.0,0.6075566750629723,1809,2129,0.6002853747569025,0.5323965312521904
COMPLETED,0.58,18.0,0.8851385390428211,4520,3010,0.6589383533988148,0.9498400371111928
COMPLETED,0.65,31.0,0.9762384550797648,499,427,0.298377145530656,0.4994447229783982
COMPLETED,0.54,8.0,0.0903442485306465,538,3341,0.6282893722578883,0.8608261113837361
COMPLETED,0.55,8.0,0.252225020990764,3004,4665,0.8412258295528591,0.546732426399365
COMPLETED,0.6,27.0,0.9926112510495382,3135,1799,0.5685288956370205,0.6545185483638197
COMPLETED,0.55,14.0,0.5857262804366079,3488,3626,0.4227610721606761,0.933262332946062
COMPLETED,0.57,43.0,0.9293870696893368,1493,1063,0.5338232317958027,0.3893121366668493
COMPLETED,0.56,10.0,0.1087321578505457,185,1537,0.364827859852463,0.5782048950958997
COMPLETED,0.53,11.0,0.6458438287153653,2564,2702,0.5170493744071573,0.1356023663394153
COMPLETED,0.72,74.0,0.9985726280436608,2458,110,0.3786220183502882,0.6802832240816206
COMPLETED,0.53,15.0,0.3367758186397985,1337,3580,0.1522789780534804,0.5092683671470731
COMPLETED,0.56,16.0,0.6500419815281276,3871,4738,0.3192267060875892,0.8316426664106548
COMPLETED,0.66,76.0,0.980688497061293,4158,454,0.6719410618953406,0.615307279182598
COMPLETED,0.62,25.0,0.8230058774139378,1692,1621,0.8565532353743911,0.7919163258560001
COMPLETED,0.54,7.0,0.3647355163727959,2172,4379,0.6146174135748297,0.9005533274896443
COMPLETED,0.61,32.0,0.9319899244332494,4590,1996,0.5590299415644259,0.8210876971445977
COMPLETED,0.55,10.0,0.9424853064651554,2046,702,0.968959921071306,0.520197395702824
COMPLETED,0.59,17.0,0.3987405541561712,1583,2837,0.7430451870635152,0.6615466280188411
COMPLETED,0.55,13.0,0.692863140218304,4126,4160,0.7854262826703489,0.9912469155751168
COMPLETED,0.56,17.0,0.4493702770780856,892,1782,0.179198784712702,0.4482640082444996
COMPLETED,0.58,12.0,0.2078925272879933,1238,3722,0.8120904599651694,0.2280134550966322
COMPLETED,0.63,37.0,0.9879093198992444,3783,963,0.2058639212101698,0.712512243418023
COMPLETED,0.56,9.0,0.310159529806885,3694,4908,0.6535186902098358,0.4270551714580506
COMPLETED,0.59,20.0,0.4460117548278757,1328,2277,0.2656646202094853,0.8818286136426031
COMPLETED,0.58,20.0,0.9424853064651554,2591,1438,0.8798893317487091,0.2547630432527512
COMPLETED,0.6,28.0,0.9604534005037784,4845,2571,0.4478530475366861,0.6047251696866006
COMPLETED,0.58,9.0,0.0980688497061293,292,2764,0.2212367776222527,0.966328342102468
COMPLETED,0.49,12.0,0.891183879093199,2232,1396,0.6698815590068697,0.1738179534301162
COMPLETED,0.57,24.0,0.8168765743073048,1081,1243,0.4938651824574918,0.8576903887018561
COMPLETED,0.59,8.0,0.1235936188077246,736,4260,0.5149667948875576,0.5750668078679592
COMPLETED,0.59,38.0,0.9391267842149454,3094,880,0.697520416315645,0.9071088548451662
COMPLETED,0.56,11.0,0.1951301427371956,581,2656,0.3144905156809837,0.1836404441390186
COMPLETED,0.61,34.0,0.9270361041141898,1897,1523,0.7632645589169115,0.9564135653171688
COMPLETED,0.61,27.0,0.9963056255247692,3248,2205,0.3794892797507345,0.3361008391901851
COMPLETED,0.55,15.0,0.7863979848866499,3530,2917,0.6117993700727821,0.1158336096722632
COMPLETED,0.64,52.0,0.9828715365239294,1453,520,0.469534482166171,0.5693887864202261
COMPLETED,0.56,10.0,0.1255247691015953,299,1920,0.6786261308696121,0.3999882154911756
COMPLETED,0.64,19.0,0.9916036943744752,2421,810,0.5638228476159275,0.3612594958804548
COMPLETED,0.6,15.0,0.326448362720403,1296,3041,0.8364293766822666,0.4384682004712522
COMPLETED,0.58,9.0,0.1445843828715365,861,3516,0.7187148901578039,0.8878387683015316
COMPLETED,0.58,36.0,0.919647355163728,4119,1169,0.3619797929357737,0.4367124989964068
COMPLETED,0.51,7.0,0.3449202350965575,2054,4001,0.4294152514636516,0.0825128374081105
COMPLETED,0.62,21.0,0.9403022670025188,2969,1311,0.5366408533230423,0.5947956089116633
COMPLETED,0.71,58.0,0.993198992443325,424,135,0.991341408189386,0.8084990574698895
COMPLETED,0.59,10.0,0.0596137699412258,355,3849,0.6058185835592449,0.6742611723355949
COMPLETED,0.56,12.0,0.2861460957178841,1704,3707,0.3084034082461148,0.3563618145994842
COMPLETED,0.63,18.0,0.3764903442485307,1121,2861,0.1278874260205775,0.7823417723011226
COMPLETED,0.66,56.0,0.9657430730478588,3898,581,0.7653166930470615,0.2693356597609818
COMPLETED,0.57,12.0,0.6139378673383711,3656,4213,0.343625888986513,0.6213098215647042
COMPLETED,0.53,8.0,0.2041141897565071,2431,4583,0.9578658306561412,0.250382706804201
COMPLETED,0.56,8.0,0.0256926952141057,17,638,0.4010640467703342,0.890616150720045
COMPLETED,0.52,7.0,0.0290512174643157,173,3156,0.7845270032342523,0.0235600884202867
COMPLETED,0.55,11.0,0.2550797649034425,1519,4245,0.114095524251461,0.9458471748474986
COMPLETED,0.54,16.0,0.85424013434089,4054,3059,0.4159038541950285,0.644960678614676
COMPLETED,0.55,8.0,0.1168765743073047,696,4823,0.4506095775216818,0.3794920253753662
COMPLETED,0.55,35.0,0.9561712846347608,1860,1190,0.8770728385858237,0.7294655730128288
COMPLETED,0.52,6.0,0.5047858942065491,2004,2779,0.6507317148353905,0.5877527657151222
COMPLETED,0.56,16.0,0.3432409739714525,511,1333,0.2087108597625047,0.3022842725515365
COMPLETED,0.77,283.0,0.9994962216624684,2977,38,0.2589192311447114,0.1032463651169091
COMPLETED,0.59,23.0,0.5066330814441645,3017,3735,0.6813879513405263,0.7239133753441274
COMPLETED,0.62,45.0,0.98639798488665,1964,955,0.2895716605819762,0.2108994683530181
COMPLETED,0.56,7.0,0.3885810243492863,2314,4167,0.7173119289502502,0.4896212842203676
COMPLETED,0.59,17.0,0.3397984886649874,213,612,0.1426189076788723,0.6505239442922175
COMPLETED,0.54,7.0,0.0141057934508816,56,3096,0.5397266928199679,0.2793621436879039
COMPLETED,0.71,87.0,0.9739714525608733,4927,346,0.4325429687071591,0.7957795712146908
COMPLETED,0.59,12.0,0.2354324097397145,1402,4505,0.374491514224559,0.690835065715015
COMPLETED,0.53,7.0,0.3561712846347607,2121,3473,0.8914080896172673,0.8281428789217025
COMPLETED,0.55,9.0,0.3916036943744752,4664,4766,0.5742181942220778,0.513141202673316
COMPLETED,0.58,13.0,0.106129303106633,316,2419,0.4670354441832751,0.0629895446021109
COMPLETED,0.53,8.0,0.7026028547439127,2092,2228,0.5050480818394572,0.7172969311848283
COMPLETED,0.57,13.0,0.27120067170445,1615,3767,0.7781295258924366,0.608719771899283
COMPLETED,0.55,19.0,0.7794290512174643,4081,2600,0.6879631219021975,0.798502702916041
COMPLETED,0.55,9.0,0.1,1191,4676,0.6600492188110948,0.0347514440286904
COMPLETED,0.58,16.0,0.5926952141057934,3725,3333,0.8679311391673982,0.3746851263046264
COMPLETED,0.61,55.0,0.9911838790931988,2638,479,0.5953055729027837,0.4513447803258896
COMPLETED,0.56,13.0,0.7064651553316541,4915,4111,0.0463118063826114,0.6571256323456764
COMPLETED,0.52,8.0,0.0434928631402183,259,4309,0.2563245666064322,0.7691983798202128
COMPLETED,0.56,11.0,0.3314021830394626,3947,4406,0.8895998457726091,0.3983333102278411
COMPLETED,0.58,13.0,0.1874055415617128,744,2734,0.9788826940003782,0.6318530201502144
COMPLETED,0.61,18.0,0.4677581863979849,619,1117,0.7369144916757941,0.5528187075443566
COMPLETED,0.52,13.0,0.7753148614609572,3078,3558,0.2408588311225175,0.9393673696629704
COMPLETED,0.54,37.0,0.9235936188077246,1944,1131,0.847023505024612,0.4845941654201597
COMPLETED,0.56,15.0,0.4468513853904282,1774,2720,0.6212077603582293,0.3141283590551466
COMPLETED,0.71,138.0,0.997313182199832,3207,97,0.4827860925961286,0.8622204109542072
COMPLETED,0.56,20.0,0.5675062972292192,751,1275,0.0515971263628453,0.5452086047288031
COMPLETED,0.58,11.0,0.1726280436607892,1028,3214,0.941519274810329,0.7615802111513913
COMPLETED,0.58,22.0,0.5923593618807724,1411,2160,0.385674894137308,0.0977863113172352
COMPLETED,0.62,22.0,0.9211586901763223,2801,1633,0.7504300640784204,0.7191334854494781
COMPLETED,0.58,8.0,0.4443324937027708,2646,4116,0.4312606337387115,0.3511001168433577
COMPLETED,0.53,31.0,0.9740554156171284,3728,1883,0.1581163526177406,0.4593137011472136
COMPLETED,0.55,14.0,0.7216624685138538,3363,2615,0.8351224602870643,0.2390750934183597
COMPLETED,0.51,7.0,0.3524769101595298,2099,3610,0.4664840811174363,0.6168252489734442
COMPLETED,0.73,123.0,0.984047019311503,1618,197,0.1937957149632275,0.6936048256326467
COMPLETED,0.6,25.0,0.9554995801847188,2923,1075,0.5775709941294044,0.0684893644154071
COMPLETED,0.57,13.0,0.7649034424853065,4555,4942,0.0011231673825532,0.7905123673379422
COMPLETED,0.54,11.0,0.1565071368597817,466,2242,0.8919594526831061,0.2748261403609067
COMPLETED,0.49,8.0,0.0534005037783375,318,3458,0.506444004246965,0.1478674619421363
COMPLETED,0.57,38.0,0.9686817800167926,4662,1227,0.3953180762249976,0.6601428591106087
COMPLETED,0.53,9.0,0.2394626364399664,2852,4782,0.96306358528696,0.4488151092026383
COMPLETED,0.61,30.0,0.9995801847187238,3355,1369,0.6904656369946897,0.3694143663141876
COMPLETED,0.6,22.0,0.9509655751469354,4201,2736,0.1382776921987533,0.5206228039357811
COMPLETED,0.59,19.0,0.8439966414777498,3865,2064,0.8686056519560515,0.8032825890928507
COMPLETED,0.6,65.0,0.9931150293870696,1400,868,0.6632826463207603,0.6041835306305439
COMPLETED,0.51,9.0,0.0267002518891687,53,1655,0.4848455992024392,0.426624115826562
COMPLETED,0.51,9.0,0.035264483627204,210,4173,0.8216189113780856,0.5500451349820942
COMPLETED,0.55,10.0,0.6740554156171285,2676,2819,0.6444984823577106,0.8572687317691743
COMPLETED,0.61,19.0,0.9487825356842988,2307,618,0.2566244252510369,0.3405999801363796
COMPLETED,0.56,17.0,0.392191435768262,1557,3384,0.0302585406880825,0.481523891588673
COMPLETED,0.56,17.0,0.6753988245172124,4022,4542,0.4412547594476491,0.1732631086073816
COMPLETED,0.54,13.0,0.5370277078085642,3198,3892,0.1207606247086078,0.7474750758092851
COMPLETED,0.6,37.0,0.871536523929471,1824,1425,0.9765023917350918,0.2027939801253378
COMPLETED,0.55,11.0,0.1654911838790932,1971,4887,0.7345437219515443,0.1242479239739477
COMPLETED,0.63,13.0,0.8329974811083123,3009,2303,0.3466686907708645,0.574635562626645
COMPLETED,0.59,17.0,0.6930310663308145,4505,3748,0.7934613819681108,0.2853410257380456
COMPLETED,0.57,13.0,0.1292191435768262,513,2792,0.7628356020059437,0.4025750056449323
COMPLETED,0.56,22.0,0.9528127623845508,4318,3514,0.3829587603397667,0.7802615656927228
COMPLETED,0.61,20.0,0.5312342569269521,703,1176,0.5213318656794727,0.29478793191351
COMPLETED,0.6,10.0,0.1608732157850545,958,4251,0.4717857159078121,0.0160718099176883
COMPLETED,0.59,18.0,0.7853904282115869,3503,3054,0.0620987753011286,0.3311346371937543
COMPLETED,0.67,74.0,0.999328295549958,1517,384,0.917845308598131,0.8434173454940319
COMPLETED,0.55,8.0,0.5712846347607052,2268,3150,0.6763691716548056,0.953335425466299
COMPLETED,0.52,6.0,0.0025188916876574,15,4579,0.5651049595139921,0.8059120330922306
COMPLETED,0.63,27.0,0.9094038623005878,4968,1985,0.4539761687554419,0.2612234998699277
COMPLETED,0.53,8.0,0.4297229219143577,2559,3431,0.9048937547877433,0.5976262781973928
COMPLETED,0.66,60.0,0.9994122586062132,3658,576,0.6318037299606949,0.7079079331513495
COMPLETED,0.64,24.0,0.5612090680100755,1114,1733,0.8377057631071657,0.8826324812285602
COMPLETED,0.61,48.0,0.9845507976490344,4163,992,0.8103095952216536,0.1496247751004994
COMPLETED,0.61,21.0,0.5732997481108313,1707,2325,0.7220622174050659,0.4431907519828528
COMPLETED,0.52,8.0,0.3638958858102435,2167,3865,0.994694431167096,0.3643373940717428
COMPLETED,0.6,21.0,0.9534844668345928,4622,2502,0.5371919635757804,0.0409868216998875
COMPLETED,0.68,32.0,0.970109151973132,358,310,0.4260622284859419,0.5271911169420928
COMPLETED,0.53,8.0,0.0717044500419815,427,3987,0.0327578166127204,0.8953351275287569
COMPLETED,0.56,13.0,0.3452560873215785,4112,4708,0.6664899550769479,0.2721660911049693
COMPLETED,0.57,14.0,0.29151973131822,868,2477,0.3059011459667236,0.785416095789522
COMPLETED,0.59,16.0,0.3080604534005037,1223,3037,0.7009824528601021,0.5066927853506058
COMPLETED,0.72,69.0,0.9659949622166248,3759,405,0.3403926845472306,0.0519117903746664
COMPLETED,0.57,23.0,0.7605373635600335,1294,1592,0.1272126604188233,0.3537712266724557
COMPLETED,0.54,15.0,0.1528127623845508,140,814,0.9585310637168586,0.6789839617889375
COMPLETED,0.65,50.0,0.9521410579345088,4722,768,0.747542809272185,0.7521026997193694
COMPLETED,0.52,9.0,0.8363560033585222,2257,1925,0.7809381799902767,0.5929590565059334
COMPLETED,0.58,13.0,0.2436607892527288,1451,4069,0.5546246444694698,0.7320526011083275
COMPLETED,0.62,21.0,0.8498740554156171,3532,1868,0.4162134684510529,0.2163584569916129
COMPLETED,0.53,10.0,0.0596977329974811,711,4998,0.8755449477396905,0.1600639875680208
COMPLETED,0.57,12.0,0.5449202350965575,3245,3636,0.5905477149263024,0.499024969579652
COMPLETED,0.53,8.0,0.1403022670025188,557,3165,0.2033805957473814,0.5831713350340724
COMPLETED,0.56,8.0,0.1466834592779177,1747,4275,0.8979949565026909,0.3859905898496508
COMPLETED,0.58,23.0,0.881360201511335,4281,3107,0.5681053072866052,0.210357821861282
COMPLETED,0.67,45.0,0.9854743912678422,738,330,0.4609349302183836,0.7223895611092448
COMPLETED,0.59,21.0,0.890512174643157,3943,2396,0.4250119192469865,0.4890663761943579
COMPLETED,0.77,226.0,0.99664147774979,2751,49,0.7231429720334709,0.5415261356085539
COMPLETED,0.68,45.0,0.9974811083123426,2387,247,0.9516828447822482,0.9050324571635574
COMPLETED,0.59,12.0,0.2218303946263644,1321,3717,0.7097803143784404,0.7952381068971008
COMPLETED,0.56,12.0,0.3178841309823678,3786,4914,0.7597444051019847,0.612229143049568
COMPLETED,0.58,12.0,0.22544080604534,895,2851,0.8570983227267861,0.3477243992425501
COMPLETED,0.57,11.0,0.5758186397984887,3429,4146,0.6752887163124979,0.0614677528720349
COMPLETED,0.6,30.0,0.801007556675063,1590,1796,0.283458149049431,0.512586350414902
COMPLETED,0.53,7.0,0.344080604534005,2049,4555,0.0571503371428698,0.6847585559822619
COMPLETED,0.54,7.0,0.0327455919395466,390,4393,0.9703564829472452,0.0916294674333185
COMPLETED,0.58,32.0,0.9324097397145256,4629,2172,0.11073434712179,0.6073159955553711
COMPLETED,0.58,16.0,0.4279596977329974,1699,2974,0.1777927200384438,0.8768621699865907
COMPLETED,0.68,71.0,0.9759865659109992,3284,468,0.7879281582944095,0.42233261994645
COMPLETED,0.57,16.0,0.6977329974811083,4155,4336,0.3526901708990335,0.717722331982106
COMPLETED,0.58,23.0,0.416624685138539,827,1607,0.7444512517377734,0.2324923468288034
COMPLETED,0.57,16.0,0.4466834592779177,1330,2452,0.8153233372345566,0.6565840007252991
COMPLETED,0.53,9.0,0.4124265323257766,2456,4050,0.5894361951742322,0.5173667264170945
COMPLETED,0.57,16.0,0.8746431570109152,4999,2708,0.8805548919793218,0.8236747215222567
COMPLETED,0.53,8.0,0.0448362720403022,178,2588,0.6695818044617772,0.7427589282765985
COMPLETED,0.55,12.0,0.4570948782535684,2722,3784,0.858914411213249,0.910186994696036
COMPLETED,0.57,11.0,0.9306465155331654,2300,1534,0.2215365321673452,0.3969293740168214
COMPLETED,0.74,155.0,0.990848026868178,4844,229,0.3128295531272888,0.1997759651783854
COMPLETED,0.64,27.0,0.7984886649874056,951,1068,0.926582199404016,0.5705876744762063
COMPLETED,0.57,10.0,0.1126784214945424,671,4123,0.0666560279410332,0.8532150605190545
COMPLETED,0.62,34.0,0.907136859781696,4311,1814,0.953521534016356,0.3367978709340095
COMPLETED,0.52,6.0,0.3388748950461797,2018,3356,0.7696314811930061,0.1766483884919434
COMPLETED,0.64,37.0,0.954911838790932,3001,704,0.132252657815814,0.6314217674732209
COMPLETED,0.56,8.0,0.3756507136859782,4474,4649,0.6960024149231613,0.4785116299986839
COMPLETED,0.54,14.0,0.2287993282955499,545,1911,0.3392511376626789,0.963010362552479
COMPLETED,0.51,9.0,0.0851385390428211,507,4357,0.7277474709805101,0.3345807836912572
COMPLETED,0.6,32.0,0.9784214945424012,4512,1580,0.3710076149236411,0.8475871341731399
COMPLETED,0.69,86.0,0.976574307304786,1979,412,0.162882603617385,0.5559739451669157
COMPLETED,0.53,13.0,0.7306465155331654,4351,4415,0.0983706293143332,0.957929821183905
COMPLETED,0.72,165.0,0.9940386230058774,3991,151,0.8947454130873084,0.7415657787062228
COMPLETED,0.56,28.0,0.8921074727120067,1525,1299,0.5708865794949234,0.9152490918617696
COMPLETED,0.54,7.0,0.1963895885810243,2339,4700,0.8284066503550858,0.7762153896074742
COMPLETED,0.55,7.0,0.0102434928631402,61,3664,0.9120677187554538,0.9869914288315922
COMPLETED,0.52,7.0,0.2120906801007556,2526,4967,0.6203097877427936,0.6699758136793971
COMPLETED,0.56,12.0,0.7685138539042821,2496,2218,0.4780496586710214,0.1535507181081921
COMPLETED,0.62,31.0,0.9867338371116708,3613,1497,0.8462159707192332,0.5303310770317912
COMPLETED,0.59,9.0,0.1323257766582703,788,4627,0.3210970425028354,0.594362467572093
COMPLETED,0.69,111.0,0.9937867338371116,1146,182,0.6856647301521153,0.8146382685694844
COMPLETED,0.62,27.0,0.929471032745592,4194,1937,0.712846702137962,0.0811127640325576
COMPLETED,0.54,13.0,0.8341729638958858,3323,3305,0.1470222714971751,0.8090462398249656
COMPLETED,0.66,49.0,0.9428211586901764,1660,760,0.7571462885495275,0.2660707068294287
COMPLETED,0.67,38.0,0.9822837951301427,2884,546,0.3885231395103037,0.8863131211716682
COMPLETED,0.51,11.0,0.1763224181360201,350,1841,0.0790993354022503,0.7043415796011686
COMPLETED,0.67,88.0,0.9766582703610412,4543,356,0.5844205886647105,0.3567909815683961
COMPLETED,0.53,16.0,0.4863140218303946,2896,4224,0.0255229432769119,0.5020889463201165
COMPLETED,0.57,24.0,0.2737195633921074,1630,4477,0.6436917771305889,0.1274474457148462
COMPLETED,0.58,14.0,0.6070528967254408,4086,3143,0.8263240708354861,0.4653671890869736
COMPLETED,0.56,11.0,0.2008396305625524,1196,3958,0.7906446490045637,0.6993760849237443
COMPLETED,0.6,30.0,0.9306465155331654,3826,1354,0.1805587026309222,0.2489808339942246
COMPLETED,0.58,16.0,0.784382871536524,3740,2800,0.7412588794026523,0.8911653407085687
COMPLETED,0.51,12.0,0.591183879093199,2347,3482,0.123607795625925,0.2687826403975487
COMPLETED,0.61,18.0,0.9072208228379512,2634,1202,0.9831880537047982,0.7808217019308359
COMPLETED,0.58,16.0,0.8167926112510495,4891,4836,0.4068693698383868,0.0780267711747437
COMPLETED,0.56,8.0,0.0298908480268681,89,2349,0.5491970818005503,0.6227154791355133
COMPLETED,0.54,9.0,0.0411418975650713,245,4872,0.1374095422346145,0.4941777607612312
COMPLETED,0.62,30.0,0.9296389588581024,4735,2318,0.7748302433583886,0.945303792124614
COMPLETED,0.58,10.0,0.4683459277917716,2789,3685,0.3346005951296538,0.164538148349151
COMPLETED,0.57,17.0,0.9874055415617128,2191,1005,0.6912719239648432,0.6453900054506958
COMPLETED,0.56,13.0,0.3622166246851385,1438,2534,0.9639622103832662,0.5354099416546524
COMPLETED,0.55,14.0,0.6565910999160369,3981,3838,0.5016469546630978,0.8680359590109438
COMPLETED,0.56,17.0,0.3242653232577666,1931,4197,0.2998948941100389,0.928015506548807
COMPLETED,0.61,21.0,0.9735516372795968,3052,1741,0.6565671970192343,0.3808978874273598
COMPLETED,0.6,19.0,0.7803526448362721,4387,2873,0.2340029236953705,0.7289126391597092
COMPLETED,0.61,34.0,0.9513014273719564,595,564,0.8714226804878563,0.2115208420585841
COMPLETED,0.63,18.0,0.9310663308144416,3225,1965,0.6415706612728536,0.5004175487197934
COMPLETED,0.61,37.0,0.9605373635600336,3971,1468,0.7885846841745079,0.0762944716420024
COMPLETED,0.61,20.0,0.92208228379513,3593,2523,0.3515453885644674,0.7830416742172093
COMPLETED,0.5,9.0,0.3697732997481108,2202,3676,0.9813790895286948,0.4083379499875009
COMPLETED,0.54,10.0,0.3984886649874055,4746,4883,0.5471152244713158,0.2468220238890499
COMPLETED,0.53,8.0,0.0795969773299748,237,2309,0.4087382971923798,0.7015952281318605
COMPLETED,0.55,6.0,0.006801007556675,81,4827,0.7766075612828135,0.3218590778857469
COMPLETED,0.57,18.0,0.9363560033585222,2358,1194,0.3327614104934037,0.5371418359428645
COMPLETED,0.6,16.0,0.4268681780016792,1271,2809,0.0752318201046437,0.6475481723695994
FAILED,nan,nan,nan,3748,1,0.9659910048451276,0.1623184883613139
COMPLETED,0.56,13.0,0.2329974811083123,925,3135,0.4897149802874774,0.213739910909906
COMPLETED,0.62,40.0,0.9880772460117548,4097,933,0.6008475632425397,0.726753873668611
COMPLETED,0.59,18.0,0.5511335012594458,1641,2080,0.9315299451146276,0.926283374318853
COMPLETED,0.54,6.0,0.3486146095717884,2076,4232,0.6584056659713388,0.7535048931930214
COMPLETED,0.57,19.0,0.903106633081444,2904,1707,0.2977825783789158,0.3040844245180488
COMPLETED,0.58,18.0,0.6387909319899244,4532,3075,0.8734750330410898,0.5875365993604064
COMPLETED,0.53,8.0,0.0572628043660789,341,4090,0.3689476203508675,0.4741273303329945
COMPLETED,0.62,30.0,0.8898404701931151,4681,1849,0.729533566724509,0.9596082863975316
COMPLETED,0.55,22.0,0.4153652392947103,1649,3316,0.5452686831597239,0.5576532394587994
COMPLETED,0.59,15.0,0.2866498740554156,1138,2619,0.8968284917268902,0.1160481178704649
COMPLETED,0.59,13.0,0.7697732997481108,2535,2210,0.8302534212432802,0.4012946383431554
COMPLETED,0.57,12.0,0.6995801847187237,4950,3655,0.2791774079501629,0.7393387388065458
COMPLETED,0.5,7.0,0.0569269521410579,226,3555,0.0545246351491659,0.8124719632994384
COMPLETED,0.56,38.0,0.946767422334173,4794,1137,0.9101912051495163,0.3620843246467412
COMPLETED,0.55,11.0,0.4520570948782536,2692,4692,0.4798662128169089,0.5285914050228894
COMPLETED,0.52,11.0,0.7815281276238455,2327,2500,0.6182802515719086,0.0475038071405142
COMPLETED,0.56,12.0,0.2579345088161209,1536,4007,0.8441036252453923,0.1557781855594366
COMPLETED,0.59,24.0,0.905373635600336,3447,1308,0.2379313223361969,0.6678096310980618
COMPLETED,0.55,17.0,0.7853904282115869,4002,2675,0.6838862504027784,0.4405703005082905
COMPLETED,0.67,59.0,0.8914357682619647,981,140,0.2959664936102926,0.9852513961922378
COMPLETED,0.56,12.0,0.5329974811083124,3174,3269,0.7553071336559951,0.8880525552388281
COMPLETED,0.61,42.0,0.9432409739714526,1805,793,0.1491358048208058,0.4344900004379451
COMPLETED,0.6,15.0,0.2508816120906801,498,1569,0.9366422052327544,0.5961027381531894
COMPLETED,0.58,26.0,0.953568429890848,4485,1902,0.9684866001084448,0.7155634029060602
COMPLETED,0.57,20.0,0.4644836272040302,1844,2936,0.7858072785194963,0.7978625169415027
COMPLETED,0.62,54.0,0.9730478589420656,3136,499,0.179639756752178,0.2539047604352236
COMPLETED,0.58,8.0,0.1583543240973971,943,3633,0.6521335783507675,0.37203481592983
COMPLETED,0.57,39.0,0.9134340890008396,4040,1059,0.2642176286261529,0.8258334126565605
COMPLETED,0.54,15.0,0.2926952141057934,3486,4926,0.813477492088452,0.0336251505110412
COMPLETED,0.73,196.0,0.992191435768262,4989,113,0.6713593659047037,0.1187036425154656
COMPLETED,0.58,17.0,0.9314021830394626,2444,1251,0.8610276749935001,0.2866213911809027
COMPLETED,0.54,7.0,0.1125944584382871,1341,4743,0.6034419322125614,0.3951975986994803
COMPLETED,0.58,31.0,0.9585222502099076,4145,1615,0.0647797243930399,0.4802440038882196
COMPLETED,0.66,62.0,0.9768261964735516,1688,457,0.4033186340034008,0.17880691232346
COMPLETED,0.59,31.0,0.9596137699412258,2837,829,0.7714697177801281,0.5525413827262818
COMPLETED,0.55,10.0,0.2688497061293031,1601,4154,0.0092684086114168,0.3052771019227803
COMPLETED,0.64,39.0,0.9811922753988244,886,599,0.5699739688150585,0.5849112040884793
COMPLETED,0.54,14.0,0.9345088161209067,3710,3728,0.1068668299652636,0.5397866271845997
COMPLETED,0.56,10.0,0.6040302267002519,2398,2574,0.7249899790044874,0.1679468868728727
COMPLETED,0.69,47.0,0.9821998320738876,2585,236,0.3643545407485217,0.6497657392136753
COMPLETED,0.59,7.0,0.0463476070528967,276,3925,0.5164548258446157,0.0668440000582486
COMPLETED,0.58,40.0,0.9784214945424012,4707,1390,0.378089319769293,0.610550484508276
COMPLETED,0.56,13.0,0.6602854743912678,3932,4805,0.1517148841749876,0.6872101385295392
COMPLETED,0.53,10.0,0.1838790931989924,730,3116,0.248794644581154,0.4541348963454366
COMPLETED,0.56,12.0,0.1579345088161209,1881,4519,0.914917829554528,0.5142653621509671
COMPLETED,0.57,19.0,0.9041981528127624,4415,3176,0.6130777418240905,0.8307953382078558
COMPLETED,0.54,14.0,0.7060453400503778,3107,2650,0.6062903690543026,0.6202187592256814
COMPLETED,0.58,14.0,0.7155331654072208,4261,4990,0.3079601869136095,0.4113504941333085
COMPLETED,0.54,11.0,0.2659949622166246,1056,2911,0.3421785423494875,0.6773047864679247
COMPLETED,0.67,59.0,0.9985726280436608,3925,523,0.6989222203455865,0.1326238655224442
COMPLETED,0.56,11.0,0.5912678421494543,3521,4078,0.1293328523933887,0.9757554675117136
COMPLETED,0.61,21.0,0.612510495382032,1459,1857,0.7667040765061974,0.4637237282637507
COMPLETED,0.57,14.0,0.8699412258606213,2773,1917,0.402420979263261,0.8365989873185754
COMPLETED,0.55,17.0,0.3879093198992443,308,779,0.0695758333634585,0.5044652732852847
COMPLETED,0.48,9.0,0.0253568429890848,151,3262,0.7493203353956341,0.3786452920269221
COMPLETED,0.53,7.0,0.2197313182199832,2617,4438,0.7830514753721655,0.2180373534746468
COMPLETED,0.59,12.0,0.218639798488665,1302,4339,0.414397867931053,0.5907923943232745
COMPLETED,0.61,29.0,0.8812762384550797,3678,1600,0.5566532307323069,0.1099484506435692
COMPLETED,0.67,61.0,0.9940386230058774,1212,394,0.9752331658694892,0.2992445491384715
COMPLETED,0.57,17.0,0.7591939546599497,4104,2468,0.877634685030207,0.5340096535738558
COMPLETED,0.55,12.0,0.5731318219983207,3413,3523,0.4501076942551881,0.3263314541038126
FAILED,nan,nan,nan,2811,1107,0.001,0.2306736302715157
FAILED,nan,nan,nan,2256,1,0.999,0.1839956684817419
FAILED,nan,nan,nan,2744,926,0.001,0.4789646289049639
FAILED,nan,nan,nan,2723,871,0.001,0.5428222568660304
FAILED,nan,nan,nan,2688,916,0.001,0.3923415979141004
FAILED,nan,nan,nan,2210,1,0.2649544416193689,0.001
FAILED,nan,nan,nan,4719,1,0.001,0.2434077292886989
FAILED,nan,nan,nan,2648,877,0.001,0.3296330961452529
FAILED,nan,nan,nan,2295,1,0.999,0.1789244106278947
FAILED,nan,nan,nan,2289,1,0.999,0.2069373348609773
FAILED,nan,nan,nan,5000,1,0.001,0.770525629085735
FAILED,nan,nan,nan,2729,708,0.001,0.9406134551288684
FAILED,nan,nan,nan,2699,1735,0.001,0.3422393955906914
FAILED,nan,nan,nan,5000,74,0.001,0.2799123330566264
FAILED,nan,nan,nan,2321,1,0.4127829818168291,0.001
FAILED,nan,nan,nan,2275,1,0.999,0.1942287858202064
FAILED,nan,nan,nan,2315,1,0.999,0.2054395670987426
FAILED,nan,nan,nan,2769,864,0.001,0.6999230998274405
FAILED,nan,nan,nan,2311,1,0.999,0.2083563462974516
FAILED,nan,nan,nan,2312,1,0.999,0.1879605352748344
FAILED,nan,nan,nan,2743,842,0.001,0.8047143949177458
FAILED,nan,nan,nan,5000,1,0.001,0.3969216143825189
FAILED,nan,nan,nan,694,1,0.001,0.2348863977026216
FAILED,nan,nan,nan,654,1,0.999,0.2502859743701329
FAILED,nan,nan,nan,966,1,0.999,0.267019174408997
FAILED,nan,nan,nan,996,1,0.999,0.256894704479393
FAILED,nan,nan,nan,705,1,0.999,0.2236821864654634
FAILED,nan,nan,nan,497,1,0.999,0.2296817184772354
FAILED,nan,nan,nan,815,1,0.001,0.204220357317082
FAILED,nan,nan,nan,1912,1,0.999,0.2111050464755071
FAILED,nan,nan,nan,687,1,0.999,0.2502532188717513
FAILED,nan,nan,nan,654,1,0.999,0.2549664973058996
FAILED,nan,nan,nan,608,1,0.001,0.1990190732498155
FAILED,nan,nan,nan,1019,1,0.999,0.26302806973174
FAILED,nan,nan,nan,801,1,0.001,0.2128634348812668
FAILED,nan,nan,nan,714,1,0.001,0.2018057500478622
FAILED,nan,nan,nan,529,1,0.999,0.2256086984139055
FAILED,nan,nan,nan,554,1,0.999,0.2548447357111185
FAILED,nan,nan,nan,530,1,0.999,0.281669931571942
FAILED,nan,nan,nan,1963,1,0.999,0.1964505543422028
FAILED,nan,nan,nan,697,1,0.999,0.2613107617185468
FAILED,nan,nan,nan,678,1,0.999,0.2311611701460265
FAILED,nan,nan,nan,931,1,0.001,0.2610827409877435
FAILED,nan,nan,nan,805,1,0.001,0.2188303015361611
FAILED,nan,nan,nan,662,1,0.999,0.2395057807933457
FAILED,nan,nan,nan,817,1,0.001,0.1834282997111286
FAILED,nan,nan,nan,684,1,0.999,0.2278168374774976
FAILED,nan,nan,nan,694,1,0.999,0.2582832548141334
FAILED,nan,nan,nan,816,1,0.001,0.2221566410580109
FAILED,nan,nan,nan,857,1,0.999,0.2631779726922794
FAILED,nan,nan,nan,2106,1,0.999,0.1973319242026419
FAILED,nan,nan,nan,830,1,0.001,0.2175778644814248
FAILED,nan,nan,nan,592,1,0.999,0.2585090117723158
FAILED,nan,nan,nan,955,1,0.001,0.2543107152254921
FAILED,nan,nan,nan,626,1,0.999,0.2278828015963105
FAILED,nan,nan,nan,1869,1,0.999,0.2058934388215995
FAILED,nan,nan,nan,534,1,0.001,0.2156308885179695
FAILED,nan,nan,nan,877,1,0.001,0.2181391327500111
FAILED,nan,nan,nan,1322,1,0.001,0.2956186413286685
FAILED,nan,nan,nan,726,1,0.001,0.1886425616951186
FAILED,nan,nan,nan,533,1,0.999,0.2543145795074658
FAILED,nan,nan,nan,659,1,0.001,0.1708750080012033
FAILED,nan,nan,nan,2637,732,0.001,0.338573437292447
FAILED,nan,nan,nan,5000,1,0.001,0.5904400828922213
FAILED,nan,nan,nan,2663,714,0.001,0.2715937914126327
FAILED,nan,nan,nan,2637,842,0.001,0.2763855625763666
FAILED,nan,nan,nan,2591,667,0.001,0.2620449956000352
FAILED,nan,nan,nan,5000,1,0.001,0.3724780702724583
FAILED,nan,nan,nan,5000,1,0.001,0.5664325273285087
FAILED,nan,nan,nan,2751,882,0.001,0.5175382336228365
FAILED,nan,nan,nan,2688,801,0.001,0.4033522845072798
FAILED,nan,nan,nan,1326,1,0.999,0.7439378007456369
FAILED,nan,nan,nan,1928,1804,0.001,0.5843636608043177
FAILED,nan,nan,nan,540,1,0.001,0.5679829574718607
FAILED,nan,nan,nan,3066,1744,0.001,0.5194220524368476
FAILED,nan,nan,nan,1009,1,0.999,0.8453331924862663
FAILED,nan,nan,nan,3014,1351,0.001,0.4685991454959665
FAILED,nan,nan,nan,1279,1,0.999,0.6487947780755056
COMPLETED,0.58,16.0,0.92367758186398,2607,1398,0.994193961609155,0.556608029237017
COMPLETED,0.59,18.0,0.3410579345088161,1354,3031,0.7603465176094324,0.8003078739661723
COMPLETED,0.69,131.0,0.9925272879932828,1966,276,0.6790384941324592,0.879991551892832
COMPLETED,0.58,18.0,0.3472712006717044,1034,2311,0.1563179303761571,0.416741582935676
COMPLETED,0.56,10.0,0.1192275398824517,710,3519,0.5470332395993173,0.0938877455517649
COMPLETED,0.54,11.0,0.3242653232577666,3862,4955,0.8712053718268872,0.4695428008325398
COMPLETED,0.68,94.0,0.9759865659109992,3519,329,0.227703443031758,0.8723499348089099
COMPLETED,0.53,7.0,0.381024349286314,2269,3994,0.0250478042904287,0.609371161583811
COMPLETED,0.57,15.0,0.1541561712846347,108,646,0.8867402879428119,0.2334873104467988
COMPLETED,0.52,13.0,0.8670025188916877,2466,1964,0.8281949435491115,0.0525482631567865
FAILED,nan,nan,nan,5000,1,0.001,0.3376604083574706
FAILED,nan,nan,nan,2526,1,0.001,0.1865986396789546
FAILED,nan,nan,nan,2539,1,0.001,0.1853115879739987
FAILED,nan,nan,nan,2540,1,0.001,0.2074911979654939
FAILED,nan,nan,nan,2587,1,0.001,0.2153732096188698
COMPLETED,0.54,9.0,0.1142737195633921,1361,4809,0.8144060430061072,0.3837899373173714
COMPLETED,0.59,28.0,0.9558354324097396,4020,2202,0.1676743348315358,0.754295405369252
COMPLETED,0.6,14.0,0.9465155331654072,2464,1304,0.6394257363695651,0.2920803017448634
COMPLETED,0.55,11.0,0.4910159529806885,2924,4538,0.0675405884496867,0.3388281218595803
COMPLETED,0.62,11.0,0.1954659949622166,582,2164,0.9189402653742582,0.9585904097333552
COMPLETED,0.65,48.0,0.9668345927791772,4594,731,0.7319760489296168,0.6070611348543317
COMPLETED,0.56,18.0,0.8210747271200671,4077,2850,0.7841707393843681,0.7024269981049002
COMPLETED,0.56,8.0,0.1256087321578505,748,4263,0.5938548904340715,0.8634201271589845
COMPLETED,0.55,8.0,0.2741393786733837,3265,4181,0.89380109109357,0.5433421376552433
COMPLETED,0.6,17.0,0.4027707808564231,1599,3080,0.7103377189338207,0.896820798587054
COMPLETED,0.55,10.0,0.9985726280436608,2077,804,0.7751112664975226,0.8014068859759719
COMPLETED,0.53,8.0,0.0681780016792611,406,4454,0.4220525690224022,0.0031734100617468
COMPLETED,0.59,18.0,0.9030226700251888,3060,1924,0.5873244780153036,0.6384643411263824
COMPLETED,0.55,11.0,0.8520570948782535,2537,2575,0.4542532454077154,0.8170319225266576
COMPLETED,0.71,45.0,0.992191435768262,190,104,0.5551390410549939,0.4467701402790844
COMPLETED,0.56,8.0,0.3909319899244332,2328,3915,0.1440906544979661,0.7476521211955697
COMPLETED,0.57,8.0,0.3226700251889168,3843,4893,0.678214176569134,0.2040570362359285
COMPLETED,0.6,16.0,0.5031066330814442,1498,2441,0.3433602363262325,0.5900920992456377
COMPLETED,0.55,10.0,0.1647355163727959,981,3474,0.9882996929436922,0.3548168300557882
COMPLETED,0.56,14.0,0.6240134340890008,3716,4727,0.2763727310113609,0.6425693027637899
COMPLETED,0.6,16.0,0.3563392107472712,1061,2276,0.7369179706443101,0.0306042430847883
COMPLETED,0.55,13.0,0.3581863979848866,1422,3626,0.0880667610839009,0.7895526599939913
COMPLETED,0.62,30.0,0.9242653232577666,3763,1233,0.9217971221935004,0.4114939730037004
COMPLETED,0.55,19.0,0.8298908480268682,4906,2728,0.6221884037870914,0.2576682161875069
COMPLETED,0.68,30.0,0.9919395465994962,2253,257,0.3954875790439546,0.885406311251223
COMPLETED,0.57,7.0,0.0453400503778337,270,3751,0.8104172545652837,0.1842677310686558
COMPLETED,0.56,16.0,0.9506297229219144,2612,1378,0.2106550975367427,0.5469121988210827
COMPLETED,0.61,25.0,0.9638119227539882,4499,2090,0.490047993697226,0.1998282891251147
COMPLETED,0.6,22.0,0.7027707808564232,1674,1738,0.9539358668047936,0.7205067624952645
COMPLETED,0.53,10.0,0.2125944584382871,844,2927,0.3708713105544448,0.4583084130883217
COMPLETED,0.67,57.0,0.9749790092359362,3190,378,0.6424041665475816,0.8363023836426436
COMPLETED,0.57,25.0,0.9087321578505456,4157,1655,0.5365506622493267,0.93161359093152
COMPLETED,0.55,11.0,0.3925272879932829,4675,4379,0.9756957980431616,0.7735657958462835
COMPLETED,0.54,7.0,0.0841309823677581,501,3351,0.6674217358678579,0.6597192038390786
COMPLETED,0.57,8.0,0.4616288832913518,2749,3990,0.6976122506745159,0.4732635246645659
COMPLETED,0.54,8.0,0.0558354324097397,95,1461,0.2849701879564673,0.8515658379737288
COMPLETED,0.56,9.0,0.6015113350125945,2388,2655,0.8831302237510681,0.0943232997693121
COMPLETED,0.79,535.0,0.997984886649874,4730,27,0.0950516942795366,0.7065319783315063
COMPLETED,0.58,19.0,0.8952141057934508,3579,2360,0.7566444907933474,0.3196813978850841
COMPLETED,0.54,10.0,0.5969773299748111,3555,3808,0.1904430563338101,0.8441879030950368
COMPLETED,0.57,16.0,0.4399664147774979,1310,2682,0.3769512239694595,0.7129201053064317
COMPLETED,0.55,12.0,0.9204030226700252,2355,1207,0.0752257237769663,0.6170650394111872
COMPLETED,0.53,5.0,0.0099916036943744,119,4706,0.7245637138094753,0.3278819568511099
COMPLETED,0.61,13.0,0.816624685138539,2784,2313,0.2660592410117388,0.9398435663748532
COMPLETED,0.56,11.0,0.7234256926952141,2872,2954,0.6319382785800844,0.507879406394437
COMPLETED,0.68,34.0,0.971872376154492,536,346,0.3586694591231644,0.129881033917889
COMPLETED,0.56,10.0,0.1672544080604534,1992,4309,0.941247227465734,0.9242201898396016
COMPLETED,0.61,22.0,0.7749790092359362,1846,2034,0.5089240115378052,0.7662485379707068
COMPLETED,0.6,21.0,0.6188916876574307,819,937,0.6858671228401363,0.9862259916253387
COMPLETED,0.57,14.0,0.7175482787573467,4465,4080,0.5477469904683531,0.7298796585649252
COMPLETED,0.53,9.0,0.8874055415617128,2129,1687,0.4623605414349586,0.1023246894143521
COMPLETED,0.55,9.0,0.0906801007556675,360,3038,0.8617155599221588,0.8280106651056558
COMPLETED,0.63,39.0,0.9931150293870696,3009,586,0.151818797795102,0.465549561208114
COMPLETED,0.55,9.0,0.0994122586062132,296,2387,0.2463173736203462,0.651881525548175
COMPLETED,0.62,39.0,0.9298908480268682,4882,968,0.4302370250951499,0.7811997885704041
COMPLETED,0.74,202.0,0.9984886649874056,1446,69,0.9019103501401842,0.2648938980940729
COMPLETED,0.7,68.0,0.9882451721242652,957,235,0.0479681811220943,0.824379728032276
COMPLETED,0.58,11.0,0.2570948782535684,1531,3885,0.6505306763704867,0.1215322484001517
COMPLETED,0.57,35.0,0.9897565071368598,3868,1258,0.3634905027151108,0.7412332699932158
COMPLETED,0.55,9.0,0.7560873215785054,2303,2233,0.8351657703313976,0.2132471354212612
COMPLETED,0.53,6.0,0.0377833753148614,225,3740,0.4977123016864061,0.9821819653809072
COMPLETED,0.59,19.0,0.9062972292191436,2561,1133,0.519720500966534,0.3465860822312533
COMPLETED,0.58,12.0,0.1805205709487825,430,1839,0.6142191139701754,0.5369387526661158
COMPLETED,0.69,78.0,0.985054575986566,4394,421,0.8030422168131918,0.9041835944224148
COMPLETED,0.58,18.0,0.8884130982367758,4287,3146,0.74509106499888,0.808815364766866
COMPLETED,0.54,9.0,0.0746431570109152,889,4584,0.9294670812990516,0.6321066428106278
COMPLETED,0.58,14.0,0.2955499580184719,1760,3385,0.7643413447514177,0.5977337135411799
COMPLETED,0.68,68.0,0.9619647355163728,1906,504,0.6897302780412138,0.6931452634651214
COMPLETED,0.61,18.0,0.9246011754827876,2957,1610,0.8756602546796203,0.8718033640384674
COMPLETED,0.54,9.0,0.6795969773299748,2698,3501,0.0106419077981263,0.6775221248716116
COMPLETED,0.55,9.0,0.0403022670025188,48,1050,0.9682704950980842,0.0575774843953549
COMPLETED,0.53,7.0,0.4099076406381192,2441,4856,0.322844280315563,0.7626174930799753
COMPLETED,0.62,21.0,0.9642317380352644,4776,2464,0.6594949781373143,0.3765792178567499
COMPLETED,0.56,25.0,0.8204869857262804,1396,1486,0.1332292478699237,0.9201761003918946
COMPLETED,0.71,130.0,0.9882451721242652,3469,151,0.4419600057583302,0.5197945863585919
COMPLETED,0.57,17.0,0.4676742233417296,1114,2105,0.155874693242833,0.6030799531135708
COMPLETED,0.58,22.0,0.9790931989924432,4796,2902,0.0172063133548945,0.8596044338997454
COMPLETED,0.66,34.0,0.9805205709487824,2459,353,0.9924063034430146,0.4969000085461885
COMPLETED,0.53,7.0,0.0115869017632241,69,4360,0.3318755282927304,0.6984891217611731
COMPLETED,0.63,15.0,0.9644836272040302,2717,1753,0.6821385162584483,0.0706910616606474
COMPLETED,0.56,9.0,0.4933669185558354,2938,3611,0.2996757813673466,0.3877731415629387
COMPLETED,0.55,18.0,0.4428211586901763,586,1219,0.7143230386301875,0.7504204646162689
COMPLETED,0.58,15.0,0.6639798488664987,4131,3776,0.5834514742568135,0.5251389205381274
COMPLETED,0.55,11.0,0.1846347607052896,733,2714,0.7714214704446495,0.9079776461366564
COMPLETED,0.54,14.0,0.7122586062132662,3221,2630,0.720496516129002,0.7436552352998406
COMPLETED,0.55,14.0,0.2691855583543241,1603,4005,0.9072784766349942,0.8131572197154164
COMPLETED,0.61,28.0,0.8763224181360202,4268,1475,0.0716572519876063,0.4507535824663937
COMPLETED,0.62,30.0,0.971536523929471,3114,980,0.7959600723329932,0.5861699270568788
COMPLETED,0.54,8.0,0.4267002518891687,2541,4131,0.163993640050292,0.8929615619890392
COMPLETED,0.52,8.0,0.5753148614609572,2284,2986,0.4735763818062842,0.5393611938562244
COMPLETED,0.64,54.0,0.9731318219983208,4933,593,0.5131562218163163,0.161118845583871
COMPLETED,0.57,9.0,0.1638958858102435,976,4404,0.6278853574041278,0.4351302077900618
COMPLETED,0.63,21.0,0.9134340890008396,3626,2031,0.3544610430188477,0.7975909547749906
COMPLETED,0.57,15.0,0.8292191435768262,3711,3178,0.1069627939146012,0.5664597644731403
COMPLETED,0.6,34.0,0.9201511335012594,1047,707,0.8792667971476913,0.196014261458069
COMPLETED,0.57,21.0,0.8591099916036944,3817,2179,0.693932031776756,0.3628552995752543
COMPLETED,0.55,13.0,0.7675062972292191,4862,4278,0.7606392686739564,0.4543255657553672
COMPLETED,0.52,7.0,0.25424013434089,3028,4834,0.5406668499037623,0.7933679963406175
COMPLETED,0.56,10.0,0.1276238455079764,380,2226,0.4377658661585301,0.4075737043488771
COMPLETED,0.54,7.0,0.360705289672544,2148,3688,0.853203854020685,0.6465065842531621
COMPLETED,0.58,17.0,0.7795969773299748,4339,2790,0.3269352721702308,0.1803911247234791
COMPLETED,0.73,131.0,0.9926952141057934,1689,164,0.6636805518344044,0.5508937374744565
COMPLETED,0.6,22.0,0.8894206549118387,3135,1328,0.9718932176046072,0.8892659047618509
COMPLETED,0.73,221.0,0.997313182199832,4201,80,0.8310718042049557,0.855381412262097
COMPLETED,0.64,36.0,0.9209068010075568,1973,1057,0.3671810386180877,0.3156828463971615
COMPLETED,0.52,7.0,0.0433249370277078,516,4907,0.9658417912069708,0.6146125301923603
COMPLETED,0.58,10.0,0.470528967254408,2802,3065,0.9336420665886254,0.3001184849906713
COMPLETED,0.57,31.0,0.9763224181360202,4726,1598,0.2726216129101813,0.5054287988506257
COMPLETED,0.56,14.0,0.6639798488664987,3954,4478,0.2145789613425731,0.6637154948804528
COMPLETED,0.62,41.0,0.9690176322418136,3535,789,0.6105209639314562,0.3913451211340725
COMPLETED,0.68,57.0,0.976994122586062,1218,406,0.5914261772483588,0.3084560965411365
COMPLETED,0.57,11.0,0.2125944584382871,1266,4256,0.2422616306040436,0.5117560127396137
COMPLETED,0.55,9.0,0.3987405541561712,4749,4609,0.7061561902463436,0.0344325435385108
COMPLETED,0.54,11.0,0.9206549118387908,2409,2138,0.3071264176722616,0.669966565553099
COMPLETED,0.59,7.0,0.0191435768261964,114,3131,0.890181937713176,0.3997284193579107
COMPLETED,0.56,10.0,0.4748950461796809,2828,3899,0.9846967196017504,0.7167812454383821
COMPLETED,0.55,16.0,0.503022670025189,1997,2740,0.6740164678432048,0.8481707504279912
COMPLETED,0.55,9.0,0.1155331654072208,688,4797,0.4584271599594504,0.2350872734747827
COMPLETED,0.59,16.0,0.847439126784215,3346,2248,0.5592264637835324,0.6208790670782328
COMPLETED,0.56,11.0,0.5323257766582704,3170,4881,0.0332673279568552,0.4149214485101402
COMPLETED,0.59,42.0,0.9251049538203192,4314,1035,0.6358112228531391,0.6557424277383834
COMPLETED,0.55,17.0,0.8010915197313182,4519,2510,0.8185126200448721,0.5600838942863047
COMPLETED,0.59,8.0,0.0579345088161209,345,3982,0.5049387513268739,0.8810350993108005
COMPLETED,0.56,9.0,0.4354324097397145,2593,3360,0.5975651755016297,0.1896109378132969
COMPLETED,0.52,7.0,0.1874055415617128,2232,4525,0.7882611363846809,0.3702180340662598
COMPLETED,0.61,26.0,0.9263643996641476,4887,1898,0.2021110315583646,0.9902245431132616
COMPLETED,0.62,23.0,0.7259445843828716,1441,1625,0.7283758119177073,0.4617339869197458
COMPLETED,0.57,13.0,0.6144416456759026,3659,4333,0.671162477478385,0.2724450406190007
COMPLETED,0.7,80.0,0.9814441645675902,3864,332,0.0067179845068603,0.5331250819116831
COMPLETED,0.55,8.0,0.0287153652392947,171,4685,0.1370408700946718,0.8048321605212987
COMPLETED,0.53,10.0,0.7298908480268682,2516,2058,0.8450466497130692,0.4268385468795895
COMPLETED,0.67,36.0,0.9722921914357684,426,285,0.7524354798346757,0.7374345895685256
COMPLETED,0.53,6.0,0.3521410579345088,2097,3822,0.4154597368631512,0.4424007723871618
COMPLETED,0.56,34.0,0.9727120067170444,4438,1352,0.5632171111442149,0.8204591024648398
COMPLETED,0.55,10.0,0.3554156171284635,4233,4720,0.8872063442468643,0.9781837708055972
COMPLETED,0.61,23.0,0.6633081444164568,1580,2328,0.0992825958784669,0.3504450808875263
COMPLETED,0.56,8.0,0.1473551637279597,1755,4960,0.6179602385181934,0.6737232065051794
COMPLETED,0.61,32.0,0.8842149454240135,1921,1434,0.9255332239400595,0.5159180989842862
COMPLETED,0.53,8.0,0.0142737195633921,34,1975,0.6464754092376679,0.2314544179961085
COMPLETED,0.51,19.0,0.8419815281276238,4000,3013,0.5234007793497294,0.4895826893262565
COMPLETED,0.62,51.0,0.9683459277917716,1342,562,0.4859834133759141,0.8678199218511582
COMPLETED,0.52,10.0,0.1910999160369437,1138,4095,0.83902925642021,0.0771403991486877
COMPLETED,0.57,11.0,0.5870696893366919,3496,4090,0.3172775152213871,0.4281505371965468
COMPLETED,0.59,20.0,0.5763224181360201,1144,1717,0.6687008279506117,0.8064534416422248
COMPLETED,0.57,18.0,0.9605373635600336,4842,3298,0.534418681005016,0.5344351984374225
COMPLETED,0.61,18.0,0.9468513853904282,2492,905,0.4481489903666079,0.1720350076258182
COMPLETED,0.52,10.0,0.6784214945424013,2892,2593,0.7509796100500971,0.2187849710751324
COMPLETED,0.78,131.0,0.9990764063811924,556,44,0.2272018581219017,0.5812498783227056
COMPLETED,0.58,31.0,0.8961376994122586,4583,1438,0.4179137722551823,0.9756620289050044
COMPLETED,0.57,14.0,0.1964735516372796,780,3569,0.287102169200778,0.735090883858502
COMPLETED,0.58,33.0,0.9261964735516371,3429,942,0.6988913910891861,0.1229465685375034
COMPLETED,0.51,13.0,0.8193954659949623,3253,3653,0.205477395074442,0.9148671200796962
COMPLETED,0.6,22.0,0.9089000839630562,4221,2342,0.6204218954816461,0.1557968788575381
COMPLETED,0.56,15.0,0.6937867338371116,4446,3816,0.926974761452526,0.0602021063566207
COMPLETED,0.59,8.0,0.9276238455079764,2110,1364,0.0940971259195357,0.6721028027944267
COMPLETED,0.55,9.0,0.1052896725440806,418,2675,0.7395371450409293,0.3829806481916457
COMPLETED,0.68,63.0,0.9842149454240134,3068,283,0.2781393025200814,0.7609752098824829
COMPLETED,0.52,8.0,0.3887489504617968,2315,3214,0.959113569267094,0.8701646536849439
COMPLETED,0.62,58.0,0.9540722082283796,4979,665,0.0619735500942915,0.4921053681224585
COMPLETED,0.7,75.0,0.9988245172124264,1505,314,0.5258461930714547,0.961614942053333
COMPLETED,0.57,16.0,0.8357682619647355,3742,3105,0.5928674861136823,0.7725134343598038
COMPLETED,0.66,51.0,0.982367758186398,1094,478,0.4286921892650425,0.4022510535400361
COMPLETED,0.56,12.0,0.2408060453400503,1434,4167,0.7773650757726281,0.6684128264263273
COMPLETED,0.55,27.0,0.9962216624685138,3771,1638,0.2398235837817192,0.0330568182952702
COMPLETED,0.55,16.0,0.7904282115869018,4894,4519,0.3056783981062472,0.1282423086930066
COMPLETED,0.54,11.0,0.8309823677581863,2245,1912,0.703698169330135,0.5142767731305212
COMPLETED,0.51,9.0,0.5032745591939547,2997,3969,0.0266204198189079,0.6234664548747242
COMPLETED,0.6,12.0,0.1677581863979849,333,1518,0.987142380559817,0.2373672665655612
COMPLETED,0.55,6.0,0.0697732997481108,831,4867,0.560682097485289,0.0798695946466177
COMPLETED,0.57,16.0,0.8957178841309824,3183,2494,0.4608927950114012,0.7151608863417059
COMPLETED,0.54,9.0,0.2819479429051217,3358,4794,0.9463745160214604,0.2587514970880001
COMPLETED,0.57,13.0,0.2917716204869857,695,2265,0.0357053673435002,0.8785134317670017
COMPLETED,0.58,13.0,0.3054575986565911,1819,3727,0.6343699214234948,0.1756050539202988
COMPLETED,0.55,38.0,0.9561712846347608,4170,1100,0.3443145518731326,0.5614606159105897
COMPLETED,0.55,11.0,0.9974811083123426,2004,201,0.8160507232807577,0.0178637073505669
COMPLETED,0.57,19.0,0.919983207388749,2821,1287,0.507396779678762,0.4162962963432073
COMPLETED,0.54,11.0,0.1347607052896725,107,747,0.6000070795826614,0.7314008591584862
COMPLETED,0.56,14.0,0.6560873215785055,3907,4241,0.7269201707802713,0.987636248163879
COMPLETED,0.57,21.0,0.6342569269521411,1259,1868,0.251749070527032,0.3679390373565256
COMPLETED,0.58,15.0,0.3098236775818639,1230,2867,0.9161992071792484,0.5770211758259683
COMPLETED,0.59,12.0,0.5814441645675903,3523,3401,0.8816905600298196,0.7231394187081606
COMPLETED,0.54,14.0,0.7495382031905962,4713,4213,0.2197644201479852,0.3614899694118649
COMPLETED,0.53,7.0,0.0382871536523929,152,3049,0.4100029566213488,0.1985474394336343
COMPLETED,0.63,38.0,0.9873215785054577,2810,520,0.5723205828052014,0.568805418331176
COMPLETED,0.54,7.0,0.2405541561712846,2865,4918,0.4401934937350452,0.8876578442789614
COMPLETED,0.56,12.0,0.1756507136859781,523,2447,0.5421452702451497,0.2523631024286151
COMPLETED,0.55,18.0,0.4939546599496222,1961,3446,0.1271989425197243,0.5531841851305217
COMPLETED,0.59,39.0,0.9775818639798488,4614,1072,0.8517139548491687,0.182983315968886
COMPLETED,0.59,21.0,0.9958018471872376,4213,2548,0.6612615459281951,0.0251962827257812
COMPLETED,0.53,9.0,0.109151973131822,650,3942,0.9743008636515588,0.409862218728289
COMPLETED,0.75,219.0,0.9963895885810244,1873,96,0.3254634509943425,0.6451983861327172
COMPLETED,0.56,24.0,0.9130142737195632,3304,1549,0.0158195507749915,0.7959581948239356
COMPLETED,0.57,18.0,0.5293031066330814,788,1309,0.4955802609566599,0.6161643657851964
COMPLETED,0.57,13.0,0.6846347607052897,4477,3676,0.3647696542833,0.8567458055298776
COMPLETED,0.56,13.0,0.929471032745592,2136,1146,0.6526626687683165,0.4708934557531029
COMPLETED,0.57,8.0,0.0649874055415617,387,4835,0.0544859658982604,0.7079349367506802
COMPLETED,0.59,15.0,0.8116708648194795,3040,2208,0.9673173506706954,0.0881764522269368
COMPLETED,0.64,22.0,0.6045340050377834,288,447,0.9351319731958212,0.7787493362464011
COMPLETED,0.61,24.0,0.8815281276238455,4849,1826,0.7472231057286263,0.6611262035500258
COMPLETED,0.57,8.0,0.3210747271200672,3824,4570,0.7965244320370257,0.507035833209753
COMPLETED,0.53,16.0,0.4047019311502938,964,2013,0.8644565586317331,0.6958998453021049
COMPLETED,0.59,15.0,0.3926952141057934,1559,3324,0.4685127343013883,0.4985089613106102
COMPLETED,0.63,42.0,0.9944584382871536,3899,873,0.5528028091322631,0.8609135540444404
COMPLETED,0.59,20.0,0.9127623845507976,4925,2972,0.9948413090724498,0.9524399819113314
COMPLETED,0.62,17.0,0.9581024349286316,2272,599,0.0186925839148461,0.3402351066991687
COMPLETED,0.53,8.0,0.035600335852225,212,4132,0.6797149931769818,0.6046870320867747
COMPLETED,0.58,11.0,0.524097397145256,3121,3523,0.7119156323838979,0.2934832452926785
COMPLETED,0.58,12.0,0.289840470193115,863,2625,0.2479620576128363,0.7517847835272551
COMPLETED,0.62,21.0,0.9638119227539882,3385,2697,0.2594196319226176,0.5884603300988674
COMPLETED,0.68,54.0,0.989504617968094,726,246,0.7190207168646157,0.210462556194514
COMPLETED,0.81,594.0,0.9990764063811924,3209,17,0.76994281402044,0.3893230884931981
COMPLETED,0.55,11.0,0.381024349286314,4538,4761,0.6081291354335845,0.4530421117171645
COMPLETED,0.53,7.0,0.2291351805205709,2729,4371,0.823715633559972,0.8001260214131325
COMPLETED,0.55,8.0,0.6163727959697733,2447,2899,0.5155636206269264,0.6331632909663022
COMPLETED,0.63,44.0,0.969857262804366,1383,643,0.9389933587051928,0.5417068031001836
COMPLETED,0.56,30.0,0.9900923593618808,3442,2095,0.6263952109962702,0.891408804371953
COMPLETED,0.6,18.0,0.8627204030226701,3462,2536,0.0504260254409164,0.3443032598644495
COMPLETED,0.7,68.0,0.9526448362720404,1120,143,0.9631007255762816,0.979597406860441
COMPLETED,0.57,12.0,0.235600335852225,1403,3954,0.361028912672773,0.2148627988863736
COMPLETED,0.55,11.0,0.4004198152812762,4769,4852,0.8327165402472019,0.7389523809030653
COMPLETED,0.55,9.0,0.8154492023509656,2428,2479,0.1851954622026533,0.1189496826417744
COMPLETED,0.5,6.0,0.0094038623005877,56,3512,0.5221583674736321,0.8259972058031708
COMPLETED,0.55,23.0,0.9159529806884972,4119,3394,0.2664694163259118,0.9016580417361112
COMPLETED,0.56,44.0,0.9761544920235096,1772,845,0.7436457111239433,0.2663067924398929
COMPLETED,0.53,12.0,0.1187237615449202,707,4495,0.082610462302342,0.5383116858117283
COMPLETED,0.54,17.0,0.3702770780856423,882,2126,0.5763994396310299,0.4882896748632193
COMPLETED,0.57,14.0,0.4120906801007556,1636,3164,0.2233369369469583,0.6915286631044001
COMPLETED,0.64,50.0,0.9568429890848028,4294,771,0.7628931411523372,0.0718266934622079
COMPLETED,0.6,17.0,0.853568429890848,4382,2891,0.6872924189697951,0.2298159753270447
COMPLETED,0.62,11.0,1.0,2036,420,0.2911560161188244,0.6003172756806016
COMPLETED,0.52,19.0,0.9502938706968934,3102,1853,0.1047089772038161,0.9656131366286428
COMPLETED,0.51,8.0,0.4320738874895046,2573,3742,0.9707359609883278,0.5223191426638514
COMPLETED,0.58,23.0,0.8130142737195634,4945,2240,0.3213922083042562,0.2832644347287714
COMPLETED,0.55,13.0,0.6509655751469353,3881,3871,0.1307876393571496,0.3791057074386627
COMPLETED,0.61,28.0,0.6858102434928631,1021,1424,0.1890055563952773,0.3263224810976535
COMPLETED,0.58,14.0,0.3672544080604534,1458,2618,0.6039390408433973,0.6195896105878055
COMPLETED,0.53,10.0,0.0517212426532325,308,4929,0.2636011606100946,0.4840666680969298
COMPLETED,0.54,12.0,0.8276238455079765,2654,2400,0.7231157537288964,0.8465287200435996
COMPLETED,0.55,11.0,0.7609571788413099,3021,3038,0.3562276070918888,0.6645519242361188
COMPLETED,0.6,22.0,0.7208228379513014,1717,1967,0.4709571442063898,0.9229052884541452
COMPLETED,0.58,10.0,0.1353484466834592,806,3312,0.8201040943153203,0.1321648377943784
COMPLETED,0.63,32.0,0.9402183039462636,3148,920,0.1588159450236708,0.5104629834052176
COMPLETED,0.58,13.0,0.5477749790092359,3285,3238,0.6834176641087979,0.4669206056911498
COMPLETED,0.59,29.0,0.9121746431570108,1979,1776,0.5491949579846114,0.1951526214312762
COMPLETED,0.56,8.0,0.1370277078085642,544,2965,0.149356960516423,0.9837005132958292
COMPLETED,0.68,52.0,0.9921074727120068,2884,338,0.8602561135757715,0.3717398592568934
COMPLETED,0.52,10.0,0.0439966414777497,131,2317,0.765756645468995,0.557584009565413
COMPLETED,0.54,7.0,0.3942905121746431,2348,3667,0.4326788696907461,0.2626110905986279
COMPLETED,0.58,33.0,0.9346767422334172,3543,1340,0.3018078258149326,0.0218009888399392
COMPLETED,0.56,9.0,0.3010915197313182,3586,4975,0.735431876681745,0.5492616560291499
COMPLETED,0.77,107.0,0.9980688497061292,2401,32,0.624599855042994,0.7920838489253074
COMPLETED,0.59,18.0,0.9511335012594458,2736,1450,0.8080020538680256,0.641202095091343
COMPLETED,0.56,9.0,0.3484466834592779,4150,4117,0.9554038790538908,0.2024242837205529
COMPLETED,0.57,11.0,0.1700251889168765,675,2996,0.6409324048571289,0.3654885208997875
COMPLETED,0.6,36.0,0.9912678421494544,3339,623,0.3684522451627999,0.9929819821100682
COMPLETED,0.58,14.0,0.7582703610411419,3201,2914,0.8477877041902393,0.0452229143325239
COMPLETED,0.54,8.0,0.0790931989924433,314,3265,0.3136813232190907,0.5030542945563793
