Status,ACCURACY,RUNTIME,recent_samples_size,delta
COMPLETED,0.91,0.0,462,0.2889140583872795
COMPLETED,0.91,0.0,4980,0.7550582874901592
COMPLETED,0.91,0.0,3128,0.1535957541596144
COMPLETED,0.91,0.0,1432,0.6854649827070534
COMPLETED,0.91,0.0,2227,0.087997169630602
COMPLETED,0.91,0.0,3036,0.6204658886790275
COMPLETED,0.91,0.0,3863,0.4714753980506211
COMPLETED,0.91,0.0,876,0.9370008438527584
COMPLETED,0.91,0.0,1213,0.2137262013759463
COMPLETED,0.91,0.0,4209,0.7423024054430424
COMPLETED,0.91,0.0,2689,0.3457554192449897
COMPLETED,0.91,0.0,1890,0.8151848086677491
COMPLETED,0.91,0.0,1788,0.4107543794307857
COMPLETED,0.91,0.0,3494,0.8807834972962736
COMPLETED,0.91,0.0,4614,0.0317835111711174
COMPLETED,0.91,0.0,105,0.559741181962192
COMPLETED,0.91,0.0,165,0.0323303180243819
COMPLETED,0.91,0.0,4397,0.502909739371389
COMPLETED,0.91,0.0,3747,0.4024078459944576
COMPLETED,0.91,0.0,1693,0.9298190278075636
COMPLETED,0.91,0.0,2148,0.3421620063278824
COMPLETED,0.91,0.0,2589,0.8711625162884593
COMPLETED,0.91,0.0,4265,0.2251174373421818
COMPLETED,0.91,0.0,1001,0.69411870636791
COMPLETED,0.91,0.0,664,0.4659309037458151
COMPLETED,0.91,0.0,3918,0.9988281001038848
COMPLETED,0.91,0.0,2935,0.1013357022237032
COMPLETED,0.91,0.0,2484,0.5664364852197468
COMPLETED,0.91,0.0,1336,0.1599920799005776
COMPLETED,0.91,0.0,3381,0.6266824289858342
ABANDONED,,,1,0.999
ABANDONED,,,5000,0.999
ABANDONED,,,5000,0.001
ABANDONED,,,1,0.001
ABANDONED,,,3730,0.001
ABANDONED,,,5000,0.3538598424196361
ABANDONED,,,1232,0.001
ABANDONED,,,2665,0.999
ABANDONED,,,2279,0.001
ABANDONED,,,1,0.8090186492712129
ABANDONED,,,869,0.999
ABANDONED,,,1849,0.999
ABANDONED,,,1,0.2194850877727096
ABANDONED,,,3144,0.001
ABANDONED,,,4424,0.001
ABANDONED,,,3271,0.999
ABANDONED,,,4490,0.999
ABANDONED,,,5000,0.5589644876596834
ABANDONED,,,665,0.001
ABANDONED,,,5000,0.1619870712619217
ABANDONED,,,1,0.6625109547003993
ABANDONED,,,4965,0.862819714406619
ABANDONED,,,1,0.9149914507994356
ABANDONED,,,26,0.4066853525638439
ABANDONED,,,1801,0.001
COMPLETED,0.91,0.0,208,0.2208908121883869
COMPLETED,0.91,0.0,4712,0.549518705608323
COMPLETED,0.91,0.0,2751,0.2666556847430765
COMPLETED,0.91,0.0,2329,0.9402874476239084
COMPLETED,0.91,0.0,1579,0.482078993871808
COMPLETED,0.91,0.0,3345,0.8107068640552461
COMPLETED,0.91,0.0,4193,0.028843874791637
COMPLETED,0.91,0.0,885,0.7024756079297512
COMPLETED,0.91,0.0,1090,0.3130790108777582
COMPLETED,0.91,0.0,3988,0.893148511700332
COMPLETED,0.91,0.0,3471,0.1737214132156223
COMPLETED,0.91,0.0,1453,0.5959115752000361
COMPLETED,0.91,0.0,2143,0.0752824291978031
COMPLETED,0.91,0.0,2936,0.6553519002776593
COMPLETED,0.91,0.0,4605,0.4349248296767473
COMPLETED,0.91,0.0,316,0.8571149619184433
COMPLETED,0.91,0.0,605,0.3892143333163112
COMPLETED,0.91,0.0,4475,0.840159992756322
COMPLETED,0.91,0.0,2979,0.1251143442131578
COMPLETED,0.91,0.0,1942,0.6676654291078448
COMPLETED,0.91,0.0,1338,0.1280271247774362
COMPLETED,0.91,0.0,3739,0.5789727544747292
COMPLETED,0.91,0.0,3808,0.3629271375332027
COMPLETED,0.91,0.0,1115,0.905478192685172
COMPLETED,0.91,0.0,695,0.0477775079943239
COMPLETED,0.91,0.0,4228,0.7462663308307528
COMPLETED,0.91,0.0,3240,0.4677847784962504
COMPLETED,0.91,0.0,1837,0.7627926999945193
COMPLETED,0.91,0.0,2381,0.2855750730428844
COMPLETED,0.91,0.0,2540,0.9840638661365956
COMPLETED,0.91,0.0,4992,0.2065823416858911
COMPLETED,0.91,0.0,88,0.5015902334414422
COMPLETED,0.91,0.0,8,0.2513187826294451
COMPLETED,0.91,0.0,4917,0.9556547560896724
COMPLETED,0.91,0.0,2621,0.2367111756727099
COMPLETED,0.91,0.0,2458,0.5336678102947771
COMPLETED,0.91,0.0,1761,0.013506941076368
COMPLETED,0.91,0.0,3161,0.717842944279313
COMPLETED,0.91,0.0,4304,0.4978993359785526
COMPLETED,0.91,0.0,776,0.7948560003433376
COMPLETED,0.91,0.0,1196,0.1583845018073916
COMPLETED,0.91,0.0,3884,0.6112788743712007
COMPLETED,0.91,0.0,3658,0.3288993901629
COMPLETED,0.91,0.0,1263,0.8772976256813853
COMPLETED,0.91,0.0,2018,0.4195878903847187
COMPLETED,0.91,0.0,3061,0.8724822926912456
COMPLETED,0.91,0.0,4400,0.0911027768813073
COMPLETED,0.91,0.0,525,0.6395010421425104
COMPLETED,0.91,0.0,392,0.1092940039653331
COMPLETED,0.91,0.0,4686,0.6835162946786731
COMPLETED,0.91,0.0,2861,0.4045512651726603
COMPLETED,0.91,0.0,2063,0.8247926545478403
COMPLETED,0.91,0.0,1533,0.3471067656837403
COMPLETED,0.91,0.0,3548,0.921329086139798
COMPLETED,0.91,0.0,3908,0.1433640287499874
COMPLETED,0.91,0.0,1015,0.5636054478678852
COMPLETED,0.91,0.0,810,0.4519644289538264
COMPLETED,0.91,0.0,4113,0.7786435562707483
COMPLETED,0.91,0.0,3421,0.0631144491452723
COMPLETED,0.91,0.0,1661,0.7308990019168705
COMPLETED,0.91,0.0,2248,0.1907619642596691
COMPLETED,0.91,0.0,2676,0.5174411213193087
COMPLETED,0.91,0.0,4794,0.3009119825921952
COMPLETED,0.91,0.0,284,0.9686965651065113
COMPLETED,0.91,0.0,252,0.4889672911185771
COMPLETED,0.91,0.0,4825,0.7884827475156634
COMPLETED,0.91,0.0,2707,0.0064936472699046
COMPLETED,0.91,0.0,2216,0.7094900124408304
COMPLETED,0.91,0.0,1692,0.2433585745655
COMPLETED,0.91,0.0,3388,0.5428740607053041
COMPLETED,0.91,0.0,4080,0.2598849325757473
COMPLETED,0.91,0.0,841,0.9628813274893908
COMPLETED,0.91,0.0,968,0.0838610590025782
COMPLETED,0.91,0.0,3954,0.6309196862317622
COMPLETED,0.91,0.0,3594,0.41036650836654
COMPLETED,0.91,0.0,1486,0.8658197027053683
COMPLETED,0.91,0.0,2109,0.3372675725799054
COMPLETED,0.91,0.0,2814,0.884326229551807
COMPLETED,0.91,0.0,4639,0.1647730200849473
COMPLETED,0.91,0.0,438,0.6202262441664934
COMPLETED,0.91,0.0,483,0.1524474454540759
COMPLETED,0.91,0.0,4441,0.5703736579623073
COMPLETED,0.91,0.0,3102,0.3542104959413409
COMPLETED,0.91,0.0,1976,0.9300160547234116
COMPLETED,0.91,0.0,1304,0.3980570821724832
COMPLETED,0.91,0.0,3616,0.8159833244234324
COMPLETED,0.91,0.0,3842,0.100820134518668
COMPLETED,0.91,0.0,1237,0.6766257230434566
COMPLETED,0.91,0.0,739,0.3078177453204989
COMPLETED,0.91,0.0,4340,0.9771855661608277
COMPLETED,0.91,0.0,3197,0.1995865003485232
COMPLETED,0.91,0.0,1724,0.5239504507984964
COMPLETED,0.91,0.0,2494,0.0544121556263417
COMPLETED,0.91,0.0,2584,0.7237800062093884
COMPLETED,0.91,0.0,4880,0.4451809087954461
COMPLETED,0.91,0.0,44,0.7695448889881372
COMPLETED,0.91,0.0,120,0.0223482604231685
COMPLETED,0.91,0.0,4961,0.6936658056396992
COMPLETED,0.91,0.0,2509,0.473603700492531
COMPLETED,0.91,0.0,2414,0.803815812818706
COMPLETED,0.91,0.0,1805,0.2757395736128092
COMPLETED,0.91,0.0,3273,0.947057089086622
COMPLETED,0.91,0.0,4260,0.2279950155410915
COMPLETED,0.91,0.0,664,0.5582070981245488
COMPLETED,0.91,0.0,1162,0.4262211122252047
COMPLETED,0.91,0.0,3762,0.8499954866096378
COMPLETED,0.91,0.0,3693,0.0684974776711314
COMPLETED,0.91,0.0,1386,0.6462527608294039
COMPLETED,0.91,0.0,1896,0.1806276555452495
COMPLETED,0.91,0.0,3026,0.6044020001869648
COMPLETED,0.91,0.0,4522,0.3219040191322565
COMPLETED,0.91,0.0,560,0.8996592725478113
COMPLETED,0.91,0.0,358,0.3695740568246692
COMPLETED,0.91,0.0,4564,0.914683019163087
COMPLETED,0.91,0.0,2896,0.1365928025580942
COMPLETED,0.91,0.0,2185,0.5861978945061564
COMPLETED,0.91,0.0,1412,0.1161837232857942
COMPLETED,0.91,0.0,3514,0.6612926558814943
COMPLETED,0.91,0.0,4030,0.3822024708781391
COMPLETED,0.91,0.0,1049,0.8318075330834835
COMPLETED,0.91,0.0,922,0.2149500519372522
COMPLETED,0.91,0.0,4157,0.5086174059435725
COMPLETED,0.91,0.0,3308,0.2919631117191165
COMPLETED,0.91,0.0,1616,0.9930098119992762
COMPLETED,0.91,0.0,2293,0.4605444919858127
COMPLETED,0.91,0.0,2788,0.7542118162494152
COMPLETED,0.91,0.0,4750,0.0385575499087572
COMPLETED,0.91,0.0,172,0.7396042204461992
COMPLETED,0.91,0.0,193,0.3324704997595399
COMPLETED,0.91,0.0,4732,0.8813567575085907
COMPLETED,0.91,0.0,2807,0.1618949548490345
COMPLETED,0.91,0.0,2272,0.6152768663242459
COMPLETED,0.91,0.0,1635,0.086860831439495
COMPLETED,0.91,0.0,3288,0.6357471189312636
COMPLETED,0.91,0.0,4178,0.4152852883879095
COMPLETED,0.91,0.0,904,0.8686672296058386
COMPLETED,0.91,0.0,1031,0.2404499338157475
COMPLETED,0.91,0.0,4051,0.5378945832327007
COMPLETED,0.91,0.0,3493,0.2551186732109635
COMPLETED,0.91,0.0,1430,0.9599421930182724
COMPLETED,0.91,0.0,2164,0.4938554956261068
COMPLETED,0.91,0.0,2914,0.7913001747857779
COMPLETED,0.91,0.0,4546,0.0095242331624031
COMPLETED,0.91,0.0,379,0.7143477827124297
COMPLETED,0.91,0.0,578,0.0593002634700387
COMPLETED,0.91,0.0,4501,0.7265972773302346
COMPLETED,0.91,0.0,3047,0.4482114128954708
COMPLETED,0.91,0.0,1878,0.7744025179818272
COMPLETED,0.91,0.0,1406,0.3049089484214782
COMPLETED,0.91,0.0,3674,0.9722059920243918
COMPLETED,0.91,0.0,3780,0.1948200997058302
COMPLETED,0.91,0.0,1141,0.5210112345349043
COMPLETED,0.91,0.0,643,0.4010570107586681
COMPLETED,0.91,0.0,4279,0.8208108537867665
COMPLETED,0.91,0.0,3254,0.1057390558179467
COMPLETED,0.91,0.0,1826,0.6794733317364006
COMPLETED,0.91,0.0,2395,0.1476504692975431
COMPLETED,0.91,0.0,2530,0.5674043420683592
COMPLETED,0.91,0.0,4940,0.3513325124979019
COMPLETED,0.91,0.0,138,0.9250668181590735
COMPLETED,0.91,0.0,62,0.1777188586462289
COMPLETED,0.91,0.0,4860,0.5994224260505288
COMPLETED,0.91,0.0,2605,0.3171376184895634
COMPLETED,0.91,0.0,2475,0.896720056284219
COMPLETED,0.91,0.0,1745,0.4311092200689017
COMPLETED,0.91,0.0,3178,0.852812757730484
COMPLETED,0.91,0.0,4358,0.0715279817711561
COMPLETED,0.91,0.0,718,0.6511103898230939
COMPLETED,0.91,0.0,1216,0.2709425974562764
COMPLETED,0.91,0.0,3861,0.9440877731926738
COMPLETED,0.91,0.0,3598,0.2251170320976525
COMPLETED,0.91,0.0,1325,0.5532578615602106
COMPLETED,0.91,0.0,1958,0.0253481890093535
COMPLETED,0.91,0.0,3122,0.6984933350030332
COMPLETED,0.91,0.0,4420,0.4785226217918098
COMPLETED,0.91,0.0,502,0.80666342151165
COMPLETED,0.91,0.0,458,0.4635442644227296
COMPLETED,0.91,0.0,4621,0.7590392489489168
COMPLETED,0.91,0.0,2833,0.0434763299301266
COMPLETED,0.91,0.0,2088,0.7424517473466694
COMPLETED,0.91,0.0,1505,0.2101529791168868
COMPLETED,0.91,0.0,3573,0.5056479339003563
COMPLETED,0.91,0.0,3974,0.2890850464832037
COMPLETED,0.91,0.0,950,0.9880604341570288
COMPLETED,0.91,0.0,822,0.1210719277933239
COMPLETED,0.91,0.0,4101,0.6641100831516086
COMPLETED,0.91,0.0,3368,0.3852330567706376
COMPLETED,0.91,0.0,1710,0.8366653033550828
COMPLETED,0.91,0.0,2196,0.3666654160749167
COMPLETED,0.91,0.0,2725,0.9097035416904836
COMPLETED,0.91,0.0,4806,0.1318265431933104
COMPLETED,0.91,0.0,273,0.5832587600350378
COMPLETED,0.91,0.0,305,0.0645160821545869
COMPLETED,0.91,0.0,4775,0.6427579524572938
COMPLETED,0.91,0.0,2694,0.4221785768344998
COMPLETED,0.91,0.0,2228,0.8464400216825306
COMPLETED,0.91,0.0,1679,0.3257033185772597
COMPLETED,0.91,0.0,3400,0.903945159137249
COMPLETED,0.91,0.0,4134,0.1843658151160925
COMPLETED,0.91,0.0,791,0.6086272302214056
COMPLETED,0.91,0.0,997,0.4693026413992047
COMPLETED,0.91,0.0,3929,0.8000013483054936
COMPLETED,0.91,0.0,3527,0.0181078653205186
COMPLETED,0.91,0.0,1552,0.6899124735649675
COMPLETED,0.91,0.0,2042,0.2315051079522818
COMPLETED,0.91,0.0,2880,0.562203785115853
COMPLETED,0.91,0.0,4668,0.2793103300146758
COMPLETED,0.91,0.0,413,0.951114908516407
COMPLETED,0.91,0.0,544,0.2961892191637307
COMPLETED,0.91,0.0,4379,0.9967488489802928
COMPLETED,0.91,0.0,3081,0.2192368456795811
COMPLETED,0.91,0.0,2000,0.512417612541467
COMPLETED,0.91,0.0,1284,0.0350010588578879
COMPLETED,0.91,0.0,3640,0.7355606589317321
COMPLETED,0.91,0.0,3903,0.4570486872326582
COMPLETED,0.91,0.0,1176,0.7502294243518262
COMPLETED,0.91,0.0,756,0.1406515291407704
COMPLETED,0.91,0.0,4322,0.5897695580609142
COMPLETED,0.91,0.0,3142,0.3735716212261468
COMPLETED,0.91,0.0,1782,0.9181939889844508
COMPLETED,0.91,0.0,2439,0.3784481424223631
COMPLETED,0.91,0.0,2642,0.8275661415997893
COMPLETED,0.91,0.0,4897,0.1123682326488196
COMPLETED,0.91,0.0,26,0.6569905706644058
COMPLETED,0.91,0.0,106,0.4068114412482827
COMPLETED,0.91,0.0,4972,0.861776620792225
COMPLETED,0.91,0.0,2561,0.0803666856177151
COMPLETED,0.91,0.0,2363,0.6269377664998173
COMPLETED,0.91,0.0,1857,0.1689986479282379
COMPLETED,0.91,0.0,3222,0.6239638572148978
COMPLETED,0.91,0.0,4246,0.34155389415659
COMPLETED,0.91,0.0,674,0.88812500478141
COMPLETED,0.91,0.0,1094,0.00274075018242
COMPLETED,0.91,0.0,3826,0.7052490931227802
COMPLETED,0.91,0.0,3720,0.4851532244142144
COMPLETED,0.91,0.0,1359,0.7841811418998986
COMPLETED,0.91,0.0,1923,0.2639431869927793
COMPLETED,0.91,0.0,3000,0.9664515596758572
COMPLETED,0.91,0.0,4454,0.2473556593656539
COMPLETED,0.91,0.0,623,0.5463836065940559
COMPLETED,0.91,0.0,336,0.2033862719591706
COMPLETED,0.91,0.0,4587,0.5282377687562257
COMPLETED,0.91,0.0,2955,0.3115563844926655
COMPLETED,0.91,0.0,2122,0.9814122201278804
COMPLETED,0.91,0.0,1471,0.4411980819106102
COMPLETED,0.91,0.0,3451,0.766049608450383
COMPLETED,0.91,0.0,4009,0.0503681963030248
COMPLETED,0.91,0.0,1071,0.7202240616809577
COMPLETED,0.91,0.0,867,0.3577210679538547
COMPLETED,0.91,0.0,4214,0.9340141656473278
COMPLETED,0.91,0.0,3324,0.1560186740215867
COMPLETED,0.91,0.0,1598,0.5744329087603837
COMPLETED,0.91,0.0,2308,0.0965176514927297
COMPLETED,0.91,0.0,2769,0.6728107789289206
COMPLETED,0.91,0.0,4694,0.3938152557015419
COMPLETED,0.91,0.0,229,0.8122295201830566
COMPLETED,0.91,0.0,223,0.3915290538184345
COMPLETED,0.91,0.0,4698,0.8156729517281054
COMPLETED,0.91,0.0,2756,0.0962415777277201
COMPLETED,0.91,0.0,2324,0.6743659085277468
COMPLETED,0.91,0.0,1584,0.1537324721384793
COMPLETED,0.91,0.0,3339,0.5778763403054326
COMPLETED,0.91,0.0,4207,0.3574449941888451
COMPLETED,0.91,0.0,870,0.935569295246154
COMPLETED,0.91,0.0,1055,0.0488739797901362
COMPLETED,0.91,0.0,4022,0.7205610485319048
COMPLETED,0.91,0.0,3447,0.4376937372796237
COMPLETED,0.91,0.0,1476,0.7682748972475528
COMPLETED,0.91,0.0,2119,0.3100621679797768
COMPLETED,0.91,0.0,2961,0.9817492069788276
COMPLETED,0.91,0.0,4571,0.1998819273281842
COMPLETED,0.91,0.0,350,0.5304630575533956
COMPLETED,0.91,0.0,610,0.2500072245113551
COMPLETED,0.91,0.0,4470,0.5430618785321712
COMPLETED,0.91,0.0,2994,0.2645846165847033
COMPLETED,0.91,0.0,1927,0.965018140995875
COMPLETED,0.91,0.0,1353,0.4878047895599156
COMPLETED,0.91,0.0,3724,0.780859413838014
COMPLETED,0.91,0.0,3813,0.0033821797743439
COMPLETED,0.91,0.0,1111,0.7038156744427979
COMPLETED,0.91,0.0,671,0.342926399750635
COMPLETED,0.91,0.0,4253,0.8874226621035486
COMPLETED,0.91,0.0,3207,0.17238128907606
COMPLETED,0.91,0.0,1871,0.6213732051551341
COMPLETED,0.91,0.0,2347,0.08173919121176
COMPLETED,0.91,0.0,2574,0.6262354238219558
COMPLETED,0.91,0.0,4968,0.4101940823961049
COMPLETED,0.91,0.0,112,0.8591859687324613
COMPLETED,0.91,0.0,32,0.1120959659516811
COMPLETED,0.91,0.0,4892,0.6585418931953609
COMPLETED,0.91,0.0,2655,0.3761657476071268
COMPLETED,0.91,0.0,2423,0.831005766076967
COMPLETED,0.91,0.0,1796,0.3732993545290082
COMPLETED,0.91,0.0,3127,0.9197453115154056
COMPLETED,0.91,0.0,4329,0.1383691343255341
COMPLETED,0.91,0.0,752,0.5932091825380921
COMPLETED,0.91,0.0,1192,0.4535481496695429
COMPLETED,0.91,0.0,3889,0.7524509060811251
COMPLETED,0.91,0.0,3644,0.0335106494128704
COMPLETED,0.91,0.0,1279,0.7358938387148081
COMPLETED,0.91,0.0,2003,0.2157363081164657
COMPLETED,0.91,0.0,3075,0.5146390942707658
COMPLETED,0.91,0.0,4395,0.2946988097187131
COMPLETED,0.91,0.0,530,0.9970820287633688
COMPLETED,0.91,0.0,427,0.2799479525387287
COMPLETED,0.91,0.0,4652,0.9496852969042956
COMPLETED,0.91,0.0,2886,0.2341528660301119
COMPLETED,0.91,0.0,2039,0.5588858641218393
COMPLETED,0.91,0.0,1558,0.0187454878445714
COMPLETED,0.91,0.0,3523,0.6884828619528561
COMPLETED,0.91,0.0,3942,0.4719503994770348
COMPLETED,0.91,0.0,980,0.79668342731148
COMPLETED,0.91,0.0,795,0.1877446491960436
COMPLETED,0.91,0.0,4127,0.606040385229513
COMPLETED,0.91,0.0,3415,0.3270720171034335
COMPLETED,0.91,0.0,1665,0.9032466235272584
COMPLETED,0.91,0.0,2244,0.4255574109144508
COMPLETED,0.91,0.0,2681,0.843853176690638
COMPLETED,0.91,0.0,4779,0.0658847806807607
COMPLETED,0.91,0.0,299,0.6420594168473034
COMPLETED,0.91,0.0,257,0.1311278848946094
COMPLETED,0.91,0.0,4820,0.5846273433081804
COMPLETED,0.91,0.0,2722,0.3640784558299928
COMPLETED,0.91,0.0,2202,0.913082253081724
COMPLETED,0.91,0.0,1706,0.3845343984719366
COMPLETED,0.91,0.0,3373,0.8380338866282254
COMPLETED,0.91,0.0,4085,0.1184849675484001
COMPLETED,0.91,0.0,836,0.667488794542849
COMPLETED,0.91,0.0,943,0.2857672481779008
COMPLETED,0.91,0.0,3978,0.99070830748789
COMPLETED,0.91,0.0,3559,0.2087234827578067
COMPLETED,0.91,0.0,1520,0.5062856791131198
COMPLETED,0.91,0.0,2075,0.0401585316248238
COMPLETED,0.91,0.0,2849,0.7450996206775307
COMPLETED,0.91,0.0,4615,0.4621147680636495
COMPLETED,0.91,0.0,462,0.7596769941616803
COMPLETED,0.91,0.0,497,0.4788556788861751
COMPLETED,0.91,0.0,4426,0.8051728968136012
COMPLETED,0.91,0.0,3106,0.027569555485621
COMPLETED,0.91,0.0,1971,0.6949926747512071
COMPLETED,0.91,0.0,1310,0.2254500891920179
COMPLETED,0.91,0.0,3612,0.5517673368621617
COMPLETED,0.91,0.0,3857,0.2731639639325439
COMPLETED,0.91,0.0,1223,0.9405871129408478
COMPLETED,0.91,0.0,705,0.0749677289370447
COMPLETED,0.91,0.0,4375,0.6488281102608889
COMPLETED,0.91,0.0,3172,0.432660657852888
COMPLETED,0.91,0.0,1749,0.8525406137220561
COMPLETED,0.91,0.0,2469,0.320577365655452
COMPLETED,0.91,0.0,2608,0.8944377767220139
COMPLETED,0.91,0.0,4846,0.1792702964302152
COMPLETED,0.91,0.0,78,0.599150282042101
COMPLETED,0.91,0.0,154,0.3487417451851069
COMPLETED,0.91,0.0,4927,0.928449336618185
COMPLETED,0.91,0.0,2533,0.146948003930971
COMPLETED,0.91,0.0,2389,0.5687767324093728
COMPLETED,0.91,0.0,1830,0.1031482885051518
COMPLETED,0.91,0.0,3249,0.6828558501955122
COMPLETED,0.91,0.0,4295,0.400354545392096
COMPLETED,0.91,0.0,630,0.8221832441277802
COMPLETED,0.91,0.0,1148,0.193386796278879
COMPLETED,0.91,0.0,3777,0.521652786815539
COMPLETED,0.91,0.0,3688,0.3015873430483043
COMPLETED,0.91,0.0,1391,0.9748576724231242
COMPLETED,0.91,0.0,1891,0.4467781094685197
COMPLETED,0.91,0.0,3031,0.7750440702624619
COMPLETED,0.91,0.0,4507,0.0559786580968648
COMPLETED,0.91,0.0,574,0.729248957728967
COMPLETED,0.91,0.0,382,0.0117494067065417
COMPLETED,0.91,0.0,4540,0.7108433153927325
COMPLETED,0.91,0.0,2930,0.4941923597883433
COMPLETED,0.91,0.0,2151,0.789805843019858
COMPLETED,0.91,0.0,1445,0.2573438467551023
COMPLETED,0.91,0.0,3479,0.9564377256985752
COMPLETED,0.91,0.0,4054,0.2407867979779839
COMPLETED,0.91,0.0,1024,0.5364002514667809
COMPLETED,0.91,0.0,917,0.4168405332397669
COMPLETED,0.91,0.0,4161,0.8683912785295396
COMPLETED,0.91,0.0,3294,0.0903043856732547
COMPLETED,0.91,0.0,1631,0.6334610323011876
COMPLETED,0.91,0.0,2278,0.1634501997008919
COMPLETED,0.91,0.0,2803,0.6150009152479469
COMPLETED,0.91,0.0,4745,0.3359140539932995
COMPLETED,0.91,0.0,177,0.8790706708785146
COMPLETED,0.91,0.0,159,0.0372497644685208
COMPLETED,0.91,0.0,4766,0.740120016798377
COMPLETED,0.91,0.0,2782,0.4573483971636742
COMPLETED,0.91,0.0,2296,0.7567377481553703
COMPLETED,0.91,0.0,1610,0.2906553262788802
COMPLETED,0.91,0.0,3312,0.993525608351454
COMPLETED,0.91,0.0,4143,0.2117539571151137
COMPLETED,0.91,0.0,938,0.5111433378495275
COMPLETED,0.91,0.0,1045,0.3797374520581215
COMPLETED,0.91,0.0,4036,0.8350645409915595
COMPLETED,0.91,0.0,3497,0.1156070138476788
COMPLETED,0.91,0.0,1424,0.662539528235793
COMPLETED,0.91,0.0,2170,0.1341277837380766
COMPLETED,0.91,0.0,2909,0.5894549024142324
COMPLETED,0.91,0.0,4561,0.3689973473865538
COMPLETED,0.91,0.0,364,0.9159298915173856
COMPLETED,0.91,0.0,553,0.3235771678350866
COMPLETED,0.91,0.0,4525,0.8992651796787977
COMPLETED,0.91,0.0,3013,0.1841891061943024
COMPLETED,0.91,0.0,1912,0.6019977791998535
COMPLETED,0.91,0.0,1372,0.0701706263739615
COMPLETED,0.91,0.0,3709,0.6458586679603904
COMPLETED,0.91,0.0,3756,0.4297825628742575
COMPLETED,0.91,0.0,1166,0.8475912656225264
COMPLETED,0.91,0.0,648,0.2303383234422654
COMPLETED,0.91,0.0,4274,0.5545847343895584
COMPLETED,0.91,0.0,3270,0.2761945795677602
COMPLETED,0.91,0.0,1812,0.9454448534697292
COMPLETED,0.91,0.0,2410,0.4759470083937049
COMPLETED,0.91,0.0,2515,0.8001934490837157
COMPLETED,0.91,0.0,4945,0.0228032663781195
COMPLETED,0.91,0.0,133,0.6920535700228065
COMPLETED,0.91,0.0,57,0.4419810069054365
COMPLETED,0.91,0.0,4864,0.7720746279619634
COMPLETED,0.91,0.0,2590,0.0531005631182342
COMPLETED,0.91,0.0,2490,0.7242996096294372
COMPLETED,0.91,0.0,1731,0.1963865984585136
COMPLETED,0.91,0.0,3193,0.5264801897723228
COMPLETED,0.91,0.0,4354,0.3065061528123915
COMPLETED,0.91,0.0,724,0.9777051695808768
COMPLETED,0.91,0.0,1241,0.1002396180126816
COMPLETED,0.91,0.0,3836,0.6778764024656266
COMPLETED,0.91,0.0,3633,0.3955882562845945
COMPLETED,0.91,0.0,1291,0.8192441393993793
COMPLETED,0.91,0.0,1992,0.3536299794353544
COMPLETED,0.91,0.0,3088,0.9312667341455816
COMPLETED,0.91,0.0,4444,0.1499786195661872
COMPLETED,0.91,0.0,477,0.5736344729382544
COMPLETED,0.91,0.0,444,0.1683382778018712
COMPLETED,0.91,0.0,4636,0.6178182161115109
COMPLETED,0.91,0.0,2828,0.3389445283506065
COMPLETED,0.91,0.0,2093,0.8839283296149224
COMPLETED,0.91,0.0,1500,0.413931766083464
COMPLETED,0.91,0.0,3577,0.8634116746503859
COMPLETED,0.91,0.0,3959,0.0855380147732794
COMPLETED,0.91,0.0,964,0.6305217862948775
COMPLETED,0.91,0.0,856,0.2603437455985694
COMPLETED,0.91,0.0,4067,0.9612652848046273
COMPLETED,0.91,0.0,3392,0.2457056895345449
COMPLETED,0.91,0.0,1685,0.5392478899024425
COMPLETED,0.91,0.0,2220,0.0069524602927267
COMPLETED,0.91,0.0,2701,0.7078739697560666
COMPLETED,0.91,0.0,4841,0.491314406087622
COMPLETED,0.91,0.0,239,0.784856576712802
COMPLETED,0.91,0.0,281,0.2972856891006231
COMPLETED,0.91,0.0,4800,0.9710435648225249
COMPLETED,0.91,0.0,2660,0.1891458063218742
COMPLETED,0.91,0.0,2262,0.5178998116534203
COMPLETED,0.91,0.0,1644,0.0594881556537002
COMPLETED,0.91,0.0,3434,0.7332460016328841
COMPLETED,0.91,0.0,4109,0.4503482710160314
COMPLETED,0.91,0.0,815,0.7791022466048598
COMPLETED,0.91,0.0,1001,0.1429662515018135
COMPLETED,0.91,0.0,3923,0.5652825188916176
COMPLETED,0.91,0.0,3541,0.3446988528817891
COMPLETED,0.91,0.0,1537,0.9248944665454328
COMPLETED,0.91,0.0,2057,0.4041534879244864
COMPLETED,0.91,0.0,2865,0.8264697255715728
COMPLETED,0.91,0.0,4673,0.1068860911633819
COMPLETED,0.91,0.0,408,0.6870816750843078
COMPLETED,0.91,0.0,509,0.0943634691685438
COMPLETED,0.91,0.0,4413,0.6370321010015904
COMPLETED,0.91,0.0,3057,0.4208384545538574
COMPLETED,0.91,0.0,2024,0.8719016534965485
COMPLETED,0.91,0.0,1260,0.3321600824501365
COMPLETED,0.91,0.0,3665,0.8748286845404654
COMPLETED,0.91,0.0,1439,0.9401455265283584
COMPLETED,0.91,0.0,2519,0.180896563174203
COMPLETED,0.91,0.0,4095,0.5650603621676564
COMPLETED,0.91,0.0,487,0.3068167597316205
COMPLETED,0.91,0.0,738,0.6380288408175111
COMPLETED,0.91,0.0,4629,0.490825005467981
COMPLETED,0.91,0.0,3706,0.761934148563072
COMPLETED,0.91,0.0,2285,0.1177547215539962
COMPLETED,0.91,0.0,1994,0.5136230467837303
COMPLETED,0.91,0.0,3425,0.3664315249193459
COMPLETED,0.91,0.0,4964,0.8865838774964213
COMPLETED,0.91,0.0,1082,0.2423920180313289
COMPLETED,0.91,0.0,196,0.8157471189126371
COMPLETED,0.91,0.0,3814,0.0564952286891639
COMPLETED,0.91,0.0,2853,0.6897022408824413
COMPLETED,0.91,0.0,1784,0.4314614342618733
COMPLETED,0.91,0.0,1637,0.7226752324774861
COMPLETED,0.91,0.0,3018,0.4058893956206738
COMPLETED,0.91,0.0,3981,0.8480729108285158
COMPLETED,0.91,0.0,50,0.0304130448121577
COMPLETED,0.91,0.0,1247,0.9156508193146436
COMPLETED,0.91,0.0,4817,0.2051322828847914
COMPLETED,0.91,0.0,3279,0.5420580134764313
COMPLETED,0.91,0.0,2161,0.3286464125476777
COMPLETED,0.91,0.0,2432,0.7905518991276622
COMPLETED,0.91,0.0,3540,0.0800304479114711
COMPLETED,0.91,0.0,4462,0.6669130879919976
COMPLETED,0.91,0.0,884,0.4535042828787118
COMPLETED,0.91,0.0,321,0.5975689379554242
COMPLETED,0.91,0.0,4242,0.2807954145837575
COMPLETED,0.91,0.0,2664,0.9729358355626464
COMPLETED,0.91,0.0,1273,0.1552635370902717
COMPLETED,0.91,0.0,1331,0.5868383239991963
COMPLETED,0.91,0.0,2762,0.2836983530968427
COMPLETED,0.91,0.0,4301,0.9602750400546936
COMPLETED,0.91,0.0,419,0.1601575739588588
COMPLETED,0.91,0.0,786,0.7720171250645071
COMPLETED,0.91,0.0,4404,0.106332014074549
COMPLETED,0.91,0.0,3443,0.6464633569307625
COMPLETED,0.91,0.0,2373,0.4817817154079675
COMPLETED,0.91,0.0,2102,0.8971500541903077
COMPLETED,0.91,0.0,3181,0.2314602438509464
COMPLETED,0.91,0.0,4758,0.5215737678501755
COMPLETED,0.91,0.0,1149,0.3568969446476548
COMPLETED,0.91,0.0,148,0.7119638787899166
COMPLETED,0.91,0.0,4040,0.408834436809644
COMPLETED,0.91,0.0,3116,0.835393301192671
COMPLETED,0.91,0.0,1695,0.035265425145626
COMPLETED,0.91,0.0,1843,0.8732622434142977
COMPLETED,0.91,0.0,2950,0.0068075714316219
COMPLETED,0.91,0.0,3873,0.7491399328000843
COMPLETED,0.91,0.0,293,0.3797902927845716
COMPLETED,0.91,0.0,984,0.5477550098486244
COMPLETED,0.91,0.0,4905,0.3245330374389887
COMPLETED,0.91,0.0,3327,0.9226231834236532
COMPLETED,0.91,0.0,1936,0.198525278320536
COMPLETED,0.91,0.0,2226,0.672119151065126
COMPLETED,0.91,0.0,3608,0.4489077075775712
COMPLETED,0.91,0.0,4570,0.7980155534483492
COMPLETED,0.91,0.0,640,0.0739072383940219
COMPLETED,0.91,0.0,585,0.9976337589658796
COMPLETED,0.91,0.0,4153,0.1311743876338005
COMPLETED,0.91,0.0,2616,0.624524452606216
COMPLETED,0.91,0.0,1498,0.2551796309109777
COMPLETED,0.91,0.0,1537,0.6539036232512444
COMPLETED,0.91,0.0,2655,0.4755136560667306
COMPLETED,0.91,0.0,4193,0.7774748589321971
COMPLETED,0.91,0.0,623,0.1021073965542018
COMPLETED,0.91,0.0,679,0.9560355474576354
COMPLETED,0.91,0.0,4610,0.165600440185517
COMPLETED,0.91,0.0,3647,0.5806163026671856
COMPLETED,0.91,0.0,2265,0.2911846648622304
COMPLETED,0.91,0.0,1896,0.8309375362824648
COMPLETED,0.91,0.0,3288,0.0404977296609431
COMPLETED,0.91,0.0,4866,0.7054703789427876
COMPLETED,0.91,0.0,945,0.4160435594581067
COMPLETED,0.91,0.0,255,0.5287982340231537
COMPLETED,0.91,0.0,3834,0.3504187957607209
COMPLETED,0.91,0.0,2912,0.902336789144203
COMPLETED,0.91,0.0,1803,0.2269589168149978
COMPLETED,0.91,0.0,1656,0.930825099401176
COMPLETED,0.91,0.0,3077,0.1891204311363399
COMPLETED,0.91,0.0,4000,0.5578119215052574
COMPLETED,0.91,0.0,109,0.3132122852075844
COMPLETED,0.91,0.0,1111,0.7378647426944225
COMPLETED,0.91,0.0,4719,0.3898927740026265
COMPLETED,0.91,0.0,3142,0.8638420452699064
COMPLETED,0.91,0.0,2063,0.014994143884629
COMPLETED,0.91,0.0,2412,0.6134598539546132
COMPLETED,0.91,0.0,3481,0.2654984141848981
COMPLETED,0.91,0.0,4443,0.9884907796811312
COMPLETED,0.91,0.0,825,0.1396324683446437
COMPLETED,0.91,0.0,458,0.8064275887142865
COMPLETED,0.91,0.0,4340,0.0647182211000472
COMPLETED,0.91,0.0,2801,0.6824528019800781
COMPLETED,0.91,0.0,1371,0.4378579840026796
COMPLETED,0.91,0.0,1312,0.7567362303473055
COMPLETED,0.91,0.0,2703,0.1222372511923313
COMPLETED,0.91,0.0,4281,0.6307855772469193
COMPLETED,0.91,0.0,360,0.4972919710930436
COMPLETED,0.91,0.0,922,0.5715726594123989
COMPLETED,0.91,0.0,4502,0.2996188203450292
COMPLETED,0.91,0.0,3579,0.944612486783415
COMPLETED,0.91,0.0,2471,0.1756830560564994
COMPLETED,0.91,0.0,2122,0.6959359213598073
COMPLETED,0.91,0.0,3240,0.4239943957775831
COMPLETED,0.91,0.0,4777,0.820005884790793
COMPLETED,0.91,0.0,1208,0.0510640216078609
COMPLETED,0.91,0.0,11,0.8811068703476339
COMPLETED,0.91,0.0,3942,0.2466049764063209
COMPLETED,0.91,0.0,2980,0.5061711213178932
COMPLETED,0.91,0.0,1597,0.3726803109794855
COMPLETED,0.91,0.0,1744,0.5317127034161239
COMPLETED,0.91,0.0,2814,0.339676862841472
COMPLETED,0.91,0.0,3775,0.9072195107676088
COMPLETED,0.91,0.0,157,0.214309641033411
COMPLETED,0.91,0.0,1043,0.8572351633943617
COMPLETED,0.91,0.0,4924,0.0219666232466697
COMPLETED,0.91,0.0,3386,0.7337514902744441
COMPLETED,0.91,0.0,1955,0.3955898856278509
COMPLETED,0.91,0.0,2324,0.9823672169689088
COMPLETED,0.91,0.0,3745,0.1470957620348781
COMPLETED,0.91,0.0,4668,0.6088629254586994
COMPLETED,0.91,0.0,776,0.2707041166275739
COMPLETED,0.91,0.0,526,0.656837378937751
COMPLETED,0.91,0.0,4134,0.4648138518482446
COMPLETED,0.91,0.0,2557,0.7823387998882682
COMPLETED,0.91,0.0,1479,0.0894164976980537
COMPLETED,0.91,0.0,1461,0.5190002420190721
COMPLETED,0.91,0.0,2569,0.3523131977524608
COMPLETED,0.91,0.0,4118,0.8919268091209231
COMPLETED,0.91,0.0,539,0.2282470413893461
COMPLETED,0.91,0.0,759,0.84061662061885
COMPLETED,0.91,0.0,4680,0.0384785829931497
COMPLETED,0.91,0.0,3729,0.7145374789778142
COMPLETED,0.91,0.0,2336,0.4134181390907615
COMPLETED,0.91,0.0,1983,0.9649805238936096
COMPLETED,0.91,0.0,3364,0.1628530151899904
COMPLETED,0.91,0.0,4951,0.5899296110607684
COMPLETED,0.91,0.0,1020,0.2887998612225055
COMPLETED,0.91,0.0,185,0.643371995512396
COMPLETED,0.91,0.0,3754,0.4766802518963813
COMPLETED,0.91,0.0,2840,0.7673115668687969
COMPLETED,0.91,0.0,1722,0.1036366174574941
COMPLETED,0.91,0.0,1576,0.8007719226367772
COMPLETED,0.91,0.0,3007,0.0785518240183591
COMPLETED,0.91,0.0,3919,0.6771597609762102
COMPLETED,0.91,0.0,37,0.4520599225964397
COMPLETED,0.91,0.0,1186,0.6194839170519262
COMPLETED,0.91,0.0,4805,0.2520273712780326
COMPLETED,0.91,0.0,3217,0.994877464134246
COMPLETED,0.91,0.0,2148,0.1265297573953866
COMPLETED,0.91,0.0,2482,0.7446170841194689
COMPLETED,0.91,0.0,3562,0.3771558389961719
COMPLETED,0.91,0.0,4514,0.869988112995401
COMPLETED,0.91,0.0,906,0.0016452245768159
COMPLETED,0.91,0.0,372,0.9258972394857556
COMPLETED,0.91,0.0,4263,0.2036876697894185
COMPLETED,0.91,0.0,2716,0.5522777841724456
COMPLETED,0.91,0.0,1295,0.327167535841465
COMPLETED,0.91,0.0,1393,0.883979805894196
COMPLETED,0.91,0.0,2775,0.2377779038213193
COMPLETED,0.91,0.0,4361,0.5084301690291613
COMPLETED,0.91,0.0,431,0.3632488682288676
COMPLETED,0.91,0.0,847,0.6948950740229338
COMPLETED,0.91,0.0,4417,0.434644165309146
COMPLETED,0.91,0.0,3503,0.818351145900786
COMPLETED,0.91,0.0,2385,0.0611094172559678
COMPLETED,0.91,0.0,2050,0.5697963917776943
COMPLETED,0.91,0.0,3159,0.3095425682775675
COMPLETED,0.91,0.0,4707,0.943206458358094
COMPLETED,0.91,0.0,1128,0.1859675255287438
COMPLETED,0.91,0.0,96,0.7588732734303921
COMPLETED,0.91,0.0,4017,0.112683684842661
COMPLETED,0.91,0.0,3065,0.6332928558215499
COMPLETED,0.91,0.0,1674,0.4880991225652396
COMPLETED,0.91,0.0,1820,0.669699824495241
COMPLETED,0.91,0.0,2899,0.4581794142741709
COMPLETED,0.91,0.0,3852,0.7955619632676244
COMPLETED,0.91,0.0,243,0.083152295615524
COMPLETED,0.91,0.0,961,0.9679257268086076
COMPLETED,0.91,0.0,4853,0.1521417637430131
COMPLETED,0.91,0.0,3306,0.594782156838104
COMPLETED,0.91,0.0,1885,0.2761203575450926
COMPLETED,0.91,0.0,2239,0.8435196948330849
COMPLETED,0.91,0.0,3670,0.027748045252636
COMPLETED,0.91,0.0,4582,0.7194316478297114
COMPLETED,0.91,0.0,700,0.4007574160806834
COMPLETED,0.91,0.0,597,0.5453016427382826
COMPLETED,0.91,0.0,4215,0.3337783177308737
COMPLETED,0.91,0.0,2628,0.9202040799241512
COMPLETED,0.91,0.0,1558,0.2077972080875188
COMPLETED,0.91,0.0,1519,0.8245895424578338
COMPLETED,0.91,0.0,2589,0.0536376366671174
COMPLETED,0.91,0.0,4176,0.6991490345932542
COMPLETED,0.91,0.0,558,0.4292177300751209
COMPLETED,0.91,0.0,661,0.5029579337276519
COMPLETED,0.91,0.0,4543,0.3674570212960243
COMPLETED,0.91,0.0,3630,0.8765231383237988
ABANDONED,,,2200,0.2440314059611409
COMPLETED,0.91,0.0,1924,0.6280902252439409
COMPLETED,0.91,0.0,3345,0.4925863980259746
COMPLETED,0.91,0.0,4892,0.7516348114497959
COMPLETED,0.91,0.0,1001,0.119145874902606
COMPLETED,0.91,0.0,282,0.949713980037719
COMPLETED,0.91,0.0,3890,0.1787743877321481
COMPLETED,0.91,0.0,2938,0.5742680857721715
COMPLETED,0.91,0.0,1859,0.3043243487980216
COMPLETED,0.91,0.0,1713,0.604218250606209
COMPLETED,0.91,0.0,3104,0.2679478366672992
COMPLETED,0.91,0.0,4056,0.9792149127218872
COMPLETED,0.91,0.0,135,0.1420552413519471
COMPLETED,0.91,0.0,1167,0.7854910297784953
COMPLETED,0.91,0.0,4746,0.0944570629950612
COMPLETED,0.91,0.0,3198,0.6614819794334471
COMPLETED,0.91,0.0,2089,0.4675701764225959
COMPLETED,0.91,0.0,2346,0.9098540537841618
COMPLETED,0.91,0.0,3464,0.2188324004858732
COMPLETED,0.91,0.0,4378,0.536875139499083
COMPLETED,0.91,0.0,808,0.3429509040322154
COMPLETED,0.91,0.0,391,0.7285891285482793
COMPLETED,0.91,0.0,4322,0.3923157998230308
COMPLETED,0.91,0.0,2736,0.8546006947346032
COMPLETED,0.91,0.0,1354,0.0174438191801309
COMPLETED,0.91,0.0,1256,0.7100845823809504
COMPLETED,0.91,0.0,2677,0.4186475418321788
COMPLETED,0.91,0.0,4225,0.8341202822010964
COMPLETED,0.91,0.0,333,0.0456905181873589
COMPLETED,0.91,0.0,867,0.8991540878396481
COMPLETED,0.91,0.0,4475,0.2217660539317876
COMPLETED,0.91,0.0,3522,0.5241840751990676
COMPLETED,0.91,0.0,2444,0.3478147390298545
COMPLETED,0.91,0.0,2187,0.7747489611580967
COMPLETED,0.91,0.0,3256,0.0973714561723172
COMPLETED,0.91,0.0,4844,0.6488325716685504
COMPLETED,0.91,0.0,1226,0.4724528255481272
COMPLETED,0.91,0.0,77,0.585687309635803
COMPLETED,0.91,0.0,3958,0.2942455697376281
COMPLETED,0.91,0.0,3046,0.9587614006176592
COMPLETED,0.91,0.0,1615,0.1703364549241959
COMPLETED,0.91,0.0,1761,0.9838157375138252
COMPLETED,0.91,0.0,2880,0.136845642613247
COMPLETED,0.91,0.0,3793,0.6103380954787135
COMPLETED,0.91,0.0,224,0.2604882608167827
COMPLETED,0.91,0.0,1059,0.6855746050700545
COMPLETED,0.91,0.0,4990,0.4428680630140006
COMPLETED,0.91,0.0,3404,0.8111026754956692
COMPLETED,0.91,0.0,2022,0.0675049724746495
COMPLETED,0.91,0.0,2298,0.5604768318366258
COMPLETED,0.91,0.0,3689,0.3177655904311686
COMPLETED,0.91,0.0,4641,0.9359569897130132
COMPLETED,0.91,0.0,720,0.1923641050122678
COMPLETED,0.91,0.0,499,0.8587101103439926
COMPLETED,0.91,0.0,4079,0.0117505443654954
COMPLETED,0.91,0.0,2530,0.7351997877489775
COMPLETED,0.91,0.0,1422,0.3853395431358367
COMPLETED,0.91,0.0,1410,0.7375606698784976
COMPLETED,0.91,0.0,2528,0.3837400597091764
COMPLETED,0.91,0.0,4066,0.8614659757651388
COMPLETED,0.91,0.0,496,0.0106697739362716
COMPLETED,0.91,0.0,708,0.9344194343425332
COMPLETED,0.91,0.0,4639,0.1946630590856075
COMPLETED,0.91,0.0,3676,0.559334259757772
COMPLETED,0.91,0.0,2295,0.3205832575019448
COMPLETED,0.91,0.0,2023,0.8097773195449262
COMPLETED,0.91,0.0,3415,0.0700181484725326
COMPLETED,0.91,0.0,4993,0.6837324396558105
COMPLETED,0.91,0.0,1072,0.4449843521863222
COMPLETED,0.91,0.0,226,0.6129111770279705
COMPLETED,0.91,0.0,3804,0.2591029993146657
COMPLETED,0.91,0.0,2883,0.9858720095995812
COMPLETED,0.91,0.0,1774,0.1350634942855686
COMPLETED,0.91,0.0,1607,0.9564624316729604
COMPLETED,0.91,0.0,3028,0.1718739954233169
COMPLETED,0.91,0.0,3951,0.582869627693668
COMPLETED,0.91,0.0,60,0.295388126945123
COMPLETED,0.91,0.0,1218,0.6504320402238518
COMPLETED,0.91,0.0,4826,0.4700919285472482
COMPLETED,0.91,0.0,3250,0.7758297167159616
COMPLETED,0.91,0.0,2170,0.0946155758798122
COMPLETED,0.91,0.0,2461,0.5255693515725433
COMPLETED,0.91,0.0,3530,0.3452416723519563
COMPLETED,0.91,0.0,4492,0.9009362510386854
COMPLETED,0.91,0.0,874,0.2197097967173904
COMPLETED,0.91,0.0,350,0.8316071210745722
COMPLETED,0.91,0.0,4233,0.0470158890094608
COMPLETED,0.91,0.0,2693,0.7079683080799877
COMPLETED,0.91,0.0,1263,0.4204897221177816
COMPLETED,0.91,0.0,1361,0.8520570584759116
COMPLETED,0.91,0.0,2752,0.0187387223057448
COMPLETED,0.91,0.0,4330,0.7265032922010868
COMPLETED,0.91,0.0,409,0.3941884254980832
COMPLETED,0.91,0.0,815,0.5382299407403917
COMPLETED,0.91,0.0,4394,0.3403473696578294
COMPLETED,0.91,0.0,3472,0.9116666549369692
COMPLETED,0.91,0.0,2364,0.2168065886609256
COMPLETED,0.91,0.0,2073,0.6631119156852364
COMPLETED,0.91,0.0,3191,0.4652397545538842
COMPLETED,0.91,0.0,4728,0.7865413399469107
COMPLETED,0.91,0.0,1159,0.091670744748786
ABANDONED,,,119,0.9769464114736764
ABANDONED,,,4049,0.1436232569832354
ABANDONED,,,3087,0.6013701232746242
ABANDONED,,,1705,0.2690599559210241
ABANDONED,,,1871,0.5768716052751987
ABANDONED,,,2941,0.3029695326853543
ABANDONED,,,3902,0.9517397769913076
ABANDONED,,,284,0.1769617717079818
ABANDONED,,,1014,0.7503398934528231
ABANDONED,,,4895,0.1216894962899386
ABANDONED,,,3357,0.6262175846975296
ABANDONED,,,1926,0.4946722195018082
ABANDONED,,,2197,0.8749551375638693
ABANDONED,,,3618,0.2462999220807105
ABANDONED,,,4541,0.5018458293452858
ABANDONED,,,649,0.3703051634989678
ABANDONED,,,555,0.7014794713333248
ABANDONED,,,4163,0.4275878086946904
ABANDONED,,,2587,0.8273758755754679
ABANDONED,,,1508,0.052587341370061
ABANDONED,,,1547,0.9188787239734084
ABANDONED,,,2626,0.2103103840854018
ABANDONED,,,4202,0.5434594773240387
ABANDONED,,,594,0.3358946069031953
ABANDONED,,,689,0.7220047293789684
ABANDONED,,,4580,0.3993721545785665
ABANDONED,,,3657,0.8455759669188408
ABANDONED,,,2236,0.0259658969249576
ABANDONED,,,1887,0.5971430389676243
ABANDONED,,,3317,0.2745208741184324
ABANDONED,,,4856,0.9706815922297536
ABANDONED,,,974,0.1510609933137893
ABANDONED,,,245,0.7940244078971445
ABANDONED,,,3863,0.0854512496888637
ABANDONED,,,2902,0.6685572524163871
ABANDONED,,,1833,0.4609970813449472
ABANDONED,,,1666,0.6346781321950256
ABANDONED,,,3047,0.4855260558873414
ABANDONED,,,4010,0.7606554366294294
ABANDONED,,,79,0.1106274276282638
ABANDONED,,,1120,0.94069329723157
ABANDONED,,,4690,0.1872928963508457
ABANDONED,,,3152,0.5676801174767315
ABANDONED,,,2034,0.3113847485631704
ABANDONED,,,2403,0.8160521769560873
ABANDONED,,,3511,0.0626469577550888
ABANDONED,,,4433,0.6920773920807987
ABANDONED,,,854,0.435786722516641
ABANDONED,,,448,0.5100296375844627
ABANDONED,,,4369,0.3608879712279886
ABANDONED,,,2792,0.8850605614520609
ABANDONED,,,1399,0.2350220235288143
ABANDONED,,,1302,0.5539077204242348
ABANDONED,,,2733,0.3248371139727532
ABANDONED,,,4271,0.9269475496541708
ABANDONED,,,390,0.2009013515431433
ABANDONED,,,913,0.8677196117471903
ABANDONED,,,4531,0.0032132402081042
ABANDONED,,,3570,0.7417689567878842
ABANDONED,,,2500,0.3782679582498967
ABANDONED,,,2132,0.9923338278755544
ABANDONED,,,3210,0.1278246605210006
ABANDONED,,,4787,0.6173980807047336
ABANDONED,,,1179,0.253899996953085
ABANDONED,,,21,0.6785145622175187
ABANDONED,,,3913,0.4494563882220536
ABANDONED,,,2989,0.8025845237895846
ABANDONED,,,1568,0.0765260121934115
ABANDONED,,,1735,0.7657435661088675
ABANDONED,,,2843,0.1059051335770636
ABANDONED,,,3766,0.6422598911300301
ABANDONED,,,186,0.4795283940993249
ABANDONED,,,1033,0.5922600478008389
ABANDONED,,,4954,0.2871699398420751
ABANDONED,,,3376,0.9677668570112437
ABANDONED,,,1985,0.1618027198929339
ABANDONED,,,2333,0.7171409984808415
ABANDONED,,,3716,0.4120633229780942
ABANDONED,,,4678,0.8426424175724387
ABANDONED,,,748,0.0366659669689834
ABANDONED,,,535,0.8906318911239504
ABANDONED,,,4105,0.2307906627766788
ABANDONED,,,2567,0.5171276014726609
ABANDONED,,,1449,0.3543990192282944
ABANDONED,,,1471,0.7839677100162952
ABANDONED,,,2540,0.0870870722103863
ABANDONED,,,4128,0.6578885665163396
ABANDONED,,,509,0.4620266264490783
ABANDONED,,,768,0.6065933980867266
ABANDONED,,,4651,0.2722731286399066
ABANDONED,,,3738,0.9795199670474976
ABANDONED,,,2307,0.1482069741357117
ABANDONED,,,1973,0.7312088801395147
ABANDONED,,,3394,0.3968837923724204
ABANDONED,,,4941,0.8551484496369957
ABANDONED,,,1050,0.0238401560746133
ABANDONED,,,175,0.9085753381326794
ABANDONED,,,3783,0.2117051102779805
ABANDONED,,,2831,0.533524427158758
ABANDONED,,,1751,0.3376519581694155
ABANDONED,,,1586,0.5046020944342016
ABANDONED,,,2978,0.3749498234800994
ABANDONED,,,3929,0.8799956433754414
ABANDONED,,,8,0.2494522114563733
ABANDONED,,,1197,0.8223352954071014
ABANDONED,,,4776,0.0494350966084748
ABANDONED,,,3227,0.6987231318876147
ABANDONED,,,2119,0.4229431933276355
ABANDONED,,,2473,0.9472170324102044
ABANDONED,,,3591,0.1743272435627877
ABANDONED,,,4505,0.5735975789558142
ABANDONED,,,935,0.297807111473754
ABANDONED,,,362,0.6294916853737085
ABANDONED,,,4293,0.4998345960993319
ABANDONED,,,2706,0.7548627123907208
ABANDONED,,,1325,0.1243239798210561
ABANDONED,,,1383,0.6811284424103796
ABANDONED,,,2804,0.4403701338768005
ABANDONED,,,4352,0.8045845161471515
ABANDONED,,,460,0.0668353876825421
ABANDONED,,,837,0.9910648576114328
ABANDONED,,,4446,0.1382461807187646
ABANDONED,,,3493,0.615515218887478
ABANDONED,,,2414,0.263717143267393
ABANDONED,,,2060,0.8662019310183822
ABANDONED,,,3130,0.0133956865817308
ABANDONED,,,4717,0.7406215152684598
ABANDONED,,,1099,0.3888111261632293
ABANDONED,,,106,0.5562733697537333
ABANDONED,,,3987,0.3155122654046863
ABANDONED,,,3075,0.9296834344752132
ABANDONED,,,1644,0.1919372207969426
ABANDONED,,,1810,0.9037230618987232
ABANDONED,,,2928,0.2243848240133374
ABANDONED,,,3842,0.5305794900692999
ABANDONED,,,272,0.3483634159564971
ABANDONED,,,952,0.7029582141973078
ABANDONED,,,4882,0.4173679041564464
ABANDONED,,,3296,0.828820354828611
ABANDONED,,,1914,0.0423407873567193
ABANDONED,,,2249,0.5783163373414427
ABANDONED,,,3640,0.2927232314851134
ABANDONED,,,4592,0.9532187726683916
ABANDONED,,,671,0.1667421199828386
ABANDONED,,,607,0.779073331106454
ABANDONED,,,4186,0.0997475256770849
ABANDONED,,,2637,0.6549852859620005
ABANDONED,,,1529,0.4727568983640521
ABANDONED,,,1490,0.6219818424712866
ABANDONED,,,2599,0.2564735376555472
ABANDONED,,,4147,0.9955470452085136
ABANDONED,,,568,0.133047920461744
ABANDONED,,,632,0.7993713808134199
ABANDONED,,,4553,0.0713027076385915
ABANDONED,,,3601,0.6739308748077601
ABANDONED,,,2210,0.4468828029055148
ABANDONED,,,1953,0.9242520935516804
ABANDONED,,,3335,0.1961958528328686
ABANDONED,,,4922,0.5488061974272131
ABANDONED,,,991,0.3217458120398223
ABANDONED,,,311,0.7468704054281115
ABANDONED,,,3881,0.3813593047969043
ABANDONED,,,2967,0.8704149934928864
ABANDONED,,,1849,0.0079187835324555
ABANDONED,,,1684,0.8379978468194604
ABANDONED,,,3114,0.0339096126519143
ABANDONED,,,4027,0.713988798333332
ABANDONED,,,145,0.4070227279383689
ABANDONED,,,1138,0.5202798759769647
ABANDONED,,,4756,0.3594395696539431
ABANDONED,,,3168,0.895276536233723
ABANDONED,,,2099,0.2335469724796712
ABANDONED,,,2375,0.6448943300470709
ABANDONED,,,3454,0.4840512279085815
ABANDONED,,,4407,0.7709058980923145
ABANDONED,,,799,0.1091792491246014
ABANDONED,,,421,0.9626044506710024
ABANDONED,,,4312,0.1585286489594727
ABANDONED,,,2765,0.5896255345270037
ABANDONED,,,1344,0.2826471506468951
ABANDONED,,,1286,0.975295721311122
ABANDONED,,,2667,0.1536650797873735
ABANDONED,,,4254,0.6003257105294614
ABANDONED,,,323,0.2797137667443603
ABANDONED,,,896,0.6653745362404733
ABANDONED,,,4465,0.4558042630758136
ABANDONED,,,3552,0.7894102342016995
ABANDONED,,,2433,0.0828472375720739
ABANDONED,,,2158,0.5407336539067327
ABANDONED,,,3266,0.3311585624217986
ABANDONED,,,4815,0.9138077467475086
ABANDONED,,,1235,0.2072494494672864
ABANDONED,,,47,0.8506469887588172
ABANDONED,,,3968,0.0290267571862787
ABANDONED,,,3016,0.724730597410351
ABANDONED,,,1625,0.4041081247031688
ABANDONED,,,1790,0.6874022755566984
ABANDONED,,,2869,0.4330000008847564
ABANDONED,,,3822,0.8129303441233932
ABANDONED,,,214,0.0576369084864854
ABANDONED,,,1088,0.8881823496706783
ABANDONED,,,4980,0.240032147154212
ABANDONED,,,3433,0.5147047094944864
ABANDONED,,,2012,0.3636747672166675
ABANDONED,,,2268,0.7633204213175921
ABANDONED,,,3699,0.1151806287523359
ABANDONED,,,4611,0.6398100968636571
ABANDONED,,,730,0.4887696256637573
ABANDONED,,,470,0.5625481974221767
ABANDONED,,,4088,0.3081411044299602
ABANDONED,,,2501,0.9380283571574836
ABANDONED,,,1431,0.1827396208699792
ABANDONED,,,1428,0.5661960348654538
ABANDONED,,,2507,0.3059398356657475
ABANDONED,,,4085,0.9392682223133741
ABANDONED,,,476,0.1820326243862509
ABANDONED,,,724,0.763056583892554
ABANDONED,,,4615,0.1168608125373721
ABANDONED,,,3693,0.6371344838012009
ABANDONED,,,2272,0.4919478925149887
ABANDONED,,,2006,0.8874578588921576
ABANDONED,,,3436,0.2412592917215078
ABANDONED,,,4974,0.5124897497855126
ABANDONED,,,1092,0.3673060732856393
ABANDONED,,,210,0.6905894559286535
ABANDONED,,,3828,0.4303456891849636
ABANDONED,,,2866,0.8146308663506061
ABANDONED,,,1797,0.0573829549383372
ABANDONED,,,1631,0.847017614107579
ABANDONED,,,3013,0.0312397817596793
ABANDONED,,,3974,0.7235015809107572
ABANDONED,,,43,0.4048344911318272
ABANDONED,,,1239,0.5409856760371476
ABANDONED,,,4809,0.329459975330159
ABANDONED,,,3270,0.9164639303795992
ABANDONED,,,2152,0.2040603934451937
ABANDONED,,,2437,0.6660795975886284
ABANDONED,,,3546,0.4545663293376565
ABANDONED,,,4469,0.7916133786160497
ABANDONED,,,890,0.0791975281964987
ABANDONED,,,329,0.9721193895954638
ABANDONED,,,4250,0.1563387614320963
ABANDONED,,,2674,0.5986436510942876
ABANDONED,,,1282,0.2799794761016964
ABANDONED,,,1340,0.9614121645689012
ABANDONED,,,2771,0.1592794323004782
ABANDONED,,,4308,0.585960559701547
ABANDONED,,,427,0.2848351039681583
ABANDONED,,,792,0.6475832622703164
ABANDONED,,,4411,0.4808901021573692
ABANDONED,,,3448,0.7711259449422359
ABANDONED,,,2379,0.1074514825679361
ABANDONED,,,2093,0.5224472380429506
ABANDONED,,,3172,0.3557644878812134
ABANDONED,,,4750,0.8960181532409041
ABANDONED,,,1141,0.2323331619445234
ABANDONED,,,141,0.8362839942779392
ABANDONED,,,4033,0.034146443689242
ABANDONED,,,3110,0.7108453899472951
ABANDONED,,,1690,0.4097246335633099
ABANDONED,,,1855,0.7480822845455259
ABANDONED,,,2963,0.3806196229252964
ABANDONED,,,3887,0.874091947197914
ABANDONED,,,308,0.0057495458163321
ABANDONED,,,994,0.9215521193444728
ABANDONED,,,4915,0.1993373260833322
ABANDONED,,,3339,0.5485674944575875
ABANDONED,,,1947,0.3234615402314812
ABANDONED,,,2213,0.7971853626277297
ABANDONED,,,3595,0.0749657510463148
ABANDONED,,,4556,0.6731782158166169
ABANDONED,,,626,0.448076960939914
ABANDONED,,,574,0.6237076738923787
ABANDONED,,,4143,0.2562554222233593
ABANDONED,,,2605,0.9987100466098636
ABANDONED,,,1486,0.1303571163062006
ABANDONED,,,1526,0.7783683515507727
ABANDONED,,,2643,0.1009856155645102
ABANDONED,,,4182,0.6527822233401239
ABANDONED,,,613,0.4764067638888955
ABANDONED,,,665,0.5814925723932683
ABANDONED,,,4596,0.2900494085624814
ABANDONED,,,3634,0.9549007354397326
ABANDONED,,,2253,0.1664762693475931
ABANDONED,,,1908,0.7065874921847135
ABANDONED,,,3300,0.4151547383051365
ABANDONED,,,4876,0.8300492746643721
ABANDONED,,,956,0.0416142796501517
ABANDONED,,,269,0.9034711215607822
ABANDONED,,,3848,0.2260835672542452
ABANDONED,,,2925,0.5279233882296829
ABANDONED,,,1816,0.351552628127858
ABANDONED,,,1651,0.5569979423247277
ABANDONED,,,3072,0.3142852769866585
ABANDONED,,,3994,0.9318984759766608
ABANDONED,,,102,0.1883060708772391
ABANDONED,,,1103,0.8630146539825945
ABANDONED,,,4711,0.0160498570036143
ABANDONED,,,3133,0.7389208963774144
ABANDONED,,,2054,0.3890649384334683
ABANDONED,,,2418,0.9874169235043228
ABANDONED,,,3487,0.1404473082050681
ABANDONED,,,4450,0.6142752570677548
ABANDONED,,,831,0.2644239984732121
ABANDONED,,,466,0.6813923616278916
ABANDONED,,,4348,0.4386901062410324
ABANDONED,,,2810,0.8072602110020816
ABANDONED,,,1380,0.0636572769805788
ABANDONED,,,1321,0.6316776068955658
ABANDONED,,,2712,0.4961714114136994
ABANDONED,,,4289,0.7556152747180312
ABANDONED,,,368,0.1231296805087477
ABANDONED,,,929,0.945491282781586
ABANDONED,,,4508,0.1745455151442438
ABANDONED,,,3585,0.5704346593469382
ABANDONED,,,2477,0.3004980717785656
ABANDONED,,,2112,0.8211234980821608
ABANDONED,,,3231,0.0501749346293509
ABANDONED,,,4769,0.6950462599750608
ABANDONED,,,1200,0.4251125871930271
ABANDONED,,,5,0.5073019719775766
ABANDONED,,,3935,0.3718082089517265
ABANDONED,,,2974,0.8802342496812343
ABANDONED,,,1592,0.2477363419868051
ABANDONED,,,1757,0.906407879402861
ABANDONED,,,2827,0.215380050772801
ABANDONED,,,3789,0.5327827134877443
ABANDONED,,,171,0.3388656274266541
ABANDONED,,,1053,0.7329228144735098
ABANDONED,,,4935,0.3966471174843609
ABANDONED,,,3397,0.8582919398155063
ABANDONED,,,1967,0.0211384065989404
ABANDONED,,,2311,0.6077857659813016
ABANDONED,,,3732,0.2715225014481693
ABANDONED,,,4654,0.983185023665428
ABANDONED,,,762,0.1460191769637167
ABANDONED,,,515,0.7812786811292171
ABANDONED,,,4124,0.0902480566836893
ABANDONED,,,2546,0.6576684230025857
ABANDONED,,,1467,0.4637542517278343
ABANDONED,,,1455,0.892804935907945
ABANDONED,,,2564,0.22710990200378
ABANDONED,,,4111,0.5178634762763977
ABANDONED,,,532,0.3531909471787512
ABANDONED,,,751,0.7154290773570537
ABANDONED,,,4672,0.4122982188798487
ABANDONED,,,3719,0.839497137254104
ABANDONED,,,2327,0.039369748244062
ABANDONED,,,1988,0.5910620826985687
ABANDONED,,,3370,0.2879264059010893
ABANDONED,,,4958,0.9641076206713914
ABANDONED,,,1027,0.1639849310107529
ABANDONED,,,192,0.7684305631965399
ABANDONED,,,3762,0.1027459392435848
ABANDONED,,,2849,0.642481813630089
ABANDONED,,,1731,0.4777987556103616
ABANDONED,,,1565,0.6763304159641265
ABANDONED,,,2995,0.4531175559796393
ABANDONED,,,3909,0.801829933380708
ABANDONED,,,27,0.0777221053633838
ABANDONED,,,1172,0.9940654015000908
ABANDONED,,,4791,0.1276008066032081
ABANDONED,,,3204,0.6205553993880749
ABANDONED,,,2135,0.2512148717977106
ABANDONED,,,2494,0.868929615214467
ABANDONED,,,3573,0.0024754302687942
ABANDONED,,,4524,0.745447845628485
ABANDONED,,,917,0.3760967891160398
ABANDONED,,,386,0.5512020077314228
ABANDONED,,,4278,0.3279843294266611
ABANDONED,,,2729,0.9267145256847144
ABANDONED,,,1308,0.2026113970167934
ABANDONED,,,1406,0.5093070782236754
ABANDONED,,,2788,0.3621131806597113
ABANDONED,,,4375,0.8828437298107891
ABANDONED,,,445,0.2386552052479237
ABANDONED,,,858,0.8192450400460511
ABANDONED,,,4427,0.059986967055127
ABANDONED,,,3515,0.6937721721045673
ABANDONED,,,2396,0.4355385074540972
ABANDONED,,,2038,0.944339199539274
ABANDONED,,,3146,0.1850935590043663
ABANDONED,,,4693,0.5689218582827597
ABANDONED,,,1114,0.3106758801471442
ABANDONED,,,85,0.6344086157698184
ABANDONED,,,4007,0.4872119223903864
ABANDONED,,,3054,0.7579855620525777
ABANDONED,,,1662,0.113799952276051
ABANDONED,,,1829,0.7947352114487439
ABANDONED,,,2908,0.084207577465102
ABANDONED,,,3860,0.6707547141127288
ABANDONED,,,251,0.457353050969541
ABANDONED,,,968,0.5939685791842639
ABANDONED,,,4860,0.2771926801130175
ABANDONED,,,3311,0.9689976013768464
ABANDONED,,,1891,0.1513286378066986
ABANDONED,,,2230,0.7183696162421255
ABANDONED,,,3660,0.4015909213554114
ABANDONED,,,4574,0.8443526294194161
ABANDONED,,,692,0.0266865806356072
ABANDONED,,,591,0.9191288704536856
ABANDONED,,,4208,0.2086136689260602
ABANDONED,,,2623,0.5461175960917026
ABANDONED,,,1553,0.3327036194633692
ABANDONED,,,1514,0.7002696091439575
ABANDONED,,,2583,0.428325715297833
ABANDONED,,,4170,0.8236971280127763
ABANDONED,,,551,0.0547586071677505
ABANDONED,,,653,0.8776606941074133
ABANDONED,,,4535,0.2431526248343288
ABANDONED,,,3621,0.5020786971654742
ABANDONED,,,2191,0.368595036232844
ABANDONED,,,1929,0.7525238835569471
ABANDONED,,,3351,0.1180282467398792
ABANDONED,,,4899,0.626972018957138
ABANDONED,,,1008,0.4934760445393621
ABANDONED,,,290,0.5751401729285716
ABANDONED,,,3898,0.3031934832669794
ABANDONED,,,2947,0.9485825995858758
ABANDONED,,,1868,0.1796469935271889
ABANDONED,,,1701,0.978144517853856
ABANDONED,,,3093,0.1428668875880539
ABANDONED,,,4045,0.6050295008923858
ABANDONED,,,125,0.2668778414670378
ABANDONED,,,1153,0.660424762448296
ABANDONED,,,4732,0.4683988670948892
ABANDONED,,,3185,0.7863192612975834
ABANDONED,,,2076,0.0934003014452755
ABANDONED,,,2358,0.5360567398071288
ABANDONED,,,3475,0.3440280486382544
ABANDONED,,,4388,0.9109306239839642
ABANDONED,,,818,0.218014578917995
ABANDONED,,,405,0.8537691208776087
ABANDONED,,,4336,0.018503923067823
ABANDONED,,,2749,0.7296487137973308
ABANDONED,,,1367,0.3914847408868372
ABANDONED,,,1269,0.8352420780621468
ABANDONED,,,2690,0.0447970404401421
ABANDONED,,,4239,0.7091914894301444
ABANDONED,,,347,0.4197689566146582
ABANDONED,,,877,0.5253193463701755
ABANDONED,,,4486,0.3469384841751307
ABANDONED,,,3534,0.8982782735489308
ABANDONED,,,2455,0.2229008808210492
ABANDONED,,,2174,0.6497213779501617
ABANDONED,,,3244,0.4713356974348426
ABANDONED,,,4830,0.7736323962975293
ABANDONED,,,1212,0.098259702919051
ABANDONED,,,66,0.9596367353070528
ABANDONED,,,3948,0.169202107636258
ABANDONED,,,3034,0.5845534623973072
ABANDONED,,,1603,0.2951204006597399
ABANDONED,,,1770,0.6092651185709982
ABANDONED,,,2889,0.2613022548686713
ABANDONED,,,3801,0.984630112644285
ABANDONED,,,232,0.135772280909121
ABANDONED,,,1066,0.8100469772480428
ABANDONED,,,4996,0.0683323786333203
ABANDONED,,,3409,0.6864024555105716
ABANDONED,,,2027,0.4418119242023676
ABANDONED,,,2288,0.9351421349812298
ABANDONED,,,3680,0.1934379463177174
ABANDONED,,,4633,0.561551232676953
ABANDONED,,,712,0.3169501724466681
ABANDONED,,,493,0.7343676506392657
ABANDONED,,,4072,0.3863999686166644
ABANDONED,,,2524,0.8597710395921022
ABANDONED,,,1416,0.0109179072063416
ABANDONED,,,1418,0.8623450691904871
ABANDONED,,,2536,0.0095316976550966
ABANDONED,,,4075,0.7364229672402143
ABANDONED,,,505,0.3846187757737934
ABANDONED,,,714,0.5602268247753381
ABANDONED,,,4644,0.3194624003954231
ABANDONED,,,3683,0.9332990140821784
ABANDONED,,,2301,0.1955551909748464
ABANDONED,,,2015,0.6848639446552843
ABANDONED,,,3407,0.4441118337605148
ABANDONED,,,4984,0.808905353218317
ABANDONED,,,1063,0.0711490976549685
ABANDONED,,,220,0.9869900392889976
ABANDONED,,,3799,0.1341737529672682
ABANDONED,,,2876,0.6120219320412725
ABANDONED,,,1767,0.2602205363903194
ABANDONED,,,1621,0.5820412493199109
ABANDONED,,,3042,0.2964448234327137
ABANDONED,,,3964,0.9575195055212824
ABANDONED,,,73,0.1710452434066682
ABANDONED,,,1229,0.7750186207201331
ABANDONED,,,4838,0.0956856881920248
ABANDONED,,,3260,0.6515025856643915
ABANDONED,,,2181,0.4692803957052528
ABANDONED,,,2447,0.8998767866194248
ABANDONED,,,3516,0.2205409393049776
ABANDONED,,,4479,0.5264010499771684
ABANDONED,,,861,0.3441816558334976
ABANDONED,,,339,0.7068915650006383
ABANDONED,,,4221,0.4213074525985866
ABANDONED,,,2683,0.8324253441691398
ABANDONED,,,1253,0.045938649598509
ABANDONED,,,1350,0.7273792644999921
ABANDONED,,,2742,0.3930537045672535
ABANDONED,,,4319,0.8509219490308314
ABANDONED,,,397,0.0196150868367403
ABANDONED,,,802,0.9125596121866256
ABANDONED,,,4381,0.2156851050984114
ABANDONED,,,3458,0.5371080054603516
ABANDONED,,,2350,0.3412407749071717
ABANDONED,,,2083,0.7876750180236995
ABANDONED,,,3202,0.0907958115860819
ABANDONED,,,4740,0.6622364155519753
ABANDONED,,,1171,0.4663740033190697
ABANDONED,,,132,0.6024868201185017
ABANDONED,,,4062,0.2681717891078442
ABANDONED,,,3101,0.9760577334575355
ABANDONED,,,1719,0.1447404613122343
ABANDONED,,,1865,0.9509120882768184
ABANDONED,,,2934,0.1780180201958865
ABANDONED,,,3897,0.5779274615310132
ABANDONED,,,279,0.3021422324851155
ABANDONED,,,1005,0.6254030701480806
ABANDONED,,,4886,0.4957455087080597
ABANDONED,,,3349,0.7514127346593886
ABANDONED,,,1918,0.1208754334580153
ABANDONED,,,2204,0.5007847346533089
ABANDONED,,,3624,0.3711377021353691
ABANDONED,,,4547,0.8757871055118739
ABANDONED,,,655,0.2452393943592905
ABANDONED,,,564,0.826301603000611
ABANDONED,,,4173,0.0534028355702757
ABANDONED,,,2595,0.7022944580484181
ABANDONED,,,1516,0.4265140473227947
ABANDONED,,,1555,0.5445790852364152
ABANDONED,,,2634,0.3350035290215164
ABANDONED,,,4211,0.9179872464239596
ABANDONED,,,603,0.2114303879477083
ABANDONED,,,694,0.8467125560641288
ABANDONED,,,4586,0.0250880526937544
ABANDONED,,,3664,0.7211264297123998
ABANDONED,,,2243,0.4005092028770596
ABANDONED,,,1879,0.9715716309752316
ABANDONED,,,3310,0.1499424282554537
ABANDONED,,,4847,0.5960238957852125
ABANDONED,,,965,0.2754114872701465
ABANDONED,,,239,0.6694303062111138
ABANDONED,,,3858,0.459865278918296
ABANDONED,,,2895,0.7928920905496925
ABANDONED,,,1826,0.0863248221222311
ABANDONED,,,1680,0.7595840751230716
ABANDONED,,,3062,0.1114400107599794
ABANDONED,,,4023,0.6354903193768113
ABANDONED,,,92,0.4844550940487533
ABANDONED,,,1132,0.5666219338532537
ABANDONED,,,4701,0.3122143761310726
ABANDONED,,,3162,0.9415224656462668
ABANDONED,,,2044,0.1862351681627333
ABANDONED,,,2388,0.6912599590271711
ABANDONED,,,3497,0.436862930227071
ABANDONED,,,4420,0.8171278102602809
ABANDONED,,,841,0.0618301028255373
ABANDONED,,,437,0.8842299542333931
ABANDONED,,,4357,0.2360811905208975
ABANDONED,,,2781,0.5110882859379053
ABANDONED,,,1389,0.3600578789301216
ABANDONED,,,1292,0.9280702824108302
ABANDONED,,,2722,0.2000069071575999
ABANDONED,,,4260,0.5530136608351021
ABANDONED,,,378,0.3259594656508416
ABANDONED,,,900,0.742905164854601
ABANDONED,,,4518,0.3773907367568463
ABANDONED,,,3556,0.8668428308181465
ABANDONED,,,2486,0.0043490039929747
ABANDONED,,,2142,0.6182859500907361
ABANDONED,,,3221,0.2527838354781269
ABANDONED,,,4799,0.9912182296533136
ABANDONED,,,1190,0.1287119703721255
ABANDONED,,,34,0.8034589215833694
ABANDONED,,,3925,0.0753926315438002
ABANDONED,,,3003,0.6773816816173494
ABANDONED,,,1582,0.4503302822485565
ABANDONED,,,1728,0.6411878511179238
ABANDONED,,,2836,0.4803414215128868
ABANDONED,,,3760,0.7665569746010005
ABANDONED,,,181,0.1048327087685465
ABANDONED,,,1024,0.9667120956592262
ABANDONED,,,4945,0.1626291594132781
ABANDONED,,,3368,0.5930869316030293
ABANDONED,,,1977,0.286114737926051
ABANDONED,,,2340,0.8418266259450465
ABANDONED,,,3722,0.0377407749127596
ABANDONED,,,4683,0.7182163659594953
ABANDONED,,,753,0.4112469680979847
ABANDONED,,,545,0.5162945274673402
ABANDONED,,,4114,0.3554604113474488
ABANDONED,,,2575,0.8916937870103865
ABANDONED,,,1457,0.229957088721916
ABANDONED,,,1485,0.6590233023185283
ABANDONED,,,2554,0.4611506690215319
ABANDONED,,,4140,0.7830913603566587
ABANDONED,,,522,0.0882221965268254
ABANDONED,,,780,0.9806414654813707
ABANDONED,,,4662,0.1473140317574143
ABANDONED,,,3748,0.6057000077087432
ABANDONED,,,2318,0.2733950787913054
ABANDONED,,,1959,0.8560233679283409
ABANDONED,,,3380,0.0227064631264656
ABANDONED,,,4928,0.7300746165029705
ABANDONED,,,1037,0.3977592776343226
ABANDONED,,,163,0.534412579100579
ABANDONED,,,3771,0.3365352464541792
ABANDONED,,,2820,0.9074581189323216
ABANDONED,,,1741,0.2125937734227627
ABANDONED,,,1594,0.8789394097588956
ABANDONED,,,2986,0.2502799150422215
ABANDONED,,,3938,0.5054294095057993
ABANDONED,,,17,0.3738939820956438
ABANDONED,,,1202,0.6976498575527221
ABANDONED,,,4781,0.4237577227484434
ABANDONED,,,3234,0.8231493731103837
ABANDONED,,,2125,0.0483622702732682
ABANDONED,,,2465,0.572765025448054
ABANDONED,,,3583,0.298868191294372
ABANDONED,,,4496,0.9482775452602654
ABANDONED,,,926,0.1734952607434243
ABANDONED,,,356,0.7540472033191472
ABANDONED,,,4287,0.1253982375245541
ABANDONED,,,2700,0.6305654318742454
ABANDONED,,,1318,0.4990195945128798
ABANDONED,,,1377,0.8057226072996854
ABANDONED,,,2797,0.0659563091285526
ABANDONED,,,4346,0.6802497412171215
ABANDONED,,,454,0.4415078513864427
ABANDONED,,,828,0.6166360908653588
ABANDONED,,,4437,0.2628245931211858
ABANDONED,,,3485,0.9901727405935524
ABANDONED,,,2407,0.1393666158504784
ABANDONED,,,2067,0.7414940188229084
ABANDONED,,,3136,0.3876796062923967
ABANDONED,,,4722,0.8650709669645875
ABANDONED,,,1105,0.0142676380369812
ABANDONED,,,115,0.9305731609221548
ABANDONED,,,3997,0.1908191762361675
ABANDONED,,,3083,0.5551558178067207
ABANDONED,,,1652,0.3164014955200254
ABANDONED,,,1799,0.529522808453068
ABANDONED,,,2918,0.349191809201613
ABANDONED,,,3830,0.9045518287867308
ABANDONED,,,261,0.2233277650363743
ABANDONED,,,939,0.8277502573877573
ABANDONED,,,4869,0.0431518982239067
ABANDONED,,,3282,0.703769761910662
ABANDONED,,,1900,0.4162973735872655
ABANDONED,,,2259,0.9523876152094451
ABANDONED,,,3651,0.1678015695307403
ABANDONED,,,4604,0.5793763389885425
ABANDONED,,,682,0.2918915182091295
ABANDONED,,,620,0.6541675406098366
ABANDONED,,,4199,0.4738336265720426
ABANDONED,,,2651,0.7801505556460469
ABANDONED,,,1543,0.0989292877111584
ABANDONED,,,1504,0.9964414747226982
ABANDONED,,,2613,0.1319251728337258
ABANDONED,,,4160,0.6208594759218394
ABANDONED,,,581,0.257367582373321
ABANDONED,,,644,0.6748080814294517
ABANDONED,,,4564,0.4457465799674391
ABANDONED,,,3612,0.7982356021571904
ABANDONED,,,2220,0.0721794736962765
ABANDONED,,,1939,0.5499223737735301
ABANDONED,,,3321,0.3208579575251788
ABANDONED,,,4909,0.9233647985719144
ABANDONED,,,978,0.1973114659264683
ABANDONED,,,300,0.8715483890138566
ABANDONED,,,3869,0.0070444006100296
ABANDONED,,,2957,0.7459965262729674
ABANDONED,,,1839,0.3824922002684325
ABANDONED,,,1692,0.7131757560484111
ABANDONED,,,3122,0.4080947530791163
ABANDONED,,,4036,0.8390702567566186
ABANDONED,,,154,0.0330961892884224
ABANDONED,,,1143,0.8944500818420201
ABANDONED,,,4762,0.2346017189603298
ABANDONED,,,3175,0.52133506302163
ABANDONED,,,2106,0.3586126709803938
ABANDONED,,,2367,0.7698311050198972
ABANDONED,,,3446,0.1099950556233525
ABANDONED,,,4398,0.6457106997985392
ABANDONED,,,789,0.4829758753012866
ABANDONED,,,415,0.5885641572792082
ABANDONED,,,4307,0.2834802395235747
ABANDONED,,,2759,0.9634380395971238
ABANDONED,,,1337,0.1574667679443955
ABANDONED,,,1279,0.6012167735397815
ABANDONED,,,2661,0.2785941439606249
ABANDONED,,,4248,0.9741757025774568
ABANDONED,,,318,0.1545565424654632
ABANDONED,,,887,0.7902880635615437
ABANDONED,,,4456,0.0817106335554271
ABANDONED,,,3544,0.6642374730706215
ABANDONED,,,2426,0.4566825478710234
ABANDONED,,,2165,0.9149263266772032
ABANDONED,,,3273,0.2063594255931675
ABANDONED,,,4820,0.5398430556263774
ABANDONED,,,1241,0.3322777204755693
ABANDONED,,,56,0.7258624147083609
ABANDONED,,,3977,0.4032350857798009
ABANDONED,,,3024,0.8497734311968088
ABANDONED,,,1633,0.0301590894050896
ABANDONED,,,1780,0.8121177461203187
ABANDONED,,,2859,0.0587082551214843
ABANDONED,,,3811,0.6884732225239277
ABANDONED,,,202,0.4321877988316118
ABANDONED,,,1075,0.5138750670552253
ABANDONED,,,4967,0.3647329359687864
ABANDONED,,,3419,0.8892400629874317
ABANDONED,,,1998,0.239202963868156
ABANDONED,,,2278,0.638733904024586
ABANDONED,,,3710,0.4895870735887438
ABANDONED,,,4623,0.7641372911185025
ABANDONED,,,741,0.1141050103195011
ABANDONED,,,483,0.9369692050367594
ABANDONED,,,4101,0.1835702429600059
ABANDONED,,,2515,0.5633783045914023
ABANDONED,,,1445,0.3070824709478765
ABANDONED,,,1442,0.6366369336768984
ABANDONED,,,2511,0.491455603133887
ABANDONED,,,4098,0.7625952027719468
ABANDONED,,,479,0.1163932709563523
ABANDONED,,,740,0.938761126635596
ABANDONED,,,4622,0.1815194277334958
ABANDONED,,,3708,0.5657136832699179
ABANDONED,,,2278,0.3054628042988479
ABANDONED,,,2001,0.81414667070657
ABANDONED,,,3423,0.0569077676199376
ABANDONED,,,4971,0.6900843232702463
ABANDONED,,,1080,0.4298305295128375
ABANDONED,,,204,0.5120303316842764
ABANDONED,,,3812,0.3668365686852484
ABANDONED,,,2860,0.8869584647193551
ABANDONED,,,1781,0.2407688463889062
ABANDONED,,,1634,0.916977158633992
ABANDONED,,,3026,0.204567461239174
ABANDONED,,,3978,0.541462735287845
ABANDONED,,,58,0.3299422953240573
ABANDONED,,,1245,0.7239938386902212
ABANDONED,,,4824,0.4053320691399276
ABANDONED,,,3277,0.8474851278048008
ABANDONED,,,2168,0.0317011944819241
ABANDONED,,,2425,0.5991131278108806
ABANDONED,,,3542,0.2804389258045703
ABANDONED,,,4455,0.972609803326428
ABANDONED,,,886,0.1568381834886968
ABANDONED,,,314,0.7920885938182473
ABANDONED,,,4245,0.079681692238897
ABANDONED,,,2657,0.6665947888623923
ABANDONED,,,1275,0.4550714341122656
ABANDONED,,,1334,0.7716387307737022
ABANDONED,,,2755,0.1079589927848428
ABANDONED,,,4303,0.6480598790980875
ABANDONED,,,411,0.4813728645741939
ABANDONED,,,788,0.5864524345435203
ABANDONED,,,4397,0.2853330649137497
ABANDONED,,,3445,0.961879295328632
ABANDONED,,,2366,0.159741227960214
ABANDONED,,,2109,0.7113143647555262
ABANDONED,,,3179,0.4101845851745456
ABANDONED,,,4765,0.8367739061005413
ABANDONED,,,1147,0.0346463676542043
ABANDONED,,,155,0.8964928070493042
ABANDONED,,,4037,0.2328178873807191
ABANDONED,,,3124,0.5229618679229169
ABANDONED,,,1692,0.35627015404962
ABANDONED,,,1840,0.5480695019103586
ABANDONED,,,2958,0.3229696932733058
ABANDONED,,,3870,0.9210902958009392
ABANDONED,,,301,0.1988702269252389
ABANDONED,,,982,0.873584468582645
ABANDONED,,,4912,0.0052367321010679
ABANDONED,,,3325,0.7475995500124991
ABANDONED,,,1943,0.3801429744958877
ABANDONED,,,2219,0.9982253490574656
ABANDONED,,,3610,0.1298824308961629
ABANDONED,,,4563,0.6232020393256098
ABANDONED,,,642,0.255740764459595
ABANDONED,,,577,0.6727182363215833
ABANDONED,,,4156,0.4476080177333205
ABANDONED,,,2609,0.7966854070611297
ABANDONED,,,1501,0.0744758671075105
ABANDONED,,,1539,0.9544389063194392
ABANDONED,,,2648,0.1660091720484197
ABANDONED,,,4195,0.5809945779871195
ABANDONED,,,616,0.2895575671810656
ABANDONED,,,682,0.6522994869481771
ABANDONED,,,4602,0.4759301210362464
ABANDONED,,,3650,0.777860867358744
ABANDONED,,,2258,0.1004728037081658
ABANDONED,,,1904,0.5274177480861544
ABANDONED,,,3285,0.3510379722230136
ABANDONED,,,4874,0.9029864221494645
ABANDONED,,,942,0.2256088874209672
ABANDONED,,,262,0.8295493172388523
ABANDONED,,,3831,0.041124401288107
ABANDONED,,,2919,0.7061275071129202
ABANDONED,,,1801,0.414685796957463
ABANDONED,,,1654,0.7393975113462656
ABANDONED,,,3084,0.3895477064270526
ABANDONED,,,3998,0.8635274342373013
ABANDONED,,,116,0.0165573690794408
ABANDONED,,,1108,0.932365601159632
ABANDONED,,,4726,0.1887678683958947
ABANDONED,,,3140,0.557489815307781
ABANDONED,,,2071,0.3147832435090094
ABANDONED,,,2405,0.8077501209657639
ABANDONED,,,3484,0.0641572065223008
ABANDONED,,,4435,0.681861330859363
ABANDONED,,,827,0.439150059711188
ABANDONED,,,451,0.6147898813709616
ABANDONED,,,4342,0.2649296665005385
ABANDONED,,,2794,0.9878915754538028
ABANDONED,,,1373,0.1409320392180234
ABANDONED,,,1314,0.5709117241743951
ABANDONED,,,2696,0.300980389913544
ABANDONED,,,4283,0.9460045128948986
ABANDONED,,,353,0.1750525773614645
ABANDONED,,,925,0.756082790274173
ABANDONED,,,4494,0.1235910876542329
ABANDONED,,,3582,0.6321698702517897
ABANDONED,,,2464,0.4966689875628799
ABANDONED,,,2129,0.8807246689889578
ABANDONED,,,3237,0.2482357621844857
ABANDONED,,,4785,0.5077714505530893
ABANDONED,,,1206,0.3722676530778408
ABANDONED,,,18,0.6955614531077444
ABANDONED,,,3940,0.4256176863908767
ABANDONED,,,2986,0.8215987188611179
ABANDONED,,,1595,0.0506590968128293
ABANDONED,,,1742,0.8578305605538188
ABANDONED,,,2821,0.0206708594411611
ABANDONED,,,3773,0.7324252699259669
ABANDONED,,,164,0.3961548262443393
ABANDONED,,,1040,0.532300367468968
ABANDONED,,,4932,0.3383885942008346
ABANDONED,,,3383,0.9059007855840028
ABANDONED,,,1963,0.2148668485432863
ABANDONED,,,2316,0.6571632922030985
ABANDONED,,,3747,0.4632390864789485
ABANDONED,,,4661,0.7807944910619407
ABANDONED,,,779,0.0897728675063699
ABANDONED,,,519,0.9826856350693852
ABANDONED,,,4136,0.1455287297721952
ABANDONED,,,2550,0.6073263497389852
ABANDONED,,,1481,0.271052991271019
ABANDONED,,,1458,0.8399566222764551
ABANDONED,,,2576,0.0398391859233379
ABANDONED,,,4115,0.7159285384509712
ABANDONED,,,546,0.4127885972913354
ABANDONED,,,756,0.5183477388415486
ABANDONED,,,4687,0.3536660675760358
ABANDONED,,,3726,0.893310135487467
ABANDONED,,,2344,0.2276249947547912
ABANDONED,,,1975,0.6429888572581112
ABANDONED,,,3367,0.4783120043128729
ABANDONED,,,4943,0.7689128627423197
ABANDONED,,,1023,0.1032230226602405
ABANDONED,,,177,0.964605118745938
ABANDONED,,,3756,0.1644772724416107
ABANDONED,,,2833,0.5915234117694199
ABANDONED,,,1724,0.2883939995318651
ABANDONED,,,1578,0.6200802511069923
ABANDONED,,,3000,0.2507306408341973
ABANDONED,,,3922,0.993550277147442
ABANDONED,,,30,0.127095634907484
ABANDONED,,,1189,0.8013605235852301
ABANDONED,,,4797,0.0772625887393951
ABANDONED,,,3220,0.6758400691542774
ABANDONED,,,2140,0.4526180670019239
ABANDONED,,,2490,0.926222215855494
ABANDONED,,,3559,0.2021138710584491
ABANDONED,,,4522,0.5507344419844448
ABANDONED,,,903,0.3275229687541723
ABANDONED,,,379,0.7449345653243363
ABANDONED,,,4261,0.3755897733718157
ABANDONED,,,2723,0.8684525039140135
ABANDONED,,,1293,0.001993162324652
ABANDONED,,,1391,0.6932974662464111
ABANDONED,,,2782,0.4350538340676575
ABANDONED,,,4359,0.8187303581163285
ABANDONED,,,438,0.0594813529364764
ABANDONED,,,845,0.8823747029528021
ABANDONED,,,4424,0.238195305686444
ABANDONED,,,3501,0.5088171143513172
ABANDONED,,,2392,0.361613308744505
ABANDONED,,,2043,0.7574937541317194
ABANDONED,,,3161,0.1133019244093447
ABANDONED,,,4700,0.6339415519312023
ABANDONED,,,1131,0.4867500598095357
ABANDONED,,,89,0.5684091393724084
ABANDONED,,,4019,0.3101683030091226
ABANDONED,,,3058,0.9438626496326176
ABANDONED,,,1676,0.1846107296664267
ABANDONED,,,1822,0.969457528822124
ABANDONED,,,2892,0.1517976330630481
ABANDONED,,,3854,0.5944684827011077
ABANDONED,,,236,0.2776826161015779
ABANDONED,,,964,0.6712393596153706
ABANDONED,,,4846,0.4578277884293347
ABANDONED,,,3308,0.7952407939657568
ABANDONED,,,1878,0.0847222872786223
ABANDONED,,,2246,0.5466251416280866
ABANDONED,,,3667,0.3332163662575185
ABANDONED,,,4590,0.9196116719078272
ABANDONED,,,698,0.2090902504343539
ABANDONED,,,604,0.84485068888776
ABANDONED,,,4213,0.0271783606726676
ABANDONED,,,2635,0.7188315067067742
ABANDONED,,,1556,0.4020579535923898
ABANDONED,,,1517,0.502578602541238
ABANDONED,,,2596,0.3690849666446447
ABANDONED,,,4174,0.8781206271294504
ABANDONED,,,565,0.2436216182317584
ABANDONED,,,659,0.8242027161065489
ABANDONED,,,4550,0.055273315122351
ABANDONED,,,3628,0.7007542565055191
ABANDONED,,,2207,0.4288004471808671
ABANDONED,,,1917,0.9490654028989374
ABANDONED,,,3347,0.180123569458723
ABANDONED,,,4885,0.5756477240417152
ABANDONED,,,1003,0.3037062282022088
ABANDONED,,,275,0.6274339149985462
ABANDONED,,,3893,0.4939430749174207
ABANDONED,,,2930,0.7530219448842108
ABANDONED,,,1861,0.11852002120018
ABANDONED,,,1715,0.7858045849446206
ABANDONED,,,3097,0.0928946854677051
ABANDONED,,,4058,0.6599500584490597
ABANDONED,,,128,0.46791418813169
ABANDONED,,,1169,0.6045395388789475
ABANDONED,,,4739,0.2663779639750719
ABANDONED,,,3200,0.9776754965726286
ABANDONED,,,2082,0.1424069861676544
ABANDONED,,,2353,0.7291816555354744
ABANDONED,,,3462,0.3910228764470666
ABANDONED,,,4385,0.8532773148156702
ABANDONED,,,806,0.0180058896243572
ABANDONED,,,399,0.910454075936228
ABANDONED,,,4320,0.2175317440032958
ABANDONED,,,2743,0.535544026473537
ABANDONED,,,1351,0.3435204696413129
ABANDONED,,,1254,0.8977631473373621
ABANDONED,,,2685,0.2223957147020846
ABANDONED,,,4222,0.5248441925123333
ABANDONED,,,340,0.3464542550705373
ABANDONED,,,865,0.7087011370435355
ABANDONED,,,4483,0.4192694694958627
ABANDONED,,,3520,0.834772666407749
ABANDONED,,,2451,0.0443375293929129
ABANDONED,,,2180,0.5840858947914093
ABANDONED,,,3259,0.2946590455640107
ABANDONED,,,4837,0.959144419901073
ABANDONED,,,1228,0.1687045835368335
ABANDONED,,,69,0.7731552794203163
ABANDONED,,,3961,0.0977774368338286
ABANDONED,,,3038,0.649208095787093
ABANDONED,,,1618,0.4708286872673779
ABANDONED,,,1764,0.6869019110277294
ABANDONED,,,2872,0.4423023044727742
ABANDONED,,,3796,0.8105064604114741
ABANDONED,,,216,0.0688018218893557
ABANDONED,,,1062,0.9851353103648872
ABANDONED,,,4983,0.1362873792368918
ABANDONED,,,3406,0.6097493755593895
ABANDONED,,,2014,0.2617773771248758
ABANDONED,,,2305,0.8602533335611224
ABANDONED,,,3687,0.0113949924819171
ABANDONED,,,4648,0.734874692408368
ABANDONED,,,717,0.3869132228959351
ABANDONED,,,507,0.5620125598888844
ABANDONED,,,4076,0.3174177716542035
ABANDONED,,,2538,0.9356396274790169
ABANDONED,,,1419,0.193930289607495
ABANDONED,,,1412,0.9327915038652717
ABANDONED,,,2521,0.1950424051433801
ABANDONED,,,4068,0.5597440623585134
ABANDONED,,,489,0.3189857835676521
ABANDONED,,,711,0.7359250062946229
ABANDONED,,,4632,0.3841269009318202
ABANDONED,,,3679,0.8618832735307514
ABANDONED,,,2287,0.0090645668953657
ABANDONED,,,2031,0.6115619804300367
ABANDONED,,,3413,0.2597515615820884
ABANDONED,,,5000,0.9864901153240352
ABANDONED,,,1069,0.133683841144666
ABANDONED,,,232,0.8084206277821213
ABANDONED,,,3802,0.0706744438465684
ABANDONED,,,2889,0.6843582784868776
ABANDONED,,,1772,0.4435972038805484
ABANDONED,,,1605,0.6519944326225668
ABANDONED,,,3035,0.4697783882524818
ABANDONED,,,3949,0.7754857198782265
ABANDONED,,,67,0.0961475117355585
ABANDONED,,,1215,0.9580323192365467
ABANDONED,,,4834,0.1715527220219373
ABANDONED,,,3247,0.5825178977493197
ABANDONED,,,2178,0.2969275579657405
ABANDONED,,,2454,0.8329000295791775
ABANDONED,,,3533,0.0464233471509069
ABANDONED,,,4484,0.7074062227644026
ABANDONED,,,876,0.4218130871653557
ABANDONED,,,343,0.5268699931837618
ABANDONED,,,4235,0.3446416353285312
ABANDONED,,,2687,0.900366670558229
ABANDONED,,,1265,0.2210408948715776
ABANDONED,,,1363,0.5376002948414534
ABANDONED,,,2745,0.3417383250314742
ABANDONED,,,4332,0.9130271537676452
ABANDONED,,,402,0.2161464862190186
ABANDONED,,,818,0.8514351456835865
ABANDONED,,,4387,0.0201221825145184
ABANDONED,,,3475,0.7278562958668917
ABANDONED,,,2356,0.3935360561627894
ABANDONED,,,2081,0.976532920775935
ABANDONED,,,3188,0.1452246569562703
ABANDONED,,,4736,0.6030019797906279
ABANDONED,,,1157,0.2686769217662513
ABANDONED,,,126,0.6627059201523661
ABANDONED,,,4047,0.4668334214203059
ABANDONED,,,3094,0.7881654633563012
ABANDONED,,,1703,0.0912952057588845
ABANDONED,,,1869,0.7509056668654083
ABANDONED,,,2948,0.1203622052036225
ABANDONED,,,3900,0.6249207501541822
ABANDONED,,,291,0.4952684494573623
ABANDONED,,,1011,0.5774298835229129
ABANDONED,,,4903,0.3016499747056514
ABANDONED,,,3354,0.9504506755545736
ABANDONED,,,1933,0.1775505064986646
ABANDONED,,,2189,0.7018350083455444
ABANDONED,,,3620,0.4260445706062018
ABANDONED,,,4534,0.8258021809440105
ABANDONED,,,652,0.0529124218393117
ABANDONED,,,548,0.8753029414694756
ABANDONED,,,4166,0.2447641791570931
ABANDONED,,,2580,0.5002796298786997
ABANDONED,,,1510,0.3706225108616054
ABANDONED,,,1549,0.7206441115774214
ABANDONED,,,2618,0.4000321380496025
ABANDONED,,,4205,0.8462054938469082
ABANDONED,,,587,0.0245748225804418
ABANDONED,,,691,0.9175258392784744
ABANDONED,,,4573,0.2109628723915666
ABANDONED,,,3659,0.5440815090872347
ABANDONED,,,2229,0.3345112656652927
ABANDONED,,,1894,0.7923926703520118
ABANDONED,,,3315,0.0858344028145074
ABANDONED,,,4863,0.6689708620849996
ABANDONED,,,972,0.4593958003427833
ABANDONED,,,252,0.5955187965873628
ABANDONED,,,3861,0.2748962941374629
ABANDONED,,,2909,0.971087468791753
ABANDONED,,,1830,0.1494672074764966
ABANDONED,,,1663,0.9419900128040462
ABANDONED,,,3055,0.1866965474244207
ABANDONED,,,4008,0.5671142250932752
ABANDONED,,,87,0.3127119206786155
ABANDONED,,,1118,0.6359673526026308
ABANDONED,,,4697,0.4849374400675297
ABANDONED,,,3150,0.7600972773525863
ABANDONED,,,2041,0.1119471045788377
ABANDONED,,,2395,0.511603451186791
ABANDONED,,,3513,0.3605630097296089
ABANDONED,,,4426,0.8847051434107124
ABANDONED,,,857,0.2365653805881738
ABANDONED,,,441,0.8176182574518024
ABANDONED,,,4372,0.0623294914215803
ABANDONED,,,2784,0.6917294692043215
ABANDONED,,,1402,0.4373223464693873
ABANDONED,,,1305,0.8673099281173199
ABANDONED,,,2725,0.004810833113268
ABANDONED,,,4274,0.7433970062360167
ABANDONED,,,382,0.377888731162995
ABANDONED,,,915,0.5534903036877513
ABANDONED,,,4524,0.3264422020427882
ABANDONED,,,3572,0.9285830942671744
ABANDONED,,,2493,0.2005143913496285
ABANDONED,,,2139,0.6778963375221938
ABANDONED,,,3208,0.4508359223920851
ABANDONED,,,4794,0.8039336014166473
ABANDONED,,,1177,0.0758773309551179
ABANDONED,,,28,0.9917081080153584
ABANDONED,,,3910,0.1292119277976453
ABANDONED,,,2997,0.6187548914384096
ABANDONED,,,1566,0.2532438205499202
ABANDONED,,,1732,0.5926041636094451
ABANDONED,,,2851,0.2856381229571998
ABANDONED,,,3763,0.9662045835833996
ABANDONED,,,194,0.1621163791585713
ABANDONED,,,1031,0.7660951770823448
ABANDONED,,,4961,0.1043655835855752
ABANDONED,,,3374,0.6406898845955729
ABANDONED,,,1991,0.4798495485298335
ABANDONED,,,2327,0.8911938574686646
ABANDONED,,,3718,0.2294671787582337
ABANDONED,,,4671,0.5158345739971846
ABANDONED,,,749,0.3549914421159773
ABANDONED,,,528,0.7177106979321687
ABANDONED,,,4107,0.4107323437947779
ABANDONED,,,2560,0.8413418949320912
ABANDONED,,,1452,0.0372661229632794
ABANDONED,,,1468,0.6061846810951828
ABANDONED,,,2547,0.2738697846494614
ABANDONED,,,4125,0.9811470796000212
ABANDONED,,,517,0.1478287136871367
ABANDONED,,,766,0.7835512599181383
ABANDONED,,,4658,0.0886912233848124
ABANDONED,,,3736,0.6595231742337346
ABANDONED,,,2314,0.4616406328938901
ABANDONED,,,1966,0.907956146799028
ABANDONED,,,3396,0.213085581343621
ABANDONED,,,4934,0.5348744416814297
ABANDONED,,,1052,0.3370023102927953
ABANDONED,,,167,0.730582193640992
ABANDONED,,,3786,0.398271996544674
ABANDONED,,,2823,0.8565061972662806
ABANDONED,,,1754,0.0231830130331218
ABANDONED,,,1589,0.8226803778540343
ABANDONED,,,2970,0.0479023428279906
ABANDONED,,,3932,0.6971599215641617
ABANDONED,,,1,0.4232578192315995
ABANDONED,,,1199,0.5049546720460057
ABANDONED,,,4768,0.373409336593002
ABANDONED,,,3230,0.8784246999453753
ABANDONED,,,2111,0.2497743325252085
ABANDONED,,,2480,0.6300526850800962
ABANDONED,,,3588,0.4985120489764958
ABANDONED,,,4512,0.7535706218108534
ABANDONED,,,933,0.1249154360704124
ABANDONED,,,370,0.9477857652232052
ABANDONED,,,4290,0.1729972012750804
ABANDONED,,,2714,0.5722979932110756
ABANDONED,,,1322,0.2984063008297234
ABANDONED,,,1381,0.9897033029142768
ABANDONED,,,2812,0.1389071308281272
ABANDONED,,,4349,0.616145712453872
ABANDONED,,,467,0.2623251320272684
ABANDONED,,,835,0.6797746208198368
ABANDONED,,,4453,0.4410235888212919
ABANDONED,,,3491,0.8052075145486742
ABANDONED,,,2421,0.0654511095490306
ABANDONED,,,2053,0.5546425691042095
ABANDONED,,,3132,0.3158944518920034
ABANDONED,,,4710,0.9300960775054992
ABANDONED,,,1101,0.1903368766903877
ABANDONED,,,98,0.8645786255337297
ABANDONED,,,3990,0.0137701399624347
ABANDONED,,,3068,0.7410264251921325
ABANDONED,,,1647,0.3872182772215455
ABANDONED,,,1812,0.7042539928741753
ABANDONED,,,2921,0.4167725218683481
ABANDONED,,,3844,0.8282554290834813
ABANDONED,,,265,0.0436670225765556
ABANDONED,,,954,0.9050113454107194
ABANDONED,,,4875,0.2237971748318523
ABANDONED,,,3298,0.5300222974307836
ABANDONED,,,1907,0.3496821560114621
ABANDONED,,,2256,0.7806480816043913
ABANDONED,,,3638,0.0994215975403785
ABANDONED,,,4599,0.6546289012823254
ABANDONED,,,669,0.4743011923190206
ABANDONED,,,614,0.5798833547327668
ABANDONED,,,4184,0.2924047985132783
ABANDONED,,,2645,0.9528698831535876
ABANDONED,,,1527,0.1682786808311939
ABANDONED,,,1488,0.798740768276155
ABANDONED,,,2606,0.0726945999078452
ABANDONED,,,4145,0.6752923105340451
ABANDONED,,,575,0.4462217338252812
ABANDONED,,,629,0.6213589630406349
ABANDONED,,,4560,0.2578579347599297
ABANDONED,,,3599,0.9969009857699274
ABANDONED,,,2217,0.1323945844881236
ABANDONED,,,1946,0.7464578813686967
ABANDONED,,,3338,0.3829597678743302
ABANDONED,,,4914,0.8720459131132811
ABANDONED,,,993,0.0075367160160094
ABANDONED,,,304,0.9238470646571368
ABANDONED,,,3883,0.1977885828036815
ABANDONED,,,2960,0.5504293839409947
ABANDONED,,,1851,0.3213712396882474
ABANDONED,,,1686,0.5208446827512234
ABANDONED,,,3107,0.3581132154632359
ABANDONED,,,4029,0.8939806385859848
ABANDONED,,,138,0.2341422357968986
ABANDONED,,,1140,0.8385551584288476
ABANDONED,,,4749,0.0325909915678203
ABANDONED,,,3171,0.7127006337922066
ABANDONED,,,2092,0.407610496090725
ABANDONED,,,2383,0.9629609543215484
ABANDONED,,,3452,0.1569844739753752
ABANDONED,,,4414,0.5880509029999375
ABANDONED,,,796,0.2829731977544724
ABANDONED,,,428,0.6452431005910038
ABANDONED,,,4310,0.4825145480893552
ABANDONED,,,2772,0.7693387617301196
ABANDONED,,,1342,0.1094975631255656
ABANDONED,,,1283,0.6637475426588207
ABANDONED,,,2675,0.4561826424952596
ABANDONED,,,4251,0.7898190701641142
ABANDONED,,,330,0.08125070053339
ABANDONED,,,893,0.9736609946228564
ABANDONED,,,4473,0.1540509543716907
ABANDONED,,,3549,0.6007420416567474
ABANDONED,,,2441,0.2781094965990632
ABANDONED,,,2150,0.8492968552652747
ABANDONED,,,3269,0.029676286092028
ABANDONED,,,4807,0.7253496697731316
ABANDONED,,,1238,0.4027275346666574
ABANDONED,,,40,0.5393760252483188
ABANDONED,,,3970,0.3318158244341611
ABANDONED,,,3009,0.9144345522169024
ABANDONED,,,1627,0.2058613642659038
ABANDONED,,,1793,0.8897456789650023
ABANDONED,,,2862,0.2397176402211189
ABANDONED,,,3825,0.5143597460184246
ABANDONED,,,207,0.3652076399680226
ABANDONED,,,1091,0.6889731000158936
ABANDONED,,,4973,0.4326777608450502
ABANDONED,,,3435,0.8125776475407182
ABANDONED,,,2004,0.0591772764027118
ABANDONED,,,2276,0.563840169031173
ABANDONED,,,3696,0.3075495292097329
ABANDONED,,,4619,0.9374672384802252
ABANDONED,,,727,0.1840620490219443
ABANDONED,,,477,0.7646201260332018
ABANDONED,,,4086,0.1145815583672374
ABANDONED,,,2508,0.6392414830215275
ABANDONED,,,1429,0.4900997869223356
ABANDONED,,,1435,0.7614589909873902
ABANDONED,,,2504,0.1172704961672425
ABANDONED,,,4092,0.6375137108881026
ABANDONED,,,474,0.4903198430668562
ABANDONED,,,731,0.5645909467954188
ABANDONED,,,4613,0.3063572524022311
ABANDONED,,,3700,0.939655182506889
ABANDONED,,,2270,0.1803970797732472
ABANDONED,,,2008,0.689209921758622
ABANDONED,,,3429,0.4309639138802885
ABANDONED,,,4976,0.8152795475888996
ABANDONED,,,1085,0.0560338773112744
ABANDONED,,,213,0.8860705916155129
ABANDONED,,,3821,0.241885011581704
ABANDONED,,,2868,0.5131459261886776
ABANDONED,,,1789,0.3659492625519633
ABANDONED,,,1624,0.5425174929220228
ABANDONED,,,3015,0.3291158595215529
ABANDONED,,,3967,0.916150271113962
ABANDONED,,,46,0.2056226668730378
ABANDONED,,,1232,0.8485571640990675
ABANDONED,,,4811,0.0308881707862019
ABANDONED,,,3263,0.7231804264802486
ABANDONED,,,2154,0.4064044976662844
ABANDONED,,,2435,0.9734428736139088
ABANDONED,,,3553,0.1557767950873822
ABANDONED,,,4467,0.5980512282066047
ABANDONED,,,897,0.2812725035771727
ABANDONED,,,327,0.6674105767719447
ABANDONED,,,4257,0.4539966298863291
ABANDONED,,,2671,0.7910132226217537
ABANDONED,,,1289,0.0804980508368462
ABANDONED,,,1348,0.6469232787992805
ABANDONED,,,2768,0.4822507199589163
ABANDONED,,,4316,0.7725170192867516
ABANDONED,,,424,0.1068219556398689
ABANDONED,,,800,0.9607596762627362
ABANDONED,,,4408,0.1606323169954121
ABANDONED,,,3455,0.5873439009394495
ABANDONED,,,2376,0.2842130722049623
ABANDONED,,,2095,0.8359008411522953
ABANDONED,,,3165,0.0357781812343746
ABANDONED,,,4752,0.7124466709494591
ABANDONED,,,1134,0.4093110238946974
ABANDONED,,,144,0.5220718180239201
ABANDONED,,,4025,0.3573887302614748
ABANDONED,,,3113,0.8976119390781969
ABANDONED,,,1682,0.2319272853825241
ABANDONED,,,1848,0.922148468270898
ABANDONED,,,2966,0.1980406105108559
ABANDONED,,,3879,0.5472403223421424
ABANDONED,,,310,0.3240274326149374
ABANDONED,,,987,0.7486709003653376
ABANDONED,,,4918,0.3793304025176912
ABANDONED,,,3332,0.87277227024734
ABANDONED,,,1950,0.0063077050931751
ABANDONED,,,2211,0.6240326353907584
ABANDONED,,,3602,0.254681608621031
ABANDONED,,,4554,0.997166689550504
ABANDONED,,,633,0.130712534347549
ABANDONED,,,571,0.7975028289612383
ABANDONED,,,4151,0.0733996705505996
ABANDONED,,,2602,0.6716425918638707
ABANDONED,,,1494,0.4484248838163912
ABANDONED,,,1533,0.5801016170196234
ABANDONED,,,2641,0.2906790544614195
ABANDONED,,,4190,0.9555608378816396
ABANDONED,,,611,0.1651157705169171
ABANDONED,,,672,0.7769848913419992
ABANDONED,,,4593,0.1016075283568352
ABANDONED,,,3642,0.6534345926754177
ABANDONED,,,2250,0.4750537602230906
ABANDONED,,,1911,0.9018697215877473
ABANDONED,,,3292,0.2264970579519867
ABANDONED,,,4879,0.5283064223844557
ABANDONED,,,948,0.3499207716118544
ABANDONED,,,271,0.7049938253182918
ABANDONED,,,3841,0.4155607338380068
ABANDONED,,,2927,0.8304248136542737
ABANDONED,,,1809,0.0399901562407612
ABANDONED,,,1643,0.8643419450689107
ABANDONED,,,3074,0.015484083591029
ABANDONED,,,3986,0.7383246664218605
ABANDONED,,,105,0.3903617729768156
ABANDONED,,,1095,0.5583175003044307
ABANDONED,,,4714,0.3137269987389445
ABANDONED,,,3126,0.931309741185978
ABANDONED,,,2057,0.1895951723139732
ABANDONED,,,2415,0.6829355997163802
ABANDONED,,,3495,0.438334569228813
ABANDONED,,,4447,0.806935130532831
ABANDONED,,,839,0.0652309716120362
ABANDONED,,,463,0.98895266642794
ABANDONED,,,4355,0.1400995042994618
ABANDONED,,,2808,0.6139579097051173
ABANDONED,,,1387,0.2659901979397982
ABANDONED,,,1328,0.9451119367238134
ABANDONED,,,2710,0.1761734456215053
ABANDONED,,,4296,0.5720321332812309
ABANDONED,,,366,0.3000882691778242
ABANDONED,,,937,0.631290765672922
ABANDONED,,,4506,0.497807074997574
ABANDONED,,,3592,0.7572204817589371
ABANDONED,,,2474,0.122712382743135
ABANDONED,,,2115,0.5066534097101539
ABANDONED,,,3223,0.3731574055496603
ABANDONED,,,4772,0.8816139028221369
ABANDONED,,,1193,0.2471182362623512
ABANDONED,,,7,0.8204672027081251
ABANDONED,,,3928,0.0515316263921558
ABANDONED,,,2976,0.6964334082808346
ABANDONED,,,1585,0.42448674836196
ABANDONED,,,1750,0.7332363547682761
ABANDONED,,,2829,0.3950847250856459
ABANDONED,,,3782,0.85676000395976
ABANDONED,,,173,0.0214824034366756
ABANDONED,,,1046,0.9067291528042406
ABANDONED,,,4937,0.2138101632092148
ABANDONED,,,3390,0.5312432824671268
ABANDONED,,,1969,0.3392173573710024
ABANDONED,,,2309,0.781871222987771
ABANDONED,,,3739,0.088955148179084
ABANDONED,,,4652,0.6563450579550117
ABANDONED,,,770,0.4643163370434194
ABANDONED,,,513,0.6083858030047267
ABANDONED,,,4131,0.2702218598369509
ABANDONED,,,2544,0.9818539255112408
ABANDONED,,,1474,0.1465887574441731
ABANDONED,,,1448,0.7150506979376077
ABANDONED,,,2566,0.4139252124615013
ABANDONED,,,4104,0.8410936742927879
ABANDONED,,,534,0.0389609122816473
ABANDONED,,,743,0.8924190613236278
ABANDONED,,,4674,0.2287446286920458
ABANDONED,,,3712,0.5194677464216947
ABANDONED,,,2330,0.3527746160514652
ABANDONED,,,1986,0.7677810342907905
ABANDONED,,,3377,0.1040960727371275
ABANDONED,,,4955,0.6438624036666006
ABANDONED,,,1034,0.4771796832475811
ABANDONED,,,190,0.5904048206862063
ABANDONED,,,3769,0.2892840345595031
ABANDONED,,,2847,0.965495705872774
ABANDONED,,,1738,0.1633581255413592
ABANDONED,,,1572,0.994379908433184
ABANDONED,,,2993,0.1260374773088842
ABANDONED,,,3916,0.6190225266367197
ABANDONED,,,25,0.2515598352737724
ABANDONED,,,1180,0.6766526560038328
ABANDONED,,,4788,0.4515467315204441
ABANDONED,,,3212,0.8002895654644817
ABANDONED,,,2133,0.0780748019460588
ABANDONED,,,2497,0.55179358295165
ABANDONED,,,3566,0.3266923578176647
ABANDONED,,,4527,0.9253920975327492
ABANDONED,,,909,0.2031725156940519
ABANDONED,,,388,0.8695286855995655
ABANDONED,,,4270,0.0011757255531847
ABANDONED,,,2732,0.7441176843699067
ABANDONED,,,1301,0.3766654029581695
ABANDONED,,,1399,0.8178531477767974
ABANDONED,,,2790,0.0606175795923918
ABANDONED,,,4368,0.6944332411848008
ABANDONED,,,447,0.4341770717278122
ABANDONED,,,850,0.507922681119293
ABANDONED,,,4430,0.362736060090363
ABANDONED,,,3507,0.8834970657844096
ABANDONED,,,2399,0.2373012646865099
ABANDONED,,,2035,0.6328081526923924
ABANDONED,,,3153,0.4876244464498013
ABANDONED,,,4691,0.7583676295690238
ABANDONED,,,1122,0.1121690326556563
ABANDONED,,,83,0.9427464695684612
ABANDONED,,,4014,0.18549858789891
ABANDONED,,,3052,0.5692964306343345
ABANDONED,,,1669,0.3090526936333626
ABANDONED,,,1836,0.5952949333749711
ABANDONED,,,2906,0.2766278733387589
ABANDONED,,,3866,0.968402338059619
ABANDONED,,,249,0.1526245354544371
ABANDONED,,,976,0.796053832532838
ABANDONED,,,4857,0.0836502658557146
ABANDONED,,,3319,0.6701669459603727
ABANDONED,,,1888,0.4586412155106663
ABANDONED,,,2232,0.920673045437783
ABANDONED,,,3653,0.2082571652755141
ABANDONED,,,4577,0.5457915489841252
ABANDONED,,,685,0.3342782509904354
ABANDONED,,,593,0.7199062960613519
ABANDONED,,,4202,0.4012421508114785
ABANDONED,,,2624,0.8440343154184519
ABANDONED,,,1546,0.0282537169978022
ABANDONED,,,1507,0.8769997439980506
ABANDONED,,,2586,0.2445141795314848
ABANDONED,,,4162,0.503470708405599
ABANDONED,,,554,0.3679645426664501
ABANDONED,,,646,0.6996161541994661
ABANDONED,,,4537,0.4296795368883759
ABANDONED,,,3614,0.8250814061462878
ABANDONED,,,2193,0.0541356087662279
ABANDONED,,,1927,0.5747579864412546
ABANDONED,,,3358,0.3048242839165031
ABANDONED,,,4897,0.9501829436924308
ABANDONED,,,1014,0.179234350496903
ABANDONED,,,288,0.7521494301762431
ABANDONED,,,3906,0.1196515522245317
ABANDONED,,,2944,0.6285648678988218
ABANDONED,,,1875,0.4930711346156895
ABANDONED,,,1709,0.6610201447363943
ABANDONED,,,3090,0.4671030884180217
ABANDONED,,,4053,0.7849930260777473
ABANDONED,,,122,0.0939652271904051
ABANDONED,,,1160,0.9787321670353412
ABANDONED,,,4730,0.1415786040760576
ABANDONED,,,3192,0.6037107608374208
ABANDONED,,,2074,0.2674350341055542
ABANDONED,,,2360,0.8540950490143149
ABANDONED,,,3468,0.0169291725698858
ABANDONED,,,4390,0.7281044198423624
ABANDONED,,,812,0.3918411255665123
ABANDONED,,,408,0.536375172778964
ABANDONED,,,4329,0.3424610312469303
ABANDONED,,,2751,0.9093940631356088
ABANDONED,,,1359,0.2183634684327989
ABANDONED,,,1262,0.5237226903606205
ABANDONED,,,2693,0.3473472011666745
ABANDONED,,,4231,0.8986565339975058
ABANDONED,,,350,0.2212737682685256
ABANDONED,,,870,0.8336379268877208
ABANDONED,,,4488,0.045213490538299
ABANDONED,,,3527,0.7095774829853326
ABANDONED,,,2457,0.4181343488972634
ABANDONED,,,2172,0.9582562642414124
ABANDONED,,,3251,0.1698212989699095
ABANDONED,,,4828,0.5852031102739274
ABANDONED,,,1219,0.2937703861370682
ABANDONED,,,63,0.6483331737779081
ABANDONED,,,3956,0.4719623839333653
ABANDONED,,,3032,0.7742895393390208
ABANDONED,,,1611,0.0969019552897661
ABANDONED,,,1778,0.8115797310285269
ABANDONED,,,2886,0.0679872961863875
ABANDONED,,,3808,0.6860878296066075
ABANDONED,,,229,0.4433751345258206
ABANDONED,,,1073,0.6108056054580957
ABANDONED,,,4994,0.2609496772568672
ABANDONED,,,3416,0.9843079915754496
ABANDONED,,,2025,0.1373432243391871
ABANDONED,,,2291,0.7356901977621018
ABANDONED,,,3673,0.3858389689102769
ABANDONED,,,4635,0.8591795833427459
ABANDONED,,,705,0.0122099977862089
ABANDONED,,,495,0.9364721772689372
ABANDONED,,,4064,0.1928692135047167
ABANDONED,,,2527,0.5609520433209836
ABANDONED,,,1409,0.3182497581914067
ABANDONED,,,1425,0.5588652552068233
ABANDONED,,,2534,0.3201233356334269
ABANDONED,,,4082,0.9339294927772134
ABANDONED,,,503,0.1941631648633629
ABANDONED,,,721,0.8609912327285855
ABANDONED,,,4642,0.0101851377282291
ABANDONED,,,3690,0.7370459507703782
ABANDONED,,,2299,0.383234482768923
ABANDONED,,,2018,0.9853592535108328
ABANDONED,,,3400,0.1345559543259441
ABANDONED,,,4986,0.6124345899429172
ABANDONED,,,1055,0.2586202071551233
ABANDONED,,,222,0.6832406540419906
ABANDONED,,,3792,0.4444863020125776
ABANDONED,,,2878,0.8093102780133485
ABANDONED,,,1760,0.0695562635846436
ABANDONED,,,1614,0.7763143845256418
ABANDONED,,,3044,0.0950902910325676
ABANDONED,,,3957,0.650937645047903
ABANDONED,,,75,0.4706066160537302
ABANDONED,,,1222,0.5833295179605484
ABANDONED,,,4840,0.2958571593798697
ABANDONED,,,3253,0.9569622980114072
ABANDONED,,,2183,0.1723639685902744
ABANDONED,,,2445,0.7084663303699344
ABANDONED,,,3524,0.4209815393332391
ABANDONED,,,4476,0.8320689743608236
ABANDONED,,,868,0.0474829584248364
ABANDONED,,,337,0.9014438188821076
ABANDONED,,,4228,0.2202225212045013
ABANDONED,,,2681,0.5260521753337233
ABANDONED,,,1260,0.3457182315532117
ABANDONED,,,1358,0.9121508803237228
ABANDONED,,,2740,0.2172817462366074
ABANDONED,,,4326,0.5387351031415164
ABANDONED,,,395,0.3408624995872378
ABANDONED,,,810,0.7269627995304763
ABANDONED,,,4379,0.3946578408703207
ABANDONED,,,3465,0.8525565418768672
ABANDONED,,,2347,0.0192290784101933
ABANDONED,,,2086,0.6018676436562092
ABANDONED,,,3194,0.2695522750448435
ABANDONED,,,4743,0.977407762851566
ABANDONED,,,1163,0.1440908283069729
ABANDONED,,,134,0.7870483463965356
ABANDONED,,,4055,0.0921840306296944
ABANDONED,,,3103,0.6635941780526191
ABANDONED,,,1712,0.4657168751489371
ABANDONED,,,1858,0.6257481377236545
ABANDONED,,,2937,0.4942127400562167
ABANDONED,,,3889,0.7498495094645768
ABANDONED,,,281,0.1211900444906204
ABANDONED,,,997,0.9512646510172637
ABANDONED,,,4889,0.1764775184374302
ABANDONED,,,3341,0.5763565032295883
ABANDONED,,,1921,0.3024643386825919
ABANDONED,,,2201,0.8268626175783574
ABANDONED,,,3632,0.0520803033187985
ABANDONED,,,4544,0.7010023823399096
ABANDONED,,,663,0.4271055184435099
ABANDONED,,,562,0.5013534823376685
ABANDONED,,,4180,0.3698076747190207
ABANDONED,,,2592,0.8744875346384942
ABANDONED,,,1523,0.2458385985866189
ABANDONED,,,1562,0.845085577353835
ABANDONED,,,2631,0.0254664469845592
ABANDONED,,,4219,0.7215352805461734
ABANDONED,,,601,0.3989126807097345
ABANDONED,,,701,0.5429443734195082
ABANDONED,,,4583,0.3353894184771925
ABANDONED,,,3671,0.9184035924226046
ABANDONED,,,2240,0.2098261326737701
ABANDONED,,,1881,0.6680801578462124
ABANDONED,,,3302,0.4605147929526865
ABANDONED,,,4849,0.7935111480411142
ABANDONED,,,958,0.0849442172143608
ABANDONED,,,242,0.9702139874454588
ABANDONED,,,3850,0.1505996753964573
ABANDONED,,,2898,0.5966506863832473
ABANDONED,,,1818,0.274023387197405
ABANDONED,,,1672,0.5681852780189364
ABANDONED,,,3064,0.3118998840693384
ABANDONED,,,4015,0.941177517041564
ABANDONED,,,95,0.1877680557854473
ABANDONED,,,1125,0.7611549144536257
ABANDONED,,,4703,0.1111177855916321
ABANDONED,,,3155,0.6351376376654952
ABANDONED,,,2047,0.4859954768363386
ABANDONED,,,2386,0.8855219109710306
ABANDONED,,,3504,0.2354896004293113
ABANDONED,,,4418,0.5105271523892879
ABANDONED,,,848,0.3613802922107279
ABANDONED,,,434,0.6925596488714219
ABANDONED,,,4365,0.4362638449706137
ABANDONED,,,2778,0.8165591815467924
ABANDONED,,,1397,0.0631602492127567
ABANDONED,,,1299,0.7422745671886951
ABANDONED,,,2720,0.3787826438974589
ABANDONED,,,4267,0.8682042814157903
ABANDONED,,,376,0.0036879497841
ABANDONED,,,907,0.9274474178515376
ABANDONED,,,4516,0.2013913191333413
ABANDONED,,,3563,0.5543676162678747
ABANDONED,,,2484,0.32530614454858
ABANDONED,,,2144,0.8030463826525956
ABANDONED,,,3214,0.0769930797498673
ABANDONED,,,4801,0.6790125863663851
ABANDONED,,,1183,0.4499481998607516
ABANDONED,,,36,0.6178809063248336
ABANDONED,,,3918,0.2543765505775809
ABANDONED,,,3006,0.9928414012957364
ABANDONED,,,1575,0.1283373831491917
ABANDONED,,,1721,0.9672769173048436
ABANDONED,,,2839,0.1613028200939297
ABANDONED,,,3753,0.5917910488266497
ABANDONED,,,183,0.2867100161146372
ABANDONED,,,1017,0.6417451775986701
ABANDONED,,,4947,0.4790228153001517
ABANDONED,,,3361,0.765268824931234
ABANDONED,,,1979,0.1054204917922615
ABANDONED,,,2338,0.5166510162465274
ABANDONED,,,3729,0.3539162214919924
ABANDONED,,,4681,0.8901191406119615
ABANDONED,,,760,0.2302831209581345
ABANDONED,,,542,0.8421753816176206
ABANDONED,,,4121,0.0362040802221745
ABANDONED,,,2573,0.7166492147259415
ABANDONED,,,1465,0.41156526722759
ABANDONED,,,1477,0.9800118047110736
ABANDONED,,,2557,0.1487049722597003
ABANDONED,,,4133,0.6070604916680604
ABANDONED,,,525,0.2727349614780396
ABANDONED,,,773,0.6584013746548443
ABANDONED,,,4664,0.4625341143589467
ABANDONED,,,3741,0.7844443491511047
ABANDONED,,,2320,0.0875698123201727
ABANDONED,,,1956,0.5339991032741964
ABANDONED,,,3387,0.338136661298573
ABANDONED,,,4926,0.909089990319684
ABANDONED,,,1044,0.2122107541393488
ABANDONED,,,160,0.8556173872668295
ABANDONED,,,3779,0.0243001448642462
ABANDONED,,,2817,0.7316987547837198
ABANDONED,,,1749,0.3973837535157799
ABANDONED,,,1601,0.6982156160939484
ABANDONED,,,2983,0.4224304167907684
ABANDONED,,,3946,0.8218525236956775
ABANDONED,,,15,0.0489584853574633
ABANDONED,,,1209,0.8794976731352508
ABANDONED,,,4779,0.2489603421911597
ABANDONED,,,3241,0.5041402931977063
ABANDONED,,,2123,0.3744827020149678
ABANDONED,,,2467,0.7544027552027254
ABANDONED,,,3576,0.1238550143074244
ABANDONED,,,4498,0.6289917521141469
ABANDONED,,,919,0.4993446898534893
ABANDONED,,,359,0.5731128442250191
ABANDONED,,,4280,0.2973324632421135
COMPLETED,0.91,0.0,2702,0.9467113606650382
COMPLETED,0.91,0.0,1310,0.1738126229774206
COMPLETED,0.91,0.0,1369,0.6150081455167383
COMPLETED,0.91,0.0,2800,0.2632039243075996
COMPLETED,0.91,0.0,4339,0.9905825283229353
COMPLETED,0.91,0.0,457,0.1377691270448267
COMPLETED,0.91,0.0,821,0.8040869288444518
COMPLETED,0.91,0.0,4439,0.0663431354798376
COMPLETED,0.91,0.0,3478,0.6806670241113753
COMPLETED,0.91,0.0,2408,0.4399026294741779
COMPLETED,0.91,0.0,2065,0.9292239791955798
COMPLETED,0.91,0.0,3143,0.191467753374949
COMPLETED,0.91,0.0,4720,0.5557739384025335
COMPLETED,0.91,0.0,1111,0.3150218572504818
COMPLETED,0.91,0.0,112,0.7401373419314623
COMPLETED,0.91,0.0,4004,0.3883359165377914
COMPLETED,0.91,0.0,3081,0.8656968206670134
COMPLETED,0.91,0.0,1660,0.0128805046025663
COMPLETED,0.91,0.0,1807,0.8293126349151134
COMPLETED,0.91,0.0,2915,0.0428383430577814
COMPLETED,0.91,0.0,3838,0.703425750201568
COMPLETED,0.91,0.0,258,0.417829294571653
COMPLETED,0.91,0.0,946,0.5310926811452955
COMPLETED,0.91,0.0,4867,0.3488705209288746
COMPLETED,0.91,0.0,3289,0.9042000839710236
COMPLETED,0.91,0.0,1898,0.2248671811856329
COMPLETED,0.91,0.0,2261,0.6554604639858007
COMPLETED,0.91,0.0,3644,0.4732410995848476
COMPLETED,0.91,0.0,4606,0.7795884852018207
COMPLETED,0.91,0.0,675,0.1002526676300913
COMPLETED,0.91,0.0,622,0.9536882716920226
COMPLETED,0.91,0.0,4191,0.1672015473786741
COMPLETED,0.91,0.0,2654,0.578806773379445
COMPLETED,0.91,0.0,1536,0.2932226312346756
COMPLETED,0.91,0.0,1497,0.6743984126709401
COMPLETED,0.91,0.0,2615,0.4473441877439617
COMPLETED,0.91,0.0,4153,0.7998636664766818
COMPLETED,0.91,0.0,583,0.0718002614807337
COMPLETED,0.91,0.0,636,0.9960240728575736
COMPLETED,0.91,0.0,4567,0.1335302757751196
COMPLETED,0.91,0.0,3604,0.6224950354062021
COMPLETED,0.91,0.0,2223,0.256980637051165
COMPLETED,0.91,0.0,1937,0.8709301494471728
COMPLETED,0.91,0.0,3329,0.0084239199087023
COMPLETED,0.91,0.0,4906,0.7473455890286714
COMPLETED,0.91,0.0,985,0.3818435041587799
COMPLETED,0.91,0.0,298,0.5492966390419751
COMPLETED,0.91,0.0,3876,0.3222452099304646
COMPLETED,0.91,0.0,2955,0.9247215944342316
COMPLETED,0.91,0.0,1846,0.1966552746519446
COMPLETED,0.91,0.0,1699,0.8947942125219852
COMPLETED,0.91,0.0,3120,0.2330699169468134
COMPLETED,0.91,0.0,4043,0.5197728044651448
COMPLETED,0.91,0.0,152,0.3589263451173901
COMPLETED,0.91,0.0,1151,0.7135273818932473
COMPLETED,0.91,0.0,4759,0.4065552179589867
COMPLETED,0.91,0.0,3183,0.8375002650935202
COMPLETED,0.91,0.0,2103,0.0334173585902899
COMPLETED,0.91,0.0,2370,0.5891261087525635
COMPLETED,0.91,0.0,3439,0.2821567406337708
COMPLETED,0.91,0.0,4400,0.9621449972502886
COMPLETED,0.91,0.0,782,0.1580591759607195
COMPLETED,0.91,0.0,417,0.7704007895998656
COMPLETED,0.91,0.0,4300,0.1086640615686774
COMPLETED,0.91,0.0,2761,0.6444101622868328
COMPLETED,0.91,0.0,1330,0.4835760164242237
COMPLETED,0.91,0.0,1272,0.7889274606313555
COMPLETED,0.91,0.0,2663,0.082370631897822
COMPLETED,0.91,0.0,4241,0.6648670148700476
COMPLETED,0.91,0.0,320,0.4552914883978664
COMPLETED,0.91,0.0,880,0.5998639037162065
COMPLETED,0.91,0.0,4459,0.2792466471381485
COMPLETED,0.91,0.0,3536,0.9747977492120116
COMPLETED,0.91,0.0,2428,0.1531732160989195
COMPLETED,0.91,0.0,2162,0.7242306622918694
COMPLETED,0.91,1.0,3280,0.4036182240340858
COMPLETED,0.91,0.0,4817,0.8501870259940623
COMPLETED,0.91,0.0,1249,0.0285577935315668
COMPLETED,0.91,0.0,54,0.9133020694255828
COMPLETED,0.91,0.0,3984,0.2067348307408392
COMPLETED,0.91,0.0,3022,0.5402489173170179
COMPLETED,0.91,0.0,1640,0.3306839197669177
COMPLETED,0.91,0.0,1787,0.5151717974990606
COMPLETED,0.91,0.0,2857,0.3641366019137203
COMPLETED,0.91,0.0,3818,0.8886741854753344
COMPLETED,0.91,0.0,200,0.24053015085496
COMPLETED,0.91,0.0,1083,0.8134069813992828
COMPLETED,0.91,0.0,4965,0.0581196541730314
COMPLETED,0.91,0.0,3426,0.6879150781184434
COMPLETED,0.91,0.0,1995,0.4335074906535446
COMPLETED,0.91,0.0,2281,0.9385430037677288
COMPLETED,0.91,0.0,3702,0.1832452665902674
COMPLETED,0.91,0.0,4626,0.5630228716786951
COMPLETED,0.91,0.0,734,0.3086258131358772
COMPLETED,0.91,0.0,485,0.6402999696489423
COMPLETED,0.91,0.0,4094,0.4892695923838764
COMPLETED,0.91,0.0,2517,0.7637893533706664
COMPLETED,0.91,0.0,1438,0.1156406194008886
COMPLETED,0.91,0.0,1437,0.5123428198304028
COMPLETED,0.91,0.0,2516,0.3671025169137865
COMPLETED,0.91,0.0,4092,0.8878639036864042
COMPLETED,0.91,0.0,484,0.2417210186012089
COMPLETED,0.91,0.0,735,0.8144689442068338
COMPLETED,0.91,0.0,4626,0.0571644063778221
COMPLETED,0.91,0.0,3703,0.6909805122520774
COMPLETED,0.91,0.0,2282,0.4307924275938421
COMPLETED,0.91,0.0,1997,0.9393544752653687
COMPLETED,0.91,0.0,3427,0.1820527332518249
COMPLETED,0.91,0.0,4966,0.5658511355221271
COMPLETED,0.91,0.0,1084,0.305660136077553
COMPLETED,0.91,0.0,198,0.637236201107502
COMPLETED,0.91,0.0,3817,0.4919834657348692
COMPLETED,0.91,0.0,2855,0.7627271526213735
COMPLETED,0.91,0.0,1786,0.1165965810213237
COMPLETED,0.91,1.0,1639,0.791710337087512
COMPLETED,0.91,0.0,3021,0.079237860251218
COMPLETED,0.91,0.0,3983,0.6657549251522868
COMPLETED,0.91,0.0,53,0.4542973389867693
COMPLETED,0.91,0.0,1249,0.5987251452114432
COMPLETED,0.91,0.0,4819,0.2800043438021093
COMPLETED,0.91,0.0,3281,0.971779249086976
COMPLETED,0.91,0.0,2164,0.156054303009063
COMPLETED,0.91,0.0,2429,0.7233444176018237
COMPLETED,0.91,0.0,3538,0.4046111837364733
COMPLETED,0.91,0.0,4460,0.8474039115961641
COMPLETED,0.91,0.0,881,0.0316912790033966
COMPLETED,0.91,1.0,319,0.9163217592593282
COMPLETED,0.91,0.0,4240,0.2038520782385021
COMPLETED,0.91,0.0,2662,0.5413869619965553
COMPLETED,0.91,0.0,1270,0.3299264610446989
COMPLETED,0.91,0.0,1329,0.8958719389699399
COMPLETED,0.91,0.0,2760,0.2321293620541691
COMPLETED,0.91,0.0,4298,0.522852098705247
COMPLETED,0.91,0.0,417,0.3562278784941881
COMPLETED,0.91,0.0,783,0.7106837113220243
COMPLETED,0.91,0.0,4401,0.4095053693186491
COMPLETED,0.91,0.0,3440,0.8366733868680895
COMPLETED,0.91,0.0,2371,0.0345943662300705
COMPLETED,0.91,0.0,2105,0.5860456248037516
COMPLETED,0.91,1.0,3184,0.2848568728491663
COMPLETED,0.91,0.0,4760,0.9610679846275598
COMPLETED,0.91,0.0,1152,0.1589994929116219
COMPLETED,0.91,0.0,150,0.7712260022331028
COMPLETED,0.91,0.0,4042,0.1074882436376065
COMPLETED,0.91,1.0,3118,0.6472540707997977
COMPLETED,0.91,1.0,1698,0.4806251512393355
COMPLETED,0.91,0.0,1845,0.6732754178065806
COMPLETED,0.91,0.0,2953,0.4481165773104876
COMPLETED,0.91,0.0,3876,0.7968590264581144
COMPLETED,0.91,0.0,296,0.0746979448273777
FAILED,,,986,0.9987922564111648
FAILED,,,4907,0.1303817404881119
FAILED,,,3330,0.6233663492519408
FAILED,,,1938,0.2559726275335997
FAILED,,,2224,0.8739331238735467
FAILED,,,3606,0.005527426270768
FAILED,,,4568,0.7484688218347728
FAILED,,,637,0.3810704007670283
FAILED,,,582,0.5484241354875266
FAILED,,,4151,0.3232548850402235
FAILED,,,2614,0.921954124705866
FAILED,,,1495,0.1998035719972103
FAILED,,,1535,0.830268537050113
FAILED,,,2653,0.041775963852182
FAILED,,,4190,0.7061395640671253
FAILED,,,621,0.4147653475739062
FAILED,,,676,0.5281271825432777
FAILED,,,4607,0.3516988442577421
FAILED,,,3644,0.9030077290888876
FAILED,,,2263,0.2256787121687084
FAILED,,,1899,0.6527454604115336
FAILED,,,3291,0.476306712174788
FAILED,,,4868,0.7786332968920469
FAILED,,,948,0.1013148088939487
FAILED,,,257,0.9548789609819652
FAILED,,,3836,0.1663912061043083
FAILED,,,2914,0.5817725099232047
FAILED,,,1806,0.2903935940805822
FAILED,,,1658,0.6142506273090839
FAILED,,,3080,0.2643417905308306
FAILED,,,4003,0.9876997163351624
FAILED,,,111,0.1407886384222656
FAILED,,,1113,0.8072205927725881
FAILED,,,4721,0.0635600805673748
FAILED,,,3145,0.681660162270069
FAILED,,,2065,0.4390164442695677
FAILED,,,2410,0.9321051255911588
FAILED,,,3479,0.1884494317062199
FAILED,,,4441,0.5565316945519297
FAILED,,,822,0.313883277202025
FAILED,,,455,0.7391430140640586
FAILED,,,4337,0.3892237673345953
FAILED,,,2799,0.8625638705641031
FAILED,,,1368,0.0156633215732872
FAILED,,,1310,0.6952648103944957
FAILED,,,2701,0.4252745037600397
FAILED,,,4279,0.820676765250042
FAILED,,,358,0.049783876447007
FAILED,,,920,0.8804378116298466
FAILED,,,4499,0.2478832700829952
COMPLETED,0.91,0.0,3440,0.0647388077080249
COMPLETED,0.91,0.0,522,0.9064791085645556
COMPLETED,0.91,0.0,1670,0.4981455963868647
COMPLETED,0.91,0.0,4984,0.5296619058493524
COMPLETED,0.91,0.0,4116,0.3258498851135372
COMPLETED,0.91,0.0,2346,0.6687586412876844
COMPLETED,0.91,0.0,1078,0.2370335449073463
COMPLETED,0.91,0.0,3077,0.7673832877147942
COMPLETED,0.91,0.0,2755,0.4113586650155484
COMPLETED,0.91,0.0,775,0.5677163441069423
COMPLETED,0.91,0.0,2043,0.0267757390793412
COMPLETED,0.91,0.0,3794,0.9931746703069656
COMPLETED,0.91,0.0,4681,0.1659317331649363
COMPLETED,0.91,0.0,1349,0.8209401063434779
COMPLETED,0.91,0.0,200,0.2722016968559473
COMPLETED,0.91,0.0,3137,0.7399518226590007
COMPLETED,0.91,0.0,3391,0.2908419144302606
COMPLETED,0.91,0.0,142,0.6959696477428078
COMPLETED,0.91,0.0,1408,0.1472914784122258
COMPLETED,0.91,0.0,4427,0.8649223779235035
COMPLETED,0.91,0.0,4048,0.0373754070028662
COMPLETED,0.91,0.0,1984,0.9416392355561256
COMPLETED,0.91,0.0,833,0.4007589152995497
COMPLETED,0.91,0.0,2502,0.6192518011648208
COMPLETED,0.91,0.0,2823,0.2008484160117804
COMPLETED,0.91,0.0,1137,0.7938206851519644
COMPLETED,0.91,0.0,2288,0.362034976830706
COMPLETED,0.91,0.0,4370,0.6423213405143469
COMPLETED,0.91,0.0,4731,0.4388134725280106
COMPLETED,0.91,0.0,1729,0.5324649887643754
COMPLETED,0.91,0.0,463,0.1240708497744053
COMPLETED,0.91,0.0,3694,0.9036760479565707
COMPLETED,0.91,0.0,3645,0.4786720176041125
COMPLETED,0.91,0.0,318,0.5101512081548571
COMPLETED,0.91,0.0,1857,0.0842190488595515
COMPLETED,0.91,0.0,4798,0.9259831438902764
COMPLETED,0.91,0.0,4224,0.225327351219952
COMPLETED,0.91,0.0,2238,0.7556989846676588
COMPLETED,0.91,0.0,1205,0.3375646447036415
COMPLETED,0.91,0.0,2951,0.6804343784321099
COMPLETED,0.91,0.0,2647,0.0150988159440457
COMPLETED,0.91,0.0,883,0.981460628259927
COMPLETED,0.91,0.0,1917,0.4230422505196184
COMPLETED,0.91,0.0,3921,0.5794237237852066
COMPLETED,0.91,0.0,4477,0.252698379073292
COMPLETED,0.91,0.0,1554,0.7204703955166041
COMPLETED,0.91,0.0,14,0.1854436168503016
COMPLETED,0.91,0.0,3323,0.8404129675831645
COMPLETED,0.91,0.0,3265,0.1278187472969293
COMPLETED,0.91,0.0,268,0.8454106243625283
COMPLETED,0.91,0.0,1300,0.310323211448267
COMPLETED,0.91,0.0,4535,0.715472835401073
COMPLETED,0.91,0.0,3862,0.3890516360029578
COMPLETED,0.91,0.0,2171,0.6075683160424232
COMPLETED,0.91,0.0,629,0.0490893486682325
COMPLETED,0.91,0.0,2706,0.9533160583097487
COMPLETED,0.91,0.0,3009,0.3503593475036322
COMPLETED,0.91,0.0,951,0.6306066887415945
COMPLETED,0.91,0.0,2492,0.2125326112415641
COMPLETED,0.91,0.0,4165,0.8055267710220068
COMPLETED,0.91,0.0,4857,0.104566952008754
COMPLETED,0.91,0.0,1603,0.884195944365114
COMPLETED,0.91,0.0,571,0.4583240326624363
COMPLETED,0.91,0.0,3586,0.5519384299870579
COMPLETED,0.91,0.0,3531,0.3350408245306462
COMPLETED,0.91,0.0,588,0.6781476077195256
COMPLETED,0.91,0.0,1585,0.2288171553798019
COMPLETED,0.91,0.0,4913,0.7589689901433884
COMPLETED,0.91,0.0,4182,0.0892341748382896
COMPLETED,0.91,0.0,2436,0.9317511770259588
COMPLETED,0.91,0.0,1008,0.4746247791461646
COMPLETED,0.91,0.0,2992,0.5053645062483846
COMPLETED,0.91,0.0,2689,0.175290674323216
COMPLETED,0.91,0.0,684,0.8300402263719588
COMPLETED,0.91,0.0,2114,0.263817305587232
COMPLETED,0.91,0.0,3880,0.7318263714909553
COMPLETED,0.91,0.0,4591,0.4365397653747349
COMPLETED,0.91,0.0,1283,0.5921817751917988
COMPLETED,0.91,0.0,286,0.0025691886097192
COMPLETED,0.91,0.0,3207,0.9696839080825448
COMPLETED,0.91,0.0,3305,0.0621449425052851
COMPLETED,0.91,0.0,71,0.9666371356453746
COMPLETED,0.91,0.0,1498,0.3769640486575663
COMPLETED,0.91,0.0,4493,0.5952284509651363
COMPLETED,0.91,0.0,3977,0.2997588044460862
COMPLETED,0.91,0.0,1899,0.7056326635759324
COMPLETED,0.91,0.0,899,0.1393492572568356
COMPLETED,0.91,0.0,2592,0.8562339119799434
COMPLETED,0.91,0.0,2894,0.4637814365718513
COMPLETED,0.91,0.0,1222,0.5571435561645774
COMPLETED,0.91,0.0,2222,0.100077554591
COMPLETED,0.91,0.0,4280,0.8799720304459333
COMPLETED,0.91,0.0,4816,0.210420612456277
COMPLETED,0.91,0.0,1800,0.8027075498942285
COMPLETED,0.91,0.0,373,0.3534374492466449
COMPLETED,0.91,0.0,3628,0.6344090256616473
COMPLETED,0.91,1.0,3715,0.2483289052229374
COMPLETED,0.91,0.0,403,0.7784417175408452
COMPLETED,0.91,0.0,1791,0.3155376405902207
COMPLETED,0.91,0.0,4708,0.6586663144193589
COMPLETED,0.91,0.0,4309,0.4863082605507224
COMPLETED,0.91,0.0,2309,0.5170717818271368
COMPLETED,0.91,0.0,1114,0.0775573558025062
COMPLETED,0.91,0.0,2885,0.9200372390784322
COMPLETED,0.91,0.0,2562,0.2755319610778242
COMPLETED,0.91,0.0,812,0.7435020045358687
COMPLETED,0.91,0.0,2007,0.1635845847353339
COMPLETED,0.91,0.0,3986,0.8183560274243354
COMPLETED,0.91,1.0,4406,0.022049295919016
COMPLETED,0.91,0.0,1468,0.989187809566036
COMPLETED,0.91,0.0,80,0.4170663204342127
COMPLETED,0.91,0.0,3413,0.5726712113395332
COMPLETED,0.91,0.0,3199,0.3964747426342218
COMPLETED,0.91,0.0,178,0.6147020260300488
COMPLETED,0.91,0.0,1370,0.0426409108974039
COMPLETED,0.91,0.0,4620,0.9471568982116878
COMPLETED,0.91,0.0,3771,0.1510335565861314
COMPLETED,0.91,0.0,2105,0.8679401019494981
COMPLETED,0.91,0.0,714,0.2880830710195004
COMPLETED,0.91,0.0,2777,0.6939179077036679
COMPLETED,0.91,0.0,3099,0.1117916003558784
COMPLETED,0.91,0.0,1016,0.8916489572990685
COMPLETED,0.91,0.0,2407,0.4520740531757473
COMPLETED,0.91,0.0,4095,0.5454599669426679
COMPLETED,0.91,0.0,4923,0.3729188801068812
COMPLETED,0.91,0.0,1693,0.6539123471621424
COMPLETED,0.91,0.0,501,0.1909477474987506
COMPLETED,0.91,0.0,3500,0.7831956624910235
COMPLETED,0.91,0.0,3483,0.4268119587488472
COMPLETED,0.91,0.0,486,0.5824158309660851
COMPLETED,0.91,0.0,1716,0.0123046465497463
ABANDONED,,,4951,0.9794421415086836
ABANDONED,,,4080,0.181126168590039
COMPLETED,0.91,0.0,2003,0.2157363081164658
COMPLETED,0.91,0.0,2849,0.7450996206775308
COMPLETED,0.91,0.0,4426,0.8051728968136013
COMPLETED,0.91,0.0,1971,0.6949926747512072
COMPLETED,0.91,0.0,3857,0.273163963932544
COMPLETED,0.91,0.0,3172,0.4326606578528881
COMPLETED,0.91,0.0,2608,0.894437776722014
COMPLETED,0.91,0.0,4927,0.9284493366181852
COMPLETED,0.91,0.0,2389,0.5687767324093729
COMPLETED,0.91,0.0,78,0.5991502820421011
COMPLETED,0.91,0.0,154,0.348741745185107
COMPLETED,0.91,0.0,1391,0.9748576724231244
COMPLETED,0.91,0.0,4540,0.7108433153927326
COMPLETED,0.91,0.0,4745,0.3359140539932996
COMPLETED,0.91,0.0,4161,0.8683912785295397
COMPLETED,0.91,0.0,2803,0.615000915247947
COMPLETED,0.91,0.0,1812,0.9454448534697294
COMPLETED,0.91,0.0,4274,0.5545847343895585
COMPLETED,0.91,0.0,3709,0.6458586679603905
COMPLETED,0.91,0.0,938,0.5111433378495276
COMPLETED,0.91,0.0,4561,0.3689973473865539
COMPLETED,0.91,0.0,3756,0.4297825628742576
COMPLETED,0.91,0.0,2909,0.5894549024142325
COMPLETED,0.91,0.0,364,0.9159298915173858
COMPLETED,0.91,0.0,4864,0.7720746279619635
COMPLETED,0.91,0.0,2490,0.7242996096294373
COMPLETED,0.91,0.0,3497,0.1156070138476789
COMPLETED,0.91,0.0,4036,0.8350645409915596
COMPLETED,0.91,0.0,1424,0.6625395282357931
COMPLETED,0.91,0.0,1291,0.8192441393993795
COMPLETED,0.91,0.0,4636,0.617818216111511
COMPLETED,0.91,0.0,444,0.1683382778018713
COMPLETED,0.91,0.0,856,0.2603437455985695
COMPLETED,0.91,0.0,1685,0.5392478899024427
COMPLETED,0.91,0.0,239,0.7848565767128021
COMPLETED,0.91,0.0,2701,0.7078739697560668
COMPLETED,0.91,0.0,2262,0.5178998116534204
COMPLETED,0.91,0.0,3541,0.3446988528817892
COMPLETED,0.91,0.0,4109,0.4503482710160315
COMPLETED,0.91,0.0,4413,0.6370321010015905
COMPLETED,0.91,0.0,2024,0.8719016534965486
COMPLETED,0.91,0.0,3665,0.8748286845404655
