Status,ACCURACY,RUNTIME,recent_samples_size,n_subspaces,feature_percentage,alpha,window_size,mode
COMPLETED,0.91,1002.0,3162,21,0.5459130005836486,0.8075570117235183,475,EDFSMode.RANDOM
COMPLETED,0.91,5610.0,1904,88,0.4926232325229794,0.1453184413220733,661,EDFSMode.RANDOM
ABANDONED,,,1104,40,0.7920554966796189,0.569795747661963,867,EDFSMode.RANDOM
COMPLETED,0.93,1221.0,4847,70,0.247453158782795,0.4767045256718993,255,EDFSMode.RANDOM
COMPLETED,0.92,1088.0,4238,30,0.2835260628275573,0.3572825924437493,202,EDFSMode.RANDOM
FAILED,,,476,63,0.7403300989083946,0.6891553401537239,919,EDFSMode.RANDOM
COMPLETED,0.9,245.0,1282,11,0.0373766283132135,0.0181640837043523,713,EDFSMode.RANDOM
FAILED,,,2520,81,0.9855027602650224,0.9347736821938306,422,EDFSMode.RANDOM
COMPLETED,0.89,319.0,2823,48,0.1025413084160536,0.671691039962694,591,EDFSMode.RANDOM
FAILED,,,1565,69,0.935994927478954,0.2813685000576078,544,EDFSMode.RANDOM
COMPLETED,0.8599999999999999,217.0,193,17,0.356359813472256,0.9484611888825892,300,EDFSMode.RANDOM
FAILED,,,3936,100,0.6831488531436771,0.0980985029656439,822,EDFSMode.RANDOM
FAILED,,,4564,3,0.8497278653532266,0.2253150804899632,987,EDFSMode.RANDOM
COMPLETED,0.93,975.0,802,82,0.1741283075362443,0.8213069520946592,134,EDFSMode.RANDOM
COMPLETED,0.8499999999999999,1936.0,2207,34,0.5959043337777256,0.4007279754374176,379,EDFSMode.RANDOM
COMPLETED,0.91,6719.0,3445,51,0.4269750659540295,0.5522692238464951,757,EDFSMode.RANDOM
FAILED,,,3706,38,0.8864843741636723,0.0620841586142778,220,EDFSMode.RANDOM
COMPLETED,0.8399999999999999,155.0,2444,54,0.0906342946868389,0.8909749575722962,859,EDFSMode.RANDOM
COMPLETED,0.8599999999999999,4489.0,721,7,0.632776980465278,0.3154336814265698,612,EDFSMode.RANDOM
COMPLETED,0.93,1004.0,4459,86,0.3433687669094652,0.7311265532262622,454,EDFSMode.RANDOM
COMPLETED,0.92,450.0,3840,13,0.1281430990695953,0.6020204803291707,401,EDFSMode.RANDOM
FAILED,,,83,96,0.8323462880253791,0.4446011432930827,664,EDFSMode.RANDOM
COMPLETED,0.91,785.0,1832,44,0.3818493328019976,0.7696065400652587,912,EDFSMode.RANDOM
COMPLETED,0.92,3111.0,3074,65,0.5796163664385676,0.1833911871518939,167,EDFSMode.RANDOM
COMPLETED,0.8699999999999999,2174.0,2752,7,0.4490528501812368,0.4269837313089519,787,EDFSMode.RANDOM
COMPLETED,0.93,2968.0,1490,77,0.528065837258473,0.5258921176865697,293,EDFSMode.RANDOM
COMPLETED,0.8699999999999999,389.0,425,26,0.2027759012002497,0.1969883986674249,495,EDFSMode.RANDOM
ABANDONED,,,4163,58,0.773369864763692,0.8495113318618386,570,EDFSMode.RANDOM
ABANDONED,,,4801,44,0.6922445340715347,0.970818477511406,736,EDFSMode.RANDOM
COMPLETED,0.92,731.0,1043,74,0.2682448716126382,0.0756198640484362,330,EDFSMode.RANDOM
FAILED,,,2121,25,0.9385184195525944,0.6550597003828734,127,EDFSMode.RANDOM
COMPLETED,0.89,278.0,3364,93,0.0229472982771694,0.2978775375820696,952,EDFSMode.RANDOM
COMPLETED,0.92,734.0,3284,38,0.3750672412235289,0.1581154473237693,426,EDFSMode.RANDOM
FAILED,,,2046,72,0.6644435705859214,0.7638170224633067,695,EDFSMode.RANDOM
COMPLETED,0.8699999999999999,176.0,963,20,0.1213569996599107,0.4661078301612287,942,EDFSMode.RANDOM
FAILED,,,4725,90,0.9171770984772591,0.6118225842639803,192,EDFSMode.RANDOM
COMPLETED,0.92,2713.0,4087,13,0.6103402313776313,0.7409269636850803,252,EDFSMode.RANDOM
COMPLETED,0.93,1013.0,1174,74,0.3312404253331445,0.6963838093938881,286,EDFSMode.RANDOM
COMPLETED,0.8599999999999999,1313.0,1014,30,0.3361777086368306,0.6915887699008343,1000,EDFSMode.RANDOM
COMPLETED,0.92,820.0,2848,81,0.2689964912362834,0.625173033698794,270,EDFSMode.RANDOM
COMPLETED,0.92,1838.0,1656,82,0.0675093865436737,0.6581388320170533,100,EDFSMode.RANDOM
COMPLETED,0.92,1294.0,4947,32,0.0734713452738024,0.4684347929357813,134,EDFSMode.RANDOM
COMPLETED,0.92,1718.0,1657,77,0.001,0.6310748740882541,100,EDFSMode.RANDOM
COMPLETED,0.8399999999999999,3011.0,797,15,0.4141647475044817,0.8033674635704002,1000,EDFSMode.RANDOM
COMPLETED,0.91,1321.0,3506,100,0.2694553231982224,0.511579581022576,708,EDFSMode.RANDOM
COMPLETED,0.9,506.0,1643,15,0.3090032293680777,0.729402998603142,967,EDFSMode.RANDOM
COMPLETED,0.9,676.0,348,71,0.3662001395147283,0.7271689546866775,237,EDFSMode.RANDOM
COMPLETED,0.92,948.0,3029,11,0.0233355916580509,0.4649349523197875,100,EDFSMode.RANDOM
FAILED,,,1149,18,0.9938730557240846,0.7988744521813784,100,EDFSMode.RANDOM
COMPLETED,0.9,272.0,1976,10,0.1353958282065864,0.5813677726251446,1000,EDFSMode.RANDOM
COMPLETED,0.93,1020.0,2557,54,0.2156722388126817,0.5814046182381295,100,EDFSMode.RANDOM
COMPLETED,0.93,446.0,5000,44,0.1094632459032595,0.3695688437446408,444,EDFSMode.RANDOM
COMPLETED,0.8599999999999999,193.0,930,74,0.0871132717118892,0.0928147288780995,974,EDFSMode.RANDOM
COMPLETED,0.9,247.0,1041,77,0.001,0.189791180149115,698,EDFSMode.RANDOM
COMPLETED,0.92,302.0,756,33,0.0962910564372731,0.5609777502914758,289,EDFSMode.RANDOM
COMPLETED,0.7399999999999999,1046.0,109,82,0.2903517052098725,0.6428437908205865,697,EDFSMode.RANDOM
COMPLETED,0.93,566.0,3324,82,0.001,0.410578146498409,263,EDFSMode.RANDOM
COMPLETED,0.9,1823.0,1841,56,0.2768156558552948,0.5003914904776806,1000,EDFSMode.RANDOM
COMPLETED,0.92,955.0,2265,66,0.2978366748521246,0.7182181855727017,100,EDFSMode.RANDOM
COMPLETED,0.55,607.0,2062,2,0.0932678738481704,0.5148828068308204,100,EDFSMode.RANDOM
COMPLETED,0.91,337.0,1526,61,0.1412009062293165,0.3194486408649033,686,EDFSMode.RANDOM
COMPLETED,0.92,301.0,4084,58,0.001,0.0012963947184676,781,EDFSMode.RANDOM
COMPLETED,0.93,501.0,3937,77,0.095253628751646,0.999,360,EDFSMode.RANDOM
COMPLETED,0.92,1394.0,3918,74,0.2168786948810116,0.999,562,EDFSMode.RANDOM
COMPLETED,0.92,298.0,1438,50,0.001,0.001,622,EDFSMode.RANDOM
COMPLETED,0.9,272.0,1524,53,0.001,0.001,907,EDFSMode.RANDOM
COMPLETED,0.9,264.0,4705,43,0.0133780923168742,0.7707592063887613,993,EDFSMode.RANDOM
COMPLETED,0.91,406.0,1434,100,0.1216721213338493,0.999,769,EDFSMode.RANDOM
COMPLETED,0.91,1073.0,4496,5,0.2452975217290073,0.999,870,EDFSMode.RANDOM
COMPLETED,0.91,387.0,4176,64,0.109543081703679,0.999,723,EDFSMode.RANDOM
COMPLETED,0.91,617.0,1411,98,0.1906961167835512,0.999,607,EDFSMode.RANDOM
COMPLETED,0.91,241.0,1435,49,0.001,0.999,733,EDFSMode.RANDOM
COMPLETED,0.92,1948.0,1624,65,0.2105103154211991,0.001,602,EDFSMode.RANDOM
COMPLETED,0.91,370.0,4986,94,0.0237954090675594,0.999,777,EDFSMode.RANDOM
ABANDONED,,,3952,76,0.8825089492149061,0.0395176473739858,464,EDFSMode.RANDOM
COMPLETED,0.6099999999999999,427.0,3528,1,0.001,0.001,260,EDFSMode.RANDOM
COMPLETED,0.92,378.0,1614,65,0.001,0.001,503,EDFSMode.RANDOM
COMPLETED,0.78,891.0,5000,2,0.0920705897018267,0.1243738943775737,619,EDFSMode.RANDOM
COMPLETED,0.92,329.0,4422,27,0.001,0.001,617,EDFSMode.RANDOM
COMPLETED,0.92,539.0,1435,100,0.1430738522276635,0.999,414,EDFSMode.RANDOM
ABANDONED,,,4075,100,0.999,0.999,100,EDFSMode.RANDOM
COMPLETED,0.89,1299.0,3521,1,0.3591141224146666,0.999,100,EDFSMode.RANDOM
COMPLETED,0.9,260.0,3969,52,0.001,0.001,1000,EDFSMode.RANDOM
COMPLETED,0.91,427.0,4516,83,0.1495015662383081,0.001,832,EDFSMode.RANDOM
COMPLETED,0.91,361.0,5000,76,0.0831797360327945,0.001,751,EDFSMode.RANDOM
COMPLETED,0.92,445.0,5000,100,0.001,0.999,606,EDFSMode.RANDOM
COMPLETED,0.92,299.0,4449,40,0.0938547770616466,0.999,725,EDFSMode.RANDOM
COMPLETED,0.91,273.0,4385,43,0.001,0.001,823,EDFSMode.RANDOM
ABANDONED,,,3870,76,0.8297182045158464,0.999,891,EDFSMode.RANDOM
COMPLETED,0.91,4422.0,3514,2,0.999,0.109694524611667,100,EDFSMode.RANDOM
COMPLETED,0.92,354.0,5000,84,0.0096178191928815,0.001,804,EDFSMode.RANDOM
COMPLETED,0.93,348.0,4902,14,0.1817740243593503,0.999,544,EDFSMode.RANDOM
COMPLETED,0.8699999999999999,636.0,335,58,0.3606549310543096,0.999,436,EDFSMode.RANDOM
COMPLETED,0.93,429.0,4481,15,0.001,0.999,380,EDFSMode.RANDOM
COMPLETED,0.93,516.0,3152,15,0.1945460685452709,0.999,233,EDFSMode.RANDOM
COMPLETED,0.63,110.0,14,39,0.1647034052005172,0.999,874,EDFSMode.RANDOM
COMPLETED,0.92,961.0,4927,19,0.1818584409507318,0.999,176,EDFSMode.RANDOM
COMPLETED,0.92,1120.0,3273,39,0.1778885477377169,0.999,112,EDFSMode.RANDOM
COMPLETED,0.92,989.0,4267,45,0.3556375429977255,0.999,231,EDFSMode.RANDOM
COMPLETED,0.91,263.0,4025,13,0.1826884843153902,0.999,1000,EDFSMode.RANDOM
COMPLETED,0.88,216.0,1296,64,0.0520374555541577,0.999,1000,EDFSMode.RANDOM
ABANDONED,,,4464,100,0.7755305652965355,0.999,262,EDFSMode.RANDOM
COMPLETED,0.77,1554.0,2907,1,0.4956330826490549,0.999,319,EDFSMode.RANDOM
COMPLETED,0.93,893.0,4915,88,0.1211292111169254,0.001,307,EDFSMode.RANDOM
COMPLETED,0.8599999999999999,118.0,119,14,0.1716555427545725,0.001,249,EDFSMode.RANDOM
COMPLETED,0.92,1604.0,3474,12,0.214964787975118,0.999,100,EDFSMode.RANDOM
COMPLETED,0.91,886.0,3880,60,0.3624729360907549,0.999,646,EDFSMode.RANDOM
COMPLETED,0.93,805.0,816,61,0.1194597468160215,0.001,133,EDFSMode.RANDOM
COMPLETED,0.88,188.0,2198,16,0.0014118921310082,0.001,198,EDFSMode.RANDOM
ABANDONED,,,2132,82,0.919698682009903,0.999,579,EDFSMode.RANDOM
ABANDONED,,,4170,58,0.9280569326148858,0.999,1000,EDFSMode.RANDOM
ABANDONED,,,4182,61,0.8918288533207013,0.3695233252147835,927,EDFSMode.RANDOM
FAILED,,,2771,44,0.8581782445934654,0.999,702,EDFSMode.RANDOM
COMPLETED,0.91,252.0,3625,13,0.0116864768615883,0.999,770,EDFSMode.RANDOM
FAILED,,,4240,49,0.7403864174765546,0.999,335,EDFSMode.RANDOM
FAILED,,,4914,68,0.8183268587099253,0.999,454,EDFSMode.RANDOM
FAILED,,,3706,93,0.6878866605059764,0.999,520,EDFSMode.RANDOM
FAILED,,,2076,46,0.9023325324335196,0.001,593,EDFSMode.RANDOM
FAILED,,,2619,18,0.8134109800407257,0.999,118,EDFSMode.RANDOM
COMPLETED,0.75,88.0,149,38,0.0505474720103006,0.001,919,EDFSMode.RANDOM
COMPLETED,0.9,169.0,2840,18,0.0166882588757101,0.3200401146855251,747,EDFSMode.RANDOM
COMPLETED,0.8699999999999999,218.0,1062,9,0.1743261671896467,0.001,906,EDFSMode.RANDOM
COMPLETED,0.88,166.0,2681,17,0.1712509305920147,0.3987196877828832,711,EDFSMode.RANDOM
COMPLETED,0.93,700.0,3195,19,0.001,0.3535995262180974,150,EDFSMode.RANDOM
COMPLETED,0.4899999999999999,838.0,13,1,0.1811388154631858,0.001,832,EDFSMode.RANDOM
COMPLETED,0.8699999999999999,100.0,429,11,0.1719771354271078,0.001,704,EDFSMode.RANDOM
ABANDONED,,,4604,57,0.857323851973208,0.589127170044189,187,EDFSMode.RANDOM
COMPLETED,0.8699999999999999,560.0,1080,10,0.3674257339859167,0.001,977,EDFSMode.RANDOM
COMPLETED,0.91,2714.0,4698,100,0.2155742465840372,0.999,100,EDFSMode.RANDOM
COMPLETED,0.66,1173.0,136,1,0.303773480793157,0.001,450,EDFSMode.RANDOM
ABANDONED,,,3732,82,0.9515676885545756,0.999,777,EDFSMode.RANDOM
COMPLETED,0.91,1893.0,4437,1,0.8759905644684882,0.999,132,EDFSMode.RANDOM
ABANDONED,,,4163,77,0.7475412346137738,0.4505405588072782,826,EDFSMode.RANDOM
ABANDONED,,,2832,100,0.9594210081554556,0.001,681,EDFSMode.RANDOM
COMPLETED,0.75,91.0,2158,18,0.028152651260527,0.001,1000,EDFSMode.RANDOM
ABANDONED,,,3527,81,0.7292546766822493,0.4021513309497598,136,EDFSMode.RANDOM
COMPLETED,0.83,187.0,2480,100,0.0737008912258905,0.999,1000,EDFSMode.RANDOM
COMPLETED,0.91,289.0,3571,23,0.1542997835936114,0.001,874,EDFSMode.RANDOM
ABANDONED,,,2162,12,0.8104720022734243,0.001,970,EDFSMode.RANDOM
COMPLETED,0.91,250.0,4456,26,0.0447822197047969,0.922749429665966,965,EDFSMode.RANDOM
ABANDONED,,,4766,62,0.7199368917590294,0.4134203356938665,963,EDFSMode.RANDOM
ABANDONED,,,4704,29,0.7270220316158805,0.8315294677737008,819,EDFSMode.RANDOM
ABANDONED,,,1500,100,0.8088013179016031,0.0473130061619732,229,EDFSMode.RANDOM
COMPLETED,0.92,271.0,3015,18,0.001,0.3669896004193735,379,EDFSMode.RANDOM
COMPLETED,0.9,228.0,1457,37,0.0270820929491473,0.001,1000,EDFSMode.RANDOM
FAILED,,,3157,13,0.8329053829561577,0.2291936045247152,371,EDFSMode.RANDOM
COMPLETED,0.93,2391.0,3134,15,0.7591066745868539,0.1979951336025016,237,EDFSMode.RANDOM
COMPLETED,0.66,1490.0,3803,1,0.2898865828947017,0.999,817,EDFSMode.RANDOM
FAILED,,,3147,17,0.844132354403007,0.001,730,EDFSMode.RANDOM
FAILED,,,1668,52,0.7769830704145958,0.2829664110830644,241,EDFSMode.RANDOM
COMPLETED,0.91,272.0,462,32,0.001,0.001,288,EDFSMode.RANDOM
COMPLETED,0.92,462.0,3016,34,0.001,0.001,299,EDFSMode.RANDOM
COMPLETED,0.88,571.0,1183,11,0.3535861697736658,0.001,903,EDFSMode.RANDOM
COMPLETED,0.89,473.0,3347,10,0.3543142417277747,0.999,904,EDFSMode.RANDOM
COMPLETED,0.92,538.0,3704,90,0.1203381599296012,0.999,549,EDFSMode.RANDOM
COMPLETED,0.92,2556.0,3929,45,0.3396867503182728,0.001,566,EDFSMode.RANDOM
ABANDONED,,,4797,44,0.9161825057627462,0.001,886,EDFSMode.RANDOM
COMPLETED,0.91,1978.0,1009,50,0.3399146090903459,0.001,568,EDFSMode.RANDOM
COMPLETED,0.93,365.0,4319,10,0.1984893475795543,0.001,387,EDFSMode.RANDOM
COMPLETED,0.81,1763.0,219,93,0.3388304919886872,0.999,593,EDFSMode.RANDOM
ABANDONED,,,3832,100,0.8819658378899617,0.8455906018571079,146,EDFSMode.RANDOM
ABANDONED,,,4651,77,0.8255783312060896,0.999,453,EDFSMode.RANDOM
ABANDONED,,,2458,75,0.4129951802187313,0.001,100,EDFSMode.RANDOM
COMPLETED,0.92,699.0,4618,63,0.001,0.001,351,EDFSMode.RANDOM
COMPLETED,0.91,299.0,4756,35,0.039146953948985,0.001,842,EDFSMode.RANDOM
COMPLETED,0.92,6309.0,3163,93,0.3964079102968949,0.001,109,EDFSMode.RANDOM
ABANDONED,,,4315,94,0.6549337123188335,0.999,915,EDFSMode.RANDOM
ABANDONED,,,2169,70,0.8734427836868027,0.2035391246670605,814,EDFSMode.RANDOM
ABANDONED,,,603,48,0.888309254260042,0.001,678,EDFSMode.RANDOM
ABANDONED,,,4611,44,0.999,0.001,828,EDFSMode.RANDOM
COMPLETED,0.91,675.0,4462,9,0.3594590160210241,0.999,895,EDFSMode.RANDOM
ABANDONED,,,3875,76,0.819784757526747,0.001,127,EDFSMode.RANDOM
ABANDONED,,,2476,98,0.7754438911281336,0.999,425,EDFSMode.RANDOM
ABANDONED,,,2316,10,0.9035914818754158,0.001,769,EDFSMode.RANDOM
ABANDONED,,,4732,87,0.914185819431026,0.001,930,EDFSMode.RANDOM
FAILED,,,2143,97,0.8617185931922394,0.999,584,EDFSMode.RANDOM
FAILED,,,4809,73,0.8334652314127309,0.2737153291694335,703,EDFSMode.RANDOM
COMPLETED,0.89,391.0,739,100,0.1030198931789263,0.001,583,EDFSMode.RANDOM
COMPLETED,0.92,4519.0,4612,92,0.3321361401667869,0.001,594,EDFSMode.RANDOM
FAILED,,,1942,47,0.9729302355861376,0.999,636,EDFSMode.RANDOM
COMPLETED,0.91,632.0,2355,48,0.2963684558082954,0.1811288512474098,284,EDFSMode.RANDOM
COMPLETED,0.91,298.0,4751,10,0.1684813025444899,0.8606761957734047,795,EDFSMode.RANDOM
COMPLETED,0.91,1126.0,3335,46,0.3417501642727437,0.8454300079178487,857,EDFSMode.RANDOM
COMPLETED,0.88,818.0,714,50,0.3462380839595773,0.8414884827704477,656,EDFSMode.RANDOM
COMPLETED,0.9,1314.0,2926,30,0.3136067340813732,0.1734011518787234,786,EDFSMode.RANDOM
COMPLETED,0.7,627.0,9,63,0.2960349086342332,0.1904712636796002,257,EDFSMode.RANDOM
COMPLETED,0.92,2251.0,3106,75,0.2762011188974179,0.2016937443602935,100,EDFSMode.RANDOM
COMPLETED,0.82,1011.0,340,26,0.3285921514168093,0.1575716798866708,1000,EDFSMode.RANDOM
COMPLETED,0.92,2120.0,1348,23,0.3071054336878066,0.1673729552817405,100,EDFSMode.RANDOM
COMPLETED,0.92,618.0,3916,39,0.298089299290332,0.1776887490411537,684,EDFSMode.RANDOM
COMPLETED,0.9,354.0,4076,11,0.054401730489532,0.6549303164634768,1000,EDFSMode.RANDOM
COMPLETED,0.92,1360.0,4421,10,0.3345614488980677,0.20336078253762,172,EDFSMode.RANDOM
COMPLETED,0.91,1206.0,5000,29,0.3380909354356226,0.2333609693422187,1000,EDFSMode.RANDOM
COMPLETED,0.92,1344.0,4195,8,0.388074256228039,0.2810401889082355,173,EDFSMode.RANDOM
COMPLETED,0.78,419.0,226,11,0.343223911362465,0.1625726398896111,867,EDFSMode.RANDOM
COMPLETED,0.78,624.0,2036,100,0.2361499715680062,0.2050443805254485,333,EDFSMode.RANDOM
COMPLETED,0.92,1282.0,2339,73,0.3835826835233418,0.8540515834596394,100,EDFSMode.RANDOM
COMPLETED,0.91,911.0,4827,24,0.2882166878143853,0.1726750263437295,745,EDFSMode.RANDOM
FAILED,,,4378,75,0.5675370792567722,0.9277409582719316,941,EDFSMode.RANDOM
COMPLETED,0.91,2605.0,4595,70,0.2656740496176993,0.2064419700534519,792,EDFSMode.RANDOM
COMPLETED,0.82,158.0,419,11,0.0784401906282125,0.7262322856380524,1000,EDFSMode.RANDOM
COMPLETED,0.8699999999999999,974.0,1068,12,0.2031835350249393,0.8603957958799416,1000,EDFSMode.RANDOM
COMPLETED,0.68,91.0,51,29,0.001,0.4568814236880694,1000,EDFSMode.RANDOM
FAILED,,,4099,77,0.9469988803879524,0.6175810540726363,830,EDFSMode.RANDOM
COMPLETED,0.83,1908.0,472,50,0.3314972716222023,0.8439233309282586,1000,EDFSMode.RANDOM
FAILED,,,4772,25,0.9105507221253584,0.5433386728303214,674,EDFSMode.RANDOM
COMPLETED,0.91,2168.0,4488,9,0.2754155454452619,0.1684779775748544,100,EDFSMode.RANDOM
COMPLETED,0.92,1096.0,4610,24,0.0841977743689619,0.8087909052872834,189,EDFSMode.RANDOM
FAILED,,,4832,68,0.8225024428147442,0.7144416152676885,1000,EDFSMode.RANDOM
FAILED,,,3634,77,0.999,0.8731945205066136,240,EDFSMode.RANDOM
COMPLETED,0.91,366.0,2950,14,0.3630908093880509,0.4710358359689539,507,EDFSMode.RANDOM
COMPLETED,0.91,312.0,677,13,0.3614130351430003,0.3764684150960497,344,EDFSMode.RANDOM
COMPLETED,0.91,411.0,1799,78,0.1669752554706368,0.1455323694380142,793,EDFSMode.RANDOM
COMPLETED,0.93,512.0,3175,46,0.1895185132813757,0.2625824756064396,226,EDFSMode.RANDOM
COMPLETED,0.91,349.0,937,5,0.3638963975702723,0.4404425354823266,497,EDFSMode.RANDOM
COMPLETED,0.93,449.0,1264,15,0.1943354871819359,0.4218908372945752,281,EDFSMode.RANDOM
COMPLETED,0.92,746.0,3726,18,0.3650144864286231,0.4871788744148821,607,EDFSMode.RANDOM
COMPLETED,0.8699999999999999,257.0,3008,73,0.1673898041632993,0.4091900203013176,1000,EDFSMode.RANDOM
COMPLETED,0.92,882.0,1348,38,0.3609604171032463,0.4477311678457933,398,EDFSMode.RANDOM
COMPLETED,0.91,323.0,616,8,0.360641471479197,0.348535499655847,415,EDFSMode.RANDOM
COMPLETED,0.76,212.0,2226,78,0.1554942513358921,0.6710016369005084,997,EDFSMode.RANDOM
COMPLETED,0.92,477.0,4052,72,0.1723722610026726,0.001,497,EDFSMode.RANDOM
ABANDONED,,,1895,55,0.8978904902243751,0.001,473,EDFSMode.RANDOM
COMPLETED,0.93,1331.0,671,14,0.203423113626875,0.0579804201950193,100,EDFSMode.RANDOM
ABANDONED,,,3570,85,0.8641407565119918,0.520033849271146,940,EDFSMode.RANDOM
COMPLETED,0.93,601.0,682,39,0.1937072768859528,0.1311382948803772,162,EDFSMode.RANDOM
COMPLETED,0.89,304.0,674,13,0.3693046423910802,0.5154205433617707,494,EDFSMode.RANDOM
COMPLETED,0.66,135.0,2034,79,0.0645547909915941,0.4715026261198304,832,EDFSMode.RANDOM
ABANDONED,,,4089,63,0.8956251248036198,0.946487621505398,851,EDFSMode.RANDOM
COMPLETED,0.89,2067.0,3320,17,0.5703918988528947,0.9257675999523992,940,EDFSMode.RANDOM
ABANDONED,,,3027,17,0.8260156564891842,0.03154184171679,465,EDFSMode.RANDOM
ABANDONED,,,1612,81,0.9308524550585616,0.3345288726410624,951,EDFSMode.RANDOM
ABANDONED,,,1108,93,0.9338975234713788,0.001,342,EDFSMode.RANDOM
COMPLETED,0.78,216.0,2339,79,0.1183361037393217,0.001,988,EDFSMode.RANDOM
ABANDONED,,,2903,69,0.999,0.0120833732048256,1000,EDFSMode.RANDOM
COMPLETED,0.91,344.0,744,65,0.1821378887971175,0.4598543058877986,430,EDFSMode.RANDOM
COMPLETED,0.91,409.0,4824,100,0.1616937068048186,0.9880733736678514,862,EDFSMode.RANDOM
ABANDONED,,,3768,18,0.9220687682915772,0.4351245803119874,730,EDFSMode.RANDOM
FAILED,,,4161,51,0.8587622402937903,0.999,882,EDFSMode.RANDOM
FAILED,,,1220,58,0.8890207216718355,0.001,176,EDFSMode.RANDOM
COMPLETED,0.92,374.0,4838,79,0.001,0.4143431111185162,532,EDFSMode.RANDOM
COMPLETED,0.92,321.0,1812,27,0.1742212970279417,0.279306283019729,579,EDFSMode.RANDOM
COMPLETED,0.92,376.0,4817,21,0.1763547189744713,0.0146544041952806,464,EDFSMode.RANDOM
COMPLETED,0.91,628.0,3041,50,0.2859174098695478,0.975019745421172,443,EDFSMode.RANDOM
COMPLETED,0.92,810.0,1840,50,0.2850568392297871,0.8644232561290057,515,EDFSMode.RANDOM
COMPLETED,0.91,362.0,2979,100,0.001,0.1264745862583351,447,EDFSMode.RANDOM
COMPLETED,0.92,1188.0,1132,11,0.1271926276858527,0.001,100,EDFSMode.RANDOM
ABANDONED,,,4847,100,0.999,0.001,524,EDFSMode.RANDOM
COMPLETED,0.92,486.0,1806,100,0.161516160337235,0.4497333465548881,583,EDFSMode.RANDOM
COMPLETED,0.93,735.0,2716,100,0.1628803968242397,0.0547863463622175,179,EDFSMode.RANDOM
COMPLETED,0.92,1214.0,4766,48,0.2909921069029249,0.999,548,EDFSMode.RANDOM
COMPLETED,0.91,497.0,2640,52,0.2761771899117608,0.999,330,EDFSMode.RANDOM
COMPLETED,0.91,506.0,1157,50,0.2845313743277759,0.8155614543212832,467,EDFSMode.RANDOM
COMPLETED,0.64,658.0,2315,1,0.131399488553695,0.001,129,EDFSMode.RANDOM
COMPLETED,0.93,380.0,4771,25,0.1878252042322747,0.5424038899525746,528,EDFSMode.RANDOM
COMPLETED,0.82,1070.0,192,5,0.001,0.001,100,EDFSMode.RANDOM
ABANDONED,,,4815,36,0.8448874665812894,0.998679477080242,480,EDFSMode.RANDOM
FAILED,,,1154,47,0.8322109178606151,0.7837985378075362,110,EDFSMode.RANDOM
COMPLETED,0.93,491.0,4186,100,0.0161441782350577,0.2432886977538328,432,EDFSMode.RANDOM
COMPLETED,0.91,343.0,2977,100,0.0226498564183561,0.001,549,EDFSMode.RANDOM
COMPLETED,0.91,363.0,3964,95,0.0928471799227188,0.5833605766060762,778,EDFSMode.RANDOM
COMPLETED,0.93,697.0,1784,50,0.2917166003345741,0.999,509,EDFSMode.RANDOM
FAILED,,,2809,70,0.7983711938852843,0.7886561790673428,988,EDFSMode.RANDOM
COMPLETED,0.91,2838.0,3999,84,0.3519557346480383,0.999,100,EDFSMode.RANDOM
FAILED,,,484,37,0.8262783666337196,0.0629942491805179,100,EDFSMode.RANDOM
FAILED,,,4831,78,0.999,0.001,640,EDFSMode.RANDOM
COMPLETED,0.92,2535.0,3471,100,0.3507671266654016,0.999,100,EDFSMode.RANDOM
FAILED,,,1831,25,0.9466366913488704,0.2800325942961524,626,EDFSMode.RANDOM
COMPLETED,0.9,540.0,557,53,0.2799183524042755,0.7679365677413915,364,EDFSMode.RANDOM
COMPLETED,0.9,390.0,3005,81,0.1654565963567936,0.7847906390085493,591,EDFSMode.RANDOM
COMPLETED,0.92,308.0,3897,23,0.0024017169758706,0.7525778563064567,593,EDFSMode.RANDOM
COMPLETED,0.9,362.0,1653,88,0.094538834036865,0.1504798739582296,905,EDFSMode.RANDOM
COMPLETED,0.91,260.0,3797,24,0.0233048864960714,0.999,727,EDFSMode.RANDOM
COMPLETED,0.92,420.0,3978,23,0.0144653187323224,0.3998075921482541,718,EDFSMode.RANDOM
COMPLETED,0.9,296.0,3690,27,0.1549564878743179,0.999,1000,EDFSMode.RANDOM
COMPLETED,0.91,303.0,1630,88,0.0628968174870241,0.001,858,EDFSMode.RANDOM
COMPLETED,0.9,274.0,1592,85,0.001,0.5763371259590754,992,EDFSMode.RANDOM
COMPLETED,0.91,404.0,3986,24,0.1397675362711397,0.999,715,EDFSMode.RANDOM
COMPLETED,0.91,366.0,1614,87,0.1357286977477499,0.001,848,EDFSMode.RANDOM
ABANDONED,,,1673,91,0.6841364914746588,0.1252726665347757,750,EDFSMode.RANDOM
COMPLETED,0.93,333.0,3937,24,0.1809572524601976,0.999,528,EDFSMode.RANDOM
ABANDONED,,,1704,94,0.8800461552070246,0.2617690808752597,941,EDFSMode.RANDOM
COMPLETED,0.91,286.0,1682,41,0.0777660614359475,0.4684081059113655,812,EDFSMode.RANDOM
COMPLETED,0.9,338.0,4381,100,0.0442867122480999,0.7975336458278943,887,EDFSMode.RANDOM
COMPLETED,0.91,255.0,3937,21,0.001,0.6268784361997581,844,EDFSMode.RANDOM
FAILED,,,1748,91,0.8073445299912159,0.001,644,EDFSMode.RANDOM
FAILED,,,1066,91,0.7677443804305149,0.2353905503704836,198,EDFSMode.RANDOM
FAILED,,,1679,86,0.7418178907126298,0.344875048099063,838,EDFSMode.RANDOM
COMPLETED,0.9,346.0,1673,88,0.1230026448166443,0.3435224632706432,935,EDFSMode.RANDOM
COMPLETED,0.9,303.0,1632,100,0.001,0.3079291946374189,951,EDFSMode.RANDOM
FAILED,,,1675,89,0.930151290884242,0.7585879462885863,829,EDFSMode.RANDOM
FAILED,,,3323,89,0.8801581794743967,0.999,818,EDFSMode.RANDOM
FAILED,,,1555,86,0.7820000666750566,0.9682772689328764,885,EDFSMode.RANDOM
FAILED,,,2478,67,0.8580633115279706,0.1711719752796862,410,EDFSMode.RANDOM
COMPLETED,0.92,452.0,3759,24,0.0075645200892129,0.999,464,EDFSMode.RANDOM
FAILED,,,1753,96,0.9657510883749422,0.4112305839513952,423,EDFSMode.RANDOM
FAILED,,,1677,96,0.6545988677496833,0.001,274,EDFSMode.RANDOM
COMPLETED,0.9,205.0,4029,26,0.0828469206033103,0.5528102395846715,992,EDFSMode.RANDOM
FAILED,,,1686,85,0.8551291816792262,0.5823927341265918,487,EDFSMode.RANDOM
FAILED,,,1699,88,0.8287812683346708,0.001,925,EDFSMode.RANDOM
COMPLETED,0.8,1124.0,1285,1,0.3351083989119717,0.999,509,EDFSMode.RANDOM
COMPLETED,0.93,747.0,3532,16,0.3809755667436778,0.999,252,EDFSMode.RANDOM
COMPLETED,0.89,210.0,411,12,0.1542064085834359,0.001,327,EDFSMode.RANDOM
ABANDONED,,,1664,100,0.9500690410163696,0.999,454,EDFSMode.RANDOM
COMPLETED,0.92,832.0,3607,79,0.2858898251402535,0.2018806624816283,476,EDFSMode.RANDOM
COMPLETED,0.93,499.0,4069,17,0.3329421381115336,0.999,481,EDFSMode.RANDOM
COMPLETED,0.93,1407.0,1664,100,0.2865517080546763,0.5103641040074303,407,EDFSMode.RANDOM
COMPLETED,0.92,483.0,2302,27,0.1185743571737485,0.999,100,EDFSMode.RANDOM
ABANDONED,,,1803,81,0.7043344217934413,0.001,268,EDFSMode.RANDOM
COMPLETED,0.92,1242.0,1110,86,0.1118357218733552,0.999,120,EDFSMode.RANDOM
ABANDONED,,,4189,100,0.7294569297049759,0.001,798,EDFSMode.RANDOM
COMPLETED,0.9,266.0,3502,70,0.0700963766201139,0.999,825,EDFSMode.RANDOM
ABANDONED,,,2431,74,0.6977214968068519,0.999,965,EDFSMode.RANDOM
ABANDONED,,,591,86,0.8757526991687677,0.999,775,EDFSMode.RANDOM
FAILED,,,1992,59,0.8582835733523815,0.001,632,EDFSMode.RANDOM
COMPLETED,0.92,493.0,1117,97,0.0925628560321967,0.001,302,EDFSMode.RANDOM
COMPLETED,0.5799999999999998,451.0,1410,1,0.0215585190491535,0.001,381,EDFSMode.RANDOM
COMPLETED,0.89,1050.0,4676,1,0.3812763152368915,0.999,282,EDFSMode.RANDOM
FAILED,,,3761,26,0.8034383670853495,0.3000843396166527,706,EDFSMode.RANDOM
COMPLETED,0.82,1977.0,1076,1,0.7534593267108046,0.999,830,EDFSMode.RANDOM
COMPLETED,0.9,4318.0,1362,2,0.8089770124902002,0.001,230,EDFSMode.RANDOM
FAILED,,,2695,71,0.7942931759226298,0.9585030323736804,695,EDFSMode.RANDOM
FAILED,,,1744,85,0.81826101218687,0.001,323,EDFSMode.RANDOM
FAILED,,,1361,100,0.9236703648136794,0.001,158,EDFSMode.RANDOM
COMPLETED,0.91,768.0,614,100,0.2965771397826741,0.999,320,EDFSMode.RANDOM
COMPLETED,0.92,452.0,4008,18,0.1552545069449274,0.001,356,EDFSMode.RANDOM
FAILED,,,1777,93,0.9189320613238844,0.8923851775721572,124,EDFSMode.RANDOM
COMPLETED,0.92,348.0,4362,12,0.048864521642025,0.9457635033634024,562,EDFSMode.RANDOM
FAILED,,,1762,96,0.9460230021215952,0.100905108652912,647,EDFSMode.RANDOM
FAILED,,,2419,71,0.8255514647806986,0.3619102657003663,925,EDFSMode.RANDOM
COMPLETED,0.88,213.0,1107,41,0.1530817639185418,0.3023401459125667,989,EDFSMode.RANDOM
COMPLETED,0.91,242.0,4411,55,0.0597365232530138,0.4479108956257651,1000,EDFSMode.RANDOM
COMPLETED,0.8699999999999999,147.0,688,40,0.0382644816948712,0.6524346600695732,756,EDFSMode.RANDOM
COMPLETED,0.9,309.0,1353,19,0.0586345871259756,0.999,790,EDFSMode.RANDOM
COMPLETED,0.92,408.0,1545,76,0.0923760268679749,0.3089147549566475,507,EDFSMode.RANDOM
COMPLETED,0.92,386.0,1392,75,0.0604778531046315,0.001,524,EDFSMode.RANDOM
COMPLETED,0.91,375.0,4312,55,0.1094144264311047,0.999,1000,EDFSMode.RANDOM
COMPLETED,0.88,746.0,491,5,0.2139154663793667,0.999,513,EDFSMode.RANDOM
FAILED,,,1894,52,0.9270039158574832,0.999,100,EDFSMode.RANDOM
COMPLETED,0.79,552.0,943,1,0.1693267532090254,0.3897890296036497,423,EDFSMode.RANDOM
COMPLETED,0.67,495.0,4519,1,0.0857023094613397,0.999,743,EDFSMode.RANDOM
COMPLETED,0.91,422.0,1777,100,0.0737300695765383,0.8494813525656716,597,EDFSMode.RANDOM
COMPLETED,0.89,247.0,1438,74,0.0802635584263984,0.6772247961164337,993,EDFSMode.RANDOM
COMPLETED,0.9,200.0,1521,15,0.001,0.001,1000,EDFSMode.RANDOM
FAILED,,,2622,79,0.7278657148891621,0.999,798,EDFSMode.RANDOM
COMPLETED,0.92,2991.0,3104,15,0.7127576792868167,0.9881267175357472,344,EDFSMode.RANDOM
COMPLETED,0.9,209.0,1494,22,0.1177501424995555,0.001,1000,EDFSMode.RANDOM
FAILED,,,805,98,0.7734452183513278,0.999,703,EDFSMode.RANDOM
COMPLETED,0.91,294.0,1492,75,0.0225927890391346,0.5239281262197047,723,EDFSMode.RANDOM
FAILED,,,4585,73,0.7668234410425939,0.3523583236655484,964,EDFSMode.RANDOM
COMPLETED,0.8699999999999999,2649.0,4509,1,0.8985475526400262,0.001,464,EDFSMode.RANDOM
FAILED,,,2386,84,0.8605841521791673,0.7564524459339897,762,EDFSMode.RANDOM
FAILED,,,3656,58,0.6945838114021313,0.1543641955301837,984,EDFSMode.RANDOM
COMPLETED,0.9,270.0,3739,80,0.0625765191739036,0.4538603071314413,1000,EDFSMode.RANDOM
COMPLETED,0.89,227.0,1504,27,0.1599087217836143,0.5080154941986011,981,EDFSMode.RANDOM
FAILED,,,2939,18,0.9461258344217092,0.0520478031107003,877,EDFSMode.RANDOM
FAILED,,,4764,34,0.9066747135049814,0.999,969,EDFSMode.RANDOM
FAILED,,,1332,99,0.9487925945584296,0.0081917899744531,1000,EDFSMode.RANDOM
COMPLETED,0.83,3107.0,1966,1,0.8815947754027003,0.001,920,EDFSMode.RANDOM
FAILED,,,951,100,0.9462459563426544,0.9888456831326464,913,EDFSMode.RANDOM
COMPLETED,0.93,369.0,3788,17,0.1122934820378575,0.999,508,EDFSMode.RANDOM
COMPLETED,0.91,319.0,3827,58,0.1758452815142386,0.999,978,EDFSMode.RANDOM
ABANDONED,,,4207,92,0.8392208368525602,0.8034908016596471,984,EDFSMode.RANDOM
COMPLETED,0.91,374.0,4888,54,0.112257887862882,0.2662258578734926,1000,EDFSMode.RANDOM
ABANDONED,,,767,83,0.7848523098995823,0.999,936,EDFSMode.RANDOM
COMPLETED,0.93,506.0,1472,41,0.1167018841785262,0.999,368,EDFSMode.RANDOM
ABANDONED,,,4707,93,0.9561463657904088,0.999,1000,EDFSMode.RANDOM
COMPLETED,0.9,321.0,1518,100,0.0012359999426784,0.999,882,EDFSMode.RANDOM
ABANDONED,,,3907,100,0.8818442759337279,0.999,543,EDFSMode.RANDOM
ABANDONED,,,1640,84,0.9157730160415176,0.999,255,EDFSMode.RANDOM
COMPLETED,0.92,279.0,1454,47,0.1741745231680196,0.999,755,EDFSMode.RANDOM
COMPLETED,0.7199999999999999,2291.0,4764,1,0.4821360377958527,0.9652302394489282,1000,EDFSMode.RANDOM
COMPLETED,0.92,441.0,1705,34,0.1665178685311261,0.001,445,EDFSMode.RANDOM
COMPLETED,0.91,256.0,3711,39,0.092129095476179,0.001,1000,EDFSMode.RANDOM
ABANDONED,,,2150,23,0.9267608961579527,0.999,250,EDFSMode.RANDOM
COMPLETED,0.91,212.0,619,8,0.1095316324301905,0.999,362,EDFSMode.RANDOM
COMPLETED,0.92,815.0,991,57,0.3053620033160464,0.8055819851349144,354,EDFSMode.RANDOM
COMPLETED,0.77,1310.0,938,1,0.3081404073012352,0.0461172300196981,1000,EDFSMode.RANDOM
ABANDONED,,,3594,18,0.9597287469186802,0.999,768,EDFSMode.RANDOM
ABANDONED,,,2699,61,0.9547678269327384,0.001,1000,EDFSMode.RANDOM
COMPLETED,0.9,259.0,1381,48,0.1130442124245437,0.001,862,EDFSMode.RANDOM
ABANDONED,,,2618,100,0.9782684037992064,0.999,562,EDFSMode.RANDOM
COMPLETED,0.8699999999999999,155.0,988,12,0.0231555895858566,0.3849436643341745,1000,EDFSMode.RANDOM
COMPLETED,0.89,231.0,805,88,0.0051258839903717,0.5526660267814907,732,EDFSMode.RANDOM
ABANDONED,,,4934,75,0.6996104032129922,0.8172941404379148,979,EDFSMode.RANDOM
COMPLETED,0.9,1383.0,3414,1,0.5454486513611659,0.999,103,EDFSMode.RANDOM
ABANDONED,,,1346,32,0.999,0.7478622827987468,1000,EDFSMode.RANDOM
ABANDONED,,,443,91,0.9143449579807268,0.1510257506743429,251,EDFSMode.RANDOM
ABANDONED,,,4001,80,0.9796146707141216,0.4331856910689921,1000,EDFSMode.RANDOM
COMPLETED,0.91,225.0,4517,15,0.1066650797544715,0.7561447683075944,923,EDFSMode.RANDOM
COMPLETED,0.88,212.0,3204,34,0.0283654247161227,0.666070412203203,994,EDFSMode.RANDOM
ABANDONED,,,218,100,0.8916858537638384,0.9152090138718724,401,EDFSMode.RANDOM
COMPLETED,0.93,372.0,1404,23,0.0047045562335349,0.017699599855687,312,EDFSMode.RANDOM
COMPLETED,0.91,403.0,1203,87,0.0437996966584749,0.2438660619809014,661,EDFSMode.RANDOM
ABANDONED,,,4212,64,0.9317179222527364,0.8687292245831671,489,EDFSMode.RANDOM
COMPLETED,0.91,1640.0,3544,58,0.0993812330102143,0.1289015176698641,116,EDFSMode.RANDOM
ABANDONED,,,913,83,0.8333248996695384,0.9043925175921051,723,EDFSMode.RANDOM
COMPLETED,0.92,699.0,945,35,0.1607083059211013,0.001,130,EDFSMode.RANDOM
ABANDONED,,,2181,92,0.9394421435129992,0.001,725,EDFSMode.RANDOM
COMPLETED,0.93,423.0,3605,45,0.0178154961570523,0.1568709330513146,360,EDFSMode.RANDOM
COMPLETED,0.93,503.0,4857,53,0.0455534882086194,0.0010030325154428,518,EDFSMode.RANDOM
COMPLETED,0.9,292.0,724,13,0.0503209825186292,0.001,446,EDFSMode.RANDOM
COMPLETED,0.9,203.0,1099,32,0.0535253655435297,0.3193687842712985,750,EDFSMode.RANDOM
ABANDONED,,,4034,33,0.925067861509388,0.999,632,EDFSMode.RANDOM
COMPLETED,0.91,355.0,1223,85,0.1401661136620505,0.999,849,EDFSMode.RANDOM
ABANDONED,,,4542,72,0.8793320994348244,0.999,626,EDFSMode.RANDOM
ABANDONED,,,3454,76,0.5914273402006535,0.001,864,EDFSMode.RANDOM
ABANDONED,,,2027,74,0.8450487113272886,0.999,674,EDFSMode.RANDOM
FAILED,,,4931,100,0.9386935861381644,0.1898886803859964,144,EDFSMode.RANDOM
FAILED,,,2884,80,0.7418285952653552,0.999,562,EDFSMode.RANDOM
FAILED,,,1371,82,0.5569027820222345,0.001,797,EDFSMode.RANDOM
COMPLETED,0.92,568.0,1670,23,0.1073864418093182,0.7630699163455594,241,EDFSMode.RANDOM
FAILED,,,2612,77,0.6755728230950466,0.999,234,EDFSMode.RANDOM
COMPLETED,0.91,263.0,3677,43,0.0470840641255075,0.4545151300460446,701,EDFSMode.RANDOM
FAILED,,,2464,82,0.87287281066541,0.5324235371870821,234,EDFSMode.RANDOM
FAILED,,,1991,83,0.98213311426512,0.999,603,EDFSMode.RANDOM
FAILED,,,3324,81,0.7701389824108672,0.4378159283236878,635,EDFSMode.RANDOM
FAILED,,,4226,84,0.9180561991512431,0.999,825,EDFSMode.RANDOM
FAILED,,,3515,30,0.9502043554626234,0.001,619,EDFSMode.RANDOM
FAILED,,,728,69,0.9424706477646148,0.001,396,EDFSMode.RANDOM
COMPLETED,0.92,317.0,5000,62,0.0755616136463006,0.9856655815381452,734,EDFSMode.RANDOM
COMPLETED,0.92,382.0,4166,88,0.0084462813527458,0.3113271463826355,638,EDFSMode.RANDOM
COMPLETED,0.91,260.0,4333,72,0.001,0.7935640039309374,1000,EDFSMode.RANDOM
COMPLETED,0.92,388.0,4490,92,0.001,0.5274127611205355,664,EDFSMode.RANDOM
ABANDONED,,,962,90,0.7202519514767394,0.001,100,EDFSMode.RANDOM
COMPLETED,0.92,1470.0,4821,9,0.5299092279595566,0.218627271169218,156,EDFSMode.RANDOM
COMPLETED,0.92,689.0,4535,13,0.3596050488514868,0.7604988549889438,591,EDFSMode.RANDOM
FAILED,,,1409,81,0.7624294151883675,0.5285570857152805,938,EDFSMode.RANDOM
FAILED,,,3278,87,0.7394907215376884,0.6626926115118483,978,EDFSMode.RANDOM
COMPLETED,0.92,385.0,4738,59,0.1678777609364801,0.7769187073447023,648,EDFSMode.RANDOM
FAILED,,,4601,92,0.8495738549812921,0.7216341236787422,138,EDFSMode.RANDOM
COMPLETED,0.91,306.0,5000,29,0.0114034557706039,0.999,709,EDFSMode.RANDOM
FAILED,,,2773,79,0.9080947985975372,0.999,417,EDFSMode.RANDOM
COMPLETED,0.83,145.0,2376,38,0.0213762346986306,0.0375253866804336,645,EDFSMode.RANDOM
FAILED,,,1598,68,0.7285074512857218,0.0108030431003907,931,EDFSMode.RANDOM
COMPLETED,0.92,924.0,3161,100,0.1995453440597347,0.001,168,EDFSMode.RANDOM
FAILED,,,2843,76,0.7707462002684697,0.5721031230673429,643,EDFSMode.RANDOM
FAILED,,,3006,83,0.713302616955337,0.3768613010545442,667,EDFSMode.RANDOM
FAILED,,,3721,88,0.6203213519188306,0.999,1000,EDFSMode.RANDOM
FAILED,,,1406,94,0.843296866427781,0.0168276789068737,105,EDFSMode.RANDOM
FAILED,,,2828,74,0.9604526210653584,0.999,100,EDFSMode.RANDOM
FAILED,,,1345,100,0.758844377592019,0.001,400,EDFSMode.RANDOM
FAILED,,,3728,53,0.904448966195548,0.999,100,EDFSMode.RANDOM
FAILED,,,3600,66,0.8240518183121446,0.6433075038736257,867,EDFSMode.RANDOM
FAILED,,,2799,78,0.8922002377249904,0.001,570,EDFSMode.RANDOM
FAILED,,,1047,100,0.9261280321352796,0.877708239335413,554,EDFSMode.RANDOM
FAILED,,,1574,96,0.7830735590339452,0.0508943119761923,781,EDFSMode.RANDOM
FAILED,,,4828,55,0.8643978086474178,0.999,539,EDFSMode.RANDOM
FAILED,,,4556,85,0.999,0.1292065838049837,1000,EDFSMode.RANDOM
COMPLETED,0.91,1095.0,4629,34,0.293324244049377,0.5146746899905718,587,EDFSMode.RANDOM
COMPLETED,0.8699999999999999,467.0,620,12,0.2843982788514055,0.2891910565656843,691,EDFSMode.RANDOM
COMPLETED,0.91,522.0,1622,16,0.2847092601859911,0.4518411472751054,677,EDFSMode.RANDOM
COMPLETED,0.91,660.0,3825,35,0.2849511199581075,0.921856025175732,675,EDFSMode.RANDOM
COMPLETED,0.91,690.0,1467,14,0.287137332709234,0.0318561289375085,703,EDFSMode.RANDOM
COMPLETED,0.93,913.0,477,59,0.3497726658472711,0.999,135,EDFSMode.RANDOM
COMPLETED,0.91,556.0,3177,16,0.2838818583717129,0.5637379846791444,680,EDFSMode.RANDOM
COMPLETED,0.92,494.0,838,9,0.3448603083389998,0.999,188,EDFSMode.RANDOM
COMPLETED,0.92,446.0,1312,84,0.001,0.878380612027072,365,EDFSMode.RANDOM
COMPLETED,0.93,1985.0,4865,80,0.2257608097930578,0.001,410,EDFSMode.RANDOM
ABANDONED,,,1987,71,0.9746786186911364,0.0270258967469455,612,EDFSMode.RANDOM
ABANDONED,,,2428,74,0.9808840585941356,0.999,740,EDFSMode.RANDOM
COMPLETED,0.92,1226.0,1731,20,0.3919869314049101,0.999,156,EDFSMode.RANDOM
COMPLETED,0.92,1365.0,4500,11,0.4369060179417854,0.841168273303799,467,EDFSMode.RANDOM
ABANDONED,,,4652,89,0.8307011919815008,0.001,701,EDFSMode.RANDOM
ABANDONED,,,2113,81,0.8596126416660376,0.0922601098021794,742,EDFSMode.RANDOM
ABANDONED,,,4860,90,0.8850504459295406,0.999,404,EDFSMode.RANDOM
COMPLETED,0.91,635.0,4392,13,0.2779316523114146,0.5547793186668307,670,EDFSMode.RANDOM
ABANDONED,,,1239,100,0.9805418309934182,0.001,805,EDFSMode.RANDOM
COMPLETED,0.92,1334.0,1600,67,0.3351887268908531,0.999,159,EDFSMode.RANDOM
ABANDONED,,,3543,93,0.8492276018405975,0.3375553918344306,583,EDFSMode.RANDOM
COMPLETED,0.91,2037.0,198,80,0.4843699756003837,0.999,100,EDFSMode.RANDOM
COMPLETED,0.92,881.0,1720,54,0.101885133210876,0.001,234,EDFSMode.RANDOM
ABANDONED,,,1671,76,0.9623292585647948,0.999,835,EDFSMode.RANDOM
ABANDONED,,,1887,83,0.999,0.3321407649712586,696,EDFSMode.RANDOM
COMPLETED,0.93,1103.0,850,9,0.4381118777929642,0.999,108,EDFSMode.RANDOM
COMPLETED,0.8599999999999999,1175.0,629,5,0.2993306084262277,0.0145062978628138,694,EDFSMode.RANDOM
COMPLETED,0.92,869.0,575,68,0.3173111996210667,0.999,185,EDFSMode.RANDOM
ABANDONED,,,3365,100,0.999,0.7795467846246221,844,EDFSMode.RANDOM
ABANDONED,,,3667,93,0.8774268553033474,0.5098226400756958,246,EDFSMode.RANDOM
ABANDONED,,,2879,100,0.8499379988220087,0.001,1000,EDFSMode.RANDOM
COMPLETED,0.92,1788.0,3714,9,0.559502930709869,0.7042769377364141,100,EDFSMode.RANDOM
ABANDONED,,,2766,78,0.9340822652553752,0.2276010698456474,178,EDFSMode.RANDOM
ABANDONED,,,664,75,0.7335211414868632,0.0666818799140457,100,EDFSMode.RANDOM
ABANDONED,,,5000,59,0.944253509581596,0.9842172760522254,161,EDFSMode.RANDOM
COMPLETED,0.93,692.0,2768,20,0.0272537001307519,0.001,100,EDFSMode.RANDOM
COMPLETED,0.92,1647.0,675,58,0.5663564685638217,0.999,215,EDFSMode.RANDOM
ABANDONED,,,2086,91,0.9807985434121732,0.001,1000,EDFSMode.RANDOM
COMPLETED,0.92,551.0,4119,37,0.0141306289757911,0.001,276,EDFSMode.RANDOM
ABANDONED,,,2746,92,0.994833906002916,0.001,508,EDFSMode.RANDOM
ABANDONED,,,2551,79,0.7856028544445797,0.9877149635009153,614,EDFSMode.RANDOM
COMPLETED,0.88,162.0,723,11,0.1016456514110188,0.6162917693095641,644,EDFSMode.RANDOM
ABANDONED,,,1438,91,0.6872295000604584,0.960279845862354,454,EDFSMode.RANDOM
ABANDONED,,,2422,62,0.8605192811590375,0.7296512674882653,490,EDFSMode.RANDOM
ABANDONED,,,4099,49,0.759119216376181,0.001,1000,EDFSMode.RANDOM
ABANDONED,,,565,59,0.9223896821908188,0.999,189,EDFSMode.RANDOM
ABANDONED,,,2601,85,0.9611598199487964,0.4929322363760251,100,EDFSMode.RANDOM
COMPLETED,0.92,1635.0,1415,78,0.1671230729239864,0.2220446486315894,100,EDFSMode.RANDOM
ABANDONED,,,528,69,0.914804372178167,0.509015994322536,168,EDFSMode.RANDOM
ABANDONED,,,2558,65,0.999,0.999,100,EDFSMode.RANDOM
COMPLETED,0.93,601.0,4371,50,0.0021848676782136,0.001,262,EDFSMode.RANDOM
FAILED,,,1287,93,0.7548950133238094,0.3571375586132002,762,EDFSMode.RANDOM
FAILED,,,3569,94,0.7669523670290621,0.0521500591776555,978,EDFSMode.RANDOM
FAILED,,,4766,76,0.9383410552859976,0.999,881,EDFSMode.RANDOM
COMPLETED,0.92,1084.0,5000,53,0.3621730995194958,0.7401781752012941,207,EDFSMode.RANDOM
FAILED,,,4689,54,0.8087650092590095,0.4041071599931787,1000,EDFSMode.RANDOM
FAILED,,,2663,74,0.872641704525771,0.3564032496379215,100,EDFSMode.RANDOM
COMPLETED,0.91,249.0,3381,57,0.001,0.999,782,EDFSMode.RANDOM
FAILED,,,2447,85,0.718752099857752,0.2013145056320968,1000,EDFSMode.RANDOM
FAILED,,,2910,89,0.999,0.999,100,EDFSMode.RANDOM
FAILED,,,4347,87,0.8344834404927911,0.3097031058024113,972,EDFSMode.RANDOM
COMPLETED,0.91,310.0,1671,68,0.0883611973831347,0.7796257825251051,783,EDFSMode.RANDOM
COMPLETED,0.91,308.0,4411,87,0.0845290164790852,0.999,925,EDFSMode.RANDOM
COMPLETED,0.93,537.0,1172,43,0.1896544344013408,0.4008211924793752,217,EDFSMode.RANDOM
COMPLETED,0.92,1574.0,3906,41,0.532931453171959,0.999,183,EDFSMode.RANDOM
COMPLETED,0.88,183.0,636,70,0.0199566087314836,0.999,744,EDFSMode.RANDOM
COMPLETED,0.92,1022.0,4579,96,0.0053586678984371,0.001,178,EDFSMode.RANDOM
COMPLETED,0.8399999999999999,296.0,659,100,0.1786824479559814,0.6321607825083809,907,EDFSMode.RANDOM
COMPLETED,0.91,280.0,4440,66,0.0331636170181686,0.001,865,EDFSMode.RANDOM
COMPLETED,0.92,384.0,3297,68,0.001,0.2508312609439265,448,EDFSMode.RANDOM
ABANDONED,,,3589,70,0.993885655995502,0.999,304,EDFSMode.RANDOM
ABANDONED,,,4508,98,0.999,0.5217780202975085,190,EDFSMode.RANDOM
COMPLETED,0.8699999999999999,241.0,546,68,0.1130787019281641,0.001,764,EDFSMode.RANDOM
FAILED,,,4989,85,0.7702665673937426,0.001,496,EDFSMode.RANDOM
FAILED,,,2975,56,0.6877724816436689,0.001,304,EDFSMode.RANDOM
FAILED,,,4844,49,0.944593143462234,0.1017802729138642,324,EDFSMode.RANDOM
COMPLETED,0.92,580.0,4749,85,0.001,0.999,372,EDFSMode.RANDOM
COMPLETED,0.92,724.0,4894,41,0.0117023226337977,0.001,212,EDFSMode.RANDOM
COMPLETED,0.91,245.0,1837,45,0.0232158202752066,0.999,1000,EDFSMode.RANDOM
FAILED,,,1822,74,0.8857540177236328,0.001,100,EDFSMode.RANDOM
COMPLETED,0.91,2772.0,1611,6,0.4654455503946196,0.3427044986713475,100,EDFSMode.RANDOM
FAILED,,,4741,25,0.928754331942156,0.999,1000,EDFSMode.RANDOM
FAILED,,,1545,70,0.7484469433372387,0.9279944422305754,839,EDFSMode.RANDOM
COMPLETED,0.8699999999999999,178.0,964,59,0.0187572265755256,0.2762964093530017,1000,EDFSMode.RANDOM
FAILED,,,1190,55,0.9421054053272058,0.7880401888912252,758,EDFSMode.RANDOM
FAILED,,,2957,42,0.999,0.999,453,EDFSMode.RANDOM
FAILED,,,4532,90,0.8661701537768474,0.001,100,EDFSMode.RANDOM
FAILED,,,2157,42,0.9043387263108658,0.999,256,EDFSMode.RANDOM
COMPLETED,0.88,241.0,3263,48,0.141088768022337,0.001,978,EDFSMode.RANDOM
COMPLETED,0.9,243.0,1583,45,0.1225217042473705,0.6778173712770242,1000,EDFSMode.RANDOM
FAILED,,,4817,45,0.8512302702866311,0.999,230,EDFSMode.RANDOM
ABANDONED,,,971,92,0.8512675121768751,0.9060281026945716,172,EDFSMode.RANDOM
COMPLETED,0.88,395.0,2521,11,0.3716593123693676,0.001,490,EDFSMode.RANDOM
COMPLETED,0.91,273.0,1341,14,0.1397300818945364,0.0715040452519689,749,EDFSMode.RANDOM
COMPLETED,0.9,359.0,1544,78,0.1732871165910123,0.7518590111808771,828,EDFSMode.RANDOM
ABANDONED,,,3642,100,0.633652269725885,0.999,257,EDFSMode.RANDOM
ABANDONED,,,1475,48,0.5728378869594095,0.001,1000,EDFSMode.RANDOM
COMPLETED,0.91,526.0,959,42,0.2839384186124851,0.0252743208005627,502,EDFSMode.RANDOM
ABANDONED,,,4022,16,0.8205724568344069,0.999,972,EDFSMode.RANDOM
COMPLETED,0.92,279.0,818,8,0.1454106763099577,0.999,289,EDFSMode.RANDOM
ABANDONED,,,1488,100,0.7587822270188531,0.2877703190533088,992,EDFSMode.RANDOM
ABANDONED,,,2841,70,0.8764541727215316,0.6358723039319834,995,EDFSMode.RANDOM
COMPLETED,0.8699999999999999,173.0,600,7,0.0249159621850201,0.8568539723677567,760,EDFSMode.RANDOM
ABANDONED,,,661,86,0.6154307791573151,0.999,162,EDFSMode.RANDOM
COMPLETED,0.88,320.0,2738,5,0.001,0.9178900377829888,674,EDFSMode.RANDOM
ABANDONED,,,1229,93,0.824650746250769,0.1053269678217537,937,EDFSMode.RANDOM
ABANDONED,,,697,72,0.7884427491700878,0.8537886316913936,136,EDFSMode.RANDOM
ABANDONED,,,4653,18,0.9405269149400624,0.7176004314841409,475,EDFSMode.RANDOM
ABANDONED,,,2183,77,0.7294060486077572,0.9051830407628488,972,EDFSMode.RANDOM
COMPLETED,0.91,408.0,3075,100,0.1954750361795122,0.4877430850892223,620,EDFSMode.RANDOM
ABANDONED,,,1962,82,0.607019866843549,0.8406122345234809,746,EDFSMode.RANDOM
COMPLETED,0.88,214.0,1301,13,0.0650365901838098,0.001,1000,EDFSMode.RANDOM
ABANDONED,,,212,100,0.7372981710946135,0.8050217175271205,921,EDFSMode.RANDOM
ABANDONED,,,2645,98,0.9682213037975602,0.999,100,EDFSMode.RANDOM
COMPLETED,0.91,278.0,1143,17,0.001,0.102253483547927,508,EDFSMode.RANDOM
ABANDONED,,,1477,64,0.999,0.782574853497937,1000,EDFSMode.RANDOM
ABANDONED,,,4857,76,0.6516934924924799,0.5627778038503469,921,EDFSMode.RANDOM
ABANDONED,,,1833,81,0.6141946611294535,0.1117755113552675,863,EDFSMode.RANDOM
COMPLETED,0.88,434.0,793,7,0.373894586082924,0.001,641,EDFSMode.RANDOM
ABANDONED,,,1858,86,0.9032114268596734,0.3912842097793969,891,EDFSMode.RANDOM
FAILED,,,2022,94,0.7651209211857312,0.001,773,EDFSMode.RANDOM
COMPLETED,0.8599999999999999,1310.0,740,37,0.2765481104502161,0.001,835,EDFSMode.RANDOM
ABANDONED,,,4154,35,0.964645112930576,0.5409720278592448,819,EDFSMode.RANDOM
COMPLETED,0.92,2140.0,3349,57,0.3958973024656509,0.999,100,EDFSMode.RANDOM
COMPLETED,0.93,550.0,3320,66,0.1554874129994738,0.999,331,EDFSMode.RANDOM
ABANDONED,,,3515,53,0.999,0.001,508,EDFSMode.RANDOM
ABANDONED,,,4082,51,0.8960441390073776,0.999,566,EDFSMode.RANDOM
COMPLETED,0.93,1107.0,3524,79,0.2864308060811824,0.999,419,EDFSMode.RANDOM
ABANDONED,,,1720,64,0.8183733029058272,0.999,277,EDFSMode.RANDOM
COMPLETED,0.78,235.0,2094,57,0.14947404318079,0.001,356,EDFSMode.RANDOM
ABANDONED,,,2617,73,0.8539543495210892,0.001,127,EDFSMode.RANDOM
ABANDONED,,,4347,44,0.9572464264761912,0.001,1000,EDFSMode.RANDOM
ABANDONED,,,1503,64,0.970132769372647,0.999,397,EDFSMode.RANDOM
ABANDONED,,,1228,88,0.8380745808846157,0.999,821,EDFSMode.RANDOM
COMPLETED,0.92,1037.0,4499,79,0.2920809604319101,0.999,439,EDFSMode.RANDOM
ABANDONED,,,2192,66,0.6953377427461453,0.9401334813929784,567,EDFSMode.RANDOM
COMPLETED,0.93,936.0,1722,78,0.2874012685501863,0.999,446,EDFSMode.RANDOM
FAILED,,,498,76,0.6766128934085077,0.999,188,EDFSMode.RANDOM
COMPLETED,0.88,587.0,591,79,0.2829947681809522,0.999,466,EDFSMode.RANDOM
FAILED,,,2248,72,0.7347404703172659,0.001,315,EDFSMode.RANDOM
FAILED,,,4664,45,0.6324140386050611,0.999,980,EDFSMode.RANDOM
FAILED,,,706,78,0.8076403664036774,0.999,125,EDFSMode.RANDOM
COMPLETED,0.93,6460.0,2953,57,0.6850606583479519,0.999,148,EDFSMode.RANDOM
COMPLETED,0.91,892.0,2720,71,0.2859166378082476,0.999,376,EDFSMode.RANDOM
FAILED,,,4649,60,0.76385159729535,0.001,440,EDFSMode.RANDOM
COMPLETED,0.92,2162.0,1007,57,0.3965853628965837,0.999,100,EDFSMode.RANDOM
FAILED,,,3416,71,0.8005162189379829,0.001,562,EDFSMode.RANDOM
FAILED,,,3434,51,0.7863302148396483,0.7903619360142123,440,EDFSMode.RANDOM
FAILED,,,2136,93,0.7953801911981568,0.4894796826325715,100,EDFSMode.RANDOM
FAILED,,,3397,41,0.9288603691893283,0.999,100,EDFSMode.RANDOM
FAILED,,,344,53,0.9728469278495638,0.999,834,EDFSMode.RANDOM
ABANDONED,,,2849,97,0.8409728956222534,0.0179365054406225,884,EDFSMode.RANDOM
COMPLETED,0.7199999999999999,851.0,1035,2,0.0854497132916003,0.6912131969686597,463,EDFSMode.RANDOM
COMPLETED,0.88,2356.0,2105,62,0.52174145822227,0.3648291583079844,141,EDFSMode.RANDOM
ABANDONED,,,4036,42,0.2789600872062146,0.9055580286458134,728,EDFSMode.RANDOM
ABANDONED,,,4625,67,0.2314794279038906,0.8639106496367603,598,EDFSMode.RANDOM
ABANDONED,,,1444,38,0.974660078536719,0.4066402263641357,284,EDFSMode.RANDOM
COMPLETED,0.89,4428.0,443,76,0.4141665476616471,0.5168514449857174,413,EDFSMode.RANDOM
ABANDONED,,,3507,21,0.6681940008867531,0.1921269542407244,892,EDFSMode.RANDOM
ABANDONED,,,3190,53,0.4460330664720386,0.4724167188182473,506,EDFSMode.RANDOM
ABANDONED,,,126,46,0.6908932489771396,0.8029963925797491,811,EDFSMode.RANDOM
ABANDONED,,,1742,93,0.1288766214102506,0.1331691285427659,687,EDFSMode.RANDOM
FAILED,,,4923,10,0.8823210377953946,0.5807009811140595,209,EDFSMode.RANDOM
FAILED,,,4344,86,0.6179294743239879,0.6322658630143851,215,EDFSMode.RANDOM
COMPLETED,0.8399999999999999,479.0,2412,19,0.3620820976607501,0.0817984219752252,638,EDFSMode.RANDOM
FAILED,,,708,69,0.7988005037363619,0.971316415220499,964,EDFSMode.RANDOM
COMPLETED,0.9,252.0,2522,28,0.0574397244919091,0.3038949067089706,368,EDFSMode.RANDOM
FAILED,,,2703,73,0.7436403072439133,0.5574070004280656,765,EDFSMode.RANDOM
COMPLETED,0.93,2427.0,928,31,0.4868487442880868,0.2346260196901857,116,EDFSMode.RANDOM
FAILED,,,2192,83,0.9233805780131368,0.8418804017081856,467,EDFSMode.RANDOM
FAILED,,,4163,16,0.181380296876654,0.3865496850926429,837,EDFSMode.RANDOM
ABANDONED,,,4830,90,0.3210227377582341,0.3429797312319278,938,EDFSMode.RANDOM
ABANDONED,,,1610,7,0.5654260981436818,0.8856521152947097,408,EDFSMode.RANDOM
COMPLETED,0.8699999999999999,220.0,257,57,0.004692485909909,0.0583112400304526,308,EDFSMode.RANDOM
ABANDONED,,,3283,48,0.7579845266342163,0.733527634497732,560,EDFSMode.RANDOM
COMPLETED,0.92,1381.0,3610,79,0.1067727574668824,0.9446238234061748,157,EDFSMode.RANDOM
ABANDONED,,,585,24,0.8508366143852472,0.2791458174660801,697,EDFSMode.RANDOM
COMPLETED,0.9,2515.0,1303,65,0.2885803850609809,0.6677374380864202,794,EDFSMode.RANDOM
ABANDONED,,,4523,34,0.5433084242846816,0.1192096962686628,539,EDFSMode.RANDOM
ABANDONED,,,3865,59,0.9650399609971791,0.168821554210037,336,EDFSMode.RANDOM
FAILED,,,1895,38,0.2099127611275762,0.6182969130706041,983,EDFSMode.RANDOM
FAILED,,,1245,100,0.6468707763962447,0.4455432764086872,629,EDFSMode.RANDOM
FAILED,,,3020,5,0.4043025082349777,0.7780626456737518,268,EDFSMode.RANDOM
COMPLETED,0.88,322.0,3114,61,0.1506184560637921,0.7365853671263903,910,EDFSMode.RANDOM
FAILED,,,1139,43,0.8927424966488033,0.0399189949296414,436,EDFSMode.RANDOM
COMPLETED,0.92,3708.0,1974,95,0.4552360238060355,0.8962464053630828,279,EDFSMode.RANDOM
FAILED,,,3754,2,0.7119038867987691,0.3165322156939655,588,EDFSMode.RANDOM
FAILED,,,4424,78,0.7886245487108826,0.3974038149788975,737,EDFSMode.RANDOM
COMPLETED,0.92,914.0,1394,20,0.035452400881797,0.8156908075828105,145,EDFSMode.RANDOM
COMPLETED,0.89,3222.0,472,68,0.5971606522332877,0.2374239125009626,438,EDFSMode.RANDOM
FAILED,,,3696,35,0.3526373394671827,0.5387568339146673,865,EDFSMode.RANDOM
ABANDONED,,,3399,92,0.5126688855271785,0.7499177727196366,364,EDFSMode.RANDOM
COMPLETED,0.78,582.0,174,13,0.2578209534082561,0.4583234182894229,955,EDFSMode.RANDOM
ABANDONED,,,1712,51,0.8191025436148047,0.5977190540991723,657,EDFSMode.RANDOM
COMPLETED,0.93,644.0,4742,46,0.0751586390770971,0.1735768821965903,239,EDFSMode.RANDOM
COMPLETED,0.92,4370.0,4081,72,0.4350638806000352,0.0988612205721437,186,EDFSMode.RANDOM
ABANDONED,,,2301,26,0.6775083893127739,0.672720230942592,669,EDFSMode.RANDOM
FAILED,,,831,87,0.2415250131618231,0.250771561237052,821,EDFSMode.RANDOM
ABANDONED,,,2807,16,0.9967759129945188,0.957176500417292,511,EDFSMode.RANDOM
COMPLETED,0.89,2258.0,2597,84,0.3105751499272882,0.212703498955816,570,EDFSMode.RANDOM
ABANDONED,,,661,14,0.5534764733240009,0.5120967174302786,312,EDFSMode.RANDOM
COMPLETED,0.89,390.0,2472,75,0.1162100892756134,0.4347866589520126,384,EDFSMode.RANDOM
ABANDONED,,,4291,30,0.8716133573334665,0.8511301378309726,920,EDFSMode.RANDOM
ABANDONED,,,4883,54,0.636457119429484,0.9339319261033088,856,EDFSMode.RANDOM
ABANDONED,,,1814,50,0.3825533661674708,0.3522780297771096,491,EDFSMode.RANDOM
ABANDONED,,,71,89,0.9440215361602604,0.7115622768141329,112,EDFSMode.RANDOM
COMPLETED,0.9,742.0,3257,10,0.2007171260789036,0.0129523946102708,755,EDFSMode.RANDOM
ABANDONED,,,3565,65,0.9140584025718272,0.2932990570068359,243,EDFSMode.RANDOM
COMPLETED,0.8399999999999999,159.0,379,32,0.1604902862235903,0.9977643006835132,610,EDFSMode.RANDOM
ABANDONED,,,1487,81,0.7215322746727615,0.078742003602907,992,EDFSMode.RANDOM
COMPLETED,0.93,1242.0,4556,24,0.4767958516161888,0.6506575076840818,340,EDFSMode.RANDOM
FAILED,,,1574,49,0.1646016636050331,0.506225308736606,370,EDFSMode.RANDOM
FAILED,,,2941,27,0.0296958521367458,0.2441575757844454,433,EDFSMode.RANDOM
COMPLETED,0.9,294.0,2809,89,0.001,0.001,528,EDFSMode.RANDOM
FAILED,,,1712,47,0.150123112444384,0.566772422369553,434,EDFSMode.RANDOM
FAILED,,,1481,49,0.1713369275013096,0.4471639554420244,296,EDFSMode.RANDOM
COMPLETED,0.89,200.0,3402,17,0.0123544685496097,0.3482296546272299,1000,EDFSMode.RANDOM
FAILED,,,1571,30,0.0174695904609039,0.4367776156323028,568,EDFSMode.RANDOM
FAILED,,,3243,27,0.1746894324288717,0.0984031069147374,273,EDFSMode.RANDOM
FAILED,,,3070,100,0.9064457544390568,0.6901970672983267,100,EDFSMode.RANDOM
FAILED,,,2905,27,0.0251811784079903,0.2507331841396859,420,EDFSMode.RANDOM
FAILED,,,1569,49,0.1613486687583997,0.4961713542475123,404,EDFSMode.RANDOM
FAILED,,,1243,65,0.0063022132374636,0.001,308,EDFSMode.RANDOM
FAILED,,,1689,47,0.0768868661263094,0.001,573,EDFSMode.RANDOM
FAILED,,,4875,64,0.902009243547424,0.999,921,EDFSMode.RANDOM
FAILED,,,1699,95,0.1716293645325372,0.3301284392886841,478,EDFSMode.RANDOM
FAILED,,,4123,37,0.0592523118658195,0.001,1000,EDFSMode.RANDOM
ABANDONED,,,1629,47,0.2772643491742029,0.5596820442655946,320,EDFSMode.RANDOM
ABANDONED,,,1593,50,0.156757053985791,0.4654761370118579,421,EDFSMode.RANDOM
FAILED,,,97,94,0.8140611753062212,0.999,822,EDFSMode.RANDOM
FAILED,,,3789,100,0.0028073997475647,0.5046560504178716,503,EDFSMode.RANDOM
FAILED,,,2617,94,0.881196234009665,0.8715601897096314,129,EDFSMode.RANDOM
FAILED,,,2660,92,0.9365932578869608,0.9321166425622416,982,EDFSMode.RANDOM
FAILED,,,1623,47,0.001,0.4442753215234194,337,EDFSMode.RANDOM
FAILED,,,3281,27,0.179310198668487,0.4206408558907477,327,EDFSMode.RANDOM
FAILED,,,1300,68,0.001,0.001,347,EDFSMode.RANDOM
FAILED,,,1699,46,0.040283559902433,0.001,395,EDFSMode.RANDOM
FAILED,,,4177,94,0.1714509180744338,0.2419190054710677,426,EDFSMode.RANDOM
FAILED,,,1349,31,0.0183694991160282,0.3003716618620842,360,EDFSMode.RANDOM
FAILED,,,813,27,0.2140961599244619,0.8914075083277462,393,EDFSMode.RANDOM
FAILED,,,3908,31,0.0282705733226918,0.001,403,EDFSMode.RANDOM
FAILED,,,4547,100,0.717081052457594,0.197880198215257,985,EDFSMode.RANDOM
FAILED,,,2900,38,0.247433916614754,0.999,234,EDFSMode.RANDOM
FAILED,,,4114,82,0.168109806147559,0.999,1000,EDFSMode.RANDOM
FAILED,,,1647,95,0.1746837307522857,0.3015081599956581,460,EDFSMode.RANDOM
FAILED,,,4122,53,0.1664502157180116,0.7890212932839881,474,EDFSMode.RANDOM
FAILED,,,1691,47,0.0833978084765958,0.001,497,EDFSMode.RANDOM
FAILED,,,2606,56,0.8026193796469184,0.999,401,EDFSMode.RANDOM
FAILED,,,3119,27,0.1763122176091329,0.4197171208629525,335,EDFSMode.RANDOM
ABANDONED,,,1505,30,0.029610644207112,0.001,387,EDFSMode.RANDOM
FAILED,,,1686,47,0.001,0.4631134953455726,405,EDFSMode.RANDOM
COMPLETED,0.89,210.0,2682,69,0.001,0.999,778,EDFSMode.RANDOM
FAILED,,,1806,44,0.1759241347331199,0.7217345927278879,380,EDFSMode.RANDOM
FAILED,,,4973,36,0.7795035243363732,0.0786867475866854,1000,EDFSMode.RANDOM
FAILED,,,3418,28,0.1749427672255252,0.2168926532271392,361,EDFSMode.RANDOM
FAILED,,,1619,94,0.1620473162335844,0.001,427,EDFSMode.RANDOM
FAILED,,,170,72,0.8861460767596294,0.999,299,EDFSMode.RANDOM
FAILED,,,4518,56,0.9836762491647963,0.7541488780111018,1000,EDFSMode.RANDOM
FAILED,,,3217,52,0.8667157297568912,0.934689653447004,100,EDFSMode.RANDOM
FAILED,,,1609,47,0.0285792737692751,0.001,353,EDFSMode.RANDOM
FAILED,,,1600,95,0.1664347881037479,0.0294690310660905,464,EDFSMode.RANDOM
FAILED,,,1297,58,0.0569545028667584,0.001,368,EDFSMode.RANDOM
FAILED,,,4711,68,0.8735082864534169,0.001,338,EDFSMode.RANDOM
FAILED,,,1320,67,0.0217849813806582,0.001,335,EDFSMode.RANDOM
FAILED,,,1927,95,0.8104208923661363,0.8280334178175182,211,EDFSMode.RANDOM
FAILED,,,1687,47,0.0620694402500692,0.001,435,EDFSMode.RANDOM
FAILED,,,1706,78,0.737496482542656,0.9989949309377621,953,EDFSMode.RANDOM
ABANDONED,,,2572,96,0.8547811063757227,0.999,185,EDFSMode.RANDOM
ABANDONED,,,3478,83,0.7819360621238701,0.001,167,EDFSMode.RANDOM
FAILED,,,1839,44,0.186535836874047,0.8730787403338994,368,EDFSMode.RANDOM
FAILED,,,1203,66,0.001,0.0615324866677335,364,EDFSMode.RANDOM
FAILED,,,3038,26,0.1326884543306046,0.999,180,EDFSMode.RANDOM
FAILED,,,4229,94,0.1705426390429704,0.12741819219551,416,EDFSMode.RANDOM
FAILED,,,186,83,0.8943602777322511,0.001,341,EDFSMode.RANDOM
FAILED,,,352,93,0.9576140906728108,0.9759085064133776,908,EDFSMode.RANDOM
FAILED,,,3248,28,0.1855813882354952,0.535052885871414,331,EDFSMode.RANDOM
FAILED,,,1452,80,0.9617141290147184,0.8740364520562485,402,EDFSMode.RANDOM
FAILED,,,1572,48,0.1432000548471014,0.6365869361004851,299,EDFSMode.RANDOM
FAILED,,,2266,99,0.8772589937216798,0.999,632,EDFSMode.RANDOM
FAILED,,,1500,54,0.8808053362476027,0.6088011693298571,288,EDFSMode.RANDOM
FAILED,,,3004,26,0.1726587263215605,0.4873821024325916,339,EDFSMode.RANDOM
FAILED,,,3215,99,0.8009283029266173,0.001,447,EDFSMode.RANDOM
FAILED,,,3607,86,0.7831025273944745,0.0596258485098986,816,EDFSMode.RANDOM
FAILED,,,4279,95,0.1699856363493201,0.0012855020748417,436,EDFSMode.RANDOM
FAILED,,,1686,47,0.0809056407830296,0.001,505,EDFSMode.RANDOM
FAILED,,,3061,55,0.9592615960160246,0.2224158756777984,652,EDFSMode.RANDOM
FAILED,,,97,91,0.8609544611040506,0.2526479578417086,198,EDFSMode.RANDOM
FAILED,,,3331,28,0.1734800253960042,0.2741208402132524,366,EDFSMode.RANDOM
ABANDONED,,,1647,47,0.001,0.001,492,EDFSMode.RANDOM
ABANDONED,,,1431,53,0.1766209362419056,0.738672710896162,318,EDFSMode.RANDOM
ABANDONED,,,775,79,0.9700472187529496,0.001,127,EDFSMode.RANDOM
FAILED,,,2840,38,0.2647844066216548,0.6574719699212092,334,EDFSMode.RANDOM
FAILED,,,3019,67,0.7772536413983115,0.999,880,EDFSMode.RANDOM
FAILED,,,4419,81,0.7614570002807673,0.001,100,EDFSMode.RANDOM
ABANDONED,,,4798,74,0.9209044926223876,0.3601874350674578,356,EDFSMode.RANDOM
ABANDONED,,,3016,12,0.9661573824716104,0.999,1000,EDFSMode.RANDOM
ABANDONED,,,3575,43,0.2733673672417606,0.410005730705974,331,EDFSMode.RANDOM
COMPLETED,0.92,520.0,3274,28,0.1788174329690333,0.4282138671500201,366,EDFSMode.RANDOM
ABANDONED,,,4406,57,0.878641190174872,0.999,322,EDFSMode.RANDOM
COMPLETED,0.92,391.0,4856,17,0.0072209635628208,0.3674483025510862,476,EDFSMode.RANDOM
FAILED,,,4337,84,0.899769325878411,0.001,161,EDFSMode.RANDOM
COMPLETED,0.93,558.0,1650,94,0.1733312197885782,0.2899892327143009,411,EDFSMode.RANDOM
FAILED,,,724,80,0.7686636736732055,0.999,139,EDFSMode.RANDOM
FAILED,,,1409,71,0.7865322811342011,0.999,628,EDFSMode.RANDOM
COMPLETED,0.91,2919.0,1681,100,0.2019327014245367,0.999,1000,EDFSMode.RANDOM
COMPLETED,0.91,286.0,4087,35,0.0269058228377732,0.001,1000,EDFSMode.RANDOM
COMPLETED,0.91,300.0,3477,40,0.0730032678752614,0.001,663,EDFSMode.RANDOM
COMPLETED,0.9,354.0,3386,100,0.1529443696602771,0.4552941640718411,1000,EDFSMode.RANDOM
COMPLETED,0.92,609.0,1418,31,0.2171204143520614,0.8674337092790654,505,EDFSMode.RANDOM
FAILED,,,1765,9,0.9217942124406,0.999,100,EDFSMode.RANDOM
FAILED,,,1001,34,0.9306963558907748,0.999,100,EDFSMode.RANDOM
COMPLETED,0.9,345.0,1465,94,0.0412109177331777,0.999,1000,EDFSMode.RANDOM
FAILED,,,1734,99,0.8238758074121382,0.6348838194456302,432,EDFSMode.RANDOM
FAILED,,,2752,78,0.7791187944284939,0.1555440565383995,619,EDFSMode.RANDOM
FAILED,,,2409,93,0.9568998511377992,0.0908209181203946,442,EDFSMode.RANDOM
FAILED,,,2322,68,0.7765428069931877,0.8068933856897798,712,EDFSMode.RANDOM
COMPLETED,0.88,271.0,1188,98,0.030180409054206,0.001,1000,EDFSMode.RANDOM
COMPLETED,0.9,411.0,986,36,0.1266436167457765,0.001,638,EDFSMode.RANDOM
ABANDONED,,,1958,91,0.7980030358330169,0.999,578,EDFSMode.RANDOM
FAILED,,,1407,39,0.9298940776246508,0.7003586887220405,462,EDFSMode.RANDOM
COMPLETED,0.92,3111.0,3637,17,0.5450960173814271,0.001,593,EDFSMode.RANDOM
FAILED,,,4847,39,0.9468060470424552,0.9758654101467183,744,EDFSMode.RANDOM
FAILED,,,3355,100,0.7741955721191762,0.001,439,EDFSMode.RANDOM
FAILED,,,3477,44,0.9863690218161748,0.7526125000462695,1000,EDFSMode.RANDOM
COMPLETED,0.93,736.0,362,27,0.3113410583213985,0.999,100,EDFSMode.RANDOM
COMPLETED,0.8699999999999999,209.0,1143,25,0.096424995821991,0.999,1000,EDFSMode.RANDOM
FAILED,,,2786,89,0.8880132188613327,0.001,113,EDFSMode.RANDOM
COMPLETED,0.92,775.0,1295,71,0.2553670358649669,0.918611779781114,448,EDFSMode.RANDOM
COMPLETED,0.92,542.0,1480,29,0.134184089984158,0.999,231,EDFSMode.RANDOM
FAILED,,,4281,99,0.8962929854852778,0.999,1000,EDFSMode.RANDOM
FAILED,,,1196,52,0.9817338812554298,0.5553418918462933,128,EDFSMode.RANDOM
FAILED,,,1137,77,0.9066319946827822,0.2871305114838129,114,EDFSMode.RANDOM
FAILED,,,3048,20,0.8874237743357943,0.999,809,EDFSMode.RANDOM
FAILED,,,2697,98,0.9000712913700529,0.001,713,EDFSMode.RANDOM
COMPLETED,0.8499999999999999,191.0,2785,3,0.1381116915962017,0.0105757793747212,1000,EDFSMode.RANDOM
ABANDONED,,,4343,50,0.999,0.999,100,EDFSMode.RANDOM
FAILED,,,4161,100,0.9613018462607136,0.6043012769585632,540,EDFSMode.RANDOM
COMPLETED,0.88,519.0,720,27,0.3649602943827676,0.999,618,EDFSMode.RANDOM
FAILED,,,3388,52,0.7516905696537901,0.6035748466218037,787,EDFSMode.RANDOM
COMPLETED,0.9,155.0,943,11,0.1237623057158055,0.999,826,EDFSMode.RANDOM
FAILED,,,1789,76,0.9224886090707533,0.001,100,EDFSMode.RANDOM
FAILED,,,1608,73,0.7855792546975648,0.5107450064927471,989,EDFSMode.RANDOM
COMPLETED,0.91,261.0,897,54,0.0357445956548604,0.999,524,EDFSMode.RANDOM
FAILED,,,3254,69,0.7753994983184311,0.4628393390668438,622,EDFSMode.RANDOM
FAILED,,,1818,95,0.9274131458663356,0.9439727899884088,821,EDFSMode.RANDOM
ABANDONED,,,2756,94,0.999,0.8449039764910942,377,EDFSMode.RANDOM
ABANDONED,,,1578,29,0.0218740454139522,0.7248387212774927,609,EDFSMode.RANDOM
FAILED,,,3176,81,0.9286216649392682,0.856751889522188,246,EDFSMode.RANDOM
FAILED,,,2868,12,0.7311015775889564,0.1342941076013434,1000,EDFSMode.RANDOM
FAILED,,,3762,100,0.7610893834811188,0.001,303,EDFSMode.RANDOM
FAILED,,,1550,100,0.7726743968112592,0.1822025125859065,348,EDFSMode.RANDOM
COMPLETED,0.7399999999999999,633.0,629,1,0.1277430309606651,0.901654191522576,100,EDFSMode.RANDOM
FAILED,,,4899,100,0.7980659219769078,0.7332581014729045,810,EDFSMode.RANDOM
COMPLETED,0.91,1843.0,1610,46,0.0132941075891675,0.001,100,EDFSMode.RANDOM
FAILED,,,2863,80,0.8241805981944829,0.1886393667401561,100,EDFSMode.RANDOM
FAILED,,,2377,48,0.8441956714136055,0.6314366396296526,942,EDFSMode.RANDOM
COMPLETED,0.8399999999999999,215.0,2822,10,0.001,0.999,1000,EDFSMode.RANDOM
FAILED,,,1272,98,0.8190078726344862,0.999,358,EDFSMode.RANDOM
FAILED,,,3069,39,0.9466022708286208,0.5867033110196249,1000,EDFSMode.RANDOM
FAILED,,,3431,29,0.9818711282959376,0.4299875680188385,1000,EDFSMode.RANDOM
FAILED,,,3770,38,0.999,0.8316551217176675,807,EDFSMode.RANDOM
COMPLETED,0.91,296.0,4734,31,0.1683917471492089,0.6936966136982887,997,EDFSMode.RANDOM
COMPLETED,0.92,432.0,1599,44,0.001,0.5268014364442744,523,EDFSMode.RANDOM
FAILED,,,1915,89,0.8085193730903691,0.999,100,EDFSMode.RANDOM
COMPLETED,0.9,487.0,3455,100,0.1628551410448745,0.001,932,EDFSMode.RANDOM
ABANDONED,,,3473,12,0.9402495082764186,0.999,233,EDFSMode.RANDOM
ABANDONED,,,1872,71,0.7840731943595594,0.999,193,EDFSMode.RANDOM
COMPLETED,0.9,349.0,1471,81,0.1492365949771782,0.4821336681250474,1000,EDFSMode.RANDOM
FAILED,,,284,55,0.7712797179012303,0.001,100,EDFSMode.RANDOM
FAILED,,,3623,85,0.7819980089686829,0.999,666,EDFSMode.RANDOM
FAILED,,,1544,77,0.7668837710519615,0.999,926,EDFSMode.RANDOM
FAILED,,,1882,73,0.7600262289216134,0.001,659,EDFSMode.RANDOM
FAILED,,,3691,100,0.7185915238747047,0.6734139492950969,902,EDFSMode.RANDOM
FAILED,,,957,100,0.7315903249607884,0.2530936588621732,506,EDFSMode.RANDOM
FAILED,,,3361,94,0.9693330484996368,0.001,414,EDFSMode.RANDOM
FAILED,,,4362,95,0.8987079462990764,0.1109978650180755,421,EDFSMode.RANDOM
FAILED,,,183,17,0.7787864019597089,0.001,1000,EDFSMode.RANDOM
FAILED,,,2423,66,0.9439123122957181,0.6899593195802398,999,EDFSMode.RANDOM
FAILED,,,3969,59,0.999,0.9479169210476092,547,EDFSMode.RANDOM
COMPLETED,0.8599999999999999,228.0,927,41,0.001,0.999,1000,EDFSMode.RANDOM
FAILED,,,1527,74,0.6066303493041317,0.999,1000,EDFSMode.RANDOM
FAILED,,,3217,100,0.8169987313662102,0.7433175032186685,823,EDFSMode.RANDOM
FAILED,,,1218,99,0.7348360060594107,0.001,816,EDFSMode.RANDOM
FAILED,,,3774,79,0.758447859009248,0.5755913176225677,414,EDFSMode.RANDOM
ABANDONED,,,4348,100,0.9636523994508726,0.999,670,EDFSMode.RANDOM
ABANDONED,,,3347,40,0.999,0.001,918,EDFSMode.RANDOM
ABANDONED,,,4750,69,0.9012203927202672,0.6546317253636432,100,EDFSMode.RANDOM
FAILED,,,2454,91,0.7829405243290828,0.001,649,EDFSMode.RANDOM
FAILED,,,1526,100,0.8140234048341949,0.1923574695884286,681,EDFSMode.RANDOM
FAILED,,,4886,83,0.9444691808602212,0.001,883,EDFSMode.RANDOM
FAILED,,,808,82,0.8518190987221154,0.427827957207027,100,EDFSMode.RANDOM
FAILED,,,2498,74,0.9232482498612984,0.3070599363889628,936,EDFSMode.RANDOM
FAILED,,,2751,92,0.7569196481439912,0.4146129051405714,115,EDFSMode.RANDOM
FAILED,,,3627,91,0.7822317862698209,0.001,829,EDFSMode.RANDOM
FAILED,,,55,58,0.999,0.999,561,EDFSMode.RANDOM
FAILED,,,461,71,0.8374865758689558,0.5379859534843929,100,EDFSMode.RANDOM
FAILED,,,718,100,0.999,0.999,426,EDFSMode.RANDOM
FAILED,,,2154,96,0.861846356632247,0.6346928565648176,931,EDFSMode.RANDOM
COMPLETED,0.93,341.0,3853,18,0.0253278436016348,0.001,434,EDFSMode.RANDOM
FAILED,,,2718,100,0.7593822012477763,0.8969789844014107,616,EDFSMode.RANDOM
FAILED,,,406,55,0.950652160452425,0.544271310470194,803,EDFSMode.RANDOM
FAILED,,,4999,87,0.7904401915470616,0.2135410340352532,1000,EDFSMode.RANDOM
FAILED,,,2113,86,0.7922737369394403,0.001,940,EDFSMode.RANDOM
FAILED,,,3082,79,0.932817778854306,0.001,637,EDFSMode.RANDOM
FAILED,,,1683,100,0.8633132018828351,0.999,318,EDFSMode.RANDOM
ABANDONED,,,4371,72,0.9700232084732028,0.999,1000,EDFSMode.RANDOM
COMPLETED,0.8499999999999999,242.0,2789,100,0.0720958174130962,0.3189527925162016,1000,EDFSMode.RANDOM
COMPLETED,0.91,364.0,938,36,0.0706749523462581,0.999,537,EDFSMode.RANDOM
FAILED,,,1771,72,0.5997907608368431,0.999,968,EDFSMode.RANDOM
FAILED,,,2009,64,0.8179591782557256,0.2072007189510909,817,EDFSMode.RANDOM
FAILED,,,2617,87,0.8512294254967044,0.9485752068409526,541,EDFSMode.RANDOM
FAILED,,,2847,78,0.7771602927816567,0.001,753,EDFSMode.RANDOM
COMPLETED,0.91,450.0,1194,92,0.0450023454645557,0.999,601,EDFSMode.RANDOM
COMPLETED,0.93,377.0,3835,64,0.001,0.999,434,EDFSMode.RANDOM
FAILED,,,2072,53,0.8429008431467802,0.999,365,EDFSMode.RANDOM
FAILED,,,2762,65,0.7994560930121213,0.5736227444995378,984,EDFSMode.RANDOM
FAILED,,,4683,55,0.999,0.999,841,EDFSMode.RANDOM
FAILED,,,1983,10,0.7195715649500961,0.001,940,EDFSMode.RANDOM
FAILED,,,1611,77,0.7712050312495299,0.999,816,EDFSMode.RANDOM
FAILED,,,4523,58,0.7517604809751041,0.3337876363038037,752,EDFSMode.RANDOM
FAILED,,,1339,97,0.777666425562914,0.001,649,EDFSMode.RANDOM
FAILED,,,392,27,0.979816313418021,0.9595121827071192,894,EDFSMode.RANDOM
FAILED,,,4923,100,0.931001228900992,0.6942814252544796,491,EDFSMode.RANDOM
COMPLETED,0.6099999999999999,702.0,2953,1,0.0196987986723264,0.7167062307038936,1000,EDFSMode.RANDOM
ABANDONED,,,2639,59,0.999,0.6619154853886062,763,EDFSMode.RANDOM
ABANDONED,,,2810,64,0.7486221765764058,0.999,1000,EDFSMode.RANDOM
FAILED,,,4916,86,0.8587223682154688,0.378687398230031,385,EDFSMode.RANDOM
FAILED,,,2540,57,0.9786465308456118,0.999,575,EDFSMode.RANDOM
FAILED,,,2272,73,0.9369561599113608,0.001,532,EDFSMode.RANDOM
FAILED,,,1510,8,0.944667061947514,0.1929770902991531,864,EDFSMode.RANDOM
FAILED,,,822,88,0.7959714340272076,0.999,325,EDFSMode.RANDOM
FAILED,,,2665,45,0.999,0.999,583,EDFSMode.RANDOM
FAILED,,,3875,86,0.8739420110024558,0.001,187,EDFSMode.RANDOM
FAILED,,,2489,47,0.9515667877189288,0.6525441749051197,867,EDFSMode.RANDOM
FAILED,,,4576,73,0.7523306749979083,0.001,244,EDFSMode.RANDOM
COMPLETED,0.93,511.0,4643,10,0.2466821345708076,0.1903224538688762,489,EDFSMode.RANDOM
FAILED,,,2375,51,0.945374946287333,0.4397274396493861,459,EDFSMode.RANDOM
FAILED,,,1853,100,0.8663077188905345,0.999,751,EDFSMode.RANDOM
FAILED,,,578,79,0.9595380649372754,0.999,258,EDFSMode.RANDOM
FAILED,,,3528,45,0.8979156252490622,0.999,100,EDFSMode.RANDOM
FAILED,,,1682,72,0.8551411212320568,0.999,221,EDFSMode.RANDOM
FAILED,,,4052,7,0.99732678455975,0.0251247134808262,1000,EDFSMode.RANDOM
FAILED,,,2237,86,0.776858859972675,0.001,693,EDFSMode.RANDOM
ABANDONED,,,3425,95,0.7511938797128991,0.7892085339471459,738,EDFSMode.RANDOM
ABANDONED,,,4241,67,0.8114493164449273,0.1111013696518339,959,EDFSMode.RANDOM
ABANDONED,,,4226,100,0.8956971287352283,0.001,108,EDFSMode.RANDOM
ABANDONED,,,1477,45,0.9686586522219967,0.7854494826144841,960,EDFSMode.RANDOM
FAILED,,,4463,95,0.8446747178459771,0.999,497,EDFSMode.RANDOM
FAILED,,,1323,86,0.7781646432212345,0.5152315881397417,734,EDFSMode.RANDOM
FAILED,,,3046,100,0.8956728322204629,0.001,974,EDFSMode.RANDOM
FAILED,,,1516,63,0.7484531141495173,0.001,1000,EDFSMode.RANDOM
FAILED,,,2824,100,0.7618588722975757,0.999,846,EDFSMode.RANDOM
FAILED,,,4915,88,0.7634054081447115,0.4377649618410343,319,EDFSMode.RANDOM
FAILED,,,3899,100,0.8086237766698826,0.1733081982962042,118,EDFSMode.RANDOM
FAILED,,,1916,66,0.8371794746674329,0.999,1000,EDFSMode.RANDOM
FAILED,,,3771,9,0.9909093965430402,0.999,909,EDFSMode.RANDOM
FAILED,,,3497,100,0.7172655469443153,0.4863787168750823,884,EDFSMode.RANDOM
FAILED,,,4126,36,0.9414342616147732,0.6519585867972582,927,EDFSMode.RANDOM
FAILED,,,3364,100,0.9189810143289976,0.001,1000,EDFSMode.RANDOM
FAILED,,,2169,100,0.9002023039276805,0.9001405875010178,1000,EDFSMode.RANDOM
FAILED,,,2358,74,0.9547424628930048,0.999,435,EDFSMode.RANDOM
FAILED,,,1451,92,0.9982402309744648,0.999,653,EDFSMode.RANDOM
FAILED,,,1406,92,0.818965679956348,0.6994540331128634,1000,EDFSMode.RANDOM
FAILED,,,1720,85,0.7791031106020088,0.4095431095276346,983,EDFSMode.RANDOM
ABANDONED,,,3378,58,0.9602609042842676,0.0791848457522465,681,EDFSMode.RANDOM
COMPLETED,0.8499999999999999,6417.0,2704,11,0.7159052483278449,0.001,797,EDFSMode.RANDOM
ABANDONED,,,4988,83,0.9085857357710044,0.001,725,EDFSMode.RANDOM
FAILED,,,4614,100,0.8396821399247169,0.862636297022025,950,EDFSMode.RANDOM
FAILED,,,4595,95,0.8951824703137394,0.2573839673913139,390,EDFSMode.RANDOM
FAILED,,,1826,71,0.7800724797503203,0.4475466117464925,100,EDFSMode.RANDOM
FAILED,,,1322,56,0.8455764533355378,0.999,238,EDFSMode.RANDOM
FAILED,,,557,56,0.9194666250051649,0.6288104535629526,527,EDFSMode.RANDOM
FAILED,,,3363,100,0.8749082166966725,0.1055319418959097,329,EDFSMode.RANDOM
FAILED,,,2285,79,0.9021293982723424,0.6056958114699488,801,EDFSMode.RANDOM
FAILED,,,1592,96,0.8949251314613231,0.001,545,EDFSMode.RANDOM
FAILED,,,3564,37,0.954220021002328,0.999,107,EDFSMode.RANDOM
FAILED,,,2010,77,0.7909098949522129,0.6122451141838385,815,EDFSMode.RANDOM
FAILED,,,3347,84,0.9252581981461082,0.4427214240803296,1000,EDFSMode.RANDOM
FAILED,,,2939,91,0.7600173073917422,0.0955640516560193,150,EDFSMode.RANDOM
FAILED,,,3826,100,0.7467827630812353,0.999,1000,EDFSMode.RANDOM
FAILED,,,2975,89,0.7688229785576007,0.001,801,EDFSMode.RANDOM
FAILED,,,4894,100,0.7935686160493155,0.3724192371552887,673,EDFSMode.RANDOM
FAILED,,,1158,57,0.7651891273942738,0.999,116,EDFSMode.RANDOM
FAILED,,,2723,70,0.896647886904079,0.0670735926004465,100,EDFSMode.RANDOM
ABANDONED,,,4139,74,0.9230498032748448,0.999,881,EDFSMode.RANDOM
ABANDONED,,,2757,95,0.8960778700814638,0.1210623694951999,753,EDFSMode.RANDOM
ABANDONED,,,1674,100,0.8090386806645266,0.7829284913120658,270,EDFSMode.RANDOM
FAILED,,,1541,87,0.9707140613048776,0.5432722089744175,791,EDFSMode.RANDOM
FAILED,,,486,76,0.797306987127184,0.6263286385189089,797,EDFSMode.RANDOM
FAILED,,,3454,87,0.9680390494461492,0.3283172838125534,324,EDFSMode.RANDOM
FAILED,,,3898,23,0.9885890831123254,0.999,780,EDFSMode.RANDOM
FAILED,,,1794,71,0.8335378453023952,0.7143018466277085,974,EDFSMode.RANDOM
FAILED,,,3745,66,0.8792194346011967,0.0141340294742771,382,EDFSMode.RANDOM
FAILED,,,1443,100,0.768661262526581,0.001,363,EDFSMode.RANDOM
FAILED,,,2909,100,0.999,0.001,208,EDFSMode.RANDOM
FAILED,,,2666,63,0.8970522943398064,0.001,100,EDFSMode.RANDOM
FAILED,,,1988,94,0.9548305137951236,0.3838468606144032,549,EDFSMode.RANDOM
FAILED,,,1280,35,0.7999554775457167,0.999,705,EDFSMode.RANDOM
FAILED,,,2856,85,0.9544766112811321,0.7045696639220776,694,EDFSMode.RANDOM
FAILED,,,4589,87,0.9572108098355796,0.5028425620339854,295,EDFSMode.RANDOM
COMPLETED,0.89,210.0,663,9,0.1709980779054754,0.999,757,EDFSMode.RANDOM
FAILED,,,4203,92,0.9481603087203646,0.5243966343284385,865,EDFSMode.RANDOM
FAILED,,,2747,100,0.787007295155218,0.5930266339721109,717,EDFSMode.RANDOM
FAILED,,,2943,62,0.8054125849831074,0.8605276079928376,996,EDFSMode.RANDOM
ABANDONED,,,4370,80,0.831745766768088,0.999,100,EDFSMode.RANDOM
FAILED,,,4520,26,0.9753729889260814,0.999,547,EDFSMode.RANDOM
FAILED,,,3729,96,0.8153229954705384,0.6958754942212272,931,EDFSMode.RANDOM
COMPLETED,0.92,745.0,4885,67,0.001,0.001,289,EDFSMode.RANDOM
FAILED,,,1107,74,0.923108491473712,0.6453963352434674,466,EDFSMode.RANDOM
FAILED,,,3294,80,0.875100622722134,0.5238481892929935,685,EDFSMode.RANDOM
FAILED,,,1372,98,0.8027265205213284,0.3391680169502775,452,EDFSMode.RANDOM
FAILED,,,2995,16,0.8455826220260204,0.7413570732439033,602,EDFSMode.RANDOM
FAILED,,,2591,34,0.8052788707456479,0.999,916,EDFSMode.RANDOM
FAILED,,,1253,95,0.8595786126263758,0.001,222,EDFSMode.RANDOM
FAILED,,,4700,100,0.7967568767562526,0.1916884639741889,766,EDFSMode.RANDOM
FAILED,,,3319,56,0.9065908155320254,0.977839828347842,293,EDFSMode.RANDOM
FAILED,,,1690,98,0.8156740017117806,0.001,482,EDFSMode.RANDOM
FAILED,,,4248,55,0.772854229153938,0.999,143,EDFSMode.RANDOM
FAILED,,,1110,99,0.7875964089840369,0.3785499981737842,592,EDFSMode.RANDOM
FAILED,,,2281,81,0.950627641809396,0.001,382,EDFSMode.RANDOM
FAILED,,,3717,88,0.5761803540582344,0.999,986,EDFSMode.RANDOM
FAILED,,,2073,56,0.9147672034140504,0.4899026550766401,1000,EDFSMode.RANDOM
FAILED,,,1001,100,0.7564934016595823,0.0725966669748784,101,EDFSMode.RANDOM
FAILED,,,4406,60,0.8979304296860888,0.999,100,EDFSMode.RANDOM
ABANDONED,,,1467,93,0.9675562756391268,0.830272435729771,250,EDFSMode.RANDOM
ABANDONED,,,776,74,0.8895315760789098,0.7868443963051476,108,EDFSMode.RANDOM
ABANDONED,,,372,100,0.9975949190596708,0.419526407597549,1000,EDFSMode.RANDOM
FAILED,,,4075,53,0.9450935342742502,0.5850899020690774,552,EDFSMode.RANDOM
FAILED,,,3405,30,0.9976118016335874,0.001,959,EDFSMode.RANDOM
FAILED,,,4001,93,0.999,0.001,328,EDFSMode.RANDOM
FAILED,,,2339,44,0.7959632022881035,0.999,384,EDFSMode.RANDOM
FAILED,,,2874,100,0.7756694186978593,0.3464372284232709,490,EDFSMode.RANDOM
FAILED,,,1788,46,0.9958721401805593,0.7331446203935686,986,EDFSMode.RANDOM
FAILED,,,2793,90,0.999,0.9080803720912218,605,EDFSMode.RANDOM
FAILED,,,2505,69,0.8132325184432958,0.999,100,EDFSMode.RANDOM
FAILED,,,1748,94,0.9065116144921888,0.8869462719981532,790,EDFSMode.RANDOM
FAILED,,,4058,93,0.9142982334905168,0.6051824042431838,541,EDFSMode.RANDOM
FAILED,,,1670,98,0.8327116377042215,0.7049680235328641,532,EDFSMode.RANDOM
COMPLETED,0.92,2181.0,3190,10,0.7578066911328089,0.999,119,EDFSMode.RANDOM
FAILED,,,2778,99,0.7986613938645662,0.464533111952989,898,EDFSMode.RANDOM
FAILED,,,1959,94,0.9246126351045272,0.999,1000,EDFSMode.RANDOM
FAILED,,,1716,84,0.763193234550476,0.5351334003690978,813,EDFSMode.RANDOM
FAILED,,,1730,10,0.999,0.999,800,EDFSMode.RANDOM
FAILED,,,792,63,0.999,0.001,764,EDFSMode.RANDOM
ABANDONED,,,2163,86,0.999,0.999,202,EDFSMode.RANDOM
FAILED,,,4181,100,0.9525539252474232,0.4811560771519147,971,EDFSMode.RANDOM
COMPLETED,0.89,187.0,1426,32,0.0786758055960692,0.4971957793788563,1000,EDFSMode.RANDOM
FAILED,,,522,83,0.999,0.7808792627838327,639,EDFSMode.RANDOM
ABANDONED,,,2632,88,0.8650208124198489,0.162956673930083,131,EDFSMode.RANDOM
ABANDONED,,,2512,84,0.8049132997461313,0.8564711320129247,977,EDFSMode.RANDOM
ABANDONED,,,1201,48,0.8483573406697787,0.999,823,EDFSMode.RANDOM
FAILED,,,3722,58,0.8820733002655661,0.001,375,EDFSMode.RANDOM
FAILED,,,3382,61,0.8733998074676746,0.5074653591551505,409,EDFSMode.RANDOM
FAILED,,,624,87,0.753091121486617,0.999,842,EDFSMode.RANDOM
FAILED,,,3618,52,0.8475709448611692,0.5087730088556984,584,EDFSMode.RANDOM
FAILED,,,3154,30,0.8077899346239972,0.999,774,EDFSMode.RANDOM
FAILED,,,711,67,0.999,0.999,431,EDFSMode.RANDOM
FAILED,,,280,84,0.8010735583894892,0.001,920,EDFSMode.RANDOM
FAILED,,,1848,65,0.7729844819233235,0.3768460549819511,951,EDFSMode.RANDOM
FAILED,,,786,94,0.999,0.4404504710635582,526,EDFSMode.RANDOM
FAILED,,,2017,52,0.9299928708795832,0.9381968645152492,691,EDFSMode.RANDOM
FAILED,,,3682,79,0.982252868041388,0.4674017995204165,698,EDFSMode.RANDOM
FAILED,,,3417,44,0.9417637725727844,0.1077260156924581,696,EDFSMode.RANDOM
FAILED,,,3126,88,0.8755334584068785,0.1529082057802,952,EDFSMode.RANDOM
FAILED,,,1585,70,0.9378564731494036,0.7967406580297641,370,EDFSMode.RANDOM
FAILED,,,1768,30,0.9383080267591652,0.9194390863289365,994,EDFSMode.RANDOM
FAILED,,,4292,88,0.8818352140285399,0.1545158289598377,401,EDFSMode.RANDOM
FAILED,,,1046,81,0.8510211579691073,0.828691639665152,364,EDFSMode.RANDOM
FAILED,,,4760,97,0.9130650140980444,0.999,953,EDFSMode.RANDOM
FAILED,,,2001,89,0.78003062924103,0.4193441435913877,930,EDFSMode.RANDOM
FAILED,,,1627,79,0.9477402551573892,0.6963141852623541,384,EDFSMode.RANDOM
FAILED,,,1878,50,0.8514266086169666,0.999,185,EDFSMode.RANDOM
FAILED,,,151,74,0.7929039837568838,0.0720768684333964,592,EDFSMode.RANDOM
FAILED,,,1472,45,0.9919726333322304,0.999,1000,EDFSMode.RANDOM
FAILED,,,1839,53,0.7726933426962078,0.999,829,EDFSMode.RANDOM
FAILED,,,3327,100,0.9282722405075334,0.001,100,EDFSMode.RANDOM
COMPLETED,0.9,208.0,1276,30,0.0959041456492647,0.999,759,EDFSMode.RANDOM
FAILED,,,703,40,0.9560041777211956,0.8875298623899087,618,EDFSMode.RANDOM
FAILED,,,2481,46,0.767027053961388,0.999,434,EDFSMode.RANDOM
FAILED,,,2906,97,0.9790500387604888,0.1187993548295992,1000,EDFSMode.RANDOM
FAILED,,,1653,74,0.7549246083573717,0.999,873,EDFSMode.RANDOM
FAILED,,,1021,40,0.974845048908659,0.999,669,EDFSMode.RANDOM
FAILED,,,1213,44,0.8976118435535348,0.6685457574557157,116,EDFSMode.RANDOM
FAILED,,,4327,92,0.8568888118144341,0.001,361,EDFSMode.RANDOM
FAILED,,,4725,92,0.8988593774857455,0.001,451,EDFSMode.RANDOM
FAILED,,,122,94,0.9474698545689608,0.001,106,EDFSMode.RANDOM
FAILED,,,1786,70,0.8704455516146311,0.671234808837495,155,EDFSMode.RANDOM
FAILED,,,259,100,0.980984121385878,0.4323512723925109,351,EDFSMode.RANDOM
FAILED,,,875,97,0.8106083064948546,0.7803428143554972,1000,EDFSMode.RANDOM
FAILED,,,2273,67,0.999,0.001,787,EDFSMode.RANDOM
FAILED,,,3245,41,0.8520102931542382,0.999,268,EDFSMode.RANDOM
FAILED,,,2989,100,0.784334905839807,0.001,290,EDFSMode.RANDOM
FAILED,,,1556,77,0.7930770281146914,0.8735913498482738,375,EDFSMode.RANDOM
ABANDONED,,,812,92,0.7825366670961776,0.001,984,EDFSMode.RANDOM
ABANDONED,,,689,87,0.8584218417896144,0.6913212659267787,421,EDFSMode.RANDOM
ABANDONED,,,1716,72,0.789403414511694,0.999,1000,EDFSMode.RANDOM
ABANDONED,,,4543,91,0.8960308896303177,0.3562877087593078,525,EDFSMode.RANDOM
COMPLETED,0.7,1614.0,2112,3,0.245067092007026,0.748119679506868,837,EDFSMode.RANDOM
ABANDONED,,,1065,67,0.6883215932194143,0.0351891759708523,682,EDFSMode.RANDOM
COMPLETED,0.92,1754.0,3478,28,0.4191667455844581,0.922044587181881,142,EDFSMode.RANDOM
COMPLETED,0.93,565.0,2903,56,0.1078243484310805,0.7661848783306777,215,EDFSMode.RANDOM
ABANDONED,,,315,39,0.7511394325438887,0.1286767698656767,583,EDFSMode.RANDOM
COMPLETED,0.89,3611.0,1456,81,0.3079719585236161,0.5921076303143054,993,EDFSMode.RANDOM
COMPLETED,0.92,1357.0,4025,13,0.5845997811034321,0.4499276476427912,396,EDFSMode.RANDOM
COMPLETED,0.91,2540.0,4358,73,0.3483426313735544,0.2501223539244383,823,EDFSMode.RANDOM
COMPLETED,0.93,1868.0,1789,35,0.508107533039525,0.8562295286469161,452,EDFSMode.RANDOM
COMPLETED,0.78,305.0,21,98,0.0507322973590344,0.4220448015257716,159,EDFSMode.RANDOM
ABANDONED,,,2608,8,0.8422820139080285,0.533250242056325,752,EDFSMode.RANDOM
ABANDONED,,,3186,86,0.6555951538830995,0.626735008534044,626,EDFSMode.RANDOM
COMPLETED,0.92,938.0,774,20,0.4878926960211247,0.2661821500044316,311,EDFSMode.RANDOM
ABANDONED,,,2442,63,0.9451736472863704,0.9498665202129633,356,EDFSMode.RANDOM
COMPLETED,0.91,337.0,4874,45,0.1617521972395479,0.0941074773147702,893,EDFSMode.RANDOM
COMPLETED,0.92,2808.0,4745,59,0.5569280469380318,0.597227747157216,123,EDFSMode.RANDOM
COMPLETED,0.83,1004.0,2313,48,0.3346689680609852,0.4862217668686061,716,EDFSMode.RANDOM
ABANDONED,,,879,84,0.8557710362877696,0.7927406331952661,873,EDFSMode.RANDOM
COMPLETED,0.92,376.0,3290,24,0.0022182505652308,0.1864332918412983,502,EDFSMode.RANDOM
COMPLETED,0.91,3491.0,2791,95,0.4392508745118975,0.0305698075238615,434,EDFSMode.RANDOM
ABANDONED,,,204,12,0.6692119509782642,0.8862243289351464,970,EDFSMode.RANDOM
COMPLETED,0.92,395.0,1581,70,0.1479545662794262,0.3302060574628412,562,EDFSMode.RANDOM
ABANDONED,,,4151,37,0.9941181288324296,0.6908636679854244,247,EDFSMode.RANDOM
COMPLETED,0.91,435.0,3856,79,0.1962422635555267,0.9842181369662284,732,EDFSMode.RANDOM
ABANDONED,,,1288,17,0.9097088489066808,0.0972849838677793,191,EDFSMode.RANDOM
COMPLETED,0.88,2363.0,537,52,0.4056734123695641,0.6864321220126002,490,EDFSMode.RANDOM
FAILED,,,3125,42,0.7368399508483708,0.2946786190606653,801,EDFSMode.RANDOM
ABANDONED,,,3622,64,0.7997779507525264,0.3881670457515865,929,EDFSMode.RANDOM
COMPLETED,0.93,396.0,1209,30,0.0942108546365052,0.5305734838992358,332,EDFSMode.RANDOM
COMPLETED,0.7399999999999999,2713.0,2022,89,0.5983941124808043,0.1909257509000599,293,EDFSMode.RANDOM
COMPLETED,0.92,856.0,4453,7,0.2590307765603065,0.8282071585115045,660,EDFSMode.RANDOM
COMPLETED,0.93,540.0,4478,69,0.0449073236491531,0.7034193945545703,387,EDFSMode.RANDOM
ABANDONED,,,1910,26,0.8130656641945243,0.3154574895426631,973,EDFSMode.RANDOM
COMPLETED,0.91,1916.0,1159,93,0.3698230191729962,0.9046124834828078,595,EDFSMode.RANDOM
COMPLETED,0.9,1604.0,3748,1,0.521790294835344,0.0138872491251677,230,EDFSMode.RANDOM
ABANDONED,,,2994,80,0.9588555762860924,0.1697811602428555,135,EDFSMode.RANDOM
COMPLETED,0.8699999999999999,153.0,582,15,0.183231276359409,0.8110983014572412,664,EDFSMode.RANDOM
ABANDONED,,,1394,54,0.6263801128491759,0.4714427126627415,848,EDFSMode.RANDOM
COMPLETED,0.93,3639.0,3825,41,0.4820685551073402,0.6098139005266129,540,EDFSMode.RANDOM
ABANDONED,,,4118,100,0.7175223428774625,0.8154686964023858,904,EDFSMode.RANDOM
COMPLETED,0.93,1248.0,1686,7,0.4249766248650848,0.2053697496727109,371,EDFSMode.RANDOM
ABANDONED,,,252,75,0.8823632036745547,0.5118807676397265,303,EDFSMode.RANDOM
COMPLETED,0.88,665.0,2663,33,0.2236023042630404,0.4046668611746281,608,EDFSMode.RANDOM
COMPLETED,0.91,1540.0,3414,61,0.2865077656339853,0.3111480076834559,763,EDFSMode.RANDOM
COMPLETED,0.93,1583.0,826,46,0.5709331844747066,0.6677698920387773,174,EDFSMode.RANDOM
COMPLETED,0.83,291.0,2204,85,0.1136331569738686,0.1117594689261168,444,EDFSMode.RANDOM
FAILED,,,4773,22,0.780339587347582,0.9714492480568588,805,EDFSMode.RANDOM
COMPLETED,0.92,1529.0,4986,82,0.3764585349205881,0.4687573923207819,268,EDFSMode.RANDOM
FAILED,,,2416,25,0.7310154084078968,0.575958031674847,573,EDFSMode.RANDOM
COMPLETED,0.83,1375.0,649,58,0.2099245940819382,0.141765456194058,953,EDFSMode.RANDOM
ABANDONED,,,3236,49,0.9311877644415943,0.7518779005408287,420,EDFSMode.RANDOM
ABANDONED,,,2563,71,0.6198736228700727,0.9077680956777184,521,EDFSMode.RANDOM
COMPLETED,0.7299999999999999,700.0,152,36,0.2727141778245568,0.0482474354989826,882,EDFSMode.RANDOM
ABANDONED,,,1820,97,0.7939523375742137,0.7319396540671586,700,EDFSMode.RANDOM
COMPLETED,0.91,1962.0,4252,10,0.0649953823331743,0.3751479443702847,111,EDFSMode.RANDOM
ABANDONED,,,3920,51,0.8615804545562714,0.0759477802999317,644,EDFSMode.RANDOM
COMPLETED,0.92,497.0,1490,44,0.0314175577014684,0.9668079852517694,279,EDFSMode.RANDOM
COMPLETED,0.89,2739.0,442,77,0.5354647017158568,0.2538853375110775,352,EDFSMode.RANDOM
COMPLETED,0.8499999999999999,428.0,2855,18,0.3210017617065459,0.6417120265513658,938,EDFSMode.RANDOM
COMPLETED,0.9,411.0,3530,90,0.1342865271288901,0.5481967737879603,784,EDFSMode.RANDOM
COMPLETED,0.9,4915.0,942,5,0.9726534749306738,0.4097784158326685,477,EDFSMode.RANDOM
COMPLETED,0.8599999999999999,1231.0,2084,66,0.4684514903277158,0.8732014204859733,212,EDFSMode.RANDOM
ABANDONED,,,4652,29,0.6750222020428627,0.2319321706239134,742,EDFSMode.RANDOM
ABANDONED,,,4625,55,0.4945500103924423,0.9522973748743532,983,EDFSMode.RANDOM
COMPLETED,0.7399999999999999,7157.0,2037,40,0.6465480753444134,0.0653660063389688,390,EDFSMode.RANDOM
COMPLETED,0.93,662.0,994,79,0.1696495412811636,0.6554954869654029,234,EDFSMode.RANDOM
ABANDONED,,,3562,15,0.937838674833998,0.2637399615086615,606,EDFSMode.RANDOM
COMPLETED,0.89,7077.0,2828,94,0.5016223695185035,0.419598718592897,674,EDFSMode.RANDOM
COMPLETED,0.8399999999999999,952.0,397,1,0.3573415267094969,0.5620069413036108,137,EDFSMode.RANDOM
ABANDONED,,,1540,68,0.8340826028250157,0.2213771037645637,544,EDFSMode.RANDOM
COMPLETED,0.91,248.0,3953,27,0.0584890215490013,0.8586564888712018,859,EDFSMode.RANDOM
ABANDONED,,,4283,86,0.7576209042500704,0.5653115951865911,376,EDFSMode.RANDOM
COMPLETED,0.91,237.0,1871,21,0.0988293754160404,0.4543038303349167,916,EDFSMode.RANDOM
COMPLETED,0.77,5686.0,105,60,0.5927952698655427,0.7617895729299635,617,EDFSMode.RANDOM
COMPLETED,0.91,588.0,2537,47,0.3002189261484891,0.1554842540808022,305,EDFSMode.RANDOM
COMPLETED,0.92,1366.0,3268,75,0.238406093256548,0.062000439370051,178,EDFSMode.RANDOM
ABANDONED,,,699,32,0.9050818793363868,0.9176531762182712,775,EDFSMode.RANDOM
ABANDONED,,,2371,99,0.4112654717862606,0.3606677905358374,815,EDFSMode.RANDOM
COMPLETED,0.93,2704.0,4958,8,0.6956602500509471,0.721327423563227,447,EDFSMode.RANDOM
COMPLETED,0.92,491.0,4819,96,0.0851518752928823,0.2186925548743456,568,EDFSMode.RANDOM
ABANDONED,,,2232,11,0.806445254959166,0.8248017521016299,256,EDFSMode.RANDOM
COMPLETED,0.91,880.0,794,72,0.2517010425440966,0.3915839012488722,411,EDFSMode.RANDOM
ABANDONED,,,3363,35,0.6062881290558725,0.5027875572163611,951,EDFSMode.RANDOM
ABANDONED,,,2710,57,0.9186948991063982,0.6586500897668301,878,EDFSMode.RANDOM
COMPLETED,0.8599999999999999,191.0,278,50,0.1897680490724742,0.2980992537420242,510,EDFSMode.RANDOM
ABANDONED,,,1654,83,0.744600954271853,0.9808165097404272,101,EDFSMode.RANDOM
COMPLETED,0.92,691.0,4066,25,0.3974716181512922,0.1250556822791695,697,EDFSMode.RANDOM
FAILED,,,3775,65,0.6602222163993864,0.3248552077692001,269,EDFSMode.RANDOM
COMPLETED,0.91,2281.0,1362,30,0.4457290187515318,0.7166851513646542,641,EDFSMode.RANDOM
ABANDONED,,,610,91,0.9863531956523656,0.0047369903102517,935,EDFSMode.RANDOM
COMPLETED,0.92,340.0,3040,4,0.1561600448768585,0.8915941860843449,341,EDFSMode.RANDOM
COMPLETED,0.92,742.0,3696,76,0.3437242555897682,0.7981067111603914,467,EDFSMode.RANDOM
COMPLETED,0.9,3200.0,1128,19,0.5502646650522947,0.160596580190584,782,EDFSMode.RANDOM
COMPLETED,0.91,289.0,1937,52,0.0095440622605383,0.6230453360993415,737,EDFSMode.RANDOM
ABANDONED,,,4526,43,0.8478807115275412,0.4808671379908919,200,EDFSMode.RANDOM
ABANDONED,,,4397,80,0.5635790614299476,0.1064086508341133,839,EDFSMode.RANDOM
COMPLETED,0.93,785.0,1984,14,0.2943940491024404,0.9972706403490156,535,EDFSMode.RANDOM
ABANDONED,,,1232,57,0.7713035693820565,0.2853151068184524,154,EDFSMode.RANDOM
COMPLETED,0.92,316.0,3663,39,0.1203096219375729,0.6731397733539342,687,EDFSMode.RANDOM
COMPLETED,0.91,6455.0,3069,67,0.4327446475699543,0.5172468140032142,586,EDFSMode.RANDOM
COMPLETED,0.91,4313.0,500,29,0.7093423203285782,0.3788302406109869,225,EDFSMode.RANDOM
COMPLETED,0.92,1326.0,1309,92,0.2325818110648542,0.8412863689959049,407,EDFSMode.RANDOM
COMPLETED,0.8399999999999999,5824.0,3898,2,0.8758667416386307,0.2000150966290384,996,EDFSMode.RANDOM
COMPLETED,0.93,602.0,4192,62,0.1754595618396997,0.4992096077241003,463,EDFSMode.RANDOM
ABANDONED,,,1604,45,0.9670395211558788,0.6064084625151008,827,EDFSMode.RANDOM
ABANDONED,,,167,87,0.473085125984624,0.1731979915741831,755,EDFSMode.RANDOM
COMPLETED,0.93,2650.0,2736,20,0.63288026669994,0.7833124584257602,169,EDFSMode.RANDOM
ABANDONED,,,3333,98,0.8204161028601228,0.8768303601499647,323,EDFSMode.RANDOM
COMPLETED,0.89,239.0,901,9,0.0370249699372798,0.0173079154081642,631,EDFSMode.RANDOM
COMPLETED,0.77,6831.0,2277,74,0.5308223830442875,0.700017791494727,895,EDFSMode.RANDOM
COMPLETED,0.93,731.0,4689,34,0.3631502385884523,0.3432281043026596,365,EDFSMode.RANDOM
ABANDONED,,,4910,70,0.9805288093611598,0.8464053611923009,705,EDFSMode.RANDOM
COMPLETED,0.93,631.0,2499,36,0.1269452492203563,0.2363084369674325,119,EDFSMode.RANDOM
ABANDONED,,,732,95,0.6817010501418262,0.5438015594743191,498,EDFSMode.RANDOM
COMPLETED,0.88,2645.0,3165,13,0.4594111931286752,0.4365858684461563,863,EDFSMode.RANDOM
COMPLETED,0.8399999999999999,197.0,2646,85,0.0232275453172624,0.2806966250762343,959,EDFSMode.RANDOM
ABANDONED,,,76,23,0.8693603780660777,0.6373205319363623,429,EDFSMode.RANDOM
COMPLETED,0.93,1336.0,1748,58,0.3145086271371692,0.0803277663420885,245,EDFSMode.RANDOM
COMPLETED,0.92,4314.0,4335,48,0.5444389700815082,0.940015760909766,553,EDFSMode.RANDOM
COMPLETED,0.92,1492.0,4003,89,0.2809005058296024,0.7343704250771552,189,EDFSMode.RANDOM
COMPLETED,0.91,4466.0,1414,6,0.612097629116848,0.3464064975604415,722,EDFSMode.RANDOM
COMPLETED,0.8,152.0,371,63,0.0714845871459692,0.936528605710715,789,EDFSMode.RANDOM
ABANDONED,,,2939,31,0.7849817535877228,0.0458051559161394,485,EDFSMode.RANDOM
ABANDONED,,,3455,53,0.7231363821625709,0.1393194569125771,329,EDFSMode.RANDOM
COMPLETED,0.88,741.0,1024,41,0.3838037351500243,0.7806345756221562,919,EDFSMode.RANDOM
ABANDONED,,,2167,78,0.9245049940217284,0.4400121105592698,649,EDFSMode.RANDOM
COMPLETED,0.93,638.0,4580,17,0.2189685830958187,0.5783850829862058,289,EDFSMode.RANDOM
ABANDONED,,,4607,74,0.7458546581566334,0.4281365051399916,600,EDFSMode.RANDOM
COMPLETED,0.88,339.0,2175,33,0.3912991825770586,0.5354436698965728,239,EDFSMode.RANDOM
ABANDONED,,,1051,100,0.9162843001652508,0.2445187877938151,393,EDFSMode.RANDOM
COMPLETED,0.9,207.0,3463,7,0.1950263347811996,0.8545244762320071,983,EDFSMode.RANDOM
COMPLETED,0.89,1202.0,2966,85,0.2578102079220115,0.948160454686731,853,EDFSMode.RANDOM
ABANDONED,,,378,22,0.6049758691955358,0.0885030207615345,549,EDFSMode.RANDOM
COMPLETED,0.92,1096.0,1442,61,0.0798341264557093,0.6289273080099373,139,EDFSMode.RANDOM
ABANDONED,,,4010,46,0.8087934908568858,0.2722730784490704,673,EDFSMode.RANDOM
COMPLETED,0.92,644.0,4304,93,0.0151283207200467,0.0373815944176167,308,EDFSMode.RANDOM
COMPLETED,0.88,3675.0,1736,2,0.8452964225504547,0.9281353966556488,616,EDFSMode.RANDOM
COMPLETED,0.68,1123.0,45,69,0.3373486103322356,0.3545817668512463,910,EDFSMode.RANDOM
COMPLETED,0.9,1883.0,2633,26,0.5518129482492803,0.7425151039827615,380,EDFSMode.RANDOM
ABANDONED,,,3132,54,0.988999817930162,0.5865041831545532,450,EDFSMode.RANDOM
COMPLETED,0.88,189.0,720,41,0.1506352792885154,0.4482224762570112,814,EDFSMode.RANDOM
ABANDONED,,,2467,80,0.6587324594352393,0.7722767009157687,768,EDFSMode.RANDOM
COMPLETED,0.92,2211.0,4898,15,0.4521679639481008,0.1308700787350535,182,EDFSMode.RANDOM
ABANDONED,,,4720,77,0.827903014127165,0.680341370165348,945,EDFSMode.RANDOM
COMPLETED,0.8699999999999999,123.0,2289,18,0.0597498785573989,0.2924861429873854,415,EDFSMode.RANDOM
COMPLETED,0.92,1952.0,932,51,0.5068887303750961,0.9898226548638194,259,EDFSMode.RANDOM
COMPLETED,0.92,1184.0,3345,44,0.3549228526204824,0.0989909880496561,567,EDFSMode.RANDOM
COMPLETED,0.8699999999999999,320.0,2768,66,0.1683292062729597,0.1926308646593243,691,EDFSMode.RANDOM
ABANDONED,,,179,29,0.94395591535978,0.8338106632977724,105,EDFSMode.RANDOM
COMPLETED,0.92,4051.0,1636,90,0.4969053994137793,0.3859737945087254,513,EDFSMode.RANDOM
COMPLETED,0.89,5060.0,4204,5,0.6412231733836233,0.524481603687629,877,EDFSMode.RANDOM
COMPLETED,0.93,2133.0,3871,58,0.4086892876997589,0.7905472629815339,344,EDFSMode.RANDOM
ABANDONED,,,1302,50,0.7012364036198704,0.1803415306005626,934,EDFSMode.RANDOM
COMPLETED,0.8499999999999999,1147.0,474,82,0.2399472530726343,0.5989327419456094,635,EDFSMode.RANDOM
ABANDONED,,,3061,25,0.8987133574597537,0.491825390625745,274,EDFSMode.RANDOM
COMPLETED,0.93,2650.0,3636,97,0.5872776276580989,0.3358104563895613,203,EDFSMode.RANDOM
COMPLETED,0.91,675.0,1225,10,0.3028584250453859,0.6925697911381721,736,EDFSMode.RANDOM
ABANDONED,,,1958,71,0.7640517445560545,0.0244789367057383,776,EDFSMode.RANDOM
COMPLETED,0.92,377.0,4390,36,0.0973477233424782,0.8840319718327372,472,EDFSMode.RANDOM
COMPLETED,0.92,1527.0,4493,99,0.3197821262460202,0.5101746296156197,688,EDFSMode.RANDOM
COMPLETED,0.92,1431.0,1925,9,0.5420436142832041,0.399062477119267,151,EDFSMode.RANDOM
COMPLETED,0.91,345.0,1096,73,0.0170398666001856,0.8176610683761537,530,EDFSMode.RANDOM
ABANDONED,,,3684,34,0.8705988685507327,0.2114606056194752,845,EDFSMode.RANDOM
ABANDONED,,,3009,62,0.6840340726394206,0.1178512152954935,997,EDFSMode.RANDOM
COMPLETED,0.89,2458.0,597,45,0.4540782011486589,0.9736426331419497,404,EDFSMode.RANDOM
FAILED,,,1330,87,0.9792317926436662,0.3055443987976759,221,EDFSMode.RANDOM
COMPLETED,0.92,297.0,3762,20,0.1330696279983967,0.6660648823790251,592,EDFSMode.RANDOM
ABANDONED,,,4093,67,0.9260685203615576,0.8990089935678988,164,EDFSMode.RANDOM
COMPLETED,0.91,849.0,1662,27,0.2126081512384116,0.0121821204945445,761,EDFSMode.RANDOM
ABANDONED,,,305,92,0.7205368797853589,0.7095112598948181,828,EDFSMode.RANDOM
COMPLETED,0.9,297.0,2717,4,0.3893727504666894,0.3176507556568831,460,EDFSMode.RANDOM
COMPLETED,0.93,424.0,3390,82,0.0779082891996949,0.4736352036073803,361,EDFSMode.RANDOM
ABANDONED,,,802,14,0.78347678322345,0.6159046375025063,901,EDFSMode.RANDOM
COMPLETED,0.8,709.0,2258,55,0.2753909536413848,0.1680751411896198,632,EDFSMode.RANDOM
COMPLETED,0.93,6278.0,4827,39,0.6147594945374875,0.8054937984310091,320,EDFSMode.RANDOM
COMPLETED,0.91,1415.0,4931,53,0.2301783503759652,0.2555905237682163,864,EDFSMode.RANDOM
ABANDONED,,,2364,42,0.8811483456380665,0.6473154588397592,496,EDFSMode.RANDOM
FAILED,,,672,78,0.4339902614355087,0.0737544565591961,115,EDFSMode.RANDOM
FAILED,,,3261,16,0.7031475182306021,0.9607161775380372,712,EDFSMode.RANDOM
FAILED,,,2510,88,0.7659634540211409,0.8671106258835642,554,EDFSMode.RANDOM
COMPLETED,0.8399999999999999,86.0,97,6,0.1226497678160667,0.2297397373057901,243,EDFSMode.RANDOM
COMPLETED,0.93,3575.0,1845,64,0.569711545098573,0.5538013344407081,425,EDFSMode.RANDOM
COMPLETED,0.91,895.0,4276,31,0.2930889274943619,0.4114843772593885,965,EDFSMode.RANDOM
COMPLETED,0.93,3815.0,3985,83,0.5244691043104976,0.1473698978759348,481,EDFSMode.RANDOM
COMPLETED,0.91,1205.0,1552,23,0.3647066118046641,0.7535839809384197,796,EDFSMode.RANDOM
ABANDONED,,,429,60,0.8259770430289209,0.4626664787475019,723,EDFSMode.RANDOM
COMPLETED,0.92,500.0,2840,48,0.0344335427079349,0.5737657173275947,187,EDFSMode.RANDOM
COMPLETED,0.92,2519.0,3593,70,0.4715882307682186,0.729746211355552,284,EDFSMode.RANDOM
ABANDONED,,,1006,38,0.6392958936057985,0.3690562556274235,655,EDFSMode.RANDOM
COMPLETED,0.7,242.0,2068,95,0.178114274136722,0.9094731629639864,920,EDFSMode.RANDOM
ABANDONED,,,4638,11,0.9615371220912784,0.053850986758247,327,EDFSMode.RANDOM
COMPLETED,0.92,1607.0,4679,88,0.1417821232695132,0.76008457814157,148,EDFSMode.RANDOM
ABANDONED,,,2091,20,0.9953718401528894,0.1498806303236633,678,EDFSMode.RANDOM
ABANDONED,,,969,61,0.4445091527849435,0.5675049654003232,834,EDFSMode.RANDOM
ABANDONED,,,3538,45,0.6668013594727962,0.4603955915756523,526,EDFSMode.RANDOM
ABANDONED,,,2882,73,0.8544587838631122,0.3667586613539606,402,EDFSMode.RANDOM
COMPLETED,0.8,127.0,450,33,0.0083274085074663,0.723519780665636,988,EDFSMode.RANDOM
ABANDONED,,,1516,98,0.5592762902714312,0.056396040443331,580,EDFSMode.RANDOM
COMPLETED,0.92,772.0,3928,10,0.3293512117881328,0.9159470530655234,216,EDFSMode.RANDOM
ABANDONED,,,4220,56,0.5958098160680382,0.6498909690678119,749,EDFSMode.RANDOM
COMPLETED,0.92,1336.0,1807,38,0.2646150424554943,0.2620339573267847,160,EDFSMode.RANDOM
ABANDONED,,,120,81,0.8013262265138327,0.9583881267216056,458,EDFSMode.RANDOM
COMPLETED,0.83,136.0,2551,14,0.087835216814652,0.0675584824122488,819,EDFSMode.RANDOM
COMPLETED,0.88,6740.0,3204,92,0.4001486542169004,0.2235703550074249,890,EDFSMode.RANDOM
COMPLETED,0.91,1080.0,636,3,0.7394865656904877,0.8647483690828084,357,EDFSMode.RANDOM
COMPLETED,0.88,501.0,2385,66,0.2026812161877751,0.4178936048336326,317,EDFSMode.RANDOM
ABANDONED,,,4973,28,0.9082190845068544,0.5564034365173429,622,EDFSMode.RANDOM
COMPLETED,0.93,1053.0,4805,64,0.3092328229676932,0.0064429368656128,508,EDFSMode.RANDOM
COMPLETED,0.76,3170.0,2216,32,0.5784201849699019,0.8971987616084515,868,EDFSMode.RANDOM
COMPLETED,0.88,351.0,858,89,0.1054056817777454,0.3226627893224358,714,EDFSMode.RANDOM
COMPLETED,0.92,1819.0,3426,5,0.7564057859648019,0.7105943418908864,124,EDFSMode.RANDOM
ABANDONED,,,2695,77,0.694438826309517,0.6169535135142505,254,EDFSMode.RANDOM
COMPLETED,0.8399999999999999,1971.0,264,17,0.4178464180119335,0.4786738291215151,558,EDFSMode.RANDOM
ABANDONED,,,1717,54,0.8907059616446495,0.8037101583201438,968,EDFSMode.RANDOM
COMPLETED,0.93,824.0,4130,42,0.2474224884640425,0.162301751576364,435,EDFSMode.RANDOM
ABANDONED,,,3798,95,0.9507498082909732,0.3971874673794955,799,EDFSMode.RANDOM
COMPLETED,0.92,316.0,1387,12,0.1591760057173669,0.5044926096312701,491,EDFSMode.RANDOM
ABANDONED,,,555,70,0.6492266394421458,0.2126008512601256,197,EDFSMode.RANDOM
COMPLETED,0.89,3689.0,2988,37,0.4894338484015315,0.8226083242613821,727,EDFSMode.RANDOM
COMPLETED,0.91,333.0,3721,59,0.0533717888202518,0.9786242102645336,658,EDFSMode.RANDOM
FAILED,,,1152,49,0.8367643791362643,0.1189647538345307,293,EDFSMode.RANDOM
COMPLETED,0.92,1264.0,1884,84,0.3468609718643128,0.6603561552930624,339,EDFSMode.RANDOM
COMPLETED,0.91,3172.0,4471,23,0.5145383807811886,0.3037037102952599,925,EDFSMode.RANDOM
FAILED,,,4421,60,0.7915569892115891,0.179288905147463,230,EDFSMode.RANDOM
COMPLETED,0.63,93.0,2009,47,0.0702688740063458,0.7855047727730124,597,EDFSMode.RANDOM
ABANDONED,,,1178,86,0.621112120790407,0.4936051660422235,978,EDFSMode.RANDOM
COMPLETED,0.92,600.0,3610,21,0.2665264916718005,0.6047023821175098,381,EDFSMode.RANDOM
COMPLETED,0.91,1536.0,3093,100,0.2045915946662426,0.6983127242084592,539,EDFSMode.RANDOM
ABANDONED,,,525,8,0.9335207943748682,0.3376245530433952,850,EDFSMode.RANDOM
COMPLETED,0.91,816.0,1256,75,0.3825829062629491,0.8790238028615713,669,EDFSMode.RANDOM
FAILED,,,3844,32,0.7297183991260826,0.0233996041510254,128,EDFSMode.RANDOM
COMPLETED,0.92,6670.0,4177,79,0.4620910659059881,0.2875084305591881,612,EDFSMode.RANDOM
COMPLETED,0.93,2736.0,1589,16,0.6765857209470123,0.6792315810676663,297,EDFSMode.RANDOM
COMPLETED,0.8499999999999999,257.0,231,55,0.1398555498812347,0.1047034645769745,370,EDFSMode.RANDOM
FAILED,,,2799,40,0.9700539651177824,0.9916672080606223,907,EDFSMode.RANDOM
ABANDONED,,,3318,68,0.5339597239159047,0.8356818083431571,809,EDFSMode.RANDOM
COMPLETED,0.91,511.0,886,27,0.3274254711959511,0.1983091352023184,438,EDFSMode.RANDOM
FAILED,,,2340,94,0.8642423125412315,0.5233376086056232,173,EDFSMode.RANDOM
COMPLETED,0.68,609.0,4752,1,0.0259080129489302,0.3810226739291101,766,EDFSMode.RANDOM
FAILED,,,4848,90,0.6316617094129324,0.9304367403704672,419,EDFSMode.RANDOM
COMPLETED,0.81,2368.0,2435,4,0.4796651018541306,0.0436118898019194,956,EDFSMode.RANDOM
ABANDONED,,,748,65,0.9526607667524368,0.7399739149920642,577,EDFSMode.RANDOM
COMPLETED,0.93,522.0,3178,30,0.1844768976606428,0.3481116261910647,262,EDFSMode.RANDOM
COMPLETED,0.93,1278.0,2581,52,0.3721631724871695,0.4417181296125054,110,EDFSMode.RANDOM
COMPLETED,0.6199999999999999,4067.0,14,43,0.5164501720387488,0.5839895860124378,703,EDFSMode.RANDOM
COMPLETED,0.91,355.0,1762,76,0.043602209476754,0.1371269659679383,886,EDFSMode.RANDOM
ABANDONED,,,4351,19,0.8191981404274701,0.7745438386462628,515,EDFSMode.RANDOM
COMPLETED,0.91,437.0,4056,72,0.1151895227544009,0.5416091875005513,943,EDFSMode.RANDOM
COMPLETED,0.93,6569.0,1469,35,0.7739863160494715,0.430495012499392,346,EDFSMode.RANDOM
COMPLETED,0.91,766.0,346,96,0.2839163309689611,0.8481114992164074,279,EDFSMode.RANDOM
COMPLETED,0.89,1261.0,2915,11,0.576494132079184,0.2419128210227936,646,EDFSMode.RANDOM
ABANDONED,,,3510,83,0.8887788380160928,0.0859313752278685,746,EDFSMode.RANDOM
COMPLETED,0.92,622.0,1077,24,0.2221054016109555,0.941720770569518,206,EDFSMode.RANDOM
ABANDONED,,,2144,57,0.7120199512485414,0.2746048787068575,476,EDFSMode.RANDOM
COMPLETED,0.91,6358.0,4555,50,0.4276313297264278,0.6351271468512713,787,EDFSMode.RANDOM
COMPLETED,0.92,403.0,4569,58,0.068654111187905,0.0213678921144455,670,EDFSMode.RANDOM
COMPLETED,0.89,6367.0,2138,50,0.789822365099564,0.8810431716702878,141,EDFSMode.RANDOM
COMPLETED,0.91,1464.0,1093,83,0.2680802819188684,0.3396511753574013,548,EDFSMode.RANDOM
ABANDONED,,,3506,24,0.6230295436456799,0.6962889869380742,856,EDFSMode.RANDOM
ABANDONED,,,2929,96,0.935319067902863,0.6027743866555392,980,EDFSMode.RANDOM
COMPLETED,0.89,320.0,340,11,0.2062661998327821,0.4955455047320574,394,EDFSMode.RANDOM
ABANDONED,,,1485,72,0.7278591530267148,0.787437144132331,238,EDFSMode.RANDOM
COMPLETED,0.92,986.0,4052,36,0.3810910998396575,0.1773536487445235,602,EDFSMode.RANDOM
ABANDONED,,,4345,76,0.6786876081377267,0.3829934691619127,182,EDFSMode.RANDOM
COMPLETED,0.91,3675.0,1775,19,0.4643129370789975,0.5213791566006839,772,EDFSMode.RANDOM
ABANDONED,,,10,52,0.9680129315275698,0.1963434222564101,810,EDFSMode.RANDOM
COMPLETED,0.9,257.0,2597,43,0.1374509989358484,0.8376446362454443,450,EDFSMode.RANDOM
COMPLETED,0.91,1213.0,3172,65,0.32513971266523,0.993534294154495,379,EDFSMode.RANDOM
COMPLETED,0.8499999999999999,3987.0,761,30,0.5317977564353495,0.1028240352552384,912,EDFSMode.RANDOM
COMPLETED,0.8599999999999999,213.0,2431,91,0.0282546250801533,0.6773601265121251,614,EDFSMode.RANDOM
COMPLETED,0.91,4372.0,4864,4,0.8662216002494096,0.2893827701583504,310,EDFSMode.RANDOM
ABANDONED,,,4758,94,0.477929524116218,0.7764827496856451,874,EDFSMode.RANDOM
COMPLETED,0.7199999999999999,2405.0,2326,1,0.6300459966864436,0.1351984946224838,513,EDFSMode.RANDOM
COMPLETED,0.93,1108.0,890,68,0.1863952741418033,0.5820529019590466,104,EDFSMode.RANDOM
ABANDONED,,,3302,26,0.9542155069075524,0.44365002508834,694,EDFSMode.RANDOM
COMPLETED,0.9,4657.0,2805,54,0.5181238235794007,0.3501314708832651,565,EDFSMode.RANDOM
COMPLETED,0.8699999999999999,473.0,217,40,0.3739604961071163,0.737943630605936,260,EDFSMode.RANDOM
ABANDONED,,,1593,79,0.8177072876300662,0.0415886284150183,414,EDFSMode.RANDOM
COMPLETED,0.91,247.0,4161,16,0.0417439132854342,0.932464790334925,947,EDFSMode.RANDOM
ABANDONED,,,3830,75,0.7762091371305286,0.6332491451799869,470,EDFSMode.RANDOM
COMPLETED,0.91,239.0,1262,32,0.117292363571003,0.2764724406842142,778,EDFSMode.RANDOM
ABANDONED,,,509,99,0.5740886312257498,0.9435965378191322,734,EDFSMode.RANDOM
COMPLETED,0.92,729.0,3097,8,0.281874343752861,0.0840603965558111,204,EDFSMode.RANDOM
COMPLETED,0.92,985.0,3596,86,0.2199443840384483,0.2399538931343704,274,EDFSMode.RANDOM
ABANDONED,,,1184,21,0.8864940331112592,0.8500808667987584,638,EDFSMode.RANDOM
COMPLETED,0.91,5586.0,1994,60,0.429609667526558,0.4324573645181953,930,EDFSMode.RANDOM
ABANDONED,,,4425,47,0.7143656097538769,0.5396420469041913,344,EDFSMode.RANDOM
ABANDONED,,,4457,84,0.9972890864107756,0.9140461829621344,589,EDFSMode.RANDOM
COMPLETED,0.92,783.0,1890,23,0.1433358521722257,0.0583016396388411,221,EDFSMode.RANDOM
ABANDONED,,,1136,59,0.6650667929872869,0.7254183642975987,404,EDFSMode.RANDOM
ABANDONED,,,3725,49,0.4428945702817291,0.3648495785426348,1000,EDFSMode.RANDOM
COMPLETED,0.88,235.0,2974,71,0.0068354254867881,0.4583377059474587,843,EDFSMode.RANDOM
FAILED,,,561,37,0.8525994764193892,0.5695581219363957,531,EDFSMode.RANDOM
COMPLETED,0.93,2015.0,1371,94,0.3310258745811879,0.1519419921319931,150,EDFSMode.RANDOM
COMPLETED,0.91,1595.0,3802,13,0.5610747441146523,0.7580337155126035,690,EDFSMode.RANDOM
COMPLETED,0.92,784.0,4136,53,0.2622103149127215,0.558243397252634,319,EDFSMode.RANDOM
COMPLETED,0.91,3275.0,1704,42,0.5937687211334705,0.4160489150062203,634,EDFSMode.RANDOM
COMPLETED,0.78,159.0,268,77,0.0900571456141769,0.8629107022546231,899,EDFSMode.RANDOM
FAILED,,,2679,17,0.8034282940197734,0.2254185210149735,362,EDFSMode.RANDOM
ABANDONED,,,3432,89,0.7414656768012791,0.0695554512366652,460,EDFSMode.RANDOM
COMPLETED,0.8599999999999999,2186.0,845,5,0.4024952050037682,0.9563958869893104,831,EDFSMode.RANDOM
ABANDONED,,,2220,64,0.9060571746528148,0.2600335048865526,758,EDFSMode.RANDOM
COMPLETED,0.92,1203.0,4789,31,0.2003956379722803,0.6518809223286807,165,EDFSMode.RANDOM
ABANDONED,,,4967,66,0.5799748674985021,0.1643563357628881,962,EDFSMode.RANDOM
COMPLETED,0.89,557.0,2398,28,0.3111510191336274,0.8016527485754341,426,EDFSMode.RANDOM
ABANDONED,,,632,93,0.7547902498356996,0.4766243941430002,241,EDFSMode.RANDOM
COMPLETED,0.91,397.0,3220,3,0.1036701653841883,0.6190153512060642,556,EDFSMode.RANDOM
ABANDONED,,,2545,81,0.4159880641940981,0.7124994652029127,709,EDFSMode.RANDOM
COMPLETED,0.89,3927.0,133,14,0.6929477931968868,0.3207604915685951,116,EDFSMode.RANDOM
COMPLETED,0.92,712.0,1804,56,0.2492199886813759,0.8952892029136418,495,EDFSMode.RANDOM
ABANDONED,,,4236,38,0.8923796745296567,0.0083400928471237,866,EDFSMode.RANDOM
COMPLETED,0.92,805.0,3941,98,0.1571339608747512,0.301710042912513,326,EDFSMode.RANDOM
ABANDONED,,,1510,10,0.9483441271223128,0.6623526482339948,923,EDFSMode.RANDOM
COMPLETED,0.8599999999999999,4927.0,466,73,0.4915368658155203,0.1209532794449478,652,EDFSMode.RANDOM
COMPLETED,0.92,4807.0,2878,34,0.6514495218675583,0.9766232819408178,284,EDFSMode.RANDOM
ABANDONED,,,3551,62,0.8391099800150841,0.8207641103174537,185,EDFSMode.RANDOM
COMPLETED,0.89,203.0,963,45,0.0553499463051557,0.2144422396458685,725,EDFSMode.RANDOM
ABANDONED,,,2107,88,0.5122537524737417,0.5063412515223025,794,EDFSMode.RANDOM
COMPLETED,0.93,660.0,4675,20,0.3447000156361609,0.3953512282017618,482,EDFSMode.RANDOM
COMPLETED,0.92,3103.0,4644,95,0.5403091091420501,0.6641972014307975,219,EDFSMode.RANDOM
COMPLETED,0.7399999999999999,362.0,2055,12,0.3181674823984503,0.3074225194398313,580,EDFSMode.RANDOM
ABANDONED,,,1010,70,0.8725161724351346,0.975513492843136,988,EDFSMode.RANDOM
COMPLETED,0.93,531.0,3577,38,0.0185935378763824,0.1159755670167505,399,EDFSMode.RANDOM
COMPLETED,0.9,3344.0,2846,60,0.4557529252860695,0.2094911190662533,528,EDFSMode.RANDOM
ABANDONED,,,415,48,0.6858324651382863,0.8196201152354478,833,EDFSMode.RANDOM
COMPLETED,0.92,516.0,1556,84,0.1315777026042342,0.4010294987447559,679,EDFSMode.RANDOM
ABANDONED,,,3969,23,0.9773724275734276,0.5082123965676874,146,EDFSMode.RANDOM
COMPLETED,0.91,1398.0,4262,64,0.2148301413822919,0.8074223887473345,623,EDFSMode.RANDOM
ABANDONED,,,1851,31,0.928170526523143,0.1661361111793667,315,EDFSMode.RANDOM
COMPLETED,0.79,1015.0,81,88,0.3869680805504321,0.6139728609975427,359,EDFSMode.RANDOM
COMPLETED,0.78,4449.0,2514,6,0.7184957272242753,0.4755717686899006,889,EDFSMode.RANDOM
FAILED,,,3247,78,0.781314934713766,0.3196811590138822,820,EDFSMode.RANDOM
COMPLETED,0.9,216.0,678,16,0.0756226496398448,0.7074912962317466,455,EDFSMode.RANDOM
FAILED,,,2348,52,0.6167386632747947,0.0101541895009577,163,EDFSMode.RANDOM
COMPLETED,0.91,1454.0,4935,43,0.2777374468017369,0.901032135983929,749,EDFSMode.RANDOM
FAILED,,,4840,55,0.8795327518824488,0.4134429482351988,437,EDFSMode.RANDOM
COMPLETED,0.78,720.0,2252,39,0.2284428916089236,0.5518304202370345,966,EDFSMode.RANDOM
FAILED,,,817,82,0.7047021394148469,0.2277770283743739,560,EDFSMode.RANDOM
COMPLETED,0.93,1271.0,3386,14,0.4359085189457982,0.8690762198586017,252,EDFSMode.RANDOM
COMPLETED,0.92,961.0,2731,92,0.1244472104068845,0.9625957258306445,127,EDFSMode.RANDOM
COMPLETED,0.79,2268.0,299,3,0.7676372245326638,0.0718872514944523,713,EDFSMode.RANDOM
COMPLETED,0.91,1252.0,1677,67,0.2912305123321711,0.6454412382114678,869,EDFSMode.RANDOM
COMPLETED,0.92,2541.0,4089,27,0.568220573330298,0.2574618593528866,504,EDFSMode.RANDOM
COMPLETED,0.9,1476.0,3756,87,0.3668095715921372,0.0518314989786595,925,EDFSMode.RANDOM
COMPLETED,0.93,1079.0,1344,21,0.5266920443624257,0.9115049939714372,336,EDFSMode.RANDOM
COMPLETED,0.91,302.0,593,63,0.0323914365209639,0.3710798739269375,296,EDFSMode.RANDOM
ABANDONED,,,3025,44,0.8235714232046157,0.7277197080124169,657,EDFSMode.RANDOM
ABANDONED,,,3678,73,0.637011207671836,0.5718252596668899,728,EDFSMode.RANDOM
COMPLETED,0.92,1437.0,1110,34,0.4694273321665823,0.4645945931803435,195,EDFSMode.RANDOM
ABANDONED,,,1921,99,0.9638826616257428,0.7555191183704882,493,EDFSMode.RANDOM
COMPLETED,0.92,346.0,4509,9,0.1800924929659813,0.1454376454874873,798,EDFSMode.RANDOM
COMPLETED,0.91,2374.0,4384,71,0.3928530304506421,0.2702764665372669,130,EDFSMode.RANDOM
ABANDONED,,,1971,36,0.7477720233853906,0.6309210943635551,667,EDFSMode.RANDOM
COMPLETED,0.9,412.0,1221,97,0.1934116333071142,0.0905038301143795,852,EDFSMode.RANDOM
ABANDONED,,,3652,10,0.9145496147088706,0.9461720480471848,537,EDFSMode.RANDOM
ABANDONED,,,3055,82,0.6031166807226837,0.8526829688753932,385,EDFSMode.RANDOM
COMPLETED,0.82,921.0,487,25,0.2563183438722044,0.2463631207086145,978,EDFSMode.RANDOM
ABANDONED,,,1298,58,0.810591825729236,0.5372797901034355,598,EDFSMode.RANDOM
COMPLETED,0.93,769.0,3887,49,0.0815086702778935,0.4262879822198301,226,EDFSMode.RANDOM
ABANDONED,,,4217,90,0.8432554465867578,0.1329276074506342,767,EDFSMode.RANDOM
COMPLETED,0.91,969.0,1630,4,0.0127237121481448,0.7702219977583736,170,EDFSMode.RANDOM
COMPLETED,0.82,2628.0,195,66,0.5539148967843502,0.4461607575360685,441,EDFSMode.RANDOM
COMPLETED,0.8699999999999999,1126.0,2764,29,0.3395704201608896,0.5885534991621971,808,EDFSMode.RANDOM
COMPLETED,0.9,298.0,3359,51,0.1529819490462541,0.7444175207074731,908,EDFSMode.RANDOM
ABANDONED,,,926,44,0.9909790480118243,0.3526765245683491,367,EDFSMode.RANDOM
COMPLETED,0.88,1873.0,2305,76,0.449882266761735,0.926238359645009,300,EDFSMode.RANDOM
ABANDONED,,,4716,18,0.6565704306103289,0.0392910341415554,611,EDFSMode.RANDOM
COMPLETED,0.93,383.0,4885,80,0.061668193694204,0.5263264124859123,518,EDFSMode.RANDOM
ABANDONED,,,2473,15,0.8294578156266361,0.3841337148025631,886,EDFSMode.RANDOM
COMPLETED,0.88,1046.0,704,54,0.3531872172560542,0.8319626162610948,703,EDFSMode.RANDOM
ABANDONED,,,3136,41,0.5052730752751231,0.1944684125166386,107,EDFSMode.RANDOM
ABANDONED,,,2620,69,0.9424650012180208,0.1009833467528224,264,EDFSMode.RANDOM
COMPLETED,0.7399999999999999,104.0,51,26,0.1664709714259952,0.987825567068532,576,EDFSMode.RANDOM
ABANDONED,,,1720,93,0.6428967672977596,0.2904963086973875,957,EDFSMode.RANDOM
COMPLETED,0.88,2231.0,4308,2,0.4987027806602418,0.6823417036347091,417,EDFSMode.RANDOM
ABANDONED,,,4016,61,0.6988308414220809,0.8821262536663562,788,EDFSMode.RANDOM
COMPLETED,0.92,1935.0,1428,46,0.4066473618280142,0.0263799257799983,473,EDFSMode.RANDOM
ABANDONED,,,382,86,0.9009361209142952,0.6944787549786269,208,EDFSMode.RANDOM
COMPLETED,0.89,671.0,2950,22,0.242050151515752,0.3339119917284697,745,EDFSMode.RANDOM
COMPLETED,0.91,1280.0,3469,100,0.3048367015011608,0.4897721151188015,647,EDFSMode.RANDOM
COMPLETED,0.92,760.0,1038,7,0.5896233475077897,0.6009907465446739,276,EDFSMode.RANDOM
COMPLETED,0.83,200.0,2179,74,0.0951866481434553,0.1823922742586582,349,EDFSMode.RANDOM
ABANDONED,,,4591,33,0.7617669972777366,0.7884860201440752,942,EDFSMode.RANDOM
COMPLETED,0.92,1276.0,4584,78,0.2967405404038727,0.2019469883870333,398,EDFSMode.RANDOM
ABANDONED,,,2152,18,0.5655582320261746,0.8393496886603534,991,EDFSMode.RANDOM
COMPLETED,0.91,315.0,1031,53,0.1180239842366427,0.3769017655476927,584,EDFSMode.RANDOM
ABANDONED,,,3442,41,0.7691417190134525,0.5191857287604362,213,EDFSMode.RANDOM
ABANDONED,,,2943,63,0.707301165908575,0.6751678270362317,145,EDFSMode.RANDOM
ABANDONED,,,356,31,0.4303399795126169,0.2832918417137116,682,EDFSMode.RANDOM
ABANDONED,,,1420,89,0.8779687496591358,0.9952403596807272,837,EDFSMode.RANDOM
ABANDONED,,,3990,6,0.2348037993498146,0.108428491808474,522,EDFSMode.RANDOM
ABANDONED,,,4319,59,0.9651801542267204,0.3413571219127625,894,EDFSMode.RANDOM
ABANDONED,,,1752,48,0.173967638304457,0.7018935624621808,353,EDFSMode.RANDOM
ABANDONED,,,63,85,0.6346786610577255,0.0191754736676812,314,EDFSMode.RANDOM
ABANDONED,,,897,61,0.7968417217731476,0.0027809167932718,725,EDFSMode.RANDOM
COMPLETED,0.92,368.0,3550,15,0.0688671945240348,0.6063346541021019,495,EDFSMode.RANDOM
ABANDONED,,,4858,84,0.6861860028821976,0.4119261839538812,240,EDFSMode.RANDOM
COMPLETED,0.89,4939.0,1893,42,0.447587349332869,0.9457948750667274,909,EDFSMode.RANDOM
COMPLETED,0.91,441.0,1451,93,0.1361401899624616,0.8092946826051921,851,EDFSMode.RANDOM
ABANDONED,,,4109,33,0.9986068049892785,0.3300036294553428,172,EDFSMode.RANDOM
COMPLETED,0.92,824.0,3114,64,0.2555682092942297,0.6492685506492853,335,EDFSMode.RANDOM
COMPLETED,0.7399999999999999,4382.0,141,12,0.6091670177932828,0.24063715307042,560,EDFSMode.RANDOM
COMPLETED,0.88,787.0,545,76,0.3417084856498986,0.2900165419299155,459,EDFSMode.RANDOM
COMPLETED,0.8699999999999999,4356.0,2569,50,0.5396096152588725,0.8160279171224682,690,EDFSMode.RANDOM
COMPLETED,0.91,1384.0,4035,55,0.2057279356457293,0.1383960068710148,945,EDFSMode.RANDOM
ABANDONED,,,1696,21,0.9124970985706896,0.7184977264925836,274,EDFSMode.RANDOM
ABANDONED,,,2423,72,0.7258037072308362,0.5195006446558981,110,EDFSMode.RANDOM
COMPLETED,0.91,758.0,4461,4,0.3933949994649738,0.1187265555616468,787,EDFSMode.RANDOM
ABANDONED,,,3308,99,0.8510643869061023,0.9214587104804812,622,EDFSMode.RANDOM
COMPLETED,0.92,437.0,958,27,0.0292800712659955,0.4656196675822139,400,EDFSMode.RANDOM
ABANDONED,,,1179,96,0.5184940860252826,0.6855785050839185,937,EDFSMode.RANDOM
COMPLETED,0.93,860.0,3204,30,0.351647177439183,0.2062803136818111,255,EDFSMode.RANDOM
ABANDONED,,,4552,75,0.9028933079242704,0.7749453681241721,535,EDFSMode.RANDOM
COMPLETED,0.57,1471.0,2215,1,0.2274222600255161,0.3663058805260807,756,EDFSMode.RANDOM
COMPLETED,0.92,5772.0,1788,52,0.4149798092991113,0.3780528421849012,582,EDFSMode.RANDOM
COMPLETED,0.93,4851.0,3825,24,0.716311334664002,0.9816137177459896,356,EDFSMode.RANDOM
COMPLETED,0.92,597.0,2791,79,0.0393510010372847,0.0385920561086386,210,EDFSMode.RANDOM
ABANDONED,,,440,47,0.829814716156572,0.5724688372407108,883,EDFSMode.RANDOM
COMPLETED,0.8599999999999999,313.0,204,67,0.1257473603338003,0.8968555789776145,305,EDFSMode.RANDOM
COMPLETED,0.8399999999999999,6699.0,2856,9,0.7600335907582194,0.4960743516311049,985,EDFSMode.RANDOM
FAILED,,,4361,90,0.4847912815641611,0.5499628536123782,705,EDFSMode.RANDOM
FAILED,,,1395,36,0.6299455415867268,0.0941157206948846,486,EDFSMode.RANDOM
FAILED,,,2143,88,0.9422493377011268,0.1683595791645348,432,EDFSMode.RANDOM
COMPLETED,0.92,377.0,4803,39,0.17346303172037,0.6943780926093459,660,EDFSMode.RANDOM
FAILED,,,3611,58,0.5724836426079272,0.2658892046827822,807,EDFSMode.RANDOM
COMPLETED,0.93,841.0,640,18,0.3123217324707657,0.8459990143235772,132,EDFSMode.RANDOM
COMPLETED,0.9,2012.0,773,83,0.2016026625204831,0.5859552171658723,570,EDFSMode.RANDOM
ABANDONED,,,3747,43,0.929702743075788,0.0526271185372024,341,EDFSMode.RANDOM
COMPLETED,0.92,1991.0,4744,62,0.3151222314871847,0.9953593054562808,169,EDFSMode.RANDOM
COMPLETED,0.7099999999999999,2039.0,2081,13,0.5540901074167341,0.3913715512566268,839,EDFSMode.RANDOM
ABANDONED,,,1257,65,0.8663853543587028,0.3486623423527926,893,EDFSMode.RANDOM
COMPLETED,0.92,740.0,4220,11,0.003800657024607,0.7577277345154433,214,EDFSMode.RANDOM
ABANDONED,,,2911,92,0.7421461530048399,0.1888950315266847,519,EDFSMode.RANDOM
COMPLETED,0.79,1002.0,261,34,0.3881856098547578,0.6676454698853194,743,EDFSMode.RANDOM
ABANDONED,,,346,54,0.6567396294958889,0.8600336752254515,389,EDFSMode.RANDOM
COMPLETED,0.88,2221.0,2694,22,0.4589565747585147,0.2793761051055043,620,EDFSMode.RANDOM
FAILED,,,3846,77,0.7955840463060885,0.7076972329504788,790,EDFSMode.RANDOM
COMPLETED,0.91,2164.0,1812,49,0.0891766105964779,0.1821046166345477,119,EDFSMode.RANDOM
COMPLETED,0.88,904.0,2314,100,0.2767255846727639,0.0768986373264342,293,EDFSMode.RANDOM
ABANDONED,,,4653,26,0.609008714966476,0.5323188841696828,969,EDFSMode.RANDOM
COMPLETED,0.9,349.0,3188,71,0.146653722975403,0.4781407959349453,665,EDFSMode.RANDOM
COMPLETED,0.9,5952.0,1161,5,0.9680688087996095,0.8794706983491777,442,EDFSMode.RANDOM
COMPLETED,0.8699999999999999,6239.0,1059,74,0.4841579800993204,0.2266670189946889,866,EDFSMode.RANDOM
COMPLETED,0.91,2038.0,3407,2,0.6506356663051993,0.6357252729050815,184,EDFSMode.RANDOM
COMPLETED,0.93,747.0,4443,97,0.0947020203005522,0.3167494323384016,380,EDFSMode.RANDOM
ABANDONED,,,2407,29,0.7700474981628357,0.7954917806778103,601,EDFSMode.RANDOM
FAILED,,,1600,80,0.5833474277239293,0.9629479967206716,765,EDFSMode.RANDOM
COMPLETED,0.92,1001.0,3940,45,0.2823776370100676,0.4296270363442599,539,EDFSMode.RANDOM
FAILED,,,2592,51,0.9620818516016006,0.6242027609478681,252,EDFSMode.RANDOM
COMPLETED,0.8399999999999999,152.0,566,25,0.1717362187895923,0.0202230967674404,925,EDFSMode.RANDOM
FAILED,,,1,89,0.8769009582083672,0.4520758693404495,150,EDFSMode.RANDOM
COMPLETED,0.89,1084.0,2976,38,0.2422530005685984,0.9074889779314398,830,EDFSMode.RANDOM
ABANDONED,,,4167,68,0.5128002990782261,0.1049242038745433,635,EDFSMode.RANDOM
COMPLETED,0.93,683.0,1505,8,0.3675279641840606,0.5062460162695496,416,EDFSMode.RANDOM
COMPLETED,0.69,143.0,2029,59,0.0560741517394781,0.7361990101523697,475,EDFSMode.RANDOM
ABANDONED,,,4991,17,0.8252296875361353,0.1555485782846808,703,EDFSMode.RANDOM
ABANDONED,,,3488,86,0.4289454624485224,0.8334696955699473,990,EDFSMode.RANDOM
ABANDONED,,,837,40,0.6892329500578342,0.3078851692732423,315,EDFSMode.RANDOM
COMPLETED,0.92,2692.0,799,92,0.4048813628666103,0.9202711200099438,347,EDFSMode.RANDOM
ABANDONED,,,3453,34,0.729363812951371,0.4414673864189535,577,EDFSMode.RANDOM
COMPLETED,0.91,361.0,4956,66,0.0185322083923965,0.5110030358731746,832,EDFSMode.RANDOM
ABANDONED,,,1991,10,0.847740360289812,0.1018843484781682,162,EDFSMode.RANDOM
COMPLETED,0.92,3411.0,1548,62,0.5354413323048502,0.1449439024310558,222,EDFSMode.RANDOM
COMPLETED,0.91,677.0,4207,14,0.329857593640685,0.7489849592987446,900,EDFSMode.RANDOM
ABANDONED,,,3016,82,0.9169166071079672,0.3048491209447383,736,EDFSMode.RANDOM
COMPLETED,0.7099999999999999,722.0,44,44,0.2183022411894053,0.8382305222414433,511,EDFSMode.RANDOM
ABANDONED,,,603,70,0.9867026196066288,0.63096438674815,613,EDFSMode.RANDOM
COMPLETED,0.9,336.0,2628,7,0.13190337421,0.2297030078377574,382,EDFSMode.RANDOM
ABANDONED,,,3976,99,0.6218098524175584,0.7827058910168707,126,EDFSMode.RANDOM
COMPLETED,0.91,1489.0,1638,27,0.2600410149227827,0.3273541676774621,798,EDFSMode.RANDOM
COMPLETED,0.79,187.0,2364,79,0.0724958293251693,0.4326668322551995,963,EDFSMode.RANDOM
ABANDONED,,,4402,48,0.8083813655357807,0.9581909176316112,286,EDFSMode.RANDOM
COMPLETED,0.92,3433.0,3366,55,0.4442100293431431,0.0308316391743719,449,EDFSMode.RANDOM
ABANDONED,,,1017,21,0.6753696072101592,0.6114206783547997,672,EDFSMode.RANDOM
COMPLETED,0.93,842.0,1120,52,0.1842784719076007,0.2665899180173874,191,EDFSMode.RANDOM
ABANDONED,,,3146,24,0.9456257096417248,0.8706381131373346,873,EDFSMode.RANDOM
COMPLETED,0.91,2109.0,4610,81,0.3007830200269818,0.1773440279047936,594,EDFSMode.RANDOM
COMPLETED,0.8699999999999999,2474.0,2273,44,0.5688559632916003,0.7107335192207246,373,EDFSMode.RANDOM
ABANDONED,,,1847,96,0.7555598296448587,0.5429271291494369,546,EDFSMode.RANDOM
COMPLETED,0.91,366.0,3884,30,0.1131035776603966,0.0641162573061883,772,EDFSMode.RANDOM
FAILED,,,2732,73,0.6341833053883164,0.8825107916872948,918,EDFSMode.RANDOM
FAILED,,,382,3,0.4966964224316179,0.4733840142730623,245,EDFSMode.RANDOM
ABANDONED,,,301,85,0.7037360736355185,0.0573839596845209,823,EDFSMode.RANDOM
COMPLETED,0.92,2019.0,2954,40,0.4105593527127057,0.5829151833131909,143,EDFSMode.RANDOM
FAILED,,,4263,59,0.8416665562149137,0.4041538717914372,423,EDFSMode.RANDOM
COMPLETED,0.91,353.0,1297,17,0.0435202394761145,0.9847510009910913,642,EDFSMode.RANDOM
COMPLETED,0.6999999999999998,1525.0,2046,69,0.3549702485706657,0.7546915077306329,695,EDFSMode.RANDOM
COMPLETED,0.92,948.0,4706,7,0.5292410008497536,0.3534229905679822,467,EDFSMode.RANDOM
COMPLETED,0.93,1300.0,3709,89,0.2238631023541092,0.6570409724880009,322,EDFSMode.RANDOM
ABANDONED,,,738,37,0.8914079000074416,0.2016811591293662,997,EDFSMode.RANDOM
COMPLETED,0.89,5245.0,675,64,0.596609551275149,0.4910850414019077,502,EDFSMode.RANDOM
COMPLETED,0.91,1071.0,3649,12,0.27200913785398,0.8996631437484174,732,EDFSMode.RANDOM
FAILED,,,4841,94,0.9802166651152074,0.0815582551062107,902,EDFSMode.RANDOM
COMPLETED,0.88,269.0,2179,32,0.1506468975376337,0.5607960130237042,232,EDFSMode.RANDOM
COMPLETED,0.92,2321.0,1354,84,0.4620902312509715,0.6971894644480198,179,EDFSMode.RANDOM
ABANDONED,,,4318,42,0.6677996589224786,0.1633740760032087,858,EDFSMode.RANDOM
COMPLETED,0.91,332.0,2813,61,0.0853043122980743,0.8568359808027745,553,EDFSMode.RANDOM
COMPLETED,0.8499999999999999,2400.0,164,16,0.784288019567728,0.2533355461619794,329,EDFSMode.RANDOM
COMPLETED,0.8499999999999999,324.0,405,98,0.0147921610884368,0.2188340316880494,684,EDFSMode.RANDOM
ABANDONED,,,2753,28,0.8694657100420445,0.6747415980901568,452,EDFSMode.RANDOM
COMPLETED,0.92,1190.0,3788,71,0.3769428876433521,0.3712913242019713,281,EDFSMode.RANDOM
COMPLETED,0.89,5544.0,1753,5,0.7383423763513564,0.7721339368000627,952,EDFSMode.RANDOM
ABANDONED,,,2255,57,0.925039600783959,0.9707806178200988,779,EDFSMode.RANDOM
COMPLETED,0.91,2500.0,4594,20,0.1892720204740762,0.3906103672590106,103,EDFSMode.RANDOM
COMPLETED,0.92,4581.0,3247,77,0.558014756616205,0.5696612129844724,407,EDFSMode.RANDOM
COMPLETED,0.9,1479.0,1219,49,0.3272167869936674,0.0435813068524003,630,EDFSMode.RANDOM
ABANDONED,,,1001,80,0.813134176544845,0.8210131823420524,261,EDFSMode.RANDOM
COMPLETED,0.89,243.0,3348,46,0.0521485544908791,0.2872049321494996,943,EDFSMode.RANDOM
ABANDONED,,,4501,53,0.7015645401533693,0.7310516229551285,749,EDFSMode.RANDOM
COMPLETED,0.8699999999999999,2330.0,2465,22,0.4336095602251589,0.1275592783335596,528,EDFSMode.RANDOM
COMPLETED,0.93,1145.0,1659,74,0.2460558217372745,0.115918752849102,363,EDFSMode.RANDOM
COMPLETED,0.89,4393.0,3999,2,0.8881427323706447,0.5244897169433534,589,EDFSMode.RANDOM
COMPLETED,0.8399999999999999,2707.0,2534,94,0.3644485565498471,0.4547867461126297,876,EDFSMode.RANDOM
COMPLETED,0.92,1169.0,507,31,0.5018097504992038,0.9340164140108972,203,EDFSMode.RANDOM
COMPLETED,0.7099999999999999,1432.0,99,57,0.2936727082636207,0.5937768910862505,978,EDFSMode.RANDOM
COMPLETED,0.93,2646.0,3074,19,0.5872187779732048,0.0136137787774205,298,EDFSMode.RANDOM
COMPLETED,0.93,839.0,4069,87,0.1606771374121308,0.9408058622647076,494,EDFSMode.RANDOM
ABANDONED,,,1408,39,0.9589491505939512,0.4147340461518615,713,EDFSMode.RANDOM
ABANDONED,,,1931,91,0.6466415362581611,0.3408402985073625,653,EDFSMode.RANDOM
COMPLETED,0.93,2497.0,4893,35,0.4720091757345944,0.7967407266572117,425,EDFSMode.RANDOM
ABANDONED,,,3586,67,0.7747648930307478,0.2434488223362714,139,EDFSMode.RANDOM
COMPLETED,0.9,245.0,935,9,0.1071021394766867,0.6442833449151367,814,EDFSMode.RANDOM
FAILED,,,909,78,0.6389752884861081,0.1365710169468075,157,EDFSMode.RANDOM
FAILED,,,3572,48,0.4957707546986639,0.7259391546379775,837,EDFSMode.RANDOM
ABANDONED,,,4919,54,0.750485558412969,0.2967031426541507,572,EDFSMode.RANDOM
COMPLETED,0.92,572.0,1945,22,0.1142506204415112,0.8154125765413046,353,EDFSMode.RANDOM
COMPLETED,0.92,1260.0,1434,70,0.3017986594811081,0.9284156743679196,510,EDFSMode.RANDOM
COMPLETED,0.91,1573.0,4083,6,0.5639092883188276,0.4642848525177687,737,EDFSMode.RANDOM
COMPLETED,0.88,377.0,3048,100,0.1834688602592796,0.5193773527257143,898,EDFSMode.RANDOM
FAILED,,,85,26,0.9503054437227548,0.1249306253045797,223,EDFSMode.RANDOM
COMPLETED,0.8399999999999999,2364.0,484,63,0.2228381831720471,0.4086393394526094,803,EDFSMode.RANDOM
FAILED,,,2518,13,0.896359571756795,0.9507998392600566,121,EDFSMode.RANDOM
COMPLETED,0.92,2232.0,4022,83,0.355774863442406,0.0070309345945715,387,EDFSMode.RANDOM
COMPLETED,0.91,4293.0,1675,43,0.5245705464966594,0.6042573399730026,608,EDFSMode.RANDOM
ABANDONED,,,2489,91,0.8368648175057024,0.654763659959659,673,EDFSMode.RANDOM
COMPLETED,0.93,502.0,4517,35,0.044452331636101,0.2368658740539103,447,EDFSMode.RANDOM
ABANDONED,,,3325,65,0.7088039204403757,0.8067348077520728,288,EDFSMode.RANDOM
COMPLETED,0.8699999999999999,3128.0,985,11,0.4094220655430108,0.3347457256503403,961,EDFSMode.RANDOM
ABANDONED,,,1235,68,0.9180557680688798,0.5512901735119521,368,EDFSMode.RANDOM
COMPLETED,0.91,728.0,3270,8,0.2132363276612013,0.0871664899140596,599,EDFSMode.RANDOM
FAILED,,,4578,88,0.5345073068682104,0.8906437761280686,868,EDFSMode.RANDOM
COMPLETED,0.89,429.0,2232,38,0.3346574585586786,0.4962051387261599,197,EDFSMode.RANDOM
COMPLETED,0.93,691.0,1737,86,0.0232045960221439,0.2584555096440017,244,EDFSMode.RANDOM
FAILED,,,3764,40,0.8469376192092894,0.8478165090829133,920,EDFSMode.RANDOM
COMPLETED,0.89,2004.0,2769,60,0.3999278173260391,0.1689824149105697,770,EDFSMode.RANDOM
ABANDONED,,,428,16,0.7303867988567799,0.6876837587784975,547,EDFSMode.RANDOM
COMPLETED,0.78,6665.0,177,97,0.439532169053331,0.7787091519758104,647,EDFSMode.RANDOM
COMPLETED,0.91,5953.0,2839,29,0.6761811521351337,0.3608185043223202,418,EDFSMode.RANDOM
COMPLETED,0.92,1626.0,4305,73,0.0774405710212886,0.6808286757823079,148,EDFSMode.RANDOM
COMPLETED,0.8499999999999999,6476.0,1329,3,0.8073638522904366,0.2088476836998015,818,EDFSMode.RANDOM
ABANDONED,,,2165,51,0.6206647429130971,0.0335948250219225,999,EDFSMode.RANDOM
COMPLETED,0.92,821.0,4816,25,0.2651171599458903,0.5757481865771114,320,EDFSMode.RANDOM
ABANDONED,,,3663,81,0.9876264135483652,0.3801376514788716,469,EDFSMode.RANDOM
COMPLETED,0.88,239.0,701,45,0.127109457835555,0.9773559668380766,694,EDFSMode.RANDOM
COMPLETED,0.92,985.0,722,56,0.3634312217608094,0.7056135408673435,227,EDFSMode.RANDOM
COMPLETED,0.9,2915.0,3686,20,0.5067538378555327,0.1863635144960135,907,EDFSMode.RANDOM
COMPLETED,0.91,1316.0,4722,76,0.2468680210020393,0.8650297593586147,727,EDFSMode.RANDOM
ABANDONED,,,2069,50,0.8834646936245262,0.2760956385582685,508,EDFSMode.RANDOM
ABANDONED,,,1313,98,0.6967703263517468,0.4828898389134556,327,EDFSMode.RANDOM
COMPLETED,0.92,3336.0,4286,28,0.4345341274775564,0.8769025717508047,555,EDFSMode.RANDOM
ABANDONED,,,2938,72,0.8182095482572913,0.0731356100551784,856,EDFSMode.RANDOM
COMPLETED,0.9,454.0,279,4,0.0510037424135953,0.5378070466965436,181,EDFSMode.RANDOM
ABANDONED,,,368,85,0.7795645794924349,0.99473746795021,958,EDFSMode.RANDOM
COMPLETED,0.91,375.0,2707,41,0.1061687683798372,0.3980669130701571,276,EDFSMode.RANDOM
ABANDONED,,,3898,61,0.6415749683901668,0.593387884221971,458,EDFSMode.RANDOM
COMPLETED,0.91,2086.0,1872,15,0.4731485151518136,0.0508086255379021,678,EDFSMode.RANDOM
COMPLETED,0.81,212.0,2287,63,0.1617004207447171,0.1951059290822595,631,EDFSMode.RANDOM
ABANDONED,,,4636,13,0.9539948317427188,0.6675138072390108,405,EDFSMode.RANDOM
COMPLETED,0.92,1970.0,3132,93,0.2928707404937594,0.3473358980044722,104,EDFSMode.RANDOM
COMPLETED,0.9,5344.0,1095,33,0.5918908681757749,0.7646778705902397,778,EDFSMode.RANDOM
COMPLETED,0.91,459.0,1042,90,0.0806341553721576,0.107485073249787,523,EDFSMode.RANDOM
ABANDONED,,,3380,36,0.785091861128807,0.5015049443393945,754,EDFSMode.RANDOM
COMPLETED,0.91,6252.0,4377,66,0.4670426763109862,0.4465797357652336,938,EDFSMode.RANDOM
COMPLETED,0.91,2305.0,2350,10,0.666774442313239,0.911259262425825,267,EDFSMode.RANDOM
ABANDONED,,,1612,58,0.979079199489206,0.8292187687568366,201,EDFSMode.RANDOM
COMPLETED,0.9,346.0,3962,18,0.1557153986822813,0.3099616041332483,878,EDFSMode.RANDOM
ABANDONED,,,2653,88,0.5975409890953451,0.7394867339227348,587,EDFSMode.RANDOM
COMPLETED,0.9,465.0,617,38,0.2672075776010751,0.1505445231031626,365,EDFSMode.RANDOM
COMPLETED,0.7299999999999999,7174.0,67,75,0.5591615019701421,0.3168738377615809,718,EDFSMode.RANDOM
COMPLETED,0.8399999999999999,1167.0,3032,1,0.322143289072439,0.7892888541705906,488,EDFSMode.RANDOM
ABANDONED,,,4184,95,0.9241131597403436,0.2197089118715375,303,EDFSMode.RANDOM
COMPLETED,0.9,234.0,1532,31,0.1940643009990453,0.6370589744765311,973,EDFSMode.RANDOM
COMPLETED,0.91,2967.0,1968,79,0.3816228001806885,0.6175153701826929,815,EDFSMode.RANDOM
ABANDONED,,,4940,47,0.737532110363245,0.0208376770503818,137,EDFSMode.RANDOM
COMPLETED,0.92,417.0,3476,53,0.0098461404554545,0.9647737469431013,427,EDFSMode.RANDOM
FAILED,,,815,23,0.8704811710398644,0.4221863982398063,652,EDFSMode.RANDOM
COMPLETED,0.8599999999999999,233.0,850,71,0.032602393252775,0.7864809938315303,915,EDFSMode.RANDOM
COMPLETED,0.91,4471.0,3514,5,0.832697484459728,0.3218628524225204,235,EDFSMode.RANDOM
COMPLETED,0.93,5317.0,4978,98,0.4219954174607992,0.6262261106334626,500,EDFSMode.RANDOM
ABANDONED,,,2003,28,0.7132224790696055,0.232266673028469,720,EDFSMode.RANDOM
ABANDONED,,,1492,76,0.8999206273853779,0.0258228846434503,562,EDFSMode.RANDOM
COMPLETED,0.92,1159.0,4141,50,0.2343255001995712,0.6147037027757614,334,EDFSMode.RANDOM
COMPLETED,0.93,1724.0,2990,56,0.5212455699723214,0.4347403523288667,174,EDFSMode.RANDOM
COMPLETED,0.65,420.0,27,20,0.3450260469429194,0.9539370760321616,849,EDFSMode.RANDOM
COMPLETED,0.92,2600.0,581,94,0.5754498987197875,0.5123416747357696,269,EDFSMode.RANDOM
COMPLETED,0.8299999999999998,618.0,2616,32,0.3054282479081302,0.0949311786461621,951,EDFSMode.RANDOM
ABANDONED,,,3925,64,0.9394880981426686,0.914070870347321,685,EDFSMode.RANDOM
COMPLETED,0.92,402.0,1577,12,0.180090586643666,0.4415944686867296,464,EDFSMode.RANDOM
COMPLETED,0.89,3031.0,2391,60,0.49153489257209,0.2974039024617523,398,EDFSMode.RANDOM
COMPLETED,0.91,6803.0,4419,16,0.6270720530115068,0.8400516920853405,624,EDFSMode.RANDOM
COMPLETED,0.91,355.0,3423,84,0.1187224724441766,0.1455554489567875,785,EDFSMode.RANDOM
COMPLETED,0.93,6337.0,1083,43,0.7631274431291967,0.7422945347763596,112,EDFSMode.RANDOM
COMPLETED,0.9,1978.0,1137,86,0.252472423646599,0.4008783425353467,761,EDFSMode.RANDOM
ABANDONED,,,3173,39,0.6161900318916887,0.9897520224153996,529,EDFSMode.RANDOM
COMPLETED,0.93,856.0,4676,57,0.1390155523288995,0.0616455343905836,260,EDFSMode.RANDOM
ABANDONED,,,2329,19,0.9918651272580028,0.5808341680746526,931,EDFSMode.RANDOM
ABANDONED,,,1835,67,0.6795565741676836,0.6625245546363294,885,EDFSMode.RANDOM
COMPLETED,0.92,1403.0,3862,8,0.450346655614674,0.197913551479578,209,EDFSMode.RANDOM
ABANDONED,,,2671,91,0.8037371228821575,0.7521203473750501,357,EDFSMode.RANDOM
COMPLETED,0.8499999999999999,168.0,330,35,0.0659028122033923,0.3581689997892826,580,EDFSMode.RANDOM
ABANDONED,,,236,53,0.8576835841257126,0.1755303532257676,481,EDFSMode.RANDOM
COMPLETED,0.89,185.0,2898,23,0.026526713527739,0.7181710045970975,711,EDFSMode.RANDOM
ABANDONED,,,4246,80,0.7189023408479988,0.2732880756463855,980,EDFSMode.RANDOM
COMPLETED,0.93,1008.0,1270,46,0.3963696132805198,0.8700190714467317,310,EDFSMode.RANDOM
COMPLETED,0.88,967.0,2107,95,0.208814917448908,0.8894562284126877,130,EDFSMode.RANDOM
ABANDONED,,,4757,31,0.9054795571323484,0.4720528705753386,808,EDFSMode.RANDOM
COMPLETED,0.91,1110.0,3721,74,0.338827650623396,0.5427925517167896,658,EDFSMode.RANDOM
COMPLETED,0.8599999999999999,1203.0,760,1,0.5463600968345999,0.0703242400754243,434,EDFSMode.RANDOM
ABANDONED,,,663,100,0.9650558110773564,0.3714268106464296,844,EDFSMode.RANDOM
COMPLETED,0.92,1027.0,3627,27,0.1648350308630615,0.76592683329992,164,EDFSMode.RANDOM
COMPLETED,0.93,3018.0,4780,70,0.5805938915293662,0.2118877156935632,346,EDFSMode.RANDOM
COMPLETED,0.76,620.0,2127,6,0.2889974885694682,0.6760718327760696,565,EDFSMode.RANDOM
COMPLETED,0.91,317.0,1372,55,0.101453275186941,0.5629620608333498,745,EDFSMode.RANDOM
COMPLETED,0.93,6565.0,4345,21,0.7671663657091558,0.0441993242781609,517,EDFSMode.RANDOM
COMPLETED,0.93,2011.0,2879,78,0.4771407360881567,0.9725953167639672,216,EDFSMode.RANDOM
ABANDONED,,,220,48,0.6537218747977167,0.3831738764047622,891,EDFSMode.RANDOM
ABANDONED,,,466,66,0.4222044390570372,0.0841302055027335,114,EDFSMode.RANDOM
COMPLETED,0.8499999999999999,7056.0,2804,10,0.6921081339679658,0.5560507641006261,796,EDFSMode.RANDOM
COMPLETED,0.92,396.0,3800,93,0.0630973442941904,0.485600698955357,615,EDFSMode.RANDOM
ABANDONED,,,1775,34,0.8221332475487143,0.9034299613572656,394,EDFSMode.RANDOM
COMPLETED,0.8299999999999998,4181.0,2189,82,0.5098351434469222,0.8525732926037162,440,EDFSMode.RANDOM
COMPLETED,0.92,836.0,4538,44,0.3744236794505268,0.2554154181648045,666,EDFSMode.RANDOM
ABANDONED,,,3230,62,0.8796599670629948,0.7004661369398236,968,EDFSMode.RANDOM
COMPLETED,0.93,483.0,1192,15,0.235624345164746,0.1583741680718958,294,EDFSMode.RANDOM
ABANDONED,,,945,58,0.7487729346174746,0.9401951020620763,606,EDFSMode.RANDOM
COMPLETED,0.92,474.0,3282,17,0.3854246677234768,0.4214252272546291,375,EDFSMode.RANDOM
FAILED,,,4474,85,0.85949157236889,0.601221352988854,189,EDFSMode.RANDOM
COMPLETED,0.82,152.0,2448,41,0.0067676864471286,0.0117918226104229,861,EDFSMode.RANDOM
COMPLETED,0.91,2692.0,1710,89,0.3182167381979524,0.2496479547880589,927,EDFSMode.RANDOM
COMPLETED,0.93,1895.0,4060,37,0.547065041070804,0.6441551156938075,251,EDFSMode.RANDOM
COMPLETED,0.9,303.0,2556,69,0.1987293524015694,0.3395028065983206,541,EDFSMode.RANDOM
ABANDONED,,,519,7,0.9364456997439264,0.8036950137000531,763,EDFSMode.RANDOM
COMPLETED,0.81,297.0,125,81,0.1435656406916678,0.7289790081754327,411,EDFSMode.RANDOM
ABANDONED,,,3091,45,0.97508411953412,0.1318139954842627,640,EDFSMode.RANDOM
COMPLETED,0.92,1708.0,4125,51,0.2796086504030972,0.8260210613217204,825,EDFSMode.RANDOM
COMPLETED,0.92,5062.0,1474,24,0.602259333871305,0.2839210024345666,155,EDFSMode.RANDOM
ABANDONED,,,1909,73,0.7889622614700346,0.4595240239873528,313,EDFSMode.RANDOM
COMPLETED,0.81,957.0,4881,3,0.091928272999823,0.9314517208375036,991,EDFSMode.RANDOM
ABANDONED,,,3534,96,0.6636426912136376,0.1121446780171245,701,EDFSMode.RANDOM
COMPLETED,0.9,1627.0,874,29,0.4559845485594123,0.5299820304382591,476,EDFSMode.RANDOM
COMPLETED,0.93,661.0,861,96,0.1672798618134111,0.3850773926805705,226,EDFSMode.RANDOM
ABANDONED,,,3523,30,0.9674966379143296,0.9744988181684165,896,EDFSMode.RANDOM
COMPLETED,0.91,1512.0,4871,73,0.286587006740272,0.0462247169166803,739,EDFSMode.RANDOM
COMPLETED,0.93,1150.0,1895,3,0.578179628657177,0.5649874386005103,509,EDFSMode.RANDOM
ABANDONED,,,1482,52,0.7657277271822094,0.6779753490518778,350,EDFSMode.RANDOM
COMPLETED,0.92,384.0,4132,25,0.1000106771606951,0.2137912170980125,575,EDFSMode.RANDOM
ABANDONED,,,3096,81,0.6551948029603809,0.7679522259384393,836,EDFSMode.RANDOM
COMPLETED,0.88,1152.0,135,45,0.4786099575646221,0.3734521884135901,158,EDFSMode.RANDOM
ABANDONED,,,513,69,0.694533639587462,0.1601557912547141,960,EDFSMode.RANDOM
COMPLETED,0.91,952.0,2548,7,0.4246336587984114,0.702247745251283,288,EDFSMode.RANDOM
ABANDONED,,,4051,90,0.8196734448578208,0.2575627038963139,445,EDFSMode.RANDOM
COMPLETED,0.92,270.0,1705,37,0.0606415085382759,0.8547205634638667,676,EDFSMode.RANDOM
COMPLETED,0.8499999999999999,1696.0,2460,85,0.3729357200618833,0.905211584540084,609,EDFSMode.RANDOM
COMPLETED,0.92,2751.0,4487,41,0.5083509725369512,0.4873823072668164,386,EDFSMode.RANDOM
COMPLETED,0.92,1361.0,3296,59,0.2370779479965567,0.5581980498321353,123,EDFSMode.RANDOM
ABANDONED,,,955,18,0.881117581443861,0.086277476362884,800,EDFSMode.RANDOM
COMPLETED,0.91,1378.0,1207,62,0.3839852819107472,0.8018218498677016,549,EDFSMode.RANDOM
FAILED,,,3240,14,0.7473372703623026,0.3376296278946101,769,EDFSMode.RANDOM
COMPLETED,0.91,382.0,4549,82,0.0082336957100778,0.6421603134404867,923,EDFSMode.RANDOM
ABANDONED,,,2202,44,0.86096152625978,0.2476531376633793,241,EDFSMode.RANDOM
ABANDONED,,,1766,92,0.5495086042378097,0.0099186587780714,196,EDFSMode.RANDOM
COMPLETED,0.91,842.0,3794,33,0.3206640675365924,0.5993481742851436,869,EDFSMode.RANDOM
ABANDONED,,,2798,66,0.9340287005417048,0.4194304250013083,597,EDFSMode.RANDOM
COMPLETED,0.9,148.0,458,10,0.1963163721840828,0.9382002849373966,370,EDFSMode.RANDOM
ABANDONED,,,225,78,0.9736026849541812,0.5282307596988975,691,EDFSMode.RANDOM
COMPLETED,0.91,421.0,2888,48,0.1420801796913147,0.110393392406404,472,EDFSMode.RANDOM
ABANDONED,,,4353,54,0.6037142119221389,0.9293350254911928,319,EDFSMode.RANDOM
COMPLETED,0.88,1330.0,1378,21,0.2810597548466176,0.4574073137696832,999,EDFSMode.RANDOM
COMPLETED,0.75,133.0,2117,70,0.0943607049547135,0.2821697316952049,820,EDFSMode.RANDOM
COMPLETED,0.92,2028.0,4766,6,0.791390741361305,0.824269775711,145,EDFSMode.RANDOM
COMPLETED,0.93,6846.0,3615,99,0.4535255005899817,0.1296973001379519,419,EDFSMode.RANDOM
ABANDONED,,,652,26,0.6611799142509698,0.726862297957763,647,EDFSMode.RANDOM
ABANDONED,,,750,75,0.835126707918942,0.9560843041371552,184,EDFSMode.RANDOM
COMPLETED,0.6099999999999999,610.0,3716,1,0.0350278951544314,0.4368875655625015,854,EDFSMode.RANDOM
ABANDONED,,,4750,95,0.7107666321601718,0.6164853835850954,555,EDFSMode.RANDOM
COMPLETED,0.8399999999999999,1469.0,2099,31,0.4195356259234249,0.0276045505814254,326,EDFSMode.RANDOM
COMPLETED,0.92,1105.0,1284,80,0.2328413181360811,0.2344139011334627,505,EDFSMode.RANDOM
ABANDONED,,,4256,47,0.8984326791502534,0.6283733238670975,729,EDFSMode.RANDOM
COMPLETED,0.8699999999999999,1045.0,2909,53,0.3464836650416254,0.3236445332318544,907,EDFSMode.RANDOM
COMPLETED,0.88,754.0,248,23,0.5226991690862924,0.7882626597695052,228,EDFSMode.RANDOM
COMPLETED,0.81,3619.0,320,91,0.3078690635915845,0.7443199887592346,777,EDFSMode.RANDOM
COMPLETED,0.93,3269.0,2657,35,0.5778947408236563,0.1475808880683034,106,EDFSMode.RANDOM
COMPLETED,0.92,597.0,3849,68,0.1776763274893164,0.8419551470167935,402,EDFSMode.RANDOM
ABANDONED,,,1823,9,0.9370776125956328,0.2993073425218463,634,EDFSMode.RANDOM
ABANDONED,,,2335,57,0.6256294587031007,0.4436199226696044,679,EDFSMode.RANDOM
COMPLETED,0.92,1753.0,4685,19,0.490096250327304,0.9160963094588368,456,EDFSMode.RANDOM
ABANDONED,,,3181,87,0.7645966534521431,0.096834633577615,278,EDFSMode.RANDOM
COMPLETED,0.8699999999999999,311.0,1144,39,0.1201954117603599,0.5142451147958635,955,EDFSMode.RANDOM
ABANDONED,,,1091,83,0.6147045820448547,0.3560523620694875,365,EDFSMode.RANDOM
COMPLETED,0.9,1121.0,3429,42,0.2509909779131412,0.7500036947838961,586,EDFSMode.RANDOM
ABANDONED,,,4425,60,0.9933162279836832,0.1961622231137007,881,EDFSMode.RANDOM
COMPLETED,0.91,399.0,2400,16,0.1404704340975731,0.6607732113990932,199,EDFSMode.RANDOM
COMPLETED,0.93,2210.0,1564,64,0.4527751317881047,0.5787175303548574,266,EDFSMode.RANDOM
ABANDONED,,,3913,11,0.6819890098404138,0.0595288817994296,939,EDFSMode.RANDOM
COMPLETED,0.8699999999999999,253.0,2605,94,0.0634400463942438,0.9880006940495222,751,EDFSMode.RANDOM
ABANDONED,,,567,32,0.8012780637592077,0.3991269992981106,525,EDFSMode.RANDOM
COMPLETED,0.7099999999999999,114.0,38,56,0.0250910455547273,0.0683293764777481,649,EDFSMode.RANDOM
ABANDONED,,,3002,20,0.8562442020308226,0.5407976732477546,429,EDFSMode.RANDOM
COMPLETED,0.92,2623.0,4155,76,0.3978395783249288,0.4701797680873424,136,EDFSMode.RANDOM
ABANDONED,,,1503,49,0.7203683389574289,0.8875831110533327,816,EDFSMode.RANDOM
ABANDONED,,,1996,98,0.9079268976245076,0.8680242078490555,975,EDFSMode.RANDOM
COMPLETED,0.92,630.0,4970,28,0.2112584694623947,0.2712931971773505,300,EDFSMode.RANDOM
COMPLETED,0.92,3017.0,3504,71,0.5439471128992736,0.7162979021091013,489,EDFSMode.RANDOM
COMPLETED,0.89,391.0,845,5,0.3364106551390141,0.1736572358664125,717,EDFSMode.RANDOM
COMPLETED,0.8699999999999999,6946.0,802,53,0.5042978496681899,0.536055881915614,846,EDFSMode.RANDOM
COMPLETED,0.92,1095.0,3464,23,0.3609715715013444,0.0713844601456075,177,EDFSMode.RANDOM
ABANDONED,,,4930,79,0.885893998876214,0.8747857407033443,333,EDFSMode.RANDOM
COMPLETED,0.92,1112.0,1954,47,0.2492934411112218,0.480773022737354,563,EDFSMode.RANDOM
ABANDONED,,,1540,95,0.4359915299415588,0.2743444737773388,722,EDFSMode.RANDOM
ABANDONED,,,4191,31,0.6982241411004215,0.8632786094490438,498,EDFSMode.RANDOM
COMPLETED,0.93,582.0,3038,75,0.0495195975285023,0.184246683448553,235,EDFSMode.RANDOM
COMPLETED,0.5999999999999999,3960.0,76,1,0.8167215628437697,0.703496724691242,913,EDFSMode.RANDOM
COMPLETED,0.93,1095.0,610,88,0.1037544720470905,0.7628048127163201,112,EDFSMode.RANDOM
ABANDONED,,,2645,38,0.777154131123796,0.3454628550019115,784,EDFSMode.RANDOM
COMPLETED,0.92,4268.0,3953,58,0.4755895464699715,0.6655188692845404,627,EDFSMode.RANDOM
COMPLETED,0.92,4145.0,1607,18,0.6440195948593318,0.1931110059991479,396,EDFSMode.RANDOM
ABANDONED,,,2362,66,0.9554639602731912,0.0489355676639825,464,EDFSMode.RANDOM
COMPLETED,0.92,368.0,4390,10,0.1631734418533742,0.5915148412194103,686,EDFSMode.RANDOM
ABANDONED,,,3394,90,0.590448415145278,0.3960719751156866,948,EDFSMode.RANDOM
COMPLETED,0.93,730.0,1053,36,0.2914319569710642,0.9927425448670985,271,EDFSMode.RANDOM
ABANDONED,,,1109,93,0.7865429395474492,0.1523262485265731,579,EDFSMode.RANDOM
COMPLETED,0.93,311.0,3143,33,0.0820890594478696,0.7412684742175043,358,EDFSMode.RANDOM
ABANDONED,,,4647,63,0.6652891932297497,0.3121087578814476,206,EDFSMode.RANDOM
COMPLETED,0.8,2547.0,2300,13,0.4655610298141837,0.8313659373763947,887,EDFSMode.RANDOM
COMPLETED,0.91,402.0,1863,61,0.1532525362093001,0.9130409878492354,932,EDFSMode.RANDOM
ABANDONED,,,3892,15,0.9766202370300888,0.448361476060003,259,EDFSMode.RANDOM
COMPLETED,0.9,942.0,2700,85,0.269636209923774,0.5036520980875939,532,EDFSMode.RANDOM
COMPLETED,0.82,5765.0,360,41,0.5999732686188071,0.1096322418693453,758,EDFSMode.RANDOM
COMPLETED,0.8699999999999999,710.0,284,72,0.3236130979675799,0.4240900167562067,437,EDFSMode.RANDOM
COMPLETED,0.89,1067.0,2947,4,0.5606276562288403,0.9666773803308604,656,EDFSMode.RANDOM
COMPLETED,0.92,466.0,4294,98,0.1926287296898663,0.0228629377055913,809,EDFSMode.RANDOM
ABANDONED,,,1320,28,0.9226736809816212,0.6195406457092612,129,EDFSMode.RANDOM
ABANDONED,,,2058,76,0.7351189256645739,0.6389625929929315,307,EDFSMode.RANDOM
COMPLETED,0.9,1432.0,4708,50,0.3792060054596513,0.2216125452592968,982,EDFSMode.RANDOM
ABANDONED,,,3673,56,0.8729285338390618,0.7913141148258,710,EDFSMode.RANDOM
COMPLETED,0.9,233.0,710,20,0.0122896701619029,0.3188991132881492,482,EDFSMode.RANDOM
ABANDONED,,,692,81,0.493360295176506,0.1229356297235935,889,EDFSMode.RANDOM
ABANDONED,,,3657,45,0.6365610033068805,0.517382372016087,219,EDFSMode.RANDOM
COMPLETED,0.93,565.0,4809,51,0.116695250628516,0.4624118522703647,516,EDFSMode.RANDOM
ABANDONED,,,2157,25,0.7529265860132873,0.9265426889918744,745,EDFSMode.RANDOM
ABANDONED,,,1343,73,0.5653823131453246,0.8134175809603184,567,EDFSMode.RANDOM
COMPLETED,0.92,970.0,4315,3,0.3032677842937409,0.2947081619445234,343,EDFSMode.RANDOM
ABANDONED,,,2851,97,0.9488666490465402,0.7240661543905735,165,EDFSMode.RANDOM
COMPLETED,0.75,108.0,190,29,0.1820264183823019,0.1346980315707624,843,EDFSMode.RANDOM
ABANDONED,,,418,60,0.8938999252151698,0.3326289559472352,296,EDFSMode.RANDOM
COMPLETED,0.8499999999999999,598.0,2755,16,0.2203821912668645,0.8046180529203266,967,EDFSMode.RANDOM
ABANDONED,,,3751,86,0.5269959554523229,0.2351146479286253,669,EDFSMode.RANDOM
COMPLETED,0.93,613.0,1726,40,0.3582041798476129,0.6530124487057328,437,EDFSMode.RANDOM
COMPLETED,0.8599999999999999,249.0,2237,88,0.0459061352312564,0.6021405702698975,393,EDFSMode.RANDOM
ABANDONED,,,4587,38,0.8383222311232239,0.0049141797628253,616,EDFSMode.RANDOM
ABANDONED,,,3278,68,0.407934083847329,0.9490486131347716,793,EDFSMode.RANDOM
ABANDONED,,,1242,8,0.7073197718374431,0.4068881281986832,117,EDFSMode.RANDOM
ABANDONED,,,993,65,0.2147024782020598,0.6897090770602226,762,EDFSMode.RANDOM
ABANDONED,,,3332,11,0.9195255806818604,0.1710077480636537,541,EDFSMode.RANDOM
ABANDONED,,,4522,91,0.3332179909534752,0.8497200699727983,248,EDFSMode.RANDOM
ABANDONED,,,2498,35,0.5330717244055122,0.2603590854052454,930,EDFSMode.RANDOM
ABANDONED,,,1662,83,0.8445208356417716,0.4982304570078849,862,EDFSMode.RANDOM
ABANDONED,,,4011,43,0.0207914001699537,0.8926691092811525,189,EDFSMode.RANDOM
ABANDONED,,,2508,63,0.7328303248453885,0.0890700508039444,377,EDFSMode.RANDOM
ABANDONED,,,470,13,0.4023751838430762,0.5531937492731958,603,EDFSMode.RANDOM
ABANDONED,,,97,100,0.6776360673643648,0.9795030592419208,479,EDFSMode.RANDOM
ABANDONED,,,3061,26,0.4409832363184541,0.3822847587540745,698,EDFSMode.RANDOM
ABANDONED,,,4097,70,0.8058822020757943,0.5775299733448773,992,EDFSMode.RANDOM
ABANDONED,,,1444,6,0.0759553256556391,0.0353766266610473,312,EDFSMode.RANDOM
COMPLETED,0.9,258.0,3720,4,0.173370143353939,0.5417005394697189,993,EDFSMode.RANDOM
FAILED,,,1746,80,0.8971219659112393,0.4366912840735167,298,EDFSMode.RANDOM
COMPLETED,0.82,524.0,224,38,0.313169240059331,0.9634973512236028,533,EDFSMode.RANDOM
FAILED,,,4617,58,0.6012634928431361,0.0773288982696831,770,EDFSMode.RANDOM
FAILED,,,4327,39,0.775166936499998,0.1746556793823838,562,EDFSMode.RANDOM
COMPLETED,0.92,1292.0,1146,68,0.0614198912624269,0.7884151014219969,349,EDFSMode.RANDOM
COMPLETED,0.8399999999999999,5514.0,2042,23,0.7288084950335323,0.3162479868475348,119,EDFSMode.RANDOM
COMPLETED,0.89,12123.0,2806,97,0.4507189452126622,0.7092600491829216,776,EDFSMode.RANDOM
COMPLETED,0.93,5918.0,2983,28,0.6261065504848957,0.8415135308615863,213,EDFSMode.RANDOM
COMPLETED,0.83,6261.0,2493,55,0.4130762251727282,0.1994963873494416,908,EDFSMode.RANDOM
FAILED,,,893,13,0.8605645455587654,0.670750281518325,686,EDFSMode.RANDOM
COMPLETED,0.93,579.0,3958,83,0.0851774986442178,0.3079451594054699,448,EDFSMode.RANDOM
COMPLETED,0.93,460.0,4908,13,0.2933138586562126,0.4440144811980426,433,EDFSMode.RANDOM
COMPLETED,0.8699999999999999,5791.0,555,93,0.5119636280629783,0.5811880153287202,646,EDFSMode.RANDOM
COMPLETED,0.91,1197.0,1530,48,0.2149151042439043,0.0554169947560876,860,EDFSMode.RANDOM
FAILED,,,3309,71,0.9959216473028064,0.90747197625041,204,EDFSMode.RANDOM
COMPLETED,0.91,4276.0,3267,46,0.4000537963248789,0.3515541645251214,723,EDFSMode.RANDOM
FAILED,,,1252,75,0.6860006546303629,0.7362670587021857,511,EDFSMode.RANDOM
COMPLETED,0.9,234.0,356,17,0.1041948771160095,0.1481209786441177,295,EDFSMode.RANDOM
FAILED,,,4787,91,0.8258001900408417,0.7526366000920534,952,EDFSMode.RANDOM
COMPLETED,0.91,1809.0,3843,9,0.5506587811578065,0.9983019477091728,831,EDFSMode.RANDOM
COMPLETED,0.93,9045.0,702,85,0.270300962453708,0.1048393925148993,136,EDFSMode.RANDOM
FAILED,,,2222,31,0.9399583407342434,0.5137182271983474,357,EDFSMode.RANDOM
COMPLETED,0.9,845.0,2948,51,0.2239420153610408,0.402358516767621,594,EDFSMode.RANDOM
FAILED,,,2539,20,0.9140081002004444,0.0195766360089182,482,EDFSMode.RANDOM
COMPLETED,0.6,238.0,2009,100,0.1407370394542813,0.880875418094918,696,EDFSMode.RANDOM
COMPLETED,0.88,5220.0,1035,42,0.5861088680457323,0.4710833630058914,923,EDFSMode.RANDOM
COMPLETED,0.92,1254.0,4138,65,0.3751955401543528,0.6165560652948915,267,EDFSMode.RANDOM
COMPLETED,0.92,1265.0,4415,33,0.0032025625724345,0.6363575603291391,164,EDFSMode.RANDOM
FAILED,,,102,60,0.7864478697385638,0.2799028672259301,859,EDFSMode.RANDOM
COMPLETED,0.91,1750.0,1700,6,0.4871610279530286,0.8690839938614517,622,EDFSMode.RANDOM
FAILED,,,3441,76,0.7080486691854893,0.2343609525896608,385,EDFSMode.RANDOM
FAILED,,,3561,36,0.8535910818986595,0.3824535709843039,796,EDFSMode.RANDOM
COMPLETED,0.91,1532.0,1592,59,0.0764334807395935,0.5181820849161594,101,EDFSMode.RANDOM
COMPLETED,0.68,1983.0,65,1,0.6504423851128667,0.1162469553742557,336,EDFSMode.RANDOM
COMPLETED,0.92,8540.0,4463,81,0.4356415650416165,0.9716961758174,573,EDFSMode.RANDOM
COMPLETED,0.92,268.0,4174,24,0.1883847347889095,0.7802129289135336,759,EDFSMode.RANDOM
FAILED,,,987,94,0.9755470389109104,0.1357418922167271,546,EDFSMode.RANDOM
COMPLETED,0.92,636.0,1889,40,0.2980927837714552,0.7327818479333073,317,EDFSMode.RANDOM
COMPLETED,0.8399999999999999,10069.0,2648,66,0.5228983737267554,0.3704814002551138,973,EDFSMode.RANDOM
COMPLETED,0.93,553.0,2824,11,0.3396367928944528,0.2385781613849103,186,EDFSMode.RANDOM
FAILED,,,2339,85,0.621697110787034,0.8489395374078303,881,EDFSMode.RANDOM
COMPLETED,0.88,191.0,734,27,0.1685284090545028,0.2530564544405788,658,EDFSMode.RANDOM
FAILED,,,3804,56,0.8862462297994643,0.6475173440426588,420,EDFSMode.RANDOM
COMPLETED,0.92,13047.0,4755,50,0.7358409682456403,0.6044166828654706,462,EDFSMode.RANDOM
COMPLETED,0.8499999999999999,4124.0,396,70,0.4594001464974135,0.4989065340775996,675,EDFSMode.RANDOM
COMPLETED,0.88,9757.0,1376,15,0.7508901114240288,0.9000502693857997,889,EDFSMode.RANDOM
COMPLETED,0.92,670.0,3150,92,0.0387917347736656,0.0163319025486707,232,EDFSMode.RANDOM
COMPLETED,0.91,2461.0,3421,19,0.5656752779856324,0.6968807471208274,583,EDFSMode.RANDOM
COMPLETED,0.93,1576.0,1411,89,0.3487279557175934,0.3438236241508275,370,EDFSMode.RANDOM
FAILED,,,510,47,0.9248838084284215,0.807342537915334,155,EDFSMode.RANDOM
COMPLETED,0.92,351.0,4946,74,0.1455788127910345,0.171171145260334,811,EDFSMode.RANDOM
COMPLETED,0.91,4513.0,4002,29,0.4784798582699149,0.0817934921197593,972,EDFSMode.RANDOM
COMPLETED,0.92,8229.0,856,52,0.7010161680895834,0.943592665689066,277,EDFSMode.RANDOM
COMPLETED,0.8699999999999999,148.0,2381,7,0.0258306874595582,0.4100847611781209,498,EDFSMode.RANDOM
FAILED,,,3102,87,0.8107247226983308,0.5531078532338142,735,EDFSMode.RANDOM
COMPLETED,0.91,356.0,2693,44,0.1129388634189963,0.9352958388403056,399,EDFSMode.RANDOM
FAILED,,,2168,65,0.8327736815847456,0.0432778279613703,611,EDFSMode.RANDOM
COMPLETED,0.91,956.0,1189,22,0.3774884880576282,0.577942605221644,839,EDFSMode.RANDOM
COMPLETED,0.92,12392.0,4297,99,0.661664792118594,0.4631891317255795,183,EDFSMode.RANDOM
COMPLETED,0.92,4730.0,4573,4,0.9603329212423412,0.2878004427030682,249,EDFSMode.RANDOM
COMPLETED,0.76,1195.0,256,78,0.2504724164176732,0.6749667541813105,944,EDFSMode.RANDOM
COMPLETED,0.91,3321.0,1858,32,0.5397240633778274,0.2106564461831003,707,EDFSMode.RANDOM
COMPLETED,0.91,690.0,3595,62,0.2655220057368278,0.8146678690798581,469,EDFSMode.RANDOM
COMPLETED,0.91,7907.0,3640,41,0.5037007646095008,0.035901859819889,109,EDFSMode.RANDOM
COMPLETED,0.91,2791.0,1826,67,0.2859801316801458,0.9269262278433889,801,EDFSMode.RANDOM
FAILED,,,300,25,0.9866841484494508,0.4557327411342412,564,EDFSMode.RANDOM
COMPLETED,0.92,954.0,4541,96,0.2085560126677155,0.5695306387357413,330,EDFSMode.RANDOM
COMPLETED,0.77,2036.0,4251,1,0.4154741035252809,0.6824074183106422,537,EDFSMode.RANDOM
FAILED,,,1222,81,0.6393014852367341,0.2962271392699331,753,EDFSMode.RANDOM
COMPLETED,0.7299999999999999,78.0,2122,35,0.0885499603468924,0.8220595190692693,982,EDFSMode.RANDOM
FAILED,,,2726,59,0.872784896960482,0.2190112824849784,321,EDFSMode.RANDOM
COMPLETED,0.88,239.0,3059,15,0.0501724799256771,0.3357171971686184,886,EDFSMode.RANDOM
COMPLETED,0.91,11550.0,2417,92,0.7708177276644855,0.6897298960331826,194,EDFSMode.RANDOM
COMPLETED,0.91,2474.0,813,50,0.4404461767114699,0.1629833440613001,415,EDFSMode.RANDOM
FAILED,,,4038,70,0.7234846433624625,0.8001483795717359,649,EDFSMode.RANDOM
FAILED,,,4988,26,0.8986063413023949,0.951763833273202,669,EDFSMode.RANDOM
COMPLETED,0.89,252.0,475,55,0.1874785587601363,0.0890014733914285,453,EDFSMode.RANDOM
COMPLETED,0.93,2255.0,1453,10,0.6017732923198491,0.5612309584449977,237,EDFSMode.RANDOM
COMPLETED,0.9,1566.0,3385,83,0.3282522239442914,0.4172218339517712,897,EDFSMode.RANDOM
COMPLETED,0.92,1924.0,3185,8,0.7908123254347592,0.8573505353964865,375,EDFSMode.RANDOM
COMPLETED,0.91,372.0,1333,88,0.0144346973057836,0.2460335871968418,591,EDFSMode.RANDOM
FAILED,,,432,30,0.7133877007961273,0.6558878937941045,806,EDFSMode.RANDOM
COMPLETED,0.92,3097.0,4712,53,0.4974185867719352,0.2604333576187491,145,EDFSMode.RANDOM
COMPLETED,0.92,836.0,3768,46,0.1266438783444464,0.4905526328124105,271,EDFSMode.RANDOM
FAILED,,,777,73,0.9125084482058882,0.5970259716305881,963,EDFSMode.RANDOM
COMPLETED,0.83,611.0,2304,18,0.3601277362089604,0.0079042412023991,740,EDFSMode.RANDOM
COMPLETED,0.9,6332.0,2867,89,0.5855838588867336,0.8926086367592215,506,EDFSMode.RANDOM
COMPLETED,0.8699999999999999,479.0,2614,33,0.27764990654774,0.5253753045052288,620,EDFSMode.RANDOM
COMPLETED,0.93,4051.0,1934,62,0.5589064572360367,0.3906404371466487,403,EDFSMode.RANDOM
COMPLETED,0.92,784.0,954,5,0.2303163761049508,0.9788479954022912,174,EDFSMode.RANDOM
FAILED,,,4219,78,0.9491806001625956,0.1243543471358716,833,EDFSMode.RANDOM
COMPLETED,0.9,12062.0,4496,21,0.6728209369964898,0.1286057842224836,935,EDFSMode.RANDOM
COMPLETED,0.75,906.0,20,98,0.3976407305970787,0.7720907921995968,243,EDFSMode.RANDOM
FAILED,,,1625,43,0.8135951078068465,0.3632724839467555,478,EDFSMode.RANDOM
COMPLETED,0.91,335.0,3517,63,0.1008071759883314,0.7246097415946424,712,EDFSMode.RANDOM
COMPLETED,0.93,1115.0,3486,23,0.4628344581816345,0.8882713640481233,307,EDFSMode.RANDOM
FAILED,,,1667,97,0.7480013434570282,0.0279281578566879,999,EDFSMode.RANDOM
COMPLETED,0.75,99.0,146,39,0.0412514631077647,0.623992463203147,762,EDFSMode.RANDOM
FAILED,,,4382,69,0.7640250699855387,0.4795134037695825,528,EDFSMode.RANDOM
COMPLETED,0.92,6382.0,4093,37,0.6124015392772852,0.272449820831418,340,EDFSMode.RANDOM
COMPLETED,0.91,1262.0,1069,57,0.3333414548337459,0.6279413276221602,557,EDFSMode.RANDOM
COMPLETED,0.88,4861.0,1963,2,0.8779252936895937,0.2269816699940711,785,EDFSMode.RANDOM
COMPLETED,0.93,984.0,2572,79,0.1612584355939179,0.8607186788283288,125,EDFSMode.RANDOM
FAILED,,,2905,49,0.9759968919400126,0.7443934783674776,914,EDFSMode.RANDOM
COMPLETED,0.9,588.0,2258,72,0.2035295983981341,0.3586869413349777,223,EDFSMode.RANDOM
COMPLETED,0.9,808.0,659,14,0.5243228026702998,0.7608044234793632,443,EDFSMode.RANDOM
COMPLETED,0.92,1274.0,3879,94,0.3122630714662373,0.1553332261368632,677,EDFSMode.RANDOM
COMPLETED,0.92,306.0,4830,12,0.0662244954966008,0.0966558575369417,641,EDFSMode.RANDOM
FAILED,,,321,82,0.8482091873139141,0.9911044451687484,425,EDFSMode.RANDOM
COMPLETED,0.92,1183.0,1295,28,0.4244579369630664,0.3942477938216179,209,EDFSMode.RANDOM
FAILED,,,3231,54,0.646035133363679,0.5065706905648111,869,EDFSMode.RANDOM
COMPLETED,0.91,700.0,3344,31,0.2353427624907344,0.1910654078312218,516,EDFSMode.RANDOM
FAILED,,,1487,51,0.9598678882736712,0.8340761979166417,733,EDFSMode.RANDOM
COMPLETED,0.82,623.0,590,9,0.2513669946454465,0.2995946060549467,947,EDFSMode.RANDOM
COMPLETED,0.92,3264.0,4866,86,0.5382843875735998,0.6633553003445267,287,EDFSMode.RANDOM
COMPLETED,0.91,13546.0,3922,16,0.8381707858517766,0.5895542951412499,131,EDFSMode.RANDOM
COMPLETED,0.9,312.0,936,90,0.1231326687224209,0.4513947322908788,823,EDFSMode.RANDOM
FAILED,,,2457,44,0.6660873204711824,0.9158872739207,600,EDFSMode.RANDOM
COMPLETED,0.91,1101.0,3026,74,0.3886568692754954,0.0628691023960709,366,EDFSMode.RANDOM
COMPLETED,0.88,6100.0,2773,6,0.6888710323031991,0.4294780680835246,705,EDFSMode.RANDOM
COMPLETED,0.8,8474.0,2088,77,0.4750302774179726,0.5335317773278802,488,EDFSMode.RANDOM
COMPLETED,0.93,8012.0,1113,35,0.7976049515120684,0.0701970602143555,258,EDFSMode.RANDOM
COMPLETED,0.91,379.0,4373,61,0.0233557420074939,0.955371866595,919,EDFSMode.RANDOM
COMPLETED,0.91,1215.0,4650,42,0.3550385332033038,0.7955635730922223,851,EDFSMode.RANDOM
COMPLETED,0.9,3010.0,179,65,0.5749555803276598,0.1827673410829156,159,EDFSMode.RANDOM
COMPLETED,0.93,385.0,1779,20,0.1528639736268669,0.7164565869439393,394,EDFSMode.RANDOM
FAILED,,,3675,99,0.933189527420327,0.3244305533282458,628,EDFSMode.RANDOM
COMPLETED,0.93,676.0,3696,26,0.3654950875341892,0.6667428304515778,325,EDFSMode.RANDOM
COMPLETED,0.92,5614.0,1760,56,0.580246181499213,0.311740295799449,570,EDFSMode.RANDOM
COMPLETED,0.76,119.0,161,11,0.1310370088089257,0.8375109259989113,800,EDFSMode.RANDOM
FAILED,,,4670,84,0.9081448764260858,0.20328494502604,112,EDFSMode.RANDOM
COMPLETED,0.93,3948.0,4351,15,0.7177799761574715,0.0516236912570893,320,EDFSMode.RANDOM
COMPLETED,0.8699999999999999,13620.0,1132,91,0.4930541004035621,0.9114774531442672,984,EDFSMode.RANDOM
FAILED,,,2105,49,0.7961786432005465,0.440224120369181,748,EDFSMode.RANDOM
COMPLETED,0.9,280.0,2753,69,0.0090960458442568,0.5851926241070032,543,EDFSMode.RANDOM
COMPLETED,0.8699999999999999,3770.0,3047,2,0.8160386012643575,0.9675324016734956,654,EDFSMode.RANDOM
COMPLETED,0.9,298.0,2439,81,0.0983933564685285,0.0735689791124314,410,EDFSMode.RANDOM
COMPLETED,0.93,4690.0,918,36,0.6762394878286868,0.5457364840600639,196,EDFSMode.RANDOM
COMPLETED,0.91,1290.0,3942,60,0.3942517384495586,0.4329284222461283,884,EDFSMode.RANDOM
COMPLETED,0.91,706.0,4844,40,0.2337340123485773,0.3200060731098056,899,EDFSMode.RANDOM
FAILED,,,609,67,0.9457907529119401,0.7052269729059188,236,EDFSMode.RANDOM
COMPLETED,0.92,521.0,1505,25,0.2800924259312451,0.1784203443620353,458,EDFSMode.RANDOM
COMPLETED,0.91,6375.0,3324,95,0.5564916041567922,0.784377178940922,664,EDFSMode.RANDOM
COMPLETED,0.92,1009.0,3212,22,0.0909792144782841,0.4750888640657067,144,EDFSMode.RANDOM
FAILED,,,1316,99,0.8703263220861553,0.6127627896796912,808,EDFSMode.RANDOM
COMPLETED,0.83,4696.0,341,44,0.4188783555459231,0.0235812206212431,587,EDFSMode.RANDOM
COMPLETED,0.93,12632.0,4812,64,0.6358677972201257,0.8770850293822586,381,EDFSMode.RANDOM
FAILED,,,3898,32,0.9900894340295344,0.872879154421389,501,EDFSMode.RANDOM
COMPLETED,0.88,1373.0,638,62,0.2051232987251132,0.2303535294067114,746,EDFSMode.RANDOM
COMPLETED,0.77,1593.0,2238,4,0.5061308738440276,0.6401460938397794,961,EDFSMode.RANDOM
COMPLETED,0.93,839.0,2923,77,0.2835224713943898,0.2759002344794571,274,EDFSMode.RANDOM
FAILED,,,2553,47,0.607126344833523,0.1440878744833171,836,EDFSMode.RANDOM
COMPLETED,0.92,1525.0,1985,74,0.3228698506876826,0.756394662188366,172,EDFSMode.RANDOM
FAILED,,,1088,19,0.9029852324407548,0.3475162699278444,409,EDFSMode.RANDOM
COMPLETED,0.92,493.0,4075,90,0.1830702316258102,0.7400317478477954,615,EDFSMode.RANDOM
COMPLETED,0.91,2209.0,4401,7,0.4448260419238358,0.5099582801572978,718,EDFSMode.RANDOM
FAILED,,,125,87,0.7190773497875779,0.4063935430515557,473,EDFSMode.RANDOM
COMPLETED,0.92,499.0,1647,29,0.0555264470279216,0.9945391137655823,245,EDFSMode.RANDOM
FAILED,,,3504,53,0.7654362095110118,0.1088753352463245,934,EDFSMode.RANDOM
COMPLETED,0.91,4426.0,3538,13,0.6714569619856775,0.2570611115507781,522,EDFSMode.RANDOM
COMPLETED,0.91,2746.0,1606,83,0.3833205897957086,0.6437270315457135,767,EDFSMode.RANDOM
FAILED,,,2,29,0.8425654331948607,0.2425835602041333,996,EDFSMode.RANDOM
COMPLETED,0.92,594.0,4516,55,0.1187715061027556,0.8451461558341979,308,EDFSMode.RANDOM
COMPLETED,0.91,1739.0,4198,48,0.2557606084290892,0.9038388753943144,123,EDFSMode.RANDOM
COMPLETED,0.89,10455.0,973,72,0.5339222508799285,0.012329346017912,786,EDFSMode.RANDOM
COMPLETED,0.92,672.0,1951,14,0.2407115489020943,0.6082117411848158,551,EDFSMode.RANDOM
FAILED,,,2594,93,0.9545306942053138,0.4948990049362182,345,EDFSMode.RANDOM
COMPLETED,0.89,207.0,2888,38,0.1553098167590797,0.1122089845612645,682,EDFSMode.RANDOM
FAILED,,,2285,58,0.9307770463228224,0.9754607924651356,437,EDFSMode.RANDOM
COMPLETED,0.92,425.0,759,3,0.3584585414286702,0.3784205727819353,224,EDFSMode.RANDOM
COMPLETED,0.9,10634.0,3789,80,0.5715690568257124,0.5219402492530643,912,EDFSMode.RANDOM
FAILED,,,4691,23,0.8010239856634289,0.7290189377740025,871,EDFSMode.RANDOM
COMPLETED,0.92,459.0,451,96,0.0199681849461048,0.3745172704886645,207,EDFSMode.RANDOM
COMPLETED,0.92,8482.0,1351,38,0.6913159608468413,0.776453087830916,430,EDFSMode.RANDOM
COMPLETED,0.91,4148.0,3166,68,0.472616941217333,0.139777020741254,636,EDFSMode.RANDOM
FAILED,,,3366,42,0.8803530309423803,0.5739400133714079,285,EDFSMode.RANDOM
COMPLETED,0.89,287.0,1475,66,0.1587974515594542,0.4669777061324566,948,EDFSMode.RANDOM
COMPLETED,0.82,11184.0,495,21,0.6158035011086613,0.9312883450184016,727,EDFSMode.RANDOM
COMPLETED,0.93,1490.0,4971,100,0.3299063689094036,0.047072917882353,521,EDFSMode.RANDOM
COMPLETED,0.92,438.0,4056,6,0.0446542800422757,0.2068660983666777,360,EDFSMode.RANDOM
FAILED,,,792,76,0.760590898649767,0.8186724945884198,605,EDFSMode.RANDOM
COMPLETED,0.82,6188.0,2396,34,0.4652632289938628,0.2840070964489131,820,EDFSMode.RANDOM
COMPLETED,0.93,8264.0,3077,60,0.7455413334965705,0.6789721846021712,132,EDFSMode.RANDOM
COMPLETED,0.8399999999999999,3278.0,2707,17,0.4298095320835709,0.8113784397505223,920,EDFSMode.RANDOM
FAILED,,,2144,90,0.6406502914614975,0.1674082704205065,256,EDFSMode.RANDOM
COMPLETED,0.91,370.0,1242,45,0.070601036960259,0.7009158440437167,493,EDFSMode.RANDOM
FAILED,,,4234,75,0.8437995217572897,0.3400637477487325,699,EDFSMode.RANDOM
COMPLETED,0.92,2320.0,4559,30,0.5287002587225287,0.4138494094274938,633,EDFSMode.RANDOM
COMPLETED,0.8699999999999999,669.0,279,51,0.3078542610127478,0.5490699177403003,388,EDFSMode.RANDOM
COMPLETED,0.91,12349.0,1806,8,0.9813494611345231,0.0855516248550265,161,EDFSMode.RANDOM
COMPLETED,0.91,353.0,3658,85,0.1981457900553941,0.93955963216722,848,EDFSMode.RANDOM
FAILED,,,3615,14,0.9433783563952892,0.1589511024393141,773,EDFSMode.RANDOM
COMPLETED,0.92,1315.0,1841,94,0.2205554992947727,0.803907304206863,531,EDFSMode.RANDOM
COMPLETED,0.88,1352.0,236,48,0.5531046317256986,0.3316784400325268,304,EDFSMode.RANDOM
COMPLETED,0.91,1980.0,4595,72,0.2678884887918829,0.6934937226399778,988,EDFSMode.RANDOM
COMPLETED,0.92,281.0,4276,27,0.1066397982239723,0.557469970408827,781,EDFSMode.RANDOM
FAILED,,,1207,54,0.8233868464045226,0.4212558192405849,114,EDFSMode.RANDOM
COMPLETED,0.8399999999999999,789.0,2186,12,0.4034728230405598,0.9480020403247326,351,EDFSMode.RANDOM
FAILED,,,2672,82,0.6826130901332944,0.0930384571179747,560,EDFSMode.RANDOM
COMPLETED,0.92,1751.0,3122,39,0.4915556827317923,0.4597392831891775,447,EDFSMode.RANDOM
FAILED,,,2364,69,0.7036875140015035,0.565738404115662,688,EDFSMode.RANDOM
COMPLETED,0.8699999999999999,180.0,837,24,0.0085722115226089,0.0399054034370929,904,EDFSMode.RANDOM
COMPLETED,0.93,13338.0,4024,97,0.7811115976944565,0.9231347981356084,219,EDFSMode.RANDOM
COMPLETED,0.92,1460.0,4926,3,0.5914776470214128,0.825853817090392,199,EDFSMode.RANDOM
COMPLETED,0.8399999999999999,3047.0,528,79,0.3698583386503159,0.2150029967632144,865,EDFSMode.RANDOM
FAILED,,,1430,37,0.9184017065484076,0.686196814360097,645,EDFSMode.RANDOM
COMPLETED,0.92,721.0,3399,57,0.1363748953249305,0.2922253690622746,435,EDFSMode.RANDOM
FAILED,,,3132,34,0.7331850290615111,0.9828819453716277,957,EDFSMode.RANDOM
COMPLETED,0.93,8090.0,1396,61,0.4463092722203582,0.1205933274980634,290,EDFSMode.RANDOM
COMPLETED,0.8499999999999999,2284.0,418,6,0.780518524184823,0.5294123235512525,513,EDFSMode.RANDOM
COMPLETED,0.92,454.0,4736,76,0.056035041924566,0.3868786757998168,722,EDFSMode.RANDOM
COMPLETED,0.92,1093.0,3822,19,0.318521816689521,0.3670313732624053,597,EDFSMode.RANDOM
COMPLETED,0.91,4181.0,715,99,0.5958796919360757,0.7205774683710187,355,EDFSMode.RANDOM
COMPLETED,0.92,454.0,2317,41,0.1777476142775267,0.1323696461487561,142,EDFSMode.RANDOM
FAILED,,,2843,65,0.8927131628934293,0.7680520666651428,826,EDFSMode.RANDOM
COMPLETED,0.91,594.0,2629,10,0.2183170586396008,0.6518796396739781,262,EDFSMode.RANDOM
FAILED,,,1909,86,0.9924865539427846,0.2642276909593492,929,EDFSMode.RANDOM
COMPLETED,0.9,679.0,1008,31,0.2957415884733199,0.8533487335871905,694,EDFSMode.RANDOM
COMPLETED,0.93,2664.0,4155,52,0.5095026365928352,0.2498229479268193,485,EDFSMode.RANDOM
FAILED,,,4481,45,0.8629933238066732,0.0041120381839573,383,EDFSMode.RANDOM
COMPLETED,0.7099999999999999,150.0,46,74,0.0827174961194395,0.8966152141336352,624,EDFSMode.RANDOM
COMPLETED,0.9,9826.0,1570,17,0.6295093748550861,0.4867611715029925,854,EDFSMode.RANDOM
COMPLETED,0.92,2726.0,3581,90,0.409642061272636,0.6010294799283146,170,EDFSMode.RANDOM
COMPLETED,0.91,372.0,3461,50,0.0292492457274347,0.7648413663096725,575,EDFSMode.RANDOM
FAILED,,,1682,71,0.80733573798649,0.1515713922921568,334,EDFSMode.RANDOM
COMPLETED,0.89,633.0,83,16,0.4809233591631054,0.7484275342952459,106,EDFSMode.RANDOM
FAILED,,,4436,92,0.69860235600546,0.3549260239377617,790,EDFSMode.RANDOM
FAILED,,,4117,10,0.9273263203762472,0.3980115795321762,978,EDFSMode.RANDOM
COMPLETED,0.92,549.0,1053,84,0.1431639522761106,0.5025318925324826,311,EDFSMode.RANDOM
COMPLETED,0.69,2230.0,2028,26,0.5690929067935794,0.1004148528110235,547,EDFSMode.RANDOM
COMPLETED,0.8499999999999999,2086.0,2518,56,0.3453381010312587,0.987072274185717,757,EDFSMode.RANDOM
COMPLETED,0.91,1853.0,2968,25,0.5441172012779861,0.6199907338917255,418,EDFSMode.RANDOM
COMPLETED,0.8,1466.0,2205,95,0.2611584413927048,0.4833028407152742,659,EDFSMode.RANDOM
FAILED,,,683,40,0.9657002800032496,0.8842630076874047,875,EDFSMode.RANDOM
COMPLETED,0.92,1478.0,3865,67,0.2451347464658319,0.031722385238856,191,EDFSMode.RANDOM
COMPLETED,0.92,834.0,4767,35,0.382854798387736,0.2231902811825275,226,EDFSMode.RANDOM
FAILED,,,374,58,0.6563261332213878,0.8647222633417696,893,EDFSMode.RANDOM
COMPLETED,0.8,789.0,1271,1,0.1173311313446611,0.2686575155723839,672,EDFSMode.RANDOM
FAILED,,,3246,80,0.8284091877806931,0.6319477990381419,463,EDFSMode.RANDOM
COMPLETED,0.9,915.0,3291,5,0.3024716674741357,0.0661582863479852,816,EDFSMode.RANDOM
COMPLETED,0.92,2306.0,1550,78,0.5184900391567498,0.9591356801893562,149,EDFSMode.RANDOM
COMPLETED,0.9,260.0,576,33,0.193737779866904,0.4254458729345351,371,EDFSMode.RANDOM
FAILED,,,4890,63,0.970164658218622,0.5372907447181641,581,EDFSMode.RANDOM
FAILED,,,3975,43,0.6557963596507906,0.712694777265191,737,EDFSMode.RANDOM
COMPLETED,0.9,2872.0,873,64,0.4302600543238222,0.328467524042353,496,EDFSMode.RANDOM
FAILED,,,2471,21,0.8579709545467049,0.791802631529048,282,EDFSMode.RANDOM
COMPLETED,0.8699999999999999,271.0,3002,98,0.0720261946003884,0.1868013691268861,966,EDFSMode.RANDOM
COMPLETED,0.93,5610.0,2788,30,0.7542943560089916,0.3035981626845896,177,EDFSMode.RANDOM
COMPLETED,0.7199999999999999,118.0,2063,53,0.0353580393213778,0.6595638873670249,844,EDFSMode.RANDOM
COMPLETED,0.9,3339.0,1167,8,0.7382702149413525,0.1950719071310013,609,EDFSMode.RANDOM
COMPLETED,0.92,6576.0,4309,87,0.4569415641874075,0.830283916823566,400,EDFSMode.RANDOM
COMPLETED,0.92,441.0,4635,18,0.170958525724709,0.9196766829825936,467,EDFSMode.RANDOM
FAILED,,,204,88,0.8837885769493878,0.0588673489186912,709,EDFSMode.RANDOM
COMPLETED,0.9,865.0,1724,46,0.3430420859102159,0.5933485504072159,938,EDFSMode.RANDOM
COMPLETED,0.92,10347.0,3739,73,0.6182644042801112,0.4473864000961184,254,EDFSMode.RANDOM
FAILED,,,3747,46,0.8059690610356629,0.9847333217337728,540,EDFSMode.RANDOM
COMPLETED,0.91,470.0,1738,72,0.0305853453055024,0.0990676415394991,749,EDFSMode.RANDOM
FAILED,,,212,18,0.6962682060729712,0.5000282546523958,986,EDFSMode.RANDOM
COMPLETED,0.92,2152.0,4648,88,0.4832269354406744,0.3964654192216694,319,EDFSMode.RANDOM
COMPLETED,0.91,1545.0,4301,8,0.1447282435614615,0.3535493078902363,112,EDFSMode.RANDOM
FAILED,,,1153,87,0.9257314554359763,0.7460590770673006,796,EDFSMode.RANDOM
COMPLETED,0.7399999999999999,786.0,2055,29,0.3478698578625917,0.1499938236717134,569,EDFSMode.RANDOM
COMPLETED,0.91,1722.0,2774,53,0.5665305725894868,0.762306320119649,328,EDFSMode.RANDOM
COMPLETED,0.9,606.0,2991,21,0.2585737406648695,0.6305853297524154,665,EDFSMode.RANDOM
COMPLETED,0.89,4459.0,2466,98,0.5466713246330618,0.2663337616492063,455,EDFSMode.RANDOM
COMPLETED,0.92,687.0,861,43,0.2435317915063351,0.8631913610454648,234,EDFSMode.RANDOM
FAILED,,,3970,63,0.9672726613078266,0.220671444773674,901,EDFSMode.RANDOM
FAILED,,,4901,33,0.6586216194797307,0.0293691265396773,881,EDFSMode.RANDOM
COMPLETED,0.92,736.0,582,63,0.3805287384744733,0.8828710336256772,196,EDFSMode.RANDOM
COMPLETED,0.92,5158.0,1562,5,0.8297229208350181,0.4807525959964841,412,EDFSMode.RANDOM
COMPLETED,0.9,355.0,3297,78,0.1159868209175765,0.6184284232854843,653,EDFSMode.RANDOM
COMPLETED,0.91,1166.0,3255,1,0.5159586336612701,0.1844481699131429,274,EDFSMode.RANDOM
COMPLETED,0.89,5160.0,1284,80,0.3050334086827933,0.7904107169527559,958,EDFSMode.RANDOM
FAILED,,,384,35,0.968599777655676,0.3259172198381274,745,EDFSMode.RANDOM
COMPLETED,0.93,638.0,4780,59,0.1953329998608678,0.7111324071735143,504,EDFSMode.RANDOM
COMPLETED,0.93,2622.0,3856,41,0.4325936075430363,0.5359283349178731,378,EDFSMode.RANDOM
FAILED,,,670,67,0.6534931458625942,0.4231221784967929,587,EDFSMode.RANDOM
COMPLETED,0.76,77.0,2196,25,0.0733932303227484,0.957604718407616,810,EDFSMode.RANDOM
FAILED,,,2955,95,0.8566342545375228,0.0636393904536962,143,EDFSMode.RANDOM
COMPLETED,0.83,119.0,2508,26,0.0340446576029062,0.4460096245631575,930,EDFSMode.RANDOM
COMPLETED,0.69,10263.0,2021,56,0.755638073440641,0.5909800336938351,246,EDFSMode.RANDOM
COMPLETED,0.91,1175.0,1043,11,0.4546454886514693,0.0572898397836834,475,EDFSMode.RANDOM
FAILED,,,4111,84,0.7405966299083084,0.9171416962780056,716,EDFSMode.RANDOM
FAILED,,,4447,16,0.8853909351956099,0.8279449048861861,616,EDFSMode.RANDOM
COMPLETED,0.79,1602.0,89,93,0.1693865069095045,0.1937246363740414,406,EDFSMode.RANDOM
COMPLETED,0.92,7751.0,1693,50,0.6208494637794792,0.6570603089723736,171,EDFSMode.RANDOM
COMPLETED,0.91,2092.0,3468,70,0.3404873621240258,0.3020520618595182,838,EDFSMode.RANDOM
COMPLETED,0.93,631.0,3594,17,0.223094394378364,0.0915845587179064,343,EDFSMode.RANDOM
FAILED,,,1580,90,0.9408088839389384,0.9455868572872131,553,EDFSMode.RANDOM
COMPLETED,0.69,1589.0,58,45,0.2694456418249756,0.4197554329726845,789,EDFSMode.RANDOM
COMPLETED,0.92,3245.0,4490,75,0.5515169050376862,0.5549816500283777,122,EDFSMode.RANDOM
FAILED,,,4142,32,0.8210455582197755,0.6911099479123949,309,EDFSMode.RANDOM
COMPLETED,0.8699999999999999,224.0,999,52,0.1089505127537995,0.330255949942395,994,EDFSMode.RANDOM
COMPLETED,0.91,6564.0,1896,9,0.6812535514347255,0.8014484886024146,766,EDFSMode.RANDOM
COMPLETED,0.9,4957.0,2620,86,0.4048017843663692,0.1574802209474146,525,EDFSMode.RANDOM
FAILED,,,2837,41,0.7050083853080868,0.2897951064668595,637,EDFSMode.RANDOM
COMPLETED,0.88,2822.0,2307,65,0.4902042340524494,0.6847582929451018,428,EDFSMode.RANDOM
COMPLETED,0.92,3367.0,708,19,0.7833999457005411,0.2125297559406608,206,EDFSMode.RANDOM
COMPLETED,0.91,390.0,3811,99,0.0062532898616045,0.8243380538374185,874,EDFSMode.RANDOM
COMPLETED,0.9,671.0,4743,6,0.3682482454385608,0.9217276850305498,910,EDFSMode.RANDOM
COMPLETED,0.91,5003.0,428,77,0.5930571665782481,0.0375065491516143,225,EDFSMode.RANDOM
COMPLETED,0.91,368.0,1403,34,0.1337973328493535,0.5642521456386894,440,EDFSMode.RANDOM
ABANDONED,,,3143,61,0.920948691651225,0.4572955471426248,682,EDFSMode.RANDOM
COMPLETED,0.92,1744.0,3413,37,0.4476682179234922,0.7666447751037775,133,EDFSMode.RANDOM
ABANDONED,,,1437,57,0.7318564190715551,0.1299706134069711,818,EDFSMode.RANDOM
COMPLETED,0.78,729.0,542,3,0.0583766851630061,0.7190913883503526,604,EDFSMode.RANDOM
ABANDONED,,,4934,79,0.7782072203774005,0.3645878156721591,363,EDFSMode.RANDOM
COMPLETED,0.93,1773.0,4010,24,0.5943229013923556,0.3844482347480952,519,EDFSMode.RANDOM
COMPLETED,0.9,1997.0,829,97,0.3201089466642588,0.5279736236799508,728,EDFSMode.RANDOM
ABANDONED,,,2350,39,0.8901736673787236,0.1181202651318162,951,EDFSMode.RANDOM
COMPLETED,0.93,524.0,3114,69,0.1803174455054104,0.9813663605749608,284,EDFSMode.RANDOM
ABANDONED,,,2666,12,0.9950635234229266,0.5986458836570381,846,EDFSMode.RANDOM
COMPLETED,0.89,708.0,2175,82,0.2157704248726367,0.4853388598691671,162,EDFSMode.RANDOM
COMPLETED,0.92,1970.0,1202,27,0.5111130848582834,0.8941562200728804,391,EDFSMode.RANDOM
COMPLETED,0.92,847.0,4265,54,0.2941614796388894,0.0026409782357513,633,EDFSMode.RANDOM
COMPLETED,0.92,286.0,4600,48,0.0804295106027275,0.2483692279830574,700,EDFSMode.RANDOM
ABANDONED,,,248,72,0.865311648754403,0.8509337290059775,491,EDFSMode.RANDOM
COMPLETED,0.92,1157.0,1847,14,0.4083205895349383,0.2627271262351423,256,EDFSMode.RANDOM
ABANDONED,,,3627,94,0.6308611823059618,0.6493911408372223,923,EDFSMode.RANDOM
COMPLETED,0.92,632.0,3672,9,0.3858525901455432,0.4925468169748782,557,EDFSMode.RANDOM
ABANDONED,,,1813,85,0.668894387980923,0.6068170307930559,351,EDFSMode.RANDOM
COMPLETED,0.91,445.0,293,30,0.1203360297530889,0.0097780305612832,116,EDFSMode.RANDOM
ABANDONED,,,4567,51,0.8409703321717679,0.9022793011181056,780,EDFSMode.RANDOM
COMPLETED,0.9,8035.0,4220,45,0.5315883407481014,0.8437828537523746,988,EDFSMode.RANDOM
COMPLETED,0.93,750.0,1234,75,0.2580639411881566,0.2402627805527299,300,EDFSMode.RANDOM
ABANDONED,,,2130,17,0.9531642533373088,0.6421969620455056,530,EDFSMode.RANDOM
COMPLETED,0.89,3831.0,2699,91,0.2420474161151796,0.2545393008701503,775,EDFSMode.RANDOM
ABANDONED,,,3072,34,0.9320905470121652,0.1383973304219544,436,EDFSMode.RANDOM
COMPLETED,0.83,236.0,2385,60,0.1539657424148172,0.7740854633990674,642,EDFSMode.RANDOM
COMPLETED,0.8499999999999999,1462.0,787,6,0.5738642995655536,0.3729426761399954,864,EDFSMode.RANDOM
COMPLETED,0.92,1652.0,4045,76,0.3561327213160693,0.7264830587878823,201,EDFSMode.RANDOM
COMPLETED,0.92,649.0,4976,21,0.0183649939037859,0.5196040331311524,216,EDFSMode.RANDOM
ABANDONED,,,507,100,0.8025965993329882,0.3770722907725721,904,EDFSMode.RANDOM
COMPLETED,0.91,3335.0,1480,43,0.4700320006888359,0.972954418255016,690,EDFSMode.RANDOM
ABANDONED,,,3378,66,0.6938703277204185,0.1106638949885964,446,EDFSMode.RANDOM
COMPLETED,0.91,264.0,3178,38,0.1601642474811524,0.6766361469365655,826,EDFSMode.RANDOM
ABANDONED,,,1360,68,0.8790165744516998,0.2826589928958564,138,EDFSMode.RANDOM
COMPLETED,0.89,339.0,464,23,0.3322396860457956,0.816165941921994,354,EDFSMode.RANDOM
ABANDONED,,,4700,96,0.613500519685447,0.2053208303377032,599,EDFSMode.RANDOM
COMPLETED,0.9,2734.0,3776,3,0.7590257745683193,0.0456934060193598,719,EDFSMode.RANDOM
COMPLETED,0.9,264.0,750,80,0.0462497398369014,0.9289208990428596,513,EDFSMode.RANDOM
COMPLETED,0.88,6237.0,2272,37,0.7430096956361085,0.4654029333274811,292,EDFSMode.RANDOM
COMPLETED,0.8399999999999999,7261.0,2879,58,0.4678252062853425,0.5714039559289812,956,EDFSMode.RANDOM
COMPLETED,0.92,2204.0,2588,14,0.6432355870436876,0.9381961516290904,167,EDFSMode.RANDOM
COMPLETED,0.91,8977.0,1941,93,0.4272545759323984,0.0832306667473167,855,EDFSMode.RANDOM
ABANDONED,,,967,48,0.8454021198041736,0.5475400266963988,627,EDFSMode.RANDOM
COMPLETED,0.93,603.0,4187,71,0.069028774626553,0.4113277772031724,382,EDFSMode.RANDOM
COMPLETED,0.93,537.0,4523,28,0.3055584178417921,0.3377113813310861,485,EDFSMode.RANDOM
ABANDONED,,,13,55,0.5310264376066623,0.6995209551956504,691,EDFSMode.RANDOM
COMPLETED,0.9,346.0,3271,83,0.0407082755714654,0.8145124652385711,595,EDFSMode.RANDOM
COMPLETED,0.92,1972.0,1712,23,0.5327129184827208,0.1092134950757026,185,EDFSMode.RANDOM
COMPLETED,0.92,1100.0,1231,56,0.3977458813283592,0.573590741848573,426,EDFSMode.RANDOM
FAILED,,,4025,41,0.9037107762973756,0.3501485599335282,805,EDFSMode.RANDOM
FAILED,,,4758,68,0.6248047935217618,0.4166941126286983,972,EDFSMode.RANDOM
COMPLETED,0.77,109.0,68,27,0.1346468740962445,0.6317951872944831,482,EDFSMode.RANDOM
FAILED,,,2072,95,0.8115275390651076,0.1605345852132886,240,EDFSMode.RANDOM
COMPLETED,0.9,675.0,3028,11,0.3036550056654959,0.8879413918312637,764,EDFSMode.RANDOM
FAILED,,,2638,57,0.8448567034229635,0.704266673495993,140,EDFSMode.RANDOM
COMPLETED,0.8399999999999999,527.0,2342,48,0.3528102403916418,0.4962614677157253,660,EDFSMode.RANDOM
FAILED,,,597,81,0.7168414149563759,0.9606260422319172,872,EDFSMode.RANDOM
COMPLETED,0.93,611.0,4657,15,0.2108574251625686,0.2398887723833322,378,EDFSMode.RANDOM
COMPLETED,0.92,5351.0,4139,93,0.4467887555025518,0.0571781577374786,548,EDFSMode.RANDOM
COMPLETED,0.79,4736.0,685,2,0.9369048566669224,0.7690866587366909,930,EDFSMode.RANDOM
COMPLETED,0.91,365.0,1454,71,0.1167875478584319,0.2978390821069478,717,EDFSMode.RANDOM
COMPLETED,0.93,5100.0,3644,36,0.6246409864332527,0.5284390572458506,310,EDFSMode.RANDOM
COMPLETED,0.91,3095.0,3487,75,0.3384013640508055,0.1465663714017718,784,EDFSMode.RANDOM
FAILED,,,1298,33,0.8305085356868803,0.9297085921671242,405,EDFSMode.RANDOM
COMPLETED,0.92,1004.0,841,89,0.2247723307292908,0.4029543228894472,165,EDFSMode.RANDOM
COMPLETED,0.91,2285.0,4295,5,0.7306956193540244,0.6733035070151091,574,EDFSMode.RANDOM
FAILED,,,4501,76,0.9858456231616436,0.6222259521093219,742,EDFSMode.RANDOM
COMPLETED,0.91,731.0,440,16,0.495790163680911,0.3292818796541541,219,EDFSMode.RANDOM
COMPLETED,0.88,2235.0,2499,62,0.5752062566000968,0.8629192662984133,461,EDFSMode.RANDOM
COMPLETED,0.8499999999999999,171.0,2794,47,0.0672921689059585,0.0886056954115629,952,EDFSMode.RANDOM
COMPLETED,0.92,3203.0,2871,99,0.5188585988320409,0.2568103934526443,343,EDFSMode.RANDOM
COMPLETED,0.91,306.0,1916,9,0.0267932454571127,0.542658597022295,837,EDFSMode.RANDOM
FAILED,,,224,64,0.9180590667221696,0.0159210450109094,624,EDFSMode.RANDOM
COMPLETED,0.91,2696.0,4915,30,0.4121548729222268,0.7835650791283697,105,EDFSMode.RANDOM
COMPLETED,0.92,651.0,3869,51,0.1841421303600072,0.981743929505348,275,EDFSMode.RANDOM
FAILED,,,1074,42,0.6742394081018865,0.191992192775011,681,EDFSMode.RANDOM
COMPLETED,0.9,1124.0,1868,88,0.2546537127401679,0.7256129848416893,895,EDFSMode.RANDOM
COMPLETED,0.92,7293.0,3427,22,0.7625868952590971,0.4481060074921697,512,EDFSMode.RANDOM
FAILED,,,3331,55,0.6891452806089073,0.0744600560646504,759,EDFSMode.RANDOM
COMPLETED,0.92,583.0,1766,39,0.199074622599408,0.8497748858015984,268,EDFSMode.RANDOM
FAILED,,,998,84,0.8720284178890287,0.3152257045432925,477,EDFSMode.RANDOM
COMPLETED,0.91,1124.0,3826,25,0.3641295287236571,0.6089959107264876,1000,EDFSMode.RANDOM
COMPLETED,0.91,475.0,4969,97,0.1049288418795913,0.6592777903061359,830,EDFSMode.RANDOM
COMPLETED,0.8599999999999999,1054.0,284,13,0.597020755501464,0.3896938268225639,420,EDFSMode.RANDOM
COMPLETED,0.78,1382.0,2030,66,0.4581230341643094,0.915532494418323,211,EDFSMode.RANDOM
FAILED,,,2951,26,0.9640615808032452,0.1334524455890059,589,EDFSMode.RANDOM
COMPLETED,0.91,771.0,2715,80,0.3864419365208596,0.4614949995353818,311,EDFSMode.RANDOM
FAILED,,,2385,14,0.8765239562485367,0.7395159310474991,693,EDFSMode.RANDOM
COMPLETED,0.79,134.0,381,59,0.0524757253155112,0.2049795410167425,931,EDFSMode.RANDOM
COMPLETED,0.92,3506.0,4446,49,0.5604241658486426,0.996044716162607,524,EDFSMode.RANDOM
COMPLETED,0.93,13937.0,4338,72,0.78438616588898,0.79658288205415,356,EDFSMode.RANDOM
COMPLETED,0.88,845.0,918,38,0.2923056139852851,0.0301913732662796,875,EDFSMode.RANDOM
FAILED,,,1399,92,0.652409680929035,0.5560171343814581,638,EDFSMode.RANDOM
COMPLETED,0.79,671.0,3584,1,0.1465206856578588,0.2707437980603426,143,EDFSMode.RANDOM
FAILED,,,3740,91,0.9216268376987428,0.902211720086634,964,EDFSMode.RANDOM
COMPLETED,0.92,1344.0,1556,6,0.431484116801992,0.173552388139069,443,EDFSMode.RANDOM
ABANDONED,,,762,72,0.5148273136243224,0.6457285919021813,232,EDFSMode.RANDOM
COMPLETED,0.92,354.0,4182,32,0.006939581695944,0.4300526499878615,724,EDFSMode.RANDOM
ABANDONED,,,4602,61,0.2740588600356131,0.364051506139338,554,EDFSMode.RANDOM
ABANDONED,,,536,45,0.7660787628199905,0.5869797338917851,176,EDFSMode.RANDOM
COMPLETED,0.8699999999999999,274.0,2229,77,0.1642734762690961,0.1235142817329615,385,EDFSMode.RANDOM
ABANDONED,,,2559,18,0.6702231132239103,0.8274998283516615,795,EDFSMode.RANDOM
COMPLETED,0.91,721.0,3107,66,0.2446108889076858,0.5151785611789673,503,EDFSMode.RANDOM
ABANDONED,,,2186,32,0.7347422480862587,0.2838133653979748,910,EDFSMode.RANDOM
ABANDONED,,,128,98,0.3190872331894933,0.7559727329239249,672,EDFSMode.RANDOM
ABANDONED,,,4813,7,0.826925413750112,0.0430020599886775,290,EDFSMode.RANDOM
ABANDONED,,,3983,86,0.5792074384596198,0.2267443918865174,122,EDFSMode.RANDOM
COMPLETED,0.91,262.0,1153,21,0.0871761739570647,0.9464804028850048,617,EDFSMode.RANDOM
ABANDONED,,,1611,53,0.982368861183524,0.4830314263328909,854,EDFSMode.RANDOM
ABANDONED,,,3175,43,0.4763696728609502,0.6902104983851313,335,EDFSMode.RANDOM
ABANDONED,,,3129,68,0.9466931720636784,0.2946923313830047,256,EDFSMode.RANDOM
ABANDONED,,,1578,27,0.4410135655254125,0.5008963181767612,748,EDFSMode.RANDOM
ABANDONED,,,1126,96,0.614997343333438,0.0364560763277113,989,EDFSMode.RANDOM
COMPLETED,0.92,463.0,3932,12,0.1226464896108955,0.7591154395677148,466,EDFSMode.RANDOM
ABANDONED,,,4781,85,0.3468829461559653,0.9418831620905548,410,EDFSMode.RANDOM
ABANDONED,,,82,25,0.8545534707345068,0.2279383556637913,821,EDFSMode.RANDOM
ABANDONED,,,2135,54,0.216685731915757,0.6991397697366774,579,EDFSMode.RANDOM
ABANDONED,,,3080,39,0.7069847545120865,0.4706988779641687,202,EDFSMode.RANDOM
COMPLETED,0.8599999999999999,297.0,2507,92,0.1289096953123807,0.1866236898489296,704,EDFSMode.RANDOM
ABANDONED,,,2202,2,0.6345703259967268,0.8935335404761136,323,EDFSMode.RANDOM
ABANDONED,,,506,71,0.309552077582106,0.429110134864226,535,EDFSMode.RANDOM
ABANDONED,,,4555,36,0.801860994072631,0.651064229125157,942,EDFSMode.RANDOM
ABANDONED,,,4155,59,0.5424476969875395,0.5840884759016334,885,EDFSMode.RANDOM
COMPLETED,0.91,331.0,710,50,0.034758196555078,0.3713358862288296,366,EDFSMode.RANDOM
ABANDONED,,,1508,79,0.8938922460172324,0.8425208246950059,153,EDFSMode.RANDOM
ABANDONED,,,3709,13,0.4035512861888855,0.112886407488957,647,EDFSMode.RANDOM
ABANDONED,,,3552,78,0.6801590547412633,0.744356233049184,445,EDFSMode.RANDOM
COMPLETED,0.89,228.0,1352,19,0.1744377823732793,0.4600579819865524,967,EDFSMode.RANDOM
ABANDONED,,,866,60,0.7567510003950447,0.9868712013307958,727,EDFSMode.RANDOM
ABANDONED,,,4312,45,0.2645027330238371,0.2175563403014093,235,EDFSMode.RANDOM
ABANDONED,,,4399,74,0.0169973493851721,0.0190691155679523,180,EDFSMode.RANDOM
ABANDONED,,,349,33,0.5246261412128806,0.811108424205333,558,EDFSMode.RANDOM
ABANDONED,,,2359,90,0.4217908758614212,0.2775337946955114,800,EDFSMode.RANDOM
ABANDONED,,,2663,6,0.9121925368588418,0.5526304221991449,389,EDFSMode.RANDOM
ABANDONED,,,2923,53,0.486063032772392,0.8524230900201946,907,EDFSMode.RANDOM
ABANDONED,,,1979,44,0.991803280994296,0.0674187371823936,500,EDFSMode.RANDOM
COMPLETED,0.88,266.0,238,86,0.0771182872969657,0.5942191652990878,287,EDFSMode.RANDOM
ABANDONED,,,4937,19,0.5694084919001907,0.3256093353070318,669,EDFSMode.RANDOM
ABANDONED,,,3776,98,0.8362532951459288,0.3768658242616802,612,EDFSMode.RANDOM
ABANDONED,,,970,8,0.3286434791721403,0.6677126782033592,117,EDFSMode.RANDOM
ABANDONED,,,1734,65,0.7248061875980347,0.1341509551741182,331,EDFSMode.RANDOM
ABANDONED,,,3285,30,0.2344464638326317,0.9104408701695502,849,EDFSMode.RANDOM
ABANDONED,,,3396,95,0.2826319902259856,0.5358036460094154,195,EDFSMode.RANDOM
ABANDONED,,,1821,10,0.7902760400678962,0.2592717539183795,605,EDFSMode.RANDOM
COMPLETED,0.9,283.0,1023,69,0.1562780686281621,0.793883811281994,815,EDFSMode.RANDOM
ABANDONED,,,3843,28,0.6466644716113806,0.0012087223101407,436,EDFSMode.RANDOM
ABANDONED,,,544,97,0.9028300749063491,0.8155745182037353,478,EDFSMode.RANDOM
COMPLETED,0.91,1093.0,4396,39,0.2473980306554585,0.3175346735473722,737,EDFSMode.RANDOM
ABANDONED,,,3244,73,0.5455762024130671,0.6898488529622555,982,EDFSMode.RANDOM
COMPLETED,0.92,781.0,1812,18,0.3277427981104701,0.1937567928992211,229,EDFSMode.RANDOM
COMPLETED,0.92,449.0,2324,54,0.0975355365220457,0.0369617750272154,118,EDFSMode.RANDOM
COMPLETED,0.83,8223.0,2739,12,0.7519927511159331,0.5350030724294483,870,EDFSMode.RANDOM
COMPLETED,0.92,6029.0,3970,78,0.4538146946113556,0.4121888930145651,623,EDFSMode.RANDOM
COMPLETED,0.91,5925.0,977,33,0.6726224703472107,0.9082795254271476,363,EDFSMode.RANDOM
COMPLETED,0.89,4667.0,818,65,0.4097603146005421,0.6230258332416415,675,EDFSMode.RANDOM
COMPLETED,0.92,6670.0,4123,20,0.6899684809613972,0.119137730974704,542,EDFSMode.RANDOM
COMPLETED,0.92,449.0,2893,93,0.017540409585461,0.9982524753455072,277,EDFSMode.RANDOM
ABANDONED,,,2165,50,0.8600972335543483,0.4924146598558872,930,EDFSMode.RANDOM
ABANDONED,,,1346,86,0.5908489668313412,0.2749521230775863,823,EDFSMode.RANDOM
COMPLETED,0.92,1280.0,3715,31,0.3096659531537443,0.7788407012280076,170,EDFSMode.RANDOM
ABANDONED,,,4867,58,0.9820941397827118,0.1492259568572044,425,EDFSMode.RANDOM
COMPLETED,0.6,566.0,77,1,0.1405116872470826,0.6550632964633404,558,EDFSMode.RANDOM
COMPLETED,0.8499999999999999,9053.0,189,62,0.7212573525086045,0.3899594543874263,260,EDFSMode.RANDOM
COMPLETED,0.9,778.0,4755,4,0.3777157568112015,0.8821517571173608,955,EDFSMode.RANDOM
ABANDONED,,,3524,83,0.8280393398739397,0.0147321189064532,763,EDFSMode.RANDOM
COMPLETED,0.92,373.0,1537,28,0.048846401784569,0.5088750494476407,448,EDFSMode.RANDOM
COMPLETED,0.92,854.0,1966,89,0.2791080330610275,0.7263319536987692,336,EDFSMode.RANDOM
ABANDONED,,,3093,47,0.6216752573251723,0.2341382233183831,652,EDFSMode.RANDOM
COMPLETED,0.91,394.0,4246,68,0.171351321067661,0.8520578615292906,841,EDFSMode.RANDOM
ABANDONED,,,695,23,0.9515191064737736,0.3579163586385548,145,EDFSMode.RANDOM
COMPLETED,0.88,1253.0,1166,81,0.216625985302031,0.1753614173773676,907,EDFSMode.RANDOM
ABANDONED,,,3779,36,0.9334441613331436,0.6773001521807163,310,EDFSMode.RANDOM
COMPLETED,0.89,831.0,2627,51,0.3583701804615557,0.3010878010913729,509,EDFSMode.RANDOM
COMPLETED,0.8599999999999999,1367.0,2437,9,0.5147870141007006,0.8010778116174042,698,EDFSMode.RANDOM
ABANDONED,,,1691,70,0.783983052611351,0.9578633527159692,591,EDFSMode.RANDOM
COMPLETED,0.92,342.0,3365,15,0.0661905051469802,0.4559241420291363,402,EDFSMode.RANDOM
COMPLETED,0.92,12700.0,4596,100,0.6412641328237951,0.5826364931184798,192,EDFSMode.RANDOM
COMPLETED,0.81,6246.0,342,42,0.4858221465013921,0.0826469584759324,790,EDFSMode.RANDOM
COMPLETED,0.89,233.0,398,74,0.0121048126649111,0.3733406885415315,375,EDFSMode.RANDOM
FAILED,,,4660,17,0.8536872652005403,0.8674517386071384,606,EDFSMode.RANDOM
COMPLETED,0.89,6878.0,3313,96,0.4307589744720607,0.2495663640070706,886,EDFSMode.RANDOM
COMPLETED,0.92,5084.0,1628,40,0.7119419881496578,0.7417296341266482,106,EDFSMode.RANDOM
FAILED,,,2371,77,0.9885042271073908,0.5245163933727889,214,EDFSMode.RANDOM
COMPLETED,0.81,153.0,2572,34,0.1459474031385034,0.0304039156567305,994,EDFSMode.RANDOM
COMPLETED,0.91,5610.0,3841,55,0.5688753406722099,0.8977892902567982,725,EDFSMode.RANDOM
COMPLETED,0.91,458.0,1220,11,0.2886671743113547,0.4056274477876722,493,EDFSMode.RANDOM
COMPLETED,0.9,10323.0,749,94,0.5520167537163942,0.0672530851159244,574,EDFSMode.RANDOM
COMPLETED,0.93,955.0,4307,48,0.3332089779805392,0.5672121594976633,413,EDFSMode.RANDOM
FAILED,,,3038,63,0.8808869303856045,0.4405264578834175,182,EDFSMode.RANDOM
COMPLETED,0.91,1117.0,1900,21,0.2264297157917171,0.9424352157451212,808,EDFSMode.RANDOM
COMPLETED,0.89,6307.0,1474,57,0.4483486337121576,0.7854060111492872,918,EDFSMode.RANDOM
COMPLETED,0.92,2252.0,3472,3,0.6661820380147546,0.2854464608840644,292,EDFSMode.RANDOM
COMPLETED,0.93,500.0,4819,88,0.1185037324149161,0.6616321624983103,527,EDFSMode.RANDOM
FAILED,,,245,30,0.7739357943255453,0.1597238805200904,688,EDFSMode.RANDOM
COMPLETED,0.88,940.0,122,84,0.3647214961759746,0.9237952286768704,129,EDFSMode.RANDOM
COMPLETED,0.9,3273.0,4941,27,0.5201634824983775,0.4277350490894168,853,EDFSMode.RANDOM
COMPLETED,0.91,389.0,3671,60,0.1945897804647684,0.5505225790292024,640,EDFSMode.RANDOM
COMPLETED,0.91,5754.0,1275,6,0.912382327929139,0.052511741887778,352,EDFSMode.RANDOM
FAILED,,,2091,66,0.6358877833969891,0.2095504158213734,460,EDFSMode.RANDOM
COMPLETED,0.89,4095.0,2848,24,0.4794709497578442,0.7056120230592787,748,EDFSMode.RANDOM
FAILED,,,4196,91,0.8050447670444845,0.3333244931194931,971,EDFSMode.RANDOM
COMPLETED,0.92,565.0,860,45,0.0882265910133719,0.8313339026104659,247,EDFSMode.RANDOM
FAILED,,,1019,52,0.8226325264684856,0.639517136670649,778,EDFSMode.RANDOM
COMPLETED,0.92,753.0,4042,7,0.0424647410623729,0.1337102573253214,209,EDFSMode.RANDOM
FAILED,,,2694,80,0.7422886029630898,0.7632907380852848,386,EDFSMode.RANDOM
COMPLETED,0.81,703.0,2250,37,0.399721378698945,0.2594326127599924,603,EDFSMode.RANDOM
COMPLETED,0.91,459.0,1741,99,0.1777331007607281,0.4766514934767037,714,EDFSMode.RANDOM
FAILED,,,3200,44,0.9569260388500987,0.9824588487055153,496,EDFSMode.RANDOM
COMPLETED,0.93,883.0,4470,71,0.257102292202413,0.1033783679455518,322,EDFSMode.RANDOM
COMPLETED,0.79,9941.0,588,14,0.600643887899816,0.6072360173873603,892,EDFSMode.RANDOM
COMPLETED,0.8599999999999999,748.0,582,57,0.2989662474580109,0.1294690749701112,619,EDFSMode.RANDOM
COMPLETED,0.92,1001.0,4513,11,0.5781845761723816,0.6294891851264983,373,EDFSMode.RANDOM
COMPLETED,0.92,1232.0,3126,76,0.1278628817722201,0.2532424514554441,108,EDFSMode.RANDOM
FAILED,,,1774,34,0.971379086844623,0.7552122376561164,874,EDFSMode.RANDOM
FAILED,,,2207,94,0.7026175225190818,0.972674793023616,993,EDFSMode.RANDOM
COMPLETED,0.92,1237.0,2700,40,0.4204751277379691,0.4726542069837451,226,EDFSMode.RANDOM
FAILED,,,4009,75,0.8707971753329039,0.5994009406547993,481,EDFSMode.RANDOM
COMPLETED,0.9,209.0,1093,17,0.0302045604437589,0.0974316303376108,727,EDFSMode.RANDOM
FAILED,,,934,87,0.7646113361306487,0.4357985573299228,421,EDFSMode.RANDOM
COMPLETED,0.92,427.0,4163,29,0.1082198931165039,0.9299703977927564,568,EDFSMode.RANDOM
FAILED,,,2854,58,0.6832919555827975,0.0625242290776222,813,EDFSMode.RANDOM
COMPLETED,0.77,1283.0,2049,3,0.4664483889266848,0.5547482970301061,173,EDFSMode.RANDOM
COMPLETED,0.93,816.0,1308,64,0.2367287815026938,0.7115432963129134,287,EDFSMode.RANDOM
FAILED,,,3597,22,0.8901961584500968,0.217370028199628,927,EDFSMode.RANDOM
COMPLETED,0.92,1159.0,4984,93,0.3151244491785764,0.8353161969147622,679,EDFSMode.RANDOM
COMPLETED,0.79,4062.0,115,48,0.534891606017947,0.3430935566127299,532,EDFSMode.RANDOM
COMPLETED,0.8,173.0,307,90,0.078892609572038,0.5770421397946774,851,EDFSMode.RANDOM
FAILED,,,4794,45,0.7947514044996351,0.0711744626164436,141,EDFSMode.RANDOM
COMPLETED,0.93,1985.0,3485,67,0.4965751511473208,0.9503157374914736,340,EDFSMode.RANDOM
COMPLETED,0.91,10468.0,1419,25,0.6539818224329501,0.4463968217689543,642,EDFSMode.RANDOM
FAILED,,,1926,61,0.9226909206043928,0.2896112620811909,760,EDFSMode.RANDOM
COMPLETED,0.91,686.0,2976,6,0.2039085354935377,0.7954794151429087,458,EDFSMode.RANDOM
COMPLETED,0.92,2787.0,4363,84,0.5020846735928207,0.1658381402678787,249,EDFSMode.RANDOM
COMPLETED,0.8499999999999999,493.0,735,26,0.3476020683739334,0.669756580106914,959,EDFSMode.RANDOM
COMPLETED,0.92,8464.0,1207,72,0.6109524731393903,0.8615659103672951,203,EDFSMode.RANDOM
COMPLETED,0.91,882.0,3896,14,0.266421039795503,0.3654447024408727,787,EDFSMode.RANDOM
FAILED,,,2510,97,0.9388472225088627,0.7377932644374668,595,EDFSMode.RANDOM
COMPLETED,0.88,247.0,2397,43,0.1606136655230075,0.2397213915213942,391,EDFSMode.RANDOM
COMPLETED,0.92,1097.0,1573,79,0.3903874046932905,0.0222645058594644,505,EDFSMode.RANDOM
FAILED,,,3326,37,0.7319952478539198,0.5183871414363384,709,EDFSMode.RANDOM
COMPLETED,0.91,288.0,4635,54,0.059568949887529,0.3955385794397443,897,EDFSMode.RANDOM
COMPLETED,0.8699999999999999,6687.0,461,8,0.840726572940126,0.8936090247053652,314,EDFSMode.RANDOM
FAILED,,,358,77,0.6632980047166348,0.6852418268136679,742,EDFSMode.RANDOM
COMPLETED,0.92,1652.0,4543,32,0.443530847877264,0.1814147528856992,469,EDFSMode.RANDOM
COMPLETED,0.93,7839.0,3430,55,0.7691026612482965,0.810968465199694,238,EDFSMode.RANDOM
COMPLETED,0.9,206.0,1668,12,0.1156352843008935,0.3051916854847222,976,EDFSMode.RANDOM
COMPLETED,0.82,2083.0,2489,74,0.3380418712571263,0.4622209012340754,862,EDFSMode.RANDOM
COMPLETED,0.92,909.0,2611,19,0.5548854379132389,0.966048451045528,123,EDFSMode.RANDOM
COMPLETED,0.93,1165.0,3803,96,0.2293135092891752,0.0869947387315332,358,EDFSMode.RANDOM
FAILED,,,1102,39,0.8857049523033201,0.5927710425630212,631,EDFSMode.RANDOM
COMPLETED,0.9,277.0,630,60,0.1508107529580593,0.878032408369705,544,EDFSMode.RANDOM
COMPLETED,0.91,1598.0,4269,1,0.991403367847204,0.3800533364508301,663,EDFSMode.RANDOM
COMPLETED,0.8699999999999999,1548.0,3077,85,0.2915814243517815,0.5028067217506467,943,EDFSMode.RANDOM
COMPLETED,0.7299999999999999,3297.0,2018,31,0.5737238191328942,0.0067754520848393,275,EDFSMode.RANDOM
FAILED,,,1514,91,0.8507727753594517,0.2239886816851794,157,EDFSMode.RANDOM
COMPLETED,0.9,246.0,3589,50,0.0072565702870488,0.7219691812545062,825,EDFSMode.RANDOM
FAILED,,,4702,66,0.7070783985294402,0.3497157959546893,556,EDFSMode.RANDOM
COMPLETED,0.83,1138.0,204,20,0.4278600698150694,0.8457456379700452,437,EDFSMode.RANDOM
FAILED,,,5,69,0.9618276991490274,0.1128864167835563,947,EDFSMode.RANDOM
COMPLETED,0.92,632.0,4902,23,0.1806700760964304,0.6147643611896783,265,EDFSMode.RANDOM
FAILED,,,3711,88,0.6035964484196155,0.4881128042154014,442,EDFSMode.RANDOM
COMPLETED,0.91,1426.0,1391,46,0.2619886052589863,0.9880420169085264,772,EDFSMode.RANDOM
COMPLETED,0.77,150.0,2130,82,0.0395124203432351,0.7708231250382959,658,EDFSMode.RANDOM
FAILED,,,2965,28,0.8177459773290902,0.2689447047486901,327,EDFSMode.RANDOM
COMPLETED,0.92,1608.0,4078,63,0.3948199582006782,0.645096261722967,153,EDFSMode.RANDOM
COMPLETED,0.8499999999999999,3522.0,822,5,0.7393513915445655,0.1451675249133259,836,EDFSMode.RANDOM
COMPLETED,0.92,2515.0,981,99,0.4764881724957376,0.3277301397956907,298,EDFSMode.RANDOM
ABANDONED,,,3924,42,0.630970777714625,0.819861406750977,909,EDFSMode.RANDOM
COMPLETED,0.88,222.0,2811,70,0.0832947139721363,0.2020028005968779,696,EDFSMode.RANDOM
ABANDONED,,,2288,16,0.8020770990829915,0.6960847027990967,521,EDFSMode.RANDOM
COMPLETED,0.93,3296.0,1857,52,0.5250955993402749,0.5390460400190203,404,EDFSMode.RANDOM
COMPLETED,0.91,505.0,3240,9,0.3676889280546456,0.0469133454132825,579,EDFSMode.RANDOM
ABANDONED,,,4431,81,0.9153653449919074,0.9142719515673816,802,EDFSMode.RANDOM
COMPLETED,0.92,382.0,472,35,0.1995065500643104,0.4201914770156144,191,EDFSMode.RANDOM
ABANDONED,,,494,64,0.5054431822430341,0.993458258755505,881,EDFSMode.RANDOM
COMPLETED,0.91,1906.0,4445,21,0.3480519771706312,0.4974280784167349,113,EDFSMode.RANDOM
ABANDONED,,,3214,94,0.92690038699843,0.6201848859880119,368,EDFSMode.RANDOM
COMPLETED,0.92,676.0,1842,49,0.2110570582840591,0.122205022169277,615,EDFSMode.RANDOM
ABANDONED,,,2276,87,0.4958966955896467,0.1544917739797383,732,EDFSMode.RANDOM
ABANDONED,,,2788,30,0.6503643104787916,0.6505224302019924,485,EDFSMode.RANDOM
COMPLETED,0.92,752.0,3941,57,0.0715157853979617,0.2782656226307153,219,EDFSMode.RANDOM
COMPLETED,0.82,2743.0,1005,2,0.7902831801790743,0.7762450105659663,988,EDFSMode.RANDOM
COMPLETED,0.93,660.0,847,95,0.0591646478306502,0.6945583920348435,174,EDFSMode.RANDOM
ABANDONED,,,4094,41,0.8373832144867628,0.1887824860122054,815,EDFSMode.RANDOM
COMPLETED,0.91,1749.0,2942,75,0.3832846447918564,0.8183327165693045,567,EDFSMode.RANDOM
COMPLETED,0.78,3629.0,2117,16,0.7278010878060012,0.3145045904926955,418,EDFSMode.RANDOM
ABANDONED,,,1376,56,0.9424188823457808,0.406975393332541,533,EDFSMode.RANDOM
COMPLETED,0.91,233.0,3685,10,0.16127672550641,0.9127527270056308,682,EDFSMode.RANDOM
ABANDONED,,,4916,76,0.6153751799482851,0.0337024964485317,926,EDFSMode.RANDOM
COMPLETED,0.75,272.0,28,35,0.2737828030008822,0.5375291948746889,285,EDFSMode.RANDOM
ABANDONED,,,219,80,0.8701206567697227,0.3036624078843742,648,EDFSMode.RANDOM
COMPLETED,0.92,535.0,4725,38,0.0265889854840934,0.7977435181867331,345,EDFSMode.RANDOM
ABANDONED,,,3573,53,0.6952387613505125,0.1798888064697384,135,EDFSMode.RANDOM
COMPLETED,0.89,2374.0,1488,7,0.4160049664229154,0.672021162752062,847,EDFSMode.RANDOM
COMPLETED,0.91,335.0,1994,71,0.13121946086362,0.579559829249978,964,EDFSMode.RANDOM
ABANDONED,,,3064,13,0.9718270660825072,0.0854782430641353,253,EDFSMode.RANDOM
COMPLETED,0.92,3424.0,938,99,0.4009242708683014,0.7423820322751999,110,EDFSMode.RANDOM
COMPLETED,0.91,4967.0,4073,7,0.7650850623380393,0.4782029805220663,754,EDFSMode.RANDOM
COMPLETED,0.8499999999999999,1126.0,2651,73,0.2055441897828131,0.924446676917374,884,EDFSMode.RANDOM
COMPLETED,0.66,1239.0,2016,30,0.5667191516440361,0.1594421342611312,452,EDFSMode.RANDOM
ABANDONED,,,1857,62,0.9249354259856044,0.1067429933715611,418,EDFSMode.RANDOM
COMPLETED,0.91,965.0,3741,44,0.2833166573643684,0.871751462066546,889,EDFSMode.RANDOM
ABANDONED,,,4544,85,0.7490475147403776,0.2887991371732205,576,EDFSMode.RANDOM
COMPLETED,0.8499999999999999,159.0,160,17,0.1044429490417242,0.5529821093883365,316,EDFSMode.RANDOM
ABANDONED,,,361,64,0.6445175251327455,0.7663551609665155,669,EDFSMode.RANDOM
COMPLETED,0.92,974.0,4745,32,0.002835917584598,0.0013486032411456,195,EDFSMode.RANDOM
ABANDONED,,,3240,91,0.9675725078694521,0.5881722700186073,536,EDFSMode.RANDOM
COMPLETED,0.9,849.0,1355,9,0.3230269294157624,0.3239950009696185,800,EDFSMode.RANDOM
COMPLETED,0.81,239.0,2451,76,0.1823917258772999,0.3806349645908921,974,EDFSMode.RANDOM
COMPLETED,0.92,1262.0,3086,19,0.5464934083428233,0.6448159217368811,334,EDFSMode.RANDOM
COMPLETED,0.92,2911.0,3962,54,0.4859545359853655,0.2024586765263229,232,EDFSMode.RANDOM
ABANDONED,,,827,46,0.8471922178026288,0.9674689223486928,661,EDFSMode.RANDOM
COMPLETED,0.89,224.0,670,55,0.034688869068399,0.2764006584938615,493,EDFSMode.RANDOM
ABANDONED,,,3805,48,0.6785796727444977,0.5112215082179755,850,EDFSMode.RANDOM
COMPLETED,0.9,1835.0,2929,81,0.3529317328874021,0.0805533890221267,728,EDFSMode.RANDOM
ABANDONED,,,2294,24,0.9957859284933656,0.8125487422663717,130,EDFSMode.RANDOM
COMPLETED,0.93,3839.0,1510,93,0.5124541328810154,0.8882540240436791,290,EDFSMode.RANDOM
COMPLETED,0.9,396.0,3395,11,0.1505311305150389,0.1562623588964343,595,EDFSMode.RANDOM
ABANDONED,,,4901,69,0.8190016693286598,0.6924134764261543,930,EDFSMode.RANDOM
COMPLETED,0.89,2428.0,516,37,0.4560420886352658,0.4575963147990405,385,EDFSMode.RANDOM
ABANDONED,,,5,84,0.7929253624267875,0.2382347157169133,822,EDFSMode.RANDOM
ABANDONED,,,4389,16,0.4309433133304119,0.9702282918337732,520,EDFSMode.RANDOM
ABANDONED,,,3587,57,0.6004081787206232,0.4301678212266415,158,EDFSMode.RANDOM
COMPLETED,0.91,1285.0,1702,39,0.2375113774687051,0.6649906860198825,699,EDFSMode.RANDOM
COMPLETED,0.79,1448.0,2173,71,0.2532748050261288,0.601022146489471,624,EDFSMode.RANDOM
ABANDONED,,,2808,28,0.8971027102898806,0.3662032077349722,262,EDFSMode.RANDOM
COMPLETED,0.92,1833.0,2697,5,0.6644672355651854,0.7685974421501159,138,EDFSMode.RANDOM
COMPLETED,0.82,227.0,403,94,0.0420816111732274,0.1320901584774255,789,EDFSMode.RANDOM
ABANDONED,,,1270,26,0.9641081829946488,0.6886648799497634,659,EDFSMode.RANDOM
COMPLETED,0.93,1257.0,4366,65,0.3429227125830948,0.332905540915206,409,EDFSMode.RANDOM
COMPLETED,0.93,376.0,4933,39,0.154354297561571,0.4126987110804766,513,EDFSMode.RANDOM
COMPLETED,0.91,7446.0,1915,53,0.5309404179491102,0.5501531642507762,763,EDFSMode.RANDOM
COMPLETED,0.88,2919.0,1086,17,0.4782350673377513,0.1144223948605358,893,EDFSMode.RANDOM
ABANDONED,,,3304,81,0.8540778447110206,0.9692497852332888,242,EDFSMode.RANDOM
COMPLETED,0.91,983.0,3718,36,0.3835901759304106,0.5760016670301557,860,EDFSMode.RANDOM
COMPLETED,0.92,11314.0,642,75,0.7596451936196535,0.4618774016574025,208,EDFSMode.RANDOM
COMPLETED,0.88,522.0,2292,7,0.2470766234118491,0.9054050795082002,339,EDFSMode.RANDOM
ABANDONED,,,4606,96,0.6233895829617976,0.0116537513379007,588,EDFSMode.RANDOM
ABANDONED,,,3922,20,0.933789882319048,0.242762633671984,692,EDFSMode.RANDOM
COMPLETED,0.93,1210.0,1685,84,0.3128185557574033,0.8558188477065413,442,EDFSMode.RANDOM
COMPLETED,0.8,6856.0,75,47,0.6967690297551453,0.2914472252093255,312,EDFSMode.RANDOM
COMPLETED,0.89,238.0,3073,61,0.0741083335559815,0.6862513764463364,963,EDFSMode.RANDOM
COMPLETED,0.91,11268.0,2870,45,0.7837277095206082,0.0656349511463195,413,EDFSMode.RANDOM
COMPLETED,0.81,4572.0,242,59,0.40835983598046,0.95931721672602,606,EDFSMode.RANDOM
COMPLETED,0.91,4337.0,1757,24,0.5856929960716515,0.3912003577500581,821,EDFSMode.RANDOM
COMPLETED,0.91,2160.0,3896,88,0.2086319718509912,0.505134686127305,114,EDFSMode.RANDOM
COMPLETED,0.93,883.0,4463,10,0.2724569321293383,0.7413583752997219,235,EDFSMode.RANDOM
ABANDONED,,,2403,99,0.894111592054367,0.3467289327867328,942,EDFSMode.RANDOM
COMPLETED,0.89,177.0,927,33,0.0969574486948549,0.7862049646805971,728,EDFSMode.RANDOM
ABANDONED,,,3475,72,0.7188738910090177,0.1732025849651545,534,EDFSMode.RANDOM
COMPLETED,0.91,265.0,3256,13,0.0042308324575424,0.2779817943815142,564,EDFSMode.RANDOM
FAILED,,,1097,77,0.626420435609296,0.6336872990969568,371,EDFSMode.RANDOM
COMPLETED,0.9,559.0,2144,42,0.3670984997879713,0.2020081087425351,156,EDFSMode.RANDOM
FAILED,,,4751,56,0.9885409193970262,0.8383406762555241,863,EDFSMode.RANDOM
COMPLETED,0.9,5918.0,4067,29,0.5533954997044057,0.9149644587002694,985,EDFSMode.RANDOM
COMPLETED,0.93,732.0,1538,68,0.1766095398552715,0.0603270053230226,277,EDFSMode.RANDOM
COMPLETED,0.82,4006.0,531,2,0.8140493339449167,0.6206470153238623,492,EDFSMode.RANDOM
COMPLETED,0.8599999999999999,8027.0,2610,91,0.4384673165548592,0.4832616247441619,686,EDFSMode.RANDOM
COMPLETED,0.92,562.0,2576,28,0.2288185951132327,0.1620533738583326,260,EDFSMode.RANDOM
FAILED,,,574,64,0.6044300726652145,0.7964291679710149,904,EDFSMode.RANDOM
COMPLETED,0.9,2971.0,1422,7,0.4037060533501207,0.3666764487642794,753,EDFSMode.RANDOM
ABANDONED,,,4186,93,0.780523466123268,0.7204251800794154,496,EDFSMode.RANDOM
COMPLETED,0.92,4053.0,4791,18,0.7147530978806316,0.516367176843807,389,EDFSMode.RANDOM
COMPLETED,0.76,166.0,2106,79,0.0933420419674366,0.3809233313929289,646,EDFSMode.RANDOM
ABANDONED,,,1218,41,0.9138870519865304,0.9393321059532465,797,EDFSMode.RANDOM
COMPLETED,0.92,1172.0,3142,52,0.2917269982248544,0.0866361977048218,153,EDFSMode.RANDOM
ABANDONED,,,3586,9,0.9459399479608984,0.4954802036657929,947,EDFSMode.RANDOM
COMPLETED,0.91,1113.0,803,94,0.323994045484811,0.6074729869142174,303,EDFSMode.RANDOM
COMPLETED,0.8599999999999999,8788.0,2432,38,0.6846760664135217,0.041267311329022,454,EDFSMode.RANDOM
COMPLETED,0.91,508.0,4415,73,0.0629899535644799,0.9330080317799002,711,EDFSMode.RANDOM
COMPLETED,0.91,4853.0,3771,50,0.4961899578571319,0.8261596921291202,603,EDFSMode.RANDOM
FAILED,,,1867,61,0.8732196183819324,0.2151140858139842,347,EDFSMode.RANDOM
COMPLETED,0.88,282.0,198,22,0.1344197317492216,0.6526637134812772,195,EDFSMode.RANDOM
COMPLETED,0.8699999999999999,12115.0,2903,83,0.5097580558992922,0.2599910443685948,839,EDFSMode.RANDOM
COMPLETED,0.91,718.0,3031,25,0.3461293335389346,0.98824160820432,544,EDFSMode.RANDOM
FAILED,,,112,86,0.9687586362995207,0.0964471724051982,745,EDFSMode.RANDOM
COMPLETED,0.91,231.0,1568,46,0.0233421495854854,0.5379875849932431,924,EDFSMode.RANDOM
COMPLETED,0.92,7284.0,4038,57,0.6442839564997703,0.4258202119916677,224,EDFSMode.RANDOM
FAILED,,,4643,35,0.8348053936213254,0.3138608948774636,106,EDFSMode.RANDOM
COMPLETED,0.8,9747.0,2250,71,0.4584629441667348,0.7067233820147812,806,EDFSMode.RANDOM
COMPLETED,0.88,1503.0,755,12,0.5345582022350281,0.1443237890731543,627,EDFSMode.RANDOM
COMPLETED,0.93,618.0,3597,98,0.1584717613644897,0.7554383390080183,426,EDFSMode.RANDOM
COMPLETED,0.91,3430.0,3426,44,0.5646318950820715,0.6662512177173047,674,EDFSMode.RANDOM
COMPLETED,0.91,424.0,975,55,0.1888205111473798,0.3124335427824407,474,EDFSMode.RANDOM
COMPLETED,0.92,13194.0,1963,15,0.802748222131282,0.8670362867489457,294,EDFSMode.RANDOM
COMPLETED,0.9,11486.0,4902,76,0.4261916213911026,0.232470674611628,995,EDFSMode.RANDOM
COMPLETED,0.91,314.0,4258,3,0.1177443515695631,0.0315858587287366,877,EDFSMode.RANDOM
ABANDONED,,,1396,89,0.7389593118857593,0.884456356730312,176,EDFSMode.RANDOM
COMPLETED,0.8699999999999999,396.0,370,30,0.2536497045475989,0.4507127856817096,356,EDFSMode.RANDOM
ABANDONED,,,2743,66,0.8760667595565319,0.5862103464808314,557,EDFSMode.RANDOM
COMPLETED,0.8599999999999999,793.0,2811,40,0.3035162047669291,0.3036517265308648,911,EDFSMode.RANDOM
ABANDONED,,,340,51,0.9254316692892463,0.6594105896819383,267,EDFSMode.RANDOM
COMPLETED,0.92,284.0,1347,19,0.065902038892731,0.2237187200486659,503,EDFSMode.RANDOM
ABANDONED,,,4267,80,0.687557684045285,0.8602264721691608,760,EDFSMode.RANDOM
ABANDONED,,,4873,5,0.7533842065390199,0.8776524981297552,638,EDFSMode.RANDOM
ABANDONED,,,2032,91,0.3763241080604493,0.0228246318735182,381,EDFSMode.RANDOM
ABANDONED,,,985,28,0.6160327477529643,0.579375674424693,146,EDFSMode.RANDOM
ABANDONED,,,3378,64,0.240663955906406,0.4419216971378773,789,EDFSMode.RANDOM
COMPLETED,0.93,906.0,3666,21,0.521607231196016,0.1032514994535595,309,EDFSMode.RANDOM
COMPLETED,0.8499999999999999,272.0,726,82,0.1460261915978044,0.9970023517403752,953,EDFSMode.RANDOM
ABANDONED,,,2202,50,0.8458414727244526,0.4326544007286429,717,EDFSMode.RANDOM
ABANDONED,,,4654,61,0.4690545276477933,0.5467791419848799,460,EDFSMode.RANDOM
COMPLETED,0.92,533.0,4008,37,0.0357907549683004,0.7155056518428027,339,EDFSMode.RANDOM
ABANDONED,,,1635,73,0.6572322488352657,0.3207010247223079,596,EDFSMode.RANDOM
COMPLETED,0.7299999999999999,460.0,121,10,0.3355348334126174,0.7641897953804582,832,EDFSMode.RANDOM
ABANDONED,,,2982,96,0.9577253548707813,0.1511340572293847,188,EDFSMode.RANDOM
COMPLETED,0.89,218.0,2951,12,0.1859156235568225,0.6006303958594797,738,EDFSMode.RANDOM
ABANDONED,,,188,98,0.561757475188002,0.4866965433657169,537,EDFSMode.RANDOM
ABANDONED,,,1798,33,0.4466776116136461,0.9261962541807442,217,EDFSMode.RANDOM
ABANDONED,,,3800,69,0.8232646503075957,0.0325135127175599,918,EDFSMode.RANDOM
ABANDONED,,,4406,47,0.632677541265264,0.2063548219781368,814,EDFSMode.RANDOM
ABANDONED,,,2482,58,0.0114930486455559,0.8193576775770633,113,EDFSMode.RANDOM
ABANDONED,,,832,25,0.9958941408656536,0.2512019188441336,434,EDFSMode.RANDOM
ABANDONED,,,3518,85,0.3735075238104909,0.6458308854736386,634,EDFSMode.RANDOM
ABANDONED,,,3191,31,0.9034487792029976,0.805187948487699,467,EDFSMode.RANDOM
ABANDONED,,,1209,67,0.2807890087459236,0.1688558568581938,668,EDFSMode.RANDOM
FAILED,,,3354,42,0.7670461214780807,0.0448433386981487,843,EDFSMode.RANDOM
COMPLETED,0.92,436.0,1401,83,0.0854375169184058,0.7152317334953695,380,EDFSMode.RANDOM
COMPLETED,0.92,622.0,284,16,0.5824179975371808,0.3864796725939959,210,EDFSMode.RANDOM
COMPLETED,0.92,1390.0,4422,58,0.2662892368007451,0.8700440692715345,563,EDFSMode.RANDOM
COMPLETED,0.91,315.0,3770,11,0.1412910775057971,0.99137337882258,754,EDFSMode.RANDOM
ABANDONED,,,877,64,0.9476573659107088,0.2583204832822084,230,EDFSMode.RANDOM
COMPLETED,0.93,2266.0,1977,35,0.4467708633989095,0.5929125268124043,514,EDFSMode.RANDOM
ABANDONED,,,2680,89,0.6381570932753384,0.172043206391856,920,EDFSMode.RANDOM
COMPLETED,0.91,1672.0,3122,22,0.4201780491080134,0.3243156218901276,428,EDFSMode.RANDOM
ABANDONED,,,2262,55,0.7287698006872086,0.93232899438031,781,EDFSMode.RANDOM
COMPLETED,0.91,823.0,1133,46,0.2276319573391228,0.231757389402017,611,EDFSMode.RANDOM
ABANDONED,,,4182,81,0.9172953759711236,0.5281968083865941,148,EDFSMode.RANDOM
COMPLETED,0.92,1416.0,4776,28,0.55060259809345,0.6553813808877021,296,EDFSMode.RANDOM
COMPLETED,0.8599999999999999,1739.0,481,99,0.3667534442953765,0.1094534779116511,701,EDFSMode.RANDOM
COMPLETED,0.8399999999999999,7249.0,1589,3,0.8640003750510514,0.8041545247472822,986,EDFSMode.RANDOM
COMPLETED,0.92,565.0,3698,75,0.049579308822751,0.4456602117624133,463,EDFSMode.RANDOM
COMPLETED,0.91,3641.0,3502,6,0.6914959331024438,0.6155674275811761,581,EDFSMode.RANDOM
COMPLETED,0.92,1736.0,1863,72,0.3761024755518883,0.1323231238909065,170,EDFSMode.RANDOM
ABANDONED,,,441,32,0.8770991227831691,0.9540993337109684,342,EDFSMode.RANDOM
COMPLETED,0.91,485.0,4894,97,0.1942756741289049,0.2834214288759976,860,EDFSMode.RANDOM
COMPLETED,0.91,1142.0,4221,49,0.337784241694957,0.4086491740681231,896,EDFSMode.RANDOM
COMPLETED,0.91,6307.0,1017,78,0.528435279920697,0.8298385837581008,545,EDFSMode.RANDOM
COMPLETED,0.91,281.0,2457,25,0.0313293668255209,0.0061054815668612,263,EDFSMode.RANDOM
FAILED,,,2849,53,0.8389106415323913,0.7388688559159636,728,EDFSMode.RANDOM
COMPLETED,0.92,695.0,2642,32,0.1183413018565624,0.7668804814945906,124,EDFSMode.RANDOM
FAILED,,,2093,92,0.8087303795982153,0.4707611554972827,642,EDFSMode.RANDOM
COMPLETED,0.8599999999999999,657.0,683,8,0.3118605790678411,0.6780362797975539,813,EDFSMode.RANDOM
COMPLETED,0.93,13695.0,4042,66,0.6192316188719122,0.0697333972696214,402,EDFSMode.RANDOM
ABANDONED,,,4618,14,0.9732606297582388,0.1930195304118096,481,EDFSMode.RANDOM
COMPLETED,0.5999999999999999,162.0,9,61,0.1581137928850948,0.551833932666108,947,EDFSMode.RANDOM
FAILED,,,1441,39,0.6588896747939289,0.3464851252231747,664,EDFSMode.RANDOM
COMPLETED,0.93,2412.0,3235,85,0.4762611063644289,0.8921235070079565,313,EDFSMode.RANDOM
COMPLETED,0.89,598.0,3184,18,0.248212527545169,0.7216665760558097,940,EDFSMode.RANDOM
FAILED,,,1542,59,0.9298210828434677,0.0198660531006753,501,EDFSMode.RANDOM
COMPLETED,0.8599999999999999,1069.0,140,44,0.4329626812096685,0.8158076788038015,223,EDFSMode.RANDOM
FAILED,,,4594,84,0.7490914159212261,0.4260608742628246,769,EDFSMode.RANDOM
FAILED,,,3939,36,0.8433894077874718,0.3047201137654483,565,EDFSMode.RANDOM
COMPLETED,0.92,595.0,737,91,0.0370230859220027,0.94397831906192,186,EDFSMode.RANDOM
COMPLETED,0.81,624.0,2119,13,0.5377875689342618,0.1421662541870027,354,EDFSMode.RANDOM
COMPLETED,0.8399999999999999,1333.0,2508,65,0.3464013130329549,0.5944857139587402,848,EDFSMode.RANDOM
COMPLETED,0.9,2143.0,2940,45,0.5640759981106966,0.8783324789311737,441,EDFSMode.RANDOM
COMPLETED,0.82,1688.0,2395,80,0.2554843394774943,0.3636569485403597,987,EDFSMode.RANDOM
COMPLETED,0.89,11773.0,1003,20,0.7565000146124511,0.5343917759284376,708,EDFSMode.RANDOM
COMPLETED,0.93,646.0,4362,54,0.066836681490764,0.2070199788231402,269,EDFSMode.RANDOM
COMPLETED,0.78,1611.0,4958,1,0.4652041729688644,0.0798239553757011,136,EDFSMode.RANDOM
FAILED,,,348,74,0.6490534197129308,0.6567071383651346,630,EDFSMode.RANDOM
COMPLETED,0.9,273.0,1720,27,0.1519284787140786,0.4918124125767499,797,EDFSMode.RANDOM
FAILED,,,3518,98,0.9663496304526924,0.7570068946555257,418,EDFSMode.RANDOM
COMPLETED,0.91,922.0,3635,30,0.2932454076502472,0.1813990301415324,738,EDFSMode.RANDOM
COMPLETED,0.92,13292.0,1681,95,0.6086389507111161,0.5713435103613883,246,EDFSMode.RANDOM
COMPLETED,0.89,222.0,621,4,0.107520165009424,0.2801064747180789,527,EDFSMode.RANDOM
ABANDONED,,,4763,70,0.7903437066096812,0.9817396670021116,907,EDFSMode.RANDOM
ABANDONED,,,4088,24,0.6775352432690561,0.8565004708636552,888,EDFSMode.RANDOM
COMPLETED,0.92,1444.0,1199,51,0.4868842905536294,0.4043786756172776,336,EDFSMode.RANDOM
ABANDONED,,,2277,47,0.9841121636629104,0.6975421470887959,169,EDFSMode.RANDOM
COMPLETED,0.9,357.0,2980,77,0.176530981902033,0.0581166074033826,603,EDFSMode.RANDOM
COMPLETED,0.91,7425.0,2782,9,0.8974046174641698,0.4671987716704606,308,EDFSMode.RANDOM
COMPLETED,0.91,1122.0,1924,68,0.207015513697639,0.7947682444546371,689,EDFSMode.RANDOM
ABANDONED,,,854,34,0.7040074229557067,0.1190567331891506,970,EDFSMode.RANDOM
COMPLETED,0.93,1146.0,3900,94,0.396636349691078,0.6335649329088628,478,EDFSMode.RANDOM
COMPLETED,0.93,465.0,4478,41,0.0109325620010495,0.5102673488203436,387,EDFSMode.RANDOM
FAILED,,,179,87,0.8260793728493154,0.2452705312669277,821,EDFSMode.RANDOM
COMPLETED,0.9,454.0,1269,15,0.3251814416982233,0.9190252691321074,655,EDFSMode.RANDOM
COMPLETED,0.92,6473.0,3379,63,0.5078099766671657,0.3419747517537325,104,EDFSMode.RANDOM
COMPLETED,0.92,414.0,3434,12,0.3688583782557398,0.7833275909628717,498,EDFSMode.RANDOM
COMPLETED,0.89,8861.0,1325,66,0.5602541443910449,0.4557769118584692,936,EDFSMode.RANDOM
COMPLETED,0.77,120.0,198,38,0.0632584280651062,0.6304016703292727,766,EDFSMode.RANDOM
FAILED,,,4493,90,0.8696304530967027,0.1159051409084349,218,EDFSMode.RANDOM
COMPLETED,0.92,10119.0,3840,43,0.7227130707912147,0.2411405299790203,198,EDFSMode.RANDOM
COMPLETED,0.9,8314.0,792,84,0.4065595975741744,0.5061485047694295,575,EDFSMode.RANDOM
FAILED,,,1901,19,0.9074613357931376,0.329551625655964,860,EDFSMode.RANDOM
COMPLETED,0.91,698.0,2761,59,0.2258318490572273,0.9066214349046348,364,EDFSMode.RANDOM
FAILED,,,3042,26,0.9418976635243744,0.5681776304226369,999,EDFSMode.RANDOM
COMPLETED,0.8499999999999999,379.0,2338,99,0.1274974580947309,0.1782519587539136,451,EDFSMode.RANDOM
COMPLETED,0.9,2318.0,1219,2,0.6286200508642941,0.9703016308695078,280,EDFSMode.RANDOM
COMPLETED,0.91,7968.0,4111,73,0.4447955574970692,0.2686800940129905,717,EDFSMode.RANDOM
COMPLETED,0.92,330.0,4705,20,0.0873521402403712,0.3919586427621543,627,EDFSMode.RANDOM
COMPLETED,0.93,8221.0,566,55,0.7770097553245722,0.8440916398596018,132,EDFSMode.RANDOM
COMPLETED,0.93,719.0,1665,45,0.2797780751474201,0.05398351287283,416,EDFSMode.RANDOM
COMPLETED,0.91,12855.0,3617,79,0.5883602086752652,0.6934282998144626,793,EDFSMode.RANDOM
COMPLETED,0.92,686.0,3578,49,0.1716092731524258,0.368295208260417,250,EDFSMode.RANDOM
ABANDONED,,,1782,76,0.9791961729507892,0.8829900082144885,741,EDFSMode.RANDOM
COMPLETED,0.79,4039.0,371,22,0.4781843048837036,0.2189653030317276,912,EDFSMode.RANDOM
ABANDONED,,,4979,52,0.6688447827044874,0.5463482945524156,529,EDFSMode.RANDOM
COMPLETED,0.92,1556.0,4306,5,0.7992019235379993,0.6676852479819207,326,EDFSMode.RANDOM
COMPLETED,0.89,262.0,946,70,0.1163574356287717,0.0908136981129646,876,EDFSMode.RANDOM
COMPLETED,0.8299999999999998,10018.0,2377,29,0.6134785695597529,0.7606631576530635,593,EDFSMode.RANDOM
COMPLETED,0.92,1259.0,2925,95,0.2980602731220424,0.4954874915610998,158,EDFSMode.RANDOM
COMPLETED,0.88,1387.0,2566,16,0.518594571797177,0.0318082840666174,679,EDFSMode.RANDOM
COMPLETED,0.8399999999999999,588.0,2174,62,0.3359907753337174,0.7336280914563685,297,EDFSMode.RANDOM
ABANDONED,,,753,40,0.8328453698996454,0.4307022272255271,469,EDFSMode.RANDOM
COMPLETED,0.91,330.0,3957,88,0.0177194904889911,0.8204602113105357,959,EDFSMode.RANDOM
ABANDONED,,,4533,34,0.3897730344682932,0.9476371994186192,826,EDFSMode.RANDOM
ABANDONED,,,80,93,0.6971345974989235,0.3083906718567013,390,EDFSMode.RANDOM
ABANDONED,,,1521,9,0.1963739215545356,0.6054612062163651,108,EDFSMode.RANDOM
ABANDONED,,,3160,69,0.8867573221549391,0.1531605178173631,658,EDFSMode.RANDOM
ABANDONED,,,3255,36,0.6470095940250902,0.4816964318826794,370,EDFSMode.RANDOM
ABANDONED,,,1456,89,0.4556138539146631,0.7778350125718861,832,EDFSMode.RANDOM
ABANDONED,,,65,10,0.9524874615129084,0.0733715729769319,553,EDFSMode.RANDOM
ABANDONED,,,4675,64,0.1461154699418693,0.6816856647916139,198,EDFSMode.RANDOM
COMPLETED,0.93,861.0,4020,17,0.2613580159582197,0.5564388842601328,235,EDFSMode.RANDOM
ABANDONED,,,661,58,0.5775115152001381,0.1976361299976706,757,EDFSMode.RANDOM
COMPLETED,0.67,81.0,2034,41,0.076731826223433,0.904041233692318,924,EDFSMode.RANDOM
ABANDONED,,,2579,83,0.7583613464199006,0.3584216530229896,517,EDFSMode.RANDOM
COMPLETED,0.8,806.0,2869,3,0.0427217134963721,0.1359582063555717,785,EDFSMode.RANDOM
ABANDONED,,,2481,74,0.857121833415702,0.6192218093518168,431,EDFSMode.RANDOM
ABANDONED,,,1079,28,0.35612137911655,0.2943597985040396,152,EDFSMode.RANDOM
ABANDONED,,,4282,100,0.5399457795377821,0.9650488680116832,614,EDFSMode.RANDOM
ABANDONED,,,4877,47,0.9280894794762135,0.8417589278016239,692,EDFSMode.RANDOM
COMPLETED,0.91,778.0,424,80,0.2384317788816988,0.420581180974841,285,EDFSMode.RANDOM
ABANDONED,,,1805,21,0.7355414990447461,0.7434711901508271,453,EDFSMode.RANDOM
ABANDONED,,,3448,56,0.426959272570908,0.0107266020458191,975,EDFSMode.RANDOM
ABANDONED,,,3720,24,0.8125227880273013,0.9281599669288844,182,EDFSMode.RANDOM
COMPLETED,0.91,326.0,1610,53,0.004935795282945,0.3201653732471168,590,EDFSMode.RANDOM
ABANDONED,,,540,50,0.5060698315631598,0.5157517879307268,872,EDFSMode.RANDOM
ABANDONED,,,4839,78,0.3154092682320624,0.2193240541163831,352,EDFSMode.RANDOM
ABANDONED,,,4163,31,0.2167270194552838,0.0979757092259824,542,EDFSMode.RANDOM
ABANDONED,,,1119,97,0.8995714144185185,0.6439147843103856,892,EDFSMode.RANDOM
ABANDONED,,,2206,7,0.4023282907307147,0.4424731587264686,726,EDFSMode.RANDOM
ABANDONED,,,3065,72,0.7177465016581118,0.8009867487102746,259,EDFSMode.RANDOM
COMPLETED,0.92,520.0,3274,28,0.1788174329690333,0.4282138671500202,366,EDFSMode.RANDOM
COMPLETED,0.9,383.0,4174,36,0.0191097733863104,0.2513602783006585,966,EDFSMode.RANDOM
COMPLETED,0.92,368.0,3550,15,0.0688671945240348,0.606334654102102,495,EDFSMode.RANDOM
COMPLETED,0.86,313.0,204,67,0.1257473603338003,0.8968555789776146,305,EDFSMode.RANDOM
COMPLETED,0.93,841.0,640,18,0.3123217324707657,0.8459990143235773,132,EDFSMode.RANDOM
COMPLETED,0.92,740.0,4220,11,0.003800657024607,0.7577277345154434,214,EDFSMode.RANDOM
COMPLETED,0.74,4382.0,141,12,0.6091670177932829,0.24063715307042,560,EDFSMode.RANDOM
COMPLETED,0.87,4356.0,2569,50,0.5396096152588725,0.8160279171224684,690,EDFSMode.RANDOM
COMPLETED,0.9,2012.0,773,83,0.2016026625204831,0.5859552171658724,570,EDFSMode.RANDOM
COMPLETED,0.79,1002.0,261,34,0.3881856098547578,0.6676454698853195,743,EDFSMode.RANDOM
COMPLETED,0.93,4851.0,3825,24,0.7163113346640021,0.9816137177459896,356,EDFSMode.RANDOM
COMPLETED,0.92,5772.0,1788,52,0.4149798092991114,0.3780528421849012,582,EDFSMode.RANDOM
COMPLETED,0.9,5952.0,1161,5,0.9680688087996095,0.8794706983491778,442,EDFSMode.RANDOM
COMPLETED,0.87,6239.0,1059,74,0.4841579800993204,0.226667018994689,866,EDFSMode.RANDOM
COMPLETED,0.84,152.0,566,25,0.1717362187895924,0.0202230967674404,925,EDFSMode.RANDOM
COMPLETED,0.69,143.0,2029,59,0.0560741517394781,0.7361990101523698,475,EDFSMode.RANDOM
COMPLETED,0.93,747.0,4443,97,0.0947020203005522,0.3167494323384017,380,EDFSMode.RANDOM
COMPLETED,0.93,683.0,1505,8,0.3675279641840607,0.5062460162695497,416,EDFSMode.RANDOM
COMPLETED,0.92,1001.0,3940,45,0.2823776370100677,0.4296270363442599,539,EDFSMode.RANDOM
COMPLETED,0.89,1084.0,2976,38,0.2422530005685985,0.90748897793144,830,EDFSMode.RANDOM
COMPLETED,0.91,677.0,4207,14,0.329857593640685,0.7489849592987448,900,EDFSMode.RANDOM
COMPLETED,0.92,3411.0,1548,62,0.5354413323048502,0.1449439024310559,222,EDFSMode.RANDOM
COMPLETED,0.87,2474.0,2273,44,0.5688559632916004,0.7107335192207247,373,EDFSMode.RANDOM
COMPLETED,0.92,948.0,4706,7,0.5292410008497537,0.3534229905679822,467,EDFSMode.RANDOM
COMPLETED,0.7,1525.0,2046,69,0.3549702485706657,0.754691507730633,695,EDFSMode.RANDOM
COMPLETED,0.93,1300.0,3709,89,0.2238631023541092,0.657040972488001,322,EDFSMode.RANDOM
COMPLETED,0.88,269.0,2179,32,0.1506468975376337,0.5607960130237043,232,EDFSMode.RANDOM
COMPLETED,0.91,1071.0,3649,12,0.27200913785398,0.8996631437484175,732,EDFSMode.RANDOM
COMPLETED,0.89,5245.0,675,64,0.596609551275149,0.4910850414019078,502,EDFSMode.RANDOM
COMPLETED,0.92,2321.0,1354,84,0.4620902312509715,0.6971894644480199,179,EDFSMode.RANDOM
COMPLETED,0.85,2400.0,164,16,0.7842880195677281,0.2533355461619794,329,EDFSMode.RANDOM
COMPLETED,0.88,377.0,3048,100,0.1834688602592796,0.5193773527257144,898,EDFSMode.RANDOM
COMPLETED,0.92,1260.0,1434,70,0.3017986594811082,0.9284156743679196,510,EDFSMode.RANDOM
COMPLETED,0.93,2646.0,3074,19,0.5872187779732049,0.0136137787774205,298,EDFSMode.RANDOM
COMPLETED,0.91,1573.0,4083,6,0.5639092883188277,0.4642848525177687,737,EDFSMode.RANDOM
COMPLETED,0.92,4581.0,3247,77,0.558014756616205,0.5696612129844725,407,EDFSMode.RANDOM
COMPLETED,0.89,4393.0,3999,2,0.8881427323706448,0.5244897169433534,589,EDFSMode.RANDOM
COMPLETED,0.89,5544.0,1753,5,0.7383423763513565,0.7721339368000627,952,EDFSMode.RANDOM
COMPLETED,0.91,4293.0,1675,43,0.5245705464966595,0.6042573399730027,608,EDFSMode.RANDOM
COMPLETED,0.88,239.0,701,45,0.127109457835555,0.9773559668380768,694,EDFSMode.RANDOM
COMPLETED,0.92,821.0,4816,25,0.2651171599458903,0.5757481865771115,320,EDFSMode.RANDOM
COMPLETED,0.9,454.0,279,4,0.0510037424135953,0.5378070466965437,181,EDFSMode.RANDOM
COMPLETED,0.91,375.0,2707,41,0.1061687683798372,0.3980669130701572,276,EDFSMode.RANDOM
COMPLETED,0.92,1626.0,4305,73,0.0774405710212886,0.680828675782308,148,EDFSMode.RANDOM
COMPLETED,0.91,459.0,1042,90,0.0806341553721576,0.1074850732497871,523,EDFSMode.RANDOM
COMPLETED,0.92,1970.0,3132,93,0.2928707404937595,0.3473358980044722,104,EDFSMode.RANDOM
COMPLETED,0.92,3336.0,4286,28,0.4345341274775565,0.8769025717508048,555,EDFSMode.RANDOM
COMPLETED,0.84,1167.0,3032,1,0.322143289072439,0.7892888541705907,488,EDFSMode.RANDOM
COMPLETED,0.65,420.0,27,20,0.3450260469429195,0.9539370760321616,849,EDFSMode.RANDOM
COMPLETED,0.92,1159.0,4141,50,0.2343255001995712,0.6147037027757615,334,EDFSMode.RANDOM
COMPLETED,0.78,6665.0,177,97,0.439532169053331,0.7787091519758105,647,EDFSMode.RANDOM
COMPLETED,0.91,2967.0,1968,79,0.3816228001806885,0.617515370182693,815,EDFSMode.RANDOM
COMPLETED,0.91,6252.0,4377,66,0.4670426763109863,0.4465797357652336,938,EDFSMode.RANDOM
COMPLETED,0.91,4471.0,3514,5,0.832697484459728,0.3218628524225205,235,EDFSMode.RANDOM
COMPLETED,0.93,5317.0,4978,98,0.4219954174607992,0.6262261106334627,500,EDFSMode.RANDOM
COMPLETED,0.92,402.0,1577,12,0.180090586643666,0.4415944686867297,464,EDFSMode.RANDOM
COMPLETED,0.91,355.0,3423,84,0.1187224724441766,0.1455554489567876,785,EDFSMode.RANDOM
COMPLETED,0.83,618.0,2616,32,0.3054282479081303,0.0949311786461621,951,EDFSMode.RANDOM
COMPLETED,0.85,168.0,330,35,0.0659028122033923,0.3581689997892827,580,EDFSMode.RANDOM
COMPLETED,0.89,185.0,2898,23,0.026526713527739,0.7181710045970976,711,EDFSMode.RANDOM
COMPLETED,0.92,1403.0,3862,8,0.4503466556146741,0.197913551479578,209,EDFSMode.RANDOM
COMPLETED,0.88,967.0,2107,95,0.2088149174489081,0.8894562284126878,130,EDFSMode.RANDOM
COMPLETED,0.92,2600.0,581,94,0.5754498987197876,0.5123416747357696,269,EDFSMode.RANDOM
COMPLETED,0.91,317.0,1372,55,0.101453275186941,0.5629620608333499,745,EDFSMode.RANDOM
COMPLETED,0.76,620.0,2127,6,0.2889974885694683,0.6760718327760696,565,EDFSMode.RANDOM
COMPLETED,0.86,1203.0,760,1,0.5463600968346,0.0703242400754243,434,EDFSMode.RANDOM
COMPLETED,0.92,474.0,3282,17,0.3854246677234769,0.4214252272546291,375,EDFSMode.RANDOM
COMPLETED,0.93,3018.0,4780,70,0.5805938915293664,0.2118877156935632,346,EDFSMode.RANDOM
COMPLETED,0.9,303.0,2556,69,0.1987293524015695,0.3395028065983206,541,EDFSMode.RANDOM
COMPLETED,0.93,6337.0,1083,43,0.7631274431291968,0.7422945347763598,112,EDFSMode.RANDOM
COMPLETED,0.93,1895.0,4060,37,0.547065041070804,0.6441551156938076,251,EDFSMode.RANDOM
COMPLETED,0.91,6803.0,4419,16,0.6270720530115068,0.8400516920853406,624,EDFSMode.RANDOM
COMPLETED,0.91,2692.0,1710,89,0.3182167381979525,0.2496479547880589,927,EDFSMode.RANDOM
COMPLETED,0.83,4181.0,2189,82,0.5098351434469223,0.8525732926037163,440,EDFSMode.RANDOM
COMPLETED,0.85,7056.0,2804,10,0.6921081339679659,0.5560507641006261,796,EDFSMode.RANDOM
COMPLETED,0.92,384.0,4132,25,0.1000106771606952,0.2137912170980125,575,EDFSMode.RANDOM
COMPLETED,0.93,1150.0,1895,3,0.5781796286571771,0.5649874386005104,509,EDFSMode.RANDOM
COMPLETED,0.92,1708.0,4125,51,0.2796086504030973,0.8260210613217205,825,EDFSMode.RANDOM
COMPLETED,0.9,1627.0,874,29,0.4559845485594123,0.5299820304382592,476,EDFSMode.RANDOM
COMPLETED,0.88,1152.0,135,45,0.4786099575646221,0.3734521884135902,158,EDFSMode.RANDOM
COMPLETED,0.91,952.0,2548,7,0.4246336587984115,0.7022477452512831,288,EDFSMode.RANDOM
COMPLETED,0.92,1361.0,3296,59,0.2370779479965567,0.5581980498321354,123,EDFSMode.RANDOM
COMPLETED,0.91,842.0,3794,33,0.3206640675365925,0.5993481742851436,869,EDFSMode.RANDOM
COMPLETED,0.75,133.0,2117,70,0.0943607049547135,0.282169731695205,820,EDFSMode.RANDOM
COMPLETED,0.92,2751.0,4487,41,0.5083509725369513,0.4873823072668165,386,EDFSMode.RANDOM
COMPLETED,0.92,2028.0,4766,6,0.7913907413613052,0.824269775711,145,EDFSMode.RANDOM
COMPLETED,0.88,754.0,248,23,0.5226991690862924,0.7882626597695053,228,EDFSMode.RANDOM
COMPLETED,0.87,1045.0,2909,53,0.3464836650416255,0.3236445332318544,907,EDFSMode.RANDOM
COMPLETED,0.87,311.0,1144,39,0.12019541176036,0.5142451147958637,955,EDFSMode.RANDOM
COMPLETED,0.91,399.0,2400,16,0.1404704340975731,0.6607732113990933,199,EDFSMode.RANDOM
COMPLETED,0.87,253.0,2605,94,0.0634400463942438,0.9880006940495224,751,EDFSMode.RANDOM
COMPLETED,0.9,1121.0,3429,42,0.2509909779131412,0.7500036947838962,586,EDFSMode.RANDOM
COMPLETED,0.92,1112.0,1954,47,0.2492934411112219,0.480773022737354,563,EDFSMode.RANDOM
COMPLETED,0.92,2623.0,4155,76,0.3978395783249289,0.4701797680873424,136,EDFSMode.RANDOM
COMPLETED,0.93,1095.0,610,88,0.1037544720470905,0.7628048127163202,112,EDFSMode.RANDOM
COMPLETED,0.92,3017.0,3504,71,0.5439471128992737,0.7162979021091014,489,EDFSMode.RANDOM
COMPLETED,0.91,402.0,1863,61,0.1532525362093001,0.9130409878492356,932,EDFSMode.RANDOM
COMPLETED,0.87,710.0,284,72,0.32361309796758,0.4240900167562068,437,EDFSMode.RANDOM
COMPLETED,0.89,1067.0,2947,4,0.5606276562288404,0.9666773803308606,656,EDFSMode.RANDOM
COMPLETED,0.8,2547.0,2300,13,0.4655610298141837,0.8313659373763949,887,EDFSMode.RANDOM
COMPLETED,0.82,5765.0,360,41,0.5999732686188072,0.1096322418693453,758,EDFSMode.RANDOM
COMPLETED,0.93,613.0,1726,40,0.358204179847613,0.6530124487057328,437,EDFSMode.RANDOM
COMPLETED,0.7,1614.0,2112,3,0.2450670920070261,0.7481196795068681,837,EDFSMode.RANDOM
COMPLETED,0.92,1754.0,3478,28,0.4191667455844581,0.9220445871818812,142,EDFSMode.RANDOM
COMPLETED,0.83,1004.0,2313,48,0.3346689680609852,0.4862217668686062,716,EDFSMode.RANDOM
COMPLETED,0.93,1868.0,1789,35,0.5081075330395252,0.8562295286469161,452,EDFSMode.RANDOM
COMPLETED,0.91,2540.0,4358,73,0.3483426313735545,0.2501223539244383,823,EDFSMode.RANDOM
COMPLETED,0.93,540.0,4478,69,0.0449073236491531,0.7034193945545704,387,EDFSMode.RANDOM
COMPLETED,0.89,3611.0,1456,81,0.3079719585236162,0.5921076303143055,993,EDFSMode.RANDOM
COMPLETED,0.92,2808.0,4745,59,0.5569280469380319,0.597227747157216,123,EDFSMode.RANDOM
COMPLETED,0.88,2363.0,537,52,0.4056734123695641,0.6864321220126003,490,EDFSMode.RANDOM
COMPLETED,0.91,1916.0,1159,93,0.3698230191729962,0.904612483482808,595,EDFSMode.RANDOM
COMPLETED,0.91,1540.0,3414,61,0.2865077656339854,0.3111480076834559,763,EDFSMode.RANDOM
COMPLETED,0.93,1583.0,826,46,0.5709331844747066,0.6677698920387775,174,EDFSMode.RANDOM
COMPLETED,0.93,3639.0,3825,41,0.4820685551073402,0.609813900526613,540,EDFSMode.RANDOM
COMPLETED,0.92,497.0,1490,44,0.0314175577014684,0.9668079852517696,279,EDFSMode.RANDOM
COMPLETED,0.9,411.0,3530,90,0.1342865271288901,0.5481967737879604,784,EDFSMode.RANDOM
COMPLETED,0.93,662.0,994,79,0.1696495412811637,0.6554954869654029,234,EDFSMode.RANDOM
COMPLETED,0.86,1231.0,2084,66,0.4684514903277159,0.8732014204859734,212,EDFSMode.RANDOM
COMPLETED,0.84,952.0,397,1,0.357341526709497,0.5620069413036108,137,EDFSMode.RANDOM
COMPLETED,0.86,191.0,278,50,0.1897680490724742,0.2980992537420243,510,EDFSMode.RANDOM
COMPLETED,0.91,880.0,794,72,0.2517010425440967,0.3915839012488722,411,EDFSMode.RANDOM
COMPLETED,0.92,742.0,3696,76,0.3437242555897682,0.7981067111603916,467,EDFSMode.RANDOM
COMPLETED,0.92,316.0,3663,39,0.1203096219375729,0.6731397733539343,687,EDFSMode.RANDOM
COMPLETED,0.93,2704.0,4958,8,0.6956602500509471,0.7213274235632271,447,EDFSMode.RANDOM
COMPLETED,0.93,785.0,1984,14,0.2943940491024405,0.9972706403490156,535,EDFSMode.RANDOM
COMPLETED,0.91,2281.0,1362,30,0.4457290187515318,0.7166851513646543,641,EDFSMode.RANDOM
COMPLETED,0.9,4915.0,942,5,0.972653474930674,0.4097784158326685,477,EDFSMode.RANDOM
COMPLETED,0.9,3200.0,1128,19,0.5502646650522948,0.160596580190584,782,EDFSMode.RANDOM
COMPLETED,0.74,7157.0,2037,40,0.6465480753444135,0.0653660063389688,390,EDFSMode.RANDOM
COMPLETED,0.89,7077.0,2828,94,0.5016223695185036,0.419598718592897,674,EDFSMode.RANDOM
COMPLETED,0.8,152.0,371,63,0.0714845871459692,0.9365286057107152,789,EDFSMode.RANDOM
COMPLETED,0.88,339.0,2175,33,0.3912991825770586,0.5354436698965729,239,EDFSMode.RANDOM
COMPLETED,0.88,2645.0,3165,13,0.4594111931286752,0.4365858684461564,863,EDFSMode.RANDOM
COMPLETED,0.89,1202.0,2966,85,0.2578102079220116,0.948160454686731,853,EDFSMode.RANDOM
COMPLETED,0.88,189.0,720,41,0.1506352792885154,0.4482224762570113,814,EDFSMode.RANDOM
COMPLETED,0.92,1096.0,1442,61,0.0798341264557093,0.6289273080099375,139,EDFSMode.RANDOM
COMPLETED,0.68,1123.0,45,69,0.3373486103322357,0.3545817668512463,910,EDFSMode.RANDOM
COMPLETED,0.91,4313.0,500,29,0.7093423203285784,0.3788302406109869,225,EDFSMode.RANDOM
COMPLETED,0.9,1883.0,2633,26,0.5518129482492804,0.7425151039827615,380,EDFSMode.RANDOM
COMPLETED,0.91,4466.0,1414,6,0.6120976291168481,0.3464064975604415,722,EDFSMode.RANDOM
COMPLETED,0.92,1952.0,932,51,0.5068887303750962,0.9898226548638196,259,EDFSMode.RANDOM
COMPLETED,0.91,6455.0,3069,67,0.4327446475699544,0.5172468140032143,586,EDFSMode.RANDOM
COMPLETED,0.88,3675.0,1736,2,0.8452964225504548,0.9281353966556488,616,EDFSMode.RANDOM
COMPLETED,0.77,6831.0,2277,74,0.5308223830442875,0.7000177914947271,895,EDFSMode.RANDOM
COMPLETED,0.92,377.0,4390,36,0.0973477233424782,0.8840319718327373,472,EDFSMode.RANDOM
COMPLETED,0.91,675.0,1225,10,0.3028584250453859,0.6925697911381722,736,EDFSMode.RANDOM
COMPLETED,0.92,297.0,3762,20,0.1330696279983967,0.6660648823790252,592,EDFSMode.RANDOM
COMPLETED,0.93,424.0,3390,82,0.0779082891996949,0.4736352036073804,361,EDFSMode.RANDOM
COMPLETED,0.92,1527.0,4493,99,0.3197821262460202,0.5101746296156198,688,EDFSMode.RANDOM
COMPLETED,0.93,2133.0,3871,58,0.408689287699759,0.790547262981534,344,EDFSMode.RANDOM
COMPLETED,0.8,709.0,2258,55,0.2753909536413848,0.1680751411896199,632,EDFSMode.RANDOM
COMPLETED,0.84,86.0,97,6,0.1226497678160667,0.2297397373057902,243,EDFSMode.RANDOM
COMPLETED,0.93,2650.0,3636,97,0.587277627658099,0.3358104563895613,203,EDFSMode.RANDOM
COMPLETED,0.91,1415.0,4931,53,0.2301783503759652,0.2555905237682164,864,EDFSMode.RANDOM
COMPLETED,0.89,2458.0,597,45,0.454078201148659,0.9736426331419498,404,EDFSMode.RANDOM
COMPLETED,0.91,895.0,4276,31,0.293088927494362,0.4114843772593886,965,EDFSMode.RANDOM
COMPLETED,0.7,242.0,2068,95,0.1781142741367221,0.9094731629639864,920,EDFSMode.RANDOM
COMPLETED,0.89,5060.0,4204,5,0.6412231733836233,0.5244816036876291,877,EDFSMode.RANDOM
COMPLETED,0.92,772.0,3928,10,0.3293512117881328,0.9159470530655236,216,EDFSMode.RANDOM
COMPLETED,0.92,2519.0,3593,70,0.4715882307682186,0.7297462113555521,284,EDFSMode.RANDOM
COMPLETED,0.93,6278.0,4827,39,0.6147594945374876,0.8054937984310091,320,EDFSMode.RANDOM
COMPLETED,0.88,501.0,2385,66,0.2026812161877751,0.4178936048336327,317,EDFSMode.RANDOM
COMPLETED,0.91,1080.0,636,3,0.7394865656904877,0.8647483690828085,357,EDFSMode.RANDOM
COMPLETED,0.92,316.0,1387,12,0.1591760057173669,0.5044926096312702,491,EDFSMode.RANDOM
COMPLETED,0.92,1336.0,1807,38,0.2646150424554944,0.2620339573267847,160,EDFSMode.RANDOM
COMPLETED,0.63,93.0,2009,47,0.0702688740063458,0.7855047727730126,597,EDFSMode.RANDOM
COMPLETED,0.92,600.0,3610,21,0.2665264916718006,0.6047023821175098,381,EDFSMode.RANDOM
COMPLETED,0.84,1971.0,264,17,0.4178464180119335,0.4786738291215152,558,EDFSMode.RANDOM
COMPLETED,0.76,3170.0,2216,32,0.578420184969902,0.8971987616084516,868,EDFSMode.RANDOM
COMPLETED,0.89,3689.0,2988,37,0.4894338484015316,0.8226083242613822,727,EDFSMode.RANDOM
COMPLETED,0.93,2736.0,1589,16,0.6765857209470123,0.6792315810676665,297,EDFSMode.RANDOM
COMPLETED,0.88,6740.0,3204,92,0.4001486542169005,0.2235703550074249,890,EDFSMode.RANDOM
COMPLETED,0.62,4067.0,14,43,0.5164501720387489,0.5839895860124379,703,EDFSMode.RANDOM
COMPLETED,0.92,6670.0,4177,79,0.4620910659059882,0.2875084305591881,612,EDFSMode.RANDOM
COMPLETED,0.92,622.0,1077,24,0.2221054016109556,0.9417207705695182,206,EDFSMode.RANDOM
COMPLETED,0.91,766.0,346,96,0.2839163309689611,0.8481114992164075,279,EDFSMode.RANDOM
COMPLETED,0.9,257.0,2597,43,0.1374509989358484,0.8376446362454444,450,EDFSMode.RANDOM
COMPLETED,0.89,1261.0,2915,11,0.5764941320791841,0.2419128210227936,646,EDFSMode.RANDOM
COMPLETED,0.86,213.0,2431,91,0.0282546250801533,0.6773601265121252,614,EDFSMode.RANDOM
COMPLETED,0.93,1108.0,890,68,0.1863952741418033,0.5820529019590467,104,EDFSMode.RANDOM
COMPLETED,0.72,2405.0,2326,1,0.6300459966864437,0.1351984946224838,513,EDFSMode.RANDOM
COMPLETED,0.78,159.0,268,77,0.0900571456141769,0.8629107022546232,899,EDFSMode.RANDOM
COMPLETED,0.92,784.0,4136,53,0.2622103149127215,0.5582433972526342,319,EDFSMode.RANDOM
COMPLETED,0.91,1595.0,3802,13,0.5610747441146523,0.7580337155126036,690,EDFSMode.RANDOM
COMPLETED,0.93,2015.0,1371,94,0.331025874581188,0.1519419921319931,150,EDFSMode.RANDOM
COMPLETED,0.9,4657.0,2805,54,0.5181238235794008,0.3501314708832651,565,EDFSMode.RANDOM
COMPLETED,0.91,6358.0,4555,50,0.4276313297264278,0.6351271468512714,787,EDFSMode.RANDOM
COMPLETED,0.89,6367.0,2138,50,0.7898223650995642,0.8810431716702879,141,EDFSMode.RANDOM
COMPLETED,0.91,3275.0,1704,42,0.5937687211334706,0.4160489150062203,634,EDFSMode.RANDOM
COMPLETED,0.91,5586.0,1994,60,0.429609667526558,0.4324573645181954,930,EDFSMode.RANDOM
COMPLETED,0.92,712.0,1804,56,0.249219988681376,0.8952892029136419,495,EDFSMode.RANDOM
COMPLETED,0.92,1203.0,4789,31,0.2003956379722803,0.6518809223286808,165,EDFSMode.RANDOM
COMPLETED,0.74,362.0,2055,12,0.3181674823984504,0.3074225194398314,580,EDFSMode.RANDOM
COMPLETED,0.93,660.0,4675,20,0.344700015636161,0.3953512282017618,482,EDFSMode.RANDOM
COMPLETED,0.9,216.0,678,16,0.0756226496398449,0.7074912962317467,455,EDFSMode.RANDOM
COMPLETED,0.79,1015.0,81,88,0.3869680805504322,0.6139728609975428,359,EDFSMode.RANDOM
COMPLETED,0.91,1454.0,4935,43,0.2777374468017369,0.9010321359839292,749,EDFSMode.RANDOM
COMPLETED,0.93,1271.0,3386,14,0.4359085189457983,0.8690762198586017,252,EDFSMode.RANDOM
COMPLETED,0.91,302.0,593,63,0.0323914365209639,0.3710798739269376,296,EDFSMode.RANDOM
COMPLETED,0.91,1252.0,1677,67,0.2912305123321712,0.6454412382114678,869,EDFSMode.RANDOM
COMPLETED,0.93,1079.0,1344,21,0.5266920443624258,0.9115049939714372,336,EDFSMode.RANDOM
COMPLETED,0.92,2541.0,4089,27,0.5682205733302981,0.2574618593528867,504,EDFSMode.RANDOM
COMPLETED,0.78,4449.0,2514,6,0.7184957272242755,0.4755717686899006,889,EDFSMode.RANDOM
COMPLETED,0.93,383.0,4885,80,0.061668193694204,0.5263264124859124,518,EDFSMode.RANDOM
COMPLETED,0.88,1046.0,704,54,0.3531872172560543,0.8319626162610948,703,EDFSMode.RANDOM
COMPLETED,0.88,1873.0,2305,76,0.4498822667617351,0.926238359645009,300,EDFSMode.RANDOM
COMPLETED,0.92,760.0,1038,7,0.5896233475077898,0.600990746544674,276,EDFSMode.RANDOM
COMPLETED,0.91,315.0,1031,53,0.1180239842366427,0.3769017655476928,584,EDFSMode.RANDOM
COMPLETED,0.91,1280.0,3469,100,0.3048367015011609,0.4897721151188016,647,EDFSMode.RANDOM
COMPLETED,0.84,155.0,2444,54,0.0906342946868389,0.8909749575722963,859,EDFSMode.RANDOM
COMPLETED,0.89,319.0,2823,48,0.1025413084160536,0.6716910399626941,591,EDFSMode.RANDOM
COMPLETED,0.92,450.0,3840,13,0.1281430990695953,0.6020204803291708,401,EDFSMode.RANDOM
COMPLETED,0.91,1002.0,3162,21,0.5459130005836487,0.8075570117235183,475,EDFSMode.RANDOM
COMPLETED,0.91,785.0,1832,44,0.3818493328019977,0.7696065400652587,912,EDFSMode.RANDOM
COMPLETED,0.93,975.0,802,82,0.1741283075362444,0.8213069520946592,134,EDFSMode.RANDOM
COMPLETED,0.93,1004.0,4459,86,0.3433687669094652,0.7311265532262623,454,EDFSMode.RANDOM
COMPLETED,0.85,1936.0,2207,34,0.5959043337777257,0.4007279754374176,379,EDFSMode.RANDOM
COMPLETED,0.86,4489.0,721,7,0.6327769804652781,0.3154336814265698,612,EDFSMode.RANDOM
COMPLETED,0.87,389.0,425,26,0.2027759012002498,0.1969883986674249,495,EDFSMode.RANDOM
COMPLETED,0.87,176.0,963,20,0.1213569996599108,0.4661078301612287,942,EDFSMode.RANDOM
COMPLETED,0.92,302.0,756,33,0.0962910564372731,0.5609777502914759,289,EDFSMode.RANDOM
COMPLETED,0.93,446.0,5000,44,0.1094632459032595,0.3695688437446409,444,EDFSMode.RANDOM
COMPLETED,0.9,506.0,1643,15,0.3090032293680777,0.7294029986031421,967,EDFSMode.RANDOM
COMPLETED,0.92,820.0,2848,81,0.2689964912362834,0.6251730336987941,270,EDFSMode.RANDOM
COMPLETED,0.55,607.0,2062,2,0.0932678738481705,0.5148828068308204,100,EDFSMode.RANDOM
COMPLETED,0.92,948.0,3029,11,0.0233355916580509,0.4649349523197876,100,EDFSMode.RANDOM
COMPLETED,0.93,1020.0,2557,54,0.2156722388126818,0.5814046182381295,100,EDFSMode.RANDOM
COMPLETED,0.92,955.0,2265,66,0.2978366748521246,0.7182181855727018,100,EDFSMode.RANDOM
COMPLETED,0.86,1313.0,1014,30,0.3361777086368306,0.6915887699008344,1000,EDFSMode.RANDOM
COMPLETED,0.91,1321.0,3506,100,0.2694553231982224,0.5115795810225761,708,EDFSMode.RANDOM
COMPLETED,0.92,1838.0,1656,82,0.0675093865436737,0.6581388320170534,100,EDFSMode.RANDOM
COMPLETED,0.92,2713.0,4087,13,0.6103402313776314,0.7409269636850804,252,EDFSMode.RANDOM
COMPLETED,0.9,264.0,4705,43,0.0133780923168742,0.7707592063887614,993,EDFSMode.RANDOM
COMPLETED,0.92,1948.0,1624,65,0.2105103154211992,0.001,602,EDFSMode.RANDOM
COMPLETED,0.86,118.0,119,14,0.1716555427545726,0.001,249,EDFSMode.RANDOM
COMPLETED,0.91,886.0,3880,60,0.362472936090755,0.999,646,EDFSMode.RANDOM
COMPLETED,0.77,1554.0,2907,1,0.495633082649055,0.999,319,EDFSMode.RANDOM
COMPLETED,0.91,289.0,3571,23,0.1542997835936115,0.001,874,EDFSMode.RANDOM
COMPLETED,0.66,1173.0,136,1,0.3037734807931571,0.001,450,EDFSMode.RANDOM
COMPLETED,0.93,2391.0,3134,15,0.759106674586854,0.1979951336025016,237,EDFSMode.RANDOM
COMPLETED,0.91,1978.0,1009,50,0.339914609090346,0.001,568,EDFSMode.RANDOM
COMPLETED,0.92,4519.0,4612,92,0.332136140166787,0.001,594,EDFSMode.RANDOM
COMPLETED,0.68,91.0,51,29,0.001,0.4568814236880695,1000,EDFSMode.RANDOM
COMPLETED,0.82,158.0,419,11,0.0784401906282126,0.7262322856380524,1000,EDFSMode.RANDOM
COMPLETED,0.9,354.0,4076,11,0.054401730489532,0.6549303164634769,1000,EDFSMode.RANDOM
COMPLETED,0.88,818.0,714,50,0.3462380839595774,0.8414884827704477,656,EDFSMode.RANDOM
COMPLETED,0.82,1011.0,340,26,0.3285921514168093,0.1575716798866709,1000,EDFSMode.RANDOM
COMPLETED,0.92,1096.0,4610,24,0.0841977743689619,0.8087909052872835,189,EDFSMode.RANDOM
COMPLETED,0.92,1282.0,2339,73,0.3835826835233418,0.8540515834596395,100,EDFSMode.RANDOM
COMPLETED,0.92,1344.0,4195,8,0.3880742562280391,0.2810401889082355,173,EDFSMode.RANDOM
COMPLETED,0.92,2120.0,1348,23,0.3071054336878067,0.1673729552817405,100,EDFSMode.RANDOM
COMPLETED,0.91,2605.0,4595,70,0.2656740496176993,0.206441970053452,792,EDFSMode.RANDOM
COMPLETED,0.91,312.0,677,13,0.3614130351430003,0.3764684150960498,344,EDFSMode.RANDOM
COMPLETED,0.91,366.0,2950,14,0.3630908093880509,0.471035835968954,507,EDFSMode.RANDOM
COMPLETED,0.91,411.0,1799,78,0.1669752554706368,0.1455323694380143,793,EDFSMode.RANDOM
COMPLETED,0.89,304.0,674,13,0.3693046423910802,0.5154205433617708,494,EDFSMode.RANDOM
COMPLETED,0.91,344.0,744,65,0.1821378887971176,0.4598543058877986,430,EDFSMode.RANDOM
COMPLETED,0.92,882.0,1348,38,0.3609604171032464,0.4477311678457933,398,EDFSMode.RANDOM
COMPLETED,0.89,2067.0,3320,17,0.5703918988528948,0.9257675999523992,940,EDFSMode.RANDOM
COMPLETED,0.92,321.0,1812,27,0.1742212970279417,0.2793062830197291,579,EDFSMode.RANDOM
COMPLETED,0.92,374.0,4838,79,0.001,0.4143431111185163,532,EDFSMode.RANDOM
COMPLETED,0.91,362.0,2979,100,0.001,0.1264745862583352,447,EDFSMode.RANDOM
COMPLETED,0.9,390.0,3005,81,0.1654565963567937,0.7847906390085494,591,EDFSMode.RANDOM
COMPLETED,0.9,540.0,557,53,0.2799183524042756,0.7679365677413915,364,EDFSMode.RANDOM
COMPLETED,0.64,658.0,2315,1,0.1313994885536951,0.001,129,EDFSMode.RANDOM
COMPLETED,0.93,697.0,1784,50,0.2917166003345742,0.999,509,EDFSMode.RANDOM
COMPLETED,0.92,810.0,1840,50,0.2850568392297872,0.8644232561290057,515,EDFSMode.RANDOM
COMPLETED,0.9,205.0,4029,26,0.0828469206033103,0.5528102395846716,992,EDFSMode.RANDOM
COMPLETED,0.9,274.0,1592,85,0.001,0.5763371259590755,992,EDFSMode.RANDOM
COMPLETED,0.92,308.0,3897,23,0.0024017169758706,0.7525778563064568,593,EDFSMode.RANDOM
COMPLETED,0.9,346.0,1673,88,0.1230026448166443,0.3435224632706433,935,EDFSMode.RANDOM
COMPLETED,0.92,832.0,3607,79,0.2858898251402536,0.2018806624816283,476,EDFSMode.RANDOM
COMPLETED,0.93,1407.0,1664,100,0.2865517080546763,0.5103641040074304,407,EDFSMode.RANDOM
COMPLETED,0.9,4318.0,1362,2,0.8089770124902003,0.001,230,EDFSMode.RANDOM
COMPLETED,0.87,147.0,688,40,0.0382644816948712,0.6524346600695733,756,EDFSMode.RANDOM
COMPLETED,0.88,213.0,1107,41,0.1530817639185419,0.3023401459125667,989,EDFSMode.RANDOM
COMPLETED,0.91,242.0,4411,55,0.0597365232530138,0.4479108956257652,1000,EDFSMode.RANDOM
COMPLETED,0.89,227.0,1504,27,0.1599087217836143,0.5080154941986013,981,EDFSMode.RANDOM
COMPLETED,0.91,422.0,1777,100,0.0737300695765383,0.8494813525656717,597,EDFSMode.RANDOM
COMPLETED,0.88,746.0,491,5,0.2139154663793668,0.999,513,EDFSMode.RANDOM
COMPLETED,0.87,2649.0,4509,1,0.8985475526400263,0.001,464,EDFSMode.RANDOM
COMPLETED,0.92,2991.0,3104,15,0.7127576792868168,0.9881267175357472,344,EDFSMode.RANDOM
COMPLETED,0.83,3107.0,1966,1,0.8815947754027004,0.001,920,EDFSMode.RANDOM
COMPLETED,0.91,225.0,4517,15,0.1066650797544715,0.7561447683075945,923,EDFSMode.RANDOM
COMPLETED,0.89,231.0,805,88,0.0051258839903717,0.5526660267814908,732,EDFSMode.RANDOM
COMPLETED,0.91,319.0,3827,58,0.1758452815142387,0.999,978,EDFSMode.RANDOM
COMPLETED,0.72,2291.0,4764,1,0.4821360377958527,0.9652302394489284,1000,EDFSMode.RANDOM
COMPLETED,0.91,403.0,1203,87,0.0437996966584749,0.2438660619809015,661,EDFSMode.RANDOM
COMPLETED,0.92,382.0,4166,88,0.0084462813527458,0.3113271463826356,638,EDFSMode.RANDOM
COMPLETED,0.92,388.0,4490,92,0.001,0.5274127611205356,664,EDFSMode.RANDOM
COMPLETED,0.92,689.0,4535,13,0.3596050488514868,0.7604988549889439,591,EDFSMode.RANDOM
COMPLETED,0.91,1095.0,4629,34,0.293324244049377,0.5146746899905719,587,EDFSMode.RANDOM
COMPLETED,0.92,446.0,1312,84,0.001,0.8783806120270721,365,EDFSMode.RANDOM
COMPLETED,0.91,522.0,1622,16,0.2847092601859912,0.4518411472751055,677,EDFSMode.RANDOM
COMPLETED,0.91,556.0,3177,16,0.283881858371713,0.5637379846791445,680,EDFSMode.RANDOM
COMPLETED,0.91,660.0,3825,35,0.2849511199581075,0.9218560251757322,675,EDFSMode.RANDOM
COMPLETED,0.86,1175.0,629,5,0.2993306084262278,0.0145062978628138,694,EDFSMode.RANDOM
COMPLETED,0.88,162.0,723,11,0.1016456514110188,0.6162917693095642,644,EDFSMode.RANDOM
COMPLETED,0.92,1084.0,5000,53,0.3621730995194959,0.7401781752012941,207,EDFSMode.RANDOM
COMPLETED,0.92,1788.0,3714,9,0.559502930709869,0.7042769377364142,100,EDFSMode.RANDOM
COMPLETED,0.91,310.0,1671,68,0.0883611973831347,0.7796257825251052,783,EDFSMode.RANDOM
COMPLETED,0.9,359.0,1544,78,0.1732871165910123,0.7518590111808772,828,EDFSMode.RANDOM
COMPLETED,0.91,278.0,1143,17,0.001,0.1022534835479271,508,EDFSMode.RANDOM
COMPLETED,0.92,279.0,818,8,0.1454106763099578,0.999,289,EDFSMode.RANDOM
COMPLETED,0.91,408.0,3075,100,0.1954750361795122,0.4877430850892224,620,EDFSMode.RANDOM
COMPLETED,0.92,1037.0,4499,79,0.2920809604319102,0.999,439,EDFSMode.RANDOM
COMPLETED,0.93,1107.0,3524,79,0.2864308060811825,0.999,419,EDFSMode.RANDOM
COMPLETED,0.92,391.0,4856,17,0.0072209635628208,0.3674483025510863,476,EDFSMode.RANDOM
COMPLETED,0.93,558.0,1650,94,0.1733312197885783,0.289989232714301,411,EDFSMode.RANDOM
COMPLETED,0.9,354.0,3386,100,0.1529443696602772,0.4552941640718411,1000,EDFSMode.RANDOM
COMPLETED,0.92,609.0,1418,31,0.2171204143520614,0.8674337092790655,505,EDFSMode.RANDOM
COMPLETED,0.92,542.0,1480,29,0.1341840899841581,0.999,231,EDFSMode.RANDOM
COMPLETED,0.85,191.0,2785,3,0.1381116915962018,0.0105757793747212,1000,EDFSMode.RANDOM
COMPLETED,0.74,633.0,629,1,0.1277430309606652,0.901654191522576,100,EDFSMode.RANDOM
COMPLETED,0.91,296.0,4734,31,0.168391747149209,0.6936966136982887,997,EDFSMode.RANDOM
COMPLETED,0.92,432.0,1599,44,0.001,0.5268014364442745,523,EDFSMode.RANDOM
COMPLETED,0.9,349.0,1471,81,0.1492365949771782,0.4821336681250475,1000,EDFSMode.RANDOM
COMPLETED,0.85,242.0,2789,100,0.0720958174130963,0.3189527925162017,1000,EDFSMode.RANDOM
COMPLETED,0.85,6417.0,2704,11,0.715905248327845,0.001,797,EDFSMode.RANDOM
COMPLETED,0.89,210.0,663,9,0.1709980779054755,0.999,757,EDFSMode.RANDOM
COMPLETED,0.92,2181.0,3190,10,0.757806691132809,0.999,119,EDFSMode.RANDOM
COMPLETED,0.9,252.0,2522,28,0.0574397244919091,0.3038949067089707,368,EDFSMode.RANDOM
COMPLETED,0.72,851.0,1035,2,0.0854497132916003,0.6912131969686598,463,EDFSMode.RANDOM
COMPLETED,0.93,2427.0,928,31,0.4868487442880869,0.2346260196901858,116,EDFSMode.RANDOM
COMPLETED,0.89,4428.0,443,76,0.4141665476616472,0.5168514449857176,413,EDFSMode.RANDOM
COMPLETED,0.9,2515.0,1303,65,0.2885803850609809,0.6677374380864203,794,EDFSMode.RANDOM
COMPLETED,0.92,3708.0,1974,95,0.4552360238060355,0.8962464053630829,279,EDFSMode.RANDOM
COMPLETED,0.89,390.0,2472,75,0.1162100892756134,0.4347866589520127,384,EDFSMode.RANDOM
COMPLETED,0.89,2258.0,2597,84,0.3105751499272883,0.212703498955816,570,EDFSMode.RANDOM
COMPLETED,0.89,200.0,3402,17,0.0123544685496097,0.34822965462723,1000,EDFSMode.RANDOM
