Status,ACCURACY,RUNTIME,REQLABELS,recent_samples_size,n_samples,n_permutations,update_interval,n_consecutive_deviations
COMPLETED,0.7399999999999999,136.0,0.93,1497,4507,667,217,14
ABANDONED,,,,3158,1478,417,39,145
ABANDONED,,,,4307,3631,770,166,235
COMPLETED,0.7399999999999999,77.0,0.93,340,2798,357,122,68
ABANDONED,,,,4930,668,610,133,212
ABANDONED,,,,2534,4071,206,10,161
COMPLETED,0.68,63.0,0.99,2124,2452,955,238,56
COMPLETED,0.69,81.0,0.96,2339,3200,135,146,128
COMPLETED,0.7299999999999999,64.0,1.0,3022,290,887,110,31
COMPLETED,0.7299999999999999,144.0,0.99,4520,4934,305,219,98
ABANDONED,,,,204,1593,553,29,249
ABANDONED,,,,830,3951,828,54,197
COMPLETED,0.7399999999999999,182.0,1.0,3646,2912,736,65,40
COMPLETED,0.7099999999999999,32.0,0.0,1713,1095,489,183,178
ABANDONED,,,,1847,3056,907,6,124
ABANDONED,,,,4031,3812,530,111,156
COMPLETED,0.7299999999999999,112.0,0.96,691,2153,280,137,3
COMPLETED,0.68,115.0,0.0599999999999999,65,4805,101,162,53
ABANDONED,,,,4654,1737,850,93,165
ABANDONED,,,,2883,3334,462,206,208
ABANDONED,,,,2473,152,715,43,73
ABANDONED,,,,1984,4240,379,77,237
COMPLETED,0.7199999999999999,72.0,0.98,2668,2268,627,179,109
COMPLETED,0.7399999999999999,308.0,1.0,4792,2625,61,57,20
COMPLETED,0.7099999999999999,25.0,0.0,475,846,812,191,140
COMPLETED,0.7099999999999999,83.0,0.0,1101,3448,568,232,182
ABANDONED,,,,4168,578,321,24,36
COMPLETED,0.7199999999999999,118.0,0.94,3292,4684,995,150,87
ABANDONED,,,,1358,1305,244,99,194
ABANDONED,,,,1326,3719,287,48,59
COMPLETED,0.7099999999999999,14.0,0.0,3415,381,540,208,158
COMPLETED,0.7199999999999999,47.0,0.94,1212,1488,901,158,63
COMPLETED,0.7399999999999999,113.0,0.7299999999999999,588,4217,722,141,117
ABANDONED,,,,4748,2402,471,115,230
COMPLETED,0.7199999999999999,71.0,0.07,2789,2671,841,245,148
ABANDONED,,,,1950,735,95,3,12
ABANDONED,,,,2359,4904,757,101,172
ABANDONED,,,,4534,3209,681,20,81
COMPLETED,0.7099999999999999,9.0,0.0,100,183,434,229,200
ABANDONED,,,,3908,1242,941,61,101
COMPLETED,0.7299999999999999,113.0,0.98,3553,4020,375,176,27
ABANDONED,,,,1736,1892,623,72,133
ABANDONED,,,,3692,2066,795,14,205
ABANDONED,,,,3774,3047,392,128,170
COMPLETED,0.7399999999999999,53.0,0.99,863,1073,645,120,48
COMPLETED,0.7399999999999999,105.0,0.93,239,3382,977,87,8
COMPLETED,0.69,4.0,0.0,4400,4,231,169,151
ABANDONED,,,,3065,4736,585,36,225
COMPLETED,0.69,52.0,1.0,2225,1863,335,212,121
ABANDONED,,,,2089,2536,513,187,189
ABANDONED,,,,2654,875,266,68,91
COMPLETED,0.7299999999999999,122.0,1.0,4887,4346,925,200,33
ABANDONED,,,,1078,4539,449,31,137
COMPLETED,0.7299999999999999,71.0,0.99,4261,1354,697,225,22
COMPLETED,0.7199999999999999,118.0,0.97,3281,3576,115,105,104
ABANDONED,,,,1465,510,867,143,243
COMPLETED,0.7399999999999999,41.0,1.0,3213,770,816,185,62
ABANDONED,,,,4252,4163,500,51,66
ABANDONED,,,,1029,2348,747,197,218
ABANDONED,,,,405,4453,883,226,229
ABANDONED,,,,4878,1542,131,30,114
COMPLETED,0.7399999999999999,125.0,0.97,2587,3686,557,144,8
ABANDONED,,,,2059,347,308,104,147
ABANDONED,,,,2235,4044,598,15,46
COMPLETED,0.7099999999999999,50.0,0.0,3113,1917,345,241,176
ABANDONED,,,,4428,2820,967,121,203
COMPLETED,0.7299999999999999,39.0,0.8499999999999999,308,1198,218,127,81
COMPLETED,0.7199999999999999,87.0,0.89,932,3253,413,172,100
ABANDONED,,,,3802,226,663,84,243
COMPLETED,0.7399999999999999,189.0,1.0,1611,1656,774,33,26
ABANDONED,,,,1785,4702,325,156,206
COMPLETED,0.7299999999999999,87.0,1.0,3562,1829,572,100,79
COMPLETED,0.7399999999999999,115.0,1.0,3975,3436,241,229,51
ABANDONED,,,,753,58,991,19,171
ABANDONED,,,,130,2993,639,64,150
COMPLETED,0.7299999999999999,71.0,0.99,4601,1019,391,192,5
ABANDONED,,,,2935,3876,801,75,118
COMPLETED,0.7299999999999999,116.0,0.96,1881,3551,854,211,93
ABANDONED,,,,4700,4583,711,161,188
COMPLETED,0.7299999999999999,65.0,0.98,578,1398,458,87,34
COMPLETED,0.7399999999999999,165.0,0.93,1202,4303,173,117,21
COMPLETED,0.7199999999999999,67.0,0.98,4074,2214,919,139,134
ABANDONED,,,,3387,2561,268,4,239
COMPLETED,0.7299999999999999,27.0,0.05,1257,899,519,244,103
COMPLETED,0.7299999999999999,123.0,0.9,1368,4115,953,178,142
COMPLETED,0.7299999999999999,207.0,1.0,3341,2495,201,78,14
COMPLETED,0.7399999999999999,103.0,1.0,4197,2774,612,190,111
ABANDONED,,,,1170,643,363,58,232
COMPLETED,0.7299999999999999,48.0,1.0,4820,434,761,234,69
COMPLETED,0.7399999999999999,136.0,0.95,2717,4462,430,96,57
ABANDONED,,,,1995,1434,677,152,164
COMPLETED,0.67,80.0,0.97,2443,2966,483,247,29
ABANDONED,,,,2815,1148,733,9,127
COMPLETED,0.68,52.0,0.05,16,1984,829,114,95
COMPLETED,0.7299999999999999,126.0,0.89,642,4968,543,93,86
ABANDONED,,,,4021,1627,290,163,198
ABANDONED,,,,3439,3146,897,42,178
COMPLETED,0.75,30.0,0.99,1817,237,148,206,43
ABANDONED,,,,1644,3290,693,107,220
COMPLETED,0.7299999999999999,14.0,0.98,3617,108,445,149,123
COMPLETED,0.7399999999999999,979.0,0.98,3848,4830,871,25,2
COMPLETED,0.7099999999999999,92.0,0.0,194,3787,254,201,168
COMPLETED,0.7299999999999999,96.0,1.0,4471,2129,502,55,54
COMPLETED,0.7299999999999999,88.0,0.99,2993,3100,186,182,73
ABANDONED,,,,2270,1009,937,66,211
ABANDONED,,,,2173,4631,228,38,106
ABANDONED,,,,2544,1251,973,218,237
ABANDONED,,,,4998,3482,339,80,139
COMPLETED,0.7099999999999999,24.0,0.68,370,612,589,168,16
COMPLETED,0.7399999999999999,110.0,0.96,996,2590,784,131,39
COMPLETED,0.7099999999999999,103.0,0.0,3168,4293,657,235,195
ABANDONED,,,,1547,2322,404,13,90
COMPLETED,0.7099999999999999,80.0,0.0,1542,3232,802,221,219
COMPLETED,0.7399999999999999,157.0,0.98,4341,4886,636,147,61
ABANDONED,,,,1000,1704,385,109,160
ABANDONED,,,,374,4004,239,64,146
COMPLETED,0.7299999999999999,90.0,1.0,4965,1913,986,184,9
ABANDONED,,,,2579,2885,326,53,115
ABANDONED,,,,2168,1226,578,203,228
COMPLETED,0.68,109.0,0.1799999999999999,2305,4376,273,166,82
ABANDONED,,,,2988,1507,522,83,202
ABANDONED,,,,160,358,918,40,47
ABANDONED,,,,786,2686,704,11,25
COMPLETED,0.69,22.0,0.0299999999999999,3852,715,458,237,131
ABANDONED,,,,3612,4196,858,123,244
COMPLETED,0.7399999999999999,80.0,0.97,1679,2418,108,132,99
ABANDONED,,,,1813,4370,562,56,171
COMPLETED,0.7299999999999999,72.0,1.0,3472,2240,311,192,50
ABANDONED,,,,3987,2518,876,76,78
ABANDONED,,,,21,3560,494,151,223
ABANDONED,,,,4610,531,746,97,120
COMPLETED,0.7299999999999999,124.0,0.96,2849,4560,71,233,6
ABANDONED,,,,2439,1338,818,23,149
ABANDONED,,,,2712,1092,782,136,187
ABANDONED,,,,4826,3860,409,6,191
COMPLETED,0.7199999999999999,60.0,0.96,509,2043,659,249,94
COMPLETED,0.7399999999999999,129.0,0.91,1135,4752,964,205,103
COMPLETED,0.65,87.0,0.8499999999999999,3336,3362,599,161,135
COMPLETED,0.7399999999999999,134.0,1.0,1402,20,352,95,20
COMPLETED,0.7399999999999999,64.0,1.0,3371,1577,931,227,110
COMPLETED,0.7299999999999999,246.0,1.0,4088,3184,256,102,13
COMPLETED,0.7199999999999999,16.0,0.68,1178,311,508,154,143
COMPLETED,0.6999999999999998,77.0,0.45,554,2894,872,176,163
COMPLETED,0.7299999999999999,107.0,1.0,4714,1118,126,73,58
COMPLETED,0.7299999999999999,104.0,0.96,2745,3974,691,194,70
ABANDONED,,,,1906,2000,440,61,214
ABANDONED,,,,2393,3611,649,89,96
ABANDONED,,,,2961,426,403,159,247
ABANDONED,,,,4578,4522,788,47,126
COMPLETED,0.6999999999999998,40.0,0.23,143,1457,38,209,30
COMPLETED,0.7299999999999999,110.0,0.92,767,4090,343,246,42
ABANDONED,,,,3951,2428,592,2,179
ABANDONED,,,,3587,2775,221,141,199
COMPLETED,0.7299999999999999,51.0,0.99,1770,686,973,114,85
COMPLETED,0.7099999999999999,67.0,0.0,1635,2646,424,198,154
COMPLETED,0.7399999999999999,599.0,1.0,3726,830,676,49,1
ABANDONED,,,,907,2289,764,70,221
ABANDONED,,,,283,4666,617,107,210
COMPLETED,0.7299999999999999,63.0,0.99,4444,1328,365,142,74
ABANDONED,,,,3099,3471,947,32,55
COMPLETED,0.7099999999999999,18.0,0.0,2259,560,200,224,167
COMPLETED,0.7099999999999999,94.0,0.95,2045,3791,893,129,17
ABANDONED,,,,2611,2169,144,119,138
COMPLETED,0.7099999999999999,79.0,0.0,4853,3072,544,242,236
ABANDONED,,,,420,944,298,14,107
COMPLETED,0.7199999999999999,8.0,0.01,4227,129,836,213,196
ABANDONED,,,,3237,4782,480,86,184
COMPLETED,0.7399999999999999,69.0,0.98,1421,1756,729,170,38
COMPLETED,0.7199999999999999,116.0,0.93,1469,3940,470,122,113
ABANDONED,,,,3247,1966,716,126,234
COMPLETED,0.7299999999999999,44.0,0.99,1073,1171,846,240,15
COMPLETED,0.7299999999999999,82.0,0.9,449,3130,526,214,55
ABANDONED,,,,4922,258,277,34,162
ABANDONED,,,,2621,4989,914,171,213
COMPLETED,0.7099999999999999,47.0,1.0,2093,1612,162,85,67
ABANDONED,,,,2191,2751,998,50,250
COMPLETED,0.7299999999999999,37.0,0.99,3070,662,250,198,97
COMPLETED,0.7399999999999999,231.0,1.0,4394,4134,567,70,30
COMPLETED,0.7199999999999999,68.0,0.75,274,2472,314,186,129
COMPLETED,0.7299999999999999,114.0,1.0,3768,1413,806,103,41
COMPLETED,0.7399999999999999,113.0,0.99,3696,3635,381,227,84
ABANDONED,,,,1568,450,632,29,196
COMPLETED,0.7399999999999999,167.0,0.96,1741,3505,210,160,4
ABANDONED,,,,3518,594,960,88,155
ABANDONED,,,,3941,4613,356,210,221
ABANDONED,,,,719,1274,603,46,125
ABANDONED,,,,95,4277,770,5,72
ABANDONED,,,,2892,2611,670,118,166
COMPLETED,0.7299999999999999,30.0,0.99,2365,796,421,138,52
COMPLETED,0.7299999999999999,117.0,0.05,1915,4806,742,230,141
ABANDONED,,,,2795,1780,490,18,19
COMPLETED,0.7199999999999999,86.0,0.98,4744,3309,822,157,108
ABANDONED,,,,1246,3116,300,74,193
COMPLETED,0.7299999999999999,46.0,0.99,4117,989,551,174,88
COMPLETED,0.7399999999999999,176.0,0.99,3421,3767,141,63,37
COMPLETED,0.7099999999999999,55.0,0.0,1291,2145,888,193,181
COMPLETED,0.7299999999999999,94.0,0.95,1334,2841,581,135,64
ABANDONED,,,,3306,1182,331,113,216
COMPLETED,0.7199999999999999,99.0,0.1,4152,4028,985,248,157
ABANDONED,,,,1126,1938,232,8,60
COMPLETED,0.7399999999999999,203.0,0.9,500,4862,399,41,11
COMPLETED,0.7099999999999999,45.0,0.0,4776,1679,646,207,149
COMPLETED,0.69,13.0,0.4199999999999999,1960,208,792,164,116
ABANDONED,,,,2859,2364,861,59,80
COMPLETED,0.7399999999999999,101.0,0.99,4679,2720,452,177,44
ABANDONED,,,,50,749,703,79,173
ABANDONED,,,,676,3704,927,97,132
COMPLETED,0.7299999999999999,50.0,1.0,4056,323,180,151,28
ABANDONED,,,,3483,4430,512,22,102
ABANDONED,,,,1861,1560,260,234,245
COMPLETED,0.7399999999999999,188.0,0.93,1688,4603,840,79,49
ABANDONED,,,,3882,3535,725,37,204
COMPLETED,0.7299999999999999,30.0,0.97,854,507,476,219,76
COMPLETED,0.7199999999999999,63.0,0.02,228,2543,155,236,120
ABANDONED,,,,4506,922,905,12,226
ABANDONED,,,,3038,4326,286,132,152
COMPLETED,0.7299999999999999,81.0,1.0,2314,2195,533,124,7
ABANDONED,,,,2139,3415,369,27,186
COMPLETED,0.7299999999999999,16.0,0.99,2510,74,621,222,32
COMPLETED,0.7399999999999999,156.0,1.0,4954,4717,196,108,91
ABANDONED,,,,326,1809,943,148,190
ABANDONED,,,,952,3894,688,181,242
ABANDONED,,,,4330,2076,435,67,105
COMPLETED,0.7399999999999999,86.0,0.99,3133,2970,752,200,23
ABANDONED,,,,1518,2986,331,164,227
ABANDONED,,,,3140,1051,582,91,115
COMPLETED,0.7399999999999999,138.0,1.0,4325,3898,235,207,10
ABANDONED,,,,945,2083,982,41,145
ABANDONED,,,,322,4714,649,8,160
COMPLETED,0.7299999999999999,81.0,1.0,4951,1802,397,248,62
COMPLETED,0.7399999999999999,98.0,0.97,2514,3399,791,113,66
COMPLETED,0.7199999999999999,107.0,0.94,2318,4329,864,233,98
COMPLETED,0.7099999999999999,73.0,1.0,4501,2558,702,152,131
COMPLETED,0.7399999999999999,41.0,0.98,225,936,452,96,24
COMPLETED,0.7299999999999999,126.0,0.94,848,3520,179,79,47
COMPLETED,0.7099999999999999,17.0,0.0,3875,493,929,177,175
ABANDONED,,,,3667,4600,263,60,203
COMPLETED,0.7299999999999999,53.0,0.99,1695,1376,509,188,82
COMPLETED,0.7299999999999999,149.0,1.0,3488,1545,837,131,6
ABANDONED,,,,4049,3698,475,11,119
COMPLETED,0.7099999999999999,12.0,0.0,670,320,726,237,224
COMPLETED,0.7099999999999999,70.0,0.0,47,2727,904,219,207
ABANDONED,,,,4675,753,156,37,77
COMPLETED,0.7199999999999999,108.0,0.93,2862,4156,535,168,50
ABANDONED,,,,2492,2380,283,80,172
COMPLETED,0.7399999999999999,321.0,0.97,1964,3270,620,55,21
COMPLETED,0.7299999999999999,20.0,1.0,2687,205,371,201,134
ABANDONED,,,,4773,4848,945,67,240
COMPLETED,0.7099999999999999,49.0,0.6999999999999998,495,1664,193,181,103
COMPLETED,0.7399999999999999,103.0,0.91,1119,4042,438,148,94
ABANDONED,,,,4147,1953,685,108,190
ABANDONED,,,,1340,1185,753,26,36
ABANDONED,,,,1305,3751,719,84,214
COMPLETED,0.7399999999999999,76.0,0.99,3434,2131,467,172,71
ABANDONED,,,,4104,3112,846,34,59
COMPLETED,0.69,81.0,0.02,607,3312,276,239,142
COMPLETED,0.7299999999999999,382.0,1.0,4727,91,527,17,13
COMPLETED,0.7199999999999999,121.0,0.94,2810,4822,165,127,111
ABANDONED,,,,1932,1794,912,121,232
ABANDONED,,,,2380,2608,249,29,85
COMPLETED,0.7099999999999999,23.0,0.0,2908,790,999,227,199
ABANDONED,,,,4552,4262,318,103,180
COMPLETED,0.67,62.0,0.2899999999999999,79,2329,564,145,42
COMPLETED,0.7299999999999999,117.0,0.9,705,4628,809,186,29
ABANDONED,,,,3532,3509,632,197,247
ABANDONED,,,,1754,600,382,51,96
ABANDONED,,,,1580,3648,959,138,167
COMPLETED,0.7299999999999999,60.0,0.99,3710,466,211,118,54
COMPLETED,0.7299999999999999,132.0,0.98,3755,4485,606,243,74
ABANDONED,,,,884,1417,354,5,210
COMPLETED,0.7399999999999999,90.0,0.97,4379,2469,767,210,122
COMPLETED,0.7299999999999999,244.0,1.0,3086,2737,420,89,1
COMPLETED,0.65,20.0,0.7099999999999999,2207,646,672,159,155
COMPLETED,0.68,114.0,0.92,2109,4995,493,194,38
ABANDONED,,,,2636,1615,739,62,183
ABANDONED,,,,434,274,823,74,89
ABANDONED,,,,1060,2934,549,100,107
ABANDONED,,,,4282,1156,300,156,235
ABANDONED,,,,3260,3934,891,18,138
COMPLETED,0.7199999999999999,67.0,0.97,1483,1963,138,231,18
ABANDONED,,,,1414,4768,933,61,68
ABANDONED,,,,4234,3346,505,73,162
COMPLETED,0.69,13.0,0.8,1049,124,259,175,56
COMPLETED,0.7399999999999999,94.0,0.94,423,3078,123,154,16
ABANDONED,,,,4857,948,876,102,144
ABANDONED,,,,2607,3804,441,228,233
ABANDONED,,,,2040,2185,690,20,113
ABANDONED,,,,2256,3465,400,115,197
COMPLETED,0.7299999999999999,30.0,1.0,3095,556,653,141,84
COMPLETED,0.7099999999999999,36.0,0.0,287,1312,787,246,177
COMPLETED,0.7199999999999999,112.0,0.81,913,4237,593,210,129
COMPLETED,0.7299999999999999,184.0,1.0,3823,2305,342,46,30
COMPLETED,0.6999999999999998,73.0,0.99,3719,2651,970,158,96
COMPLETED,0.7199999999999999,69.0,0.05,1764,2791,673,223,52
ABANDONED,,,,3580,699,427,33,166
ABANDONED,,,,3957,4093,765,142,209
ABANDONED,,,,148,4518,367,69,125
ABANDONED,,,,4581,1451,616,187,222
ABANDONED,,,,2956,3594,197,50,156
COMPLETED,0.7399999999999999,22.0,0.99,2391,412,950,198,4
COMPLETED,0.7299999999999999,85.0,1.0,2742,2006,893,86,37
COMPLETED,0.7299999999999999,107.0,1.0,4718,2910,295,213,88
ABANDONED,,,,557,1131,547,35,192
ABANDONED,,,,1183,3168,834,14,238
COMPLETED,0.7399999999999999,196.0,0.96,3366,4951,730,119,19
ABANDONED,,,,1275,1571,479,130,140
ABANDONED,,,,3322,36,805,52,230
COMPLETED,0.7399999999999999,144.0,0.96,4215,4758,386,184,148
COMPLETED,0.7299999999999999,219.0,0.98,1149,1847,635,65,11
COMPLETED,0.7399999999999999,110.0,0.92,525,3854,987,109,61
ABANDONED,,,,4841,2039,237,147,157
ABANDONED,,,,2696,3011,575,27,216
COMPLETED,0.68,32.0,0.97,2013,1076,329,221,65
ABANDONED,,,,2423,4565,523,132,245
COMPLETED,0.7299999999999999,50.0,0.99,2833,1342,272,124,101
COMPLETED,0.7299999999999999,104.0,0.98,4627,3573,916,238,27
ABANDONED,,,,36,547,169,11,132
ABANDONED,,,,660,2505,455,40,174
COMPLETED,0.7099999999999999,48.0,0.99,4001,882,707,216,44
COMPLETED,0.7299999999999999,124.0,0.97,3460,4364,110,83,79
ABANDONED,,,,1799,2236,858,165,201
COMPLETED,0.7399999999999999,622.0,0.94,1665,4180,312,23,7
COMPLETED,0.7099999999999999,60.0,0.0,3599,2405,561,232,153
COMPLETED,0.69,25.0,0.66,799,709,879,151,120
COMPLETED,0.66,91.0,0.25,175,3742,743,180,76
ABANDONED,,,,4492,364,497,76,205
COMPLETED,0.7099999999999999,103.0,0.0,2973,4393,819,191,169
COMPLETED,0.7299999999999999,50.0,1.0,2289,1520,70,57,48
ABANDONED,,,,2153,2881,779,94,136
COMPLETED,0.7199999999999999,37.0,0.99,2562,1220,32,162,24
ABANDONED,,,,4980,3988,660,44,105
ABANDONED,,,,391,1900,409,204,241
COMPLETED,0.7099999999999999,118.0,0.0,1014,4902,215,249,189
ABANDONED,,,,4354,1717,963,7,91
COMPLETED,0.7299999999999999,119.0,1.0,3188,3236,350,137,32
ABANDONED,,,,1529,170,602,112,185
COMPLETED,0.7299999999999999,120.0,0.93,1562,4280,204,153,57
ABANDONED,,,,3184,2306,950,95,161
COMPLETED,0.7099999999999999,68.0,0.0,4359,2585,362,234,212
ABANDONED,,,,980,808,612,22,69
ABANDONED,,,,356,3488,760,59,112
ABANDONED,,,,2558,4644,680,78,144
COMPLETED,0.6999999999999998,38.0,0.99,2186,1267,427,178,15
COMPLETED,0.7099999999999999,78.0,0.0,2284,3094,733,206,178
COMPLETED,0.7199999999999999,78.0,1.0,3006,1005,484,42,40
COMPLETED,0.7199999999999999,100.0,0.94,4458,3774,832,164,83
ABANDONED,,,,805,4842,294,114,249
COMPLETED,0.7299999999999999,66.0,1.0,3831,1778,541,134,97
ABANDONED,,,,3633,3296,147,9,31
COMPLETED,0.6999999999999998,8.0,0.02,1661,111,898,247,128
ABANDONED,,,,1834,3162,444,66,72
ABANDONED,,,,3454,250,694,182,208
COMPLETED,0.7099999999999999,50.0,0.91,627,1633,868,202,53
COMPLETED,0.7099999999999999,96.0,0.01,3,3913,505,223,3
ABANDONED,,,,4631,1979,252,25,156
ABANDONED,,,,2828,2950,936,149,223
ABANDONED,,,,2457,1135,187,107,124
ABANDONED,,,,2007,4466,977,12,193
COMPLETED,0.7299999999999999,50.0,1.0,2731,1440,225,236,87
COMPLETED,0.7299999999999999,159.0,1.0,4808,3672,588,126,36
ABANDONED,,,,529,447,340,130,181
COMPLETED,0.7299999999999999,215.0,1.0,4181,630,785,81,20
COMPLETED,0.7299999999999999,119.0,0.97,3357,4111,406,218,110
ABANDONED,,,,1384,2489,654,38,237
COMPLETED,0.7299999999999999,171.0,0.97,1261,2574,815,104,12
ABANDONED,,,,4069,4308,751,30,229
COMPLETED,0.7299999999999999,58.0,0.04,1199,2218,497,225,118
COMPLETED,0.7099999999999999,111.0,0.78,572,4577,134,196,64
ABANDONED,,,,4693,1394,880,52,217
COMPLETED,0.7099999999999999,92.0,0.0,2766,3538,308,185,158
COMPLETED,0.7399999999999999,85.0,1.0,1887,470,558,71,60
ABANDONED,,,,2414,3882,348,33,133
COMPLETED,0.7299999999999999,69.0,1.0,2942,2104,595,215,26
ABANDONED,,,,4596,3007,218,83,100
ABANDONED,,,,123,1036,968,173,246
ABANDONED,,,,749,3423,662,128,200
COMPLETED,0.7299999999999999,48.0,1.0,3972,42,414,120,80
COMPLETED,0.7299999999999999,142.0,0.97,3566,4696,778,240,45
COMPLETED,0.7399999999999999,142.0,0.88,1614,4864,575,173,121
ABANDONED,,,,3744,1643,322,75,226
COMPLETED,0.7099999999999999,84.0,0.0,3799,3249,991,193,152
COMPLETED,0.7299999999999999,179.0,1.0,928,221,242,63,8
ABANDONED,,,,301,2824,389,18,47
COMPLETED,0.7099999999999999,33.0,0.0,4423,1204,640,230,170
COMPLETED,0.69,51.0,0.98,2241,1930,798,155,75
ABANDONED,,,,2592,341,855,4,105
COMPLETED,0.7399999999999999,203.0,0.99,4872,4437,461,139,23
ABANDONED,,,,400,1529,709,117,137
ABANDONED,,,,1026,4179,922,88,184
COMPLETED,0.7299999999999999,102.0,0.99,4248,2362,170,160,33
ABANDONED,,,,3216,2709,518,45,92
COMPLETED,0.7099999999999999,23.0,0.0,1439,776,270,211,188
ABANDONED,,,,1449,3591,537,3,146
COMPLETED,0.7299999999999999,35.0,0.99,3265,524,290,246,9
COMPLETED,0.7399999999999999,139.0,0.97,4278,4542,902,116,114
ABANDONED,,,,467,4343,473,157,218
COMPLETED,0.7399999999999999,137.0,1.0,4902,2252,721,91,67
COMPLETED,0.7299999999999999,73.0,1.0,2642,2520,92,209,63
ABANDONED,,,,2074,861,843,47,159
COMPLETED,0.7299999999999999,64.0,0.99,3051,1870,756,176,130
ABANDONED,,,,4413,3398,431,60,244
COMPLETED,0.69,7.0,0.4,253,18,684,196,99
COMPLETED,0.7299999999999999,94.0,0.93,879,3031,938,229,81
ABANDONED,,,,3675,3838,624,155,176
COMPLETED,0.7299999999999999,120.0,0.99,1586,2059,374,101,45
ABANDONED,,,,1720,4006,796,212,225
COMPLETED,0.7299999999999999,120.0,1.0,3923,2858,642,169,5
ABANDONED,,,,740,1238,395,86,151
ABANDONED,,,,113,3215,229,120,171
COMPLETED,0.7299999999999999,68.0,1.0,4547,186,980,129,51
ABANDONED,,,,2912,4918,336,15,78
COMPLETED,0.7099999999999999,45.0,0.0,2346,1696,584,241,206
COMPLETED,0.7199999999999999,85.0,0.97,1936,2664,263,143,104
ABANDONED,,,,2776,732,517,105,239
COMPLETED,0.7299999999999999,105.0,0.11,4762,4204,175,224,133
COMPLETED,0.7299999999999999,139.0,0.96,601,2386,924,31,22
COMPLETED,0.7399999999999999,183.0,0.93,1227,4413,699,49,34
COMPLETED,0.7099999999999999,40.0,0.0,4138,1504,448,199,187
ABANDONED,,,,3400,3726,864,68,191
COMPLETED,0.7399999999999999,34.0,1.0,1310,385,118,188,93
COMPLETED,0.7099999999999999,122.0,0.0,1355,4669,418,238,164
ABANDONED,,,,3288,1291,666,10,58
ABANDONED,,,,1105,572,773,123,215
ABANDONED,,,,481,2628,607,82,231
COMPLETED,0.64,26.0,0.3599999999999999,4797,852,360,166,112
COMPLETED,0.7299999999999999,220.0,0.96,2662,4255,956,39,14
COMPLETED,0.7099999999999999,57.0,0.0,1979,2282,206,217,141
COMPLETED,0.7399999999999999,93.0,0.98,2466,3330,884,182,43
COMPLETED,0.7099999999999999,117.0,0.0,4661,4789,554,203,198
ABANDONED,,,,70,1724,304,53,86
ABANDONED,,,,4035,2166,826,220,248
ABANDONED,,,,3503,3060,486,110,127
COMPLETED,0.7299999999999999,91.0,1.0,1843,971,739,146,28
COMPLETED,0.7399999999999999,58.0,1.0,3643,1110,910,205,73
COMPLETED,0.7399999999999999,177.0,1.0,3900,3957,281,93,53
ABANDONED,,,,833,2022,530,163,168
ABANDONED,,,,209,4928,851,138,154
COMPLETED,0.7399999999999999,339.0,1.0,4527,1590,100,111,2
COMPLETED,0.7299999999999999,81.0,0.0899999999999999,3017,3186,713,250,123
ABANDONED,,,,2332,275,465,6,220
COMPLETED,0.7199999999999999,104.0,0.94,2118,4077,628,98,90
ABANDONED,,,,2528,2455,378,150,194
ABANDONED,,,,4936,2812,810,25,182
COMPLETED,0.7299999999999999,26.0,0.96,347,684,64,232,39
COMPLETED,0.7299999999999999,104.0,0.94,971,3618,318,191,17
ABANDONED,,,,4310,394,571,58,139
ABANDONED,,,,3154,4500,246,179,236
ABANDONED,,,,1495,1474,994,76,107
COMPLETED,0.7399999999999999,124.0,0.94,1489,3627,153,102,79
ABANDONED,,,,3149,405,899,153,201
ABANDONED,,,,4315,4512,288,20,174
COMPLETED,0.7199999999999999,55.0,0.98,976,1483,538,228,44
COMPLETED,0.6999999999999998,101.0,0.57,352,4066,842,195,28
ABANDONED,,,,2523,2802,723,175,245
ABANDONED,,,,2113,672,470,73,102
ABANDONED,,,,2327,4939,682,47,216
COMPLETED,0.7399999999999999,56.0,1.0,3011,1597,433,209,64
COMPLETED,0.7399999999999999,147.0,1.0,4531,3194,758,90,60
ABANDONED,,,,838,2918,375,141,149
COMPLETED,0.7399999999999999,218.0,1.0,3906,1100,623,115,10
COMPLETED,0.7299999999999999,95.0,0.1,3638,3947,190,246,116
ABANDONED,,,,1703,2015,941,2,231
COMPLETED,0.7299999999999999,135.0,0.95,1838,3817,393,187,32
ABANDONED,,,,3499,2158,644,69,186
ABANDONED,,,,699,961,794,50,91
ABANDONED,,,,75,3338,586,32,105
ABANDONED,,,,4665,156,333,224,241
ABANDONED,,,,2873,4799,979,106,136
COMPLETED,0.7399999999999999,63.0,0.99,2462,1732,230,142,23
COMPLETED,0.7099999999999999,64.0,0.0,1974,2619,926,242,169
ABANDONED,,,,2657,841,174,14,49
COMPLETED,0.7399999999999999,130.0,1.0,4802,4244,514,130,77
ABANDONED,,,,486,2272,266,118,204
COMPLETED,0.7299999999999999,70.0,0.99,4175,1301,867,171,120
COMPLETED,0.7399999999999999,413.0,1.0,3284,3453,450,35,7
COMPLETED,0.7099999999999999,18.0,0.0,1350,584,697,213,152
COMPLETED,0.7299999999999999,117.0,0.9,1314,4404,772,147,97
COMPLETED,0.7199999999999999,88.0,0.1,4134,3714,668,221,129
ABANDONED,,,,1223,376,415,27,31
COMPLETED,0.7399999999999999,86.0,0.95,597,2676,208,52,42
COMPLETED,0.7099999999999999,23.0,0.0,4757,741,954,204,176
ABANDONED,,,,2781,4213,358,64,196
COMPLETED,0.7299999999999999,77.0,0.98,1940,2398,608,184,84
ABANDONED,,,,2351,3204,305,216,233
ABANDONED,,,,2917,178,553,40,113
COMPLETED,0.7399999999999999,155.0,0.99,4542,4910,135,165,16
ABANDONED,,,,109,1686,886,83,144
ABANDONED,,,,735,4015,736,124,162
COMPLETED,0.7299999999999999,88.0,1.0,3918,1887,488,132,56
ABANDONED,,,,3541,2868,828,10,67
COMPLETED,0.7399999999999999,243.0,0.97,1591,3041,532,76,18
COMPLETED,0.7399999999999999,60.0,1.0,3680,1068,279,180,141
ABANDONED,,,,3784,3846,908,57,239
COMPLETED,0.7299999999999999,68.0,0.95,874,2070,160,191,108
COMPLETED,0.7099999999999999,115.0,0.65,248,4732,464,232,88
ABANDONED,,,,4407,1859,714,24,193
COMPLETED,0.7399999999999999,22.0,1.0,2217,10,849,97,37
COMPLETED,0.7399999999999999,72.0,1.0,2647,2263,812,249,4
ABANDONED,,,,4896,2532,379,112,125
ABANDONED,,,,462,871,626,136,221
ABANDONED,,,,1088,3580,996,162,209
COMPLETED,0.7399999999999999,88.0,1.0,4273,514,244,94,71
COMPLETED,0.7399999999999999,136.0,0.97,3271,4533,568,204,52
ABANDONED,,,,1453,1348,320,44,166
COMPLETED,0.7099999999999999,99.0,0.0,1444,4169,611,248,247
ABANDONED,,,,3221,2354,364,8,96
COMPLETED,0.7299999999999999,151.0,1.0,4243,2700,952,136,30
ABANDONED,,,,1021,766,202,112,126
ABANDONED,,,,394,3690,429,91,180
COMPLETED,0.7199999999999999,30.0,0.96,4866,351,678,165,42
COMPLETED,0.7099999999999999,40.0,0.0,2071,1536,762,207,199
ABANDONED,,,,3125,1192,830,79,233
COMPLETED,0.7399999999999999,123.0,0.95,4418,4048,482,189,143
COMPLETED,0.7299999999999999,91.0,0.96,296,1921,735,59,12
ABANDONED,,,,922,4876,895,22,58
ABANDONED,,,,3749,3258,542,96,214
COMPLETED,0.7299999999999999,23.0,0.99,1620,232,292,152,70
ABANDONED,,,,1793,3432,870,37,138
COMPLETED,0.7099999999999999,34.0,0.99,3571,54,120,219,18
ABANDONED,,,,3968,4707,693,80,107
ABANDONED,,,,744,1835,446,168,235
COMPLETED,0.7299999999999999,86.0,0.99,4591,2094,937,125,89
COMPLETED,0.7099999999999999,81.0,0.99,2947,2998,254,237,38
ABANDONED,,,,2419,1024,502,12,184
COMPLETED,0.7399999999999999,386.0,0.94,1892,4587,337,108,1
ABANDONED,,,,2770,1402,590,148,154
ABANDONED,,,,4688,3545,226,26,220
COMPLETED,0.7099999999999999,16.0,0.0299999999999999,568,481,975,222,122
COMPLETED,0.7199999999999999,83.0,0.96,1194,2566,655,200,75
ABANDONED,,,,4065,904,405,55,210
COMPLETED,0.7099999999999999,106.0,0.0,3394,4298,782,181,167
ABANDONED,,,,1379,2768,500,17,202
COMPLETED,0.7399999999999999,42.0,0.99,3353,638,748,239,82
COMPLETED,0.7399999999999999,169.0,1.0,4186,4120,64,122,47
ABANDONED,,,,1158,2499,816,127,174
COMPLETED,0.7299999999999999,115.0,0.8299999999999998,534,4458,557,171,131
COMPLETED,0.7299999999999999,196.0,1.0,4812,1430,309,85,25
COMPLETED,0.7399999999999999,106.0,0.97,2726,3661,882,214,99
COMPLETED,0.7399999999999999,102.0,0.96,2453,3922,966,70,65
ABANDONED,,,,2823,1990,220,186,219
ABANDONED,,,,4636,2962,597,51,160
COMPLETED,0.69,34.0,0.01,7,1144,347,197,61
COMPLETED,0.7299999999999999,89.0,0.94,631,3150,27,226,10
ABANDONED,,,,4010,241,776,30,146
ABANDONED,,,,3450,4963,411,145,228
ABANDONED,,,,1829,1622,665,103,115
COMPLETED,0.7099999999999999,115.0,0.0,1655,4834,240,210,187
COMPLETED,0.7299999999999999,158.0,1.0,3627,1766,992,45,35
COMPLETED,0.7299999999999999,87.0,0.99,3837,3285,324,159,93
ABANDONED,,,,810,102,572,89,191
ABANDONED,,,,186,3105,800,118,241
ABANDONED,,,,3001,3783,638,5,20
COMPLETED,0.7099999999999999,56.0,0.0599999999999999,2279,2124,391,244,135
COMPLETED,0.6999999999999998,90.0,0.97,2181,3478,710,156,50
ABANDONED,,,,2552,608,460,99,172
COMPLETED,0.7099999999999999,114.0,0.0,4991,4637,852,231,207
ABANDONED,,,,361,1256,106,17,77
ABANDONED,,,,985,4288,267,62,119
ABANDONED,,,,4364,2317,521,194,223
ABANDONED,,,,3179,2595,171,74,149
COMPLETED,0.7299999999999999,58.0,1.0,1557,816,920,174,6
ABANDONED,,,,1533,4891,256,91,127
COMPLETED,0.7099999999999999,67.0,0.99,3193,1709,508,157,28
ABANDONED,,,,4349,3228,184,48,95
ABANDONED,,,,1010,160,931,208,248
COMPLETED,0.7099999999999999,73.0,0.0,386,2889,691,245,198
ABANDONED,,,,4975,1230,439,3,86
COMPLETED,0.7399999999999999,114.0,0.97,2567,3999,873,140,43
COMPLETED,0.7399999999999999,152.0,0.97,2293,3732,789,19,13
ABANDONED,,,,4488,4381,651,102,232
COMPLETED,0.67,41.0,0.13,170,1511,402,154,111
COMPLETED,0.7299999999999999,115.0,0.91,795,4192,222,176,69
ABANDONED,,,,3861,2413,971,72,215
COMPLETED,0.7099999999999999,70.0,0.0,3603,2692,345,196,164
COMPLETED,0.7399999999999999,58.0,0.99,1669,720,591,60,57
COMPLETED,0.7299999999999999,50.0,0.99,3465,894,763,119,106
COMPLETED,0.7299999999999999,153.0,0.98,3995,4375,424,241,17
ABANDONED,,,,655,2245,676,15,139
ABANDONED,,,,31,4554,947,36,183
COMPLETED,0.7199999999999999,53.0,1.0,4622,1332,199,212,39
ABANDONED,,,,2839,3564,618,86,90
ABANDONED,,,,2428,535,365,170,195
COMPLETED,0.7099999999999999,100.0,0.94,2018,3864,546,199,123
ABANDONED,,,,2701,2047,296,49,219
COMPLETED,0.7099999999999999,81.0,0.0,4836,3018,895,188,153
COMPLETED,0.7199999999999999,156.0,0.99,520,1086,142,68,2
COMPLETED,0.7299999999999999,128.0,0.94,1144,3367,481,105,54
ABANDONED,,,,4210,26,727,143,168
COMPLETED,0.7299999999999999,68.0,0.88,1395,1838,835,224,74
ABANDONED,,,,1270,3179,637,166,175
COMPLETED,0.7399999999999999,60.0,1.0,3361,306,385,82,46
COMPLETED,0.7299999999999999,147.0,0.98,4099,4960,803,217,82
ABANDONED,,,,562,3970,327,9,243
COMPLETED,0.7299999999999999,85.0,0.99,4723,1996,578,239,100
COMPLETED,0.7299999999999999,112.0,0.99,2737,2899,239,123,26
COMPLETED,0.67,35.0,0.4199999999999999,1896,1124,985,133,130
COMPLETED,0.7399999999999999,126.0,0.94,2385,4528,167,220,62
ABANDONED,,,,2951,1462,917,28,159
ABANDONED,,,,4586,3606,274,146,218
COMPLETED,0.7199999999999999,19.0,0.67,153,421,521,110,66
ABANDONED,,,,779,2779,860,65,114
ABANDONED,,,,3575,4084,706,53,147
COMPLETED,0.7299999999999999,107.0,0.97,1759,2423,456,203,9
ABANDONED,,,,1625,4228,877,111,192
COMPLETED,0.7399999999999999,76.0,0.99,3714,2293,129,137,93
ABANDONED,,,,3827,2640,563,6,34
COMPLETED,0.7099999999999999,26.0,0.0,918,825,310,250,188
COMPLETED,0.7299999999999999,333.0,1.0,4451,566,818,43,21
COMPLETED,0.67,115.0,0.7199999999999999,3091,4662,494,163,103
ABANDONED,,,,2251,1324,746,93,240
ABANDONED,,,,2036,3068,411,58,78
ABANDONED,,,,2603,940,658,190,206
COMPLETED,0.7099999999999999,61.0,0.78,428,2174,780,179,51
COMPLETED,0.7299999999999999,191.0,0.91,1054,4776,601,150,5
ABANDONED,,,,4238,1750,351,98,150
COMPLETED,0.7099999999999999,84.0,0.0,3227,3356,965,231,224
ABANDONED,,,,1410,133,212,25,118
COMPLETED,0.7299999999999999,94.0,0.96,1479,2944,983,190,45
ABANDONED,,,,3255,1167,233,59,173
ABANDONED,,,,4287,3946,579,178,200
ABANDONED,,,,1065,1972,333,77,80
ABANDONED,,,,4910,1606,793,153,246
ABANDONED,,,,2632,3134,398,22,133
COMPLETED,0.69,12.0,1.0,2105,262,647,234,27
ABANDONED,,,,2202,4138,451,135,159
COMPLETED,0.7299999999999999,92.0,1.0,3081,2476,703,114,59
COMPLETED,0.7299999999999999,99.0,0.99,4384,2745,114,247,63
ABANDONED,,,,262,656,861,9,217
ABANDONED,,,,888,3640,511,42,230
COMPLETED,0.7399999999999999,49.0,1.0,3760,456,260,206,117
COMPLETED,0.7299999999999999,272.0,0.98,3705,4474,927,92,11
COMPLETED,0.6999999999999998,41.0,0.23,1576,1409,180,164,148
ABANDONED,,,,1749,4618,724,25,92
COMPLETED,0.7099999999999999,37.0,0.0,3527,1279,477,223,189
ABANDONED,,,,3933,3501,839,107,185
COMPLETED,0.7199999999999999,35.0,1.0,710,590,89,148,33
COMPLETED,0.65,67.0,0.27,84,2616,284,181,22
ABANDONED,,,,4557,801,534,66,137
ABANDONED,,,,2375,2337,907,54,104
COMPLETED,0.7199999999999999,6.0,0.0299999999999999,2805,79,943,167,76
ABANDONED,,,,4732,4810,369,38,48
COMPLETED,0.7099999999999999,49.0,0.0,612,1784,621,218,169
COMPLETED,0.7099999999999999,90.0,0.0,1238,3762,751,236,151
COMPLETED,0.7299999999999999,100.0,0.99,3428,3121,687,130,121
ABANDONED,,,,1300,994,436,126,225
COMPLETED,0.7299999999999999,189.0,0.94,1345,4033,96,52,32
COMPLETED,0.7299999999999999,70.0,0.99,3318,1942,848,196,128
ABANDONED,,,,4142,2835,468,71,249
COMPLETED,0.7099999999999999,41.0,0.97,1114,1176,717,185,98
COMPLETED,0.7099999999999999,84.0,0.75,490,3282,913,144,83
COMPLETED,0.7099999999999999,115.0,0.0,2692,4857,524,225,177
ABANDONED,,,,1969,1675,278,30,40
ABANDONED,,,,2497,2716,566,121,145
COMPLETED,0.7299999999999999,82.0,1.0,2867,745,315,128,15
ABANDONED,,,,4670,4148,997,16,112
COMPLETED,0.7099999999999999,64.0,0.0,41,2370,250,240,234
COMPLETED,0.7099999999999999,104.0,0.0,665,4425,381,215,212
ABANDONED,,,,4044,1555,633,34,68
COMPLETED,0.7399999999999999,113.0,0.99,3493,3708,59,172,56
ABANDONED,,,,1873,328,806,84,161
COMPLETED,0.7399999999999999,120.0,0.95,1699,3530,355,230,109
ABANDONED,,,,3671,501,604,18,238
COMPLETED,0.7099999999999999,114.0,0.93,3871,4608,209,156,140
COMPLETED,0.7299999999999999,99.0,0.99,844,1386,961,100,19
COMPLETED,0.7399999999999999,109.0,0.9,220,4322,669,75,36
ABANDONED,,,,4497,2191,423,173,182
ABANDONED,,,,3045,2548,769,63,194
ABANDONED,,,,2147,4723,822,160,223
COMPLETED,0.7299999999999999,130.0,0.99,4947,3411,742,212,3
ABANDONED,,,,317,70,490,44,156
COMPLETED,0.7299999999999999,68.0,0.99,4320,1042,889,245,53
COMPLETED,0.7399999999999999,114.0,0.97,3145,3889,299,117,72
ABANDONED,,,,1523,2071,551,139,208
ABANDONED,,,,1507,3902,845,30,179
COMPLETED,0.7399999999999999,69.0,0.99,3128,2087,98,226,43
COMPLETED,0.7299999999999999,116.0,1.0,4336,2980,718,104,86
ABANDONED,,,,957,1046,467,144,199
ABANDONED,,,,4959,66,912,71,94
COMPLETED,0.69,117.0,0.94,2504,4710,275,197,28
ABANDONED,,,,2134,1798,528,52,127
COMPLETED,0.7399999999999999,73.0,0.99,2309,2554,316,84,58
COMPLETED,0.7399999999999999,41.0,0.97,3032,932,565,172,164
ABANDONED,,,,4511,4335,248,33,215
COMPLETED,0.7299999999999999,61.0,0.64,233,2207,1000,215,70
COMPLETED,0.7399999999999999,120.0,0.04,859,4595,630,240,111
ABANDONED,,,,3887,1370,384,15,231
ABANDONED,,,,3656,3524,808,127,142
COMPLETED,0.7399999999999999,135.0,1.0,1683,498,58,121,14
ABANDONED,,,,1856,3692,605,193,194
ABANDONED,,,,3478,315,354,63,90
COMPLETED,0.7399999999999999,141.0,0.99,4060,4421,958,173,39
ABANDONED,,,,680,1549,212,74,182
ABANDONED,,,,54,4152,420,100,138
COMPLETED,0.7299999999999999,166.0,1.0,4684,2376,672,156,17
ABANDONED,,,,2483,758,768,230,236
ABANDONED,,,,2678,1669,825,116,211
COMPLETED,0.7099999999999999,78.0,0.0,4781,3265,491,244,168
ABANDONED,,,,504,201,741,4,54
COMPLETED,0.7299999999999999,408.0,0.96,1130,2851,889,45,2
ABANDONED,,,,3302,4037,548,87,220
COMPLETED,0.6999999999999998,54.0,0.4,1330,1948,302,161,123
COMPLETED,0.7199999999999999,75.0,0.04,1296,3108,235,235,130
ABANDONED,,,,3425,978,982,21,25
COMPLETED,0.7199999999999999,96.0,0.99,4113,3757,330,153,99
ABANDONED,,,,1241,2136,582,96,243
ABANDONED,,,,618,4816,791,78,203
COMPLETED,0.7399999999999999,129.0,0.99,2799,3316,648,58,46
COMPLETED,0.68,7.0,0.01,1920,95,397,190,176
COMPLETED,0.7299999999999999,114.0,0.95,2370,4266,700,163,9
ABANDONED,,,,2896,2333,454,93,146
ABANDONED,,,,4563,2602,862,207,228
ABANDONED,,,,714,3514,261,8,67
COMPLETED,0.7099999999999999,19.0,0.0,3937,606,511,248,217
ABANDONED,,,,3522,4624,177,114,159
COMPLETED,0.7299999999999999,70.0,1.0,1745,1283,930,134,63
ABANDONED,,,,1573,4490,474,55,239
COMPLETED,0.7299999999999999,65.0,1.0,3701,1422,727,201,104
COMPLETED,0.7399999999999999,265.0,1.0,3763,3644,90,66,22
COMPLETED,0.7399999999999999,31.0,0.97,892,462,838,182,134
ABANDONED,,,,269,2741,535,149,187
COMPLETED,0.7299999999999999,122.0,1.0,4389,650,284,107,34
COMPLETED,0.7299999999999999,113.0,0.78,3075,4122,904,222,93
COMPLETED,0.68,79.0,0.95,2098,3138,944,125,118
ABANDONED,,,,4917,5000,618,13,151
COMPLETED,0.7299999999999999,50.0,0.92,444,1619,372,235,5
ABANDONED,,,,4291,1958,755,38,171
ABANDONED,,,,3252,2939,437,167,206
COMPLETED,0.7299999999999999,57.0,1.0,1474,1161,686,81,78
COMPLETED,0.7299999999999999,131.0,0.95,1426,3341,388,134,26
ABANDONED,,,,3242,119,634,122,133
ABANDONED,,,,1039,1744,804,10,100
ABANDONED,,,,415,3800,577,39,80
COMPLETED,0.7099999999999999,55.0,0.0,4848,2181,328,217,201
ABANDONED,,,,2616,3084,989,81,173
COMPLETED,0.7299999999999999,28.0,0.13,2050,954,236,167,45
COMPLETED,0.7099999999999999,110.0,0.0,2264,4659,916,202,147
COMPLETED,0.7299999999999999,218.0,1.0,3105,1317,168,54,12
COMPLETED,0.7399999999999999,96.0,0.99,4438,3461,524,183,117
ABANDONED,,,,278,552,272,65,229
COMPLETED,0.7399999999999999,46.0,1.0,3812,838,857,146,64
ABANDONED,,,,3731,4231,456,28,60
COMPLETED,0.7099999999999999,56.0,0.0,1640,2300,707,220,158
ABANDONED,,,,1774,4098,128,94,105
ABANDONED,,,,3591,2439,878,162,242
ABANDONED,,,,3947,2785,314,43,136
COMPLETED,0.7299999999999999,35.0,0.99,763,694,560,205,23
COMPLETED,0.69,90.0,0.4199999999999999,139,3600,821,250,34
ABANDONED,,,,2965,4514,745,137,188
COMPLETED,0.67,40.0,0.04,2398,1447,496,111,92
ABANDONED,,,,1910,2906,660,24,226
COMPLETED,0.7199999999999999,31.0,0.05,2750,1127,408,232,121
COMPLETED,0.7399999999999999,310.0,1.0,4709,3983,779,99,8
COMPLETED,0.7099999999999999,115.0,0.0,1173,4946,350,179,170
COMPLETED,0.7299999999999999,137.0,1.0,4083,1566,601,77,48
COMPLETED,0.7299999999999999,102.0,0.99,3376,3172,215,191,75
ABANDONED,,,,1287,302,962,57,205
COMPLETED,0.7399999999999999,154.0,0.92,1397,4763,507,116,40
ABANDONED,,,,3332,1852,258,140,178
ABANDONED,,,,4207,3370,934,3,197
COMPLETED,0.7199999999999999,26.0,0.99,1139,32,181,245,83
COMPLETED,0.7199999999999999,86.0,0.92,513,3015,442,208,97
ABANDONED,,,,4830,1080,689,48,249
COMPLETED,0.7099999999999999,56.0,1.0,2024,2033,874,90,31
COMPLETED,0.7299999999999999,25.0,0.99,2844,542,787,195,57
COMPLETED,0.7399999999999999,150.0,0.99,4615,4570,401,72,69
ABANDONED,,,,26,1346,652,176,212
ABANDONED,,,,652,4360,971,155,234
ABANDONED,,,,3991,2232,223,101,113
COMPLETED,0.7399999999999999,78.0,0.98,3468,2510,594,228,15
ABANDONED,,,,1808,888,342,20,144
COMPLETED,0.7299999999999999,83.0,0.88,1674,2678,766,169,87
COMPLETED,0.7099999999999999,102.0,0.0,3857,4186,674,212,182
ABANDONED,,,,791,2410,425,36,36
ABANDONED,,,,165,4387,198,14,20
COMPLETED,0.7299999999999999,43.0,0.05,4481,1514,948,242,140
ABANDONED,,,,2983,3746,368,120,237
COMPLETED,0.69,17.0,0.99,2300,368,614,128,109
COMPLETED,0.7099999999999999,91.0,0.0,2163,3992,296,225,208
ABANDONED,,,,2573,1904,547,31,72
COMPLETED,0.7399999999999999,110.0,1.0,4970,2875,145,143,52
ABANDONED,,,,379,1214,892,105,166
ABANDONED,,,,1006,3241,731,68,157
COMPLETED,0.7299999999999999,43.0,0.99,4346,176,479,188,3
ABANDONED,,,,3197,4898,834,48,124
ABANDONED,,,,1552,2579,749,34,101
ABANDONED,,,,3172,803,499,214,245
ABANDONED,,,,4370,4284,814,85,132
COMPLETED,0.7099999999999999,70.0,0.96,992,2310,68,171,27
COMPLETED,0.75,126.0,0.9,365,4640,306,126,44
ABANDONED,,,,4994,1262,559,122,174
ABANDONED,,,,2178,622,881,16,79
COMPLETED,0.7199999999999999,61.0,0.99,2998,2118,968,145,116
COMPLETED,0.7299999999999999,596.0,1.0,4467,3090,348,29,11
COMPLETED,0.7099999999999999,29.0,0.0,189,1001,596,227,148
COMPLETED,0.7099999999999999,83.0,0.0,815,3300,777,198,157
COMPLETED,0.7299999999999999,135.0,0.96,3622,4837,662,186,65
ABANDONED,,,,1649,1772,415,71,216
COMPLETED,0.7299999999999999,147.0,0.93,1822,4976,989,243,24
ABANDONED,,,,3444,1638,243,5,135
ABANDONED,,,,4016,3156,574,139,241
COMPLETED,0.7299999999999999,20.0,1.0,637,245,323,117,106
ABANDONED,,,,4640,1140,799,160,189
ABANDONED,,,,2820,3909,388,46,185
COMPLETED,0.6999999999999998,58.0,0.99,2448,1974,641,210,33
COMPLETED,0.7299999999999999,127.0,0.91,2000,3667,461,175,152
COMPLETED,0.7299999999999999,129.0,1.0,2722,443,709,74,7
ABANDONED,,,,538,1445,855,62,227
ABANDONED,,,,1165,4106,517,18,204
COMPLETED,0.7399999999999999,96.0,1.0,4191,2484,270,230,76
COMPLETED,0.7299999999999999,125.0,1.0,3346,2762,921,99,49
ABANDONED,,,,1374,635,171,157,169
COMPLETED,0.7299999999999999,127.0,0.92,1252,4314,361,208,84
ABANDONED,,,,3381,2223,614,41,196
ABANDONED,,,,4079,2570,203,164,177
COMPLETED,0.7299999999999999,88.0,1.0,1207,911,951,92,41
COMPLETED,0.7399999999999999,111.0,0.93,583,3542,679,113,30
COMPLETED,0.7299999999999999,31.0,1.0,4705,474,429,135,129
ABANDONED,,,,2755,4571,759,7,250
ABANDONED,,,,2404,3001,832,152,213
COMPLETED,0.7299999999999999,60.0,0.99,2930,1030,81,96,68
COMPLETED,0.7299999999999999,124.0,1.0,4607,3886,732,234,56
ABANDONED,,,,135,2108,485,22,162
ABANDONED,,,,758,4691,147,59,143
COMPLETED,0.7399999999999999,71.0,0.99,3980,1821,898,189,16
ABANDONED,,,,3556,3428,293,79,114
ABANDONED,,,,1780,48,541,177,233
ABANDONED,,,,1607,3245,121,12,37
COMPLETED,0.7099999999999999,10.0,0.0,3735,217,870,236,180
ABANDONED,,,,3807,4869,443,124,192
COMPLETED,0.7299999999999999,55.0,0.97,936,1648,696,132,88
COMPLETED,0.6999999999999998,97.0,0.4899999999999999,312,4055,934,168,109
COMPLETED,0.7099999999999999,71.0,0.0,3109,2828,503,218,141
COMPLETED,0.7399999999999999,67.0,1.0,2231,1208,253,37,19
ABANDONED,,,,2054,4442,588,67,166
COMPLETED,0.6999999999999998,48.0,0.99,2582,1533,340,181,51
ABANDONED,,,,4883,3676,976,56,71
ABANDONED,,,,410,335,225,200,209
ABANDONED,,,,1033,2714,406,222,222
ABANDONED,,,,4257,781,655,27,125
COMPLETED,0.7399999999999999,170.0,0.97,3208,4175,33,148,4
ABANDONED,,,,1430,2357,785,108,156
ABANDONED,,,,3276,1365,773,64,85
COMPLETED,0.7399999999999999,104.0,1.0,4266,3586,418,203,42
ABANDONED,,,,1083,519,666,53,180
ABANDONED,,,,459,2526,957,27,126
COMPLETED,0.7299999999999999,47.0,0.99,4892,867,205,221,29
COMPLETED,0.7199999999999999,110.0,0.94,2650,4339,608,109,95
ABANDONED,,,,2084,2247,359,147,247
COMPLETED,0.7199999999999999,84.0,0.96,2220,3393,555,237,71
ABANDONED,,,,3061,14,302,11,214
ABANDONED,,,,4404,4745,885,133,163
COMPLETED,0.7299999999999999,52.0,0.76,243,1875,137,123,59
COMPLETED,0.7399999999999999,198.0,0.93,867,3833,487,82,13
COMPLETED,0.68,53.0,0.19,3778,2054,737,166,142
COMPLETED,0.7399999999999999,54.0,0.96,1596,1064,825,216,110
ABANDONED,,,,1730,2852,282,98,183
COMPLETED,0.7299999999999999,61.0,1.0,3547,1233,529,150,38
ABANDONED,,,,3913,4011,159,23,89
COMPLETED,0.7099999999999999,49.0,0.0,729,1881,910,233,195
ABANDONED,,,,105,4914,713,192,235
ABANDONED,,,,4539,1692,464,56,108
COMPLETED,0.7399999999999999,96.0,0.99,2921,3221,852,180,18
ABANDONED,,,,1945,4209,811,44,55
ABANDONED,,,,4753,2660,630,95,210
COMPLETED,0.6999999999999998,24.0,0.33,594,728,376,161,74
COMPLETED,0.7199999999999999,99.0,0.93,1217,3730,247,136,122
ABANDONED,,,,4127,389,993,112,221
COMPLETED,0.7299999999999999,102.0,0.08,3410,4408,319,249,154
COMPLETED,0.75,1986.0,1.0,1321,1498,570,7,1
ABANDONED,,,,1363,3440,902,73,244
COMPLETED,0.7399999999999999,39.0,1.0,3297,568,151,175,98
COMPLETED,0.7299999999999999,288.0,0.99,4163,4674,537,62,24
COMPLETED,0.7299999999999999,56.0,0.97,1096,1296,289,194,131
ABANDONED,,,,4786,2276,843,21,47
COMPLETED,0.68,77.0,0.96,2674,2632,473,154,82
ABANDONED,,,,1989,857,720,102,202
ABANDONED,,,,2478,4793,433,2,116
COMPLETED,0.7099999999999999,49.0,0.0,2888,1728,683,246,227
COMPLETED,0.7199999999999999,11.0,0.54,60,140,755,141,10
COMPLETED,0.7099999999999999,90.0,0.5899999999999999,686,3065,626,159,62
ABANDONED,,,,4025,977,373,89,160
ABANDONED,,,,3512,3823,940,209,219
ABANDONED,,,,1852,2162,191,47,66
COMPLETED,0.7299999999999999,113.0,0.92,1718,3963,643,142,135
COMPLETED,0.7299999999999999,193.0,1.0,3651,2028,394,106,21
COMPLETED,0.7199999999999999,109.0,0.97,3891,2921,797,224,103
ABANDONED,,,,199,3190,336,49,190
COMPLETED,0.7199999999999999,33.0,1.0,4515,279,584,199,94
COMPLETED,0.7299999999999999,190.0,0.95,3027,4922,229,69,35
COMPLETED,0.7099999999999999,43.0,0.0,2344,1584,980,187,186
COMPLETED,0.7099999999999999,72.0,0.98,2128,2806,177,213,6
ABANDONED,,,,2539,678,923,35,150
ABANDONED,,,,4926,4082,265,170,224
ABANDONED,,,,335,2459,515,86,119
COMPLETED,0.7399999999999999,129.0,0.91,962,4496,866,119,77
ABANDONED,,,,3163,3623,700,13,172
COMPLETED,0.7399999999999999,37.0,0.99,1502,400,446,243,49
COMPLETED,0.6999999999999998,71.0,0.69,1500,2800,880,155,150
COMPLETED,0.7299999999999999,164.0,1.0,3161,670,133,101,5
COMPLETED,0.7299999999999999,105.0,0.11,4299,4063,559,229,118
ABANDONED,,,,959,2443,307,19,225
COMPLETED,0.7299999999999999,56.0,1.0,4923,1481,814,196,78
COMPLETED,0.7299999999999999,109.0,0.97,2537,3625,498,72,51
COMPLETED,0.7099999999999999,15.0,0.0,2126,403,750,176,171
COMPLETED,0.7299999999999999,100.0,0.96,2342,3949,413,208,22
ABANDONED,,,,3025,2017,663,47,134
ABANDONED,,,,196,1103,778,91,104
COMPLETED,0.7299999999999999,91.0,0.93,823,3197,595,116,93
ABANDONED,,,,3889,288,348,140,191
ABANDONED,,,,3648,4941,968,3,187
COMPLETED,0.7299999999999999,72.0,1.0,1715,1600,218,245,35
ABANDONED,,,,1854,4797,640,68,228
COMPLETED,0.7299999999999999,59.0,1.0,3514,1729,389,188,115
COMPLETED,0.7399999999999999,469.0,1.0,4028,3336,798,49,9
COMPLETED,0.7099999999999999,78.0,0.0,62,3050,322,224,159
ABANDONED,,,,4652,958,574,32,63
COMPLETED,0.7299999999999999,99.0,0.97,2890,3815,242,143,66
ABANDONED,,,,2480,2156,990,105,218
ABANDONED,,,,1992,3456,169,15,99
ABANDONED,,,,2676,586,922,241,244
ABANDONED,,,,4789,4683,269,120,130
COMPLETED,0.7199999999999999,57.0,0.98,472,1303,518,129,25
COMPLETED,0.7399999999999999,122.0,0.91,1098,4247,854,170,46
COMPLETED,0.7099999999999999,82.0,0.0,3300,2622,708,212,203
ABANDONED,,,,1366,843,462,36,81
COMPLETED,0.7299999999999999,93.0,0.99,3413,2395,760,146,53
ABANDONED,,,,4129,2674,428,28,73
COMPLETED,0.7099999999999999,23.0,0.0,1220,739,680,220,211
ABANDONED,,,,596,3712,951,202,220
ABANDONED,,,,4755,373,204,53,123
COMPLETED,0.75,123.0,0.96,2787,4401,613,183,2
ABANDONED,,,,1947,1490,362,66,154
ABANDONED,,,,2357,2871,540,39,39
COMPLETED,0.7099999999999999,34.0,0.0,2924,1248,294,217,183
ABANDONED,,,,4541,4017,897,82,194
COMPLETED,0.6999999999999998,52.0,0.01,107,1889,147,166,90
COMPLETED,0.7099999999999999,117.0,0.89,731,4912,484,133,107
ABANDONED,,,,3915,1688,733,123,236
ABANDONED,,,,1733,181,832,10,17
ABANDONED,,,,1594,3385,252,179,214
COMPLETED,0.7399999999999999,50.0,1.0,3684,7,504,77,70
COMPLETED,0.7299999999999999,134.0,0.97,3776,4729,187,191,58
ABANDONED,,,,865,1857,935,58,164
ABANDONED,,,,241,3843,695,24,141
COMPLETED,0.7299999999999999,72.0,0.98,4402,2068,444,231,14
ABANDONED,,,,3058,3039,868,98,112
COMPLETED,0.6999999999999998,108.0,0.94,2081,4536,784,250,86
ABANDONED,,,,4890,3582,653,137,179
COMPLETED,0.7399999999999999,34.0,0.99,457,517,407,110,43
COMPLETED,0.7299999999999999,131.0,0.96,1081,2534,224,93,28
COMPLETED,0.69,27.0,0.8599999999999999,4264,873,977,163,127
ABANDONED,,,,3273,4354,339,43,248
COMPLETED,0.7199999999999999,68.0,0.96,1458,2266,588,205,95
ABANDONED,,,,1428,4446,360,9,53
COMPLETED,0.7099999999999999,42.0,0.0,3205,1534,606,247,165
COMPLETED,0.7399999999999999,32.0,0.99,1031,349,956,134,72
COMPLETED,0.67,70.0,0.14,407,2698,666,163,124
ABANDONED,,,,4881,763,417,92,223
COMPLETED,0.7099999999999999,98.0,0.0,2580,4166,774,206,156
COMPLETED,0.76,77.0,0.99,2051,2351,21,42,3
ABANDONED,,,,2228,3261,826,78,181
COMPLETED,0.7199999999999999,16.0,1.0,3106,234,78,178,37
ABANDONED,,,,4431,4878,738,59,87
ABANDONED,,,,310,1654,486,189,193
ABANDONED,,,,3805,1924,884,22,110
COMPLETED,0.7299999999999999,123.0,1.0,3732,2817,303,153,20
ABANDONED,,,,1604,1195,554,95,139
COMPLETED,0.7299999999999999,98.0,0.95,1783,2995,101,218,68
ABANDONED,,,,3559,1021,850,38,212
COMPLETED,0.7099999999999999,96.0,0.0,3982,3868,466,167,161
COMPLETED,0.7299999999999999,81.0,0.96,761,2092,712,81,57
COMPLETED,0.7399999999999999,121.0,0.88,137,4705,910,126,15
ABANDONED,,,,4609,1833,158,130,144
ABANDONED,,,,2933,3429,530,12,234
COMPLETED,0.7099999999999999,6.0,0.0299999999999999,2406,52,281,236,113
ABANDONED,,,,1878,4301,570,149,198
COMPLETED,0.7299999999999999,73.0,1.0,2758,2212,318,107,83
COMPLETED,0.7099999999999999,67.0,0.0899999999999999,4707,2569,994,223,40
ABANDONED,,,,585,907,246,25,178
ABANDONED,,,,1209,3548,377,54,128
COMPLETED,0.7299999999999999,38.0,1.0,4081,483,628,202,31
ABANDONED,,,,1255,1405,810,182,249
COMPLETED,0.7399999999999999,115.0,0.95,1376,3658,721,240,7
ABANDONED,,,,3348,437,472,16,152
ABANDONED,,,,4194,4455,844,128,226
COMPLETED,0.7399999999999999,114.0,0.9,541,4117,290,83,75
ABANDONED,,,,4818,2497,536,173,205
COMPLETED,0.7099999999999999,19.0,0.99,2002,635,901,215,48
COMPLETED,0.7299999999999999,120.0,0.91,2451,4965,192,185,137
COMPLETED,0.7399999999999999,111.0,1.0,2822,1625,939,71,23
COMPLETED,0.7399999999999999,120.0,1.0,4643,3153,373,196,105
ABANDONED,,,,13,244,624,52,242
ABANDONED,,,,639,2964,756,30,188
COMPLETED,0.7299999999999999,167.0,0.99,3446,3925,684,104,33
ABANDONED,,,,1824,1992,431,144,185
ABANDONED,,,,1647,3780,981,45,117
ABANDONED,,,,3840,3103,585,88,147
COMPLETED,0.7199999999999999,52.0,0.99,813,1012,335,160,12
ABANDONED,,,,4464,99,796,117,158
COMPLETED,0.7099999999999999,110.0,0.0,2996,4831,395,244,216
ABANDONED,,,,2273,1763,642,4,64
ABANDONED,,,,2176,2597,448,101,246
COMPLETED,0.6999999999999998,26.0,1.0,2546,819,699,155,100
ABANDONED,,,,4991,4290,118,18,26
COMPLETED,0.7199999999999999,68.0,0.02,363,2319,865,230,133
COMPLETED,0.7099999999999999,113.0,0.0,989,4639,516,193,173
COMPLETED,0.7399999999999999,139.0,1.0,4367,1259,264,63,45
COMPLETED,0.75,108.0,0.99,3170,3481,924,173,80
COMPLETED,0.7299999999999999,119.0,0.92,1534,3996,526,158,71
ABANDONED,,,,3195,1905,276,90,209
COMPLETED,0.7099999999999999,73.0,0.0,4343,2887,911,210,166
ABANDONED,,,,1003,1227,165,46,52
ABANDONED,,,,377,3225,466,2,4
COMPLETED,0.7299999999999999,9.0,0.02,4967,158,719,247,155
COMPLETED,0.67,48.0,0.99,2160,1707,846,141,125
ABANDONED,,,,2981,723,809,20,88
COMPLETED,0.7299999999999999,129.0,0.99,4478,4195,383,154,38
ABANDONED,,,,162,2416,631,102,180
ABANDONED,,,,789,4383,999,73,140
COMPLETED,0.7299999999999999,72.0,0.99,3854,1513,249,175,19
ABANDONED,,,,3605,3735,564,61,109
ABANDONED,,,,1671,355,317,195,238
COMPLETED,0.7299999999999999,140.0,0.95,1810,3562,767,119,56
ABANDONED,,,,3994,4552,671,14,213
COMPLETED,0.7299999999999999,46.0,0.93,655,1330,421,242,68
COMPLETED,0.65,103.0,0.07,28,4373,210,213,113
ABANDONED,,,,4618,2243,959,35,233
COMPLETED,0.7399999999999999,74.0,0.91,2846,2511,353,170,143
COMPLETED,0.7299999999999999,69.0,1.0,2437,891,606,85,16
ABANDONED,,,,2026,4750,301,50,177
COMPLETED,0.7099999999999999,57.0,1.0,2710,1841,549,198,41
ABANDONED,,,,4833,3370,139,69,84
ABANDONED,,,,516,28,891,187,197
ABANDONED,,,,1142,3021,740,142,250
COMPLETED,0.7299999999999999,55.0,1.0,4209,1089,492,106,96
COMPLETED,0.7399999999999999,118.0,0.98,3334,3867,824,223,30
ABANDONED,,,,1289,2897,396,83,120
ABANDONED,,,,3379,1121,649,165,227
COMPLETED,0.7199999999999999,80.0,0.97,1176,1994,791,216,6
COMPLETED,0.7399999999999999,122.0,0.88,552,4957,581,237,49
ABANDONED,,,,4711,1579,331,11,169
ABANDONED,,,,2752,3176,981,132,204
COMPLETED,0.7299999999999999,49.0,1.0,1913,303,235,124,76
ABANDONED,,,,2401,4086,929,27,241
COMPLETED,0.7399999999999999,74.0,0.89,2968,2425,179,221,106
COMPLETED,0.7299999999999999,196.0,1.0,4575,2781,509,109,24
COMPLETED,0.69,22.0,0.13,141,693,262,147,136
COMPLETED,0.7299999999999999,186.0,1.0,3949,424,863,65,32
COMPLETED,0.7299999999999999,134.0,0.97,3594,4530,453,203,91
ABANDONED,,,,1777,1465,701,52,189
COMPLETED,0.7399999999999999,242.0,0.93,1638,4659,156,137,11
ABANDONED,,,,3728,1321,905,112,148
COMPLETED,0.7099999999999999,82.0,0.0,3810,3474,282,249,230
ABANDONED,,,,899,563,536,7,117
ABANDONED,,,,276,2638,837,44,65
ABANDONED,,,,3102,4226,725,94,157
COMPLETED,0.6999999999999998,57.0,0.99,2261,2291,475,162,61
COMPLETED,0.67,82.0,0.92,2047,3359,685,192,132
COMPLETED,0.7299999999999999,69.0,1.0,2613,135,438,57,27
COMPLETED,0.7299999999999999,125.0,0.97,4846,4778,753,180,102
ABANDONED,,,,1037,3799,371,97,201
COMPLETED,0.7299999999999999,72.0,1.0,4220,2177,619,151,79
ABANDONED,,,,3239,3070,193,24,44
COMPLETED,0.7099999999999999,27.0,0.0,1423,942,945,232,174
ABANDONED,,,,1471,3132,237,60,224
COMPLETED,0.7299999999999999,31.0,1.0,3250,260,987,188,119
COMPLETED,0.7299999999999999,436.0,0.98,4289,4981,329,79,6
COMPLETED,0.7399999999999999,59.0,0.94,1065,1604,576,177,149
ABANDONED,,,,442,3943,804,152,172
COMPLETED,0.7399999999999999,148.0,1.0,4915,1969,53,96,50
COMPLETED,0.7399999999999999,83.0,0.99,2623,2941,635,233,77
ABANDONED,,,,2096,1165,387,23,207
COMPLETED,0.7099999999999999,109.0,0.94,2194,4476,708,113,103
ABANDONED,,,,3072,1411,454,135,240
ABANDONED,,,,4387,3643,858,8,134
COMPLETED,0.69,18.0,0.3699999999999999,267,458,109,248,21
COMPLETED,0.7199999999999999,76.0,0.94,890,2748,272,207,36
ABANDONED,,,,3761,658,523,41,186
ABANDONED,,,,1570,2479,915,91,94
COMPLETED,0.7099999999999999,102.0,0.0,1748,4270,496,222,145
COMPLETED,0.7399999999999999,483.0,1.0,3525,2335,744,26,10
ABANDONED,,,,716,798,820,108,227
ABANDONED,,,,93,3499,561,67,219
COMPLETED,0.7199999999999999,36.0,1.0,4565,587,312,181,66
ABANDONED,,,,2899,4616,879,55,62
COMPLETED,0.7299999999999999,122.0,0.95,1922,3124,963,168,24
ABANDONED,,,,2802,996,214,80,131
ABANDONED,,,,4741,3765,602,219,245
ABANDONED,,,,620,2143,349,37,98
COMPLETED,0.7099999999999999,47.0,0.0,4115,1786,778,237,202
ABANDONED,,,,3428,3305,409,125,175
COMPLETED,0.7299999999999999,59.0,1.0,1298,81,660,131,47
ABANDONED,,,,1332,4855,875,197,210
ABANDONED,,,,3304,1672,123,51,74
COMPLETED,0.7399999999999999,112.0,1.0,4160,3279,689,186,54
ABANDONED,,,,1133,211,441,70,167
ABANDONED,,,,507,2833,182,103,155
COMPLETED,0.7299999999999999,193.0,1.0,4784,1174,933,145,1
ABANDONED,,,,2680,4030,258,29,122
COMPLETED,0.7099999999999999,55.0,0.0,1958,1939,506,226,221
COMPLETED,0.7199999999999999,94.0,0.96,2485,3711,343,127,89
ABANDONED,,,,2856,330,593,121,195
COMPLETED,0.7099999999999999,103.0,0.0,4687,4427,223,239,184
ABANDONED,,,,57,1557,969,17,38
COMPLETED,0.7399999999999999,201.0,0.92,683,4151,653,34,18
COMPLETED,0.7099999999999999,61.0,0.0,4063,2372,400,214,138
ABANDONED,,,,3480,2719,787,84,235
ABANDONED,,,,1681,2545,616,17,163
COMPLETED,0.7199999999999999,37.0,0.98,3654,925,367,231,59
COMPLETED,0.7299999999999999,151.0,0.98,3884,4319,949,100,71
ABANDONED,,,,230,4605,426,174,232
ABANDONED,,,,4508,1384,674,74,111
COMPLETED,0.7299999999999999,99.0,0.99,3030,3527,14,194,13
ABANDONED,,,,2307,499,765,62,142
COMPLETED,0.75,98.0,0.96,2132,3891,87,89,42
ABANDONED,,,,2502,2073,833,159,180
ABANDONED,,,,4957,2977,479,46,199
COMPLETED,0.7299999999999999,36.0,0.94,329,1044,729,210,85
COMPLETED,0.7299999999999999,99.0,0.93,954,3413,893,243,96
COMPLETED,0.7199999999999999,122.0,0.95,3126,4726,547,138,126
COMPLETED,0.7299999999999999,117.0,0.99,1505,1817,294,118,29
COMPLETED,0.7299999999999999,118.0,0.05,1521,4712,126,227,125
ABANDONED,,,,3142,1801,872,29,221
ABANDONED,,,,4318,3407,440,145,155
COMPLETED,0.7299999999999999,180.0,1.0,938,68,691,103,4
COMPLETED,0.7399999999999999,91.0,0.93,314,2983,932,70,52
COMPLETED,0.7099999999999999,29.0,0.0,4944,1048,183,186,166
ABANDONED,,,,2516,3904,509,50,209
COMPLETED,0.69,57.0,0.99,2144,2090,256,198,72
ABANDONED,,,,2321,3522,592,171,238
ABANDONED,,,,3043,495,344,85,108
COMPLETED,0.7399999999999999,145.0,1.0,4494,4592,973,214,18
ABANDONED,,,,217,1368,221,34,141
ABANDONED,,,,841,4332,403,16,181
COMPLETED,0.7399999999999999,74.0,0.99,3868,2205,650,240,37
ABANDONED,,,,1697,929,789,126,192
COMPLETED,0.7299999999999999,292.0,0.98,1875,2735,366,63,15
COMPLETED,0.7299999999999999,45.0,0.98,3496,760,616,193,144
COMPLETED,0.7299999999999999,71.0,0.92,668,2378,946,174,113
COMPLETED,0.7099999999999999,106.0,0.05,44,4423,676,157,67
ABANDONED,,,,4673,1551,423,99,213
COMPLETED,0.7099999999999999,92.0,0.0,2869,3694,764,230,163
ABANDONED,,,,1971,4034,836,118,129
COMPLETED,0.7299999999999999,70.0,1.0,2694,1945,84,138,30
ABANDONED,,,,4771,2849,729,5,97
ABANDONED,,,,493,1187,480,243,250
ABANDONED,,,,4145,198,894,46,84
COMPLETED,0.7199999999999999,123.0,0.96,3320,4851,298,160,41
ABANDONED,,,,1347,1667,545,89,177
ABANDONED,,,,1303,3319,987,22,76
COMPLETED,0.7099999999999999,6.0,0.0,3431,97,238,234,204
ABANDONED,,,,4111,4819,579,97,169
COMPLETED,0.7299999999999999,64.0,0.98,1240,1791,326,151,49
COMPLETED,0.7299999999999999,101.0,0.92,614,3759,56,177,7
ABANDONED,,,,4735,2139,802,79,152
ABANDONED,,,,2807,3111,386,189,226
ABANDONED,,,,1929,980,636,59,120
ABANDONED,,,,2378,4622,458,92,190
COMPLETED,0.67,37.0,0.7099999999999999,2906,1281,705,164,90
COMPLETED,0.7299999999999999,238.0,1.0,4559,3512,108,41,32
COMPLETED,0.7099999999999999,20.0,0.0,86,603,859,207,186
COMPLETED,0.69,65.0,0.0299999999999999,712,2600,522,248,136
ABANDONED,,,,3936,782,274,8,23
COMPLETED,0.7399999999999999,115.0,0.97,3529,4264,918,135,105
COMPLETED,0.7299999999999999,116.0,0.92,1573,4124,747,200,61
ABANDONED,,,,3702,2466,494,56,157
ABANDONED,,,,3758,2744,819,181,216
COMPLETED,0.7299999999999999,35.0,1.0,886,653,70,67,64
ABANDONED,,,,260,3647,312,108,116
ABANDONED,,,,4381,464,562,148,231
COMPLETED,0.7299999999999999,42.0,0.99,2199,1425,876,222,11
ABANDONED,,,,2102,2937,214,132,173
COMPLETED,0.7299999999999999,54.0,1.0,2629,1159,964,124,44
COMPLETED,0.7299999999999999,120.0,1.0,4908,3927,352,236,79
ABANDONED,,,,436,1956,599,12,201
ABANDONED,,,,1062,4997,781,37,245
COMPLETED,0.7299999999999999,154.0,1.0,3253,3136,658,79,28
COMPLETED,0.7299999999999999,30.0,0.89,1476,265,410,169,131
ABANDONED,,,,1407,3086,646,123,207
COMPLETED,0.7399999999999999,46.0,1.0,3224,956,399,132,77
ABANDONED,,,,4236,3803,793,11,50
COMPLETED,0.7099999999999999,109.0,0.0,426,4775,332,216,149
COMPLETED,0.7399999999999999,620.0,1.0,4860,1746,580,40,6
COMPLETED,0.6999999999999998,83.0,0.34,2600,3343,233,165,120
ABANDONED,,,,2033,122,984,83,223
ABANDONED,,,,2249,4229,179,53,94
COMPLETED,0.7099999999999999,59.0,0.0,3088,2297,928,203,190
ABANDONED,,,,4449,2653,259,64,187
COMPLETED,0.69,27.0,0.4699999999999999,290,836,512,184,35
COMPLETED,0.7299999999999999,132.0,0.94,916,3459,860,147,20
ABANDONED,,,,3711,4656,702,220,240
ABANDONED,,,,1622,1315,452,28,102
ABANDONED,,,,1762,4517,906,161,161
COMPLETED,0.7399999999999999,92.0,1.0,3577,1449,155,94,61
COMPLETED,0.7299999999999999,108.0,0.99,3964,3602,533,205,65
ABANDONED,,,,781,420,286,44,219
COMPLETED,0.69,22.0,0.0299999999999999,4588,697,840,250,115
COMPLETED,0.7299999999999999,205.0,0.97,2954,4100,476,112,9
ABANDONED,,,,2388,2441,725,136,146
COMPLETED,0.7399999999999999,108.0,0.97,1899,3169,435,233,47
ABANDONED,,,,2740,300,688,23,175
COMPLETED,0.7399999999999999,56.0,0.97,565,1563,753,97,82
ABANDONED,,,,1191,3981,620,76,99
ABANDONED,,,,4102,2009,370,180,244
ABANDONED,,,,3363,2903,942,56,131
COMPLETED,0.7299999999999999,44.0,0.99,1273,1124,197,192,24
ABANDONED,,,,1397,3851,277,142,221
ABANDONED,,,,3329,2035,526,115,122
COMPLETED,0.7299999999999999,118.0,0.99,4212,3017,162,246,1
ABANDONED,,,,1147,1082,914,2,154
ABANDONED,,,,523,3373,716,47,167
COMPLETED,0.7299999999999999,25.0,1.0,4839,34,469,209,55
COMPLETED,0.7399999999999999,132.0,0.94,2703,4766,847,89,74
COMPLETED,0.7399999999999999,70.0,0.98,2430,2508,806,194,107
COMPLETED,0.7299999999999999,132.0,0.96,4624,4357,632,175,138
COMPLETED,0.7399999999999999,59.0,0.53,34,2229,382,73,17
COMPLETED,0.7399999999999999,136.0,0.91,658,4567,250,102,38
ABANDONED,,,,3998,1344,998,154,184
ABANDONED,,,,3467,3565,314,21,196
COMPLETED,0.7299999999999999,47.0,0.99,1806,539,567,228,88
COMPLETED,0.7299999999999999,44.0,0.99,3601,370,770,170,12
ABANDONED,,,,3859,4389,422,35,110
ABANDONED,,,,792,1517,670,213,233
COMPLETED,0.7099999999999999,102.0,0.0,168,4188,960,242,214
ABANDONED,,,,4485,2412,210,13,70
COMPLETED,0.7299999999999999,89.0,0.99,2975,2681,603,129,59
ABANDONED,,,,2291,707,356,119,163
COMPLETED,0.7399999999999999,117.0,0.93,2155,4895,550,32,30
COMPLETED,0.53,48.0,0.0599999999999999,2565,1710,300,224,126
ABANDONED,,,,4973,3239,888,106,247
COMPLETED,0.7099999999999999,12.0,0.63,383,173,142,142,96
COMPLETED,0.7199999999999999,78.0,0.94,1007,2873,490,186,85
ABANDONED,,,,4346,1212,743,69,199
COMPLETED,0.7399999999999999,119.0,0.99,1531,1902,823,50,42
COMPLETED,0.7099999999999999,88.0,0.0,1555,3496,471,215,171
ABANDONED,,,,3177,624,722,33,51
COMPLETED,0.7299999999999999,132.0,0.98,4362,4642,95,172,78
ABANDONED,,,,982,1265,841,84,206
ABANDONED,,,,358,4287,539,121,224
COMPLETED,0.7299999999999999,78.0,0.99,4988,2313,287,127,119
COMPLETED,0.7399999999999999,359.0,1.0,2550,2581,900,15,5
COMPLETED,0.7099999999999999,24.0,0.0,2179,805,153,241,150
COMPLETED,0.7399999999999999,123.0,0.94,2277,4835,942,144,34
ABANDONED,,,,2999,1770,189,104,188
COMPLETED,0.7099999999999999,79.0,0.0,4460,3298,624,226,191
ABANDONED,,,,183,113,375,30,93
ABANDONED,,,,3834,999,757,197,239
ABANDONED,,,,3625,3777,434,71,134
COMPLETED,0.7299999999999999,75.0,0.98,1653,2116,681,185,21
ABANDONED,,,,1831,3911,231,4,218
COMPLETED,0.7299999999999999,79.0,0.99,3452,1977,978,244,66
COMPLETED,0.7399999999999999,124.0,1.0,4012,2958,334,117,62
ABANDONED,,,,634,1143,586,139,160
COMPLETED,0.69,77.0,0.0,10,3159,795,161,147
COMPLETED,0.7299999999999999,303.0,1.0,4638,247,47,87,8
COMPLETED,0.7299999999999999,125.0,0.94,2825,4979,645,211,114
ABANDONED,,,,2455,1640,393,45,229
ABANDONED,,,,2005,2759,698,75,81
ABANDONED,,,,2728,632,448,173,203
ABANDONED,,,,4815,4103,868,64,176
COMPLETED,0.7299999999999999,67.0,0.78,537,2482,115,192,46
COMPLETED,0.7199999999999999,112.0,0.9,1161,4469,266,229,25
ABANDONED,,,,4189,1443,513,19,130
ABANDONED,,,,1381,441,925,100,100
ABANDONED,,,,1269,4574,610,42,153
COMPLETED,0.7399999999999999,74.0,0.99,3397,1391,357,206,2
ABANDONED,,,,4067,3545,955,93,123
ABANDONED,,,,570,2572,416,134,211
COMPLETED,0.7399999999999999,78.0,1.0,4691,914,668,114,73
ABANDONED,,,,1895,2226,771,9,168
COMPLETED,0.7399999999999999,111.0,0.97,2422,3426,78,96,16
COMPLETED,0.7099999999999999,8.0,0.97,2950,45,827,152,139
ABANDONED,,,,4593,4689,489,21,237
COMPLETED,0.6999999999999998,49.0,0.2999999999999999,120,1819,735,235,106
COMPLETED,0.7199999999999999,106.0,0.92,746,3884,887,190,89
ABANDONED,,,,3573,2999,553,178,183
COMPLETED,0.7299999999999999,134.0,1.0,1795,1027,304,78,39
COMPLETED,0.7099999999999999,74.0,0.0,1617,2831,850,235,232
COMPLETED,0.7399999999999999,264.0,0.99,3792,4057,715,131,14
ABANDONED,,,,920,1927,463,125,142
COMPLETED,0.7199999999999999,75.0,0.99,4416,1651,908,168,58
ABANDONED,,,,3123,3247,280,38,69
COMPLETED,0.7099999999999999,9.0,0.0,2243,219,531,218,215
COMPLETED,0.69,100.0,0.92,2068,4173,321,182,95
ABANDONED,,,,2595,2355,568,66,248
COMPLETED,0.7399999999999999,95.0,0.99,4864,2711,245,201,126
COMPLETED,0.7399999999999999,51.0,0.99,392,779,995,55,29
ABANDONED,,,,1018,3674,628,25,43
COMPLETED,0.7099999999999999,12.0,0.0,4241,333,378,223,178
ABANDONED,,,,3219,4439,813,107,198
COMPLETED,0.7399999999999999,391.0,0.93,1451,4341,761,65,3
ABANDONED,,,,4270,2528,677,54,222
COMPLETED,0.7299999999999999,44.0,0.99,1086,869,431,202,124
COMPLETED,0.7199999999999999,94.0,0.9,460,3588,201,220,73
ABANDONED,,,,4894,521,953,29,208
ABANDONED,,,,2644,4549,363,146,165
COMPLETED,0.6999999999999998,39.0,1.0,2077,1367,612,110,53
ABANDONED,,,,2214,3033,291,10,140
COMPLETED,0.7099999999999999,40.0,0.98,3054,1061,543,238,19
COMPLETED,0.7299999999999999,113.0,1.0,4405,3830,149,123,109
ABANDONED,,,,246,2051,896,134,237
ABANDONED,,,,872,4742,734,167,193
ABANDONED,,,,3782,1873,483,82,87
COMPLETED,0.7199999999999999,100.0,0.99,3677,3391,830,216,36
COMPLETED,0.7299999999999999,88.0,0.93,1728,3223,501,150,112
ABANDONED,,,,3543,194,255,98,235
COMPLETED,0.7299999999999999,124.0,0.1,3920,4916,936,232,145
COMPLETED,0.7299999999999999,206.0,0.98,737,1695,187,24,14
COMPLETED,0.67,97.0,0.3499999999999999,111,4013,445,57,56
COMPLETED,0.7099999999999999,48.0,0.0,4544,1883,694,191,162
COMPLETED,0.7299999999999999,40.0,1.0,2354,1235,872,179,68
ABANDONED,,,,2783,1496,783,42,98
COMPLETED,0.7299999999999999,122.0,0.99,4759,3728,404,162,31
ABANDONED,,,,599,386,657,94,128
ABANDONED,,,,1225,2657,974,111,178
COMPLETED,0.7399999999999999,77.0,0.99,4136,725,227,137,40
ABANDONED,,,,3407,4207,590,5,83
COMPLETED,0.7099999999999999,61.0,0.0,1317,2389,339,250,197
COMPLETED,0.7199999999999999,81.0,0.97,1352,2635,131,176,48
ABANDONED,,,,3286,859,883,72,170
ABANDONED,,,,4178,4252,308,195,205
ABANDONED,,,,1112,2279,557,60,75
ABANDONED,,,,489,4677,815,20,121
ABANDONED,,,,2659,3443,747,101,151
COMPLETED,0.7299999999999999,89.0,1.0,1976,570,501,155,8
COMPLETED,0.7099999999999999,90.0,0.0,2464,3821,664,245,185
ABANDONED,,,,2875,2160,413,3,33
COMPLETED,0.7299999999999999,99.0,0.99,4668,3063,775,140,91
ABANDONED,,,,702,3323,346,90,243
COMPLETED,0.7299999999999999,14.0,0.99,4042,137,598,158,104
COMPLETED,0.7399999999999999,253.0,0.97,3501,4791,219,48,22
COMPLETED,0.7099999999999999,46.0,0.0,1840,1726,966,208,137
COMPLETED,0.7399999999999999,166.0,0.92,1701,4925,390,105,63
ABANDONED,,,,3636,1587,639,143,217
COMPLETED,0.7299999999999999,26.0,1.0,836,282,801,225,59
COMPLETED,0.7099999999999999,78.0,0.4299999999999999,212,2924,572,199,12
ABANDONED,,,,4529,1108,325,49,148
ABANDONED,,,,3009,3965,991,187,230
ABANDONED,,,,2325,2030,241,69,117
ABANDONED,,,,2111,3621,919,36,200
COMPLETED,0.7299999999999999,22.0,1.0,2520,397,173,212,80
COMPLETED,0.7299999999999999,217.0,1.0,4938,4494,519,87,45
ABANDONED,,,,349,1468,268,169,173
COMPLETED,0.7399999999999999,170.0,1.0,4312,2457,854,120,27
COMPLETED,0.7299999999999999,85.0,1.0,3147,2804,459,241,101
ABANDONED,,,,1487,676,711,15,246
ABANDONED,,,,1492,4069,428,40,195
COMPLETED,0.7399999999999999,81.0,1.0,3151,2449,679,216,89
ABANDONED,,,,968,666,759,166,183
ABANDONED,,,,345,3629,614,133,137
COMPLETED,0.7299999999999999,135.0,1.0,4934,407,361,123,18
COMPLETED,0.7299999999999999,108.0,0.0599999999999999,2525,4504,951,237,108
COMPLETED,0.7299999999999999,81.0,0.98,2330,2914,899,109,74
ABANDONED,,,,4524,3953,542,27,167
COMPLETED,0.7099999999999999,62.0,0.54,207,2021,292,221,55
COMPLETED,0.7399999999999999,134.0,0.9,831,4937,81,203,1
ABANDONED,,,,3898,1595,831,53,154
ABANDONED,,,,3640,3202,485,184,221
ABANDONED,,,,1706,293,731,64,122
COMPLETED,0.7099999999999999,88.0,0.0,1845,3331,188,249,180
ABANDONED,,,,3506,149,935,7,42
COMPLETED,0.7299999999999999,135.0,0.97,4037,4802,252,136,85
ABANDONED,,,,697,1735,503,112,200
ABANDONED,,,,73,3810,869,95,247
COMPLETED,0.7099999999999999,59.0,0.96,4663,2150,121,161,95
COMPLETED,0.7399999999999999,163.0,0.99,2880,3054,695,44,29
COMPLETED,0.7199999999999999,34.0,0.95,2469,963,443,205,126
COMPLETED,0.7399999999999999,129.0,0.93,1981,4687,655,180,59
ABANDONED,,,,2665,1307,406,76,163
ABANDONED,,,,4799,3450,786,192,214
ABANDONED,,,,1107,2627,341,23,111
COMPLETED,0.7099999999999999,24.0,0.0,4173,848,587,233,232
ABANDONED,,,,3291,4242,226,98,142
COMPLETED,0.7399999999999999,111.0,0.98,1358,2270,975,150,13
ABANDONED,,,,1312,2668,559,209,240
ABANDONED,,,,3402,733,306,47,103
COMPLETED,0.7299999999999999,142.0,0.99,4141,4215,881,159,21
ABANDONED,,,,604,4397,498,115,186
COMPLETED,0.7299999999999999,105.0,1.0,4765,1486,749,141,35
COMPLETED,0.7099999999999999,14.0,0.0,1938,379,814,246,190
ABANDONED,,,,2914,1895,776,102,224
COMPLETED,0.7099999999999999,68.0,0.0,4549,2867,415,227,150
COMPLETED,0.75,87.0,0.97,116,1244,661,21,5
COMPLETED,0.7299999999999999,109.0,0.94,743,3211,969,62,49
COMPLETED,0.7099999999999999,9.0,0.0,3925,185,216,194,172
ABANDONED,,,,3538,4907,596,73,207
COMPLETED,0.7199999999999999,61.0,0.99,1723,1683,347,175,77
ABANDONED,,,,1584,4734,799,13,131
COMPLETED,0.7199999999999999,59.0,0.98,3673,1861,51,243,24
COMPLETED,0.7299999999999999,124.0,0.99,3786,3380,641,119,99
ABANDONED,,,,877,2,389,129,244
ABANDONED,,,,250,3044,243,170,202
COMPLETED,0.7299999999999999,96.0,1.0,4410,1071,989,86,82
COMPLETED,0.7199999999999999,101.0,0.97,3049,3839,323,213,47
ABANDONED,,,,2210,2063,574,35,175
COMPLETED,0.7399999999999999,91.0,0.96,2072,3578,270,69,10
COMPLETED,0.7299999999999999,27.0,1.0,2640,513,517,187,145
COMPLETED,0.7299999999999999,44.0,0.96,464,1356,921,199,115
COMPLETED,0.7399999999999999,117.0,0.8299999999999998,1091,4349,709,224,66
ABANDONED,,,,4275,2261,460,32,218
ABANDONED,,,,3263,2539,856,142,160
COMPLETED,0.7299999999999999,74.0,1.0,1446,877,103,106,62
COMPLETED,0.7299999999999999,111.0,0.92,1437,3683,843,185,106
COMPLETED,0.7399999999999999,130.0,0.97,4245,4451,720,198,135
COMPLETED,0.7299999999999999,165.0,0.99,1023,1539,473,51,24
ABANDONED,,,,397,4161,150,29,33
COMPLETED,0.7099999999999999,60.0,0.0,4869,2346,903,227,185
ABANDONED,,,,2590,2702,289,103,189
COMPLETED,0.66,24.0,0.99,2063,767,538,145,91
COMPLETED,0.7099999999999999,119.0,0.0,2238,4883,373,239,227
ABANDONED,,,,3118,1658,625,16,120
COMPLETED,0.7399999999999999,274.0,1.0,4420,3255,191,126,7
ABANDONED,,,,298,229,939,122,152
ABANDONED,,,,925,2822,683,85,169
COMPLETED,0.7399999999999999,49.0,1.0,3796,1200,432,171,49
ABANDONED,,,,3742,4047,755,34,76
COMPLETED,0.7399999999999999,186.0,0.95,1790,3873,583,99,27
COMPLETED,0.7199999999999999,60.0,0.97,3568,2097,337,157,132
ABANDONED,,,,3975,2991,979,18,246
COMPLETED,0.7399999999999999,41.0,0.97,752,1017,229,230,101
COMPLETED,0.68,83.0,0.1799999999999999,125,3433,394,194,79
ABANDONED,,,,4599,56,643,62,202
COMPLETED,0.7399999999999999,64.0,1.0,2416,1827,797,74,44
COMPLETED,0.7299999999999999,42.0,0.99,2768,902,865,210,11
ABANDONED,,,,4696,4305,447,88,116
ABANDONED,,,,575,2216,699,160,230
ABANDONED,,,,1202,4585,923,139,216
COMPLETED,0.7299999999999999,91.0,1.0,4072,1401,176,117,64
COMPLETED,0.7299999999999999,108.0,0.99,3392,3554,515,243,61
ABANDONED,,,,1264,489,264,5,157
ABANDONED,,,,1387,4460,205,79,88
ABANDONED,,,,3360,1432,957,177,192
ABANDONED,,,,4183,3653,359,59,181
COMPLETED,0.7299999999999999,25.0,1.0,1155,432,608,189,37
COMPLETED,0.7199999999999999,77.0,0.57,532,2771,772,234,19
ABANDONED,,,,2734,4113,665,152,238
ABANDONED,,,,2010,2493,419,96,109
ABANDONED,,,,2460,3148,738,8,209
COMPLETED,0.7199999999999999,21.0,0.9,2831,239,487,249,71
COMPLETED,0.7399999999999999,202.0,0.99,4633,4971,826,113,51
COMPLETED,0.7199999999999999,99.0,0.11,629,3919,303,164,156
COMPLETED,0.7299999999999999,342.0,1.0,4007,1987,555,91,4
COMPLETED,0.7299999999999999,97.0,0.95,3457,2968,137,208,125
ABANDONED,,,,1836,1150,885,41,222
COMPLETED,0.7299999999999999,108.0,0.96,1658,3098,464,148,41
ABANDONED,,,,3630,1007,713,108,177
ABANDONED,,,,802,2126,852,27,84
ABANDONED,,,,178,4827,529,56,97
ABANDONED,,,,4455,1759,282,200,250
ABANDONED,,,,3004,3288,909,67,129
COMPLETED,0.7199999999999999,12.0,0.98,2281,105,159,181,30
COMPLETED,0.7099999999999999,100.0,0.0,2183,4296,993,219,162
ABANDONED,,,,2555,2324,246,37,56
COMPLETED,0.7199999999999999,84.0,0.92,4983,2593,570,168,68
ABANDONED,,,,354,814,319,80,212
COMPLETED,0.7199999999999999,41.0,0.99,4357,615,810,131,114
ABANDONED,,,,3181,4633,377,12,16
COMPLETED,0.66,35.0,0.04,1560,1253,629,236,143
COMPLETED,0.7299999999999999,224.0,0.97,1526,2882,44,28,23
COMPLETED,0.7099999999999999,33.0,0.0,3186,1223,790,220,136
ABANDONED,,,,4352,4002,397,110,242
COMPLETED,0.7199999999999999,55.0,0.95,1012,1911,648,146,105
COMPLETED,0.7299999999999999,125.0,0.8699999999999999,389,4884,983,183,92
ABANDONED,,,,4978,1701,234,65,188
COMPLETED,0.7099999999999999,84.0,0.0,2559,3229,583,202,184
COMPLETED,0.7399999999999999,19.0,1.0,2150,162,330,54,34
ABANDONED,,,,2286,4199,510,81,151
COMPLETED,0.7299999999999999,79.0,0.99,2970,2420,262,167,8
ABANDONED,,,,4490,2689,929,39,121
COMPLETED,0.7099999999999999,88.0,0.0,797,3740,454,238,205
ABANDONED,,,,3864,360,701,10,75
COMPLETED,0.7299999999999999,153.0,0.98,3596,4379,112,134,48
ABANDONED,,,,1662,1509,863,122,170
COMPLETED,0.7399999999999999,123.0,0.93,1801,4557,284,191,100
ABANDONED,,,,3462,1336,535,57,247
COMPLETED,0.7399999999999999,115.0,0.98,4003,3558,157,179,133
COMPLETED,0.7299999999999999,77.0,1.0,662,529,903,77,26
COMPLETED,0.7199999999999999,66.0,0.27,39,2515,727,99,45
ABANDONED,,,,4629,896,474,149,173
ABANDONED,,,,2836,4367,838,24,200
COMPLETED,0.7299999999999999,62.0,1.0,2425,2237,89,232,80
ABANDONED,,,,2016,3364,754,137,229
COMPLETED,0.7199999999999999,146.0,0.99,4843,4754,686,250,12
ABANDONED,,,,528,1845,437,6,147
ABANDONED,,,,1151,3862,194,43,158
COMPLETED,0.7199999999999999,70.0,0.99,4217,2045,945,205,60
COMPLETED,0.7399999999999999,117.0,1.0,3325,3026,371,94,64
ABANDONED,,,,1392,1094,619,162,217
COMPLETED,0.7199999999999999,120.0,0.93,1277,3972,912,228,36
ABANDONED,,,,4097,2891,528,155,193
COMPLETED,0.7299999999999999,51.0,0.99,1186,1115,275,101,87
ABANDONED,,,,4721,309,844,176,237
ABANDONED,,,,2744,4953,468,61,139
COMPLETED,0.7299999999999999,63.0,1.0,1904,1575,718,195,20
ABANDONED,,,,2393,2777,383,158,165
COMPLETED,0.7299999999999999,61.0,1.0,2958,689,630,90,52
ABANDONED,,,,151,2431,808,48,208
ABANDONED,,,,777,4525,565,3,223
COMPLETED,0.5799999999999998,41.0,0.05,3960,1460,316,245,124
COMPLETED,0.7399999999999999,304.0,1.0,3582,3613,1000,116,2
ABANDONED,,,,1766,428,248,140,157
ABANDONED,,,,1627,3469,672,48,83
COMPLETED,0.7099999999999999,18.0,0.0,3717,558,419,200,197
ABANDONED,,,,3820,4664,768,68,178
COMPLETED,0.7299999999999999,111.0,0.8599999999999999,285,4221,354,143,31
ABANDONED,,,,4444,2286,605,105,128
ABANDONED,,,,2254,828,958,31,98
COMPLETED,0.7299999999999999,58.0,0.99,2605,1758,890,128,69
ABANDONED,,,,4855,3355,301,14,57
COMPLETED,0.7199999999999999,8.0,0.01,421,131,549,242,161
COMPLETED,0.7099999999999999,76.0,0.0,1047,3075,824,213,144
COMPLETED,0.7399999999999999,411.0,1.0,4231,947,72,36,15
COMPLETED,0.7299999999999999,106.0,0.8699999999999999,3229,3794,740,169,113
ABANDONED,,,,1412,2171,492,87,234
ABANDONED,,,,1481,4987,689,127,182
COMPLETED,0.7299999999999999,86.0,1.0,3258,1609,442,121,39
COMPLETED,0.7399999999999999,112.0,1.0,4279,3127,874,241,90
ABANDONED,,,,431,2945,258,33,236
COMPLETED,0.7299999999999999,66.0,1.0,4903,1169,506,215,107
COMPLETED,0.7299999999999999,148.0,0.97,2634,3938,182,84,17
COMPLETED,0.69,53.0,0.94,2107,1964,933,172,138
COMPLETED,0.68,87.0,0.96,2204,3637,222,197,53
ABANDONED,,,,3084,453,971,51,168
ABANDONED,,,,4376,4481,341,185,211
ABANDONED,,,,255,1416,594,71,73
ABANDONED,,,,881,4136,786,105,123
ABANDONED,,,,3708,2753,651,30,153
COMPLETED,0.7299999999999999,57.0,0.99,1578,664,401,226,2
ABANDONED,,,,1756,2609,949,87,199
COMPLETED,0.7199999999999999,27.0,0.97,3534,794,198,161,86
COMPLETED,0.7399999999999999,143.0,0.99,3931,4275,615,45,43
COMPLETED,0.7099999999999999,60.0,0.0,708,2340,367,211,179
ABANDONED,,,,4555,1271,766,4,28
COMPLETED,0.7199999999999999,92.0,0.97,2910,3503,425,139,94
ABANDONED,,,,2382,591,674,116,249
ABANDONED,,,,1934,3769,478,19,69
COMPLETED,0.7099999999999999,56.0,0.0,2812,2147,731,229,215
COMPLETED,0.7099999999999999,34.0,0.77,609,991,834,156,58
COMPLETED,0.7299999999999999,103.0,0.95,1236,3311,546,174,14
ABANDONED,,,,4106,87,296,75,141
ABANDONED,,,,3436,4809,891,192,231
ABANDONED,,,,1307,1782,146,63,111
ABANDONED,,,,1342,3274,328,114,134
COMPLETED,0.7299999999999999,70.0,0.99,3316,206,576,134,22
ABANDONED,,,,4149,4859,237,8,104
COMPLETED,0.7099999999999999,46.0,0.0,1121,1677,988,247,239
COMPLETED,0.7099999999999999,97.0,0.0,498,4026,634,207,191
ABANDONED,,,,4775,1935,387,41,93
COMPLETED,0.7199999999999999,76.0,0.98,2689,2838,804,163,34
COMPLETED,0.7299999999999999,217.0,0.96,2494,4433,856,58,4
ABANDONED,,,,4677,3706,706,78,225
COMPLETED,0.67,13.0,0.14,49,326,456,178,118
COMPLETED,0.7199999999999999,72.0,0.75,673,2723,167,153,78
ABANDONED,,,,4051,752,916,95,206
COMPLETED,0.7099999999999999,99.0,0.0,3491,4145,271,235,171
ABANDONED,,,,1870,2367,524,21,51
ABANDONED,,,,3664,2193,820,81,100
COMPLETED,0.7199999999999999,95.0,1.0,3873,2540,496,217,25
ABANDONED,,,,846,920,744,38,130
ABANDONED,,,,223,3533,878,13,176
COMPLETED,0.7199999999999999,30.0,0.98,4499,505,128,235,46
COMPLETED,0.7399999999999999,127.0,0.95,3038,4601,560,125,81
ABANDONED,,,,2316,1380,313,131,203
COMPLETED,0.7199999999999999,76.0,0.5899999999999999,2139,2973,601,222,115
ABANDONED,,,,2511,1040,350,26,228
COMPLETED,0.7299999999999999,101.0,0.98,4949,3897,962,149,146
COMPLETED,0.7399999999999999,84.0,0.96,320,2079,216,107,9
COMPLETED,0.7399999999999999,138.0,0.9,943,4720,407,66,63
COMPLETED,0.6999999999999998,52.0,0.8399999999999999,4323,1811,661,182,159
COMPLETED,0.7299999999999999,18.0,1.0,1515,76,780,201,67
COMPLETED,0.7299999999999999,168.0,0.96,1510,3402,577,92,33
ABANDONED,,,,3130,63,327,164,185
ABANDONED,,,,4328,4717,985,42,188
COMPLETED,0.7099999999999999,52.0,0.69,950,1805,239,206,92
COMPLETED,0.7299999999999999,98.0,0.0299999999999999,324,3900,384,247,104
ABANDONED,,,,4952,2085,637,9,242
COMPLETED,0.7399999999999999,37.0,1.0,2136,1054,803,113,22
COMPLETED,0.7299999999999999,54.0,0.99,3035,1373,859,234,48
COMPLETED,0.7399999999999999,145.0,1.0,4504,3517,457,95,76
ABANDONED,,,,226,491,705,153,205
ABANDONED,,,,852,2555,918,178,225
ABANDONED,,,,3880,934,167,78,122
COMPLETED,0.7299999999999999,137.0,0.98,3658,4327,521,190,8
ABANDONED,,,,1685,2199,274,58,151
COMPLETED,0.7399999999999999,132.0,0.93,1864,4159,818,130,80
COMPLETED,0.7099999999999999,66.0,0.0,4058,2729,745,236,173
ABANDONED,,,,678,755,495,13,45
COMPLETED,0.75,90.0,0.7099999999999999,52,3700,129,38,26
COMPLETED,0.7099999999999999,13.0,0.02,4682,323,877,218,133
ABANDONED,,,,2862,4419,310,81,246
COMPLETED,0.7099999999999999,42.0,0.0,2490,1547,563,167,101
ABANDONED,,,,1963,2845,352,201,217
ABANDONED,,,,2685,1183,600,54,63
COMPLETED,0.7299999999999999,124.0,0.99,4779,4040,213,182,59
ABANDONED,,,,502,1951,965,67,159
ABANDONED,,,,1128,4845,658,107,148
COMPLETED,0.7399999999999999,164.0,1.0,4155,1661,411,149,11
ABANDONED,,,,3309,3267,781,25,117
COMPLETED,0.7299999999999999,131.0,0.91,1293,4824,439,172,19
ABANDONED,,,,3423,1796,692,84,140
ABANDONED,,,,1249,93,874,33,109
ABANDONED,,,,625,3115,507,16,86
COMPLETED,0.7099999999999999,29.0,0.0,4747,984,257,240,194
ABANDONED,,,,2797,3753,931,121,182
COMPLETED,0.7299999999999999,120.0,0.99,1917,2133,185,128,36
COMPLETED,0.7099999999999999,87.0,0.0,2367,3507,972,225,156
COMPLETED,0.7299999999999999,423.0,1.0,2894,598,221,31,3
COMPLETED,0.7299999999999999,117.0,0.97,4570,4626,592,144,124
ABANDONED,,,,98,1285,344,104,223
COMPLETED,0.7299999999999999,79.0,0.98,3944,2327,789,185,72
ABANDONED,,,,3520,2605,402,52,53
COMPLETED,0.7099999999999999,24.0,0.0,1743,788,651,196,165
COMPLETED,0.7399999999999999,91.0,0.96,1565,2739,199,117,98
ABANDONED,,,,3693,649,947,139,249
ABANDONED,,,,3765,4130,365,4,128
COMPLETED,0.7199999999999999,74.0,0.8699999999999999,895,2471,618,244,32
COMPLETED,0.6999999999999998,107.0,0.4099999999999999,271,4487,763,211,40
ABANDONED,,,,3067,3651,675,160,197
COMPLETED,0.7199999999999999,18.0,1.0,2189,468,425,88,83
ABANDONED,,,,2091,3931,728,63,235
COMPLETED,0.7299999999999999,62.0,0.99,2619,1960,481,193,112
COMPLETED,0.7299999999999999,298.0,1.0,4920,2932,836,75,14
ABANDONED,,,,1070,3141,297,156,161
COMPLETED,0.7399999999999999,84.0,1.0,4293,271,545,100,57
COMPLETED,0.7399999999999999,135.0,0.95,3245,4993,143,230,68
ABANDONED,,,,1467,1613,895,18,212
COMPLETED,0.7399999999999999,112.0,0.92,1419,3807,163,196,139
COMPLETED,0.7299999999999999,209.0,1.0,3235,2187,913,60,16
COMPLETED,0.7399999999999999,105.0,0.99,4224,3080,278,176,106
ABANDONED,,,,1041,951,525,72,237
ABANDONED,,,,417,3349,848,102,194
COMPLETED,0.7399999999999999,17.0,0.97,4851,127,96,154,90
ABANDONED,,,,2608,4771,717,19,39
COMPLETED,0.7099999999999999,45.0,0.0,2042,1742,468,229,183
COMPLETED,0.7399999999999999,87.0,0.99,2257,2649,634,140,2
ABANDONED,,,,3097,832,380,116,153
COMPLETED,0.7099999999999999,101.0,0.0,4441,4235,807,245,219
ABANDONED,,,,904,4651,316,47,74
ABANDONED,,,,3815,1309,566,208,211
ABANDONED,,,,3723,3463,251,91,168
COMPLETED,0.7199999999999999,30.0,0.99,1633,554,997,157,54
ABANDONED,,,,1772,3597,422,31,248
COMPLETED,0.7399999999999999,41.0,1.0,3589,415,670,225,95
COMPLETED,0.7199999999999999,44.0,0.8499999999999999,770,1453,769,143,127
COMPLETED,0.7099999999999999,98.0,0.0,146,4096,604,188,179
COMPLETED,0.7299999999999999,157.0,1.0,4580,2436,356,68,43
COMPLETED,0.7399999999999999,88.0,1.0,2963,2793,961,199,86
ABANDONED,,,,2396,702,209,49,198
ABANDONED,,,,1908,4949,889,86,111
ABANDONED,,,,4717,3165,551,36,142
COMPLETED,0.7299999999999999,23.0,0.89,557,296,298,212,13
COMPLETED,0.7299999999999999,93.0,0.93,1181,2908,75,241,57
ABANDONED,,,,4090,1129,821,15,165
ABANDONED,,,,3373,3976,491,129,215
COMPLETED,0.7299999999999999,81.0,0.97,1284,2004,741,119,69
ABANDONED,,,,1405,3013,793,53,188
COMPLETED,0.7299999999999999,43.0,0.99,3339,1078,41,203,34
ABANDONED,,,,4204,3857,647,65,92
ABANDONED,,,,1137,2041,398,183,192
COMPLETED,0.7299999999999999,61.0,0.98,4828,1849,983,110,103
COMPLETED,0.7199999999999999,94.0,0.97,2715,3377,333,220,21
ABANDONED,,,,2031,39,580,28,134
COMPLETED,0.7399999999999999,110.0,0.95,2442,4361,261,123,51
ABANDONED,,,,2851,2233,511,133,171
COMPLETED,0.69,27.0,0.07,23,880,927,239,78
COMPLETED,0.7299999999999999,96.0,0.8599999999999999,649,3571,704,217,118
ABANDONED,,,,3989,545,450,39,225
COMPLETED,0.7299999999999999,109.0,0.1799999999999999,3475,4563,862,166,150
COMPLETED,0.7299999999999999,297.0,1.0,1816,1339,113,82,5
COMPLETED,0.7099999999999999,104.0,0.0,1676,4395,533,231,203
ABANDONED,,,,3609,1522,285,25,81
COMPLETED,0.7299999999999999,118.0,0.99,3850,3744,906,150,46
ABANDONED,,,,158,2685,477,77,130
COMPLETED,0.7299999999999999,42.0,0.99,4474,712,724,179,26
ABANDONED,,,,2302,2407,839,190,243
ABANDONED,,,,2576,168,751,93,218
COMPLETED,0.7099999999999999,110.0,0.0,4963,4900,437,205,159
ABANDONED,,,,372,1714,687,43,62
ABANDONED,,,,998,3986,943,6,9
COMPLETED,0.7199999999999999,50.0,0.05,4339,1897,195,250,147
ABANDONED,,,,3199,2878,622,111,229
COMPLETED,0.7299999999999999,45.0,0.99,1539,1217,369,137,114
ABANDONED,,,,1544,4647,954,96,235
COMPLETED,0.7199999999999999,39.0,0.98,3165,1269,208,152,107
COMPLETED,0.7399999999999999,376.0,1.0,4372,3491,609,23,17
COMPLETED,0.6999999999999998,20.0,0.0299999999999999,994,619,358,233,138
COMPLETED,0.7299999999999999,151.0,1.0,4996,811,772,60,38
COMPLETED,0.69,106.0,0.95,2541,4283,416,177,89
ABANDONED,,,,2171,2308,668,78,195
ABANDONED,,,,2268,3293,488,41,123
ABANDONED,,,,2991,109,737,207,220
COMPLETED,0.7399999999999999,53.0,0.7099999999999999,192,1775,828,165,1
COMPLETED,0.7399999999999999,105.0,0.93,817,3772,552,136,55
ABANDONED,,,,3846,2110,306,113,167
COMPLETED,0.7099999999999999,74.0,0.0,3615,3092,885,248,210
ABANDONED,,,,1641,1003,136,8,75
COMPLETED,0.7299999999999999,108.0,0.94,1820,2952,715,181,126
COMPLETED,0.7299999999999999,151.0,1.0,3442,1137,463,68,29
COMPLETED,0.7399999999999999,126.0,1.0,4024,3916,849,201,96
ABANDONED,,,,18,4975,279,26,199
COMPLETED,0.7299999999999999,71.0,0.89,4647,1636,532,222,85
COMPLETED,0.7399999999999999,106.0,0.99,2818,3164,160,108,42
ABANDONED,,,,2446,253,908,148,179
COMPLETED,0.7199999999999999,139.0,0.95,1998,4109,244,236,12
ABANDONED,,,,2719,2487,996,12,143
ABANDONED,,,,4822,2755,320,131,233
COMPLETED,0.7399999999999999,26.0,0.98,546,628,569,125,110
COMPLETED,0.7299999999999999,115.0,0.93,1172,3669,812,80,70
ABANDONED,,,,3343,4464,626,37,163
COMPLETED,0.7399999999999999,60.0,0.99,1371,1437,380,219,58
COMPLETED,0.7199999999999999,39.0,0.99,3389,472,842,103,93
COMPLETED,0.7399999999999999,139.0,0.99,4076,4579,471,226,35
ABANDONED,,,,1204,1396,723,30,187
ABANDONED,,,,581,4311,900,51,135
COMPLETED,0.7299999999999999,94.0,1.0,4702,2220,153,197,20
ABANDONED,,,,2762,2576,539,70,102
ABANDONED,,,,1883,918,288,186,241
COMPLETED,0.7299999999999999,120.0,0.94,2411,4693,622,214,77
ABANDONED,,,,2938,1823,376,35,207
ABANDONED,,,,4604,3420,940,171,172
COMPLETED,0.7399999999999999,12.0,0.98,132,40,191,84,50
COMPLETED,0.7299999999999999,165.0,0.95,756,3004,433,121,6
ABANDONED,,,,3978,1033,682,127,149
COMPLETED,0.7199999999999999,56.0,0.0599999999999999,1787,2101,758,239,119
ABANDONED,,,,1609,4063,334,74,175
COMPLETED,0.7299999999999999,71.0,0.99,3738,1932,586,174,47
ABANDONED,,,,3800,2826,231,62,82
ABANDONED,,,,929,1206,978,194,202
ABANDONED,,,,305,3251,644,231,244
ABANDONED,,,,4426,223,393,17,99
COMPLETED,0.7399999999999999,137.0,0.96,3111,4866,794,157,25
ABANDONED,,,,2057,2706,866,5,61
ABANDONED,,,,4875,4177,697,118,219
COMPLETED,0.7299999999999999,66.0,0.94,402,2359,450,138,65
COMPLETED,0.7099999999999999,104.0,0.4299999999999999,1026,4435,173,159,115
ABANDONED,,,,4249,1526,926,89,228
COMPLETED,0.7099999999999999,89.0,0.0,3211,3679,265,211,146
COMPLETED,0.7299999999999999,328.0,1.0,1433,339,515,45,10
COMPLETED,0.7399999999999999,87.0,0.97,1463,2523,310,246,91
ABANDONED,,,,3279,864,556,2,190
COMPLETED,0.7399999999999999,102.0,0.97,1075,2254,882,115,32
COMPLETED,0.75,139.0,0.9,452,4545,749,90,23
COMPLETED,0.6999999999999998,42.0,0.99,4885,1363,499,158,136
ABANDONED,,,,2652,3594,817,47,241
ABANDONED,,,,2223,3836,776,175,204
COMPLETED,0.7299999999999999,90.0,0.99,4397,3029,664,195,49
ABANDONED,,,,236,1057,412,61,169
ABANDONED,,,,860,3395,219,20,152
COMPLETED,0.7399999999999999,106.0,1.0,3771,16,966,228,7
ABANDONED,,,,3689,4737,346,103,121
ABANDONED,,,,1599,1868,597,153,226
ABANDONED,,,,1738,4920,50,35,44
COMPLETED,0.7099999999999999,47.0,0.0,3555,1699,800,213,174
ABANDONED,,,,3910,3217,391,85,201
COMPLETED,0.6999999999999998,12.0,0.69,726,189,638,171,79
COMPLETED,0.69,73.0,0.2099999999999999,102,2860,993,130,102
COMPLETED,0.7199999999999999,101.0,0.08,2928,4009,573,242,132
ABANDONED,,,,2362,1879,324,14,27
ABANDONED,,,,1952,3724,520,106,158
COMPLETED,0.7199999999999999,27.0,0.99,2791,382,268,142,60
ABANDONED,,,,4751,4411,920,32,64
ABANDONED,,,,1215,4201,459,198,231
ABANDONED,,,,4125,2384,711,50,116
COMPLETED,0.7299999999999999,87.0,1.0,3418,2662,106,187,10
ABANDONED,,,,1328,730,853,69,149
ABANDONED,,,,1361,4258,678,10,108
ABANDONED,,,,3295,2284,429,238,239
ABANDONED,,,,4170,2631,762,124,141
COMPLETED,0.6999999999999998,88.0,0.4199999999999999,477,3447,364,165,37
ABANDONED,,,,4794,574,610,83,181
COMPLETED,0.7099999999999999,108.0,0.0,2671,4671,202,216,193
ABANDONED,,,,1987,1293,952,39,87
COMPLETED,0.7299999999999999,41.0,0.99,2885,969,896,184,125
COMPLETED,0.7399999999999999,575.0,1.0,4656,3825,292,52,4
COMPLETED,0.7099999999999999,55.0,0.0,67,2164,543,204,155
COMPLETED,0.7099999999999999,114.0,0.0,693,4787,830,221,166
ABANDONED,,,,4033,1721,82,27,52
COMPLETED,0.7299999999999999,98.0,0.99,3509,3328,734,147,72
ABANDONED,,,,1850,143,482,109,209
COMPLETED,0.7299999999999999,97.0,0.96,1710,3189,938,204,31
ABANDONED,,,,3643,278,185,44,128
ABANDONED,,,,3894,4931,503,162,250
ABANDONED,,,,828,1592,254,94,97
COMPLETED,0.7099999999999999,96.0,0.68,202,3960,120,112,84
ABANDONED,,,,4517,2025,870,136,196
ABANDONED,,,,3019,2928,446,7,177
COMPLETED,0.7299999999999999,37.0,1.0,2336,1113,693,249,41
COMPLETED,0.68,104.0,0.91,2121,4498,404,151,144
COMPLETED,0.7299999999999999,89.0,1.0,2532,1472,656,97,15
ABANDONED,,,,338,391,783,24,234
ABANDONED,,,,964,2809,590,57,213
COMPLETED,0.7299999999999999,54.0,0.99,4305,681,338,191,67
COMPLETED,0.7299999999999999,144.0,0.97,3156,4075,975,76,56
COMPLETED,0.7099999999999999,61.0,0.0,1495,2452,227,180,162
ABANDONED,,,,1496,3195,271,18,96
ABANDONED,,,,3157,284,524,230,250
ABANDONED,,,,4303,4937,168,99,129
COMPLETED,0.7299999999999999,60.0,0.98,963,1599,916,157,30
COMPLETED,0.7099999999999999,98.0,0.6099999999999999,339,3948,706,174,41
ABANDONED,,,,4929,2013,456,74,177
ABANDONED,,,,2530,2917,857,193,196
ABANDONED,,,,2120,1101,111,63,84
ABANDONED,,,,2335,4511,804,88,233
COMPLETED,0.7399999999999999,383.0,1.0,4519,3628,634,46,16
COMPLETED,0.7099999999999999,14.0,0.0,203,405,387,210,143
COMPLETED,0.7099999999999999,73.0,0.0,827,2801,236,243,162
ABANDONED,,,,3893,673,988,5,56
COMPLETED,0.7399999999999999,137.0,0.98,3644,4067,328,138,68
ABANDONED,,,,1711,2445,576,118,213
COMPLETED,0.7299999999999999,132.0,0.93,1851,4245,31,198,19
ABANDONED,,,,3511,2271,780,50,141
ABANDONED,,,,4032,2618,408,186,238
ABANDONED,,,,692,842,661,70,108
COMPLETED,0.69,85.0,0.2099999999999999,68,3455,962,103,88
ABANDONED,,,,4657,582,216,145,192
ABANDONED,,,,2884,4679,601,29,180
COMPLETED,0.7099999999999999,43.0,0.99,2475,1301,351,227,37
ABANDONED,,,,1986,3051,560,126,156
COMPLETED,0.7299999999999999,101.0,1.0,2670,962,313,122,4
COMPLETED,0.7299999999999999,98.0,0.11,4795,3818,879,240,125
ABANDONED,,,,1102,4798,496,34,209
COMPLETED,0.7299999999999999,74.0,0.99,4169,1733,744,214,71
COMPLETED,0.7399999999999999,128.0,0.99,3296,3340,69,85,51
COMPLETED,0.7299999999999999,29.0,0.93,1362,154,820,171,166
COMPLETED,0.7299999999999999,136.0,0.8299999999999998,1327,4909,652,222,79
ABANDONED,,,,3416,1687,401,26,202
ABANDONED,,,,4126,3206,786,148,174
COMPLETED,0.7299999999999999,119.0,0.95,590,2867,341,67,27
COMPLETED,0.7299999999999999,63.0,1.0,4749,1247,594,181,132
COMPLETED,0.7299999999999999,83.0,1.0,1953,1886,971,200,101
COMPLETED,0.7299999999999999,36.0,1.0,2930,374,934,79,65
COMPLETED,0.7399999999999999,134.0,0.99,4535,4403,258,219,61
ABANDONED,,,,101,1494,506,37,157
ABANDONED,,,,727,4214,875,12,148
COMPLETED,0.7199999999999999,97.0,0.99,3912,2396,124,236,11
COMPLETED,0.7299999999999999,80.0,0.99,3554,2675,689,124,116
ABANDONED,,,,1736,742,442,132,230
COMPLETED,0.7399999999999999,173.0,0.98,1598,2531,892,59,33
ABANDONED,,,,3772,4354,546,79,189
COMPLETED,0.7199999999999999,70.0,0.94,861,2262,296,177,91
ABANDONED,,,,4396,1350,835,97,241
COMPLETED,0.7199999999999999,84.0,0.08,3064,3581,478,234,135
ABANDONED,,,,2224,514,731,22,24
ABANDONED,,,,2088,3847,426,113,169
COMPLETED,0.7199999999999999,69.0,1.0,2654,2068,674,135,49
COMPLETED,0.7099999999999999,32.0,0.0,450,1069,766,248,204
ABANDONED,,,,1077,3389,615,207,227
ABANDONED,,,,4260,9,368,41,120
COMPLETED,0.7399999999999999,159.0,0.96,3277,4730,949,164,7
ABANDONED,,,,1461,1861,198,92,153
ABANDONED,,,,1431,4050,1000,136,202
COMPLETED,0.7299999999999999,76.0,1.0,3210,1920,248,112,82
COMPLETED,0.7299999999999999,99.0,1.0,4251,2814,565,249,47
ABANDONED,,,,1027,1193,317,7,175
COMPLETED,0.7399999999999999,36.0,1.0,4874,231,808,205,24
ABANDONED,,,,2586,4874,383,94,98
ABANDONED,,,,2058,1653,631,161,244
COMPLETED,0.7199999999999999,70.0,0.98,2234,2699,468,192,66
ABANDONED,,,,3112,767,718,56,218
COMPLETED,0.7399999999999999,71.0,0.94,304,2352,845,76,62
COMPLETED,0.7299999999999999,187.0,0.92,930,4446,528,97,10
COMPLETED,0.7199999999999999,50.0,1.0,3801,1538,275,151,145
ABANDONED,,,,3736,3691,913,23,227
COMPLETED,0.7099999999999999,14.0,0.02,1608,350,164,233,116
ABANDONED,,,,1786,3547,740,83,186
COMPLETED,0.7099999999999999,23.0,0.98,3563,479,492,165,35
ABANDONED,,,,3979,4586,824,40,94
ABANDONED,,,,131,4299,301,237,240
ABANDONED,,,,4603,2209,548,11,103
COMPLETED,0.7399999999999999,117.0,1.0,2939,2565,139,132,21
ABANDONED,,,,2412,906,890,123,135
ABANDONED,,,,1884,4706,212,28,49
COMPLETED,0.7099999999999999,50.0,0.0,2764,1836,958,220,172
ABANDONED,,,,4701,3433,355,109,207
COMPLETED,0.7299999999999999,11.0,0.8699999999999999,580,52,605,147,77
COMPLETED,0.7299999999999999,81.0,0.93,1206,2996,768,184,119
COMPLETED,0.7099999999999999,93.0,0.0,3388,3871,673,203,150
COMPLETED,0.7299999999999999,301.0,0.98,1258,2093,419,53,6
COMPLETED,0.7299999999999999,49.0,1.0,3345,1145,863,129,95
ABANDONED,,,,4197,3923,453,13,29
COMPLETED,0.7299999999999999,53.0,0.04,1171,1989,701,242,126
COMPLETED,0.7099999999999999,112.0,0.0,547,4962,930,213,180
ABANDONED,,,,4824,1623,178,35,42
COMPLETED,0.6999999999999998,81.0,0.92,2718,3152,510,170,85
ABANDONED,,,,1996,240,262,86,200
ABANDONED,,,,2445,4121,583,50,110
ABANDONED,,,,2817,2499,330,199,232
ABANDONED,,,,4648,2767,983,69,143
COMPLETED,0.67,20.0,0.0599999999999999,19,639,234,186,13
COMPLETED,0.7299999999999999,101.0,0.92,643,3662,398,142,59
ABANDONED,,,,4022,438,648,106,163
ABANDONED,,,,1821,1431,790,32,70
COMPLETED,0.7099999999999999,116.0,0.53,1642,4635,372,159,137
COMPLETED,0.7299999999999999,179.0,1.0,3616,1258,619,89,18
COMPLETED,0.7299999999999999,114.0,1.0,3844,3479,194,209,108
ABANDONED,,,,816,607,944,47,235
ABANDONED,,,,193,2594,686,2,195
COMPLETED,0.7199999999999999,58.0,1.0,4470,817,438,246,89
COMPLETED,0.7399999999999999,148.0,0.97,2989,4289,754,114,38
COMPLETED,0.6999999999999998,87.0,0.97,2169,3286,838,228,1
ABANDONED,,,,4997,4832,727,154,221
ABANDONED,,,,369,1767,474,102,122
ABANDONED,,,,993,3785,157,73,74
ABANDONED,,,,4371,2123,903,175,210
ABANDONED,,,,3166,3105,284,62,167
COMPLETED,0.7199999999999999,54.0,0.99,1545,1016,534,195,55
COMPLETED,0.7299999999999999,52.0,0.99,3201,1509,884,211,46
COMPLETED,0.7399999999999999,155.0,1.0,4337,3731,303,87,81
ABANDONED,,,,997,353,555,161,203
ABANDONED,,,,373,2693,825,139,243
COMPLETED,0.69,107.0,0.94,2575,4191,738,244,25
ABANDONED,,,,2164,2415,487,4,130
COMPLETED,0.7399999999999999,88.0,0.97,2301,3227,665,100,63
ABANDONED,,,,2984,161,419,156,159
ABANDONED,,,,4475,4893,773,19,217
COMPLETED,0.7299999999999999,110.0,0.9,783,3997,359,192,115
ABANDONED,,,,3849,1909,608,64,228
COMPLETED,0.7299999999999999,103.0,0.96,3610,2890,205,173,146
COMPLETED,0.7399999999999999,285.0,1.0,1677,1229,957,75,9
COMPLETED,0.7099999999999999,88.0,0.0,1817,3020,377,241,191
ABANDONED,,,,3476,1085,629,15,93
COMPLETED,0.7399999999999999,166.0,1.0,3987,3863,63,127,34
ABANDONED,,,,648,2048,811,121,187
ABANDONED,,,,24,4749,570,84,134
COMPLETED,0.7299999999999999,90.0,1.0,4614,1837,319,172,22
ABANDONED,,,,2850,3365,993,33,104
ABANDONED,,,,2440,27,247,215,239
COMPLETED,0.66,106.0,0.93,2030,4374,909,185,78
COMPLETED,0.7099999999999999,65.0,0.0,4829,2515,529,197,171
COMPLETED,0.7299999999999999,34.0,0.98,512,892,282,51,50
COMPLETED,0.7399999999999999,500.0,0.94,1136,3563,99,30,5
COMPLETED,0.7099999999999999,17.0,0.0,4203,537,852,226,151
ABANDONED,,,,3340,4555,464,104,225
COMPLETED,0.7199999999999999,45.0,0.97,1406,1332,714,144,118
COMPLETED,0.7299999999999999,90.0,0.05,1283,3605,755,218,127
COMPLETED,0.7299999999999999,138.0,0.82,4091,4529,683,168,94
ABANDONED,,,,1182,1462,432,80,248
COMPLETED,0.7299999999999999,92.0,1.0,4715,2424,939,131,86
ABANDONED,,,,2749,2781,373,13,43
COMPLETED,0.7099999999999999,21.0,0.0,1909,689,625,235,179
COMPLETED,0.7399999999999999,134.0,0.94,2397,4960,289,149,14
ABANDONED,,,,2964,1580,538,107,142
ABANDONED,,,,145,307,903,26,111
ABANDONED,,,,771,2901,720,55,70
ABANDONED,,,,3955,1122,474,201,215
ABANDONED,,,,3588,3969,842,66,164
COMPLETED,0.7299999999999999,72.0,0.98,1771,1997,93,182,58
ABANDONED,,,,1632,3795,516,9,236
COMPLETED,0.7099999999999999,57.0,0.08,3722,2176,264,247,107
COMPLETED,0.7299999999999999,231.0,1.0,3816,3069,923,114,17
ABANDONED,,,,905,939,176,134,138
ABANDONED,,,,279,3356,447,163,182
COMPLETED,0.7299999999999999,133.0,1.0,4440,134,699,93,39
COMPLETED,0.7199999999999999,114.0,0.95,3099,4778,117,206,90
ABANDONED,,,,2258,1749,865,42,194
ABANDONED,,,,2610,824,797,178,220
ABANDONED,,,,4849,4227,394,58,153
COMPLETED,0.7399999999999999,69.0,0.92,416,2295,643,190,2
COMPLETED,0.7299999999999999,125.0,0.9,1043,4663,979,235,54
ABANDONED,,,,4225,1322,230,21,168
ABANDONED,,,,3233,3476,583,152,211
COMPLETED,0.7399999999999999,67.0,1.0,1418,566,337,96,73
COMPLETED,0.7199999999999999,84.0,0.96,1466,2746,596,179,31
ABANDONED,,,,3244,655,347,77,128
ABANDONED,,,,4294,4137,969,191,249
ABANDONED,,,,1071,2478,217,57,97
ABANDONED,,,,445,4475,415,24,83
COMPLETED,0.7099999999999999,38.0,0.0,4918,1408,661,232,197
COMPLETED,0.69,18.0,0.99,2092,457,777,150,40
ABANDONED,,,,3069,1973,814,5,15
COMPLETED,0.7299999999999999,87.0,1.0,4390,2944,498,137,113
ABANDONED,,,,270,1166,750,111,234
ABANDONED,,,,896,3133,881,94,212
COMPLETED,0.7099999999999999,16.0,0.99,3766,263,133,162,69
ABANDONED,,,,3692,4985,559,42,57
COMPLETED,0.7099999999999999,42.0,0.0,1564,1605,307,206,161
COMPLETED,0.7199999999999999,138.0,0.4299999999999999,1742,4812,856,110,109
ABANDONED,,,,3945,3302,710,29,140
COMPLETED,0.7299999999999999,20.0,1.0,723,80,460,220,20
COMPLETED,0.63,80.0,0.16,97,3123,171,202,36
ABANDONED,,,,4569,993,921,54,181
ABANDONED,,,,2895,3761,271,183,193
ABANDONED,,,,2368,2141,517,65,87
ABANDONED,,,,1918,3500,323,39,223
COMPLETED,0.7199999999999999,30.0,0.95,2798,591,574,217,124
COMPLETED,0.7399999999999999,394.0,1.0,4745,4619,243,82,3
COMPLETED,0.7099999999999999,36.0,0.0,623,1278,990,167,157
ABANDONED,,,,1250,4271,641,133,165
COMPLETED,0.7299999999999999,114.0,1.0,4121,2338,388,122,52
COMPLETED,0.7299999999999999,89.0,1.0,3422,2617,799,238,72
COMPLETED,0.7399999999999999,160.0,0.93,1338,4147,485,69,44
COMPLETED,0.7099999999999999,59.0,0.0,3310,2371,732,187,173
COMPLETED,0.7399999999999999,40.0,1.0,1127,743,831,199,80
COMPLETED,0.7399999999999999,95.0,0.8699999999999999,503,3707,542,225,100
ABANDONED,,,,4780,329,293,31,246
COMPLETED,0.7199999999999999,114.0,0.93,2684,4426,899,143,133
COMPLETED,0.7399999999999999,158.0,1.0,1962,1554,146,106,26
ABANDONED,,,,2489,2837,951,15,158
COMPLETED,0.7299999999999999,46.0,1.0,2861,1175,203,241,60
COMPLETED,0.7399999999999999,156.0,1.0,4683,4032,613,120,64
ABANDONED,,,,53,1943,361,128,217
ABANDONED,,,,4056,1674,759,87,117
COMPLETED,0.7299999999999999,115.0,0.99,3487,3280,428,212,12
ABANDONED,,,,1865,215,679,36,147
COMPLETED,0.7199999999999999,101.0,0.92,1687,3410,226,155,92
ABANDONED,,,,3660,71,976,101,188
COMPLETED,0.7099999999999999,113.0,0.0,3878,4724,341,228,184
ABANDONED,,,,851,1813,587,20,33
COMPLETED,0.75,119.0,0.91,227,3887,786,60,23
ABANDONED,,,,3034,2975,655,72,242
COMPLETED,0.7099999999999999,32.0,0.98,2310,1041,405,177,105
COMPLETED,0.7099999999999999,111.0,0.0,2135,4609,695,208,205
ABANDONED,,,,2506,1385,443,48,75
COMPLETED,0.7299999999999999,109.0,1.0,4953,3529,869,158,48
ABANDONED,,,,949,2549,252,115,152
COMPLETED,0.7399999999999999,161.0,1.0,4327,927,504,140,8
ABANDONED,,,,3132,4320,188,3,121
COMPLETED,0.7099999999999999,59.0,0.0,1511,2193,935,245,226
ABANDONED,,,,1514,4336,734,105,130
COMPLETED,0.7299999999999999,93.0,1.0,3136,2206,482,143,26
ABANDONED,,,,4324,2553,830,32,100
ABANDONED,,,,318,3525,291,199,203
ABANDONED,,,,4948,496,542,49,81
COMPLETED,0.7199999999999999,114.0,0.95,2512,4593,149,188,46
ABANDONED,,,,2141,1372,896,68,175
COMPLETED,0.7399999999999999,144.0,0.98,2317,2980,202,36,9
COMPLETED,0.7099999999999999,30.0,0.0,3039,1047,952,212,147
ABANDONED,,,,4498,3904,364,87,229
COMPLETED,0.7099999999999999,57.0,0.56,221,2086,611,169,114
COMPLETED,0.7399999999999999,129.0,0.9,847,4708,762,129,66
COMPLETED,0.7099999999999999,83.0,0.0,3663,3406,678,241,159
ABANDONED,,,,1691,65,429,15,62
ABANDONED,,,,1869,3267,974,176,240
ABANDONED,,,,3490,199,227,72,103
COMPLETED,0.7299999999999999,151.0,0.98,4052,4853,590,196,21
ABANDONED,,,,674,1670,338,60,134
COMPLETED,0.7299999999999999,69.0,0.99,4676,1947,783,229,34
COMPLETED,0.7399999999999999,85.0,0.99,2866,2850,405,101,92
ABANDONED,,,,2496,1191,656,154,192
COMPLETED,0.7299999999999999,105.0,0.0599999999999999,1968,4420,446,245,118
ABANDONED,,,,2691,1550,692,3,224
COMPLETED,0.7399999999999999,68.0,1.0,496,313,870,116,5
COMPLETED,0.7299999999999999,115.0,0.96,1122,2731,503,91,51
ABANDONED,,,,4151,760,253,158,171
ABANDONED,,,,3315,4153,938,47,206
COMPLETED,0.7399999999999999,80.0,0.97,1341,2375,185,209,78
ABANDONED,,,,1309,2601,346,150,179
COMPLETED,0.7299999999999999,88.0,1.0,3437,786,597,98,43
COMPLETED,0.7199999999999999,127.0,0.99,4105,4267,219,231,86
ABANDONED,,,,1234,2333,966,24,198
ABANDONED,,,,611,4623,664,57,248
COMPLETED,0.7299999999999999,68.0,0.99,4731,1284,412,190,95
COMPLETED,0.7399999999999999,139.0,0.98,2811,3516,775,77,29
COMPLETED,0.7199999999999999,96.0,0.96,2381,3757,817,205,57
ABANDONED,,,,4556,3107,748,163,215
COMPLETED,0.7099999999999999,31.0,0.4799999999999999,83,979,499,93,69
ABANDONED,,,,707,3317,132,111,111
ABANDONED,,,,3930,93,882,137,232
ABANDONED,,,,3535,4815,309,6,142
COMPLETED,0.7299999999999999,82.0,0.99,1757,1789,556,250,13
COMPLETED,0.7299999999999999,55.0,0.99,3709,1621,853,183,90
COMPLETED,0.7399999999999999,178.0,1.0,3751,3139,459,53,39
COMPLETED,0.7099999999999999,11.0,0.0,879,267,710,202,183
COMPLETED,0.7099999999999999,73.0,0.0,256,2939,920,220,139
COMPLETED,0.7399999999999999,421.0,1.0,4377,1162,172,28,17
COMPLETED,0.7199999999999999,100.0,0.95,3083,3931,520,146,106
ABANDONED,,,,2203,1957,267,110,236
ABANDONED,,,,2106,3645,573,10,74
COMPLETED,0.7099999999999999,16.0,0.0,2633,460,324,238,210
ABANDONED,,,,4904,4489,992,123,168
COMPLETED,0.7399999999999999,47.0,0.97,432,1424,240,133,54
COMPLETED,0.7399999999999999,139.0,0.92,1056,4123,392,166,2
ABANDONED,,,,4278,2462,638,82,153
ABANDONED,,,,1482,651,800,39,123
ABANDONED,,,,3230,551,758,12,177
ABANDONED,,,,4230,4657,433,130,197
COMPLETED,0.7299999999999999,59.0,0.99,1045,1319,682,126,83
ABANDONED,,,,422,4233,940,81,98
ABANDONED,,,,2604,2655,622,38,128
COMPLETED,0.68,25.0,0.99,2037,839,376,218,32
COMPLETED,0.7099999999999999,120.0,0.0,2253,4771,539,182,161
COMPLETED,0.7299999999999999,73.0,0.99,3092,1745,287,66,56
COMPLETED,0.7199999999999999,100.0,0.98,4445,3342,900,202,68
ABANDONED,,,,909,3083,470,25,234
COMPLETED,0.7099999999999999,30.0,0.0299999999999999,3819,954,723,223,112
COMPLETED,0.7399999999999999,226.0,1.0,3718,3802,94,107,15
COMPLETED,0.7199999999999999,61.0,0.97,1629,2179,842,149,145
ABANDONED,,,,1767,3985,265,42,87
COMPLETED,0.7099999999999999,52.0,0.0,3583,2011,514,206,194
COMPLETED,0.6999999999999998,36.0,0.51,775,1128,926,164,36
COMPLETED,0.75,86.0,0.81,152,3174,696,134,19
ABANDONED,,,,4585,301,450,114,140
COMPLETED,0.7099999999999999,124.0,0.0,2957,4945,866,247,238
ABANDONED,,,,2392,1567,116,9,109
ABANDONED,,,,1903,2784,794,95,208
ABANDONED,,,,4722,4098,644,22,53
COMPLETED,0.7099999999999999,61.0,0.0,561,2437,393,234,165
COMPLETED,0.7099999999999999,115.0,0.0,1185,4513,230,189,156
COMPLETED,0.7399999999999999,522.0,1.0,4096,1448,978,59,3
COMPLETED,0.7199999999999999,101.0,0.96,3369,3601,334,178,124
ABANDONED,,,,1279,416,586,78,222
ABANDONED,,,,1391,4569,886,4,27
COMPLETED,0.7199999999999999,37.0,0.04,3324,1347,136,244,133
ABANDONED,,,,4218,3569,552,117,246
COMPLETED,0.7299999999999999,28.0,0.99,1152,540,306,139,101
ABANDONED,,,,4842,889,829,88,200
COMPLETED,0.7099999999999999,111.0,0.0,2700,4360,488,211,173
ABANDONED,,,,2017,2231,737,45,45
ABANDONED,,,,2427,3372,416,75,148
COMPLETED,0.7299999999999999,78.0,1.0,2837,31,668,173,11
ABANDONED,,,,37,1853,771,193,230
COMPLETED,0.7099999999999999,95.0,0.0,663,3850,609,230,217
ABANDONED,,,,4004,2032,358,18,63
COMPLETED,0.7299999999999999,85.0,0.99,3461,3013,954,155,59
ABANDONED,,,,1800,1081,207,101,159
COMPLETED,0.7399999999999999,105.0,0.97,1661,2874,626,215,104
ABANDONED,,,,3595,1215,380,33,242
COMPLETED,0.7399999999999999,130.0,0.94,3865,3994,811,173,137
COMPLETED,0.7299999999999999,121.0,0.97,798,1902,62,83,22
COMPLETED,0.7399999999999999,127.0,0.8,172,4896,320,120,33
ABANDONED,,,,4489,1714,569,128,185
ABANDONED,,,,2971,3242,244,16,189
COMPLETED,0.7399999999999999,13.0,0.99,2287,175,996,240,92
ABANDONED,,,,2560,2409,908,104,121
COMPLETED,0.7399999999999999,115.0,0.99,4976,2677,279,226,8
ABANDONED,,,,387,706,531,30,151
ABANDONED,,,,1013,3747,849,52,170
COMPLETED,0.7299999999999999,48.0,0.99,4353,367,102,197,48
ABANDONED,,,,3184,4386,714,71,76
ABANDONED,,,,1525,1516,463,185,205
COMPLETED,0.7299999999999999,135.0,0.95,1558,3091,862,85,84
ABANDONED,,,,4358,3778,704,35,176
COMPLETED,0.7399999999999999,63.0,0.96,979,2119,451,213,41
COMPLETED,0.6999999999999998,117.0,0.38,352,4839,181,242,31
ABANDONED,,,,4982,1771,926,14,129
ABANDONED,,,,2556,3299,261,129,250
COMPLETED,0.68,10.0,0.99,2184,117,511,119,97
ABANDONED,,,,2283,4283,332,32,213
COMPLETED,0.7299999999999999,58.0,0.07,3005,2312,580,223,67
COMPLETED,0.7299999999999999,141.0,1.0,4454,2580,233,106,55
ABANDONED,,,,177,802,984,142,162
COMPLETED,0.7299999999999999,98.0,0.91,804,3493,647,187,144
COMPLETED,0.7299999999999999,283.0,1.0,3830,623,398,69,16
COMPLETED,0.7399999999999999,148.0,0.96,3629,4642,793,198,113
COMPLETED,0.7399999999999999,168.0,0.94,1835,4473,622,141,37
ABANDONED,,,,3456,1444,369,115,181
COMPLETED,0.7099999999999999,91.0,0.0,4008,3666,944,247,193
ABANDONED,,,,630,445,195,2,88
ABANDONED,,,,4,2763,436,46,108
ABANDONED,,,,4632,633,687,210,239
COMPLETED,0.7399999999999999,75.0,1.0,2461,2485,751,158,18
COMPLETED,0.7299999999999999,36.0,1.0,2735,246,839,61,52
COMPLETED,0.7299999999999999,132.0,0.98,4808,4978,477,175,71
ABANDONED,,,,530,1637,724,73,209
ABANDONED,,,,1157,3908,906,102,222
COMPLETED,0.7099999999999999,58.0,0.96,4185,1975,154,154,125
COMPLETED,0.7399999999999999,778.0,1.0,3358,2957,534,20,4
COMPLETED,0.7099999999999999,32.0,0.0,1385,1139,285,228,155
COMPLETED,0.7199999999999999,94.0,0.39,1265,3885,251,162,102
ABANDONED,,,,3393,2109,997,94,245
COMPLETED,0.7399999999999999,112.0,0.99,4071,3003,315,204,132
COMPLETED,0.7299999999999999,156.0,1.0,1200,1029,566,44,28
ABANDONED,,,,576,3427,807,7,44
ABANDONED,,,,2767,4692,633,112,201
COMPLETED,0.7399999999999999,72.0,0.99,1888,1821,380,137,79
COMPLETED,0.7099999999999999,65.0,0.0,2415,2571,717,232,231
ABANDONED,,,,2943,909,469,24,116
COMPLETED,0.7399999999999999,215.0,1.0,4600,4313,847,151,10
ABANDONED,,,,751,4572,278,75,158
COMPLETED,0.7299999999999999,69.0,0.99,3974,1388,525,180,60
ABANDONED,,,,3569,3541,162,57,64
ABANDONED,,,,1791,476,913,192,216
COMPLETED,0.7399999999999999,194.0,0.95,1614,3675,491,124,23
ABANDONED,,,,3743,336,741,132,136
COMPLETED,0.7299999999999999,41.0,0.0299999999999999,924,1531,821,237,105
COMPLETED,0.7399999999999999,104.0,0.78,300,4174,552,216,91
ABANDONED,,,,4421,2359,299,40,190
ABANDONED,,,,3117,2715,889,165,186
COMPLETED,0.75,36.0,1.0,2237,780,140,83,32
ABANDONED,,,,2062,4871,961,53,152
COMPLETED,0.7299999999999999,59.0,1.0,2589,1647,209,204,7
ABANDONED,,,,4870,3244,604,65,120
ABANDONED,,,,398,217,355,183,226
COMPLETED,0.7399999999999999,86.0,1.0,4244,1207,769,109,77
COMPLETED,0.7399999999999999,120.0,0.97,3215,4053,422,221,49
ABANDONED,,,,1438,1926,669,27,168
ABANDONED,,,,1448,4747,402,201,244
ABANDONED,,,,3264,1874,650,55,99
COMPLETED,0.7299999999999999,108.0,0.99,4274,3393,37,181,25
ABANDONED,,,,1090,15,789,67,131
ABANDONED,,,,466,3037,591,108,174
COMPLETED,0.7299999999999999,63.0,0.99,4900,1063,344,148,47
ABANDONED,,,,2638,3831,972,26,82
COMPLETED,0.7099999999999999,55.0,0.0,2071,2055,221,222,202
COMPLETED,0.68,99.0,0.96,2209,3585,930,131,115
COMPLETED,0.7299999999999999,111.0,0.11,4411,4548,507,237,146
COMPLETED,0.7399999999999999,57.0,0.97,251,1363,257,11,10
ABANDONED,,,,875,4337,125,37,61
COMPLETED,0.7099999999999999,59.0,0.0,3785,2249,873,219,160
ABANDONED,,,,3674,2527,439,80,219
COMPLETED,0.7399999999999999,48.0,0.97,1585,866,692,168,65
ABANDONED,,,,1724,2662,143,23,135
COMPLETED,0.7399999999999999,38.0,0.99,3539,726,894,233,20
ABANDONED,,,,3924,4208,297,96,102
ABANDONED,,,,741,2393,545,152,241
ABANDONED,,,,117,4409,835,177,191
COMPLETED,0.7199999999999999,99.0,0.97,2913,3729,728,188,35
ABANDONED,,,,2347,390,481,60,187
COMPLETED,0.75,338.0,0.95,1937,4010,675,91,6
COMPLETED,0.67,52.0,0.2899999999999999,2777,1882,424,165,149
ABANDONED,,,,4766,2854,763,41,224
COMPLETED,0.7299999999999999,103.0,0.88,1229,3219,364,248,77
ABANDONED,,,,4140,193,618,8,207
ABANDONED,,,,3403,4914,199,135,172
COMPLETED,0.7299999999999999,96.0,0.99,1313,1691,948,113,50
ABANDONED,,,,1357,3323,521,62,199
COMPLETED,0.7299999999999999,27.0,0.99,3289,141,274,194,85
COMPLETED,0.7399999999999999,223.0,0.98,4174,4794,917,74,42
COMPLETED,0.7099999999999999,94.0,0.2399999999999999,482,3822,457,156,126
COMPLETED,0.7299999999999999,159.0,1.0,4798,2163,705,100,29
COMPLETED,0.7299999999999999,84.0,0.98,2666,3067,108,231,96
ABANDONED,,,,1983,975,859,17,247
ABANDONED,,,,2881,1296,803,138,214
ABANDONED,,,,4662,3439,384,5,163
COMPLETED,0.67,20.0,0.23,71,569,637,243,58
COMPLETED,0.7299999999999999,84.0,0.95,698,2634,985,210,12
ABANDONED,,,,4038,855,239,46,143
ABANDONED,,,,3505,4249,577,159,233
ABANDONED,,,,1844,2277,327,89,110
COMPLETED,0.7099999999999999,97.0,0.0,1705,4080,781,226,184
COMPLETED,0.7399999999999999,85.0,1.0,3899,2807,658,145,89
ABANDONED,,,,832,677,410,103,196
COMPLETED,0.7299999999999999,30.0,1.0,4523,400,965,186,107
COMPLETED,0.7399999999999999,225.0,0.96,3015,4497,351,51,17
COMPLETED,0.7199999999999999,43.0,0.92,2331,1468,600,197,138
COMPLETED,0.68,76.0,0.98,2117,2922,310,172,55
ABANDONED,,,,2526,1105,563,84,167
ABANDONED,,,,343,2029,877,34,75
ABANDONED,,,,970,4924,745,17,122
COMPLETED,0.7099999999999999,42.0,0.0,4309,1583,495,239,220
ABANDONED,,,,3150,3189,817,121,154
COMPLETED,0.7299999999999999,177.0,1.0,1491,280,71,127,1
COMPLETED,0.7399999999999999,119.0,0.07,1486,4933,788,167,60
COMPLETED,0.7099999999999999,79.0,0.0,4313,3201,653,218,216
ABANDONED,,,,974,290,400,38,64
ABANDONED,,,,348,2911,224,13,118
COMPLETED,0.7099999999999999,33.0,0.0,4937,1096,970,236,229
ABANDONED,,,,2522,3952,343,126,147
COMPLETED,0.7399999999999999,60.0,1.0,2112,2017,593,130,12
COMPLETED,0.7099999999999999,85.0,0.0,2327,3632,259,223,173
ABANDONED,,,,3011,409,506,25,45
COMPLETED,0.7299999999999999,120.0,0.97,4528,4505,182,149,80
ABANDONED,,,,211,1479,933,107,200
ABANDONED,,,,837,4073,690,67,246
COMPLETED,0.7199999999999999,74.0,1.0,3904,2450,441,182,100
COMPLETED,0.7299999999999999,236.0,1.0,3634,2797,875,54,26
COMPLETED,0.7299999999999999,117.0,0.97,1839,2623,548,113,75
ABANDONED,,,,3500,848,295,135,205
ABANDONED,,,,4043,4241,893,9,170
COMPLETED,0.7299999999999999,67.0,0.96,703,2267,144,247,47
COMPLETED,0.67,114.0,0.23,77,4684,479,206,8
ABANDONED,,,,4667,1306,730,42,152
ABANDONED,,,,2465,577,833,92,121
COMPLETED,0.7099999999999999,61.0,0.99,2660,2152,765,189,92
COMPLETED,0.7299999999999999,230.0,1.0,4803,3055,426,78,33
ABANDONED,,,,488,966,673,179,184
COMPLETED,0.69,87.0,0.67,1113,3335,949,153,137
COMPLETED,0.7299999999999999,198.0,1.0,4179,150,197,95,23
COMPLETED,0.7399999999999999,132.0,0.96,3284,4804,615,234,105
ABANDONED,,,,1351,1738,367,21,242
COMPLETED,0.7399999999999999,204.0,0.95,1318,3210,169,88,15
COMPLETED,0.7099999999999999,12.0,0.99,3409,181,915,160,144
ABANDONED,,,,4135,4903,273,44,234
COMPLETED,0.7299999999999999,65.0,0.97,1224,1681,523,211,112
COMPLETED,0.7399999999999999,106.0,0.91,600,4021,858,245,69
ABANDONED,,,,2782,2862,708,139,161
COMPLETED,0.7399999999999999,99.0,1.0,1942,1243,455,117,57
ABANDONED,,,,2353,4399,635,18,128
COMPLETED,0.7399999999999999,52.0,1.0,2918,1489,386,230,31
COMPLETED,0.7299999999999999,124.0,0.99,4545,3721,805,100,97
ABANDONED,,,,736,2669,329,173,198
ABANDONED,,,,3919,737,576,75,83
COMPLETED,0.7299999999999999,119.0,0.97,3545,4218,237,193,40
ABANDONED,,,,1729,2401,988,63,178
COMPLETED,0.7199999999999999,112.0,0.92,1589,4348,409,128,124
ABANDONED,,,,3679,2256,659,121,223
COMPLETED,0.7399999999999999,575.0,1.0,871,876,778,16,3
ABANDONED,,,,247,3577,602,33,53
COMPLETED,0.7099999999999999,16.0,0.0,4406,509,349,215,165
ABANDONED,,,,3052,4537,963,84,208
COMPLETED,0.7099999999999999,40.0,0.99,2213,1355,214,172,72
ABANDONED,,,,2076,3046,879,196,237
ABANDONED,,,,2643,1074,127,52,110
COMPLETED,0.7299999999999999,118.0,1.0,4895,3843,561,185,20
ABANDONED,,,,461,2064,313,71,139
COMPLETED,0.7299999999999999,97.0,1.0,4269,1865,820,144,36
ABANDONED,,,,3269,3383,497,31,87
COMPLETED,0.7099999999999999,4.0,0.0,1452,3,744,225,193
ABANDONED,,,,1443,2819,453,49,141
COMPLETED,0.7299999999999999,57.0,0.99,3220,1199,701,199,14
ABANDONED,,,,1017,1915,863,188,231
ABANDONED,,,,393,4879,510,143,215
COMPLETED,0.7299999999999999,103.0,1.0,4865,1657,262,105,70
COMPLETED,0.7199999999999999,91.0,0.97,2593,3254,929,225,58
ABANDONED,,,,2067,225,178,31,164
COMPLETED,0.75,114.0,0.95,2242,4165,981,119,28
COMPLETED,0.69,65.0,0.99,3121,2347,236,129,127
ABANDONED,,,,4417,2704,581,15,248
COMPLETED,0.7299999999999999,28.0,0.82,295,771,331,241,94
ABANDONED,,,,3791,346,792,36,198
ABANDONED,,,,3748,4452,396,170,179
COMPLETED,0.7399999999999999,127.0,1.0,1618,1543,649,86,43
ABANDONED,,,,3575,1399,945,19,123
COMPLETED,0.7399999999999999,218.0,1.0,3969,3552,371,154,2
ABANDONED,,,,745,485,619,101,154
ABANDONED,,,,122,2559,754,72,168
ABANDONED,,,,2948,4304,685,60,73
ABANDONED,,,,2420,2213,438,196,211
COMPLETED,0.7099999999999999,93.0,0.94,1894,3437,726,157,106
ABANDONED,,,,2772,57,475,91,236
COMPLETED,0.7099999999999999,113.0,0.0,4692,4701,837,208,139
COMPLETED,0.7399999999999999,131.0,0.97,571,1831,91,48,17
ABANDONED,,,,1195,3877,283,3,39
COMPLETED,0.7099999999999999,54.0,0.0,4066,2099,536,245,182
COMPLETED,0.7199999999999999,41.0,0.99,1270,1021,905,140,90
COMPLETED,0.7099999999999999,98.0,0.0,1380,3918,564,190,159
ABANDONED,,,,3353,1984,317,58,63
COMPLETED,0.7299999999999999,95.0,1.0,4190,2965,1000,179,67
ABANDONED,,,,1162,1150,249,77,218
ABANDONED,,,,536,3147,383,98,228
COMPLETED,0.7199999999999999,22.0,1.0,4814,236,631,150,114
COMPLETED,0.7399999999999999,343.0,0.95,2729,4967,57,25,9
COMPLETED,0.7199999999999999,43.0,0.05,2006,1629,809,231,146
COMPLETED,0.7399999999999999,79.0,0.99,2456,2772,97,137,46
ABANDONED,,,,2827,645,846,111,176
COMPLETED,0.7099999999999999,103.0,0.0,4637,4116,466,250,204
ABANDONED,,,,9,2494,719,6,81
ABANDONED,,,,635,4461,911,43,99
ABANDONED,,,,3450,3657,527,93,130
COMPLETED,0.7199999999999999,30.0,1.0,1830,433,276,163,25
ABANDONED,,,,1652,3483,824,28,206
COMPLETED,0.7399999999999999,178.0,0.98,3835,4630,740,110,51
ABANDONED,,,,808,1252,493,146,171
COMPLETED,0.7399999999999999,434.0,1.0,4459,2321,890,65,5
COMPLETED,0.7399999999999999,79.0,0.99,3000,2590,301,203,118
ABANDONED,,,,2278,813,549,53,225
ABANDONED,,,,2180,4828,353,82,93
ABANDONED,,,,2552,1763,606,166,191
ABANDONED,,,,4987,3291,211,39,187
COMPLETED,0.7299999999999999,13.0,0.82,357,106,959,217,35
COMPLETED,0.7199999999999999,86.0,0.91,983,3099,671,239,22
ABANDONED,,,,4363,1010,421,9,133
ABANDONED,,,,3175,3789,767,133,239
ABANDONED,,,,1530,3737,684,147,232
ABANDONED,,,,3189,359,432,108,111
COMPLETED,0.7299999999999999,138.0,0.99,4347,4378,756,222,13
ABANDONED,,,,382,4195,373,55,163
COMPLETED,0.7299999999999999,96.0,1.0,4971,2419,625,201,59
ABANDONED,,,,2566,2688,192,67,71
ABANDONED,,,,2156,714,939,180,214
COMPLETED,0.7299999999999999,121.0,0.92,2292,4887,152,219,96
ABANDONED,,,,2977,1702,901,37,247
COMPLETED,0.7199999999999999,100.0,0.79,4484,3231,290,168,126
COMPLETED,0.7399999999999999,21.0,1.0,167,165,536,80,29
COMPLETED,0.7299999999999999,99.0,0.95,793,2886,844,125,42
ABANDONED,,,,3600,4003,721,12,199
COMPLETED,0.7299999999999999,80.0,0.99,1666,1914,472,236,85
ABANDONED,,,,1805,3859,924,78,155
COMPLETED,0.7299999999999999,87.0,0.99,3466,2044,176,177,1
ABANDONED,,,,3999,3025,516,60,122
ABANDONED,,,,659,1090,264,189,221
ABANDONED,,,,4623,22,865,23,74
COMPLETED,0.7299999999999999,120.0,0.95,2842,4753,447,152,54
ABANDONED,,,,2431,1842,699,96,167
ABANDONED,,,,2021,2519,395,8,18
COMPLETED,0.7099999999999999,26.0,0.04,2705,897,642,248,138
COMPLETED,0.7099999999999999,63.0,0.8299999999999998,522,2241,796,136,108
COMPLETED,0.7199999999999999,109.0,0.2,1148,4560,585,165,89
ABANDONED,,,,4213,1337,335,91,195
COMPLETED,0.7099999999999999,85.0,0.0,3328,3558,981,207,183
COMPLETED,0.7299999999999999,72.0,1.0,1395,533,228,41,38
ABANDONED,,,,1274,4523,303,99,219
COMPLETED,0.7199999999999999,46.0,0.98,3364,1456,554,157,66
ABANDONED,,,,4100,3609,137,17,62
COMPLETED,0.7099999999999999,15.0,0.0,1190,427,884,231,160
COMPLETED,0.7299999999999999,75.0,0.9,566,2776,738,194,145
COMPLETED,0.7299999999999999,315.0,1.0,4727,685,486,62,10
COMPLETED,0.7299999999999999,104.0,0.92,2739,4088,826,174,115
ABANDONED,,,,2387,3183,774,45,82
ABANDONED,,,,4589,4956,667,89,175
COMPLETED,0.66,44.0,0.26,156,1576,417,159,46
COMPLETED,0.7299999999999999,129.0,0.92,780,3973,206,138,24
ABANDONED,,,,3963,2002,956,118,131
ABANDONED,,,,3579,2895,360,244,244
ABANDONED,,,,1763,1117,607,5,98
COMPLETED,0.7399999999999999,115.0,1.0,3713,943,810,70,50
COMPLETED,0.7399999999999999,118.0,0.99,3824,3790,377,197,77
ABANDONED,,,,915,2170,629,51,207
ABANDONED,,,,291,4783,994,29,224
COMPLETED,0.7299999999999999,47.0,0.0599999999999999,4451,1754,246,226,119
COMPLETED,0.7299999999999999,193.0,0.99,3087,3351,571,103,6
ABANDONED,,,,2247,129,318,145,150
COMPLETED,0.7199999999999999,101.0,0.95,2032,4223,530,239,35
ABANDONED,,,,2599,2290,281,17,186
ABANDONED,,,,4861,2647,911,127,190
COMPLETED,0.7299999999999999,32.0,0.98,427,829,158,121,94
ABANDONED,,,,1051,3470,465,85,103
ABANDONED,,,,4235,561,712,171,240
COMPLETED,0.7199999999999999,62.0,0.99,1408,1326,851,214,21
ABANDONED,,,,1477,4132,80,14,65
COMPLETED,0.7099999999999999,69.0,0.0,3254,2473,833,242,216
ABANDONED,,,,4283,2751,484,118,157
COMPLETED,0.7299999999999999,41.0,0.99,1061,661,733,130,61
COMPLETED,0.7299999999999999,93.0,0.8299999999999998,437,3634,897,171,11
ABANDONED,,,,2628,4480,540,213,230
ABANDONED,,,,2101,1412,294,35,117
ABANDONED,,,,2198,2949,613,69,201
COMPLETED,0.7399999999999999,40.0,1.0,3077,1170,362,187,79
COMPLETED,0.7399999999999999,158.0,1.0,4383,3939,950,50,44
COMPLETED,0.7099999999999999,51.0,0.0,261,1968,204,198,174
COMPLETED,0.7299999999999999,117.0,0.0299999999999999,885,4991,428,224,132
COMPLETED,0.7299999999999999,168.0,1.0,3756,1610,680,32,27
ABANDONED,,,,1574,259,760,106,245
COMPLETED,0.7299999999999999,96.0,0.95,1753,3307,339,209,48
ABANDONED,,,,3531,86,589,47,169
ABANDONED,,,,3934,4807,224,158,205
COMPLETED,0.7399999999999999,73.0,0.97,711,1779,977,90,76
ABANDONED,,,,87,3766,654,115,120
ABANDONED,,,,4561,2145,407,141,227
ABANDONED,,,,2904,3117,784,2,153
COMPLETED,0.7199999999999999,34.0,1.0,2376,987,34,246,6
ABANDONED,,,,1928,4614,869,153,185
COMPLETED,0.7299999999999999,75.0,1.0,2806,1273,122,103,32
COMPLETED,0.7299999999999999,118.0,1.0,4736,3504,695,228,91
ABANDONED,,,,615,596,444,20,189
COMPLETED,0.7299999999999999,58.0,1.0,4110,795,935,195,106
COMPLETED,0.7399999999999999,230.0,0.98,3432,4277,252,73,23
COMPLETED,0.7299999999999999,79.0,0.93,1304,2344,504,175,136
COMPLETED,0.69,70.0,0.05,1346,2722,967,249,113
ABANDONED,,,,4146,4142,595,136,143
COMPLETED,0.7299999999999999,140.0,0.97,1118,2365,349,112,16
ABANDONED,,,,4770,1559,778,162,162
ABANDONED,,,,2695,3702,414,44,213
COMPLETED,0.7399999999999999,31.0,0.99,1972,325,663,204,68
ABANDONED,,,,2500,4027,498,180,250
ABANDONED,,,,2871,1938,750,76,96
COMPLETED,0.7199999999999999,89.0,0.99,4671,2842,67,191,30
ABANDONED,,,,43,1180,814,57,129
ABANDONED,,,,669,3275,558,24,177
COMPLETED,0.7299999999999999,37.0,1.0,4048,210,307,232,41
COMPLETED,0.7399999999999999,137.0,0.96,3494,4863,880,97,84
COMPLETED,0.7399999999999999,593.0,0.93,1696,4719,708,40,4
COMPLETED,0.7099999999999999,47.0,0.0,3668,1807,462,216,155
ABANDONED,,,,3869,3414,854,83,222
COMPLETED,0.6999999999999998,76.0,0.5999999999999999,216,2971,269,132,71
ABANDONED,,,,4493,1037,518,124,209
COMPLETED,0.7099999999999999,92.0,0.0,3044,3893,170,238,166
ABANDONED,,,,2322,2078,922,10,52
ABANDONED,,,,2146,3534,242,109,140
COMPLETED,0.7299999999999999,31.0,0.99,2518,508,990,147,19
ABANDONED,,,,4943,4605,322,27,109
ABANDONED,,,,313,1381,575,221,238
COMPLETED,0.7099999999999999,109.0,0.0,939,4324,798,204,192
COMPLETED,0.7299999999999999,75.0,1.0,3141,2543,640,184,37
ABANDONED,,,,1520,921,389,64,180
ABANDONED,,,,1507,2557,219,204,214
ABANDONED,,,,3127,937,967,44,70
COMPLETED,0.7399999999999999,110.0,0.97,4332,4331,346,161,58
ABANDONED,,,,953,2200,598,95,163
ABANDONED,,,,330,4599,775,112,143
COMPLETED,0.7399999999999999,199.0,1.0,4958,1377,28,136,13
ABANDONED,,,,2501,3521,664,7,110
COMPLETED,0.7099999999999999,16.0,0.0,2131,492,412,249,232
COMPLETED,0.68,97.0,0.95,2306,3899,747,151,85
ABANDONED,,,,3029,2081,501,98,199
COMPLETED,0.7099999999999999,75.0,0.0,4509,2985,815,233,179
ABANDONED,,,,231,1052,65,23,42
COMPLETED,0.7399999999999999,151.0,0.94,855,3400,308,56,30
COMPLETED,0.7299999999999999,36.0,0.99,3883,60,558,192,126
COMPLETED,0.7299999999999999,61.0,0.97,1682,1804,883,180,96
ABANDONED,,,,1860,4847,459,11,167
COMPLETED,0.7199999999999999,67.0,0.99,3482,1665,711,237,55
COMPLETED,0.7399999999999999,118.0,1.0,4062,3271,105,123,74
ABANDONED,,,,682,203,853,133,210
ABANDONED,,,,58,2846,519,166,220
ABANDONED,,,,4688,1187,268,82,122
COMPLETED,0.7399999999999999,124.0,0.97,2855,4043,919,216,1
ABANDONED,,,,2484,1952,172,40,154
COMPLETED,0.7399999999999999,209.0,0.96,1957,3699,991,64,38
ABANDONED,,,,2679,319,241,184,184
ABANDONED,,,,4785,4416,571,53,196
COMPLETED,0.7299999999999999,49.0,0.96,508,1545,325,203,89
ABANDONED,,,,4159,2379,801,27,236
COMPLETED,0.7199999999999999,74.0,0.98,3305,2725,390,147,138
COMPLETED,0.7299999999999999,119.0,1.0,1333,754,639,109,17
ABANDONED,,,,1297,4263,829,35,228
COMPLETED,0.7299999999999999,303.0,1.0,4116,2606,734,86,9
COMPLETED,0.7299999999999999,41.0,0.9,1244,791,483,170,146
COMPLETED,0.7399999999999999,77.0,1.0,4740,599,896,119,61
COMPLETED,0.7299999999999999,121.0,0.95,2803,4627,291,243,65
ABANDONED,,,,1924,1288,543,13,219
COMPLETED,0.6999999999999998,85.0,0.96,2373,3111,363,106,99
ABANDONED,,,,2900,984,612,142,244
ABANDONED,,,,4564,3752,201,32,131
COMPLETED,0.69,61.0,0.2399999999999999,92,2130,953,224,25
COMPLETED,0.7299999999999999,125.0,0.9,718,4821,677,199,47
ABANDONED,,,,3940,1795,430,49,175
ABANDONED,,,,3524,3313,761,187,202
COMPLETED,0.7299999999999999,78.0,0.04,1569,3144,590,246,149
ABANDONED,,,,3697,273,338,2,6
COMPLETED,0.7199999999999999,127.0,0.95,3762,4994,974,141,119
ABANDONED,,,,891,1617,227,115,223
ABANDONED,,,,265,3935,404,89,207
COMPLETED,0.7199999999999999,58.0,0.98,4386,1961,656,159,78
COMPLETED,0.7099999999999999,33.0,0.0,2195,1157,783,209,171
COMPLETED,0.7099999999999999,108.0,0.94,2097,4483,119,175,20
ABANDONED,,,,2624,1418,871,73,135
ABANDONED,,,,4914,3649,445,194,240
ABANDONED,,,,440,465,694,62,102
ABANDONED,,,,1067,2736,936,21,94
ABANDONED,,,,3248,4129,501,102,187
COMPLETED,0.7299999999999999,92.0,0.97,1470,2467,255,154,35
ABANDONED,,,,1422,4651,554,74,116
ABANDONED,,,,3238,1313,304,174,231
ABANDONED,,,,4221,3466,887,62,149
COMPLETED,0.7199999999999999,29.0,0.99,1038,555,134,194,11
COMPLETED,0.7299999999999999,72.0,0.91,412,2650,489,231,60
ABANDONED,,,,4845,835,735,18,157
COMPLETED,0.7099999999999999,60.0,0.99,2048,2303,827,99,64
COMPLETED,0.7099999999999999,8.0,0.04,3103,124,771,243,102
COMPLETED,0.7399999999999999,209.0,0.99,4435,4767,416,117,28
COMPLETED,0.67,48.0,0.27,274,1741,667,139,132
ABANDONED,,,,901,3806,955,160,173
COMPLETED,0.7299999999999999,146.0,1.0,3812,2183,207,88,44
COMPLETED,0.7299999999999999,102.0,0.99,3727,3077,609,210,79
ABANDONED,,,,1636,949,357,46,201
COMPLETED,0.7299999999999999,192.0,0.97,1776,2908,813,144,7
COMPLETED,0.7099999999999999,96.0,0.0,3950,3979,627,227,226
ABANDONED,,,,766,2005,378,29,120
ABANDONED,,,,140,4950,245,51,76
ABANDONED,,,,4574,1572,995,198,204
ABANDONED,,,,2969,3169,321,70,169
COMPLETED,0.7099999999999999,15.0,1.0,2402,297,567,185,49
COMPLETED,0.7099999999999999,97.0,0.0,1914,4094,280,214,136
COMPLETED,0.7299999999999999,151.0,1.0,2753,2433,531,34,23
COMPLETED,0.7399999999999999,96.0,0.99,4710,2789,161,171,105
ABANDONED,,,,551,701,907,85,242
ABANDONED,,,,1177,3596,715,122,190
COMPLETED,0.7299999999999999,48.0,1.0,4086,411,463,126,90
ABANDONED,,,,3378,4518,849,16,32
COMPLETED,0.7299999999999999,97.0,0.94,1401,3575,434,181,67
ABANDONED,,,,3335,546,681,67,213
COMPLETED,0.7299999999999999,58.0,0.99,1141,1343,757,56,55
COMPLETED,0.7399999999999999,191.0,0.91,517,4365,624,27,15
COMPLETED,0.7099999999999999,57.0,0.0,4834,2235,374,221,144
ABANDONED,,,,2709,2503,942,108,234
COMPLETED,0.7099999999999999,25.0,0.99,2025,884,189,148,113
COMPLETED,0.7099999999999999,118.0,0.0,2435,4757,900,236,196
ABANDONED,,,,2845,1848,152,12,84
COMPLETED,0.7399999999999999,173.0,0.99,4619,3376,539,131,41
ABANDONED,,,,30,35,287,124,177
COMPLETED,0.7299999999999999,66.0,0.99,3993,1077,841,168,30
ABANDONED,,,,3471,3855,471,37,97
ABANDONED,,,,1812,2038,722,219,250
COMPLETED,0.7399999999999999,149.0,0.94,1673,3990,175,97,52
ABANDONED,,,,3606,1898,925,152,166
ABANDONED,,,,3853,2880,267,22,209
COMPLETED,0.7299999999999999,47.0,0.96,787,1221,513,234,72
COMPLETED,0.68,86.0,0.44,164,3237,868,189,125
COMPLETED,0.7299999999999999,128.0,0.91,2979,4901,698,177,155
COMPLETED,0.7399999999999999,92.0,1.0,2296,1719,449,79,4
ABANDONED,,,,2159,2682,644,41,181
COMPLETED,0.7199999999999999,27.0,0.99,2570,710,392,208,37
COMPLETED,0.7399999999999999,138.0,1.0,4968,4182,795,92,88
ABANDONED,,,,1002,4391,334,135,238
COMPLETED,0.7399999999999999,72.0,1.0,4342,1521,585,113,108
COMPLETED,0.7299999999999999,131.0,0.98,3196,3743,231,248,19
ABANDONED,,,,1535,363,978,7,141
COMPLETED,0.7299999999999999,116.0,0.94,1551,3773,314,232,12
ABANDONED,,,,3171,2114,567,24,147
ABANDONED,,,,4366,3095,249,149,230
ABANDONED,,,,988,1004,998,99,117
COMPLETED,0.7299999999999999,91.0,0.92,364,3295,632,77,63
ABANDONED,,,,4992,112,382,179,217
ABANDONED,,,,2545,4844,806,57,158
COMPLETED,0.6999999999999998,48.0,1.0,2174,1776,60,191,59
COMPLETED,0.67,66.0,0.52,2271,2585,847,162,132
COMPLETED,0.7399999999999999,92.0,1.0,2995,807,97,94,27
COMPLETED,0.7299999999999999,141.0,1.0,4466,4278,716,205,101
ABANDONED,,,,187,2307,469,43,246
COMPLETED,0.7299999999999999,65.0,1.0,3839,1265,914,250,81
COMPLETED,0.7399999999999999,142.0,1.0,3621,3487,277,111,45
ABANDONED,,,,1648,617,526,137,172
ABANDONED,,,,3447,449,823,202,225
ABANDONED,,,,4018,4467,489,65,151
COMPLETED,0.7299999999999999,50.0,0.97,638,1439,743,183,8
COMPLETED,0.67,101.0,0.04,14,4110,888,146,48
COMPLETED,0.7099999999999999,69.0,0.0,2821,2759,550,220,205
ABANDONED,,,,2449,629,300,28,75
ABANDONED,,,,2001,4973,603,122,243
COMPLETED,0.7099999999999999,51.0,0.99,2723,1632,356,134,104
ABANDONED,,,,4819,3160,960,10,22
COMPLETED,0.68,11.0,0.0299999999999999,542,252,210,238,137
COMPLETED,0.7099999999999999,79.0,0.0,1166,2951,422,217,185
COMPLETED,0.7299999999999999,162.0,1.0,4193,1133,670,39,33
ABANDONED,,,,1377,1979,769,81,189
ABANDONED,,,,1253,3008,702,31,56
COMPLETED,0.7099999999999999,29.0,0.0,3383,1034,452,225,161
ABANDONED,,,,4082,3881,860,105,212
COMPLETED,0.7299999999999999,70.0,0.97,1210,2104,115,143,68
COMPLETED,0.7299999999999999,124.0,0.88,584,4697,259,188,112
ABANDONED,,,,4706,1825,512,68,235
COMPLETED,0.7099999999999999,82.0,0.0,2759,3421,179,200,145
COMPLETED,0.7299999999999999,303.0,1.0,1880,44,928,48,14
ABANDONED,,,,2408,4308,232,87,178
COMPLETED,0.7299999999999999,71.0,1.0,2934,2219,984,169,40
ABANDONED,,,,4608,2575,332,36,83
COMPLETED,0.7099999999999999,27.0,0.0,135,914,580,212,197
ABANDONED,,,,762,3537,792,242,249
COMPLETED,0.7299999999999999,158.0,0.97,3558,4578,646,128,31
ABANDONED,,,,1781,1393,399,120,128
COMPLETED,0.7299999999999999,124.0,0.93,1603,4439,942,195,73
COMPLETED,0.6999999999999998,90.0,0.26,3806,3681,620,176,165
COMPLETED,0.75,63.0,1.0,936,342,370,72,53
COMPLETED,0.7299999999999999,104.0,0.94,309,2709,4,101,3
ABANDONED,,,,4430,775,752,155,156
ABANDONED,,,,3107,4178,435,20,222
COMPLETED,0.7199999999999999,60.0,0.0599999999999999,2229,2363,688,228,124
ABANDONED,,,,2053,3248,476,140,194
COMPLETED,0.7299999999999999,21.0,0.99,2581,222,724,116,87
COMPLETED,0.7199999999999999,126.0,1.0,4880,4865,88,245,36
ABANDONED,,,,406,1641,840,3,182
ABANDONED,,,,1033,4059,533,48,140
COMPLETED,0.7299999999999999,90.0,0.99,4256,1932,285,208,19
ABANDONED,,,,3204,2825,906,90,109
ABANDONED,,,,1456,3397,918,116,164
COMPLETED,0.7299999999999999,26.0,1.0,3272,19,166,139,57
ABANDONED,,,,4265,4741,522,4,69
COMPLETED,0.7099999999999999,50.0,0.0,1082,1868,273,244,215
ABANDONED,,,,4889,2061,859,45,111
COMPLETED,0.7399999999999999,93.0,0.98,2648,3032,457,161,14
ABANDONED,,,,2082,1059,705,87,142
COMPLETED,0.7399999999999999,115.0,0.94,2219,4544,386,63,43
COMPLETED,0.7099999999999999,39.0,0.0,3059,1359,636,192,178
COMPLETED,0.7299999999999999,22.0,0.69,240,525,802,174,86
COMPLETED,0.7099999999999999,69.0,0.6199999999999999,867,2521,579,156,95
ABANDONED,,,,3777,860,326,100,248
COMPLETED,0.7299999999999999,103.0,0.1,3683,4342,986,229,127
ABANDONED,,,,1592,2253,238,19,29
ABANDONED,,,,1732,4202,658,172,211
COMPLETED,0.7299999999999999,86.0,0.99,3549,2387,410,84,73
COMPLETED,0.7199999999999999,88.0,0.99,3916,2666,781,215,54
ABANDONED,,,,106,3724,352,16,153
COMPLETED,0.7299999999999999,57.0,0.99,4540,386,599,240,2
ABANDONED,,,,2925,4414,213,121,123
ABANDONED,,,,2358,1503,964,127,220
COMPLETED,0.7299999999999999,101.0,0.97,1948,2859,130,226,90
ABANDONED,,,,2788,1237,876,30,195
ABANDONED,,,,4754,4006,311,144,183
COMPLETED,0.7299999999999999,78.0,0.97,594,1878,562,105,39
COMPLETED,0.7299999999999999,233.0,0.91,1221,4919,819,71,16
ABANDONED,,,,3412,3214,747,51,237
COMPLETED,0.7299999999999999,24.0,1.0,1323,188,493,197,106
COMPLETED,0.7199999999999999,165.0,1.0,3301,1723,788,125,8
COMPLETED,0.7199999999999999,83.0,0.1,4164,3329,403,235,114
ABANDONED,,,,1097,147,650,13,229
ABANDONED,,,,473,3061,972,38,218
COMPLETED,0.7299999999999999,56.0,0.99,4790,970,221,218,66
COMPLETED,0.7399999999999999,112.0,0.97,2675,3827,592,81,62
COMPLETED,0.7099999999999999,58.0,0.0,1990,2167,344,167,159
COMPLETED,0.7399999999999999,92.0,0.97,2479,3443,508,201,26
ABANDONED,,,,2889,573,255,55,130
ABANDONED,,,,4653,4670,932,182,243
ABANDONED,,,,64,1290,183,66,100
COMPLETED,0.7399999999999999,120.0,0.91,688,4254,440,107,81
ABANDONED,,,,4027,2283,690,149,203
COMPLETED,0.7199999999999999,48.0,1.0,1856,851,872,223,46
ABANDONED,,,,1717,2813,297,93,224
COMPLETED,0.7099999999999999,25.0,0.78,3650,683,545,163,119
COMPLETED,0.7399999999999999,551.0,1.0,3887,4076,143,41,5
COMPLETED,0.7099999999999999,62.0,0.0,822,2456,894,207,150
COMPLETED,0.7099999999999999,115.0,0.0,198,4502,728,247,170
ABANDONED,,,,4514,1473,480,8,51
COMPLETED,0.7199999999999999,100.0,0.98,3023,3617,836,134,79
ABANDONED,,,,2125,3956,764,21,103
ABANDONED,,,,4924,2927,677,95,134
COMPLETED,0.7299999999999999,41.0,0.97,334,1109,423,153,21
COMPLETED,0.7299999999999999,89.0,0.93,958,3185,200,178,34
ABANDONED,,,,4298,276,946,78,188
ABANDONED,,,,3162,4929,366,190,192
ABANDONED,,,,1501,1588,617,58,93
COMPLETED,0.7299999999999999,66.0,0.8299999999999998,3164,2020,807,168,102
COMPLETED,0.7399999999999999,366.0,1.0,4301,2914,381,37,20
COMPLETED,0.7099999999999999,31.0,0.0,960,1098,633,219,135
COMPLETED,0.7099999999999999,78.0,0.0,337,3203,998,237,187
ABANDONED,,,,4927,292,251,11,35
COMPLETED,0.7199999999999999,130.0,0.93,2538,4935,566,131,93
ABANDONED,,,,2127,1597,315,125,191
ABANDONED,,,,2342,2795,525,26,119
ABANDONED,,,,3026,666,278,222,224
ABANDONED,,,,4516,4070,913,108,149
COMPLETED,0.75,75.0,0.8399999999999999,200,2447,163,148,6
COMPLETED,0.7399999999999999,118.0,0.91,824,4503,468,181,50
ABANDONED,,,,3890,1477,717,67,172
ABANDONED,,,,1719,406,848,55,77
COMPLETED,0.7199999999999999,113.0,0.94,1853,3452,299,135,130
COMPLETED,0.7299999999999999,101.0,1.0,3513,579,551,113,25
COMPLETED,0.7399999999999999,127.0,0.1199999999999999,4024,4686,141,248,99
ABANDONED,,,,685,1308,889,8,244
ABANDONED,,,,61,4243,742,41,202
COMPLETED,0.7299999999999999,91.0,1.0,4650,2270,491,207,82
COMPLETED,0.7399999999999999,107.0,1.0,2887,2626,822,91,47
COMPLETED,0.7199999999999999,150.0,0.92,1988,4801,769,188,10
ABANDONED,,,,4788,3333,669,177,228
ABANDONED,,,,471,148,423,79,115
COMPLETED,0.7399999999999999,113.0,0.94,1094,3052,209,96,65
ABANDONED,,,,4161,964,961,152,219
ABANDONED,,,,3299,3810,355,23,160
COMPLETED,0.7399999999999999,82.0,0.97,1365,2149,604,233,62
ABANDONED,,,,1320,2865,927,159,195
ABANDONED,,,,3409,1245,180,89,89
COMPLETED,0.7399999999999999,132.0,0.99,4128,4023,512,210,38
ABANDONED,,,,1219,1894,260,46,184
COMPLETED,0.7299999999999999,89.0,0.99,4752,1684,861,243,17
COMPLETED,0.7399999999999999,96.0,0.98,2785,3213,451,118,107
ABANDONED,,,,1946,184,703,138,236
COMPLETED,0.7299999999999999,112.0,0.95,2355,4216,398,231,75
ABANDONED,,,,2922,2398,647,17,210
COMPLETED,0.7199999999999999,26.0,0.5999999999999999,103,735,794,100,55
COMPLETED,0.7299999999999999,223.0,0.93,730,3719,579,74,1
COMPLETED,0.7299999999999999,43.0,1.0,3914,377,333,174,154
ABANDONED,,,,3546,4396,983,62,220
COMPLETED,0.7399999999999999,70.0,0.99,1729,1487,234,194,123
ABANDONED,,,,1595,4540,687,121,180
COMPLETED,0.7299999999999999,123.0,1.0,3686,1358,436,127,42
ABANDONED,,,,3779,3579,752,17,85
ABANDONED,,,,242,2538,369,214,247
ABANDONED,,,,4403,878,621,34,96
COMPLETED,0.7299999999999999,120.0,0.96,3062,4350,196,172,29
ABANDONED,,,,2221,2259,943,84,126
ABANDONED,,,,2085,3381,154,51,58
COMPLETED,0.69,4.0,0.0,2651,1,907,197,164
ABANDONED,,,,4891,4732,285,70,214
COMPLETED,0.6999999999999998,51.0,0.65,458,1863,534,186,70
COMPLETED,0.7199999999999999,99.0,0.92,1084,3841,839,145,110
COMPLETED,0.7099999999999999,75.0,0.0,3275,3044,724,227,143
COMPLETED,0.7399999999999999,377.0,1.0,1459,1072,477,29,12
COMPLETED,0.7399999999999999,89.0,0.94,1429,3256,706,198,87
ABANDONED,,,,3207,228,457,50,193
COMPLETED,0.7099999999999999,114.0,0.0,4258,4881,860,187,181
COMPLETED,0.7299999999999999,112.0,0.98,1035,1660,107,69,37
COMPLETED,0.7299999999999999,128.0,0.92,408,4048,275,106,18
COMPLETED,0.7199999999999999,56.0,1.0,4882,1918,521,142,141
COMPLETED,0.7299999999999999,34.0,0.04,2055,1201,917,223,108
ABANDONED,,,,2232,4450,239,130,209
COMPLETED,0.7399999999999999,65.0,1.0,3110,1541,986,119,71
COMPLETED,0.7299999999999999,119.0,0.99,4432,3684,327,242,52
ABANDONED,,,,311,343,578,14,166
ABANDONED,,,,938,2701,803,35,155
COMPLETED,0.7399999999999999,55.0,1.0,3808,769,55,213,4
ABANDONED,,,,3734,4162,637,86,125
ABANDONED,,,,1606,2344,385,170,222
ABANDONED,,,,1779,4306,965,20,41
COMPLETED,0.7099999999999999,58.0,0.0,3555,2215,213,228,176
ABANDONED,,,,3982,2562,600,102,196
COMPLETED,0.7099999999999999,30.0,0.76,760,903,351,154,84
ABANDONED,,,,4606,487,780,73,250
COMPLETED,0.7399999999999999,127.0,0.94,2932,4584,411,195,129
COMPLETED,0.7399999999999999,73.0,1.0,2405,1401,657,61,31
ABANDONED,,,,1877,2990,495,90,162
COMPLETED,0.6999999999999998,33.0,0.99,2757,1019,746,159,56
ABANDONED,,,,4704,3875,71,46,67
ABANDONED,,,,582,2096,818,209,213
COMPLETED,0.7099999999999999,108.0,0.0,1208,4698,563,246,234
ABANDONED,,,,4080,1828,311,2,113
COMPLETED,0.7299999999999999,179.0,1.0,3380,3435,877,141,15
ABANDONED,,,,1375,4970,345,57,105
ABANDONED,,,,3347,1631,591,191,241
ABANDONED,,,,4190,3150,222,76,136
COMPLETED,0.6999999999999998,20.0,0.98,1163,238,972,180,23
COMPLETED,0.7299999999999999,97.0,0.94,540,2967,651,151,32
ABANDONED,,,,4816,1152,402,97,186
COMPLETED,0.7099999999999999,91.0,0.0,2721,3920,790,232,190
ABANDONED,,,,2447,3654,873,111,226
COMPLETED,0.7299999999999999,21.0,1.0,2819,430,125,136,120
ABANDONED,,,,4641,4459,692,7,7
COMPLETED,0.7099999999999999,39.0,0.0,11,1433,440,249,152
COMPLETED,0.7099999999999999,99.0,0.0,636,4114,184,204,169
ABANDONED,,,,4015,2492,931,44,49
COMPLETED,0.7099999999999999,71.0,0.98,3445,2770,257,162,77
ABANDONED,,,,1824,642,508,94,204
COMPLETED,0.7299999999999999,92.0,0.98,1650,2592,85,221,27
ABANDONED,,,,3623,816,835,27,132
ABANDONED,,,,3842,4297,481,147,245
COMPLETED,0.7299999999999999,69.0,0.77,814,2323,728,109,102
ABANDONED,,,,190,4632,895,65,79
ABANDONED,,,,2997,3486,546,52,174
COMPLETED,0.6999999999999998,21.0,0.99,2274,614,297,203,44
COMPLETED,0.63,91.0,0.17,2176,3786,617,165,149
COMPLETED,0.7399999999999999,115.0,1.0,2547,2125,365,83,10
COMPLETED,0.7299999999999999,104.0,1.0,4995,3097,947,216,116
ABANDONED,,,,990,3289,424,11,216
COMPLETED,0.7199999999999999,22.0,0.98,4369,104,675,238,64
ABANDONED,,,,1553,1760,763,132,158
COMPLETED,0.7399999999999999,135.0,0.97,1537,2690,412,107,36
ABANDONED,,,,3198,716,665,149,182
COMPLETED,0.7299999999999999,61.0,0.0299999999999999,1004,2422,776,223,87
COMPLETED,0.7399999999999999,127.0,0.89,381,4380,597,202,109
ABANDONED,,,,4971,1508,347,54,238
COMPLETED,0.7299999999999999,99.0,0.94,2572,3739,965,182,140
COMPLETED,0.75,27.0,1.0,2161,361,220,66,19
ABANDONED,,,,2299,4000,882,38,165
COMPLETED,0.7299999999999999,65.0,1.0,2982,1912,132,218,53
COMPLETED,0.7299999999999999,114.0,1.0,4482,2883,556,81,72
ABANDONED,,,,166,1222,309,167,208
COMPLETED,0.7299999999999999,31.0,1.0,3856,163,816,126,124
COMPLETED,0.7399999999999999,160.0,0.97,3608,4885,500,236,3
ABANDONED,,,,1675,1700,748,12,156
COMPLETED,0.7299999999999999,131.0,0.92,1809,4755,172,178,83
ABANDONED,,,,3469,1844,920,78,197
COMPLETED,0.7099999999999999,82.0,0.0,3990,3363,267,189,177
COMPLETED,0.7199999999999999,68.0,1.0,651,24,520,59,40
ABANDONED,,,,27,3028,853,22,32
ABANDONED,,,,2843,3861,710,95,249
COMPLETED,0.7099999999999999,55.0,0.99,2433,2046,460,153,98
COMPLETED,0.7099999999999999,86.0,0.0,2022,3556,639,247,212
ABANDONED,,,,2706,530,391,9,68
COMPLETED,0.7299999999999999,142.0,1.0,4832,4558,800,134,57
ABANDONED,,,,1138,4366,324,92,145
COMPLETED,0.7299999999999999,90.0,1.0,4205,2238,573,164,15
ABANDONED,,,,3333,2517,240,42,112
ABANDONED,,,,1399,894,992,206,235
COMPLETED,0.7399999999999999,141.0,0.93,1285,4091,542,155,22
ABANDONED,,,,3375,2432,292,101,137
ABANDONED,,,,4084,2779,895,230,242
ABANDONED,,,,1175,687,150,18,104
ABANDONED,,,,548,3611,482,63,92
COMPLETED,0.7099999999999999,15.0,0.0,4708,429,735,193,189
COMPLETED,0.7299999999999999,59.0,0.99,1912,1458,831,173,33
COMPLETED,0.7299999999999999,268.0,1.0,2966,1114,762,45,8
COMPLETED,0.7099999999999999,96.0,0.97,4572,3971,430,160,122
ABANDONED,,,,138,1999,678,88,225
ABANDONED,,,,764,4954,952,117,205
COMPLETED,0.7299999999999999,68.0,1.0,3948,1574,202,139,76
ABANDONED,,,,3590,3180,611,4,48
COMPLETED,0.69,13.0,0.01,1773,310,364,244,170
ABANDONED,,,,1639,3354,782,71,101
ABANDONED,,,,3814,4785,656,52,133
COMPLETED,0.7299999999999999,55.0,0.97,903,1756,405,196,26
COMPLETED,0.7299999999999999,97.0,0.68,277,3792,226,226,45
ABANDONED,,,,4437,2173,975,30,173
ABANDONED,,,,3106,3076,338,144,200
COMPLETED,0.7399999999999999,33.0,1.0,2265,946,591,104,80
ABANDONED,,,,2051,4665,254,16,230
COMPLETED,0.7199999999999999,35.0,0.05,2617,1324,502,240,117
COMPLETED,0.7399999999999999,222.0,1.0,4847,3468,186,120,11
ABANDONED,,,,414,559,937,128,148
COMPLETED,0.7299999999999999,79.0,0.89,1040,2644,693,172,159
COMPLETED,0.7399999999999999,94.0,1.0,4223,827,446,83,59
COMPLETED,0.7299999999999999,113.0,0.96,3241,4220,871,215,63
COMPLETED,0.7299999999999999,112.0,0.05,1473,4482,828,241,134
ABANDONED,,,,3251,1414,77,15,21
COMPLETED,0.7399999999999999,110.0,1.0,4292,3636,736,128,103
ABANDONED,,,,1069,453,488,119,240
COMPLETED,0.7299999999999999,41.0,0.99,4916,663,886,169,92
COMPLETED,0.7399999999999999,117.0,0.96,2627,4135,305,37,34
COMPLETED,0.7099999999999999,66.0,0.0,2099,2476,552,212,188
COMPLETED,0.7099999999999999,79.0,0.97,2198,3127,358,188,5
ABANDONED,,,,3076,256,609,68,150
ABANDONED,,,,268,1608,954,49,118
ABANDONED,,,,893,3936,669,31,78
COMPLETED,0.7099999999999999,52.0,0.0,3764,1965,415,224,206
ABANDONED,,,,3700,2946,772,105,171
ABANDONED,,,,1744,3120,569,47,243
COMPLETED,0.7199999999999999,51.0,0.99,3521,989,320,209,100
COMPLETED,0.7399999999999999,220.0,1.0,3938,3768,996,91,26
COMPLETED,0.7099999999999999,56.0,0.33,716,2148,244,157,129
ABANDONED,,,,90,4810,379,140,176
COMPLETED,0.7399999999999999,122.0,1.0,4561,1781,627,116,46
ABANDONED,,,,2371,88,812,3,203
ABANDONED,,,,2800,2341,849,155,229
ABANDONED,,,,4738,2610,464,19,147
COMPLETED,0.7399999999999999,35.0,0.95,616,792,714,229,9
COMPLETED,0.7299999999999999,98.0,0.94,1242,3502,909,196,62
ABANDONED,,,,4114,593,160,60,159
ABANDONED,,,,3424,4611,532,176,218
COMPLETED,0.7399999999999999,66.0,0.99,1294,1271,279,72,66
ABANDONED,,,,1331,3705,190,6,183
COMPLETED,0.7199999999999999,25.0,0.99,3303,328,941,250,39
COMPLETED,0.7399999999999999,106.0,0.13,4156,4434,375,111,90
ABANDONED,,,,1129,1562,623,138,194
ABANDONED,,,,506,4144,758,163,237
COMPLETED,0.7299999999999999,83.0,0.99,2677,2724,682,205,16
ABANDONED,,,,1955,750,433,43,139
COMPLETED,0.7399999999999999,127.0,0.94,2482,4860,723,76,54
COMPLETED,0.7099999999999999,44.0,0.0,2853,1676,470,179,168
ABANDONED,,,,4685,3272,842,58,211
COMPLETED,0.68,10.0,0.11,56,207,94,191,74
COMPLETED,0.66,72.0,0.0299999999999999,679,2840,288,231,124
ABANDONED,,,,4059,1178,538,25,219
ABANDONED,,,,3479,4025,154,150,153
COMPLETED,0.7299999999999999,322.0,1.0,1858,1936,899,98,2
COMPLETED,0.7099999999999999,93.0,0.0,1684,3895,449,217,198
ABANDONED,,,,3657,2081,697,39,86
COMPLETED,0.68,79.0,0.75,3886,2974,116,166,43
ABANDONED,,,,858,1039,867,82,179
ABANDONED,,,,234,3417,514,123,127
COMPLETED,0.7299999999999999,149.0,1.0,4512,78,265,133,28
ABANDONED,,,,3031,4722,926,10,95
COMPLETED,0.67,67.0,0.98,2133,2541,979,146,69
ABANDONED,,,,2503,919,230,110,215
COMPLETED,0.7099999999999999,103.0,0.0,4961,4322,587,220,164
ABANDONED,,,,332,2194,333,28,57
COMPLETED,0.7399999999999999,240.0,0.92,956,4602,48,53,13
COMPLETED,0.7099999999999999,38.0,0.0,4335,1378,794,203,142
ABANDONED,,,,3129,3532,394,66,232
COMPLETED,0.7299999999999999,42.0,1.0,1509,505,644,182,111
COMPLETED,0.7399999999999999,279.0,0.95,1522,3518,940,43,20
COMPLETED,0.7099999999999999,16.0,0.0,3143,490,191,206,139
ABANDONED,,,,4322,4596,625,93,237
COMPLETED,0.6999999999999998,39.0,0.26,942,1375,372,162,110
ABANDONED,,,,4945,2198,755,111,193
COMPLETED,0.7099999999999999,62.0,0.0,2520,2555,432,250,182
ABANDONED,,,,2148,935,683,6,36
ABANDONED,,,,2324,4715,473,98,157
COMPLETED,0.7299999999999999,108.0,1.0,3046,1806,720,150,3
COMPLETED,0.7099999999999999,6.0,0.0,219,62,843,232,223
ABANDONED,,,,845,2987,537,191,208
ABANDONED,,,,3872,1055,289,57,72
COMPLETED,0.7399999999999999,117.0,0.98,3670,3902,902,179,52
COMPLETED,0.7399999999999999,125.0,0.94,1872,4041,700,238,98
ABANDONED,,,,3492,1950,447,10,249
COMPLETED,0.6999999999999998,79.0,0.93,4045,2843,866,133,128
COMPLETED,0.7299999999999999,57.0,0.98,667,1184,117,122,31
COMPLETED,0.7199999999999999,81.0,0.3099999999999999,40,3269,265,82,40
ABANDONED,,,,4669,201,515,166,178
COMPLETED,0.7299999999999999,54.0,0.99,2498,1662,923,217,83
ABANDONED,,,,2693,756,980,65,113
COMPLETED,0.7299999999999999,132.0,0.99,4767,4159,336,202,15
ABANDONED,,,,489,2381,584,54,144
ABANDONED,,,,1115,4418,797,29,161
COMPLETED,0.7399999999999999,123.0,0.98,3317,3701,642,110,69
ABANDONED,,,,1344,321,394,146,211
COMPLETED,0.7299999999999999,117.0,0.91,1301,4625,79,212,34
ABANDONED,,,,3430,1286,825,36,184
ABANDONED,,,,4107,3508,487,169,188
ABANDONED,,,,1237,596,737,87,92
COMPLETED,0.7299999999999999,81.0,0.94,613,2604,885,120,105
ABANDONED,,,,2803,4260,555,14,136
COMPLETED,0.7099999999999999,77.0,0.97,1925,2326,302,241,23
ABANDONED,,,,2374,3316,607,143,170
COMPLETED,0.7399999999999999,40.0,1.0,2902,92,359,105,48
COMPLETED,0.7399999999999999,158.0,0.99,4559,4823,957,225,75
ABANDONED,,,,85,1797,205,31,205
ABANDONED,,,,709,3754,418,49,226
COMPLETED,0.7399999999999999,86.0,1.0,3932,2132,665,200,121
COMPLETED,0.7399999999999999,303.0,1.0,3528,3114,22,68,8
COMPLETED,0.7399999999999999,53.0,0.92,1750,986,773,187,151
ABANDONED,,,,1577,2931,319,3,80
COMPLETED,0.7099999999999999,34.0,0.0,3706,1154,569,245,201
ABANDONED,,,,3759,3933,247,116,173
COMPLETED,0.7299999999999999,70.0,0.97,887,1959,993,141,45
COMPLETED,0.6999999999999998,119.0,0.7199999999999999,263,4991,629,158,26
ABANDONED,,,,4385,1614,376,90,133
ABANDONED,,,,3080,3142,811,208,246
ABANDONED,,,,2104,4131,851,72,217
COMPLETED,0.7299999999999999,67.0,0.99,2630,2470,100,176,64
ABANDONED,,,,4912,2738,713,60,60
COMPLETED,0.7099999999999999,20.0,0.0,439,650,465,195,158
COMPLETED,0.7099999999999999,90.0,0.0,1063,3652,159,229,147
COMPLETED,0.7299999999999999,493.0,1.0,4285,467,909,20,12
COMPLETED,0.68,108.0,0.94,3257,4486,282,155,117
ABANDONED,,,,1480,1421,529,101,229
ABANDONED,,,,1411,4236,293,173,187
COMPLETED,0.7399999999999999,143.0,1.0,3228,2301,541,75,34
COMPLETED,0.7299999999999999,98.0,0.99,4237,2648,146,192,93
ABANDONED,,,,1053,833,898,64,191
ABANDONED,,,,429,3464,732,19,239
COMPLETED,0.7399999999999999,53.0,1.0,4863,553,485,229,104
COMPLETED,0.7399999999999999,146.0,0.95,2602,4649,831,100,22
COMPLETED,0.7199999999999999,80.0,0.97,2250,3080,759,244,50
ABANDONED,,,,4453,3808,679,139,206
COMPLETED,0.7299999999999999,62.0,0.89,293,2186,429,117,78
ABANDONED,,,,917,4769,203,88,118
ABANDONED,,,,3826,1744,952,161,225
ABANDONED,,,,3715,3350,361,45,151
COMPLETED,0.7299999999999999,59.0,1.0,1626,126,614,211,4
COMPLETED,0.7199999999999999,28.0,1.0,3576,294,785,144,81
ABANDONED,,,,3961,4948,406,30,46
COMPLETED,0.7099999999999999,43.0,0.0,778,1570,654,226,176
COMPLETED,0.69,98.0,0.4099999999999999,154,3976,976,197,130
COMPLETED,0.7299999999999999,251.0,1.0,4587,2003,225,51,25
COMPLETED,0.7199999999999999,82.0,0.97,2950,2906,587,185,100
ABANDONED,,,,2384,1130,340,71,243
ABANDONED,,,,1895,4520,503,33,67
ABANDONED,,,,2736,1455,253,215,217
ABANDONED,,,,4725,3599,934,84,159
COMPLETED,0.7299999999999999,21.0,0.94,564,413,188,172,63
COMPLETED,0.7199999999999999,176.0,0.96,1188,2792,443,127,9
ABANDONED,,,,4098,704,696,121,146
ABANDONED,,,,1271,2436,869,15,115
ABANDONED,,,,1393,2501,662,66,138
COMPLETED,0.7399999999999999,44.0,1.0,3326,881,414,182,17
ABANDONED,,,,4211,4362,777,55,107
COMPLETED,0.7099999999999999,108.0,0.0,519,4562,348,223,194
ABANDONED,,,,4835,1340,596,25,90
COMPLETED,0.7399999999999999,98.0,0.98,2703,3572,217,149,40
ABANDONED,,,,2019,543,969,107,182
COMPLETED,0.7399999999999999,424.0,0.97,2429,3857,132,13,2
COMPLETED,0.7099999999999999,53.0,0.0,2840,2040,881,235,153
ABANDONED,,,,4620,3011,306,125,220
COMPLETED,0.69,31.0,0.04,30,1079,560,131,123
COMPLETED,0.7299999999999999,89.0,0.75,656,3379,813,168,73
COMPLETED,0.7099999999999999,113.0,0.0,3463,4759,749,218,168
ABANDONED,,,,1803,1850,499,38,54
ABANDONED,,,,1668,4898,921,152,248
COMPLETED,0.7299999999999999,67.0,0.99,3602,1716,170,96,94
COMPLETED,0.7299999999999999,94.0,0.98,3863,3234,517,235,28
ABANDONED,,,,796,167,270,21,127
COMPLETED,0.7299999999999999,53.0,0.99,4487,1218,855,190,43
ABANDONED,,,,2979,3987,461,78,86
ABANDONED,,,,2294,1896,709,178,199
COMPLETED,0.7099999999999999,92.0,0.95,2158,3745,388,206,112
ABANDONED,,,,2568,365,641,42,231
COMPLETED,0.7299999999999999,69.0,0.97,385,1524,799,93,14
COMPLETED,0.7399999999999999,123.0,0.91,1011,4184,573,114,58
ABANDONED,,,,4350,2405,323,134,164
ABANDONED,,,,3191,2684,989,9,215
COMPLETED,0.7399999999999999,50.0,0.99,1532,712,243,247,69
ABANDONED,,,,1556,4842,594,23,190
COMPLETED,0.7399999999999999,69.0,1.0,3178,1774,342,233,94
COMPLETED,0.7299999999999999,183.0,1.0,4366,3293,970,97,35
ABANDONED,,,,986,110,223,151,186
COMPLETED,0.75,83.0,0.9,360,3093,401,180,135
COMPLETED,0.7299999999999999,213.0,1.0,4989,1002,652,76,21
ABANDONED,,,,2182,2112,786,56,240
COMPLETED,0.7399999999999999,92.0,0.96,2280,3490,124,95,77
ABANDONED,,,,3002,619,874,161,207
ABANDONED,,,,4461,4648,442,43,172
COMPLETED,0.69,36.0,0.2999999999999999,185,1268,688,205,50
COMPLETED,0.7299999999999999,121.0,0.92,811,4281,934,249,5
ABANDONED,,,,3838,2310,181,6,150
ABANDONED,,,,3626,2588,507,136,224
ABANDONED,,,,1654,810,257,112,119
COMPLETED,0.7099999999999999,71.0,0.0,1828,2757,834,203,175
COMPLETED,0.7399999999999999,76.0,1.0,3448,626,86,53,47
COMPLETED,0.7199999999999999,117.0,0.98,4011,4108,730,184,82
ABANDONED,,,,632,2488,478,64,202
COMPLETED,0.7199999999999999,53.0,0.99,4634,1437,892,147,99
COMPLETED,0.7399999999999999,156.0,0.98,2824,3668,295,28,24
COMPLETED,0.7099999999999999,15.0,0.0,2454,447,547,220,131
COMPLETED,0.69,92.0,0.95,2004,3914,368,133,62
ABANDONED,,,,2727,1982,615,124,160
ABANDONED,,,,533,1136,948,11,66
ABANDONED,,,,1159,3163,675,40,116
ABANDONED,,,,4187,254,425,216,227
ABANDONED,,,,3351,4976,766,83,145
COMPLETED,0.7199999999999999,67.0,0.99,1378,1635,13,166,10
ABANDONED,,,,1267,3419,455,224,235
ABANDONED,,,,3396,41,706,32,108
COMPLETED,0.7299999999999999,212.0,0.98,4064,4694,110,142,18
ABANDONED,,,,1193,1822,857,106,137
ABANDONED,,,,569,3878,524,69,183
COMPLETED,0.7199999999999999,75.0,0.99,4690,2102,271,186,39
ABANDONED,,,,2769,3006,916,50,89
COMPLETED,0.7299999999999999,114.0,0.8699999999999999,2418,4580,988,170,122
ABANDONED,,,,2946,1396,236,86,221
COMPLETED,0.7099999999999999,92.0,0.0,4593,3539,577,213,154
COMPLETED,0.7399999999999999,64.0,0.99,119,474,328,35,1
COMPLETED,0.7099999999999999,27.0,0.0,3967,916,803,242,167
ABANDONED,,,,3572,4310,388,119,210
COMPLETED,0.7399999999999999,84.0,0.98,1794,2221,634,129,74
ABANDONED,,,,1621,4175,215,61,126
COMPLETED,0.7199999999999999,78.0,0.98,3750,2361,962,194,29
ABANDONED,,,,3793,2707,350,73,95
ABANDONED,,,,921,772,601,176,248
ABANDONED,,,,297,3678,779,154,199
COMPLETED,0.7299999999999999,123.0,0.96,3124,4436,660,227,42
ABANDONED,,,,2245,1525,408,21,180
COMPLETED,0.7399999999999999,76.0,0.98,2069,2827,745,114,13
ABANDONED,,,,2596,1205,495,141,142
ABANDONED,,,,4868,4061,821,2,232
COMPLETED,0.7399999999999999,126.0,0.91,1019,4868,313,209,70
ABANDONED,,,,4241,1644,560,47,214
COMPLETED,0.7299999999999999,75.0,1.0,1446,224,878,89,59
COMPLETED,0.7299999999999999,87.0,0.95,1455,3030,178,138,109
ABANDONED,,,,3272,1056,930,118,238
COMPLETED,0.7299999999999999,93.0,0.1,4271,3834,261,243,140
ABANDONED,,,,1087,2058,510,5,19
COMPLETED,0.75,138.0,0.9,463,4738,862,46,37
ABANDONED,,,,2645,3394,700,88,192
COMPLETED,0.67,5.0,0.99,2079,16,454,160,88
ABANDONED,,,,2216,4344,648,193,222
ABANDONED,,,,3055,2256,397,63,125
COMPLETED,0.7399999999999999,106.0,1.0,4409,2524,790,174,3
ABANDONED,,,,873,3593,330,99,166
COMPLETED,0.7399999999999999,32.0,0.99,3782,527,582,157,51
ABANDONED,,,,3681,4546,234,18,71
COMPLETED,0.7099999999999999,40.0,0.0,1592,1361,982,230,209
COMPLETED,0.7399999999999999,229.0,0.94,1726,4412,437,85,30
COMPLETED,0.7399999999999999,63.0,0.97,3542,1500,686,171,129
COMPLETED,0.7299999999999999,25.0,0.96,734,384,754,214,97
COMPLETED,0.6999999999999998,68.0,0.2999999999999999,110,2663,618,240,84
ABANDONED,,,,4543,728,372,16,197
ABANDONED,,,,2916,4200,944,126,177
COMPLETED,0.7199999999999999,71.0,1.0,2350,2385,194,122,41
ABANDONED,,,,1939,3216,904,29,143
COMPLETED,0.7199999999999999,22.0,0.99,2780,190,157,227,16
ABANDONED,,,,4759,4921,535,103,114
ABANDONED,,,,598,1698,283,145,233
COMPLETED,0.7399999999999999,92.0,1.0,4132,1880,838,70,68
COMPLETED,0.7299999999999999,85.0,0.99,3406,2862,474,198,56
ABANDONED,,,,1315,1239,726,50,162
COMPLETED,0.7299999999999999,113.0,0.93,1349,3824,808,124,91
ABANDONED,,,,4177,3059,630,12,185
COMPLETED,0.7199999999999999,36.0,0.99,1111,967,384,236,33
COMPLETED,0.7199999999999999,89.0,0.82,485,3326,248,219,24
ABANDONED,,,,4800,144,1000,37,135
ABANDONED,,,,2658,4788,316,169,241
ABANDONED,,,,1976,1720,565,80,106
ABANDONED,,,,2463,2632,275,56,204
COMPLETED,0.7199999999999999,33.0,1.0,2874,853,527,200,76
COMPLETED,0.7399999999999999,191.0,1.0,4664,4257,164,67,49
COMPLETED,0.7099999999999999,58.0,0.0,74,2285,912,181,169
ABANDONED,,,,700,4672,718,148,152
COMPLETED,0.7399999999999999,262.0,1.0,4041,1292,467,108,7
COMPLETED,0.7399999999999999,103.0,0.8299999999999998,3498,3445,845,222,120
COMPLETED,0.6999999999999998,99.0,0.79,1702,3614,548,164,44
ABANDONED,,,,3637,393,302,92,174
COMPLETED,0.7099999999999999,108.0,0.0,3907,4499,890,207,201
ABANDONED,,,,839,1470,140,41,79
ABANDONED,,,,213,4074,491,8,101
COMPLETED,0.7099999999999999,63.0,0.0,4530,2454,741,248,246
COMPLETED,0.7299999999999999,31.0,1.0,2329,680,825,135,27
ABANDONED,,,,2524,1591,767,22,61
COMPLETED,0.7299999999999999,97.0,1.0,4940,3188,420,151,65
ABANDONED,,,,351,278,672,97,216
ABANDONED,,,,977,2929,958,79,230
COMPLETED,0.7299999999999999,69.0,1.0,4316,1112,211,177,116
COMPLETED,0.7399999999999999,245.0,0.98,3148,3958,605,59,11
COMPLETED,0.7299999999999999,72.0,0.93,1488,2026,354,189,148
COMPLETED,0.7099999999999999,72.0,0.0,1493,2919,512,229,168
ABANDONED,,,,3153,1104,260,19,54
COMPLETED,0.7199999999999999,103.0,0.98,4311,3950,928,156,73
ABANDONED,,,,345,4940,451,75,220
COMPLETED,0.7199999999999999,75.0,0.99,4935,1601,703,174,123
COMPLETED,0.7399999999999999,187.0,0.98,2529,3198,114,63,2
COMPLETED,0.7099999999999999,11.0,0.0,2119,286,861,193,153
COMPLETED,0.7099999999999999,98.0,0.95,2334,4065,42,161,39
ABANDONED,,,,3018,2442,792,87,183
COMPLETED,0.7099999999999999,67.0,0.0,4525,2799,399,211,195
ABANDONED,,,,208,671,646,45,89
ABANDONED,,,,835,3626,984,4,106
ABANDONED,,,,3642,4508,581,116,139
COMPLETED,0.7399999999999999,121.0,1.0,1708,1482,332,140,16
ABANDONED,,,,1842,4682,752,52,215
COMPLETED,0.7399999999999999,153.0,1.0,4036,3457,688,71,58
COMPLETED,0.7099999999999999,19.0,0.0,696,585,436,184,164
COMPLETED,0.68,66.0,0.0599999999999999,69,2620,196,144,142
COMPLETED,0.7299999999999999,229.0,1.0,4660,844,943,104,13
COMPLETED,0.7199999999999999,116.0,0.96,2879,4247,370,226,111
ABANDONED,,,,2468,2274,621,30,232
COMPLETED,0.7399999999999999,113.0,0.96,1980,3337,286,121,86
ABANDONED,,,,2663,152,532,127,198
COMPLETED,0.7199999999999999,52.0,0.96,480,1730,905,240,43
COMPLETED,0.7299999999999999,105.0,0.93,1106,3816,725,215,29
ABANDONED,,,,4172,2155,476,33,127
ABANDONED,,,,3287,3048,840,172,248
ABANDONED,,,,1311,4018,381,26,150
COMPLETED,0.7299999999999999,84.0,1.0,3401,1888,633,222,5
ABANDONED,,,,1226,1250,806,149,224
ABANDONED,,,,602,3208,567,182,206
ABANDONED,,,,4763,180,315,66,78
COMPLETED,0.7099999999999999,134.0,0.95,2775,4911,998,201,51
ABANDONED,,,,1934,1690,250,55,171
COMPLETED,0.7399999999999999,94.0,0.99,2345,2672,914,81,21
COMPLETED,0.7099999999999999,22.0,0.0,2911,740,162,167,134
ABANDONED,,,,4548,4211,526,38,239
COMPLETED,0.7099999999999999,61.0,0.3099999999999999,115,2394,277,218,103
COMPLETED,0.7299999999999999,114.0,0.89,739,4400,97,235,93
ABANDONED,,,,3921,1491,847,13,191
ABANDONED,,,,3537,3713,469,130,188
COMPLETED,0.7399999999999999,78.0,0.99,1722,372,716,125,34
ABANDONED,,,,3676,516,888,58,114
COMPLETED,0.7399999999999999,134.0,0.98,3787,4534,299,178,9
ABANDONED,,,,878,1352,551,78,147
ABANDONED,,,,254,4356,822,96,160
COMPLETED,0.7299999999999999,73.0,1.0,4414,2265,75,153,62
ABANDONED,,,,3050,2533,742,21,66
COMPLETED,0.7099999999999999,25.0,0.0,2211,874,490,235,218
COMPLETED,0.66,106.0,0.92,2073,4728,671,134,100
ABANDONED,,,,2641,1858,421,114,243
COMPLETED,0.7299999999999999,81.0,0.1,4903,3386,770,248,130
ABANDONED,,,,1092,3038,357,42,46
COMPLETED,0.7099999999999999,30.0,0.0,4276,1066,603,207,176
ABANDONED,,,,3267,3845,210,92,203
COMPLETED,0.69,56.0,0.4699999999999999,1450,2066,960,163,81
COMPLETED,0.7299999999999999,239.0,0.92,1441,4877,220,111,8
ABANDONED,,,,3217,1656,973,137,151
ABANDONED,,,,4247,3262,343,6,226
COMPLETED,0.6999999999999998,11.0,0.0299999999999999,1025,234,593,250,121
COMPLETED,0.7399999999999999,77.0,0.92,401,2816,788,205,75
ABANDONED,,,,2591,4053,650,162,170
COMPLETED,0.7099999999999999,51.0,1.0,2064,1922,403,94,48
ABANDONED,,,,2239,3688,691,57,137
COMPLETED,0.7299999999999999,24.0,0.99,3119,348,440,191,22
ABANDONED,,,,4424,4444,873,77,104
ABANDONED,,,,926,4168,256,150,189
COMPLETED,0.7399999999999999,95.0,1.0,3798,2350,508,99,91
COMPLETED,0.7299999999999999,80.0,0.99,3745,2697,184,232,33
ABANDONED,,,,1616,764,932,24,185
COMPLETED,0.7099999999999999,65.0,0.0,1789,2567,480,167,117
ABANDONED,,,,3567,909,729,81,230
COMPLETED,0.7299999999999999,194.0,0.97,748,2211,837,39,12
ABANDONED,,,,124,4588,544,10,60
COMPLETED,0.7099999999999999,39.0,0.0,4597,1406,298,238,158
ABANDONED,,,,2941,3550,894,122,217
COMPLETED,0.7399999999999999,22.0,1.0,2413,482,144,134,63
ABANDONED,,,,1886,3869,946,220,246
ABANDONED,,,,2765,2091,200,28,101
COMPLETED,0.7399999999999999,137.0,1.0,4694,2994,617,146,27
ABANDONED,,,,574,1023,366,110,132
COMPLETED,0.7399999999999999,44.0,0.99,4068,50,764,183,45
ABANDONED,,,,3391,4704,424,54,80
COMPLETED,0.7099999999999999,49.0,0.0,1263,1833,676,202,200
COMPLETED,0.7299999999999999,110.0,0.95,1383,3154,858,128,53
COMPLETED,0.7099999999999999,116.0,0.0,4182,4964,704,242,208
ABANDONED,,,,1155,1625,458,14,73
ABANDONED,,,,528,3926,166,36,124
ABANDONED,,,,4806,1991,918,212,222
ABANDONED,,,,2732,2963,273,87,156
COMPLETED,0.67,32.0,1.0,2009,1148,522,169,3
COMPLETED,0.7099999999999999,105.0,0.0,2458,4455,326,200,182
COMPLETED,0.7399999999999999,95.0,1.0,2829,1428,578,48,36
COMPLETED,0.7199999999999999,104.0,0.98,4630,3660,238,188,87
ABANDONED,,,,1,436,986,68,193
ABANDONED,,,,628,2764,636,105,238
COMPLETED,0.7399999999999999,35.0,1.0,4006,637,385,143,109
COMPLETED,0.7399999999999999,324.0,0.98,3453,4118,802,31,19
COMPLETED,0.7399999999999999,153.0,0.93,1659,4292,599,90,68
ABANDONED,,,,3631,2317,353,158,212
ABANDONED,,,,3832,2596,964,48,162
COMPLETED,0.7299999999999999,37.0,0.99,806,820,214,208,56
COMPLETED,0.7199999999999999,85.0,0.55,179,3481,410,245,14
ABANDONED,,,,4456,609,659,3,145
COMPLETED,0.6999999999999998,39.0,1.0,2285,1260,782,116,112
COMPLETED,0.7299999999999999,38.0,0.99,2559,1013,819,228,83
COMPLETED,0.7399999999999999,179.0,1.0,4984,3782,494,101,40
ABANDONED,,,,355,2120,746,155,178
COMPLETED,0.7399999999999999,127.0,0.88,981,4830,877,176,128
COMPLETED,0.7299999999999999,191.0,1.0,4360,1765,130,72,31
COMPLETED,0.7299999999999999,103.0,0.99,3183,3283,562,195,98
ABANDONED,,,,1561,99,311,61,249
COMPLETED,0.7299999999999999,125.0,0.88,1527,4193,897,210,120
COMPLETED,0.7099999999999999,71.0,0.97,4355,2695,544,160,152
COMPLETED,0.7299999999999999,160.0,1.0,1016,722,291,88,7
COMPLETED,0.7399999999999999,102.0,0.92,390,3734,83,117,49
ABANDONED,,,,4979,356,829,138,169
ABANDONED,,,,2563,4384,483,5,204
COMPLETED,0.6999999999999998,43.0,1.0,2154,1512,733,243,76
ABANDONED,,,,2290,2888,430,157,242
ABANDONED,,,,2974,1227,677,99,105
ABANDONED,,,,174,1907,761,18,136
ABANDONED,,,,800,4891,611,62,186
COMPLETED,0.7199999999999999,65.0,0.99,3867,1705,363,193,32
ABANDONED,,,,3598,3224,953,74,90
ABANDONED,,,,1663,159,201,175,190
COMPLETED,0.75,640.0,0.96,1797,3368,657,17,11
COMPLETED,0.7099999999999999,5.0,0.01,3458,30,403,240,149
ABANDONED,,,,4002,4751,784,122,231
COMPLETED,0.7199999999999999,93.0,0.0899999999999999,35,3866,339,171,64
ABANDONED,,,,4626,2050,589,85,216
COMPLETED,0.7099999999999999,74.0,0.0,2834,3022,228,214,157
ABANDONED,,,,2424,1087,974,34,60
ABANDONED,,,,2014,4553,186,70,131
COMPLETED,0.7299999999999999,46.0,0.99,2697,1329,937,185,28
ABANDONED,,,,4840,3560,254,50,102
ABANDONED,,,,524,534,502,198,245
COMPLETED,0.7099999999999999,64.0,0.0,1150,2513,871,227,201
ABANDONED,,,,4216,890,119,29,79
COMPLETED,0.7299999999999999,132.0,0.97,3321,4372,694,145,44
ABANDONED,,,,1388,2244,445,104,174
COMPLETED,0.7099999999999999,22.0,0.0,3367,692,775,218,209
ABANDONED,,,,4093,4086,413,80,166
COMPLETED,0.7299999999999999,81.0,0.94,1182,2426,663,169,52
COMPLETED,0.7299999999999999,152.0,0.9,559,4531,967,132,4
ABANDONED,,,,4719,1464,218,124,155
COMPLETED,0.7099999999999999,88.0,0.0,2741,3607,598,236,221
ABANDONED,,,,1900,425,345,12,125
ABANDONED,,,,2389,3966,557,108,192
COMPLETED,0.7299999999999999,58.0,0.99,2955,1995,309,148,88
ABANDONED,,,,4582,2898,883,27,37
COMPLETED,0.7299999999999999,87.0,0.8599999999999999,773,3174,500,200,141
COMPLETED,0.7399999999999999,245.0,1.0,3956,305,748,56,18
ABANDONED,,,,1765,1578,816,67,238
COMPLETED,0.7299999999999999,135.0,0.91,1631,4780,269,248,55
ABANDONED,,,,3720,1751,519,7,163
COMPLETED,0.7299999999999999,30.0,1.0,912,136,919,113,67
ABANDONED,,,,289,3071,712,92,113
ABANDONED,,,,4448,942,458,164,234
ABANDONED,,,,3094,3798,854,40,144
COMPLETED,0.7199999999999999,59.0,1.0,2255,2178,105,207,15
ABANDONED,,,,2039,3473,801,177,177
COMPLETED,0.7399999999999999,51.0,1.0,2606,564,49,79,41
COMPLETED,0.7399999999999999,135.0,0.98,4859,4661,639,189,84
ABANDONED,,,,425,1320,390,59,196
COMPLETED,0.7299999999999999,95.0,0.99,4233,2292,992,234,97
COMPLETED,0.7299999999999999,129.0,1.0,3232,2639,325,96,30
COMPLETED,0.7199999999999999,31.0,0.99,1415,821,572,152,129
ABANDONED,,,,1484,3642,375,76,210
COMPLETED,0.7299999999999999,28.0,1.0,3261,459,623,180,74
COMPLETED,0.7299999999999999,148.0,0.99,4281,4478,190,56,55
COMPLETED,0.7099999999999999,39.0,0.0,1059,1410,941,192,167
COMPLETED,0.7099999999999999,97.0,0.0,435,4139,681,233,154
COMPLETED,0.7399999999999999,1417.0,1.0,4907,2480,434,23,1
COMPLETED,0.7099999999999999,71.0,0.96,2635,2749,757,150,122
ABANDONED,,,,2205,4983,841,7,89
ABANDONED,,,,4380,3131,722,112,184
COMPLETED,0.7299999999999999,18.0,0.98,259,261,472,136,38
COMPLETED,0.7399999999999999,88.0,0.95,882,2942,152,161,17
ABANDONED,,,,3754,1164,901,95,138
ABANDONED,,,,3711,3942,287,204,236
ABANDONED,,,,1581,1971,540,44,107
COMPLETED,0.7299999999999999,105.0,1.0,3533,2144,867,109,59
COMPLETED,0.7299999999999999,104.0,1.0,3927,3125,449,221,70
ABANDONED,,,,704,995,697,27,214
ABANDONED,,,,80,3304,925,53,233
COMPLETED,0.7399999999999999,38.0,0.99,4553,83,174,203,110
COMPLETED,0.7399999999999999,205.0,0.95,2907,4814,514,64,13
COMPLETED,0.7399999999999999,51.0,0.99,2379,1786,266,184,143
COMPLETED,0.7299999999999999,97.0,0.98,1930,2614,585,216,42
ABANDONED,,,,2809,796,335,40,179
ABANDONED,,,,4728,4269,977,166,199
ABANDONED,,,,608,2336,232,82,85
COMPLETED,0.7299999999999999,126.0,0.91,1232,4617,392,123,96
ABANDONED,,,,4102,1276,645,133,247
COMPLETED,0.7199999999999999,30.0,0.99,1306,589,795,237,30
ABANDONED,,,,1338,4428,736,187,223
ABANDONED,,,,3312,1556,489,69,120
COMPLETED,0.7399999999999999,141.0,0.99,4148,3709,827,199,6
ABANDONED,,,,494,2720,305,32,172
COMPLETED,0.7299999999999999,56.0,1.0,4772,746,553,224,50
COMPLETED,0.7299999999999999,115.0,0.95,2688,4149,135,106,77
ABANDONED,,,,1965,2373,886,142,207
COMPLETED,0.7199999999999999,77.0,0.0899999999999999,2493,3278,207,243,102
ABANDONED,,,,2863,213,955,13,240
ABANDONED,,,,4674,4856,357,129,135
COMPLETED,0.7099999999999999,50.0,0.4,46,1672,610,119,20
COMPLETED,0.7299999999999999,143.0,0.92,672,4029,771,86,35
ABANDONED,,,,3487,2834,667,35,191
COMPLETED,0.7299999999999999,62.0,1.0,1866,1173,417,214,94
ABANDONED,,,,1693,2978,995,102,146
COMPLETED,0.7299999999999999,139.0,1.0,3666,1043,245,154,9
ABANDONED,,,,3876,3890,568,21,115
ABANDONED,,,,850,2075,321,227,228
ABANDONED,,,,4500,1815,812,62,65
COMPLETED,0.7299999999999999,100.0,0.98,3042,3412,379,175,61
ABANDONED,,,,2320,73,627,73,161
COMPLETED,0.76,116.0,0.95,2143,4318,462,47,24
COMPLETED,0.7099999999999999,56.0,0.0,2515,2190,716,209,131
COMPLETED,0.66,27.0,0.17,321,924,850,159,99
COMPLETED,0.7299999999999999,93.0,0.93,947,3526,531,141,82
ABANDONED,,,,4326,500,280,115,202
COMPLETED,0.7099999999999999,130.0,0.0,3139,4607,907,246,175
ABANDONED,,,,1517,1383,161,2,47
COMPLETED,0.7299999999999999,151.0,0.92,1514,4590,486,142,76
ABANDONED,,,,3134,1369,739,106,204
ABANDONED,,,,951,494,827,32,49
COMPLETED,0.7299999999999999,128.0,0.95,327,2550,554,50,6
COMPLETED,0.7099999999999999,26.0,0.0,4956,930,304,198,153
ABANDONED,,,,2508,4334,884,69,227
COMPLETED,0.6999999999999998,59.0,0.97,2138,2203,138,187,120
COMPLETED,0.7099999999999999,86.0,0.0,2313,3408,956,213,189
ABANDONED,,,,3036,68,205,35,91
COMPLETED,0.7399999999999999,137.0,0.99,4507,4711,607,171,32
ABANDONED,,,,229,1802,360,85,186
COMPLETED,0.7299999999999999,162.0,0.99,3881,2088,773,130,24
ABANDONED,,,,3662,2982,418,14,106
COMPLETED,0.7099999999999999,30.0,0.0,1689,1049,666,242,241
COMPLETED,0.7399999999999999,116.0,0.97,1862,2847,245,73,61
COMPLETED,0.7399999999999999,54.0,1.0,3484,1189,994,175,157
ABANDONED,,,,4054,4035,318,61,215
COMPLETED,0.7199999999999999,61.0,0.96,675,1944,571,195,65
COMPLETED,0.7199999999999999,115.0,0.01,51,4850,809,228,117
COMPLETED,0.6999999999999998,81.0,0.96,2858,3264,628,153,148
COMPLETED,0.7299999999999999,59.0,1.0,2486,197,378,103,11
ABANDONED,,,,1959,4155,712,2,174
COMPLETED,0.7399999999999999,70.0,0.99,2681,2377,465,246,44
COMPLETED,0.7399999999999999,119.0,0.99,4778,2733,851,115,79
ABANDONED,,,,1125,3696,281,158,245
ABANDONED,,,,4151,316,530,90,101
COMPLETED,0.7299999999999999,125.0,0.97,3307,4422,158,209,27
ABANDONED,,,,1336,1552,910,47,132
ABANDONED,,,,1290,3514,624,97,125
ABANDONED,,,,3420,602,374,151,222
ABANDONED,,,,4119,4621,938,24,155
COMPLETED,0.7299999999999999,62.0,1.0,1247,1282,192,232,4
COMPLETED,0.7299999999999999,111.0,0.8399999999999999,621,4265,431,191,52
ABANDONED,,,,4743,2330,684,57,166
COMPLETED,0.7299999999999999,76.0,1.0,1916,784,756,76,71
COMPLETED,0.7399999999999999,61.0,1.0,2893,1791,844,204,109
COMPLETED,0.7399999999999999,244.0,1.0,4566,3320,472,94,19
COMPLETED,0.6999999999999998,7.0,0.0299999999999999,94,96,721,162,140
ABANDONED,,,,720,3109,902,136,180
COMPLETED,0.7299999999999999,116.0,1.0,3942,982,151,112,38
COMPLETED,0.7399999999999999,118.0,0.99,3516,3760,537,249,88
ABANDONED,,,,1740,2138,289,7,192
COMPLETED,0.7299999999999999,117.0,0.94,1566,3929,864,184,16
ABANDONED,,,,3769,2936,698,204,233
ABANDONED,,,,899,1160,448,52,114
ABANDONED,,,,272,3137,175,27,67
COMPLETED,0.7099999999999999,11.0,0.0,4393,265,924,221,213
ABANDONED,,,,3071,4996,263,109,162
COMPLETED,0.7099999999999999,46.0,1.0,2192,1619,516,147,56
COMPLETED,0.7199999999999999,68.0,0.0599999999999999,2094,2743,336,238,129
ABANDONED,,,,2622,654,584,10,30
COMPLETED,0.7299999999999999,116.0,1.0,4921,4126,228,132,96
ABANDONED,,,,448,2464,980,124,250
ABANDONED,,,,1074,4491,642,83,197
COMPLETED,0.7299999999999999,40.0,0.7299999999999999,4297,1426,395,165,84
ABANDONED,,,,3246,3647,796,40,41
ABANDONED,,,,1420,2652,777,12,221
COMPLETED,0.7299999999999999,325.0,1.0,4228,4231,662,125,1
ABANDONED,,,,1045,2296,414,131,155
COMPLETED,0.7099999999999999,114.0,0.5799999999999998,419,4655,217,168,167
COMPLETED,0.7399999999999999,139.0,1.0,4852,1316,968,80,54
COMPLETED,0.7299999999999999,91.0,0.97,2612,3460,348,219,74
ABANDONED,,,,2046,548,595,37,210
ABANDONED,,,,2260,3804,307,68,108
ABANDONED,,,,3101,2181,558,181,235
COMPLETED,0.6999999999999998,32.0,0.5799999999999998,282,957,880,201,18
COMPLETED,0.7099999999999999,89.0,0.6199999999999999,908,3344,750,222,38
ABANDONED,,,,3819,121,497,26,184
ABANDONED,,,,3724,4773,815,148,195
COMPLETED,0.7099999999999999,117.0,0.0,1769,4942,518,207,142
COMPLETED,0.7399999999999999,342.0,1.0,3585,1565,269,41,13
COMPLETED,0.6999999999999998,80.0,0.4699999999999999,3953,3171,922,165,111
ABANDONED,,,,142,2902,461,112,213
COMPLETED,0.7299999999999999,65.0,1.0,4576,1126,708,136,71
ABANDONED,,,,2962,3982,104,8,59
COMPLETED,0.7199999999999999,53.0,0.05,2395,2008,855,248,163
COMPLETED,0.7399999999999999,135.0,0.96,1907,3604,52,152,29
ABANDONED,,,,2746,419,798,96,126
ABANDONED,,,,4713,4516,390,233,247
ABANDONED,,,,553,1450,640,22,96
ABANDONED,,,,1179,4101,990,59,85
ABANDONED,,,,4089,2440,242,189,199
ABANDONED,,,,3370,2786,575,78,180
COMPLETED,0.7299999999999999,35.0,0.99,1281,698,322,177,42
ABANDONED,,,,3337,2228,898,4,77
COMPLETED,0.7299999999999999,101.0,1.0,4201,2506,293,138,50
ABANDONED,,,,1134,887,541,118,172
ABANDONED,,,,510,3567,832,89,150
COMPLETED,0.7299999999999999,77.0,1.0,4827,538,80,160,6
ABANDONED,,,,2711,4566,732,45,119
ABANDONED,,,,2027,1345,484,210,224
COMPLETED,0.6999999999999998,79.0,0.94,2438,3016,680,174,94
ABANDONED,,,,2847,1084,427,74,190
COMPLETED,0.7099999999999999,90.0,0.0,4612,3852,760,194,186
ABANDONED,,,,646,4765,362,17,21
COMPLETED,0.7099999999999999,47.0,0.0599999999999999,3985,1856,613,231,135
COMPLETED,0.7099999999999999,15.0,0.98,1814,33,950,156,103
ABANDONED,,,,1680,3240,407,34,160
COMPLETED,0.7199999999999999,28.0,0.99,3613,172,654,214,62
ABANDONED,,,,785,1712,785,171,219
ABANDONED,,,,161,3991,588,127,227
COMPLETED,0.7299999999999999,77.0,1.0,4477,1900,340,122,115
COMPLETED,0.7299999999999999,94.0,1.0,2987,2872,976,239,10
ABANDONED,,,,2304,1213,225,17,145
COMPLETED,0.7299999999999999,109.0,0.95,2166,4388,936,103,47
ABANDONED,,,,2577,1518,187,145,175
ABANDONED,,,,4966,3750,504,30,203
COMPLETED,0.7299999999999999,19.0,0.97,375,370,251,226,82
COMPLETED,0.7299999999999999,80.0,0.95,999,2680,122,197,98
ABANDONED,,,,4340,708,868,51,245
COMPLETED,0.7299999999999999,117.0,0.95,3203,4190,444,186,131
COMPLETED,0.7299999999999999,200.0,0.98,1543,2411,694,70,24
COMPLETED,0.7299999999999999,321.0,1.0,3169,114,857,86,2
COMPLETED,0.7299999999999999,144.0,0.98,4373,4836,455,212,123
ABANDONED,,,,995,1768,707,36,220
ABANDONED,,,,371,3776,915,15,211
COMPLETED,0.7399999999999999,86.0,1.0,4999,2117,168,241,73
COMPLETED,0.7299999999999999,88.0,0.98,2542,3088,523,119,53
ABANDONED,,,,2172,998,272,129,168
COMPLETED,0.6999999999999998,112.0,0.94,2269,4644,575,225,17
ABANDONED,,,,2992,1263,329,31,139
ABANDONED,,,,4473,3495,987,143,236
ABANDONED,,,,195,625,237,105,107
ABANDONED,,,,818,2582,386,68,90
ABANDONED,,,,3847,804,635,188,194
COMPLETED,0.7299999999999999,73.0,0.98,1645,2314,805,199,39
ABANDONED,,,,1818,4102,349,116,231
COMPLETED,0.7299999999999999,73.0,1.0,3440,2482,602,140,112
ABANDONED,,,,4020,2761,215,3,14
COMPLETED,0.66,20.0,0.02,640,630,963,245,141
COMPLETED,0.7099999999999999,98.0,0.0,17,3663,660,208,164
ABANDONED,,,,4646,442,408,48,58
COMPLETED,0.7099999999999999,113.0,0.93,2814,4470,779,157,70
ABANDONED,,,,1994,2959,819,60,95
ABANDONED,,,,4821,3910,743,72,127
COMPLETED,0.7299999999999999,59.0,0.89,545,1978,497,176,28
COMPLETED,0.7299999999999999,128.0,0.91,1169,4980,127,154,43
ABANDONED,,,,4195,1639,879,102,179
COMPLETED,0.7099999999999999,86.0,0.0,3342,3157,312,229,198
ABANDONED,,,,1370,249,561,19,86
ABANDONED,,,,1256,4690,970,93,171
COMPLETED,0.7199999999999999,55.0,0.97,3386,1818,223,163,51
ABANDONED,,,,4075,3424,593,43,78
ABANDONED,,,,1203,47,342,205,206
ABANDONED,,,,4698,1026,787,6,118
COMPLETED,0.7299999999999999,151.0,0.97,2761,3883,400,137,5
ABANDONED,,,,1882,2106,652,111,150
ABANDONED,,,,2410,3543,441,25,35
COMPLETED,0.7099999999999999,16.0,0.0,2937,478,690,231,187
COMPLETED,0.67,42.0,0.1499999999999999,128,1390,875,150,93
COMPLETED,0.7199999999999999,108.0,0.89,754,4315,505,179,104
ABANDONED,,,,3977,2227,259,77,239
COMPLETED,0.7399999999999999,88.0,1.0,3561,2573,932,190,133
COMPLETED,0.7299999999999999,227.0,1.0,1784,912,183,58,22
ABANDONED,,,,1610,2712,730,133,218
COMPLETED,0.7299999999999999,62.0,1.0,3738,778,479,123,67
COMPLETED,0.7399999999999999,124.0,0.98,3804,4171,833,239,63
ABANDONED,,,,307,4441,295,38,146
COMPLETED,0.7399999999999999,90.0,1.0,4427,1529,547,217,9
ABANDONED,,,,3115,3673,145,82,114
ABANDONED,,,,2236,334,892,166,228
COMPLETED,0.69,96.0,0.94,2060,4056,197,203,81
ABANDONED,,,,2588,1928,950,53,203
COMPLETED,0.7099999999999999,70.0,0.0,4877,2831,366,183,176
COMPLETED,0.7399999999999999,51.0,0.98,404,1209,616,65,46
COMPLETED,0.7299999999999999,128.0,0.95,1030,3246,765,110,25
ABANDONED,,,,3212,4873,673,28,244
COMPLETED,0.7399999999999999,67.0,0.92,1434,1649,426,220,99
COMPLETED,0.7299999999999999,125.0,0.94,1464,3829,631,54,48
COMPLETED,0.7099999999999999,54.0,0.0,3280,2053,382,202,170
ABANDONED,,,,4262,3034,809,66,205
COMPLETED,0.69,86.0,0.4099999999999999,453,3390,317,148,121
ABANDONED,,,,4886,12,564,107,226
COMPLETED,0.7099999999999999,109.0,0.0,2656,4744,249,223,152
COMPLETED,0.76,80.0,1.0,2090,1872,999,25,7
COMPLETED,0.7299999999999999,63.0,1.0,3066,868,911,130,33
ABANDONED,,,,4398,4340,276,12,92
COMPLETED,0.7099999999999999,59.0,0.0,238,2251,527,235,188
ABANDONED,,,,864,4550,846,218,242
COMPLETED,0.7299999999999999,96.0,0.34,3690,3587,719,167,23
ABANDONED,,,,1600,522,467,81,137
COMPLETED,0.7299999999999999,119.0,0.94,1734,3726,891,234,64
ABANDONED,,,,3909,4406,550,153,158
COMPLETED,0.7399999999999999,62.0,0.98,724,1495,300,95,60
COMPLETED,0.75,113.0,0.9,98,4206,73,77,12
COMPLETED,0.7399999999999999,96.0,1.0,4532,2390,823,178,147
ABANDONED,,,,2928,2659,493,59,229
COMPLETED,0.7399999999999999,28.0,1.0,2361,724,739,190,118
ABANDONED,,,,1951,4917,420,164,200
COMPLETED,0.7399999999999999,62.0,1.0,2790,1693,671,92,80
ABANDONED,,,,587,196,767,42,173
ABANDONED,,,,1213,2856,606,9,133
COMPLETED,0.7299999999999999,55.0,0.98,4123,1233,353,247,26
COMPLETED,0.7299999999999999,137.0,0.97,3414,4012,959,114,101
COMPLETED,0.7299999999999999,113.0,0.95,1359,3064,263,193,3
ABANDONED,,,,3294,973,509,63,156
ABANDONED,,,,1100,2161,928,75,124
COMPLETED,0.7399999999999999,123.0,0.89,476,4792,702,100,72
ABANDONED,,,,4793,1725,453,156,208
ABANDONED,,,,2667,3321,864,18,165
COMPLETED,0.7299999999999999,27.0,0.99,1983,139,111,230,53
ABANDONED,,,,2472,4251,791,139,139
COMPLETED,0.7299999999999999,113.0,1.0,2881,2280,43,117,20
COMPLETED,0.7099999999999999,68.0,0.0899999999999999,4655,2636,649,245,110
ABANDONED,,,,66,858,396,4,237
ABANDONED,,,,690,3441,235,45,193
COMPLETED,0.7299999999999999,56.0,1.0,4029,572,982,212,87
COMPLETED,0.7399999999999999,187.0,0.97,3508,4678,330,88,37
ABANDONED,,,,1848,1298,582,160,181
ABANDONED,,,,3647,1466,753,225,234
ABANDONED,,,,3895,3620,438,104,144
COMPLETED,0.7299999999999999,41.0,0.99,829,398,685,144,15
COMPLETED,0.7299999999999999,72.0,0.5799999999999998,205,2804,946,185,57
ABANDONED,,,,4521,675,193,71,161
ABANDONED,,,,3021,4078,620,196,212
ABANDONED,,,,2338,2458,370,52,68
ABANDONED,,,,2123,3192,536,83,250
COMPLETED,0.7299999999999999,19.0,0.99,2533,283,283,172,97
COMPLETED,0.7399999999999999,198.0,1.0,4932,4927,904,34,31
COMPLETED,0.7099999999999999,42.0,0.0,341,1585,156,215,128
COMPLETED,0.7099999999999999,92.0,0.0,965,3964,475,240,178
ABANDONED,,,,4306,2032,726,16,40
COMPLETED,0.7399999999999999,88.0,1.0,3160,2925,90,127,83
ABANDONED,,,,1499,1108,837,120,198
COMPLETED,0.7399999999999999,115.0,0.95,1499,3047,90,63,54
COMPLETED,0.7099999999999999,27.0,0.0,3158,959,838,193,168
ABANDONED,,,,4305,3815,474,75,211
COMPLETED,0.7299999999999999,79.0,0.95,966,2154,727,173,73
COMPLETED,0.65,110.0,0.17,342,4796,903,156,123
COMPLETED,0.7099999999999999,81.0,0.0,2533,3338,534,230,153
COMPLETED,0.7399999999999999,97.0,1.0,2123,152,284,18,2
ABANDONED,,,,2337,4248,619,117,183
COMPLETED,0.7299999999999999,92.0,1.0,3021,2275,372,139,39
ABANDONED,,,,4522,2621,945,4,89
ABANDONED,,,,829,3457,437,212,237
ABANDONED,,,,3895,584,686,45,106
ABANDONED,,,,1713,1303,754,88,139
ABANDONED,,,,1848,4507,330,225,69
ABANDONED,,,,3509,1482,583,31,215
ABANDONED,,,,4029,3625,234,144,164
COMPLETED,0.7299999999999999,38.0,1.0,689,401,983,104,58
ABANDONED,,,,65,2799,648,71,13
COMPLETED,0.7199999999999999,53.0,0.99,4656,671,397,185,142
ABANDONED,,,,2882,4065,790,52,232
ABANDONED,,,,1984,3198,863,172,198
ABANDONED,,,,2667,287,112,84,86
ABANDONED,,,,4792,4940,701,215,43
ABANDONED,,,,476,1602,453,34,178
ABANDONED,,,,1100,3950,178,16,127
ABANDONED,,,,4166,2015,930,240,29
ABANDONED,,,,3293,2919,262,120,95
ABANDONED,,,,1360,1103,510,127,248
ABANDONED,,,,1324,3846,958,202,5
ABANDONED,,,,3414,2067,212,54,150
ABANDONED,,,,4124,3039,605,182,224
ABANDONED,,,,1213,1067,354,67,119
ABANDONED,,,,4748,6,768,148,206
ABANDONED,,,,2791,4727,419,25,171
COMPLETED,0.7399999999999999,50.0,0.07,1950,1858,673,223,51
ABANDONED,,,,2361,2533,492,130,134
ABANDONED,,,,2927,873,740,126,21
ABANDONED,,,,99,2264,824,12,239
ABANDONED,,,,726,4535,548,38,191
ABANDONED,,,,3908,1353,301,218,93
ABANDONED,,,,3550,3584,890,81,34
COMPLETED,0.73,51.0,0.9963289619504988,2972,1157,80,250,7
