Status,ACCURACY,RUNTIME,recent_samples_size,batch_size,gamma,alpha,use_mmd2,use_k2s_test
RUNNING,,,3345,408,3.8503687620759006,0.0058453244902193,True,False
RUNNING,,,2263,4975,8.940701105378569,0.0407943374328315,False,True
RUNNING,,,420,1867,0.2329115364905446,0.0213893349324353,False,True
RUNNING,,,4016,3553,5.141578848632984,0.0329423133484087,True,False
RUNNING,,,4846,2240,7.574623822075315,0.0306425463515333,True,False
RUNNING,,,644,2989,2.795499055426568,0.0159955110908485,False,True
RUNNING,,,1374,1130,6.508342001045124,0.0461931419689208,False,True
RUNNING,,,3100,4135,1.2884670284381137,0.0081491753431037,True,False
COMPLETED,0.19,30.0,2553,1404,7.162138822952286,0.0150968001806177,False,False
RUNNING,,,1764,3394,1.9239143094262108,0.0253931300113908,True,True
COMPLETED,0.92,2671.0,1190,246,8.131644300398417,0.0122600303674116,True,True
COMPLETED,0.19,22.0,4454,4510,3.370868478681892,0.0482727100830525,False,False
COMPLETED,0.7199999999999999,38.0,4093,658,0.7915021421518176,0.0397964684739708,False,False
RUNNING,,,184,3985,5.7159967788932855,0.0006888349829241,True,True
RUNNING,,,2184,2087,4.50259365937207,0.0369653871818445,True,True
COMPLETED,0.19,29.0,3577,2514,9.577099283374844,0.02357500050636,False,False
RUNNING,,,3656,1985,2.291876651547849,0.0441892774607986,True,True
COMPLETED,0.19,28.0,1949,2812,7.374887138173917,0.0086590358177199,False,False
COMPLETED,0.56,27.0,106,916,3.666902379306965,0.029575313522946,False,False
FAILED,,,4327,3843,8.582892227923498,0.0186020650812424,True,True
COMPLETED,0.92,993.0,4533,75,6.008120838206262,0.0193930766326375,True,True
COMPLETED,0.6,35.0,956,4564,1.2363228171886875,0.0334596738158725,False,False
COMPLETED,0.19,26.0,1686,1419,9.948971168815156,0.0047735185874626,False,False
FAILED,,,2787,3184,4.721768929088489,0.0433964008688926,True,True
FAILED,,,2866,1066,9.35502632562723,0.0347576369023881,False,True
FAILED,,,1452,4315,4.104597584644333,0.0242675995458848,True,False
FAILED,,,878,2459,5.313132385637612,0.0388878042884171,True,False
FAILED,,,4768,2965,0.5645614618631078,0.0030673332801088,False,True
FAILED,,,3782,1579,2.97286959164124,0.010056770642288,False,True
FAILED,,,498,3646,7.909573260983453,0.0489698822889477,True,False
COMPLETED,0.64,4835.0,2498,540,1.6969755474701524,0.0141806360022164,True,False
FAILED,,,3267,4726,6.759271617383697,0.0277640221002511,False,True
FAILED,,,3171,1723,8.399956254820337,0.0428284665290266,True,True
COMPLETED,0.5899999999999999,28.0,2398,3483,3.180049117548392,0.0038186456905677,False,False
COMPLETED,0.1799999999999999,38.0,549,382,6.89321624276042,0.0340036222669296,False,False
FAILED,,,3848,4866,2.1141237152749675,0.0203235741839744,True,True
FAILED,,,4716,1220,4.546776641122066,0.0180340064545162,True,True
COMPLETED,0.19,25.0,813,4142,9.455395100967959,0.0286207530028186,False,False
COMPLETED,0.7099999999999999,41.0,1547,2290,0.7479297116734088,0.0092027183612808,False,False
FAILED,,,2966,3113,5.838310991083272,0.0451198513545095,True,True
FAILED,,,2731,220,0.1112669155187904,0.027220041194465,False,True
FAILED,,,1625,4401,5.185740412105806,0.0132501414013095,True,False
FAILED,,,1046,1261,3.972623329020105,0.0495378372818231,True,False
FAILED,,,4637,3324,8.897150167675688,0.0110116051835939,False,True
FAILED,,,4237,2138,6.317582201346756,0.0025236536869779,False,True
FAILED,,,1,2638,1.556757564582862,0.037957197939977,True,False
FAILED,,,2005,747,7.764773591990583,0.0248356198170222,True,False
FAILED,,,3717,3991,2.526597968010232,0.035712218075525,False,True
FAILED,,,3482,811,5.59181715582125,0.0068317790655419,True,False
FAILED,,,2083,3811,0.3645898660225793,0.0460360627397894,False,True
RUNNING,,,235,1918,9.076952181213535,0.0173368814554996,False,True
RUNNING,,,4158,2663,4.305179135769606,0.0308239655210636,True,False
RUNNING,,,4403,1549,1.730781020062044,0.0316251711766235,True,False
RUNNING,,,1124,3231,6.646724363080225,0.0212321911626495,False,True
FAILED,,,1859,88,2.9384535677777603,0.0421358202826231,False,True
RUNNING,,,2653,4650,8.021510485503823,0.0060264431769028,True,False
COMPLETED,0.6,44.0,3044,2393,3.5544099930422375,0.0222336035878397,False,False
RUNNING,,,1313,2815,8.616680975634605,0.036783976863604,True,True
RUNNING,,,734,961,2.403759082527831,0.0020062460126355,True,True
COMPLETED,0.19,29.0,4951,4283,7.340487764692867,0.0399535034466534,False,False
COMPLETED,0.19,42.0,3926,553,9.749054441013373,0.0469312360845506,False,False
RUNNING,,,315,4812,5.000436974391341,0.0120788852190598,True,True
RUNNING,,,2319,1709,6.208647595791147,0.0267102279267273,True,True
COMPLETED,0.75,53.0,3406,3693,0.9582653231574222,0.015253958702553,False,False
COMPLETED,0.19,30.0,3393,2336,5.650556268795394,0.0361653829505667,False,False
FAILED,,,2291,3085,0.8908094556126744,0.0228718469031155,True,True
FAILED,,,390,1190,9.681598536219449,0.0406944692065007,True,True
COMPLETED,0.19,26.0,3966,4195,4.442345684644767,0.001297014800366,False,False
COMPLETED,0.55,28.0,4972,348,2.0244822840569543,0.0113681437554769,False,False
FAILED,,,750,4916,7.095436757704244,0.0476706915930844,True,True
FAILED,,,1266,1770,3.309358948804438,0.0158906917665153,True,True
COMPLETED,0.19,28.0,2972,3457,8.237404214412905,0.0260901237623766,False,False
FAILED,,,2583,715,2.7154117216691374,0.0454884684332646,True,False
FAILED,,,1814,4042,7.620225718126633,0.0073476626123301,False,True
FAILED,,,1143,2186,1.329496215435676,0.0312492119530215,False,True
FAILED,,,4427,2613,6.423682554220782,0.0168920090403407,True,False
FAILED,,,4201,1305,8.98756336460635,0.020788828998804,True,False
FAILED,,,312,3294,3.769019565862604,0.0320519278598949,False,True
COMPLETED,0.92,2502.0,2058,189,5.05565754866507,0.0065438369750045,False,True
FAILED,,,3471,4453,0.2752010866645723,0.0415897362274117,True,False
COMPLETED,0.92,2467.0,3705,135,7.8346712362561375,0.0132901795189827,False,True
FAILED,,,1980,4624,3.082248710258864,0.0271633983338251,True,False
FAILED,,,78,1515,6.8732329808445645,0.0108522400627844,True,False
FAILED,,,4280,3280,1.626655171599239,0.0496685128831304,False,True
FAILED,,,4661,1888,4.215232596537099,0.0380863625523634,False,True
FAILED,,,1065,2715,9.278867513644508,0.0023627775772474,True,False
COMPLETED,0.78,791.0,1580,857,0.4929842987367883,0.0356540642259642,True,False
FAILED,,,2661,3784,5.428349642373622,0.0248741469457745,False,True
FAILED,,,2894,1677,1.1467739688018337,0.004171381895896,True,True
COMPLETED,0.19,25.0,1500,3745,6.063794539414347,0.0425044436310417,False,False
COMPLETED,0.17,29.0,829,598,4.772260226702318,0.020090188216418,False,False
FAILED,,,4737,4784,9.854239320847206,0.03425363639649,True,True
FAILED,,,3888,1009,7.431816434663721,0.0288722781213,True,True
COMPLETED,0.57,36.0,624,4258,2.201070717912167,0.0178021314758807,False,False
COMPLETED,0.19,30.0,2370,2360,8.486903294706718,0.0447973394454456,False,False
FAILED,,,3158,2865,3.7186492722025135,0.00955696555553,True,True
FAILED,,,3219,1163,1.4513530077235772,0.0239435649383813,False,True
FAILED,,,2426,4085,6.379346962589771,0.0351103617670014,True,False
FAILED,,,519,2191,2.592944974096492,0.0033173358845524,True,False
FAILED,,,3798,3014,7.663950683987699,0.0386544071645475,False,True
FAILED,,,3978,2,0.001,0.0340840416405693,True,True
RUNNING,,,4951,4283,10.0,0.0347057642404837,True,True
FAILED,,,507,2,6.134751355044625,0.0397205017805053,True,True
RUNNING,,,211,5000,6.869043098289751,0.0327840206843016,True,True
COMPLETED,0.92,2316.0,5000,219,7.26390680827384,0.0386762857164522,True,True
COMPLETED,0.91,5898.0,3334,384,10.0,0.0419690867793071,True,True
RUNNING,,,5000,5000,0.001,0.0368241774382509,True,True
FAILED,,,1,2,0.001,0.05,True,False
RUNNING,,,211,5000,4.309071114315433,0.0390825622811615,True,True
RUNNING,,,1,2,0.001,0.0406370697007593,True,True
FAILED,,,1,2,3.509603443679305,0.05,True,True
RUNNING,,,4887,4262,4.5728523285163805,0.0407285533616303,True,True
FAILED,,,1,2,10.0,0.0361999696836578,True,True
RUNNING,,,4481,4703,6.851187031244811,0.0363434100161063,True,True
RUNNING,,,1,5000,10.0,0.0407294679020708,True,True
RUNNING,,,211,5000,6.429444773033799,0.05,False,True
COMPLETED,0.92,1028.0,4627,26,4.492372423917028,0.031700609339411,True,True
COMPLETED,0.92,1125.0,5000,60,8.374578157737844,0.0478445684458295,True,True
COMPLETED,0.92,2534.0,4858,243,10.0,0.0299774027148309,True,True
RUNNING,,,5000,2,6.04270142909119,0.05,False,True
RUNNING,,,217,4427,0.001,0.0332277918997055,True,True
FAILED,,,5000,2,6.296165660396307,0.0334437185082365,True,True
RUNNING,,,5000,5000,3.5925280426433615,0.05,True,True
FAILED,,,1,2,7.449264114526369,0.05,True,True
FAILED,,,507,2,5.655778797447152,0.0329841923588462,True,True
RUNNING,,,5000,2,0.001,0.05,False,True
RUNNING,,,211,5000,6.147395576197048,0.0486920928883074,True,True
RUNNING,,,4490,4637,8.829174188868645,0.0319325945538303,True,True
FAILED,,,1,2,10.0,0.05,False,True
RUNNING,,,5000,5000,9.07901577149746,0.05,True,True
RUNNING,,,1,2,0.001,0.0005,False,False
RUNNING,,,192,3980,1.4163623915479824,0.0458146186821216,True,True
FAILED,,,5000,2,2.0692235976677775,0.03751958519259,True,True
RUNNING,,,29,4902,2.686021279870071,0.0359740567436692,True,True
RUNNING,,,5000,2,0.001,0.0496955471979401,True,True
FAILED,,,5000,2,5.79687154848116,0.0460412796967717,True,True
RUNNING,,,1,4991,7.936380576783167,0.037485335605552,True,True
RUNNING,,,5000,5000,7.652535439505587,0.0298711566192721,True,True
COMPLETED,0.92,2332.0,5000,215,9.689973602729188,0.05,False,True
RUNNING,,,5000,5000,3.619691570810655,0.0332874056658083,True,True
FAILED,,,1,5000,7.827164131513832,0.05,True,True
FAILED,,,1,2,3.1348190817419193,0.044151998413223,False,True
FAILED,,,1,2,10.0,0.05,True,True
FAILED,,,5000,2,10.0,0.05,True,True
FAILED,,,1,2,7.004918062987234,0.0349467248768604,True,True
FAILED,,,1,5000,10.0,0.05,False,True
FAILED,,,5000,5000,7.665453018598557,0.0428184400903802,True,True
FAILED,,,1,2,1.5881967406970816,0.0371451836043518,True,True
FAILED,,,5000,2,4.056224766477393,0.05,True,True
FAILED,,,1,2,3.632321748757608,0.0316445637928081,True,True
RUNNING,,,4665,2939,0.001,0.0260626859057509,True,True
COMPLETED,0.92,1045.0,5000,60,4.6333943583520085,0.05,True,True
FAILED,,,1,2,0.001,0.05,True,False
RUNNING,,,5000,2,0.001,0.027002178909328,True,True
RUNNING,,,5000,4790,0.001,0.05,True,True
COMPLETED,0.8,1339.0,5000,2526,0.001,0.05,True,False
RUNNING,,,2046,2018,1.783878316485636,0.05,True,False
COMPLETED,0.91,4299.0,549,382,5.3471592851478285,0.0335728151077798,False,True
RUNNING,,,1,2,0.001,0.05,False,False
FAILED,,,5000,2,2.4677036956962057,0.05,True,True
RUNNING,,,39,2206,9.943773584369204,0.028959619864978,False,True
RUNNING,,,5000,1990,8.112096950777513,0.0005,False,True
RUNNING,,,4995,1419,1.809768644663096,0.0256991770798995,True,True
RUNNING,,,4378,637,4.650334825549368,0.0005,True,True
RUNNING,,,1,2279,10.0,0.0451456753034888,False,True
RUNNING,,,5000,2228,4.5894776925810925,0.05,True,True
RUNNING,,,4995,1419,1.9811534651432872,0.0412945894137998,True,False
COMPLETED,0.81,76.0,5000,5000,0.001,0.0005,False,False
RUNNING,,,8,2975,2.098903983920381,0.0370288071649167,False,True
RUNNING,,,5000,1419,2.0502577711400733,0.05,True,True
FAILED,,,1,2,0.001,0.0345569049154693,False,True
RUNNING,,,5000,4742,0.001,0.0271231099951269,True,True
FAILED,,,5000,2,0.001,0.0338127828631737,False,True
RUNNING,,,5000,2032,8.313694477328147,0.0005,True,True
FAILED,,,1,2,0.001,0.0435030645905419,True,False
RUNNING,,,1,5000,10.0,0.05,False,True
RUNNING,,,4618,762,5.294493715905459,0.0303473713383603,False,True
FAILED,,,5000,2,0.001,0.0441938769852881,True,False
RUNNING,,,1,3112,0.8961858064229528,0.05,False,True
RUNNING,,,4803,192,2.3416516759218795,0.0005,True,True
RUNNING,,,2739,4569,10.0,0.0005,True,True
RUNNING,,,3562,3408,10.0,0.033961091679187,False,True
RUNNING,,,5000,1990,7.203945611175555,0.05,True,True
RUNNING,,,5000,1419,3.3865266383700656,0.05,True,True
RUNNING,,,3393,2336,0.001,0.0466075597074438,True,False
RUNNING,,,5000,1902,0.001,0.0005,False,True
RUNNING,,,5000,2,0.9296064768331715,0.0005,False,True
RUNNING,,,106,916,3.1380750704662,0.05,True,False
FAILED,,,5000,2587,0.001,0.05,True,True
FAILED,,,1,2,0.001,0.0279586358149743,False,True
FAILED,,,105,916,4.243241347140905,0.05,False,True
FAILED,,,1133,2355,5.391409337122036,0.0272493322198127,False,True
COMPLETED,0.64,31.0,1,2696,2.047665538015514,0.0005,False,False
FAILED,,,2046,2018,1.1483433647680448,0.0319005187881172,False,True
FAILED,,,5000,2751,10.0,0.0005,True,True
FAILED,,,5000,5000,7.418499135205283,0.0310986683235058,False,True
FAILED,,,5000,4549,1.4902999948027145,0.0251264782149258,True,True
FAILED,,,5000,2,5.505782590542376,0.05,True,True
FAILED,,,4665,2939,0.0333304801652586,0.0234689729543285,False,True
FAILED,,,3586,1735,2.3632899513506302,0.05,True,False
FAILED,,,1,2,0.001,0.0475869532282128,True,False
FAILED,,,5000,1419,3.5869648455851015,0.0252622455221834,True,True
COMPLETED,0.81,83.0,2119,803,0.001,0.05,False,False
FAILED,,,5000,2,0.001,0.0266814080957835,False,False
FAILED,,,5000,2,0.001,0.0259558896636744,False,True
FAILED,,,5000,2,4.630022281427867,0.0246707895536172,True,True
FAILED,,,1,2,0.001,0.0357426192213307,True,False
FAILED,,,5000,2,1.5716563691168637,0.0255737539503534,True,True
FAILED,,,1,2,0.001,0.0422772582846242,True,False
FAILED,,,5000,2,0.001,0.0237222903233601,True,True
FAILED,,,4906,4155,4.612623725203344,0.0248612272675784,True,True
FAILED,,,5000,4790,0.001,0.0345333516833484,True,False
COMPLETED,0.79,532.0,1685,777,0.001,0.05,True,False
FAILED,,,203,2354,3.6367699191078535,0.0424058798999818,True,False
FAILED,,,5000,1419,2.734349396421296,0.0254827069540237,True,True
FAILED,,,5000,4790,0.001,0.0301244600707945,False,True
FAILED,,,3918,5000,0.001,0.0005,True,True
FAILED,,,5000,5000,1.8955709309431528,0.0256809943993619,True,True
COMPLETED,0.91,6912.0,3726,538,0.001,0.0239924991950279,True,True
FAILED,,,4158,2663,3.3241240053286663,0.0005,True,True
FAILED,,,5000,2627,10.0,0.05,True,True
FAILED,,,1,2,0.001,0.05,True,False
FAILED,,,1,3623,0.001,0.0005,True,False
FAILED,,,5000,5000,3.8199208995060383,0.0005,True,True
FAILED,,,4675,3073,1.40218900113806,0.0257947835760637,True,True
FAILED,,,5000,2228,4.473383167106515,0.0263222065182681,False,True
COMPLETED,0.75,64.0,1,3623,0.001,0.0082860178037438,False,False
FAILED,,,1,2869,10.0,0.0005,False,True
COMPLETED,0.92,1013.0,4990,29,2.951023250539575,0.0253638104764506,True,True
COMPLETED,0.8,70.0,5000,4790,0.001,0.0214832022482096,False,False
FAILED,,,1,2,0.001,0.0436931022114283,False,False
FAILED,,,5000,2,9.924788926235578,0.0005,True,True
FAILED,,,5000,2627,10.0,0.0005,False,True
FAILED,,,5000,5000,7.083373103578062,0.0005,False,True
FAILED,,,1,2322,9.72356207518612,0.0005,True,True
FAILED,,,5000,2888,10.0,0.0005,True,True
FAILED,,,5000,2888,9.396864903930036,0.0299971806601111,False,True
FAILED,,,4865,3056,2.6260492895473604,0.0249269935111734,True,True
FAILED,,,5000,2,9.302798971113184,0.0005,False,True
FAILED,,,5000,1902,0.001,0.0245637127714651,True,True
FAILED,,,5000,5000,7.131856812324632,0.0005,True,True
FAILED,,,5000,2,0.001,0.0005,True,False
FAILED,,,1,5000,10.0,0.0451724190278487,True,False
FAILED,,,5000,1931,3.982091583546852,0.0005,False,True
FAILED,,,1,2,0.3473739567789148,0.0211128160491618,True,True
FAILED,,,5000,5000,4.22631509283178,0.0250529857590599,False,True
FAILED,,,3891,37,8.406794227639146,0.0402342399507139,True,False
FAILED,,,5000,5000,4.601367767169537,0.0396812120584438,False,True
FAILED,,,4865,3056,2.0929936613952287,0.0295417680563907,False,True
FAILED,,,1,3623,0.001,0.0491613451648762,True,False
RUNNING,,,4598,2,0.001,0.0005,False,False
COMPLETED,0.8,684.0,425,586,0.001,0.0005,True,False
RUNNING,,,2969,4842,3.678674922399184,0.0005,False,True
FAILED,,,1,2,0.001,0.0005,True,False
RUNNING,,,863,5000,0.001,0.0005,True,False
COMPLETED,0.8,505.0,3848,393,0.001,0.0005,True,False
COMPLETED,0.8,64.0,347,583,0.001,0.0005,False,False
RUNNING,,,2230,5000,0.811009376195676,0.0005,True,True
RUNNING,,,3639,2,0.001,0.0005,False,False
RUNNING,,,2756,4574,10.0,0.0005,False,True
RUNNING,,,2160,4977,10.0,0.05,True,True
RUNNING,,,4377,4708,0.001,0.0005,False,True
COMPLETED,0.79,696.0,4123,658,0.001,0.0005,True,False
COMPLETED,0.81,706.0,655,957,0.001,0.05,True,False
RUNNING,,,5000,2,0.001,0.05,False,False
RUNNING,,,187,2,10.0,0.0005,True,True
RUNNING,,,1251,2,0.001,0.05,False,False
RUNNING,,,1953,129,0.001,0.0005,True,True
RUNNING,,,3008,4672,6.9512863289494655,0.05,False,True
RUNNING,,,399,2,0.001,0.05,False,False
RUNNING,,,2851,2,0.001,0.05,False,False
FAILED,,,2787,2,0.001,0.05,False,True
RUNNING,,,1957,2,10.0,0.0005,True,True
RUNNING,,,1186,2,0.001,0.0005,False,False
FAILED,,,1099,2,0.001,0.0005,True,False
RUNNING,,,2646,2,0.001,0.0005,False,False
COMPLETED,0.92,1750.0,540,135,0.001,0.05,True,True
RUNNING,,,1,3623,0.001,0.05,True,False
RUNNING,,,4344,886,10.0,0.0005,False,True
RUNNING,,,564,4813,10.0,0.0005,True,True
COMPLETED,0.92,3194.0,2371,290,8.369210024494732,0.05,True,True
RUNNING,,,1,5000,0.001,0.0005,True,True
RUNNING,,,2421,434,0.001,0.0005,True,True
FAILED,,,4738,2,0.001,0.05,True,True
COMPLETED,0.79,984.0,4301,1665,0.001,0.05,True,False
RUNNING,,,4686,5000,0.001,0.05,True,True
COMPLETED,0.81,65.0,4562,5000,0.001,0.0005,False,False
COMPLETED,0.8,569.0,913,1453,0.001,0.05,True,False
FAILED,,,3732,2,0.001,0.05,False,False
FAILED,,,4734,5000,0.001,0.0005,True,True
COMPLETED,0.8699999999999999,693.0,1163,3,0.001,0.05,True,False
FAILED,,,3012,404,0.001,0.0005,False,True
FAILED,,,4457,2,0.001,0.0005,True,False
COMPLETED,0.8,773.0,3582,1987,0.001,0.0005,True,False
COMPLETED,0.81,68.0,337,5000,0.001,0.05,False,False
FAILED,,,293,2,0.001,0.0005,True,True
COMPLETED,0.81,65.0,1839,5000,0.001,0.0005,False,False
FAILED,,,2896,2,10.0,0.0005,False,True
FAILED,,,1346,2,0.001,0.0005,False,True
FAILED,,,1439,4976,10.0,0.05,False,True
COMPLETED,0.6199999999999999,30.0,8,2975,1.80725134541381,0.0476330637518001,False,False
RUNNING,,,5000,1990,4.206022266968795,0.0143187054667582,True,True
COMPLETED,0.8,68.0,425,586,0.001,0.0230769361999079,False,False
RUNNING,,,1,5000,10.0,0.0005,False,True
RUNNING,,,1,5000,0.001,0.0005,False,True
RUNNING,,,5000,5000,1.5479906082764658,0.05,False,True
COMPLETED,0.8,71.0,655,957,0.001,0.040928783459443,False,False
FAILED,,,5000,5000,6.793279180049661,0.05,True,True
FAILED,,,92,4300,3.8652152361983254,0.0206564851537453,True,True
FAILED,,,1,5000,0.001,0.05,False,True
COMPLETED,0.92,2782.0,5000,215,10.0,0.0148683950862742,True,True
FAILED,,,5000,5000,3.8346625797172473,0.007529344747881,True,True
FAILED,,,5000,2,0.001,0.0391507145570034,False,True
FAILED,,,1,3238,3.364948357162109,0.0005,True,True
FAILED,,,4972,348,2.3297438563094484,0.0248374572965631,False,True
FAILED,,,347,583,0.001,0.0091886884975115,False,True
COMPLETED,0.92,1017.0,5000,29,4.35363787831144,0.05,False,True
FAILED,,,5000,5000,3.532192931333919,0.0192007781979167,False,True
FAILED,,,1,2,1.8859572049615931,0.0005,False,True
FAILED,,,1,4986,3.446677181793284,0.05,False,True
COMPLETED,0.92,3971.0,5000,215,10.0,0.0248094422193091,False,True
FAILED,,,1,4991,7.884628814379637,0.0005,False,True
FAILED,,,337,5000,0.0018558868482232,0.0380889775690264,False,True
FAILED,,,564,4813,10.0,0.0225899335945731,False,True
COMPLETED,0.63,30.0,5000,328,1.7520351457114156,0.0005,False,False
FAILED,,,5000,215,10.0,0.0005,True,True
FAILED,,,1,2,0.0037078085773501,0.0434764480546728,False,True
FAILED,,,5000,3920,2.1983023197682576,0.0005,False,True
FAILED,,,5000,2,0.9736165268208632,0.0183461298288554,False,True
FAILED,,,1,4986,3.459432920376331,0.05,True,True
FAILED,,,1584,1723,3.523329737371205,0.0005,True,True
FAILED,,,5000,2,0.001,0.0096394977659919,False,False
FAILED,,,1,2,1.6339997364897427,0.05,False,False
FAILED,,,2109,2595,2.7596280921556544,0.05,False,True
FAILED,,,5000,2,0.001,0.0065876703872109,False,True
FAILED,,,1,3121,4.621852426079539,0.0005,True,True
COMPLETED,0.6199999999999999,39.0,956,4564,1.1566638692492204,0.044641575976346,False,False
COMPLETED,0.8,65.0,3656,1985,0.001,0.0302613142139789,False,False
FAILED,,,5000,5000,3.8368710108724113,0.0005,True,True
FAILED,,,2744,5000,1.0582836201587906,0.05,False,True
FAILED,,,5000,5000,10.0,0.0005,False,True
COMPLETED,0.92,873.0,5000,29,4.241907223470103,0.0207017815643841,True,True
FAILED,,,2421,434,0.001,0.031234977486503,False,True
FAILED,,,1,4986,3.9761311643101847,0.0255351004897455,True,True
COMPLETED,0.91,5634.0,4972,348,2.155049222960399,0.0191839384737602,False,True
FAILED,,,1,2,0.1944495933569589,0.0005,False,True
FAILED,,,5000,1419,1.9768272379690788,0.0373582160517352,False,True
FAILED,,,5000,2,2.2736272249234966,0.05,False,True
FAILED,,,4562,5000,0.3995763097281807,0.0373514335195002,False,True
FAILED,,,8,2975,1.931947996005816,0.0430825400564109,True,False
COMPLETED,0.92,1852.0,5000,162,8.72122925731273,0.05,False,True
RUNNING,,,1530,97,3.232902761968764,0.0005,True,True
RUNNING,,,5000,5000,7.318507283462835,0.0452973159738668,True,False
RUNNING,,,2596,5000,9.264080287635727,0.05,True,False
RUNNING,,,4643,1533,4.815537779261724,0.0115993187558055,True,False
RUNNING,,,1091,1490,4.545001872834795,0.0005,True,False
RUNNING,,,1,2,0.6405107382576185,0.05,False,False
RUNNING,,,5000,2418,5.483910557390198,0.0005,False,True
RUNNING,,,5000,3153,8.837937003281404,0.05,False,True
COMPLETED,0.6099999999999999,31.0,3989,1567,2.539464517557807,0.05,False,False
RUNNING,,,1,5000,8.381436489588513,0.05,True,False
RUNNING,,,1,1465,7.866528868825304,0.05,False,True
RUNNING,,,1,254,0.001,0.0005,False,True
COMPLETED,0.92,1989.0,1,138,6.487999915611747,0.05,True,True
RUNNING,,,3573,5000,10.0,0.05,True,False
COMPLETED,0.19,31.0,5000,5000,8.727621376191564,0.0005,False,False
RUNNING,,,1,3022,1.5144358627975645,0.0005,True,True
RUNNING,,,1,4164,3.421937483955338,0.05,True,True
FAILED,,,1,2,1.677718743628439,0.05,True,True
RUNNING,,,1,2147,0.7608908011424383,0.05,True,True
RUNNING,,,5000,4153,8.80727440731208,0.05,False,True
RUNNING,,,1,1474,4.919462765029923,0.0005,True,False
RUNNING,,,1,5000,9.879835695636412,0.0005,True,False
RUNNING,,,1957,2,9.893148292477552,0.0005,True,False
RUNNING,,,5000,5000,9.049945559713048,0.05,True,False
RUNNING,,,1,138,1.605862702496702,0.0005,False,True
RUNNING,,,4771,3118,3.6676095874199808,0.0005,True,True
COMPLETED,0.19,25.0,1,5000,8.273671147857609,0.0005,False,False
RUNNING,,,2103,3349,6.087163726706804,0.0005,True,True
RUNNING,,,4838,1619,4.065203529590304,0.05,True,False
RUNNING,,,5000,1425,5.50272941298659,0.05,True,False
RUNNING,,,2195,2944,3.393711455874658,0.0005,True,True
RUNNING,,,23,4360,2.922279860549648,0.05,False,True
COMPLETED,0.47,30.0,1706,1574,4.104453053292407,0.05,False,False
RUNNING,,,1,1607,4.5335001638143675,0.0005,True,True
RUNNING,,,4921,2306,8.906933614213678,0.0005,False,True
RUNNING,,,4692,1093,8.79910823932296,0.05,False,True
RUNNING,,,1,5000,1.087057351336831,0.0005,False,True
RUNNING,,,1,3502,0.001,0.0005,True,True
RUNNING,,,2763,3633,4.033422487131124,0.0005,False,True
RUNNING,,,514,3532,8.63695257305751,0.05,False,True
RUNNING,,,5000,5000,5.013898206808363,0.0005,False,True
RUNNING,,,1358,4395,2.3980670581277743,0.05,True,True
RUNNING,,,1942,1765,8.607914140386818,0.0005,False,True
RUNNING,,,5000,5000,8.669489532944656,0.05,False,True
RUNNING,,,1,1587,3.259553309453546,0.0005,True,True
COMPLETED,0.92,1612.0,675,112,4.1427998055403545,0.05,True,True
FAILED,,,5000,5000,6.457691794726999,0.05,True,False
FAILED,,,722,2025,3.446853596151448,0.0005,False,True
FAILED,,,1,1566,4.1825820236379485,0.0005,True,False
FAILED,,,1,2,1.1628925343038607,0.05,True,True
RUNNING,,,740,2,8.831415545694806,0.0005,False,True
RUNNING,,,5000,2,8.260230984566974,0.05,True,False
RUNNING,,,1,2415,4.029854958014055,0.0005,True,False
RUNNING,,,1,493,3.416285429926148,0.0005,False,True
FAILED,,,1,2,2.010910794837029,0.05,True,True
RUNNING,,,5000,2,5.401158437005241,0.0005,False,True
RUNNING,,,1,2,0.8541632115478124,0.0005,True,True
RUNNING,,,2640,459,3.3276534048864668,0.05,True,True
COMPLETED,0.77,54.0,5000,3849,0.7963910716702433,0.0005,False,False
RUNNING,,,5000,5000,5.885202887324732,0.05,False,True
FAILED,,,2543,2,5.499554145187683,0.05,True,True
COMPLETED,0.53,30.0,1,1479,2.920242133037957,0.0005,False,False
RUNNING,,,1708,1409,0.001,0.05,False,True
FAILED,,,1,2,0.8711853998429809,0.05,False,True
RUNNING,,,1,2,7.7844716999531745,0.0005,True,False
RUNNING,,,1,1514,8.38068621511908,0.0005,False,True
RUNNING,,,2187,2393,2.789876943204255,0.05,True,True
RUNNING,,,2116,2,8.497101748608788,0.0005,True,False
RUNNING,,,1,5000,1.3504526037155606,0.05,True,True
RUNNING,,,1,4816,8.329144560658236,0.0005,False,True
RUNNING,,,644,2,9.544016633356271,0.0005,False,True
RUNNING,,,1547,2290,0.8076052585239419,0.0005,False,True
RUNNING,,,1,2147,2.605852129701842,0.0005,True,True
FAILED,,,1625,2,3.6794728888846735,0.05,False,True
COMPLETED,0.76,69.0,1,4135,0.8217621125804495,0.0005,False,False
RUNNING,,,2497,2946,5.173253825838224,0.0005,True,False
RUNNING,,,5000,1937,5.195278194830331,0.05,False,True
RUNNING,,,1,4368,7.714954925474791,0.0005,False,True
RUNNING,,,1,3597,9.461694308998393,0.05,False,True
FAILED,,,1,2,2.838621393597738,0.05,False,True
RUNNING,,,4822,3325,5.396925125830596,0.05,False,True
COMPLETED,0.56,24.0,5000,1490,3.0353385051407327,0.0005,False,False
FAILED,,,1,2,2.619883256060186,0.05,True,True
RUNNING,,,5000,2461,4.599985720316806,0.05,True,False
RUNNING,,,1,312,7.404734254277726,0.0005,False,True
RUNNING,,,5000,2349,6.331243963548566,0.05,False,True
RUNNING,,,2491,2,7.950604347542838,0.0005,True,False
FAILED,,,921,2,5.304800364172202,0.0005,True,True
COMPLETED,0.64,32.0,2649,1123,1.82267834745875,0.0005,False,False
FAILED,,,1,416,8.886376636237292,0.0005,False,True
FAILED,,,876,2936,0.001,0.0005,False,True
FAILED,,,2829,2479,4.469535007076358,0.0005,True,False
FAILED,,,5000,2,7.497615728369702,0.05,True,False
FAILED,,,1,2,0.4420858075432853,0.0005,False,True
FAILED,,,1,3985,0.8510110302613096,0.0005,True,True
FAILED,,,1,2741,4.56832542676726,0.0005,True,False
COMPLETED,0.92,3325.0,5000,260,5.595235370408633,0.05,False,True
FAILED,,,1,5000,2.804407493798603,0.0005,False,True
FAILED,,,5000,2348,5.47013689522589,0.05,True,True
RUNNING,,,5000,3931,7.503577174042921,0.0005,False,True
RUNNING,,,845,2672,10.0,0.0005,True,True
FAILED,,,5000,2,1.151919855995777,0.05,True,True
RUNNING,,,4179,3784,9.913708030045544,0.05,True,True
FAILED,,,4204,2787,6.9760717000459405,0.05,True,True
FAILED,,,3393,2373,0.001,0.05,True,True
FAILED,,,1548,3738,2.5673034900199383,0.05,True,True
FAILED,,,1,1665,1.468459556057016,0.0005,False,True
FAILED,,,4153,2694,4.522758976606217,0.05,True,True
FAILED,,,3109,1743,10.0,0.0005,True,True
FAILED,,,1,1826,4.0142391118429925,0.0005,False,True
FAILED,,,2284,2977,10.0,0.0005,False,True
FAILED,,,3360,4259,0.2492401266359042,0.05,False,True
FAILED,,,3678,3769,1.2335040232811851,0.05,False,True
FAILED,,,4953,4122,10.0,0.0005,False,True
FAILED,,,1,2724,0.001,0.05,False,True
FAILED,,,3531,2572,1.8194876670615727,0.05,False,True
FAILED,,,3100,4490,0.001,0.0481912549340711,True,False
FAILED,,,452,3685,7.09231693431104,0.0448875581384633,True,True
FAILED,,,825,3779,5.591293328328355,0.05,False,True
FAILED,,,2087,2834,5.0187361538207185,0.0005,False,True
FAILED,,,834,3202,9.98150827892797,0.05,True,True
FAILED,,,3185,3505,4.321915033179542,0.0005,True,True
FAILED,,,4888,3510,0.2683126896309155,0.0005,False,True
FAILED,,,316,3004,7.5763959016359665,0.05,True,True
FAILED,,,2211,2341,9.937758444608743,0.0005,True,True
FAILED,,,4304,1668,5.260957177961176,0.0005,False,True
FAILED,,,1549,3707,2.4807104718836026,0.0005,False,True
FAILED,,,1305,2633,7.002265677496761,0.0005,False,True
FAILED,,,4877,4009,8.10795866495904,0.05,True,True
FAILED,,,4939,3966,2.229055844035293,0.0005,False,True
FAILED,,,3044,2401,3.2720491330042334,0.0005,False,True
FAILED,,,357,1800,3.3056186372058973,0.05,True,True
FAILED,,,1,4066,5.879629370890429,0.0005,False,True
FAILED,,,3877,4621,3.9536438355827728,0.05,True,True
FAILED,,,221,4113,0.001,0.0005,False,True
FAILED,,,3466,1838,6.646462387157646,0.0005,False,True
FAILED,,,1546,2526,1.5765304317557776,0.0005,True,True
FAILED,,,1765,3271,0.1071087200250174,0.0005,True,False
FAILED,,,3,3717,0.001,0.05,True,True
FAILED,,,1765,3240,0.001,0.0005,True,True
FAILED,,,845,3341,8.447768078232468,0.0005,False,True
FAILED,,,1793,4497,6.497872855900288,0.05,True,True
FAILED,,,955,4533,0.8809366757922683,0.0005,False,True
FAILED,,,4495,4510,5.829312376672312,0.0005,False,True
FAILED,,,2840,1756,1.1463018436839942,0.05,False,True
FAILED,,,4844,2297,7.56792744881886,0.05,True,True
FAILED,,,211,5000,7.008142034167085,0.0005,False,True
FAILED,,,4839,1554,4.13537193419806,0.05,False,True
FAILED,,,2459,3955,9.13333540653304,0.0005,True,True
RUNNING,,,3098,3035,7.410761330483106,0.05,True,True
RUNNING,,,2,4088,0.8315457125941096,0.05,False,True
RUNNING,,,5000,1945,10.0,0.0005,True,True
RUNNING,,,5000,2537,8.121797744168246,0.05,True,True
FAILED,,,5000,2,1.2637478632653547,0.05,True,True
RUNNING,,,1705,2894,5.77370220633383,0.05,True,True
RUNNING,,,472,2890,10.0,0.047337155721076,False,True
RUNNING,,,613,4187,6.669479824168818,0.05,False,True
RUNNING,,,1,2690,3.742047563896043,0.0005,False,True
RUNNING,,,5000,2674,1.6671562356930971,0.05,False,True
RUNNING,,,216,4439,0.001,0.0005,True,False
RUNNING,,,1762,3652,2.280757776053449,0.0323715710326102,False,True
RUNNING,,,5000,2462,0.001,0.0005,True,True
RUNNING,,,5000,3495,8.205217733794578,0.0005,True,True
RUNNING,,,5000,3812,0.1966645908559958,0.0005,False,True
RUNNING,,,1,1700,2.8943607228564088,0.05,False,True
RUNNING,,,4302,1587,0.8110066714021059,0.05,True,True
RUNNING,,,3044,2399,3.3467317052397303,0.0005,False,True
RUNNING,,,4100,2581,2.656081525551712,0.0005,True,True
RUNNING,,,617,3768,3.153502467336659,0.0005,False,True
RUNNING,,,5000,2140,6.433003886120145,0.0005,True,True
RUNNING,,,1843,4149,0.001,0.0005,False,True
RUNNING,,,4669,3038,0.001,0.0005,False,True
RUNNING,,,1305,2850,7.988365472125163,0.0005,False,True
RUNNING,,,911,2301,3.7906674231860986,0.05,False,True
RUNNING,,,4874,3851,5.890077745845502,0.0005,False,True
RUNNING,,,4998,2628,6.353234564536953,0.0005,False,True
RUNNING,,,1125,3309,8.25044402272103,0.05,True,True
RUNNING,,,1,1637,8.786950208880736,0.0005,True,True
RUNNING,,,4667,2694,0.001,0.05,True,True
RUNNING,,,1,3856,7.931297729849195,0.0005,True,True
RUNNING,,,2399,3402,4.054244124859242,0.05,True,True
RUNNING,,,3853,4484,0.001,0.05,False,True
RUNNING,,,2856,4578,1.6765976531558016,0.039238421293484,False,True
RUNNING,,,5000,4724,0.001,0.05,True,False
RUNNING,,,2734,4609,0.6352235116097185,0.05,True,True
RUNNING,,,4186,3869,10.0,0.0005,False,True
RUNNING,,,1,3368,1.2970083668283483,0.0383458589573459,False,True
RUNNING,,,5000,4050,9.059914287911726,0.05,True,True
RUNNING,,,2665,4394,6.4086453938472046,0.0005,True,True
RUNNING,,,1,4159,4.111845250655014,0.0005,False,True
RUNNING,,,5000,4302,5.373816244420546,0.05,False,True
RUNNING,,,4158,2663,4.2499951701272565,0.0005,True,True
FAILED,,,4021,3801,4.591394446465952,0.05,True,True
FAILED,,,4558,3238,0.001,0.0005,True,False
FAILED,,,4302,1582,0.9709170947793468,0.05,False,True
FAILED,,,4665,3727,7.154320531257797,0.05,True,True
FAILED,,,2,3647,0.001,0.05,True,True
FAILED,,,5000,2499,0.001,0.05,False,True
FAILED,,,2310,1539,6.560651485074434,0.0005,True,True
FAILED,,,5000,2,1.1127687921733687,0.05,True,True
RUNNING,,,2399,3832,5.0702299710930525,0.05,False,True
RUNNING,,,1,1700,1.4648559342140828,0.05,False,True
RUNNING,,,5000,1925,0.001,0.05,True,True
RUNNING,,,4744,3247,4.820926067834851,0.0005,False,True
RUNNING,,,1,1945,3.5285245175650126,0.0005,False,True
RUNNING,,,4235,3686,6.248141446244626,0.05,True,True
RUNNING,,,2318,1640,6.490047192468525,0.05,False,True
RUNNING,,,3041,3532,6.91975424577936,0.0005,False,True
RUNNING,,,1619,3304,9.932066086070288,0.0005,True,True
FAILED,,,1,2,10.0,0.05,True,True
RUNNING,,,1,1471,6.9169974782959605,0.0005,False,True
RUNNING,,,1,2097,0.9185672541942556,0.05,False,True
RUNNING,,,617,3746,3.488383552846656,0.05,True,True
RUNNING,,,4854,1723,3.4089301787252544,0.05,True,True
RUNNING,,,1,1840,7.610293861356728,0.05,True,True
RUNNING,,,1458,3755,8.080875254554476,0.05,False,True
RUNNING,,,2756,4518,10.0,0.05,True,True
RUNNING,,,1125,3346,0.1255510645253929,0.0005,True,False
RUNNING,,,4997,3745,0.001,0.05,True,True
RUNNING,,,1359,4478,2.023028592011273,0.0005,False,True
RUNNING,,,5000,2557,8.946383795519361,0.05,False,True
RUNNING,,,1,2589,2.0505458593573813,0.05,True,True
RUNNING,,,4999,2649,7.134964292726878,0.0005,True,True
RUNNING,,,5000,3826,0.3438554102610048,0.0005,True,False
RUNNING,,,5000,1821,1.357199272771846,0.0005,False,True
RUNNING,,,2803,4511,8.40717326986657,0.05,False,True
RUNNING,,,5000,3948,7.11337755944052,0.05,True,True
RUNNING,,,211,5000,7.007190409668309,0.0005,False,True
RUNNING,,,4667,2619,0.001,0.0005,False,True
RUNNING,,,1,1589,3.8917813821877303,0.0005,False,True
RUNNING,,,5000,3704,1.2662495774587488,0.05,True,True
RUNNING,,,1,1573,10.0,0.0005,False,True
RUNNING,,,3101,4128,1.4051972969239943,0.0005,True,True
RUNNING,,,3857,3583,2.9381657145663955,0.0005,True,True
RUNNING,,,5000,1430,3.08794725637722,0.0005,False,True
RUNNING,,,152,4491,4.5062842054723244,0.0005,True,True
RUNNING,,,4952,4182,10.0,0.05,False,True
RUNNING,,,5000,4182,0.001,0.05,True,False
RUNNING,,,4778,3087,3.896204465402144,0.05,False,True
RUNNING,,,1,3555,9.650363043585356,0.05,True,True
RUNNING,,,2539,1620,9.687258853419452,0.05,True,True
RUNNING,,,4997,2242,0.001,0.05,False,True
RUNNING,,,1,3011,10.0,0.0431484709370481,True,True
RUNNING,,,1330,4070,2.5234068425607425,0.05,False,True
RUNNING,,,4991,2098,7.174766962250743,0.05,False,True
FAILED,,,152,4568,4.519046703196917,0.05,False,True
FAILED,,,5000,4930,9.152308426431464,0.0005,True,True
FAILED,,,4302,1587,0.5959902493007578,0.05,False,True
FAILED,,,1,2958,2.475432238378165,0.05,True,True
FAILED,,,5000,2,1.1305255246886303,0.05,True,True
RUNNING,,,1125,3359,0.001,0.05,True,True
RUNNING,,,2814,3925,3.432944003542179,0.0005,True,True
RUNNING,,,3097,3028,7.201909131338257,0.05,False,True
RUNNING,,,3595,4766,5.1966052174777415,0.0005,False,True
RUNNING,,,1,3056,9.781614183454954,0.0005,False,True
RUNNING,,,1,2248,8.580376945089919,0.0005,True,True
RUNNING,,,3506,3041,5.742924917319494,0.0005,False,True
RUNNING,,,206,4152,0.001,0.0337836857502493,True,True
FAILED,,,1,2,1.74088164746998,0.05,True,True
RUNNING,,,1,2780,1.0998021680713563,0.05,True,True
RUNNING,,,1,1780,0.813521132552797,0.0005,True,True
RUNNING,,,1,4419,7.776755900228242,0.05,True,True
RUNNING,,,1,2354,4.277367068934337,0.0005,True,True
RUNNING,,,5000,5000,0.001,0.0005,True,False
RUNNING,,,4795,2876,5.1439538024175135,0.05,False,True
RUNNING,,,141,4462,3.588001404227125,0.0005,False,True
RUNNING,,,5000,2324,1.2245276035808494,0.0005,True,True
RUNNING,,,211,5000,6.060294600061169,0.0005,False,True
RUNNING,,,4831,2855,1.7107593556748784,0.0005,False,True
RUNNING,,,4562,5000,2.3585852666177174,0.0005,False,True
RUNNING,,,4282,4118,3.7649046060648335,0.0005,True,True
RUNNING,,,1378,4738,2.7347509741240272,0.05,False,True
RUNNING,,,5000,2167,6.039592731531977,0.0005,False,True
RUNNING,,,3170,3229,2.418974926006559,0.0005,True,True
COMPLETED,0.76,72.0,4670,3126,0.001,0.0005,False,False
RUNNING,,,956,4532,1.0957141542913555,0.0005,True,True
COMPLETED,0.77,2838.0,4678,3046,0.001,0.0005,True,False
RUNNING,,,5000,1653,5.842848914629366,0.0005,False,True
RUNNING,,,2517,3794,1.8959532656429987,0.0005,False,True
RUNNING,,,4791,4608,4.73388354994974,0.0005,True,True
RUNNING,,,4997,3692,0.001,0.05,False,True
RUNNING,,,5000,2479,6.690013169003982,0.05,True,True
RUNNING,,,4839,1642,0.001,0.0005,False,True
RUNNING,,,2729,3413,4.520377243870128,0.0005,True,True
RUNNING,,,5000,5000,1.8889496043630147,0.0005,True,True
FAILED,,,1,2,10.0,0.05,True,True
RUNNING,,,2430,3477,1.004406565817903,0.0005,False,True
RUNNING,,,1,4414,9.314002939335712,0.0005,True,True
RUNNING,,,1536,3337,4.711030335810494,0.05,True,True
RUNNING,,,5000,2354,10.0,0.05,True,True
RUNNING,,,1,1846,6.8523703739957,0.05,False,True
RUNNING,,,5000,1627,10.0,0.05,False,True
RUNNING,,,5000,4821,10.0,0.05,False,True
RUNNING,,,5000,2467,7.547591560172517,0.05,False,True
RUNNING,,,5000,5000,3.2875115711040475,0.05,False,True
RUNNING,,,1,4413,0.001,0.0005,False,True
FAILED,,,1362,4390,9.425721374178638,0.05,False,True
FAILED,,,4994,3782,8.689344696608014,0.0005,False,True
FAILED,,,1936,4585,2.80895223767104,0.0421318084632379,True,True
FAILED,,,2455,2,0.001,0.0005,True,False
COMPLETED,0.92,2443.0,1,189,1.4063459226818396,0.05,True,True
RUNNING,,,2099,2,0.001,0.0005,False,True
COMPLETED,0.92,1251.0,1,102,8.90963828426989,0.05,False,True
RUNNING,,,2557,69,5.569832023233401,0.0005,True,True
RUNNING,,,4314,5000,5.898273535873583,0.05,True,True
RUNNING,,,1808,232,3.566726796605675,0.0005,False,True
RUNNING,,,1492,2551,8.752177903336033,0.05,False,True
RUNNING,,,5000,879,4.233939739991093,0.0005,False,True
RUNNING,,,1,1084,2.4716945347541377,0.05,True,True
FAILED,,,1,2,0.001,0.05,False,True
RUNNING,,,4358,5000,5.678287657592572,0.0005,True,True
FAILED,,,1,2,10.0,0.05,False,True
RUNNING,,,29,4902,2.8299744440168766,0.0017648713548847,False,True
FAILED,,,1,2,0.8932696000976135,0.05,False,True
RUNNING,,,1,3982,0.001,0.05,False,True
RUNNING,,,5000,5000,5.241398498602642,0.0005,True,True
RUNNING,,,1,5000,0.7885464479591529,0.0005,True,True
RUNNING,,,1,2,2.4725648232144186,0.0005,True,True
RUNNING,,,1,1084,2.360573391811158,0.0486112723342044,False,True
RUNNING,,,1,2,2.4342241588830302,0.0005,False,True
RUNNING,,,5000,2,5.347427074534721,0.0005,True,True
RUNNING,,,1,2124,1.979252309895076,0.0005,False,True
RUNNING,,,2326,1038,6.55070704842098,0.0005,True,True
RUNNING,,,2894,3998,5.258717254536185,0.0005,True,True
RUNNING,,,1,2,1.5459153245600668,0.0005,True,True
FAILED,,,1,2,0.8455710332871044,0.0005,False,True
FAILED,,,4141,5000,4.3452273308576315,0.0005,False,True
FAILED,,,2304,2,9.632597806197976,0.05,False,True
FAILED,,,1,4555,9.221088438589607,0.0005,False,True
FAILED,,,4822,3325,5.533233231975337,0.0005,True,True
FAILED,,,1382,4747,2.4865081620705887,0.0005,True,True
FAILED,,,2660,659,2.785778071193007,0.0005,True,True
FAILED,,,2408,505,3.513101305573469,0.05,False,True
FAILED,,,2609,353,0.001,0.05,False,True
FAILED,,,1,2,2.0017542602456753,0.05,True,True
FAILED,,,1809,5000,0.2879401994845147,0.05,False,True
FAILED,,,5000,2806,9.168719409105533,0.05,True,True
FAILED,,,1,4253,3.155744250289781,0.0005,True,True
FAILED,,,1273,1894,2.262255736402953,0.0005,True,True
FAILED,,,5000,5000,2.8345681399347784,0.0005,True,True
FAILED,,,1,5000,1.4900870041959804,0.0005,True,True
FAILED,,,1856,4732,5.497399516858932,0.0379063921458427,True,True
FAILED,,,5000,3689,4.145775170293046,0.0005,False,True
FAILED,,,1,2,3.1471665209242348,0.05,False,True
FAILED,,,2731,5000,2.29752455431532,0.05,True,True
FAILED,,,1,5000,0.001,0.05,True,True
FAILED,,,2805,5000,6.483490494467014,0.0005,False,True
FAILED,,,1,5000,8.433407991245309,0.0476476253524377,True,True
FAILED,,,659,5000,1.717895947242961,0.0005,False,True
FAILED,,,2438,2,0.001,0.0005,True,False
RUNNING,,,1,3117,7.555674943349734,0.0005,False,True
RUNNING,,,3181,1017,3.778922717654394,0.05,False,True
RUNNING,,,2090,5000,3.5286325438861934,0.0005,True,True
RUNNING,,,1,802,0.001,0.05,False,True
RUNNING,,,1,2,0.001,0.0005,True,True
RUNNING,,,5000,3521,5.286856077163629,0.0005,True,True
FAILED,,,1,2,0.6437484767841247,0.05,False,True
FAILED,,,1507,2,10.0,0.05,False,True
RUNNING,,,2739,4569,9.44349357901744,0.05,False,True
RUNNING,,,1,4179,2.4915619362429284,0.0005,True,True
RUNNING,,,1762,830,3.08974002308921,0.05,False,True
RUNNING,,,2796,4649,7.425661122617595,0.0005,True,True
RUNNING,,,2813,3753,6.356464607773011,0.05,True,True
RUNNING,,,1,2,10.0,0.0005,False,True
RUNNING,,,2539,1154,8.929882182940183,0.05,False,True
RUNNING,,,1019,3015,0.001,0.05,False,True
RUNNING,,,2252,2297,5.653562201193668,0.0005,True,True
RUNNING,,,60,2,0.654600033240133,0.0005,False,True
RUNNING,,,1,2,5.130899411111782,0.0005,True,True
RUNNING,,,3073,4688,5.331236096443477,0.05,True,True
RUNNING,,,2881,2,2.575513874360673,0.0005,True,True
RUNNING,,,4613,2,4.332760383580322,0.0005,False,True
RUNNING,,,5000,5000,3.137265459402492,0.0005,True,True
RUNNING,,,1789,5000,2.488426565304757,0.0005,True,True
RUNNING,,,2325,1646,6.0514115933562636,0.05,True,True
RUNNING,,,3656,1985,0.001,0.0433453424541668,False,True
FAILED,,,1,2,1.930429187427936,0.05,False,True
RUNNING,,,1,493,3.634929253676337,0.0005,True,True
RUNNING,,,2969,4842,3.1112406742095766,0.05,True,True
RUNNING,,,2196,4099,10.0,0.05,False,True
RUNNING,,,1,5000,0.2155574124273129,0.05,False,True
RUNNING,,,1464,5000,0.5236630346736025,0.0005,False,True
RUNNING,,,5000,4419,3.9874643395932745,0.0005,False,True
RUNNING,,,1,5000,0.001,0.05,True,True
RUNNING,,,5000,2418,5.095020077598875,0.0005,True,True
FAILED,,,1,2,1.3169256985163615,0.05,False,True
FAILED,,,1631,480,5.158764918401396,0.0005,True,True
COMPLETED,0.81,66.0,2728,5000,0.001,0.05,False,False
FAILED,,,5000,3217,9.053203475096787,0.05,True,True
FAILED,,,3345,505,3.906771535899773,0.0110665112386371,False,True
FAILED,,,1,2,10.0,0.05,False,True
FAILED,,,3794,4825,4.182319536016048,0.05,False,True
FAILED,,,2666,718,9.467494458369261,0.05,False,True
FAILED,,,1666,4852,10.0,0.05,False,True
FAILED,,,677,5000,8.463962232930678,0.05,False,True
FAILED,,,3089,3032,6.788392708355215,0.0005,True,True
FAILED,,,1,5000,1.7191727777655856,0.05,False,True
FAILED,,,2814,3925,3.3725393143514966,0.0458902724347098,False,True
FAILED,,,2090,5000,4.059503652207042,0.05,False,True
FAILED,,,2452,2,0.001,0.0005,True,False
FAILED,,,1679,2,10.0,0.05,False,True
FAILED,,,1,2,10.0,0.05,False,True
FAILED,,,608,2,0.8535600209709289,0.05,False,True
COMPLETED,0.6,29.0,4337,3678,2.197587811631061,0.0005,False,False
RUNNING,,,1,4917,1.9627493162402907,0.05,False,True
RUNNING,,,2966,5000,4.000830461074092,0.05,True,True
FAILED,,,1,2,1.0646336260317624,0.05,False,True
RUNNING,,,1,5000,8.549928948530413,0.0380561608403364,True,True
RUNNING,,,1,5000,4.854147526616051,0.05,True,True
RUNNING,,,1981,516,5.828665066707478,0.0005,True,True
RUNNING,,,2966,5000,4.025135587210166,0.05,False,True
RUNNING,,,1,2559,0.001,0.0005,False,True
RUNNING,,,1,1486,0.8856394751847573,0.0005,False,True
RUNNING,,,1,2724,8.286772896246662,0.0005,False,True
RUNNING,,,5000,69,0.001,0.0005,False,True
RUNNING,,,1,5000,7.869363324197325,0.05,False,True
RUNNING,,,4323,5000,4.172218291017011,0.05,False,True
COMPLETED,0.91,5928.0,1,439,3.2991583003473273,0.05,False,True
FAILED,,,1,2,3.093669451124762,0.05,True,True
RUNNING,,,5000,5000,2.829128810827001,0.05,True,True
RUNNING,,,1,3449,1.5678516423965159,0.0005,False,True
RUNNING,,,1,5000,8.705022656128987,0.05,False,True
RUNNING,,,5000,2,3.7855935974299206,0.05,False,False
RUNNING,,,1839,5000,0.0107212618850038,0.0476747901880702,False,True
RUNNING,,,2387,5000,6.303704284515211,0.0005,True,True
RUNNING,,,3007,3493,6.748401534826256,0.0005,True,True
RUNNING,,,1478,4870,5.308645796733043,0.028868805517829,True,True
FAILED,,,1,2,0.0776542178270348,0.05,False,True
COMPLETED,0.92,4416.0,2241,283,3.472684200441694,0.05,False,True
COMPLETED,0.92,2230.0,2588,159,0.001,0.05,False,True
RUNNING,,,1,4610,9.343581212348381,0.0005,False,True
RUNNING,,,808,3231,4.9378881035140205,0.0005,True,True
RUNNING,,,2803,960,3.71002534132112,0.0005,True,True
RUNNING,,,2242,3275,3.910515276386236,0.05,False,True
RUNNING,,,1,5000,0.4743953297329935,0.05,True,False
RUNNING,,,2241,5000,3.5132361163406176,0.05,False,True
RUNNING,,,1808,1598,0.5546467386404383,0.05,False,True
RUNNING,,,315,5000,1.3090728634293827,0.05,False,True
RUNNING,,,4158,2663,4.182547358962411,0.0005,False,True
RUNNING,,,5000,5000,7.876098438204577,0.021693124211362,False,True
FAILED,,,1163,2,0.162000741639804,0.05,False,True
RUNNING,,,1,4834,3.7151889996919594,0.0005,True,True
FAILED,,,1,2,2.0616020166397875,0.034083985013293,False,True
RUNNING,,,4903,4270,4.587227830599682,0.0005,False,True
RUNNING,,,1005,183,5.3500728716234445,0.0005,True,True
FAILED,,,2615,2,6.172641792703904,0.05,True,True
COMPLETED,0.92,2308.0,2651,166,5.596026753585293,0.0450022294197665,True,True
FAILED,,,4674,5000,4.15004128770292,0.0005,True,True
FAILED,,,1620,3303,9.475275948002174,0.05,False,True
FAILED,,,2432,2,0.001,0.0005,True,False
FAILED,,,1956,2,9.416592088263805,0.05,False,True
FAILED,,,1,2,0.839389791901569,0.0381110282421237,False,True
COMPLETED,0.6099999999999999,25.0,1302,1938,2.7217679200621907,0.05,False,False
FAILED,,,5000,1671,5.5715841685152405,0.0005,True,True
FAILED,,,1697,1658,9.806440608400655,0.05,False,True
FAILED,,,2007,2,10.0,0.05,False,True
FAILED,,,2427,2,0.001,0.0005,True,False
RUNNING,,,181,5000,7.097364519612873,0.0005,True,True
RUNNING,,,5000,5000,6.244903598869382,0.0005,True,True
FAILED,,,187,2,10.0,0.045974500147589,False,True
RUNNING,,,5000,60,4.6560742695447965,0.0005,False,True
RUNNING,,,5000,5000,5.797410214564451,0.0005,True,True
FAILED,,,2404,2,0.001,0.0005,True,False
FAILED,,,5000,2,5.884958705076016,0.0005,True,True
RUNNING,,,5000,5000,0.001,0.05,False,True
RUNNING,,,1,1958,0.001,0.05,False,True
RUNNING,,,1612,5000,8.892203565618649,0.0005,False,True
RUNNING,,,2109,4497,3.030361853473042,0.0144462500459997,True,True
RUNNING,,,1,2651,0.001,0.05,True,True
FAILED,,,2393,2,0.001,0.0005,True,False
FAILED,,,2128,2,9.000134098269934,0.05,False,True
RUNNING,,,5000,1791,9.08799642385847,0.05,True,True
FAILED,,,1,2,10.0,0.05,False,True
RUNNING,,,5000,1603,5.7427673949438605,0.0005,True,True
FAILED,,,1740,2,10.0,0.05,False,True
FAILED,,,2441,2,0.001,0.0005,True,False
FAILED,,,1,2,0.001,0.0282704810304781,False,True
RUNNING,,,1342,1406,10.0,0.05,False,True
RUNNING,,,5000,4981,9.837794209957993,0.05,True,True
RUNNING,,,1533,5000,8.416987763737833,0.05,False,True
FAILED,,,1,2,0.2904318570487425,0.05,False,True
FAILED,,,2443,2,0.001,0.0005,True,False
FAILED,,,1303,2,10.0,0.0005,False,True
RUNNING,,,3494,5000,4.242185281230348,0.0005,False,True
RUNNING,,,1,5000,0.0614246944530614,0.0212394779421539,True,False
RUNNING,,,1,5000,6.2065033650283565,0.0005,True,True
RUNNING,,,5000,5000,5.682541476417402,0.05,True,True
FAILED,,,2438,2,0.001,0.0005,True,False
RUNNING,,,1,4159,4.027971139804199,0.0005,True,True
FAILED,,,2430,2,0.001,0.0005,True,False
RUNNING,,,3430,5000,2.3251062908163687,0.05,True,True
RUNNING,,,1,1846,6.749397583110836,0.0005,True,True
FAILED,,,1,2,10.0,0.05,False,True
FAILED,,,1,2,0.001,0.05,False,True
RUNNING,,,1,2,8.245594363162095,0.0005,False,True
RUNNING,,,5000,1491,3.1351720907863028,0.0005,True,True
FAILED,,,2429,2,0.001,0.0005,True,False
RUNNING,,,5000,5000,8.546075271675795,0.05,True,True
RUNNING,,,5000,1425,5.337824026466365,0.0005,True,True
FAILED,,,1056,2,7.427790912697127,0.05,False,True
RUNNING,,,4743,4984,4.465038371682297,0.0266569966835218,False,True
FAILED,,,2096,2,10.0,0.05,False,True
FAILED,,,2424,2,0.001,0.0005,True,False
FAILED,,,1,2,0.7370370058037766,0.05,False,True
RUNNING,,,1,1163,9.102435614037434,0.0005,False,True
RUNNING,,,837,2,0.001,0.0005,False,True
FAILED,,,5000,2780,2.4240265707032007,0.05,True,True
FAILED,,,60,2,1.0928406092875704,0.0237150608382221,False,False
FAILED,,,2408,2,0.001,0.0005,True,False
FAILED,,,2438,2,0.001,0.0005,True,False
FAILED,,,1,2,10.0,0.05,False,True
FAILED,,,2001,2,9.645122293704992,0.05,False,True
FAILED,,,1,2,0.001,0.0498907898073221,False,True
FAILED,,,1952,2,9.299402337732916,0.0170225547597337,False,True
RUNNING,,,5000,3189,3.170817195155589,0.05,True,True
RUNNING,,,2360,5000,7.781378874103448,0.05,False,True
RUNNING,,,2640,4622,0.810275314934853,0.0005,False,True
FAILED,,,2439,2,0.001,0.0005,True,False
RUNNING,,,4660,4999,2.447670446925219,0.0005,True,True
FAILED,,,1,2,3.220694494187813,0.05,True,True
RUNNING,,,1838,2,1.169338808581483,0.05,False,False
FAILED,,,5000,2785,5.660492532342733,0.0005,True,True
FAILED,,,1208,5000,2.890288617746103,0.05,True,True
FAILED,,,2427,2,0.001,0.0005,True,False
FAILED,,,4812,3365,4.7336337375064685,0.0005,True,True
FAILED,,,1,2,0.4930470553543795,0.0350125415265145,False,True
FAILED,,,992,2396,7.725413170754271,0.05,False,True
RUNNING,,,3139,2,3.3355003030780286,0.0005,True,True
RUNNING,,,1504,5000,0.001,0.0005,True,False
FAILED,,,2419,2,0.001,0.0005,True,False
FAILED,,,1586,2,10.0,0.05,False,True
COMPLETED,0.69,37.0,5000,3515,1.1813892630283143,0.05,False,False
RUNNING,,,1,3341,7.272353326250679,0.05,True,True
RUNNING,,,1,2316,6.14933001289492,0.05,False,True
RUNNING,,,1,3479,2.1631015888591105,0.0005,True,True
FAILED,,,1,2,10.0,0.05,True,True
RUNNING,,,5000,4742,0.001,0.0005,True,False
RUNNING,,,5000,4039,0.001,0.0005,True,False
RUNNING,,,1,3444,0.001,0.0005,False,True
RUNNING,,,5000,2780,9.25484745333168,0.0005,True,True
RUNNING,,,1,4262,7.084241839985042,0.05,True,True
RUNNING,,,5000,2053,10.0,0.05,True,True
RUNNING,,,4920,4062,3.8357615704205057,0.05,True,True
RUNNING,,,1,2588,0.4877417953421581,0.05,False,True
RUNNING,,,5000,2010,10.0,0.0005,False,True
FAILED,,,1,1783,10.0,0.05,True,True
RUNNING,,,844,2569,10.0,0.0005,False,True
RUNNING,,,5000,3206,9.222769417664932,0.0005,True,True
FAILED,,,1,3126,0.6246630202019602,0.05,True,True
RUNNING,,,5000,3293,8.164767380863923,0.0005,False,True
FAILED,,,1,2,9.707697046388146,0.05,True,True
RUNNING,,,191,3963,1.418382194136746,0.0005,False,True
RUNNING,,,833,4481,5.814672018241065,0.0005,False,True
RUNNING,,,5000,3249,2.542340653598007,0.0005,False,True
FAILED,,,1,2,2.404590677030131,0.05,True,True
RUNNING,,,1,2709,2.626999140957985,0.0005,False,True
RUNNING,,,485,3843,8.870361264672924,0.05,False,True
RUNNING,,,4839,2850,1.8007184947375972,0.05,True,True
RUNNING,,,5000,3952,5.691666606910795,0.05,False,True
RUNNING,,,5000,2411,8.918203819394025,0.0005,True,True
RUNNING,,,2892,4186,7.32544781690968,0.0005,True,True
RUNNING,,,5000,3124,7.880068134091398,0.0005,True,True
FAILED,,,2323,1408,9.664164064629633,0.0005,True,True
FAILED,,,5000,2770,10.0,0.05,True,True
RUNNING,,,1,4290,8.731352202102345,0.0005,False,True
RUNNING,,,1,2117,7.585712113089081,0.05,False,True
FAILED,,,480,3625,10.0,0.0005,False,True
FAILED,,,1,3831,0.001,0.05,True,True
FAILED,,,998,2764,5.217388996267233,0.05,False,True
FAILED,,,1,2,10.0,0.05,True,True
RUNNING,,,2585,3687,5.941268341338492,0.05,False,True
RUNNING,,,1,1607,8.932665522743816,0.05,False,True
RUNNING,,,2202,2797,3.087361030505904,0.05,False,True
RUNNING,,,1,1479,5.189045703481948,0.05,True,True
RUNNING,,,5000,1424,10.0,0.0005,True,True
FAILED,,,5000,3125,10.0,0.05,True,True
FAILED,,,1,3378,1.0123020351088028,0.05,True,True
FAILED,,,1,2,7.518021215494894,0.05,True,True
RUNNING,,,2235,1823,2.6523521652561324,0.0005,True,True
RUNNING,,,1462,3209,0.001,0.0005,False,True
FAILED,,,1,2,2.4550008575363953,0.05,False,True
FAILED,,,5000,2,0.7809414720575879,0.05,True,True
RUNNING,,,2505,2797,6.091172941627474,0.05,False,True
RUNNING,,,1,3978,10.0,0.05,True,True
RUNNING,,,1456,3683,7.833008582594317,0.05,True,True
RUNNING,,,4654,1512,9.249605733726527,0.0005,False,True
FAILED,,,1,3173,0.7480738616219522,0.0005,True,True
FAILED,,,5000,3899,0.114178959712594,0.0005,True,True
FAILED,,,1,1816,7.7313520581084445,0.0005,False,True
FAILED,,,1,2,10.0,0.05,True,True
RUNNING,,,1757,3416,2.4887553133112403,0.05,False,True
FAILED,,,5000,2,0.9431181467463228,0.05,True,True
RUNNING,,,1,1726,1.650291060142674,0.05,True,True
RUNNING,,,4690,2724,0.9087942195771096,0.0005,True,True
RUNNING,,,4670,3122,0.001,0.0005,True,True
RUNNING,,,219,3897,0.001,0.05,True,False
FAILED,,,1,2,7.29953320027189,0.05,True,True
RUNNING,,,1375,1508,7.105570149087188,0.05,True,True
FAILED,,,2498,3013,4.852073809102674,0.05,True,True
FAILED,,,5000,2484,3.603759407227261,0.05,True,True
FAILED,,,5000,1699,0.001,0.05,True,True
RUNNING,,,1,2652,10.0,0.05,True,True
RUNNING,,,4067,1764,7.273273374371656,0.0005,False,True
RUNNING,,,4104,2514,2.3320555075068627,0.05,False,True
FAILED,,,5000,1884,4.532638062339058,0.0005,False,True
FAILED,,,1,4022,10.0,0.0005,False,True
RUNNING,,,5000,4612,4.353582110569956,0.05,False,True
RUNNING,,,5000,1621,5.418059209670846,0.05,False,True
FAILED,,,5000,5000,2.549425151915904,0.05,False,True
RUNNING,,,56,4368,0.001,0.05,True,False
RUNNING,,,1,4313,0.001,0.0005,True,True
FAILED,,,1,2,10.0,0.05,True,True
FAILED,,,5000,2,0.812226991174533,0.05,True,True
RUNNING,,,5000,1857,1.9390097827386816,0.05,True,True
COMPLETED,0.75,60.0,1,211,0.001,0.05,False,False
RUNNING,,,3670,4121,7.912108509758354,0.05,False,True
FAILED,,,2405,2,0.001,0.0005,True,False
RUNNING,,,29,4902,3.061231281803503,0.0005,True,True
RUNNING,,,1,2194,0.001,0.0005,True,True
FAILED,,,1,2,0.4895116562997176,0.05,False,True
FAILED,,,1957,2,8.546975620888118,0.05,False,True
RUNNING,,,5000,5000,3.814966378745397,0.0006301458091101,True,True
FAILED,,,2448,2,0.001,0.0005,True,False
FAILED,,,212,2,10.0,0.05,False,True
RUNNING,,,5000,2,5.88973370538691,0.0005,True,True
RUNNING,,,5000,3446,5.840423179909824,0.0005,True,True
FAILED,,,962,3254,6.677321552258692,0.0005,True,True
FAILED,,,2364,2,0.001,0.0005,True,False
FAILED,,,1846,2,9.915356130308208,0.05,False,True
FAILED,,,2470,2,0.001,0.0005,True,False
RUNNING,,,5000,1990,4.3465084514974395,0.0005,False,True
FAILED,,,2398,2,8.969248586849508,0.05,False,True
RUNNING,,,1115,4778,7.178253791000223,0.05,False,True
RUNNING,,,5000,3149,9.258777083458728,0.05,True,True
FAILED,,,1,2,0.4154851000808191,0.05,False,True
FAILED,,,892,2,10.0,0.05,False,True
RUNNING,,,1,2705,5.132436536761279,0.0005,True,True
FAILED,,,2413,2,0.001,0.0005,True,False
RUNNING,,,1,2,0.001,0.0069402194860347,False,True
RUNNING,,,1,5000,7.634082275887183,0.0005,True,True
FAILED,,,1957,2,9.77336307650641,0.05,False,True
COMPLETED,0.92,1026.0,2574,38,2.9724694485980176,0.0328740043927096,True,True
FAILED,,,5000,5000,5.155463087784259,0.0484345750668059,True,True
FAILED,,,2395,2,0.001,0.0005,True,False
FAILED,,,1,2,7.754778962768758,0.05,True,True
FAILED,,,5000,2,0.4277838204730774,0.0005,False,False
FAILED,,,1,5000,0.001,0.0474379746463595,False,True
FAILED,,,1117,5000,3.146281453023512,0.0497858663222175,True,True
FAILED,,,2384,2,0.001,0.0005,True,False
FAILED,,,2427,2,0.001,0.0005,True,False
RUNNING,,,333,2,10.0,0.05,False,True
RUNNING,,,5000,5000,4.7648297675299816,0.0005,True,True
RUNNING,,,1711,5000,8.92648938702121,0.05,False,True
FAILED,,,1,2,3.105626435276915,0.05,True,True
FAILED,,,1588,2,7.7840898445192765,0.05,False,True
FAILED,,,2405,2,0.001,0.0005,True,False
RUNNING,,,2983,5000,2.603735915994447,0.0005,True,True
FAILED,,,1957,2,9.802509990831442,0.05,False,True
RUNNING,,,1,4427,2.9319378238833775,0.05,True,True
RUNNING,,,3785,5000,3.2443930192116315,0.0005,True,True
RUNNING,,,1975,5000,4.819420687451991,0.0005,True,True
RUNNING,,,2204,2174,6.757702147626595,0.0005,True,True
FAILED,,,2407,2,0.001,0.0005,True,False
RUNNING,,,1,5000,0.5126848864749499,0.0005,False,True
RUNNING,,,2189,5000,5.9041706007410415,0.0005,False,True
RUNNING,,,1600,5000,10.0,0.05,False,True
RUNNING,,,5000,5000,8.849216733191371,0.0005,True,True
RUNNING,,,1,2,1.1977927070601206,0.0235314498970276,False,False
FAILED,,,2367,2,0.001,0.0005,True,False
FAILED,,,2406,2,0.001,0.0005,True,False
FAILED,,,428,1482,0.001,0.0005,False,True
RUNNING,,,1,1224,10.0,0.05,False,True
RUNNING,,,1007,5000,7.725286564560472,0.0005,False,True
RUNNING,,,1,3255,10.0,0.05,False,True
RUNNING,,,1044,3663,9.423107982548736,0.0005,False,True
FAILED,,,2426,2,0.001,0.0005,True,False
FAILED,,,2646,2,0.001,0.0158574189888274,True,False
RUNNING,,,3339,2,0.3779318176140935,0.0005,False,True
RUNNING,,,5000,5000,3.8565336082769086,0.0005,False,True
FAILED,,,1375,2,7.7915590193068835,0.05,False,True
FAILED,,,2420,2,0.001,0.0005,True,False
RUNNING,,,1,1700,3.0533922385575742,0.05,True,True
RUNNING,,,1,5000,0.6571573870116822,0.0005,True,False
FAILED,,,1876,2,9.83854082192072,0.05,False,True
FAILED,,,5000,2,8.036301997968883,0.0005,True,True
FAILED,,,2422,2,0.001,0.0005,True,False
FAILED,,,1,2,7.542202959923338,0.05,False,True
FAILED,,,1,2,0.001,0.05,False,True
RUNNING,,,1,2,3.02611562986206,0.0005,True,True
FAILED,,,2446,2,0.001,0.0005,True,False
FAILED,,,1,2,0.001,0.05,False,True
FAILED,,,1,4,0.7206944610673787,0.05,False,True
FAILED,,,1801,2,9.8675462447086,0.05,False,True
FAILED,,,1645,2,8.05071636977369,0.05,False,True
RUNNING,,,1872,3663,9.394808125268762,0.05,False,True
FAILED,,,2425,2,0.001,0.0005,True,False
FAILED,,,1515,4212,6.802546271369057,0.0005,True,True
FAILED,,,5000,4153,5.107178101593846,0.0254738308047531,True,True
RUNNING,,,5000,5000,8.1074806428079,0.0005,True,True
FAILED,,,1803,5000,3.0793197886232244,0.0005,True,True
FAILED,,,3768,1692,6.962904125680743,0.0005,True,True
FAILED,,,2393,2,0.001,0.0005,True,False
RUNNING,,,517,3739,2.8670032159327774,0.0005,True,True
FAILED,,,2167,2,9.121181843511344,0.05,False,True
RUNNING,,,5000,3249,2.400429975267095,0.05,True,True
RUNNING,,,1363,2692,7.417065172993163,0.05,False,True
FAILED,,,2408,2,0.001,0.0005,True,False
FAILED,,,1,2,0.3047278471926725,0.05,False,True
FAILED,,,3353,5000,6.713555552595808,0.0005,True,True
FAILED,,,2413,2,0.001,0.0005,True,False
FAILED,,,263,2,0.001,0.05,False,True
RUNNING,,,4771,3118,3.5371136716184153,0.0005,False,True
RUNNING,,,1,2604,7.089886105236185,0.0005,True,True
FAILED,,,1784,2,9.644109558614456,0.05,False,True
RUNNING,,,1,5000,3.3056631442863584,0.05,True,True
FAILED,,,1,2,0.001,0.040232045084719,False,True
FAILED,,,2409,2,0.001,0.0005,True,False
RUNNING,,,5000,2557,8.672984918980255,0.05,True,True
RUNNING,,,5000,5000,4.3410873426308685,0.0025064758798723,False,True
FAILED,,,2080,2,10.0,0.05,False,True
RUNNING,,,1,3806,1.010829685202674,0.0005,True,True
RUNNING,,,5000,5000,0.001,0.0005,False,True
FAILED,,,2432,2,0.001,0.0005,True,False
RUNNING,,,1,1023,0.3818237302147493,0.0005,False,True
RUNNING,,,5000,29,4.2446529087048,0.0005,False,True
RUNNING,,,2966,5000,4.339838244036909,0.0005,True,True
RUNNING,,,5000,2418,5.703491638039313,0.0005,True,True
FAILED,,,2433,2,0.001,0.0005,True,False
FAILED,,,1,5000,7.521216740168189,0.027383223514213,False,True
FAILED,,,2387,2,0.001,0.0005,True,False
FAILED,,,1,2,0.805696024298124,0.05,False,True
FAILED,,,4068,2,3.3951891128726444,0.05,True,True
FAILED,,,2036,2,9.438357200225074,0.05,False,True
RUNNING,,,1367,2,3.9189411812308026,0.0005,True,True
RUNNING,,,3561,5000,5.398800479380844,0.0005,True,True
FAILED,,,2418,2,0.001,0.0005,True,False
FAILED,,,1,2,7.78673255218695,0.05,True,True
RUNNING,,,1,3595,10.0,0.0005,False,True
RUNNING,,,1,2,7.792756961137449,0.0005,False,True
FAILED,,,5000,2,5.744814727136653,0.05,True,True
RUNNING,,,2397,2714,9.141073138984861,0.05,False,True
FAILED,,,2425,2,0.001,0.0005,True,False
RUNNING,,,1,5000,8.58838176167202,0.0005,True,True
FAILED,,,28,5000,9.007678180596551,0.0005,False,True
FAILED,,,2830,5000,0.001,0.0005,False,True
FAILED,,,1,2,0.001,0.05,False,True
FAILED,,,2398,2,0.001,0.0005,True,False
FAILED,,,1,2,7.609927575843329,0.05,False,True
FAILED,,,1162,1134,7.429087708513234,0.05,False,True
FAILED,,,2419,2,0.001,0.0005,True,False
FAILED,,,1,2,0.001,0.05,False,True
FAILED,,,1,2,0.8356185566049381,0.0348006780963093,False,True
FAILED,,,2297,2,9.47608486937446,0.05,False,True
RUNNING,,,1403,1056,8.155282045664945,0.05,False,True
RUNNING,,,2385,5000,8.50967788468757,0.0005,False,True
FAILED,,,1,2,1.3044297698813523,0.05,False,True
FAILED,,,2382,2,0.001,0.0005,True,False
RUNNING,,,665,2713,8.951234337093243,0.0005,False,True
RUNNING,,,3418,5000,4.918954756485141,0.05,False,True
RUNNING,,,1,5000,7.294008286739616,0.05,False,True
RUNNING,,,1,2892,8.198475437860479,0.05,True,True
RUNNING,,,3635,2859,5.356569815093409,0.0005,True,True
FAILED,,,2422,2,0.001,0.0005,True,False
RUNNING,,,3676,5000,6.610261438048858,0.0005,True,True
RUNNING,,,2194,5000,0.001,0.0005,False,True
FAILED,,,1797,5,10.0,0.05,False,True
RUNNING,,,1,1319,5.297044496423041,0.0005,True,True
FAILED,,,2379,2,0.001,0.0005,True,False
FAILED,,,1115,4778,7.209651210687889,0.0386873292311984,True,True
FAILED,,,2416,2,0.001,0.0005,True,False
RUNNING,,,1,2,1.0369311907098493,0.05,False,True
FAILED,,,1,2,0.001,0.05,False,True
RUNNING,,,4017,3561,2.766941284677281,0.05,True,True
RUNNING,,,5000,5000,3.1985414559650756,0.05,True,True
FAILED,,,2445,2,0.001,0.0005,True,False
RUNNING,,,1269,2282,3.386966509003582,0.0005,True,True
RUNNING,,,1,3067,0.5413536245815068,0.0005,False,True
RUNNING,,,1,8,7.143667651242583,0.0005,True,True
FAILED,,,1494,2,10.0,0.05,False,True
RUNNING,,,1,1420,7.903452937864861,0.0005,False,True
FAILED,,,2388,2,0.001,0.0005,True,False
FAILED,,,1,4262,7.207616986973653,0.0005,False,True
RUNNING,,,1313,2815,8.630333127265304,0.0027651382419018,False,True
RUNNING,,,1308,2502,7.431410304942701,0.0005,False,True
COMPLETED,0.75,68.0,5000,69,0.001,0.018394248355787,False,False
RUNNING,,,1,2369,3.70803435166442,0.0005,True,True
FAILED,,,2394,2,0.001,0.0005,True,False
FAILED,,,1,2,7.5371289700282595,0.05,False,True
FAILED,,,1,2,10.0,0.0367599942277536,False,True
FAILED,,,2443,2,0.001,0.0005,True,False
COMPLETED,0.93,1437.0,2063,15,9.279527761311817,0.0416869905436188,False,True
FAILED,,,1,2,0.001,0.05,False,True
COMPLETED,0.79,533.0,2119,803,0.001,0.0064319931039272,True,False
RUNNING,,,661,1524,2.928836071894569,0.0005,True,True
RUNNING,,,4855,1731,3.3686031240028,0.0347029561494274,True,False
RUNNING,,,5000,2,8.24146784200461,0.0005,False,False
COMPLETED,0.19,32.0,1,3151,4.013757381301185,0.0005,False,False
RUNNING,,,1,2,8.584878475892761,0.05,False,False
RUNNING,,,4613,2,4.29015599373302,0.05,False,False
RUNNING,,,5000,2,8.11541473666489,0.05,False,False
RUNNING,,,5000,5000,10.0,0.05,True,False
RUNNING,,,1624,2,9.081827498097283,0.0005,False,False
COMPLETED,0.5,27.0,5000,3369,2.356218161553788,0.05,False,False
FAILED,,,1887,5000,6.475566386803141,0.05,True,False
RUNNING,,,707,1860,7.327524444667137,0.05,True,False
COMPLETED,0.19,22.0,2643,5000,10.0,0.05,False,False
COMPLETED,0.19,23.0,29,4902,2.8889311321808897,0.0005,False,False
COMPLETED,0.2,26.0,5000,1972,4.635183026692899,0.05,False,False
COMPLETED,0.55,33.0,2363,3523,2.2090087865720758,0.05,False,False
FAILED,,,5000,2,10.0,0.0005,True,False
RUNNING,,,224,5000,6.170631891898648,0.05,True,False
COMPLETED,0.19,24.0,1,5000,6.822732775513767,0.0005,False,False
FAILED,,,3034,2,0.001,0.05,True,False
COMPLETED,0.8,58.0,1,5000,0.5706584405289757,0.05,False,False
RUNNING,,,1,2,10.0,0.05,True,False
COMPLETED,0.19,24.0,5000,5000,6.414380410149542,0.0005,False,False
COMPLETED,0.81,74.0,5000,5000,0.001,0.05,False,False
RUNNING,,,5000,2,1.0019799626242856,0.05,False,False
RUNNING,,,1,2,2.358664481136952,0.05,False,False
RUNNING,,,3738,2,3.7138057289090183,0.0005,False,False
COMPLETED,0.55,32.0,1579,116,3.0238731350915367,0.0005,False,False
FAILED,,,5000,5000,6.6365296075497175,0.0005,True,False
COMPLETED,0.19,33.0,1686,5000,7.182118941304808,0.05,False,False
RUNNING,,,1115,4780,7.175038262902643,0.05,True,True
COMPLETED,0.8,55.0,1819,5000,0.5703571753967074,0.05,False,False
RUNNING,,,2396,5000,3.455348219166095,0.05,True,True
RUNNING,,,1624,2,9.130554417554343,0.0005,True,False
COMPLETED,0.19,24.0,5000,5000,10.0,0.0005,False,False
RUNNING,,,1,2,4.401163377210397,0.05,True,False
FAILED,,,5000,2,3.958758871035104,0.0005,False,False
RUNNING,,,2610,2,7.243400299399773,0.05,True,False
COMPLETED,0.19,30.0,1,3255,10.0,0.05,False,False
RUNNING,,,5000,5000,6.132651695787296,0.05,True,False
RUNNING,,,3170,2,0.7115969104453652,0.0005,False,False
RUNNING,,,1,3479,2.262552139718124,0.05,True,False
FAILED,,,5000,2,0.7540207665462452,0.05,True,False
COMPLETED,0.8,65.0,4197,5000,0.4660239428568519,0.05,False,False
RUNNING,,,5000,2,0.5336481803022368,0.05,False,False
RUNNING,,,726,2,1.3325967062527142,0.05,False,False
FAILED,,,3064,2,0.001,0.05,True,False
RUNNING,,,5000,2,3.190856606902324,0.05,False,False
RUNNING,,,1,2,7.793260407701194,0.0005,False,False
RUNNING,,,4217,2,8.847723140997068,0.0005,True,False
RUNNING,,,1,2,1.5460575534024243,0.0005,False,False
FAILED,,,1,2,10.0,0.05,False,True
RUNNING,,,1,3150,6.977339052885285,0.0005,True,False
RUNNING,,,1124,2,0.5592484500244894,0.0005,False,False
RUNNING,,,4062,2584,6.7879472633656315,0.05,True,False
COMPLETED,0.66,43.0,2674,5000,1.5014016461031054,0.0005,False,False
COMPLETED,0.19,29.0,5000,2628,3.887081537156025,0.0005,False,False
FAILED,,,1,2,9.198377746089623,0.0005,False,False
FAILED,,,1,2,1.0211974880898127,0.05,False,False
FAILED,,,4301,5000,4.0020421209754895,0.05,True,True
FAILED,,,4376,637,4.6789811541563004,0.05,True,False
RUNNING,,,2969,5000,3.7899175897244177,0.0005,True,True
FAILED,,,3025,2,0.001,0.05,True,False
RUNNING,,,1,2,7.055696619961025,0.05,True,False
COMPLETED,0.32,42.0,5000,60,4.815961376321814,0.0005,False,False
COMPLETED,0.66,33.0,5000,5000,1.5322163018804047,0.0005,False,False
RUNNING,,,5000,2,6.385621050653249,0.05,False,False
RUNNING,,,5000,988,10.0,0.0005,True,False
RUNNING,,,909,2,5.473300146357622,0.05,True,False
FAILED,,,1,2,0.2938995963606367,0.05,False,True
RUNNING,,,1,2,4.836196872715733,0.05,False,False
RUNNING,,,871,2,1.621647635412515,0.0005,False,False
COMPLETED,0.5799999999999998,25.0,1,907,3.129068089435311,0.05,False,False
COMPLETED,0.19,6908.0,1,2,9.199674177206937,0.05,False,False
FAILED,,,2994,2,0.001,0.05,True,False
FAILED,,,1,2,7.852519435724653,0.05,False,False
FAILED,,,5000,5000,9.375455348247284,0.0005,True,True
COMPLETED,0.19,32.0,301,5000,10.0,0.0005,False,False
FAILED,,,1,5000,1.3413868433460248,0.0005,True,False
FAILED,,,5000,2,0.8142180009281614,0.05,True,False
FAILED,,,3086,3260,8.582359315727786,0.0005,False,True
FAILED,,,2445,5000,6.642794480230327,0.0005,False,True
FAILED,,,3136,4786,8.542078524612881,0.0005,True,True
RUNNING,,,5000,5000,1.1700297064073648,0.0005,True,True
RUNNING,,,5000,5000,9.32181612598983,0.05,False,True
RUNNING,,,1,4917,1.9108784881565224,0.0005,True,True
RUNNING,,,1,5000,9.19458814226399,0.05,True,True
RUNNING,,,2378,5000,5.699897668165163,0.0005,True,True
RUNNING,,,3997,5000,6.627642118258551,0.0005,False,True
RUNNING,,,1169,5000,4.805975963424793,0.0005,False,True
RUNNING,,,1,491,3.740176002942656,0.0005,True,False
RUNNING,,,1,3097,0.8480515466883769,0.05,True,False
RUNNING,,,3405,3881,9.090436129279597,0.05,False,True
RUNNING,,,1,5000,1.5967728431909307,0.05,True,False
RUNNING,,,1947,5000,7.023951752606978,0.0005,True,True
RUNNING,,,2760,5000,4.38673627654534,0.05,False,True
FAILED,,,1,5000,4.569353463770441,0.05,False,True
FAILED,,,1,5000,3.496807389557215,0.05,False,True
RUNNING,,,1106,5000,5.620410559057849,0.0005,False,True
FAILED,,,3511,2779,3.7678608682005663,0.05,True,True
FAILED,,,5000,5000,7.251504796473242,0.05,False,True
FAILED,,,2588,5000,1.1332333332946787,0.05,False,True
FAILED,,,5000,5000,0.5539044510336105,0.05,True,True
RUNNING,,,1102,5000,3.909902922610206,0.0005,True,True
RUNNING,,,1,4107,0.9973311407254228,0.0005,True,False
RUNNING,,,3802,5000,0.3663862201359276,0.05,False,True
RUNNING,,,2480,5000,8.068002307628642,0.0005,True,True
RUNNING,,,2812,3577,7.996465251390339,0.05,False,True
RUNNING,,,4225,2,5.262580238036104,0.05,True,False
COMPLETED,0.82,51.0,1,1958,0.4710343240336163,0.05,False,False
RUNNING,,,5000,5000,2.0682925121938607,0.05,True,False
FAILED,,,2674,5000,1.7743299933712895,0.05,False,True
RUNNING,,,2226,5000,5.341142438291327,0.05,False,True
RUNNING,,,2902,4597,2.515728302609072,0.05,True,False
RUNNING,,,1,2,0.3754646237270369,0.05,False,True
COMPLETED,0.19,26.0,2090,2987,10.0,0.0005,False,False
FAILED,,,5000,2562,3.6154125467235585,0.05,True,True
FAILED,,,4007,4801,9.201910379276905,0.0005,False,True
FAILED,,,2868,5000,2.780921973623176,0.0005,False,True
FAILED,,,5000,2881,2.714553924955291,0.0005,True,True
FAILED,,,2663,5000,8.155017782729566,0.0005,False,True
FAILED,,,6,5000,4.479194088197799,0.05,False,True
FAILED,,,3162,5000,4.813737787950521,0.0005,True,True
RUNNING,,,3545,5000,8.842834230803994,0.0005,True,True
RUNNING,,,1,5000,7.363245125105923,0.05,True,True
RUNNING,,,1911,5000,1.2268208064292279,0.0005,False,True
RUNNING,,,3462,3983,4.489135535201849,0.0005,False,True
RUNNING,,,1,3181,3.1193454012377426,0.05,True,True
RUNNING,,,2109,5000,1.9894785682616185,0.05,True,True
RUNNING,,,5000,5000,6.952465665870148,0.05,False,True
FAILED,,,3341,2343,3.781675904379107,0.05,True,True
RUNNING,,,1949,5000,4.633803568356452,0.05,False,True
RUNNING,,,5000,4643,2.921330238014009,0.0005,True,False
RUNNING,,,1,5000,9.26108359888199,0.05,False,True
RUNNING,,,1007,5000,7.742603774358836,0.05,True,True
RUNNING,,,369,3312,6.3350995265701995,0.0005,True,True
FAILED,,,5000,5000,6.739218442438182,0.05,True,True
FAILED,,,2233,5000,0.7918288777556601,0.0005,False,True
FAILED,,,1868,5000,8.923099717647988,0.05,True,True
RUNNING,,,5000,5000,9.470907928474409,0.0005,True,True
FAILED,,,1799,4944,8.336850251357685,0.05,True,True
RUNNING,,,3620,2389,3.7168560481785455,0.05,True,True
RUNNING,,,1,4088,0.5515863650847059,0.05,True,True
RUNNING,,,1268,5000,0.001,0.05,True,True
FAILED,,,853,5000,4.177725701765803,0.05,False,True
FAILED,,,1598,5000,6.531681577324593,0.0005,False,True
RUNNING,,,409,4315,2.959479417565628,0.05,True,False
RUNNING,,,2111,5000,7.461599382896629,0.05,True,True
RUNNING,,,4144,4142,7.966146056984315,0.0005,True,True
RUNNING,,,1313,5000,6.284208249756423,0.0005,True,True
RUNNING,,,3545,5000,8.864844929583336,0.0005,False,True
RUNNING,,,5000,5000,6.505670626013721,0.05,True,True
RUNNING,,,3986,3916,8.533150389297218,0.05,False,True
RUNNING,,,1241,5000,9.483234193432088,0.0137176090922775,False,True
RUNNING,,,2480,5000,8.087637263394587,0.0005,False,True
FAILED,,,2285,5000,4.923288431439708,0.0005,False,True
FAILED,,,4827,3092,4.0247314990778795,0.05,True,True
COMPLETED,0.81,75.0,5000,1861,0.001,0.05,False,False
FAILED,,,5000,5000,10.0,0.0005,True,True
FAILED,,,1533,5000,8.27576105042112,0.0005,True,True
FAILED,,,4999,5000,2.7882157185475007,0.0005,False,True
FAILED,,,2796,4649,7.30554727875667,0.0005,False,True
FAILED,,,1107,4918,2.8775946404031427,0.0005,True,True
RUNNING,,,5000,5000,0.7321559418870147,0.0005,False,True
RUNNING,,,1983,5000,5.4819935662172075,0.05,True,True
RUNNING,,,4193,3197,5.095473587340682,0.05,True,True
RUNNING,,,1102,5000,4.102857381504138,0.05,False,True
COMPLETED,0.77,90.0,1490,2803,0.001,0.05,False,False
RUNNING,,,569,5000,1.1048629034374307,0.0005,True,False
RUNNING,,,4295,5000,7.498378049378791,0.05,False,True
RUNNING,,,5000,2,4.002174440784228,0.05,True,False
RUNNING,,,4511,4556,8.524527644399273,0.0005,False,True
RUNNING,,,1,2369,3.465452115920656,0.0245343736890305,True,False
RUNNING,,,2011,5000,8.631175941283539,0.05,True,True
RUNNING,,,1193,5000,4.683131346756028,0.05,True,True
FAILED,,,5000,5000,4.1871943132566125,0.0005,True,True
FAILED,,,1656,4607,6.647598481445852,0.05,True,True
FAILED,,,1464,5000,0.5794224665377923,0.0005,True,True
FAILED,,,2229,3357,3.419684212202806,0.0005,True,False
FAILED,,,2950,5000,0.001,0.05,False,True
FAILED,,,235,5000,5.326096794856047,0.0005,False,True
FAILED,,,1,5000,2.159497889765496,0.05,True,False
FAILED,,,874,3697,8.242134145709382,0.0005,False,True
FAILED,,,1162,5000,6.277477271352447,0.0005,False,True
FAILED,,,1378,4738,2.8154057573282967,0.05,True,True
RUNNING,,,2417,5000,0.4412862054580052,0.0005,False,True
RUNNING,,,2763,5000,6.5421245961145456,0.05,False,True
RUNNING,,,1,2,0.7837345128204193,0.0005,False,False
RUNNING,,,1,5000,4.026602349232467,0.0005,False,True
RUNNING,,,211,5000,4.500580186324669,0.0005,False,True
RUNNING,,,4867,3191,4.763258044126432,0.0005,True,True
FAILED,,,5000,5000,9.729513010068722,0.0005,False,True
RUNNING,,,1359,4478,1.710870007089724,0.0005,True,True
RUNNING,,,5000,5000,9.123763364040792,0.0005,False,True
RUNNING,,,254,4111,6.713842163125844,0.0005,True,True
RUNNING,,,5000,4980,8.457122583257785,0.0005,True,True
FAILED,,,1818,5000,0.5486962320604872,0.05,True,False
FAILED,,,5000,4853,2.742618243647432,0.0005,True,True
RUNNING,,,1,3569,8.61632313401378,0.0005,True,True
FAILED,,,1,3223,8.277302329197443,0.05,False,True
FAILED,,,1,4476,2.4058080863630993,0.0005,True,False
FAILED,,,3430,5000,2.1942646773654566,0.05,False,True
FAILED,,,1352,2740,7.168980033891161,0.05,True,True
FAILED,,,3068,4519,1.9053849267476073,0.0005,True,True
FAILED,,,1,5000,0.001,0.05,False,True
RUNNING,,,348,5000,9.666110109530178,0.05,False,True
FAILED,,,1,5000,5.139548242146337,0.05,False,True
RUNNING,,,1368,4196,3.5990755584547074,0.0005,True,False
RUNNING,,,4164,5000,4.016847050474843,0.0005,True,True
RUNNING,,,1427,4260,6.09986637597821,0.05,True,True
RUNNING,,,2090,5000,2.064905187607469,0.05,False,True
RUNNING,,,1378,4738,3.1671778206476704,0.0005,True,True
FAILED,,,1,3183,4.560953066567153,0.05,True,True
FAILED,,,3426,5000,0.001,0.05,False,True
RUNNING,,,3578,3709,4.707952869521823,0.05,True,True
RUNNING,,,5000,5000,9.915507716381864,0.0005,False,True
FAILED,,,5000,4980,8.281569680568406,0.05,False,True
FAILED,,,1,2,5.835840361966769,0.05,False,False
FAILED,,,4867,3191,4.428418460240807,0.05,False,True
FAILED,,,5000,3357,6.468614423986134,0.05,True,True
FAILED,,,4191,5000,4.5488352659112605,0.05,True,True
FAILED,,,2550,5000,9.77999200093465,0.0005,False,True
RUNNING,,,1072,4614,1.002681905897782,0.0005,False,True
FAILED,,,344,4829,5.577923079043558,0.0270191893669903,True,True
FAILED,,,1,4928,2.1896102040913257,0.0417269286674748,True,False
RUNNING,,,4994,5000,8.320670960324662,0.0005,False,True
RUNNING,,,3210,3640,3.784059115973701,0.0005,True,True
RUNNING,,,1,1015,8.958795866848408,0.0005,True,False
RUNNING,,,171,3552,7.127451786599252,0.05,False,True
RUNNING,,,2161,5000,2.4144646645034364,0.0005,False,True
RUNNING,,,2556,4253,1.9471283685503116,0.0005,True,True
RUNNING,,,5000,5000,4.681603453467816,0.0005,False,True
RUNNING,,,1,5000,9.073958358973632,0.0005,True,True
RUNNING,,,1537,5000,7.156967604968598,0.0005,False,True
FAILED,,,1,2,7.183537609843172,0.05,False,True
RUNNING,,,5000,5000,5.440311270594737,0.0005,False,True
FAILED,,,1797,3595,2.9547206253578175,0.05,True,True
FAILED,,,1515,2,5.96451010786426,0.05,False,False
FAILED,,,5000,3153,8.771205384173854,0.0005,True,True
FAILED,,,3008,5000,6.371686316812342,0.05,True,True
FAILED,,,1,5000,0.5915180730939961,0.05,True,True
FAILED,,,1,5000,6.662034780184142,0.0005,False,True
FAILED,,,4732,5000,1.064167767906949,0.05,False,True
FAILED,,,4114,4796,9.3712341823748,0.0005,False,True
FAILED,,,1,2,4.996849092852792,0.0005,True,False
FAILED,,,1,3117,7.641752036440467,0.0005,True,True
FAILED,,,5000,5000,10.0,0.05,True,True
RUNNING,,,1,2358,7.888262478382027,0.0005,False,True
RUNNING,,,628,2152,7.124339977287641,0.0005,False,True
RUNNING,,,1093,4074,3.734171915863581,0.0005,True,True
RUNNING,,,5000,5000,1.522270526850974,0.05,True,True
RUNNING,,,3125,5000,0.001,0.0005,False,True
RUNNING,,,3305,5000,2.171467848238743,0.05,False,True
FAILED,,,2896,5000,0.6094588925677155,0.05,False,True
RUNNING,,,4503,5000,5.212780855758581,0.05,True,True
RUNNING,,,1887,4648,6.6753776560972335,0.05,True,True
FAILED,,,2975,5000,0.001,0.0005,True,True
FAILED,,,1692,5000,4.137733905552769,0.05,True,True
FAILED,,,5000,2,0.5798039962024178,0.05,True,False
FAILED,,,4054,5000,6.885632057284991,0.05,True,True
FAILED,,,1007,5000,7.946884390831372,0.05,False,True
FAILED,,,5000,5000,10.0,0.0005,True,True
FAILED,,,3056,445,4.5223689057489835,0.0442825473481352,True,False
FAILED,,,1,2133,1.3897485668923604,0.0005,True,False
FAILED,,,3808,3011,9.034881624080931,0.05,False,True
RUNNING,,,4145,2,10.0,0.0005,True,False
RUNNING,,,5000,5000,5.003463903356606,0.05,True,True
RUNNING,,,4295,5000,7.8321091226952735,0.009708839132606,True,True
RUNNING,,,1,5000,1.127771132742203,0.0005,True,False
RUNNING,,,1,5000,0.8684577472914548,0.05,True,False
RUNNING,,,3683,5000,3.455650604791668,0.05,False,True
FAILED,,,1,5000,5.111084787612687,0.0005,False,True
RUNNING,,,1,5000,3.9954245191570426,0.05,True,True
RUNNING,,,3676,5000,7.014404926715208,0.05,True,False
RUNNING,,,5000,5000,6.248788316236029,0.0005,False,True
FAILED,,,1789,5000,2.5018355713404175,0.0438950793240912,True,False
FAILED,,,4627,26,4.7069388565028705,0.0005,True,False
RUNNING,,,5000,5000,1.460295458101316,0.05,True,False
FAILED,,,3733,5000,9.526128152541613,0.0005,False,True
FAILED,,,5000,4981,9.74528317435378,0.05,False,True
COMPLETED,0.79,1886.0,1,1111,0.8606545070731748,0.0322328874212118,True,False
FAILED,,,5000,4538,4.265312882515465,0.0005,True,True
FAILED,,,1,2,7.596899367197574,0.05,False,True
FAILED,,,3812,5000,1.875067508847492,0.05,True,True
FAILED,,,3015,4679,6.893263887066417,0.05,True,True
FAILED,,,1,2,5.760560296672922,0.0005,False,False
RUNNING,,,2259,5000,9.649886307593507,0.0005,False,True
RUNNING,,,5000,3130,3.91618684655836,0.05,True,True
RUNNING,,,1404,5000,6.5370588045433,0.05,False,True
RUNNING,,,5000,4050,8.911613759988173,0.0005,False,True
RUNNING,,,2716,5000,0.8888592209320823,0.05,False,True
RUNNING,,,5000,5000,7.404030282939633,0.0005,False,True
RUNNING,,,2135,4675,3.962480886289202,0.0005,True,True
COMPLETED,0.68,33.0,5000,1821,1.424195893392337,0.05,False,False
RUNNING,,,2111,5000,7.422414880468397,0.05,False,True
FAILED,,,376,3959,8.14090000546413,0.05,False,True
FAILED,,,1019,5000,8.14407280917467,0.0005,False,True
FAILED,,,5000,3964,9.331209594183106,0.0386473008949242,False,True
FAILED,,,1,4733,0.5276030225362172,0.0005,True,True
FAILED,,,1,5000,8.25261280171888,0.05,False,True
FAILED,,,1,2,7.346749564827566,0.05,False,True
FAILED,,,1,3387,4.5476023008720405,0.05,True,True
FAILED,,,1,5000,8.834363785024738,0.05,True,True
FAILED,,,3768,5000,7.222414482156713,0.05,True,True
FAILED,,,5000,2,0.5872049716965358,0.05,True,False
FAILED,,,28,4903,2.887998752497168,0.0005,True,False
FAILED,,,1106,5000,5.634396537955041,0.05,True,True
RUNNING,,,5000,60,4.5758887267073565,0.0005,True,False
RUNNING,,,5000,5000,10.0,0.0005,True,True
RUNNING,,,713,5000,0.001,0.05,False,True
FAILED,,,1039,4113,6.677831222803359,0.05,True,True
RUNNING,,,5000,5000,4.341249405164358,0.05,True,True
RUNNING,,,1387,5000,0.7451015096759698,0.0005,True,False
RUNNING,,,3044,2399,3.1496966654320184,0.05,True,True
FAILED,,,1,5000,1.52628882881932,0.0005,False,True
RUNNING,,,3159,5000,7.529268213534987,0.0005,False,True
RUNNING,,,1,5000,8.85869567780411,0.0005,False,True
FAILED,,,5000,4123,8.616870540191158,0.0005,True,True
FAILED,,,1,5000,5.756177381480724,0.05,False,True
FAILED,,,5000,2275,1.0915121971261543,0.05,True,False
FAILED,,,1779,3582,8.867866506789474,0.0005,False,True
FAILED,,,1,3067,0.3338120805144278,0.0005,True,True
FAILED,,,5000,3367,2.726749939960076,0.0005,True,True
FAILED,,,1,4917,2.2023700573853,0.0431197815167962,True,False
FAILED,,,3966,4195,4.502372043312104,0.05,False,True
FAILED,,,5000,2,6.8251761762334695,0.05,True,False
FAILED,,,144,5000,0.3893581449292767,0.0005,True,True
RUNNING,,,1,5000,0.001,0.0005,True,False
RUNNING,,,2728,5000,0.001,0.05,False,True
RUNNING,,,2139,4941,6.939274611268209,0.0496777900648438,False,True
RUNNING,,,1398,5000,0.6223875956420287,0.05,True,True
RUNNING,,,1404,5000,3.576758758534992,0.0005,False,True
RUNNING,,,2637,5000,2.6385556675340966,0.05,False,True
RUNNING,,,4294,5000,9.609953489609326,0.0005,False,True
FAILED,,,5000,5000,2.189666602066154,0.05,True,True
FAILED,,,5000,3148,4.348342145722742,0.0165560661976907,False,True
FAILED,,,1,5000,0.4075170311666097,0.0005,True,True
FAILED,,,1404,5000,3.5493985035943005,0.05,True,True
FAILED,,,5000,5000,7.573215131085511,0.05,False,True
FAILED,,,3537,2,2.8211823588140708,0.0005,False,False
FAILED,,,1436,3610,9.83790667806163,0.05,False,True
FAILED,,,2643,5000,10.0,0.0005,False,True
FAILED,,,2514,4827,1.0485665444044983,0.05,True,False
FAILED,,,5000,5000,0.3721170227885614,0.05,False,True
FAILED,,,1,2,5.925656222724501,0.0005,False,False
FAILED,,,5000,3142,4.220083052604256,0.05,False,True
FAILED,,,2754,1639,4.073211946717608,0.05,True,False
FAILED,,,1,2,7.583161581854214,0.05,False,True
FAILED,,,3003,2,4.346450977998773,0.05,False,False
RUNNING,,,196,3836,8.194715975222001,0.0005,False,True
RUNNING,,,4037,5000,3.801859361133173,0.0005,False,True
FAILED,,,1,5000,7.606775810414515,0.0005,True,False
RUNNING,,,5000,5000,7.0783049364407,0.0005,True,True
FAILED,,,1028,5000,8.434852737159844,0.0005,False,True
RUNNING,,,1831,2,6.071381432449416,0.05,False,False
RUNNING,,,2976,3273,4.572065529293158,0.05,False,True
FAILED,,,5000,4050,8.505344806235275,0.0005,True,True
FAILED,,,1,2,3.258263600493624,0.05,True,False
FAILED,,,3545,5000,8.845876089641047,0.05,False,True
COMPLETED,0.19,23.0,5000,1304,8.395906601735438,0.05,False,False
FAILED,,,1,5000,0.4583183560980435,0.0005,True,True
FAILED,,,1308,5000,3.7084049189057224,0.05,True,True
FAILED,,,2044,2841,3.0459604982700608,0.0005,True,True
FAILED,,,5000,3843,8.097668374699204,0.05,False,True
FAILED,,,462,5000,5.263182480588305,0.05,False,True
FAILED,,,3434,3293,3.393362094232657,0.05,True,True
FAILED,,,3740,5000,8.791253500283554,0.05,True,True
RUNNING,,,1,3569,8.538375023458103,0.05,False,True
RUNNING,,,2405,3552,8.662544644591792,0.05,False,True
RUNNING,,,3812,5000,4.79339477170978,0.0005,True,True
RUNNING,,,3824,5000,8.421800116335229,0.05,False,True
RUNNING,,,1,2442,3.384550352247211,0.05,True,True
RUNNING,,,1322,5000,0.001,0.0005,False,True
FAILED,,,5000,3722,4.172141892792559,0.05,False,True
RUNNING,,,759,5000,0.920129391305869,0.05,True,True
FAILED,,,5000,2,0.5819774410622413,0.05,True,False
FAILED,,,1533,5000,8.216584242582536,0.05,True,True
FAILED,,,3906,4498,3.4533063150858,0.05,True,True
FAILED,,,5000,5000,2.3013009221390885,0.05,True,True
COMPLETED,0.19,30.0,1,1601,6.02474754940389,0.05,False,False
FAILED,,,5000,5000,1.0803139197971467,0.05,False,True
FAILED,,,824,5000,0.3784697248251788,0.05,True,False
COMPLETED,0.6,29.0,1,5000,1.7247870997602384,0.05,False,False
FAILED,,,1,4140,4.606204821823654,0.05,True,True
FAILED,,,5000,3221,4.311219599691472,0.0005,False,True
FAILED,,,3503,5000,1.8543439821020384,0.0005,True,True
FAILED,,,3898,5000,4.565006830279003,0.05,False,True
RUNNING,,,3674,4999,7.059021820258786,0.0005,True,True
RUNNING,,,1,5000,5.519716124264094,0.0005,True,True
RUNNING,,,3807,5000,5.8755447001398,0.05,False,True
RUNNING,,,983,4479,9.994069721660896,0.05,False,True
RUNNING,,,1317,5000,6.788713539090465,0.0005,True,True
RUNNING,,,1147,2,3.6875994445807816,0.05,True,False
RUNNING,,,1310,5000,9.063107325244342,0.0005,True,True
RUNNING,,,1818,456,4.481495057123241,0.0005,True,False
RUNNING,,,5000,2,3.2701657679288862,0.05,True,False
FAILED,,,1607,5000,7.321631928941136,0.05,True,False
FAILED,,,490,4163,3.8633135256965128,0.05,True,True
FAILED,,,1195,5000,8.29043888737934,0.0038289130014054,True,True
FAILED,,,5000,3198,4.241032601324791,0.05,False,True
FAILED,,,3889,2935,3.414903811090908,0.05,True,True
FAILED,,,5000,3823,9.345757742642764,0.05,False,True
FAILED,,,1,5000,0.7361153369411814,0.05,True,True
COMPLETED,0.76,45.0,5000,954,0.6082957665565044,0.0005,False,False
FAILED,,,5000,5000,8.137699965938754,0.05,True,True
FAILED,,,5000,3419,2.8166114718958344,0.05,True,True
FAILED,,,1701,5000,3.770820503443715,0.05,True,True
FAILED,,,1,2,7.819372911624077,0.05,False,True
FAILED,,,938,5000,5.441852868790801,0.05,True,True
FAILED,,,4197,5000,0.4914018758186012,0.0005,False,True
FAILED,,,1,5000,2.314145478170987,0.05,True,True
FAILED,,,848,4016,4.456230938741159,0.05,True,True
FAILED,,,5000,3951,5.784761891336385,0.05,True,True
FAILED,,,821,3111,7.449066680816881,0.0005,True,True
FAILED,,,3871,5000,3.48990180208159,0.05,True,True
FAILED,,,1,5000,1.9380772307425171,0.0005,False,True
FAILED,,,4714,3419,6.279122935234305,0.0005,True,True
FAILED,,,3720,5000,1.1238685539212527,0.05,False,True
FAILED,,,2959,5000,5.582736625644526,0.0005,False,True
FAILED,,,3741,5000,4.7716013990617725,0.0005,False,True
FAILED,,,1454,4740,2.7558308444377966,0.05,True,True
FAILED,,,3159,5000,7.5740999701553,0.0005,True,True
FAILED,,,1,4678,0.3226154632362662,0.05,True,True
RUNNING,,,3058,2,4.800488454458328,0.05,False,False
FAILED,,,1656,5000,4.164059126078728,0.05,True,True
FAILED,,,2219,3487,2.942759229144796,0.05,True,True
FAILED,,,2321,3309,7.5313372159589695,0.05,False,True
FAILED,,,2818,5000,8.869508731111843,0.05,False,True
FAILED,,,1,2,7.626926977709599,0.05,False,True
RUNNING,,,4771,3118,3.411104543318499,0.0005,True,True
FAILED,,,882,3766,4.2538926805525366,0.05,True,True
FAILED,,,2895,5000,3.1162070055761544,0.0005,False,True
FAILED,,,1,5000,7.626929607204786,0.05,True,False
FAILED,,,2631,5000,9.135888789444227,0.05,False,True
FAILED,,,1,5000,6.585287699722716,0.0005,True,True
FAILED,,,5000,5000,3.991363963201089,0.05,False,True
FAILED,,,5000,5000,2.1991993840894604,0.05,True,True
FAILED,,,1168,5000,6.0747599138975445,0.05,False,True
FAILED,,,4387,5000,8.989010881617961,0.0005,False,True
FAILED,,,1552,3894,3.9370064412001007,0.05,True,True
RUNNING,,,925,5000,0.001,0.0005,True,True
RUNNING,,,2891,5000,10.0,0.05,False,True
RUNNING,,,1,5000,0.42822472260815,0.05,True,True
RUNNING,,,1,4088,0.371034583000756,0.05,False,True
RUNNING,,,3334,4287,0.5508946976148243,0.0005,False,True
RUNNING,,,1,5000,1.596374025381603,0.0005,False,True
FAILED,,,5000,5000,2.418114744726122,0.05,True,True
FAILED,,,1,3118,7.560195102948758,0.0005,True,True
FAILED,,,3321,2,4.801469909100248,0.0005,True,False
FAILED,,,5000,3153,8.925113083301252,0.05,True,True
FAILED,,,4503,5000,5.3002674491206845,0.05,False,True
FAILED,,,3,2,7.282294743843956,0.0392381809187177,False,True
FAILED,,,1099,5000,4.273769261787863,0.0005,True,True
RUNNING,,,4996,3898,3.7214204759659304,0.05,False,True
FAILED,,,2300,5000,6.473615871123776,0.0005,False,True
FAILED,,,5000,3607,8.70692882086749,0.0285277306562386,True,True
FAILED,,,319,4996,1.486758636447713,0.0005,True,True
FAILED,,,4419,4131,2.2550548772254775,0.05,True,True
FAILED,,,3807,5000,5.902540835480902,0.0005,True,True
FAILED,,,1404,5000,3.4585178558776146,0.05,True,True
FAILED,,,4291,5000,7.527604149068269,0.0005,True,True
RUNNING,,,1,5000,0.9880380356167052,0.05,False,True
FAILED,,,1520,2,2.056089537246677,0.05,False,False
FAILED,,,4879,5000,1.1761854014523991,0.0005,False,True
FAILED,,,2508,3041,9.600837090161658,0.0005,False,True
FAILED,,,1,2,7.052671756528143,0.0005,False,True
FAILED,,,1,5000,6.78211458756318,0.05,True,True
RUNNING,,,5000,3425,8.569585176920217,0.0005,False,True
FAILED,,,5000,5000,4.263284835769442,0.0005,True,True
FAILED,,,3623,5000,3.3956349646534334,0.05,True,True
FAILED,,,1,2,7.596302798044969,0.05,False,True
FAILED,,,348,5000,9.608428365110134,0.05,True,True
FAILED,,,5000,3250,2.605517329438261,0.0005,True,True
FAILED,,,1,2892,7.997741753136783,0.05,False,True
RUNNING,,,1269,5000,3.8849469955634177,0.05,True,True
RUNNING,,,759,5000,0.4455887461761633,0.0315709863025062,False,True
RUNNING,,,1,3188,0.4577926141322742,0.05,True,True
RUNNING,,,4603,3297,4.512024511136366,0.0005,False,True
RUNNING,,,5000,3750,8.671998524266828,0.0005,True,True
RUNNING,,,1680,4278,3.3309329614991268,0.05,True,True
RUNNING,,,2890,605,6.816066639900209,0.0426615490913391,False,True
RUNNING,,,1300,4029,0.1927602101759985,0.0131636591833084,True,False
RUNNING,,,319,1673,9.361944783021697,0.0339477644511498,True,False
RUNNING,,,3773,2605,2.704805009008385,0.0112386166090145,False,True
RUNNING,,,4630,2285,2.042611170159653,0.0045812481055036,False,True
RUNNING,,,1181,3207,6.204959554707632,0.0280366570376791,True,False
RUNNING,,,2162,1242,4.593517514592037,0.0198210040833801,True,False
RUNNING,,,3747,4676,8.71226804609783,0.0485726323942653,False,True
FAILED,,,3319,1255,3.9139429207500074,0.0312913495781831,True,True
COMPLETED,0.19,25.0,2356,2831,8.075909650223329,0.0013312281239777,False,False
COMPLETED,0.5899999999999999,28.0,826,221,1.4852031513918191,0.0457051727161742,False,False
RUNNING,,,4908,4290,5.6029621842857456,0.0226848312290385,True,True
RUNNING,,,4202,824,9.9244580250876,0.0160003054933622,True,True
COMPLETED,0.19,21.0,126,4902,3.301990381659009,0.0398212667913176,False,False
COMPLETED,0.19,23.0,1655,1902,7.490688722760417,0.0080157774630934,False,False
RUNNING,,,2614,3468,0.8337780311899259,0.0371752791064791,True,True
COMPLETED,0.19,23.0,2719,2120,7.683690624962561,0.0207347786440514,False,False
RUNNING,,,1763,3680,4.302514338909649,0.0476464656591415,True,True
RUNNING,,,168,781,5.211034000604414,0.0063622130271978,True,True
COMPLETED,0.5899999999999999,27.0,4256,4828,1.8734551206035537,0.0262434887690469,False,False
COMPLETED,0.3599999999999999,29.0,4801,130,3.6939994333051143,0.0329248944250866,False,False
RUNNING,,,717,4186,9.536134351208807,0.0122490472537465,True,True
RUNNING,,,2313,1522,1.226068388625979,0.0409650363996624,True,True
COMPLETED,0.19,22.0,3264,3072,7.102036064144225,0.0148479208140634,False,False
COMPLETED,0.79,1020.0,3461,985,0.5831481776088476,0.0093134560636244,True,False
RUNNING,,,1883,4426,6.424443722542376,0.0358656331934034,False,True
RUNNING,,,988,2367,3.0949021348617967,0.018171216935385,False,True
RUNNING,,,4454,3321,8.970641174927353,0.0376385768642649,True,False
RUNNING,,,4060,1725,5.814781188397669,0.0442988707190379,True,False
RUNNING,,,600,2669,2.4339861104292795,0.0240792131205089,False,True
COMPLETED,0.91,4411.0,1494,377,8.321808373997918,0.0292053629420697,False,True
RUNNING,,,3068,3827,4.98522143959906,0.0034054834819398,True,False
COMPLETED,0.68,29.0,3043,1624,1.340842268399894,0.0158484139037318,False,False
RUNNING,,,1460,2575,5.346956352446229,0.0415062950728461,True,True
FAILED,,,477,478,3.891620550159365,0.0116362819611094,True,True
COMPLETED,0.19,23.0,3929,3921,7.854136632166803,0.0319979378506541,False,False
COMPLETED,0.19,25.0,4477,1115,7.205350131965243,0.0253405708223581,False,False
RUNNING,,,1022,4568,0.7382780120549723,0.0057251701219938,True,True
RUNNING,,,2004,2236,9.751394490229895,0.0481636384977027,True,True
COMPLETED,0.1799999999999999,23.0,3593,3178,3.250489016718231,0.0217595021394081,False,False
FAILED,,,3161,270,9.066326089668088,0.0024955333699472,True,False
FAILED,,,2200,4319,2.6000927467411383,0.0285612878715619,False,True
FAILED,,,674,1382,6.632686041987502,0.0246014354354701,False,True
RUNNING,,,4747,2939,0.1320097999153658,0.0453286436907947,True,False
RUNNING,,,4359,2029,4.459627598945052,0.0386441223807632,True,False
RUNNING,,,280,3576,8.465359878920019,0.0187175280353985,False,True
RUNNING,,,1808,873,2.0307202827855946,0.0352458327850326,False,True
RUNNING,,,2773,4932,5.992245015177876,0.0083794643734581,True,False
RUNNING,,,2560,655,2.833402459053323,0.0495728909247554,False,True
FAILED,,,1612,4721,8.83177182645537,0.0203620281973853,True,False
RUNNING,,,13,2072,0.3656484969649463,0.0274236542354337,True,False
RUNNING,,,4099,3650,6.397850472984836,0.0036540540214627,False,True
RUNNING,,,4961,1474,8.231802124333566,0.0103354641031473,False,True
FAILED,,,871,3043,4.694391537779011,0.0333104869867675,True,False
RUNNING,,,2468,3,5.7590067095393325,0.0136805945122614,True,False
RUNNING,,,3422,4079,2.2651933800401167,0.0436860345699824,False,True
RUNNING,,,3616,2494,5.110595075749793,0.0362655635536648,True,True
COMPLETED,0.67,29.0,2039,3428,1.573565548283048,0.0073719369517639,False,False
COMPLETED,0.19,26.0,1147,1033,7.617446370732972,0.0403437266158871,False,False
RUNNING,,,4605,4454,4.124625135832467,0.0170303159747272,True,True
COMPLETED,0.91,6932.0,3905,425,0.9748871075306088,0.0236906113047152,True,True
COMPLETED,0.19,21.0,441,3857,6.972416952965782,0.0462517183753661,False,False
COMPLETED,0.3699999999999999,27.0,1334,1852,3.486778663245961,0.0007116652252152,False,False
RUNNING,,,2914,2776,9.518752152809872,0.0303575953976251,True,True
FAILED,,,2943,2216,3.4326175393965097,0.0067794499639421,True,True
COMPLETED,0.19,22.0,1404,3160,9.89393995073624,0.0366670764046721,False,False
COMPLETED,0.7099999999999999,37.0,412,1136,0.8618192400950939,0.0172368631260469,False,False
RUNNING,,,3838,4587,7.367425485333428,0.0403297114283777,True,True
RUNNING,,,4539,538,8.042988501046784,0.0467967167184688,True,True
COMPLETED,0.19,25.0,1117,3979,4.042090866343119,0.0229515707464888,False,False
COMPLETED,0.19,24.0,2110,1564,5.477219734714368,0.0302000475111417,False,False
RUNNING,,,3644,2518,1.5108412854718043,0.0010647187400609,True,True
RUNNING,,,3373,933,6.154931273684838,0.0200860028471797,False,True
RUNNING,,,2457,4989,2.1536518349098044,0.0496563813607208,True,False
RUNNING,,,920,1969,8.60851505259145,0.0043160192081704,True,False
RUNNING,,,4969,3518,4.6411452537337325,0.0269526661359705,False,True
RUNNING,,,4107,1361,0.3013979118485003,0.0334408304342068,False,True
RUNNING,,,63,2920,6.763559100171552,0.0100096120769158,True,False
RUNNING,,,1600,291,2.749953349759802,0.0431682406659238,True,False
RUNNING,,,2512,4337,9.255788826437668,0.0143924335818737,False,True
COMPLETED,0.5899999999999999,4080.0,2782,60,2.386370291024446,0.0288902776800096,True,False
RUNNING,,,1858,4139,5.918565173219889,0.0023622852242551,False,True
RUNNING,,,270,1416,4.874154551427812,0.0446137140458449,False,True
RUNNING,,,4312,2983,8.371829503178596,0.0251221812446601,True,False
RUNNING,,,4700,2053,6.530630670442247,0.0186310856943018,True,False
RUNNING,,,663,3630,0.5380117565942929,0.0389232383063063,False,True
RUNNING,,,2251,673,9.023141702498307,0.0088533571711741,False,True
RUNNING,,,3170,4741,2.9862382097681985,0.0345807298161089,True,False
COMPLETED,0.19,22.0,3525,1834,9.659390436793679,0.042242386676371,False,False
RUNNING,,,1974,2756,3.6659320009788496,0.0153065090863965,True,True
RUNNING,,,1091,444,7.132585129811429,0.0316477860836312,True,True
COMPLETED,0.67,35.0,4505,3877,1.0954531506253407,0.0117906891149468,False,False
COMPLETED,0.4899999999999999,25.0,3956,1091,4.276849981408567,0.0053267980036325,False,False
RUNNING,,,547,4515,7.809425922691823,0.0259301560623571,True,True
RUNNING,,,1429,2437,1.7453190947473047,0.0217704238011501,True,True
COMPLETED,0.19,22.0,2976,3369,5.2439861410968005,0.0479600403010845,False,False
RUNNING,,,3098,1184,8.591092885824851,0.03551408882346,True,False
RUNNING,,,1561,4616,4.433960801622831,0.00947251309501,False,True
RUNNING,,,571,2343,6.025194715849125,0.038376108277589,False,True
RUNNING,,,3990,3267,1.9025819661049168,0.0176247094473801,True,False
RUNNING,,,4383,1691,2.572022986341268,0.0240917162126861,True,False
FAILED,,,959,2625,9.18957969818264,0.0440908114723861,False,True
FAILED,,,1949,586,0.0013920848444104,0.0030054827262647,False,True
FAILED,,,3491,4008,6.663232779581101,0.0297993620252236,True,False
COMPLETED,0.81,45.0,3215,1920,0.6931391139701009,0.0469361386848613,False,False
RUNNING,,,2305,3489,7.311534751791507,0.0212540846434421,True,True
FAILED,,,766,806,3.1418227635510267,0.0265678286999464,True,True
COMPLETED,0.19,22.0,4812,4882,9.803892540730535,0.0062303574844263,False,False
COMPLETED,0.33,32.0,4268,164,5.450737897447311,0.0127185262083075,False,False
RUNNING,,,216,4230,1.2932241581706327,0.0322614200934767,True,True
RUNNING,,,1756,1313,7.904155470523053,0.0147659395230002,True,True
COMPLETED,0.63,25.0,2670,2892,3.7805512221669777,0.0412425708947703,False,False
RUNNING,,,2624,1544,6.919906982728281,0.0019978431882336,True,True
COMPLETED,0.7099999999999999,32.0,1703,3090,1.0835223693819716,0.0308189688757993,False,False
COMPLETED,0.19,82.0,117,109,9.412593756404704,0.0224042032081633,False,False
RUNNING,,,4151,4168,3.53192471317295,0.0457901029619388,True,True
RUNNING,,,4857,722,1.6846038849595935,0.0392990118372254,True,True
COMPLETED,0.19,22.0,818,4771,5.060564317656682,0.0167137259934097,False,False
COMPLETED,0.5899999999999999,24.0,2403,2180,4.172250397903845,0.0373100363970734,False,False
RUNNING,,,3330,3737,7.513691049152985,0.0076882967995479,True,True
COMPLETED,0.92,3187.0,3678,317,4.822537006301806,0.0133687665248289,False,True
RUNNING,,,2134,3770,8.198878647083417,0.0426521360673941,True,False
RUNNING,,,1249,1785,2.290829186046496,0.0106475222241133,True,False
RUNNING,,,4661,2726,5.633261782897637,0.0343446274246089,False,True
RUNNING,,,3804,2388,8.801251312282867,0.0278807377885095,False,True
RUNNING,,,387,3339,2.9640273259663954,0.0049298877771943,True,False
RUNNING,,,1272,963,6.274584944733419,0.0491160493069328,True,False
RUNNING,,,2821,4407,0.3936872660489753,0.0190864245751872,False,True
RUNNING,,,2852,1406,9.04805169896502,0.0453794736051931,True,False
RUNNING,,,1261,2954,3.016421870314516,0.0228153512873686,False,True
COMPLETED,0.92,2385.0,359,248,6.50197076200787,0.0312303999196738,False,True
RUNNING,,,3812,4302,0.5042498282911256,0.001587496980559,True,False
RUNNING,,,4670,899,4.907467366395519,0.0080514825056307,True,False
RUNNING,,,1221,4945,8.400632262209433,0.0369481243547052,False,True
RUNNING,,,2123,2004,2.356650121996179,0.0163513421588577,False,True
RUNNING,,,3709,3562,5.893488561181353,0.0396617255667224,True,False
COMPLETED,0.6,26.0,3358,494,1.7960821809861809,0.0339815361322835,False,False
RUNNING,,,2395,3944,5.2894755632560715,0.0110095286802388,True,True
RUNNING,,,787,1609,4.224949789522216,0.0430144254881888,True,True
COMPLETED,0.19,22.0,4868,2551,7.7626277506742625,0.0130059583815746,False,False
COMPLETED,0.19,27.0,4162,2251,7.179828913741746,0.0194971483456902,False,False
RUNNING,,,87,3203,1.14720699049253,0.0487049956414848,True,True
FAILED,,,1694,1102,9.613431637746281,0.0045183623195625,True,True
COMPLETED,0.19,24.0,2652,4542,3.615329644941725,0.0282909895824268,False,False
RUNNING,,,2681,1047,5.524330203837716,0.0180358102275058,True,True
COMPLETED,0.64,32.0,1725,4480,1.5624625555155796,0.0379654318061657,False,False
COMPLETED,0.19,22.0,208,2481,7.997162942308002,0.0090621195882558,False,False
FAILED,,,4296,3402,3.991621005631052,0.0359254727526567,True,True
RUNNING,,,4840,1869,0.9127529648169876,0.0294374028681777,True,True
COMPLETED,0.19,26.0,757,2799,7.413086290959271,0.0033686211332678,False,False
COMPLETED,0.56,29.0,2275,410,3.3805466345287862,0.0444534780872054,False,False
RUNNING,,,3225,3833,9.846970320753751,0.0237292850790545,True,True
RUNNING,,,3499,2098,2.7833982130624353,0.0065924110552296,False,True
RUNNING,,,1921,3663,9.284722888819871,0.0262047847067005,True,False
COMPLETED,0.77,761.0,948,630,0.2715456199869513,0.0208913236148655,True,False
RUNNING,,,4414,4707,6.738351110283286,0.0472984754047356,False,True
COMPLETED,0.92,882.0,4020,27,8.633255528050473,0.0408315645284019,False,True
RUNNING,,,560,4094,4.6711586482888094,0.0151767104081809,True,False
RUNNING,,,1533,1451,6.126440811759792,0.0326717191864736,True,False
RUNNING,,,3107,3026,2.1200600980995223,0.0123070478653535,False,True
COMPLETED,0.92,2077.0,3004,199,4.20325737702474,0.024759136237204,True,True
COMPLETED,0.19,21.0,1421,4274,7.540187823340298,0.0449757667868398,False,False
COMPLETED,0.65,27.0,516,1279,1.652311920955777,0.0027246212987229,False,False
FAILED,,,3967,2847,5.032916059639305,0.0285275161904282,True,True
FAILED,,,4516,1877,9.439776287953368,0.0349915002402849,True,True
COMPLETED,0.19,22.0,1061,3455,3.5643807598045094,0.0084423501593992,False,False
COMPLETED,0.19,27.0,1965,851,6.893861556827091,0.0385117591335438,False,False
RUNNING,,,3553,4915,1.0523750726087016,0.0190413837730884,True,True
RUNNING,,,3201,1657,6.3192557417145006,0.0113800131045281,False,True
RUNNING,,,2240,2581,0.4428682679636404,0.0320588875091634,True,False
RUNNING,,,635,621,8.752987869362345,0.0157178938454017,True,False
RUNNING,,,4708,4051,2.9111201770594346,0.0418319941838271,False,True
RUNNING,,,4320,1229,2.344207946792245,0.0483231797222979,False,True
RUNNING,,,242,4649,5.68136702856049,0.0214084654739126,True,False
RUNNING,,,1847,2299,4.772908157523721,0.025567725574132,True,False
RUNNING,,,2813,3232,8.15435166917741,0.0056894650794565,False,True
COMPLETED,0.83,893.0,2520,2354,0.054597227172926,0.040691716870293,True,False
RUNNING,,,1572,3294,6.711164853816853,0.0168737710039131,False,True
RUNNING,,,52,998,2.5225678304787724,0.0363042676160112,False,True
RUNNING,,,4138,4450,9.145225966202094,0.0071417389237321,True,False
FAILED,,,4999,361,6.070000615597703,0.0006536646136082,True,False
RUNNING,,,909,3803,1.951898517777212,0.0306107706362381,False,True
RUNNING,,,2429,1741,8.54269441463519,0.0233618217105977,False,True
RUNNING,,,3382,2692,4.380918177456596,0.0463851902466267,True,False
COMPLETED,0.19,28.0,3655,757,7.9315105030136195,0.0273638146761804,False,False
RUNNING,,,2079,4814,3.813179322750308,0.0039053904968313,True,True
FAILED,,,1109,2147,5.424520045102574,0.0492460359828546,True,True
COMPLETED,0.66,33.0,4567,3693,1.2619048819439485,0.0204974349052645,False,False
COMPLETED,0.6099999999999999,25.0,3866,1500,3.1726959063764664,0.0140305225537158,False,False
RUNNING,,,403,3055,9.830255031632257,0.0435314272018149,True,True
COMPLETED,0.92,1782.0,1374,154,0.6609810607600957,0.0103723264518193,True,True
COMPLETED,0.19,24.0,2954,4202,7.284020851558074,0.0330784470606595,False,False
COMPLETED,0.6,28.0,2904,791,1.1728642520252615,0.0040643531144596,False,False
RUNNING,,,1364,4858,7.054105442626402,0.0270121758924797,True,True
FAILED,,,450,1937,3.743458425832912,0.0199510218310169,True,True
COMPLETED,0.19,26.0,3876,3512,9.580491472864523,0.0499836618099361,False,False
COMPLETED,0.22,25.0,4577,1300,5.166231490531006,0.0433232735414057,False,False
RUNNING,,,1155,2865,1.8241424055965616,0.0140429312321357,True,True
COMPLETED,0.92,1715.0,2070,178,7.732090548870153,0.0336725405575707,True,True
COMPLETED,0.19,22.0,3604,4255,4.355557968803682,0.0099724201099015,False,False
RUNNING,,,3413,2320,8.294457178172657,0.0173929825895465,True,False
FAILED,,,2497,3251,4.9525967286909,0.0399812954822555,False,True
RUNNING,,,881,1208,5.841000046470202,0.0070099777947179,False,True
RUNNING,,,4931,4631,2.4653068393738935,0.0366287019606679,True,False
RUNNING,,,4068,562,3.064030444754288,0.0299472018908709,True,False
FAILED,,,25,3994,8.944279689753428,0.001123049154412,False,True
FAILED,,,1640,1717,0.615309620494023,0.0466628191554918,False,True
FAILED,,,2552,2638,6.451961459441111,0.0232799348332919,True,False
RUNNING,,,2743,1760,4.562513850647957,0.0315864123930223,False,True
RUNNING,,,1818,2712,8.685775034077466,0.0120465337550267,True,False
FAILED,,,308,343,2.074904512383044,0.041917018843349,True,False
FAILED,,,4350,3783,6.23260874395445,0.0154373602382838,False,True
RUNNING,,,4739,941,9.334763182702474,0.0221217915602028,False,True
RUNNING,,,701,4391,2.6723503405964,0.0478008303544484,True,False
RUNNING,,,2212,2412,6.842115967652761,0.0053620788296684,True,False
RUNNING,,,3131,3355,0.223910822126083,0.0257025772784836,False,True
COMPLETED,0.92,1083.0,3565,96,7.44601930399891,0.0449662598562426,True,True
COMPLETED,0.78,44.0,2013,4141,0.7845979605047033,0.0249641491649672,False,False
COMPLETED,0.19,23.0,1052,1557,9.972724783184937,0.0289244735776446,False,False
RUNNING,,,4467,3115,3.354901292732917,0.002133621327579,True,True
RUNNING,,,3917,2165,1.4318281528130172,0.0087908954173326,True,True
COMPLETED,0.19,22.0,508,3713,5.554860253799707,0.034835486577358,False,False
COMPLETED,0.53,25.0,1468,738,3.963572700757533,0.0183068986786529,False,False
RUNNING,,,3015,4793,8.120438006348907,0.0390552704599686,True,True
RUNNING,,,3059,1986,5.711894638701343,0.0266062031439505,False,True
RUNNING,,,1523,3541,2.213571253265254,0.0059998296536505,True,False
RUNNING,,,610,918,8.277624442393892,0.0472845546309836,True,False
RUNNING,,,4030,4966,4.744857412829065,0.0210979651799425,False,True
COMPLETED,0.92,3085.0,4423,305,0.3147107865810394,0.0144375754361972,False,True
RUNNING,,,999,4363,6.352186426680536,0.0413764684577472,True,False
RUNNING,,,1910,1349,2.8854725071899594,0.0126601957939565,True,False
RUNNING,,,3452,2894,8.878739854723214,0.0325142657137475,False,True
FAILED,,,3253,1159,3.4533305592648684,0.0380488278283737,True,True
COMPLETED,0.19,22.0,2343,4602,9.489814104765651,0.0177596904635429,False,False
COMPLETED,0.7,32.0,726,2193,1.0047377976775167,0.0354545790669508,False,False
RUNNING,,,4772,3143,6.99762408612296,0.0097241791887208,True,True
RUNNING,,,4228,1590,7.592705038542861,0.0030426746932789,True,True
COMPLETED,0.6099999999999999,24.0,177,2531,4.094610139562749,0.0295676519018597,False,False
COMPLETED,0.17,25.0,1794,512,5.139081552012824,0.0244412185624241,False,False
RUNNING,,,2708,3964,1.6071540444148704,0.0439357785969041,True,True
COMPLETED,0.19,32.0,2585,470,9.726480582599528,0.0108761861207894,False,False
RUNNING,,,1664,3890,3.2203021899918096,0.0343104315269738,True,True
RUNNING,,,156,1809,7.2340092581668864,0.0135267986045219,True,True
COMPLETED,0.78,38.0,4191,2742,0.7720384131418541,0.0422995902569964,False,False
COMPLETED,0.6199999999999999,25.0,4896,2460,3.8583062079753727,0.0489840171532705,False,False
FAILED,,,857,3383,7.825333090903238,0.0194106115908361,True,True
RUNNING,,,2365,1068,1.3705592712480574,0.0276259810272604,True,True
COMPLETED,0.19,22.0,3291,4498,5.372029053321109,0.0049923495310358,False,False
RUNNING,,,3717,1430,1.9799564143139867,0.022273352056276,True,False
FAILED,,,2172,3008,5.946754065802321,0.0461154707949608,False,True
RUNNING,,,1210,48,4.511523879667744,0.0017419985481537,False,True
RUNNING,,,4621,4113,8.512154884757473,0.0308803425664082,True,False
RUNNING,,,3764,690,6.585439091877081,0.0375376151809468,True,False
FAILED,,,347,4764,0.0802520488845184,0.007653015973512,False,True
FAILED,,,1311,2038,9.112283361499198,0.0394582217838615,False,True
RUNNING,,,2860,3606,2.650694320545532,0.016362358234357,True,False
RUNNING,,,2866,2052,2.1947862322097644,0.0324088169336319,True,True
COMPLETED,0.19,31.0,1324,3597,5.7319015817819166,0.0125789170279167,False,False
COMPLETED,0.16,27.0,334,695,4.765399552094752,0.0414821288390085,False,False
FAILED,,,3758,4753,8.258306609100662,0.0145190659877844,True,True
COMPLETED,0.92,853.0,4615,58,6.3315717260167,0.0210102426749654,True,True
COMPLETED,0.81,62.0,1196,4106,0.3341086311079561,0.0471726621119305,False,False
COMPLETED,0.19,32.0,2186,1439,8.897449930433185,0.0060877167372964,False,False
FAILED,,,3723,2994,2.8655431913957,0.0267182600572705,True,True
RUNNING,,,3295,1060,9.472632660809904,0.0438542880453169,False,True
RUNNING,,,2380,4512,3.474177471302449,0.0243355581811629,True,False
RUNNING,,,842,2450,7.019156383030118,0.0296489306678995,True,False
RUNNING,,,4893,3390,0.9868685849048195,0.0031481234733946,False,True
RUNNING,,,4187,1803,4.0731554699419075,0.0096121222754009,False,True
RUNNING,,,140,2753,7.610499305970035,0.0353666919833049,True,False
COMPLETED,0.66,4594.0,1680,457,1.6244154996043072,0.017871582982596,True,False
RUNNING,,,2589,3899,5.118162078577094,0.0381365503333509,False,True
RUNNING,,,2705,521,3.238478931975551,0.0050800712984055,True,False
FAILED,,,1778,3951,9.704645524376073,0.027737872808706,False,True
FAILED,,,192,1601,0.7508887397879735,0.0193227237695828,False,True
RUNNING,,,4232,2525,7.25149823133368,0.048871959502343,True,False
RUNNING,,,4776,2199,7.846560093550012,0.0424050382995046,True,False
RUNNING,,,742,3132,3.840741991469637,0.0136080766329541,False,True
RUNNING,,,2327,1173,5.353932024577634,0.0342047704081051,False,True
RUNNING,,,3249,4593,1.3923214700799436,0.0107946948315948,True,False
COMPLETED,0.19,27.0,3447,1335,5.96576913777925,0.0164744158852845,False,False
RUNNING,,,1897,2903,1.9597218042593447,0.0395461096051149,True,True
COMPLETED,0.91,2752.0,1012,299,8.492455470887942,0.0075411241920664,True,True
COMPLETED,0.19,23.0,4429,4373,4.530006139406935,0.0374498934135772,False,False
COMPLETED,0.79,58.0,4036,907,0.0998786033624783,0.0309618338556028,False,False
RUNNING,,,624,4971,6.567036545378157,0.0018476596670225,True,True
RUNNING,,,1509,1977,2.631604005229659,0.0460341927665285,True,True
COMPLETED,0.19,21.0,3053,3554,9.132595300846733,0.0221679040137678,False,False
RUNNING,,,3019,725,7.0359295946229246,0.0098609288493171,True,False
RUNNING,,,1484,4802,1.1947008002158255,0.0335852193110622,False,True
RUNNING,,,492,2159,9.601640252238141,0.0141546340938657,False,True
FAILED,,,3914,3724,3.7259679626990105,0.0434108065734617,True,False
FAILED,,,4463,1547,1.80291391298268,0.0499019817854277,True,False
FAILED,,,1036,3121,5.183794813056477,0.0198451717924326,False,True
FAILED,,,2029,88,4.373656487514266,0.0270940204956568,False,True
RUNNING,,,3568,4155,7.710329244018533,0.0041703675473108,True,False
COMPLETED,0.19,24.0,3137,2420,4.933580762733706,0.0231924018012359,False,False
RUNNING,,,2225,3341,8.314690298260189,0.0465511162937618,True,True
RUNNING,,,688,952,2.4850071472236888,0.0012103704009205,True,True
COMPLETED,0.19,23.0,4732,4384,5.82251927669812,0.0300586931514553,False,False
COMPLETED,0.19,21.0,1735,4631,7.520591030955315,0.0078936954960226,False,False
COMPLETED,0.91,5235.0,4810,454,1.0426813559178263,0.0428282198915258,True,True
RUNNING,,,2609,3738,6.7851287486916405,0.0210967306555248,True,True
COMPLETED,0.52,27.0,842,1357,4.6731993351764975,0.0295651434371247,False,False
COMPLETED,0.68,33.0,326,2696,1.2584092514878136,0.0318721842118538,False,False
RUNNING,,,3716,2262,9.77041733797267,0.0188537968220189,True,True
RUNNING,,,4024,4292,3.009251962346025,0.0466209555515088,True,True
COMPLETED,0.45,26.0,1942,657,5.9054047593716525,0.0040427065016701,False,False
RUNNING,,,2244,3365,3.698880938041955,0.0134778449330478,True,False
RUNNING,,,4306,1691,5.176718493646943,0.0375842429916374,False,True
RUNNING,,,3433,4962,2.0163894625250247,0.0035272279474884,False,True
RUNNING,,,23,83,9.12961160446424,0.0475737643460743,True,False
RUNNING,,,1145,3920,7.425933178478851,0.0390006595235317,True,False
RUNNING,,,2891,989,3.915217820418067,0.0120603957506828,False,True
RUNNING,,,4528,3026,8.249278628338129,0.027501273361966,False,True
COMPLETED,0.77,1589.0,1433,1893,0.3530536839431152,0.0235948979291133,True,False
RUNNING,,,1326,2860,5.4489176232563326,0.0452869477542117,False,True
RUNNING,,,4635,2040,3.1777405252624304,0.0058084772625006,True,False
RUNNING,,,3097,3752,8.996482428773307,0.0335839583249762,True,False
RUNNING,,,940,1137,2.359248755004257,0.0174778494932688,False,True
RUNNING,,,228,4819,4.21188574860897,0.0197660207012668,False,True
RUNNING,,,3228,246,6.94871457483992,0.0313342135162092,True,False
RUNNING,,,4199,3223,0.2735728971706703,0.0096080238977447,True,False
RUNNING,,,2352,1852,8.626333299176766,0.0414548283726908,False,True
RUNNING,,,2069,4122,0.8338189400993287,0.0257355100694112,True,True
COMPLETED,0.19,28.0,3896,806,8.105144471778532,0.0249289159607142,False,False
COMPLETED,0.19,23.0,3530,2526,4.703780630694703,0.0403766025188379,False,False
RUNNING,,,511,2413,6.339645289723761,0.0103486200701445,True,True
RUNNING,,,657,3592,9.60555309210904,0.00175815353496,True,True
COMPLETED,0.69,36.0,2795,1522,1.8673552511380984,0.0489044727329164,False,False
COMPLETED,0.19,21.0,4938,4487,5.970105072434992,0.0148512439201585,False,False
RUNNING,,,1609,618,2.6174931041141973,0.0358699247781187,True,True
RUNNING,,,1711,3612,2.033962032158859,0.0417609283770434,False,True
RUNNING,,,4864,1307,9.302236167075112,0.0085666264165192,True,False
RUNNING,,,2711,4584,3.485944123356603,0.0302486547376029,True,False
COMPLETED,0.92,3022.0,711,326,5.121198547732086,0.0200399956870824,False,True
FAILED,,,623,4298,8.309608933060428,0.0162351633566431,False,True
COMPLETED,0.75,973.0,3466,748,0.5708008574359119,0.0340875704344362,True,False
RUNNING,,,3804,2780,7.248355816205032,0.0062716588932089,True,False
RUNNING,,,2113,2276,3.8926924511212846,0.0440159588810056,False,True
RUNNING,,,2454,4878,6.646608695071191,0.0345804309928789,True,True
COMPLETED,0.35,35.0,4125,70,4.377262412785552,0.0153080055997706,False,False
COMPLETED,0.19,23.0,3145,3359,7.776215729208662,0.0494145051622763,False,False
RUNNING,,,282,1599,1.1432540332572532,0.0005339726791717,True,True
RUNNING,,,1052,3074,2.913492325754836,0.010604845453985,True,True
COMPLETED,0.19,23.0,3033,2021,5.654593129803426,0.0392853790991939,False,False
COMPLETED,0.66,33.0,4543,4046,1.5493906922750176,0.0238931834893301,False,False
RUNNING,,,1370,1039,9.90398190998938,0.0260593600445427,True,True
COMPLETED,0.19,21.0,1496,3900,4.99849050929863,0.0045598935391753,False,False
RUNNING,,,4415,1205,6.4793795734141035,0.045391891549807,True,True
RUNNING,,,2847,2929,0.7344833265757189,0.0175691917147487,True,True
COMPLETED,0.19,32.0,1237,2185,7.848315814916045,0.0323217968153767,False,False
COMPLETED,0.19,28.0,97,3190,6.222134694240057,0.0285343468505889,False,False
RUNNING,,,3331,1749,2.712029682580382,0.0214133843476884,True,True
RUNNING,,,4253,4708,9.47078054788429,0.0430916470903903,True,True
COMPLETED,0.64,43.0,2328,221,1.5776071119997648,0.0067975416774861,False,False
RUNNING,,,2006,2637,8.822652687642723,0.0225172494375146,True,False
FAILED,,,3912,2438,2.3429120572125535,0.0277711208807304,False,True
RUNNING,,,3672,4155,5.505652991214768,0.0123706294917501,False,True
RUNNING,,,419,910,3.3894514881344513,0.0379513580249622,True,False
RUNNING,,,915,4417,0.0570602173004299,0.0480411269203759,True,False
RUNNING,,,2506,473,8.564796214220115,0.0022482878500595,False,True
RUNNING,,,4756,3445,4.233186867807061,0.036349514348898,False,True
RUNNING,,,1818,1455,7.127508737376892,0.013977282368578,True,False
RUNNING,,,1851,2743,4.049730337445625,0.0280402656900696,True,False
RUNNING,,,4694,2313,7.403562886821107,0.0226835406925529,False,True
FAILED,,,2571,4340,0.4156650072475895,0.0381748537826351,False,True
FAILED,,,880,706,8.152642267163843,0.0124911772813648,True,False
FAILED,,,444,4542,5.27823583806958,0.0025161344702355,True,False
FAILED,,,3597,367,3.6411505979858334,0.0482064504344016,False,True
FAILED,,,3984,3649,9.147100912873633,0.0141957033867947,False,True
RUNNING,,,1983,1270,1.8769959622491152,0.0364653178472071,True,False
COMPLETED,0.19,26.0,2285,4009,9.746405549552291,0.0459975256072357,False,False
RUNNING,,,4266,1076,1.3948657286008819,0.0050626771771349,True,True
RUNNING,,,3315,3116,5.809189313905313,0.0329761955784633,True,True
COMPLETED,0.51,25.0,142,1979,3.0711399066196754,0.0181206456446088,False,False
COMPLETED,0.7199999999999999,71.0,1182,3318,0.9856770768333228,0.022023007386364,False,False
RUNNING,,,2853,1640,7.621690169547684,0.029041449917946,True,True
RUNNING,,,4412,4914,4.531859192874284,0.0074536634916439,True,True
COMPLETED,0.27,84.0,1549,34,6.804256871922874,0.0436451545194722,False,False
RUNNING,,,1364,4750,1.7327283046366646,0.0159588282573968,True,True
COMPLETED,0.19,84.0,4597,179,9.627732667976993,0.035140747829806,False,False
COMPLETED,0.54,44.0,2981,3153,2.5549962102836,0.0011367859411984,False,False
RUNNING,,,1056,1785,6.066932149399072,0.0499269070173613,True,True
RUNNING,,,269,2965,8.003436411566101,0.0399344787057489,True,True
COMPLETED,0.67,40.0,3187,2149,0.8914348506815732,0.0111631087916903,False,False
COMPLETED,0.19,32.0,4080,3859,6.322346697104164,0.0266581843253225,False,False
RUNNING,,,2470,1245,4.843288560444488,0.0244012659150175,True,True
RUNNING,,,2188,3487,6.972917079050094,0.0087782380268909,False,True
RUNNING,,,3778,1412,4.075543700969779,0.0418820310318842,True,False
RUNNING,,,3489,4380,8.722358028853312,0.0203025435195304,True,False
RUNNING,,,551,510,0.2115705234231427,0.0304207880282774,False,True
RUNNING,,,773,4192,3.234859233820811,0.0343042567842639,False,True
RUNNING,,,2678,874,5.348009228390642,0.0163610103027895,True,False
FAILED,,,4900,2596,2.500474467832595,0.0442798049026168,True,False
FAILED,,,1646,2480,8.97716358975228,0.006444759924896,False,True
RUNNING,,,1593,4251,5.747757122633048,0.0247069663205184,True,True
COMPLETED,0.5899999999999999,33.0,4983,697,2.854655834117904,0.0256164374025538,False,False
COMPLETED,0.19,27.0,2752,2732,9.92494224577304,0.0100779057242907,False,False
RUNNING,,,671,2226,1.415985667798668,0.0402088595600798,True,True
RUNNING,,,507,3701,4.51555110245105,0.0486846237988211,True,True
COMPLETED,0.19,36.0,3582,1393,6.630532024476678,0.0016407567122951,False,False
COMPLETED,0.65,1009.0,3842,4673,1.1972068597050383,0.0356035770685411,False,False
COMPLETED,0.91,5635.0,2075,412,7.678168071189896,0.0146874427357688,True,True
RUNNING,,,2416,2985,0.5100204057134688,0.0051556244324892,False,True
RUNNING,,,4163,1934,8.404414422652684,0.0447369691315107,True,False
FAILED,,,3260,3956,3.76001080567576,0.0168706457149237,True,False
RUNNING,,,166,953,7.2688952362807475,0.0330797231676988,False,True
RUNNING,,,1012,4925,9.286577730247751,0.0306766636017709,False,True
RUNNING,,,3074,121,2.1715246608527377,0.0192109201322309,True,False
FAILED,,,4661,3407,5.021512074891478,0.0408467040602117,True,False
FAILED,,,1252,1648,3.5418435918306934,0.0091024433444254,False,True
FAILED,,,1456,3259,8.471822937180288,0.0369829048523679,True,False
RUNNING,,,4456,1816,0.1160111384112387,0.0129669891954399,False,True
FAILED,,,2966,4778,7.106357685803436,0.0469214899847283,False,True
RUNNING,,,1119,288,4.3664774628095335,0.0029653415740467,True,False
FAILED,,,59,3795,2.2047377970209348,0.0114599781455472,True,False
RUNNING,,,3368,1095,8.83892007402703,0.0384911491819657,False,True
RUNNING,,,4369,2822,3.3353842322127893,0.0229473206521943,False,True
RUNNING,,,2212,2077,5.603509933443741,0.0269445089348591,True,False
COMPLETED,0.2099999999999999,26.0,1890,4522,2.772695704828948,0.0425671473662368,False,False
RUNNING,,,4027,582,6.127138488858008,0.0077231080923229,True,True
RUNNING,,,3709,3552,1.7104031869191676,0.0293520803074352,True,True
COMPLETED,0.19,38.0,380,1563,9.450431843598372,0.0209740582797676,False,False
COMPLETED,0.19,30.0,797,2568,6.494847294451668,0.0185883576604537,False,False
RUNNING,,,2625,2371,4.860813451130875,0.0316976550798863,True,True
FAILED,,,4797,4086,7.9481930035464465,0.0038275426658801,True,True
COMPLETED,0.7199999999999999,37.0,1778,843,0.6786982875755057,0.046496607331559,False,False
RUNNING,,,1761,3325,6.2568819005424166,0.0033724067192524,True,True
COMPLETED,0.19,37.0,4780,1565,4.766838459892199,0.0473041957351379,False,False
COMPLETED,0.19,27.0,2647,4852,8.012759619998745,0.0133366664927452,False,False
COMPLETED,0.92,1091.0,820,48,0.9068608898893,0.037376562598627,True,True
RUNNING,,,358,4039,2.5249461439130823,0.0273478926811367,True,True
COMPLETED,0.19,44.0,3687,1036,6.042984913803638,0.02332672118349,False,False
COMPLETED,0.6199999999999999,30.0,4044,3058,1.7847539703780784,0.0388579003904014,False,False
RUNNING,,,1907,2007,9.668773029727861,0.0118510859827511,True,True
FAILED,,,2189,4600,2.4231172753050925,0.0213768736072815,False,True
RUNNING,,,4346,339,8.913232863324694,0.029730539006181,True,False
RUNNING,,,3385,3618,3.2511923650037495,0.0080908015021122,True,False
RUNNING,,,76,1311,5.355798366689124,0.0429588239910081,False,True
RUNNING,,,1102,2805,8.699947247339411,0.0469027278781868,False,True
COMPLETED,0.78,1256.0,2949,2299,0.180615749024786,0.0042096827635541,True,False
FAILED,,,4478,4334,7.01242098671943,0.0320678983987309,True,False
RUNNING,,,1479,780,4.128474074739032,0.0189829603740945,False,True
RUNNING,,,1273,4169,9.21226570455823,0.0405783466468565,True,False
RUNNING,,,4683,926,1.9531459089275447,0.0104717536810785,False,True
FAILED,,,3056,2641,5.269222915287131,0.0260233123372308,False,True
RUNNING,,,994,2444,3.6260346954315903,0.0250898622814565,True,False
RUNNING,,,183,3469,0.4454150687409564,0.0150543813887052,True,False
RUNNING,,,3278,1480,8.176289348885417,0.0359944974612444,False,True
RUNNING,,,4141,4449,3.998014957354404,0.0020443279030732,False,True
RUNNING,,,2395,509,7.3628326617237185,0.0490638368856161,True,False
COMPLETED,0.19,28.0,2093,2895,4.609526522055269,0.0334472291329875,False,False
RUNNING,,,3859,2151,6.868497884000652,0.0172625097841955,True,True
RUNNING,,,3560,3877,0.969043791776523,0.045139597014524,True,True
COMPLETED,0.19,25.0,486,1178,7.613601026372053,0.0055342705757357,False,False
COMPLETED,0.19,22.0,692,4705,5.831910232072697,0.0094728768737986,False,False
COMPLETED,0.92,3377.0,2774,214,3.1024049666682254,0.0412411165633238,True,True
RUNNING,,,4965,3177,9.706601488009095,0.0196172308893874,True,True
COMPLETED,0.7199999999999999,41.0,1575,1733,1.3416353499544784,0.0310586134889163,False,False
RUNNING,,,1668,4997,3.306864362061955,0.0495209747450426,True,False
RUNNING,,,4921,117,5.568887083521114,0.0007552132480777,False,True
RUNNING,,,2661,3392,2.250340810547583,0.0347699374752119,False,True
RUNNING,,,756,1713,8.895508242547512,0.0155640376382507,True,False
RUNNING,,,569,3033,7.035099599133247,0.0239982597315683,True,False
RUNNING,,,3507,1896,4.306204531133176,0.026279161541257,False,True
RUNNING,,,3757,3935,8.482046979726292,0.0107959798360243,False,True
COMPLETED,0.79,568.0,2166,1003,0.1201322011854499,0.0395429933057166,True,False
COMPLETED,0.19,23.0,2488,3722,7.9120360834896575,0.0300168398278765,False,False
RUNNING,,,4098,1344,0.6510855093998835,0.0199229517634958,True,True
RUNNING,,,3166,4625,6.552969533106313,0.0415154706793837,True,True
COMPLETED,0.53,26.0,247,450,4.905509372682311,0.0083876942750066,False,False
COMPLETED,0.64,33.0,1077,4267,1.6510349632706491,0.0060382618154399,False,False
RUNNING,,,3002,633,9.377637302846647,0.0438972870577126,True,True
RUNNING,,,4580,2660,2.7759120595753193,0.0159911447311751,True,True
COMPLETED,0.19,23.0,1346,2230,6.138898985485547,0.0339100316334515,False,False
RUNNING,,,1532,2513,1.2260268837297335,0.0121205573217011,True,True
COMPLETED,0.19,22.0,4395,2396,7.713090925989674,0.0377798727685585,False,False
COMPLETED,0.19,21.0,2876,4119,4.469637952270918,0.0222777988151647,False,False
RUNNING,,,1204,800,6.573633570306003,0.0276585026020184,True,True
RUNNING,,,120,4462,9.996500486317089,0.0360980016314424,True,True
COMPLETED,0.56,25.0,3292,593,1.476558604352176,0.0138044052468612,False,False
COMPLETED,0.19,28.0,4283,3560,5.737222943433561,0.0478032569908537,False,False
RUNNING,,,2302,1486,2.8502244856934995,0.0021372989462688,True,True
RUNNING,,,1961,3786,5.057358709298075,0.0177542725522071,False,True
RUNNING,,,3961,1172,3.5691462333528325,0.0325854645664803,True,False
RUNNING,,,3614,2882,9.228755496470258,0.0046589162368327,True,False
RUNNING,,,461,2066,2.127128893175162,0.0456177465911023,False,True
RUNNING,,,863,3227,3.8190687436740847,0.0432750985529273,False,True
RUNNING,,,2554,1859,7.341379640378989,0.007059628735762,True,False
RUNNING,,,4716,4833,0.5071040558442473,0.0286347614135593,True,False
COMPLETED,0.92,2939.0,1873,262,8.392954079899006,0.0216406799363903,False,True
RUNNING,,,1801,3972,0.2755726192751899,0.032700536542572,False,True
RUNNING,,,4740,966,8.639318176275118,0.0179719148413278,True,False
FAILED,,,2528,2991,4.1488621141565964,0.0457838492030277,True,False
FAILED,,,938,1938,6.879587960615755,0.0049274947480298,False,True
FAILED,,,396,3432,9.050949256624095,0.0071793977962806,False,True
RUNNING,,,3649,1672,2.407612603083253,0.0434978627883829,True,False
RUNNING,,,3928,4961,5.411544070557691,0.0218077030824497,True,False
COMPLETED,0.92,1776.0,2023,153,3.1513521275576206,0.0289046853207983,False,True
RUNNING,,,2305,2697,5.983997041508556,0.0383341589267365,True,True
COMPLETED,0.5899999999999999,30.0,4231,2192,2.6179587560845534,0.0127774106580764,False,False
COMPLETED,0.19,25.0,3347,4225,9.535519385909662,0.0281648737783543,False,False
RUNNING,,,114,675,1.8058656868198883,0.0228866427559405,True,True
RUNNING,,,1220,4666,4.750608024692164,0.0143565906989388,True,True
COMPLETED,0.19,30.0,2830,409,6.395016825602391,0.0367531791236251,False,False
COMPLETED,0.7,44.0,4437,3685,0.8089669964760541,0.0026393034863285,False,False
RUNNING,,,1519,1380,8.066866211052053,0.0484081591572612,True,True
COMPLETED,0.25,25.0,1392,3518,3.007562525891699,0.0204317660802043,False,False
RUNNING,,,4564,1528,5.892730018926785,0.0306164432065561,True,True
RUNNING,,,3016,4500,1.3211328810630365,0.0089451788836158,True,True
COMPLETED,0.19,35.0,1035,556,9.839243798322975,0.0421638387637212,False,False
COMPLETED,0.19,27.0,299,4082,6.730972206491046,0.0444104680106975,False,False
RUNNING,,,3162,837,4.625145623750985,0.0066418069684877,True,True
RUNNING,,,4104,2554,7.55766460671369,0.0344696169481612,True,True
COMPLETED,0.7399999999999999,37.0,2433,2355,1.0687695997487752,0.0166411886597052,False,False
RUNNING,,,2131,4791,8.235086505390704,0.000927535181865,True,False
COMPLETED,0.92,6620.0,3821,304,0.3522880270956084,0.0497840888756327,False,True
RUNNING,,,3445,3263,7.496277021331713,0.0156906161066144,False,True
RUNNING,,,602,1822,3.9770176703864712,0.0349874025541357,True,False
RUNNING,,,732,2846,1.9692619146537036,0.0264505629409104,True,False
RUNNING,,,2733,2102,9.073940063708461,0.0242600284661166,False,True
RUNNING,,,4847,3826,3.7240430183187128,0.0396648746896535,False,True
RUNNING,,,1694,1132,5.2153070400236174,0.0110083229686133,True,False
COMPLETED,0.19,23.0,1630,3099,9.513942399301566,0.0170979767087847,False,False
RUNNING,,,4959,1966,1.6268717941921205,0.0331801023255102,True,True
RUNNING,,,2777,4003,6.200938310417348,0.0054176524821668,True,True
COMPLETED,0.6099999999999999,27.0,640,1072,2.6798479947671296,0.044920479602646,False,False
COMPLETED,0.79,64.0,528,4889,0.7520308554498479,0.041072594506666,False,False
FAILED,,,3547,10,7.8548780397996305,0.0092014306369237,True,True
RUNNING,,,3875,3282,4.924791260519066,0.0309402723442763,True,True
COMPLETED,0.19,28.0,2047,1607,6.41178315540962,0.0193960599782876,False,False
RUNNING,,,2369,4375,4.28398562013358,0.009966952225659,True,False
RUNNING,,,4216,740,7.169763496818953,0.0399709542253986,False,True
RUNNING,,,3206,2769,0.0233444593530148,0.0245340301902033,False,True
FAILED,,,207,2335,8.544506922372618,0.0253649836936965,True,False
FAILED,,,961,3655,5.511310508070514,0.0354909941949881,True,False
RUNNING,,,3118,1274,3.408535471090116,0.0144479567082598,False,True
RUNNING,,,4618,4558,8.755960977666078,0.0485130795338191,False,True
FAILED,,,1309,381,2.2676763543514533,0.0013907435508444,True,False
RUNNING,,,1417,4413,7.204883828134276,0.0291745061012916,False,True
RUNNING,,,4511,545,3.843117483278736,0.0207300750594586,True,False
RUNNING,,,2914,3509,8.331105470757,0.0424485345515422,True,False
RUNNING,,,1167,1439,0.6032825501263142,0.0074896520059555,False,True
RUNNING,,,1,2599,3.468086457828991,0.0036485751192085,False,True
FAILED,,,3411,2486,5.114326037198306,0.0462511850390583,True,False
FAILED,,,4323,4206,2.107961434812285,0.0184713727454654,True,False
FAILED,,,2261,889,9.370132589956745,0.0314657811615616,False,True
FAILED,,,1920,3140,1.4988919448256492,0.0471790687860921,True,True
COMPLETED,0.19,24.0,4001,1769,9.862027304421181,0.003156511361245,False,False
COMPLETED,0.57,30.0,3732,4746,2.9468977980520576,0.0372027653576806,False,False
COMPLETED,0.92,1857.0,342,173,5.674572284997441,0.0130720064290799,True,True
RUNNING,,,826,3835,7.770858217230067,0.0232033172855153,True,True
COMPLETED,0.64,43.0,2592,1221,1.12447020417545,0.0271340508223511,False,False
COMPLETED,0.19,25.0,4833,2933,6.712990119397641,0.0116812777230516,False,False
RUNNING,,,1758,2113,4.4521879789931695,0.0385975597561337,True,True
RUNNING,,,1746,2948,1.6165484546506776,0.0193158965669572,True,False
RUNNING,,,4840,2127,9.509721871910616,0.030974739128258,False,True
RUNNING,,,2579,3842,2.6730117742447184,0.0093875140212476,False,True
RUNNING,,,832,1223,6.183116767279804,0.0409382494925521,True,False
RUNNING,,,336,4728,7.887252985659056,0.0448367284685373,True,False
COMPLETED,0.92,1931.0,3745,162,0.7734204786941409,0.0054489091983996,False,True
RUNNING,,,3994,3131,6.440365836986341,0.0333633532971143,False,True
RUNNING,,,1932,1768,4.95947675424628,0.0169611769369803,True,False
COMPLETED,0.19,23.0,2255,4214,7.166610977850855,0.0013562764902599,False,False
RUNNING,,,4336,891,4.272289126905613,0.0485932424841448,True,True
RUNNING,,,3403,2618,8.525617370812222,0.014582301445771,True,True
COMPLETED,0.8,67.0,13,2497,0.017881392517127,0.0353049103496596,False,False
COMPLETED,0.2,32.0,1155,3504,3.428551940647885,0.025333726700861,False,False
RUNNING,,,2921,1434,5.544753462352791,0.0246177808633074,True,True
RUNNING,,,4498,4397,2.303735001765192,0.0401077537206001,True,True
COMPLETED,0.19,29.0,1423,532,8.78347565081995,0.0097837007930502,False,False
RUNNING,,,1296,4564,3.85360123640392,0.0315973052880726,True,True
COMPLETED,0.19,37.0,4625,384,7.209264582863079,0.0182949073016643,False,False
COMPLETED,0.7399999999999999,45.0,3107,3671,0.6099680791003629,0.046213142057415,False,False
RUNNING,,,969,1287,8.348776136100291,0.0037376011610031,True,True
RUNNING,,,199,2760,5.082105545054191,0.0076187213747762,True,True
COMPLETED,0.54,27.0,3218,2335,3.446851102054119,0.0422692366950213,False,False
COMPLETED,0.19,25.0,4209,4357,9.341405176700093,0.0206888220100663,False,False
RUNNING,,,2382,728,2.0731310231592506,0.0292599444203078,True,True
RUNNING,,,2040,3301,9.865034905463457,0.0387740247389301,False,True
RUNNING,,,3887,1618,1.510443706373684,0.0115497533199377,True,False
RUNNING,,,3540,4897,5.693616104027257,0.0270450243195518,True,False
COMPLETED,0.92,1546.0,541,12,2.952515318603255,0.0232413599905557,False,True
RUNNING,,,627,3987,1.1043028568234294,0.0132513038245961,False,True
FAILED,,,2784,1059,7.737264571399427,0.0370736957122571,True,False
RUNNING,,,4947,3094,4.416289558917285,0.0030710725812241,True,False
RUNNING,,,1638,1962,6.685635859827512,0.0472203215588815,False,True
RUNNING,,,1682,3812,8.665509758637286,0.0287427595956251,True,True
COMPLETED,0.79,53.0,4855,1117,0.3127493380066007,0.0219178896998055,False,False
COMPLETED,0.19,33.0,2720,2839,6.909614718313329,0.043553844015114,False,False
RUNNING,,,739,2099,4.17278587345779,0.0071691124592907,True,True
RUNNING,,,595,3281,2.3984281943989916,0.0047684014355763,True,True
COMPLETED,0.19,26.0,3457,1833,9.035661849543454,0.045896490578074,False,False
COMPLETED,0.19,27.0,3813,4800,3.138637688801624,0.0180314837908372,False,False
COMPLETED,0.92,4036.0,2142,305,5.409814768170937,0.0326934612733311,True,True
RUNNING,,,2426,2546,2.6565086285024884,0.0482979722633026,False,True
FAILED,,,4116,2354,6.009120615447872,0.0028012287504971,True,False
FAILED,,,3154,4064,1.828416292434558,0.0367634641840122,True,False
FAILED,,,311,826,9.566614152030088,0.014300609011203,False,True
RUNNING,,,1023,4505,6.378661410098896,0.0227740011042915,False,True
RUNNING,,,3024,560,4.742796769694426,0.0283239666298031,True,False
RUNNING,,,4552,3535,8.06620491708815,0.0127844856507144,True,False
RUNNING,,,1398,1541,0.7948794040335342,0.0382745895162224,False,True
RUNNING,,,1506,3679,5.866379401200452,0.0166550732445903,True,False
RUNNING,,,4444,1376,2.9702265855502334,0.0344047485655173,False,True
FAILED,,,2819,4651,9.809366726445965,0.0065344642889685,False,True
COMPLETED,0.7099999999999999,2356.0,1228,395,1.2973586213365196,0.0445627512698993,True,False
FAILED,,,106,4234,4.634174572992138,0.0421809334163554,True,False
FAILED,,,3359,675,6.746103967882694,0.0088838982237502,False,True
RUNNING,,,4224,2715,1.0816301484042778,0.0305115552847273,False,True
RUNNING,,,2318,2204,7.55953983275406,0.0205868817521259,True,False
COMPLETED,0.78,57.0,2015,4942,0.3138840783312916,0.0110731908902525,False,False
COMPLETED,0.92,1981.0,3940,143,8.210109041350893,0.0396509898281656,True,True
RUNNING,,,3642,3425,3.9543114190828046,0.0241077447459101,True,True
COMPLETED,0.19,24.0,409,1670,7.465026795768179,0.0265579053438268,False,False
COMPLETED,0.19,29.0,925,3007,9.090444978786634,0.0350486827529966,False,False
RUNNING,,,2535,1951,1.9772228554720055,0.0156735211773775,True,True
RUNNING,,,4728,3978,5.215809112377466,0.0496289727427065,True,True
COMPLETED,0.22,28.0,1810,970,3.7379715753970664,0.001032422827091,False,False
COMPLETED,0.19,25.0,1862,4836,5.564644597739913,0.0393876883452758,False,False
COMPLETED,0.92,2952.0,4725,268,3.2965188778843726,0.0109003009987063,True,True
RUNNING,,,2541,3240,8.87770884404611,0.0263410082226619,True,True
COMPLETED,0.6199999999999999,26.0,870,1874,2.2435265484154225,0.0239813536298461,False,False
COMPLETED,0.19,24.0,454,2882,4.327616299013608,0.0154119427455589,False,False
RUNNING,,,3627,2057,7.067496503382921,0.0348778463606722,True,True
RUNNING,,,3953,3774,0.1547957365224137,0.000819514687173,True,True
COMPLETED,0.19,30.0,1972,1155,8.510607516666873,0.04950690105604,False,False
RUNNING,,,2295,3570,0.639366871535778,0.0338057101941667,True,False
RUNNING,,,4296,1505,7.908861606131309,0.0161464492306113,False,True
RUNNING,,,3284,4465,4.9000682642366735,0.0439141928828321,False,True
RUNNING,,,131,601,6.5341021261820575,0.0059764146730303,True,False
RUNNING,,,1193,4105,9.411102215519175,0.0082797851129435,True,False
RUNNING,,,2884,784,1.6710735774645582,0.0416675651110708,False,True
RUNNING,,,4382,2509,6.166391514003277,0.0199370251758955,False,True
RUNNING,,,1539,2391,2.8119487485988066,0.0299525379277765,True,False
RUNNING,,,1334,2674,7.7174878654861825,0.0021445627664215,False,True
RUNNING,,,4587,2245,1.2365266353767363,0.0477442540628835,True,False
RUNNING,,,2991,4269,6.591288237127476,0.0136911971126683,True,False
RUNNING,,,1085,640,4.476307296477259,0.0362569056553766,False,True
RUNNING,,,239,4614,1.4553072500554844,0.0276685988348908,False,True
RUNNING,,,3177,432,9.964263809405267,0.022221250644885,True,False
RUNNING,,,4091,3721,2.8154102588081726,0.0376702523571439,True,False
RUNNING,,,2500,1335,5.708511528698728,0.0122826714133843,False,True
RUNNING,,,2158,3937,3.580713993422687,0.0216996824033558,True,True
COMPLETED,0.26,25.0,3768,1011,5.060382495108061,0.0286274973168037,False,False
COMPLETED,0.57,34.0,3500,3043,2.132730228958652,0.0069007242508232,False,False
RUNNING,,,581,1915,9.247783316978254,0.0433883064105175,True,True
RUNNING,,,743,3387,7.307769809780643,0.0456742943003773,True,True
COMPLETED,0.52,30.0,2668,1708,3.7988853978002446,0.0046488197273574,False,False
RUNNING,,,1378,2564,4.226323818564415,0.0422167039215564,True,True
COMPLETED,0.19,25.0,3069,1179,6.516872146547772,0.0042610686956904,False,False
COMPLETED,0.8,46.0,4901,4946,0.4663482498740777,0.0335386382462456,False,False
RUNNING,,,655,1297,7.542576706228779,0.0217826835750602,True,True
RUNNING,,,33,3862,5.143017998550088,0.014382269074209,True,True
COMPLETED,0.53,27.0,4263,2399,2.865923123695888,0.0258354936852119,False,False
COMPLETED,0.19,23.0,3708,3666,8.921274700044652,0.0118428487973287,False,False
COMPLETED,0.92,1039.0,1999,95,1.821903795203194,0.0496901414706371,True,True
RUNNING,,,2261,4561,9.951192011350766,0.0293077620379626,False,True
RUNNING,,,3284,1683,2.041726269382052,0.016005700031761,True,False
RUNNING,,,4060,2960,5.978148874049076,0.045672619562596,True,False
RUNNING,,,396,785,3.2808036546856165,0.0092631149985827,False,True
RUNNING,,,1027,3436,0.6765685006547719,0.0013769013322889,False,True
RUNNING,,,4669,324,8.58240019422304,0.0376765524470247,True,False
RUNNING,,,2675,4100,4.6312754508676015,0.0240732811428606,True,False
RUNNING,,,1630,2160,7.361625471748413,0.0370741248154081,False,True
RUNNING,,,1817,4271,2.4076728350035848,0.0106341508757323,True,False
RUNNING,,,2629,1989,9.663517589808441,0.0470312993158586,False,True
RUNNING,,,4403,3217,3.530029940626584,0.0146241972278803,False,True
RUNNING,,,1152,543,5.6506504440289,0.0279142807652242,True,False
RUNNING,,,512,3052,8.20669134548679,0.0322333122696727,True,False
RUNNING,,,3784,692,0.9740099732065572,0.0192204665248282,False,True
RUNNING,,,3248,4419,7.102632172047161,0.0425552585627883,False,True
RUNNING,,,2458,1824,4.968536126753316,0.0062432277207262,True,False
COMPLETED,0.19,21.0,2036,3456,6.85337219422497,0.0235417705057188,False,False
COMPLETED,0.92,2783.0,3509,305,3.967790657955222,0.0352857227358035,True,True
RUNNING,,,4148,4042,7.840778806989082,0.0024885146198794,True,True
COMPLETED,0.8,57.0,308,2219,0.0901791502982378,0.0404317711326293,False,False
COMPLETED,0.51,32.0,920,4814,2.5391900897789745,0.0452377369804307,False,False
RUNNING,,,4777,1429,5.391788801546209,0.0073780878144316,True,True
RUNNING,,,2881,2666,1.5334639775576069,0.0303227502210065,True,True
COMPLETED,0.19,25.0,1425,1077,9.287676748611032,0.0188575467723421,False,False
RUNNING,,,1554,4884,6.111878748604097,0.0056940824100747,True,False
RUNNING,,,2893,1357,3.3812728444971145,0.0434382287911139,False,True
RUNNING,,,4765,2580,9.832109109451997,0.0205596435675397,False,True
RUNNING,,,791,1162,1.926610106914304,0.032104119812604,True,False
RUNNING,,,170,3684,4.531721920342185,0.0273107988620176,True,False
COMPLETED,0.92,1046.0,4126,79,7.226980086904019,0.015658180785831,False,True
RUNNING,,,3531,3801,0.7907690038364381,0.0484127250397577,False,True
RUNNING,,,2176,2461,8.702398606411181,0.010366027099546,True,False
COMPLETED,0.7099999999999999,42.0,2397,2818,0.5712418970121071,0.0178295802474021,False,False
RUNNING,,,3148,922,7.672187268720941,0.0309201649338938,True,True
RUNNING,,,3884,4654,4.116547735460103,0.0076522286236286,True,True
COMPLETED,0.19,26.0,572,1586,6.3921439082743605,0.0438502440662123,False,False
COMPLETED,0.19,22.0,1204,4197,8.791969506311231,0.0395427359268069,False,False
RUNNING,,,4493,2066,1.7167049283031375,0.003043680651579,True,True
RUNNING,,,2539,3299,5.267440868064762,0.0354088502153754,True,True
COMPLETED,0.53,23.0,1766,465,2.9760043148146944,0.0222086141840554,False,False
RUNNING,,,1642,3197,8.037978896387852,0.0486546480301767,True,True
COMPLETED,0.78,47.0,2805,567,0.2834125002659857,0.0124448193428106,False,False
COMPLETED,0.19,29.0,4540,4329,6.641525132169948,0.0261021075788885,False,False
RUNNING,,,1015,1935,3.789204280643724,0.0129993319925852,True,True
RUNNING,,,374,4474,1.3411462868759407,0.0208982034642249,True,True
COMPLETED,0.19,23.0,3921,1766,9.089561148922888,0.0340862721991725,False,False
COMPLETED,0.56,24.0,3424,3028,2.716860807804391,0.0043887512702494,False,False
RUNNING,,,2283,712,5.604551373890602,0.0408760169041343,True,True
RUNNING,,,1899,3943,3.717923099483364,0.0365204701414331,False,True
RUNNING,,,3647,2319,5.853495869802312,0.0249638262311927,True,False
RUNNING,,,4323,3591,2.2246620003655555,0.0390112201264128,True,False
RUNNING,,,134,172,9.455789839816282,0.0012552837352268,False,True
RUNNING,,,745,2800,6.900092115032488,0.0086672116434201,False,True
RUNNING,,,4952,942,4.780337748134508,0.0467020959700457,True,False
RUNNING,,,3018,4713,8.414113726720213,0.0173947043037042,True,False
RUNNING,,,1288,1528,1.157326027606614,0.0290351311112754,False,True
RUNNING,,,1318,3777,8.442039938101544,0.0246420399434864,False,True
RUNNING,,,2988,2466,0.7388139532236382,0.0360960115664638,True,False
RUNNING,,,4982,3738,7.494662278790958,0.0008338378258049,True,False
FAILED,,,715,5,4.576353447377683,0.0386803786926902,False,True
RUNNING,,,84,2653,2.172335007401183,0.0462655541859567,False,True
RUNNING,,,4373,1108,9.898702844779008,0.0083091657706536,True,False
RUNNING,,,3597,4879,3.137989143368788,0.0286922064684331,True,False
RUNNING,,,1949,1381,6.042843813918531,0.0169369988092221,False,True
RUNNING,,,2311,3343,2.9281792854033406,0.0127968216286972,True,True
COMPLETED,0.38,26.0,3395,402,5.002647033290007,0.0490972304507158,False,False
COMPLETED,0.6199999999999999,26.0,3949,4163,1.7669710825746878,0.0134509939001873,False,False
RUNNING,,,346,2081,9.054322216225788,0.0264510728581808,True,True
RUNNING,,,967,4639,6.464393689114601,0.0345167750986292,True,True
COMPLETED,0.3699999999999999,27.0,4588,1620,4.3569217356974255,0.0212139483778737,False,False
COMPLETED,0.19,21.0,2756,2882,7.607260936959646,0.0412129026623442,False,False
RUNNING,,,1690,878,0.3235444476958364,0.0048041558056138,True,True
COMPLETED,0.19,22.0,1737,2985,5.378355863401667,0.0312540371967479,False,False
RUNNING,,,2568,775,2.6307378314761447,0.0182419557976536,True,True
RUNNING,,,4464,4508,9.313315534551629,0.044283775950782,True,True
COMPLETED,0.69,30.0,1232,1752,1.4297103880643844,0.0079709870326332,False,False
COMPLETED,0.19,23.0,621,4344,3.990975151451305,0.0034923054603859,False,False
RUNNING,,,3835,1900,6.752068129281514,0.0398886958244256,True,True
RUNNING,,,3196,3133,0.0743181803794577,0.0225636218516156,True,True
COMPLETED,0.19,29.0,2349,612,7.934759348355233,0.0358544697347097,False,False
RUNNING,,,2146,4738,1.0655469685159622,0.0430983102675527,True,False
RUNNING,,,3561,1523,8.193269153730013,0.0052394132767803,False,True
RUNNING,,,4097,2746,4.864793283647858,0.0316645416673272,False,True
RUNNING,,,199,1015,7.128260211599992,0.0201985915754921,True,False
RUNNING,,,840,3518,9.56220277847722,0.0152397645991295,True,False
COMPLETED,0.92,2125.0,4715,225,2.430868074887432,0.0269829701860435,False,True
RUNNING,,,2942,3947,5.744641731782817,0.0100412280540913,False,True
RUNNING,,,1505,2295,3.514158224320039,0.047985236742068,True,False
COMPLETED,0.6199999999999999,30.0,1454,3603,1.5738903797371313,0.0348642937913537,False,False
COMPLETED,0.92,1731.0,2852,139,8.856664483429862,0.0232109121070243,True,True
RUNNING,,,4806,3876,3.106613015584648,0.0401099900081753,True,True
COMPLETED,0.19,22.0,891,2365,5.21495173874218,0.0020640508816577,False,False
COMPLETED,0.19,21.0,260,4980,7.805224038514309,0.0070351447314023,False,False
RUNNING,,,4196,1282,0.5163199307713658,0.0447800499261356,True,True
RUNNING,,,3461,2520,6.2517836149036885,0.0184209983497858,True,True
COMPLETED,0.54,23.0,2085,1243,4.178793225278147,0.0299647109867073,False,False
RUNNING,,,2488,4105,7.291664354884065,0.0474829427832737,True,False
RUNNING,,,3218,2135,4.388918080914766,0.0109831345952115,False,True
RUNNING,,,3814,3363,8.649920186227186,0.0282662764126434,False,True
COMPLETED,0.75,1158.0,482,378,0.9213669954678044,0.0150667862868867,True,False
RUNNING,,,1103,2906,3.326340169117786,0.0195573692480102,True,False
RUNNING,,,4452,858,6.2449262275360535,0.032648699840065,False,True
RUNNING,,,2580,4585,1.9888663058709353,0.0066737357834354,False,True
RUNNING,,,1867,1678,9.691738106942736,0.0428709983131848,True,False
RUNNING,,,1600,4414,4.764476740966551,0.0164392149513587,False,True
RUNNING,,,2705,1849,6.9940726936478175,0.0296265374119393,True,False
RUNNING,,,4639,3126,1.1805104838535188,0.0095969820981845,True,False
RUNNING,,,1057,638,8.312809699025934,0.0460850002760998,False,True
RUNNING,,,445,3270,5.879134618493729,0.0380315785547718,False,True
RUNNING,,,4011,471,3.614169547239319,0.0018225024114362,True,False
RUNNING,,,3334,4247,9.44235686442256,0.0375227562626823,True,False
RUNNING,,,2211,1993,2.3162097793119028,0.024419234402012,False,True
RUNNING,,,1971,2729,9.183552473925984,0.0038215089906007,True,True
COMPLETED,0.64,30.0,3736,1033,1.3252745333202183,0.0418556348723359,False,False
COMPLETED,0.19,22.0,4234,4800,5.50323659980856,0.0214427716899663,False,False
RUNNING,,,62,1463,2.7400560104390608,0.0330839624744839,True,True
RUNNING,,,703,4008,0.1796696944097057,0.0255106776747852,True,True
COMPLETED,0.19,22.0,4853,2233,8.063606898691505,0.0139547977414913,False,False
COMPLETED,0.19,22.0,3117,3500,3.8807413132023063,0.0492717201206833,False,False
COMPLETED,0.92,2521.0,1330,241,6.628102903163993,0.0115150252846069,True,True
COMPLETED,0.78,57.0,1361,4672,0.0313117325315251,0.0454013343085534,False,False
RUNNING,,,3090,1570,7.899648683201522,0.0091975570451468,True,True
RUNNING,,,4879,2837,4.024254796026275,0.0293750445176847,True,True
COMPLETED,0.19,25.0,671,906,6.7969055977081885,0.0162783321570605,False,False
COMPLETED,0.19,21.0,49,3314,9.34781583467964,0.0237538433973677,False,False
COMPLETED,0.91,4839.0,4241,447,1.473327349934727,0.0369600367154926,True,True
RUNNING,,,3729,4213,5.3341287600006915,0.0014923333530314,True,True
COMPLETED,0.47,26.0,1982,2048,2.5968476728787646,0.0379977117683738,False,False
RUNNING,,,2200,2608,5.710179649311119,0.0336527482899837,True,False
RUNNING,,,3341,1136,3.4705031937900928,0.0221021436331793,False,True
RUNNING,,,4004,4913,9.606467950537802,0.0418955679270438,False,True
FAILED,,,458,1331,2.4647200158284974,0.0041456589875742,True,False
FAILED,,,1089,3827,4.907837949152105,0.0119084316450171,True,False
FAILED,,,4613,2433,7.1633328080941,0.0499614519877359,False,True
FAILED,,,2732,3710,1.0323053926005958,0.014109661843162,False,True
FAILED,,,1568,50,8.148393467647022,0.025768236468546,True,False
RUNNING,,,1840,3568,3.1828263883003967,0.0027972837029956,False,True
RUNNING,,,2612,192,6.07612383098528,0.0405595491351559,True,False
FAILED,,,4421,3919,2.137223969755694,0.0234156698225997,True,False
FAILED,,,1130,2340,9.85569662042614,0.0349782533170655,False,True
FAILED,,,489,4693,7.460771896698514,0.0305833668126724,False,True
FAILED,,,3802,1551,4.532126716468484,0.0189367946283891,True,False
RUNNING,,,3231,2779,8.48565652748011,0.045159785838332,True,False
RUNNING,,,2481,966,0.7733144768467173,0.0071191455917432,False,True
RUNNING,,,2092,4316,7.64111325039249,0.0145449244775809,True,True
COMPLETED,0.79,39.0,3449,1945,0.3678093962613493,0.0276536389105021,False,False
COMPLETED,0.19,21.0,4208,3183,6.42073888207972,0.0108930682041682,False,False
RUNNING,,,253,579,4.322459280733951,0.0471092251949012,True,True
RUNNING,,,864,3018,1.722095768983476,0.0424274586164392,True,True
COMPLETED,0.19,32.0,4837,725,9.021080416815357,0.0059344363249838,False,False
COMPLETED,0.19,24.0,2820,4463,2.963252105392516,0.0325407597445882,False,False
RUNNING,,,1480,1780,5.045691326302477,0.0193465448953211,True,True
RUNNING,,,1497,2932,9.399350714568047,0.0077180948969908,False,True
RUNNING,,,2954,810,2.2810988161647687,0.0441212711576372,True,False
RUNNING,,,4703,4532,5.91241456106212,0.0175568787869997,True,False
RUNNING,,,847,1709,3.659006717672572,0.0308530019465833,False,True
RUNNING,,,226,4075,1.2150110819749531,0.035522866029758,False,True
RUNNING,,,4064,2188,8.356426362902857,0.02252816847153,True,False
RUNNING,,,3592,3410,4.720249935558996,0.0392218819749541,True,False
RUNNING,,,2119,352,6.960182237057016,0.002927987517789,False,True
RUNNING,,,2376,4928,3.8462789327371856,0.0202401112238876,True,True
RUNNING,,,3165,1312,6.584448170627468,0.0319901263108477,False,False
RUNNING,,,3868,2545,0.2239345684768632,0.0058097974876873,False,False
RUNNING,,,594,1196,8.097459137625993,0.0437591050555929,True,True
RUNNING,,,1225,3651,5.546280967319385,0.0481417228425852,True,True
RUNNING,,,4477,113,2.7751289049265906,0.01030018608924,False,False
RUNNING,,,2556,3846,9.150310600017196,0.0273779867435805,False,False
RUNNING,,,1745,2418,1.280399145230651,0.0159309075092896,True,True
RUNNING,,,1703,4055,6.296621157828719,0.0388837032369337,False,False
RUNNING,,,2749,2208,4.212072944351473,0.0009462092826142,True,True
RUNNING,,,4596,3470,7.770113298862243,0.0368278230181895,True,True
RUNNING,,,955,294,0.4733134084250777,0.0250899991998448,False,False
RUNNING,,,314,2677,3.072722931485623,0.0173153369552455,False,False
RUNNING,,,3977,1064,5.17072470983956,0.0287745838547125,True,True
RUNNING,,,3368,4825,1.6175072671091184,0.0089264120287261,True,True
RUNNING,,,2343,1415,8.891164709059522,0.0467797387922182,False,False
RUNNING,,,1917,3240,2.0227183213103563,0.0263626299411989,True,False
RUNNING,,,3624,523,9.73600335350167,0.0130786740779876,False,True
RUNNING,,,4346,4294,3.2826850640894847,0.0485769803137518,False,True
RUNNING,,,115,1968,6.210464070565999,0.0121855936944484,True,False
RUNNING,,,727,4440,8.605044574642553,0.0046978037790395,True,False
RUNNING,,,4974,1802,0.8881254940507934,0.041003511480987,False,True
RUNNING,,,2995,3073,7.326736876879819,0.0207720085517503,False,True
RUNNING,,,1305,669,4.431962671920657,0.0337788970097899,True,False
RUNNING,,,1256,3386,7.06935222947877,0.0135182525920681,True,False
RUNNING,,,3044,357,4.923698956320063,0.0267236815644428,False,True
RUNNING,,,4925,4128,8.249697495341302,0.0125255125868134,False,True
RUNNING,,,776,2115,1.0091209363536908,0.0490316490782424,True,False
RUNNING,,,145,4606,3.574256746034138,0.0413283108952455,True,False
RUNNING,,,4316,1655,5.684540900619702,0.0051252917079254,False,True
RUNNING,,,3654,2926,2.37317223688215,0.0341973135652951,False,True
RUNNING,,,1887,835,9.61990092593152,0.0210998368589207,True,False
FAILED,,,1381,1907,8.76882468318939,0.010660521633923,True,False
FAILED,,,3090,3590,4.858601231779904,0.0335615274049341,False,True
FAILED,,,4670,1093,7.406298075314613,0.0233199865045025,False,True
FAILED,,,1086,4408,1.3191209319159387,0.0454473798242397,True,False
FAILED,,,503,469,2.5894497720059007,0.0435471063856966,True,False
FAILED,,,3774,3785,8.686982782790437,0.0130325753623619,False,True
FAILED,,,3439,1283,1.2374324236307293,0.0306942822784185,False,True
FAILED,,,2042,2967,5.137299784159288,0.0009533636602573,True,False
COMPLETED,0.77,58.0,2434,924,0.3616618571607396,0.0163763579321093,False,False
RUNNING,,,3205,4864,5.825100551589393,0.0400265753613784,True,True
RUNNING,,,4164,2368,3.31509093607869,0.003704814877361,True,True
COMPLETED,0.19,23.0,268,3426,7.851489007177763,0.0281286432365886,False,False
COMPLETED,0.19,23.0,694,1744,6.680637858287432,0.0361197377252392,False,False
RUNNING,,,4903,2803,2.1546337977321817,0.0079014049693942,True,True
COMPLETED,0.92,4593.0,2700,301,9.644614116367885,0.0489846400627866,True,True
COMPLETED,0.19,21.0,1616,4241,4.170781411395409,0.0199926965613849,False,False
FAILED,,,1760,44,5.939728368025274,0.0296296694315969,True,True
COMPLETED,0.77,51.0,2551,4151,0.1640306364670396,0.0022090773279778,False,False
COMPLETED,0.19,25.0,4760,1649,7.73113642049581,0.0415270344284363,False,False
RUNNING,,,844,2541,3.508675685476512,0.0148796768905594,True,True
RUNNING,,,98,2272,2.2743528317753228,0.0245809799665585,True,True
COMPLETED,0.19,21.0,4327,3165,6.4876782804634425,0.0443880467717535,False,False
COMPLETED,0.56,23.0,3374,668,4.056777574559674,0.0124902556869201,False,False
RUNNING,,,2271,4774,9.841610592449085,0.031524087741971,True,True
FAILED,,,1879,1505,4.426006984709763,0.046943424587138,False,True
FAILED,,,3607,3022,9.27464733080845,0.0218186530959792,True,False
COMPLETED,0.66,5500.0,3938,521,1.745225198882632,0.0350581380049698,True,False
RUNNING,,,334,4002,6.897189249365591,0.0091601332388818,False,True
RUNNING,,,1236,1144,8.260283143592067,0.0055496497377753,False,True
RUNNING,,,4527,4626,3.099145663619973,0.02610630608676,True,False
RUNNING,,,2940,2129,5.570479904920794,0.0176282957871444,True,False
FAILED,,,1524,3646,0.7310129883112386,0.0389581852266564,False,True
RUNNING,,,1471,1011,3.2744686032244936,0.0329206812572665,True,True
COMPLETED,0.19,21.0,2887,4491,8.121580615562385,0.0116873301612213,False,False
COMPLETED,0.7299999999999999,46.0,4433,1989,0.5547805727841332,0.0448057788275182,False,False
RUNNING,,,1142,3508,5.705216736496427,0.0243460386614315,True,True
RUNNING,,,398,1365,9.450885110217147,0.015490697603207,True,True
COMPLETED,0.19,26.0,4002,2884,4.291275517015719,0.0414855232164263,False,False
COMPLETED,0.35,30.0,3709,387,6.721870481668972,0.0034122405657544,False,False
RUNNING,,,1981,3867,1.883931898820214,0.0286334554334171,True,True
RUNNING,,,2216,2450,7.287634766777978,0.0378637571330182,False,True
FAILED,,,3320,3344,1.5110191409830003,0.0189266515113413,True,False
FAILED,,,4235,842,9.040136723631992,0.0259665811480954,True,False
FAILED,,,6,4947,4.816758243372664,0.0062558633056469,False,True
COMPLETED,0.92,3292.0,907,218,0.9655098691657183,0.0088270254139788,False,True
RUNNING,,,4823,4323,5.179753063093871,0.0355710157090798,True,False
RUNNING,,,2654,1826,2.7087233710698784,0.0209175606817007,True,False
RUNNING,,,1863,2720,8.494474283196032,0.0484351633819751,False,True
RUNNING,,,1719,1565,1.7095612530680373,0.0015643844651058,True,False
FAILED,,,2802,2625,7.172087119148114,0.0306527713430114,False,True
COMPLETED,0.92,1597.0,4967,128,4.624084534362891,0.0142357385079376,False,True
RUNNING,,,758,4067,9.15956933012325,0.0425508921109139,True,False
RUNNING,,,174,752,5.3717920647403234,0.0468439730629324,True,False
RUNNING,,,4070,4691,0.8467012795237824,0.0225170608866028,False,True
RUNNING,,,3152,2189,8.296557379934006,0.0339792597373016,False,True
RUNNING,,,2381,3249,2.823637503310106,0.0104255806514993,True,False
COMPLETED,0.19,28.0,2145,604,7.617279075363651,0.0196595884598791,False,False
RUNNING,,,3541,3918,3.7055325795765968,0.0494975176746956,True,True
RUNNING,,,3838,1421,6.2158467443641285,0.0070003128317184,True,True
COMPLETED,0.77,66.0,566,3106,0.1271461840961128,0.0376114766122773,False,False
COMPLETED,0.44,24.0,994,2045,3.780048907693476,0.0270342152351513,False,False
RUNNING,,,4578,3730,9.879105335347354,0.0050031708781607,True,True
RUNNING,,,3035,1228,2.388820467434824,0.0398868503305129,True,True
COMPLETED,0.19,21.0,1326,4542,6.290211095836014,0.0170825712233781,False,False
COMPLETED,0.5799999999999998,27.0,1265,345,2.033364126983099,0.04993699794868,False,False
RUNNING,,,2974,3903,6.570143406166696,0.0194225255651399,True,True
RUNNING,,,4551,1406,4.137870142563247,0.0370722718071192,True,True
COMPLETED,0.19,23.0,968,2847,9.601690492066554,0.0073310577771626,False,False
COMPLETED,0.19,24.0,619,2030,5.868248490438797,0.0046573490514419,False,False
RUNNING,,,3890,3471,0.3940341303916648,0.0275582959521561,True,True
RUNNING,,,3557,969,7.962512472120115,0.0173287157258018,True,True
COMPLETED,0.19,22.0,2160,4527,3.4361272034803405,0.0394564044573344,False,False
COMPLETED,0.6199999999999999,26.0,467,3946,1.61744609464705,0.0239703823179006,False,False
COMPLETED,0.92,1615.0,2546,112,6.857289150130004,0.0257561468053609,True,True
RUNNING,,,3933,2587,4.6608457850785925,0.0032318593482486,True,True
COMPLETED,0.19,23.0,1815,1482,9.439537930465303,0.0480415509524755,False,False
COMPLETED,0.19,21.0,2430,3319,5.978795054159128,0.0434884862299077,False,False
RUNNING,,,4569,1999,1.24610325927753,0.0077848134296946,True,True
RUNNING,,,3183,4523,7.7792615758441395,0.0331913692336529,True,True
COMPLETED,0.5899999999999999,24.0,1082,786,2.5715353387314828,0.0165350612346082,False,False
RUNNING,,,632,3057,8.605568512263705,0.0104136060550808,True,False
RUNNING,,,3554,1639,3.541875458502211,0.0393131131865084,False,True
RUNNING,,,4979,4104,5.093837648496033,0.013651645401027,False,True
COMPLETED,0.78,778.0,2098,582,0.1780636123027652,0.037621954833623,True,False
RUNNING,,,1482,4992,4.225114803379402,0.029207743616309,True,False
RUNNING,,,4343,944,9.172242217421532,0.0220657430267892,False,True
RUNNING,,,2917,3476,1.9555538168335331,0.0444340641200542,False,True
RUNNING,,,18,2469,7.066010680246167,0.0052925533317029,True,False
RUNNING,,,230,3740,3.157495736869984,0.0315010200822725,False,True
RUNNING,,,3087,2205,8.368577715151943,0.0182254799054935,True,False
RUNNING,,,4162,4709,0.5867565799504519,0.0420881761410273,True,False
RUNNING,,,1265,1227,5.316090324213729,0.0091851930380798,False,True
FAILED,,,1876,4309,8.778368760621174,0.0019311572485603,False,True
FAILED,,,4799,377,3.997541455119848,0.049342136694584,True,False
FAILED,,,3725,2871,7.445069729336539,0.0221862819651141,True,False
RUNNING,,,840,1825,2.207364124792628,0.0275401309849694,False,True
RUNNING,,,1173,4552,6.4844841262269775,0.04583142396342,True,True
COMPLETED,0.63,28.0,3315,757,1.371282408159226,0.0038952659582719,False,False
COMPLETED,0.19,21.0,4428,3270,9.836614555803129,0.0308951425221748,False,False
RUNNING,,,2325,2048,4.892234305865132,0.0203784165908582,True,True
RUNNING,,,1714,2714,0.8442775127803906,0.0154386493456549,True,True
COMPLETED,0.19,25.0,3791,1355,5.761575822574088,0.0358348315809853,False,False
COMPLETED,0.19,23.0,2677,3839,2.958509651836008,0.0117172115622088,False,False
FAILED,,,562,220,8.020676122548057,0.0380093883713707,True,True
RUNNING,,,543,2526,5.287887956741265,0.028328556807246,False,True
COMPLETED,0.81,803.0,2783,1542,0.0670415162676945,0.0229449180341325,True,False
RUNNING,,,3857,4047,8.494540363237261,0.0485822210609912,True,False
RUNNING,,,1578,12,3.735912561913952,0.0011443845890462,False,True
RUNNING,,,2197,4428,2.157000526672229,0.0083984211161732,False,True
FAILED,,,4489,881,6.947591996371746,0.041328262720257,True,False
RUNNING,,,3414,3376,4.106683100917377,0.0189841167121194,True,False
RUNNING,,,1163,1942,9.37368306051474,0.0322894481173716,False,True
RUNNING,,,869,4205,4.471615743922071,0.0387481544013135,True,True
COMPLETED,0.19,30.0,3629,482,9.55552362842485,0.0125251334565691,False,False
COMPLETED,0.64,25.0,4743,2996,1.7334281421871855,0.0350252561550587,False,False
RUNNING,,,2022,1699,6.668043557441794,0.0147011625114828,True,True
RUNNING,,,1402,3533,7.582778616926634,0.0196409275438636,True,True
COMPLETED,0.46,28.0,4111,2412,2.6947738427044823,0.0300855663586407,False,False
COMPLETED,0.19,24.0,2998,4898,6.1020181183479725,0.0047031856398098,False,False
RUNNING,,,250,1038,1.0496167803127319,0.0465701892557553,True,True
COMPLETED,0.19,22.0,149,4771,9.957507460432128,0.0172967179906554,False,False
RUNNING,,,2856,1165,4.688370552759618,0.0339767747377045,True,True
RUNNING,,,4242,3640,6.2806167413266385,0.0070010614572092,True,True
COMPLETED,0.68,26.0,1497,2305,1.4921597612565383,0.0427255502780899,False,False
COMPLETED,0.4899999999999999,26.0,2113,2967,3.0671147418534384,0.0472786157382652,False,False
RUNNING,,,4875,1729,7.829100072306581,0.0024481095885857,True,True
RUNNING,,,3488,4253,0.6526860227547586,0.0265415530470199,True,True
COMPLETED,0.19,30.0,765,432,5.8701773925442255,0.0247320414711721,False,False
RUNNING,,,941,3170,0.4610718666044995,0.006103495913092,True,False
RUNNING,,,3234,2147,5.515000458174385,0.045169809831772,False,True
RUNNING,,,4660,4614,3.356399817839265,0.0213312768796458,False,True
RUNNING,,,2405,695,8.242879796972499,0.0283951478721573,True,False
RUNNING,,,1790,3783,7.331511169170962,0.0368093568766489,True,False
FAILED,,,4027,275,2.3941479193270205,0.0129171785162761,False,True
RUNNING,,,2602,2810,8.965139536567964,0.0400488566854037,False,True
RUNNING,,,325,1259,3.883977028208785,0.0112245478988625,True,False
RUNNING,,,380,3419,9.095080210585147,0.0446652873302809,True,False
RUNNING,,,2635,1902,4.307159804919735,0.006608024131041,False,True
RUNNING,,,4021,4388,7.148057991235516,0.0289540635775774,False,True
RUNNING,,,1728,923,1.8783893515514207,0.0207723786924034,True,False
RUNNING,,,2360,4007,3.4670758690135552,0.0135244606193155,True,False
COMPLETED,0.93,865.0,4637,54,8.6852509474596,0.0362020568866282,False,True
RUNNING,,,3250,2569,0.2577437380496412,0.0105749557088129,False,True
RUNNING,,,1013,1502,5.019040517453105,0.0406984427901916,True,False
COMPLETED,0.7299999999999999,37.0,720,4855,1.1719944930383934,0.0342033923729322,False,False
RUNNING,,,3465,1078,6.057785623128527,0.0170701060718856,True,True
RUNNING,,,4891,3574,2.6505329850446433,0.0424687311202287,True,True
COMPLETED,0.19,25.0,2184,2370,7.705145583264531,0.007257898133248,False,False
COMPLETED,0.19,26.0,1552,3036,6.780655709125102,0.0023363365158438,False,False
RUNNING,,,4275,1657,1.6989611707609147,0.0473903709240257,True,True
RUNNING,,,2849,4162,9.521045947859998,0.0249102691053412,True,True
COMPLETED,0.1799999999999999,26.0,87,522,4.584219570414164,0.0263633193275891,False,False
RUNNING,,,297,4288,5.68006787967775,0.0123649823688901,True,True
COMPLETED,0.6999999999999998,33.0,3019,395,0.9209038019431756,0.0389082997725345,False,False
COMPLETED,0.19,24.0,4093,2929,8.097309489054604,0.0148310888418927,False,False
RUNNING,,,1333,1764,2.876994482599198,0.0348953123064711,True,True
RUNNING,,,1964,3603,1.29228468734771,0.0303604856664314,True,True
COMPLETED,0.19,22.0,4712,2340,6.558600044308231,0.0193660261230543,False,False
COMPLETED,0.19,25.0,3638,4806,4.966343146602624,0.046361748481635,False,False
RUNNING,,,929,1127,9.757624061332082,0.0049116324991919,True,True
RUNNING,,,1105,2774,3.917861403871328,0.0236005018097348,False,True
RUNNING,,,3384,1297,8.853165966162457,0.0276729673151858,True,False
RUNNING,,,4497,3821,2.282163639782928,0.0005431707827374,True,False
COMPLETED,0.92,2669.0,2257,240,7.365387219642289,0.0491834173491224,False,True
RUNNING,,,1626,4651,8.286530329664238,0.0407753622038289,False,True
RUNNING,,,3877,660,3.2346601276537403,0.0089513395195826,True,False
FAILED,,,2765,3135,5.393252405548469,0.0328000625190325,True,False
RUNNING,,,473,2185,0.5047116529084741,0.0184735083957202,False,True
RUNNING,,,612,4487,2.7713996848771347,0.0041520959958434,True,True
COMPLETED,0.19,30.0,2715,824,7.501269929046742,0.0455745996423065,False,False
COMPLETED,0.66,41.0,3789,3357,0.968100866092369,0.0201518098353408,False,False
RUNNING,,,1647,1963,6.178651037864388,0.0311217667958699,True,True
RUNNING,,,2285,2625,9.629639099515977,0.0356565912230871,True,True
COMPLETED,0.53,24.0,4400,1446,4.392617278127,0.0156168718165718,False,False
COMPLETED,0.19,23.0,3326,3911,6.589052317987197,0.0381211487203836,False,False
COMPLETED,0.92,1718.0,1249,150,1.8075365359345448,0.0116054451279342,True,True
RUNNING,,,800,3512,7.022389946896584,0.0176665750797837,False,True
RUNNING,,,3697,2431,2.0773209224138407,0.0320599306244403,True,False
RUNNING,,,4810,4955,9.294000997810626,0.0096897264192812,True,False
RUNNING,,,1953,979,4.181483360891232,0.0415836602780036,False,True
RUNNING,,,1315,4066,0.1442066520350054,0.0499917161609046,False,True
RUNNING,,,4200,617,5.205841018243693,0.0012815598952583,True,False
RUNNING,,,3086,3092,3.6538680818621065,0.026932836158201,True,False
RUNNING,,,163,1601,8.571703189555553,0.0227935707066208,False,True
RUNNING,,,61,2828,2.4761924738772207,0.0399143146378919,True,False
RUNNING,,,2942,1865,7.254348417351022,0.0098123988872393,False,True
RUNNING,,,4330,4349,3.806811817943119,0.0369663587030954,False,True
RUNNING,,,1408,334,9.047186400567181,0.0143072240133769,True,False
RUNNING,,,2045,4749,5.594682446380147,0.0215551398736424,True,False
RUNNING,,,4944,1184,0.3862715321322903,0.0297183646564371,False,True
RUNNING,,,3558,3697,8.168081920946017,0.005845465096645,False,True
RUNNING,,,697,2246,3.4360794965960086,0.0438811584403738,True,False
COMPLETED,0.19,22.0,1029,3882,7.908091386259534,0.0256262081200256,False,False
COMPLETED,0.92,2476.0,3147,179,2.9930064226044344,0.0241003154711797,True,True
RUNNING,,,4573,2673,5.796061846954749,0.0482016896852292,True,True
COMPLETED,0.76,41.0,2494,1397,0.7316844140514732,0.0030717030973173,False,False
COMPLETED,0.19,27.0,1857,3230,4.7698863924816255,0.007993265452329,False,False
RUNNING,,,3958,2091,9.880874466417357,0.0432800520942546,True,True
RUNNING,,,2532,4594,1.4155339935822413,0.0162601531753316,True,True
COMPLETED,0.19,30.0,393,716,6.362125503704884,0.0334662833781912,False,False
RUNNING,,,430,2989,4.938527611840517,0.0140341013791039,True,True
COMPLETED,0.19,23.0,2507,1707,9.707455295035617,0.0372392809847369,False,False
COMPLETED,0.65,32.0,3971,4192,1.2616464285245164,0.0103126695887185,False,False
COMPLETED,0.91,6074.0,1856,493,6.511254039322027,0.0394138437681831,True,True
RUNNING,,,2466,4905,8.047179033537395,0.0443535151244141,True,True
COMPLETED,0.5799999999999998,32.0,4609,1031,2.849216960622929,0.0053728846409358,False,False
COMPLETED,0.19,22.0,3144,3545,5.632759850228206,0.0294172394918277,False,False
RUNNING,,,1041,2400,0.8903038166500628,0.021856041082181,True,True
RUNNING,,,670,4035,5.441093247235753,0.0035654086312279,False,True
COMPLETED,0.8399999999999999,257.0,3593,24,0.5350839712275192,0.0477081607161089,True,False
RUNNING,,,4941,2519,8.336430734260006,0.0238205393408425,True,False
RUNNING,,,2056,1550,3.2629728458151224,0.0259061609995551,False,True
RUNNING,,,1446,3388,2.3125742316320537,0.0331601038505323,False,True
RUNNING,,,4303,1930,7.413266036866234,0.0165664858487434,True,False
RUNNING,,,2956,4435,3.9462121348185466,0.0437472657179459,True,False
RUNNING,,,59,873,8.903104681537487,0.0075262047899886,False,True
RUNNING,,,189,4640,0.3078535016486421,0.0308176439944654,True,False
RUNNING,,,3049,668,5.046952006096952,0.020455755887553,False,True
RUNNING,,,4201,3203,3.514515443934128,0.0460439586895518,False,True
RUNNING,,,1302,2116,8.715832587532697,0.0036825603838078,True,False
RUNNING,,,1916,2783,7.175931467093528,0.0120966757121495,True,False
RUNNING,,,4838,1286,1.9284608043711633,0.0376297651748172,False,True
RUNNING,,,3685,3752,9.125623577128163,0.0153347090650349,False,True
RUNNING,,,804,307,4.354561404303648,0.0359386008288711,True,False
COMPLETED,0.19,21.0,1214,3672,9.490580059606582,0.0420599612258374,False,False
RUNNING,,,3353,2273,4.536435347476974,0.009213625639677,True,True
RUNNING,,,4389,4797,6.752401993661188,0.0317628384209238,True,True
COMPLETED,0.65,28.0,2288,1138,1.648964812283404,0.0179638676359318,False,False
COMPLETED,0.53,24.0,1673,4222,2.602710786570795,0.0225168394199572,False,False
COMPLETED,0.91,4646.0,3752,465,7.674641421481037,0.0272097914009355,True,True
RUNNING,,,2717,2940,1.1219598237816244,0.0017783102728426,True,True
COMPLETED,0.19,30.0,599,1756,6.029493894878776,0.0494951895549893,False,False
RUNNING,,,506,4136,8.137520693422294,0.0351994587113149,True,False
COMPLETED,0.91,7949.0,2743,551,3.3886576522840186,0.0145271663931198,False,True
RUNNING,,,3896,3083,5.566791072292254,0.0384389643287286,False,True
COMPLETED,0.77,1011.0,1619,1612,0.3361797971352935,0.012834541584365,True,False
RUNNING,,,2235,3445,3.7594282471612095,0.0044204255184158,True,False
RUNNING,,,4528,2501,9.016663148580118,0.0468531556306406,False,True
RUNNING,,,3376,4965,2.4261387516660617,0.0196482124780304,False,True
RUNNING,,,1121,970,7.226495354042389,0.0300784996640868,True,False
COMPLETED,0.67,29.0,907,2613,1.4655102375037967,0.0487071400047279,False,False
RUNNING,,,3669,1455,6.390361190566794,0.0010192951657809,True,True
RUNNING,,,4704,3978,4.817650202869438,0.0279700831221416,True,True
COMPLETED,0.19,162.0,1981,81,9.911322624062189,0.0233032328570261,False,False
COMPLETED,0.19,22.0,1365,4495,5.824335844595916,0.0187502632858231,False,False
RUNNING,,,4071,813,0.7816986707588657,0.0325231308797374,True,True
RUNNING,,,3036,3287,7.938577519441024,0.0084546127454377,True,True
COMPLETED,0.45,26.0,291,2031,3.040808506522328,0.0412719124131835,False,False
RUNNING,,,108,3258,6.636416351575405,0.0210454777232371,True,True
COMPLETED,0.67,32.0,2817,2060,1.8381949093136931,0.0286811176924966,False,False
COMPLETED,0.19,27.0,4282,4545,9.679825596421024,0.0061077298261225,False,False
RUNNING,,,1534,764,4.420453225438484,0.0451657345965504,True,True
RUNNING,,,2154,3851,0.998721263934858,0.040226062502712,True,True
COMPLETED,0.1799999999999999,36.0,4913,207,6.225976797922514,0.0110475125610828,False,False
COMPLETED,0.57,26.0,3449,2721,2.7991973214093595,0.0365031584477983,False,False
RUNNING,,,728,1348,7.5514184131659565,0.0132235358073376,True,True
RUNNING,,,981,4702,3.625537633092143,0.0067641689958982,False,True
RUNNING,,,3273,1234,8.521782372410408,0.0429622364859096,True,False
RUNNING,,,4620,3728,0.1138163051139563,0.0173498585987836,True,False
FAILED,,,2369,2217,5.157980062000454,0.0339234158899635,False,True
FAILED,,,1749,2879,9.24404216787964,0.0266694752518087,False,True
RUNNING,,,3989,1818,4.153114601342008,0.0246039128284901,True,False
RUNNING,,,2641,4321,6.974490717123263,0.046923133696895,True,False
COMPLETED,0.91,3967.0,362,365,2.0468925999561325,0.0028033735747449,False,True
RUNNING,,,341,4923,7.495312975363808,0.0424516281695105,False,True
RUNNING,,,2593,1010,2.235409095864743,0.007274783397559,True,False
RUNNING,,,4059,3485,8.825941855219193,0.0344763342933729,True,False
RUNNING,,,1767,2458,4.028256614870393,0.0167969580823555,False,True
RUNNING,,,2399,3124,0.6147635754859075,0.0252051091166213,False,True
FAILED,,,4678,1569,5.366295296710916,0.0260682614454999,True,False
RUNNING,,,3213,4093,3.188172585841268,0.0021477840826846,True,False
COMPLETED,0.91,12786.0,973,591,8.416112796964123,0.0475787174724973,False,True
RUNNING,,,758,3330,2.928215426417999,0.0288895645518787,True,True
COMPLETED,0.19,24.0,3506,1991,7.973063562446273,0.0208370369491167,False,False
COMPLETED,0.76,51.0,4854,4455,0.8161954229027033,0.0448908331757411,False,False
RUNNING,,,2145,855,5.711751089682802,0.0063826491339132,True,True
RUNNING,,,1513,3938,9.788963982915506,0.0109175687124952,True,True
COMPLETED,0.3699999999999999,28.0,4234,123,4.861901769667864,0.0403559888331219,False,False
COMPLETED,0.19,22.0,2886,2656,6.4346211198056125,0.0133836811785586,False,False
RUNNING,,,127,1414,1.3431623427448791,0.0363430073601193,True,True
COMPLETED,0.19,25.0,258,2686,7.751274415495806,0.00084106144635,False,False
RUNNING,,,2981,1385,2.5211949468487878,0.0488853676388971,True,True
RUNNING,,,4134,3889,5.94798513250053,0.0234149880427867,True,True
COMPLETED,0.67,35.0,1371,172,1.1985855914559216,0.0278583100493997,False,False
COMPLETED,0.19,21.0,2004,4582,4.610543666725979,0.0327799675557762,False,False
RUNNING,,,4749,729,9.41158874565363,0.0184934441279619,True,True
RUNNING,,,3597,3222,1.5699664209866897,0.0410453004944138,True,True
COMPLETED,0.19,23.0,891,2098,6.826517539250665,0.0086812303806655,False,False
RUNNING,,,1144,4356,2.0032611388433725,0.0151767524979077,True,False
COMPLETED,0.92,2988.0,3421,327,7.096249478887767,0.0345498665212653,False,True
RUNNING,,,4456,2841,4.274881725546904,0.0122272415943443,False,True
RUNNING,,,2219,1853,9.200421453154647,0.0390462464317679,True,False
RUNNING,,,1586,3690,5.124114757916891,0.0462942574433982,True,False
RUNNING,,,3841,2253,0.2258089470984414,0.0049793412238359,False,True
RUNNING,,,2805,4737,8.633785723533482,0.0305830278820358,False,True
RUNNING,,,512,1196,3.591680654199794,0.0191436899765394,True,False
COMPLETED,0.68,51.0,573,3581,0.7001835760204121,0.0094885397842153,False,False
RUNNING,,,2674,2362,5.900969285600819,0.0417850531665608,True,True
RUNNING,,,3826,4867,3.117434721186757,0.0177554335002787,True,True
COMPLETED,0.19,25.0,1687,1066,7.857069502046333,0.0319712904435582,False,False
COMPLETED,0.19,22.0,2323,4154,6.311370621597395,0.0270496351500041,False,False
RUNNING,,,4441,529,1.5396190037429331,0.0226769781527109,True,True
RUNNING,,,3289,3025,9.985438616641796,0.0496251225238665,True,True
COMPLETED,0.19,25.0,1210,1669,4.738652556556278,0.0016483715875074,False,False
RUNNING,,,839,4400,8.936980713384225,0.0199028502078726,True,False
RUNNING,,,3738,911,3.8342278366498648,0.0313705557594075,False,True
RUNNING,,,4773,3426,7.301292485085317,0.004193181423936,False,True
RUNNING,,,1913,1894,2.346458625919185,0.045533355536405,True,False
RUNNING,,,1276,2557,3.3066126507436855,0.0382853437871672,True,False
RUNNING,,,4158,1514,8.214682700258678,0.011441079581622,False,True
RUNNING,,,3124,3999,0.4133442624174058,0.0353373936610296,False,True
RUNNING,,,202,61,5.484743761302904,0.0159359105164185,True,False
FAILED,,,21,3794,4.0759502105582515,0.0483154494576156,False,True
FAILED,,,2906,267,9.326089553367346,0.0029581138044595,True,False
FAILED,,,4370,2742,2.12893752699811,0.0252565636462531,True,False
FAILED,,,1447,1328,6.897328635788523,0.024470118807163,False,True
RUNNING,,,2084,3162,8.446985166869126,0.0160619699857197,False,True
FAILED,,,4981,2158,3.705217684340664,0.0336646372317336,True,False
RUNNING,,,3516,4683,5.237662571694703,0.0080851153321564,True,False
RUNNING,,,659,628,0.0390167901236563,0.0431883608922362,False,True
RUNNING,,,1069,2897,6.15186087984126,0.0371275145504623,True,True
COMPLETED,0.7099999999999999,31.0,3184,1796,1.077718984746374,0.0141458617281168,False,False
COMPLETED,0.19,21.0,4532,4262,7.630408907637001,0.0395920662390999,False,False
COMPLETED,0.91,5829.0,2455,422,2.7250884806718676,0.0101344292308203,True,True
RUNNING,,,1818,4838,1.7615686201509089,0.0055995089146308,True,True
COMPLETED,0.19,24.0,3921,1095,6.717924294471741,0.0441269083688966,False,False
COMPLETED,0.19,24.0,2574,3630,4.501968394675293,0.0215992167610675,False,False
RUNNING,,,431,2313,9.603192229914479,0.0296740695293992,True,True
RUNNING,,,446,3617,5.926485130630434,0.0015611931141465,True,False
RUNNING,,,2568,2316,0.6793973894547671,0.0497123764175921,False,True
RUNNING,,,3916,4830,7.875338389183395,0.0225897613237611,False,True
RUNNING,,,1832,1113,3.1038956787595526,0.0271369392010383,True,False
RUNNING,,,2451,4274,1.557891653046943,0.0318832519198767,True,False
COMPLETED,0.91,11455.0,4546,420,6.297827817003244,0.0178433379638008,False,True
RUNNING,,,3199,2904,4.764171865759417,0.0416969762872904,False,True
RUNNING,,,1064,1779,9.964648965902624,0.0095764944050461,True,False
COMPLETED,0.19,21.0,654,4675,3.85242382714618,0.0158419353589415,False,False
RUNNING,,,3531,646,8.923514418601057,0.0354314464516937,True,True
RUNNING,,,4996,3149,2.3720545939300206,0.0113470660685561,True,True
COMPLETED,0.19,23.0,2080,2161,7.280426324535162,0.0383794467351399,False,False
COMPLETED,0.19,33.0,1461,2749,8.240275204095987,0.0454400279982946,False,False
RUNNING,,,4366,1312,3.2857499543670565,0.0042863712138496,True,True
RUNNING,,,2901,3806,5.502935989632272,0.0312771898657083,True,True
COMPLETED,0.76,42.0,36,265,0.3998817298011854,0.0199960901550948,False,False
RUNNING,,,207,3991,9.298132322733288,0.0430943582588806,True,True
COMPLETED,0.39,33.0,3109,79,4.0991776337316255,0.0081792291598394,False,False
COMPLETED,0.19,24.0,4144,2544,6.881501134255902,0.033570672953967,False,False
RUNNING,,,1281,1517,2.140035332817584,0.0161560336560942,True,True
RUNNING,,,1899,3432,3.689386718634516,0.0243767903470434,True,True
COMPLETED,0.19,24.0,4778,1878,8.458086436862127,0.0253498410270549,False,False
COMPLETED,0.77,63.0,3743,4412,0.0110557973226532,0.0028648236999288,False,False
RUNNING,,,824,909,5.260893757035025,0.0484086766811087,True,True
RUNNING,,,1195,3012,1.061963932864368,0.0295868657929822,False,True
RUNNING,,,3294,1672,6.162886087013409,0.0216865339046344,True,False
RUNNING,,,4446,4146,2.6970515740467236,0.0440397429880686,True,False
RUNNING,,,2309,546,7.6537161557981745,0.0056867759008891,False,True
RUNNING,,,1691,4879,6.689891150013544,0.0100463860970921,False,True
RUNNING,,,3812,1064,1.784872106145136,0.0396800546054728,True,False
RUNNING,,,2659,3587,9.587440642205998,0.0140578569499775,True,False
RUNNING,,,578,2345,4.512990137673915,0.0372154527595266,False,True
RUNNING,,,526,4736,2.248719186221249,0.0476727422340773,True,True
COMPLETED,0.19,27.0,2801,1208,7.476967932282947,0.002053692383226,False,False
COMPLETED,0.19,21.0,3836,3673,4.048966682741419,0.0261622478514909,False,False
RUNNING,,,1601,2259,8.800196946371347,0.0251110675744712,True,True
RUNNING,,,2214,2844,5.387009052250535,0.0168903116211295,True,True
COMPLETED,0.8,38.0,4471,1840,0.5890149789694697,0.0343830819912254,False,False
COMPLETED,0.19,21.0,3436,4374,8.4294262769958,0.0073680985807441,False,False
COMPLETED,0.91,5063.0,1140,319,3.16982415308524,0.0423584260246716,True,True
RUNNING,,,886,3206,7.993700659178199,0.0364302361751906,False,True
RUNNING,,,3611,2104,2.9025433397125453,0.013296389113646,True,False
RUNNING,,,4764,4581,5.725141228522174,0.0404431792926043,True,False
RUNNING,,,1999,740,0.79777048033569,0.0108303268048912,False,True
RUNNING,,,1386,3906,4.875288518832066,0.0064707143958657,False,True
RUNNING,,,4128,164,9.77054243002366,0.0448028669375926,True,False
RUNNING,,,2977,2689,1.363795751808211,0.0209250638554804,True,False
RUNNING,,,272,1373,6.4089527207687516,0.0288016484710387,False,True
FAILED,,,131,2640,2.51032579510659,0.008768383775372,True,False
FAILED,,,2872,1421,7.767178370965645,0.0409580215220339,False,True
FAILED,,,4219,3936,1.175434584970586,0.0185806358782574,False,True
FAILED,,,1518,135,5.976171128959396,0.0326926384260878,True,False
FAILED,,,2130,4473,9.388434349493123,0.0279463264448568,True,False
FAILED,,,4859,847,4.638733052860014,0.0233270614510402,False,True
FAILED,,,3511,3333,6.815644699839876,0.0489734223899431,False,True
RUNNING,,,744,1978,1.5858740641251203,0.0007530846972949,True,False
COMPLETED,0.19,21.0,959,4091,7.073170996551402,0.019237643005792,False,False
COMPLETED,0.91,11278.0,3218,602,2.0313744621565566,0.0304889529631473,True,True
RUNNING,,,4683,3107,9.189472699919715,0.0050733326086774,True,True
COMPLETED,0.53,24.0,2384,1576,4.290865431506187,0.0462001323672011,False,False
COMPLETED,0.75,49.0,1772,3488,0.2148638815321028,0.0391395488912239,False,False
RUNNING,,,4044,2445,5.140094776207582,0.0121340267257764,True,True
RUNNING,,,2579,4940,3.5686055615385994,0.0346432073363103,True,True
COMPLETED,0.19,36.0,346,1002,8.661895657171494,0.0150834874720312,False,False
COMPLETED,0.23,22.0,357,4334,3.360545446446165,0.0299783437247388,False,False
FAILED,,,2656,362,8.160597909286617,0.0197482579606585,True,True
FAILED,,,4003,2887,0.3201973576480522,0.0467530498486012,True,True
FAILED,,,1744,1800,5.577738708051854,0.004520432645455,False,False
FAILED,,,2383,3716,9.000682012814098,0.0127352220918983,False,False
FAILED,,,4616,2219,3.7703745791995895,0.0385383356381207,True,True
FAILED,,,3268,4695,7.1983841539323326,0.0144278970579616,True,True
FAILED,,,996,1251,2.449214961802587,0.0352987916651181,False,False
FAILED,,,743,2729,6.374455968624913,0.0411664674594067,True,False
FAILED,,,3444,1330,1.4763805067213251,0.0085599435544572,False,True
FAILED,,,4909,3864,9.88313551012799,0.0324177360832691,False,True
FAILED,,,2168,204,4.840802475826815,0.0188555557392537,True,False
FAILED,,,1529,4538,0.7535105510968714,0.0231971166804432,True,False
FAILED,,,4296,781,5.847489123281092,0.0280762533284723,False,True
FAILED,,,2832,3246,3.0249019808592275,0.0009132291465066,False,True
FAILED,,,103,2062,7.949449092379773,0.0488132718554697,True,False
FAILED,,,276,3295,1.8638657295471055,0.0131181548410095,False,True
FAILED,,,3041,2013,6.615780372318812,0.0366084647313691,True,False
FAILED,,,4076,4508,4.4388770505301665,0.0109420814374461,True,False
FAILED,,,1350,810,9.666436724053696,0.0403314071418717,False,True
FAILED,,,1985,3971,6.244399617286399,0.0450597030604258,False,True
FAILED,,,4690,97,0.985333397295326,0.0062138961600139,True,False
FAILED,,,3654,2602,7.57708792967815,0.0285750359990634,True,False
FAILED,,,912,1457,2.7785626458739863,0.0211516824127174,False,True
FAILED,,,1126,4978,8.540128532966598,0.0027032779348082,True,True
FAILED,,,3361,967,3.6122262762635944,0.047023150966037,False,False
FAILED,,,4514,3453,5.183726237320342,0.0245037670312449,False,False
FAILED,,,2240,2483,0.0931051197675988,0.0267695308765396,True,True
FAILED,,,1604,3072,4.178862080383114,0.0338241832507774,True,True
FAILED,,,3900,1614,9.223329678812064,0.0174492282485589,False,False
FAILED,,,2748,4129,2.06523976624012,0.042862953689415,False,False
FAILED,,,491,567,6.961178354566917,0.0068635770012624,True,True
FAILED,,,594,2942,9.6964312053388,0.0219614471271634,False,True
FAILED,,,2731,1744,4.9542813972504804,0.0293119582869112,True,False
FAILED,,,3767,4238,6.487948057632894,0.0054783408432267,True,False
FAILED,,,1668,458,1.28968221767433,0.0442481955639086,False,True
FAILED,,,2303,4794,2.825912357153371,0.0395198974325321,False,True
FAILED,,,4384,1151,8.075213444467634,0.0102065253830514,True,False
FAILED,,,3349,3655,0.8792808071793989,0.0373453848063945,True,False
FAILED,,,1228,2281,5.648512555412017,0.0139279188178479,False,True
FAILED,,,818,3768,0.5118552815821023,0.0076263225581496,True,True
FAILED,,,3681,300,5.46905159534514,0.0436472705770283,False,False
FAILED,,,4833,2784,3.251873922520317,0.016666653774213,False,False
FAILED,,,1931,1274,8.352259502264673,0.0330600703540258,True,True
FAILED,,,1297,3185,7.402166033345275,0.0260054187173955,True,True
FAILED,,,4216,2124,2.3284040798628705,0.0237211947697214,False,False
FAILED,,,3063,4637,8.879874613672495,0.0478074685912579,False,False
FAILED,,,184,681,3.974171861147508,0.0034660257045179,True,True
FAILED,,,44,4452,5.060417034408078,0.0360387346399948,False,False
FAILED,,,2960,867,0.2896586286276578,0.0152346414541825,True,True
FAILED,,,4308,3390,8.736697630607523,0.0377298488286323,True,True
FAILED,,,1431,1918,3.4889207423953335,0.011996646456886,False,False
FAILED,,,2061,2501,1.9493247672198335,0.0037818547976203,False,False
FAILED,,,4926,1558,7.150337845780888,0.0459445623015053,True,True
FAILED,,,3579,4031,4.3680250543952,0.0205550001440569,True,True
FAILED,,,675,36,9.107430082326754,0.0307182859620079,False,False
FAILED,,,1046,3547,4.557222651517951,0.0496006094301119,True,False
FAILED,,,3130,2388,9.465062948104924,0.0016729543851688,False,True
FAILED,,,4594,4922,1.6625051211826503,0.0273151611187495,False,True
FAILED,,,2472,1024,6.7341319890487945,0.0224115218878723,True,False
FAILED,,,1841,4189,7.6881831085998575,0.0180699616842903,True,False
FAILED,,,3976,506,2.5844394037388265,0.0316566460863687,False,True
FAILED,,,2511,2971,6.050282279145905,0.0093196695307269,False,True
FAILED,,,415,1715,1.0964416320538148,0.0419538072468712,True,False
FAILED,,,407,4607,7.5293032597508285,0.0116934795947745,False,True
FAILED,,,2528,713,2.7480960126370197,0.0380332402000203,True,False
FAILED,,,3953,3238,6.194402513825335,0.0157049564407207,True,False
FAILED,,,1872,2073,0.9570792348412795,0.0355686443471349,False,True
FAILED,,,2489,2662,4.40837244175654,0.0312089382619597,False,True
FAILED,,,4588,1399,9.618613780596291,0.0200645489343442,True,False
FAILED,,,3162,3875,1.8355732563138007,0.0456618212657049,True,False
FAILED,,,1024,196,6.565745256071911,0.0040647967392578,False,True
FAILED,,,693,3705,2.093151999867521,0.0228868904998526,True,True
FAILED,,,3572,2228,7.0112885651560495,0.0268396386234089,False,False
FAILED,,,4959,4762,4.209444167446345,0.0013749298457987,False,False
FAILED,,,2040,1181,9.27076999871619,0.0498984802705235,True,True
FAILED,,,1423,4342,5.233798435123638,0.041677630641032,True,True
FAILED,,,4324,351,0.1209790426157414,0.0095956688341684,False,False
FAILED,,,2938,2817,8.587530579340644,0.0321539511447772,False,False
FAILED,,,75,1867,3.642770387790166,0.0175724791390821,True,True
FAILED,,,167,3100,7.228756025261246,0.043974494645372,False,False
FAILED,,,3072,1584,2.497055058506317,0.0057521954607218,True,True
FAILED,,,4185,4079,9.028993985991923,0.0298116507041268,True,True
FAILED,,,1320,614,3.8202745368052273,0.0214619085933081,False,False
FAILED,,,1938,4948,0.3680757278818637,0.0144012314411811,False,False
FAILED,,,4815,995,5.608148554917426,0.036872249669861,True,True
FAILED,,,3702,3500,3.41048341683764,0.0099063561577349,True,True
FAILED,,,786,2433,8.188948193243705,0.0398202439602464,False,False
FAILED,,,1235,3924,2.9747339595463127,0.0335543305687606,True,False
FAILED,,,3331,147,7.921634004607797,0.0161721688657999,False,True
FAILED,,,4405,2633,0.7061649931007996,0.0433680491275154,False,True
FAILED,,,2270,1429,5.816851609441453,0.0079053194983862,True,False
FAILED,,,1652,3345,9.855358733135278,0.0031589138410054,True,False
FAILED,,,3774,1965,4.7906724672997365,0.0481143795489333,False,True
FAILED,,,2701,4481,6.3438564303219325,0.0241874760575592,False,True
FAILED,,,617,840,1.429073222255334,0.0255389363393187,True,False
FAILED,,,488,3137,4.318104982233607,0.040605084456969,False,False
FAILED,,,2760,2173,9.079100080546922,0.0106682032165117,True,True
FAILED,,,3873,4668,1.9014642579667267,0.0361087487107142,True,True
FAILED,,,1640,653,7.1199482438433925,0.0136176697714254,False,False
FAILED,,,2253,3818,8.708329616041853,0.0206783461859449,False,False
FAILED,,,4512,252,3.4389623594544823,0.0290481475321576,True,True
FAILED,,,3399,2757,5.029989158940502,0.0065140417818911,True,True
FAILED,,,1100,1305,0.2417601438378915,0.0447593329292722,False,False
FAILED,,,924,4823,6.080940205534921,0.0262752470583654,True,False
FAILED,,,3653,1121,1.143804920658469,0.0249982283362187,False,True
FAILED,,,4726,3604,7.716018310927786,0.0473023488121107,False,True
FAILED,,,1960,2328,2.634625453653745,0.0024242573911324,True,False
FAILED,,,1347,2912,1.7098304342506454,0.0071706652613356,True,False
FAILED,,,4088,1772,6.76475164190773,0.0425560191283002,False,True
FAILED,,,3013,4285,4.607370390653611,0.0169829233572818,False,True
FAILED,,,312,407,9.492860137647016,0.0342906420254148,True,False
FAILED,,,92,4178,0.9075172390248626,0.0048236231110058,False,True
FAILED,,,2834,515,5.698489246323706,0.0464496820806525,True,False
FAILED,,,4261,3038,2.8563609617883334,0.0192779665775597,True,False
FAILED,,,1556,1645,8.122977999838998,0.0304484576210379,False,True
FAILED,,,2170,3556,6.53796305932384,0.0348081629686057,False,True
FAILED,,,4896,2377,1.3179566623056307,0.0149183718711137,True,False
FAILED,,,3470,4852,9.744233736246825,0.0388211002773605,True,False
FAILED,,,705,1091,4.984768275415526,0.0124523037537001,False,True
FAILED,,,998,2571,8.83245232237037,0.0183802107307128,True,True
FAILED,,,3255,1490,3.943609888640232,0.032893282182049,False,False
FAILED,,,4642,4023,7.352073553364723,0.0088579916972666,False,False
FAILED,,,2346,48,2.300512258784845,0.0408686202224344,True,True
FAILED,,,1732,4384,3.2213502235431224,0.0490894720647484,True,True
FAILED,,,4007,936,8.304875186499208,0.0006372534465044,False,False
FAILED,,,2620,3401,0.4840014732899144,0.0275789718735031,False,False
FAILED,,,385,1910,5.418997426143848,0.0236946228290908,True,True
FAILED,,,320,2797,0.0412941489741206,0.0323887606025673,True,True
FAILED,,,2616,1262,5.30860033406131,0.0188847383954562,False,False
FAILED,,,4042,3775,3.717565209384076,0.0414275368498638,False,False
FAILED,,,1785,293,8.507852912039496,0.0082990929568186,True,True
FAILED,,,2420,4625,6.929246022061445,0.0012445364715531,True,True
FAILED,,,4655,693,2.170311697254889,0.0484821715215221,False,False
FAILED,,,3230,3177,9.34793677344732,0.0230450315610505,False,False
FAILED,,,955,2131,4.127394398011268,0.0282285574250854,True,True
FAILED,,,779,4245,9.537100995306856,0.0466763006378896,False,True
FAILED,,,3484,450,4.485003424315714,0.0045970106390304,True,False
FAILED,,,4870,2954,6.642373929182068,0.0301916393851861,True,False
FAILED,,,2127,1732,1.754062929470092,0.0195348027003929,False,True
FAILED,,,1492,3647,2.6691031342186036,0.0148065997203812,False,True
FAILED,,,4257,2288,7.603414484435693,0.0349199176011607,True,False
FAILED,,,2870,4783,1.0311927689751608,0.0126305323098786,True,False
FAILED,,,144,1163,6.115407176961192,0.038642866004724,False,True
FAILED,,,235,4890,4.716558858667501,0.0248380778017453,True,False
FAILED,,,3002,1056,9.934353995501064,0.0264353915075771,False,True
FAILED,,,4116,3520,1.5080661751721052,0.0025541842747479,False,True
FAILED,,,1387,2415,6.269745280135424,0.0471724040415138,True,False
FAILED,,,2027,3003,7.8450054059959955,0.0428309389892965,True,False
FAILED,,,4728,1683,3.056244360888377,0.0068957629185169,False,True
FAILED,,,3615,4216,5.898364320232534,0.0340822018045,False,True
FAILED,,,874,480,0.62953393604327,0.0171913692946545,True,False
FAILED,,,1167,3363,5.530981705687941,0.0113237875453196,False,False
FAILED,,,3400,1946,0.4501254228185862,0.0399494940428994,True,True
FAILED,,,4474,4420,8.270990810836665,0.0130164565183222,True,True
FAILED,,,2202,898,3.333323793948628,0.0367099440768361,False,False
FAILED,,,1563,4059,2.4222603114107626,0.0284952475689351,False,False
FAILED,,,3862,10,7.30843376706075,0.021231263667345,True,True
FAILED,,,2788,2533,3.899959355948493,0.0452699478841386,True,True
FAILED,,,528,1526,8.954192012555897,0.0060034325434826,False,False
FAILED,,,557,3837,6.843747649257072,0.0164289998253807,True,False
FAILED,,,2692,231,1.6357172726085407,0.0332975056944415,False,True
FAILED,,,3805,2697,9.41874943445064,0.0076787136648781,False,True
FAILED,,,1709,1361,4.686364088553936,0.0435946728480048,True,False
FAILED,,,2340,3273,1.2253160669840872,0.0479361401130445,True,False
FAILED,,,4423,2035,6.004312053913251,0.0033371357587166,False,True
FAILED,,,3310,4569,2.557994843586348,0.025650697610341,False,True
FAILED,,,1188,749,7.797531766702421,0.024075709070079,True,False
FAILED,,,855,2854,3.5210116074010727,0.0051932915570214,False,False
FAILED,,,3720,1831,8.631162021828816,0.0445334046343341,True,True
FAILED,,,4795,4307,0.1645997759653255,0.0219664428965188,True,True
FAILED,,,1890,389,5.1120313295433295,0.0293071342878974,False,False
FAILED,,,1260,4727,9.158777375356294,0.0375218300581909,False,False
FAILED,,,4176,1219,4.243309490154497,0.0137516335346736,True,True
FAILED,,,3102,3743,7.04514552542381,0.0392129500554874,True,True
FAILED,,,225,2193,1.98114863011986,0.010513644346036,False,False
FAILED,,,3,3460,8.379677830420434,0.0274408406279981,True,True
FAILED,,,2922,2475,3.1416657768916334,0.0222856824100017,False,False
FAILED,,,4347,4991,5.339320205832832,0.0492428846932016,False,False
FAILED,,,1468,955,0.5587970398673788,0.0020305075361393,True,True
FAILED,,,2102,4121,4.020770331011153,0.0090850662342272,True,True
FAILED,,,4965,574,8.750410226265899,0.0421882507591508,False,False
FAILED,,,3539,3060,2.2184629363399,0.0181253914572298,False,False
FAILED,,,637,1626,7.429241073079407,0.0316010445430874,True,True
FAILED,,,1087,4521,1.3945871978746727,0.0379033020678907,False,True
FAILED,,,3168,798,6.4564495290508495,0.0118234116416424,True,False
FAILED,,,4555,3302,4.903257203588264,0.0357287836330942,True,False
FAILED,,,2434,2006,9.82086196236685,0.01554479926778,False,True
FAILED,,,1800,2590,5.772600024018438,0.0202730015101842,False,True
FAILED,,,3938,1469,0.828523615622893,0.0310005032042972,True,False
FAILED,,,2551,3964,8.043981917991303,0.0037898892331868,True,False
FAILED,,,452,104,2.930474048932083,0.0459367344882339,False,True
FAILED,,,459,2580,8.47877313087415,0.0385551197119057,False,True
FAILED,,,2555,1478,3.7466932654837146,0.0127184391245245,True,False
FAILED,,,3942,3954,5.279129734523595,0.0352189403078518,True,False
FAILED,,,1807,114,0.0707939518671482,0.0145077495216391,False,True
FAILED,,,2437,4530,4.117425568206237,0.0198341514295898,False,True
FAILED,,,4560,788,9.357877591870723,0.0298924484117887,True,False
FAILED,,,3173,3312,2.160714912236668,0.004509690683335,True,False
FAILED,,,1090,1996,6.9387957241190605,0.0467637899667024,False,True
FAILED,,,641,4112,1.7249837815407663,0.028134956004098,True,True
FAILED,,,3544,584,6.671500160071999,0.0231384128984063,False,False
FAILED,,,4970,3050,4.45553345801402,0.0487753391000442,False,False
FAILED,,,2105,1636,9.566598972990178,0.0009511607955209,True,True
FAILED,,,1475,3470,6.105436521946452,0.0085918341982178,True,True
FAILED,,,4352,2466,1.041134220634587,0.0411345786596648,False,False
FAILED,,,2926,5000,7.593815874207767,0.018790810951963,False,False
FAILED,,,10,945,2.678653469512239,0.0324824827145785,True,True
FAILED,,,218,4717,6.279610892469064,0.0062968141203746,False,False
FAILED,,,3098,1229,1.4981725514568387,0.0449767862064763,True,True
FAILED,,,4172,3733,9.943981362094169,0.0211378764291293,True,True
FAILED,,,1253,2202,4.706884409113788,0.0285888430890627,False,False
FAILED,,,1887,2865,0.6587369002392515,0.0366162278656847,False,False
FAILED,,,4789,1822,5.869209630970844,0.0131103898626752,True,True
FAILED,,,3715,4317,3.085666797239333,0.0402424463322386,True,True
FAILED,,,852,379,7.815612173000351,0.0110310404030606,False,False
FAILED,,,1185,3263,3.343187581072561,0.0174902253942564,True,False
FAILED,,,3305,2045,8.261097820357417,0.0337831849986687,False,True
FAILED,,,4418,4560,0.4597509642019868,0.0068078502030111,False,True
FAILED,,,2336,759,5.521307889370249,0.042918679381255,True,False
FAILED,,,1703,3847,8.9833956099879,0.0470849206135608,True,False
FAILED,,,3801,221,3.870802841477096,0.0026415101313032,False,True
FAILED,,,2688,2707,7.337856836647727,0.0267345765801146,False,True
FAILED,,,550,1352,2.3928652532054118,0.0245387231716886,True,False
FAILED,,,535,4049,4.656978603387252,0.0102202885854057,False,False
FAILED,,,2792,19,9.44818200257793,0.0395061360741965,True,True
FAILED,,,3866,2524,1.606551259596832,0.013845046589151,True,True
FAILED,,,1570,1536,6.872941673650408,0.0374282588791102,False,False
FAILED,,,2205,3373,7.7878674489250415,0.0294008733648806,False,False
FAILED,,,4479,1935,2.567629958008416,0.0218725309427827,True,True
FAILED,,,3406,4430,5.994409490395338,0.0442404752108268,True,True
FAILED,,,1170,889,1.2351703555677085,0.0054860600898973,False,False
FAILED,,,877,2993,5.082647595087998,0.023776875836309,True,False
FAILED,,,3620,1693,0.1940317853549495,0.0259497358067892,False,True
FAILED,,,4733,4206,8.601997759528457,0.0034250713400542,False,True
FAILED,,,2030,489,3.5502050730567425,0.0478484211117029,True,False
FAILED,,,1394,4900,1.9714837536048144,0.0436821820922195,True,False
FAILED,,,4120,1046,7.05478239055723,0.0075914121493697,False,True
FAILED,,,3007,3530,4.233406367898919,0.0329983464381657,False,True
FAILED,,,242,2405,9.168633414651268,0.0167283787964843,True,False
FAILED,,,138,3638,0.5683568737013265,0.0460244593904353,False,True
FAILED,,,2866,2298,5.329731168643572,0.003701959552709,True,False
FAILED,,,4253,4773,3.1515976555123926,0.0307014591069892,True,False
FAILED,,,1485,1173,8.369697676865382,0.0205718288430944,False,True
FAILED,,,2124,4255,7.458748623801395,0.0152454261975362,False,True
FAILED,,,4865,441,2.1890024685785177,0.0360279487902298,True,False
FAILED,,,3478,2964,8.779526958615518,0.011910707256291,True,False
FAILED,,,776,1722,3.9916816100431607,0.0378157869228161,False,True
FAILED,,,952,4615,9.830421237463133,0.031694621623028,True,True
FAILED,,,3224,703,4.893669917110354,0.0180319843036122,False,False
FAILED,,,4650,3168,6.466380848933944,0.0418950588395819,False,False
FAILED,,,2417,2141,1.3846087950309736,0.0093784160939976,True,True
FAILED,,,1778,2806,2.9599833503654227,0.0017377449041232,True,True
FAILED,,,4038,1252,8.014520891492255,0.0495358200175687,False,False
FAILED,,,2612,3785,0.8576420986838638,0.022379588462878,False,False
FAILED,,,313,283,5.743510744312779,0.027347095650155,True,True
FAILED,,,390,4394,0.9669424632275476,0.0178597871637903,True,True
FAILED,,,2623,927,6.18451127405744,0.0318668008758686,False,False
FAILED,,,4010,3410,2.7577209952827544,0.0094962196610867,False,False
FAILED,,,1738,1900,7.519631194144488,0.041777249187231,True,True
FAILED,,,2350,2561,6.594950604215265,0.0497986932732164,True,True
FAILED,,,4649,1500,1.8064161831047385,0.0014748773649334,False,False
FAILED,,,3262,4013,9.648038600894623,0.0271265321127139,False,False
FAILED,,,1002,57,4.378976824813523,0.0226001695184968,True,True
FAILED,,,709,3565,9.280636169787496,0.0043454972761683,False,True
FAILED,,,3477,2367,4.199548793019727,0.0453809037799947,True,False
FAILED,,,4902,4862,7.020916490486823,0.0199584922734648,True,False
FAILED,,,2174,1082,2.083475799602456,0.0313147895913571,False,True
FAILED,,,1562,4168,3.671971601274796,0.0354630022216588,False,True
FAILED,,,4264,525,8.55837644881662,0.0158103784825652,True,False
FAILED,,,2838,3029,0.1503997282553464,0.0383142785611562,True,False
FAILED,,,97,1655,5.204405760865658,0.0114122331361286,False,True
FAILED,,,307,2921,3.791197139587253,0.0254330909107811,True,False
FAILED,,,3010,1762,9.058119658144191,0.0242935386192984,False,True
FAILED,,,4085,4295,2.467586842915974,0.0483952911337837,False,True
FAILED,,,1342,398,7.2582534442069,0.0028782074032351,True,False
FAILED,,,1955,4813,8.178976979491301,0.0081865718578919,True,False
FAILED,,,4720,1130,3.4204266192084174,0.0430870166672393,False,True
FAILED,,,3646,3595,5.598549385951832,0.0160667409230954,False,True
FAILED,,,920,2338,0.377627813886851,0.0336599667933769,True,False
RUNNING,,,1095,3828,5.787770077564754,0.0397206313149072,False,False
RUNNING,,,3392,243,0.7352936079381033,0.0100058112316764,True,True
RUNNING,,,4505,2766,7.89216165435873,0.0371593940379098,True,True
RUNNING,,,2248,1295,3.0042343211770057,0.0141139175156131,False,False
RUNNING,,,1634,3127,1.4191049511879683,0.0217486354755237,False,False
RUNNING,,,3870,2183,6.3537954980339855,0.0295247631156817,True,True
RUNNING,,,2757,4658,4.781076241019183,0.0056522420407272,True,True
RUNNING,,,483,663,9.86490668448154,0.0440742757418192,False,False
RUNNING,,,622,3355,7.129505693729968,0.0343965103197842,True,False
RUNNING,,,2704,1956,1.8918776047248396,0.0168768821861594,False,True
RUNNING,,,3777,4490,9.089029575220307,0.0422751304092816,False,True
RUNNING,,,1657,830,4.308127212625929,0.0074513930897228,True,False
RUNNING,,,2274,3914,0.271270078507252,0.0021430308478884,True,False
RUNNING,,,4412,157,5.000526307231747,0.0475834056134335,False,True
RUNNING,,,3337,2623,3.4680814757514744,0.0251036820951849,False,True
RUNNING,,,1239,1438,8.679238511126488,0.0261696351747959,True,False
RUNNING,,,790,4957,2.6441871126974004,0.0448589713908731,False,False
RUNNING,,,3709,985,7.706428640502507,0.0064146110489964,True,True
RUNNING,,,4822,3510,1.1537386244889347,0.0287610289803706,True,True
RUNNING,,,1942,2423,6.07095941874385,0.0209656844525598,False,False
RUNNING,,,1325,3090,9.522367055132984,0.0133309657550416,False,False
RUNNING,,,4188,1593,4.577911748101935,0.0363956576897762,True,True
RUNNING,,,3075,4069,6.793867741021328,0.0107681795023381,True,True
RUNNING,,,173,624,1.6807435384923592,0.0405053247511386,False,False
RUNNING,,,70,4352,8.093594898619688,0.0234072904633358,True,True
RUNNING,,,2935,341,2.885791145968251,0.02786609632615,False,False
RUNNING,,,4321,2827,5.669325617259369,0.0007366782785393,False,False
RUNNING,,,1418,1857,0.9367088794708252,0.0489898277022875,True,True
RUNNING,,,2036,3695,4.975101573690773,0.0409683858291246,True,True
RUNNING,,,4952,2237,9.753871234616264,0.0087580213123001,False,False
RUNNING,,,3565,4753,1.3080517148403448,0.0326063673021271,False,False
RUNNING,,,688,1191,6.547819731854833,0.0186669088462367,True,True
RUNNING,,,1020,2672,2.271126140382141,0.0121715818261727,False,True
RUNNING,,,3155,1390,7.3815079467017215,0.0391019948972389,True,False
RUNNING,,,4581,3884,3.9144432423925033,0.0150244071413762,True,False
RUNNING,,,2485,186,8.861648171973414,0.0347022887733764,False,True
RUNNING,,,1867,4598,5.409334933576175,0.0305540754054673,False,True
RUNNING,,,3950,723,0.4936359544759616,0.0191725187194533,True,False
RUNNING,,,2525,3228,8.294974448191002,0.0461686193784698,True,False
RUNNING,,,402,2083,3.231203878890723,0.00510484375339,False,True
RUNNING,,,419,4199,5.548267400779761,0.0485137269226834,True,False
RUNNING,,,2517,497,0.3496966763017699,0.0012129792263731,False,True
RUNNING,,,3982,2981,8.131517718380318,0.028163388882298,False,True
RUNNING,,,1844,1705,3.3896727203130723,0.0231101982598192,True,False
RUNNING,,,2478,3538,2.4396173945516346,0.0189438640889711,True,False
RUNNING,,,4598,2398,7.207933446248995,0.0323296360154636,False,True
RUNNING,,,3134,4912,3.760405265155248,0.0082614947063848,False,True
RUNNING,,,1052,1034,9.010622123503124,0.0414651362067088,True,False
RUNNING,,,681,2511,4.811332919266076,0.0350062348255887,False,False
RUNNING,,,3583,1547,9.912634270044041,0.0147202843399718,True,True
