Status,ACCURACY,RUNTIME,recent_samples_size,n_reference_samples,recent_samples_proportion,threshold
COMPLETED,0.67,94.0,246,2570,0.3897147461771964,0.1133751704990863
COMPLETED,0.8,2499.0,3292,163,0.7789720023144036,0.7216081037316471
COMPLETED,0.7,336.0,4282,4433,0.1442913555689156,0.3979972751438617
COMPLETED,0.6,77.0,2484,2056,0.5038229374699295,0.7567911103088408
COMPLETED,0.5799999999999998,63.0,1365,3921,0.965272191207856,0.9337841419745236
COMPLETED,0.75,808.0,4411,1317,0.3260880369134247,0.2945779715627431
COMPLETED,0.7,193.0,2861,3316,0.6878176809418945,0.5867984548155218
COMPLETED,0.78,842.0,1063,667,0.0793338706735521,0.1970313861891627
COMPLETED,0.68,103.0,627,4699,0.6483236756268888,0.3465832919925451
COMPLETED,0.7099999999999999,195.0,2579,2409,0.009626833455637,0.9860636902619152
COMPLETED,0.7199999999999999,375.0,4838,2851,0.8799810034520924,0.1321330735012888
COMPLETED,0.78,1907.0,1634,512,0.2710098364464938,0.5220525438133627
COMPLETED,0.5799999999999998,74.0,2058,3665,0.1993476430885493,0.6684186662230641
COMPLETED,0.75,1349.0,4010,947,0.5890922568924724,0.0603381309583783
COMPLETED,0.54,75.0,3731,4275,0.459380834178999,0.8204824635107069
COMPLETED,0.7199999999999999,270.0,526,1583,0.8184251039568334,0.4619628562033176
COMPLETED,0.66,99.0,369,4181,0.0373581580854952,0.6194389228262007
COMPLETED,0.7399999999999999,778.0,3571,1834,0.6770295129679142,0.2296708894204348
COMPLETED,0.55,93.0,3858,3584,0.3056849275622516,0.9040610163174568
COMPLETED,0.76,1076.0,1903,1185,0.913681566985324,0.2648539108689874
COMPLETED,0.7099999999999999,375.0,1789,3070,0.6159704358298331,0.4267395305838435
COMPLETED,0.77,1689.0,4991,449,0.2252513688001781,0.7855324269942939
COMPLETED,0.68,161.0,2739,4929,0.8539533258937299,0.0797538582962006
COMPLETED,0.6,83.0,785,2335,0.4958835242129862,0.6879858267493546
COMPLETED,0.53,65.0,1218,3225,0.799849563781172,0.8541156244687736
COMPLETED,0.77,852.0,3014,914,0.4096177791319787,0.4955969559159129
COMPLETED,0.66,165.0,4571,3836,0.545288975128904,0.6396653911061584
COMPLETED,0.75,748.0,1523,1558,0.1867319059390574,0.0315858243387192
COMPLETED,0.65,88.0,2326,4653,0.3441634718794375,0.1618680218886583
COMPLETED,0.7299999999999999,789.0,4122,1991,0.9843220942709596,0.551788456980139
COMPLETED,0.7099999999999999,257.0,3139,2799,0.1236020199619233,0.3139318340476602
COMPLETED,0.77,593.0,91,90,0.7311113770045339,0.9534131673537196
COMPLETED,0.5799999999999998,56.0,63,4483,0.8950717436801641,0.7150658509228378
COMPLETED,0.7299999999999999,421.0,3265,2162,0.2560704253073781,0.0755845306292176
COMPLETED,0.5799999999999998,89.0,4153,2579,0.6330816007331013,0.8047546779531985
COMPLETED,0.76,371.0,2199,310,0.024780388444662,0.4148342261314392
COMPLETED,0.7,326.0,1455,3405,0.4443824116289615,0.2689699525982141
COMPLETED,0.6199999999999999,113.0,4656,734,0.8333350066021084,0.8770495063532144
COMPLETED,0.69,215.0,3083,4047,0.2146820356603711,0.2416447043642401
COMPLETED,0.69,293.0,1129,1347,0.5739091934096067,0.6001633896473794
COMPLETED,0.6,118.0,933,2938,0.1293833527397364,0.9497235172260552
COMPLETED,0.78,844.0,2728,581,0.5188232598360628,0.3414915617853402
COMPLETED,0.69,298.0,4846,4827,0.4048959014788269,0.5403628598097711
COMPLETED,0.7299999999999999,480.0,1798,2437,0.7636357024908065,0.1815699466690421
COMPLETED,0.5799999999999998,52.0,2011,4323,0.702755184829235,0.0040794085636734
COMPLETED,0.7399999999999999,764.0,3807,1692,0.064241223193705,0.6432865009997039
COMPLETED,0.7,208.0,3464,3676,0.9501205360349269,0.4758264871835708
COMPLETED,0.55,91.0,416,1092,0.341332011623308,0.8655945373196154
COMPLETED,0.69,132.0,576,3456,0.561173487149179,0.2089964140187949
COMPLETED,0.75,1297.0,3622,1157,0.1707588740140199,0.5675160045959055
COMPLETED,0.7,279.0,3962,4094,0.7836918909233063,0.2986851964350789
COMPLETED,0.5799999999999998,68.0,2164,1764,0.4259267810788005,0.9067657447122036
COMPLETED,0.5899999999999999,138.0,1646,4918,0.1076879994478076,0.7760050165764987
COMPLETED,0.7299999999999999,698.0,4692,2190,0.7471767266076058,0.3860855629947036
COMPLETED,0.6099999999999999,83.0,2571,3023,0.3602916362434625,0.7486798129566014
COMPLETED,0.79,1061.0,773,340,0.968105410002172,0.1091994016747921
COMPLETED,0.69,162.0,976,3828,0.2896176707074046,0.4422007321622222
COMPLETED,0.5799999999999998,83.0,2928,1410,0.9295936802476644,0.8319677840583026
COMPLETED,0.7099999999999999,389.0,4499,3175,0.0535767421703785,0.0328400301318615
COMPLETED,0.63,128.0,1295,808,0.660903248419985,0.672046213556081
COMPLETED,0.68,146.0,2359,2673,0.8699282576348631,0.510635733757168
COMPLETED,0.82,6976.0,4311,59,0.480000912008807,0.1518419153224676
COMPLETED,0.5799999999999998,69.0,3421,4564,0.5996595266312361,0.982382856991142
COMPLETED,0.68,112.0,216,1924,0.2414071344062685,0.3741499070283025
COMPLETED,0.5899999999999999,58.0,165,4013,0.5805747911278158,0.838821551868692
COMPLETED,0.75,839.0,3370,1381,0.1903429023791104,0.4488717588558793
COMPLETED,0.63,132.0,4371,3361,0.8269730262644588,0.6868681669849902
COMPLETED,0.75,416.0,2419,778,0.4684160314314067,0.0473574162721633
COMPLETED,0.7199999999999999,326.0,1273,2625,0.0020937308184802,0.1471847661882638
COMPLETED,0.79,1742.0,4477,265,0.6422525167949497,0.5056740210521966
COMPLETED,0.69,159.0,2940,4515,0.2785733956266194,0.3615017298683524
COMPLETED,0.5799999999999998,58.0,988,2129,0.8860826188270002,0.9695519424322993
COMPLETED,0.69,142.0,722,3720,0.3170623573306948,0.5725994784105569
COMPLETED,0.7399999999999999,310.0,2520,1050,0.9567337865699082,0.2137753205448389
COMPLETED,0.55,148.0,4752,4357,0.0883290937133133,0.9194747829083352
COMPLETED,0.7399999999999999,737.0,1707,1657,0.6963256290368735,0.3112114935144781
COMPLETED,0.6199999999999999,63.0,2142,4791,0.7728608692698181,0.3792926562204956
COMPLETED,0.57,103.0,3940,2474,0.3821416683979332,0.7690293724033981
COMPLETED,0.7199999999999999,356.0,3633,2896,0.5099036139715462,0.0948037729263305
COMPLETED,0.77,649.0,588,623,0.1518339758757501,0.733979620637372
COMPLETED,0.68,131.0,433,2986,0.9923827713765204,0.3308119380008429
COMPLETED,0.7199999999999999,717.0,3481,376,0.3536860333047807,0.9388611523248254
COMPLETED,0.69,196.0,3780,4876,0.7230811564419418,0.1788585085030645
COMPLETED,0.7299999999999999,520.0,1985,2232,0.1141099150795489,0.5373468543551863
COMPLETED,0.65,186.0,1864,4137,0.4166940931100398,0.6522796532027423
COMPLETED,0.7399999999999999,637.0,4912,1721,0.8064385433290153,0.0127679971959441
COMPLETED,0.5799999999999998,114.0,2673,3491,0.1796860485039651,0.8665966614969075
COMPLETED,0.75,553.0,877,1122,0.5387304521240293,0.4766458739619702
COMPLETED,0.69,166.0,1146,4609,0.2347339560128748,0.0670178220774978
COMPLETED,0.6,90.0,3100,1878,0.6239911387227475,0.7061945750825107
COMPLETED,0.7199999999999999,409.0,4630,2706,0.4863704804573207,0.4138930819611996
ABANDONED,,,1428,27,0.8459021664578467,0.8036307926662266
COMPLETED,0.6,70.0,2265,3142,0.6835975536424665,0.887790110144764
COMPLETED,0.76,1180.0,4219,841,0.0444135331902653,0.2795278189908713
COMPLETED,0.69,170.0,3209,3783,0.9070830697678028,0.6033012714646757
COMPLETED,0.5899999999999999,52.0,8,1455,0.2985990959145128,0.2444780226107686
COMPLETED,0.63,79.0,152,3352,0.0722941987942904,0.4885511765554547
COMPLETED,0.6,86.0,3200,630,0.7122701042350381,0.8473744123969226
COMPLETED,0.7,288.0,4071,3963,0.3333094925656914,0.0169373230040073
COMPLETED,0.64,110.0,2275,1275,0.9406360731720924,0.6251996308881789
COMPLETED,0.69,210.0,1534,4389,0.525907096862793,0.5566223893929272
COMPLETED,0.7299999999999999,619.0,4583,2098,0.1359799148216843,0.1668846917003393
COMPLETED,0.55,61.0,2992,2536,0.7565823220070451,0.965872664147988
COMPLETED,0.8,1234.0,1197,198,0.3983297959398478,0.3266958944126963
COMPLETED,0.69,140.0,845,4229,0.8428251800667494,0.2247760959714651
COMPLETED,0.66,123.0,2800,1628,0.4524106412883848,0.6147268704939634
COMPLETED,0.7,361.0,4940,3633,0.564388563401997,0.2519680893942713
COMPLETED,0.63,223.0,1738,980,0.2066233494579791,0.8914797621313482
COMPLETED,0.57,101.0,1915,2885,0.2626308202445507,0.7921518816743046
COMPLETED,0.77,1593.0,3870,478,0.9021194135621188,0.4336635488346218
COMPLETED,0.69,245.0,3549,4743,0.0181895369645208,0.702573467047885
COMPLETED,0.69,157.0,347,2365,0.6260034743081778,0.0945242359936237
COMPLETED,0.5799999999999998,59.0,500,4962,0.4714910287782549,0.9965703378356991
COMPLETED,0.7299999999999999,487.0,3704,2302,0.8609310399740934,0.3573945068549364
COMPLETED,0.7099999999999999,377.0,4027,3115,0.2499474741797894,0.524956469412893
COMPLETED,0.7,188.0,2075,404,0.6086872008349746,0.1352197402175515
COMPLETED,0.7,244.0,1578,3539,0.9220529355909676,0.0515331832375377
COMPLETED,0.7099999999999999,454.0,4782,1231,0.2835388103704899,0.6597964559011161
COMPLETED,0.68,117.0,2645,4148,0.6684744496196507,0.4607834728639572
COMPLETED,0.7199999999999999,238.0,693,1866,0.0596860590502619,0.8196076437421141
COMPLETED,0.6199999999999999,139.0,3064,3979,0.0808862183988094,0.7890296185016631
COMPLETED,0.76,927.0,1717,779,0.8658192779421806,0.3054483958110213
COMPLETED,0.66,92.0,309,2998,0.4844545205719769,0.5031729800831526
COMPLETED,0.7299999999999999,449.0,3848,2288,0.7091851588785648,0.0201839692927896
COMPLETED,0.7099999999999999,325.0,4757,3541,0.8975299002975226,0.1969158533904701
COMPLETED,0.6999999999999998,237.0,1108,1742,0.173798057410866,0.7123865274563431
COMPLETED,0.69,222.0,1887,4522,0.552727644637227,0.4715359560828655
COMPLETED,0.76,1008.0,3353,233,0.2667933786548674,0.9854968935139476
COMPLETED,0.65,139.0,3681,2778,0.5773997931871562,0.6513407350890338
COMPLETED,0.69,143.0,2331,1921,0.3535826615598052,0.1371061497833579
COMPLETED,0.5899999999999999,82.0,927,4316,0.9820110851023344,0.9215446390509604
COMPLETED,0.75,1024.0,4459,949,0.1961641378011554,0.4068358395714312
COMPLETED,0.69,219.0,4126,4704,0.3845080612953752,0.3701437348984181
COMPLETED,0.5799999999999998,87.0,469,560,0.6713557372931391,0.8529790501948445
COMPLETED,0.7099999999999999,278.0,1253,3165,0.0404899129029363,0.079992695108056
COMPLETED,0.7299999999999999,238.0,2718,1532,0.763307773226872,0.5642121212352066
COMPLETED,0.69,122.0,2656,3407,0.3155524097084999,0.442474748102948
COMPLETED,0.54,72.0,1500,1291,0.5975272767730057,0.9562070532627404
COMPLETED,0.65,78.0,409,4936,0.2224962051212787,0.2341435491237789
COMPLETED,0.7099999999999999,1017.0,4372,328,0.9423904752619564,0.7493546584919095
COMPLETED,0.6999999999999998,257.0,4544,4074,0.629295704100281,0.5365014352630822
COMPLETED,0.75,322.0,696,1191,0.4084026385396719,0.053254703823477
COMPLETED,0.5999999999999999,65.0,2417,2546,0.785868939820677,0.7638660737816244
COMPLETED,0.7199999999999999,425.0,3448,2153,0.0048952773362398,0.2800580340549349
COMPLETED,0.69,166.0,3267,4608,0.8392949834372848,0.1172156617492437
COMPLETED,0.78,442.0,2120,147,0.1204364253673702,0.6011773672271519
COMPLETED,0.6999999999999998,166.0,1023,3616,0.7474038308467716,0.3410777978263795
COMPLETED,0.6099999999999999,84.0,4989,1666,0.4643936309311538,0.8236863249000161
COMPLETED,0.57,93.0,3908,2913,0.1512997371796518,0.8963781804740429
COMPLETED,0.5999999999999999,63.0,62,2373,0.9333092083986848,0.3814407487232238
COMPLETED,0.6199999999999999,120.0,1779,3904,0.3087791442815214,0.6846663052253426
COMPLETED,0.77,556.0,2817,855,0.5286369736548512,0.1701721552219241
COMPLETED,0.7099999999999999,175.0,2904,3124,0.988574761033058,0.2604719190523028
COMPLETED,0.5799999999999998,109.0,1867,2258,0.2075095021314919,0.7756513877455145
COMPLETED,0.64,63.0,151,4008,0.5825623491704462,0.0340952183641493
COMPLETED,0.77,1161.0,3995,651,0.3616995133645832,0.5478601196836679
COMPLETED,0.69,229.0,4922,4396,0.0510434071160852,0.7297089390829204
COMPLETED,0.8,1049.0,953,263,0.770906971618533,0.2459887054357677
COMPLETED,0.5799999999999998,63.0,2049,3512,0.3934167832173406,0.937109313685447
COMPLETED,0.7299999999999999,397.0,3201,1869,0.6754827708154916,0.4537719245832413
COMPLETED,0.69,188.0,3518,4268,0.4803278328087181,0.1822658416833728
COMPLETED,0.6099999999999999,81.0,2483,1057,0.7002768050227313,0.6647794318608939
COMPLETED,0.7099999999999999,153.0,763,2671,0.0732876018490642,0.392985979469493
COMPLETED,0.5799999999999998,82.0,4615,1971,0.8552663897369057,0.8770397628247738
COMPLETED,0.57,74.0,4284,3214,0.5446111608985811,0.8357180275376886
COMPLETED,0.7099999999999999,168.0,322,1424,0.261631168430671,0.3212531462274491
COMPLETED,0.69,151.0,1413,4810,0.8861851419750602,0.6127829162050038
COMPLETED,0.78,697.0,2567,511,0.1672349651809781,0.0978171638101339
COMPLETED,0.5799999999999998,55.0,2804,4886,0.7241808999367058,0.9739553508646785
COMPLETED,0.78,981.0,1343,435,0.4382773172855377,0.4908780618291348
COMPLETED,0.6099999999999999,69.0,559,3299,0.8196660435684024,0.7002965290918945
COMPLETED,0.75,772.0,4212,1338,0.0958430578410625,0.2168064148519188
COMPLETED,0.7199999999999999,408.0,4392,2595,0.2817491343468427,0.0085823463536798
COMPLETED,0.7199999999999999,293.0,858,2046,0.5065713913775981,0.5225754040610044
COMPLETED,0.65,65.0,2262,4183,0.1276200659424066,0.2934206192120909
COMPLETED,0.6099999999999999,100.0,3613,1143,0.91252291989699,0.8088582249525934
COMPLETED,0.69,180.0,3422,3744,0.2432830996308475,0.5833676806557923
COMPLETED,0.7399999999999999,729.0,1954,1637,0.9660707302000372,0.0686300846487283
COMPLETED,0.56,74.0,1176,4638,0.3376183600518852,0.8725612391587346
COMPLETED,0.8299999999999998,13064.0,4826,21,0.6245576324667782,0.358354494895786
COMPLETED,0.6999999999999998,248.0,3758,3777,0.8104628910478204,0.4259298910517245
COMPLETED,0.7099999999999999,159.0,222,883,0.0245248232129961,0.9102437744736672
COMPLETED,0.7099999999999999,288.0,1631,2883,0.6554123635049908,0.1567481810953468
COMPLETED,0.65,102.0,2974,2500,0.4316259375158697,0.6394918906800448
COMPLETED,0.6999999999999998,182.0,3020,3472,0.6584842638913541,0.0725488150473684
COMPLETED,0.6999999999999998,274.0,1595,1833,0.379342093264684,0.5872573654316365
COMPLETED,0.65,61.0,187,4443,0.7528195540551095,0.3466509222853929
COMPLETED,0.79,1168.0,3803,295,0.0378290252741426,0.860885726943612
COMPLETED,0.5899999999999999,76.0,4801,4050,0.3484852207507938,0.914100506177172
COMPLETED,0.77,904.0,1231,687,0.564475020835176,0.4298813365809619
COMPLETED,0.5799999999999998,60.0,2009,3078,0.193434722950682,0.6278481455463915
COMPLETED,0.7299999999999999,310.0,3397,2226,0.9715761648807674,0.1450126034617424
COMPLETED,0.69,171.0,3636,4771,0.1842334832586348,0.4948148590698838
COMPLETED,0.5799999999999998,65.0,2210,476,0.9002598207741975,0.9778041263911872
COMPLETED,0.69,136.0,806,3262,0.2797185971476137,0.2050599959976971
COMPLETED,0.6199999999999999,116.0,4415,1457,0.5578255315870047,0.6886410207133739
COMPLETED,0.7199999999999999,366.0,4169,2711,0.8684806711971759,0.5264521358832716
COMPLETED,0.7199999999999999,159.0,592,2005,0.0913749413378536,0.0124909493569284
COMPLETED,0.5899999999999999,65.0,1376,4220,0.7143515730500221,0.7971735668517648
COMPLETED,0.76,375.0,2761,1024,0.4973264401145279,0.2817031121384352
COMPLETED,0.65,84.0,2534,4149,0.9228133453484624,0.6609303310234099
COMPLETED,0.76,750.0,1456,1094,0.1486312056723982,0.1783219935595989
COMPLETED,0.5899999999999999,63.0,365,2630,0.5157731441315263,0.888691138824448
COMPLETED,0.7299999999999999,483.0,4251,2086,0.3036208201292902,0.4047291545085608
COMPLETED,0.7099999999999999,329.0,4667,3333,0.1177145949099212,0.3173420169521123
COMPLETED,0.54,73.0,739,1387,0.828867647608742,0.8318359699100256
COMPLETED,0.67,80.0,2460,4851,0.459288605729118,0.1095283375438302
COMPLETED,0.7399999999999999,993.0,3571,396,0.7344714741017669,0.6244660555683075
COMPLETED,0.56,79.0,3146,2850,0.4213355009108781,0.7717670250572263
COMPLETED,0.63,61.0,2075,2453,0.6344012349285185,0.2565557186435908
COMPLETED,0.6999999999999998,186.0,979,3812,0.0153230593055486,0.5595371469184756
COMPLETED,0.75,999.0,4867,924,0.7885912164188921,0.0458051280323416
COMPLETED,0.69,240.0,4031,4670,0.6026861065514386,0.2420443070717155
COMPLETED,0.8,789.0,105,68,0.3284167448580265,0.7258525364082306
COMPLETED,0.6999999999999998,247.0,1822,3708,0.9450594529099762,0.4655107423141598
COMPLETED,0.5799999999999998,86.0,2940,1596,0.2329925143122673,0.9487571949157864
COMPLETED,0.68,108.0,2870,4493,0.2564951810594648,0.6051275189481675
COMPLETED,0.8,1633.0,1756,188,0.5317087550703437,0.1210739252027124
COMPLETED,0.5799999999999998,86.0,39,3579,0.1646040582116693,0.8119494534581899
COMPLETED,0.7399999999999999,526.0,3961,1785,0.875665990376845,0.3294355844426899
COMPLETED,0.7099999999999999,317.0,4955,3028,0.6873211002442985,0.385330775540322
COMPLETED,0.54,74.0,1066,2332,0.4752603726591914,0.9002963308896869
COMPLETED,0.64,66.0,2162,3941,0.8448005370888859,0.1584969850480556
COMPLETED,0.77,829.0,3235,736,0.0705881676580756,0.6729621526319532
COMPLETED,0.5899999999999999,57.0,3483,3134,0.7736059596687554,0.9601162362489848
COMPLETED,0.7099999999999999,171.0,2372,1486,0.0615088136233389,0.4463511378839611
COMPLETED,0.6199999999999999,66.0,651,4741,0.6805497253388166,0.7376377314012497
COMPLETED,0.77,1065.0,4580,602,0.4063719823695719,0.2224585489816963
COMPLETED,0.69,246.0,4317,4347,0.2180282075889408,0.0571019476000219
COMPLETED,0.7299999999999999,210.0,435,995,0.9912052218616008,0.540439526312053
COMPLETED,0.7099999999999999,280.0,1526,2741,0.3746014135666191,0.2684009939264506
COMPLETED,0.5899999999999999,70.0,2601,1879,0.587697830915451,0.7521209487356245
COMPLETED,0.7099999999999999,149.0,2692,2504,0.0218862723652273,0.1332237203717231
COMPLETED,0.64,122.0,1308,2116,0.7999360955711454,0.6474302155394107
COMPLETED,0.68,98.0,524,4120,0.4264975940231233,0.4185186071507632
COMPLETED,0.54,73.0,4100,1222,0.6425176015552133,0.9332564225103706
COMPLETED,0.5899999999999999,62.0,4504,4978,0.955612461945042,0.8490365256220102
COMPLETED,0.79,920.0,892,366,0.2405912498328834,0.3662930725682526
COMPLETED,0.66,83.0,2296,3361,0.6115943432953209,0.5759566198252141
COMPLETED,0.76,743.0,3726,1260,0.3325433155093341,0.0916425096150487
COMPLETED,0.69,177.0,3311,3860,0.5116459897793829,0.3015935546290129
COMPLETED,0.69,551.0,1920,816,0.2947119773775339,0.7850839253999293
COMPLETED,0.7099999999999999,205.0,1141,2957,0.9152142640687524,0.0318334120158106
COMPLETED,0.7199999999999999,399.0,4715,2403,0.1380778285712003,0.5149104742631316
COMPLETED,0.6099999999999999,93.0,3871,3660,0.4511716330945491,0.7084697173219174
COMPLETED,0.69,109.0,256,1704,0.729308797288686,0.1930318624861538
COMPLETED,0.5799999999999998,116.0,1664,4563,0.1063693476915359,0.9972061934564262
COMPLETED,0.81,1788.0,3087,117,0.8223040887899696,0.4832133551016449
COMPLETED,0.55,73.0,3113,2685,0.4550991877857595,0.9262504063751548
COMPLETED,0.7299999999999999,395.0,1649,1974,0.7409865048881619,0.4119979921691119
COMPLETED,0.63,76.0,240,4291,0.1102435142043978,0.6545541318077595
COMPLETED,0.75,829.0,3897,1091,0.8340197778400033,0.1398622354865074
COMPLETED,0.69,196.0,4689,4836,0.5233627346958964,0.0836620030757039
COMPLETED,0.78,1044.0,1157,546,0.2985852664802223,0.5665122956894338
COMPLETED,0.7099999999999999,334.0,1935,3229,0.926892849078402,0.3743917171824723
COMPLETED,0.64,167.0,3285,1430,0.1420043273959308,0.8585989878326654
COMPLETED,0.6999999999999998,262.0,3749,4004,0.9516735566891728,0.506446351133287
COMPLETED,0.7399999999999999,261.0,2282,637,0.2289325069338083,0.0228800806645303
COMPLETED,0.53,66.0,878,3091,0.607739282760769,0.793673562798649
COMPLETED,0.7199999999999999,462.0,4528,2234,0.3208161346167325,0.3106724002491682
COMPLETED,0.7099999999999999,281.0,4077,3477,0.0101580356061458,0.4757239603176712
COMPLETED,0.5799999999999998,55.0,538,1844,0.796081912446767,0.991176809201017
COMPLETED,0.69,153.0,1322,4391,0.4148379737138748,0.2006470094807445
COMPLETED,0.78,927.0,2669,247,0.6385797521658241,0.7146248537879437
COMPLETED,0.67,93.0,2587,4622,0.1907023858781904,0.3374084768462926
COMPLETED,0.8399999999999999,10372.0,1549,15,0.9717534537855536,0.8213861634582281
COMPLETED,0.67,97.0,458,3719,0.347344267791137,0.1129676664527505
COMPLETED,0.7099999999999999,382.0,4304,1603,0.5681624560598284,0.5955574426017701
COMPLETED,0.6199999999999999,121.0,4593,2859,0.7540694694612174,0.6799605546314269
COMPLETED,0.6999999999999998,143.0,628,2466,0.0342524857725948,0.1650099858939647
COMPLETED,0.5999999999999999,56.0,2349,3762,0.6610971393380313,0.893164800485596
COMPLETED,0.76,1024.0,3497,879,0.3790472760107368,0.3786846462897956
COMPLETED,0.7099999999999999,208.0,3219,3304,0.7146278159767389,0.2299555579014122
COMPLETED,0.5999999999999999,77.0,2188,1354,0.4947236325778067,0.7436747297924012
COMPLETED,0.68,126.0,1091,4921,0.8720690334290266,0.4387436050251126
COMPLETED,0.77,1218.0,4940,460,0.0901045778132975,0.9539687139187008
COMPLETED,0.5899999999999999,91.0,3976,4216,0.2760127065666019,0.7605926860012114
COMPLETED,0.6199999999999999,57.0,14,1167,0.5589764334857464,0.277361939413473
COMPLETED,0.7199999999999999,427.0,1730,2600,0.1840681360550224,0.5318575030490756
COMPLETED,0.7299999999999999,219.0,2886,2060,0.90297159075737,0.0480307161156088
COMPLETED,0.69,125.0,2953,4322,0.6143637546654791,0.3985740180425346
COMPLETED,0.5999999999999999,102.0,1799,964,0.3323441210929304,0.8810759918298571
COMPLETED,0.63,64.0,83,2813,0.9567753204163164,0.1843513778150081
COMPLETED,0.65,168.0,4044,1946,0.2368667403105646,0.6684197258073836
COMPLETED,0.68,220.0,4854,3199,0.4252086115572601,0.6153872099481523
COMPLETED,0.7399999999999999,306.0,1002,1556,0.6461179203595965,0.1009387001451104
COMPLETED,0.5999999999999999,55.0,2098,4708,0.0192496176157146,0.8407893012613057
COMPLETED,0.78,841.0,3133,575,0.800269979884848,0.3258061400819569
COMPLETED,0.7099999999999999,246.0,3587,2983,0.1060560304671525,0.0362426658216863
COMPLETED,0.6999999999999998,121.0,2435,2282,0.8249288018383085,0.551438502304256
COMPLETED,0.69,111.0,714,3955,0.4475613653510808,0.2660000427793711
COMPLETED,0.64,116.0,4683,744,0.7306162351109087,0.7797475315965711
COMPLETED,0.5799999999999998,60.0,4235,4498,0.9189592217095196,0.942118679801002
COMPLETED,0.8,857.0,390,199,0.1369031473696231,0.4583868260458111
COMPLETED,0.5899999999999999,83.0,1481,3527,0.5118351162858307,0.732373151389882
COMPLETED,0.7199999999999999,159.0,2518,1737,0.2919611403346061,0.2490503232069313
COMPLETED,0.5799999999999998,61.0,2735,3612,0.8490289626065641,0.8699569584280252
COMPLETED,0.7399999999999999,458.0,1392,1652,0.0640492980834096,0.3552329455483704
COMPLETED,0.68,96.0,608,4574,0.694816019738093,0.5782964199446142
COMPLETED,0.8,2793.0,4144,124,0.4700692348536104,0.0640770777817815
COMPLETED,0.6999999999999998,239.0,4440,3869,0.1569773338641971,0.1511601257920265
COMPLETED,0.67,159.0,790,830,0.8807233900520951,0.6354556784052401
COMPLETED,0.64,70.0,2194,2907,0.2523938313033431,0.4238443381898104
COMPLETED,0.56,72.0,3662,2358,0.5383727671299129,0.906603497257456
COMPLETED,0.6199999999999999,87.0,3374,4949,0.3679483022131025,0.6952871499639003
COMPLETED,0.66,100.0,2023,333,0.5917816770821809,0.2121915264017879
COMPLETED,0.5899999999999999,79.0,1244,3431,0.2129511925913393,0.971291125545278
COMPLETED,0.75,715.0,4778,1324,0.9988448396772146,0.4878164570704102
COMPLETED,0.7099999999999999,392.0,3827,2571,0.6857518828213214,0.2912731884848326
COMPLETED,0.5999999999999999,64.0,174,2188,0.3988594403155147,0.8052798256017267
COMPLETED,0.69,194.0,1582,4090,0.780125332891941,0.0030542393568903
COMPLETED,0.76,438.0,3043,1196,0.0572931626029312,0.5184792434796691
COMPLETED,0.69,134.0,2990,4756,0.7831495259590447,0.2083347965572029
COMPLETED,0.77,952.0,1605,608,0.0050529806613922,0.6913357025757431
COMPLETED,0.65,73.0,197,3159,0.6281524460799992,0.4994602040629834
COMPLETED,0.5799999999999998,76.0,3774,1521,0.4121161729991436,0.9830267013199628
COMPLETED,0.56,81.0,4811,2764,0.2237741530388593,0.8013610970620066
COMPLETED,0.7299999999999999,361.0,1201,1913,0.9388096974231303,0.2873835018500685
COMPLETED,0.6999999999999998,239.0,1980,4361,0.3181476328521967,0.5301828179489821
COMPLETED,0.76,722.0,3406,999,0.5972434494532644,0.014729749713093
COMPLETED,0.7099999999999999,262.0,3627,3574,0.3090816054139286,0.3513562118671834
COMPLETED,0.57,64.0,2239,1770,0.526031742086634,0.8660483572836964
COMPLETED,0.68,128.0,835,4457,0.1548686328027397,0.0757617340236902
COMPLETED,0.79,2002.0,4405,163,0.9320516491141168,0.5900139288771897
COMPLETED,0.68,200.0,4199,3908,0.7437088112290948,0.6315188793055712
COMPLETED,0.77,403.0,582,712,0.4655269994977861,0.1473113521244376
COMPLETED,0.5899999999999999,57.0,1366,3024,0.8391252789255231,0.918349914252758
COMPLETED,0.7199999999999999,196.0,2790,2319,0.1231763468328863,0.4354998484272509
COMPLETED,0.69,117.0,2544,2943,0.5485414835214614,0.5553496334385127
COMPLETED,0.7299999999999999,341.0,1426,2399,0.2732832619734108,0.0401247215904295
COMPLETED,0.5799999999999998,54.0,335,3837,0.8900468481481075,0.7680363597217947
COMPLETED,0.76,996.0,4261,782,0.1789707249887287,0.2543169015571474
COMPLETED,0.69,234.0,4638,4538,0.4920627152062952,0.462235928742215
COMPLETED,0.81,1491.0,749,83,0.7041395670622587,0.946062526065856
COMPLETED,0.67,95.0,2470,3645,0.0849386395253241,0.237398949066177
COMPLETED,0.6099999999999999,91.0,3541,1699,0.8591975897699594,0.7206299744918943
COMPLETED,0.63,196.0,3176,4125,0.0471244350578635,0.8850203883349895
COMPLETED,0.65,78.0,2065,1236,0.7592359133753925,0.4024304225761443
COMPLETED,0.65,96.0,969,2537,0.3895359710659831,0.6566809062175452
COMPLETED,0.7299999999999999,582.0,4896,2140,0.663758502850309,0.1727034984435886
COMPLETED,0.7099999999999999,278.0,4021,3396,0.9768513704780488,0.1048230609744787
COMPLETED,0.66,90.0,135,1284,0.2036276341136545,0.6193034122157842
COMPLETED,0.69,210.0,1852,4983,0.5708923467937856,0.3141291109882294
COMPLETED,0.7399999999999999,660.0,2930,381,0.3577796638961881,0.8290793934520334
COMPLETED,0.6199999999999999,104.0,2840,3266,0.1318280730843544,0.739784701116383
COMPLETED,0.75,676.0,1766,1472,0.9059959027953444,0.226037409344688
COMPLETED,0.5799999999999998,59.0,49,4804,0.2892693202793598,0.9656438822336494
COMPLETED,0.77,1202.0,3931,500,0.5013768777735531,0.4504477594774216
COMPLETED,0.69,262.0,4965,4254,0.8120340101458132,0.2734117858335375
COMPLETED,0.76,491.0,1037,1049,0.1009276572316885,0.7567344244066626
COMPLETED,0.64,69.0,2133,2716,0.7200894693769515,0.0597675856985151
COMPLETED,0.7299999999999999,289.0,3245,2020,0.4449228442460298,0.5434997182916849
COMPLETED,0.54,67.0,3473,4429,0.6487559953238815,0.817538921540603
COMPLETED,0.8,856.0,2401,291,0.4357349311504513,0.3334703839384019
COMPLETED,0.69,110.0,680,3447,0.8053978474941104,0.6072144845891743
COMPLETED,0.7399999999999999,522.0,4570,1800,0.0321439036820083,0.1247127896398305
COMPLETED,0.7199999999999999,354.0,4347,3053,0.3428019134644418,0.16110080476664
COMPLETED,0.6199999999999999,69.0,425,2191,0.6170551285799591,0.6760841629914939
COMPLETED,0.6999999999999998,184.0,1516,4034,0.249829553598538,0.3904015752393752
COMPLETED,0.57,65.0,2630,682,0.9618498890753834,0.9048497987687588
COMPLETED,0.69,130.0,2702,3807,0.3961599763818084,0.0268226033784449
COMPLETED,0.76,785.0,1279,909,0.675286000430584,0.5102970153223723
COMPLETED,0.6999999999999998,114.0,495,2816,0.0522257321961224,0.2989278998002409
COMPLETED,0.57,84.0,4110,2427,0.7671696578562259,0.7820237501505762
COMPLETED,0.5799999999999998,56.0,4475,3674,0.5812624957412481,0.995059236753732
COMPLETED,0.7399999999999999,290.0,902,1573,0.3653173655010759,0.4796344817262143
COMPLETED,0.6199999999999999,63.0,2306,4666,0.9859424635916948,0.7029420843496919
COMPLETED,0.82,5517.0,3697,54,0.2078152349628508,0.1889352278802543
COMPLETED,0.7199999999999999,300.0,3340,2646,0.8858589015398175,0.4159148041624575
COMPLETED,0.51,106.0,1910,2091,0.1698792638089507,0.9301343954205512
COMPLETED,0.69,166.0,1131,4174,0.541003198215738,0.1281529374029487
COMPLETED,0.7199999999999999,516.0,4744,1129,0.2629125070180743,0.6428767309300601
COMPLETED,0.68,184.0,3861,4875,0.0770045269783586,0.570367138730362
COMPLETED,0.77,357.0,285,429,0.8540959468726069,0.0876077231317758
COMPLETED,0.57,76.0,1694,3347,0.4805346116181463,0.8469495469685643
COMPLETED,0.75,364.0,3077,1391,0.6975149780455976,0.3626542211435735
COMPLETED,0.6999999999999998,180.0,3072,3351,0.9079531474318356,0.5450737038441003
COMPLETED,0.75,705.0,1690,1405,0.1298726148698478,0.0622214779537171
COMPLETED,0.5999999999999999,58.0,281,4869,0.5033494696523994,0.7552913049533962
COMPLETED,0.78,1126.0,3856,414,0.2872987527642398,0.271085908094421
COMPLETED,0.6999999999999998,247.0,4729,4170,0.0989541154447942,0.4529344895519316
COMPLETED,0.5899999999999999,66.0,1117,1115,0.8140055312868207,0.9671850299667568
COMPLETED,0.7199999999999999,364.0,1896,2651,0.442964649701491,0.2236796418353915
COMPLETED,0.5899999999999999,83.0,3325,2107,0.7220458812173455,0.7383734714332967
COMPLETED,0.57,70.0,3710,4649,0.4337643506228923,0.9034609356094152
COMPLETED,0.8299999999999998,1827.0,2321,47,0.650728596497327,0.3880062129348516
COMPLETED,0.69,135.0,917,3688,0.0301884324550628,0.6775867641624063
COMPLETED,0.7399999999999999,602.0,4489,1575,0.8073551014252007,0.1636108531318604
COMPLETED,0.7199999999999999,336.0,4115,2832,0.6190115497149526,0.1222893557865172
COMPLETED,0.68,106.0,501,2434,0.340843705907464,0.6058536929786205
COMPLETED,0.6999999999999998,172.0,1284,3794,0.9638214195109904,0.3360094593372195
COMPLETED,0.67,194.0,2706,906,0.2478559987992048,0.8190124956779182
COMPLETED,0.68,102.0,2626,4031,0.6733439859244972,0.1903545475825667
COMPLETED,0.7199999999999999,545.0,1511,669,0.3981002081837505,0.7053069901112466
COMPLETED,0.68,99.0,419,3059,0.7652427526507527,0.4781014240123331
COMPLETED,0.57,199.0,4342,2207,0.054150616755709,0.9925796449314804
COMPLETED,0.57,85.0,4556,3451,0.3672452243324368,0.7843558143749833
COMPLETED,0.7299999999999999,189.0,665,1812,0.5793366612736136,0.3003800610397011
COMPLETED,0.66,81.0,2386,4422,0.2097582030948251,0.5078493095524608
COMPLETED,0.79,1264.0,3460,275,0.9840012818817048,0.0252576596122235
COMPLETED,0.7199999999999999,271.0,3259,2731,0.1718041576631367,0.3611716052200645
COMPLETED,0.5999999999999999,57.0,2147,2026,0.8839319833219051,0.8444042850844561
COMPLETED,0.69,133.0,1051,4240,0.2648527481146156,0.0889594729561358
COMPLETED,0.7199999999999999,490.0,4981,1044,0.5390611706972122,0.5727843860983848
COMPLETED,0.67,179.0,3937,4789,0.8521547521501779,0.6403595443125814
COMPLETED,0.67,101.0,53,495,0.0789475044049322,0.1266422462128102
COMPLETED,0.5899999999999999,63.0,1770,3280,0.695589130565524,0.9325226194728164
COMPLETED,0.7399999999999999,275.0,2845,1476,0.4824624797441065,0.4172955773025751
COMPLETED,0.68,108.0,2914,4996,0.0070265354607254,0.0132247672658413
COMPLETED,0.78,1140.0,1837,384,0.7811779955234378,0.5276751508601009
COMPLETED,0.6199999999999999,60.0,121,3380,0.4140743805561214,0.2887737982366234
COMPLETED,0.6099999999999999,86.0,4006,1278,0.6261960249450058,0.8037550261393189
COMPLETED,0.5799999999999998,52.0,4891,2525,0.93685244349204,0.9804871481787412
COMPLETED,0.7199999999999999,236.0,965,2136,0.2257296242658048,0.4979871076680719
COMPLETED,0.5799999999999998,60.0,2060,4141,0.5952708482798189,0.6937624731902033
COMPLETED,0.75,537.0,3170,1243,0.3201182133797556,0.20969225140661
COMPLETED,0.6999999999999998,219.0,3546,3639,0.5240753302462398,0.4369424864202737
COMPLETED,0.57,71.0,2476,1684,0.3110397999584674,0.920676273452118
COMPLETED,0.69,119.0,754,4543,0.9300801279731093,0.1457406996153295
COMPLETED,0.81,3440.0,4642,96,0.1568421745896339,0.6290616540070622
COMPLETED,0.69,265.0,4274,3842,0.467497567012906,0.5923693113923073
COMPLETED,0.75,271.0,350,798,0.7417362193502485,0.0771753487009555
COMPLETED,0.57,122.0,1442,2939,0.1251318050473928,0.863563056718558
COMPLETED,0.7099999999999999,154.0,2558,2385,0.8371680342890321,0.3498136346247047
COMPLETED,0.5999999999999999,80.0,2776,3010,0.2713553938474506,0.7192787061277776
COMPLETED,0.7299999999999999,294.0,1351,2314,0.5504673310015351,0.2349812202379107
COMPLETED,0.5899999999999999,85.0,567,3923,0.1770277475621551,0.947541808946058
COMPLETED,0.76,1345.0,4185,718,0.8919880428705363,0.4647845236696303
COMPLETED,0.69,254.0,4401,4472,0.7060815945807845,0.2519310624990612
COMPLETED,0.8,1092.0,830,167,0.4901224741097539,0.7666532015874981
COMPLETED,0.65,75.0,2233,3558,0.8611245079878717,0.0426404786985367
COMPLETED,0.7399999999999999,429.0,3622,1764,0.0830137456711381,0.5568617541380226
COMPLETED,0.56,60.0,3412,4368,0.7611770950853824,0.8306148324422538
COMPLETED,0.75,1256.0,1985,1016,0.0451814669258892,0.3166063215341419
COMPLETED,0.67,150.0,1205,2761,0.6656843373179435,0.6178826592862606
COMPLETED,0.7399999999999999,623.0,4816,1900,0.3876081122346222,0.1024595884401351
COMPLETED,0.7199999999999999,320.0,3789,3152,0.2017027495540678,0.1751516819559037
COMPLETED,0.5999999999999999,70.0,211,1505,0.9787782756835222,0.6582453722413629
COMPLETED,0.69,164.0,1620,4759,0.3558394320942461,0.4000950215905904
COMPLETED,0.5899999999999999,78.0,3006,621,0.5728343612998724,0.8835715638566762
COMPLETED,0.69,141.0,3029,4092,0.3304163700789213,0.3283237988650798
COMPLETED,0.57,92.0,1567,1209,0.6162897192575038,0.8422995202858001
COMPLETED,0.65,68.0,158,2564,0.2349236420542001,0.0985509556941688
COMPLETED,0.6999999999999998,299.0,3812,2171,0.9587163943089544,0.6140059572067111
COMPLETED,0.63,123.0,4773,3428,0.6480600649900734,0.6699009103626012
COMPLETED,0.75,504.0,1238,1311,0.4232684875726699,0.1868980710674077
COMPLETED,0.5799999999999998,49.0,2018,4956,0.8021967772729695,0.8797228180728853
COMPLETED,0.79,1066.0,3370,349,0.0173246029317379,0.3961581946071237
COMPLETED,0.7099999999999999,271.0,3667,2892,0.8268698664363474,0.2467168276142328
COMPLETED,0.67,88.0,2198,2352,0.1041129452232271,0.7309224215187132
COMPLETED,0.69,127.0,794,3883,0.7325421904083341,0.4608331078831106
COMPLETED,0.56,81.0,4446,834,0.4456336273495107,0.9436850474998356
COMPLETED,0.5899999999999999,112.0,4159,4589,0.1349781456980854,0.778328684059903
COMPLETED,0.82,1203.0,622,129,0.9208860098030418,0.2636346648521721
COMPLETED,0.6999999999999998,193.0,1406,3598,0.2900210293624549,0.5529720396194607
COMPLETED,0.7299999999999999,227.0,2750,1648,0.5137772516217082,0.0387217780426144
COMPLETED,0.5899999999999999,159.0,2503,3523,0.066022732052952,0.9090283624790608
COMPLETED,0.7399999999999999,465.0,1468,1723,0.8470573113411664,0.425203698432073
COMPLETED,0.65,75.0,376,4504,0.4720275595225393,0.6329180269390344
COMPLETED,0.79,2067.0,4220,214,0.6928597157150506,0.1496851277220994
COMPLETED,0.6999999999999998,238.0,4677,3959,0.878766015291214,0.0654654687754809
COMPLETED,0.77,563.0,709,758,0.1589326842613518,0.5806922544147818
COMPLETED,0.69,105.0,2431,2978,0.5364002830684184,0.3537298647761344
COMPLETED,0.5799999999999998,87.0,3581,2267,0.2543645289428532,0.8674473896641283
COMPLETED,0.68,142.0,3137,4725,0.5898253860715776,0.5159920412395149
COMPLETED,0.69,145.0,2103,581,0.3699066175874322,0.0015135637894272
COMPLETED,0.56,60.0,1007,3186,0.996873201424256,0.8076371135096996
COMPLETED,0.7399999999999999,620.0,4858,1553,0.2149246172662824,0.2926848977692425
COMPLETED,0.7199999999999999,383.0,4058,2796,0.4008301286604255,0.4862439028862863
COMPLETED,0.5799999999999998,75.0,98,1939,0.6837794117722659,0.9688358019217848
COMPLETED,0.69,212.0,1814,4334,0.0592485037054866,0.2136360697876661
COMPLETED,0.5999999999999999,97.0,2967,968,0.778167971143499,0.697611603770405
COMPLETED,0.5899999999999999,64.0,2881,2613,0.7390443695522844,0.8561493803877382
COMPLETED,0.7299999999999999,523.0,1724,2065,0.4570392987579107,0.3728286750912666
COMPLETED,0.5799999999999998,48.0,8,4201,0.832092989746481,0.5688462653066962
COMPLETED,0.75,969.0,3972,1161,0.1121685158759355,0.0851122589223086
COMPLETED,0.68,198.0,4926,4907,0.3005130044817924,0.1383272760976105
COMPLETED,0.76,812.0,1076,456,0.5214367793984711,0.6520764416605233
COMPLETED,0.65,64.0,2172,3320,0.1439474126398563,0.4134192172642797
COMPLETED,0.57,66.0,3204,1359,0.924951784480363,0.9286134067438542
COMPLETED,0.5899999999999999,92.0,3512,3756,0.230857521617785,0.7170111724473535
COMPLETED,0.7399999999999999,264.0,2363,863,0.9497467593010513,0.2020296880137175
COMPLETED,0.5799999999999998,66.0,642,2862,0.3227562586013227,0.988661524258554
COMPLETED,0.7199999999999999,384.0,4608,2479,0.6057971381302923,0.4742113674525171
COMPLETED,0.6999999999999998,265.0,4309,3726,0.7941408385541289,0.3120222446806729
COMPLETED,0.7199999999999999,176.0,462,1619,0.0121011338625103,0.7960927155595273
COMPLETED,0.69,169.0,1554,4619,0.6366537875737995,0.021399366416037
FAILED,,,2593,3,0.4167657247278839,0.503899187574163
COMPLETED,0.69,120.0,2663,4378,0.9737108155339956,0.3763287841733545
COMPLETED,0.79,1371.0,1317,244,0.188747044775635,0.8917516654096543
COMPLETED,0.68,103.0,534,3494,0.5701349271088838,0.167494814293459
COMPLETED,0.5899999999999999,106.0,4072,1851,0.3453735794462263,0.6815036040395497
COMPLETED,0.7099999999999999,307.0,4513,3104,0.0322790610976517,0.5941162285413591
COMPLETED,0.7199999999999999,203.0,865,2237,0.7560411077141762,0.1106398833207786
COMPLETED,0.5999999999999999,62.0,2268,3988,0.3770889606364071,0.8229582473356277
COMPLETED,0.77,945.0,3734,631,0.6630534303486347,0.3398642707765102
COMPLETED,0.7099999999999999,228.0,3299,3235,0.4927529349382966,0.0505716931894421
COMPLETED,0.7399999999999999,692.0,1951,1445,0.7166003000382333,0.533329175511375
COMPLETED,0.68,135.0,1172,4831,0.0881492274161428,0.2749366001673042
COMPLETED,0.64,176.0,4703,532,0.8740264081899076,0.7592337997835129
COMPLETED,0.53,61.0,3901,4286,0.5609327375087886,0.9554732167646288
COMPLETED,0.7099999999999999,148.0,245,1075,0.274054381897673,0.4412517517153173
COMPLETED,0.5899999999999999,82.0,1655,2689,0.9049432420227675,0.7422839612402022
COMPLETED,0.7299999999999999,281.0,3117,1989,0.18209470208548,0.227562100989744
COMPLETED,0.64,92.0,3102,4556,0.5336794415563345,0.6753484675735235
COMPLETED,0.81,2961.0,1680,101,0.2545227081514894,0.1598796672988682
COMPLETED,0.5899999999999999,53.0,271,3663,0.8776213296204805,0.8977810496650636
COMPLETED,0.7399999999999999,613.0,3885,1717,0.1626466946043074,0.3838181789573282
COMPLETED,0.7099999999999999,344.0,4719,2964,0.4733040797896683,0.3307854251563548
COMPLETED,0.56,72.0,1146,2420,0.6892794137597082,0.8143686099369079
COMPLETED,0.6999999999999998,245.0,1925,3858,0.0686165275461971,0.1195932146720588
COMPLETED,0.7099999999999999,390.0,3315,803,0.8467739599049091,0.6025803516712039
COMPLETED,0.6999999999999998,223.0,3720,3376,0.0595514407213777,0.7496713375728578
COMPLETED,0.7099999999999999,141.0,2291,1263,0.7755613119248301,0.2668379555530845
COMPLETED,0.68,126.0,888,4962,0.4043995001669973,0.5427734996471553
COMPLETED,0.78,1492.0,4499,360,0.6825204248372465,0.0585521997287869
COMPLETED,0.6999999999999998,305.0,4086,4106,0.993178657690063,0.2209235858749598
COMPLETED,0.69,185.0,510,1218,0.216056558182463,0.7351600449718534
COMPLETED,0.7199999999999999,256.0,1294,2519,0.5896561574432999,0.4477723666969686
COMPLETED,0.5899999999999999,68.0,2676,2121,0.3726451114024966,0.9624792328998446
ABANDONED,,,2616,2746,0.7980110920406877,0.0941834904067218
ABANDONED,,,1540,1894,0.0238130585998296,0.5774282885696738
ABANDONED,,,449,4343,0.6405774887241423,0.3638677296042442
ABANDONED,,,4332,981,0.428439727500081,0.8476776431221515
ABANDONED,,,4585,4735,0.2425323125720024,0.9347609290741384
ABANDONED,,,655,587,0.9536693748421968,0.4210267501231282
ABANDONED,,,2376,3139,0.3344692689478397,0.646039443269372
ABANDONED,,,3489,1500,0.6096666034348309,0.1308302671778946
ABANDONED,,,3230,3929,0.2966541238669306,0.4808574967030435
ABANDONED,,,2156,732,0.5097058676537126,0.9957930546626448
ABANDONED,,,1061,3045,0.1400046278182417,0.1955166871678084
ABANDONED,,,4951,2339,0.9132892512436956,0.71001277044788
ABANDONED,,,3947,3592,0.7273810481335968,0.5134692639205604
ABANDONED,,,24,1788,0.4530975995454937,0.0295056251659989
ABANDONED,,,1740,4476,0.820360992392525,0.7866560055594891
ABANDONED,,,2855,181,0.1083104234430938,0.3040493522770703
ABANDONED,,,2944,3693,0.3812983954288065,0.1426791115868836
ABANDONED,,,1828,1591,0.6565259373635053,0.6263974119573831
ABANDONED,,,111,4684,0.0398006746806204,0.4323276147004216
ABANDONED,,,4036,72,0.7508461182266473,0.9156668775938452
ABANDONED,,,4881,3828,0.5625043213367462,0.8594668831247835
ABANDONED,,,994,930,0.3504577029533684,0.3442855406403541
ABANDONED,,,2090,2837,0.9696208126246928,0.5887908990290016
ABANDONED,,,3160,2448,0.1953920958526432,0.0750279309861361
ABANDONED,,,3556,4854,0.8982863979581743,0.2842207746393978
ABANDONED,,,2447,408,0.1862051233705133,0.7986837821584195
ABANDONED,,,725,3326,0.5558672180715947,0.010103201188147
ABANDONED,,,4652,1371,0.2816748900171369,0.5250708868596702
ABANDONED,,,4245,2627,0.0933323049452155,0.6901222089864313
ABANDONED,,,360,2073,0.8665253319535404,0.2076066855322569
ABANDONED,,,1452,4155,0.4992989130225032,0.9764509489163756
ABANDONED,,,2529,1111,0.7123808865640312,0.4923990393523126
ABANDONED,,,2766,4236,0.1466901299208402,0.6219788496103137
ABANDONED,,,1380,1030,0.924756441745907,0.1079876656942069
ABANDONED,,,597,2698,0.3016948536783456,0.8341932615358382
ABANDONED,,,4175,2002,0.5177008932866156,0.3187537225186825
ABANDONED,,,4430,3245,0.830792660433799,0.4031565966065973
ABANDONED,,,820,1451,0.1157877956628799,0.8862358189187944
ABANDONED,,,2224,4784,0.7364115962274372,0.1797665406633168
ABANDONED,,,3651,479,0.4573464592397212,0.6632547811120748
ABANDONED,,,3383,3073,0.6363289747890085,0.9511820564195512
ABANDONED,,,1994,2211,0.4194095474723726,0.466870106274262
ABANDONED,,,1215,4055,0.7905343035217374,0.7233148886598647
ABANDONED,,,4786,703,0.0133819965664297,0.2405693052839487
ABANDONED,,,3799,4447,0.3264746113810688,0.0471935153082013
ABANDONED,,,181,309,0.6046262193825095,0.5619329851064832
ABANDONED,,,1590,3466,0.2310657280776649,0.2550526415891945
ABANDONED,,,3016,1818,0.9469844564404338,0.7692574525754898
ABANDONED,,,2980,2878,0.2055683092679828,0.4552145662941038
ABANDONED,,,1635,2484,0.9905177403185516,0.9394356691669672
COMPLETED,0.78,827.0,1004,622,0.7026228594779969,0.367295310139656
COMPLETED,0.5799999999999998,72.0,4592,2650,0.4012689350582659,0.9832142765577881
COMPLETED,0.7199999999999999,262.0,3277,2291,0.7644409401006996,0.090146673053503
COMPLETED,0.66,99.0,2496,4634,0.0887156533095985,0.6904258207902311
COMPLETED,0.7099999999999999,413.0,1612,1786,0.2983362874016165,0.5802057462744414
COMPLETED,0.69,146.0,2714,3811,0.5977105504702775,0.1981776872612535
COMPLETED,0.65,169.0,3875,977,0.2365183991771191,0.8731726360414177
COMPLETED,0.69,133.0,590,3311,0.9102640106752516,0.4756275855470448
COMPLETED,0.66,86.0,168,2092,0.139203825591132,0.1524698891229927
COMPLETED,0.69,224.0,4080,4755,0.9605994262173772,0.5033554786108433
COMPLETED,0.8399999999999999,7114.0,3053,30,0.3260312487706542,0.4296032059211283
COMPLETED,0.5899999999999999,73.0,1333,3008,0.5235545492004602,0.7961592593137174
COMPLETED,0.57,60.0,2060,932,0.8618164862580597,0.9356176373865456
COMPLETED,0.7,266.0,3458,3591,0.0384412103388458,0.2884354506563395
COMPLETED,0.66,158.0,4955,1353,0.674989241534844,0.6426353780701756
COMPLETED,0.68,127.0,740,4322,0.4754862658120691,0.0110009219199419
COMPLETED,0.5799999999999998,74.0,889,1516,0.9985808145012706,0.8172699033059179
COMPLETED,0.7,221.0,4804,4178,0.1674348353147506,0.4664446840994059
COMPLETED,0.7399999999999999,728.0,3621,763,0.5615362925380468,0.6024844555724412
COMPLETED,0.7,306.0,1898,3740,0.3542616654988378,0.2361115652713924
FAILED,,,1493,179,0.0023480013124644,0.0946387612577527
COMPLETED,0.56,78.0,2892,2840,0.8315752182919532,0.74176057770662
COMPLETED,0.7399999999999999,535.0,4234,1948,0.4393924637902528,0.3252807656452059
COMPLETED,0.5799999999999998,51.0,16,4918,0.6447483286224305,0.9567320587038994
COMPLETED,0.64,99.0,439,1120,0.4354125609863549,0.664914117110893
COMPLETED,0.7099999999999999,297.0,4024,3148,0.7270170725546777,0.048934770187363
COMPLETED,0.6199999999999999,125.0,2553,1637,0.1228586825244128,0.879714874908328
COMPLETED,0.7,235.0,1775,3979,0.7888354980070142,0.2792525789514184
COMPLETED,0.68,122.0,2336,2459,0.5655774058550596,0.3875886270366609
COMPLETED,0.5899999999999999,92.0,3436,4485,0.2720541320797055,0.7696770712025462
COMPLETED,0.77,1199.0,4440,459,0.8781312248315662,0.1569620070699602
COMPLETED,0.7099999999999999,186.0,1157,2794,0.2102356471419334,0.5546902057845144
COMPLETED,0.5899999999999999,73.0,1218,2252,0.331073404373601,0.9413712285738438
COMPLETED,0.69,222.0,4495,4594,0.5077686956338584,0.3409166582878678
COMPLETED,0.77,1293.0,3332,505,0.1434090787433087,0.7265363168418407
COMPLETED,0.67,102.0,2246,2533,0.943732069807127,0.1105644725188612
COMPLETED,0.76,811.0,1870,1094,0.667997711032629,0.2205447277836501
COMPLETED,0.67,101.0,2652,3429,0.4932211819794029,0.6182654387690127
COMPLETED,0.7399999999999999,749.0,3974,1825,0.8556622151192277,0.4511981254909187
COMPLETED,0.65,130.0,374,3850,0.0572579862624406,0.8332788291145115
COMPLETED,0.77,447.0,111,148,0.7656079579051585,0.5393584621734917
COMPLETED,0.7099999999999999,382.0,4333,3125,0.0690537399202585,0.1729932975433766
COMPLETED,0.55,76.0,2842,2131,0.7029215804636478,0.7541782869119196
COMPLETED,0.69,159.0,1427,4793,0.3804960140492766,0.4033605703059583
COMPLETED,0.7399999999999999,910.0,1959,1314,0.2334020064733922,0.2641420560982078
COMPLETED,0.5899999999999999,64.0,3676,4283,0.9318749866653234,0.8955858614277094
COMPLETED,0.76,1169.0,4700,814,0.2960885623712092,0.0334735267832875
COMPLETED,0.6199999999999999,78.0,800,3474,0.6204328909926116,0.6805876026898622
COMPLETED,0.77,614.0,639,645,0.0973459099661558,0.4907457225359976
COMPLETED,0.5799999999999998,67.0,4859,3623,0.8036505027934909,0.8572940353862941
COMPLETED,0.75,551.0,3524,1477,0.4087875873818993,0.2136465448010712
COMPLETED,0.6199999999999999,66.0,2112,4139,0.7409644841235131,0.5645246465597302
COMPLETED,0.6199999999999999,95.0,1277,1987,0.9016948753036558,0.7057499502655119
COMPLETED,0.68,120.0,2991,4957,0.1973699577692896,0.0741229967158287
COMPLETED,0.69,377.0,4172,296,0.590253138402477,0.9987054467126726
COMPLETED,0.67,87.0,273,2957,0.2600559169538319,0.3515309856534004
COMPLETED,0.7199999999999999,180.0,533,1676,0.5321017530355602,0.0265753735434263
COMPLETED,0.67,183.0,3813,4019,0.3651558848507702,0.626846780737862
COMPLETED,0.75,396.0,2806,1238,0.968065482262522,0.3036896234005689
COMPLETED,0.52,93.0,1717,3266,0.1774909662250429,0.9196010974422096
COMPLETED,0.7299999999999999,385.0,2396,342,0.466877881206572,0.8115124753080308
COMPLETED,0.7099999999999999,230.0,3181,2677,0.6358034246843308,0.4139749274142086
COMPLETED,0.7299999999999999,504.0,4659,2420,0.0309140924941748,0.5185721253398806
COMPLETED,0.69,154.0,1056,4446,0.8234682838246226,0.1365517919976264
COMPLETED,0.7299999999999999,431.0,1024,1874,0.0465592286158353,0.6342538690567016
COMPLETED,0.7,412.0,4612,3898,0.8702742853425443,0.0184039996191859
COMPLETED,0.53,76.0,3139,1045,0.4825077890567481,0.9107329724710433
COMPLETED,0.67,86.0,2359,3380,0.6825941979307681,0.3104000796433538
COMPLETED,0.77,1035.0,1671,535,0.9525117083340882,0.4184887054953724
COMPLETED,0.6099999999999999,110.0,2774,2562,0.1307154138144105,0.8004476721752434
COMPLETED,0.7299999999999999,372.0,3776,2223,0.516563207378611,0.126678658735007
COMPLETED,0.67,91.0,492,4565,0.3183955607116222,0.5242774543203413
COMPLETED,0.54,67.0,305,844,0.6058221443202346,0.84840980473347
COMPLETED,0.7,279.0,4218,3503,0.3067857585251331,0.4974704106692224
COMPLETED,0.7299999999999999,307.0,3033,1285,0.917279109492898,0.5719460857398808
COMPLETED,0.69,196.0,1313,4254,0.2441150276120752,0.205458946224302
COMPLETED,0.66,83.0,2158,2181,0.3931881174854934,0.0642336388006806
COMPLETED,0.63,95.0,3556,4842,0.6941432654876261,0.7114696301072835
COMPLETED,0.81,4807.0,4896,99,0.0817312117982655,0.3560589956250041
COMPLETED,0.5799999999999998,53.0,681,3076,0.7568140558861196,0.9876245378982276
COMPLETED,0.8,1043.0,831,267,0.2805005173962563,0.1838610719013959
COMPLETED,0.7199999999999999,413.0,4746,2928,0.5736916244998574,0.5346171987745911
COMPLETED,0.7299999999999999,418.0,3718,2016,0.2178291897699236,0.3978541438914835
COMPLETED,0.6199999999999999,84.0,1996,4987,0.8851489484440535,0.7642807792834938
COMPLETED,0.55,82.0,1473,1428,0.718540089417249,0.9034992897734044
COMPLETED,0.69,140.0,2874,4091,0.4273286576066165,0.256446565657854
COMPLETED,0.6099999999999999,134.0,4370,694,0.7812112385872751,0.6741369658168405
COMPLETED,0.64,62.0,152,3672,0.115871155206114,0.0426319276671856
COMPLETED,0.69,112.0,342,2371,0.8400285039190202,0.335424463763833
COMPLETED,0.69,245.0,3927,4397,0.0104710238017141,0.95145761526376
COMPLETED,0.79,926.0,2611,390,0.6523487715609371,0.1214160222243517
COMPLETED,0.5799999999999998,91.0,1833,2726,0.446418991247192,0.7218094043042511
COMPLETED,0.69,125.0,2200,1208,0.1589514277502894,0.6118291527573018
COMPLETED,0.7099999999999999,217.0,3300,3237,0.9904885831605644,0.2296869040150195
COMPLETED,0.5899999999999999,98.0,4459,1705,0.3466309816520661,0.8411761517785489
COMPLETED,0.7,160.0,1177,4048,0.5545404372587799,0.443516866941005
COMPLETED,0.76,650.0,1121,1006,0.9248915340993552,0.0582901254892349
COMPLETED,0.64,145.0,4399,3340,0.2257742076702415,0.6586910101696848
COMPLETED,0.7399999999999999,408.0,3389,1757,0.6123529433943331,0.2723327209632843
COMPLETED,0.5899999999999999,75.0,2305,3781,0.2876079208794981,0.8883735981341451
COMPLETED,0.7099999999999999,339.0,1733,2340,0.0760679241493344,0.7800375537667423
COMPLETED,0.67,100.0,2516,4682,0.7732055752854793,0.3823705283869057
COMPLETED,0.77,1557.0,3992,574,0.3886065743397921,0.5506637770049274
COMPLETED,0.69,105.0,393,2601,0.7113719215616584,0.1685140405334532
COMPLETED,0.6199999999999999,74.0,52,1402,0.4862289255689829,0.4595106239635497
COMPLETED,0.53,67.0,4275,4371,0.6603630119189619,0.8259447619561106
COMPLETED,0.77,509.0,2939,883,0.0491692348197102,0.2454831749685108
COMPLETED,0.7,240.0,1524,3542,0.8471746733170002,0.5962470275126398
COMPLETED,0.83,4898.0,1940,60,0.5147912078239024,0.7377198278084396
COMPLETED,0.7199999999999999,315.0,3657,3037,0.3386774461809545,0.1062070491164922
COMPLETED,0.5799999999999998,48.0,4836,2063,0.9518509580586104,0.9671086766924708
COMPLETED,0.69,134.0,936,4725,0.1518658442683517,0.3200484648477285
COMPLETED,0.7299999999999999,218.0,776,1899,0.6281718113776296,0.5083746449518948
COMPLETED,0.69,196.0,4997,4870,0.4598830000013113,0.1418800177071243
COMPLETED,0.76,1447.0,3504,228,0.8149838278293609,0.7848042248822747
COMPLETED,0.63,55.0,2092,2889,0.0228227162566035,0.4338570902757346
COMPLETED,0.77,1049.0,1375,733,0.3727573018632829,0.2943987084850668
COMPLETED,0.5899999999999999,75.0,3090,3711,0.53912735103257,0.925971976429224
COMPLETED,0.7399999999999999,649.0,4112,1545,0.1859451069552451,0.0026001145299524
COMPLETED,0.64,73.0,215,4208,0.9761874563209711,0.6498436084371059
COMPLETED,0.7099999999999999,285.0,553,429,0.1897466724235564,0.9718753775507212
COMPLETED,0.7199999999999999,330.0,3833,2765,0.8947064185254275,0.3715349969938397
COMPLETED,0.5799999999999998,84.0,2668,2488,0.2515797889195382,0.6954306660126894
COMPLETED,0.69,177.0,1581,4515,0.5821681865919381,0.0795730560328811
COMPLETED,0.7199999999999999,165.0,2455,1588,0.8112431159615516,0.1897931342665105
COMPLETED,0.69,219.0,3240,3931,0.1043646076526492,0.5873996555227786
COMPLETED,0.75,822.0,4560,1169,0.7494098210092633,0.4815766412280499
COMPLETED,0.56,70.0,958,3197,0.4169026611298322,0.8635431105084717
COMPLETED,0.7299999999999999,288.0,949,2125,0.7860154626723379,0.4248342111557721
COMPLETED,0.5899999999999999,1023.0,4549,4780,0.1102925683110952,0.7913905917182564
COMPLETED,0.81,2498.0,3209,124,0.7239361340999603,0.155288412226364
COMPLETED,0.68,135.0,2427,3089,0.4225855436529964,0.5061742693986743
COMPLETED,0.76,898.0,1591,791,0.2149441071115434,0.6476432663444429
COMPLETED,0.7,143.0,2677,3438,0.8886873261798172,0.016008483024314
COMPLETED,0.57,100.0,3861,1307,0.2770232572276145,0.9325583172403276
COMPLETED,0.68,112.0,584,4270,0.5763941723816097,0.2853758628256619
COMPLETED,0.7399999999999999,346.0,223,470,0.3512360670883208,0.0929661813843995
COMPLETED,0.6,116.0,4123,2510,0.548764585506171,0.6932455373201519
COMPLETED,0.7199999999999999,287.0,3120,2239,0.1646660950146615,0.3625273647345602
COMPLETED,0.5799999999999998,53.0,1403,4588,0.9860659655798226,0.9784464752189816
COMPLETED,0.5799999999999998,59.0,2081,1812,0.649784177839756,0.87011423420161
COMPLETED,0.7,195.0,3496,3844,0.4502759841289371,0.472568975508213
COMPLETED,0.7299999999999999,590.0,4968,1058,0.8363539714571088,0.5852144933696836
COMPLETED,0.69,150.0,746,3405,0.0129744255989789,0.203186285642907
COMPLETED,0.55,80.0,908,1222,0.5204679038617759,0.8749804765004665
COMPLETED,0.7099999999999999,353.0,4806,3262,0.3131985245533287,0.2745178533736616
COMPLETED,0.64,116.0,3646,1643,0.9577698769308626,0.667698646146804
COMPLETED,0.69,276.0,1932,3993,0.1266281974259763,0.0517190315388143
COMPLETED,0.7199999999999999,388.0,1555,2387,0.480461097843945,0.1619429131224751
COMPLETED,0.69,170.0,2967,4420,0.6858117149453609,0.5596714390069246
COMPLETED,0.78,1695.0,4284,326,0.0431591842602938,0.384555686822161
COMPLETED,0.5799999999999998,57.0,64,2673,0.8723821015581488,0.7666443986725062
COMPLETED,0.7199999999999999,194.0,420,1451,0.0859564269613474,0.6052699029147623
COMPLETED,0.7,260.0,4023,4106,0.7519356051310897,0.2388968044146895
COMPLETED,0.6199999999999999,106.0,2527,642,0.3982490435317158,0.8125363637190312
COMPLETED,0.7,238.0,1742,3607,0.6898568732719867,0.4617109957989305
COMPLETED,0.78,611.0,2274,293,0.9150332498885692,0.3222488106582313
COMPLETED,0.5799999999999998,74.0,3362,2941,0.2471353095117956,0.9537003119159488
COMPLETED,0.7299999999999999,502.0,4390,1961,0.6027406928036361,0.0996207120232284
COMPLETED,0.56,83.0,1110,4924,0.3092141008563339,0.7467426771856844
FAILED,,,1204,8,0.180562368420884,0.7513597006052732
COMPLETED,0.7099999999999999,417.0,4489,2972,0.980882993079722,0.4005418352857232
COMPLETED,0.7199999999999999,320.0,3311,2086,0.3680006475374102,0.5441273937355727
COMPLETED,0.64,68.0,2209,4741,0.5446926243435591,0.1777620209064334
COMPLETED,0.75,678.0,1802,1346,0.8185086949355899,0.0365329101327806
COMPLETED,0.68,109.0,2583,4309,0.0201068324837833,0.6836471347529441
COMPLETED,0.76,1236.0,3919,908,0.6310702373627572,0.2591342310272157
COMPLETED,0.5899999999999999,66.0,331,3556,0.4562970227636397,0.8905782445557415
COMPLETED,0.5899999999999999,61.0,124,2278,0.7437389536146074,0.7313043300975113
COMPLETED,0.69,205.0,4339,4627,0.4213081357516348,0.1153322180900722
COMPLETED,0.6,66.0,2863,587,0.8066551809199153,0.9385517834462224
COMPLETED,0.7199999999999999,264.0,1465,2627,0.1100966669712215,0.3380968859903514
COMPLETED,0.63,66.0,2026,941,0.255271434597671,0.4461893151924014
COMPLETED,0.55,74.0,3746,3288,0.5796210146676749,0.8282702865004539
COMPLETED,0.7399999999999999,812.0,4755,1772,0.1923550288360565,0.2236030664201825
COMPLETED,0.68,123.0,843,3805,0.8908323049917816,0.6213241045754402
COMPLETED,0.7299999999999999,225.0,689,1604,0.3833312627840786,0.3009051575679331
COMPLETED,0.54,61.0,4907,3954,0.7155029378198086,0.9168167803231628
COMPLETED,0.76,968.0,3586,1104,0.0721194352321326,0.0313098351545631
COMPLETED,0.64,68.0,2186,3145,0.7784197618383915,0.631581450548023
COMPLETED,0.78,988.0,1302,443,0.6157092176228761,0.5216050023511051
COMPLETED,0.7099999999999999,218.0,3025,2790,0.2855172178801149,0.1395845202952623
COMPLETED,0.5899999999999999,77.0,4189,2427,0.9269211046602576,0.8065315060522407
COMPLETED,0.66,63.0,275,4459,0.2226004533469677,0.4089937499593943
COMPLETED,0.76,443.0,483,759,0.9467424548175186,0.2183800211846828
COMPLETED,0.7,251.0,3765,3725,0.1561655426323413,0.5692583906278013
COMPLETED,0.7299999999999999,263.0,2743,1490,0.5105526790767908,0.4879602119904011
COMPLETED,0.54,82.0,1643,4146,0.3436034666951745,0.8545088520105927
COMPLETED,0.5899999999999999,210.0,2370,1922,0.0522373504452407,0.9937235591504722
COMPLETED,0.68,144.0,3148,4885,0.8447939379233866,0.3465488304067402
COMPLETED,0.8,1750.0,4640,176,0.488427185671404,0.7087819684557616
COMPLETED,0.7199999999999999,210.0,1055,2823,0.657356073345989,0.0771546877361834
COMPLETED,0.75,651.0,1087,879,0.4417011474501341,0.575009421152994
COMPLETED,0.7099999999999999,322.0,4686,3526,0.6417832566425204,0.2085221329238265
COMPLETED,0.7399999999999999,474.0,3189,1376,0.0054960839524865,0.8433983770757914
COMPLETED,0.67,86.0,2407,4338,0.8292058929484337,0.4924587748125195
COMPLETED,0.7299999999999999,454.0,1690,2038,0.5573700943626463,0.3532440713904798
COMPLETED,0.5799999999999998,68.0,2775,4692,0.3592067473772913,0.9848097623772918
COMPLETED,0.82,5595.0,3802,57,0.9935750983748584,0.068998558813706
COMPLETED,0.5899999999999999,93.0,524,3021,0.1717840515859425,0.7162347583193331
COMPLETED,0.56,63.0,243,1724,0.8801189139280468,0.9057206265069544
COMPLETED,0.7,312.0,4143,3756,0.2069515138752758,0.305387465994805
COMPLETED,0.66,169.0,2983,990,0.5689222551621496,0.63731634564884
COMPLETED,0.7,207.0,1265,3337,0.2698835066799074,0.0214661490414291
COMPLETED,0.7099999999999999,182.0,2140,558,0.1188911768570542,0.1314425935205072
COMPLETED,0.7199999999999999,302.0,3555,2597,0.7939773391168564,0.5290416567903012
COMPLETED,0.7299999999999999,447.0,4870,2308,0.4300877761375159,0.4156727365478873
COMPLETED,0.6,61.0,648,4656,0.7310452868267893,0.7976320303976536
COMPLETED,0.7099999999999999,184.0,811,2475,0.2391458020824938,0.1244449471719562
COMPLETED,0.64,111.0,4708,4508,0.9064622128419578,0.7248384779654443
COMPLETED,0.78,1149.0,3705,394,0.3020774361155927,0.3304470970947295
COMPLETED,0.57,73.0,1989,2742,0.5952661507893354,0.9464804567936808
COMPLETED,0.5799999999999998,96.0,1419,1133,0.7598948567807674,0.838388023873791
COMPLETED,0.7,176.0,2831,3174,0.0945581213142722,0.4407285903226584
COMPLETED,0.68,292.0,4303,1574,0.696963401203975,0.6165676259174943
COMPLETED,0.6099999999999999,55.0,82,3925,0.4057543618232011,0.2344251689761877
COMPLETED,0.8,1092.0,363,205,0.677815307205543,0.3928757919948547
COMPLETED,0.5899999999999999,90.0,3965,2853,0.4718812569528818,0.7593026950713248
COMPLETED,0.7199999999999999,199.0,2624,1893,0.8652385365068911,0.1868889521360397
COMPLETED,0.68,221.0,1839,4856,0.0356758384015411,0.53764540617913
COMPLETED,0.6,99.0,2255,1539,0.3211642006300389,0.6788745206706225
COMPLETED,0.69,227.0,3342,4195,0.5290779261756688,0.047369214836508
COMPLETED,0.7199999999999999,828.0,4526,710,0.133741149784997,0.9007103030476719
COMPLETED,0.7,178.0,1246,3676,0.965283523183316,0.2536572517622261
COMPLETED,0.75,582.0,1147,1259,0.5871221987213939,0.2504945394229143
COMPLETED,0.69,197.0,4431,4221,0.2623814424276351,0.6012587191369384
COMPLETED,0.77,1079.0,3408,840,0.8994299840778112,0.4564472253471613
COMPLETED,0.5799999999999998,87.0,2305,3487,0.2003178793545812,0.8228816310241818
COMPLETED,0.81,2903.0,1784,95,0.4138370736353099,0.9623438198827206
COMPLETED,0.69,141.0,2563,3060,0.7365981546360998,0.3152832808680832
COMPLETED,0.7199999999999999,389.0,4055,2155,0.1015292287934571,0.7405348152462393
COMPLETED,0.67,88.0,467,4809,0.7986616582237183,0.1090217688698321
COMPLETED,0.6199999999999999,63.0,27,1029,0.0276168203819543,0.2692703075744211
COMPLETED,0.57,64.0,4242,3376,0.8256256030760705,0.885311392944306
COMPLETED,0.7299999999999999,299.0,2921,1841,0.4649035056941211,0.0633025346565991
COMPLETED,0.65,115.0,1523,3873,0.6390399881917983,0.6637035680506377
COMPLETED,0.7299999999999999,499.0,1890,2190,0.973403603002429,0.5534796827491372
COMPLETED,0.69,244.0,3610,4539,0.173415145015344,0.1713297380786389
COMPLETED,0.66,380.0,4774,519,0.5361168582048266,0.7752735557779669
COMPLETED,0.7099999999999999,182.0,861,2558,0.3600007004141807,0.3776063816845416
COMPLETED,0.7199999999999999,736.0,710,355,0.8519077602569014,0.7004080958850681
COMPLETED,0.7199999999999999,451.0,4927,2703,0.0597499631382524,0.0845501587353646
COMPLETED,0.5899999999999999,62.0,3449,2358,0.6653227383680642,0.9688465158063918
COMPLETED,0.6,52.0,2049,4391,0.4970362933967262,0.3685058675650507
COMPLETED,0.7399999999999999,401.0,1361,1691,0.1490209440216422,0.4768381048645824
COMPLETED,0.5799999999999998,62.0,3084,4042,0.9392599789332599,0.8588049013148992
COMPLETED,0.75,1105.0,4092,1173,0.3356061443667858,0.1925811989679932
COMPLETED,0.64,81.0,176,3213,0.5019738271310925,0.5901879879087208
COMPLETED,0.55,80.0,620,2010,0.2926227122526615,0.7817762814443558
COMPLETED,0.69,203.0,3903,4973,0.6232154058888554,0.4308289386387914
COMPLETED,0.8,994.0,2723,244,0.2305587904080748,0.5133529336452483
COMPLETED,0.7099999999999999,315.0,1623,2892,0.9355237879585476,0.1468581576868891
COMPLETED,0.76,365.0,2469,671,0.7083671430535614,0.0053891644589602
COMPLETED,0.63,121.0,3246,3637,0.3758556872103363,0.652632866565138
COMPLETED,0.75,818.0,4581,1422,0.7704312433544546,0.28966121683456
COMPLETED,0.53,177.0,996,4077,0.0635474835969507,0.9212346334923058
COMPLETED,0.75,483.0,981,1416,0.2657464108243584,0.1076116062067449
COMPLETED,0.6099999999999999,100.0,4576,4063,0.5886302548926323,0.739238150794059
COMPLETED,0.77,875.0,3261,683,0.202830124033615,0.3146302506867796
COMPLETED,0.5799999999999998,51.0,2473,3644,0.8998416641876101,0.9618052396792918
COMPLETED,0.75,1171.0,1638,251,0.7352128392253071,0.8206408155988902
COMPLETED,0.7,151.0,2728,2905,0.4103493198640644,0.4540929117109626
COMPLETED,0.7099999999999999,370.0,3888,2000,0.798129185501486,0.597765852406621
COMPLETED,0.68,90.0,616,4964,0.0991379700545221,0.2468872227147221
COMPLETED,0.69,122.0,191,1187,0.8250930708684026,0.377075177675113
COMPLETED,0.7099999999999999,312.0,4096,3218,0.0252255021575838,0.7746131494026631
COMPLETED,0.7399999999999999,309.0,3069,1684,0.6376547322664409,0.1700414015874266
COMPLETED,0.7,200.0,1357,4030,0.4614158114083111,0.5520611921250819
COMPLETED,0.5899999999999999,74.0,2034,2345,0.1759273302089423,0.6600888751484453
COMPLETED,0.7,202.0,3445,4384,0.9738152236267924,0.0598170441202819
COMPLETED,0.7099999999999999,810.0,4941,364,0.3633657282963395,0.8829487513471393
COMPLETED,0.7,152.0,714,2713,0.5376249738615007,0.2670378201100975
COMPLETED,0.78,965.0,876,512,0.0632073644660413,0.5928164122905581
COMPLETED,0.7199999999999999,386.0,4779,2545,0.8533236065674573,0.1950961251389235
COMPLETED,0.6,87.0,3595,2200,0.4993970807213335,0.8621381072774529
COMPLETED,0.69,223.0,1885,4549,0.6658856230191886,0.4800568608492613
COMPLETED,0.7399999999999999,388.0,1508,1846,0.937721540575847,0.3700157259590923
COMPLETED,0.5799999999999998,93.0,2916,3887,0.1456865362673998,0.9704698724113404
COMPLETED,0.75,952.0,4257,1017,0.5015316458642483,0.0848755449969321
COMPLETED,0.5799999999999998,51.0,32,3368,0.333124341359362,0.7008479321245104
COMPLETED,0.5899999999999999,54.0,452,2167,0.6227734030783176,0.9244460132829844
COMPLETED,0.68,281.0,4050,4816,0.2901410877015441,0.2930017989911138
COMPLETED,0.83,1361.0,2578,86,0.933985171144828,0.6551394647751003
FAILED,,,1789,3050,0.2272242041975259,0.0080259168017655
COMPLETED,0.7399999999999999,221.0,2320,826,0.3782166529912501,0.1473053701203316
COMPLETED,0.7,222.0,3413,3482,0.7089302061609923,0.5136709437128156
COMPLETED,0.75,823.0,4416,1266,0.0670047064684331,0.432460623204708
COMPLETED,0.5799999999999998,65.0,1142,4233,0.771846911208704,0.7832778118774295
COMPLETED,0.6099999999999999,106.0,1231,722,0.6431999208778143,0.71677310058102
COMPLETED,0.7,360.0,4521,3683,0.4451574334260076,0.0696518269367516
COMPLETED,0.5899999999999999,59.0,3357,1534,0.829769833466038,0.9861061888877302
COMPLETED,0.65,65.0,2260,4180,0.0078559938669204,0.3546544719953089
COMPLETED,0.7399999999999999,590.0,1854,1883,0.3558712242711335,0.4960663294624537
COMPLETED,0.5899999999999999,70.0,2629,4847,0.5558324739299714,0.8468910058643669
COMPLETED,0.79,1607.0,3950,211,0.1693013711683452,0.2108766845017671
COMPLETED,0.67,123.0,358,2866,0.993133972974494,0.5772499986365438
COMPLETED,0.6,66.0,97,1567,0.204468773972243,0.799050283079967
COMPLETED,0.7,303.0,4308,3913,0.879677729042247,0.4169613109808414
COMPLETED,0.75,397.0,2816,1148,0.2665480430591851,0.5297018252238631
COMPLETED,0.7099999999999999,291.0,1414,3179,0.5673846942149102,0.1319740354716777
COMPLETED,0.78,1648.0,1975,403,0.7945412201490252,0.0236988744474947
COMPLETED,0.7099999999999999,246.0,3700,2752,0.1212510272860527,0.6396787493042648
COMPLETED,0.7199999999999999,414.0,4723,2462,0.7324620105475186,0.3088731944728642
COMPLETED,0.5799999999999998,64.0,816,4502,0.4335441215988248,0.9093350814674048
COMPLETED,0.7099999999999999,180.0,662,2317,0.9079694213457404,0.2312066509332507
COMPLETED,0.68,224.0,4875,4666,0.2425117966029793,0.6132341820131986
COMPLETED,0.78,1348.0,3540,551,0.5956767452899366,0.4382139020934701
COMPLETED,0.5899999999999999,68.0,2135,2585,0.3045904689766466,0.8357593615502119
COMPLETED,0.68,284.0,1251,979,0.0910713936667889,0.9460403826124965
COMPLETED,0.7,180.0,2978,3329,0.7585086937025189,0.330121948774904
COMPLETED,0.5799999999999998,115.0,4158,1729,0.4033638912662863,0.7232148834187537
COMPLETED,0.65,72.0,248,3770,0.6964298428725451,0.1229353267196565
COMPLETED,0.83,2278.0,510,47,0.4694909648522734,0.2510207373611629
COMPLETED,0.5899999999999999,82.0,3797,3011,0.6772819273304194,0.8982034668959678
COMPLETED,0.7199999999999999,209.0,2789,2050,0.0321889322977513,0.0440288706216961
COMPLETED,0.66,196.0,1695,4699,0.8638521949723363,0.6756629029382019
COMPLETED,0.7099999999999999,172.0,2421,1384,0.5294886991325765,0.5361436378043145
COMPLETED,0.69,149.0,3194,4350,0.3236774119473993,0.185257505511865
COMPLETED,0.6199999999999999,160.0,4672,865,0.9667905532307924,0.7589844470620155
COMPLETED,0.7,172.0,1082,3521,0.137106965849176,0.3924288175031542
COMPLETED,0.78,1025.0,1040,162,0.9824204573631286,0.8932147589568049
COMPLETED,0.7199999999999999,344.0,4635,2817,0.1838977353777736,0.2616410671789199
COMPLETED,0.6099999999999999,99.0,3162,1931,0.5451338315363973,0.686987478967756
COMPLETED,0.65,80.0,2375,4896,0.3704834097474813,0.0397445278652012
COMPLETED,0.75,655.0,1658,1504,0.0166503903586417,0.179263789281249
COMPLETED,0.68,119.0,2748,4151,0.817091874551028,0.5457588403597474
COMPLETED,0.76,902.0,3751,751,0.4539371946416795,0.4008600832950323
COMPLETED,0.6,65.0,478,3713,0.6305063786376268,0.7518066750969737
COMPLETED,0.64,96.0,290,2433,0.4189481291733682,0.6245426226183772
COMPLETED,0.69,226.0,4194,4473,0.7431749164331704,0.2269365103244781
COMPLETED,0.78,1059.0,3010,432,0.1066404033023864,0.8307849747296423
COMPLETED,0.7199999999999999,268.0,1297,2782,0.8052385389916598,0.4488179775159806
COMPLETED,0.68,127.0,2172,1099,0.5800620434042066,0.3385369601715356
COMPLETED,0.5799999999999998,90.0,3582,3131,0.2577540183514356,0.938876931766048
COMPLETED,0.7399999999999999,982.0,4922,1615,0.8923699477314949,0.1169558126367628
COMPLETED,0.6099999999999999,80.0,694,3962,0.1956905742492526,0.7328139505498111
COMPLETED,0.7299999999999999,255.0,857,1759,0.7168891975618898,0.407575497277081
COMPLETED,0.53,120.0,4760,3799,0.3868180870953947,0.8052429316192865
COMPLETED,0.76,1013.0,3731,950,0.778953178891912,0.1389243518617004
COMPLETED,0.6099999999999999,50.0,2021,3299,0.0745097645111382,0.5210735603999346
COMPLETED,0.77,875.0,1451,600,0.2821513200234621,0.6293487251419573
COMPLETED,0.7099999999999999,283.0,2858,2633,0.6142021057829261,0.0289474314991384
COMPLETED,0.55,91.0,4354,2269,0.2200872792080044,0.9133310518451035
COMPLETED,0.63,64.0,129,4617,0.926510368881747,0.2972907026074826
COMPLETED,0.7299999999999999,197.0,317,914,0.1536524279788136,0.0766163454744964
COMPLETED,0.6199999999999999,161.0,3914,3569,0.9463317785244436,0.7081287003327161
COMPLETED,0.7399999999999999,239.0,2597,1335,0.3402375093530863,0.3452524038963019
COMPLETED,0.5799999999999998,83.0,1807,4301,0.5090455077514052,0.992313158545643
COMPLETED,0.6,65.0,2223,2080,0.8453274144623428,0.8509012973606586
COMPLETED,0.68,170.0,3316,4728,0.0546277392096817,0.4844675832018255
FAILED,,,4475,18,0.6587422736026347,0.5669038390498607
COMPLETED,0.7099999999999999,199.0,1199,2981,0.4919139504972845,0.2161394437011331
COMPLETED,0.7299999999999999,275.0,1095,1970,0.1137802402898669,0.2821644830349832
COMPLETED,0.6099999999999999,58.0,4385,4935,0.7874006962906568,0.9292177350837736
COMPLETED,0.79,1224.0,3376,280,0.4249769585411995,0.0135018848143517
COMPLETED,0.64,70.0,2278,2934,0.7244687629714607,0.6450065140016376
COMPLETED,0.76,1457.0,1757,633,0.887179188216105,0.5057270569652319
COMPLETED,0.68,100.0,2532,3596,0.2115790569223463,0.1549704021587967
COMPLETED,0.6,98.0,4009,1465,0.5759826484210789,0.7897589071523397
COMPLETED,0.67,80.0,416,4112,0.2745111686978489,0.4233326807226985
COMPLETED,0.7099999999999999,177.0,79,315,0.5483528830893337,0.2005578612610697
COMPLETED,0.7099999999999999,338.0,4288,2665,0.3487238001022487,0.5826995671987533
COMPLETED,0.7199999999999999,219.0,2953,2394,0.9845580060724168,0.4692357695456594
COMPLETED,0.57,94.0,1550,4433,0.1613012232817709,0.8668954782169312
COMPLETED,0.5799999999999998,66.0,1917,1654,0.4526672205608338,0.9769366168249398
COMPLETED,0.7,269.0,3641,4001,0.65031662825495,0.3609040081296115
COMPLETED,0.75,995.0,4820,1216,0.0164622760340571,0.6929201510585843
COMPLETED,0.7,173.0,912,3248,0.8377393835317343,0.0925263451449573
COMPLETED,0.63,165.0,761,1067,0.3165330735854804,0.7671756026819349
COMPLETED,0.7,276.0,4973,3417,0.5220064834970981,0.3852160931974649
COMPLETED,0.7399999999999999,487.0,3481,1798,0.1291099037695676,0.5609597754981369
COMPLETED,0.6199999999999999,57.0,2076,3838,0.9582119615338742,0.1633614037465304
COMPLETED,0.7299999999999999,292.0,1388,2230,0.6843960099127143,0.0553337244410067
COMPLETED,0.63,90.0,3115,4578,0.4770038377940654,0.6711841366831212
COMPLETED,0.77,1264.0,4138,483,0.8718191202431917,0.2768804949708282
COMPLETED,0.66,90.0,228,2516,0.0407983002718538,0.87721296396479
COMPLETED,0.5899999999999999,75.0,569,1296,0.751372683301568,0.7481528398487716
COMPLETED,0.7,214.0,3856,4262,0.0835956024583429,0.1009173764754086
COMPLETED,0.5899999999999999,66.0,2691,797,0.6884411087539047,0.9543533420972526
COMPLETED,0.7099999999999999,258.0,1596,3452,0.3947917239964008,0.3227873908616602
COMPLETED,0.81,955.0,2442,135,0.2496170753408223,0.4639518112242221
COMPLETED,0.55,65.0,3214,3098,0.915475393977016,0.8148906773552299
COMPLETED,0.7299999999999999,471.0,4535,2119,0.3125485904030501,0.242389671145007
COMPLETED,0.67,115.0,944,4767,0.6042792129535228,0.6088772196229547
COMPLETED,0.76,478.0,973,1161,0.2243889443092048,0.1650592463407665
COMPLETED,0.7099999999999999,313.0,4565,3186,0.921403832377866,0.5470793045628815
COMPLETED,0.7399999999999999,427.0,3225,1602,0.2870753812361508,0.3801068686954677
COMPLETED,0.5899999999999999,60.0,2450,3936,0.6099616177342831,0.7776451675929129
COMPLETED,0.53,68.0,1566,2498,0.7765705957319587,0.8876824954152107
COMPLETED,0.68,103.0,2663,4524,0.0775760323703289,0.271771296493709
COMPLETED,0.7199999999999999,775.0,3848,417,0.7138840993195771,0.657303691772744
COMPLETED,0.7,121.0,558,2758,0.3890181875284761,0.0570315335746854
COMPLETED,0.69,130.0,200,1557,0.6628752491623163,0.3176629789844155
COMPLETED,0.5799999999999998,61.0,4107,4216,0.4866405982431024,0.9648381166905164
COMPLETED,0.77,758.0,3105,728,0.8505396342780441,0.1026304287519305
COMPLETED,0.69,191.0,1379,3697,0.0506772835552692,0.7342571815382689
COMPLETED,0.75,276.0,2107,218,0.3381449660230427,0.5949815352875739
COMPLETED,0.7099999999999999,314.0,3509,2879,0.5123999416492879,0.2441027568820864
COMPLETED,0.6199999999999999,141.0,4982,1906,0.1504805214218795,0.8253754854090511
COMPLETED,0.68,125.0,772,4882,0.9483631968516856,0.4588273733220994
FAILED,,,921,2054,0.4583443906232714,0.6501309221610427
FAILED,,,4831,4715,0.6248372326027603,0.0030171065032482
FAILED,,,3672,73,0.0223807208817452,0.927504679089412
FAILED,,,1945,3043,0.8125022107139229,0.2960601376276463
FAILED,,,1539,890,0.5425845813397318,0.437228368775919
FAILED,,,2944,3554,0.3741729771532118,0.7880458251331001
FAILED,,,4261,1387,0.9785484295375644,0.1444855978228151
FAILED,,,48,4366,0.1865081774983555,0.5108514985851942
FAILED,,,408,584,0.8970672132857143,0.8651976393405348
FAILED,,,3997,2610,0.1903095645103603,0.4831162441987544
FAILED,,,2502,2334,0.5856255953554063,0.5878087954185903
FAILED,,,1729,4669,0.2529956426657736,0.1900883000679314
FAILED,,,2290,1745,0.1039224338214844,0.0820568099766969
FAILED,,,3384,3774,0.8087613203898071,0.6980293458178639
FAILED,,,4413,1011,0.4153642302080988,0.3747844493221491
FAILED,,,1125,3355,0.7460754206907004,0.9752388039734214
FAILED,,,1191,1719,0.8669388291575014,0.5266700784359127
FAILED,,,4464,4053,0.0450216751042753,0.1289420804847031
FAILED,,,3285,1200,0.6801114654634148,0.8040323825590312
FAILED,,,2195,3225,0.4820666116066277,0.4219432617463171
FAILED,,,1819,377,0.1321321449708193,0.3116584336161613
FAILED,,,2606,2719,0.9559680612310766,0.9121205288097262
FAILED,,,3942,2381,0.3189594491794705,0.0189651861470192
FAILED,,,347,4407,0.5189230652432889,0.634945209717378
FAILED,,,138,689,0.3073497064784169,0.9910874221101404
FAILED,,,4365,3658,0.608182061670348,0.3596353780478239
FAILED,,,2889,1440,0.2455316992830485,0.7137404280509799
FAILED,,,1478,4098,0.9207354029044508,0.0666188867222517
FAILED,,,2010,2023,0.6916605925057083,0.2061419589240104
FAILED,,,3723,5000,0.3927469995208084,0.5725156002286821
FAILED,,,4732,257,0.7534785402156413,0.4988505908139049
FAILED,,,826,2918,0.0801935988012701,0.8496755349002778
FAILED,,,666,112,0.570204710960388,0.0409702605828642
FAILED,,,4891,3083,0.2791141684260219,0.6726045010983944
FAILED,,,3571,2171,0.8827586489077657,0.2560293357428163
FAILED,,,2163,4832,0.2172958024591207,0.9032122139912098
FAILED,,,1328,1270,0.4288356802184134,0.7618041635919361
FAILED,,,3038,4248,0.7219058980457485,0.3952483258340507
FAILED,,,4203,851,0.1162819207273423,0.5313758364655077
FAILED,,,300,3515,0.7837244424689561,0.1804895554594695
FAILED,,,506,2216,0.010881610866636,0.4432214631978422
FAILED,,,3781,4552,0.8425415293443947,0.8407672498244791
FAILED,,,2759,545,0.4479261923152953,0.2281470631025731
FAILED,,,1666,2571,0.6557147586457431,0.6101748618669807
FAILED,,,2345,1050,0.98809810516797,0.7184462158232927
FAILED,,,3134,3394,0.15841786198318,0.1181663319543004
FAILED,,,4627,1862,0.5510537021756172,0.9488591734003275
FAILED,,,1029,3891,0.3452448111381381,0.3329404718782753
FAILED,,,1070,2410,0.5043124394007026,0.8335742328576744
FAILED,,,4663,4437,0.3296567698810249,0.4516070274449884
COMPLETED,0.69,189.0,1520,4871,0.8187974390983581,0.286122168958187
COMPLETED,0.69,214.0,2572,1768,0.046648983772844,0.9443499970752744
COMPLETED,0.7099999999999999,298.0,4260,3275,0.5719637287482618,0.1862245063278823
COMPLETED,0.82,1219.0,400,84,0.2817881874646991,0.5910537677500397
COMPLETED,0.6,87.0,835,3076,0.2502987198755144,0.7278432750627398
COMPLETED,0.75,876.0,4470,1223,0.8957217670585959,0.011380762450397
COMPLETED,0.5799999999999998,69.0,3700,3824,0.4854104450140148,0.8618519191294908
COMPLETED,0.69,99.0,2247,1883,0.6489139003418386,0.390990850046277
COMPLETED,0.7,267.0,1880,3495,0.4125991333909332,0.1095017893798649
COMPLETED,0.77,1101.0,3406,334,0.702348039554432,0.6366502379663289
COMPLETED,0.69,220.0,4842,4614,0.1653382237385958,0.4900864119939505
COMPLETED,0.5799999999999998,84.0,1124,1560,0.9379128001928329,0.7716334170512855
COMPLETED,0.5799999999999998,56.0,143,4198,0.5297373612653464,0.9075075345989316
COMPLETED,0.7299999999999999,576.0,3929,2286,0.3667823523581028,0.3143310854192823
COMPLETED,0.7099999999999999,241.0,2824,2660,0.7653981351144611,0.555185989005491
COMPLETED,0.76,1063.0,1855,856,0.1194271025229245,0.2154080962967127
COMPLETED,0.57,92.0,1614,2640,0.7276973758786917,0.8372437982857227
COMPLETED,0.77,1031.0,3063,719,0.3756679195743053,0.4311924680769443
COMPLETED,0.64,173.0,3858,4257,0.9750534640867264,0.6876410621777176
COMPLETED,0.66,87.0,217,2384,0.1400079803802073,0.0359880504980683
COMPLETED,0.68,150.0,1052,4438,0.3298714416641742,0.1484560805503278
COMPLETED,0.69,401.0,4917,1267,0.5552963725961744,0.6132296481076627
COMPLETED,0.69,191.0,3166,3711,0.0943058426529169,0.26394713162072
COMPLETED,0.5799999999999998,75.0,2118,588,0.8025564475934952,0.982119017707184
COMPLETED,0.68,115.0,2487,3999,0.0096845175977796,0.5174186190944166
COMPLETED,0.7199999999999999,477.0,3461,2175,0.8441815511658787,0.2375809875112026
COMPLETED,0.55,95.0,4542,2862,0.2564915533773601,0.885333334704861
COMPLETED,0.76,430.0,761,970,0.6090689988080412,0.3520973845925182
COMPLETED,0.69,131.0,472,3294,0.9212455035261808,0.4654812802933156
COMPLETED,0.79,2301.0,4185,220,0.2134215374235063,0.8118339792154728
COMPLETED,0.68,117.0,2813,4813,0.6861071307715028,0.0693022979535162
COMPLETED,0.6199999999999999,100.0,1282,1671,0.4602560517564415,0.6612566783465444
COMPLETED,0.5799999999999998,93.0,1342,3193,0.1768128146007656,0.9850508354697376
COMPLETED,0.8499999999999999,10530.0,2712,12,0.965530074512586,0.2688281681332737
COMPLETED,0.68,204.0,4130,4956,0.4324179860893637,0.6044656700510531
COMPLETED,0.7199999999999999,195.0,568,1843,0.7060256364457309,0.1338444462437182
COMPLETED,0.68,3231.0,699,3895,0.7618874543551356,0.0603457711189985
COMPLETED,0.7199999999999999,473.0,4642,1964,0.0998965162448584,0.7178464390486478
COMPLETED,0.7099999999999999,266.0,3518,3002,0.5024104948416352,0.41266690775007
COMPLETED,0.57,65.0,2393,1139,0.3554758673366159,0.8167690192088484
COMPLETED,0.5899999999999999,56.0,2057,4549,0.5830115134697407,0.681731189738959
COMPLETED,0.75,585.0,3265,1466,0.3098304833620786,0.0878275905959308
COMPLETED,0.5899999999999999,69.0,4973,3558,0.8390439074970781,0.781628334660083
COMPLETED,0.78,1012.0,958,426,0.0499004883486777,0.4411232919879257
COMPLETED,0.67,93.0,278,2754,0.482449348334223,0.3667092865835875
COMPLETED,0.57,78.0,3757,920,0.6288355145473034,0.8940975804459304
COMPLETED,0.69,148.0,3007,4107,0.2224233401101082,0.2327002186831086
COMPLETED,0.7299999999999999,462.0,1711,2224,0.8849622487574815,0.5144870690163224
COMPLETED,0.7,217.0,1794,4321,0.2766924215424805,0.3900089722946286
COMPLETED,0.5799999999999998,69.0,2925,2478,0.6121530500240623,0.8550223851278425
COMPLETED,0.7199999999999999,397.0,3985,2579,0.0205648489594459,0.0220937138795852
COMPLETED,0.5799999999999998,73.0,47,628,0.8721782235931606,0.740505445241928
COMPLETED,0.69,183.0,1185,3616,0.657942352503538,0.5647470588851718
COMPLETED,0.77,1153.0,4743,523,0.4490853124987334,0.1579685787130147
COMPLETED,0.5899999999999999,60.0,3349,4530,0.9178731858897952,0.9609256322626024
COMPLETED,0.75,710.0,1974,1329,0.1930537531264126,0.3085454706195742
COMPLETED,0.68,115.0,2309,2943,0.9947047444544732,0.1929845966603606
COMPLETED,0.75,1084.0,3600,1041,0.1436398348305374,0.5386101456191391
COMPLETED,0.7,297.0,4414,3915,0.7391262242998928,0.3425868048351258
COMPLETED,0.6,69.0,930,2101,0.4031176215633749,0.9338140352647752
ABANDONED,,,340,4741,0.0665678742434829,0.7589714550711214
ABANDONED,,,4361,1589,0.7909606830403209,0.4793736687637865
ABANDONED,,,2628,3369,0.326071481373161,0.6434799801670014
ABANDONED,,,1424,305,0.5353546843323856,0.1104838753305375
ABANDONED,,,1463,3013,0.3715775244329124,0.5435686182267963
ABANDONED,,,2593,1131,0.5214090852104127,0.2035584943778812
ABANDONED,,,4317,3848,0.1130486437901854,0.9270776638202368
ABANDONED,,,379,2014,0.7760405953731387,0.3336689835004508
ABANDONED,,,893,4964,0.6919150832816958,0.4707599351163953
ABANDONED,,,4449,1832,0.4192556233312934,0.752051866626367
ABANDONED,,,3642,3143,0.9465188769493252,0.1213628125023096
ABANDONED,,,2268,59,0.160752325143665,0.6482561875414103
ABANDONED,,,2015,4096,0.9029531037993728,0.8502994785625487
ABANDONED,,,3307,2233,0.2395345170963555,0.379198564203456
ABANDONED,,,4707,2801,0.6439967626761643,0.7474783344957977
ABANDONED,,,1223,870,0.4945913462638855,0.030775976607576
ABANDONED,,,7,3550,0.0376773485671728,0.1668330992385745
ABANDONED,,,4029,437,0.8239923467934132,0.5714149012491107
ABANDONED,,,2960,4599,0.2928304288871586,0.2979182720929384
ABANDONED,,,1756,1418,0.5649419034291058,0.9558986305743457
ABANDONED,,,1675,4463,0.2061554295867681,0.0811592760663479
ABANDONED,,,3044,1399,0.9320444179158656,0.672866197047755
ABANDONED,,,3798,3647,0.4652069492656737,0.4461507584061473
ABANDONED,,,236,495,0.6768924101926386,0.7922559979166836
ABANDONED,,,992,2509,0.8531184784788637,0.9049075089357792
ABANDONED,,,4935,695,0.004524354044348,0.3714317135475576
ABANDONED,,,3225,4349,0.5980605729967355,0.5058052933253347
ABANDONED,,,2100,2448,0.2634796225707978,0.225727816466242
ABANDONED,,,2349,3436,0.5504673849102109,0.2757472695410251
ABANDONED,,,3558,235,0.3382334738448262,0.9936640820801256
COMPLETED,0.6999999999999998,270.0,3913,3801,0.2249402088522911,0.06602671200037
COMPLETED,0.5899999999999999,68.0,1854,978,0.6833824180588126,0.9833199152555316
COMPLETED,0.6999999999999998,173.0,726,2933,0.3297215764746069,0.421496426673606
COMPLETED,0.7299999999999999,463.0,3507,2005,0.7579359549172222,0.5020798487663269
COMPLETED,0.6199999999999999,78.0,2641,3311,0.5564147387500851,0.6982751563675702
COMPLETED,0.6999999999999998,135.0,344,1739,0.0946106488127261,0.3500361659210175
COMPLETED,0.5899999999999999,58.0,2078,4945,0.8873358691353351,0.7872501628194004
COMPLETED,0.79,2126.0,4942,268,0.4576179368253797,0.1373619696870446
COMPLETED,0.7199999999999999,428.0,4518,2691,0.9887545650564133,0.312711624180898
COMPLETED,0.63,72.0,2226,2369,0.4186891054213047,0.6427983960472046
COMPLETED,0.65,75.0,199,4318,0.5642784595787524,0.2057824856489896
COMPLETED,0.77,635.0,3057,890,0.0245017828308045,0.8735790070760994
COMPLETED,0.5999999999999999,78.0,3286,4428,0.290795959142968,0.9269907063376158
COMPLETED,0.79,1017.0,1223,356,0.8593502507749944,0.027605833236128
COMPLETED,0.69,202.0,1355,3557,0.1548347930256277,0.5895055821463465
COMPLETED,0.75,883.0,4141,1380,0.6912419767659156,0.4907699414733797
COMPLETED,0.55,86.0,4296,3694,0.382628290861845,0.7789657266009598
COMPLETED,0.75,491.0,1510,1516,0.9663382817469536,0.1758602111190557
COMPLETED,0.69,141.0,1065,4566,0.0508159682713449,0.7377465795241295
COMPLETED,0.78,971.0,3128,493,0.6042371762692929,0.3427277667280286
COMPLETED,0.69,151.0,2902,4182,0.8388836620990185,0.3985947905424982
COMPLETED,0.65,93.0,43,754,0.2527864017169922,0.5571445832177996
COMPLETED,0.68,122.0,2383,2553,0.7331503880899399,0.120119218353182
COMPLETED,0.54,104.0,4676,2231,0.1792002355996519,0.9594412903320044
COMPLETED,0.69,212.0,4784,4808,0.6473216629847884,0.5968144200444222
COMPLETED,0.8,2717.0,1920,130,0.202523983169347,0.4512999087888747
COMPLETED,0.5899999999999999,59.0,499,3175,0.7842501998431981,0.8884929036106914
COMPLETED,0.7399999999999999,275.0,2796,1603,0.3696803526505827,0.0358916599266231
COMPLETED,0.7099999999999999,279.0,3664,3070,0.0741441196221858,0.2296616236343979
COMPLETED,0.56,77.0,884,2142,0.5184052408095449,0.8194879674110561
COMPLETED,0.6999999999999998,223.0,1700,3937,0.4995264076348394,0.2576474027913063
COMPLETED,0.63,139.0,3757,1114,0.9117013711947948,0.6657014970071614
COMPLETED,0.56,72.0,3880,2815,0.5928319286946206,0.9470402519199996
COMPLETED,0.7399999999999999,446.0,1563,1888,0.0075131839495152,0.1023520099595189
COMPLETED,0.69,146.0,856,3842,0.9793220441322774,0.538393429953605
COMPLETED,0.76,1069.0,3700,1020,0.4241098783854395,0.3851981406789273
COMPLETED,0.68,93.0,2693,4904,0.1290556651353836,0.3161930929441004
COMPLETED,0.79,957.0,615,226,0.7129922063015401,0.7321639662086963
COMPLETED,0.7099999999999999,314.0,1967,3433,0.3049996283911168,0.1712389456443488
COMPLETED,0.5799999999999998,99.0,4729,1861,0.8567285649776458,0.7533883482124656
COMPLETED,0.6199999999999999,133.0,4564,4281,0.328449576171115,0.6790933397039771
COMPLETED,0.75,295.0,2481,854,0.7710184854324907,0.2764014002028852
COMPLETED,0.5899999999999999,76.0,94,2803,0.2460756378229707,0.8372503983806818
COMPLETED,0.7099999999999999,192.0,2860,2481,0.6584770921785384,0.2420654764510691
COMPLETED,0.7099999999999999,218.0,3259,3441,0.8936151749417186,0.0614643203765153
COMPLETED,0.53,78.0,948,1263,0.4475554223842919,0.8931170429755002
COMPLETED,0.69,188.0,1479,4464,0.5383202628679573,0.4568777744229882
COMPLETED,0.78,1645.0,4318,392,0.1245289907976984,0.6233519974611699
COMPLETED,0.69,212.0,4161,4679,0.809027983373031,0.1473626703955233
COMPLETED,0.7099999999999999,416.0,1321,606,0.3489161053616553,0.8074784435462206
COMPLETED,0.6999999999999998,187.0,1102,3656,0.6341115901190788,0.3712601770702749
COMPLETED,0.69,262.0,3415,1478,0.204167167013511,0.7092599209174513
COMPLETED,0.7199999999999999,211.0,3018,2589,0.4699716462083161,0.5310836328528821
COMPLETED,0.67,101.0,252,2267,0.9296759300157428,0.4246710212286561
COMPLETED,0.5899999999999999,143.0,2326,4066,0.0845702146217227,0.9855370954442768
COMPLETED,0.77,1136.0,4409,638,0.5120060179419815,0.0940690311342477
COMPLETED,0.7099999999999999,298.0,4884,3217,0.045522741375491,0.4797822732906788
COMPLETED,0.66,81.0,2122,1645,0.6132985173705964,0.5682863186784088
COMPLETED,0.67,88.0,458,4690,0.3997444358114153,0.0073746786192059
COMPLETED,0.8499999999999999,5798.0,2535,12,0.9374136328082532,0.9169947235677391
COMPLETED,0.57,71.0,3545,4058,0.7354084896109998,0.8455338753964751
COMPLETED,0.75,297.0,701,1235,0.1651164796948433,0.2035700828842818
COMPLETED,0.67,200.0,1721,3030,0.8167698482871055,0.6396209573447704
COMPLETED,0.7299999999999999,501.0,4037,2102,0.2786854429505765,0.283712647261098
COMPLETED,0.7099999999999999,301.0,3986,3380,0.8705761311724782,0.570433263298124
COMPLETED,0.7399999999999999,529.0,1771,1827,0.2873684390224516,0.4737673402782529
COMPLETED,0.5899999999999999,57.0,652,4877,0.6956140679754316,0.9108574884999542
COMPLETED,0.8,1801.0,3590,179,0.1426651706174016,0.00964392529428
COMPLETED,0.68,116.0,2568,3869,0.4065542280841618,0.1896359802521765
COMPLETED,0.57,67.0,427,1066,0.9930928666796536,0.8556000045072287
COMPLETED,0.64,71.0,2151,2865,0.0210461837258189,0.2936564743164926
COMPLETED,0.67,208.0,4859,1917,0.5755295673776418,0.625809156768024
COMPLETED,0.53,130.0,4435,4497,0.1067454071789979,0.801311227818951
COMPLETED,0.77,356.0,2299,444,0.5520763181559741,0.1496009846441447
COMPLETED,0.5999999999999999,67.0,282,3489,0.4610736549012363,0.7113768848776816
COMPLETED,0.75,408.0,2984,1292,0.8760848803073167,0.3652143116313963
COMPLETED,0.7199999999999999,292.0,3369,2759,0.6721566566321999,0.4345848676245659
COMPLETED,0.7199999999999999,273.0,1150,2456,0.2283678460847586,0.517240899849683
COMPLETED,0.69,165.0,1272,4250,0.7535637447368354,0.0801049478426575
COMPLETED,0.5899999999999999,94.0,4214,803,0.3418910799119621,0.9955722921285776
COMPLETED,0.6999999999999998,296.0,4369,4114,0.5296600348465144,0.2707519457060843
COMPLETED,0.77,898.0,1427,667,0.0706845926195383,0.6808748058080673
COMPLETED,0.7199999999999999,232.0,992,2622,0.916043596997857,0.2437255922667682
COMPLETED,0.5799999999999998,90.0,3211,2319,0.4873878403417766,0.831722294172272
COMPLETED,0.57,92.0,2829,3625,0.1903582886587828,0.9025740412268788
COMPLETED,0.66,105.0,126,1428,0.651690067956224,0.048139348603785
COMPLETED,0.66,85.0,2456,4634,0.3662565224859863,0.6099056754000484
COMPLETED,0.77,1236.0,4593,582,0.7954721560608595,0.4664561229627579
COMPLETED,0.7099999999999999,426.0,4701,3002,0.2649522151984274,0.1039811933487653
COMPLETED,0.5899999999999999,66.0,1994,2055,0.8345153760984539,0.941482167052105
COMPLETED,0.68,101.0,582,4005,0.1826239467933774,0.3795177537556737
COMPLETED,0.7399999999999999,342.0,2723,1202,0.7219283129014074,0.5401449153982103
COMPLETED,0.63,103.0,3747,4739,0.9550833687391131,0.7186867117211223
COMPLETED,0.8299999999999998,3906.0,810,42,0.3860876988936215,0.3257414608243852
COMPLETED,0.57,89.0,1617,3244,0.5998950694371014,0.7628144140373915
COMPLETED,0.7399999999999999,720.0,3831,1691,0.0629546545352786,0.1578839932121336
COMPLETED,0.68,189.0,3807,4992,0.4441916687916964,0.4379444804731756
COMPLETED,0.76,1206.0,1646,295,0.9047753889951856,0.6062409617528319
COMPLETED,0.6999999999999998,166.0,929,3345,0.1123032197151333,0.045439551923424
COMPLETED,0.5899999999999999,84.0,3617,1792,0.5427504100035875,0.8750161250066011
COMPLETED,0.57,66.0,2766,2903,0.7754205573014915,0.8212389769721776
COMPLETED,0.7099999999999999,191.0,532,1956,0.3162490213364362,0.2239817125946283
COMPLETED,0.65,151.0,1894,3755,0.6696720401495694,0.6601429362557827
COMPLETED,0.75,902.0,4812,952,0.2426780983619391,0.2592770620640367
COMPLETED,0.7099999999999999,319.0,4647,3529,0.7085900154616683,0.1854390355423092
COMPLETED,0.6999999999999998,154.0,2408,1332,0.1412561009991913,0.7655189286563545
COMPLETED,0.5799999999999998,54.0,11,4376,0.8455337359774858,0.3294032708387821
COMPLETED,0.78,1296.0,2934,323,0.3083972868230193,0.7472031018920243
COMPLETED,0.69,144.0,3176,4369,0.0108770565129816,0.5516169548928737
COMPLETED,0.76,629.0,1021,922,0.5816718336120247,0.4002544304747134
COMPLETED,0.5899999999999999,70.0,1562,2716,0.4363355304971337,0.9612232323195784
COMPLETED,0.7299999999999999,482.0,4245,2413,0.9748917780257762,0.1144692879728972
COMPLETED,0.69,279.0,4088,2501,0.1617226301897317,0.6528340686149894
COMPLETED,0.7199999999999999,373.0,1405,2199,0.7465995134022086,0.2987470650058239
COMPLETED,0.5899999999999999,92.0,1176,4154,0.2664888160135597,0.8597367499563842
COMPLETED,0.77,930.0,3332,706,0.821168233918026,0.2156958561614155
COMPLETED,0.69,147.0,3091,4590,0.6177325886860489,0.0215604436807334
COMPLETED,0.7099999999999999,215.0,168,538,0.0332932803370058,0.9291071944143622
COMPLETED,0.66,84.0,2253,3744,0.9485775330998004,0.493008731605485
COMPLETED,0.7099999999999999,414.0,4492,1547,0.3963767543211579,0.583337890535593
COMPLETED,0.5899999999999999,52.0,4966,3970,0.9252419776711612,0.9695076387953012
COMPLETED,0.64,87.0,2049,1167,0.4822012262176722,0.0759710167981684
COMPLETED,0.68,113.0,375,3117,0.5008419986795632,0.5121455019935965
COMPLETED,0.7099999999999999,172.0,2609,2170,0.0879377771411091,0.4075627999249845
COMPLETED,0.7099999999999999,228.0,3462,3129,0.3523098358958959,0.3523049367126077
COMPLETED,0.5799999999999998,96.0,774,1576,0.7978368406109511,0.6921383971832693
COMPLETED,0.69,186.0,1804,4778,0.2163639129213988,0.1313465607911348
COMPLETED,0.82,4143.0,3964,81,0.6297133234590291,0.7893975833225995
COMPLETED,0.7199999999999999,468.0,3984,2790,0.3634173830319196,0.20842101604864
COMPLETED,0.5899999999999999,83.0,1824,2468,0.7906359418239444,0.8679262306895106
COMPLETED,0.68,120.0,754,4268,0.1952699527349323,0.3061446793396025
COMPLETED,0.65,227.0,3442,840,0.6546965622473508,0.6445237023234366
COMPLETED,0.68,114.0,2589,4490,0.921030220158398,0.5907431264407932
COMPLETED,0.77,506.0,355,418,0.4903203421868383,0.4846907586138695
COMPLETED,0.57,57.0,2069,3466,0.5267430958785116,0.921824747601524
COMPLETED,0.75,782.0,4987,1288,0.0659271445348858,0.0297575459852814
COMPLETED,0.6999999999999998,281.0,4473,3866,0.5968556202147156,0.4159350050445645
COMPLETED,0.7099999999999999,144.0,2234,1043,0.0580747556816786,0.5048097636662423
COMPLETED,0.65,74.0,187,2838,0.9599477790724485,0.067721578463912
COMPLETED,0.5999999999999999,79.0,3110,1911,0.3888979284260422,0.9767224989999084
COMPLETED,0.5899999999999999,112.0,3351,3417,0.1874143498092889,0.7811405382882803
COMPLETED,0.7399999999999999,356.0,1194,1845,0.7248134866468608,0.1385690425671637
COMPLETED,0.63,110.0,1386,4888,0.2619915172569453,0.7005182238742708
COMPLETED,0.79,1776.0,4069,211,0.829557662859559,0.3449615916851908
COMPLETED,0.69,242.0,4226,4713,0.0181160389911383,0.8823518596161157
COMPLETED,0.8299999999999998,7745.0,1543,35,0.5705414347741752,0.0370673356503248
COMPLETED,0.68,173.0,1040,3241,0.4113142117355018,0.5990260978303849
COMPLETED,0.7399999999999999,365.0,3195,1668,0.9960085936319084,0.4461939076539129
COMPLETED,0.6999999999999998,229.0,2952,3014,0.7004480440728366,0.252054591441527
COMPLETED,0.6199999999999999,70.0,30,2086,0.1455059384852647,0.6683999850079417
COMPLETED,0.66,84.0,2389,4042,0.8675672202855349,0.2313250687755644
COMPLETED,0.6199999999999999,106.0,4628,1220,0.2824581059329211,0.8128591539990156
COMPLETED,0.6199999999999999,80.0,4832,3643,0.7506771656479686,0.7390136100053786
COMPLETED,0.7399999999999999,774.0,1914,1465,0.3371031381059437,0.336678107233718
COMPLETED,0.5999999999999999,1074.0,512,4665,0.677112786071375,0.7738292837943882
COMPLETED,0.78,637.0,2746,593,0.2313307078089565,0.1780414174906909
COMPLETED,0.6999999999999998,245.0,3597,4091,0.4659548401273786,0.1227872646823525
COMPLETED,0.5999999999999999,62.0,909,664,0.8791217493489384,0.9538180075678974
COMPLETED,0.7199999999999999,343.0,1666,2615,0.1039366424754261,0.3920573318880051
COMPLETED,0.7199999999999999,386.0,3827,2293,0.547209625069052,0.5588994128592312
COMPLETED,0.5999999999999999,64.0,3850,4302,0.945753621917218,0.8399117711875587
COMPLETED,0.76,1051.0,1636,875,0.3915253118127584,0.2364507707431912
COMPLETED,0.6199999999999999,94.0,791,2675,0.6226290244907141,0.6725644655413925
COMPLETED,0.7299999999999999,350.0,3728,2353,0.0363150028996169,0.2781495488863438
COMPLETED,0.6999999999999998,124.0,2704,3581,0.2714297543596476,0.4581381611246615
COMPLETED,0.64,111.0,563,1403,0.824146420577541,0.6173108852803707
COMPLETED,0.5799999999999998,41.0,2013,4451,0.158851376036182,0.0563364323191344
COMPLETED,0.67,472.0,4720,379,0.7417963805031031,0.8952915981318801
COMPLETED,0.7099999999999999,433.0,4572,2959,0.2133701485134661,0.5328091659173368
COMPLETED,0.6999999999999998,134.0,2436,2031,0.624787739790976,0.3878899849001318
COMPLETED,0.5799999999999998,65.0,147,3826,0.3571285614147782,0.9486970458459107
COMPLETED,0.76,432.0,2849,1004,0.8006927549578249,0.0957317512966692
COMPLETED,0.68,162.0,3232,4932,0.5056171734239905,0.1651064787060022
COMPLETED,0.8,1224.0,1012,254,0.0908381791580468,0.7545573504138738
COMPLETED,0.7099999999999999,264.0,1407,3298,0.9222965080011636,0.3183980897720903
COMPLETED,0.5899999999999999,112.0,4349,1725,0.4772282847072928,0.727066549565643
COMPLETED,0.7099999999999999,306.0,4194,3201,0.6666962106004357,0.0012717053033411
COMPLETED,0.53,89.0,1252,1628,0.2377356505729258,0.9181932416986675
COMPLETED,0.69,161.0,1170,4834,0.7802262257672846,0.4820167934838682
COMPLETED,0.8,1594.0,3389,156,0.3191190634742379,0.5632183882221579
COMPLETED,0.67,134.0,3004,3923,0.1171524240840226,0.6340662166737019
COMPLETED,0.7199999999999999,170.0,302,1101,0.5455759495999662,0.2864339776691049
COMPLETED,0.5899999999999999,62.0,2279,3057,0.4411675296332687,0.8472201629448682
COMPLETED,0.7299999999999999,553.0,4415,2129,0.8998802841771393,0.1969793401509523
COMPLETED,0.69,243.0,4878,4550,0.4334337231367826,0.372489136872813
COMPLETED,0.6199999999999999,108.0,2170,477,0.970119064491242,0.7031874190159141
COMPLETED,0.68,88.0,408,3678,0.0158484142236411,0.142203385181725
COMPLETED,0.56,80.0,2549,1500,0.5846194670647382,0.8096215792391449
COMPLETED,0.5799999999999998,53.0,3571,2577,0.8504606060180812,0.9881670710947364
COMPLETED,0.7099999999999999,188.0,634,2254,0.3113884710501879,0.0884229059629142
COMPLETED,0.69,218.0,1790,4205,0.7057355659436435,0.5245233317911625
COMPLETED,0.76,1095.0,4005,778,0.1364350927267223,0.4263877801913767
COMPLETED,0.5999999999999999,95.0,4058,4402,0.7282076949235052,0.7165423714481293
COMPLETED,0.78,1201.0,1741,349,0.1762236847896128,0.3630630710478872
COMPLETED,0.5799999999999998,57.0,681,3554,0.841752982975915,0.8000732113588601
COMPLETED,0.75,559.0,3525,1357,0.257591824805364,0.1556806396692991
COMPLETED,0.6999999999999998,121.0,2515,2702,0.0536422291286289,0.0866714205183088
COMPLETED,0.5799999999999998,64.0,438,2400,0.6090866260156035,0.99384745801799
COMPLETED,0.64,64.0,2143,4355,0.3777334314212202,0.4319458650592714
COMPLETED,0.75,909.0,4903,908,0.9633148638494312,0.522894148401916
COMPLETED,0.5899999999999999,76.0,4390,3329,0.494752987710759,0.9086148931588977
COMPLETED,0.6999999999999998,123.0,2307,1776,0.9087993333283813,0.0147180273644626
COMPLETED,0.65,62.0,270,4976,0.0770915225688368,0.5765433599948881
COMPLETED,0.79,1436.0,3037,279,0.523375892130658,0.4725597952324896
COMPLETED,0.6999999999999998,243.0,3433,3778,0.787241614576429,0.2919620818775147
COMPLETED,0.7199999999999999,364.0,1121,975,0.3746079290807247,0.6324061008580028
COMPLETED,0.7099999999999999,227.0,1303,2926,0.6425013611018657,0.1951978740468621
COMPLETED,0.5799999999999998,112.0,4142,1979,0.1996697641573846,0.8528696174416691
COMPLETED,0.7099999999999999,327.0,4299,3101,0.8824851478878408,0.3778547882158309
COMPLETED,0.7299999999999999,392.0,1460,2154,0.4547942710202187,0.5467732492089271
COMPLETED,0.69,142.0,967,3954,0.5594367066901176,0.1095744842998683
COMPLETED,0.6199999999999999,197.0,3278,1152,0.0995078058782964,0.9387831994500012
COMPLETED,0.5799999999999998,74.0,2879,4801,0.3326995177567005,0.7606032158527523
COMPLETED,0.8,559.0,113,104,0.7628761720024048,0.1629895147457718
COMPLETED,0.6099999999999999,84.0,2462,3153,0.2201363528333604,0.7248282353170215
COMPLETED,0.7399999999999999,714.0,4545,1600,0.6805109185278415,0.3245653054993599
COMPLETED,0.6999999999999998,250.0,4749,4179,0.149909439863637,0.2502625713199376
COMPLETED,0.5999999999999999,108.0,1987,732,0.6882489187475292,0.8299679441321641
COMPLETED,0.6999999999999998,141.0,595,2527,0.2936525798793881,0.2680834197755903
COMPLETED,0.6199999999999999,77.0,2673,2224,0.8641692067999392,0.6864985681734979
COMPLETED,0.68,222.0,3680,3731,0.5671781552061438,0.6150416386052965
COMPLETED,0.7399999999999999,273.0,836,1534,0.0292767270691692,0.4642753961924463
COMPLETED,0.5899999999999999,59.0,1583,4577,0.9837813930399716,0.901306531144306
COMPLETED,0.77,1255.0,3901,524,0.4157429293617606,0.0541894876994192
COMPLETED,0.6999999999999998,437.0,3776,3512,0.0795818366408348,0.3345306867305189
COMPLETED,0.5899999999999999,105.0,1718,1315,0.5090751519463956,0.7450290189012884
COMPLETED,0.68,126.0,865,4520,0.4728866518996656,0.1841781766749918
COMPLETED,0.64,245.0,3645,467,0.9344356682896614,0.7715605130027979
COMPLETED,0.5799999999999998,57.0,2777,4234,0.636953079247847,0.9677516343165188
COMPLETED,0.75,328.0,480,787,0.2090013884883374,0.1127216114550828
COMPLETED,0.7199999999999999,409.0,1940,2743,0.804117895660922,0.5489551099203526
COMPLETED,0.7299999999999999,421.0,4803,2440,0.3459079157356172,0.4058696083482354
COMPLETED,0.69,266.0,4656,4863,0.8119812000915408,0.0432350272610783
COMPLETED,0.79,995.0,2363,166,0.2757986333556473,0.8801130694840102
COMPLETED,0.6199999999999999,71.0,63,3366,0.7383711208291351,0.4440774195771664
COMPLETED,0.7199999999999999,254.0,2923,1814,0.170071902744472,0.6050714873857796
COMPLETED,0.6199999999999999,125.0,3148,2891,0.4027815353590994,0.6584866144955158
COMPLETED,0.7299999999999999,317.0,1085,1943,0.942295524423942,0.2658968485612422
COMPLETED,0.69,225.0,1490,3894,0.0406567546781152,0.8268237131740896
COMPLETED,0.75,1107.0,4276,1091,0.6104899831730872,0.2212893962077796
COMPLETED,0.6999999999999998,346.0,4120,3991,0.300164135415107,0.5104596940465271
COMPLETED,0.75,704.0,1335,1188,0.8538896709010005,0.4141530630569905
COMPLETED,0.5999999999999999,112.0,1243,2989,0.1320624048039317,0.9750628590676932
COMPLETED,0.7299999999999999,370.0,3306,2041,0.7179045916385948,0.0732492067888379
COMPLETED,0.7099999999999999,179.0,3078,3269,0.9822543005999178,0.129112520199269
COMPLETED,0.5799999999999998,70.0,219,1717,0.4290957802850753,0.7944650341775267
COMPLETED,0.63,71.0,2205,4765,0.588073759349063,0.3584083896297961
FAILED,,,4498,68,0.004595999604091,0.6909393994510173
COMPLETED,0.5899999999999999,86.0,4961,2645,0.5334405945204198,0.8662965714167804
COMPLETED,0.64,66.0,2097,2342,0.121490247964859,0.2139795768000185
COMPLETED,0.64,78.0,325,4137,0.8964261108636856,0.6502036133632064
COMPLETED,0.77,539.0,2622,690,0.4524200632236897,0.3043936697784811
COMPLETED,0.69,223.0,3488,4618,0.2489601051788777,0.4981675372179597
COMPLETED,0.76,567.0,707,565,0.6632672646883874,0.5811952344439923
COMPLETED,0.7099999999999999,337.0,1873,3609,0.3234916324261575,0.0203310042768716
COMPLETED,0.5899999999999999,73.0,3932,1412,0.7680570811014622,0.9351801759172232
COMPLETED,0.7099999999999999,265.0,3944,3599,0.5107716886494308,0.4029895401261746
COMPLETED,0.75,698.0,1862,1421,0.0817847579848021,0.5479063435848802
COMPLETED,0.69,125.0,714,4621,0.9361464071404187,0.111851602571085
COMPLETED,0.5799999999999998,79.0,3480,549,0.4750732296202331,0.9648145158439874
COMPLETED,0.5899999999999999,80.0,2629,4126,0.2106978415399789,0.7706905022598803
COMPLETED,0.7399999999999999,272.0,317,698,0.6391558277122676,0.1812410600613802
COMPLETED,0.5799999999999998,65.0,2110,2649,0.3476187196485698,0.7421489525381476
COMPLETED,0.7299999999999999,502.0,4949,2327,0.8063046276718377,0.3334819185361266
COMPLETED,0.69,231.0,4511,4747,0.277513216452673,0.2203928084876388
COMPLETED,0.81,1518.0,2194,70,0.8141640376653521,0.8238523794226347
COMPLETED,0.65,69.0,225,3275,0.1717723134364932,0.2629900527894497
COMPLETED,0.6099999999999999,106.0,3070,1703,0.7405702722836285,0.6574035436529666
COMPLETED,0.6999999999999998,242.0,3313,2970,0.9440102171972394,0.6021646934729069
COMPLETED,0.7299999999999999,340.0,1235,2042,0.4049645123519003,0.4429943468756973
COMPLETED,0.57,69.0,1348,3998,0.6121902953423559,0.8792164799049496
COMPLETED,0.75,1361.0,4109,1176,0.0428557778671383,0.0402636953685432
COMPLETED,0.64,128.0,4264,3900,0.8521740114893764,0.6880593330878764
COMPLETED,0.76,2867.0,1503,1077,0.2979802215266972,0.3573596214354038
COMPLETED,0.5799999999999998,68.0,1078,2873,0.7162052461076527,0.7935950234346091
COMPLETED,0.7299999999999999,306.0,3155,1945,0.1298643185105174,0.1261754035856574
COMPLETED,0.6999999999999998,170.0,2915,3373,0.4273802602924406,0.0723791979048401
COMPLETED,0.57,55.0,71,1801,0.9800704963877797,0.9721257405951618
COMPLETED,0.66,68.0,2351,4844,0.0028965258076786,0.4112729948349296
COMPLETED,0.8,2984.0,4668,167,0.5858755745328962,0.5094109277110546
COMPLETED,0.52,125.0,4792,2746,0.1197947912942618,0.9342835863381624
COMPLETED,0.7199999999999999,704.0,1952,2424,0.5312387532088905,0.0173596723843365
COMPLETED,0.67,87.0,472,4224,0.4507082629296928,0.5782884405311197
COMPLETED,0.77,1695.0,2784,796,0.8942384716998785,0.4970844645164906
COMPLETED,0.69,202.0,3638,4524,0.6615716351382434,0.3014868740066886
COMPLETED,0.78,1744.0,871,452,0.2467581802159547,0.6491205425206572
COMPLETED,0.7099999999999999,544.0,1707,3501,0.7663454350978136,0.2130829890798777
COMPLETED,0.5899999999999999,330.0,3790,1323,0.3213040583245456,0.8633252376653254
COMPLETED,0.69,478.0,3888,4584,0.1740360586382448,0.5198617398384958
COMPLETED,0.78,1208.0,1595,512,0.7264959968701004,0.4309884070083498
COMPLETED,0.5799999999999998,75.0,829,3712,0.255389847792685,0.992825224045664
COMPLETED,0.75,630.0,3688,1534,0.8400573013760149,0.083825733019039
COMPLETED,0.7099999999999999,169.0,2666,2533,0.6068989199306815,0.154658407555893
COMPLETED,0.7099999999999999,166.0,603,2210,0.0519303619135171,0.7972275220006704
COMPLETED,0.69,247.0,1975,4161,0.9611129556167872,0.3600306606255471
COMPLETED,0.7099999999999999,661.0,4760,734,0.3760379078295081,0.7155849152561276
COMPLETED,0.52,84.0,4532,3157,0.9066012005619704,0.8518815987482667
COMPLETED,0.7199999999999999,178.0,2474,1585,0.4930535659641027,0.1923787653837353
COMPLETED,0.5999999999999999,54.0,106,4790,0.521192139968276,0.6294079968016594
COMPLETED,0.81,1747.0,2887,112,0.0753760546259581,0.2910313513763249
COMPLETED,0.6999999999999998,165.0,3272,3957,0.3724099097084254,0.4695616893172264
COMPLETED,0.7299999999999999,324.0,974,1135,0.785542335966602,0.5756126313526183
COMPLETED,0.7099999999999999,236.0,1447,3091,0.1974859171900898,0.01373001052998
COMPLETED,0.54,80.0,4311,2163,0.6407857686113566,0.9057957826368512
COMPLETED,0.7199999999999999,358.0,4153,2914,0.4569932272881269,0.3215328950770199
COMPLETED,0.6099999999999999,86.0,1290,1987,0.8841853931359946,0.7238707791250198
COMPLETED,0.6999999999999998,164.0,1130,3782,0.1016907159499823,0.1619672826323658
COMPLETED,0.5999999999999999,97.0,3426,960,0.5611513325423002,0.7577575264945626
COMPLETED,0.5799999999999998,53.0,3044,4966,0.7650752714071422,0.9377609654776752
COMPLETED,0.78,512.0,264,288,0.3343998763989657,0.1067287968005985
COMPLETED,0.67,90.0,2319,3332,0.6826937040518968,0.5437408406455069
COMPLETED,0.7399999999999999,555.0,4377,1760,0.2218508838806301,0.3768973301649093
COMPLETED,0.69,229.0,4915,4337,0.6904357176795601,0.0532014708649367
COMPLETED,0.65,110.0,2130,909,0.1516203106977045,0.8984874206222593
COMPLETED,0.69,113.0,446,2709,0.8663720221854745,0.461277290277183
COMPLETED,0.66,99.0,2509,2387,0.2953490998521446,0.6141109099630266
COMPLETED,0.6999999999999998,227.0,3533,3537,0.0314633568394929,0.6835004641171544
COMPLETED,0.7399999999999999,263.0,674,1359,0.5688889461066574,0.2671526892744004
COMPLETED,0.54,72.0,1752,4407,0.4179459027554839,0.8289799254387616
COMPLETED,0.78,1582.0,4045,335,0.9854779817927628,0.2474434626568108
COMPLETED,0.57,75.0,4017,4213,0.3937128710430115,0.8962186423949897
COMPLETED,0.76,915.0,1779,766,0.9474652827922256,0.0593382226135581
COMPLETED,0.7099999999999999,148.0,641,2561,0.0385169427338987,0.620126311423257
COMPLETED,0.7299999999999999,345.0,3563,2259,0.6243246391694993,0.4591298623383044
COMPLETED,0.69,105.0,2556,3687,0.8263340746127069,0.2809649731703102
COMPLETED,0.65,101.0,400,1490,0.2731415397822856,0.6735561686139553
COMPLETED,0.63,60.0,2183,4533,0.7439982069432735,0.2373778168652206
COMPLETED,0.77,1081.0,4866,480,0.1605468475781381,0.8429135596230625
COMPLETED,0.6099999999999999,98.0,4428,3057,0.6269859097357839,0.7299161612447351
COMPLETED,0.68,96.0,2267,2110,0.2150696371812373,0.319416399564594
COMPLETED,0.5799999999999998,55.0,308,3910,0.8028765740413218,0.7555187289267778
COMPLETED,0.76,474.0,2997,1108,0.3588440665360539,0.1681349668074399
COMPLETED,0.69,157.0,3396,4836,0.0930362803228199,0.0966931316684931
COMPLETED,0.8,1360.0,1161,138,0.5073165040835738,0.9517255320884286
COMPLETED,0.7099999999999999,230.0,1265,3187,0.4794121837243437,0.390739594720304
COMPLETED,0.7399999999999999,603.0,4182,1634,0.9240121822841464,0.5338274775687604
COMPLETED,0.7099999999999999,323.0,4337,3285,0.2355366422552615,0.1979063862729817
COMPLETED,0.5799999999999998,81.0,1420,1732,0.664995883559808,0.850221951380372
COMPLETED,0.68,137.0,1004,4933,0.3169360716100781,0.2892494019530713
COMPLETED,0.78,1185.0,3238,235,0.778511547865346,0.6350579197462647
COMPLETED,0.69,144.0,2841,3812,0.543376783274114,0.5660338143650441
COMPLETED,0.69,139.0,154,1009,0.1154520282633602,0.4830084946975111
COMPLETED,0.5899999999999999,57.0,2425,2960,0.8976974614746868,0.9191202859617768
COMPLETED,0.7299999999999999,583.0,4585,2013,0.439452931664884,0.0042734955977648
COMPLETED,0.69,241.0,4709,4436,0.9679323473516852,0.4292373900115489
COMPLETED,0.65,93.0,2025,383,0.4317229043524712,0.525541643442586
COMPLETED,0.68,119.0,555,3589,0.5824167037289589,0.0893842863347381
COMPLETED,0.7299999999999999,298.0,2711,1391,0.0141519760433584,0.9911955573372542
COMPLETED,0.5799999999999998,96.0,3720,2658,0.3092018784582614,0.8105829577520489
COMPLETED,0.7099999999999999,202.0,798,2356,0.8487498820386827,0.1452318732831627
COMPLETED,0.6199999999999999,135.0,1624,4312,0.1342321862541138,0.7060370306950062
COMPLETED,0.76,1075.0,3863,864,0.7040390143692493,0.3735074466653168
COMPLETED,0.7199999999999999,454.0,3814,2601,0.7889393381997943,0.0308369343075901
COMPLETED,0.56,82.0,1678,2298,0.361214424509555,0.924735225893557
COMPLETED,0.69,141.0,902,4093,0.6529857862181961,0.4876584061272442
COMPLETED,0.77,1147.0,3605,646,0.1930833080932498,0.5916434003990143
COMPLETED,0.66,103.0,2739,4653,0.4886238370854407,0.6474913516957312
COMPLETED,0.77,458.0,520,600,0.918827389901504,0.3070449514389038
COMPLETED,0.6099999999999999,196.0,1902,3643,0.0642162588294595,0.8690056171528994
COMPLETED,0.7399999999999999,839.0,4843,1446,0.5245563118178397,0.2113314961995929
COMPLETED,0.6999999999999998,328.0,4615,4025,0.05636020976305,0.3479026306197047
COMPLETED,0.57,75.0,2401,1223,0.594672849562019,0.7013843122962861
COMPLETED,0.5899999999999999,51.0,23,3023,0.3871975846551358,0.1396217330824583
COMPLETED,0.56,73.0,2960,2075,0.9577486647963523,0.7840166823305189
COMPLETED,0.5799999999999998,53.0,3189,3225,0.7230988756660373,0.9777751876562832
COMPLETED,0.7399999999999999,318.0,1047,1673,0.1852314248662441,0.0705977243650704
COMPLETED,0.69,193.0,1530,4721,0.8278574027400463,0.5077508044596761
ABANDONED,,,4238,24,0.259792575860396,0.41680109160766
COMPLETED,0.5899999999999999,68.0,4080,4897,0.5722570421360433,0.8139385404624044
COMPLETED,0.8,1330.0,1373,200,0.0202998710870742,0.2342355489265173
COMPLETED,0.64,123.0,1203,3401,0.9977078573703764,0.6713676343802362
COMPLETED,0.7399999999999999,369.0,3344,1848,0.41351224597916,0.2529548635408282
COMPLETED,0.7099999999999999,229.0,3118,2846,0.1472213915567845,0.4491615551672875
COMPLETED,0.64,88.0,181,1899,0.7026318111065774,0.599926371788606
COMPLETED,0.66,70.0,2246,3850,0.2841575425509363,0.0381467239726334
COMPLETED,0.6099999999999999,87.0,4460,1047,0.8697653381805865,0.8852623379081487
COMPLETED,0.6999999999999998,254.0,4999,3468,0.3387986765690148,0.5618404536526649
COMPLETED,0.64,84.0,2056,1271,0.752879059009254,0.3929234184511005
COMPLETED,0.5899999999999999,86.0,362,4476,0.2330425601527094,0.9548706962242722
COMPLETED,0.79,733.0,2582,423,0.6793005070276558,0.1256634105835109
COMPLETED,0.69,216.0,3450,4268,0.8808174160774797,0.1790941080059856
COMPLETED,0.5899999999999999,89.0,747,821,0.4681568320114165,0.7767054278366267
COMPLETED,0.7199999999999999,399.0,1835,2777,0.5489213379938155,0.3396191461682319
COMPLETED,0.69,297.0,3972,2474,0.1061242537554353,0.7398796984273939
COMPLETED,0.69,206.0,3953,4774,0.902577241357416,0.260360092010349
COMPLETED,0.82,2946.0,1816,96,0.442492261916399,0.6630496539529414
COMPLETED,0.6999999999999998,145.0,766,3141,0.5405666727125644,0.2269530946779996
COMPLETED,0.6999999999999998,387.0,3469,1569,0.1105877369008958,0.822135635331273
COMPLETED,0.5899999999999999,72.0,2601,3114,0.3140510168354958,0.8779875052310526
COMPLETED,0.69,135.0,382,2186,0.7737212638203054,0.0463362121414393
COMPLETED,0.67,94.0,246,2570,0.3897147461771965,0.1133751704990863
COMPLETED,0.68,103.0,627,4699,0.6483236756268889,0.3465832919925451
COMPLETED,0.54,75.0,3731,4275,0.459380834178999,0.820482463510707
COMPLETED,0.55,93.0,3858,3584,0.3056849275622517,0.904061016317457
COMPLETED,0.7,193.0,2861,3316,0.6878176809418947,0.5867984548155218
COMPLETED,0.7,336.0,4282,4433,0.1442913555689156,0.3979972751438618
COMPLETED,0.65,88.0,2326,4653,0.3441634718794376,0.1618680218886584
COMPLETED,0.68,161.0,2739,4929,0.85395332589373,0.0797538582962006
COMPLETED,0.72,375.0,4838,2851,0.8799810034520924,0.1321330735012889
COMPLETED,0.66,165.0,4571,3836,0.545288975128904,0.6396653911061585
COMPLETED,0.75,808.0,4411,1317,0.3260880369134247,0.2945779715627432
COMPLETED,0.74,778.0,3571,1834,0.6770295129679144,0.2296708894204348
COMPLETED,0.77,852.0,3014,914,0.4096177791319788,0.4955969559159129
COMPLETED,0.75,1349.0,4010,947,0.5890922568924725,0.0603381309583783
COMPLETED,0.8,2499.0,3292,163,0.7789720023144037,0.7216081037316472
COMPLETED,0.58,56.0,63,4483,0.8950717436801642,0.7150658509228378
COMPLETED,0.58,89.0,4153,2579,0.6330816007331014,0.8047546779531985
COMPLETED,0.62,113.0,4656,734,0.8333350066021085,0.8770495063532144
COMPLETED,0.59,138.0,1646,4918,0.1076879994478076,0.7760050165764988
COMPLETED,0.63,128.0,1295,808,0.6609032484199852,0.6720462135560811
COMPLETED,0.69,162.0,976,3828,0.2896176707074046,0.4422007321622223
COMPLETED,0.69,215.0,3083,4047,0.2146820356603712,0.2416447043642401
COMPLETED,0.7,279.0,3962,4094,0.7836918909233064,0.2986851964350789
COMPLETED,0.69,293.0,1129,1347,0.5739091934096068,0.6001633896473795
COMPLETED,0.69,298.0,4846,4827,0.404895901478827,0.5403628598097712
COMPLETED,0.7,326.0,1455,3405,0.4443824116289616,0.2689699525982141
COMPLETED,0.73,480.0,1798,2437,0.7636357024908066,0.1815699466690421
COMPLETED,0.77,593.0,91,90,0.731111377004534,0.9534131673537196
COMPLETED,0.74,764.0,3807,1692,0.064241223193705,0.643286500999704
COMPLETED,0.78,844.0,2728,581,0.5188232598360628,0.3414915617853403
COMPLETED,0.75,1297.0,3622,1157,0.1707588740140199,0.5675160045959056
COMPLETED,0.62,63.0,2142,4791,0.7728608692698181,0.3792926562204957
COMPLETED,0.6,90.0,3100,1878,0.6239911387227476,0.7061945750825107
COMPLETED,0.68,112.0,216,1924,0.2414071344062686,0.3741499070283025
COMPLETED,0.57,103.0,3940,2474,0.3821416683979332,0.7690293724033982
COMPLETED,0.63,132.0,4371,3361,0.8269730262644589,0.6868681669849902
COMPLETED,0.68,146.0,2359,2673,0.8699282576348633,0.5106357337571681
COMPLETED,0.69,159.0,2940,4515,0.2785733956266195,0.3615017298683524
COMPLETED,0.65,186.0,1864,4137,0.4166940931100398,0.6522796532027424
COMPLETED,0.72,326.0,1273,2625,0.0020937308184802,0.1471847661882639
COMPLETED,0.74,310.0,2520,1050,0.9567337865699084,0.2137753205448389
COMPLETED,0.72,356.0,3633,2896,0.5099036139715463,0.0948037729263305
COMPLETED,0.75,553.0,877,1122,0.5387304521240294,0.4766458739619702
COMPLETED,0.77,649.0,588,623,0.1518339758757501,0.7339796206373721
COMPLETED,0.72,717.0,3481,376,0.3536860333047807,0.9388611523248256
COMPLETED,0.74,737.0,1707,1657,0.6963256290368736,0.3112114935144782
COMPLETED,0.79,1742.0,4477,265,0.6422525167949498,0.5056740210521966
COMPLETED,0.6,86.0,3200,630,0.7122701042350381,0.8473744123969227
COMPLETED,0.59,52.0,8,1455,0.2985990959145129,0.2444780226107686
COMPLETED,0.58,59.0,500,4962,0.471491028778255,0.9965703378356994
COMPLETED,0.64,110.0,2275,1275,0.9406360731720924,0.625199630888179
COMPLETED,0.6,70.0,2265,3142,0.6835975536424667,0.8877901101447642
COMPLETED,0.68,117.0,2645,4148,0.6684744496196509,0.4607834728639572
COMPLETED,0.69,170.0,3209,3783,0.907083069767803,0.6033012714646757
COMPLETED,0.69,210.0,1534,4389,0.525907096862793,0.5566223893929273
COMPLETED,0.7,188.0,2075,404,0.6086872008349746,0.1352197402175516
COMPLETED,0.63,223.0,1738,980,0.2066233494579792,0.8914797621313483
COMPLETED,0.72,238.0,693,1866,0.0596860590502619,0.8196076437421143
COMPLETED,0.7,288.0,4071,3963,0.3333094925656915,0.0169373230040073
COMPLETED,0.7,361.0,4940,3633,0.5643885634019971,0.2519680893942714
COMPLETED,0.72,409.0,4630,2706,0.4863704804573208,0.4138930819611996
COMPLETED,0.71,377.0,4027,3115,0.2499474741797894,0.5249564694128931
COMPLETED,0.73,487.0,3704,2302,0.8609310399740935,0.3573945068549364
COMPLETED,0.77,1593.0,3870,478,0.902119413562119,0.4336635488346219
COMPLETED,0.59,82.0,927,4316,0.9820110851023346,0.9215446390509604
COMPLETED,0.66,92.0,309,2998,0.4844545205719769,0.5031729800831527
COMPLETED,0.58,87.0,469,560,0.6713557372931391,0.8529790501948447
COMPLETED,0.69,143.0,2331,1921,0.3535826615598053,0.1371061497833579
COMPLETED,0.62,139.0,3064,3979,0.0808862183988094,0.7890296185016632
COMPLETED,0.65,139.0,3681,2778,0.5773997931871563,0.6513407350890339
COMPLETED,0.54,72.0,1500,1291,0.5975272767730058,0.9562070532627404
COMPLETED,0.69,222.0,1887,4522,0.552727644637227,0.4715359560828656
COMPLETED,0.69,219.0,4126,4704,0.3845080612953752,0.3701437348984182
COMPLETED,0.6,65.0,2417,2546,0.7858689398206771,0.7638660737816244
COMPLETED,0.73,238.0,2718,1532,0.763307773226872,0.5642121212352067
COMPLETED,0.7,257.0,4544,4074,0.629295704100281,0.5365014352630824
COMPLETED,0.64,63.0,151,4008,0.5825623491704464,0.0340952183641493
COMPLETED,0.58,109.0,1867,2258,0.2075095021314919,0.7756513877455146
COMPLETED,0.61,84.0,4989,1666,0.4643936309311539,0.8236863249000161
COMPLETED,0.58,63.0,2049,3512,0.3934167832173407,0.937109313685447
COMPLETED,0.71,175.0,2904,3124,0.9885747610330582,0.2604719190523028
COMPLETED,0.69,229.0,4922,4396,0.0510434071160852,0.7297089390829206
COMPLETED,0.61,81.0,2483,1057,0.7002768050227314,0.6647794318608939
COMPLETED,0.78,442.0,2120,147,0.1204364253673702,0.601177367227152
COMPLETED,0.73,397.0,3201,1869,0.6754827708154917,0.4537719245832413
COMPLETED,0.76,1008.0,3353,233,0.2667933786548674,0.9854968935139478
COMPLETED,0.77,556.0,2817,855,0.5286369736548513,0.1701721552219242
COMPLETED,0.57,74.0,4284,3214,0.5446111608985812,0.8357180275376886
COMPLETED,0.8,1049.0,953,263,0.7709069716185332,0.2459887054357677
COMPLETED,0.71,168.0,322,1424,0.2616311684306711,0.3212531462274491
COMPLETED,0.77,1161.0,3995,651,0.3616995133645833,0.547860119683668
COMPLETED,0.58,55.0,2804,4886,0.7241808999367059,0.9739553508646788
COMPLETED,0.78,697.0,2567,511,0.1672349651809782,0.0978171638101339
COMPLETED,0.61,69.0,559,3299,0.8196660435684026,0.7002965290918947
COMPLETED,0.69,180.0,3422,3744,0.2432830996308475,0.5833676806557924
COMPLETED,0.72,293.0,858,2046,0.5065713913775981,0.5225754040610046
COMPLETED,0.72,408.0,4392,2595,0.2817491343468428,0.0085823463536798
COMPLETED,0.65,102.0,2974,2500,0.4316259375158697,0.6394918906800449
COMPLETED,0.65,61.0,187,4443,0.7528195540551096,0.3466509222853929
COMPLETED,0.7,182.0,3020,3472,0.6584842638913542,0.0725488150473684
COMPLETED,0.7,248.0,3758,3777,0.8104628910478204,0.4259298910517246
COMPLETED,0.58,60.0,2009,3078,0.193434722950682,0.6278481455463916
COMPLETED,0.71,288.0,1631,2883,0.6554123635049909,0.1567481810953468
COMPLETED,0.7,274.0,1595,1833,0.3793420932646841,0.5872573654316365
COMPLETED,0.73,310.0,3397,2226,0.9715761648807676,0.1450126034617424
COMPLETED,0.62,116.0,4415,1457,0.5578255315870047,0.688641020713374
COMPLETED,0.59,65.0,1376,4220,0.7143515730500222,0.7971735668517649
COMPLETED,0.72,366.0,4169,2711,0.868480671197176,0.5264521358832717
COMPLETED,0.77,904.0,1231,687,0.5644750208351761,0.4298813365809619
COMPLETED,0.79,1168.0,3803,295,0.0378290252741426,0.8608857269436121
COMPLETED,0.54,73.0,739,1387,0.8288676476087421,0.8318359699100256
COMPLETED,0.73,483.0,4251,2086,0.3036208201292902,0.4047291545085609
COMPLETED,0.56,79.0,3146,2850,0.4213355009108782,0.7717670250572264
COMPLETED,0.7,186.0,979,3812,0.0153230593055486,0.5595371469184757
COMPLETED,0.69,240.0,4031,4670,0.6026861065514386,0.2420443070717156
COMPLETED,0.74,993.0,3571,396,0.7344714741017669,0.6244660555683076
COMPLETED,0.7,247.0,1822,3708,0.9450594529099764,0.4655107423141599
COMPLETED,0.74,526.0,3961,1785,0.875665990376845,0.32943558444269
COMPLETED,0.8,789.0,105,68,0.3284167448580265,0.7258525364082307
COMPLETED,0.75,999.0,4867,924,0.7885912164188922,0.0458051280323416
COMPLETED,0.54,74.0,1066,2332,0.4752603726591914,0.900296330889687
COMPLETED,0.59,57.0,3483,3134,0.7736059596687556,0.9601162362489848
COMPLETED,0.62,66.0,651,4741,0.6805497253388166,0.7376377314012498
COMPLETED,0.71,171.0,2372,1486,0.0615088136233389,0.4463511378839612
COMPLETED,0.54,73.0,4100,1222,0.6425176015552133,0.9332564225103708
COMPLETED,0.68,98.0,524,4120,0.4264975940231233,0.4185186071507633
COMPLETED,0.71,317.0,4955,3028,0.6873211002442986,0.3853307755403221
COMPLETED,0.59,62.0,4504,4978,0.955612461945042,0.8490365256220103
COMPLETED,0.73,210.0,435,995,0.9912052218616008,0.5404395263120532
COMPLETED,0.66,83.0,2296,3361,0.6115943432953209,0.5759566198252142
COMPLETED,0.55,73.0,3113,2685,0.4550991877857596,0.9262504063751548
COMPLETED,0.53,66.0,878,3091,0.6077392827607692,0.7936735627986491
COMPLETED,0.58,55.0,538,1844,0.7960819124467671,0.991176809201017
COMPLETED,0.69,196.0,4689,4836,0.5233627346958966,0.0836620030757039
COMPLETED,0.67,97.0,458,3719,0.3473442677911371,0.1129676664527505
COMPLETED,0.69,153.0,1322,4391,0.4148379737138748,0.2006470094807446
COMPLETED,0.7,262.0,3749,4004,0.951673556689173,0.506446351133287
COMPLETED,0.62,121.0,4593,2859,0.7540694694612176,0.6799605546314269
COMPLETED,0.73,395.0,1649,1974,0.740986504888162,0.411997992169112
COMPLETED,0.71,281.0,4077,3477,0.0101580356061458,0.4757239603176713
COMPLETED,0.77,829.0,3235,736,0.0705881676580756,0.6729621526319534
COMPLETED,0.72,462.0,4528,2234,0.3208161346167326,0.3106724002491682
COMPLETED,0.76,743.0,3726,1260,0.3325433155093342,0.0916425096150487
COMPLETED,0.79,920.0,892,366,0.2405912498328835,0.3662930725682526
COMPLETED,0.75,829.0,3897,1091,0.8340197778400034,0.1398622354865074
COMPLETED,0.78,927.0,2669,247,0.6385797521658242,0.7146248537879437
COMPLETED,0.81,1788.0,3087,117,0.8223040887899696,0.483213355101645
COMPLETED,0.6,56.0,2349,3762,0.6610971393380314,0.8931648004855961
COMPLETED,0.71,208.0,3219,3304,0.714627815976739,0.2299555579014122
COMPLETED,0.59,91.0,3976,4216,0.276012706566602,0.7605926860012114
COMPLETED,0.6,102.0,1799,964,0.3323441210929304,0.8810759918298572
COMPLETED,0.6,55.0,2098,4708,0.0192496176157146,0.8407893012613058
COMPLETED,0.58,60.0,4235,4498,0.9189592217095196,0.9421186798010022
COMPLETED,0.69,111.0,714,3955,0.4475613653510809,0.2660000427793711
COMPLETED,0.64,116.0,4683,744,0.7306162351109088,0.7797475315965712
COMPLETED,0.59,83.0,1481,3527,0.5118351162858308,0.732373151389882
COMPLETED,0.74,306.0,1002,1556,0.6461179203595966,0.1009387001451104
COMPLETED,0.64,70.0,2194,2907,0.2523938313033432,0.4238443381898105
COMPLETED,0.72,159.0,2518,1737,0.2919611403346062,0.2490503232069313
COMPLETED,0.56,72.0,3662,2358,0.538372767129913,0.906603497257456
COMPLETED,0.62,87.0,3374,4949,0.3679483022131026,0.6952871499639004
COMPLETED,0.67,159.0,790,830,0.8807233900520951,0.6354556784052402
COMPLETED,0.59,79.0,1244,3431,0.2129511925913393,0.9712911255452782
COMPLETED,0.66,100.0,2023,333,0.591781677082181,0.2121915264017879
COMPLETED,0.6,64.0,174,2188,0.3988594403155148,0.8052798256017267
COMPLETED,0.74,458.0,1392,1652,0.0640492980834096,0.3552329455483705
COMPLETED,0.69,194.0,1582,4090,0.7801253328919411,0.0030542393568903
COMPLETED,0.71,392.0,3827,2571,0.6857518828213215,0.2912731884848326
COMPLETED,0.8,857.0,390,199,0.1369031473696232,0.4583868260458111
COMPLETED,0.73,361.0,1201,1913,0.9388096974231304,0.2873835018500685
COMPLETED,0.77,952.0,1605,608,0.0050529806613922,0.6913357025757432
COMPLETED,0.76,722.0,3406,999,0.5972434494532645,0.014729749713093
COMPLETED,0.57,64.0,2239,1770,0.5260317420866341,0.8660483572836966
COMPLETED,0.68,200.0,4199,3908,0.7437088112290948,0.6315188793055713
COMPLETED,0.69,117.0,2544,2943,0.5485414835214615,0.5553496334385127
COMPLETED,0.72,196.0,2790,2319,0.1231763468328863,0.435499848427251
COMPLETED,0.77,403.0,582,712,0.4655269994977861,0.1473113521244377
COMPLETED,0.65,96.0,969,2537,0.3895359710659832,0.6566809062175453
COMPLETED,0.62,104.0,2840,3266,0.1318280730843544,0.7397847011163831
COMPLETED,0.69,210.0,1852,4983,0.5708923467937856,0.3141291109882295
COMPLETED,0.58,59.0,49,4804,0.2892693202793598,0.9656438822336496
COMPLETED,0.69,262.0,4965,4254,0.8120340101458132,0.2734117858335376
COMPLETED,0.76,996.0,4261,782,0.1789707249887287,0.2543169015571475
COMPLETED,0.69,110.0,680,3447,0.8053978474941105,0.6072144845891744
COMPLETED,0.75,676.0,1766,1472,0.9059959027953446,0.226037409344688
COMPLETED,0.73,289.0,3245,2020,0.4449228442460298,0.543499718291685
COMPLETED,0.62,69.0,425,2191,0.6170551285799593,0.676084162991494
COMPLETED,0.57,65.0,2630,682,0.9618498890753836,0.9048497987687588
COMPLETED,0.72,354.0,4347,3053,0.3428019134644419,0.16110080476664
COMPLETED,0.69,130.0,2702,3807,0.3961599763818085,0.0268226033784449
COMPLETED,0.7,114.0,495,2816,0.0522257321961224,0.298927899800241
COMPLETED,0.81,1491.0,749,83,0.7041395670622588,0.9460625260658562
COMPLETED,0.74,522.0,4570,1800,0.0321439036820083,0.1247127896398306
COMPLETED,0.79,2002.0,4405,163,0.932051649114117,0.5900139288771897
COMPLETED,0.76,785.0,1279,909,0.675286000430584,0.5102970153223724
COMPLETED,0.72,300.0,3340,2646,0.8858589015398175,0.4159148041624576
COMPLETED,0.57,76.0,1694,3347,0.4805346116181463,0.8469495469685644
COMPLETED,0.6,58.0,281,4869,0.5033494696523995,0.7552913049533964
COMPLETED,0.59,83.0,3325,2107,0.7220458812173456,0.7383734714332968
COMPLETED,0.75,364.0,3077,1391,0.6975149780455977,0.3626542211435735
COMPLETED,0.72,516.0,4744,1129,0.2629125070180744,0.6428767309300601
COMPLETED,0.7,247.0,4729,4170,0.0989541154447943,0.4529344895519316
COMPLETED,0.68,106.0,501,2434,0.340843705907464,0.6058536929786206
COMPLETED,0.68,102.0,2626,4031,0.6733439859244973,0.1903545475825667
COMPLETED,0.69,135.0,917,3688,0.0301884324550628,0.6775867641624064
COMPLETED,0.7,172.0,1284,3794,0.9638214195109904,0.3360094593372196
COMPLETED,0.57,85.0,4556,3451,0.3672452243324369,0.7843558143749834
COMPLETED,0.6,57.0,2147,2026,0.8839319833219051,0.8444042850844562
COMPLETED,0.66,81.0,2386,4422,0.2097582030948251,0.5078493095524609
COMPLETED,0.72,336.0,4115,2832,0.6190115497149528,0.1222893557865172
COMPLETED,0.69,133.0,1051,4240,0.2648527481146157,0.0889594729561358
COMPLETED,0.59,63.0,1770,3280,0.6955891305655241,0.9325226194728166
COMPLETED,0.67,179.0,3937,4789,0.852154752150178,0.6403595443125815
COMPLETED,0.58,52.0,4891,2525,0.93685244349204,0.9804871481787414
COMPLETED,0.57,71.0,2476,1684,0.3110397999584675,0.920676273452118
COMPLETED,0.74,602.0,4489,1575,0.8073551014252007,0.1636108531318605
COMPLETED,0.72,545.0,1511,669,0.3981002081837505,0.7053069901112468
COMPLETED,0.69,119.0,754,4543,0.9300801279731096,0.1457406996153295
COMPLETED,0.72,490.0,4981,1044,0.5390611706972123,0.5727843860983849
COMPLETED,0.72,236.0,965,2136,0.2257296242658049,0.4979871076680719
COMPLETED,0.7,219.0,3546,3639,0.5240753302462399,0.4369424864202738
COMPLETED,0.78,1126.0,3856,414,0.2872987527642399,0.271085908094421
COMPLETED,0.78,1140.0,1837,384,0.7811779955234378,0.527675150860101
COMPLETED,0.83,1827.0,2321,47,0.6507285964973271,0.3880062129348516
COMPLETED,0.81,3440.0,4642,96,0.1568421745896339,0.6290616540070623
COMPLETED,0.6,80.0,2776,3010,0.2713553938474506,0.7192787061277777
COMPLETED,0.71,154.0,2558,2385,0.8371680342890322,0.3498136346247047
COMPLETED,0.56,60.0,3412,4368,0.7611770950853824,0.8306148324422539
COMPLETED,0.75,271.0,350,798,0.7417362193502486,0.0771753487009555
COMPLETED,0.65,75.0,2233,3558,0.8611245079878718,0.0426404786985367
COMPLETED,0.6,70.0,211,1505,0.9787782756835224,0.6582453722413629
COMPLETED,0.69,141.0,3029,4092,0.3304163700789213,0.3283237988650799
COMPLETED,0.56,81.0,4446,834,0.4456336273495108,0.9436850474998356
COMPLETED,0.59,112.0,4159,4589,0.1349781456980854,0.7783286840599031
COMPLETED,0.71,271.0,3667,2892,0.8268698664363474,0.2467168276142329
COMPLETED,0.65,75.0,376,4504,0.4720275595225394,0.6329180269390344
COMPLETED,0.7,193.0,1406,3598,0.290021029362455,0.5529720396194607
COMPLETED,0.73,227.0,2750,1648,0.5137772516217083,0.0387217780426144
COMPLETED,0.75,504.0,1238,1311,0.42326848757267,0.1868980710674077
COMPLETED,0.69,105.0,2431,2978,0.5364002830684185,0.3537298647761345
COMPLETED,0.74,465.0,1468,1723,0.8470573113411665,0.425203698432073
COMPLETED,0.58,87.0,3581,2267,0.2543645289428532,0.8674473896641284
COMPLETED,0.8,1092.0,830,167,0.4901224741097539,0.7666532015874982
COMPLETED,0.56,60.0,1007,3186,0.996873201424256,0.8076371135096997
COMPLETED,0.77,563.0,709,758,0.1589326842613518,0.5806922544147819
COMPLETED,0.76,1345.0,4185,718,0.8919880428705365,0.4647845236696303
COMPLETED,0.58,75.0,98,1939,0.683779411772266,0.9688358019217848
COMPLETED,0.72,383.0,4058,2796,0.4008301286604255,0.4862439028862864
COMPLETED,0.79,2067.0,4220,214,0.6928597157150507,0.1496851277220994
COMPLETED,0.59,64.0,2881,2613,0.7390443695522845,0.8561493803877384
COMPLETED,0.6,97.0,2967,968,0.778167971143499,0.6976116037704051
COMPLETED,0.58,48.0,8,4201,0.8320929897464812,0.5688462653066962
COMPLETED,0.69,212.0,1814,4334,0.0592485037054866,0.2136360697876662
COMPLETED,0.57,66.0,3204,1359,0.9249517844803632,0.9286134067438544
COMPLETED,0.58,66.0,642,2862,0.3227562586013228,0.988661524258554
COMPLETED,0.59,92.0,3512,3756,0.230857521617785,0.7170111724473536
FAILED,nan,nan,2593,3,0.4167657247278839,0.5038991875741631
COMPLETED,0.74,264.0,2363,863,0.9497467593010516,0.2020296880137175
COMPLETED,0.7,265.0,4309,3726,0.794140838554129,0.3120222446806729
COMPLETED,0.59,106.0,4072,1851,0.3453735794462264,0.6815036040395498
COMPLETED,0.71,307.0,4513,3104,0.0322790610976517,0.5941162285413593
COMPLETED,0.71,228.0,3299,3235,0.4927529349382967,0.0505716931894421
COMPLETED,0.76,812.0,1076,456,0.5214367793984711,0.6520764416605234
COMPLETED,0.53,61.0,3901,4286,0.5609327375087887,0.9554732167646288
COMPLETED,0.71,148.0,245,1075,0.274054381897673,0.4412517517153174
COMPLETED,0.74,692.0,1951,1445,0.7166003000382334,0.533329175511375
COMPLETED,0.73,281.0,3117,1989,0.1820947020854801,0.227562100989744
COMPLETED,0.59,53.0,271,3663,0.8776213296204806,0.8977810496650637
COMPLETED,0.56,72.0,1146,2420,0.6892794137597084,0.8143686099369079
COMPLETED,0.71,344.0,4719,2964,0.4733040797896683,0.3307854251563549
COMPLETED,0.71,141.0,2291,1263,0.7755613119248301,0.2668379555530846
COMPLETED,0.68,126.0,888,4962,0.4043995001669973,0.5427734996471554
COMPLETED,0.81,2961.0,1680,101,0.2545227081514895,0.1598796672988683
COMPLETED,0.7,305.0,4086,4106,0.9931786576900632,0.2209235858749598
COMPLETED,0.69,185.0,510,1218,0.216056558182463,0.7351600449718535
COMPLETED,0.72,256.0,1294,2519,0.5896561574432999,0.4477723666969687
COMPLETED,0.59,68.0,2676,2121,0.3726451114024967,0.9624792328998446
