Status,ACCURACY,RUNTIME,REQLABELS,recent_samples_size,n_reference_samples,recent_samples_proportion,threshold
COMPLETED,0.91,1.0,0.0,2636,2290,0.8010136733055114,0.1245873645991086
COMPLETED,0.91,0.0,0.0,2202,3940,0.3158573264740407,0.6382984148692339
COMPLETED,0.89,2.0,0.76,932,159,0.5321587214935571,0.4709142496306449
COMPLETED,0.91,0.0,0.0,4257,3528,0.0859559250529855,0.766069492386654
COMPLETED,0.91,0.0,0.0,4715,695,0.4669816907271742,0.9693132459688932
COMPLETED,0.91,0.0,0.0,142,3108,0.9149831185378134,0.2686613746900111
COMPLETED,0.91,0.0,0.0,1724,1851,0.1980960518661886,0.6222401877176017
COMPLETED,0.91,0.0,0.0,3406,4419,0.6851124264728277,0.1396567923109978
COMPLETED,0.91,0.0,0.0,3665,590,0.160074209768325,0.3179751817863434
COMPLETED,0.91,0.0,0.0,1523,3179,0.7074838865771889,0.9269548961054532
COMPLETED,0.91,0.0,0.0,371,1936,0.4289292749743908,0.2133321568388491
COMPLETED,0.91,0.0,0.0,4466,4367,0.9373851560149342,0.541868127601221
COMPLETED,0.91,0.0,0.0,3988,1418,0.5720749349109828,0.7129484333861618
COMPLETED,0.91,0.0,0.0,1142,4768,0.0615768296420574,0.0412915479261428
COMPLETED,0.91,0.0,0.0,1982,1050,0.8409607094731181,0.8183072019647806
COMPLETED,0.91,0.0,0.0,2875,2681,0.2914474194664508,0.4275813350062817
COMPLETED,0.91,0.0,0.0,3085,1159,0.7451229965947568,0.5634594064764678
COMPLETED,0.91,0.0,0.0,2104,2654,0.1377728170007467,0.1746805126927793
COMPLETED,0.91,0.0,0.0,1030,1377,0.9830646706875412,0.9658418032899498
COMPLETED,0.91,0.0,0.0,3808,4902,0.3990747822392731,0.2961316233202814
COMPLETED,0.91,0.0,0.0,4578,2149,0.0178358263410627,0.4672000915035605
COMPLETED,0.91,0.0,0.0,552,4091,0.5999661703333258,0.7937843599990009
COMPLETED,0.91,1.0,0.78,1314,329,0.2557472967039793,0.0660511995516717
COMPLETED,0.91,0.0,0.0,3544,3367,0.861298369044438,0.6730794198028743
COMPLETED,0.91,0.0,0.0,3138,1570,0.3561792333498597,0.8692927533499896
COMPLETED,0.91,0.0,0.0,1700,4626,0.776526328343898,0.3847590833269059
COMPLETED,0.91,0.0,0.0,196,888,0.1182376652155071,0.7242189092710614
COMPLETED,0.91,0.0,0.0,4993,2852,0.5152242311220616,0.0216160198077559
COMPLETED,0.92,5.0,0.99,4203,136,0.8807476387321947,0.224845318429172
COMPLETED,0.91,0.0,0.0,654,3643,0.48586421013996,0.5219480102434754
COMPLETED,0.91,0.0,0.0,2470,2420,0.642836304070428,0.3687161439321935
COMPLETED,0.91,0.0,0.0,2660,3894,0.2245319091882556,0.8843753301315009
COMPLETED,0.91,1.0,0.7099999999999999,2735,267,0.4092408357281238,0.6561380951125175
COMPLETED,0.91,0.0,0.0,2390,3460,0.9572900701966136,0.082002688454464
COMPLETED,0.91,0.0,0.0,730,2198,0.1791263556182384,0.8087769436817616
COMPLETED,0.91,0.0,0.0,4122,3986,0.6881608812324703,0.4531973473262042
COMPLETED,0.91,0.0,0.0,4914,1778,0.8198101702723652,0.3123272553216666
COMPLETED,0.91,0.0,0.0,271,4523,0.3128145377021283,0.9486563355010001
COMPLETED,0.91,0.0,0.0,1618,746,0.5896654864326119,0.1604345771837979
COMPLETED,0.91,0.0,0.0,3214,3021,0.0437155822105705,0.5786951814908534
COMPLETED,0.91,0.0,0.0,3463,2005,0.5517024178039281,0.9013012053389102
COMPLETED,0.91,0.0,0.0,1389,4262,0.0661500987354665,0.3527496516872197
COMPLETED,0.91,0.0,0.0,471,539,0.7818170001544058,0.5069708797615021
COMPLETED,0.91,0.0,0.0,4655,3263,0.3352791519984603,0.2388630696665495
COMPLETED,0.91,0.0,0.0,3882,939,0.2191018183883279,0.0054054142069071
COMPLETED,0.91,0.0,0.0,950,2745,0.6638443663585931,0.7413888978343456
COMPLETED,0.91,0.0,0.0,2180,1507,0.4492466342113912,0.3990199961531907
COMPLETED,0.91,0.0,0.0,3004,4721,0.9329432158917188,0.854072461279109
COMPLETED,0.91,0.0,0.0,2950,1324,0.1079367675390094,0.1568422600999474
COMPLETED,0.91,0.0,0.0,1902,4987,0.5257559992093593,0.6060445557162165
COMPLETED,0.91,0.0,0.0,1219,1229,0.3690256540887058,0.2534255996756255
COMPLETED,0.91,0.0,0.0,3907,2547,0.7634234435856341,0.9835591814778744
COMPLETED,0.91,0.0,0.0,4386,419,0.6320482727270573,0.7501180034838617
COMPLETED,0.91,0.0,0.0,446,3318,0.2355506771001964,0.4878555743210017
COMPLETED,0.91,0.0,0.0,1442,2037,0.8931064796634018,0.6523011590465903
COMPLETED,0.91,0.0,0.0,3742,4157,0.4732488308325409,0.1095947781279683
COMPLETED,0.91,0.0,0.0,3326,797,0.993479646557942,0.4104113464429974
COMPLETED,0.91,0.0,0.0,1799,2896,0.3884137374293059,0.8345178075656294
COMPLETED,0.91,0.0,0.0,60,1678,0.7323908622488379,0.0565118399970233
COMPLETED,0.91,0.0,0.0,4791,4560,0.1507461573518812,0.6986875205598772
COMPLETED,0.91,0.0,0.0,4332,2469,0.2666493764985352,0.5578346198461949
COMPLETED,0.91,0.0,0.0,853,3807,0.8501502946671098,0.1964062816314399
FAILED,,,,2278,65,0.0055913015455007,0.9129371448680758
COMPLETED,0.91,0.0,0.0,2555,3746,0.6124520349763333,0.3329523122683167
COMPLETED,0.91,0.0,0.0,2527,724,0.053341266285628,0.840943224472925
COMPLETED,0.91,0.0,0.0,2325,2999,0.5646906341612338,0.4210377289038151
COMPLETED,0.91,0.0,0.0,782,1722,0.2832122093047946,0.688304598974064
COMPLETED,0.91,0.0,0.0,4343,4467,0.833576055528596,0.0498428469616919
COMPLETED,0.91,0.0,0.0,4821,2259,0.717766079802066,0.1906528289336711
COMPLETED,0.91,0.0,0.0,11,4047,0.1653595334663987,0.5484854956436902
COMPLETED,0.91,0.0,0.0,1867,284,0.9476672265511004,0.3425452542584389
COMPLETED,0.91,0.0,0.0,3318,3477,0.4342147213611751,0.918446902466938
COMPLETED,0.91,0.0,0.0,3674,1524,0.9077237669453024,0.5995562794338912
COMPLETED,0.91,0.0,0.0,1452,4738,0.4586277216114103,0.1462710076253861
COMPLETED,0.91,0.0,0.0,417,1000,0.6778529596272856,0.9938868280816822
COMPLETED,0.91,0.0,0.0,4436,2806,0.1897421980034559,0.2601573665756732
COMPLETED,0.91,0.0,0.0,3977,483,0.3212677183002233,0.4935539007503539
COMPLETED,0.91,0.0,0.0,1207,3206,0.8111775871776044,0.7595299907792359
COMPLETED,0.91,0.0,0.0,1929,1983,0.0913666775096207,0.0999390659909695
COMPLETED,0.91,0.0,0.0,2903,4240,0.5423222672995179,0.6468466801475734
COMPLETED,0.91,0.0,0.0,3016,2098,0.4950552285611629,0.3460159961245953
COMPLETED,0.91,0.0,0.0,2110,4218,0.8871384137384593,0.890975447397679
COMPLETED,0.91,0.0,0.0,997,436,0.2337228123564273,0.2494324037358164
COMPLETED,0.91,0.0,0.0,3855,3336,0.6492271943297236,0.5134610744491219
COMPLETED,0.91,0.0,0.0,4645,1208,0.7652503714337944,0.7468414880707859
COMPLETED,0.91,0.0,0.0,538,2525,0.3518496026583016,0.0150630150064826
COMPLETED,0.91,0.0,0.0,1339,1268,0.5039486348424107,0.8446585555784403
COMPLETED,0.91,0.0,0.0,3493,4930,0.1139076738934963,0.3933235881291329
COMPLETED,0.91,42.0,0.98,3264,9,0.6062393723763525,0.0886697928272187
COMPLETED,0.91,0.0,0.0,1588,3690,0.0271531025990843,0.6665229053609073
COMPLETED,0.91,0.0,0.0,280,2447,0.8675719242822378,0.442569046460092
COMPLETED,0.91,0.0,0.0,4846,3785,0.2650642197672277,0.8023534451797604
COMPLETED,0.91,0.0,0.0,4075,1695,0.1333254943750798,0.9431446892395616
COMPLETED,0.91,0.0,0.0,758,4577,0.7339731785506008,0.3027362019941211
COMPLETED,0.91,0.0,0.0,2379,858,0.3946273369248956,0.5880423872880637
COMPLETED,0.91,0.0,0.0,2806,2957,0.9719149753320963,0.1661899482868611
COMPLETED,0.91,0.0,0.0,2729,1829,0.6594066171701997,0.3783317052591592
COMPLETED,0.91,0.0,0.0,2460,4397,0.2079653882849961,0.8586606026608496
COMPLETED,0.91,0.0,0.0,683,639,0.9285053514502942,0.0320045943688601
COMPLETED,0.91,0.0,0.0,4155,3052,0.4381103193610906,0.7308897482138126
COMPLETED,0.91,3.0,0.8599999999999999,4927,220,0.0724327552448958,0.5277072348874062
COMPLETED,0.91,0.0,0.0,203,3589,0.5610329630319028,0.2341964075099676
COMPLETED,0.91,0.0,0.0,1668,2307,0.3415621691383421,0.8747805459517985
COMPLETED,0.91,0.0,0.0,3189,3957,0.7911471847519278,0.3632007370758801
COMPLETED,0.91,0.0,0.0,3574,1067,0.3015594638977199,0.1811668278146535
COMPLETED,0.91,0.0,0.0,1263,2698,0.8154976081829518,0.5740248907227069
COMPLETED,0.91,0.0,0.0,618,1479,0.0324608616009354,0.2858096296917647
COMPLETED,0.91,0.0,0.0,4570,4829,0.5853525711484253,0.959111882297322
COMPLETED,0.91,0.0,0.0,3779,1880,0.9665020906943828,0.7880918055158108
COMPLETED,0.91,0.0,0.0,1078,4311,0.4156487983074039,0.4577900690864771
COMPLETED,0.91,0.0,0.0,2035,568,0.6973727790415287,0.6827332897502929
COMPLETED,0.91,0.0,0.0,3095,3157,0.1855344408862292,0.0715000291932374
COMPLETED,0.91,0.0,0.0,2827,390,0.8555739554632456,0.9336828986927866
COMPLETED,0.91,0.0,0.0,2011,3428,0.2768227374013513,0.3282990938201546
COMPLETED,0.91,0.0,0.0,1132,2166,0.6178760489672422,0.5313007546924055
COMPLETED,0.91,0.0,0.0,4057,4108,0.0157643092535436,0.2068477303795516
COMPLETED,0.91,0.0,0.0,4517,1355,0.381167773777619,0.0358407998792827
COMPLETED,0.91,0.0,0.0,340,4880,0.9851352508794516,0.7032964818440378
COMPLETED,0.91,0.0,0.0,1532,1103,0.1435000710114836,0.4369894687607884
COMPLETED,0.91,0.0,0.0,3599,2598,0.7240465892590581,0.8240016451105475
COMPLETED,0.91,0.0,0.0,3399,2364,0.2458500578980892,0.6316256575211882
COMPLETED,0.91,0.0,0.0,1790,3838,0.6373545985016971,0.1142007056549191
COMPLETED,0.91,1.0,0.68,91,114,0.4835480963774025,0.7766997544132171
COMPLETED,0.91,0.0,0.0,4747,3621,0.8984129206910729,0.4773435163609683
COMPLETED,0.91,0.0,0.0,4267,905,0.5175375044550746,0.27417486314103
COMPLETED,0.91,0.0,0.0,863,2869,0.1005733498949557,0.97890994855389
COMPLETED,0.91,0.0,0.0,2250,1631,0.7552053094618021,0.1303038145676255
COMPLETED,0.91,0.0,0.0,2607,4687,0.3616618758141994,0.6164828517362475
COMPLETED,0.91,0.0,0.0,2581,515,0.5010510732550174,0.2188642363473773
COMPLETED,0.91,0.0,0.0,2232,3259,0.11673618032597,0.5434999999180437
COMPLETED,0.91,0.0,0.0,884,2022,0.7701499079167842,0.316213049378246
COMPLETED,0.91,0.0,0.0,4280,4297,0.3468809812776744,0.9212922888211906
COMPLETED,0.91,0.0,0.0,4758,1504,0.230825540760532,0.8126627972237765
COMPLETED,0.91,0.0,0.0,114,4697,0.6520555148702115,0.4258333601318299
COMPLETED,0.91,0.0,0.0,1774,974,0.4999546088948845,0.7145678137615323
COMPLETED,0.91,0.0,0.0,3371,2762,0.8821701120920478,0.0468075663670897
COMPLETED,0.91,0.0,0.0,3620,2214,0.3976391254197806,0.4731961639150977
COMPLETED,0.91,0.0,0.0,1544,4020,0.968957043463364,0.772247836537659
COMPLETED,0.91,1.0,0.98,314,244,0.128540155056864,0.1185393037758767
COMPLETED,0.91,0.0,0.0,4499,3458,0.7388123447522521,0.6361469948999584
COMPLETED,0.91,0.0,0.0,4041,781,0.8705833930429071,0.6201048288159072
COMPLETED,0.91,0.0,0.0,1104,3037,0.2621064440477639,0.1336212262175977
COMPLETED,0.91,0.0,0.0,2022,1775,0.6014542189501226,0.9754774325862526
COMPLETED,0.91,0.0,0.0,2849,4499,0.0319919788092374,0.2709250864312052
COMPLETED,0.91,0.0,0.0,3108,1645,0.9505638438072056,0.7186476734746247
COMPLETED,0.91,0.0,0.0,2057,4545,0.4313852705974131,0.0199452588874846
COMPLETED,0.91,0.0,0.0,1061,803,0.7128655692450702,0.8710769102405757
COMPLETED,0.91,0.0,0.0,3753,2923,0.1703271807730197,0.3904434474091976
COMPLETED,0.91,14.0,1.0,4543,51,0.2861085216980427,0.374384446946904
COMPLETED,0.91,0.0,0.0,602,3713,0.830746775785461,0.8861469950806349
COMPLETED,0.91,0.0,0.0,1285,2496,0.0484409564919769,0.2231887150425463
COMPLETED,0.91,0.0,0.0,3586,3813,0.5696580063477159,0.5163949769902973
COMPLETED,0.91,0.0,0.0,3171,1235,0.0883558630887418,0.963599015550688
COMPLETED,0.91,0.0,0.0,1642,2573,0.545281173242256,0.2899921975154429
COMPLETED,0.91,0.0,0.0,216,1292,0.3260540019497275,0.5694854697715491
COMPLETED,0.91,0.0,0.0,4948,4973,0.8063393653072417,0.1768101461213082
COMPLETED,0.91,0.0,0.0,4178,2063,0.6748424203265458,0.0681626304369419
COMPLETED,0.91,0.0,0.0,694,4162,0.1927009031828492,0.6790913255643098
COMPLETED,0.91,0.0,0.0,2433,405,0.9125098795741796,0.461073157640174
COMPLETED,0.91,0.0,0.0,2713,3286,0.4537898046039045,0.7915576333273202
COMPLETED,0.91,0.0,0.0,2793,1929,0.148346323415637,0.5014026312492788
COMPLETED,0.91,0.0,0.0,2358,4342,0.7192683361433446,0.2371912212781608
COMPLETED,0.91,0.0,0.0,775,624,0.3782168983686715,0.9030880818292498
COMPLETED,0.91,0.0,0.0,4101,3192,0.988154095834121,0.3584331959858536
COMPLETED,0.91,0.0,0.0,4873,1024,0.6227221154794096,0.404689144976437
COMPLETED,0.91,0.0,0.0,296,2674,0.010986346129328,0.855841373167932
COMPLETED,0.91,0.0,0.0,1566,1432,0.8526233997885136,0.0037498648278415
COMPLETED,0.91,0.0,0.0,3252,4801,0.2798414262067526,0.7358329033218323
COMPLETED,0.91,1.0,0.63,3511,192,0.7502448598928749,0.8065350017510354
COMPLETED,0.91,0.0,0.0,1365,3541,0.3665695841088891,0.4470551684610545
COMPLETED,0.91,0.0,0.0,526,2284,0.5203741529565304,0.6621652124151587
COMPLETED,0.91,0.0,0.0,4624,3915,0.0976839303765445,0.0841293606236577
COMPLETED,0.91,0.0,0.0,3833,1863,0.4785878029577433,0.1625489953532814
COMPLETED,0.91,0.0,0.0,985,4452,0.9033203092515468,0.5847059997841715
COMPLETED,0.91,0.0,0.0,2138,670,0.248686416408047,0.3062030410580336
COMPLETED,0.91,0.0,0.0,3032,3102,0.6344653648752719,0.9464287890456616
COMPLETED,0.91,0.0,0.0,2929,873,0.3367149724029004,0.0620431034397333
COMPLETED,0.91,0.0,0.0,1947,2816,0.795924493536353,0.7003221161942929
COMPLETED,0.91,0.0,0.0,1185,1593,0.0753826565798371,0.4086481302846223
COMPLETED,0.91,0.0,0.0,3964,4630,0.5580131440032273,0.8288581912834198
COMPLETED,0.91,0.0,0.0,4424,2383,0.9236583257354796,0.907289782585576
COMPLETED,0.91,0.0,0.0,394,3878,0.442887323282659,0.3312053951192647
COMPLETED,0.92,4.0,0.97,1468,141,0.6623562433850019,0.5594512508790939
COMPLETED,0.91,0.0,0.0,3702,3665,0.2049457700196653,0.2019231495987623
COMPLETED,0.91,0.0,0.0,3296,1400,0.7023342026844621,0.2557045564185828
COMPLETED,0.91,0.0,0.0,1854,4906,0.1806277066655457,0.9897385833542794
COMPLETED,0.91,0.0,0.0,37,1144,0.9636663865242152,0.1507914527226239
COMPLETED,0.91,0.0,0.0,4839,2618,0.4185391621571034,0.6038939852733165
COMPLETED,0.91,2.0,0.65,4360,333,0.037422084480524,0.6501649840790777
COMPLETED,0.91,0.0,0.0,809,3389,0.5804461120478808,0.1035619353521615
COMPLETED,0.91,0.0,0.0,2313,2113,0.2987240645904093,0.7562811063509434
COMPLETED,0.91,0.0,0.0,2504,4076,0.8183878010120242,0.4901222770642489
COMPLETED,0.91,0.0,0.0,2572,1453,0.2509700399693101,0.9956784782782196
COMPLETED,0.91,0.0,0.0,2304,4823,0.8661456178296357,0.2658494619056582
COMPLETED,0.91,0.0,0.0,840,1080,0.0208556974194943,0.5939927748851477
COMPLETED,0.91,0.0,0.0,4311,2730,0.5970163210481405,0.1446077400110661
COMPLETED,0.91,0.0,0.0,4769,563,0.9782876147162168,0.0982901938520371
COMPLETED,0.91,0.0,0.0,49,3131,0.4039217559043318,0.6413011402003466
COMPLETED,0.91,0.0,0.0,1826,1912,0.7481425628103315,0.4992296970710158
COMPLETED,0.91,0.0,0.0,3343,4325,0.1348231387361884,0.7613093869760632
COMPLETED,0.91,0.0,0.0,3729,653,0.6477429862413555,0.6943231652453542
COMPLETED,0.91,0.0,0.0,1421,3085,0.2195704334955662,0.0519647454246878
COMPLETED,0.91,0.0,0.0,464,1802,0.8778572228327393,0.83869270176813
COMPLETED,0.91,0.0,0.0,4412,4391,0.4886998622603714,0.4148908060751855
COMPLETED,0.91,0.0,0.0,3935,2340,0.1231441763658076,0.3364105854295194
COMPLETED,0.91,0.0,0.0,1235,3971,0.510263060292229,0.916212678771466
COMPLETED,0.92,3.0,0.95,1880,214,0.3532890925705433,0.1927567627951502
COMPLETED,0.91,0.0,0.0,2938,3563,0.7793617797009647,0.5544896664395929
COMPLETED,0.91,5.0,0.94,2982,80,0.2028742380607873,0.4408144110757857
COMPLETED,0.91,0.0,0.0,2168,3604,0.6802661071475595,0.7966985728610307
COMPLETED,0.91,0.0,0.0,976,2366,0.4639627788513898,0.0942096073012799
COMPLETED,0.91,0.0,0.0,3900,3861,0.917933927025646,0.6681622747015207
COMPLETED,0.91,0.0,0.0,4671,1615,0.5369367515388876,0.5896695026289671
COMPLETED,0.91,0.0,0.0,498,4652,0.081109925461933,0.1717134637515991
COMPLETED,0.91,0.0,0.0,1377,929,0.7979950588569044,0.9375077815223484
COMPLETED,0.91,0.0,0.0,3441,2872,0.3188079490698874,0.3009959620852023
RUNNING,,,,3241,2169,0.8360530680995434,0.2433768523950129
COMPLETED,0.91,0.0,0.0,1636,4132,0.296407935956493,0.511301923232153
COMPLETED,0.91,0.0,0.0,249,355,0.5749644213505088,0.3482901791613549
COMPLETED,0.91,0.0,0.0,4901,3411,0.0587402480617165,0.8971462982427328
COMPLETED,0.91,0.0,0.0,4110,1127,0.424021819492802,0.8508150109481066
RUNNING,,,,707,2601,0.9423453825134784,0.3955798065643757
COMPLETED,0.91,0.0,0.0,2407,1339,0.1629633764736354,0.7446986358631402
COMPLETED,0.91,0.0,0.0,2763,4845,0.7046474611461162,0.0090197176653891
COMPLETED,0.91,0.0,0.0,2681,996,0.8959359824769197,0.2840541447810828
COMPLETED,0.91,0.0,0.0,2483,2784,0.470352265626192,0.9534597593210636
COMPLETED,0.91,0.0,0.0,628,1560,0.6270806774701922,0.1867055845633149
COMPLETED,0.91,0.0,0.0,4185,4753,0.2404512397069483,0.5756672176048159
COMPLETED,0.91,0.0,0.0,4977,1961,0.3718548817820847,0.6843574140891433
COMPLETED,0.91,0.0,0.0,168,4236,0.76052707914263,0.0770246284082531
COMPLETED,0.91,0.0,0.0,1711,498,0.1029693433027714,0.7824521744810043
COMPLETED,0.91,0.0,0.0,3161,3242,0.5306562569532542,0.4560506452433765
COMPLETED,0.91,0.0,0.0,3517,1758,0.0026323435530066,0.0259460520260035
COMPLETED,0.91,0.0,0.0,1296,4482,0.6154627973474562,0.7287316807471215
COMPLETED,0.91,0.0,0.0,573,720,0.2714875463191419,0.3806031649783253
COMPLETED,0.91,0.0,0.0,4591,2976,0.8453639589678495,0.8648322695717215
COMPLETED,0.91,0.0,0.0,3819,300,0.7294322091192007,0.8809361517950892
COMPLETED,0.91,0.0,0.0,1052,3514,0.153756748702377,0.3654597048535943
COMPLETED,0.91,0.0,0.0,2087,2236,0.998317615615204,0.5255633249543608
COMPLETED,0.91,0.0,0.0,3057,4042,0.3836276768501847,0.2281560677103698
COMPLETED,0.91,0.0,0.0,2858,2435,0.5868369130790234,0.7784943658690899
COMPLETED,0.91,0.0,0.0,1956,3752,0.0466130768768489,0.4830345576833933
COMPLETED,0.91,11.0,0.96,1155,34,0.8247787247318774,0.6260649060327559
COMPLETED,0.91,0.0,0.0,4010,3696,0.3079149342980235,0.1125365922320634
COMPLETED,0.91,0.0,0.0,4489,825,0.1762981019988656,0.1286557622123509
COMPLETED,0.91,0.0,0.0,383,2945,0.6910582197494805,0.6109345921892672
COMPLETED,0.91,0.0,0.0,1496,1702,0.4142092042956501,0.2798517469298094
COMPLETED,0.91,0.0,0.0,3649,4602,0.9523907567840068,0.980686357466504
COMPLETED,0.91,0.0,0.0,3419,461,0.452204633001238,0.5373201407473533
COMPLETED,0.91,0.0,0.0,1745,3343,0.9299314943179487,0.2089669092427939
COMPLETED,0.91,0.0,0.0,124,2085,0.2142627191077917,0.9314334634561092
COMPLETED,0.91,0.0,0.0,4689,4184,0.6686297725979238,0.3221491837073117
COMPLETED,0.91,0.0,0.0,4229,1275,0.7847747089527546,0.4308577611912041
COMPLETED,0.91,0.0,0.0,916,4956,0.3322676163166761,0.8217663674075156
COMPLETED,0.91,0.0,0.0,2225,1174,0.5468634746726602,0.0379474868010729
COMPLETED,0.91,0.0,0.0,2648,2512,0.0709351852405816,0.7092998068314045
COMPLETED,0.91,0.0,0.0,2639,1184,0.4707632607240229,0.4536028781291097
COMPLETED,0.91,0.0,0.0,2213,2502,0.8955245282258837,0.7839034397210926
COMPLETED,0.91,0.0,0.0,904,1284,0.2408925519287586,0.0755668216291815
COMPLETED,0.91,0.0,0.0,4221,4947,0.6266388726346194,0.6867984017226844
COMPLETED,0.91,0.0,0.0,4699,2075,0.7580446877870709,0.5771170589122921
COMPLETED,0.91,0.0,0.0,133,4194,0.374336784241721,0.1842573452834039
COMPLETED,0.91,0.0,0.0,1755,452,0.5281432993784547,0.9558993155863136
COMPLETED,0.91,0.0,0.0,3430,3352,0.1054818380065262,0.2825958584006875
COMPLETED,0.91,0.0,0.0,3640,1711,0.6149301117789,0.2305883667524903
COMPLETED,0.91,0.0,0.0,1486,4592,0.0031655217353254,0.5240970675256102
COMPLETED,0.91,0.0,0.0,373,835,0.8448006848730147,0.3669329834226519
COMPLETED,0.91,0.0,0.0,4480,2934,0.272051279567182,0.87851016006805
COMPLETED,0.92,20.0,0.98,4021,24,0.1561174198444932,0.8633674435112624
COMPLETED,0.91,0.0,0.0,1163,3705,0.7270720008481293,0.3830359436217695
COMPLETED,0.91,0.0,0.0,1963,2424,0.3860187022946774,0.7263071129526943
COMPLETED,0.91,0.0,0.0,2869,3763,0.995927079066634,0.0274198027607053
COMPLETED,0.91,0.0,0.0,3050,2245,0.045197151562199,0.9831271052993834
COMPLETED,0.91,0.0,0.0,2076,4033,0.5882533310074359,0.2783941762335598
COMPLETED,0.91,1.0,0.76,1041,311,0.3065293335430324,0.6123851417452097
COMPLETED,0.91,0.0,0.0,3811,3503,0.8261647846400738,0.1262087070643901
COMPLETED,0.91,0.0,0.0,4602,710,0.6945457829814404,0.1110775901675224
COMPLETED,0.91,0.0,0.0,582,2985,0.1728110016379505,0.6285051742643117
COMPLETED,0.91,0.0,0.0,1305,1748,0.9558477612324058,0.4805860786028206
COMPLETED,0.91,0.0,0.0,3527,4492,0.410752688743174,0.779944443259388
COMPLETED,0.91,0.0,0.0,3151,508,0.9314693815056234,0.7068745270706713
COMPLETED,0.91,0.0,0.0,1700,3232,0.4506662866603582,0.0394200496859848
COMPLETED,0.91,0.0,0.0,158,1970,0.6701370638236404,0.8203003460615873
COMPLETED,0.91,0.0,0.0,4968,4226,0.2127549352683126,0.4332898204326629
COMPLETED,0.91,0.0,0.0,4197,1550,0.3289019852150231,0.3236231705248355
COMPLETED,0.91,0.0,0.0,636,4763,0.7881398511584848,0.92900865586102
COMPLETED,0.91,0.0,0.0,2491,987,0.0675999010056257,0.211400399852544
COMPLETED,0.91,0.0,0.0,2693,2793,0.5501982960365712,0.5358545990027486
COMPLETED,0.91,0.0,0.0,2773,1330,0.862779996022582,0.7637490659300237
COMPLETED,0.91,0.0,0.0,2416,4854,0.2543351989053189,0.4977712954375893
COMPLETED,0.91,0.0,0.0,717,1117,0.5936810275185853,0.6427508588191122
COMPLETED,0.91,0.0,0.0,4121,2612,0.0241905020531266,0.0958420698251575
COMPLETED,0.91,2.0,0.96,4893,364,0.405459622643888,0.1431498105432838
COMPLETED,0.91,0.0,0.0,237,3402,0.976749255362898,0.5964338777717202
COMPLETED,0.91,0.0,0.0,1624,2179,0.1363304504100233,0.2634018174801021
COMPLETED,0.91,0.0,0.0,3233,4122,0.7466347919832915,0.9971296282652764
COMPLETED,0.91,0.0,0.0,3452,919,0.2230580134578049,0.5520654592756182
COMPLETED,0.91,0.0,0.0,1385,2882,0.6442558951750397,0.1942301603350788
COMPLETED,0.91,0.0,0.0,506,1606,0.4921568499784916,0.9147474920805544
COMPLETED,0.91,0.0,0.0,4683,4662,0.8744006979856639,0.3388437172677367
RUNNING,,,,3891,2377,0.5088471219651401,0.4163637240137905
RUNNING,,,,966,3851,0.1245605738461017,0.836267063235864
RUNNING,,,,2157,89,0.7779761919584124,0.054397405097261
RUNNING,,,,2973,3595,0.354675172926858,0.6928565546218306
RUNNING,,,,2949,203,0.6826267950199544,0.2985471223741769
RUNNING,,,,1888,3573,0.2005140390843153,0.93895821210742
RUNNING,,,,1244,2331,0.92032493573986,0.1702548223175108
RUNNING,,,,3945,3980,0.4615722330082208,0.5921094176657496
RUNNING,,,,4405,1813,0.0805772268809378,0.6696131848879158
RUNNING,,,,453,4381,0.537469909273088,0.0917621989585459
RUNNING,,,,1410,663,0.3182446879874915,0.7991389600634575
RUNNING,,,,3721,3075,0.798558812553063,0.4393571935743093
RUNNING,,,,3355,1903,0.293925553895533,0.0114530855864286
RUNNING,,,,1834,4334,0.8385349872894585,0.7432332093715667
RUNNING,,,,57,553,0.0562272811923176,0.3970539160706103
RUNNING,,,,4781,3141,0.5774768993239849,0.8483900880999862
RUNNING,,,,4301,1089,0.9427563571631908,0.8956803995855152
RUNNING,,,,829,2721,0.4236103522293269,0.3507221231497824
RUNNING,,,,2294,1464,0.705088793816045,0.5088765207827091
RUNNING,,,,2563,4813,0.1625215846505016,0.2448495305329561
RUNNING,,,,2514,2123,0.7216589879449457,0.7372914257850498
RUNNING,,,,2324,4066,0.145955182718113,0.0013100687619298
RUNNING,,,,820,342,0.9905141888521612,0.8582893800828605
RUNNING,,,,4369,3380,0.3758563424795866,0.4032395471874624
RUNNING,,,,4827,1134,0.0104227281343191,0.35599197598733
RUNNING,,,,29,2629,0.6232852743212133,0.9045461321268232
RUNNING,,,,1846,1391,0.2793081327714025,0.2357401921208947
RUNNING,,,,3284,4915,0.8531562006101012,0.5038501585628837
RUNNING,,,,3709,150,0.364057212093845,0.944955274393782
RUNNING,,,,1479,3656,0.7527576947789639,0.3086273690517991
RUNNING,,,,405,2394,0.0952019052281975,0.582272988775745
RUNNING,,,,4432,3868,0.5228566670008002,0.164014064932242
RUNNING,,,,3954,1584,0.9037622367758305,0.0865551199857145
RUNNING,,,,1176,4640,0.4781463680472224,0.6606921773646027
RUNNING,,,,1938,863,0.6348766964375973,0.448521661972627
RUNNING,,,,2919,2826,0.2482755439989268,0.804102462908253
RUNNING,,,,3041,680,0.7925897948611527,0.200472836125642
RUNNING,,,,2148,3092,0.3400501339491456,0.5618999697603285
RUNNING,,,,996,1874,0.5546478791087865,0.3287653592526912
RUNNING,,,,3842,4442,0.0787484103702008,0.9087485411316156
RUNNING,,,,4613,2275,0.4443952298108488,0.8313054787963629
RUNNING,,,,518,3924,0.9221509118210524,0.4071973372101783
RUNNING,,,,1358,181,0.2064839936718344,0.7017794508077204
RUNNING,,,,3500,3551,0.660818478886038,0.0596025954075157
RUNNING,,,,3260,1442,0.184084337471053,0.4915875827260315
RUNNING,,,,1578,4791,0.6988770829830317,0.753847855541855
RUNNING,,,,308,1033,0.4220261472649872,0.1059869753122329
RUNNING,,,,4881,2665,0.9601789385452866,0.6486907537430525
RUNNING,,,,4091,614,0.5790601673927158,0.6014621583968401
RUNNING,,,,766,3202,0.0388075699824839,0.1522572305500507
RUNNING,,,,2348,1920,0.8169712678305804,0.9882657843865454
RUNNING,,,,2782,4351,0.3001401051580905,0.2581300759799778
RUNNING,,,,2701,396,0.1153502226583659,0.0453561840150505
RUNNING,,,,2424,3296,0.5024365383088589,0.7170157017055899
RUNNING,,,,686,2053,0.3454644611086696,0.4233924933280795
RUNNING,,,,4166,4172,0.7715659689325838,0.8141204868908971
RUNNING,,,,4958,1301,0.6555121624059975,0.9237406489308924
RUNNING,,,,227,4964,0.2273684303537011,0.3147630909588187
RUNNING,,,,1653,1245,0.8856570804696529,0.5449581691864877
RUNNING,,,,3180,2563,0.4964671516213566,0.2164248009119182
RUNNING,,,,3576,2485,0.9704649295434356,0.2723914646897465
RUNNING,,,,1277,3824,0.3961316984929144,0.9730450164321808
RUNNING,,,,593,42,0.7403505888525396,0.1360471008326858
RUNNING,,,,4533,3722,0.127002403570339,0.6186316710766405
RUNNING,,,,3760,813,0.2587717546671629,0.6337140991445631
RUNNING,,,,1072,2912,0.873918571319431,0.1200042506661266
RUNNING,,,,2068,1655,0.0286267046201974,0.7707742066327482
RUNNING,,,,3116,4536,0.6048199560102075,0.4756206145975738
RUNNING,,,,2838,1765,0.4318271776735782,0.5178524268567563
RUNNING,,,,2014,4510,0.9501223958842456,0.220748084321618
RUNNING,,,,1097,772,0.1707385327834635,0.8885941673405467
RUNNING,,,,4029,3046,0.7124547098483889,0.3729337765611708
RUNNING,,,,4508,254,0.8282344130650162,0.3880032962895929
RUNNING,,,,324,3447,0.2886213733144104,0.8725357914753257
RUNNING,,,,1555,2223,0.5671759719047695,0.0184950606673955
RUNNING,,,,3629,4011,0.0509234538059681,0.7210962696671485
RUNNING,,,,3361,965,0.5447175422348081,0.7900851875543594
RUNNING,,,,1765,2771,0.0889190014824271,0.4634983165711164
RUNNING,,,,104,1493,0.8058060848843305,0.6766591454930603
RUNNING,,,,4747,4707,0.3265868232194334,0.0696287688948214
RUNNING,,,,4288,2031,0.195091571714729,0.1792348328866064
RUNNING,,,,896,4287,0.672451288923621,0.5680116000659763
RUNNING,,,,2244,525,0.4561498808916658,0.2914578563719987
RUNNING,,,,2589,3249,0.9101493143904954,0.9611654041111468
RUNNING,,,,2616,1640,0.2113305435031652,0.3607535629570484
RUNNING,,,,2260,4678,0.6560409990809857,0.8762312144786119
RUNNING,,,,874,916,0.4414451277125626,0.232738955784589
RUNNING,,,,4277,2858,0.9251700542028992,0.5301478637494146
RUNNING,,,,4734,105,0.5594945999607444,0.7323399445749819
RUNNING,,,,83,3630,0.0739706257022917,0.0295559963174164
RUNNING,,,,1782,2353,0.7896394176427274,0.8611007519215345
RUNNING,,,,3387,3848,0.3430694770943373,0.3768728221654891
RUNNING,,,,3607,1113,0.8120105208344757,0.0739322074055671
RUNNING,,,,1543,2587,0.3050470401421189,0.6812671494334936
RUNNING,,,,352,1365,0.5818960425835102,0.459262513000518
RUNNING,,,,4524,4871,0.0359178530368953,0.7856666447259486
RUNNING,,,,4047,2155,0.4170651995055377,0.9576462215818464
RUNNING,,,,1123,4119,0.965086148649454,0.2882432392723858
RUNNING,,,,2002,381,0.1869205175247043,0.5716002020984888
RUNNING,,,,2816,3437,0.6959871950168162,0.1826406956613063
RUNNING,,,,3104,579,0.274462542142719,0.8264425137732176
RUNNING,,,,2045,3146,0.8579346396178006,0.4355317809525877
RUNNING,,,,1088,1889,0.0133737596925348,0.7047478660549968
RUNNING,,,,3788,4302,0.6202670613992958,0.0333929137941449
RUNNING,,,,4559,1469,0.9856684123314916,0.2053895629700273
RUNNING,,,,611,4839,0.380635071478784,0.5337401919867844
RUNNING,,,,1255,1057,0.724610339237377,0.3258507355693727
RUNNING,,,,3563,2707,0.1429368136469274,0.9351328589711339
RUNNING,,,,3197,2316,0.6398365139737725,0.6140569789800792
RUNNING,,,,1680,3948,0.243367679554969,0.1317769741658121
RUNNING,,,,215,230,0.9009254023823888,0.9774435721542684
RUNNING,,,,4935,3579,0.4810351257901638,0.2766072811540216
RUNNING,,,,4144,630,0.1001618789136409,0.4788171481247991
RUNNING,,,,673,3061,0.5179484828226268,0.7742753055896608
RUNNING,,,,2451,1818,0.3612200877089053,0.1166336032692343
RUNNING,,,,2719,4407,0.7556466384138912,0.6301607124898582
RUNNING,,,,2794,848,0.5642791836280375,0.9208869364745916
RUNNING,,,,2371,2968,0.0537522576656192,0.3410864938534796
RUNNING,,,,750,1686,0.8331342469751833,0.5499358072578907
RUNNING,,,,4063,4586,0.2836535252444445,0.1882041081935167
RUNNING,,,,4855,2457,0.1678414396438747,0.0483855104893445
RUNNING,,,,290,3775,0.7152836847286671,0.6907451051473616
RUNNING,,,,1599,18,0.4367272123470902,0.4185904395319521
RUNNING,,,,3273,3681,0.9451542726941407,0.8423940156884491
RUNNING,,,,3483,1259,0.4591608960758894,0.644421638328582
RUNNING,,,,1330,4940,0.907191085094586,0.101413294468075
RUNNING,,,,529,1197,0.1903059349693357,0.7580646832585334
RUNNING,,,,4635,2536,0.6772896818146109,0.4959871497005224
RUNNING,,,,3863,445,0.8088173751886935,0.2616301636844873
RUNNING,,,,1008,3326,0.3236283931601792,0.9914613066613674
RUNNING,,,,2122,2109,0.539931734468788,0.1487028326429426
RUNNING,,,,3023,4207,0.0937576992362737,0.5980904997475445
RUNNING,,,,2892,1974,0.8885548279490321,0.3908755830731243
RUNNING,,,,1922,4249,0.4936393069643527,0.8461081552263349
RUNNING,,,,1199,472,0.6506132579557597,0.013604494402185
RUNNING,,,,3966,3217,0.2323372078835964,0.7492812859956174
RUNNING,,,,4445,1009,0.3483624985795468,0.5149121054653077
RUNNING,,,,427,2797,0.768737938383594,0.2469848782811313
RUNNING,,,,1462,1535,0.11045116205886,0.8934166692551225
RUNNING,,,,3683,4728,0.5074056355729699,0.344557947685942
RUNNING,,,,3307,274,0.0256147599760442,0.1686229611542075
RUNNING,,,,1857,3488,0.6077772558461874,0.586577319568023
RUNNING,,,,2,2250,0.2635564322099089,0.3042097185049206
RUNNING,,,,4811,4056,0.8690792192257941,0.940720363104716
RUNNING,,,,4351,1732,0.7373383244741708,0.8008869535271078
RUNNING,,,,794,4456,0.1299598595555871,0.4450015871617943
RUNNING,,,,2337,733,0.9752497929781674,0.6640971478577702
RUNNING,,,,2535,2990,0.3912920564077794,0.0901428297366946
RUNNING,,,,2546,74,0.9586755389682948,0.5801538210660218
RUNNING,,,,2266,3737,0.4078548743426799,0.1579946602880954
RUNNING,,,,840,2479,0.6895769385304302,0.9511051733531056
RUNNING,,,,4324,3797,0.1777098391670733,0.3108768228776753
RUNNING,,,,4802,1669,0.3093574310131371,0.4507569582648575
RUNNING,,,,70,4569,0.8232668140903115,0.8102341593243181
RUNNING,,,,1808,787,0.0402281212192028,0.0805517764091491
RUNNING,,,,3337,2907,0.5931524585280566,0.6585855015963314
RUNNING,,,,3733,2048,0.0646426680907607,0.8525983499139547
RUNNING,,,,1432,4146,0.5532103076018393,0.4014449171423912
RUNNING,,,,436,428,0.333741404229775,0.7389555280543862
RUNNING,,,,4377,3309,0.7833552405368536,0.0068708388395607
RUNNING,,,,3918,1219,0.6671795409172773,0.2412884702570736
RUNNING,,,,1226,2558,0.2157671327255666,0.5054981997646391
RUNNING,,,,1910,1315,0.9363089566696436,0.3542155484855175
RUNNING,,,,2962,4996,0.4458813563045114,0.8988692594915628
RUNNING,,,,2996,1518,0.5253145475685596,0.1081450613681226
RUNNING,,,,2169,4710,0.1083786783330142,0.6547492849323898
RUNNING,,,,938,948,0.7630125879067927,0.485415897225961
RUNNING,,,,3875,2736,0.3694370023813098,0.751576406976208
RUNNING,,,,4665,528,0.2380635249987244,0.9860068277623504
RUNNING,,,,480,3273,0.6295359137244522,0.2519744515474885
RUNNING,,,,1398,1996,0.4757313318643718,0.6075024870429186
RUNNING,,,,3474,4271,0.8906244415026157,0.1544011590722948
RUNNING,,,,3205,755,0.3889768795408308,0.3344175008181482
RUNNING,,,,1608,3012,0.9929160118326544,0.9105040148887784
RUNNING,,,,260,1788,0.1512789749037474,0.1988304906543344
RUNNING,,,,4904,4512,0.7318575855437665,0.5563612241651862
RUNNING,,,,4134,2189,0.8477591669820249,0.6962548627462238
RUNNING,,,,738,3995,0.2690400413125753,0.0579784524794667
RUNNING,,,,2398,257,0.6100914660748094,0.8330448914859444
RUNNING,,,,2747,3470,0.0079513815511018,0.4128369868341833
RUNNING,,,,2671,2410,0.3134661820586771,0.1382062408961355
RUNNING,,,,2480,3904,0.8034043362606316,0.6246872410066426
RUNNING,,,,663,127,0.0835953728817403,0.2662206249982118
RUNNING,,,,4213,3652,0.5345188107937574,0.9707708148062228
RUNNING,,,,4986,899,0.9155462736617772,0.7685179696083068
RUNNING,,,,184,2841,0.4664180764500051,0.4694641703814267
RUNNING,,,,1688,1579,0.6856452310122549,0.639757415074855
RUNNING,,,,3130,4617,0.1975627547129988,0.1221470917202532
RUNNING,,,,3555,320,0.7099967251811176,0.4290473544932901
RUNNING,,,,1321,3376,0.1575618340354412,0.815875140864402
RUNNING,,,,560,2138,0.9398676663413644,0.0437168258279561
RUNNING,,,,4590,4102,0.4264472535438835,0.7114758686423301
RUNNING,,,,3798,1387,0.0611353984493762,0.5394346351325511
RUNNING,,,,1020,4893,0.5725168587174266,0.214797696724534
RUNNING,,,,2094,1169,0.2910365433394909,0.9254809074290096
RUNNING,,,,3076,2644,0.8413720447532833,0.3203999875225126
RUNNING,,,,2885,1040,0.1411079822648316,0.6745372284408658
RUNNING,,,,1991,2690,0.7417882942017167,0.0636102137770503
RUNNING,,,,1151,1408,0.4024405323117971,0.7962321289721876
RUNNING,,,,3998,4778,0.9796994095109404,0.4657488281223923
RUNNING,,,,4458,1945,0.5984587601367383,0.2936920689139514
RUNNING,,,,360,4358,0.0193437291514128,0.9673000915292648
RUNNING,,,,1512,601,0.8597606008276342,0.173230673244223
RUNNING,,,,3658,3168,0.2572855240739881,0.5659076476152985
RUNNING,,,,3418,1840,0.773069204924628,0.8829020534213631
RUNNING,,,,1732,4429,0.3596358678732067,0.3711421375181526
RUNNING,,,,150,686,0.5117367868609726,0.5195157130602747
RUNNING,,,,4727,3117,0.1217246466055512,0.2263115777168422
RUNNING,,,,4247,169,0.4872496919240802,0.024040589461103
RUNNING,,,,922,3518,0.8793616977948695,0.7227451603952794
RUNNING,,,,2191,2299,0.2259479534737765,0.3862239112462848
RUNNING,,,,2626,3931,0.6414197671711444,0.8668599765654653
RUNNING,,,,2619,163,0.180032196111977,0.904403802068904
RUNNING,,,,2194,3533,0.6875134677775204,0.3575553164351731
RUNNING,,,,924,2295,0.4099334655497223,0.5020366372447461
RUNNING,,,,4240,3945,0.956368532983586,0.236119437796995
RUNNING,,,,4719,1856,0.591089065849781,0.0026630612742155
RUNNING,,,,152,4423,0.0425503852181136,0.7364514133613556
RUNNING,,,,1734,700,0.8209596556741743,0.403827177779749
RUNNING,,,,3411,3113,0.311436159780249,0.8571715781111269
RUNNING,,,,3660,1941,0.7810481992326676,0.6608307672757655
RUNNING,,,,1504,4372,0.3358200121670961,0.0849880096483975
RUNNING,,,,352,595,0.5511467978116124,0.8059198433440178
RUNNING,,,,4461,3184,0.0669650529194623,0.4481463051568716
RUNNING,,,,4001,1055,0.4479600646235048,0.3072781464289873
RUNNING,,,,1144,2686,0.934001829855144,0.9457990269642323
RUNNING,,,,1984,1423,0.2180893725585192,0.1634225454796105
RUNNING,,,,2888,4772,0.6651161909941584,0.5833869316298514
RUNNING,,,,3068,1372,0.368348259974271,0.407542289532721
RUNNING,,,,2096,4897,0.7643602165058255,0.8294576641246675
RUNNING,,,,1022,1154,0.1070461627524346,0.0612001697234809
RUNNING,,,,3791,2649,0.526418648371473,0.7016713546179235
RUNNING,,,,4583,324,0.8919722150973975,0.5608164611421524
RUNNING,,,,562,3362,0.4746424295902252,0.2010947600714862
RUNNING,,,,1324,2144,0.6306399141456932,0.9078742948397994
RUNNING,,,,3548,4086,0.2367310949284583,0.3300841178968548
RUNNING,,,,3133,883,0.7329617030769586,0.1519084339812397
RUNNING,,,,1681,2847,0.1499464240036904,0.6033060990795494
RUNNING,,,,177,1565,0.994263668315485,0.2565362269394099
RUNNING,,,,4988,4621,0.387888098096475,0.9883776355944572
RUNNING,,,,4216,2415,0.0066189830824732,0.754935238149017
RUNNING,,,,656,3889,0.6111954460479317,0.4909695030264556
RUNNING,,,,2472,131,0.2679511817935854,0.6495612450167537
RUNNING,,,,2673,3638,0.8491069164108483,0.104664491392672
RUNNING,,,,2754,2203,0.532683884942904,0.3129143542628735
RUNNING,,,,2396,3991,0.0851714274119585,0.924084679229185
RUNNING,,,,735,272,0.8018129382058978,0.2163157826978713
RUNNING,,,,4141,3465,0.3152860097624361,0.5465548214782028
RUNNING,,,,4912,751,0.1991389542389661,0.7176385476756841
RUNNING,,,,258,3026,0.6838101452942937,0.0442735974211245
RUNNING,,,,1606,1783,0.4682378037720918,0.8154401675593108
RUNNING,,,,3213,4528,0.9139549611173567,0.4225191690605133
RUNNING,,,,3471,544,0.428267101695761,0.1218492323439568
RUNNING,,,,1405,3267,0.9382762366849928,0.6333663435708731
RUNNING,,,,487,2010,0.1591379127316177,0.4757335068006068
RUNNING,,,,4663,4266,0.7081617565751076,0.7691813985873013
RUNNING,,,,3872,1512,0.8397807675283401,0.972425895737484
RUNNING,,,,945,4726,0.2928562539312988,0.2734778063017874
RUNNING,,,,2176,944,0.5706818120367824,0.6173081461619586
RUNNING,,,,2993,2750,0.0627115700915455,0.136916551111266
RUNNING,,,,2969,1225,0.9822501923870294,0.8740981504134833
RUNNING,,,,1908,2543,0.3996308781150728,0.3878599847219884
RUNNING,,,,1224,1319,0.7445826123096048,0.7214745338335633
RUNNING,,,,3926,4982,0.1385420938059687,0.0166805578395724
RUNNING,,,,4384,2032,0.2544759479518979,0.2199090534076094
RUNNING,,,,433,4152,0.8623112907577306,0.5192064008787273
RUNNING,,,,1430,414,0.0167776882611215,0.3718169560991227
RUNNING,,,,3740,3314,0.601253215804696,0.889182779442519
RUNNING,,,,3334,1673,0.1191587265450507,0.566445352267474
RUNNING,,,,1815,4555,0.5145311254169792,0.1793742853365838
RUNNING,,,,77,792,0.3568261709213256,0.960790909834206
RUNNING,,,,4799,2891,0.7756200119666755,0.2932760993465781
RUNNING,,,,4322,60,0.6442142061088234,0.4643412066027521
RUNNING,,,,848,3741,0.2233819479029625,0.7887351023927331
RUNNING,,,,2274,2464,0.8819123598411678,0.0707418492101132
RUNNING,,,,2544,3803,0.484440154839307,0.6760667635016143
RUNNING,,,,2532,1727,0.9277208389379084,0.1861060968507081
RUNNING,,,,2344,4472,0.4386354679390788,0.5767730732280761
RUNNING,,,,801,729,0.6588353153299539,0.2827049212288111
RUNNING,,,,4349,3004,0.2087646606210619,0.9543026781659572
RUNNING,,,,4809,289,0.3402599028311669,0.7832805491369217
RUNNING,,,,9,3482,0.7921901019960642,0.4546854498516768
RUNNING,,,,1865,2264,0.0714045829530805,0.6854787061829118
RUNNING,,,,3305,4052,0.5622890612054616,0.076440101282671
RUNNING,,,,3691,1005,0.0333519273996353,0.3811910363007336
RUNNING,,,,1460,2811,0.5846903829984366,0.8637153031844645
RUNNING,,,,425,1529,0.3022373487669974,0.0273070146571844
RUNNING,,,,4452,4743,0.8145613260176032,0.7278999953549355
RUNNING,,,,3973,1988,0.6987816283777356,0.5247160841207951
RUNNING,,,,1196,4244,0.1843545138128101,0.229501950783655
RUNNING,,,,1919,488,0.967636816272512,0.8798336106259375
RUNNING,,,,2898,3211,0.4142556605618447,0.3660634290445595
RUNNING,,,,3021,431,0.618432129971683,0.6269427707120776
RUNNING,,,,2129,3331,0.0149498160816729,0.1112208868637681
RUNNING,,,,1016,2093,0.8563432471398263,0.7795661642216146
RUNNING,,,,3861,4213,0.2762823679875582,0.4824005368165671
RUNNING,,,,4633,1263,0.1445130075961351,0.2792332220189273
RUNNING,,,,537,4926,0.7227752553783356,0.9817731758914888
RUNNING,,,,1337,1203,0.3824548043776303,0.1273255721405148
RUNNING,,,,3480,2521,0.9840770979281513,0.6117965445145964
RUNNING,,,,3280,2442,0.4828549758009612,0.9305747995600104
RUNNING,,,,1596,3781,0.8993339671492576,0.3234836437180638
RUNNING,,,,288,4,0.2449437563922256,0.5362290189228952
RUNNING,,,,4862,3685,0.638001550944522,0.2095820527784526
RUNNING,,,,4071,853,0.754055363047868,0.0385772340111434
RUNNING,,,,747,2952,0.3630397927239537,0.7082247163318097
RUNNING,,,,2369,1690,0.5161134342830627,0.4321768442168831
RUNNING,,,,2801,4572,0.1017380561325699,0.8208928024098276
RUNNING,,,,2721,644,0.2825647809784859,0.5965762524437159
RUNNING,,,,2443,3057,0.8344818811509757,0.1415864849667996
RUNNING,,,,666,1834,0.0524197439439594,0.998943164454773
RUNNING,,,,4147,4401,0.5653832788541912,0.2630226164180785
RUNNING,,,,4937,2312,0.9465020444300024,0.4964182880539447
RUNNING,,,,207,3962,0.4356383156497031,0.7645890337396412
RUNNING,,,,1673,224,0.7163876870088279,0.0952543946187943
RUNNING,,,,3199,3594,0.166509003996849,0.6438686459194868
RUNNING,,,,3555,1484,0.6783938049245625,0.8361285774242133
RUNNING,,,,1257,4833,0.1889733822103589,0.4179309087079018
RUNNING,,,,613,1072,0.908538736000657,0.6910392485428601
RUNNING,,,,4551,2703,0.4580721164904534,0.0547728660125285
RUNNING,,,,3781,573,0.0924253063444048,0.1955793086010962
RUNNING,,,,1091,3162,0.5410357125829905,0.5512216026056557
RUNNING,,,,2048,1885,0.3225395280644297,0.3394351326208561
RUNNING,,,,3097,4316,0.8101651264764369,0.9136334748696536
RUNNING,,,,2819,2161,0.2346595704052597,0.0914172317646443
RUNNING,,,,1994,4103,0.6485497853439302,0.6714609549455344
RUNNING,,,,1115,385,0.4957178925946355,0.4377595746442675
RUNNING,,,,4049,3423,0.8862478238232434,0.7992470413818955
RUNNING,,,,4527,1098,0.5053422484714538,0.9400417653396724
RUNNING,,,,345,2593,0.1127734241988509,0.2979252132996916
RUNNING,,,,1536,1350,0.7664307743906975,0.5929836788289248
RUNNING,,,,3609,4875,0.3504412292055785,0.1689361082874238
RUNNING,,,,3380,109,0.8667721760626881,0.3510708453617989
RUNNING,,,,1785,3616,0.2656350457239896,0.8938363548032939
RUNNING,,,,86,2359,0.6057137479148805,0.2464432754740119
RUNNING,,,,4728,3833,0.0279371392279863,0.5087645952180027
RUNNING,,,,4269,1626,0.393370762867853,0.7421459308639168
RUNNING,,,,876,4682,0.9729426717404276,0.0120712396427989
RUNNING,,,,2263,900,0.1322821012474596,0.8475196711830794
RUNNING,,,,2609,2864,0.7352749689742922,0.3983765040896832
RUNNING,,,,2596,2017,0.3776760828141123,0.8115881556533276
RUNNING,,,,2241,4292,0.9889228818845004,0.4499179496578872
RUNNING,,,,893,510,0.1475313841030001,0.6591741508767008
RUNNING,,,,4295,3254,0.7198239115215836,0.0794349931254983
RUNNING,,,,4755,969,0.8515648006964474,0.1578513264134526
RUNNING,,,,102,2757,0.2811279511805623,0.5817161576971411
RUNNING,,,,1762,1499,0.621450335457921,0.3090622828714549
RUNNING,,,,3368,4692,0.0119987770877778,0.9514834003411232
RUNNING,,,,3627,239,0.5210216110255568,0.5041480774246156
RUNNING,,,,1562,3453,0.096778075011447,0.2421313231103122
RUNNING,,,,332,2210,0.7511664119772613,0.8982768551930785
RUNNING,,,,4506,4015,0.3658769096732139,0.355328606493771
RUNNING,,,,4026,1770,0.2498516282718628,0.4015844067707657
RUNNING,,,,1103,4494,0.6330417408440262,0.8510321392938494
RUNNING,,,,2022,776,0.4799662254936993,0.0086891041211783
RUNNING,,,,2835,3032,0.9021708089783788,0.7385810560844838
RUNNING,,,,3123,808,0.0761823750566691,0.2508918426465243
RUNNING,,,,2066,2927,0.5574423477891832,0.9866296514254064
RUNNING,,,,1070,1650,0.3372405671216547,0.1535277976263314
RUNNING,,,,3768,4550,0.7951404866501688,0.6088221305329352
RUNNING,,,,4540,2500,0.6636127876993267,0.6550933375377208
RUNNING,,,,590,3818,0.2039181033540517,0.1062963469792157
RUNNING,,,,1274,55,0.924701689120382,0.7531730964463204
RUNNING,,,,3583,3718,0.4415855626016855,0.4853069161903112
RUNNING,,,,3178,1297,0.9627295987326652,0.0590648312699049
RUNNING,,,,1660,4978,0.4192166008856147,0.695635779229924
RUNNING,,,,234,1240,0.7016715089082717,0.4137064594198018
RUNNING,,,,4955,2578,0.1815183263234794,0.8317213888783008
RUNNING,,,,4164,410,0.2973304212186485,0.9101562221366912
RUNNING,,,,694,3291,0.8195220804493873,0.3362624453175813
RUNNING,,,,2432,2068,0.0362416517809033,0.5547683938127012
RUNNING,,,,2699,4167,0.5818545152433215,0.1989433605503291
RUNNING,,,,2775,619,0.7692588123753666,0.4700861315056681
RUNNING,,,,2351,3187,0.3475431991703808,0.767434498168528
RUNNING,,,,769,1925,0.500373158643022,0.1234658726714551
RUNNING,,,,4083,4337,0.1176724922340363,0.6388831910900771
RUNNING,,,,4874,1427,0.4985457298159599,0.6228393891565501
RUNNING,,,,310,4797,0.8833500689081847,0.138551156040281
RUNNING,,,,1580,1019,0.2296907854396849,0.9706626963093876
RUNNING,,,,3253,2669,0.6534486823584884,0.2678181770071387
RUNNING,,,,3502,2279,0.1293246378265321,0.2141795947179198
RUNNING,,,,1350,3910,0.7382872259169817,0.5405219954326748
RUNNING,,,,510,187,0.3982103975173085,0.3190774664245545
RUNNING,,,,4615,3536,0.9681578008700162,0.9263513615243136
RUNNING,,,,3844,666,0.60275645551458,0.8177191038541495
RUNNING,,,,988,3097,0.0309490913078188,0.4286985802315175
RUNNING,,,,2141,1859,0.8716115355920045,0.7115877570286393
RUNNING,,,,3044,4447,0.2608503756169229,0.0421230139657855
RUNNING,,,,2911,1598,0.7135587195642292,0.9664600419271736
RUNNING,,,,1940,4635,0.1694061045721173,0.29504502424784
RUNNING,,,,1179,878,0.951470175055787,0.5647898233365267
RUNNING,,,,3947,2821,0.4307382884118706,0.1738182815294712
RUNNING,,,,4425,146,0.0495909326486289,0.0651735914032906
RUNNING,,,,408,3670,0.5682800596952438,0.6743949355613439
RUNNING,,,,1482,2388,0.2875326216127723,0.4661280961055308
RUNNING,,,,3702,3883,0.8295820398051291,0.7944186299610883
RUNNING,,,,3287,1149,0.3254979506880044,0.7235889352727681
RUNNING,,,,1839,2623,0.8071538287363946,0.0226913891453295
RUNNING,,,,22,1404,0.0875866011548787,0.8679739565979689
RUNNING,,,,4830,4911,0.5458215129133313,0.3856324289720505
RUNNING,,,,4371,2118,0.911496972732246,0.3695750048737972
RUNNING,,,,812,4081,0.4550611087419092,0.8830406210254877
RUNNING,,,,2316,338,0.6735554194692522,0.2259361837226897
RUNNING,,,,2516,3394,0.1937590263914316,0.5213330563176423
RUNNING,,,,2566,1076,0.6277428804915398,0.0289341095499694
RUNNING,,,,2287,2725,0.2395601292941719,0.7334235201142728
RUNNING,,,,822,1449,0.8968723092563449,0.3755541453137993
RUNNING,,,,4304,4818,0.4696743658855557,0.8619750502631068
RUNNING,,,,4783,1907,0.1041493149902671,0.8780789622291922
RUNNING,,,,49,4320,0.5292473927456885,0.3604085734561085
RUNNING,,,,1827,558,0.3732480343990027,0.5302559078894555
RUNNING,,,,3357,3126,0.7593923089504241,0.23114129967615
RUNNING,,,,3714,1798,0.2709624126125126,0.2888613561503589
RUNNING,,,,1412,4386,0.8461484268661588,0.9565589058957992
RUNNING,,,,455,649,0.0018331158310174,0.183963261373341
RUNNING,,,,4397,3080,0.6160340843163431,0.5707297628745436
RUNNING,,,,3938,209,0.9972747429851442,0.6794231418296695
RUNNING,,,,1247,3558,0.384929928286001,0.0742809667959809
RUNNING,,,,1891,2335,0.7281761258170008,0.7855547414682805
RUNNING,,,,2941,3966,0.1547848763801157,0.4608562802486121
RUNNING,,,,2976,2371,0.823857633659616,0.5345801374893635
RUNNING,,,,2150,3866,0.3086080697458237,0.2040365332793444
RUNNING,,,,958,85,0.5861899457648396,0.9362506088931114
RUNNING,,,,3893,3609,0.0475194229967892,0.3252630231846124
RUNNING,,,,4685,934,0.4128312725145369,0.4339684776831418
RUNNING,,,,499,2877,0.9535407478120178,0.8265849107522517
RUNNING,,,,1378,1620,0.1751333511471748,0.0330137499105185
RUNNING,,,,3455,4657,0.6924823047928512,0.7065614394228905
RUNNING,,,,3225,360,0.2150771676655858,0.7734314860980958
RUNNING,,,,1627,3416,0.6680737064648419,0.4801663335692137
RUNNING,,,,240,2174,0.4527449875436723,0.6290467175859958
RUNNING,,,,4886,4137,0.9291622472554444,0.1172250409293919
RUNNING,,,,4113,1343,0.5481347936820238,0.1333441216815263
RUNNING,,,,719,4850,0.0699222932700067,0.6139184559900313
RUNNING,,,,2418,1132,0.7858328172899782,0.2769827197622508
RUNNING,,,,2766,2606,0.3309806005880236,0.97562624376826
RUNNING,,,,2690,1555,0.0216244685985147,0.6893912129178643
RUNNING,,,,2498,4748,0.5964754906222223,0.0492245934531092
RUNNING,,,,643,991,0.2515256302189081,0.8418054407648741
RUNNING,,,,4194,2779,0.8653306933883577,0.4197073269151151
RUNNING,,,,4966,493,0.7494291026555002,0.3412297533713281
RUNNING,,,,165,3237,0.1337645545154809,0.91932449574396
RUNNING,,,,1708,1956,0.9793000308033079,0.1900185441002249
RUNNING,,,,3149,4231,0.4026499610114842,0.5495575059130788
RUNNING,,,,3535,715,0.8769513525962829,0.9928114736154676
RUNNING,,,,1303,2971,0.489347305458039,0.2607873257026076
RUNNING,,,,580,1753,0.6470503266770392,0.5986829189173876
RUNNING,,,,4609,4477,0.2204920004513114,0.1475898192487657
RUNNING,,,,3818,2232,0.3518654834106564,0.1012737899683415
RUNNING,,,,1038,4037,0.7805270064361393,0.6459878043346106
RUNNING,,,,2073,295,0.1219946612212806,0.4941688398048281
RUNNING,,,,3057,3509,0.511641467956826,0.758439140357077
RUNNING,,,,2867,38,0.4633919677659869,0.2480674128253012
RUNNING,,,,1971,3701,0.918733630631119,0.5142891777027399
RUNNING,,,,1170,2439,0.2020902460459619,0.3454312050323933
RUNNING,,,,4019,3757,0.6807917167376726,0.8920969514083116
RUNNING,,,,4477,1707,0.7969674070626496,0.8457642067205161
RUNNING,,,,380,4607,0.3200645082555711,0.3927243718188255
RUNNING,,,,1493,830,0.5356349759865551,0.7476846708822995
RUNNING,,,,3637,2949,0.0821532739754766,0.0137135795373469
RUNNING,,,,3437,2090,0.5756418452076613,0.4439151934999972
RUNNING,,,,1752,4189,0.0578034453988075,0.8015059924293308
RUNNING,,,,131,466,0.8369437026288359,0.0892733125369995
RUNNING,,,,4707,3347,0.2957452570516616,0.665420635594055
RUNNING,,,,4229,1179,0.1640976707823574,0.5869251569341867
RUNNING,,,,902,2517,0.7032538326457142,0.1667780315261334
RUNNING,,,,2210,1280,0.4254302078168838,0.94231320832856
RUNNING,,,,2647,4961,0.9411649349424988,0.3040968932230025
RUNNING,,,,2654,1289,0.5949376238826662,0.5471239000502974
RUNNING,,,,2222,4952,0.0231628279518336,0.1914842085335403
RUNNING,,,,913,1189,0.8638233817145228,0.9178506241794676
RUNNING,,,,4237,2507,0.2530334010459482,0.3436544382777065
RUNNING,,,,4696,457,0.1371301763225346,0.4211734635140746
RUNNING,,,,122,3357,0.7460639437194913,0.8393732588347047
RUNNING,,,,1743,2080,0.4059852545410394,0.0516497579608112
RUNNING,,,,3427,4199,0.9759652261696756,0.6879187727216631
RUNNING,,,,3647,840,0.4907632437851279,0.7608877421263605
RUNNING,,,,1504,2939,0.8755349551159888,0.4927186471614986
RUNNING,,,,390,1716,0.2218775881938636,0.647446683710441
RUNNING,,,,4486,4597,0.6456642463207244,0.098833636989817
RUNNING,,,,4007,2429,0.7770394264739006,0.1461391470041125
RUNNING,,,,1162,3768,0.3553525744769722,0.6011300893183797
RUNNING,,,,1963,29,0.5081844802387058,0.2583467005584388
RUNNING,,,,2855,3710,0.125451186068356,0.994268929058686
RUNNING,,,,3065,306,0.9192663292121142,0.0161380246430635
RUNNING,,,,2085,3498,0.4628588100317865,0.746211035400629
RUNNING,,,,1050,2241,0.6813549778200685,0.3941893205679953
RUNNING,,,,3827,4028,0.2015264923498034,0.8433313128240406
RUNNING,,,,4598,1743,0.3177038203831761,0.8906237955279647
RUNNING,,,,571,4488,0.7993276060391217,0.3478570815064013
RUNNING,,,,1293,706,0.0797622652612626,0.5118567559719086
RUNNING,,,,3524,2980,0.5380255218297242,0.2495337855070829
RUNNING,,,,3158,1965,0.057392470749095,0.3016574522107839
RUNNING,,,,1718,4221,0.5760533124711364,0.9437713720202446
RUNNING,,,,175,503,0.2953039243817329,0.165328074965626
RUNNING,,,,4974,3227,0.8373854944519697,0.5893735189028084
RUNNING,,,,4183,982,0.7057362147066742,0.6668783271200955
RUNNING,,,,635,2788,0.1616157515924424,0.086832447592169
RUNNING,,,,2491,1545,0.9436779018118976,0.8039538747966289
RUNNING,,,,2679,4758,0.4229177298434078,0.4424638055711984
RUNNING,,,,2755,1121,0.2420425206497311,0.2335668173786252
RUNNING,,,,2409,2616,0.6252609780319035,0.5287831070628017
RUNNING,,,,710,1334,0.4721873234603554,0.3618743568602949
RUNNING,,,,4103,4859,0.8943598145525902,0.8756471409294753
RUNNING,,,,4893,2184,0.5288363976478576,0.8605008255038409
RUNNING,,,,251,4127,0.1045607692413032,0.3779791908506304
RUNNING,,,,1638,369,0.7589509967286139,0.7309902674462646
RUNNING,,,,3233,3407,0.3736898392345756,0.0303994133528321
RUNNING,,,,3443,1610,0.8437877557240426,0.4584157703574746
RUNNING,,,,1370,4667,0.2733226208835839,0.7870120742227881
RUNNING,,,,491,924,0.6136430588718503,0.0728301792982965
RUNNING,,,,4673,2887,0.0042236523795872,0.681870434919372
RUNNING,,,,3903,94,0.3854626138545572,0.5721885269973426
RUNNING,,,,969,3600,0.9967415648028254,0.1815232310835272
RUNNING,,,,2160,2382,0.1553481504749506,0.959007622918114
RUNNING,,,,2985,3856,0.7276123925689608,0.2874110408183187
RUNNING,,,,2931,2326,0.3051205065138637,0.704128902439028
RUNNING,,,,1882,3975,0.8273447340205312,0.0344802452810108
RUNNING,,,,1237,198,0.0440624185483902,0.8251118701249361
RUNNING,,,,3927,3568,0.5896464613173156,0.436394231468439
RUNNING,,,,4405,658,0.9549566731266677,0.3267280871868133
RUNNING,,,,467,3070,0.4114148545861244,0.9338175923079252
RUNNING,,,,1424,1808,0.6938679055478423,0.2064608631320297
RUNNING,,,,3722,4376,0.1737472912389785,0.5331066246964037
RUNNING,,,,3346,548,0.6714393375664949,0.9780737729407846
RUNNING,,,,1819,3136,0.2117120254598557,0.2755316924639046
RUNNING,,,,42,1898,0.9324975314904004,0.615376500710845
RUNNING,,,,4772,4329,0.4494101661797613,0.1309028961062431
RUNNING,,,,4313,1459,0.0683844060823321,0.1157754375636577
RUNNING,,,,832,4808,0.5496731400229036,0.6314947189241648
RUNNING,,,,2297,1085,0.3294733093623071,0.4777265393622219
RUNNING,,,,2575,2716,0.7873406011294573,0.7748900104202329
RUNNING,,,,2507,347,0.3440865516345947,0.2692908607218414
RUNNING,,,,2306,3385,0.7727159227821975,0.9682372994367032
RUNNING,,,,802,2128,0.1141855238564312,0.1409830981697887
RUNNING,,,,4362,4071,0.5038606159165501,0.6213734886404126
RUNNING,,,,4841,1395,0.8847360265757888,0.6364582663830369
RUNNING,,,,30,4920,0.4971602647621184,0.1249399803187698
RUNNING,,,,1846,1139,0.6548652025274933,0.7659690772537142
RUNNING,,,,3298,2633,0.2282747244238853,0.4725195050034671
RUNNING,,,,3694,2399,0.7416219152975827,0.0406658020410686
RUNNING,,,,1470,3873,0.1259894595500081,0.7140281498078256
RUNNING,,,,396,155,0.9715230750590564,0.4262511700298637
RUNNING,,,,4417,3661,0.3948446604572236,0.8191700121816247
RUNNING,,,,3957,867,0.0294412052277475,0.9287912747021764
RUNNING,,,,1188,2831,0.6042638824414461,0.3176188231315463
RUNNING,,,,1950,1588,0.2593121315166354,0.5419724315945059
RUNNING,,,,2922,4645,0.8731492870785295,0.211730760583654
RUNNING,,,,3034,1869,0.1719184672925621,0.7929520137608052
RUNNING,,,,2130,4437,0.7110458679478615,0.4685607502013444
RUNNING,,,,978,675,0.4332203228548169,0.6719692988879978
RUNNING,,,,3835,3087,0.9489876777417958,0.0666465112008154
RUNNING,,,,4627,176,0.5678381526190787,0.1762514152266085
RUNNING,,,,518,3546,0.0500323805715888,0.5633246385045348
RUNNING,,,,1358,2270,0.8291706877946853,0.296518416211009
RUNNING,,,,3514,3919,0.2879434810094535,0.9640358291864394
RUNNING,,,,3245,1028,0.8047631602045148,0.5227842007279396
RUNNING,,,,1568,2660,0.3278890820909291,0.2234885337203741
RUNNING,,,,299,1437,0.54346143662557,0.88548172577098
RUNNING,,,,4866,4786,0.0899471663385629,0.3681170772649347
RUNNING,,,,4094,1915,0.455624739749357,0.3831843068040907
RUNNING,,,,778,4346,0.9109338343385606,0.8694236770756542
RUNNING,,,,2360,609,0.1942923068143427,0.0212329819351434
RUNNING,,,,2785,3197,0.6730225981995464,0.726028608649969
RUNNING,,,,2710,2058,0.9894864998795092,0.9500178567375988
RUNNING,,,,2440,4177,0.3771129239723086,0.3114957716222852
RUNNING,,,,701,401,0.7203572049569338,0.5792913556788116
RUNNING,,,,4175,3301,0.1469985832814127,0.159325318807736
RUNNING,,,,4946,1250,0.2787372993789613,0.0818670579437166
RUNNING,,,,224,2568,0.8539559413939714,0.6577081351075321
RUNNING,,,,1649,1306,0.0096386840697377,0.4513905106838792
RUNNING,,,,3169,4969,0.6238108913470058,0.8091628740336745
RUNNING,,,,3593,46,0.0963361474871635,0.7400311316158622
RUNNING,,,,1283,3727,0.5214630459360778,0.0062406231816858
RUNNING,,,,600,2490,0.3654655781108885,0.8534724131021648
RUNNING,,,,4551,3829,0.7515772843863814,0.4001254102829843
RUNNING,,,,3760,1660,0.6355541128590702,0.3528815569225698
RUNNING,,,,1058,4541,0.2473387933857738,0.8997274103257805
RUNNING,,,,2054,818,0.9046528341267258,0.2406737505551427
RUNNING,,,,3115,2917,0.4774837114494294,0.5065888233985751
RUNNING,,,,2847,767,0.5559344412609935,0.4867806687839329
RUNNING,,,,2030,3042,0.0776897889710962,0.750748530510813
RUNNING,,,,1112,1760,0.7936022629979997,0.1087291200459003
RUNNING,,,,4039,4505,0.3387783316206187,0.6536285059005023
RUNNING,,,,4496,2219,0.207252802029252,0.6063961332291364
RUNNING,,,,321,4006,0.6602776261530816,0.1550010706186294
RUNNING,,,,1552,250,0.4449508274961262,0.9851633958555756
RUNNING,,,,3618,3442,0.9213359353300185,0.2533241435475647
RUNNING,,,,3378,1489,0.4206025455407798,0.1974850760288536
RUNNING,,,,1771,4702,0.9613441132307052,0.5572079519368707
RUNNING,,,,111,960,0.1829348595049232,0.3338142004609108
RUNNING,,,,4765,2766,0.7002554683405906,0.9116060578674076
RUNNING,,,,4288,520,0.8160654496438801,0.8341623709350823
RUNNING,,,,882,3244,0.3007875409200787,0.4122486470639705
RUNNING,,,,2230,2026,0.5783675301354378,0.697087046328932
RUNNING,,,,2588,4282,0.039729099759832,0.056617066014558
RUNNING,,,,2600,911,0.8319999749734996,0.6414358709938824
RUNNING,,,,2253,2854,0.2850471760518848,0.096719224397093
RUNNING,,,,866,1635,0.5628707878682762,0.7631152792870998
RUNNING,,,,4260,4673,0.0549326978009194,0.4988428521305322
RUNNING,,,,4739,2348,0.4360497661828994,0.2644888701289891
RUNNING,,,,93,3843,0.9460910530500112,0.9965108616948128
RUNNING,,,,1793,100,0.1669508125502616,0.1440124804116785
RUNNING,,,,3391,3625,0.715946371069178,0.595102977592498
RUNNING,,,,3601,1360,0.19133359419927,0.9160817178674042
RUNNING,,,,1524,4866,0.6760331300646066,0.3379852950312197
RUNNING,,,,333,1108,0.4604626493211835,0.5526798852682113
RUNNING,,,,4519,2583,0.906147714274004,0.1931397486180067
RUNNING,,,,4060,376,0.5405025381185115,0.0533215970546007
RUNNING,,,,1125,3432,0.0929579881951212,0.6934870119392871
RUNNING,,,,2003,2150,0.809601389510557,0.4154899247922003
RUNNING,,,,2829,4114,0.3231028058771043,0.8375863879211247
RUNNING,,,,3088,1894,0.6520368894226848,0.1713609121646732
RUNNING,,,,2038,4307,0.23117200345546,0.5915096882935613
RUNNING,,,,1080,584,0.8897043356578797,0.2993907587621361
RUNNING,,,,3771,3151,0.4922608918640762,0.937608278447762
RUNNING,,,,4563,1062,0.1113570099882781,0.7977744822148233
RUNNING,,,,621,2712,0.5067581700682638,0.4401848581228405
RUNNING,,,,1265,1474,0.3490551655795425,0.6690288919862359
RUNNING,,,,3567,4844,0.7678163788635283,0.0928832493927329
RUNNING,,,,3191,235,0.2622698998004198,0.3959362321402877
RUNNING,,,,1661,3584,0.8701378108821808,0.8489786695297807
RUNNING,,,,196,2321,0.024602321581915,0.0106211659703403
RUNNING,,,,4930,3953,0.6090490284319967,0.7445944136623293
RUNNING,,,,4157,1823,0.9744810143634676,0.5102221696320921
RUNNING,,,,675,4412,0.3918328793980181,0.2440025313589721
RUNNING,,,,2453,635,0.736782756531611,0.8962834062334148
RUNNING,,,,2731,3066,0.1307748063039034,0.3496202920880168
RUNNING,,,,2813,1681,0.4401738310102373,0.0788657360970973
RUNNING,,,,2376,4581,0.9261829684805124,0.6840057845264673
RUNNING,,,,755,843,0.2102724277302622,0.4561520641930401
RUNNING,,,,4082,2963,0.6573280073739588,0.7808478931821882
RUNNING,,,,4853,13,0.788824946777895,0.9528292843438684
RUNNING,,,,277,3676,0.3436255209203809,0.2851291321106255
RUNNING,,,,1586,2452,0.5589542528539895,0.5743399376720189
RUNNING,,,,3271,3770,0.0747398802004754,0.18757127982378
RUNNING,,,,3491,1192,0.5832739818003028,0.3636223224401474
RUNNING,,,,1347,2531,0.0347678694445639,0.8812915363758802
RUNNING,,,,546,1254,0.8131752493791282,0.2280508045144379
RUNNING,,,,4643,4935,0.3036229327917098,0.5271637322641908
RUNNING,,,,3853,2104,0.1878416011612862,0.7293584007062018
RUNNING,,,,1004,4203,0.6952940521333366,0.0248673394210636
RUNNING,,,,2117,440,0.4177121891267597,0.8661634234935045
RUNNING,,,,3013,3322,0.964179824836552,0.3797413139641284
RUNNING,,,,2911,477,0.0144166546296328,0.6093646042440086
RUNNING,,,,1927,3222,0.6189648322705179,0.1287914745155721
RUNNING,,,,1205,1979,0.2757186180092394,0.980300494035706
RUNNING,,,,3985,4253,0.8569065045043825,0.2816586207505315
RUNNING,,,,4443,1540,0.725135450636968,0.4838659595903009
RUNNING,,,,414,4732,0.1421523234415799,0.7771327925827353
RUNNING,,,,1449,1014,0.9864676474891602,0.1136458134297281
RUNNING,,,,3681,2802,0.3800637919455766,0.6254686649236828
RUNNING,,,,3315,2255,0.8997454381305723,0.8233402144704013
RUNNING,,,,1874,4061,0.482443997433409,0.4307259377483278
RUNNING,,,,18,279,0.638443339049816,0.7096819301154464
RUNNING,,,,4819,3492,0.2445024274401366,0.0361368430908769
RUNNING,,,,4341,738,0.3605578772518783,0.2081316184755414
RUNNING,,,,790,2995,0.7565377413909882,0.5386778549160807
RUNNING,,,,2333,1737,0.0992255744412541,0.3210437323991209
RUNNING,,,,2525,4461,0.5186264048703015,0.9320334447119384
RUNNING,,,,2552,2474,0.0846082722879946,0.4239922078289091
RUNNING,,,,2285,3792,0.5332474992200731,0.8130144119150936
RUNNING,,,,859,69,0.3147532052230089,0.0467061325460672
RUNNING,,,,4329,3732,0.8023462353590874,0.7161720504462717
RUNNING,,,,4789,782,0.6862012897096574,0.5441304897665977
RUNNING,,,,68,2902,0.1967482987195253,0.2177892936319112
RUNNING,,,,1806,1664,0.9163155132886022,0.922619613368064
RUNNING,,,,3324,4564,0.4658777144718915,0.3153473689891397
RUNNING,,,,3749,423,0.938717667877674,0.1354585045315325
RUNNING,,,,1440,3305,0.4278251778893172,0.6197493698783219
RUNNING,,,,444,2043,0.7085726327020674,0.2710302752703428
RUNNING,,,,4394,4142,0.1587265774514526,0.9738769211769104
RUNNING,,,,3914,1310,0.2903434153273701,0.7716211909353732
RUNNING,,,,1216,4991,0.842293143261224,0.4742749806195497
RUNNING,,,,1900,1214,0.0602290597651153,0.6348159450776873
RUNNING,,,,2957,2553,0.5731638334672898,0.1194012291468679
RUNNING,,,,3001,953,0.4011382883116602,0.8877169978972524
RUNNING,,,,2188,2741,0.9807422895766794,0.3742487792577594
RUNNING,,,,957,1522,0.1400798620227724,0.516780885035172
RUNNING,,,,3880,4715,0.743044384939596,0.2213818560931831
RUNNING,,,,4652,2001,0.8589761254936455,0.0191138123665004
RUNNING,,,,478,4275,0.257810650344938,0.7200092318896204
RUNNING,,,,1396,533,0.5978874657321721,0.389334211340174
RUNNING,,,,3461,3278,0.0201429494377225,0.8716731067355721
RUNNING,,,,3222,1793,0.5131456436328589,0.6775175528582185
RUNNING,,,,1616,4517,0.1205446674823761,0.0682945579793304
RUNNING,,,,268,760,0.7742039676811546,0.7911756141427904
RUNNING,,,,4921,3017,0.3582427078206091,0.4628838757071643
RUNNING,,,,4130,262,0.2268390713222324,0.2908273841831833
RUNNING,,,,728,3475,0.6407575715854764,0.962241227025166
RUNNING,,,,2388,2194,0.487927599100396,0.1779155230727046
RUNNING,,,,2743,4000,0.8784253784511237,0.5688853844162076
RUNNING,,,,2663,122,0.6909705744665114,0.8557066275030374
RUNNING,,,,2463,3647,0.1765755522940307,0.4062600698173046
RUNNING,,,,647,2405,0.959855993974954,0.7340269663967192
RUNNING,,,,4206,3899,0.4064464934542775,0.0041366948969662
RUNNING,,,,4996,1574,0.0411649164464324,0.2385518576689064
RUNNING,,,,188,4612,0.5924750272352248,0.5005702627040445
RUNNING,,,,1692,894,0.310020102482289,0.3590284704566001
RUNNING,,,,3140,2837,0.8223761721253395,0.901977923735976
RUNNING,,,,3536,2133,0.3324848376084119,0.584836886331439
RUNNING,,,,1316,4097,0.784382884895429,0.160974181652069
RUNNING,,,,554,315,0.0635993121415376,0.948238466117531
RUNNING,,,,4571,3371,0.5545120757184921,0.3058199808783829
RUNNING,,,,3800,1164,0.93550926049985,0.4456984209306538
RUNNING,,,,1032,2639,0.4464521748255938,0.8073712294138968
RUNNING,,,,2107,1382,0.6666539387628436,0.0835303162634372
RUNNING,,,,3078,4888,0.2165511321760714,0.6632716303616762
RUNNING,,,,2877,1413,0.7618473686072975,0.3315579913202673
RUNNING,,,,1974,4783,0.3708606189768761,0.9054496117923408
RUNNING,,,,1135,1045,0.5239361473396419,0.2035283677931875
RUNNING,,,,3991,2695,0.1095282009132206,0.559350798567757
RUNNING,,,,4469,606,0.4750838812310248,0.6992461919691413
RUNNING,,,,364,3173,0.8915303043033928,0.062672611778602
RUNNING,,,,1517,1950,0.2371419506072998,0.8279915293846279
RUNNING,,,,3668,4363,0.630228565853089,0.4099744733218103
RUNNING,,,,3399,691,0.1523375516887754,0.1032056138757616
RUNNING,,,,1726,3122,0.7305710382629185,0.6520013998541981
RUNNING,,,,144,1845,0.3902486669979989,0.488520903116092
RUNNING,,,,4708,4434,0.991903588309884,0.7563854326512665
RUNNING,,,,4249,2304,0.6106323039364069,0.990818262597546
RUNNING,,,,935,3935,0.0071826178077608,0.2550787733551114
RUNNING,,,,2204,174,0.8485740988589822,0.6047567731831222
RUNNING,,,,2628,3523,0.2684844584986567,0.1494612654391676
RUNNING,,,,2632,703,0.7144386485740541,0.3545772004146128
RUNNING,,,,2206,3116,0.168458525750786,0.8994746678639203
RUNNING,,,,936,1853,0.9445531286839396,0.2409344938080757
RUNNING,,,,4253,4421,0.4375877147149294,0.5049004668723792
RUNNING,,,,4711,2293,0.0543693735152483,0.7393172357510776
RUNNING,,,,145,3943,0.563434117730707,0.007476065037772
RUNNING,,,,1727,165,0.2845140573550015,0.8522441987264902
RUNNING,,,,3403,3535,0.8325330732222646,0.4008472474534064
RUNNING,,,,3671,1426,0.3244886854700744,0.0801749761421233
RUNNING,,,,1517,4775,0.8082154857516288,0.6579649151433258
RUNNING,,,,365,1052,0.0943741031195968,0.4511262057404964
RUNNING,,,,4472,2683,0.5390864324886351,0.8108471929859369
RUNNING,,,,3995,593,0.9065892254002392,0.9507281909119336
RUNNING,,,,1136,3181,0.4600211586430668,0.3102562921922654
RUNNING,,,,1976,1943,0.6764444095771759,0.580523131744936
RUNNING,,,,2881,4374,0.1909223091099411,0.1586075192112475
RUNNING,,,,3081,2141,0.7683799392320215,0.832447097249329
RUNNING,,,,2108,4084,0.34849159591645,0.4124829490408301
RUNNING,,,,1033,327,0.5072910526823252,0.6968602097742259
RUNNING,,,,3804,3364,0.110824151540175,0.0583400430642068
RUNNING,,,,4575,1157,0.4937683745585382,0.1982328785918653
RUNNING,,,,556,2652,0.8881968585401773,0.5560071306042373
RUNNING,,,,1317,1370,0.2327101676221936,0.3350227846428752
RUNNING,,,,3540,4894,0.6504987048078327,0.9108657802119852
RUNNING,,,,3144,129,0.1303330553770065,0.6081154593601822
RUNNING,,,,1693,3636,0.7372244832925497,0.1547703452035784
RUNNING,,,,190,2417,0.3914218396861106,0.9853861799649895
RUNNING,,,,5000,3891,0.9748920633699744,0.2515975899361074
RUNNING,,,,4209,1568,0.6076633849218487,0.4860288137756287
RUNNING,,,,648,4624,0.0259879855401813,0.7519457752816378
RUNNING,,,,2464,881,0.8687214598748833,0.1075245883092284
RUNNING,,,,2666,2844,0.2636862452309578,0.6543723601177334
RUNNING,,,,2741,1786,0.0733542236778885,0.9251269309800118
RUNNING,,,,2384,4530,0.560339903799817,0.3198022546302527
RUNNING,,,,724,748,0.3422091829255223,0.5397962870616466
RUNNING,,,,4128,3023,0.7902413052208722,0.2154031050968915
RUNNING,,,,4920,270,0.6568862731773406,0.0433626746404916
RUNNING,,,,265,3463,0.2107141712214797,0.7108781989533453
RUNNING,,,,1612,2205,0.9257719120383264,0.4294090621899813
RUNNING,,,,3221,3993,0.4405848632864654,0.8164803670626133
RUNNING,,,,3460,947,0.965687294518575,0.6401266625504941
RUNNING,,,,1393,2752,0.4162046989966183,0.122760125381872
RUNNING,,,,475,1509,0.6968322293125093,0.768141169341281
RUNNING,,,,4651,4723,0.1863034295588731,0.4688435839284211
RUNNING,,,,3879,2008,0.3041865098904818,0.266589935677126
RUNNING,,,,953,4264,0.8126116964463144,0.9713836737293748
RUNNING,,,,2184,546,0.0353007353283464,0.1378292584549635
RUNNING,,,,3000,3270,0.582741106621921,0.6240667103212327
RUNNING,,,,2956,412,0.3805052900593727,0.3868292582742869
RUNNING,,,,1896,3312,0.9860261437986046,0.8672215671502053
RUNNING,,,,1212,2034,0.1425636159665882,0.0234427952244877
RUNNING,,,,3913,4154,0.724724178560078,0.7223911226019262
RUNNING,,,,4392,1322,0.8582924008276313,0.5201209968850016
RUNNING,,,,440,4985,0.2743327309805899,0.226673343040049
RUNNING,,,,1436,1222,0.6203809304647147,0.882304441358894
RUNNING,,,,3747,2540,0.0130005322694778,0.3707880439572036
RUNNING,,,,3323,2462,0.5180630675721913,0.1726100254468619
RUNNING,,,,1802,3801,0.0997888912912458,0.5655307860039174
RUNNING,,,,64,62,0.7560046357065439,0.2943050412312149
RUNNING,,,,4788,3743,0.3610909885130822,0.9676692776605486
RUNNING,,,,4328,795,0.2429947216752916,0.7956116559132934
RUNNING,,,,856,2894,0.6399510689806192,0.4653719033077359
RUNNING,,,,2282,1671,0.4809060563370585,0.6751501449905336
RUNNING,,,,2551,4552,0.9012833699323236,0.0639795820824801
RUNNING,,,,2521,2261,0.4662887690551579,0.571954225020483
RUNNING,,,,2331,4049,0.9159044791534542,0.1832385047692805
RUNNING,,,,788,292,0.1971900347750633,0.9572846458684652
RUNNING,,,,4337,3485,0.6857595480773598,0.2876378773730248
RUNNING,,,,4815,731,0.8037625714950263,0.4596165916901081
RUNNING,,,,18,3006,0.313336844921112,0.7862642716597765
RUNNING,,,,1873,1725,0.53463315760158,0.0735704569537192
RUNNING,,,,3312,4469,0.0832226232010871,0.6806618507374078
RUNNING,,,,3678,485,0.5726309657245874,0.8607315509188919
RUNNING,,,,1448,3209,0.0607619330845773,0.3762598647195845
RUNNING,,,,413,1991,0.8417295680213719,0.7327168210577218
RUNNING,,,,4439,4247,0.2909069701191037,0.0301766292434185
RUNNING,,,,3981,1531,0.1571883984133601,0.2323695726078003
RUNNING,,,,1203,4745,0.7101108024455606,0.5295349620711058
RUNNING,,,,1926,1003,0.4263177100662142,0.3611305026430636
RUNNING,,,,2907,2809,0.9402251598667352,0.8768516726661473
RUNNING,,,,3009,1205,0.0187268493846058,0.1160281800255179
RUNNING,,,,2116,2523,0.5993035862334072,0.6297990754321217
RUNNING,,,,1003,1261,0.2564247558806091,0.4794148958884179
RUNNING,,,,3849,4924,0.8603620143812148,0.7746292671672999
RUNNING,,,,4639,2091,0.7426330905556678,0.9768383310846984
RUNNING,,,,544,4210,0.1404911322407424,0.2762455883286893
RUNNING,,,,1345,434,0.9803007933218032,0.6146546635404228
RUNNING,,,,3487,3334,0.4015797938611358,0.1321311104819178
RUNNING,,,,3267,1693,0.8799633176885545,0.3264713071510195
RUNNING,,,,1585,4574,0.4863896654397249,0.9355096741095184
RUNNING,,,,276,851,0.6422652792092411,0.2047765441797673
RUNNING,,,,4849,2950,0.2253313432503491,0.5333709296397864
RUNNING,,,,4079,1,0.3587758116461336,0.7053683818690479
RUNNING,,,,754,3682,0.7736708545610309,0.0337699111066758
RUNNING,,,,2375,2445,0.121108006639406,0.8258296697214245
RUNNING,,,,2809,3783,0.5125823286417872,0.4351624554023146
RUNNING,,,,2733,222,0.8229092926811425,0.1483412569295614
RUNNING,,,,2456,3591,0.309487006092444,0.5974851378481834
RUNNING,,,,679,2315,0.5930383496619761,0.2619841866064816
RUNNING,,,,4159,3964,0.0406015847250819,0.9920591157693416
RUNNING,,,,4931,1836,0.4079844196792691,0.7577029328066855
RUNNING,,,,200,4404,0.9583180473018436,0.4953818510044366
RUNNING,,,,1664,642,0.1780832729302346,0.644775717018172
RUNNING,,,,3192,3054,0.6894628594070673,0.102010921401903
RUNNING,,,,3568,1882,0.2161398545224219,0.4189673160146921
RUNNING,,,,1269,4313,0.6670652257110923,0.8430146486144513
RUNNING,,,,625,576,0.4460106618404388,0.048016309486702
RUNNING,,,,4564,3164,0.9359507493190468,0.6901321477014571
RUNNING,,,,3773,1074,0.5530959626529365,0.5503127469439059
RUNNING,,,,1084,2705,0.0650154196303337,0.1888245663810521
RUNNING,,,,2041,1482,0.7829970034435391,0.9205175532978028
RUNNING,,,,3089,4831,0.3338707395084202,0.3404735921751707
RUNNING,,,,2830,1353,0.6286904035452752,0.6646948956213891
RUNNING,,,,2007,4877,0.2386801370810717,0.0904967913143336
RUNNING,,,,1128,1096,0.8900228197500109,0.8002815302833914
RUNNING,,,,4061,2591,0.4765913564898073,0.4446399501040577
RUNNING,,,,4521,383,0.1089953201580792,0.3048074030652642
RUNNING,,,,337,3420,0.5244690076466649,0.9410744994208216
RUNNING,,,,1528,2163,0.370297056749463,0.1680177200846374
RUNNING,,,,3603,4106,0.7624109364114701,0.5862156267426907
RUNNING,,,,3393,903,0.2699008113648742,0.8928036504648625
RUNNING,,,,1797,2866,0.8471577552873641,0.3441886853389442
RUNNING,,,,97,1624,0.0085682594589889,0.5155326770469546
RUNNING,,,,4740,4680,0.6092466381192208,0.247361693419516
RUNNING,,,,4261,2356,0.9923146298807112,0.0129916503503918
RUNNING,,,,869,3830,0.3898376198504119,0.7489119604453444
RUNNING,,,,2256,112,0.7310127873308956,0.3914960988871753
RUNNING,,,,2601,3619,0.1518958230689168,0.8464851525388658
RUNNING,,,,2584,1497,0.9773508771155028,0.4488834310136735
RUNNING,,,,2228,4690,0.4045995980184525,0.8047077504508197
RUNNING,,,,881,971,0.7474803021624684,0.0862010227069258
RUNNING,,,,4284,2759,0.135713838327676,0.6600945615842938
RUNNING,,,,4762,512,0.2534751445371657,0.5826345756426453
RUNNING,,,,110,3257,0.8633816475179046,0.1646194082424044
RUNNING,,,,1770,2014,0.0235738602280616,0.9446012403182684
RUNNING,,,,3375,4289,0.59452656744048,0.3080295785330235
RUNNING,,,,3614,774,0.1239436959382146,0.2353632710240781
RUNNING,,,,1551,3030,0.5096919499207287,0.5032296892218292
RUNNING,,,,320,1773,0.3538144028745591,0.3563613405749201
RUNNING,,,,4493,4496,0.7785776036530732,0.905159044958651
RUNNING,,,,4035,2212,0.6451006933879107,0.8579125147536397
RUNNING,,,,1110,4018,0.2224411652926355,0.4026188956722617
RUNNING,,,,2028,236,0.875002079937607,0.7376606156341731
RUNNING,,,,2843,3450,0.4912961096689105,0.001923044797033
RUNNING,,,,3112,58,0.5375840181391686,0.9876681109797208
RUNNING,,,,2053,3721,0.0802037633750587,0.2577759210746735
RUNNING,,,,1057,2498,0.7989163339622318,0.602067388312891
RUNNING,,,,3756,3815,0.3181151129081845,0.1526189419645816
RUNNING,,,,4547,1648,0.2001406053211539,0.1053892461378127
RUNNING,,,,598,4548,0.6827408741433173,0.6483367810118942
RUNNING,,,,1282,810,0.4614426876716316,0.4921929873805492
RUNNING,,,,3589,2930,0.920682427406311,0.7542095037531107
RUNNING,,,,3165,2071,0.4234810466933995,0.7023923060130328
RUNNING,,,,1648,4170,0.9431145645137876,0.0599719023685902
RUNNING,,,,222,407,0.1621488628536462,0.8306849518287927
RUNNING,,,,4942,3289,0.7052031090222299,0.4068203584868461
RUNNING,,,,4171,1238,0.838893224382773,0.3293783966321497
RUNNING,,,,700,2576,0.2937962186168879,0.9091177923250944
RUNNING,,,,2439,1299,0.5775912442728875,0.1998522459547966
RUNNING,,,,2707,4980,0.0558545296527445,0.561523165775463
RUNNING,,,,2787,1017,0.3751975524351,0.7704201093539595
RUNNING,,,,2364,2667,0.7574432742334902,0.475022998817265
RUNNING,,,,782,1429,0.1060987177733331,0.6340758681856095
RUNNING,,,,4095,4798,0.5272984732817858,0.1206095382086932
RUNNING,,,,4867,1927,0.8949231444150209,0.1356930667571723
RUNNING,,,,302,4340,0.4716239991746842,0.6180338805578649
RUNNING,,,,1572,617,0.6257940762806684,0.2727530515566468
RUNNING,,,,3246,3184,0.2415094019528478,0.9736503597423432
RUNNING,,,,3515,1856,0.7262264888100325,0.5453275337740779
RUNNING,,,,1362,4445,0.1567340300679206,0.2170377137437462
RUNNING,,,,522,668,0.9953254591729492,0.9233637278340756
RUNNING,,,,4628,3099,0.3868787287790328,0.3141426216177642
RUNNING,,,,3836,190,0.0037821617014706,0.4237616831772029
RUNNING,,,,982,3539,0.6140845699980854,0.8147334629260004
RUNNING,,,,2134,2276,0.2729113357942551,0.0449793186858296
RUNNING,,,,3036,3907,0.8441990352366119,0.7163950501903891
RUNNING,,,,2923,2391,0.173183721575886,0.2920630862880498
RUNNING,,,,1953,3886,0.6944314659163355,0.9615271155256778
RUNNING,,,,1191,143,0.4108819961380213,0.1786371594797819
RUNNING,,,,3958,3668,0.955489555740729,0.567657445160672
RUNNING,,,,4418,876,0.5881389841996133,0.6772645501475781
RUNNING,,,,400,2818,0.0455699012428522,0.069990417106077
RUNNING,,,,1474,1600,0.8258065494056791,0.789487458379939
RUNNING,,,,3695,4638,0.3066586706805974,0.4631443438399582
RUNNING,,,,3300,341,0.7877823278903962,0.0178745336998254
RUNNING,,,,1850,3397,0.3290315584354102,0.7207192909438161
RUNNING,,,,34,2115,0.5500841890294104,0.3886161514949053
RUNNING,,,,4843,4079,0.0679733663704246,0.8729050984364002
RUNNING,,,,4363,1402,0.4507958301380276,0.8879735771697014
RUNNING,,,,806,4909,0.9311118879802524,0.3725569725763052
RUNNING,,,,2310,1151,0.2131283708903938,0.5184654642362146
RUNNING,,,,2508,2625,0.6700229865591973,0.2211173355150967
RUNNING,,,,2578,560,0.2277416280340403,0.7266612529866397
RUNNING,,,,2298,3128,0.6553983230832963,0.0280174910388886
RUNNING,,,,833,1905,0.4965969330407679,0.8630057469680905
RUNNING,,,,4317,4318,0.8852993490025401,0.3824306988343596
RUNNING,,,,4775,1446,0.50232266924344,0.3672869412824511
RUNNING,,,,43,4816,0.1157234500814229,0.8791079041138291
RUNNING,,,,1820,1078,0.7712082077227533,0.2302267334125936
RUNNING,,,,3349,2728,0.3455942722707986,0.5234916479997336
RUNNING,,,,3725,2337,0.8735605740267783,0.9555299937538801
RUNNING,,,,1425,3968,0.2589008538629859,0.281983018066734
RUNNING,,,,468,207,0.604705371260643,0.5774940525069832
RUNNING,,,,4409,3556,0.0289996922425925,0.1848778573796153
RUNNING,,,,3931,646,0.3962607679460197,0.0751975555643439
RUNNING,,,,1239,3077,0.9701069619935004,0.6861853792145847
RUNNING,,,,1883,1800,0.1273753614500164,0.4539796969853341
RUNNING,,,,2935,4389,0.7402360338456929,0.7845240150205791
RUNNING,,,,2988,1617,0.2894816674832254,0.2107950974386185
RUNNING,,,,2161,4655,0.8276325254868716,0.5354928448330611
RUNNING,,,,970,937,0.0515398558303713,0.3242208011765033
RUNNING,,,,3906,2879,0.5663306680656969,0.92936273826845
RUNNING,,,,4677,87,0.9495205380488188,0.819694987880066
RUNNING,,,,492,3612,0.4326874420996755,0.4329282484371215
RUNNING,,,,1371,2369,0.7116094357520341,0.7074723324608057
RUNNING,,,,3447,3864,0.171354905065149,0.0397740688901394
RUNNING,,,,3237,1129,0.6716062546279281,0.4812065330725163
RUNNING,,,,1640,2603,0.1957086596805602,0.7803213792275637
RUNNING,,,,253,1346,0.9095481685213744,0.1104646922070533
RUNNING,,,,4897,4853,0.4570103814005851,0.6281357948053627
RUNNING,,,,4107,2176,0.089536119190976,0.6130057783890515
RUNNING,,,,711,4140,0.5438724781963973,0.1265855872649699
RUNNING,,,,2410,358,0.3274473534710705,0.982514144135639
RUNNING,,,,2759,3414,0.8052049092724918,0.2780249715130775
RUNNING,,,,2678,1958,0.623399857211858,0.054035708554089
RUNNING,,,,2487,4233,0.0100497386530041,0.6922513098344207
RUNNING,,,,631,490,0.8535141997616738,0.4167178640477359
RUNNING,,,,4181,3235,0.2791790354344994,0.8368647515140473
RUNNING,,,,4974,988,0.1455822229795157,0.9143858587406576
RUNNING,,,,172,2776,0.7217735410928726,0.3382382977418601
RUNNING,,,,1715,1558,0.3757272748854011,0.5524194171354174
RUNNING,,,,3157,4751,0.990872158261016,0.1948279043808579
RUNNING,,,,3523,297,0.4780165847688913,0.2637788110747933
RUNNING,,,,1290,3511,0.9041199663840234,0.997750140361488
RUNNING,,,,567,2229,0.2479023481775075,0.1427804887108504
RUNNING,,,,4598,4035,0.6349905376192181,0.5958210374377668
RUNNING,,,,3825,1751,0.7531154541298746,0.6431276776753366
RUNNING,,,,1046,4474,0.363927399072796,0.096462645124644
RUNNING,,,,2081,717,0.522970537925139,0.7633797998651862
RUNNING,,,,3063,2974,0.0948286796640604,0.4971582729294896
RUNNING,,,,2854,827,0.9227520558312536,0.5094741514343767
RUNNING,,,,1959,2947,0.4435347274430095,0.2452036129403859
RUNNING,,,,1159,1709,0.661663515040651,0.8950750971715897
RUNNING,,,,4006,4609,0.2058669075649231,0.3503603689800948
RUNNING,,,,4485,2441,0.3391896018385887,0.3976517214607447
RUNNING,,,,386,3759,0.7931909686140715,0.8487441073041408
RUNNING,,,,1500,36,0.0781312945205718,0.0108477274049073
RUNNING,,,,3645,3699,0.5554929450061172,0.7428716373760254
RUNNING,,,,3425,1277,0.0381911660991609,0.7985260621029883
RUNNING,,,,1739,4958,0.5799054693728685,0.4389878141153603
RUNNING,,,,118,1181,0.2992798128481954,0.6702336393576114
RUNNING,,,,4695,2520,0.817573157267645,0.0921391349267214
RUNNING,,,,4236,468,0.6997223552204668,0.1696418611537665
RUNNING,,,,910,3350,0.1834679633304476,0.5917402129452675
RUNNING,,,,2218,2088,0.9607807982396334,0.2991677590180188
RUNNING,,,,2653,4187,0.4211658846978098,0.9393350923079996
RUNNING,,,,2643,2077,0.0115874919984489,0.1924026264790445
RUNNING,,,,2209,4197,0.6218616149704903,0.5538919818792492
RUNNING,,,,900,459,0.2806864605024457,0.3367722782548516
RUNNING,,,,4225,3359,0.8520063118226826,0.9168179198410362
RUNNING,,,,4703,1192,0.7184078058917074,0.838338740190491
RUNNING,,,,130,2510,0.1489474990274757,0.4142930583115667
RUNNING,,,,1751,1286,0.987536978125572,0.6946848023030907
RUNNING,,,,3434,4949,0.3790619624070823,0.0525701686684042
RUNNING,,,,3634,27,0.9027039072271436,0.4995990226212889
RUNNING,,,,1492,3708,0.4794331067968159,0.7619222310278565
RUNNING,,,,379,2431,0.6336050707064568,0.0979131965395063
RUNNING,,,,4474,3770,0.2492883039861917,0.6406806243862956
RUNNING,,,,4015,1718,0.3674148582052439,0.5943620372321456
RUNNING,,,,1169,4600,0.7496284876111894,0.1452207588013261
RUNNING,,,,1970,837,0.0982857882119715,0.995301663139835
RUNNING,,,,2863,2936,0.5195138885304332,0.2652288903240114
RUNNING,,,,3053,708,0.4430019080322235,0.745303934559226
RUNNING,,,,2072,2983,0.9232853381130844,0.009381468117237
RUNNING,,,,1037,1740,0.205303767312318,0.8502173840142785
RUNNING,,,,3815,4485,0.6622271441891789,0.3952257278747856
RUNNING,,,,4605,2239,0.7955515356566756,0.3488955410607159
RUNNING,,,,579,4026,0.3368295274097472,0.897507873956114
RUNNING,,,,1301,308,0.557884074550122,0.2427790432870388
RUNNING,,,,3531,3500,0.0757406241297721,0.5109479003101586
RUNNING,,,,3145,1548,0.5803163306284695,0.9368873233348132
RUNNING,,,,1707,4761,0.0377798159476369,0.300619022399187
RUNNING,,,,164,979,0.818014603331685,0.5902824043072759
RUNNING,,,,4961,2785,0.2988379039131104,0.1720828469283878
RUNNING,,,,4191,501,0.1809854678753763,0.0935889743752777
RUNNING,,,,642,3225,0.702204391522333,0.6677853982187808
RUNNING,,,,2497,1967,0.4186530312225222,0.4414273685216903
RUNNING,,,,2687,4224,0.9632931591011584,0.7970677738636732
RUNNING,,,,2767,367,0.6529158071801066,0.525925017779693
RUNNING,,,,2422,3405,0.2302236513234675,0.2287613087799399
RUNNING,,,,723,2186,0.882786515975371,0.8805820154789835
RUNNING,,,,4115,4129,0.4991093069147318,0.3648620202932506
RUNNING,,,,4887,1337,0.1161343206316232,0.3809648020360618
RUNNING,,,,244,4862,0.5019113358221948,0.8654376928154379
RUNNING,,,,1630,1119,0.3460357090402394,0.0255920904483646
RUNNING,,,,3226,2613,0.7707662820573896,0.7281339329835027
RUNNING,,,,3456,2379,0.261261407893151,0.7820751771684736
RUNNING,,,,1381,3854,0.8712004791498184,0.4554301294293254
RUNNING,,,,502,96,0.0313908347990363,0.6847267396394163
RUNNING,,,,4686,3602,0.6023147213179618,0.0776374724600464
RUNNING,,,,3895,926,0.9695741593129932,0.1863287694249302
RUNNING,,,,962,2890,0.3967940595224499,0.5750466460231691
RUNNING,,,,2154,1608,0.739672876862809,0.2844234071280807
RUNNING,,,,2977,4664,0.1279389813039451,0.9540727781113236
RUNNING,,,,2943,1811,0.8311199716068804,0.0373498598672449
RUNNING,,,,1894,4378,0.2859946805164217,0.7089457281418144
RUNNING,,,,1250,655,0.569787789626047,0.43146305988729
RUNNING,,,,3939,3068,0.0480832268837839,0.8221281178593635
RUNNING,,,,4398,196,0.4312713996730744,0.9308356543481348
RUNNING,,,,459,3566,0.9509370693713428,0.3217951607853174
RUNNING,,,,1416,2328,0.1699694214221089,0.5379255026467143
RUNNING,,,,3715,3978,0.7129953822661191,0.209328484956175
RUNNING,,,,3359,1088,0.1923429040312767,0.2804646486081183
RUNNING,,,,1831,2719,0.674971517663449,0.9810557406432928
RUNNING,,,,53,1456,0.4536752217132598,0.1280353040248155
RUNNING,,,,4784,4805,0.9128828690554947,0.610557652503252
RUNNING,,,,4305,1896,0.5454102408364415,0.6266778634786606
RUNNING,,,,825,4327,0.087997893679887,0.1129057932347059
RUNNING,,,,2290,550,0.8067123250458388,0.7778737329430878
RUNNING,,,,2567,3139,0.3259394488018005,0.4826576812006533
RUNNING,,,,2520,1141,0.7608998009394853,0.9751156672630458
RUNNING,,,,2318,2635,0.3717405665758997,0.2703198026064783
RUNNING,,,,814,1393,0.5307855624891817,0.6204589223768561
RUNNING,,,,4375,4918,0.1026111359521746,0.1342188382800668
RUNNING,,,,4833,2125,0.4702379206772893,0.1181777131911367
RUNNING,,,,23,4068,0.8963087340164929,0.6355416478719562
RUNNING,,,,1840,350,0.2400930026136338,0.4735502017084509
RUNNING,,,,3291,3388,0.6272100127488374,0.7728456307742744
RUNNING,,,,3706,1591,0.1533992272932082,0.7149447385761886
RUNNING,,,,1483,4647,0.7295617841985077,0.047428039425984
RUNNING,,,,409,865,0.3835135679841041,0.8122934289183467
RUNNING,,,,4428,2829,0.998691079121083,0.4252204435821622
RUNNING,,,,3951,152,0.6155923426840453,0.3165899109896272
RUNNING,,,,1180,3658,0.0022748518865555,0.9219129366185516
RUNNING,,,,1942,2401,0.8457373927310108,0.2184950502160936
RUNNING,,,,2915,3876,0.271373467195779,0.5428870276007801
RUNNING,,,,3047,2267,0.6919189898017793,0.4616708273291587
RUNNING,,,,2142,3917,0.1756966903042048,0.7919117845147848
RUNNING,,,,989,179,0.953007634691894,0.0675574042387306
RUNNING,,,,3848,3549,0.4133643763400614,0.6787296178676187
RUNNING,,,,4619,677,0.0460116949249058,0.570083202663809
RUNNING,,,,512,3090,0.5876976533886044,0.177164122570306
RUNNING,,,,1352,1867,0.3070701360851526,0.9629936071783304
RUNNING,,,,3506,4434,0.8253955728970467,0.2896305455863475
RUNNING,,,,3257,606,0.3314221061374992,0.2225758561193943
RUNNING,,,,1581,3195,0.785391321035102,0.5160256663113832
RUNNING,,,,312,1918,0.0703335634879767,0.3750049776323139
RUNNING,,,,4878,4349,0.5477234992980957,0.886523977521807
RUNNING,,,,4087,1439,0.9305481361430136,0.8704638765789569
RUNNING,,,,770,4788,0.4513590930793434,0.3900741999335586
RUNNING,,,,2352,1026,0.669489826966077,0.7192682599276304
RUNNING,,,,2778,2658,0.2136610676124691,0.0203220591545104
RUNNING,,,,2697,1308,0.4040358629114925,0.3065571346189826
RUNNING,,,,2428,4971,0.977914149351418,0.9470264011081309
RUNNING,,,,690,1248,0.1351806620042771,0.1621872300300747
RUNNING,,,,4162,2566,0.7480129895899444,0.5841007159594446
RUNNING,,,,4954,398,0.8657721822075545,0.6625192502085119
RUNNING,,,,230,3298,0.2510841172337531,0.084727154860273
RUNNING,,,,1656,2060,0.5968867775704711,0.8061734111662953
RUNNING,,,,3177,4180,0.0212131909448653,0.4464498214330523
RUNNING,,,,3582,820,0.5101337528973818,0.0033804965224117
RUNNING,,,,1271,2919,0.1235023818574845,0.7352199867721647
RUNNING,,,,587,1657,0.7789890597630292,0.4050660697910934
RUNNING,,,,4539,4539,0.3534034096356481,0.8564618462268263
RUNNING,,,,3767,2487,0.2199286687299609,0.9027188956979662
RUNNING,,,,1066,3826,0.6476136491037904,0.3578202236685901
RUNNING,,,,2062,49,0.488814209068194,0.5017794928606599
RUNNING,,,,3122,3730,0.8774844731520861,0.2378118690755218
RUNNING,,,,2834,247,0.081711545355618,0.7556758801527321
RUNNING,,,,2018,3439,0.5360767250545322,0.4897605693675577
RUNNING,,,,1100,2221,0.3196534611079842,0.6507626537680626
RUNNING,,,,4026,4009,0.797378448633477,0.1039160865396261
RUNNING,,,,4505,1762,0.6794060509204864,0.1501860443502664
RUNNING,,,,328,4507,0.20347588769719,0.603532333344221
RUNNING,,,,1558,765,0.9173172870595008,0.2563022893108427
RUNNING,,,,3625,3039,0.4648083206322043,0.9900925598032772
RUNNING,,,,3367,2023,0.9417285027466714,0.5600717815645038
RUNNING,,,,1758,4280,0.4248666455894708,0.2023001320399344
RUNNING,,,,98,523,0.7037866929527372,0.906676923662424
RUNNING,,,,4754,3247,0.163564790027216,0.3308360844403505
RUNNING,,,,4294,962,0.2972527323104441,0.4092687167376279
RUNNING,,,,890,2768,0.8354362180754542,0.8292349915504456
RUNNING,,,,2238,1487,0.0593416318725794,0.0614300697781145
RUNNING,,,,2595,4700,0.5741036828998475,0.6999528687186539
RUNNING,,,,2613,103,0.3119690256640315,0.0995850467868149
RUNNING,,,,2264,3628,0.8204267804957927,0.6462488747574388
RUNNING,,,,877,2346,0.0431139623168855,0.4939154727458953
RUNNING,,,,4273,3841,0.5905255129169673,0.7601353489607572
RUNNING,,,,4731,1633,0.9579067101627587,0.9935327456742524
RUNNING,,,,87,4671,0.4083952939473092,0.2595597359240054
RUNNING,,,,1786,913,0.6890209374595432,0.5999180336035786
RUNNING,,,,3383,2856,0.1785247059818357,0.1468763100393116
RUNNING,,,,3613,2153,0.6647051345519721,0.3429144589789211
RUNNING,,,,1537,4117,0.2185004048347473,0.9190598636306822
RUNNING,,,,346,373,0.9335600956585258,0.1902759487330913
RUNNING,,,,4531,3430,0.4484018081147223,0.5478648589998483
RUNNING,,,,4053,1106,0.0655487149246037,0.6886739784330129
RUNNING,,,,1117,2580,0.5525631562545895,0.0504557449221611
RUNNING,,,,1996,1362,0.3344343556445091,0.8405662885047495
RUNNING,,,,2823,4868,0.782433850178495,0.4204172744341194
RUNNING,,,,3101,1472,0.2351931538321077,0.5886478068139404
RUNNING,,,,2049,4842,0.6321778459474444,0.1665515816267579
RUNNING,,,,1092,1065,0.4731347238253801,0.9425469451937823
RUNNING,,,,3784,2714,0.8934799450282007,0.3023822441343217
RUNNING,,,,4555,586,0.5258855426870286,0.4431742912475019
RUNNING,,,,614,3154,0.1075792740136384,0.8027151417229323
RUNNING,,,,1259,1892,0.7637968792077154,0.0880721045490354
RUNNING,,,,3559,4304,0.3689115768242627,0.6661687653269618
RUNNING,,,,3203,633,0.8505230146050453,0.8440379802789539
RUNNING,,,,1674,3064,0.2665350594334304,0.3929467692729085
RUNNING,,,,209,1826,0.6125813423711806,0.7474545105788856
RUNNING,,,,4941,4414,0.0052330960538238,0.0154322810713201
RUNNING,,,,4151,2324,0.3882993906214833,0.2488118916396051
RUNNING,,,,667,3955,0.9938523962385952,0.5130840808544308
RUNNING,,,,2444,232,0.1503879221174865,0.3466288364585489
RUNNING,,,,2725,3581,0.732520199386403,0.8913447692301124
RUNNING,,,,2800,2455,0.9143662406299264,0.6830948617458343
RUNNING,,,,2365,3773,0.4678265186827629,0.0721053873747587
RUNNING,,,,743,10,0.6842516564205288,0.7877377863116563
RUNNING,,,,4069,3673,0.1986974635608494,0.4571922636963426
RUNNING,,,,4861,841,0.3167021246869117,0.2861713838614523
RUNNING,,,,284,2960,0.8003968325760215,0.9597171847112476
RUNNING,,,,1593,1683,0.0865573070049285,0.1808127454072236
RUNNING,,,,3279,4583,0.5312979811839759,0.5734272600710391
RUNNING,,,,3479,443,0.0621784513946622,0.8744036657512188
RUNNING,,,,1334,3324,0.5712149102855473,0.3625801004320383
RUNNING,,,,533,2101,0.2922929296456277,0.5280764396078884
RUNNING,,,,4632,4200,0.8403440973907708,0.234809368673712
RUNNING,,,,3859,1252,0.7066238322090357,0.0316276584006845
RUNNING,,,,1012,4933,0.1606758612636476,0.7302692937441169
RUNNING,,,,2125,1194,0.9367685141898692,0.3787010847181081
RUNNING,,,,3020,2533,0.4297748148962855,0.8592735006213187
RUNNING,,,,2898,1012,0.5998368647973983,0.1297060705218464
RUNNING,,,,1916,2800,0.0181940336916595,0.6161288938764483
RUNNING,,,,1193,1542,0.8609256472475826,0.2747802826669067
RUNNING,,,,3972,4734,0.2558616119101643,0.9792715818937868
RUNNING,,,,4451,1981,0.1381310540940612,0.7761020661350339
RUNNING,,,,420,4256,0.7449936613161116,0.4769893763270229
RUNNING,,,,1456,474,0.3991891271881758,0.6322309023085981
RUNNING,,,,3689,3219,0.9826919191479682,0.1145624021980911
RUNNING,,,,3303,1735,0.4859783190060407,0.4376024912688881
RUNNING,,,,1861,4459,0.8803741752263158,0.824370911175385
RUNNING,,,,5,741,0.2248894305974245,0.0352202245797961
RUNNING,,,,4807,2997,0.642706728991121,0.7029196629878133
RUNNING,,,,4348,282,0.7761528945807367,0.5319135950263589
RUNNING,,,,798,3495,0.3562933124732226,0.2072170522119849
RUNNING,,,,2340,2252,0.5150946857854724,0.9330623865965753
RUNNING,,,,2531,4058,0.1185951568819582,0.3279221002254635
RUNNING,,,,2540,1661,0.5609031797535717,0.817945553753525
RUNNING,,,,2272,4561,0.0727904848530888,0.4269759303517639
RUNNING,,,,847,785,0.7907739889305085,0.71330240611732
RUNNING,,,,4318,2904,0.341676010319963,0.041889277100563
RUNNING,,,,4796,71,0.2083231476359069,0.2129704454243183
RUNNING,,,,76,3734,0.6592768041491507,0.5412628976851702
RUNNING,,,,1814,2472,0.4382241902854293,0.3183293366916477
RUNNING,,,,3331,3790,0.9281321258861572,0.9275525695122778
RUNNING,,,,3736,1211,0.4157633811980485,0.6226169917024672
RUNNING,,,,1429,2550,0.9661291012130676,0.1402773824818432
RUNNING,,,,432,1313,0.1858924400378018,0.9689439947754144
RUNNING,,,,4381,4994,0.6972436817046254,0.2680483373105526
RUNNING,,,,3922,2045,0.8151246484443545,0.4712912283539771
RUNNING,,,,1223,4144,0.3016740170456468,0.7666900193542242
RUNNING,,,,1906,421,0.5852235035542399,0.1242180548496544
RUNNING,,,,2965,3302,0.0328188310097903,0.6376855596639215
RUNNING,,,,2990,535,0.9845188469961283,0.3693139344509691
RUNNING,,,,2175,3280,0.3820130757577717,0.8847293642070144
RUNNING,,,,944,1999,0.723186296949163,0.2242399751190096
RUNNING,,,,3869,4273,0.1441019604485481,0.5215864233765751
RUNNING,,,,4659,1520,0.2776680096387862,0.7248165250513702
RUNNING,,,,486,4712,0.8549575813226402,0.0219701170865446
RUNNING,,,,1404,955,0.0163661689478904,0.868687465807423
RUNNING,,,,3467,2743,0.6170157864000648,0.3843973142858594
RUNNING,,,,3209,2196,0.1011744939051568,0.0654382235165685
RUNNING,,,,1604,4002,0.5166770020872354,0.6727102299537508
RUNNING,,,,256,260,0.3625069119688123,0.4678207430187612
RUNNING,,,,4908,3473,0.754588223354891,0.7941612253282218
RUNNING,,,,4137,758,0.6364940663911401,0.9652288904581218
RUNNING,,,,735,3014,0.2464512316510081,0.2957622587326914
RUNNING,,,,2395,1796,0.897795804841444,0.5640798758175223
RUNNING,,,,2751,4520,0.4843931622747331,0.1750574337895959
RUNNING,,,,2674,891,0.1650015361737459,0.3993739688843488
RUNNING,,,,2476,2834,0.7178951789978891,0.8546701904535293
RUNNING,,,,660,1577,0.4341001366116106,0.0050437659956514
RUNNING,,,,4217,4615,0.9480402141734958,0.740783493179828
RUNNING,,,,4989,2407,0.5648197036143391,0.5073250346668065
RUNNING,,,,180,3902,0.052983298735693,0.239460743073374
RUNNING,,,,1684,120,0.8339490134082734,0.9009394939243792
RUNNING,,,,3134,3645,0.2830976542979478,0.3521444217711687
RUNNING,,,,3549,1379,0.8115507848579436,0.1600653259903192
RUNNING,,,,1328,4885,0.3211538789775222,0.5780821441113949
RUNNING,,,,566,1167,0.5424520487189292,0.3127040593065321
RUNNING,,,,4584,2641,0.0910089460425078,0.9492769256718456
RUNNING,,,,3793,317,0.4585138525459915,0.808407636720687
RUNNING,,,,1026,3374,0.9080969943683594,0.4525844921208918
RUNNING,,,,2100,2131,0.1893844367936253,0.6565150738358497
RUNNING,,,,3070,4095,0.6779827707894146,0.0826232154220342
RUNNING,,,,2889,1953,0.3510045683626085,0.9123318015579132
RUNNING,,,,1987,4365,0.7658674593996256,0.3325907254014164
RUNNING,,,,1147,603,0.1133065280243754,0.5584324103649705
RUNNING,,,,4002,3171,0.50480913535133,0.1967603157069534
RUNNING,,,,4462,1043,0.8877555314470083,0.0559065524544566
RUNNING,,,,356,2692,0.4942101645227521,0.6983257515188306
RUNNING,,,,1508,1416,0.6500877245813607,0.4110089622233062
RUNNING,,,,3661,4786,0.2331216367445886,0.8348719048444182
RUNNING,,,,3412,176,0.734833472719416,0.6529218105617911
RUNNING,,,,1738,3525,0.1327236067969352,0.1099716434571891
RUNNING,,,,156,2302,0.9725313773564994,0.7495050274487584
RUNNING,,,,4721,3933,0.393782033085823,0.4874863844718784
RUNNING,,,,4241,1843,0.0265512447636574,0.2540460690166801
RUNNING,,,,928,4431,0.6070996368024498,0.9839361025746912
RUNNING,,,,2197,694,0.2642189456708729,0.1562293472681194
RUNNING,,,,2620,3125,0.8681882965639233,0.6056751911286264
RUNNING,,,,2623,1848,0.3435109659135341,0.6354365185182541
RUNNING,,,,2190,4416,0.7891979046575724,0.1197780461441725
RUNNING,,,,921,698,0.0743819126505404,0.7710081740040332
RUNNING,,,,4244,3111,0.5590833223070948,0.4739057201314717
RUNNING,,,,4723,161,0.9265559561029076,0.2716507929433137
RUNNING,,,,148,3530,0.4400592462606728,0.9742539203483612
RUNNING,,,,1730,2288,0.6574571065697818,0.1348456623386591
RUNNING,,,,3414,3938,0.2099144304376095,0.6193800461869687
RUNNING,,,,3654,1047,0.6954238632954656,0.9220141919832676
RUNNING,,,,1511,2678,0.1874838399514555,0.3149857337903231
RUNNING,,,,358,1421,0.964553052259609,0.5447282393891363
RUNNING,,,,4454,4770,0.4175983200613409,0.2181432570684701
RUNNING,,,,3995,1938,0.034410137977451,0.0461008933354169
RUNNING,,,,1150,4370,0.5834037632197142,0.7158103594798594
RUNNING,,,,1990,588,0.3035090934690087,0.4245898942481726
RUNNING,,,,2882,3177,0.8135484470594673,0.8133685500901192
RUNNING,,,,3072,332,0.1415511478297412,0.1775463202111423
RUNNING,,,,2092,3369,0.725995980888605,0.5682724251113832
RUNNING,,,,1018,2146,0.3792187279071658,0.2912042588070035
RUNNING,,,,3795,4089,0.9870847651977092,0.9628618580922484
RUNNING,,,,4587,1375,0.6198253327794372,0.7908062291070818
RUNNING,,,,559,4899,0.0138155087605118,0.4622709721699356
RUNNING,,,,1320,1162,0.8575235924702138,0.6778944906853139
RUNNING,,,,3551,2657,0.2748735837135464,0.0689150143079459
RUNNING,,,,3127,2422,0.7571541136726737,0.3896882324032485
RUNNING,,,,1687,3896,0.3597126031555235,0.8722709139846265
RUNNING,,,,183,134,0.5194866692963988,0.0187522347941994
RUNNING,,,,4982,3641,0.0986237166058272,0.7194038681313394
RUNNING,,,,4210,886,0.4815986935943364,0.5171349618658422
RUNNING,,,,662,2849,0.9003618401549756,0.2219794811680912
RUNNING,,,,2478,1573,0.243900539861992,0.8873552455864847
RUNNING,,,,2667,4629,0.6393036332186312,0.3736434787027537
RUNNING,,,,2748,743,0.9457178274858742,0.0829172993320971
RUNNING,,,,2402,3018,0.4361636371072381,0.6629023698735981
RUNNING,,,,742,1781,0.715816558048129,0.4463189943712204
RUNNING,,,,4135,4525,0.1673085719011724,0.8077480464112013
RUNNING,,,,4906,2200,0.2851610172335058,0.9476256239246575
RUNNING,,,,264,3988,0.8316267791520803,0.3054506571870297
RUNNING,,,,1612,265,0.0552904274091124,0.5854574040044099
RUNNING,,,,3207,3458,0.562741004589945,0.1613511808235198
RUNNING,,,,3475,1504,0.0933159576039761,0.3596262200791388
RUNNING,,,,1402,4718,0.5403734705243259,0.902331887172535
RUNNING,,,,484,942,0.3232173590250313,0.2379464362841099
RUNNING,,,,4666,2747,0.8092284297719597,0.5002086275052278
RUNNING,,,,3876,541,0.6759040327277034,0.7346246528159825
RUNNING,,,,942,3265,0.1916915933508425,0.0044908330719918
RUNNING,,,,2172,2003,0.905774724792689,0.8551013882923871
RUNNING,,,,2997,4259,0.4605772322118282,0.4058983788508921
RUNNING,,,,2963,2039,0.5058979075010865,0.6051336478069425
RUNNING,,,,1914,4159,0.1119588696826249,0.1500818965062498
RUNNING,,,,1230,416,0.767200004722923,0.9904490597359836
RUNNING,,,,3920,3316,0.3499004378169774,0.254465814050287
RUNNING,,,,4378,1227,0.2317738928925245,0.4888978409431875
RUNNING,,,,440,2544,0.6511765971127897,0.7570058889798819
RUNNING,,,,1436,1327,0.4931061938442289,0.102836228840053
RUNNING,,,,3733,4989,0.8890879317745565,0.6513884963169693
RUNNING,,,,3338,67,0.3926779452953487,0.8276299518123269
RUNNING,,,,1812,3748,0.9738638985138386,0.4093691095635295
RUNNING,,,,73,2467,0.1313759800568223,0.6996002130322158
RUNNING,,,,4803,3805,0.7359222244210541,0.0632704190276563
RUNNING,,,,4325,1676,0.8695207247752696,0.2031666154824197
RUNNING,,,,844,4557,0.2631149359550327,0.5587454980127513
RUNNING,,,,2270,800,0.6081885260641575,0.3319120681509375
RUNNING,,,,2548,2899,0.0252034655921161,0.9060472368672488
RUNNING,,,,2539,287,0.5916142869256436,0.4161028989683836
RUNNING,,,,2338,3480,0.0417662983983755,0.8379555759113281
RUNNING,,,,795,2256,0.8217593239601702,0.0527009511161595
RUNNING,,,,4355,4044,0.31086490069516,0.6931101521868259
RUNNING,,,,4815,1720,0.1771769639886915,0.5532928036767988
RUNNING,,,,3,4464,0.6901098044142125,0.1935091187823563
RUNNING,,,,1859,726,0.4072913214098662,0.9154612466674296
RUNNING,,,,3311,3001,0.9592391160670668,0.3376083720754832
RUNNING,,,,3687,1986,0.4472977147474884,0.1434146880339831
RUNNING,,,,1463,4242,0.9348926186747848,0.5947489416580646
RUNNING,,,,428,480,0.2171527836713939,0.2650942190159112
RUNNING,,,,4449,3204,0.6657938843946904,0.9968724541384726
RUNNING,,,,3969,998,0.7837662728130818,0.7625176690835505
RUNNING,,,,1200,2804,0.3333303477875888,0.4984887604285031
RUNNING,,,,1923,1526,0.5536520510930568,0.6420411566775291
RUNNING,,,,2895,4740,0.0642009338941425,0.0970809915792197
RUNNING,,,,3027,1266,0.8911575527638196,0.8959066041074693
RUNNING,,,,2123,4928,0.4751982261799275,0.3489997037760913
RUNNING,,,,1010,1210,0.630099230574444,0.5105914152488112
RUNNING,,,,3867,2527,0.2375001877006143,0.2446155631616711
RUNNING,,,,4639,438,0.3709749341830611,0.0102441816702485
RUNNING,,,,530,3338,0.7614746468104421,0.7439738811179994
RUNNING,,,,1331,2096,0.1098864082638174,0.396305540960282
RUNNING,,,,3486,4215,0.5238068418037146,0.8495915265940129
RUNNING,,,,3277,856,0.0075401094742119,0.6693905420564114
RUNNING,,,,1600,2955,0.6105027585998177,0.0934886559061706
RUNNING,,,,291,1698,0.2685985376220196,0.7974205039069056
RUNNING,,,,4858,4579,0.848200665095821,0.4395871233716607
RUNNING,,,,4067,2450,0.7304414631836115,0.2997524645999073
RUNNING,,,,751,3788,0.1526950730979442,0.9382135027870536
RUNNING,,,,2372,6,0.991530124804005,0.1710067591182887
RUNNING,,,,2797,3687,0.3903627758640795,0.5909120167456567
RUNNING,,,,2718,2310,0.1961466490831225,0.8655427775550633
RUNNING,,,,2447,3960,0.6870613459367305,0.3793644542116672
RUNNING,,,,670,217,0.4650321726910769,0.7299713748823851
RUNNING,,,,4143,3587,0.9169321532547474,0.0252365274112671
RUNNING,,,,4934,637,0.5341075257044285,0.2274303333144634
RUNNING,,,,211,3050,0.0840066523943096,0.5267868093084543
RUNNING,,,,1676,1831,0.8029628455825149,0.3642352408487349
RUNNING,,,,3195,4399,0.3139076931849121,0.8816609065402298
RUNNING,,,,3561,571,0.8429099932853132,0.574945286558941
RUNNING,,,,1251,3160,0.289498618973419,0.1879328722674399
RUNNING,,,,607,1877,0.574024571917951,0.952231491966173
RUNNING,,,,4558,4309,0.0596276759542524,0.2847750961761921
RUNNING,,,,3787,1477,0.4269803517926484,0.4567573498766869
RUNNING,,,,1085,4826,0.939334547644481,0.7812096603643149
RUNNING,,,,2042,1069,0.1581251638978719,0.0782681258935481
RUNNING,,,,3104,2700,0.7094334008954464,0.683651692824438
RUNNING,,,,2815,1101,0.2576965730804949,0.32141297801584
RUNNING,,,,1998,2596,0.8593495611157268,0.9326464765146376
RUNNING,,,,1119,1358,0.0197854559123516,0.2077548163495957
RUNNING,,,,4046,4882,0.5980170092098414,0.5380572666041553
RUNNING,,,,4524,2168,0.9811157549414784,0.7100512389354408
RUNNING,,,,348,4111,0.4010241813044995,0.0367497001551091
RUNNING,,,,1540,388,0.7431739581599831,0.8229632301703095
RUNNING,,,,3606,3425,0.1397223387546837,0.430105405203998
RUNNING,,,,3386,1629,0.6408869087230414,0.1132918351218104
RUNNING,,,,1779,4685,0.2264808360878378,0.624870930172503
RUNNING,,,,80,908,0.878798128131777,0.4842276096604764
RUNNING,,,,4734,2871,0.4878132522925734,0.777738199096173
RUNNING,,,,4275,117,0.1201864619906991,0.9799463409893214
RUNNING,,,,870,3623,0.5132749510277061,0.2810609492026269
RUNNING,,,,2256,2361,0.3581283907555043,0.6097263100817799
RUNNING,,,,2615,3835,0.77457668761909,0.1293966988548636
RUNNING,,,,2592,976,0.1049182627666741,0.5425928842052817
RUNNING,,,,2245,2764,0.5287068541701881,0.2121076946929097
RUNNING,,,,897,1502,0.3738039164990186,0.9281783748827874
RUNNING,,,,4292,4695,0.7585775611065328,0.3172494418136775
RUNNING,,,,4751,2019,0.6251314048115164,0.4268718048147857
RUNNING,,,,106,4294,0.2424000439178198,0.8195468905232846
RUNNING,,,,1766,517,0.8939863491877912,0.0400528390184044
RUNNING,,,,3365,3262,0.4723014304675161,0.7136589432284236
RUNNING,,,,3633,1777,0.9963688151221722,0.7653637729808687
RUNNING,,,,1556,4501,0.3855769606623798,0.4721577489748597
RUNNING,,,,326,778,0.7274830554313957,0.6370558951757848
RUNNING,,,,4512,3035,0.1557063857093453,0.1252940608672797
RUNNING,,,,4033,241,0.2734369379486888,0.1403777381293475
RUNNING,,,,1097,3455,0.8434150357861072,0.6210119147859514
RUNNING,,,,2015,2217,0.0045818578712642,0.269888664253056
RUNNING,,,,2841,4023,0.613513751477003,0.968591316781938
RUNNING,,,,3120,2493,0.4122603963669389,0.0208636619616299
RUNNING,,,,2070,3811,0.9543400331605226,0.7254157701749354
RUNNING,,,,1073,53,0.1743489408753812,0.3835613022577017
RUNNING,,,,3764,3716,0.6930078493207693,0.8700441910307855
RUNNING,,,,4536,805,0.8267281237971038,0.8851124615650624
RUNNING,,,,594,2925,0.3059660185519605,0.3675040566157549
RUNNING,,,,1277,1644,0.5887864348329603,0.5231610214430839
RUNNING,,,,3579,4543,0.0446640384420752,0.2241091108787804
RUNNING,,,,3184,402,0.5488124015722424,0.2968725581038743
RUNNING,,,,1653,3284,0.068985789893195,0.9646335193235426
RUNNING,,,,228,2066,0.7867237511053681,0.1758897205423563
RUNNING,,,,4961,4165,0.3303181057162583,0.5627193955760448
RUNNING,,,,4170,1294,0.2123134390134364,0.672323258606717
RUNNING,,,,688,4975,0.6705785693731158,0.0672442571055144
RUNNING,,,,2426,1233,0.4502549922764301,0.7925903822798281
RUNNING,,,,2705,2571,0.9318806517235934,0.4679553325343877
RUNNING,,,,2781,1434,0.7461932789981364,0.2400608507357537
RUNNING,,,,2345,4803,0.1367719392292201,0.5062194420807063
RUNNING,,,,763,1022,0.9763379777092486,0.3535020095333457
RUNNING,,,,4090,2672,0.4058709095921367,0.9001043444350361
RUNNING,,,,4880,621,0.0228046206012368,0.8528594500795007
RUNNING,,,,304,3189,0.5950669294185936,0.3997562037035822
RUNNING,,,,1574,1932,0.2529190858397633,0.7406517664007842
RUNNING,,,,3259,4345,0.8641961035113782,0.0066175015233457
RUNNING,,,,3498,673,0.3552384953536093,0.4519881394766271
RUNNING,,,,1354,3104,0.777412860237062,0.8095169545821845
RUNNING,,,,514,1861,0.1250936944019049,0.0812617536708712
RUNNING,,,,4611,4450,0.508314025575295,0.6573463790789246
RUNNING,,,,3841,2281,0.8759084186218677,0.5798891592100262
RUNNING,,,,992,3912,0.4906491349190473,0.1596793361529707
RUNNING,,,,2144,194,0.6457938214000314,0.9494124966971575
RUNNING,,,,3040,3544,0.2215200667846947,0.3111341977678239
RUNNING,,,,2918,138,0.799944454204291,0.697464041782543
RUNNING,,,,1934,3663,0.3168590221703052,0.0572375799696892
RUNNING,,,,1173,2386,0.5388862621393053,0.8337930509615689
RUNNING,,,,3953,3881,0.0791608833093196,0.4116358085889369
RUNNING,,,,4431,1595,0.4620139820761978,0.334191021176055
RUNNING,,,,402,4633,0.9198832071200012,0.912226635025814
RUNNING,,,,1476,871,0.2009250806551426,0.1971158118229359
RUNNING,,,,3708,2813,0.6822157478723674,0.5565949312876909
RUNNING,,,,3283,2110,0.1610141000971198,0.9848017011713236
RUNNING,,,,1842,4074,0.7065962690748274,0.2527189006190747
RUNNING,,,,26,336,0.4220721899215131,0.6067502751220017
RUNNING,,,,4827,3392,0.9442945436369627,0.1555987607557326
RUNNING,,,,4368,1146,0.5769133370965718,0.1083674885649234
RUNNING,,,,816,2620,0.0567908489964902,0.6530230882335453
RUNNING,,,,2320,1398,0.8380021065343171,0.487134628502652
RUNNING,,,,2512,4904,0.294458414202556,0.7513462764155119
RUNNING,,,,2560,1910,0.8545723155345767,0.2589595539048313
RUNNING,,,,2293,4323,0.2778920271415263,0.9946382341608404
RUNNING,,,,828,565,0.6246711539141833,0.1455186181776225
RUNNING,,,,4298,3133,0.009036824375391,0.6007531087361276
RUNNING,,,,4777,1083,0.3762676219921559,0.6480597192309797
RUNNING,,,,56,2733,0.9901029037628322,0.0992028863243758
RUNNING,,,,1833,1451,0.1463966938443481,0.7602671500965952
RUNNING,,,,3351,4820,0.721217497266829,0.4923418413177132
RUNNING,,,,3717,211,0.246737619632855,0.0510520826950669
RUNNING,,,,1408,3561,0.6364146449696272,0.6875646159574388
RUNNING,,,,451,2342,0.4766386455520987,0.4217786915712058
RUNNING,,,,4401,3973,0.9052699499763548,0.8397349683903158
RUNNING,,,,3941,1805,0.522323548303917,0.9172528931461273
RUNNING,,,,1243,4394,0.0957350034769624,0.3433004636876285
RUNNING,,,,1888,651,0.7521943704932929,0.5477293028458952
RUNNING,,,,2945,3082,0.3646205419562756,0.1918458548858761
RUNNING,,,,2969,932,0.6604074391741305,0.803576955558732
RUNNING,,,,2156,2874,0.2068950426783412,0.4418433380890637
RUNNING,,,,964,1612,0.9217091608941556,0.6672476935666054
RUNNING,,,,3888,4650,0.4448369565717876,0.0874453622829169
RUNNING,,,,4679,2364,0.0773320593629032,0.1649512114953249
RUNNING,,,,505,3859,0.5560642245393246,0.5887528692465275
RUNNING,,,,1384,82,0.3386644904389977,0.3020266439188271
RUNNING,,,,3449,3607,0.7939754588194191,0.9443843499142676
RUNNING,,,,3229,1341,0.3006729877721518,0.5122185268718749
RUNNING,,,,1623,4848,0.8164384093824772,0.2501390749085694
RUNNING,,,,236,1124,0.0393711303509771,0.890269700108096
RUNNING,,,,4889,2598,0.5784965977296233,0.3472594675850123
RUNNING,,,,4117,353,0.9617171027120202,0.3945509092938154
RUNNING,,,,715,3409,0.4204879626501351,0.8439366579931228
RUNNING,,,,2415,2171,0.7003845656774939,0.0157839924264699
RUNNING,,,,2769,4135,0.1825768603533506,0.7456132467407733
RUNNING,,,,2694,495,0.4980053288005292,0.958387094091624
RUNNING,,,,2495,3240,0.8841189088672399,0.2870340602360665
RUNNING,,,,639,1963,0.228875900035724,0.5728013803437351
RUNNING,,,,4198,4238,0.6540046722758561,0.1818925361856818
RUNNING,,,,4969,1563,0.7720988348163664,0.0722095872685313
RUNNING,,,,161,4756,0.3449315859302878,0.6814936290755867
RUNNING,,,,1704,993,0.5030001154076307,0.4590288058780133
RUNNING,,,,3153,2781,0.1147866697255521,0.787381323557347
RUNNING,,,,3529,2234,0.6034036180153489,0.7315954955033958
RUNNING,,,,1309,4040,0.0300430630631744,0.0307611229084432
RUNNING,,,,586,302,0.8725329147968441,0.8599031502380967
RUNNING,,,,4603,3516,0.2601574056129902,0.3776250340864062
RUNNING,,,,3812,722,0.1265913471281528,0.3624797596558928
RUNNING,,,,1044,2979,0.7407616211287678,0.8760087872818111
RUNNING,,,,2080,1755,0.3956899642962962,0.2329690863452851
RUNNING,,,,3051,4479,0.970906673034653,0.5284291324727237
RUNNING,,,,2870,1705,0.0503903481215238,0.4780959058087319
RUNNING,,,,1967,4604,0.5677090831659733,0.7755029251109808
RUNNING,,,,1167,822,0.2880580360163003,0.1153985183257609
RUNNING,,,,4023,2942,0.8287977299150079,0.63087425144203
RUNNING,,,,4481,32,0.7109167687520384,0.6157456924188882
RUNNING,,,,376,3694,0.1722764645852148,0.1315158740002662
RUNNING,,,,1489,2436,0.9486146901194004,0.9776969094704836
RUNNING,,,,3641,3754,0.4333349076043814,0.2749110428076237
RUNNING,,,,3431,1177,0.9105606069155036,0.2061067677121609
RUNNING,,,,1758,2515,0.4557386088147759,0.5325090107750147
RUNNING,,,,137,1272,0.6728927870374172,0.3270898580867797
RUNNING,,,,4700,4953,0.1946500680241733,0.9344228817094116
RUNNING,,,,4223,2083,0.3280029214136302,0.8247578379083425
RUNNING,,,,908,4182,0.8043899625241756,0.4357964428085833
RUNNING,,,,2216,463,0.0903048978056758,0.7044904911648481
RUNNING,,,,2641,3345,0.5433316552061587,0.0350855904500931
RUNNING,,,,2651,454,0.8837080383170395,0.7849418844040483
RUNNING,,,,2225,3354,0.4984166622217744,0.4604869714286178
RUNNING,,,,917,2072,0.6535632355064153,0.6800436743739992
RUNNING,,,,4233,4192,0.2293178257010877,0.0746579510960727
RUNNING,,,,4693,1281,0.3474141018334775,0.1833502295706421
RUNNING,,,,126,4944,0.7696168115269392,0.5703605172578246
RUNNING,,,,1746,1187,0.1172995027527213,0.2894819444622844
RUNNING,,,,3423,2505,0.5004877415336668,0.9569357080217452
RUNNING,,,,3653,2426,0.0305758657436817,0.5308535794373601
RUNNING,,,,1497,3765,0.6028703264389186,0.2314954527225345
RUNNING,,,,384,22,0.260720562595874,0.8774737378899007
RUNNING,,,,4493,3703,0.8719692949429154,0.3600468676183372
RUNNING,,,,4013,833,0.7384010670986026,0.3761518800649791
RUNNING,,,,1156,2931,0.1289514420051127,0.8623290285710244
RUNNING,,,,1957,1714,0.9685155304782092,0.0283287030365318
RUNNING,,,,2861,4595,0.3980806142389774,0.7330618700440972
RUNNING,,,,3061,1745,0.5691251255925744,0.2773596427179872
RUNNING,,,,2089,4490,0.0489738167989999,0.9762467149682345
RUNNING,,,,1054,713,0.830183213558048,0.1329747515171766
RUNNING,,,,3823,2988,0.2866720895022153,0.6133055375814437
RUNNING,,,,4595,313,0.168789018465206,0.6294235773384571
RUNNING,,,,574,3505,0.7144037557188421,0.1178456868678331
RUNNING,,,,1297,2243,0.4298777860440313,0.7730622981078922
RUNNING,,,,3521,4031,0.952071319065988,0.4795533593930303
RUNNING,,,,3164,984,0.4542008461747318,0.0326519827283918
RUNNING,,,,1712,2790,0.9120988324265928,0.7059561537392436
RUNNING,,,,169,1553,0.1931426522508263,0.4343225693851709
RUNNING,,,,4980,4766,0.6744006917066871,0.827182520955801
RUNNING,,,,4189,1972,0.8077557181734591,0.9358890164494514
RUNNING,,,,629,4229,0.3246376583781093,0.3246576742976903
RUNNING,,,,2484,506,0.5466668148934841,0.5349341734237968
RUNNING,,,,2685,3230,0.0869701972715556,0.2046343256570398
RUNNING,,,,2762,2182,0.2812577623426913,0.4947893723491579
RUNNING,,,,2403,4124,0.8512070394866168,0.7588161246571689
RUNNING,,,,704,362,0.0123720045108348,0.1006609329041093
RUNNING,,,,4109,3400,0.6213364663925021,0.6456184955146163
RUNNING,,,,4899,1114,0.9885651504173874,0.5993035072293132
RUNNING,,,,245,2609,0.3778058642335235,0.1479666213747113
RUNNING,,,,1632,1332,0.7197100721988827,0.9921984418127686
RUNNING,,,,3239,4857,0.1479045817833393,0.2604180800858885
RUNNING,,,,3439,91,0.6329271858371794,0.1894133197609335
RUNNING,,,,1373,3597,0.2502245861515402,0.5491958000753074
RUNNING,,,,494,2375,0.9018128414284436,0.3418274249192327
RUNNING,,,,4670,3849,0.4800952949468046,0.9196786487903444
RUNNING,,,,3899,1603,0.0971510626338422,0.8412000342514366
RUNNING,,,,973,4659,0.5209070262759923,0.4193456768449395
RUNNING,,,,2164,921,0.366006008869037,0.6899889476690441
RUNNING,,,,2981,2885,0.7508084146846085,0.0495785717610269
RUNNING,,,,2937,660,0.2045344756357371,0.9419438381642103
RUNNING,,,,1876,3073,0.662767513602972,0.3034839748144149
RUNNING,,,,1231,1816,0.4424458270277827,0.5873020798899233
RUNNING,,,,3933,4383,0.924099831284955,0.1673985027261078
RUNNING,,,,4411,2333,0.5565970439501106,0.088904124546796
RUNNING,,,,460,3983,0.0767987770810723,0.6648076614178717
RUNNING,,,,1418,201,0.7945385990720241,0.4442920532524585
RUNNING,,,,3728,3571,0.3381008612904697,0.802126638367772
RUNNING,,,,3342,1461,0.8189209048375486,0.7480387625843286
RUNNING,,,,1823,4810,0.2981909514702856,0.0143111897408962
COMPLETED,0.91,0.0,0.0,45,1092,0.5810094512049108,0.8454024395383894
COMPLETED,0.91,0.0,0.0,4768,2724,0.0368587694894522,0.3921190861351788
COMPLETED,0.91,0.0,0.0,4309,555,0.4200771013945341,0.3457852409668266
COMPLETED,0.91,0.0,0.0,836,3143,0.9621284528635442,0.8926947437860072
COMPLETED,0.91,0.0,0.0,2300,1901,0.1821354142893105,0.2477058203816413
COMPLETED,0.91,0.0,0.0,2571,4332,0.7008264746125787,0.5136838288158178
COMPLETED,0.91,0.0,0.0,2501,1388,0.1343814045395702,0.0080686477925628
COMPLETED,0.91,0.0,0.0,2312,4913,0.748584306301549,0.7382041182573885
COMPLETED,0.91,0.0,0.0,808,1136,0.4035106994621455,0.4021973103079944
COMPLETED,0.91,0.0,0.0,4357,2631,0.978698646992445,0.851401524329558
COMPLETED,0.91,1.0,0.0,4835,345,0.5956306645255535,0.8976562241259962
COMPLETED,0.91,0.0,0.0,36,3383,0.0222413483653217,0.3549517318699508
COMPLETED,0.91,1.0,0.0,1853,2121,0.864729279834777,0.50476103672944
COMPLETED,0.91,0.0,0.0,3292,4063,0.2523863984122872,0.2425005259718746
COMPLETED,0.91,0.0,0.0,3698,860,0.7799253567997366,0.3096675834264606
COMPLETED,0.91,0.0,0.0,1467,2824,0.3527255396377295,0.951845152651891
COMPLETED,0.91,0.0,0.0,392,1586,0.5107959261760115,0.1572537013385444
COMPLETED,0.91,1.0,0.0,4420,4642,0.1226113011874258,0.5813620808664708
COMPLETED,0.91,0.0,0.0,3961,2397,0.4902073319423943,0.6597795146349817
COMPLETED,0.91,0.0,0.0,1184,3871,0.8763497327025979,0.0797965706977993
COMPLETED,0.92,5.0,0.89,1946,147,0.2211086106747388,0.8109903484042734
COMPLETED,0.91,0.0,0.0,2926,3653,0.6462048146389425,0.4495639285948127
COMPLETED,0.91,2.0,0.8,3028,184,0.3201938453931361,0.5551377175040542
COMPLETED,0.91,0.0,0.0,2136,3554,0.796609171828255,0.1995562027432024
COMPLETED,0.91,0.0,0.0,984,2272,0.0825260236561298,0.9097792229652404
COMPLETED,0.91,1.0,0.0,3829,3922,0.5355206291787326,0.3356419276446104
COMPLETED,0.91,0.0,0.0,4621,1872,0.918375425139442,0.4140757199078798
COMPLETED,0.91,0.0,0.0,525,4439,0.4635212751608341,0.8323344058096409
COMPLETED,0.91,0.0,0.0,1364,682,0.6806773996725677,0.0586880142726004
COMPLETED,0.91,0.0,0.0,3507,3095,0.2024629659838974,0.6950152057893573
COMPLETED,0.91,0.0,0.0,3249,1923,0.7031397553812712,0.7528189582712947
COMPLETED,0.91,0.0,0.0,1565,4354,0.1644711064044386,0.4847092297710478
COMPLETED,0.91,0.0,0.0,295,611,0.9408074414171276,0.6554550285041331
COMPLETED,0.91,0.0,0.0,4870,3200,0.4255597512945532,0.106901586189866
COMPLETED,0.91,0.0,0.0,4097,1031,0.0581769107636064,0.1531738341897725
COMPLETED,0.91,0.0,0.0,774,2663,0.5755277382005006,0.6082243809103965
COMPLETED,0.91,0.0,0.0,2356,1444,0.2958748302720486,0.2512534778453409
COMPLETED,0.91,0.0,0.0,2789,4793,0.8365861793607473,0.9872350728102028
COMPLETED,0.91,0.0,0.0,2714,1243,0.5300929326675831,0.712200660565868
COMPLETED,0.91,0.0,0.0,2436,2561,0.1035326731652021,0.042492399001494
COMPLETED,0.91,0.0,0.0,698,1303,0.7599939604457467,0.817098647525534
COMPLETED,0.91,0.0,0.0,4179,4966,0.3723879800308495,0.4283216424044221
COMPLETED,0.91,0.0,0.0,4950,2055,0.2389435172118246,0.319690425729379
COMPLETED,0.91,0.0,0.0,220,4175,0.6285883906707168,0.926720564385876
COMPLETED,0.91,0.0,0.0,1646,393,0.4688143412601202,0.2135589636508375
COMPLETED,0.91,0.0,0.0,3172,3293,0.8974739310089498,0.5401451208088546
COMPLETED,0.91,0.0,0.0,3587,1653,0.3840691879764199,0.9700650712344794
COMPLETED,0.91,0.0,0.0,1290,4534,0.9978761249370872,0.2674641001764684
COMPLETED,0.91,0.0,0.0,606,816,0.1541680282149463,0.6234446897115558
COMPLETED,0.91,0.0,0.0,4544,2914,0.7290209240298718,0.1389129083510488
COMPLETED,0.91,13.0,1.0,3754,44,0.8467498385608196,0.1228680654224008
COMPLETED,0.91,0.0,0.0,1064,3725,0.2701016425602137,0.6385291700270027
COMPLETED,0.91,0.0,0.0,2060,2482,0.6168789122719318,0.470691495263949
COMPLETED,0.91,0.0,0.0,3109,3821,0.0012162379231303,0.767796075740829
COMPLETED,0.91,1.0,0.0,2851,2226,0.9538982394784687,0.225559184551239
COMPLETED,0.91,0.0,0.0,2026,4014,0.4127017271779477,0.5207125386446714
COMPLETED,0.91,1.0,0.8,1108,251,0.6925963839162141,0.3699443285651505
COMPLETED,0.91,0.0,0.0,4042,3444,0.1747599173840135,0.8836534632183611
COMPLETED,0.91,0.0,0.0,4500,770,0.3084784946665167,0.8675971396006644
COMPLETED,0.91,0.0,0.0,317,3044,0.824215155068785,0.3850118555314838
COMPLETED,0.91,0.0,0.0,1548,1767,0.0471459594909101,0.7239581957608461
COMPLETED,0.91,0.0,0.0,3621,4512,0.5863040546309202,0.0233044060766696
COMPLETED,0.91,0.0,0.0,3372,528,0.0695495417304337,0.4664897870719432
COMPLETED,0.91,0.0,0.0,1777,3252,0.5482491386309266,0.7950238691717386
COMPLETED,0.91,0.0,0.0,117,2028,0.3308512653093785,0.064819453228265
COMPLETED,0.91,0.0,0.0,4759,4285,0.7861910543832928,0.6737972491420805
COMPLETED,0.91,0.0,0.0,4281,1491,0.6681880216710269,0.5651514585353434
COMPLETED,0.91,0.0,0.0,888,4705,0.2147044458687305,0.1744237029142677
COMPLETED,0.91,0.0,0.0,2236,967,0.9295204546060412,0.9661060784906148
COMPLETED,0.91,0.0,0.0,2582,2773,0.4526156820077449,0.2944472746253013
COMPLETED,0.91,0.0,0.0,2603,2350,0.6836960661709308,0.8792206327319145
COMPLETED,0.91,0.0,0.0,2249,3845,0.1995123880021274,0.3656942373365164
COMPLETED,0.91,3.0,1.0,862,108,0.913597469450906,0.525336733777076
COMPLETED,0.91,0.0,0.0,4264,3632,0.4683673491086811,0.229878814253956
COMPLETED,0.91,0.0,0.0,4743,918,0.0855448909178376,0.0266940999664366
COMPLETED,0.91,0.0,0.0,90,2861,0.5325697760768234,0.7275306289084255
COMPLETED,0.91,0.0,0.0,1789,1638,0.315415584841743,0.3818115037828683
COMPLETED,0.91,0.0,0.0,3395,4676,0.8014554167967289,0.8640922224223613
COMPLETED,0.91,2.0,0.92,3595,378,0.2929855892099439,0.6860764948427676
COMPLETED,0.91,0.0,0.0,1530,3435,0.8394225304350256,0.0767941334992647
COMPLETED,0.91,0.0,0.0,339,2158,0.0630843216311186,0.7826752039678395
COMPLETED,0.91,0.0,0.0,4513,4121,0.5705674670878798,0.4543238611258566
COMPLETED,0.91,0.0,0.0,4054,1367,0.937918029334396,0.2833025351502001
COMPLETED,0.91,0.0,0.0,1131,4873,0.4283964072316884,0.954656773585826
COMPLETED,0.91,0.0,0.0,2010,1111,0.7080474413689226,0.1855008074492216
COMPLETED,0.91,0.0,0.0,2823,2585,0.159510634528473,0.5764113023281097
COMPLETED,0.91,0.0,0.0,3091,1060,0.861709639262408,0.4325536500606685
COMPLETED,0.91,0.0,0.0,2034,2709,0.2553360023200512,0.8215133944395929
COMPLETED,0.91,0.0,0.0,1077,1467,0.6004076758828014,0.0382079846765846
COMPLETED,0.91,0.0,0.0,3775,4837,0.0173943300861865,0.7076116808112711
COMPLETED,0.91,0.0,0.0,4567,1887,0.4004909027405083,0.5366059995051473
COMPLETED,0.91,0.0,0.0,617,4299,0.9816485706344246,0.2102025816049426
COMPLETED,0.91,0.0,0.0,1262,581,0.139158705888316,0.9302054944578558
COMPLETED,0.91,1.0,0.0,3571,3149,0.7437371021304279,0.3228707903716713
COMPLETED,0.91,0.0,0.0,3185,1821,0.2239987960681319,0.126963925788179
COMPLETED,0.91,0.0,0.0,1667,4409,0.6433694078959524,0.6111911417189985
COMPLETED,0.91,0.0,0.0,202,628,0.4853008951488882,0.2795871966090053
COMPLETED,0.91,0.0,0.0,4923,3059,0.8813109778892247,0.9823709069248288
COMPLETED,0.91,2.0,0.64,4151,227,0.5136862974613904,0.7792044546660036
COMPLETED,0.91,0.0,0.0,681,3576,0.1197756044529378,0.4817953087594359
COMPLETED,0.91,0.0,0.0,2458,2319,0.7750186002720147,0.6272969274763018
COMPLETED,0.91,0.0,0.0,2725,3951,0.3576869409736245,0.1118185621295124
FAILED,,,,2807,15,0.0421776355374604,0.340055782277137
COMPLETED,0.91,0.0,0.0,2382,3678,0.5912034126576035,0.9140103383399544
COMPLETED,0.91,0.0,0.0,761,2460,0.311306822642684,0.1949663307070731
COMPLETED,0.91,0.0,0.0,4076,3778,0.8213178909085691,0.5508524108976126
COMPLETED,0.91,0.0,0.0,4847,1688,0.6876277848426252,0.6916597160249948
COMPLETED,0.91,0.0,0.0,284,4588,0.1796594761740416,0.0551497852504253
COMPLETED,0.91,0.0,0.0,1592,846,0.9567267384752632,0.8355156627334654
COMPLETED,0.91,0.0,0.0,3265,2965,0.409804158154875,0.4175615422613918
COMPLETED,0.91,0.0,0.0,3495,2106,0.9343593233805148,0.094649049449712
COMPLETED,0.91,0.0,0.0,1343,4205,0.4478305211458354,0.6435070571936667
COMPLETED,0.91,0.0,0.0,542,448,0.6652302682586014,0.4970160767138004
COMPLETED,0.91,0.0,0.0,4647,3329,0.217715936936438,0.7649430659562348
COMPLETED,0.91,1.0,0.0,3856,1199,0.335690438946709,0.9983378750532864
COMPLETED,0.91,0.0,0.0,1000,2538,0.7814057225007564,0.2626608455181121
COMPLETED,0.91,0.0,0.0,2114,1257,0.0665915875546634,0.5971738663651049
COMPLETED,0.91,0.0,0.0,3016,4937,0.5512609048187733,0.1419405803866684
COMPLETED,0.91,0.0,0.0,2904,1537,0.4737816911395639,0.8471504218485206
COMPLETED,0.91,0.0,0.0,1933,4730,0.8925735989082604,0.3977634685691446
COMPLETED,0.91,0.0,0.0,1211,1007,0.2361142449043691,0.7425227367077023
COMPLETED,0.91,0.0,0.0,3979,2795,0.6314847104996442,0.0126918316725641
COMPLETED,0.91,0.0,0.0,4437,469,0.7649616300594062,0.2460739703718572
COMPLETED,0.91,0.0,0.0,420,3214,0.367487491780892,0.5081517418716102
COMPLETED,0.91,0.0,0.0,1455,1977,0.5272634744681418,0.3514478259440511
COMPLETED,0.91,0.0,0.0,3675,4251,0.1064292829856276,0.894456883629784
COMPLETED,0.91,0.0,0.0,3319,736,0.6120409878287463,0.5933376534190029
COMPLETED,0.91,0.0,0.0,1870,2992,0.0060023431163281,0.1695338393207639
COMPLETED,0.91,0.0,0.0,15,1730,0.8497085660472512,0.9396801189873368
COMPLETED,0.91,0.0,0.0,4822,4454,0.2670911255665123,0.2973198105040937
COMPLETED,0.91,0.0,0.0,4345,2247,0.149329813780263,0.4381137314084917
COMPLETED,0.91,0.0,0.0,786,4053,0.7338072151150554,0.7998447166476398
COMPLETED,0.91,1.0,0.7199999999999999,2329,277,0.3870280716121196,0.0910555222090333
COMPLETED,0.91,0.0,0.0,2528,3490,0.99486528820917,0.6708557268884033
COMPLETED,0.91,0.0,0.0,2558,790,0.4347780512236058,0.1628019683212041
COMPLETED,0.91,0.0,0.0,2279,2909,0.9471039022654296,0.5830101109147072
COMPLETED,0.91,0.0,0.0,853,1666,0.1658926317151635,0.3078911670781672
COMPLETED,0.91,0.0,0.0,4335,4566,0.7172329611051828,0.94616829117015
COMPLETED,0.91,0.0,0.0,4795,2477,0.8350837687291204,0.8052993293888867
COMPLETED,0.91,0.0,0.0,62,3795,0.2817044868096709,0.4477693097032606
COMPLETED,0.92,8.0,0.95,1800,76,0.5662285826932639,0.6614436057507991
COMPLETED,0.91,0.0,0.0,3331,3739,0.0518033419195562,0.085357329621911
COMPLETED,0.91,0.0,0.0,3746,1318,0.5418807766214013,0.4044325954467058
COMPLETED,0.91,0.0,0.0,1444,4998,0.0918081886358559,0.8575332095921039
COMPLETED,0.91,0.0,0.0,448,1216,0.8107663020882756,0.0020653153695166
COMPLETED,0.91,0.0,0.0,4390,2555,0.3216789978127926,0.7360974536426365
COMPLETED,0.91,2.0,0.95,3911,426,0.1883562942445278,0.502641880173236
COMPLETED,0.91,0.0,0.0,1220,3307,0.6792388392202556,0.2364811324812471
COMPLETED,0.91,0.0,0.0,1903,2050,0.4572116159815341,0.9038061119318008
COMPLETED,0.91,0.0,0.0,2953,4149,0.909139881869778,0.3572011745423078
FAILED,,,,3008,1994,0.112400196775794,0.6499304515961558
FAILED,,,,2182,4269,0.5054561175368725,0.1052774544153362
FAILED,,,,951,531,0.3503114180434495,0.7545583598073571
FAILED,,,,3886,3275,0.766788535600528,0.4903488682415336
FAILED,,,,4658,951,0.6486636246666311,0.2569056082572788
FAILED,,,,472,2739,0.2342863727249205,0.9889905354138464
FAILED,,,,1390,1515,0.8866055552903562,0.1515314998719841
FAILED,,,,3467,4708,0.4955881111752241,0.6026856464687735
FAILED,,,,3218,255,0.9733006392903624,0.9075202774945647
FAILED,,,,1619,3468,0.3932416934147477,0.3294863143656402
FAILED,,,,272,2191,0.7353895239811391,0.5611780349966138
FAILED,,,,4917,3997,0.1319091433677822,0.2017001201119273
FAILED,,,,4126,1791,0.2655059465281665,0.0608460891749709
FAILED,,,,731,4515,0.8671301733553409,0.7010737258251756
FAILED,,,,2392,753,0.0275641516055911,0.4079040455613285
FAILED,,,,2739,3009,0.605828332664445,0.830062968397513
FAILED,,,,2659,1582,0.7915889282431453,0.6179211668111384
FAILED,,,,2467,4619,0.3411204349417239,0.1372858153171837
FAILED,,,,650,896,0.5614439953081309,0.9718053185790776
FAILED,,,,4202,2839,0.0720216988027095,0.2731009855866431
FAILED,,,,4992,125,0.439495970306918,0.4763463452756405
FAILED,,,,192,3649,0.9271196949277072,0.7695507185608148
FAILED,,,,1696,2411,0.2093817467279732,0.1212287183888256
FAILED,,,,3137,3906,0.6579902791753411,0.6329893481172622
FAILED,,,,3542,1172,0.1849708879534155,0.8148424216546118
FAILED,,,,1310,2646,0.6979363561403005,0.4221652093417942
FAILED,,,,548,1384,0.4151159231290221,0.7182439653426408
FAILED,,,,4577,4890,0.9670349565781652,0.0446352289021015
FAILED,,,,3807,2136,0.5838450810182839,0.2157180925607681
FAILED,,,,1026,4099,0.0339683312829583,0.5462006795853376
FAILED,,,,2100,322,0.8139594365805387,0.3135195971913635
FAILED,,,,3084,3378,0.3030976410768926,0.924446373913437
FAILED,,,,2874,598,0.7226607022304087,0.0703649708684533
FAILED,,,,1978,3166,0.1448859673347324,0.6754461287166922
FAILED,,,,1138,1948,0.9837191285192965,0.4647104131821542
FAILED,,,,3987,4360,0.3825838719718158,0.7893480654153971
FAILED,,,,4465,1411,0.0153228055629879,0.9604139757249504
FAILED,,,,368,4781,0.6183175470810383,0.2926556467358022
FAILED,,,,1520,1038,0.2764114653244614,0.5668147335853427
FAILED,,,,3664,2687,0.8559852479882538,0.1799871851559728
FAILED,,,,3405,2297,0.3631696057450026,0.372178529953584
FAILED,,,,1720,3929,0.7536976036969572,0.88978813948296
FAILED,,,,138,171,0.102111281696707,0.2195550360623746
FAILED,,,,4714,3520,0.5159995633587241,0.5186085973475127
FAILED,,,,4255,689,0.8989762375410645,0.7218362898621709
FAILED,,,,928,3120,0.4829847590792923,0.0172858621124178
FAILED,,,,2198,1838,0.6378877097629011,0.8737440698649734
FAILED,,,,2634,4426,0.2453169522136449,0.3872623559292405
FAILED,,,,2633,594,0.3953824366778135,0.5110108135938644
FAILED,,,,2200,3182,0.9712098563574254,0.2430853858441114
COMPLETED,0.91,0.0,0.0,625,4838,0.7194499804973601,0.4725474715232849
COMPLETED,0.91,0.0,0.0,4019,2080,0.3726730054244399,0.5357185558117926
COMPLETED,0.91,0.0,0.0,3283,3195,0.9901343418154864,0.1587163134254515
COMPLETED,0.91,0.0,0.0,2387,1217,0.1048820101115852,0.8495196700468659
COMPLETED,0.91,0.0,0.0,1709,2543,0.4921236143503338,0.9375003058761358
COMPLETED,0.91,0.0,0.0,2604,624,0.6048723533842713,0.0083963911645114
COMPLETED,0.91,0.0,0.0,4388,4182,0.2194594476148486,0.6275666372291743
COMPLETED,0.91,0.0,0.0,990,1482,0.8706837923750281,0.3183000196665525
COMPLETED,0.91,0.0,0.0,715,3447,0.1817436766717583,0.0832336177825927
COMPLETED,0.91,0.0,0.0,4819,893,0.7855683905873447,0.8928414088450372
COMPLETED,0.91,0.0,0.0,2881,4459,0.4208066568002104,0.2723314318023621
COMPLETED,0.91,0.0,0.0,1275,2374,0.5495206026360393,0.7037745867371558
COMPLETED,0.91,0.0,0.0,2112,3866,0.9207344213947652,0.616285538546741
COMPLETED,0.91,0.0,0.0,3714,1723,0.0514506276771426,0.4221664287932216
COMPLETED,0.91,0.0,0.0,4297,2850,0.6798137111160903,0.8014839632995426
COMPLETED,0.91,1.0,0.3599999999999999,192,237,0.2856404475364834,0.2369989959523081
COMPLETED,0.91,0.0,0.0,49,3054,0.7759632466472685,0.6574884665478021
COMPLETED,0.92,20.0,0.96,4068,32,0.1329026533104479,0.3507791278567164
COMPLETED,0.91,0.0,0.0,3547,3915,0.5125883273761719,0.9712896402683108
COMPLETED,0.91,0.0,0.0,2025,1673,0.3914349803905934,0.0369480329621583
COMPLETED,0.91,0.0,0.0,1465,4567,0.0145486305039376,0.1283369239959865
COMPLETED,0.91,0.0,0.0,2985,2266,0.8913934989552945,0.8175576111208647
COMPLETED,0.91,0.0,0.0,4944,3710,0.2760046685971319,0.4382406119834631
COMPLETED,0.91,0.0,0.0,921,630,0.6309425286389886,0.5076240019593387
COMPLETED,0.91,0.0,0.0,1115,4290,0.3162785233240574,0.7710714999679475
COMPLETED,0.91,0.0,0.0,4594,1374,0.7173982878606766,0.2050019595902413
COMPLETED,0.91,0.0,0.0,2793,2806,0.0835506212450563,0.5820046183746307
COMPLETED,0.91,0.0,0.0,1813,360,0.9451617752946913,0.3940997141245752
COMPLETED,0.91,0.0,0.0,2220,3399,0.5835721943713724,0.3022258978206664
COMPLETED,0.91,0.0,0.0,3197,1012,0.447180850032717,0.7362282351609319
COMPLETED,0.91,0.0,0.0,3877,4888,0.8142596270423382,0.1170584054943174
COMPLETED,0.91,0.0,0.0,397,2031,0.217376655248925,0.921426600428298
COMPLETED,0.91,0.0,0.0,350,3236,0.4357953599877655,0.5306439416091889
COMPLETED,0.91,0.0,0.0,3826,1102,0.533558200944215,0.4610236843470483
COMPLETED,0.91,0.0,0.0,3244,4719,0.1665119903516024,0.8405918904785066
COMPLETED,0.91,0.0,0.0,2270,2117,0.801775589717552,0.1511057756226509
COMPLETED,0.91,0.0,0.0,1747,4067,0.664582203252241,0.0597272945400327
COMPLETED,0.91,0.0,0.0,2722,1524,0.3018475871812552,0.994321004839614
COMPLETED,0.91,0.0,0.0,4659,2580,0.9357235409803688,0.3735746326763182
COMPLETED,0.91,1.0,0.98,1187,504,0.0354879285581409,0.6805037068482487
COMPLETED,0.91,0.0,0.0,832,4422,0.9739285220038144,0.9139823234882206
COMPLETED,0.91,0.0,0.0,4858,2494,0.1201141239833086,0.1098795562852174
COMPLETED,0.91,0.0,0.0,3075,3562,0.73541375778988,0.7287981789577752
COMPLETED,0.91,0.0,0.0,1551,851,0.3576847372241317,0.2950327089037746
COMPLETED,0.91,0.0,0.0,1915,2969,0.2354227006919681,0.38690182585828
COMPLETED,0.91,1.0,0.6999999999999998,3443,200,0.8556961785145104,0.5745869946274906
COMPLETED,0.91,0.0,0.0,4179,3824,0.4759170212280005,0.1978201955948024
COMPLETED,0.91,0.0,0.0,154,1837,0.6201053595375269,0.76363763297908
COMPLETED,0.91,0.0,0.0,243,4030,0.0673447419479489,0.3413340610824525
COMPLETED,0.91,0.0,0.0,4343,1632,0.9603940676227212,0.6503352509140968
COMPLETED,0.91,0.0,0.0,3664,3017,0.3322424902264028,0.0314160928726196
COMPLETED,0.91,0.0,0.0,2065,152,0.702409960174933,0.9602831402979792
COMPLETED,0.91,0.0,0.0,1347,3669,0.8302227016631513,0.8723149369247257
COMPLETED,0.91,0.0,0.0,2946,745,0.2023891008738428,0.1817313157841563
COMPLETED,0.91,0.0,0.0,4747,4686,0.5673656607344746,0.5584975794479251
COMPLETED,0.91,0.0,0.0,650,2230,0.4624136777296662,0.4955785944350064
COMPLETED,0.91,0.0,0.0,1076,2686,0.5275772090200334,0.2295691776908934
COMPLETED,0.91,0.0,0.0,4477,397,0.3754725192133337,0.7942910123243928
COMPLETED,0.91,0.0,0.0,2518,4331,0.7607315008416771,0.4147223897948861
COMPLETED,0.91,0.0,0.0,1619,1260,0.1491100308969616,0.6091069272793829
COMPLETED,0.91,0.0,0.0,2491,4924,0.260773220218718,0.696593060683459
COMPLETED,0.91,0.0,0.0,3394,1911,0.6471494898274541,0.2648978027552366
COMPLETED,0.91,0.0,0.0,3915,3284,0.0295375716332346,0.8856437585204839
COMPLETED,0.91,0.0,0.0,515,1054,0.8754308593217283,0.0758162319771945
COMPLETED,0.91,0.0,0.0,501,2618,0.0609431768413633,0.785113208964467
COMPLETED,0.91,0.0,0.0,3978,543,0.9073291526492684,0.2231856431774794
COMPLETED,0.91,0.0,0.0,3408,4106,0.2917256690971553,0.599944292705506
COMPLETED,0.91,0.0,0.0,2428,1562,0.6776126412563026,0.4083844806104898
COMPLETED,0.91,0.0,0.0,1584,4758,0.7916552777402102,0.2580326815918088
COMPLETED,0.91,0.0,0.0,2562,2156,0.1795409412197768,0.6878930517770349
COMPLETED,0.91,0.0,0.0,4512,3275,0.5590148173924535,0.0689662795998156
COMPLETED,0.91,0.0,0.0,1031,1141,0.4073997224625199,0.8769893749430776
COMPLETED,0.91,0.0,0.0,683,3785,0.5992584851197899,0.6435081409439444
COMPLETED,0.91,0.0,0.0,4704,1798,0.4938247593156993,0.3326568350978195
COMPLETED,0.91,0.0,0.0,2913,2930,0.8606879908498377,0.9534104049988092
COMPLETED,0.92,3.0,0.98,1390,161,0.2333394045587628,0.0227236981019377
COMPLETED,0.91,0.0,0.0,2080,3523,0.362678869491443,0.172591523617506
COMPLETED,0.91,0.0,0.0,3599,813,0.7333282606955617,0.8659541853331029
COMPLETED,0.91,0.0,0.0,4328,4383,0.0992698074392974,0.4863931769393384
COMPLETED,0.91,0.0,0.0,306,2455,0.9918338211886584,0.5521216590702533
COMPLETED,0.91,0.0,0.0,81,4648,0.4449837972987443,0.1011718737576156
COMPLETED,0.91,0.0,0.0,4183,2191,0.589653402524069,0.9071247569750994
COMPLETED,0.91,0.0,0.0,3515,3630,0.2039677857756614,0.2863707706760615
COMPLETED,0.91,0.0,0.0,1910,706,0.8237557732164859,0.7219559002015739
COMPLETED,0.91,0.0,0.0,1496,2978,0.7039872769117355,0.568195786492899
COMPLETED,0.91,4.0,0.91,3100,112,0.3257768109738826,0.377731577148661
COMPLETED,0.91,0.0,0.0,4912,3991,0.9429625810850412,0.7572921691443771
COMPLETED,0.91,0.0,0.0,806,1593,0.0896339708734303,0.1886652346421033
COMPLETED,0.91,0.0,0.0,1240,3324,0.9052775287926196,0.4546706063766032
COMPLETED,0.91,0.0,0.0,4635,1093,0.0045487523674964,0.5214965947922318
COMPLETED,0.91,0.0,0.0,2669,4964,0.6326401360798626,0.1447374098952859
COMPLETED,0.91,0.0,0.0,1771,1950,0.2703943415749818,0.831398799361661
COMPLETED,0.91,0.0,0.0,2344,4370,0.1345981192756444,0.9856514524761588
COMPLETED,0.91,0.0,0.0,3238,1298,0.7703550611007958,0.0528926299195736
COMPLETED,0.91,0.0,0.0,3752,2725,0.4053168687522411,0.6718188667278737
COMPLETED,0.91,0.0,0.0,355,436,0.5025905907154083,0.3666942237559706
COMPLETED,0.91,0.0,0.0,460,4142,0.8456991872806102,0.2116918366607278
COMPLETED,0.91,0.0,0.0,3862,1443,0.2493019438106566,0.7800685791391879
COMPLETED,0.91,0.0,0.0,3134,2504,0.6144903015643358,0.4007439658660441
COMPLETED,0.91,0.0,0.0,2233,584,0.4776174523681402,0.5909865287598222
COMPLETED,0.91,0.0,0.0,1857,3156,0.114501207485795,0.7447437276821584
COMPLETED,0.91,0.0,0.0,2758,1178,0.9756268116682768,0.3093935693446546
COMPLETED,0.91,0.0,0.0,4549,4800,0.3476898874659091,0.9298964676205068
COMPLETED,0.91,0.0,0.0,1150,2042,0.7492908594328909,0.1242109082322567
COMPLETED,0.91,0.0,0.0,878,2888,0.3079316190332174,0.3592718374561518
COMPLETED,0.91,2.0,0.8599999999999999,4977,275,0.6623804195672273,0.6646181268785148
COMPLETED,0.91,0.0,0.0,3028,3905,0.0449792880136519,0.0454559113476425
COMPLETED,0.91,0.0,0.0,1431,1762,0.922317558409646,0.9784649259280412
COMPLETED,0.91,0.0,0.0,1961,4498,0.5430517018754035,0.8242247052695602
COMPLETED,0.91,0.0,0.0,3562,2414,0.4223872359413653,0.1372959919739514
COMPLETED,0.91,0.0,0.0,4132,3487,0.8078617630451917,0.5143062648940832
COMPLETED,0.91,0.0,0.0,34,932,0.1643080651909112,0.4472453052904457
COMPLETED,0.91,0.0,0.0,196,3750,0.6488459075596184,0.9000015257187187
COMPLETED,0.91,0.0,0.0,4224,669,0.255162179371342,0.0917567839249968
COMPLETED,0.91,0.0,0.0,3710,4606,0.8893136994503438,0.7109194158539176
COMPLETED,0.91,0.0,0.0,2185,2306,0.0195369796715676,0.2808088536448776
COMPLETED,0.91,0.0,0.0,1300,3954,0.3893536937497556,0.4311559533141553
COMPLETED,0.91,0.0,0.0,2826,1712,0.51757828265056,0.6229830892384051
COMPLETED,0.91,0.0,0.0,4793,3093,0.1508047830369323,0.2459732327163219
COMPLETED,0.91,4.0,0.91,769,71,0.7551221255864948,0.8081357696913182
COMPLETED,0.91,0.0,0.0,966,4849,0.1889790416918694,0.5446851784400641
COMPLETED,0.91,0.0,0.0,4440,1992,0.8397181340120732,0.4792068883329629
COMPLETED,0.91,0.0,0.0,2628,3360,0.4602154352869838,0.8585320369750261
COMPLETED,0.91,0.0,0.0,1655,973,0.5734461550619452,0.1653910217098891
COMPLETED,0.91,0.0,0.0,2381,2767,0.9581941595878452,0.0155336061455309
COMPLETED,0.91,1.0,0.69,3357,321,0.0734269018676131,0.9459853418543936
COMPLETED,0.91,0.0,0.0,4025,4250,0.6889982354007661,0.3254829789474606
COMPLETED,0.91,0.0,0.0,551,1335,0.3417395881675183,0.6360669609643518
COMPLETED,0.91,0.0,0.0,575,3577,0.9394170669559389,0.2684788399133831
COMPLETED,0.91,0.0,0.0,4050,837,0.0932709364239126,0.7075969395767897
COMPLETED,0.91,0.0,0.0,3331,4437,0.7076561563983559,0.0794115567933768
COMPLETED,0.91,0.0,0.0,2358,2479,0.3220166436508297,0.8966942628417163
COMPLETED,0.91,0.0,0.0,1678,3800,0.2077265477553009,0.7975093890894204
COMPLETED,0.91,0.0,0.0,2654,1862,0.8200883436873555,0.2409432567562908
COMPLETED,0.91,0.0,0.0,4415,2945,0.4413454264048486,0.6123414952363819
COMPLETED,0.91,1.0,0.67,942,224,0.5932003666106611,0.4261411907542496
COMPLETED,0.91,0.0,0.0,743,4704,0.4010941426828503,0.1625689071733504
COMPLETED,0.91,0.0,0.0,4771,2131,0.5067829420343041,0.8456973190661519
COMPLETED,0.91,0.0,0.0,2851,3222,0.1387014506403356,0.476369530653581
COMPLETED,0.91,0.0,0.0,1325,1116,0.7662822680715472,0.5318657036740332
COMPLETED,0.91,0.0,0.0,2159,2604,0.6367105719987302,0.6315412132982164
COMPLETED,0.91,0.0,0.0,3686,479,0.2662934119347483,0.3143557607214897
COMPLETED,0.91,0.0,0.0,4246,4092,0.9010828203633428,0.9414443510454148
COMPLETED,0.91,0.0,0.0,222,1499,0.008773880161345,0.0044216310624033
COMPLETED,0.91,0.0,0.0,18,4317,0.5553726394306868,0.5781518238633871
COMPLETED,0.91,0.0,0.0,4118,1274,0.4109504936169832,0.3979218345992266
COMPLETED,0.91,0.0,0.0,3575,2672,0.7954178467877208,0.7672490876428782
RUNNING,,,,1978,412,0.1758697046227753,0.2088544919937849
RUNNING,,,,1414,3309,0.2953983556516468,0.1130837030187249
