Status,ACCURACY,RUNTIME,recent_samples_size,n_samples,n_clusters,threshold
COMPLETED,0.11,1429.0,1363,4941,3,0.6828163509368896
FAILED,,,4735,129,9,0.4294097276832908
COMPLETED,0.1,706.0,2706,3562,3,0.8073574418053031
COMPLETED,0.23,1893.0,1194,1489,7,0.0549508148338645
COMPLETED,0.07,2160.0,401,3014,8,0.1675885484684258
COMPLETED,0.2099999999999999,460.0,3187,1879,2,0.9121833547241984
COMPLETED,0.16,2186.0,4293,4082,8,0.2915728519428521
COMPLETED,0.0899999999999999,637.0,2118,832,4,0.5371676581986248
COMPLETED,0.08,999.0,2468,3328,7,0.998592102792114
COMPLETED,0.27,762.0,3946,1568,5,0.2383878498170524
COMPLETED,0.13,2944.0,3459,4395,9,0.6241331899426877
COMPLETED,0.14,610.0,131,520,1,0.3629289369676262
COMPLETED,0.11,2369.0,920,4004,4,0.4833600173722952
COMPLETED,0.26,605.0,2983,1067,6,0.7211581345200538
COMPLETED,0.2099999999999999,1580.0,4382,2624,2,0.1083443208467215
COMPLETED,0.2099999999999999,1256.0,1719,2426,10,0.84514243799448
COMPLETED,0.19,1513.0,1830,2750,5,0.2669110408462583
COMPLETED,0.2399999999999999,939.0,4572,2318,7,0.5280845714528114
COMPLETED,0.11,1559.0,2870,3876,1,0.1414638715423643
COMPLETED,0.22,569.0,728,1173,9,0.9016374021489172
COMPLETED,0.04,1681.0,252,4578,6,0.7511421707328408
COMPLETED,0.44,2293.0,3658,313,4,0.0143133274987339
COMPLETED,0.1799999999999999,1769.0,3822,3140,10,0.626114730661735
COMPLETED,0.08,1043.0,2267,1771,2,0.388285887427628
COMPLETED,0.1499999999999999,4357.0,1997,4267,10,0.0836827105134725
COMPLETED,0.38,1193.0,4095,627,3,0.8360591504853218
COMPLETED,0.17,1449.0,3310,2829,6,0.4572355412095784
COMPLETED,0.14,953.0,602,2084,3,0.7106119811814278
COMPLETED,0.13,717.0,1084,3688,1,0.5679171827379614
COMPLETED,0.16,730.0,2517,1380,8,0.3222921857647597
COMPLETED,0.1499999999999999,843.0,4849,4813,5,0.9418897426668554
COMPLETED,0.41,1713.0,5000,474,7,0.7404694741866757
FAILED,,,5000,1,5,0.852307090155284
COMPLETED,0.3699999999999999,1022.0,5000,664,1,0.7992378859508646
FAILED,,,4716,1,3,0.8438808593983416
COMPLETED,0.41,1894.0,4486,433,8,0.6386997038735464
COMPLETED,0.39,1410.0,4460,536,6,0.8444250186485883
FAILED,,,5000,1,6,0.290090645553472
COMPLETED,0.46,2587.0,3502,255,4,0.0895218888419053
COMPLETED,0.3,580.0,4435,1285,1,0.7896140880969259
COMPLETED,0.38,1248.0,5000,623,5,0.0663901799057345
COMPLETED,0.39,1431.0,4995,573,9,0.815347918063154
COMPLETED,0.13,635.0,74,341,10,0.6844801175777528
FAILED,,,1,1,6,0.8959598896529878
FAILED,,,5000,1,1,0.8297844679367551
COMPLETED,0.41,1479.0,5000,494,7,0.5272665225971326
COMPLETED,0.33,828.0,5000,998,4,0.8161969917972582
COMPLETED,0.25,536.0,5000,2118,1,0.7820382473083626
FAILED,,,4986,1,5,0.7569372101993184
FAILED,,,5000,1,4,0.950435041329647
FAILED,,,5000,1,10,0.7187735570596556
FAILED,,,4146,1,5,0.1829109648108095
COMPLETED,0.33,779.0,4983,1053,6,0.9079655152799812
FAILED,,,5000,1,7,0.912180233684424
COMPLETED,0.39,1167.0,5000,597,4,0.999
FAILED,,,5000,1,10,0.8821675450596128
FAILED,,,2629,1,1,0.8029013012740803
FAILED,,,3162,1,1,0.001
FAILED,,,5000,1,7,0.6353755979792797
FAILED,,,3143,1,4,0.8954413858138572
COMPLETED,0.28,763.0,3528,1293,10,0.999
FAILED,,,3531,529,10,0.001
FAILED,,,3499,1160,10,0.001
FAILED,,,4933,1,10,0.999
COMPLETED,0.2899999999999999,724.0,930,895,10,0.999
FAILED,,,3555,638,1,0.001
FAILED,,,4927,1,10,0.001
COMPLETED,0.35,753.0,3544,796,10,0.999
FAILED,,,3635,1,1,0.999
FAILED,,,3571,1,10,0.001
COMPLETED,0.26,772.0,4823,1930,10,0.999
FAILED,,,3505,710,10,0.001
COMPLETED,0.28,512.0,3516,1242,1,0.999
FAILED,,,3596,448,1,0.001
FAILED,,,5000,1276,10,0.001
FAILED,,,3519,922,1,0.001
COMPLETED,0.3099999999999999,774.0,3556,1096,10,0.999
FAILED,,,4811,1983,10,0.001
FAILED,,,3545,1202,1,0.001
FAILED,,,3544,411,10,0.001
COMPLETED,0.27,900.0,3497,1456,10,0.999
COMPLETED,0.35,763.0,3606,754,1,0.999
FAILED,,,926,923,10,0.001
FAILED,,,3477,952,10,0.001
FAILED,,,3503,1,10,0.999
COMPLETED,0.3699999999999999,1025.0,3574,603,10,0.999
COMPLETED,0.27,468.0,3447,1429,1,0.999
COMPLETED,0.27,498.0,4905,1616,1,0.999
FAILED,,,4869,1,1,0.999
FAILED,,,3591,2040,1,0.001
FAILED,,,5000,1,10,0.001
FAILED,,,3419,563,10,0.001
FAILED,,,3425,1077,1,0.001
COMPLETED,0.27,553.0,3431,1351,1,0.6206245770019517
FAILED,,,4916,1,10,0.999
FAILED,,,3370,818,10,0.001
COMPLETED,0.26,634.0,4705,1849,1,0.6376589840737676
FAILED,,,3441,434,10,0.001
COMPLETED,0.3599999999999999,754.0,1071,534,10,0.999
FAILED,,,3338,1044,10,0.001
FAILED,,,3398,678,10,0.001
COMPLETED,0.3599999999999999,660.0,955,504,1,0.999
FAILED,,,3461,1,10,0.001
COMPLETED,0.3,648.0,1096,921,10,0.2931646185600006
COMPLETED,0.26,444.0,1133,1305,1,0.999
COMPLETED,0.2899999999999999,576.0,3448,1196,1,0.3987492478221673
FAILED,,,5000,1,1,0.999
FAILED,,,973,1,10,0.999
FAILED,,,5000,1201,10,0.001
COMPLETED,0.3699999999999999,861.0,4747,762,3,0.999
FAILED,,,3643,1,10,0.999
FAILED,,,3500,516,1,0.001
COMPLETED,0.3599999999999999,935.0,4766,892,1,0.999
FAILED,,,5000,1974,1,0.001
FAILED,,,1032,717,10,0.001
FAILED,,,4652,1,1,0.001
COMPLETED,0.2399999999999999,534.0,4255,2099,1,0.999
COMPLETED,0.23,447.0,1100,1548,1,0.999
FAILED,,,3442,701,1,0.001
FAILED,,,4602,1,1,0.999
FAILED,,,3553,1,1,0.999
FAILED,,,1064,1,1,0.999
FAILED,,,3550,1,10,0.001
COMPLETED,0.44,1759.0,1060,263,1,0.999
FAILED,,,4740,1161,10,0.001
FAILED,,,4936,1,10,0.001
FAILED,,,1020,1,10,0.999
FAILED,,,4854,1,1,0.999
COMPLETED,0.33,704.0,1074,698,1,0.7803717770516952
COMPLETED,0.39,1442.0,1069,404,1,0.999
FAILED,,,3469,1,10,0.999
FAILED,,,3570,986,10,0.001
FAILED,,,1030,1,10,0.001
FAILED,,,4829,380,10,0.001
FAILED,,,1045,609,10,0.001
COMPLETED,0.4899999999999999,2891.0,1057,161,1,0.999
COMPLETED,0.3,592.0,1128,971,1,0.6710682181128155
FAILED,,,3542,1,1,0.001
FAILED,,,834,1,1,0.999
FAILED,,,5000,1,1,0.001
FAILED,,,4913,1289,1,0.001
FAILED,,,4928,1,10,0.999
COMPLETED,0.3599999999999999,1141.0,1070,578,10,0.5304070726252962
FAILED,,,1110,1,1,0.001
FAILED,,,1155,1,1,0.999
COMPLETED,0.38,1001.0,1062,480,1,0.999
FAILED,,,980,252,10,0.001
FAILED,,,1066,784,1,0.001
FAILED,,,4742,961,10,0.001
FAILED,,,5000,1296,10,0.001
COMPLETED,0.34,833.0,3905,918,1,0.1525951760014447
COMPLETED,0.34,967.0,4757,852,10,0.5495479242016337
COMPLETED,0.39,1559.0,4559,601,10,0.4705169221484143
COMPLETED,0.32,846.0,5000,1170,1,0.2325244864048438
COMPLETED,0.04,756.0,1,497,5,0.999
COMPLETED,0.0299999999999999,1066.0,1,163,4,0.999
FAILED,,,1,354,4,0.001
COMPLETED,0.3699999999999999,1123.0,5000,657,1,0.2202313684516319
FAILED,,,5000,1,1,0.9765630675661058
COMPLETED,0.2399999999999999,622.0,2681,1013,2,0.0370439517896381
COMPLETED,0.25,660.0,2704,967,10,0.5360006544378056
COMPLETED,0.35,790.0,3419,712,2,0.0759968191498742
COMPLETED,0.2899999999999999,689.0,5000,1448,1,0.2658671621820565
COMPLETED,0.0299999999999999,708.0,1,342,5,0.999
COMPLETED,0.32,816.0,4111,1181,10,0.6472375939002327
COMPLETED,0.16,1599.0,79,276,7,0.0130156353457886
FAILED,,,1,441,2,0.001
COMPLETED,0.3,690.0,5000,1320,1,0.1130179669250606
COMPLETED,0.04,696.0,1,525,10,0.999
COMPLETED,0.4,1458.0,4480,547,1,0.1072772757520588
COMPLETED,0.4,843.0,553,241,10,0.3566764886776192
FAILED,,,5000,1897,5,0.001
FAILED,,,4868,1,2,0.0977976628428871
FAILED,,,1,1,3,0.999
COMPLETED,0.4199999999999999,1281.0,3425,383,10,0.4095554319744492
COMPLETED,0.41,1640.0,4994,463,10,0.5163103465190718
FAILED,,,5000,1400,3,0.001
COMPLETED,0.28,4853.0,1613,980,1,0.0034774359241082
COMPLETED,0.3599999999999999,857.0,4929,809,1,0.3194089057795645
COMPLETED,0.55,5957.0,759,72,10,0.2586373892501526
ABANDONED,,,889,210,10,0.001
ABANDONED,,,886,365,10,0.001
FAILED,,,914,1,10,0.999
COMPLETED,0.3699999999999999,736.0,876,435,10,0.3082503908703058
FAILED,,,877,1,10,0.001
ABANDONED,,,892,286,10,0.001
ABANDONED,,,911,429,1,0.001
FAILED,,,917,1,10,0.7392453507364511
COMPLETED,0.52,4661.0,901,106,10,0.999
COMPLETED,0.4,971.0,950,351,10,0.5378609700107438
COMPLETED,0.4,4020.0,922,127,1,0.001
ABANDONED,,,890,324,10,0.001
FAILED,,,765,492,10,0.001
COMPLETED,0.38,762.0,921,463,10,0.555749805395064
FAILED,,,916,244,1,0.001
FAILED,,,917,1,1,0.001
COMPLETED,0.3599999999999999,700.0,883,491,1,0.3425136632111267
COMPLETED,0.44,1312.0,906,255,10,0.7602049242918457
COMPLETED,0.3099999999999999,591.0,1344,983,1,0.999
FAILED,,,924,290,1,0.001
FAILED,,,911,1,1,0.999
FAILED,,,899,170,10,0.001
FAILED,,,5000,3540,10,0.001
COMPLETED,0.46,5037.0,916,74,1,0.001
COMPLETED,0.2399999999999999,4092.0,5000,2033,10,0.0796938759979507
COMPLETED,0.23,545.0,1446,1755,1,0.999
COMPLETED,0.39,995.0,911,349,10,0.999
FAILED,,,882,404,10,0.001
COMPLETED,0.33,643.0,690,492,10,0.3815828620946566
FAILED,,,4766,1,1,0.999
COMPLETED,0.46,1736.0,852,186,10,0.999
COMPLETED,0.4899999999999999,2631.0,853,146,10,0.999
COMPLETED,0.45,1481.0,875,227,10,0.999
COMPLETED,0.4199999999999999,986.0,876,297,10,0.965984608757006
COMPLETED,0.38,733.0,766,390,10,0.6508817175945087
COMPLETED,0.26,504.0,5000,1735,1,0.999
COMPLETED,0.47,2244.0,857,166,10,0.999
COMPLETED,0.33,700.0,1273,764,10,0.999
COMPLETED,0.5,3029.0,851,126,10,0.999
COMPLETED,0.23,571.0,5000,2269,1,0.999
COMPLETED,0.39,860.0,816,380,1,0.5432714949807053
COMPLETED,0.44,1803.0,1245,285,10,0.999
COMPLETED,0.17,1547.0,5000,3516,10,0.176873615080906
COMPLETED,0.3,753.0,5000,1384,10,0.5177814364247544
COMPLETED,0.28,794.0,4675,1638,10,0.7813170342127035
COMPLETED,0.4199999999999999,1321.0,1219,344,10,0.7383301924435057
ABANDONED,,,3807,365,10,0.001
COMPLETED,0.33,650.0,1217,781,10,0.7155662634581021
ABANDONED,,,671,463,10,0.001
COMPLETED,0.41,965.0,877,311,10,0.7639507673556591
COMPLETED,0.1799999999999999,432.0,5000,3719,1,0.999
ABANDONED,,,1332,624,1,0.001
FAILED,,,816,1,1,0.999
COMPLETED,0.35,744.0,4147,902,1,0.6927717396719674
ABANDONED,,,4799,3400,1,0.001
COMPLETED,0.23,610.0,1357,1682,10,0.999
COMPLETED,0.35,1028.0,3910,764,10,0.5112526945612305
COMPLETED,0.44,1325.0,871,253,10,0.999
COMPLETED,0.33,987.0,5000,969,10,0.5110821045606152
COMPLETED,0.27,746.0,3849,1679,10,0.999
COMPLETED,0.33,544.0,1302,835,1,0.9294845155654106
COMPLETED,0.16,1400.0,1654,3693,10,0.999
COMPLETED,0.35,647.0,1278,693,1,0.999
COMPLETED,0.28,580.0,4828,1505,1,0.6253752559103015
COMPLETED,0.0599999999999999,390.0,1,2212,1,0.999
COMPLETED,0.2899999999999999,511.0,1286,1126,1,0.999
COMPLETED,0.46,1940.0,989,212,10,0.999
FAILED,,,2532,4826,10,0.001
COMPLETED,0.05,458.0,1,1895,1,0.999
FAILED,,,4057,5000,1,0.001
COMPLETED,0.1799999999999999,1501.0,4492,3594,10,0.999
COMPLETED,0.28,661.0,1302,1164,10,0.7011267237395802
COMPLETED,0.32,849.0,1323,928,10,0.8173109091116537
COMPLETED,0.28,599.0,1330,1263,1,0.7355120114919345
COMPLETED,0.28,524.0,4192,1660,1,0.7090415858161546
COMPLETED,0.51,3610.0,924,120,10,0.999
COMPLETED,0.2099999999999999,1197.0,4414,2550,10,0.999
COMPLETED,0.28,556.0,4365,1479,1,0.999
FAILED,,,2540,5000,10,0.001
FAILED,,,3960,4786,1,0.001
COMPLETED,0.34,605.0,1193,763,1,0.999
FAILED,,,4282,4874,10,0.001
COMPLETED,0.39,1014.0,845,367,10,0.5590118283293655
COMPLETED,0.32,773.0,4996,1140,1,0.612332472677587
COMPLETED,0.0299999999999999,819.0,36,1632,1,0.6604621789418191
COMPLETED,0.4299999999999999,1371.0,1051,295,10,0.9478684048625458
FAILED,,,2534,4657,1,0.001
COMPLETED,0.27,488.0,4476,1815,1,0.999
FAILED,,,1336,456,10,0.001
FAILED,,,4678,702,1,0.001
FAILED,,,864,1,10,0.999
ABANDONED,,,889,45,1,0.999
COMPLETED,0.22,485.0,3644,2179,1,0.999
COMPLETED,0.3599999999999999,825.0,1318,658,1,0.6113901597059813
COMPLETED,0.35,757.0,1357,701,1,0.3886834195657057
COMPLETED,0.47,2161.0,985,181,1,0.999
ABANDONED,,,2571,5000,10,0.001
ABANDONED,,,3923,4780,1,0.001
ABANDONED,,,881,37,10,0.999
ABANDONED,,,4234,703,10,0.001
FAILED,,,4127,1,1,0.001
FAILED,,,3981,5000,10,0.001
COMPLETED,0.23,520.0,3666,1999,1,0.999
COMPLETED,0.45,1708.0,1039,225,1,0.999
COMPLETED,0.0899999999999999,1686.0,2878,5000,10,0.999
COMPLETED,0.2099999999999999,550.0,1444,2135,1,0.999
FAILED,,,874,1,1,0.999
COMPLETED,0.54,6482.0,889,80,10,0.999
COMPLETED,0.54,7166.0,886,79,1,0.999
COMPLETED,0.1799999999999999,411.0,1475,2827,1,0.999
COMPLETED,0.5,2868.0,935,140,10,0.999
COMPLETED,0.23,862.0,4679,2208,10,0.999
FAILED,,,1346,685,10,0.001
COMPLETED,0.41,1051.0,1020,336,1,0.733772843653763
COMPLETED,0.4299999999999999,1418.0,1116,328,10,0.999
FAILED,,,839,1,10,0.8597201012053455
COMPLETED,0.26,646.0,3679,1743,1,0.999
FAILED,,,2550,4769,1,0.001
FAILED,,,5000,1629,1,0.001
FAILED,,,4254,4843,10,0.001
COMPLETED,0.52,4842.0,834,100,10,0.7672143655851622
ABANDONED,,,5000,783,10,0.001
COMPLETED,0.47,2455.0,858,163,10,0.7785859391919687
COMPLETED,0.54,5785.0,797,85,10,0.6793842158143414
ABANDONED,,,1398,1260,1,0.001
COMPLETED,0.34,625.0,1321,778,1,0.2537709576266242
FAILED,,,5000,1682,1,0.001
FAILED,,,4274,1272,10,0.001
COMPLETED,0.51,3508.0,822,119,10,0.7270472730984447
FAILED,,,4509,2243,1,0.001
COMPLETED,0.28,773.0,5000,1544,10,0.999
FAILED,,,3757,3701,1,0.001
FAILED,,,4346,4735,1,0.001
COMPLETED,0.46,1972.0,863,185,10,0.7837646484708042
FAILED,,,4620,2394,1,0.001
COMPLETED,0.3,579.0,4990,1354,1,0.999
COMPLETED,0.2099999999999999,496.0,4796,2722,1,0.999
FAILED,,,2293,4700,1,0.001
COMPLETED,0.39,953.0,1277,459,1,0.6995798021960684
FAILED,,,3586,459,1,0.001
FAILED,,,1649,3323,1,0.001
FAILED,,,4224,4885,10,0.001
COMPLETED,0.1499999999999999,438.0,3922,4696,1,0.999
FAILED,,,1353,1175,10,0.001
FAILED,,,2346,4806,5,0.001
COMPLETED,0.47,2226.0,3060,200,10,0.999
COMPLETED,0.51,3385.0,806,109,10,0.7007017260886395
FAILED,,,1326,724,10,0.001
FAILED,,,691,1,10,0.0819047957554805
COMPLETED,0.45,1565.0,881,202,10,0.7815169294584697
ABANDONED,,,3079,167,10,0.001
ABANDONED,,,4555,1711,1,0.001
COMPLETED,0.4899999999999999,4780.0,3276,175,10,0.999
ABANDONED,,,3124,93,10,0.001
COMPLETED,0.45,2464.0,3098,216,10,0.2633903631398326
ABANDONED,,,1371,1236,10,0.001
ABANDONED,,,1611,3352,1,0.001
ABANDONED,,,2233,4753,1,0.001
FAILED,,,661,1,10,0.001
ABANDONED,,,5000,4692,10,0.001
ABANDONED,,,4432,4754,10,0.001
ABANDONED,,,4844,1639,1,0.001
ABANDONED,,,3138,442,1,0.001
ABANDONED,,,4178,1240,9,0.001
ABANDONED,,,2921,130,10,0.001
ABANDONED,,,4743,1182,10,0.001
ABANDONED,,,4689,3715,1,0.001
COMPLETED,0.4199999999999999,1642.0,735,262,10,0.6579391405663745
COMPLETED,0.34,1029.0,4531,958,10,0.999
FAILED,,,4468,4893,10,0.001
COMPLETED,0.4,1051.0,1263,426,10,0.8123330618743345
FAILED,,,4466,2252,1,0.001
COMPLETED,0.26,1180.0,4307,1829,10,0.999
FAILED,,,1311,740,1,0.001
FAILED,,,3726,3267,1,0.001
FAILED,,,3948,3734,10,0.001
FAILED,,,1777,4781,10,0.001
FAILED,,,1535,3274,1,0.001
FAILED,,,3605,460,10,0.001
FAILED,,,4447,2431,1,0.001
COMPLETED,0.2,445.0,1628,2695,1,0.999
COMPLETED,0.4899999999999999,2993.0,928,155,10,0.9290924868825512
ABANDONED,,,1618,3675,1,0.001
ABANDONED,,,3685,3698,1,0.001
ABANDONED,,,689,688,1,0.001
ABANDONED,,,4181,800,1,0.001
ABANDONED,,,1657,2286,10,0.001
COMPLETED,0.14,486.0,1880,4756,1,0.999
ABANDONED,,,3535,457,1,0.001
ABANDONED,,,1370,761,10,0.001
ABANDONED,,,609,500,1,0.001
COMPLETED,0.45,1591.0,898,223,10,0.7949824050979027
COMPLETED,0.04,643.0,2231,4713,1,0.999
FAILED,,,4707,2438,1,0.001
COMPLETED,0.33,644.0,4208,1128,1,0.999
FAILED,,,659,1,10,0.001
FAILED,,,5000,4937,1,0.001
FAILED,,,4228,750,10,0.001
FAILED,,,5000,1290,10,0.001
COMPLETED,0.3699999999999999,733.0,1291,598,1,0.999
FAILED,,,5000,4614,1,0.001
FAILED,,,4444,2262,1,0.001
FAILED,,,3786,4688,10,0.001
FAILED,,,1598,3520,1,0.001
FAILED,,,4661,3272,1,0.001
FAILED,,,963,4763,10,0.001
FAILED,,,2262,4914,1,0.001
FAILED,,,4413,5000,10,0.001
COMPLETED,0.3599999999999999,890.0,4784,755,1,0.5469068887337135
FAILED,,,4092,445,1,0.001
COMPLETED,0.23,592.0,1546,1987,1,0.999
ABANDONED,,,1825,4771,1,0.001
COMPLETED,0.4,5307.0,4769,135,1,0.001
ABANDONED,,,4579,2412,1,0.001
ABANDONED,,,4034,3351,1,0.001
FAILED,,,3332,4827,1,0.001
COMPLETED,0.28,4852.0,4174,176,1,0.001
COMPLETED,0.55,6030.0,777,72,10,0.6718374965602063
COMPLETED,0.27,582.0,1262,1217,1,0.2480774491928385
COMPLETED,0.38,918.0,1287,488,10,0.6727288888790324
COMPLETED,0.27,541.0,4943,1698,1,0.4656031684992321
COMPLETED,0.17,495.0,3995,3833,1,0.999
FAILED,,,3008,2281,1,0.001
COMPLETED,0.2899999999999999,788.0,1268,1058,10,0.999
FAILED,,,1577,3485,1,0.001
FAILED,,,4145,4661,10,0.001
FAILED,,,4137,435,10,0.001
FAILED,,,3905,5000,10,0.001
FAILED,,,1637,2409,1,0.001
FAILED,,,716,4855,10,0.001
FAILED,,,1381,554,10,0.001
FAILED,,,1701,3250,1,0.001
FAILED,,,1614,2510,10,0.001
FAILED,,,1,3660,1,0.001
COMPLETED,0.53,5374.0,824,93,10,0.8002468358720272
COMPLETED,0.3099999999999999,926.0,4871,1283,10,0.6647452119734631
FAILED,,,2703,2297,10,0.001
COMPLETED,0.2099999999999999,1259.0,1606,2249,10,0.5066114968118066
COMPLETED,0.2,587.0,5000,2914,1,0.999
FAILED,,,4102,242,1,0.001
COMPLETED,0.27,492.0,1456,1441,1,0.999
ABANDONED,,,3400,4935,10,0.001
COMPLETED,0.52,3526.0,706,93,10,0.3274520643794425
ABANDONED,,,3562,459,10,0.001
ABANDONED,,,1620,4726,10,0.001
COMPLETED,0.46,1788.0,759,174,10,0.5670745990472889
ABANDONED,,,709,415,1,0.001
COMPLETED,0.14,468.0,858,2614,1,0.999
COMPLETED,0.5,2674.0,804,134,10,0.6789470671840684
ABANDONED,,,4603,4898,1,0.001
ABANDONED,,,4581,4668,1,0.001
ABANDONED,,,4461,751,1,0.001
COMPLETED,0.4799999999999999,2476.0,751,148,10,0.5318651493790398
ABANDONED,,,5000,4796,1,0.001
FAILED,,,1,3610,1,0.001
COMPLETED,0.05,343.0,1,3445,1,0.999
FAILED,,,862,3263,10,0.001
FAILED,,,659,40,10,0.001
FAILED,,,2936,3324,10,0.001
COMPLETED,0.13,1339.0,870,2827,10,0.999
FAILED,,,4270,5000,10,0.001
FAILED,,,3589,3323,10,0.001
FAILED,,,3731,4659,1,0.001
COMPLETED,0.5,2267.0,748,126,10,0.5236659344034281
FAILED,,,2540,4777,9,0.001
FAILED,,,1,3417,1,0.001
FAILED,,,940,4760,10,0.001
FAILED,,,4195,4789,10,0.001
FAILED,,,2650,230,10,0.001
COMPLETED,0.32,1085.0,4282,1113,10,0.2716791939113876
COMPLETED,0.44,1442.0,777,229,10,0.5937648019389552
ABANDONED,,,3899,4570,10,0.001
ABANDONED,,,1729,3428,1,0.001
COMPLETED,0.1499999999999999,542.0,3422,3435,1,0.999
ABANDONED,,,769,571,10,0.001
ABANDONED,,,3538,3379,1,0.001
ABANDONED,,,3312,3685,1,0.001
FAILED,,,3790,4687,10,0.001
FAILED,,,651,1,10,0.001
FAILED,,,875,1276,10,0.001
FAILED,,,647,41,10,0.001
COMPLETED,0.16,403.0,4387,4604,1,0.999
FAILED,,,4454,1729,10,0.001
COMPLETED,0.4799999999999999,3744.0,1521,192,10,0.999
FAILED,,,1484,3280,1,0.001
FAILED,,,5000,4975,10,0.001
FAILED,,,3554,3263,1,0.001
FAILED,,,3764,1257,1,0.001
FAILED,,,5000,4729,1,0.001
COMPLETED,0.47,1914.0,812,169,10,0.6728485741392795
FAILED,,,3524,4806,1,0.001
FAILED,,,786,4810,1,0.001
FAILED,,,3748,2308,1,0.001
COMPLETED,0.52,3096.0,754,111,10,0.5440881066459429
FAILED,,,2810,2466,1,0.001
FAILED,,,4507,1098,1,0.001
FAILED,,,3275,4728,10,0.001
FAILED,,,1526,3569,1,0.001
FAILED,,,1725,4692,1,0.001
COMPLETED,0.39,1402.0,1469,475,10,0.999
COMPLETED,0.4,1364.0,1503,471,1,0.243500493838664
COMPLETED,0.38,942.0,1453,543,1,0.999
ABANDONED,,,1336,3473,1,0.001
COMPLETED,0.3599999999999999,1058.0,4397,694,10,0.999
COMPLETED,0.45,1377.0,783,205,10,0.5712627054467473
FAILED,,,1023,2459,1,0.001
FAILED,,,3668,1317,10,0.001
COMPLETED,0.4899999999999999,2443.0,786,140,10,0.6117381913168062
FAILED,,,1859,4940,10,0.001
FAILED,,,773,4859,10,0.001
FAILED,,,1670,195,1,0.001
FAILED,,,5000,1655,10,0.001
FAILED,,,3204,4777,1,0.001
COMPLETED,0.4299999999999999,1210.0,2644,198,10,0.999
FAILED,,,906,692,10,0.001
FAILED,,,5000,4599,1,0.001
FAILED,,,4649,3297,1,0.001
COMPLETED,0.3599999999999999,811.0,1470,668,10,0.999
FAILED,,,649,1,10,0.001
FAILED,,,2715,2478,1,0.001
COMPLETED,0.4299999999999999,1068.0,710,241,10,0.5011070526463179
FAILED,,,2998,3341,1,0.001
FAILED,,,4324,4966,10,0.001
COMPLETED,0.47,2599.0,1424,232,10,0.999
FAILED,,,3960,3760,10,0.001
FAILED,,,3614,4780,1,0.001
FAILED,,,4866,1806,10,0.001
COMPLETED,0.41,1146.0,1451,440,1,0.999
FAILED,,,1801,133,10,0.2318123079268123
FAILED,,,4614,5000,1,0.001
FAILED,,,2987,3334,1,0.001
FAILED,,,3330,4746,10,0.001
FAILED,,,1569,418,10,0.001
FAILED,,,5000,4910,1,0.001
FAILED,,,643,1,10,0.001
COMPLETED,0.47,3001.0,1568,231,1,0.6720255605919894
COMPLETED,0.4199999999999999,1330.0,1442,431,1,0.5746037483200243
COMPLETED,0.4899999999999999,5641.0,1617,184,10,0.4710139250372864
COMPLETED,0.4799999999999999,3461.0,1464,198,10,0.801489888122795
FAILED,,,4094,3734,1,0.001
COMPLETED,0.3699999999999999,1002.0,4436,813,1,0.615344258582637
COMPLETED,0.54,5273.0,733,74,10,0.5135850211645673
FAILED,,,1014,2426,5,0.001
FAILED,,,779,3325,10,0.001
FAILED,,,3992,4675,10,0.001
FAILED,,,752,4846,1,0.001
COMPLETED,0.23,653.0,949,1295,10,0.2690497022069567
COMPLETED,0.14,592.0,2849,2767,1,0.999
COMPLETED,0.46,2567.0,1482,236,10,0.6714355958986905
FAILED,,,2081,3402,1,0.001
FAILED,,,1796,143,6,0.001
FAILED,,,1514,525,10,0.001
FAILED,,,823,4673,10,0.001
COMPLETED,0.3099999999999999,630.0,895,744,10,0.3738756154518493
FAILED,,,2250,3771,10,0.001
FAILED,,,3848,4851,1,0.001
COMPLETED,0.4899999999999999,6402.0,1952,169,10,0.999
FAILED,,,4213,5000,4,0.001
COMPLETED,0.3099999999999999,579.0,1047,845,1,0.7264522376847722
COMPLETED,0.47,4033.0,1789,218,10,0.3790974826679869
ABANDONED,,,1891,163,10,0.001
COMPLETED,0.44,2522.0,1654,282,10,0.6768500247809005
COMPLETED,0.47,3497.0,1695,235,10,0.7314423294421712
COMPLETED,0.4899999999999999,5461.0,1752,179,10,0.677414923736339
ABANDONED,,,1936,118,10,0.001
ABANDONED,,,725,4782,10,0.001
COMPLETED,0.44,1758.0,1534,312,10,0.7090091404383688
ABANDONED,,,3467,4708,1,0.001
COMPLETED,0.4799999999999999,5112.0,1700,208,10,0.852109472972229
COMPLETED,0.14,977.0,5000,4678,10,0.999
COMPLETED,0.4899999999999999,4450.0,1706,189,10,0.8842931824518881
COMPLETED,0.47,2995.0,1703,258,10,0.6573389070989066
ABANDONED,,,1751,155,10,0.7764776563304125
ABANDONED,,,1493,3577,10,0.001
ABANDONED,,,1524,2472,1,0.001
COMPLETED,0.17,1125.0,5000,3876,10,0.999
ABANDONED,,,1557,561,10,0.001
COMPLETED,0.47,5774.0,1866,197,10,0.0228900786623277
COMPLETED,0.4899999999999999,5749.0,1718,169,1,0.999
COMPLETED,0.16,6929.0,1987,289,1,0.001
ABANDONED,,,1761,140,1,0.9065838823744607
COMPLETED,0.23,457.0,1436,1840,1,0.999
COMPLETED,0.4299999999999999,1879.0,1580,351,10,0.5090255292980884
ABANDONED,,,1841,139,1,0.3521832175305809
COMPLETED,0.28,484.0,1427,1239,1,0.999
ABANDONED,,,756,61,10,0.6257302935736432
COMPLETED,0.17,1440.0,5000,3986,10,0.999
ABANDONED,,,602,3615,1,0.001
ABANDONED,,,1709,338,10,0.001
ABANDONED,,,2658,760,1,0.6429486767053603
COMPLETED,0.0599999999999999,4521.0,400,4873,7,0.4875198050625622
ABANDONED,,,1844,1652,3,0.8748896143566816
ABANDONED,,,3790,2717,10,0.2204923452809453
ABANDONED,,,4969,2015,7,0.0764373500812798
FAILED,,,1916,3608,3,0.7933383437804877
FAILED,,,782,417,8,0.3434654009994119
FAILED,,,3524,3963,5,0.561395631790161
FAILED,,,3176,1441,9,0.8231714793853461
FAILED,,,1231,2937,5,0.0419748199451714
FAILED,,,2285,1166,6,0.5872998733520508
FAILED,,,4543,4458,2,0.3051348899062722
FAILED,,,4160,157,4,0.3950927630551159
COMPLETED,0.14,2026.0,1419,4211,10,0.7395178224984555
COMPLETED,0.0299999999999999,1176.0,51,2392,1,0.1319332842305302
FAILED,,,3105,3242,7,0.9753876402508468
FAILED,,,2873,2213,5,0.3663351231943816
COMPLETED,0.05,2356.0,302,3416,9,0.5226891244128345
FAILED,,,1358,62,2,0.0993076671306043
FAILED,,,4241,4311,6,0.7546300518400966
ABANDONED,,,4482,949,10,0.9142755643781274
COMPLETED,0.0599999999999999,3720.0,2365,4670,4,0.196457065463066
ABANDONED,,,999,1307,7,0.6823328561056405
ABANDONED,,,3428,3076,1,0.4634851200990378
ABANDONED,,,3624,595,8,0.1724144800901412
COMPLETED,0.0899999999999999,593.0,740,3789,2,0.9507444192823022
COMPLETED,0.0599999999999999,1736.0,2186,2110,9,0.4355745537690818
ABANDONED,,,4758,3508,3,0.7148728169668465
ABANDONED,,,4061,1869,3,0.6093180020526051
ABANDONED,,,1632,2505,6,0.267767280710861
ABANDONED,,,499,894,5,0.845187823522836
ABANDONED,,,2616,4733,9,0.0046078056041151
FAILED,,,2573,1600,6,0.448367194097489
COMPLETED,0.11,1075.0,622,2783,2,0.6662634010780601
FAILED,,,1678,695,9,0.2124963018894195
FAILED,,,3940,4924,5,0.9294237089809028
FAILED,,,4802,316,1,0.7697785533554851
COMPLETED,0.0299999999999999,3549.0,2065,4057,7,0.1153467845860868
FAILED,,,699,1920,4,0.5066193124726414
FAILED,,,3748,3709,10,0.3512173161637037
ABANDONED,,,3304,1226,4,0.0187814598027616
COMPLETED,0.11,3059.0,1041,4401,10,0.8622017882950604
ABANDONED,,,2487,1498,1,0.2507230973374098
ABANDONED,,,4437,2876,8,0.5951745664551854
ABANDONED,,,4361,2481,8,0.7007297382820397
ABANDONED,,,1312,3137,4,0.4185302514247596
ABANDONED,,,180,263,6,0.9677580271419136
COMPLETED,0.1,2635.0,2916,4121,3,0.1865882532596588
FAILED,,,2982,124,9,0.5462474871873855
COMPLETED,0.0299999999999999,2844.0,94,4256,3,0.3274261645730585
FAILED,,,1539,2269,8,0.809407798808068
FAILED,,,4115,3354,2,0.0915552760828286
FAILED,,,4665,1398,5,0.2356101523116231
COMPLETED,0.0599999999999999,1249.0,2240,2971,8,0.8909594262968747
FAILED,,,1106,1053,3,0.4714806876070797
FAILED,,,3219,4580,6,0.6278001891318707
FAILED,,,3482,2060,2,0.9895310758482664
COMPLETED,0.1199999999999999,2383.0,906,3574,6,0.1489774676039815
FAILED,,,1960,528,5,0.7225038577262312
FAILED,,,4848,3840,9,0.3809191088564694
ABANDONED,,,3836,795,7,0.2909611167367547
ABANDONED,,,1724,4829,1,0.5702862654924392
COMPLETED,0.11,3417.0,356,1773,10,0.0590191222894936
ABANDONED,,,2780,2605,4,0.8373145580701529
ABANDONED,,,2741,1885,10,0.1491876705437898
COMPLETED,0.0599999999999999,1020.0,317,3748,4,0.992732414683327
ABANDONED,,,1763,354,7,0.3850280764661729
FAILED,,,3875,4015,1,0.7296025930661708
FAILED,,,4887,659,5,0.5699565860554576
FAILED,,,1999,4964,9,0.2878800871949642
FAILED,,,867,1638,2,0.8330853406526147
FAILED,,,3443,2741,6,0.0520400419030338
FAILED,,,3258,300,3,0.3140603411775082
COMPLETED,0.1199999999999999,2321.0,1146,4078,7,0.5318373672291636
COMPLETED,0.05,1731.0,2201,2446,4,0.082088276842609
FAILED,,,4625,3178,8,0.7988950158692896
FAILED,,,4075,1535,8,0.9044493660535662
FAILED,,,1500,2833,1,0.2498969887048005
COMPLETED,0.07,852.0,134,1191,10,0.6373906503934413
COMPLETED,0.11,2335.0,3021,4443,3,0.4818694136701524
ABANDONED,,,2905,323,10,0.999
ABANDONED,,,2746,691,10,0.8035789286553856
FAILED,,,3241,1,7,0.999
ABANDONED,,,2965,854,1,0.001
FAILED,,,1859,1,10,0.001
FAILED,,,3300,1,7,0.001
ABANDONED,,,570,996,1,0.001
FAILED,,,3242,1,7,0.999
FAILED,,,2971,1,10,0.999
FAILED,,,3272,1,7,0.999
FAILED,,,2894,1,10,0.001
FAILED,,,3225,1,7,0.999
FAILED,,,2969,1,10,0.999
FAILED,,,3330,1,7,0.001
FAILED,,,669,194,3,0.999
FAILED,,,2869,1225,1,0.001
ABANDONED,,,3009,474,10,0.999
FAILED,,,3205,1,9,0.999
ABANDONED,,,2648,733,10,0.001
FAILED,,,3222,1,8,0.999
ABANDONED,,,3191,542,6,0.001
FAILED,,,3328,1,7,0.001
ABANDONED,,,2827,1256,1,0.999
FAILED,,,3313,1,7,0.001
ABANDONED,,,3065,1509,1,0.001
FAILED,,,3228,1,8,0.999
ABANDONED,,,655,196,2,0.999
ABANDONED,,,3251,1808,1,0.001
FAILED,,,3250,1,7,0.999
FAILED,,,3270,1,7,0.001
FAILED,,,3254,1,7,0.999
FAILED,,,3381,2063,1,0.001
FAILED,,,3238,1,8,0.999
ABANDONED,,,2902,787,1,0.999
FAILED,,,3227,1,8,0.999
ABANDONED,,,3291,998,1,0.001
ABANDONED,,,2868,1645,1,0.8816695494437737
FAILED,,,3229,1,8,0.999
FAILED,,,3315,1,7,0.001
ABANDONED,,,4158,1403,1,0.001
ABANDONED,,,2660,566,10,0.999
FAILED,,,3322,1,6,0.001
FAILED,,,3240,1,8,0.999
FAILED,,,3312,1,7,0.001
FAILED,,,3244,1,7,0.999
ABANDONED,,,2982,3125,10,0.001
FAILED,,,3242,1,8,0.999
FAILED,,,3283,1,8,0.001
FAILED,,,3265,1,7,0.999
COMPLETED,0.04,2806.0,2138,4882,10,0.999
FAILED,,,1851,1,10,0.001
FAILED,,,3260,1,7,0.999
FAILED,,,1934,5000,10,0.001
FAILED,,,3232,1,8,0.999
FAILED,,,3690,948,6,0.999
FAILED,,,3313,1,6,0.001
FAILED,,,3264,1,7,0.999
FAILED,,,3312,1,8,0.001
ABANDONED,,,553,893,1,0.001
FAILED,,,3248,1,7,0.999
FAILED,,,3321,1,7,0.001
ABANDONED,,,505,623,1,0.999
FAILED,,,3205,1,8,0.999
FAILED,,,3310,1,6,0.001
ABANDONED,,,3964,4876,10,0.791466447614721
ABANDONED,,,751,142,4,0.999
FAILED,,,3247,1,7,0.999
FAILED,,,3259,1,8,0.001
ABANDONED,,,3570,2099,10,0.001
FAILED,,,3180,1,9,0.999
ABANDONED,,,1633,3237,10,0.001
FAILED,,,3307,1,8,0.001
FAILED,,,3118,1,10,0.999
FAILED,,,3202,1,8,0.999
ABANDONED,,,4019,3532,1,0.001
FAILED,,,3234,1,8,0.999
ABANDONED,,,3497,432,5,0.999
FAILED,,,3327,1,7,0.001
ABANDONED,,,2795,1197,1,0.001
FAILED,,,3220,1,8,0.999
FAILED,,,3297,1,8,0.001
FAILED,,,3275,1,6,0.999
FAILED,,,2812,1,10,0.001
FAILED,,,3322,1,7,0.001
ABANDONED,,,1498,2979,10,0.001
FAILED,,,3251,1,7,0.999
FAILED,,,2792,1,10,0.001
ABANDONED,,,1302,2600,10,0.001
FAILED,,,3259,1,7,0.999
ABANDONED,,,3215,929,5,0.001
FAILED,,,3221,1,8,0.999
FAILED,,,544,1082,1,0.001
COMPLETED,0.16,1038.0,2211,663,10,0.2126628312068899
FAILED,,,3597,2301,10,0.001
FAILED,,,3226,1,8,0.999
FAILED,,,3168,1,8,0.999
FAILED,,,2821,1,10,0.999
ABANDONED,,,774,103,5,0.999
FAILED,,,3067,1,10,0.999
ABANDONED,,,2983,3260,10,0.001
FAILED,,,3306,1,9,0.001
FAILED,,,1832,1,10,0.001
FAILED,,,3078,1,10,0.999
FAILED,,,3308,1,5,0.999
FAILED,,,3316,1,8,0.001
FAILED,,,5000,1,10,0.999
FAILED,,,3101,1,10,0.999
ABANDONED,,,942,2565,10,0.001
FAILED,,,3084,1,10,0.999
FAILED,,,2804,1,10,0.999
FAILED,,,2765,1,10,0.001
ABANDONED,,,1826,1,10,0.001
FAILED,,,3029,1,10,0.999
FAILED,,,602,1,10,0.001
FAILED,,,3259,1954,10,0.001
FAILED,,,3094,1,10,0.999
COMPLETED,0.4299999999999999,1912.0,2943,280,10,0.999
FAILED,,,3080,1,10,0.999
FAILED,,,3301,1,7,0.001
FAILED,,,3125,1,10,0.999
FAILED,,,3324,1,7,0.001
FAILED,,,3286,1,7,0.001
FAILED,,,3081,1,10,0.999
FAILED,,,2931,1,4,0.999
FAILED,,,3121,1,10,0.999
FAILED,,,3292,1,7,0.001
COMPLETED,0.16,4209.0,1575,3326,10,0.6628978279580843
FAILED,,,3057,1,10,0.999
FAILED,,,3299,1,7,0.001
COMPLETED,0.17,1658.0,1574,3163,10,0.9538699367472744
FAILED,,,2808,1,10,0.999
FAILED,,,3013,1,10,0.999
FAILED,,,3323,1,6,0.001
FAILED,,,2984,1,10,0.999
FAILED,,,2740,1,10,0.999
FAILED,,,3166,1,9,0.999
FAILED,,,2833,1,10,0.999
FAILED,,,3326,1,7,0.001
FAILED,,,3012,1,10,0.999
FAILED,,,2874,1,10,0.001
FAILED,,,3047,1,10,0.999
FAILED,,,2777,1,10,0.999
FAILED,,,3267,1,7,0.001
FAILED,,,2955,1,10,0.999
FAILED,,,3250,1,8,0.999
FAILED,,,2882,1,10,0.999
FAILED,,,3178,1,10,0.999
FAILED,,,2843,1,10,0.999
FAILED,,,3218,1,8,0.999
FAILED,,,2832,1,10,0.999
COMPLETED,0.2099999999999999,633.0,3590,2390,1,0.999
FAILED,,,3281,1,8,0.001
FAILED,,,2919,1,10,0.999
FAILED,,,2841,1,10,0.999
FAILED,,,3229,1,7,0.999
FAILED,,,3162,1,10,0.999
FAILED,,,2828,1,10,0.999
FAILED,,,3164,1,10,0.999
FAILED,,,3309,1,9,0.001
FAILED,,,2927,1,10,0.999
FAILED,,,3291,1,9,0.001
FAILED,,,3037,1,10,0.999
FAILED,,,2970,1,10,0.999
FAILED,,,3044,1,10,0.999
FAILED,,,3311,1,7,0.001
FAILED,,,3045,1,10,0.999
ABANDONED,,,3773,2320,10,0.001
FAILED,,,3062,1,10,0.999
FAILED,,,2016,1,10,0.999
FAILED,,,2957,1,10,0.999
FAILED,,,3296,1,7,0.001
FAILED,,,3139,1,5,0.001
FAILED,,,3066,1,10,0.999
FAILED,,,2768,1,10,0.999
FAILED,,,3132,1,10,0.999
FAILED,,,2012,1,10,0.999
FAILED,,,2804,1,10,0.001
FAILED,,,3046,1,10,0.999
FAILED,,,2775,1,10,0.999
FAILED,,,3165,1,10,0.999
FAILED,,,3235,1,9,0.001
FAILED,,,3008,1,10,0.999
FAILED,,,3295,1,7,0.001
FAILED,,,2973,1,10,0.999
FAILED,,,3272,1,7,0.001
FAILED,,,2975,1,10,0.999
FAILED,,,3041,1,10,0.999
FAILED,,,3056,1,10,0.001
FAILED,,,2031,1,10,0.999
FAILED,,,3000,1,10,0.999
FAILED,,,3263,1,7,0.999
FAILED,,,3291,1,8,0.001
FAILED,,,2960,1,10,0.999
FAILED,,,3258,1,7,0.999
FAILED,,,3224,1,10,0.001
FAILED,,,3021,1,10,0.999
FAILED,,,594,1,10,0.001
FAILED,,,3018,1,10,0.999
FAILED,,,2010,1,10,0.999
FAILED,,,3051,1,10,0.999
FAILED,,,2783,1,10,0.999
FAILED,,,3219,1,8,0.999
FAILED,,,3147,1,10,0.001
FAILED,,,3052,1,10,0.999
FAILED,,,2922,1,10,0.001
FAILED,,,3060,1,10,0.999
FAILED,,,3274,1,8,0.999
FAILED,,,2918,1,10,0.999
FAILED,,,3281,1,8,0.3785637670311965
FAILED,,,1993,1,10,0.999
FAILED,,,3027,1,10,0.999
FAILED,,,3317,1,7,0.001
FAILED,,,2986,1,10,0.999
FAILED,,,3286,1,6,0.001
FAILED,,,2966,1,10,0.999
ABANDONED,,,3012,3395,1,0.001
FAILED,,,3298,1,8,0.001
FAILED,,,596,1,10,0.001
FAILED,,,2964,1,10,0.999
FAILED,,,3343,1,8,0.001
FAILED,,,2781,1,10,0.999
FAILED,,,3306,1,7,0.001
FAILED,,,3034,1,10,0.999
ABANDONED,,,3345,2016,1,0.001
FAILED,,,2796,1,10,0.999
FAILED,,,3303,1,7,0.001
FAILED,,,2962,1,10,0.999
FAILED,,,3248,1,5,0.999
FAILED,,,3261,1,10,0.001
FAILED,,,3265,1,6,0.001
FAILED,,,3255,1,8,0.999
FAILED,,,2859,1,10,0.999
FAILED,,,3188,1,10,0.001
FAILED,,,2943,1,10,0.999
FAILED,,,3275,1,6,0.001
FAILED,,,3015,1,10,0.999
FAILED,,,3318,1,7,0.001
FAILED,,,2911,1,10,0.999
FAILED,,,3288,1,7,0.001
FAILED,,,2933,1,10,0.999
FAILED,,,3298,1,9,0.001
FAILED,,,2983,1,10,0.999
FAILED,,,3996,2186,1,0.001
FAILED,,,2947,1,10,0.999
FAILED,,,2932,1,10,0.999
FAILED,,,3257,1,6,0.999
FAILED,,,2833,1,10,0.1468160422700075
FAILED,,,3036,1,10,0.999
ABANDONED,,,4008,2189,10,0.001
FAILED,,,3032,1,10,0.999
FAILED,,,3318,1,6,0.001
FAILED,,,2961,1,10,0.999
FAILED,,,3257,1,7,0.999
FAILED,,,3279,1,7,0.001
FAILED,,,3063,1,10,0.999
FAILED,,,2764,1,10,0.999
FAILED,,,3154,1,10,0.999
FAILED,,,2813,1,10,0.999
FAILED,,,3319,1,7,0.001
FAILED,,,2937,1,10,0.999
COMPLETED,0.1499999999999999,1347.0,3064,2588,10,0.999
FAILED,,,3060,1,10,0.001
FAILED,,,2992,1,10,0.999
FAILED,,,3296,1,8,0.001
FAILED,,,3302,1,7,0.001
FAILED,,,2977,1,10,0.999
FAILED,,,3305,1,7,0.001
FAILED,,,3017,1,10,0.999
FAILED,,,3321,1,7,0.999
FAILED,,,2898,1,10,0.999
FAILED,,,2990,1,10,0.999
FAILED,,,3009,1,10,0.999
ABANDONED,,,3293,1701,10,0.001
FAILED,,,3290,1,8,0.001
ABANDONED,,,3618,519,4,0.001
FAILED,,,3005,1,10,0.999
FAILED,,,3297,1,7,0.001
FAILED,,,2965,1,10,0.999
FAILED,,,3317,1,8,0.001
FAILED,,,3028,1,10,0.999
FAILED,,,3313,1,8,0.001
FAILED,,,2825,1,10,0.001
FAILED,,,3266,2223,1,0.001
FAILED,,,3072,1,10,0.999
FAILED,,,2024,1,10,0.999
FAILED,,,3258,1,8,0.999
COMPLETED,0.4199999999999999,981.0,560,205,2,0.991682262509445
FAILED,,,3287,1,7,0.001
FAILED,,,3014,1,10,0.999
FAILED,,,3269,1,7,0.999
FAILED,,,2913,1,10,0.999
FAILED,,,3306,1,6,0.001
FAILED,,,2976,1,10,0.999
FAILED,,,3304,1,7,0.001
FAILED,,,3042,1,10,0.999
FAILED,,,2754,1,10,0.999
FAILED,,,2027,1,10,0.999
FAILED,,,3088,1,10,0.999
FAILED,,,3284,1,8,0.001
FAILED,,,3040,1,10,0.999
FAILED,,,3289,1,7,0.001
FAILED,,,2995,1,10,0.999
FAILED,,,2928,1,10,0.001
FAILED,,,3016,1,10,0.999
FAILED,,,3329,1,7,0.001
FAILED,,,3003,1,10,0.999
FAILED,,,2748,1,10,0.999
FAILED,,,3140,1,10,0.999
FAILED,,,2954,1,10,0.999
FAILED,,,3278,1,7,0.001
FAILED,,,3054,1,10,0.999
FAILED,,,3298,1,6,0.999
FAILED,,,2979,1,10,0.999
FAILED,,,3310,1,7,0.001
FAILED,,,2988,1,10,0.999
FAILED,,,2832,1,10,0.001
FAILED,,,3325,1,7,0.001
COMPLETED,0.13,1185.0,597,2302,10,0.999
FAILED,,,3030,1,10,0.999
FAILED,,,3075,1,10,0.001
FAILED,,,3114,1,10,0.999
FAILED,,,3256,1,7,0.001
FAILED,,,3305,1,8,0.001
FAILED,,,2991,1,10,0.999
FAILED,,,3288,1,6,0.001
FAILED,,,3253,1,7,0.999
FAILED,,,2901,1,10,0.999
FAILED,,,3056,1,10,0.999
FAILED,,,3286,1,5,0.999
FAILED,,,2907,1,10,0.999
FAILED,,,3277,1,8,0.001
FAILED,,,2910,1,10,0.999
FAILED,,,3229,1,9,0.999
FAILED,,,2847,1,10,0.999
FAILED,,,2897,1,10,0.999
FAILED,,,3331,1,8,0.001
FAILED,,,3059,1,10,0.999
FAILED,,,3319,1,8,0.001
FAILED,,,3305,1,6,0.001
FAILED,,,3058,1,10,0.999
FAILED,,,3055,1,10,0.999
FAILED,,,2802,1,10,0.999
FAILED,,,3208,1,8,0.999
FAILED,,,2854,1,10,0.999
FAILED,,,3189,1,9,0.999
FAILED,,,2903,1,10,0.999
FAILED,,,3249,1,8,0.999
FAILED,,,2895,1,10,0.999
FAILED,,,2922,1,10,0.999
FAILED,,,2870,1,10,0.999
FAILED,,,3020,1,10,0.999
FAILED,,,2038,1,10,0.999
FAILED,,,3260,1,10,0.001
FAILED,,,3096,1,10,0.999
FAILED,,,2786,1,10,0.999
FAILED,,,3139,1,10,0.999
FAILED,,,3308,1,8,0.001
COMPLETED,0.34,771.0,3666,940,6,0.999
FAILED,,,2999,1,10,0.999
FAILED,,,2917,1,10,0.999
FAILED,,,3243,1,8,0.999
FAILED,,,3169,1,10,0.999
FAILED,,,2826,1,10,0.999
FAILED,,,2824,1,10,0.999
FAILED,,,3281,1,7,0.001
FAILED,,,2981,1,10,0.001
FAILED,,,3115,1,10,0.999
FAILED,,,3279,1,7,0.999
FAILED,,,2928,1,10,0.999
FAILED,,,3187,1,10,0.999
FAILED,,,3277,1,6,0.001
FAILED,,,2799,1,10,0.999
FAILED,,,3209,1,8,0.999
FAILED,,,3155,1,10,0.001
FAILED,,,3022,1,10,0.999
FAILED,,,3004,1,10,0.999
FAILED,,,3302,1,8,0.001
FAILED,,,3049,1,10,0.999
FAILED,,,2770,1,10,0.999
FAILED,,,2807,1,10,0.999
FAILED,,,2896,1,10,0.999
FAILED,,,2994,1,10,0.999
FAILED,,,3252,1,7,0.999
FAILED,,,2887,1,10,0.999
FAILED,,,3171,1,10,0.999
FAILED,,,2835,1,10,0.999
FAILED,,,3155,1,10,0.999
FAILED,,,2844,1,10,0.999
FAILED,,,2938,1,10,0.999
ABANDONED,,,3304,1,6,0.001
FAILED,,,2791,1,10,0.999
FAILED,,,3195,1,8,0.999
FAILED,,,696,1073,1,0.001
FAILED,,,2993,1,10,0.999
FAILED,,,2739,1,10,0.999
FAILED,,,2924,1,10,0.999
FAILED,,,3177,1,10,0.999
ABANDONED,,,3664,1047,10,0.001
FAILED,,,2719,1,10,0.001
FAILED,,,3007,1,10,0.999
FAILED,,,4765,2841,1,0.001
FAILED,,,2899,1,10,0.001
FAILED,,,3006,1,10,0.999
FAILED,,,3011,1,10,0.999
FAILED,,,2870,1,10,0.001
FAILED,,,3208,1,10,0.001
FAILED,,,3093,1,10,0.999
FAILED,,,603,1,10,0.001
FAILED,,,2769,1,10,0.999
COMPLETED,0.35,601.0,2620,460,10,0.999
FAILED,,,3002,1,10,0.999
FAILED,,,3100,1,10,0.999
COMPLETED,0.34,786.0,2934,623,1,0.999
FAILED,,,3153,1,10,0.999
COMPLETED,0.34,722.0,2912,560,10,0.999
FAILED,,,3109,1,10,0.999
FAILED,,,3287,1,5,0.999
FAILED,,,3171,1,7,0.999
FAILED,,,2846,1,10,0.999
COMPLETED,0.26,1228.0,2632,811,10,0.999
FAILED,,,3181,1,7,0.999
FAILED,,,3209,1,6,0.999
FAILED,,,2861,1,10,0.999
FAILED,,,3222,1,6,0.999
FAILED,,,2835,1,10,0.001
FAILED,,,3194,1,7,0.999
FAILED,,,2902,1,10,0.999
FAILED,,,3242,1,5,0.999
FAILED,,,2875,1,10,0.999
FAILED,,,3214,1,6,0.999
FAILED,,,3044,1,5,0.001
FAILED,,,3200,1,5,0.999
FAILED,,,3201,1,6,0.999
FAILED,,,2923,1,10,0.999
FAILED,,,3226,1,5,0.999
ABANDONED,,,659,1090,1,0.001
FAILED,,,3193,1,5,0.999
FAILED,,,2955,1,9,0.001
FAILED,,,3174,1,6,0.999
FAILED,,,3197,1,6,0.999
FAILED,,,3212,1,10,0.001
FAILED,,,3195,1,6,0.999
FAILED,,,3030,1,10,0.001
FAILED,,,3196,1,6,0.999
FAILED,,,2867,1,10,0.999
FAILED,,,2883,1,10,0.999
FAILED,,,3227,1,5,0.999
FAILED,,,3215,1,7,0.999
FAILED,,,2971,1,10,0.001
FAILED,,,3239,1,6,0.999
FAILED,,,3355,1,10,0.001
FAILED,,,3151,1,5,0.999
FAILED,,,2919,561,1,0.001
FAILED,,,3212,1,5,0.999
FAILED,,,2849,1,10,0.999
FAILED,,,3225,1,6,0.999
FAILED,,,3214,1,5,0.999
FAILED,,,3177,1,6,0.999
FAILED,,,3237,1,10,0.6172510149560485
FAILED,,,3189,1,5,0.999
FAILED,,,2834,1,10,0.999
FAILED,,,3225,1,5,0.999
FAILED,,,2892,1,10,0.999
FAILED,,,3238,1,6,0.999
FAILED,,,2926,1,10,0.999
FAILED,,,2871,1,10,0.999
FAILED,,,3043,1,4,0.001
FAILED,,,3223,1,6,0.999
FAILED,,,2856,1,10,0.999
FAILED,,,3198,1,6,0.999
FAILED,,,2881,1,10,0.999
FAILED,,,2897,1,10,0.001
FAILED,,,3224,1,6,0.999
COMPLETED,0.27,914.0,1755,1535,10,0.999
FAILED,,,3243,1,5,0.999
FAILED,,,2889,1,10,0.999
FAILED,,,3230,1,6,0.999
FAILED,,,3205,1,7,0.999
FAILED,,,2865,1,10,0.999
FAILED,,,2726,1,10,0.001
FAILED,,,3191,1,6,0.999
FAILED,,,2899,1,10,0.999
FAILED,,,3237,1,6,0.999
FAILED,,,2956,1,10,0.001
FAILED,,,3185,1,6,0.999
ABANDONED,,,1932,1,10,0.999
FAILED,,,3172,1,6,0.999
FAILED,,,2869,1,10,0.999
FAILED,,,3216,1,6,0.999
FAILED,,,2860,1,10,0.999
FAILED,,,2939,1,10,0.001
ABANDONED,,,5000,2808,1,0.001
FAILED,,,2878,1,10,0.999
FAILED,,,4279,5000,1,0.001
FAILED,,,3200,1,6,0.999
FAILED,,,3207,1,6,0.999
FAILED,,,2847,1,10,0.001
FAILED,,,3181,1,6,0.999
FAILED,,,2942,1,10,0.001
FAILED,,,3170,1,6,0.999
FAILED,,,3185,1,5,0.999
FAILED,,,2979,1,10,0.001
FAILED,,,3186,1,6,0.999
FAILED,,,2842,1,10,0.999
FAILED,,,3236,1,6,0.999
ABANDONED,,,4372,5000,10,0.001
FAILED,,,3112,1,3,0.001
FAILED,,,3202,1,5,0.999
FAILED,,,2936,1,10,0.001
FAILED,,,3203,1,6,0.999
FAILED,,,2939,1,10,0.999
FAILED,,,3229,1,6,0.999
FAILED,,,3167,1,7,0.999
FAILED,,,2893,1,10,0.999
FAILED,,,3215,1,6,0.999
FAILED,,,3222,1,5,0.999
FAILED,,,2880,1,10,0.999
FAILED,,,3213,1,5,0.999
FAILED,,,2873,1,10,0.999
FAILED,,,2937,1,10,0.001
ABANDONED,,,3752,1770,1,0.001
FAILED,,,3188,1,6,0.999
FAILED,,,3180,1,6,0.999
FAILED,,,2845,1,10,0.999
FAILED,,,2908,1,10,0.999
COMPLETED,0.3,565.0,4033,1365,3,0.999
FAILED,,,3187,1,6,0.999
FAILED,,,2931,1,10,0.001
COMPLETED,0.2399999999999999,575.0,654,982,1,0.5240280477789668
FAILED,,,3182,1,5,0.999
FAILED,,,2961,1,10,0.001
FAILED,,,3208,1,6,0.999
FAILED,,,3232,1,5,0.999
FAILED,,,3000,1,10,0.001
FAILED,,,3165,1,6,0.999
FAILED,,,3061,1,10,0.001
FAILED,,,3179,1,7,0.999
FAILED,,,2977,1,10,0.001
FAILED,,,3206,1,6,0.999
FAILED,,,2991,1,10,0.001
FAILED,,,3204,1,6,0.999
FAILED,,,2886,1,10,0.999
FAILED,,,3211,1,6,0.999
FAILED,,,2830,1,10,0.999
FAILED,,,3250,1,5,0.999
FAILED,,,2909,1,10,0.999
FAILED,,,3125,1,2,0.001
FAILED,,,2969,1,10,0.001
FAILED,,,3197,1,5,0.999
FAILED,,,2934,1,10,0.999
FAILED,,,2834,1,10,0.3609681058490134
FAILED,,,3211,1,7,0.999
FAILED,,,2889,1,10,0.001
FAILED,,,2894,1,10,0.999
FAILED,,,3541,1,3,0.001
FAILED,,,2905,1,10,0.001
FAILED,,,2868,1,10,0.999
FAILED,,,3231,1,6,0.999
FAILED,,,2915,1,10,0.999
FAILED,,,3232,1,6,0.999
FAILED,,,2905,1,10,0.999
FAILED,,,3255,1,6,0.999
FAILED,,,2958,1,10,0.999
FAILED,,,3233,1,6,0.999
FAILED,,,2900,1,10,0.999
ABANDONED,,,4255,4842,10,0.001
FAILED,,,3193,1,6,0.999
FAILED,,,3242,1,6,0.999
ABANDONED,,,2960,566,1,0.001
FAILED,,,3219,1,6,0.999
FAILED,,,3229,1,5,0.999
FAILED,,,2996,1,10,0.999
FAILED,,,3238,1,5,0.999
FAILED,,,2898,1,10,0.001
FAILED,,,3227,1,6,0.999
FAILED,,,2940,1,10,0.999
FAILED,,,3233,1,5,0.999
FAILED,,,3220,1,6,0.999
FAILED,,,3050,1,2,0.999
FAILED,,,3233,1,7,0.999
FAILED,,,2872,1,10,0.999
FAILED,,,3202,1,6,0.999
FAILED,,,3427,1,1,0.001
FAILED,,,3234,1,5,0.999
FAILED,,,2942,1,10,0.999
FAILED,,,3217,1,6,0.999
ABANDONED,,,3792,589,2,0.001
FAILED,,,3202,1,7,0.999
FAILED,,,3372,1,10,0.999
FAILED,,,3164,1,5,0.999
FAILED,,,2965,1,10,0.001
FAILED,,,3018,1,1,0.001
FAILED,,,2994,1,9,0.001
FAILED,,,3206,1,7,0.999
FAILED,,,2852,1,10,0.001
FAILED,,,3216,1,5,0.999
COMPLETED,0.4,1583.0,3679,485,5,0.999
FAILED,,,2935,1,10,0.001
FAILED,,,3194,1,5,0.999
FAILED,,,2863,1,10,0.001
FAILED,,,3195,1,7,0.999
FAILED,,,2858,1,10,0.999
FAILED,,,3213,1,6,0.999
FAILED,,,2850,1,10,0.001
FAILED,,,3150,1,6,0.999
FAILED,,,3277,1,9,0.999
FAILED,,,2913,1,10,0.001
FAILED,,,3159,1,6,0.999
FAILED,,,2853,1,10,0.999
FAILED,,,4157,1785,1,0.001
ABANDONED,,,3540,848,6,0.001
FAILED,,,3145,1,5,0.999
FAILED,,,3180,1,5,0.999
ABANDONED,,,492,161,10,0.001
FAILED,,,2916,1,10,0.999
FAILED,,,2885,1,10,0.001
FAILED,,,3182,1,6,0.999
FAILED,,,2943,1,10,0.001
FAILED,,,3163,1,6,0.999
FAILED,,,3196,1,5,0.999
FAILED,,,2862,1,10,0.001
FAILED,,,2914,1,10,0.001
FAILED,,,3203,1,7,0.999
FAILED,,,3167,1,6,0.999
FAILED,,,3207,1,5,0.999
FAILED,,,3218,1,6,0.999
FAILED,,,2890,1,10,0.999
FAILED,,,3189,1,7,0.999
FAILED,,,2884,1,10,0.999
FAILED,,,2836,1,10,0.999
FAILED,,,3190,1,4,0.999
FAILED,,,2879,1,10,0.001
FAILED,,,3172,1,7,0.999
FAILED,,,3190,1,6,0.999
FAILED,,,3174,1,7,0.999
FAILED,,,3031,1,10,0.001
FAILED,,,2936,1,10,0.999
FAILED,,,3181,1,1,0.001
FAILED,,,3183,1,6,0.999
COMPLETED,0.38,1199.0,3352,496,5,0.382083828511653
FAILED,,,3151,1,6,0.999
FAILED,,,3148,1,1,0.001
FAILED,,,3212,1,6,0.999
FAILED,,,2866,1,10,0.999
FAILED,,,3198,1,10,0.999
FAILED,,,2867,1,10,0.001
FAILED,,,2941,1,10,0.001
FAILED,,,3161,1,10,0.999
FAILED,,,3166,1,10,0.999
FAILED,,,3138,1,10,0.999
FAILED,,,3129,1,10,0.999
FAILED,,,2865,1,10,0.001
FAILED,,,2831,1,10,0.999
FAILED,,,2912,1,10,0.001
FAILED,,,617,1,10,0.001
FAILED,,,3135,1,10,0.999
FAILED,,,3206,1,9,0.999
COMPLETED,0.2399999999999999,626.0,3282,1621,1,0.999
FAILED,,,3201,1,10,0.999
FAILED,,,3190,1,10,0.999
FAILED,,,3228,1,10,0.999
FAILED,,,3197,1,10,0.999
FAILED,,,2863,1,10,0.999
FAILED,,,3394,1,10,0.001
FAILED,,,3073,1,10,0.999
FAILED,,,2838,1,10,0.999
FAILED,,,3180,1,10,0.999
FAILED,,,2877,1,10,0.001
FAILED,,,3172,1,10,0.999
FAILED,,,2926,1,10,0.001
FAILED,,,3147,1,10,0.999
FAILED,,,3253,1,5,0.999
FAILED,,,3221,1,10,0.999
FAILED,,,2868,1,10,0.001
FAILED,,,3174,1,10,0.999
COMPLETED,0.2099999999999999,445.0,2818,1442,1,0.999
FAILED,,,3163,1,10,0.999
FAILED,,,3005,1,10,0.001
FAILED,,,3098,1,10,0.999
FAILED,,,2812,1,10,0.999
FAILED,,,3217,1,10,0.999
FAILED,,,2888,1,10,0.999
FAILED,,,3225,1,10,0.999
FAILED,,,3142,1,10,0.999
FAILED,,,3215,1,10,0.999
COMPLETED,0.2099999999999999,1372.0,4942,2452,4,0.4801346765939774
FAILED,,,3173,1,10,0.999
FAILED,,,3204,1,10,0.999
FAILED,,,3220,1,10,0.999
FAILED,,,3367,1,10,0.001
FAILED,,,3152,1,9,0.999
FAILED,,,2572,1,10,0.999
FAILED,,,2848,1,10,0.999
FAILED,,,2989,1,10,0.001
FAILED,,,2883,1,10,0.001
FAILED,,,3193,1,10,0.999
FAILED,,,3052,1,5,0.001
FAILED,,,3194,1,10,0.999
FAILED,,,2915,1,10,0.001
FAILED,,,3152,1,10,0.999
FAILED,,,3167,1,10,0.999
FAILED,,,4715,3274,4,0.001
FAILED,,,2919,1,10,0.001
FAILED,,,3230,1,10,0.999
FAILED,,,2877,1,10,0.999
FAILED,,,3210,1,10,0.999
FAILED,,,2388,1,10,0.001
FAILED,,,3103,1,10,0.999
FAILED,,,3143,1,10,0.999
FAILED,,,2930,1,10,0.001
FAILED,,,3156,1,10,0.999
FAILED,,,2887,1,10,0.001
FAILED,,,3123,1,10,0.999
FAILED,,,2975,1,10,0.001
FAILED,,,3045,1074,1,0.001
FAILED,,,3168,1,10,0.999
FAILED,,,2874,1,10,0.999
ABANDONED,,,3394,2159,1,0.001
FAILED,,,3146,1,10,0.999
FAILED,,,2997,1,10,0.001
FAILED,,,3160,1,10,0.999
FAILED,,,3016,1,10,0.001
FAILED,,,3195,1,10,0.999
FAILED,,,3144,1,10,0.999
FAILED,,,3173,1,9,0.999
FAILED,,,2821,1,10,0.001
FAILED,,,3149,1,10,0.999
FAILED,,,2916,1,10,0.001
FAILED,,,3213,1,10,0.999
FAILED,,,2987,1,3,0.999
ABANDONED,,,3597,1686,6,0.001
FAILED,,,2994,1,10,0.001
FAILED,,,3227,1,10,0.999
FAILED,,,2963,1,10,0.001
FAILED,,,2980,1,10,0.001
FAILED,,,3151,1,10,0.999
FAILED,,,3376,1,10,0.001
FAILED,,,3161,1,9,0.999
FAILED,,,3134,1,10,0.999
FAILED,,,2972,1,5,0.999
COMPLETED,0.45,3880.0,5000,299,10,0.999
FAILED,,,3340,1,9,0.999
ABANDONED,,,4024,3773,10,0.001
FAILED,,,3148,1,10,0.999
FAILED,,,3273,1,6,0.999
FAILED,,,2861,1,10,0.001
FAILED,,,3157,1,10,0.999
FAILED,,,3285,1,10,0.999
FAILED,,,2864,1,10,0.999
FAILED,,,3200,1,10,0.999
FAILED,,,3395,1,10,0.001
FAILED,,,3206,1,10,0.999
FAILED,,,3374,1,10,0.001
FAILED,,,3229,1,10,0.999
FAILED,,,2906,1,10,0.999
FAILED,,,2843,1,10,0.001
FAILED,,,2983,1,10,0.001
FAILED,,,3127,1,10,0.999
FAILED,,,3008,1,10,0.001
FAILED,,,3122,1,10,0.999
ABANDONED,,,4787,4467,1,0.001
FAILED,,,3158,1,10,0.999
FAILED,,,3210,1,9,0.999
FAILED,,,2878,1,10,0.001
FAILED,,,2846,1,10,0.001
FAILED,,,2884,1,10,0.001
ABANDONED,,,3362,2328,1,0.001
FAILED,,,3183,1,9,0.999
FAILED,,,3192,1,10,0.999
FAILED,,,3218,1,10,0.999
FAILED,,,4457,2899,10,0.001
FAILED,,,3159,1,10,0.999
FAILED,,,3126,1,10,0.999
FAILED,,,2945,1,10,0.001
FAILED,,,3176,1,10,0.999
ABANDONED,,,360,152,10,0.001
FAILED,,,2985,1,10,0.001
FAILED,,,3185,1,10,0.999
FAILED,,,3219,1,10,0.999
FAILED,,,2990,1,10,0.001
FAILED,,,3186,1,10,0.999
FAILED,,,3207,1,10,0.999
FAILED,,,2907,1,10,0.001
FAILED,,,3220,1,9,0.999
FAILED,,,3226,1,10,0.999
FAILED,,,3011,1,10,0.001
FAILED,,,3170,1,10,0.999
FAILED,,,3383,1,10,0.001
FAILED,,,2934,1,10,0.001
FAILED,,,2964,1,10,0.001
FAILED,,,3368,1,10,0.001
FAILED,,,3158,1,8,0.999
FAILED,,,2077,1,10,0.999
FAILED,,,3191,1,10,0.999
FAILED,,,3214,1,10,0.999
FAILED,,,3175,1,10,0.999
FAILED,,,3265,1,5,0.999
FAILED,,,3039,1,10,0.999
FAILED,,,2910,1,10,0.001
FAILED,,,2927,1,10,0.001
FAILED,,,2857,1,10,0.999
FAILED,,,3211,1,10,0.999
FAILED,,,2795,1,10,0.3777326351559758
FAILED,,,2851,1,10,0.999
FAILED,,,3141,1,9,0.999
FAILED,,,2904,1,10,0.999
FAILED,,,3150,1,9,0.999
FAILED,,,2862,1,10,0.999
FAILED,,,2911,1,10,0.001
FAILED,,,3179,1,10,0.999
FAILED,,,2988,1,10,0.001
COMPLETED,0.19,1903.0,4208,3329,10,0.999
FAILED,,,3145,1,10,0.999
FAILED,,,3143,1,9,0.999
FAILED,,,2893,1,10,0.001
FAILED,,,2891,1,10,0.999
FAILED,,,3364,1,10,0.001
FAILED,,,3349,1,10,0.001
FAILED,,,2885,1,10,0.999
ABANDONED,,,4867,5000,10,0.001
FAILED,,,3130,1,10,0.999
FAILED,,,3222,1,10,0.999
FAILED,,,2957,1,10,0.001
FAILED,,,3130,1,9,0.999
FAILED,,,2966,1,10,0.001
FAILED,,,3400,1,10,0.001
FAILED,,,3131,1,10,0.999
FAILED,,,3124,1,10,0.999
FAILED,,,3184,1,10,0.999
FAILED,,,3150,1,10,0.999
FAILED,,,2903,1,10,0.001
FAILED,,,3189,1,10,0.999
FAILED,,,3196,1,10,0.999
FAILED,,,3361,1,10,0.001
FAILED,,,3012,1,10,0.001
FAILED,,,3203,1,10,0.999
FAILED,,,2933,1,10,0.001
COMPLETED,0.1499999999999999,1771.0,3622,3652,10,0.999
FAILED,,,2997,1,9,0.001
FAILED,,,3182,1,9,0.999
FAILED,,,2920,1,10,0.2576016620243326
FAILED,,,3138,1,1,0.001
FAILED,,,2921,1,10,0.001
FAILED,,,3205,1,10,0.999
FAILED,,,2879,1,10,0.999
FAILED,,,3211,1,9,0.999
FAILED,,,3216,1,10,0.999
FAILED,,,3208,1,10,0.999
FAILED,,,3381,1,10,0.001
FAILED,,,3158,1,9,0.999
FAILED,,,2978,1,10,0.001
FAILED,,,3209,1,10,0.999
FAILED,,,3223,1,10,0.999
FAILED,,,2925,1,10,0.001
FAILED,,,3183,1,10,0.999
FAILED,,,3017,1,3,0.999
FAILED,,,3199,1,10,0.999
FAILED,,,2958,1,10,0.001
FAILED,,,3016,1,6,0.999
FAILED,,,3007,1,10,0.001
FAILED,,,3224,1,10,0.999
FAILED,,,794,857,5,0.001
FAILED,,,3181,1,10,0.999
FAILED,,,3202,1,10,0.999
FAILED,,,2079,1,10,0.999
FAILED,,,2851,1,10,0.001
FAILED,,,2836,1,10,0.001
FAILED,,,3108,1,10,0.999
FAILED,,,3131,1,9,0.999
FAILED,,,3136,1,10,0.999
FAILED,,,3028,1,10,0.001
FAILED,,,3137,1,10,0.999
FAILED,,,2976,1,10,0.001
FAILED,,,3035,1,1,0.001
ABANDONED,,,3148,1618,1,0.001
FAILED,,,2822,1,10,0.999
FAILED,,,2948,1,10,0.001
FAILED,,,3112,1,1,0.001
FAILED,,,2854,1,10,0.0872097379887188
FAILED,,,3175,1,9,0.999
FAILED,,,3214,1,9,0.999
FAILED,,,2950,1,10,0.999
FAILED,,,3238,1,9,0.999
FAILED,,,2953,1,10,0.001
FAILED,,,2955,1,6,0.999
FAILED,,,2805,1,10,0.999
FAILED,,,3188,1,10,0.999
FAILED,,,3058,1,3,0.001
FAILED,,,3108,1,3,0.999
FAILED,,,3245,1,10,0.999
FAILED,,,3117,1,9,0.999
FAILED,,,3226,1,4,0.999
ABANDONED,,,4529,2984,10,0.001
FAILED,,,3133,1,10,0.999
FAILED,,,2970,1,10,0.001
FAILED,,,3065,1,10,0.001
ABANDONED,,,4428,943,5,0.001
FAILED,,,3105,1,10,0.999
FAILED,,,2852,1,10,0.999
FAILED,,,3398,1,10,0.001
FAILED,,,3095,1,10,0.999
FAILED,,,2839,1,10,0.999
FAILED,,,2985,1,1,0.001
FAILED,,,2806,1,10,0.4243444123957039
FAILED,,,3239,1,10,0.999
FAILED,,,3431,1,10,0.001
ABANDONED,,,4744,1021,3,0.001
FAILED,,,3389,1,10,0.001
FAILED,,,3142,1,9,0.999
FAILED,,,2972,1,10,0.001
FAILED,,,2955,1,10,0.001
COMPLETED,0.34,680.0,603,432,1,0.999
FAILED,,,3141,1,10,0.999
FAILED,,,2806,1,10,0.999
FAILED,,,3182,1,10,0.999
FAILED,,,2998,1,5,0.999
FAILED,,,3212,1,10,0.999
FAILED,,,2909,1,10,0.001
FAILED,,,612,1,10,0.001
FAILED,,,2888,1,10,0.5151621905208286
FAILED,,,2840,1,10,0.999
FAILED,,,2876,1,10,0.999
FAILED,,,2952,1,10,0.001
FAILED,,,3160,1,9,0.999
FAILED,,,3380,1,10,0.001
FAILED,,,2855,1,10,0.001
COMPLETED,0.14,2192.0,1718,4645,10,0.999
FAILED,,,3106,1,10,0.999
FAILED,,,2850,1,10,0.999
FAILED,,,3042,1,2,0.001
ABANDONED,,,1677,1310,10,0.001
FAILED,,,4650,3862,1,0.001
FAILED,,,3392,1,10,0.001
FAILED,,,2855,1,10,0.999
FAILED,,,2869,1,10,0.001
FAILED,,,2940,1,10,0.001
FAILED,,,3235,1,10,0.999
ABANDONED,,,764,838,5,0.001
FAILED,,,3023,1,10,0.999
FAILED,,,3072,1,1,0.001
FAILED,,,3120,1,10,0.999
FAILED,,,3260,1,5,0.999
FAILED,,,2787,1,10,0.999
FAILED,,,3041,1,5,0.999
FAILED,,,3237,1,10,0.999
FAILED,,,3428,1,10,0.001
FAILED,,,3064,1,10,0.999
FAILED,,,2840,1,10,0.001
FAILED,,,2818,1,10,0.999
FAILED,,,605,1,10,0.001
FAILED,,,2984,1,10,0.001
FAILED,,,3217,1,9,0.999
FAILED,,,3502,4840,1,0.001
FAILED,,,3260,1,10,0.999
FAILED,,,3089,1,10,0.999
FAILED,,,2949,1,10,0.001
ABANDONED,,,3545,5000,1,0.001
FAILED,,,4960,1,10,0.999
FAILED,,,2816,1,10,0.999
FAILED,,,3242,1,10,0.999
FAILED,,,2070,1,10,0.999
FAILED,,,2924,1,10,0.001
FAILED,,,3234,1,10,0.999
FAILED,,,2845,1,10,0.0573321824524305
FAILED,,,3194,1,9,0.999
FAILED,,,2932,1,10,0.001
FAILED,,,2943,1,10,0.0863829011795039
FAILED,,,3042,1,10,0.001
FAILED,,,3372,1,10,0.001
FAILED,,,3102,1,10,0.999
FAILED,,,3004,1,10,0.001
FAILED,,,609,1,10,0.001
FAILED,,,3110,1,10,0.999
FAILED,,,2995,1,10,0.001
ABANDONED,,,3762,1974,1,0.001
FAILED,,,3238,1,10,0.999
ABANDONED,,,2786,1533,1,0.001
FAILED,,,3322,1,10,0.999
FAILED,,,2956,1,10,0.999
ABANDONED,,,1590,1908,1,0.001
FAILED,,,3163,1,10,0.001
FAILED,,,2992,1,10,0.001
FAILED,,,3075,1,4,0.999
FAILED,,,3067,1,10,0.001
FAILED,,,2914,1,10,0.999
FAILED,,,2895,1,10,0.001
FAILED,,,2720,1,10,0.999
FAILED,,,2900,1,10,0.001
FAILED,,,2920,1,10,0.999
FAILED,,,3301,1,10,0.999
FAILED,,,2947,1,10,0.001
FAILED,,,2974,1,10,0.001
FAILED,,,2888,1,10,0.001
FAILED,,,3185,1,9,0.999
FAILED,,,2975,1,8,0.001
FAILED,,,2834,1,10,0.0234404880960153
COMPLETED,0.26,811.0,2370,557,10,0.999
FAILED,,,2938,1,10,0.001
FAILED,,,2904,1,10,0.001
FAILED,,,3053,1,10,0.001
FAILED,,,2929,1,10,0.001
FAILED,,,2973,1,10,0.001
FAILED,,,2944,1,10,0.001
FAILED,,,3002,1,10,0.001
FAILED,,,3020,1,6,0.999
ABANDONED,,,3223,1455,1,0.001
FAILED,,,2719,1,10,0.999
FAILED,,,3393,1,10,0.001
FAILED,,,3190,1,9,0.999
FAILED,,,3243,1,10,0.999
FAILED,,,3227,1,9,0.999
FAILED,,,2999,1,3,0.999
FAILED,,,3247,1,10,0.999
FAILED,,,2823,1,10,0.3752130911855063
FAILED,,,3232,1,10,0.999
FAILED,,,3046,1,10,0.001
FAILED,,,2872,1,10,0.001
FAILED,,,3231,1,10,0.999
FAILED,,,4256,1695,10,0.001
FAILED,,,3116,1,10,0.999
FAILED,,,3156,1,8,0.999
FAILED,,,3387,1,10,0.001
FAILED,,,3061,1,1,0.001
FAILED,,,3226,1,9,0.999
FAILED,,,2967,1,10,0.001
FAILED,,,3128,1,10,0.999
FAILED,,,2954,1,10,0.001
FAILED,,,3111,1,10,0.999
FAILED,,,2829,1,10,0.999
FAILED,,,3378,1,10,0.001
FAILED,,,2881,1,10,0.001
FAILED,,,2886,1,10,0.001
FAILED,,,3327,1,10,0.999
FAILED,,,2948,1,10,0.999
FAILED,,,3232,1,9,0.999
FAILED,,,3082,1,10,0.999
FAILED,,,3001,1,5,0.999
FAILED,,,2986,1,10,0.001
FAILED,,,2788,1,10,0.001
FAILED,,,3316,1,8,0.999
FAILED,,,2892,1,10,0.001
FAILED,,,3195,1,9,0.999
FAILED,,,3033,1,10,0.001
FAILED,,,2880,1,10,0.001
FAILED,,,3224,1,9,0.999
FAILED,,,2898,1,10,0.0686771820297468
FAILED,,,3373,1,10,0.001
FAILED,,,4917,1,10,0.999
FAILED,,,3359,1,10,0.001
FAILED,,,2923,1,10,0.001
FAILED,,,2959,1,10,0.001
COMPLETED,0.2,1373.0,4185,2925,10,0.999
FAILED,,,3249,1,10,0.999
FAILED,,,3083,1,10,0.999
FAILED,,,3209,1,3,0.999
FAILED,,,3923,2437,1,0.001
FAILED,,,3244,1,10,0.999
FAILED,,,3120,1,4,0.999
FAILED,,,3360,1,10,0.001
ABANDONED,,,4441,1433,10,0.001
FAILED,,,3018,1,10,0.001
FAILED,,,3311,1,1,0.999
FAILED,,,3029,1,10,0.001
FAILED,,,3233,1,10,0.999
FAILED,,,2849,1,10,0.001
FAILED,,,3114,1,5,0.999
FAILED,,,2516,1,10,0.999
FAILED,,,3026,1,10,0.001
FAILED,,,3885,1333,10,0.001
FAILED,,,1184,2012,1,0.001
FAILED,,,2085,1,10,0.999
FAILED,,,3350,1,10,0.001
FAILED,,,2982,1,10,0.001
FAILED,,,2946,1,10,0.001
COMPLETED,0.14,2375.0,3664,5000,10,0.8279500904043491
FAILED,,,2813,1,10,0.001
COMPLETED,0.3599999999999999,814.0,1748,761,10,0.999
FAILED,,,3201,1,9,0.999
FAILED,,,2983,1,2,0.001
FAILED,,,3150,1,3,0.999
FAILED,,,3071,1,4,0.999
FAILED,,,2917,1,10,0.001
FAILED,,,3264,1,10,0.001
FAILED,,,2993,1,10,0.001
FAILED,,,3083,1,10,0.001
ABANDONED,,,1472,2014,10,0.001
ABANDONED,,,2802,490,10,0.001
FAILED,,,3246,1,10,0.999
FAILED,,,3142,1,4,0.999
FAILED,,,3371,1,10,0.001
FAILED,,,2908,1,10,0.001
FAILED,,,613,1,10,0.001
FAILED,,,3046,1,1,0.001
FAILED,,,3019,1,1,0.001
FAILED,,,3216,1,9,0.999
COMPLETED,0.1199999999999999,1379.0,2889,3426,10,0.999
FAILED,,,3051,1,1,0.001
FAILED,,,3048,1,10,0.999
FAILED,,,3399,1,10,0.001
FAILED,,,3021,1,10,0.001
FAILED,,,3188,1,4,0.999
FAILED,,,3147,1,2,0.999
FAILED,,,2857,1,10,0.001
FAILED,,,2811,58,10,0.001
FAILED,,,3113,1,5,0.999
FAILED,,,2901,1,10,0.001
FAILED,,,3204,1,9,0.999
FAILED,,,3105,1,1,0.999
FAILED,,,3259,1,4,0.999
FAILED,,,3097,1,3,0.999
FAILED,,,3138,1,6,0.999
FAILED,,,3033,1,1,0.001
FAILED,,,2896,1,10,0.001
FAILED,,,1579,1730,3,0.001
FAILED,,,3337,1941,1,0.001
FAILED,,,1735,1,10,0.001
FAILED,,,3386,1,10,0.001
FAILED,,,3382,1,10,0.001
COMPLETED,0.4199999999999999,1767.0,4574,441,6,0.1802733537852764
COMPLETED,0.0599999999999999,756.0,2282,2894,2,0.6988243249785155
COMPLETED,0.22,662.0,791,1304,9,0.4935787284839898
COMPLETED,0.1499999999999999,628.0,3565,3752,3,0.8767846279330551
COMPLETED,0.17,606.0,2795,1905,1,0.806098699318245
COMPLETED,0.05,3114.0,350,4450,7,0.3147107038088142
COMPLETED,0.3099999999999999,727.0,1510,1041,5,0.6135818325579167
ABANDONED,,,4136,3592,9,0.0160870502721518
COMPLETED,0.25,1369.0,3805,1861,5,0.3008305144999176
COMPLETED,0.14,2208.0,1802,4335,9,0.8199948902092873
COMPLETED,0.05,718.0,13,224,1,0.1230565180703997
COMPLETED,0.1499999999999999,1488.0,3095,2693,8,0.5066245592739433
COMPLETED,0.33,734.0,3281,796,10,0.6854476780220866
COMPLETED,0.13,2076.0,1114,3323,4,0.1936984813716262
COMPLETED,0.22,850.0,1986,2432,6,0.9842576418016104
COMPLETED,0.14,1839.0,4909,4965,3,0.3861503881774842
COMPLETED,0.2399999999999999,1402.0,4807,2197,9,0.5664691510889678
COMPLETED,0.0299999999999999,3950.0,2049,4744,5,0.0631464662514626
COMPLETED,0.33,717.0,1021,709,8,0.759899500362575
COMPLETED,0.1499999999999999,1303.0,3334,3261,2,0.3609780396129935
COMPLETED,0.5,2636.0,2875,147,4,0.4471894735619425
COMPLETED,0.0599999999999999,1297.0,271,2601,10,0.9231055601146072
COMPLETED,0.25,737.0,1592,1635,2,0.1328483142945915
COMPLETED,0.16,1414.0,4054,4085,6,0.7463023399673401
COMPLETED,0.33,676.0,4355,1128,2,0.9370161316096782
COMPLETED,0.1199999999999999,1829.0,1251,3654,6,0.4333236945997923
COMPLETED,0.1199999999999999,1044.0,560,2140,3,0.6393632543552666
COMPLETED,0.07,3464.0,2547,4671,10,0.239835999507457
COMPLETED,0.26,1622.0,3668,1530,7,0.0765536143649369
COMPLETED,0.0899999999999999,809.0,727,4002,1,0.5530745544023811
COMPLETED,0.28,588.0,2375,518,8,0.2535355269014835
COMPLETED,0.2,1117.0,4520,2986,5,0.8673583715688437
COMPLETED,0.2999999999999999,594.0,4449,1363,1,0.7240677632857114
COMPLETED,0.07,2891.0,2448,3895,8,0.1550764962919056
COMPLETED,0.38,704.0,663,351,5,0.9166433960795402
COMPLETED,0.19,1882.0,3733,2879,9,0.4537665337156504
COMPLETED,0.2399999999999999,600.0,2628,981,6,0.3518768637180328
COMPLETED,0.08,723.0,478,3450,3,0.7689466337393969
COMPLETED,0.2,3796.0,1345,1993,10,0.038630266206339
COMPLETED,0.16,1629.0,4261,4467,4,0.5910527183897794
COMPLETED,0.4799999999999999,4231.0,3972,236,9,0.8447164070233703
COMPLETED,0.19,1768.0,1673,2786,4,0.2760948959197849
COMPLETED,0.0599999999999999,1116.0,177,1724,6,0.5459690274987369
COMPLETED,0.1199999999999999,2573.0,2969,4270,2,0.0836979555152356
COMPLETED,0.19,1422.0,3407,2422,4,0.2313173365984111
COMPLETED,0.1,2990.0,950,4870,8,0.647782249417156
COMPLETED,0.08,599.0,2114,934,1,0.4091539061293005
COMPLETED,0.19,949.0,4742,3387,7,0.9612075430359692
COMPLETED,0.3699999999999999,1416.0,4992,689,3,0.0225834314450621
COMPLETED,0.19,1265.0,1904,3157,10,0.6070466371383518
COMPLETED,0.19,1049.0,1209,2325,2,0.3369871749673038
COMPLETED,0.11,1341.0,3187,4798,6,0.7839048236869275
COMPLETED,0.2099999999999999,739.0,3022,1657,8,0.901319880047813
COMPLETED,0.04,2072.0,84,4188,5,0.4690218534134328
ABANDONED,,,1737,20,7,0.7079521038755774
COMPLETED,0.22,926.0,3870,2546,1,0.171245242735371
COMPLETED,0.2399999999999999,1422.0,4207,2090,7,0.3932216682005673
COMPLETED,0.13,544.0,1437,4539,2,0.9770714656598865
COMPLETED,0.16,692.0,414,1226,9,0.2162985216975212
COMPLETED,0.1,1267.0,2730,3680,5,0.6628540323805064
COMPLETED,0.3699999999999999,938.0,3484,567,3,0.5307752659320831
COMPLETED,0.1199999999999999,1725.0,873,3119,7,0.0988384441565722
COMPLETED,0.08,685.0,2189,1430,4,0.8284869203735143
COMPLETED,0.16,2203.0,4668,3977,10,0.2923925268538296
COMPLETED,0.25,656.0,4632,1958,4,0.9687720967382192
COMPLETED,0.05,3060.0,2263,4505,10,0.4016124922614544
COMPLETED,0.28,580.0,927,938,3,0.669965707661584
COMPLETED,0.14,1797.0,3467,3490,6,0.2091565423049032
COMPLETED,0.3699999999999999,725.0,2659,387,9,0.1073511204142123
COMPLETED,0.0899999999999999,1401.0,448,2841,5,0.5223541117347776
COMPLETED,0.27,766.0,1452,1406,8,0.2851286803930997
COMPLETED,0.16,447.0,4156,3855,1,0.8357203958015887
COMPLETED,0.34,930.0,3864,899,7,0.5981076027397066
COMPLETED,0.1799999999999999,1944.0,1782,3425,1,0.0315528368763625
COMPLETED,0.04,1420.0,149,2379,9,0.7906204189136624
COMPLETED,0.1,3473.0,2997,4910,4,0.3301800576802343
COMPLETED,0.22,636.0,3144,1760,2,0.4778694066479802
COMPLETED,0.1199999999999999,1016.0,1212,4232,6,0.8925026309248059
COMPLETED,0.45,3390.0,1927,278,3,0.1645599925164133
COMPLETED,0.2,1688.0,4929,2746,9,0.7145458989553153
ABANDONED,,,4709,55,1,0.2692573629859835
COMPLETED,0.0599999999999999,1200.0,2186,2508,7,0.8516452240757643
COMPLETED,0.22,943.0,1002,1700,5,0.0922713998630642
COMPLETED,0.13,2372.0,3393,4148,8,0.5373649741765111
COMPLETED,0.16,1100.0,2894,2290,6,0.654832866616547
COMPLETED,0.04,2417.0,212,4836,2,0.2243579365964978
COMPLETED,0.3699999999999999,1018.0,1690,646,10,0.9524817044381052
COMPLETED,0.1799999999999999,1890.0,3917,3197,3,0.4178492026738822
COMPLETED,0.2899999999999999,972.0,4258,1465,10,0.1485740634053945
COMPLETED,0.14,1261.0,1388,3939,4,0.7306007382255048
COMPLETED,0.28,574.0,541,610,7,0.4629187973756342
COMPLETED,0.1,482.0,2605,3079,2,0.9073999152220784
COMPLETED,0.2999999999999999,760.0,3687,1191,5,0.7753578085321932
COMPLETED,0.1,3100.0,668,3718,9,0.3454962978996336
COMPLETED,0.1199999999999999,781.0,2473,2047,2,0.5819310228079557
ABANDONED,,,4383,4579,8,0.0476606776695698
COMPLETED,0.32,927.0,4468,1084,8,0.42487192771025
COMPLETED,0.07,787.0,2389,3552,4,0.9454982100464404
COMPLETED,0.16,1488.0,760,1940,7,0.2470389217287302
COMPLETED,0.14,652.0,3596,4413,1,0.6320688695590942
COMPLETED,0.17,637.0,2530,1261,4,0.5614348252564668
COMPLETED,0.08,5806.0,615,3792,10,0.068223707107827
COMPLETED,0.4099999999999999,1212.0,1325,406,2,0.8601857794839888
COMPLETED,0.2,1463.0,4320,2932,6,0.2606166043616831
COMPLETED,0.2099999999999999,1287.0,3991,2475,3,0.0543598298206925
COMPLETED,0.13,2519.0,1614,4924,6,0.5753473021443933
COMPLETED,0.17,575.0,274,831,4,0.3676023878995329
COMPLETED,0.1199999999999999,1616.0,2831,3285,10,0.7532447884790598
COMPLETED,0.4899999999999999,3525.0,3310,181,8,0.932105518752709
COMPLETED,0.1499999999999999,765.0,1087,2733,1,0.4382809774987399
COMPLETED,0.04,1176.0,2095,1826,9,0.7395258353725076
COMPLETED,0.1499999999999999,3275.0,4801,4373,5,0.1395945073422044
COMPLETED,0.27,845.0,4855,1593,7,0.8130051898136735
COMPLETED,0.05,2307.0,2002,4125,3,0.3078508164342492
COMPLETED,0.52,6814.0,1150,112,10,0.5152894959393888
COMPLETED,0.17,1652.0,3207,2639,4,0.1143003047220408
COMPLETED,0.33,615.0,3081,752,1,0.2005969385448843
COMPLETED,0.04,1928.0,64,3220,7,0.6785797703377902
COMPLETED,0.22,1142.0,1873,2232,5,0.3775160344615578
COMPLETED,0.14,1271.0,3771,4706,9,0.9928007708843796
COMPLETED,0.4099999999999999,1612.0,4071,475,5,0.6924740595538169
COMPLETED,0.17,2028.0,1535,3026,8,0.1867148438431322
COMPLETED,0.1199999999999999,496.0,356,1494,1,0.885845399275422
COMPLETED,0.0899999999999999,2472.0,2750,4040,7,0.4844874076526611
COMPLETED,0.2099999999999999,1300.0,3542,2183,10,0.3212740386277437
COMPLETED,0.0899999999999999,1100.0,853,4631,3,0.7996266411822289
ABANDONED,,,2325,1163,6,0.0068738698083907
COMPLETED,0.1799999999999999,922.0,4570,3616,2,0.62276441148296
COMPLETED,0.27,1238.0,4549,1739,10,0.11870292590186
COMPLETED,0.05,1719.0,2309,4291,3,0.503123281860724
COMPLETED,0.4299999999999999,1127.0,832,259,6,0.303480019962415
COMPLETED,0.1799999999999999,521.0,3526,2805,2,0.8252022768333555
COMPLETED,0.27,534.0,2772,917,5,0.9884308666940778
COMPLETED,0.07,2273.0,373,3367,8,0.389714013762772
COMPLETED,0.2,551.0,1557,2398,1,0.6829794767312705
COMPLETED,0.14,4353.0,4087,4853,7,0.1884278096798807
COMPLETED,0.44,2314.0,3755,328,2,0.4966541571002453
COMPLETED,0.2,1247.0,1852,2860,8,0.8814442652314901
COMPLETED,0.04,1051.0,47,1348,5,0.1745182921923696
COMPLETED,0.1199999999999999,2119.0,3059,3874,9,0.6968463431615382
COMPLETED,0.2,1290.0,3224,2017,7,0.6105649450458586
COMPLETED,0.1199999999999999,3779.0,1172,4484,2,0.0112432386297732
COMPLETED,0.0299999999999999,923.0,2019,998,10,0.8117942829113453
COMPLETED,0.1799999999999999,2009.0,4877,3470,4,0.316873796865344
COMPLETED,0.3099999999999999,796.0,4784,1250,8,0.6354936394076794
COMPLETED,0.0299999999999999,1617.0,2073,3698,1,0.2358450268357992
COMPLETED,0.19,932.0,1069,2106,9,0.9421026475466788
COMPLETED,0.1199999999999999,2710.0,3288,4559,5,0.4360959817189723
COMPLETED,0.2099999999999999,695.0,2849,1408,3,0.2572200306095183
COMPLETED,0.05,1521.0,296,3959,6,0.8714088222403079
COMPLETED,0.38,1147.0,1632,552,4,0.07165127277188
COMPLETED,0.19,2229.0,4013,3098,10,0.5502437261790037
COMPLETED,0.23,747.0,4298,2309,3,0.7644382669739425
COMPLETED,0.1199999999999999,3001.0,1308,4778,9,0.3641762498859316
COMPLETED,0.28,621.0,593,665,2,0.5641228317376225
COMPLETED,0.08,3604.0,2513,3139,6,0.0577540241554379
ABANDONED,,,3618,35,9,0.1283728327509015
COMPLETED,0.14,1050.0,778,2567,4,0.7429228255227208
COMPLETED,0.11,812.0,2411,1679,7,0.4494734447412193
COMPLETED,0.16,476.0,4485,4206,1,0.9286783694867043
COMPLETED,0.4799999999999999,5965.0,4400,202,5,0.5417362465318292
COMPLETED,0.0899999999999999,3874.0,2495,2674,9,0.0800738369598984
COMPLETED,0.1499999999999999,518.0,686,1846,1,0.8472430787794291
COMPLETED,0.14,3461.0,3710,4314,8,0.2814231011811643
COMPLETED,0.11,1431.0,2588,2457,10,0.4134499721638858
COMPLETED,0.07,611.0,519,4983,4,0.9646503574196248
COMPLETED,0.33,865.0,1371,812,7,0.2287283166702836
COMPLETED,0.19,1251.0,4236,3343,3,0.6426344114318489
COMPLETED,0.2999999999999999,782.0,3940,1319,6,0.9195959909893572
COMPLETED,0.1499999999999999,1692.0,1707,3773,2,0.4585469896513968
COMPLETED,0.25,578.0,235,463,10,0.7184335128944366
COMPLETED,0.13,1603.0,2912,2912,3,0.1529756733328103
COMPLETED,0.3099999999999999,805.0,3371,1025,1,0.0354925600569695
COMPLETED,0.11,1555.0,985,3572,7,0.5863317404538392
COMPLETED,0.0599999999999999,1381.0,2164,1880,5,0.3576952884532511
COMPLETED,0.16,2188.0,4692,4433,8,0.7709889155942947
COMPLETED,0.2399999999999999,937.0,4951,2123,2,0.2125516289211809
COMPLETED,0.14,2258.0,1944,4651,6,0.6587421295363455
COMPLETED,0.2899999999999999,677.0,1234,1104,3,0.3981872465293854
COMPLETED,0.13,1239.0,3161,3637,10,0.979966467514634
COMPLETED,0.3599999999999999,677.0,2975,533,7,0.832292354254052
COMPLETED,0.04,1135.0,132,3007,1,0.2963202553540468
COMPLETED,0.27,762.0,1761,1553,8,0.5257502096034586
COMPLETED,0.16,2627.0,3847,4021,4,0.0961285535413771
COMPLETED,0.3599999999999999,1062.0,4172,733,9,0.3414050039704888
COMPLETED,0.16,1279.0,1473,3278,5,0.787225748695433
ABANDONED,,,465,2214,8,0.0203598342649638
COMPLETED,0.0899999999999999,618.0,2681,4764,1,0.601533264869824
COMPLETED,0.26,667.0,3451,1612,4,0.7033539075963198
COMPLETED,0.11,2386.0,906,4066,10,0.167986665898934
COMPLETED,0.4099999999999999,735.0,2246,132,3,0.9037247813995928
COMPLETED,0.2099999999999999,1361.0,4610,2580,6,0.4744719406142831
COMPLETED,0.3499999999999999,934.0,4685,855,3,0.7960732982121407
COMPLETED,0.05,2029.0,2211,3303,6,0.3325877660010009
COMPLETED,0.1499999999999999,1179.0,890,2492,4,0.5948480034973472
FAILED,,,3506,4945,10,0.0269536330625414
COMPLETED,0.16,840.0,2713,1803,8,0.1590476203467696
COMPLETED,0.0599999999999999,949.0,393,4354,2,0.71232331674546
COMPLETED,0.5,5447.0,1421,166,9,0.4811875321231782
COMPLETED,0.2,923.0,4186,2712,5,0.8969176752660423
COMPLETED,0.2399999999999999,1383.0,3891,1923,8,0.6672548095118254
COMPLETED,0.14,3215.0,1754,4392,5,0.2041304635703563
COMPLETED,0.07,704.0,106,1060,7,0.9727026322074234
COMPLETED,0.1199999999999999,811.0,3039,3534,1,0.4054207182396203
COMPLETED,0.39,1001.0,3166,421,3,0.2880208975858986
COMPLETED,0.1499999999999999,1363.0,1192,2953,10,0.8406831745970994
COMPLETED,0.2999999999999999,772.0,1883,1284,2,0.1032402325402945
COMPLETED,0.17,1661.0,4975,3811,6,0.5186082190573215
COMPLETED,0.28,853.0,4765,1510,5,0.4649581681620329
COMPLETED,0.04,1245.0,2132,4062,8,0.9132154140174388
COMPLETED,0.3699999999999999,812.0,972,497,1,0.1438539889045059
COMPLETED,0.17,1418.0,3424,3044,7,0.7274639206398278
COMPLETED,0.26,624.0,2946,1147,9,0.5798293187208474
COMPLETED,0.04,3016.0,159,3597,3,0.0420255312789231
COMPLETED,0.22,1097.0,1651,2159,6,0.7801411829721182
COMPLETED,0.14,1732.0,3955,4613,2,0.3484517964422702
ABANDONED,,,4278,89,6,0.0871244504414498
COMPLETED,0.1799999999999999,1271.0,1367,2621,3,0.534776857683435
COMPLETED,0.1499999999999999,849.0,495,1577,10,0.2726972514297812
COMPLETED,0.0899999999999999,738.0,2650,4103,4,0.8559383790418505
COMPLETED,0.22,502.0,3716,2256,1,0.9578128133323044
COMPLETED,0.08,3219.0,641,4724,8,0.4203787929341197
COMPLETED,0.2399999999999999,592.0,2430,768,5,0.651207852061838
COMPLETED,0.1799999999999999,2205.0,4426,3240,9,0.220124274501577
COMPLETED,0.22,1427.0,4498,2363,7,0.3731761973705142
COMPLETED,0.0599999999999999,704.0,2358,4891,1,0.7555297746285796
COMPLETED,0.25,2074.0,705,875,8,0.0509775158427655
COMPLETED,0.17,1641.0,3650,3407,5,0.5708690359387547
COMPLETED,0.39,714.0,2569,294,2,0.7341361853741109
COMPLETED,0.1,1687.0,578,2768,6,0.1372509949598461
COMPLETED,0.23,448.0,1273,1782,3,0.9353027066197244
COMPLETED,0.1499999999999999,2684.0,4373,4250,10,0.4428187365755438
COMPLETED,0.33,923.0,4037,962,4,0.244205308843404
COMPLETED,0.16,1664.0,1570,3508,10,0.6271637284327298
COMPLETED,0.08,1155.0,254,1974,3,0.4289233933519572
COMPLETED,0.1,1390.0,2853,4525,7,0.9491837138533592
COMPLETED,0.27,740.0,3352,1383,9,0.8629570590686053
COMPLETED,0.11,2410.0,1043,3836,5,0.2657020978927612
COMPLETED,0.11,612.0,2066,371,7,0.557446659553796
COMPLETED,0.2,1615.0,4829,2819,2,0.0643568842578679
COMPLETED,0.4,1335.0,4892,587,10,0.8880076112039386
COMPLETED,0.19,1459.0,1964,3060,4,0.4901820952463895
COMPLETED,0.2399999999999999,727.0,1097,1451,6,0.6876331664156168
COMPLETED,0.13,2375.0,3259,3918,3,0.1837008599638939
ABANDONED,,,3111,2070,5,0.0048929769229143
COMPLETED,0.0299999999999999,3267.0,34,4597,9,0.6170064239501953
COMPLETED,0.3099999999999999,647.0,1819,1208,1,0.3259345793612301
COMPLETED,0.16,1535.0,3827,3739,8,0.8027029583621769
COMPLETED,0.27,568.0,4114,1715,1,0.5100217278804628
COMPLETED,0.13,2829.0,1493,4169,7,0.1118350219354033
COMPLETED,0.4899999999999999,1827.0,329,78,4,0.8165679193995892
COMPLETED,0.14,1466.0,2779,2527,8,0.3120231601987034
COMPLETED,0.3699999999999999,999.0,3587,629,6,0.3827243096493184
COMPLETED,0.11,518.0,807,3176,2,0.9954511797819287
COMPLETED,0.08,1714.0,2304,2267,9,0.1970927351918071
COMPLETED,0.14,1397.0,4590,4818,4,0.6742232671007514
COMPLETED,0.23,711.0,4606,2278,1,0.4450960788466036
COMPLETED,0.05,1270.0,2290,4806,7,0.9330729564148932
COMPLETED,0.32,614.0,813,637,5,0.1347142961900681
COMPLETED,0.17,1430.0,3583,3169,8,0.7365948355346918
ABANDONED,,,2793,65,6,0.5724001891892402
COMPLETED,0.08,1454.0,314,2539,2,0.0494634906798601
COMPLETED,0.2399999999999999,816.0,1497,1708,10,0.7541961130239069
COMPLETED,0.16,2313.0,4109,4176,3,0.3744013612587004
COMPLETED,0.2899999999999999,2599.0,3812,1200,10,0.06727238256298
COMPLETED,0.16,1958.0,1833,3746,4,0.5546358518972992
COMPLETED,0.04,1659.0,29,2059,7,0.2635637173168361
COMPLETED,0.1199999999999999,491.0,3116,4609,3,0.8650821186248213
COMPLETED,0.25,633.0,3245,1457,5,0.9503784211985769
COMPLETED,0.13,2630.0,1112,3911,9,0.4278029275480657
COMPLETED,0.39,1430.0,1960,600,2,0.6252537682112306
COMPLETED,0.2,1170.0,4898,3048,7,0.2460714840665459
COMPLETED,0.44,2494.0,4844,359,4,0.8005778988059609
COMPLETED,0.0299999999999999,2135.0,2052,2832,10,0.3280729599371552
COMPLETED,0.2399999999999999,641.0,1049,1376,3,0.6198172316066921
ABANDONED,,,3347,3844,6,0.0019774786178022
COMPLETED,0.17,978.0,2867,1987,9,0.1818346847407519
COMPLETED,0.05,1301.0,239,4513,5,0.689543126637116
COMPLETED,0.32,735.0,1574,969,8,0.4913025610502809
COMPLETED,0.1799999999999999,484.0,4031,3500,1,0.8868129038587212
COMPLETED,0.26,865.0,4358,1789,7,0.6717646169401705
COMPLETED,0.13,1605.0,1288,4243,1,0.1996294339615851
COMPLETED,0.39,801.0,572,306,8,0.99768092998676
COMPLETED,0.1,1422.0,2573,2755,4,0.3804469673782587
COMPLETED,0.34,758.0,3637,868,2,0.3107979963105171
COMPLETED,0.1,1251.0,720,3415,6,0.817901581004262
COMPLETED,0.0899999999999999,1455.0,2354,2350,4,0.1133490470983087
COMPLETED,0.14,3868.0,4503,4902,9,0.5084905746299773
COMPLETED,0.3599999999999999,1016.0,4421,780,6,0.8954336307626217
COMPLETED,0.08,1612.0,2435,3228,3,0.4827496178001165
COMPLETED,0.13,1304.0,626,2263,10,0.713578461293131
COMPLETED,0.14,3084.0,3730,4716,4,0.1577448911685496
COMPLETED,0.17,986.0,2646,1565,2,0.0247538635171949
COMPLETED,0.08,2514.0,501,4116,8,0.5971562781948596
FAILED,,,1353,82,5,0.3350763968210667
COMPLETED,0.2099999999999999,1318.0,4294,2628,9,0.7935675318688153
COMPLETED,0.23,887.0,3960,2152,5,0.5174577725939453
COMPLETED,0.13,4080.0,1647,4621,8,0.1044040074590593
COMPLETED,0.1,565.0,174,1135,1,0.8425193691607564
COMPLETED,0.1199999999999999,2262.0,2932,3609,7,0.2860800049379467
COMPLETED,0.38,971.0,3429,505,10,0.4025799299236387
COMPLETED,0.14,560.0,966,3037,3,0.9755871980860829
COMPLETED,0.0599999999999999,822.0,2146,1522,6,0.2062255424670875
COMPLETED,0.17,1202.0,4749,4049,2,0.6650854965094477
COMPLETED,0.3099999999999999,920.0,4969,1272,9,0.3503926890902221
COMPLETED,0.17,1322.0,1887,3823,5,0.7783049884084611
COMPLETED,0.39,2054.0,1177,414,7,0.0408617563601583
COMPLETED,0.1499999999999999,566.0,3180,2960,1,0.5809797651842236
COMPLETED,0.27,677.0,3035,1072,3,0.7296332336422054
COMPLETED,0.04,2773.0,111,3522,9,0.1417589100077748
COMPLETED,0.25,480.0,1739,1931,2,0.9103308481387794
COMPLETED,0.14,3219.0,3906,4385,6,0.4677989564780146
ABANDONED,,,4191,173,3,0.221427003679797
COMPLETED,0.1799999999999999,1369.0,1416,2705,6,0.6499527075141667
COMPLETED,0.1199999999999999,834.0,408,1815,4,0.4188167072571813
COMPLETED,0.0899999999999999,1549.0,2699,4342,10,0.9592968578357248
COMPLETED,0.2,1309.0,3510,2484,8,0.8584441453851759
COMPLETED,0.0899999999999999,2250.0,884,4952,1,0.2702086206097155
COMPLETED,0.14,700.0,2225,843,9,0.5324685829859227
COMPLETED,0.1799999999999999,2154.0,4670,3315,5,0.0893242199867963
ABANDONED,,,4626,120,9,0.6409833355434239
COMPLETED,0.0599999999999999,1495.0,2232,2592,5,0.2303660715389996
COMPLETED,0.22,596.0,911,1606,7,0.966103941662237
COMPLETED,0.14,786.0,3446,4073,1,0.412101078569889
COMPLETED,0.14,1251.0,2695,2225,4,0.2790258362721652
COMPLETED,0.0599999999999999,2162.0,450,4752,10,0.8495965586900711
COMPLETED,0.3499999999999999,821.0,1478,740,3,0.0827304583676159
COMPLETED,0.2,1786.0,4167,3271,7,0.5391538666654379
COMPLETED,0.27,587.0,3832,1560,2,0.7699141308870165
COMPLETED,0.1499999999999999,3055.0,1775,4014,6,0.3586920245513319
COMPLETED,0.14,616.0,127,545,3,0.588121778037399
ABANDONED,,,2979,2995,10,0.0337501145396381
COMPLETED,0.2899999999999999,975.0,3147,1097,7,0.1501800976656377
COMPLETED,0.14,513.0,1249,3644,1,0.7211205908451229
COMPLETED,0.23,1466.0,1940,2111,8,0.4605654475893825
COMPLETED,0.16,1051.0,4956,4663,5,0.9175946611389518
COMPLETED,0.26,1641.0,4707,1893,6,0.0978709990587085
COMPLETED,0.04,1857.0,2150,4421,2,0.5239601720198988
COMPLETED,0.28,795.0,990,1032,10,0.2953235192559659
COMPLETED,0.1499999999999999,749.0,3367,3565,3,0.83336713896133
COMPLETED,0.38,751.0,2926,451,1,0.9819677973650396
COMPLETED,0.05,1821.0,219,2925,7,0.3961687885913998
COMPLETED,0.28,762.0,1711,1312,4,0.6560550515856594
COMPLETED,0.17,2597.0,3934,3780,8,0.2153472045883536
COMPLETED,0.3599999999999999,1203.0,4221,805,5,0.4758208342082798
COMPLETED,0.1499999999999999,1599.0,1385,3350,9,0.9022711971569806
COMPLETED,0.11,963.0,513,2444,1,0.166348911030218
COMPLETED,0.07,2436.0,2592,4995,8,0.705004983484745
COMPLETED,0.2399999999999999,1217.0,3695,1853,10,0.6041156447362154
ABANDONED,,,701,4306,4,0.0177032128572463
COMPLETED,0.0299999999999999,4140.0,108,4828,6,0.1164324988126754
FAILED,,,4173,42,4,0.7614319706577807
COMPLETED,0.0899999999999999,2808.0,2554,3712,8,0.4309484671857207
COMPLETED,0.27,494.0,1605,1470,1,0.6904484866000711
COMPLETED,0.2,6823.0,1918,2855,4,0.5266304992437362
COMPLETED,0.22,1443.0,3493,2014,8,0.3451502794865518
COMPLETED,0.16,600.0,4484,4279,3,0.956139432264492
COMPLETED,0.2899999999999999,629.0,1044,903,9,0.1708691395632922
COMPLETED,0.1199999999999999,1500.0,888,3329,2,0.2602580512519925
COMPLETED,0.26,4659.0,4953,1863,10,0.6094516825564205
COMPLETED,0.13,8358.0,3336,4440,5,0.1933253320232033
COMPLETED,0.3,627.0,2386,439,7,0.9357542847264558
COMPLETED,0.13,1639.0,1450,4052,9,0.8500092732887715
COMPLETED,0.27,593.0,3025,1140,1,0.0296825924776494
COMPLETED,0.2099999999999999,1305.0,4014,2623,6,0.6641851481944323
COMPLETED,0.1199999999999999,1162.0,575,2256,4,0.4553844130132347
COMPLETED,0.0899999999999999,1088.0,399,2681,10,0.9780437179245056
COMPLETED,0.2099999999999999,1445.0,3839,2423,2,0.1415333979334682
COMPLETED,0.11,3043.0,2888,3753,7,0.5362194724399595
COMPLETED,0.2899999999999999,674.0,1314,1039,5,0.3434800669476389
COMPLETED,0.05,1480.0,2250,4615,1,0.3824262801818549
COMPLETED,0.38,917.0,3199,490,9,0.7466456629466265
COMPLETED,0.19,2281.0,4777,3226,4,0.0712106437031179
COMPLETED,0.19,867.0,713,1566,6,0.7984915354549885
COMPLETED,0.1199999999999999,1134.0,1181,4151,3,0.6462403804231434
COMPLETED,0.38,1338.0,4620,651,7,0.480760517783463
COMPLETED,0.1799999999999999,468.0,3669,3074,2,0.8365830916948616
COMPLETED,0.04,3593.0,2094,2040,8,0.0351901323851197
COMPLETED,0.17,2193.0,1780,3467,8,0.245807036915794
COMPLETED,0.2099999999999999,712.0,2730,1335,5,0.8755974715203046
COMPLETED,0.14,4231.0,4309,4851,10,0.3016427016817033
COMPLETED,0.32,766.0,244,263,3,0.5762294451277703
COMPLETED,0.04,1872.0,164,3629,5,0.7877337617501616
COMPLETED,0.28,1220.0,4233,1504,7,0.0920818932075053
COMPLETED,0.0899999999999999,844.0,2811,4705,2,0.7265206210520118
COMPLETED,0.52,11726.0,1856,115,10,0.3929251509644091
COMPLETED,0.04,3649.0,2170,4312,6,0.3227173114418983
COMPLETED,0.35,818.0,3750,820,4,0.5471162115577608
COMPLETED,0.2,1811.0,4545,2928,9,0.1309260331522673
COMPLETED,0.2099999999999999,462.0,1100,1892,1,0.9980297944061458
COMPLETED,0.08,2442.0,632,4464,9,0.5889688868876546
COMPLETED,0.4299999999999999,2894.0,4702,346,1,0.2826920286901294
COMPLETED,0.14,1019.0,3280,3392,6,0.8938629094734787
COMPLETED,0.11,786.0,2326,1731,3,0.2332655255068093
COMPLETED,0.19,1755.0,1390,2530,3,0.0540361184459179
COMPLETED,0.16,1269.0,2969,2280,10,0.823708491589874
COMPLETED,0.1499999999999999,2112.0,3763,3919,4,0.4934067161232232
COMPLETED,0.14,678.0,318,1203,8,0.6281101008150726
COMPLETED,0.07,2462.0,494,3903,2,0.1834544322527945
COMPLETED,0.34,808.0,3939,994,8,0.9380700583066792
COMPLETED,0.1499999999999999,1448.0,3106,2792,3,0.3639353450257331
COMPLETED,0.19,1315.0,1526,2418,6,0.5138168196603656
COMPLETED,0.08,1781.0,2463,3181,10,0.7086530040316283
COMPLETED,0.2399999999999999,684.0,3417,1717,3,0.418467876298353
COMPLETED,0.1499999999999999,1426.0,4877,4609,7,0.7741105067674071
COMPLETED,0.33,586.0,808,601,5,0.0975427351891994
COMPLETED,0.13,2176.0,963,3019,7,0.4447161277104169
COMPLETED,0.2399999999999999,1961.0,4408,2181,5,0.6842321451976894
FAILED,,,3574,4135,10,0.0088589313216507
COMPLETED,0.3699999999999999,929.0,1994,753,2,0.8609669180568307
COMPLETED,0.14,579.0,1680,4992,4,0.915568337181583
COMPLETED,0.4299999999999999,1035.0,2635,208,6,0.2038851084560155
COMPLETED,0.1799999999999999,655.0,4097,3569,1,0.5986329883299768
COMPLETED,0.0299999999999999,1168.0,27,1319,9,0.2811902212779969
COMPLETED,0.0299999999999999,1107.0,41,2945,1,0.6768650915063917
COMPLETED,0.25,1442.0,4121,1953,9,0.4524562145676463
COMPLETED,0.08,1004.0,2611,4374,4,0.8685845281202345
FAILED,,,1666,837,6,0.0013708210512995
COMPLETED,0.13,2257.0,1980,4762,10,0.2118605382852256
COMPLETED,0.51,7435.0,3550,136,2,0.9074634075593204
COMPLETED,0.17,1809.0,4432,3651,7,0.2729628148619085
COMPLETED,0.22,623.0,977,1560,5,0.6064873615801333
COMPLETED,0.1,937.0,823,3975,8,0.945437309043482
COMPLETED,0.3099999999999999,800.0,4902,1225,5,0.175714029379189
COMPLETED,0.1799999999999999,1484.0,3392,2552,9,0.5061994958706199
COMPLETED,0.1,1092.0,2447,2336,3,0.3714232879932969
COMPLETED,0.1499999999999999,2437.0,1511,3409,4,0.410492643514648
COMPLETED,0.2,704.0,3081,1792,6,0.7167576176375151
COMPLETED,0.1499999999999999,2148.0,3964,4525,1,0.105770427878946
COMPLETED,0.35,790.0,509,364,8,0.7662559662144631
COMPLETED,0.0599999999999999,3166.0,373,4548,5,0.2909117912277579
COMPLETED,0.38,1385.0,3827,584,8,0.5811069292444736
COMPLETED,0.13,1722.0,2905,3163,2,0.2252825112845748
COMPLETED,0.2399999999999999,854.0,1335,1656,10,0.9019601952172815
COMPLETED,0.07,1374.0,2271,2770,7,0.8160984659194946
COMPLETED,0.1799999999999999,1523.0,3216,2362,3,0.061531872594729
COMPLETED,0.17,2239.0,4766,3847,8,0.6354847983848304
COMPLETED,0.25,632.0,686,972,1,0.4856742136590183
COMPLETED,0.13,4206.0,1153,3547,9,0.0838617849107831
COMPLETED,0.3099999999999999,896.0,4608,1263,1,0.7955959461815654
COMPLETED,0.14,5059.0,3687,4936,6,0.400908027626574
COMPLETED,0.28,468.0,2117,186,4,0.7184235918391496
COMPLETED,0.1499999999999999,1094.0,1803,4074,2,0.5547258914690464
COMPLETED,0.2899999999999999,583.0,2748,735,10,0.31522178408131
COMPLETED,0.2,675.0,4296,3002,5,0.9906549592763184
COMPLETED,0.0599999999999999,1804.0,217,2120,7,0.1386587921474128
COMPLETED,0.05,2313.0,297,4223,9,0.4729062188901007
COMPLETED,0.3599999999999999,775.0,4372,881,3,0.6544678314533084
COMPLETED,0.1,5968.0,2667,2833,8,0.0432949876505881
COMPLETED,0.2399999999999999,604.0,1727,1958,4,0.828607617251575
COMPLETED,0.0299999999999999,808.0,2041,3695,1,0.88308565614745
COMPLETED,0.27,832.0,3606,1409,8,0.2381894714664667
COMPLETED,0.13,1283.0,4683,4767,3,0.5684892839137464
FAILED,,,1234,24,6,0.3090097107589244
COMPLETED,0.14,1661.0,767,2606,4,0.1493880128432065
COMPLETED,0.2399999999999999,598.0,4841,2195,6,0.9698160698488356
COMPLETED,0.13,1060.0,3135,3991,1,0.3353753789849579
COMPLETED,0.1,662.0,2196,1123,9,0.5441946606095879
COMPLETED,0.1199999999999999,2102.0,1259,4384,7,0.739157794335857
COMPLETED,0.38,780.0,2824,418,5,0.3900436485856771
COMPLETED,0.19,1082.0,3903,3307,10,0.8062318639717995
COMPLETED,0.1199999999999999,939.0,453,1807,2,0.0638433483522385
COMPLETED,0.0899999999999999,1114.0,590,3247,6,0.6171841998919844
COMPLETED,0.27,762.0,4039,1623,4,0.2528834577817469
COMPLETED,0.1,1167.0,3000,4671,9,0.9282585157062858
COMPLETED,0.39,932.0,1435,512,1,0.2009352535940706
COMPLETED,0.0599999999999999,5912.0,2371,3814,5,0.0215853216052055
COMPLETED,0.3,914.0,3311,1056,7,0.8579923916105181
COMPLETED,0.2,1010.0,4978,2698,2,0.4632463557850569
COMPLETED,0.1499999999999999,4448.0,904,2485,10,0.6559652815572917
COMPLETED,0.11,1198.0,1058,4912,3,0.7536992265339941
FAILED,,,4508,280,10,0.1238074417598545
COMPLETED,0.1499999999999999,1364.0,3469,3484,5,0.6979439990893006
COMPLETED,0.28,936.0,1904,1395,7,0.423338683174923
COMPLETED,0.1799999999999999,1529.0,1591,3096,8,0.3532473235707729
COMPLETED,0.1199999999999999,898.0,2531,2096,2,0.5186477266810833
COMPLETED,0.1499999999999999,2612.0,4196,4207,7,0.1630069402605295
COMPLETED,0.11,808.0,122,673,3,0.964359436461702
COMPLETED,0.04,6343.0,156,3372,8,0.1915871341377496
COMPLETED,0.27,557.0,4201,1752,1,0.930548331329599
COMPLETED,0.07,5262.0,2506,4488,7,0.2630317715983838
COMPLETED,0.44,1874.0,1576,324,3,0.6155713322423398
COMPLETED,0.16,1164.0,1890,3938,2,0.670248115696013
COMPLETED,0.28,767.0,3445,1186,10,0.4579710442293435
COMPLETED,0.22,834.0,4513,2515,5,0.8449818282481282
COMPLETED,0.16,5904.0,1092,2297,8,0.0280096575506031
COMPLETED,0.1,2096.0,937,4725,5,0.4376205655466764
FAILED,,,4983,97,7,0.692669639300555
COMPLETED,0.13,1550.0,3287,3614,2,0.1107959266304969
COMPLETED,0.13,656.0,2357,1520,10,0.7601245142463595
COMPLETED,0.17,574.0,1421,2908,6,0.9550103652384132
COMPLETED,0.19,943.0,2976,1913,4,0.1652977076508104
COMPLETED,0.1499999999999999,2003.0,4044,4336,9,0.5287950887307524
COMPLETED,0.26,507.0,624,797,1,0.3516354076880961
COMPLETED,0.07,1340.0,448,4113,7,0.8425851386748254
COMPLETED,0.35,1422.0,3869,776,5,0.0378376841228455
COMPLETED,0.1199999999999999,1849.0,2839,3041,10,0.6411520297322422
COMPLETED,0.2,1171.0,1284,2161,2,0.4791484885066747
COMPLETED,0.04,2471.0,2220,3585,4,0.2998435981459915
COMPLETED,0.26,623.0,3150,1304,6,0.5710843973811714
COMPLETED,0.14,1887.0,4807,4974,1,0.2485198367405682
COMPLETED,0.44,1395.0,762,227,9,0.8817780417278409
COMPLETED,0.17,529.0,1229,2809,1,0.5350294997636229
COMPLETED,0.22,1634.0,4649,2402,8,0.3379695406854152
COMPLETED,0.1499999999999999,607.0,3621,3885,4,0.9801473868899048
COMPLETED,0.05,834.0,2066,1013,6,0.1480794466566294
COMPLETED,0.14,6118.0,1752,4586,9,0.0778218215424567
COMPLETED,0.3099999999999999,908.0,2682,625,3,0.8007736086770892
COMPLETED,0.19,2607.0,4338,3202,8,0.3767287986315787
COMPLETED,0.1,1025.0,292,1697,5,0.7453991121854632
COMPLETED,0.04,881.0,212,4423,2,0.8925511626750231
COMPLETED,0.41,1694.0,4262,455,10,0.2276332399938255
COMPLETED,0.11,1811.0,2762,3347,5,0.5911943299751728
COMPLETED,0.25,1192.0,1828,1844,7,0.2893598366640507
COMPLETED,0.05,4829.0,2141,2646,9,0.4998961347118019
COMPLETED,0.22,625.0,3702,2232,1,0.6302703999150544
COMPLETED,0.1499999999999999,5336.0,4574,4030,6,0.0484603961464017
COMPLETED,0.27,539.0,1148,1160,4,0.8225837149508297
COMPLETED,0.1,1821.0,681,3735,7,0.7326445611249655
COMPLETED,0.2899999999999999,712.0,4732,1446,3,0.3956945809237659
COMPLETED,0.1199999999999999,1974.0,3231,4807,8,0.7825235179662703
COMPLETED,0.5,2193.0,2295,62,2,0.090347985709086
COMPLETED,0.13,3014.0,1360,4262,5,0.1292488078381866
COMPLETED,0.2899999999999999,531.0,2919,918,8,0.993006639752537
COMPLETED,0.2,1178.0,3793,2873,3,0.3253082330450415
COMPLETED,0.1,1074.0,368,1995,10,0.5531748886723071
COMPLETED,0.0899999999999999,4037.0,543,3055,3,0.0154092555604875
COMPLETED,0.2399999999999999,1041.0,3969,2058,6,0.8630663115065544
COMPLETED,0.1199999999999999,760.0,3056,4166,1,0.4392013259325176
COMPLETED,0.38,1418.0,1496,634,9,0.6830464480370282
COMPLETED,0.0599999999999999,2380.0,2433,4872,8,0.5973821620531379
COMPLETED,0.47,2540.0,3367,241,4,0.2754970152433961
COMPLETED,0.1799999999999999,1814.0,4907,3443,9,0.9178546859193591
COMPLETED,0.23,1194.0,857,1357,3,0.2104920107796788
COMPLETED,0.13,2308.0,1012,3773,10,0.3623190402332693
COMPLETED,0.33,761.0,4437,1018,2,0.5087327444851398
COMPLETED,0.19,1776.0,3525,2657,7,0.1861062595061957
COMPLETED,0.22,659.0,1966,2446,5,0.9440678297709671
COMPLETED,0.1799999999999999,485.0,1652,3206,1,0.7802953524906188
COMPLETED,0.1499999999999999,1505.0,2587,1584,9,0.1002512594982981
COMPLETED,0.1499999999999999,1623.0,4126,4630,4,0.7035036807693541
COMPLETED,0.1,620.0,75,474,6,0.4166730482783168
COMPLETED,0.04,1759.0,12,4013,4,0.5005062303505836
COMPLETED,0.32,751.0,4073,1099,6,0.3701724022310227
COMPLETED,0.13,434.0,2640,2585,1,0.9520442708525806
COMPLETED,0.22,1006.0,1714,2215,9,0.1780004376024007
COMPLETED,0.0299999999999999,2562.0,2029,3291,7,0.1078697618432342
COMPLETED,0.2399999999999999,997.0,3578,1822,5,0.7728062309678643
COMPLETED,0.1499999999999999,2346.0,4384,4401,10,0.4093070058394223
COMPLETED,0.38,766.0,949,398,2,0.7112428753450512
COMPLETED,0.13,1477.0,793,2817,10,0.8712929929438978
COMPLETED,0.23,3347.0,4853,1973,2,0.0075556072890758
COMPLETED,0.14,1872.0,3422,4240,8,0.675070322971791
COMPLETED,0.23,530.0,2497,862,5,0.4473069507908076
COMPLETED,0.14,1614.0,1560,4789,2,0.2678786802012473
FAILED,,,3111,1,8,0.6048709973022341
COMPLETED,0.17,1556.0,3915,3674,3,0.2178583692349493
COMPLETED,0.16,610.0,479,1429,7,0.910115294298157
COMPLETED,0.0599999999999999,1754.0,343,3504,3,0.4030682672411203
COMPLETED,0.28,730.0,3778,1374,9,0.7249129509422927
COMPLETED,0.0899999999999999,3363.0,2934,4889,4,0.0827370677571743
COMPLETED,0.44,1835.0,1385,303,8,0.7900202833674848
COMPLETED,0.05,1309.0,2321,4188,8,0.9850226142778992
COMPLETED,0.35,747.0,3246,691,1,0.1373469858635217
COMPLETED,0.19,1704.0,4717,3111,6,0.5613937589284032
COMPLETED,0.14,1129.0,656,2080,3,0.3174472866542637
COMPLETED,0.11,3283.0,1124,4652,6,0.2202592971455305
COMPLETED,0.4,1381.0,4560,530,4,0.9002829104177654
COMPLETED,0.17,1658.0,3716,3263,9,0.2969705278277396
COMPLETED,0.07,641.0,2165,1606,1,0.5836979103330522
COMPLETED,0.2,1396.0,1852,2718,5,0.6382541688587516
COMPLETED,0.14,942.0,2776,2463,7,0.4917980942465364
COMPLETED,0.17,713.0,4248,3790,2,0.8143646179065108
COMPLETED,0.0899999999999999,2458.0,188,1079,10,0.0563216882962733
COMPLETED,0.0599999999999999,1376.0,268,2571,7,0.3302303907237946
COMPLETED,0.2399999999999999,1396.0,4324,2318,5,0.5423956165593117
COMPLETED,0.0899999999999999,2411.0,2696,3960,10,0.1555685235653072
COMPLETED,0.3099999999999999,731.0,1776,1242,3,0.9725288101881742
COMPLETED,0.04,1328.0,2090,4505,3,0.8088794751949608
COMPLETED,0.4199999999999999,2069.0,3635,385,6,0.0698454548176378
COMPLETED,0.1799999999999999,553.0,4635,3433,2,0.7375457055736333
COMPLETED,0.22,879.0,1205,1769,8,0.3849552384093403
COMPLETED,0.0899999999999999,1992.0,737,4353,1,0.0455771203581243
COMPLETED,0.3599999999999999,1045.0,4792,859,9,0.8352188545763491
COMPLETED,0.1499999999999999,1346.0,3165,2969,4,0.4716596086435019
COMPLETED,0.07,1143.0,2245,1930,6,0.6487702904175967
COMPLETED,0.13,1964.0,1309,3670,10,0.5629788171369581
COMPLETED,0.2099999999999999,622.0,2854,1542,2,0.3078197975680231
COMPLETED,0.14,1617.0,3853,4746,7,0.8896316453851759
COMPLETED,0.4299999999999999,1143.0,423,153,5,0.2402930809464305
COMPLETED,0.07,1673.0,560,4952,9,0.7005306897908448
COMPLETED,0.4899999999999999,7091.0,3990,171,1,0.4294017101619392
COMPLETED,0.13,977.0,3030,3529,6,0.7520262321215123
COMPLETED,0.27,687.0,1485,1282,4,0.1187799372337758
COMPLETED,0.08,1209.0,2421,2980,2,0.1578010463491082
COMPLETED,0.2,1165.0,3342,2144,10,0.9626212980616836
COMPLETED,0.1499999999999999,3288.0,4929,4095,5,0.3593669137712567
COMPLETED,0.3,711.0,873,715,7,0.5214213875420391
COMPLETED,0.14,537.0,1029,3141,4,0.9226871432792396
COMPLETED,0.26,866.0,4460,1680,8,0.1998062460534274
ABANDONED,,,3498,4569,3,0.6236692686080932
ABANDONED,,,1953,564,10,0.2550479877833277
ABANDONED,,,1639,3864,6,0.4654675679709762
ABANDONED,,,2559,957,3,0.6626374394036829
ABANDONED,,,4148,2753,9,0.0202778057083487
ABANDONED,,,93,2380,1,0.8523557562250644
ABANDONED,,,81,2738,5,0.3851599305812269
ABANDONED,,,4160,2365,7,0.7342934555709361
ABANDONED,,,2572,3849,3,0.0687271890453994
ABANDONED,,,1627,942,10,0.8110960800480097
ABANDONED,,,1940,4554,7,0.9746674928385765
ABANDONED,,,3511,549,3,0.1542807205840945
ABANDONED,,,4472,3126,8,0.5393433603085577
ABANDONED,,,1017,1665,2,0.3304825485553592
ABANDONED,,,861,4090,9,0.2410916738472878
ABANDONED,,,4941,710,1,0.886029146997258
ABANDONED,,,3354,2974,6,0.306107631066814
ABANDONED,,,2409,2138,4,0.5655456703752278
ABANDONED,,,1473,3524,2,0.6515333303399384
ABANDONED,,,3042,1277,10,0.4699911007340997
ABANDONED,,,4002,4947,5,0.8315422410536557
ABANDONED,,,548,166,7,0.0462099831178784
ABANDONED,,,411,4731,1,0.5215820567738265
ABANDONED,,,3866,137,9,0.35616249377653
ABANDONED,,,2867,3654,4,0.9614247457385064
ABANDONED,,,1297,1527,6,0.1600921306852251
ABANDONED,,,2233,2953,10,0.1209050534870475
ABANDONED,,,3178,1915,2,0.7507558026053011
ABANDONED,,,4804,4338,7,0.4262407108172774
ABANDONED,,,725,843,5,0.7008877836484461
ABANDONED,,,1193,3427,8,0.8531407827287912
ABANDONED,,,4647,1763,4,0.0166926807854324
ABANDONED,,,3647,4499,10,0.6608165298085659
ABANDONED,,,2077,379,3,0.4681393572352826
ABANDONED,,,1763,3955,3,0.2577670047655701
ABANDONED,,,2708,1236,6,0.6220485907066612
ABANDONED,,,4336,2565,1,0.1960513459797948
ABANDONED,,,256,2313,9,0.9233944855220616
ABANDONED,,,181,3805,6,0.7138098531309515
ABANDONED,,,4256,1094,4,0.4075947147905826
ABANDONED,,,2784,2733,9,0.7692038534097372
ABANDONED,,,1844,2478,1,0.1086682339143008
ABANDONED,,,2158,3278,5,0.1786334249097853
ABANDONED,,,3723,1621,7,0.9483675327822566
ABANDONED,,,4567,4667,2,0.3685040151514112
ABANDONED,,,1117,544,10,0.5032691494431346
ABANDONED,,,649,3116,2,0.9123320199809968
ABANDONED,,,4724,2085,10,0.2167399826329201
ABANDONED,,,3253,4193,5,0.6016188718471674
ABANDONED,,,2313,696,8,0.2680832478255033
ABANDONED,,,1377,4894,8,0.4475592294521629
ABANDONED,,,2942,308,2,0.6720179458912461
ABANDONED,,,3785,3509,7,0.0062679288554936
ABANDONED,,,335,1380,3,0.8734315510466694
ABANDONED,,,472,3689,9,0.3201187171470373
ABANDONED,,,3922,1444,3,0.559573208104819
ABANDONED,,,3118,4805,8,0.1337614984512329
ABANDONED,,,1553,16,4,0.9858080032709986
ABANDONED,,,2489,4256,1,0.790727266838774
ABANDONED,,,3429,878,8,0.0789825264550745
ABANDONED,,,4860,2832,3,0.7232919105514884
ABANDONED,,,786,1989,6,0.4057876467127353
ABANDONED,,,942,4407,4,0.0586124101430177
ABANDONED,,,4391,404,6,0.8131684280727058
ABANDONED,,,3586,3296,1,0.4885933154802769
ABANDONED,,,2021,1828,9,0.6384151968620717
ABANDONED,,,1707,2591,7,0.584054641701281
ABANDONED,,,2647,2221,5,0.2938098909724503
ABANDONED,,,4080,4019,10,0.8990121221300214
ABANDONED,,,5,1105,2,0.222384772170335
ABANDONED,,,68,4645,10,0.820778152598068
ABANDONED,,,4133,488,2,0.0511168381683528
ABANDONED,,,2594,3221,7,0.6310403171181678
ABANDONED,,,1644,1599,5,0.4963261190894991
ABANDONED,,,1958,2672,1,0.2855898272898048
ABANDONED,,,3533,2461,9,0.5919167815186083
ABANDONED,,,4444,3788,4,0.2303676042184233
ABANDONED,,,1004,1033,6,0.8909151375312357
ABANDONED,,,850,3449,3,0.5519632270485163
ABANDONED,,,4915,1362,7,0.3276144266817718
ABANDONED,,,3375,4877,2,0.9931826562266796
ABANDONED,,,2425,247,8,0.1260290406011045
ABANDONED,,,1489,4171,7,0.0872023336067795
ABANDONED,,,3064,640,5,0.7828652645815163
ABANDONED,,,3976,3060,10,0.3978045878764241
ABANDONED,,,536,2063,3,0.7313892409093679
ABANDONED,,,361,2889,6,0.2087647349778562
ABANDONED,,,3800,2011,3,0.9204366484582424
ABANDONED,,,2927,4278,9,0.2763109553866088
ABANDONED,,,1352,934,1,0.5937643164228646
ABANDONED,,,2288,4822,4,0.67938518175669
ABANDONED,,,3238,77,8,0.4398188414499163
ABANDONED,,,4739,3750,3,0.8658142421282827
ABANDONED,,,674,1461,9,0.0137558569516986
ABANDONED,,,1141,4036,2,0.4155701297484338
ABANDONED,,,4581,1166,10,0.7057049383800476
ABANDONED,,,3709,2652,5,0.1004408423695713
ABANDONED,,,2134,2238,7,0.777058211788535
ABANDONED,,,1820,3352,9,0.9410004642196
ABANDONED,,,2770,1850,1,0.1863735266383737
ABANDONED,,,4270,4429,6,0.5108867743778974
ABANDONED,,,205,461,4,0.3610158900097012
ABANDONED,,,280,3187,1,0.0247897694837301
ABANDONED,,,4350,1682,8,0.8451579655520617
ABANDONED,,,2694,4571,3,0.4602771133184432
ABANDONED,,,1740,610,7,0.6690365786198526
ABANDONED,,,2054,3870,10,0.6143158911969512
ABANDONED,,,3633,998,2,0.2651418993808329
ABANDONED,,,4661,2794,8,0.9308899533972144
ABANDONED,,,1217,2387,5,0.1884416065830737
ABANDONED,,,750,4969,7,0.3480652675181627
ABANDONED,,,4819,222,5,0.5295651304814964
ABANDONED,,,3162,3580,10,0.1679540288429707
ABANDONED,,,2208,1298,2,0.9532049237154424
ABANDONED,,,1271,3036,4,0.7584883645549416
ABANDONED,,,2851,2155,6,0.1135304154027253
ABANDONED,,,3881,4107,1,0.6933919700141996
ABANDONED,,,436,771,9,0.4338506770022213
ABANDONED,,,612,4321,5,0.8785412635151297
ABANDONED,,,4056,782,7,0.2487090571224689
ABANDONED,,,2988,2893,2,0.5732860137633979
ABANDONED,,,1409,1898,10,0.2987403208445757
ABANDONED,,,2345,3598,6,0.4778457007724791
ABANDONED,,,3299,1505,4,0.6433056971356272
ABANDONED,,,4995,4709,9,0.0381053100265562
ABANDONED,,,925,81,1,0.8395174143519252
ABANDONED,,,1080,2509,8,0.7417816253267228
ABANDONED,,,4525,2291,1,0.3775423800032585
ABANDONED,,,3457,3932,6,0.8033559337053447
ABANDONED,,,1878,1180,4,0.0760941832512617
ABANDONED,,,1564,4482,3,0.1464264068193733
ABANDONED,,,2518,318,9,0.9828949587401002
ABANDONED,,,4213,3366,4,0.3385874186921864
ABANDONED,,,144,1746,8,0.5313678709939123
ABANDONED,,,129,4211,3,0.3127188089061528
ABANDONED,,,4189,677,9,0.5678277435973286
ABANDONED,,,2523,3100,4,0.2353941922970116
ABANDONED,,,1598,2100,8,0.8847825962360947
ABANDONED,,,1912,3488,8,0.830352268377319
ABANDONED,,,3462,1399,1,0.0406994568556547
ABANDONED,,,4501,4916,6,0.6536369993053376
ABANDONED,,,1065,284,3,0.4765371494572609
ABANDONED,,,911,2712,6,0.0669280855096876
ABANDONED,,,4971,2498,4,0.805951032301411
ABANDONED,,,3304,3827,9,0.3878727304060012
ABANDONED,,,2378,1070,1,0.7404740257784724
ABANDONED,,,1443,4684,5,0.5453454072885215
ABANDONED,,,2992,526,7,0.3331301002930849
ABANDONED,,,4032,3261,2,0.9695791421476752
ABANDONED,,,597,1636,10,0.1526686913073062
ABANDONED,,,460,3311,4,0.6596874627824872
ABANDONED,,,3896,1811,6,0.4625679253228008
ABANDONED,,,2817,4388,1,0.8553053722158074
ABANDONED,,,1266,422,9,0.0231778089869767
ABANDONED,,,2203,3995,7,0.2027234443407505
ABANDONED,,,3128,1128,5,0.9256156382225452
ABANDONED,,,4834,2611,10,0.2521304288655519
ABANDONED,,,774,2200,2,0.62074113429524
ABANDONED,,,1241,4781,10,0.9674877132400868
ABANDONED,,,4676,39,3,0.1626787619013339
ABANDONED,,,3599,3710,7,0.5165546117331832
ABANDONED,,,2049,1423,5,0.3544895588494837
ABANDONED,,,1735,2848,2,0.4245025129318237
ABANDONED,,,2660,1972,8,0.6956818302515894
ABANDONED,,,4365,4237,3,0.1236787738334387
ABANDONED,,,305,896,7,0.7568754522912204
ABANDONED,,,229,2999,9,0.6078037175703794
ABANDONED,,,4284,2116,1,0.270791772134602
ABANDONED,,,2736,4070,6,0.9071826967187224
ABANDONED,,,1816,732,4,0.2149451546128839
ABANDONED,,,2129,4932,2,0.0046516240630298
ABANDONED,,,3675,182,10,0.8683474758714437
ABANDONED,,,4596,3543,5,0.4502110567055642
ABANDONED,,,1165,1259,7,0.6780157173555345
ABANDONED,,,698,3833,5,0.7679530271328985
ABANDONED,,,4754,959,8,0.1029750278797
ABANDONED,,,3204,2757,3,0.7160962018687277
ABANDONED,,,2283,2348,9,0.4142016171142459
ABANDONED,,,1348,3150,6,0.375054339390248
ABANDONED,,,2893,1642,4,0.5053685428928583
ABANDONED,,,3815,4534,8,0.1731186231318861
ABANDONED,,,385,571,1,0.9471818356215954
ABANDONED,,,521,4520,8,0.4869160901661962
ABANDONED,,,3952,359,5,0.6333920422084629
ABANDONED,,,3069,3404,10,0.0612033317461609
ABANDONED,,,1523,1787,2,0.8192271051872521
ABANDONED,,,2460,2548,3,0.9051360622029752
ABANDONED,,,3380,2332,7,0.2251542021296918
ABANDONED,,,4890,3971,2,0.5788443979173898
ABANDONED,,,835,1221,8,0.292075983474031
ABANDONED,,,990,3637,1,0.1402509170398116
ABANDONED,,,4419,1545,9,0.9879683023709804
ABANDONED,,,3538,4747,4,0.3145429948475211
ABANDONED,,,1993,122,6,0.5584484314657747
ABANDONED,,,1679,4359,10,0.7219801637530326
ABANDONED,,,2599,823,2,0.4001553611997514
ABANDONED,,,4109,2931,7,0.7929527099262922
ABANDONED,,,53,1938,5,0.0856503344289958
ABANDONED,,,39,3565,7,0.995952026700601
ABANDONED,,,4085,1315,5,0.1321529211886227
ABANDONED,,,2623,4988,10,0.5502293790355324
ABANDONED,,,1693,204,2,0.3224042423833161
ABANDONED,,,2007,4131,4,0.3927813737373799
ABANDONED,,,3562,749,6,0.7297119561098516
ABANDONED,,,4396,3015,1,0.0932610702067613
ABANDONED,,,976,2177,9,0.785456245670095
ABANDONED,,,820,4595,1,0.6254079721197486
ABANDONED,,,4865,587,9,0.4950143128056079
ABANDONED,,,3405,3167,3,0.8274460200574248
ABANDONED,,,2475,1703,6,0.0533423407413065
ABANDONED,,,1538,2779,10,0.2325278438329696
ABANDONED,,,3094,2404,3,0.897404496634379
ABANDONED,,,3927,3890,8,0.284465110136196
ABANDONED,,,506,981,4,0.5863411187045277
ABANDONED,,,331,3915,8,0.0953567077089101
ABANDONED,,,3751,1199,2,0.7754418475106358
ABANDONED,,,2957,2526,6,0.4215679606981575
ABANDONED,,,1402,2275,3,0.7083568251188844
ABANDONED,,,2338,3388,3,0.5135952392015605
ABANDONED,,,3268,1726,10,0.3672006762474775
ABANDONED,,,4690,4459,5,0.9392056956849992
ABANDONED,,,644,342,7,0.1812242628615349
ABANDONED,,,1112,2914,5,0.278410289350897
ABANDONED,,,4533,1877,7,0.6003145811762661
ABANDONED,,,3738,4298,2,0.2075790973026305
ABANDONED,,,2182,806,10,0.9149219061657786
ABANDONED,,,1869,4691,6,0.8601209766082466
ABANDONED,,,2799,100,4,0.0125049711894243
ABANDONED,,,4221,3614,9,0.6859921435657887
ABANDONED,,,176,1489,1,0.4421052496731281
ABANDONED,,,252,4855,4,0.17017524102889
ABANDONED,,,4302,267,6,0.9598770815618336
ABANDONED,,,2723,3471,1,0.3467577516213059
ABANDONED,,,1788,1339,8,0.5239284950960427
ABANDONED,,,2102,3078,8,0.6878205975871533
ABANDONED,,,3661,2044,4,0.4327216694615781
ABANDONED,,,4613,4155,9,0.7649734332710504
ABANDONED,,,1188,655,3,0.115694945404306
ABANDONED,,,720,3239,10,0.4550712194070219
ABANDONED,,,4770,1580,2,0.6672984402198344
ABANDONED,,,3192,4628,7,0.0309093596842139
ABANDONED,,,2257,503,5,0.8479316264130174
ABANDONED,,,1321,3767,1,0.9334766440987587
ABANDONED,,,2881,1053,9,0.1945046335700899
ABANDONED,,,3832,2695,4,0.6126428967844694
ABANDONED,,,406,2437,6,0.2601143948547541
ABANDONED,,,582,2628,2,0.7978454669285565
ABANDONED,,,4007,2260,10,0.0749042700603604
ABANDONED,,,3018,4056,5,0.7483276145644486
ABANDONED,,,1458,1145,7,0.3796459894832223
ABANDONED,,,2394,4444,9,0.3408695513997226
ABANDONED,,,3329,444,1,0.5379791083186864
ABANDONED,,,4946,3334,6,0.1451797965727746
ABANDONED,,,895,1867,4,0.9771974177043884
ABANDONED,,,1051,4293,7,0.5759336249865592
ABANDONED,,,4477,918,3,0.304742427309975
ABANDONED,,,3486,2870,8,0.8769291747529059
ABANDONED,,,1926,2029,2,0.2436206469461321
ABANDONED,,,1612,3726,5,0.032960321765393
ABANDONED,,,2547,1484,8,0.8377183703016489
ABANDONED,,,4165,4842,2,0.4840262114945799
ABANDONED,,,115,56,10,0.646018437474966
ABANDONED,,,113,3717,2,0.5926685249917208
ABANDONED,,,4168,1474,10,0.2869091882240027
ABANDONED,,,2540,4833,5,0.8901025999430567
ABANDONED,,,1619,46,7,0.229109037399292
ABANDONED,,,1933,4283,9,0.0499388815499842
ABANDONED,,,3479,908,1,0.8201287761237472
ABANDONED,,,4479,2860,6,0.4974432815928012
ABANDONED,,,1049,2019,4,0.6317504877075552
ABANDONED,,,893,4434,6,0.7840020052287727
ABANDONED,,,4949,434,3,0.0878930450230836
ABANDONED,,,3322,3324,9,0.7301917061470448
ABANDONED,,,2401,1858,1,0.3971746705751866
ABANDONED,,,1465,2618,4,0.3267824299205094
ABANDONED,,,3010,2251,8,0.5507242383733391
ABANDONED,,,4010,4046,3,0.1268002432473003
ABANDONED,,,580,1135,10,0.9944824390169232
ABANDONED,,,404,3757,3,0.4406510092318057
ABANDONED,,,3834,1043,6,0.6806241183821112
ABANDONED,,,2874,2685,2,0.0129847212266176
ABANDONED,,,1328,2427,8,0.8645142734460532
ABANDONED,,,2265,3229,7,0.919300093702972
ABANDONED,,,3185,1570,5,0.2080739566404372
ABANDONED,,,4772,4618,10,0.5949619032349438
ABANDONED,,,718,494,3,0.2769407016672194
ABANDONED,,,1186,3068,10,0.1875516691487282
ABANDONED,,,4616,2034,2,0.9416497737728058
ABANDONED,,,3654,4145,7,0.3598987795561551
ABANDONED,,,2109,645,5,0.5101764327678829
ABANDONED,,,1795,4846,1,0.704953365927562
ABANDONED,,,2716,257,9,0.4142507167644798
ABANDONED,,,4305,3461,4,0.7778708162978291
ABANDONED,,,249,1329,6,0.1016992232967168
ABANDONED,,,169,4701,8,0.2645078106634318
ABANDONED,,,4229,110,1,0.6131225278507917
ABANDONED,,,2796,3624,6,0.1891367273572832
ABANDONED,,,1871,1499,4,0.9320222846865654
ABANDONED,,,2185,2924,3,0.8464621577002108
ABANDONED,,,3735,1887,9,0.0255565627720206
ABANDONED,,,4540,4308,4,0.6677934185285122
ABANDONED,,,1105,815,8,0.4594492879733443
ABANDONED,,,637,3397,5,0.1122762579414993
ABANDONED,,,4697,1736,7,0.7576714176088571
ABANDONED,,,3266,4469,2,0.4351658665202557
ABANDONED,,,2340,352,10,0.6941478849034756
ABANDONED,,,1404,3925,6,0.5302711296547205
ABANDONED,,,2954,1209,4,0.3491866014376282
ABANDONED,,,3758,2535,9,0.9525599565990268
ABANDONED,,,323,2285,1,0.1667716628666967
ABANDONED,,,499,2788,7,0.6425997500121592
ABANDONED,,,3934,2414,5,0.4767241958323866
ABANDONED,,,3091,3899,10,0.8401625673603266
ABANDONED,,,1541,990,2,0.0392876090817153
ABANDONED,,,2477,4605,4,0.2499632815048098
ABANDONED,,,3402,597,6,0.8793580245692282
ABANDONED,,,4872,3177,1,0.2974253023471683
ABANDONED,,,813,1713,9,0.5725300468243658
ABANDONED,,,968,4141,2,0.981590833513066
ABANDONED,,,4403,758,8,0.1456594276390969
ABANDONED,,,3559,3025,3,0.5326112021058798
ABANDONED,,,2009,2187,7,0.3394151919875293
ABANDONED,,,1695,3575,10,0.3781765207704156
ABANDONED,,,2621,1325,3,0.7429748176522551
ABANDONED,,,4092,4998,8,0.0753992483690381
ABANDONED,,,32,214,5,0.8022235354948789
ABANDONED,,,56,4369,8,0.1531483223736286
ABANDONED,,,4106,833,4,0.9739725579563528
ABANDONED,,,2607,2941,9,0.3316757408808916
ABANDONED,,,1671,1948,3,0.5399775010757148
ABANDONED,,,1985,3646,3,0.7351212288662791
ABANDONED,,,3545,1555,6,0.3864032616931944
ABANDONED,,,4417,4757,1,0.8103291008677334
ABANDONED,,,992,132,8,0.0674230638183653
ABANDONED,,,838,2557,1,0.4692351337950676
ABANDONED,,,4888,2341,9,0.6502183118425309
ABANDONED,,,3387,3981,4,0.047026744171977
ABANDONED,,,2452,1230,6,0.8327964654359966
ABANDONED,,,1516,4530,10,0.8872114460524171
ABANDONED,,,3076,369,2,0.2417368268556892
ABANDONED,,,3949,3414,7,0.5644241654351354
ABANDONED,,,524,1797,5,0.3054016839433461
ABANDONED,,,387,3160,9,0.749573436629027
ABANDONED,,,3812,1652,1,0.120260086370632
ABANDONED,,,2900,4544,6,0.7020091175679117
ABANDONED,,,1340,580,4,0.4269467099905013
ABANDONED,,,2276,3843,2,0.356918408665806
ABANDONED,,,3211,968,10,0.5228972462918609
ABANDONED,,,4751,2767,5,0.1592751837391406
ABANDONED,,,701,2358,7,0.9601705882772804
ABANDONED,,,1168,4942,5,0.6212207653615623
ABANDONED,,,4593,192,7,0.2565238446742296
ABANDONED,,,3682,3553,3,0.924161278810352
ABANDONED,,,2122,1269,10,0.1973555381279438
ABANDONED,,,1808,3008,7,0.0178250120747834
ABANDONED,,,2743,2126,3,0.8538359035030006
ABANDONED,,,4282,4080,8,0.4669459938891232
ABANDONED,,,232,741,2,0.6601824410911649
ABANDONED,,,312,2838,4,0.949625913709402
ABANDONED,,,4358,1963,6,0.1794460294190794
ABANDONED,,,2663,4227,1,0.5019497364591807
ABANDONED,,,1732,886,9,0.3677524426989257
ABANDONED,,,2046,4771,7,0.4068843731805681
ABANDONED,,,3601,29,5,0.7126927426774055
ABANDONED,,,4669,3700,10,0.1093175434675067
ABANDONED,,,1249,1413,2,0.7703819959200918
ABANDONED,,,782,3985,9,0.6726476921718567
ABANDONED,,,4827,1118,3,0.4487568162642419
ABANDONED,,,3130,2601,8,0.8727407727092504
ABANDONED,,,2201,2190,5,0.0051313741002231
ABANDONED,,,1264,3302,1,0.2154400139506906
ABANDONED,,,2819,1801,8,0.9115608842559157
ABANDONED,,,3888,4378,4,0.2693221844509243
ABANDONED,,,468,412,6,0.6024510396290569
ABANDONED,,,605,4675,2,0.0802823092453181
ABANDONED,,,4025,516,10,0.7914984694849699
ABANDONED,,,2995,3251,5,0.4045486580375581
ABANDONED,,,1440,1626,8,0.722459913790226
ABANDONED,,,2376,2702,8,0.5589432908035815
ABANDONED,,,3307,2488,1,0.3189211823847145
ABANDONED,,,4964,3818,7,0.9864987146873025
ABANDONED,,,918,1060,3,0.1348982390984892
ABANDONED,,,1073,3478,6,0.2945200615618377
ABANDONED,,,4493,1390,4,0.5851718042045831
ABANDONED,,,3465,4907,9,0.2217353956960141
ABANDONED,,,1909,274,1,0.8978341655116528
ABANDONED,,,1596,4201,5,0.8119098612535744
ABANDONED,,,2526,667,7,0.0577998725548386
ABANDONED,,,4182,3090,2,0.6397345577962696
ABANDONED,,,136,2091,10,0.4893450589533895
ABANDONED,,,141,4492,5,0.728945162821561
ABANDONED,,,4216,328,7,0.3914771815892308
ABANDONED,,,2511,3376,2,0.786284071015194
ABANDONED,,,1571,1756,10,0.0945042302981018
ABANDONED,,,1885,2519,6,0.1333462845347821
ABANDONED,,,3450,2300,4,0.996586115418002
ABANDONED,,,4527,3942,9,0.3212719110939651
ABANDONED,,,1077,1190,1,0.5495342582613228
ABANDONED,,,923,3608,8,0.8962831627149134
ABANDONED,,,4998,1514,2,0.2318218446597457
ABANDONED,,,3292,4719,7,0.5875234846808016
ABANDONED,,,2352,91,3,0.2851100772526115
ABANDONED,,,1416,4330,3,0.4958312597516923
ABANDONED,,,2980,792,10,0.6266621295809744
ABANDONED,,,4059,2902,5,0.0525864258520305
ABANDONED,,,609,1908,8,0.8261308305393904
ABANDONED,,,433,3045,1,0.3663839151933789
ABANDONED,,,3883,2165,9,0.5123410148192196
ABANDONED,,,2844,4117,3,0.181980229800567
ABANDONED,,,1279,781,6,0.9405207141824066
ABANDONED,,,2215,4979,9,0.7765633524507283
ABANDONED,,,3155,232,3,0.096062654832378
ABANDONED,,,4822,3590,8,0.7071745260637253
ABANDONED,,,747,1308,4,0.4209228076897561
ABANDONED,,,1214,3880,7,0.0113117788638919
ABANDONED,,,4664,1008,5,0.8594868358410895
ABANDONED,,,3626,2804,10,0.443237647883594
ABANDONED,,,2061,2397,2,0.6866870784480124
ABANDONED,,,1747,3197,4,0.6010815603565424
ABANDONED,,,2687,1692,6,0.2797144145779311
ABANDONED,,,4353,4581,1,0.9140941328704356
ABANDONED,,,278,620,9,0.2063357661906629
ABANDONED,,,198,3343,7,0.433371045935899
ABANDONED,,,4277,1840,3,0.6889985542055219
ABANDONED,,,2767,4419,8,0.1149847748149186
ABANDONED,,,1823,451,1,0.7638562707677483
ABANDONED,,,2136,4026,5,0.9585577206276356
ABANDONED,,,3706,1156,8,0.1694234975557774
ABANDONED,,,4588,2642,2,0.5251870619151741
ABANDONED,,,1134,2228,10,0.347570289209485
ABANDONED,,,667,4812,2,0.195743622245267
ABANDONED,,,4747,68,10,0.934308640860021
ABANDONED,,,3236,3740,5,0.2588146120645105
ABANDONED,,,2291,1452,7,0.6118716941382735
ABANDONED,,,1355,2879,9,0.6666077288035303
ABANDONED,,,2924,2001,1,0.4539344787597656
ABANDONED,,,3807,4268,6,0.848561543714255
ABANDONED,,,353,924,4,0.0321068944465368
ABANDONED,,,529,4161,10,0.5386698866561054
ABANDONED,,,3984,630,2,0.3420061061549931
ABANDONED,,,3061,3051,7,0.976567671423778
ABANDONED,,,1491,2053,5,0.1439822097606957
ABANDONED,,,2428,3439,1,0.0736653334349393
ABANDONED,,,3372,1353,9,0.797013299146667
ABANDONED,,,4922,4867,4,0.3809459581654519
ABANDONED,,,843,237,6,0.7490987502895295
ABANDONED,,,997,2662,4,0.8390377832856029
ABANDONED,,,4451,2451,6,0.0337118942178785
ABANDONED,,,3530,3778,1,0.6447600565478205
ABANDONED,,,1961,1023,8,0.4832136069852858
ABANDONED,,,1647,4635,8,0.304093117756769
ABANDONED,,,2592,479,5,0.5747554824762046
ABANDONED,,,4140,3212,9,0.2443309885561466
ABANDONED,,,61,1589,3,0.878046285206452
ABANDONED,,,7,2581,10,0.0418165673092007
ABANDONED,,,4078,2211,3,0.8310626099873333
ABANDONED,,,2655,4009,7,0.4753590069469064
ABANDONED,,,1700,1095,5,0.6529876897521317
ABANDONED,,,2014,4397,2,0.5670151390880345
ABANDONED,,,3593,395,8,0.3114604279790073
ABANDONED,,,4389,3286,3,0.8855341686885803
ABANDONED,,,944,1818,6,0.2367136052809655
ABANDONED,,,788,4246,4,0.3339012360181659
ABANDONED,,,4858,868,6,0.546645375970751
ABANDONED,,,3436,2823,1,0.1518365235254168
ABANDONED,,,2482,1979,9,0.968340205522254
ABANDONED,,,1545,3680,7,0.804753445489332
ABANDONED,,,3125,1435,5,0.0662983392290771
ABANDONED,,,3920,4795,10,0.7416105805337428
ABANDONED,,,474,6,2,0.3885635087434202
ABANDONED,,,338,4884,6,0.9268131729848684
ABANDONED,,,3782,298,4,0.2033533616419881
ABANDONED,,,2949,3500,9,0.6196043936479836
ABANDONED,,,1370,1370,1,0.2514397174492478
ABANDONED,,,2306,3107,5,0.4617967226766049
ABANDONED,,,3261,2075,7,0.6583876799922436
ABANDONED,,,4722,4184,2,0.0240098057482391
ABANDONED,,,651,686,10,0.8565443608909845
ABANDONED,,,1119,3268,3,0.6964943678397684
ABANDONED,,,4565,1611,10,0.4257610797509551
ABANDONED,,,3730,4657,4,0.7561237088181078
ABANDONED,,,2150,535,8,0.1223594128992408
ABANDONED,,,1837,3795,9,0.1615615993980318
ABANDONED,,,2791,1084,1,0.9667775426506996
ABANDONED,,,4253,2723,6,0.3556675154678523
ABANDONED,,,184,2468,3,0.5172039882075041
ABANDONED,,,264,3964,1,0.8671041447594761
ABANDONED,,,4329,1246,9,0.0038238507676869
ABANDONED,,,2711,2575,4,0.6793198425825685
ABANDONED,,,1761,2323,6,0.4509780358858406
ABANDONED,,,2075,3437,10,0.2714867070168257
ABANDONED,,,3649,1773,2,0.6089361157808452
ABANDONED,,,4640,4509,7,0.2143110138457268
ABANDONED,,,1200,389,5,0.90598950439319
ABANDONED,,,732,2963,8,0.5047233898844569
ABANDONED,,,4797,1924,5,0.3738720403350889
ABANDONED,,,3180,4348,10,0.9478877827450632
ABANDONED,,,2231,853,2,0.1742401280719786
ABANDONED,,,1294,4741,3,0.1042900463771074
ABANDONED,,,2869,147,7,0.7687089940719306
ABANDONED,,,3858,3664,2,0.412947392731905
ABANDONED,,,418,1536,8,0.7152794408146292
ABANDONED,,,555,3534,4,0.2238390126116573
ABANDONED,,,3995,1286,8,0.904380147313699
ABANDONED,,,3044,4957,3,0.293330140935257
ABANDONED,,,1470,175,9,0.5796613448634743
ABANDONED,,,2406,4100,6,0.6340370093248784
ABANDONED,,,3356,720,3,0.4880984561424702
ABANDONED,,,4934,2984,8,0.818521106014028
ABANDONED,,,868,2148,1,0.0600819978266954
ABANDONED,,,1024,4564,9,0.399460240425542
ABANDONED,,,4464,559,1,0.7208478324636816
ABANDONED,,,3513,3136,6,0.0862844231463968
ABANDONED,,,1938,1675,4,0.7941460732724517
ABANDONED,,,1625,2747,2,0.9892114624623208
ABANDONED,,,2574,2375,10,0.1410787423849105
ABANDONED,,,4153,3858,5,0.5571442393176258
ABANDONED,,,88,952,7,0.3137762015592306
ABANDONED,,,95,3854,9,0.9086609348859636
ABANDONED,,,4146,947,1,0.2124904630221426
ABANDONED,,,2567,2743,6,0.6053506283685564
ABANDONED,,,1632,2371,4,0.272272096009925
ABANDONED,,,1945,3131,2,0.4516850193571299
ABANDONED,,,3506,1670,10,0.6755653012804687
ABANDONED,,,4457,4559,5,0.0022028103768825
ABANDONED,,,1031,554,7,0.8698235242310911
ABANDONED,,,876,2970,5,0.7175701626613736
ABANDONED,,,4926,2134,8,0.4117512028981
ABANDONED,,,3349,4086,2,0.7655042153056711
ABANDONED,,,2413,705,10,0.1044510743804275
ABANDONED,,,1477,4943,7,0.1745968594402074
ABANDONED,,,3037,161,3,0.944727145889774
ABANDONED,,,3987,3519,8,0.372601252047345
ABANDONED,,,562,1272,2,0.5068488649092615
ABANDONED,,,425,3660,8,0.0626489756125956
ABANDONED,,,3851,1532,4,0.8168088149651885
ABANDONED,,,2862,4737,9,0.4844960785843431
ABANDONED,,,1301,143,3,0.6348354813959449
ABANDONED,,,2238,4344,4,0.580294332170859
ABANDONED,,,3173,849,6,0.289653402864933
ABANDONED,,,4789,2959,1,0.9027117602340876
ABANDONED,,,739,1920,8,0.2266019317042082
ABANDONED,,,1208,4495,1,0.3159929272420704
ABANDONED,,,4633,375,9,0.5560258527155965
ABANDONED,,,3642,3423,4,0.137826616929844
ABANDONED,,,2082,1760,6,0.9894160300865767
ABANDONED,,,1768,2561,10,0.7943983519338071
ABANDONED,,,2704,2309,2,0.083232046065852
ABANDONED,,,4321,3950,7,0.7195601540300995
ABANDONED,,,271,1232,5,0.4015987985283136
ABANDONED,,,196,2728,3,0.2368742745127528
ABANDONED,,,4241,2473,10,0.8823297486938536
ABANDONED,,,2779,3800,5,0.3102638756558299
ABANDONED,,,1849,1089,7,0.5693062234241514
ABANDONED,,,2162,4662,8,0.6551128060054034
ABANDONED,,,3718,539,2,0.4740885774306952
ABANDONED,,,4552,3272,7,0.8279016106426715
ABANDONED,,,1132,1616,3,0.042173661166802
ABANDONED,,,664,4198,6,0.389348535247147
ABANDONED,,,4709,700,4,0.7380254556108266
ABANDONED,,,3249,3121,9,0.0644774296339601
ABANDONED,,,2318,2090,1,0.8074252347536384
ABANDONED,,,1382,3514,5,0.9710592225044966
ABANDONED,,,2937,1384,7,0.1502158456239849
ABANDONED,,,3770,4899,2,0.5428904758971184
ABANDONED,,,350,312,10,0.3346085782609879
ABANDONED,,,487,4799,4,0.856749053062871
ABANDONED,,,3907,10,6,0.020757555745542
ABANDONED,,,3113,3684,1,0.6572694142200052
ABANDONED,,,1558,1439,9,0.4640133275296539
ABANDONED,,,2494,2827,7,0.25357840009965
ABANDONED,,,3424,1983,5,0.6183165906667709
ABANDONED,,,4846,4250,10,0.2003011053912341
ABANDONED,,,801,872,2,0.9270653308164328
ABANDONED,,,956,3300,10,0.5180025811083615
ABANDONED,,,4376,1832,3,0.3520650170799344
ABANDONED,,,3581,4411,8,0.9650653761494904
ABANDONED,,,2026,408,4,0.1641284526363015
ABANDONED,,,1712,4023,1,0.1251224528215825
ABANDONED,,,2642,1109,9,0.7544552009087055
ABANDONED,,,4065,2595,3,0.4220844662282615
ABANDONED,,,20,2225,6,0.6971272305995226
ABANDONED,,,73,3216,3,0.3443335109967738
ABANDONED,,,4128,1594,7,0.5253762822970747
ABANDONED,,,2580,4640,1,0.1716251139380037
ABANDONED,,,1659,483,8,0.9574544433262198
ABANDONED,,,1973,3783,8,0.7625534830335527
ABANDONED,,,3518,1028,5,0.1171384422183036
ABANDONED,,,4439,2667,10,0.6892661801092326
ABANDONED,,,1009,2456,2,0.4303033216129988
ABANDONED,,,855,4881,10,0.0284894075877964
ABANDONED,,,4910,251,2,0.849375125085935
ABANDONED,,,3360,3453,7,0.4565168037880212
ABANDONED,,,2440,1367,5,0.6648800905123353
ABANDONED,,,1503,3065,1,0.6102186543010175
ABANDONED,,,3049,2068,9,0.261562183914706
ABANDONED,,,3971,4176,4,0.9349265188667925
ABANDONED,,,541,644,6,0.1920819934755563
ABANDONED,,,365,4272,2,0.7458788622226566
ABANDONED,,,3795,928,10,0.3811220954693853
ABANDONED,,,2912,2883,5,0.7993193682357668
ABANDONED,,,1367,2005,7,0.072453796358779
ABANDONED,,,2303,3744,9,0.1427267687153071
ABANDONED,,,3223,1456,1,0.9786777992062272
ABANDONED,,,4734,4816,6,0.3423477282226085
ABANDONED,,,679,71,4,0.5355243591014295
ABANDONED,,,1146,2656,6,0.8744761450365186
ABANDONED,,,4576,2242,4,0.2451010303068905
ABANDONED,,,3694,4040,8,0.5774118036683648
ABANDONED,,,2148,1170,1,0.3022876762337982
ABANDONED,,,1835,4433,4,0.481577457293868
ABANDONED,,,2755,464,8,0.6474945453200489
ABANDONED,,,4265,3356,3,0.0344342249315232
ABANDONED,,,210,1854,9,0.8352678947411477
ABANDONED,,,285,4577,7,0.5478069824595004
ABANDONED,,,4345,615,5,0.3238538736328482
ABANDONED,,,2680,3192,10,0.9974000555612146
ABANDONED,,,1754,1687,2,0.1297284389045089
ABANDONED,,,2068,2799,4,0.0908429640177637
ABANDONED,,,3618,2393,6,0.7869015865325927
ABANDONED,,,4656,3876,1,0.3942251122109591
ABANDONED,,,1222,1003,9,0.7272917642127721
ABANDONED,,,755,3575,2,0.8250279120095074
ABANDONED,,,4814,1294,8,0.054787683462724
ABANDONED,,,3148,4965,3,0.6268517124522476
ABANDONED,,,2223,217,7,0.4925941190496087
ABANDONED,,,1286,4103,10,0.2820427117012441
ABANDONED,,,2837,767,3,0.5877907518129795
ABANDONED,,,3876,3031,8,0.2339758745525032
ABANDONED,,,441,2151,5,0.8949800124913454
ABANDONED,,,617,2898,9,0.4191172453369945
ABANDONED,,,4052,1904,1,0.7098309680856764
ABANDONED,,,2973,4326,6,0.0968325720354914
ABANDONED,,,1423,788,3,0.7729933368284255
ABANDONED,,,2359,4715,3,0.9367507048081606
ABANDONED,,,3285,87,9,0.1827026813440024
ABANDONED,,,4990,3604,4,0.5150753790438175
ABANDONED,,,930,1510,8,0.3647478900495916
ABANDONED,,,1085,3929,5,0.2051241045668721
ABANDONED,,,4520,1176,7,0.916400326507166
ABANDONED,,,3443,2505,2,0.2798904310520738
ABANDONED,,,1892,2287,10,0.5978617931194603
ABANDONED,,,1579,3362,6,0.683541426345706
ABANDONED,,,2504,1742,4,0.4435793944988399
ABANDONED,,,4208,4478,9,0.8615968427937478
ABANDONED,,,149,314,1,0.0100564586482942
ABANDONED,,,124,3106,6,0.7716238724272698
ABANDONED,,,4194,2106,4,0.1072247872911393
ABANDONED,,,2538,4217,9,0.7123642018288374
ABANDONED,,,1584,683,1,0.4100130124483257
ABANDONED,,,1897,4922,5,0.3709283096846193
ABANDONED,,,3477,290,7,0.5018214273042976
ABANDONED,,,4505,3494,2,0.1771834980919957
ABANDONED,,,1060,1405,10,0.9507901059556751
ABANDONED,,,906,3824,3,0.6040431645214557
ABANDONED,,,4976,1066,9,0.2666355275455862
ABANDONED,,,3319,2708,5,0.910882095022127
ABANDONED,,,2364,2494,8,0.2191625539474189
ABANDONED,,,1428,3257,8,0.0086879460141062
ABANDONED,,,3007,1632,1,0.871988106282428
ABANDONED,,,4037,4681,6,0.4461135800089687
ABANDONED,,,592,521,4,0.6744362416900694
ABANDONED,,,455,4393,10,0.1362145950887352
ABANDONED,,,3901,427,2,0.9843276719599962
ABANDONED,,,2832,3317,8,0.3186404715441167
ABANDONED,,,1252,1816,5,0.5620279071312397
ABANDONED,,,2188,2616,2,0.7257407168019562
ABANDONED,,,3143,2205,8,0.4043116057887673
ABANDONED,,,4839,4000,3,0.7892533116228878
ABANDONED,,,769,1133,7,0.0814329350944608
ABANDONED,,,1236,3705,4,0.491042119871825
ABANDONED,,,4681,1419,6,0.6369391577970237
ABANDONED,,,3613,4777,1,0.0571384567860513
ABANDONED,,,2034,34,9,0.8156188348531723
ABANDONED,,,1720,4232,7,0.901465216908604
ABANDONED,,,2675,891,5,0.2209044427182525
ABANDONED,,,4370,2843,10,0.5825763979572802
ABANDONED,,,300,1968,2,0.2962645881399512
ABANDONED,,,224,4064,4,0.0711452450435608
ABANDONED,,,4289,726,8,0.8096506704054773
ABANDONED,,,2750,2993,3,0.3837162422984838
ABANDONED,,,1801,2110,9,0.7367137162480503
ABANDONED,,,2114,3537,6,0.5417656918223946
ABANDONED,,,3689,1253,3,0.3290328633971512
ABANDONED,,,4601,4926,8,0.9732195290401578
ABANDONED,,,1160,177,1,0.1567052567768842
ABANDONED,,,693,2761,9,0.3085299607217311
ABANDONED,,,4759,2352,1,0.5640959870759397
ABANDONED,,,3219,3837,6,0.2396437119077891
ABANDONED,,,2269,963,4,0.8884536813311278
ABANDONED,,,1333,4538,2,0.8339602951928972
ABANDONED,,,2907,574,10,0.0447645753342658
ABANDONED,,,3820,3154,5,0.6500896439161151
ABANDONED,,,380,1646,7,0.472411359552294
ABANDONED,,,516,3399,1,0.9638796864245088
ABANDONED,,,3957,1782,9,0.1586136434227228
ABANDONED,,,3083,4515,4,0.5201019671224058
ABANDONED,,,1508,354,6,0.3586153487544506
ABANDONED,,,2445,3966,10,0.4286913611162453
ABANDONED,,,3394,1215,2,0.6994135867729782
ABANDONED,,,4895,2543,7,0.1194292542226612
ABANDONED,,,830,2326,5,0.7532043671961873
ABANDONED,,,985,4752,7,0.663267178248614
ABANDONED,,,4424,127,5,0.4666651622187346
ABANDONED,,,3552,3641,10,0.8516649853233247
ABANDONED,,,1978,1550,3,0.0191412435173988
ABANDONED,,,1664,2935,3,0.1985062848068773
ABANDONED,,,2614,1943,7,0.9219160001184792
ABANDONED,,,4113,4364,2,0.2562869169730693
ABANDONED,,,48,827,8,0.624501443825662
ABANDONED,,,24,4982,1,0.4588032194469123
ABANDONED,,,4099,198,8,0.6714870448857546
ABANDONED,,,2628,3559,4,0.0272385143898427
ABANDONED,,,1688,1309,6,0.8436818670015782
ABANDONED,,,2002,3010,9,0.929411769138649
ABANDONED,,,3566,2171,3,0.19089636323601
ABANDONED,,,4410,4125,8,0.6167689264900982
ABANDONED,,,961,743,4,0.2636615104433149
ABANDONED,,,805,3171,7,0.1664758427254855
ABANDONED,,,4880,1707,5,0.9556596822272984
ABANDONED,,,3410,4599,10,0.3505183046702295
ABANDONED,,,2470,592,2,0.5280847396850586
ABANDONED,,,1533,3893,4,0.6919180742837489
ABANDONED,,,3099,985,6,0.4363011451270431
ABANDONED,,,3941,2783,1,0.7609371113199741
ABANDONED,,,491,2408,9,0.1120543149933218
ABANDONED,,,316,2520,5,0.5718361482899637
ABANDONED,,,3765,2270,7,0.30116295164451
ABANDONED,,,2962,3909,2,0.8809654967039823
ABANDONED,,,1397,1194,10,0.2472612773571163
ABANDONED,,,2333,4454,6,0.0366597200687974
ABANDONED,,,3273,337,4,0.8419357696361839
ABANDONED,,,4704,3382,9,0.4802656584456562
ABANDONED,,,629,1721,1,0.6418621928859501
ABANDONED,,,1097,4303,8,0.8019103418886661
ABANDONED,,,4547,810,2,0.0785125403944402
ABANDONED,,,3743,2918,7,0.7442015848588198
ABANDONED,,,2177,1882,3,0.3760988738946616
ABANDONED,,,1864,3619,3,0.3371375513598323
ABANDONED,,,2803,1494,10,0.5337905036527663
ABANDONED,,,4236,4696,5,0.1488506418671458
ABANDONED,,,161,105,8,0.9814471771158279
ABANDONED,,,237,3477,10,0.6295644602272659
ABANDONED,,,4317,1344,2,0.4987746223360299
ABANDONED,,,2728,4861,7,0.8232288605235517
ABANDONED,,,1783,272,5,0.0496427026372402
ABANDONED,,,2097,4161,1,0.228887456940487
ABANDONED,,,3666,661,9,0.893367931164801
ABANDONED,,,4628,3084,4,0.2880448256023228
ABANDONED,,,1174,2050,6,0.5904383556004613
ABANDONED,,,705,4624,3,0.9917025070898234
ABANDONED,,,4785,500,6,0.1284818360935896
ABANDONED,,,3197,3235,1,0.5544182272199542
ABANDONED,,,2252,1576,9,0.326135998904705
ABANDONED,,,1316,2691,8,0.3963287291266023
ABANDONED,,,2886,2433,4,0.7338377460148185
ABANDONED,,,3846,3762,9,0.089653043391183
ABANDONED,,,391,1049,3,0.7813911271914838
ABANDONED,,,568,4061,6,0.2748629339616745
ABANDONED,,,4022,1150,3,0.596188791271299
ABANDONED,,,3022,2633,8,0.2111871241182088
ABANDONED,,,1453,2266,2,0.9189870246443896
ABANDONED,,,2389,3339,5,0.864370496219024
ABANDONED,,,3334,1873,7,0.0161760562844574
ABANDONED,,,4961,4449,3,0.6818032953813671
ABANDONED,,,881,449,10,0.4383734931517392
ABANDONED,,,1036,2865,2,0.0989970946013927
ABANDONED,,,4491,2024,10,0.7794784129802138
ABANDONED,,,3491,4288,5,0.4179882452320307
ABANDONED,,,1921,913,7,0.7042595882229506
ABANDONED,,,1607,4838,9,0.5094387510940432
ABANDONED,,,2552,51,1,0.3634403667170554
ABANDONED,,,4180,3722,6,0.9434228552188724
ABANDONED,,,101,1480,4,0.1849239009656012
ABANDONED,,,102,2858,10,0.284049358991906
ABANDONED,,,4177,2020,2,0.585898376043886
ABANDONED,,,2550,4286,7,0.2322058566063642
ABANDONED,,,1611,904,5,0.8971078353319317
ABANDONED,,,1924,4831,1,0.826798513656482
ABANDONED,,,3489,47,9,0.052659276921302
ABANDONED,,,4488,3720,4,0.6248456637337803
ABANDONED,,,1038,1470,6,0.4944858962465077
ABANDONED,,,884,4045,4,0.0927344382107257
ABANDONED,,,4959,1136,6,0.7848959597889335
ABANDONED,,,3331,2622,1,0.3920962874125689
ABANDONED,,,2391,2247,8,0.7290626651458441
ABANDONED,,,1455,3322,8,0.5499345022961497
ABANDONED,,,3020,1858,5,0.3220842776615172
ABANDONED,,,4020,4438,9,0.9955072615351528
ABANDONED,,,570,430,3,0.1317353854812681
ABANDONED,,,394,4615,7,0.685554977664724
ABANDONED,,,3844,498,3,0.4416953429728746
ABANDONED,,,2883,3231,8,0.8598337288759648
ABANDONED,,,1318,1569,2,0.0121926057320088
ABANDONED,,,2254,2682,5,0.2068863819707185
ABANDONED,,,3194,2431,8,0.914265015937388
ABANDONED,,,4783,3758,2,0.2778760580904781
ABANDONED,,,708,1042,10,0.5997466662880033
ABANDONED,,,1175,3458,2,0.93863575829193
ABANDONED,,,4625,1333,10,0.1806882470380514
ABANDONED,,,3665,4847,5,0.5129401335362344
ABANDONED,,,2100,256,7,0.3665099834203719
ABANDONED,,,1786,4142,9,0.4212535727359354
ABANDONED,,,2726,649,1,0.708067792823538
ABANDONED,,,4314,3070,6,0.0949485855717212
ABANDONED,,,239,2034,4,0.7750067041143774
ABANDONED,,,158,4312,1,0.6122252421062438
ABANDONED,,,4238,812,8,0.259669748660177
ABANDONED,,,2806,2923,3,0.9331565604060889
ABANDONED,,,1862,1889,6,0.1942098758015781
ABANDONED,,,2175,3628,9,0.0302599497493356
ABANDONED,,,3745,1496,3,0.8472466590590774
ABANDONED,,,4549,4700,8,0.4545108145549893
ABANDONED,,,1095,112,4,0.6667719271946698
ABANDONED,,,628,2540,7,0.7644448977410793
ABANDONED,,,4707,2282,5,0.1151327559892088
ABANDONED,,,3275,3924,10,0.6871374147962778
ABANDONED,,,2330,1210,2,0.4320742820315062
ABANDONED,,,1394,4473,4,0.3464609713479876
ABANDONED,,,2963,348,6,0.5236066268403083
ABANDONED,,,3768,3396,1,0.1697323793973773
ABANDONED,,,314,1737,9,0.9594614493884146
ABANDONED,,,490,3178,5,0.4835909491274505
ABANDONED,,,3944,1711,7,0.645610434308648
ABANDONED,,,3100,4601,2,0.0326711704991757
ABANDONED,,,1530,601,10,0.8374041013102979
ABANDONED,,,2467,3900,6,0.8762383629549295
ABANDONED,,,3411,989,4,0.242965660251677
ABANDONED,,,4883,2784,9,0.5753974901922047
ABANDONED,,,804,2417,1,0.3041726088877767
ABANDONED,,,958,4999,8,0.1446117627136409
ABANDONED,,,4412,213,2,0.9766633054148404
ABANDONED,,,3569,3570,7,0.340212542200461
ABANDONED,,,2000,1328,3,0.5372865119576454
ABANDONED,,,1686,3026,3,0.748015130136162
ABANDONED,,,2631,2185,10,0.3793588607218116
ABANDONED,,,4101,4137,5,0.7974354412574322
ABANDONED,,,21,762,7,0.0744672231301665
ABANDONED,,,47,4761,4,0.9691754070613532
ABANDONED,,,4117,128,8,0.1522291608601808
ABANDONED,,,2616,3646,3,0.5450268702171743
ABANDONED,,,1661,1557,9,0.3328452171068638
ABANDONED,,,1975,2945,6,0.3872134458888322
ABANDONED,,,3554,1945,4,0.7397875118032097
ABANDONED,,,4428,4368,8,0.0663625649102032
ABANDONED,,,983,834,1,0.8054105996843426
ABANDONED,,,827,3418,9,0.6530985891930758
ABANDONED,,,4897,1794,1,0.475973413420841
ABANDONED,,,3397,4529,6,0.8296639698389917
ABANDONED,,,2443,370,4,0.0400381498336791
ABANDONED,,,1506,3985,2,0.2351113316155969
ABANDONED,,,3086,1227,10,0.8844658437278121
ABANDONED,,,3958,2556,5,0.3122774938959628
ABANDONED,,,513,2343,7,0.5674219860062003
ABANDONED,,,377,2767,1,0.1232298298161476
ABANDONED,,,3822,2356,9,0.7564620954357087
ABANDONED,,,2910,3839,4,0.4242120529860258
ABANDONED,,,1331,972,6,0.6953574487362058
ABANDONED,,,2267,4545,10,0.5158739124592394
ABANDONED,,,3222,579,2,0.3538358808346092
ABANDONED,,,4761,3155,7,0.9669569321349262
ABANDONED,,,690,1655,5,0.1621226251292973
ABANDONED,,,1159,4081,8,0.2515725075304507
ABANDONED,,,4604,740,5,0.6202083306852728
ABANDONED,,,3691,3004,10,0.2020717888306826
ABANDONED,,,2111,2129,3,0.924936723511666
ABANDONED,,,1798,3554,3,0.8549792061373591
ABANDONED,,,2752,1267,7,0.0228853265363723
ABANDONED,,,4292,4938,2,0.659276128431782
ABANDONED,,,223,195,8,0.4621207658685743
ABANDONED,,,303,3698,6,0.1727129845116287
ABANDONED,,,4368,1414,4,0.9467404016405344
ABANDONED,,,2672,4775,9,0.3747377058528363
ABANDONED,,,1722,25,1,0.5050855632405729
ABANDONED,,,2036,4226,5,0.7154350138176233
ABANDONED,,,3610,887,7,0.4135131996050476
ABANDONED,,,4679,2841,2,0.7673894100673496
ABANDONED,,,1239,1959,10,0.1024364987965673
ABANDONED,,,771,4377,3,0.4496707430593669
ABANDONED,,,4836,413,9,0.677450077785179
ABANDONED,,,3141,3305,4,0.0039652290586382
ABANDONED,,,2192,1798,8,0.8676880723834037
ABANDONED,,,1255,2599,9,0.9068979325033724
ABANDONED,,,2830,2191,1,0.2146264985706657
ABANDONED,,,3897,3989,6,0.607364306094125
ABANDONED,,,457,1114,3,0.2703879180774092
ABANDONED,,,594,3814,10,0.7925056694429367
ABANDONED,,,4034,1064,3,0.0852388811074197
ABANDONED,,,3006,2704,7,0.7216878002732992
ABANDONED,,,1431,2488,5,0.3998290761504322
ABANDONED,,,2367,3248,2,0.3138641991075128
ABANDONED,,,3317,1631,8,0.5577966569848358
ABANDONED,,,4973,4676,3,0.1397182324007153
ABANDONED,,,908,515,6,0.9874102620650081
ABANDONED,,,1063,3087,4,0.5782883801162242
ABANDONED,,,4503,2094,6,0.2915450833979993
ABANDONED,,,3474,4203,1,0.9044825031589716
ABANDONED,,,1899,666,9,0.2244733838848769
ABANDONED,,,1585,4903,7,0.0608790692016482
ABANDONED,,,2535,278,5,0.8189365262705832
ABANDONED,,,4192,3480,10,0.4865028522815555
ABANDONED,,,127,1389,2,0.6329429792203008
ABANDONED,,,152,3944,7,0.3982202200498431
ABANDONED,,,4207,1189,5,0.7318321025408804
ABANDONED,,,2501,2515,10,0.087524201862514
ABANDONED,,,1581,2304,2,0.7831620448548346
ABANDONED,,,1894,3377,4,0.9938300436567516
ABANDONED,,,3440,1755,6,0.1267122233919799
ABANDONED,,,4518,4488,1,0.5525254164636135
ABANDONED,,,1088,332,9,0.3281429622117429
ABANDONED,,,932,2904,2,0.2308941172435879
ABANDONED,,,4988,1906,8,0.8914755423832684
ABANDONED,,,3283,4327,3,0.2862747946437448
ABANDONED,,,2362,795,7,0.5925661914534865
ABANDONED,,,1426,4720,10,0.6313350748866796
ABANDONED,,,2971,90,2,0.4966462027821689
ABANDONED,,,4049,3605,8,0.8212227987926453
ABANDONED,,,619,1518,5,0.0515344928465783
ABANDONED,,,443,3593,8,0.5113238213080912
ABANDONED,,,3873,1304,1,0.3614259156808257
ABANDONED,,,2835,4978,6,0.9412875929810108
ABANDONED,,,1289,233,3,0.1866860110666602
ABANDONED,,,2226,4121,3,0.1011334387306123
ABANDONED,,,3146,777,9,0.7777152209877967
ABANDONED,,,4812,3044,4,0.4161042420379817
ABANDONED,,,757,2166,8,0.7062729722391813
ABANDONED,,,1225,4584,5,0.8663840605504811
ABANDONED,,,4655,616,7,0.014291991746053
ABANDONED,,,3615,3195,2,0.6800401684511453
ABANDONED,,,2070,1693,10,0.4405096532478928
ABANDONED,,,1756,2807,6,0.2766252243779599
ABANDONED,,,2677,2393,4,0.594053467689082
ABANDONED,,,4344,3879,9,0.2091727381441742
ABANDONED,,,288,1009,1,0.9208719108253716
ABANDONED,,,208,2638,3,0.6938095057215541
ABANDONED,,,4268,2232,7,0.4342954421676695
ABANDONED,,,2757,4027,2,0.7588083292767405
ABANDONED,,,1832,1155,8,0.113825292142108
ABANDONED,,,2145,4415,7,0.168603319806978
ABANDONED,,,3696,454,5,0.9538900100402534
ABANDONED,,,4579,3344,10,0.3486255533993244
ABANDONED,,,1144,1839,3,0.5300917624775319
ABANDONED,,,676,4264,10,0.9314183699563144
ABANDONED,,,4736,928,2,0.1890039149690419
ABANDONED,,,3227,2880,7,0.6149989550169557
ABANDONED,,,2301,2000,5,0.2657894057817757
ABANDONED,,,1365,3737,1,0.4605737746208906
ABANDONED,,,2915,1455,9,0.669358565846458
ABANDONED,,,3797,4813,4,0.0252325121443718
ABANDONED,,,362,66,6,0.8455737166963517
ABANDONED,,,538,4866,2,0.3390225620884448
ABANDONED,,,3973,238,10,0.5317759931311011
ABANDONED,,,3052,3443,5,0.1467154391147196
ABANDONED,,,1502,1349,7,0.9832093467023224
ABANDONED,,,2438,3050,9,0.8040466265324502
ABANDONED,,,3363,2055,1,0.0767492889165878
ABANDONED,,,4911,4165,6,0.7423176411502063
ABANDONED,,,852,626,4,0.3781123173963278
ABANDONED,,,1007,3211,6,0.038673224914819
ABANDONED,,,4442,1591,3,0.8400516456123441
ABANDONED,,,3520,4639,9,0.4785025910008698
ABANDONED,,,1970,475,1,0.6439984124675393
ABANDONED,,,1656,3777,4,0.5735983792208134
ABANDONED,,,2582,1025,8,0.2990275685768574
ABANDONED,,,4131,2666,3,0.878951170215383
ABANDONED,,,71,2448,10,0.2491462230235338
ABANDONED,,,16,3283,2,0.8319460951108484
ABANDONED,,,4067,1821,10,0.0466493945941328
ABANDONED,,,2646,4398,5,0.6518519863821565
ABANDONED,,,1710,393,8,0.4702758649494498
ABANDONED,,,2024,4005,8,0.306767034554854
ABANDONED,,,3584,1099,1,0.5662320653796195
ABANDONED,,,4378,2582,7,0.2416573134176433
ABANDONED,,,953,2210,3,0.8865694606434554
ABANDONED,,,799,4791,6,0.5398818893916904
ABANDONED,,,4849,10,4,0.3310461656209081
ABANDONED,,,3426,3680,9,0.9753559103477744
ABANDONED,,,2491,1433,1,0.154941908635199
ABANDONED,,,1555,2819,5,0.069010168697685
ABANDONED,,,3115,1983,7,0.8114127135854214
ABANDONED,,,3910,4247,2,0.3856013645622879
ABANDONED,,,485,867,10,0.7346990941911936
ABANDONED,,,348,4182,4,0.1965004089679568
ABANDONED,,,3773,688,6,0.9238077234067023
ABANDONED,,,2939,3111,1,0.258057583682239
ABANDONED,,,1379,2072,9,0.622372853251174
ABANDONED,,,2315,3499,7,0.6614973480533808
ABANDONED,,,3251,1371,5,0.4687929162792861
ABANDONED,,,4712,4888,10,0.8536716828048229
ABANDONED,,,662,295,2,0.017248698586598
ABANDONED,,,1128,2723,9,0.4267987511232495
ABANDONED,,,4554,2470,3,0.7014204682875425
ABANDONED,,,3721,3799,8,0.1215568279679864
ABANDONED,,,2161,1081,4,0.7514345983453093
ABANDONED,,,1847,4656,1,0.9617510307878256
ABANDONED,,,2782,536,8,0.1603844941649585
ABANDONED,,,4242,3272,4,0.5219935100954026
ABANDONED,,,193,1608,6,0.3566095342598855
ABANDONED,,,273,4510,9,0.006673686446622
ABANDONED,,,4319,388,1,0.8738728660568595
ABANDONED,,,2702,3434,6,0.4478759819604456
ABANDONED,,,1771,1777,4,0.6723008065726607
ABANDONED,,,2085,2577,2,0.602280178869143
ABANDONED,,,3640,2321,10,0.2687715463638305
ABANDONED,,,4630,3961,5,0.9128957560174166
ABANDONED,,,1210,1250,7,0.2172783927451819
ABANDONED,,,743,3665,5,0.3690444477684796
ABANDONED,,,4788,1535,7,0.503834670042619
ABANDONED,,,3169,4737,3,0.179319938885048
ABANDONED,,,2240,151,10,0.9490268172994256
ABANDONED,,,1303,4349,7,0.7694887365959585
ABANDONED,,,2859,852,3,0.108986770985648
ABANDONED,,,3849,2960,8,0.7142493835780769
ABANDONED,,,429,1929,2,0.4079984498769044
ABANDONED,,,566,2988,8,0.8994592815842479
ABANDONED,,,3986,2144,4,0.2227961065210402
ABANDONED,,,3034,4099,9,0.5843471241518854
ABANDONED,,,1479,721,3,0.2941360570508986
ABANDONED,,,2415,4960,3,0.4892722301911562
ABANDONED,,,3346,172,6,0.6390668523721396
ABANDONED,,,4925,3532,1,0.059145213752985
ABANDONED,,,879,1287,9,0.8137263494078069
ABANDONED,,,1033,3862,1,0.7238480473235249
ABANDONED,,,4454,948,9,0.406318427817896
ABANDONED,,,3504,2746,4,0.7913809448536485
ABANDONED,,,1948,2376,6,0.0796632257290184
ABANDONED,,,1635,3139,10,0.1340858799666166
ABANDONED,,,2565,1671,2,0.9860984632167964
ABANDONED,,,4143,4563,7,0.320532074002549
ABANDONED,,,98,560,5,0.5600221521221102
ABANDONED,,,85,4559,1,0.2175764751918613
ABANDONED,,,4155,556,9,0.9097975751515476
ABANDONED,,,2577,3135,4,0.2674383020866662
ABANDONED,,,1623,1667,6,0.6044643028154969
ABANDONED,,,1936,2742,10,0.6745328794978558
ABANDONED,,,3516,2372,2,0.4467422481160611
ABANDONED,,,4466,3858,7,0.8706056313011795
ABANDONED,,,1021,944,5,0.0068933633714914
ABANDONED,,,867,3518,8,0.4086467844266444
ABANDONED,,,4937,1274,5,0.7105572982653975
ABANDONED,,,3358,4947,10,0.1073032746054232
ABANDONED,,,2403,158,3,0.7722667649891227
ABANDONED,,,1467,4085,3,0.95163959887065
ABANDONED,,,3046,707,7,0.1775618440508842
ABANDONED,,,3998,2974,2,0.5001867266409099
ABANDONED,,,553,2131,8,0.3698884856831282
ABANDONED,,,416,2955,4,0.8140375149324535
ABANDONED,,,3861,1924,8,0.0560301427412778
ABANDONED,,,2871,4344,3,0.6378418678697197
ABANDONED,,,1291,847,9,0.4913519014306366
ABANDONED,,,2227,4733,6,0.2964116695970296
ABANDONED,,,3182,147,3,0.583166043618694
ABANDONED,,,4800,3661,9,0.2196066749971359
ABANDONED,,,730,1531,1,0.8996049623452126
ABANDONED,,,1197,3947,9,0.5607140262927859
ABANDONED,,,4642,1235,1,0.3167926420010626
ABANDONED,,,3652,2562,6,0.9844927700683473
ABANDONED,,,2073,2307,4,0.1367899121958762
ABANDONED,,,1759,3419,2,0.0822890903782099
ABANDONED,,,2714,1763,10,0.7896059598736463
ABANDONED,,,4331,4496,5,0.4027787441909312
ABANDONED,,,261,373,7,0.7245876325313002
ABANDONED,,,185,3276,10,0.8893478478081523
ABANDONED,,,4250,1612,2,0.2399734582658857
ABANDONED,,,2789,4660,8,0.5625403425563126
ABANDONED,,,1840,540,5,0.3074150066152214
ABANDONED,,,2154,3803,1,0.4711202616356313
ABANDONED,,,3728,1085,8,0.6482036842089146
ABANDONED,,,4561,2727,3,0.0448916622493416
ABANDONED,,,1121,2474,7,0.8345585141927004
ABANDONED,,,654,4902,4,0.7368835806269198
ABANDONED,,,4719,308,6,0.3842677577957511
ABANDONED,,,3258,3512,1,0.8083148914910852
ABANDONED,,,2308,1385,9,0.0693078923728317
ABANDONED,,,1372,3124,7,0.1551619480494409
ABANDONED,,,2946,2086,5,0.972088313102722
ABANDONED,,,3780,4196,10,0.3299127905480563
ABANDONED,,,341,701,2,0.5421136035453527
ABANDONED,,,477,4251,6,0.0199526062682271
ABANDONED,,,3917,871,4,0.8520661142040044
ABANDONED,,,3122,2823,9,0.4650533634480089
ABANDONED,,,1547,1987,1,0.6621893430538475
ABANDONED,,,2484,3685,5,0.6231123139113188
ABANDONED,,,3433,1438,7,0.2545180246029049
ABANDONED,,,4856,4796,2,0.9220326175969092
ABANDONED,,,791,14,10,0.1991263944469392
ABANDONED,,,946,2596,3,0.3586890846695751
ABANDONED,,,4385,2224,9,0.5207686464227737
ABANDONED,,,3591,4020,5,0.1572692986056208
ABANDONED,,,2017,1113,8,0.9620623208601028
ABANDONED,,,1703,4413,8,0.7515801582764833
ABANDONED,,,2653,407,1,0.118367517273873
ABANDONED,,,4074,3297,6,0.7002392632067203
ABANDONED,,,9,1836,4,0.4290744882170111
ABANDONED,,,63,2670,6,0.5285011786296963
ABANDONED,,,4138,2452,3,0.3513144763279706
ABANDONED,,,2589,3781,8,0.954566536968574
ABANDONED,,,1649,1029,2,0.164879235047847
ABANDONED,,,1963,4643,5,0.110270261272788
ABANDONED,,,3527,479,7,0.759563261726871
ABANDONED,,,4449,3215,3,0.4369364161174744
ABANDONED,,,1000,1595,10,0.6920194114409387
ABANDONED,,,844,4179,2,0.8443333849515766
ABANDONED,,,4919,640,10,0.0273275306262075
ABANDONED,,,3370,3063,5,0.669684840671718
ABANDONED,,,2431,2068,7,0.45744359430857
ABANDONED,,,1494,3456,9,0.2626150835584848
ABANDONED,,,3059,1363,1,0.6151295264773071
ABANDONED,,,3980,4880,6,0.1912641802728176
ABANDONED,,,530,252,4,0.9302526366654784
ABANDONED,,,355,4818,10,0.3764134737737476
ABANDONED,,,3804,70,2,0.7451110167857259
ABANDONED,,,2923,3741,7,0.0774127327669411
ABANDONED,,,1358,1460,5,0.8003394319191574
ABANDONED,,,2294,2884,1,0.9795765126012264
ABANDONED,,,3234,2004,9,0.1475443677287548
ABANDONED,,,4743,4269,4,0.53437342745997
ABANDONED,,,668,932,6,0.3372798144966364
ABANDONED,,,1136,3358,3,0.2478280880469828
ABANDONED,,,4586,1853,6,0.8811201848611235
ABANDONED,,,3703,4430,1,0.2993103037811815
ABANDONED,,,2138,469,9,0.5705155455972998
ABANDONED,,,1825,4041,8,0.6407158304695039
ABANDONED,,,2764,1169,4,0.4787376151680946
ABANDONED,,,4275,2652,10,0.8422988278381526
ABANDONED,,,200,2246,3,0.037524381769821
ABANDONED,,,276,3875,5,0.3250124194100499
ABANDONED,,,4356,1005,7,0.552852053778246
ABANDONED,,,2689,2803,2,0.1288068831022828
ABANDONED,,,1744,2389,10,0.9925900706835092
ABANDONED,,,2058,3191,6,0.7819959490746259
ABANDONED,,,3627,1689,4,0.0897848296556621
ABANDONED,,,4667,4580,9,0.731962315229699
ABANDONED,,,1213,612,1,0.3950462565980851
ABANDONED,,,744,3030,8,0.0478100493159145
ABANDONED,,,4824,2152,2,0.8218996844924986
ABANDONED,,,3158,4107,7,0.4993347632214427
ABANDONED,,,2213,763,3,0.6297448535282165
ABANDONED,,,1277,4964,2,0.5907757384013383
ABANDONED,,,2847,219,10,0.2889161273650824
ABANDONED,,,3885,3580,5,0.8922301123440266
ABANDONED,,,430,1291,8,0.2273394488636404
ABANDONED,,,606,3600,1,0.7031902594454587
ABANDONED,,,4061,1514,8,0.416386856412515
ABANDONED,,,2983,4716,3,0.7798843601811676
ABANDONED,,,1414,85,6,0.0998151792064309
ABANDONED,,,2350,4323,9,0.1855372887514531
ABANDONED,,,3295,791,3,0.9435346543770284
ABANDONED,,,5000,2899,8,0.361661064395681
ABANDONED,,,920,1902,4,0.5080411147624254
ABANDONED,,,1076,4474,7,0.9171648407597094
ABANDONED,,,4530,317,5,0.209836057446897
ABANDONED,,,3452,3363,10,0.5968469641543925
ABANDONED,,,1882,1741,2,0.2749262599255889
ABANDONED,,,1568,2501,4,0.4387670302037149
ABANDONED,,,2513,2290,6,0.6826374782323837
ABANDONED,,,4219,3929,1,0.0151210411898791
ABANDONED,,,140,1174,9,0.8627511056195944
ABANDONED,,,135,3495,4,0.1060524408929049
ABANDONED,,,4184,1404,6,0.7665735663902014
ABANDONED,,,2528,4918,1,0.4109331406001001
ABANDONED,,,1593,293,9,0.7171641931533813
ABANDONED,,,1906,4218,7,0.5067370583154261
ABANDONED,,,3467,681,5,0.3719878716971725
ABANDONED,,,4496,3102,10,0.9461247896570713
ABANDONED,,,1071,2109,2,0.1763761543259024
ABANDONED,,,915,4681,10,0.2736231552455574
ABANDONED,,,4966,520,3,0.6071728196889162
ABANDONED,,,3310,3253,8,0.2124271444939076
ABANDONED,,,2374,1636,4,0.908002754567191
ABANDONED,,,1438,2709,1,0.8689893190730363
ABANDONED,,,2998,2493,9,0.0018092956319451
ABANDONED,,,4026,3820,3,0.6771847141869365
ABANDONED,,,602,1069,6,0.4527400121446699
ABANDONED,,,464,4004,3,0.9909821812212468
ABANDONED,,,3890,1130,10,0.1389502187315374
ABANDONED,,,2823,2615,5,0.5551383114289492
ABANDONED,,,1262,2206,7,0.3156678579263388
ABANDONED,,,2199,3321,8,0.401467004828155
ABANDONED,,,3134,1813,2,0.7189553395826369
ABANDONED,,,4828,4392,6,0.0845145260300487
ABANDONED,,,779,429,3,0.7962737752832472
ABANDONED,,,1247,2847,6,0.6361646499913186
ABANDONED,,,4672,1964,4,0.4863287393413484
ABANDONED,,,3603,4231,9,0.8166284290999173
ABANDONED,,,2043,893,1,0.0620888272915035
ABANDONED,,,1729,4781,5,0.2257306076344102
ABANDONED,,,2665,31,7,0.9023743997402488
ABANDONED,,,4361,3704,2,0.2912014332488179
ABANDONED,,,310,1420,10,0.5814321286845952
ABANDONED,,,235,4923,8,0.806515780519694
ABANDONED,,,4280,180,4,0.0641628520619124
ABANDONED,,,2740,3539,9,0.7395963878873735
ABANDONED,,,1810,1252,3,0.3904483205676078
ABANDONED,,,2123,2989,4,0.3359148449636995
ABANDONED,,,3679,2114,6,0.5447611478473992
ABANDONED,,,4592,4066,1,0.1500735899228602
ABANDONED,,,1171,725,8,0.9704762912616132
ABANDONED,,,703,3150,1,0.5691515278313309
ABANDONED,,,4748,1650,9,0.3096970724016427
ABANDONED,,,3210,4539,4,0.8836503588221966
ABANDONED,,,2279,573,6,0.2387269149404019
ABANDONED,,,1343,3834,10,0.0437016821373254
ABANDONED,,,2898,967,2,0.8290479953661561
ABANDONED,,,3809,2762,7,0.47322393803671
ABANDONED,,,389,2351,5,0.6547497254963964
ABANDONED,,,526,2541,9,0.1633322586715221
ABANDONED,,,3946,2327,1,0.964648959511891
ABANDONED,,,3074,3969,6,0.3536616470646113
ABANDONED,,,1518,1212,4,0.5190957040600479
ABANDONED,,,2455,4514,2,0.698501072756946
ABANDONED,,,3385,355,10,0.4238685273844748
ABANDONED,,,4885,3403,5,0.7543538711871952
ABANDONED,,,840,1778,7,0.1244871743954718
ABANDONED,,,995,4362,5,0.4639243038576096
ABANDONED,,,4415,828,8,0.6566179037056862
ABANDONED,,,3542,2939,3,0.0221171883195638
ABANDONED,,,1987,1939,10,0.8585512498412281
ABANDONED,,,1673,3640,7,0.9287047085221856
ABANDONED,,,2603,1551,3,0.2013475545831024
ABANDONED,,,4104,4755,8,0.61747574544698
ABANDONED,,,59,123,2,0.2532105607558041
ABANDONED,,,34,4122,8,0.6644789393246174
ABANDONED,,,4089,747,1,0.4557054633442312
ABANDONED,,,2619,3011,6,0.8504529825877398
ABANDONED,,,1698,2170,3,0.0301011840514838
ABANDONED,,,2012,3556,3,0.1938508784100413
ABANDONED,,,3557,1313,9,0.9363156562168152
ABANDONED,,,4400,4984,4,0.2609420817103236
ABANDONED,,,970,197,8,0.6101020293869078
ABANDONED,,,816,2779,5,0.9567877565901726
ABANDONED,,,4871,2412,7,0.1715513854585588
ABANDONED,,,3399,3895,2,0.5271936552971601
ABANDONED,,,2479,984,10,0.3456778483781963
ABANDONED,,,1542,4596,6,0.4313650362547487
ABANDONED,,,3088,595,4,0.690890411335975
ABANDONED,,,3932,3172,9,0.1167553374245762
ABANDONED,,,502,1706,1,0.7617277842927724
ABANDONED,,,326,3381,7,0.3019579075686633
ABANDONED,,,3756,1722,5,0.5765176594983786
ABANDONED,,,2951,4458,10,0.2462160067204386
ABANDONED,,,1406,333,2,0.8760317672491073
ABANDONED,,,2342,3908,4,0.8371538470126688
ABANDONED,,,3263,1194,6,0.0357253302838653
ABANDONED,,,4695,2524,1,0.6468963337559251
ABANDONED,,,640,2266,9,0.4814503629431128
ABANDONED,,,1107,4694,2,0.0719022734258323
ABANDONED,,,4537,106,8,0.7991495112925768
ABANDONED,,,3733,3622,3,0.3829594555757939
ABANDONED,,,2187,1490,7,0.7472146337013692
ABANDONED,,,1874,2917,10,0.5366555527318267
ABANDONED,,,2794,1883,3,0.34389105925709
ABANDONED,,,4226,4306,7,0.9783299097903072
ABANDONED,,,171,806,5,0.1418468192573636
ABANDONED,,,246,3085,2,0.493702410787344
ABANDONED,,,4306,2048,10,0.6284330546800047
ABANDONED,,,2719,4156,5,0.0544779242109507
ABANDONED,,,1793,664,7,0.8241251796297729
ABANDONED,,,2107,4862,9,0.8943903593942522
ABANDONED,,,3657,271,1,0.2338288005311042
ABANDONED,,,4617,3473,6,0.5896510138120502
ABANDONED,,,1183,1348,4,0.2833404719866812
ABANDONED,,,716,3764,6,0.1315762610118836
ABANDONED,,,4775,1047,4,0.9987139438353478
ABANDONED,,,3187,2687,8,0.3232785639613866
ABANDONED,,,2262,2436,1,0.5476418769154697
ABANDONED,,,1325,3236,5,0.7269390936549753
ABANDONED,,,2876,1575,8,0.3933689792342484
ABANDONED,,,3837,4621,3,0.7880546931102871
ABANDONED,,,402,503,9,0.0923758033085614
ABANDONED,,,578,4454,3,0.5989462906830013
ABANDONED,,,4012,446,7,0.2814765321146696
ABANDONED,,,3012,3338,1,0.9159792105201632
ABANDONED,,,1462,1874,8,0.2043213077187538
ABANDONED,,,2398,2637,8,0.0094277831055223
ABANDONED,,,3324,2262,5,0.8615002124216407
ABANDONED,,,4952,4060,10,0.4453739845771342
ABANDONED,,,891,1151,2,0.684923893891275
ABANDONED,,,1045,3726,10,0.7748002329561859
ABANDONED,,,4481,1476,2,0.0981988074928522
ABANDONED,,,3482,4837,7,0.7091880829595029
ABANDONED,,,1931,53,5,0.4190387505870312
ABANDONED,,,1618,4292,1,0.3643695217836648
ABANDONED,,,2543,910,9,0.5142259084358811
ABANDONED,,,4169,2864,4,0.1837425276525318
ABANDONED,,,110,2026,6,0.93838538316451
ABANDONED,,,117,4283,3,0.7602581966090947
ABANDONED,,,4162,900,6,0.1114026594832539
ABANDONED,,,2545,2854,1,0.6913852706737816
ABANDONED,,,1615,2016,9,0.435743223791942
ABANDONED,,,1929,3716,8,0.350071145216003
ABANDONED,,,3484,1466,4,0.5276734053343534
ABANDONED,,,4473,4827,9,0.1661833602748811
ABANDONED,,,1053,43,3,0.9553335161488504
ABANDONED,,,898,2627,10,0.6164445449747145
ABANDONED,,,4944,2253,2,0.2633710504975169
ABANDONED,,,3326,4051,7,0.9289984122831372
ABANDONED,,,2396,1142,5,0.1904474192187189
ABANDONED,,,1460,4444,1,0.0266823776178061
ABANDONED,,,3015,436,9,0.8431510858964175
ABANDONED,,,4005,3328,4,0.4581495414320379
ABANDONED,,,585,1864,6,0.6708063456118107
ABANDONED,,,409,3226,2,0.1481893348451703
ABANDONED,,,3830,1565,10,0.9807588785775004
ABANDONED,,,2878,4611,5,0.3365738153234124
ABANDONED,,,1323,493,7,0.5332520935405046
ABANDONED,,,2259,3754,9,0.7437958272676914
ABANDONED,,,3189,1038,1,0.3756575588844716
ABANDONED,,,4768,2677,6,0.8015935893803834
ABANDONED,,,723,2427,4,0.0782296797130256
ABANDONED,,,1190,4852,7,0.4799807752594351
ABANDONED,,,4610,261,3,0.6415436558146029
ABANDONED,,,3660,3463,8,0.036220189621672
ABANDONED,,,2105,1338,2,0.8415320345498621
ABANDONED,,,1791,3075,5,0.880425064086914
ABANDONED,,,2721,2039,7,0.2466957567576318
ABANDONED,,,4299,4147,3,0.571149634314701
ABANDONED,,,253,654,10,0.300503667127341
ABANDONED,,,173,2927,7,0.0889722251463681
ABANDONED,,,4223,1893,5,0.7807375681474805
ABANDONED,,,2802,4316,10,0.3957978290505707
ABANDONED,,,1867,816,2,0.733281728213653
ABANDONED,,,2180,4704,4,0.553969164231792
ABANDONED,,,3740,115,6,0.3257227610200643
ABANDONED,,,4535,3632,1,0.9914119281731544
ABANDONED,,,1109,1500,9,0.1281575735490769
ABANDONED,,,642,3918,1,0.2877185405530035
ABANDONED,,,4693,1204,8,0.5901459921207279
ABANDONED,,,3270,2534,4,0.2284760036189109
ABANDONED,,,2335,2276,6,0.8929208906814456
ABANDONED,,,1399,3391,9,0.8226708202175796
ABANDONED,,,2958,1732,3,0.049110017998144
ABANDONED,,,3754,4467,8,0.628912685746327
ABANDONED,,,329,343,5,0.4980958265960216
ABANDONED,,,504,4605,8,0.9427634517308324
ABANDONED,,,3930,605,1,0.1842375059612095
ABANDONED,,,3095,3182,7,0.5088731115236877
ABANDONED,,,1535,1716,3,0.362900053070858
ABANDONED,,,2472,2789,2,0.4175843911748379
ABANDONED,,,3406,2422,10,0.7038201767466962
ABANDONED,,,4868,3905,5,0.0986784385591745
ABANDONED,,,818,993,8,0.7791936487648636
ABANDONED,,,973,3565,5,0.6815203157290816
ABANDONED,,,4398,1323,7,0.4380568596143275
ABANDONED,,,3564,4994,2,0.863929062237963
ABANDONED,,,2005,207,10,0.0157704176642
ABANDONED,,,1691,4132,6,0.2106485950350761
ABANDONED,,,2626,756,4,0.9184234075788408
ABANDONED,,,4087,3021,9,0.2741745164524763
ABANDONED,,,36,2180,1,0.5955276032201946
ABANDONED,,,51,3649,9,0.4454228871818631
ABANDONED,,,4112,1561,1,0.6737811360247433
ABANDONED,,,2601,4765,6,0.0081519301906228
ABANDONED,,,1675,133,4,0.8714181688893586
ABANDONED,,,1989,4372,2,0.9104469516258686
ABANDONED,,,3539,838,10,0.21875443181023
ABANDONED,,,4423,2949,5,0.6037541322261095
ABANDONED,,,988,1949,7,0.2663211395833641
ABANDONED,,,832,4523,4,0.1768711326345801
ABANDONED,,,4892,364,8,0.9505028582233936
ABANDONED,,,3383,3413,3,0.3705184029843658
ABANDONED,,,2458,1788,9,0.5013842614032327
ABANDONED,,,1521,2551,6,0.7117962869405746
ABANDONED,,,3072,2337,3,0.4094787811879068
ABANDONED,,,3954,3979,9,0.770966982198879
ABANDONED,,,518,1221,1,0.1065320719592273
ABANDONED,,,382,3844,7,0.5819271069932728
ABANDONED,,,3817,976,5,0.2955795018151402
ABANDONED,,,2896,2772,10,0.900904931027442
ABANDONED,,,1345,2360,3,0.2203778107222169
ABANDONED,,,2281,3160,3,0.0567209210786968
ABANDONED,,,3207,1660,6,0.8151740696877241
ABANDONED,,,4756,4549,2,0.490722155150026
ABANDONED,,,695,583,8,0.6366442810576409
ABANDONED,,,1163,2999,1,0.7889566503204404
ABANDONED,,,4599,2124,9,0.0811109478678554
ABANDONED,,,3676,4076,4,0.7252979741413145
ABANDONED,,,2126,735,6,0.4038958546444773
ABANDONED,,,1812,4932,10,0.3181120549850166
ABANDONED,,,2737,190,2,0.5614655987452715
ABANDONED,,,4287,3548,7,0.1355315312687307
ABANDONED,,,227,1262,5,0.9836801655590534
ABANDONED,,,308,4771,3,0.6493970475550741
ABANDONED,,,4363,21,9,0.4717543503530323
ABANDONED,,,2657,3694,4,0.8334261829033494
ABANDONED,,,1737,1410,8,0.0441965414751321
ABANDONED,,,2051,2837,8,0.2392066649775952
ABANDONED,,,3596,1955,1,0.8880436556600034
ABANDONED,,,4674,4221,6,0.3082428319603204
ABANDONED,,,1244,883,4,0.5637835026476532
ABANDONED,,,776,3311,6,0.9729052600488066
ABANDONED,,,4831,1803,4,0.1564161055106669
ABANDONED,,,3126,4383,9,0.5413576886560768
ABANDONED,,,2206,419,1,0.3285976010300218
ABANDONED,,,1270,3995,5,0.3831464238762855
ABANDONED,,,2815,1120,7,0.7361775814536959
ABANDONED,,,3892,2605,2,0.0704902583491057
ABANDONED,,,462,2196,10,0.8089598586075007
ABANDONED,,,599,2699,4,0.2556395295429974
ABANDONED,,,4029,2483,6,0.6238182610347865
ABANDONED,,,2991,3810,1,0.1979440953917801
ABANDONED,,,1446,1060,9,0.921387464588508
ABANDONED,,,2382,4672,7,0.8512493531499057
ABANDONED,,,3302,510,5,0.0186983818858861
ABANDONED,,,4968,3244,10,0.6629453099928795
ABANDONED,,,912,1626,2,0.4663683819454163
ABANDONED,,,1068,4208,10,0.1191344964541494
ABANDONED,,,4499,672,3,0.7528842835035175
ABANDONED,,,3459,3092,8,0.4282467149216681
ABANDONED,,,1914,2100,5,0.6989959320947527
ABANDONED,,,1600,3485,2,0.5195754540972412
ABANDONED,,,2520,1394,8,0.358054943902418
ABANDONED,,,4187,4908,3,0.9631947190705686
ABANDONED,,,132,283,7,0.1579642334878444
ABANDONED,,,147,2511,2,0.9356053146068006
ABANDONED,,,4212,2300,8,0.1927337679564952
ABANDONED,,,2515,3939,3,0.6107513389401137
ABANDONED,,,1566,1184,7,0.2621202242206782
ABANDONED,,,1879,4484,10,0.4569638442713767
ABANDONED,,,3454,327,3,0.6652915438339114
ABANDONED,,,4523,3373,7,0.0287817710675299
ABANDONED,,,1083,1750,5,0.8497014101352542
ABANDONED,,,927,4332,7,0.6895904426537453
ABANDONED,,,4993,801,5,0.4305939005296677
ABANDONED,,,3297,2909,10,0.7629667209181935
ABANDONED,,,2347,1912,2,0.1175875052064657
ABANDONED,,,1411,3610,4,0.1721811317391693
ABANDONED,,,2986,1524,6,0.9579853434022516
ABANDONED,,,4053,4725,1,0.3449870700407773
ABANDONED,,,614,95,9,0.5260571005418896
ABANDONED,,,438,4973,5,0.0350954129826277
ABANDONED,,,3878,229,7,0.835956312250346
ABANDONED,,,2849,3589,2,0.4821410743594169
ABANDONED,,,1274,1300,10,0.6480330744031816
ABANDONED,,,2211,3040,6,0.5778174422886223
ABANDONED,,,3160,2162,4,0.3027291102148592
ABANDONED,,,4816,4117,9,0.8747927785739302
ABANDONED,,,752,773,1,0.2453840099591761
ABANDONED,,,1220,3201,9,0.3426324924379587
ABANDONED,,,4660,1698,1,0.5358430151436477
ABANDONED,,,3630,4590,6,0.1431661801915615
ABANDONED,,,2055,622,3,0.9790816532634198
ABANDONED,,,1741,3885,3,0.7998596818819642
ABANDONED,,,2691,1015,10,0.0730194359291344
ABANDONED,,,4349,2813,4,0.7465652572270483
ABANDONED,,,283,2399,8,0.3817814989574253
ABANDONED,,,203,4032,10,0.2346565738264471
ABANDONED,,,4272,1159,2,0.8956336905062198
ABANDONED,,,2772,2643,7,0.2825734928064048
ABANDONED,,,1818,2236,5,0.588346888585016
ABANDONED,,,2131,3348,1,0.6273006564695388
ABANDONED,,,3711,1843,9,0.4930074759051203
ABANDONED,,,4584,4420,4,0.8253183719553053
ABANDONED,,,1139,459,6,0.0551120649781078
ABANDONED,,,671,2874,3,0.3945512782894075
ABANDONED,,,4741,1994,7,0.7275842466633767
ABANDONED,,,3241,4259,2,0.0912542983684688
ABANDONED,,,2286,923,8,0.7873487459868193
ABANDONED,,,1351,4808,8,0.9979579768963158
ABANDONED,,,2930,61,5,0.1302612425144761
ABANDONED,,,3802,3731,10,0.5484586379695683
ABANDONED,,,357,1450,2,0.3245327883437275
ABANDONED,,,533,3447,6,0.8622561273109168
ABANDONED,,,3978,1353,4,0.0107429726235568
ABANDONED,,,3067,4870,8,0.6841069469451904
ABANDONED,,,1487,242,1,0.4441198271159082
ABANDONED,,,2424,4169,4,0.2802941661383956
ABANDONED,,,3378,631,8,0.5983013235665858
ABANDONED,,,4916,3053,3,0.2054426416382193
ABANDONED,,,847,2059,9,0.9166852096933872
ABANDONED,,,1002,4633,2,0.515358239725232
ABANDONED,,,4447,469,10,0.3650646425578742
ABANDONED,,,3535,3205,5,0.9371920198183507
ABANDONED,,,1955,1585,7,0.1831084389351308
ABANDONED,,,1641,2661,9,0.0973709821477532
ABANDONED,,,2596,2442,1,0.7735570728648454
ABANDONED,,,4136,3771,6,0.4198055438753217
ABANDONED,,,66,1019,4,0.7104922751076518
ABANDONED,,,2,4403,6,0.3732920638453215
ABANDONED,,,4082,398,4,0.5075038516037165
ABANDONED,,,2651,3287,9,0.1751329942345619
ABANDONED,,,1705,1826,1,0.9452969643119722
ABANDONED,,,2019,2586,5,0.7659394776728004
ABANDONED,,,3589,2214,7,0.1048590775467455
ABANDONED,,,4393,4010,2,0.7178593139275908
ABANDONED,,,938,1103,10,0.4120654718894511
ABANDONED,,,784,3675,3,0.0025152948051691
ABANDONED,,,4863,1428,10,0.8701106529925018
ABANDONED,,,3431,4786,5,0.4520950450282543
ABANDONED,,,2486,5,8,0.6760023482106626
ABANDONED,,,1550,4242,8,0.6059186622276901
ABANDONED,,,3120,861,2,0.2728062082994729
ABANDONED,,,3925,2814,7,0.9093179440852254
ABANDONED,,,470,1977,3,0.2131830593831837
ABANDONED,,,334,3115,9,0.7202095639649778
ABANDONED,,,3788,2076,3,0.4022837658822536
ABANDONED,,,2944,4186,8,0.7949587567858398
ABANDONED,,,1374,691,4,0.0837585590910166
ABANDONED,,,2310,4892,1,0.1382442716080695
ABANDONED,,,3255,298,9,0.989860676281154
ABANDONED,,,4727,3503,3,0.3163130109347402
ABANDONED,,,647,1375,6,0.5563206104841083
ABANDONED,,,1114,3793,4,0.903008540507406
ABANDONED,,,4569,1075,6,0.2269237999599426
ABANDONED,,,3726,2717,1,0.5807371938023717
ABANDONED,,,2156,2464,9,0.290069035038352
ABANDONED,,,1843,3266,7,0.4850246141143143
ABANDONED,,,2787,1602,5,0.6353976708110421
ABANDONED,,,4257,4650,10,0.0633321584034711
ABANDONED,,,178,531,2,0.8174562023952602
ABANDONED,,,258,3429,5,0.5435831912290305
ABANDONED,,,4333,1773,8,0.3352654684893787
ABANDONED,,,2707,4506,2,0.9715934537649153
ABANDONED,,,1766,383,10,0.1507837605122476
ABANDONED,,,2080,3956,7,0.064914595535025
ABANDONED,,,3645,1245,3,0.807835141453892
ABANDONED,,,4644,2572,8,0.3896357829794287
ABANDONED,,,1195,2317,1,0.7383378210682421
ABANDONED,,,728,4742,9,0.8282159986048936
ABANDONED,,,4802,156,1,0.0424626934621483
ABANDONED,,,3174,3671,6,0.6555209281425923
ABANDONED,,,2235,1540,4,0.4745237208269536
ABANDONED,,,1298,2965,2,0.3108338130488991
ABANDONED,,,2864,1934,10,0.5698422392476349
ABANDONED,,,3864,4354,5,0.237529380178079
ABANDONED,,,414,857,7,0.8830204415209592
ABANDONED,,,551,4095,1,0.4227319726292043
ABANDONED,,,4000,717,9,0.697810294419527
ABANDONED,,,3039,2984,4,0.1256847612075507
ABANDONED,,,1474,2140,6,0.7549836174678057
ABANDONED,,,2410,3528,10,0.9654811272937804
ABANDONED,,,3351,1283,2,0.1645711952969431
ABANDONED,,,4939,4957,7,0.5183245683349668
ABANDONED,,,864,168,5,0.3523616783823818
ABANDONED,,,1019,2752,8,0.2005959821306169
ABANDONED,,,4469,2382,4,0.9273852955382316
ABANDONED,,,3509,3868,9,0.2540231652650982
ABANDONED,,,1943,954,3,0.6187341263741255
ABANDONED,,,1630,4568,4,0.6577960462160408
ABANDONED,,,2570,566,6,0.4645736134108156
ABANDONED,,,4157,3145,1,0.857434139387682
ABANDONED,,,83,1676,8,0.0214068467095494
ABANDONED,,,90,3129,8,0.7410417287498712
ABANDONED,,,4150,1661,5,0.3880302143786102
ABANDONED,,,2562,4553,10,0.8040955886226147
ABANDONED,,,1637,550,2,0.0656065905354916
ABANDONED,,,1951,3852,3,0.1515232211723923
ABANDONED,,,3501,938,7,0.9680538946855812
ABANDONED,,,4461,2736,1,0.3334903626795858
ABANDONED,,,1026,2366,8,0.5462091767080128
ABANDONED,,,872,4951,1,0.8850999919306486
ABANDONED,,,4932,162,9,0.23630451650545
ABANDONED,,,3343,3522,4,0.5667270436882972
ABANDONED,,,2418,1278,6,0.3111451031211763
ABANDONED,,,1482,2978,10,0.4746692807581275
ABANDONED,,,3032,2134,2,0.6523316174484788
ABANDONED,,,3993,4089,7,0.0412814883813261
ABANDONED,,,558,711,5,0.8304917356986551
ABANDONED,,,421,4339,9,0.3551400655470788
ABANDONED,,,3857,842,1,0.5166407131832093
ABANDONED,,,2856,2950,6,0.1608794724736362
ABANDONED,,,1306,1919,4,0.966129099354148
ABANDONED,,,2242,3656,2,0.7558280141539871
ABANDONED,,,3167,1526,10,0.1220364590343087
ABANDONED,,,4795,4728,5,0.6960525620747356
ABANDONED,,,735,141,7,0.4253443917110562
ABANDONED,,,1202,2567,5,0.0235913331452757
ABANDONED,,,4637,2312,8,0.8561005326211452
ABANDONED,,,3638,3951,3,0.4614757913164794
ABANDONED,,,2088,1240,9,0.6580937698911875
ABANDONED,,,1774,4500,6,0.6189541657883673
ABANDONED,,,2699,378,4,0.2507555680200456
ABANDONED,,,4326,3424,8,0.92625192046538
ABANDONED,,,266,1767,1,0.2028276962842792
ABANDONED,,,190,4666,4,0.4123766374140978
ABANDONED,,,4245,546,6,0.7147442429158836
ABANDONED,,,2775,3281,1,0.1036340930443257
ABANDONED,,,1855,1618,9,0.7680191489122808
ABANDONED,,,2168,2732,7,0.9475725768581033
ABANDONED,,,3714,2480,5,0.1739519137013703
ABANDONED,,,4557,3809,10,0.5043144200798124
ABANDONED,,,1126,1091,2,0.3734377446062863
ABANDONED,,,659,3509,10,0.2138749335538595
ABANDONED,,,4715,1381,3,0.905578512083739
ABANDONED,,,3243,4898,8,0.2712005151510238
ABANDONED,,,2323,304,5,0.6086226944569498
ABANDONED,,,1386,4192,2,0.678628212859854
ABANDONED,,,2932,697,8,0.4503200600482523
ABANDONED,,,3776,3121,3,0.8665709693655371
ABANDONED,,,346,2082,7,0.0032548800129443
ABANDONED,,,482,2829,3,0.5566186929307878
ABANDONED,,,3913,1992,9,0.3132148300688713
ABANDONED,,,3108,4257,4,0.9885274320039898
ABANDONED,,,1562,876,8,0.1404283955544233
ABANDONED,,,2499,4801,9,0.0859906320162117
ABANDONED,,,3419,20,1,0.7938250229414552
ABANDONED,,,4851,3690,6,0.3990165311265737
ABANDONED,,,796,1443,3,0.7204292408898472
ABANDONED,,,951,4015,6,0.8181045369450002
ABANDONED,,,4380,1109,4,0.0596400730907917
COMPLETED,0.2,1452.0,3577,2592,9,0.6337141744308173
COMPLETED,0.0299999999999999,1050.0,2032,2219,1,0.4878026425074785
COMPLETED,0.17,1987.0,1718,3292,5,0.2926818166095763
COMPLETED,0.1499999999999999,792.0,2638,1831,7,0.5789790989682078
COMPLETED,0.1499999999999999,1645.0,4069,4408,2,0.2232758565582335
COMPLETED,0.04,773.0,14,403,10,0.9038525784220546
COMPLETED,0.0299999999999999,2242.0,78,3787,2,0.052029352184385
COMPLETED,0.33,850.0,4124,1034,10,0.8256009863298385
COMPLETED,0.11,1536.0,2584,2676,5,0.4951766150984913
COMPLETED,0.2099999999999999,1148.0,1654,2458,7,0.6259823969453572
COMPLETED,0.19,1672.0,1968,3221,9,0.587198166269809
COMPLETED,0.25,576.0,3522,1601,1,0.2848205542024225
COMPLETED,0.16,1014.0,4435,4649,6,0.8958688392210751
COMPLETED,0.38,737.0,1015,485,4,0.2313738672807812
COMPLETED,0.1199999999999999,1896.0,859,3059,7,0.3208257182780653
COMPLETED,0.25,919.0,4904,2065,3,0.5491219572722911
COMPLETED,0.13,2833.0,3366,4175,8,0.1330547389797866
COMPLETED,0.26,432.0,2436,636,2,0.9962590124439448
COMPLETED,0.13,1315.0,1499,4876,5,0.7856061229426414
COMPLETED,0.45,1532.0,3055,248,8,0.0938516081497073
COMPLETED,0.1799999999999999,636.0,3966,3452,2,0.7284132961072027
COMPLETED,0.1799999999999999,816.0,545,1359,10,0.3909183233585208
COMPLETED,0.07,678.0,369,3746,3,0.913554666891694
COMPLETED,0.27,1098.0,3790,1465,6,0.2057692789528518
COMPLETED,0.1,548.0,2918,4823,1,0.6003959832768887
COMPLETED,0.55,13851.0,1363,76,8,0.2790541931651532
COMPLETED,0.05,12851.0,2299,4274,8,0.4429537313356995
COMPLETED,0.3099999999999999,757.0,3229,938,4,0.6863675747383385
FAILED,,,4729,2889,9,0.0108731853123754
COMPLETED,0.1499999999999999,493.0,683,2009,3,0.8590821638591586
COMPLETED,0.1199999999999999,2337.0,1151,4425,10,0.706767831576988
COMPLETED,0.41,1493.0,4572,464,2,0.420482429575175
COMPLETED,0.17,1432.0,3699,3353,7,0.7762456333041191
COMPLETED,0.05,1491.0,2143,1848,5,0.09578076078929
COMPLETED,0.2,1060.0,1830,2648,1,0.1813179858829826
COMPLETED,0.14,1034.0,2760,2241,9,0.9398333525396884
COMPLETED,0.16,4498.0,4260,4037,4,0.3658192125186324
COMPLETED,0.11,822.0,215,1165,6,0.5118035713452845
COMPLETED,0.07,2033.0,291,2797,8,0.8480025665126741
COMPLETED,0.22,1116.0,4341,2383,2,0.0315751467030495
COMPLETED,0.1,1698.0,2684,3869,6,0.6659549876842648
COMPLETED,0.33,969.0,1749,999,3,0.4532566496580839
COMPLETED,0.0299999999999999,3179.0,2063,4575,3,0.2584873901195824
COMPLETED,0.3699999999999999,960.0,3622,606,10,0.611580267554149
COMPLETED,0.19,1769.0,4652,3186,5,0.1953312022853642
COMPLETED,0.23,632.0,1227,1683,7,0.9338625670149922
COMPLETED,0.1,2028.0,759,4111,5,0.5247389655653387
COMPLETED,0.35,1162.0,4809,767,7,0.3471560846865177
COMPLETED,0.14,514.0,3153,3034,2,0.9582680786065756
COMPLETED,0.0599999999999999,1574.0,2218,2156,10,0.1690982981156557
COMPLETED,0.13,2687.0,1282,3583,6,0.1143049232084304
COMPLETED,0.23,593.0,2842,1295,4,0.7632017450854182
COMPLETED,0.14,3288.0,3871,4968,9,0.4328410827554762
COMPLETED,0.4,808.0,445,223,1,0.6884415995087475
COMPLETED,0.07,2513.0,621,4710,7,0.2437934261113405
FAILED,,,4046,80,5,0.8774817015025764
COMPLETED,0.1199999999999999,2191.0,2979,3595,10,0.3034056371431797
COMPLETED,0.26,614.0,1419,1509,2,0.5740933575294911
COMPLETED,0.07,935.0,2355,2894,4,0.6444780435338616
COMPLETED,0.22,713.0,3290,1897,6,0.4828960068095475
COMPLETED,0.16,415.0,4985,4317,1,0.8385972862001508
COMPLETED,0.28,2820.0,935,786,9,0.0333053187020123
COMPLETED,0.13,948.0,1090,3368,1,0.3805411672126501
COMPLETED,0.27,723.0,4516,1745,9,0.748660275708884
COMPLETED,0.13,2638.0,3447,4479,3,0.0733457107543945
COMPLETED,0.44,2395.0,1887,322,6,0.7967295015696436
COMPLETED,0.14,1786.0,1573,3934,10,0.975907331040129
COMPLETED,0.1799999999999999,701.0,2508,1179,3,0.1432967516519129
COMPLETED,0.22,1553.0,4204,2506,8,0.5381032804474235
COMPLETED,0.05,1319.0,154,2295,4,0.3414667591471224
COMPLETED,0.0299999999999999,3594.0,120,4913,9,0.564993136189878
COMPLETED,0.46,3049.0,4199,288,3,0.3059348593372851
COMPLETED,0.08,1402.0,2532,3490,8,0.8878694218900055
COMPLETED,0.27,714.0,1588,1399,4,0.2424284565784037
COMPLETED,0.19,1514.0,1901,3097,1,0.0473401654958724
COMPLETED,0.22,983.0,3472,2104,8,0.8330826573017984
COMPLETED,0.1499999999999999,2324.0,4511,4212,4,0.4696461261045187
COMPLETED,0.34,741.0,1056,676,6,0.6506543921343982
COMPLETED,0.13,976.0,900,3258,4,0.810763396596536
COMPLETED,0.27,1719.0,4980,1640,6,0.0678320336230099
COMPLETED,0.1199999999999999,503.0,3315,4686,1,0.7354094432368875
COMPLETED,0.27,487.0,2369,525,9,0.3867184675801545
COMPLETED,0.14,2524.0,1434,3824,7,0.3323655860405415
COMPLETED,0.27,640.0,3003,1074,5,0.5406334544084966
COMPLETED,0.2,1904.0,4041,2714,10,0.1536835202723741
COMPLETED,0.11,463.0,587,2497,2,0.97454331327416
COMPLETED,0.1,1363.0,450,2609,6,0.4674735627807676
COMPLETED,0.23,1303.0,3905,2200,4,0.6607455971445888
ABANDONED,,,2828,3998,9,0.0185072579700499
COMPLETED,0.28,506.0,1257,1124,1,0.8544842278286814
COMPLETED,0.04,898.0,2194,4387,5,0.9244570924453436
COMPLETED,0.39,1055.0,3139,423,7,0.1976783730220049
COMPLETED,0.19,690.0,4843,3315,2,0.6216626900974661
COMPLETED,0.16,805.0,764,1807,10,0.2569404137432575
COMPLETED,0.13,2516.0,1232,4235,3,0.159693775312975
COMPLETED,0.3599999999999999,1151.0,4686,897,10,0.9606142975762486
COMPLETED,0.1799999999999999,1593.0,3608,2851,5,0.3572394589968025
COMPLETED,0.0299999999999999,1687.0,2038,1968,8,0.523191037422046
COMPLETED,0.1499999999999999,2090.0,1724,3708,8,0.7026594643983989
COMPLETED,0.19,672.0,2670,1424,2,0.4276307404488325
FAILED,,,4375,4784,7,0.7501348081193864
FAILED,,,295,35,3,0.12078563275747
FAILED,,,220,3544,1,0.2698930587396025
FAILED,,,4294,1257,9,0.6029861185569316
FAILED,,,2745,4928,4,0.2160960862543434
FAILED,,,1805,186,6,0.9122506104446948
FAILED,,,2118,4071,10,0.8730560975670814
FAILED,,,3684,730,2,0.0054194694999605
FAILED,,,4606,2994,7,0.6730567809473723
FAILED,,,1156,2119,5,0.4491909930221736
FAILED,,,688,4535,8,0.1097537427302449
FAILED,,,4763,569,4,0.7707928692586719
FAILED,,,3214,3146,10,0.4071706840172409
FAILED,,,2274,1645,3,0.7130060450304299
FAILED,,,1338,2758,3,0.502641485152766
FAILED,,,2903,2346,6,0.368410299565643
FAILED,,,3824,3829,1,0.950159208074212
FAILED,,,375,962,9,0.180014881202951
FAILED,,,511,3975,5,0.6402602231539785
FAILED,,,3961,1217,7,0.4899063114728778
FAILED,,,3079,2547,3,0.8125940106827765
FAILED,,,1514,2333,10,0.0584501004144549
FAILED,,,2450,3409,6,0.2220293057970702
FAILED,,,3390,1784,3,0.8981550968717784
FAILED,,,4899,4520,8,0.294963889831677
FAILED,,,825,360,2,0.5855902768075466
FAILED,,,981,2935,9,0.9869154027272016
FAILED,,,4430,1935,1,0.135340044863522
FAILED,,,3547,4358,6,0.5592662446685134
FAILED,,,1982,824,4,0.3192168770488351
FAILED,,,1668,4751,2,0.4051971013341099
FAILED,,,2608,119,10,0.7231420407146215
FAILED,,,4119,3636,5,0.080845584269613
FAILED,,,44,1547,7,0.7920259194057435
FAILED,,,29,3016,5,0.1273571979440748
FAILED,,,4094,2175,7,0.995012402197346
FAILED,,,2633,4127,2,0.3274369556028395
FAILED,,,1683,752,10,0.5514040899798273
FAILED,,,1997,4989,6,0.7305169055871665
FAILED,,,3572,203,4,0.3974643125962465
FAILED,,,4405,3561,9,0.78441620975174
FAILED,,,965,1318,1,0.088341141372919
FAILED,,,811,3890,8,0.49788935543783
FAILED,,,4876,979,1,0.632162907667458
FAILED,,,3414,2775,6,0.0502303081341087
FAILED,,,2464,2407,4,0.8204559980686754
FAILED,,,1528,3168,3,0.8907804290447384
FAILED,,,3103,1702,9,0.2297617785185575
FAILED,,,3937,4591,5,0.5932002727352081
FAILED,,,497,591,8,0.2874681654255837
COMPLETED,0.1499999999999999,569.0,3339,3227,1,0.9064900352954864
COMPLETED,0.19,1578.0,1225,2298,8,0.253642771705985
COMPLETED,0.13,1981.0,1493,4609,3,0.5726999576762318
COMPLETED,0.32,1049.0,4223,1159,10,0.2278021358754485
COMPLETED,0.16,2174.0,4416,3965,6,0.0878910095058381
COMPLETED,0.25,511.0,2311,514,2,0.7446664802674204
COMPLETED,0.04,1505.0,89,2583,8,0.4246350418347865
COMPLETED,0.2,587.0,2830,1653,5,0.7656042075343429
COMPLETED,0.0899999999999999,2954.0,2803,4801,9,0.6314722027573734
COMPLETED,0.25,1665.0,531,731,5,0.0368484831564128
COMPLETED,0.04,1246.0,2069,3653,7,0.8561350546218454
COMPLETED,0.2399999999999999,1206.0,4956,2103,2,0.4525038716960698
COMPLETED,0.1799999999999999,2160.0,3899,3008,4,0.3741167429685592
COMPLETED,0.28,694.0,1637,1458,9,0.9648722436707466
COMPLETED,0.08,2078.0,645,4157,1,0.1465599246677011
COMPLETED,0.53,13561.0,3543,87,7,0.5540598023757338
COMPLETED,0.14,2368.0,3687,4351,5,0.3846640813685953
COMPLETED,0.4099999999999999,1123.0,799,282,9,0.7919152746368199
COMPLETED,0.2,1372.0,1761,2814,2,0.0966516201291233
COMPLETED,0.3099999999999999,756.0,4034,1264,6,0.687160276722163
COMPLETED,0.1799999999999999,3024.0,4772,3459,10,0.6107215655501931
COMPLETED,0.25,1453.0,1876,1908,4,0.2073385911807417
COMPLETED,0.05,1331.0,368,4996,7,0.8996787744760513
COMPLETED,0.2399999999999999,624.0,2629,926,2,0.3053014231007546
COMPLETED,0.14,1936.0,2993,2778,8,0.1709209309294819
COMPLETED,0.08,693.0,262,1848,1,0.5121407329346984
COMPLETED,0.08,2568.0,2493,3770,10,0.3185606448780745
COMPLETED,0.45,3179.0,4610,320,3,0.9755809781402348
COMPLETED,0.1499999999999999,670.0,4098,4414,3,0.8337234009522944
COMPLETED,0.32,752.0,1359,965,6,0.488575418729335
COMPLETED,0.13,1334.0,1081,3422,5,0.685078977998346
COMPLETED,0.1499999999999999,7413.0,3185,2492,9,0.0319873008374124
COMPLETED,0.11,3862.0,3205,4673,7,0.2922905093319714
COMPLETED,0.25,460.0,944,1242,2,0.8828270664531737
COMPLETED,0.1499999999999999,1977.0,1300,3164,9,0.1895160213652998
COMPLETED,0.23,1528.0,4197,2215,5,0.5967322948239743
COMPLETED,0.22,507.0,4629,2520,1,0.7054711197223514
COMPLETED,0.11,916.0,2357,1570,7,0.1111272567883133
COMPLETED,0.04,1033.0,204,4028,4,0.8054125543385743
COMPLETED,0.3499999999999999,879.0,3091,598,9,0.4020040625762194
COMPLETED,0.08,6501.0,2531,3746,4,0.01373409550637
COMPLETED,0.1,1275.0,426,2176,10,0.6707893485780804
COMPLETED,0.04,1209.0,2013,4709,1,0.4752566511016338
COMPLETED,0.3699999999999999,1116.0,4753,658,8,0.8164485525786876
COMPLETED,0.16,1024.0,3936,4064,8,0.9884133798349648
ABANDONED,,,1820,13,5,0.3353472200669348
COMPLETED,0.13,1856.0,936,3101,6,0.5299056650809943
COMPLETED,0.26,1295.0,3667,1532,3,0.1847241944167762
COMPLETED,0.17,1390.0,3484,2907,10,0.7518057493548839
COMPLETED,0.2099999999999999,772.0,743,1337,3,0.4068652746379375
COMPLETED,0.14,1913.0,1656,4259,8,0.7278828031346201
COMPLETED,0.4799999999999999,4890.0,3762,208,1,0.0750556800123304
COMPLETED,0.14,3598.0,4897,4903,5,0.2450721491985023
COMPLETED,0.1199999999999999,729.0,2167,853,8,0.5860235306117683
COMPLETED,0.08,2194.0,551,3551,3,0.2679294733274728
COMPLETED,0.1499999999999999,649.0,2665,1981,6,0.9247461656369268
COMPLETED,0.1199999999999999,994.0,2967,3833,2,0.5367169231120495
COMPLETED,0.1199999999999999,673.0,69,403,6,0.1330655727647244
COMPLETED,0.0599999999999999,671.0,2213,2715,4,0.9503918017037212
COMPLETED,0.26,934.0,4476,1765,9,0.3558107350189238
COMPLETED,0.1799999999999999,2018.0,4360,3359,7,0.4664960702210664
COMPLETED,0.2,474.0,1474,2409,1,0.8739547263812273
COMPLETED,0.11,8789.0,1127,4478,10,0.0537050262298435
COMPLETED,0.2999999999999999,756.0,3398,1048,4,0.6444783112183213
COMPLETED,0.13,2699.0,3411,3987,9,0.138983432052657
COMPLETED,0.3699999999999999,942.0,1148,558,4,0.5465147403776645
COMPLETED,0.1799999999999999,1706.0,1407,2558,7,0.3500032100602984
COMPLETED,0.27,700.0,4305,1608,1,0.940727265274152
COMPLETED,0.19,972.0,4502,3202,5,0.8641685143522918
COMPLETED,0.0599999999999999,1446.0,2230,2252,9,0.4605668138954788
COMPLETED,0.0299999999999999,2459.0,19,4632,2,0.654154159175232
COMPLETED,0.2399999999999999,1260.0,2905,1202,6,0.0595009719766676
COMPLETED,0.11,1133.0,2718,3064,2,0.4165711255613714
COMPLETED,0.17,675.0,611,1493,6,0.7575717218779027
COMPLETED,0.04,3267.0,2139,4104,5,0.0652395096309483
ABANDONED,,,4881,54,8,0.7219835349041968
COMPLETED,0.14,2128.0,3827,4748,8,0.5802459937483072
COMPLETED,0.3599999999999999,1364.0,1713,699,1,0.2353776544164866
COMPLETED,0.1,2090.0,732,3708,10,0.930634051701054
COMPLETED,0.2099999999999999,994.0,3461,2138,3,0.2777572935596108
COMPLETED,0.1499999999999999,1912.0,3610,3591,6,0.6609655640609561
COMPLETED,0.16,4943.0,871,2022,3,0.0078424414116889
COMPLETED,0.14,2107.0,1842,4865,9,0.8261467893663794
COMPLETED,0.3599999999999999,1156.0,3947,815,5,0.4810302377603948
COMPLETED,0.16,1941.0,4692,4221,1,0.341242720266804
COMPLETED,0.4899999999999999,6955.0,1961,170,8,0.9982335859313606
COMPLETED,0.08,1187.0,443,2947,3,0.1789542716890573
COMPLETED,0.17,950.0,2559,1377,10,0.5202035561632365
COMPLETED,0.11,995.0,3074,4516,4,0.8770271556302905
COMPLETED,0.1,711.0,177,1085,10,0.28261835876666
FAILED,nan,nan,2888,1,10,0.5151621905208287
FAILED,nan,nan,2823,1,10,0.3752130911855064
COMPLETED,0.17,606.0,2795,1905,1,0.8060986993182451
COMPLETED,0.22,850.0,1986,2432,6,0.9842576418016106
COMPLETED,0.14,2208.0,1802,4335,9,0.8199948902092874
COMPLETED,0.24,1402.0,4807,2197,9,0.5664691510889679
COMPLETED,0.05,3114.0,350,4450,7,0.3147107038088143
COMPLETED,0.15,1303.0,3334,3261,2,0.3609780396129936
COMPLETED,0.16,1414.0,4054,4085,6,0.7463023399673402
COMPLETED,0.09,809.0,727,4002,1,0.5530745544023812
COMPLETED,0.2,1117.0,4520,2986,5,0.8673583715688438
COMPLETED,0.38,704.0,663,351,5,0.9166433960795404
COMPLETED,0.03,3950.0,2049,4744,5,0.0631464662514627
COMPLETED,0.08,723.0,478,3450,3,0.768946633739397
COMPLETED,0.06,1116.0,177,1724,6,0.545969027498737
COMPLETED,0.08,599.0,2114,934,1,0.4091539061293006
COMPLETED,0.19,1422.0,3407,2422,4,0.2313173365984112
COMPLETED,0.13,544.0,1437,4539,2,0.9770714656598866
COMPLETED,0.11,1341.0,3187,4798,6,0.7839048236869276
COMPLETED,0.16,447.0,4156,3855,1,0.8357203958015889
COMPLETED,0.27,766.0,1452,1406,8,0.2851286803930998
COMPLETED,0.12,1016.0,1212,4232,6,0.892502630924806
COMPLETED,0.06,1200.0,2186,2508,7,0.8516452240757644
COMPLETED,0.2,1688.0,4929,2746,9,0.7145458989553154
COMPLETED,0.16,1100.0,2894,2290,6,0.6548328666165472
COMPLETED,0.28,574.0,541,610,7,0.4629187973756343
COMPLETED,0.13,2372.0,3393,4148,8,0.5373649741765112
COMPLETED,0.3,760.0,3687,1191,5,0.7753578085321933
COMPLETED,0.04,2417.0,212,4836,2,0.2243579365964979
COMPLETED,0.14,652.0,3596,4413,1,0.6320688695590944
COMPLETED,0.41,1212.0,1325,406,2,0.8601857794839889
COMPLETED,0.12,1616.0,2831,3285,10,0.75324478847906
COMPLETED,0.05,2307.0,2002,4125,3,0.3078508164342493
COMPLETED,0.14,1271.0,3771,4706,9,0.9928007708843798
COMPLETED,0.04,1928.0,64,3220,7,0.6785797703377903
COMPLETED,0.49,3525.0,3310,181,8,0.9321055187527092
COMPLETED,0.27,534.0,2772,917,5,0.988430866694078
COMPLETED,0.09,2472.0,2750,4040,7,0.4844874076526612
COMPLETED,0.43,1127.0,832,259,6,0.3034800199624151
COMPLETED,0.2,551.0,1557,2398,1,0.6829794767312706
COMPLETED,0.05,1719.0,2309,4291,3,0.5031232818607241
COMPLETED,0.04,1051.0,47,1348,5,0.1745182921923697
COMPLETED,0.07,2273.0,373,3367,8,0.3897140137627721
COMPLETED,0.03,923.0,2019,998,10,0.8117942829113454
COMPLETED,0.2,1290.0,3224,2017,7,0.6105649450458587
COMPLETED,0.12,2119.0,3059,3874,9,0.6968463431615383
COMPLETED,0.52,6814.0,1150,112,10,0.5152894959393889
COMPLETED,0.28,621.0,593,665,2,0.5641228317376226
COMPLETED,0.23,747.0,4298,2309,3,0.7644382669739426
COMPLETED,0.15,518.0,686,1846,1,0.8472430787794292
COMPLETED,0.25,578.0,235,463,10,0.7184335128944367
COMPLETED,0.19,1251.0,4236,3343,3,0.642634411431849
COMPLETED,0.15,1692.0,1707,3773,2,0.4585469896513969
COMPLETED,0.13,1603.0,2912,2912,3,0.1529756733328104
COMPLETED,0.29,677.0,1234,1104,3,0.3981872465293855
COMPLETED,0.11,1555.0,985,3572,7,0.5863317404538393
COMPLETED,0.14,2258.0,1944,4651,6,0.6587421295363456
COMPLETED,0.09,618.0,2681,4764,1,0.6015332648698241
COMPLETED,0.36,1062.0,4172,733,9,0.3414050039704889
COMPLETED,0.26,667.0,3451,1612,4,0.7033539075963199
COMPLETED,0.16,1279.0,1473,3278,5,0.7872257486954332
COMPLETED,0.48,5965.0,4400,202,5,0.5417362465318293
COMPLETED,0.35,934.0,4685,855,3,0.7960732982121408
COMPLETED,0.16,840.0,2713,1803,8,0.1590476203467697
COMPLETED,0.2,923.0,4186,2712,5,0.8969176752660424
COMPLETED,0.05,2029.0,2211,3303,6,0.332587766001001
COMPLETED,0.07,704.0,106,1060,7,0.9727026322074236
COMPLETED,0.24,1383.0,3891,1923,8,0.6672548095118255
COMPLETED,0.17,1661.0,4975,3811,6,0.5186082190573216
COMPLETED,0.17,1418.0,3424,3044,7,0.7274639206398279
COMPLETED,0.15,849.0,495,1577,10,0.2726972514297813
COMPLETED,0.18,1271.0,1367,2621,3,0.5347768576834351
COMPLETED,0.23,448.0,1273,1782,3,0.9353027066197246
COMPLETED,0.39,714.0,2569,294,2,0.734136185374111
COMPLETED,0.22,1427.0,4498,2363,7,0.3731761973705143
COMPLETED,0.24,727.0,1097,1451,6,0.6876331664156169
COMPLETED,0.15,2684.0,4373,4250,10,0.4428187365755439
COMPLETED,0.4,1335.0,4892,587,10,0.8880076112039387
COMPLETED,0.27,568.0,4114,1715,1,0.510021727880463
COMPLETED,0.16,1535.0,3827,3739,8,0.802702958362177
COMPLETED,0.11,518.0,807,3176,2,0.9954511797819288
COMPLETED,0.37,999.0,3587,629,6,0.3827243096493185
COMPLETED,0.49,1827.0,329,78,4,0.8165679193995893
COMPLETED,0.24,816.0,1497,1708,10,0.754196113023907
COMPLETED,0.16,2313.0,4109,4176,3,0.3744013612587005
COMPLETED,0.39,1430.0,1960,600,2,0.6252537682112307
COMPLETED,0.44,2494.0,4844,359,4,0.800577898805961
COMPLETED,0.34,758.0,3637,868,2,0.3107979963105172
COMPLETED,0.09,1455.0,2354,2350,4,0.1133490470983088
COMPLETED,0.13,1304.0,626,2263,10,0.7135784612931311
COMPLETED,0.21,1318.0,4294,2628,9,0.7935675318688155
COMPLETED,0.14,3868.0,4503,4902,9,0.5084905746299774
COMPLETED,0.12,2262.0,2932,3609,7,0.2860800049379468
COMPLETED,0.14,560.0,966,3037,3,0.975587198086083
COMPLETED,0.15,566.0,3180,2960,1,0.5809797651842237
COMPLETED,0.27,677.0,3035,1072,3,0.7296332336422056
COMPLETED,0.17,1322.0,1887,3823,5,0.7783049884084612
COMPLETED,0.12,834.0,408,1815,4,0.4188167072571814
COMPLETED,0.18,1369.0,1416,2705,6,0.6499527075141668
COMPLETED,0.2,1309.0,3510,2484,8,0.858444145385176
COMPLETED,0.14,786.0,3446,4073,1,0.4121010785698891
COMPLETED,0.27,587.0,3832,1560,2,0.7699141308870167
COMPLETED,0.14,616.0,127,545,3,0.5881217780373991
COMPLETED,0.15,749.0,3367,3565,3,0.8333671389613301
COMPLETED,0.15,3055.0,1775,4014,6,0.358692024551332
COMPLETED,0.04,1857.0,2150,4421,2,0.5239601720198989
COMPLETED,0.15,1599.0,1385,3350,9,0.9022711971569808
COMPLETED,0.24,1217.0,3695,1853,10,0.6041156447362155
COMPLETED,0.25,536.0,5000,2118,1,0.7820382473083627
COMPLETED,0.13,635.0,74,341,10,0.684480117577753
COMPLETED,0.33,779.0,4983,1053,6,0.9079655152799814
COMPLETED,0.37,1022.0,5000,664,1,0.7992378859508648
COMPLETED,0.39,1431.0,4995,573,9,0.8153479180631541
COMPLETED,0.41,1479.0,5000,494,7,0.5272665225971327
COMPLETED,0.41,1894.0,4486,433,8,0.6386997038735465
COMPLETED,0.3,592.0,1128,971,1,0.6710682181128156
COMPLETED,0.36,1141.0,1070,578,10,0.5304070726252963
FAILED,nan,nan,5000,1,1,0.976563067566106
COMPLETED,0.25,660.0,2704,967,10,0.5360006544378058
COMPLETED,0.34,833.0,3905,918,1,0.1525951760014448
COMPLETED,0.34,967.0,4757,852,10,0.5495479242016338
COMPLETED,0.37,1123.0,5000,657,1,0.220231368451632
COMPLETED,0.39,1559.0,4559,601,10,0.4705169221484144
FAILED,nan,nan,917,1,10,0.7392453507364513
COMPLETED,0.33,643.0,690,492,10,0.3815828620946567
COMPLETED,0.33,650.0,1217,781,10,0.7155662634581023
COMPLETED,0.35,744.0,4147,902,1,0.6927717396719675
COMPLETED,0.3,753.0,5000,1384,10,0.5177814364247545
COMPLETED,0.28,794.0,4675,1638,10,0.7813170342127036
COMPLETED,0.39,860.0,816,380,1,0.5432714949807054
COMPLETED,0.35,1028.0,3910,764,10,0.5112526945612306
COMPLETED,0.33,544.0,1302,835,1,0.9294845155654108
COMPLETED,0.28,599.0,1330,1263,1,0.7355120114919346
COMPLETED,0.28,661.0,1302,1164,10,0.7011267237395803
COMPLETED,0.39,1014.0,845,367,10,0.5590118283293656
COMPLETED,0.43,1371.0,1051,295,10,0.947868404862546
FAILED,nan,nan,839,1,10,0.8597201012053456
COMPLETED,0.35,757.0,1357,701,1,0.3886834195657058
COMPLETED,0.46,1972.0,863,185,10,0.7837646484708043
COMPLETED,0.51,3508.0,822,119,10,0.7270472730984449
COMPLETED,0.54,5785.0,797,85,10,0.6793842158143415
COMPLETED,0.42,1642.0,735,262,10,0.6579391405663746
COMPLETED,0.38,918.0,1287,488,10,0.6727288888790325
COMPLETED,0.31,926.0,4871,1283,10,0.6647452119734633
COMPLETED,0.53,5374.0,824,93,10,0.8002468358720273
COMPLETED,0.46,1788.0,759,174,10,0.567074599047289
COMPLETED,0.5,2674.0,804,134,10,0.6789470671840685
COMPLETED,0.52,3526.0,706,93,10,0.3274520643794426
COMPLETED,0.47,1914.0,812,169,10,0.6728485741392796
COMPLETED,0.52,3096.0,754,111,10,0.544088106645943
COMPLETED,0.45,1377.0,783,205,10,0.5712627054467474
COMPLETED,0.49,2443.0,786,140,10,0.6117381913168063
COMPLETED,0.31,579.0,1047,845,1,0.7264522376847723
COMPLETED,0.37,1002.0,4436,813,1,0.6153442585826371
COMPLETED,0.47,3001.0,1568,231,1,0.6720255605919895
COMPLETED,0.48,3461.0,1464,198,10,0.8014898881227951
COMPLETED,0.54,5273.0,733,74,10,0.5135850211645674
COMPLETED,0.49,5461.0,1752,179,10,0.6774149237363392
COMPLETED,0.16,4209.0,1575,3326,10,0.6628978279580844
COMPLETED,0.14,2375.0,3664,5000,10,0.8279500904043492
COMPLETED,0.14,2026.0,1419,4211,10,0.7395178224984557
COMPLETED,0.05,2356.0,302,3416,9,0.5226891244128347
COMPLETED,0.11,1075.0,622,2783,2,0.6662634010780603
COMPLETED,0.06,3720.0,2365,4670,4,0.1964570654630661
COMPLETED,0.06,1249.0,2240,2971,8,0.8909594262968749
COMPLETED,0.06,1020.0,317,3748,4,0.9927324146833272
