Status,ACCURACY,RUNTIME,recent_samples_size,n_samples,threshold,outlier_detector_kwargs
COMPLETED,0.55,1.0,4387,794,0.1751535910665988,"\{'nu':0.5,'kernel':'rbf','gamma':'auto'\}"
COMPLETED,0.55,0.0,1368,2583,0.968495135338977,"\{'nu':0.5,'kernel':'rbf','gamma':'auto'\}"
COMPLETED,0.55,0.0,15,2100,0.3320282729491591,"\{'nu':0.5,'kernel':'rbf','gamma':'auto'\}"
COMPLETED,0.55,0.0,3249,3889,0.5016045926678925,"\{'nu':0.5,'kernel':'rbf','gamma':'auto'\}"
COMPLETED,0.55,0.0,2734,1805,0.8635899292640387,"\{'nu':0.5,'kernel':'rbf','gamma':'auto'\}"
COMPLETED,0.55,0.0,888,4707,0.0390570760648697,"\{'nu':0.5,'kernel':'rbf','gamma':'auto'\}"
COMPLETED,0.55,1.0,2103,611,0.6443406005762518,"\{'nu':0.5,'kernel':'rbf','gamma':'auto'\}"
COMPLETED,0.55,0.0,4008,3513,0.443572975648567,"\{'nu':0.5,'kernel':'rbf','gamma':'auto'\}"
COMPLETED,0.55,0.0,4138,2429,0.6964532271549105,"\{'nu':0.5,'kernel':'rbf','gamma':'auto'\}"
COMPLETED,0.55,0.0,2291,4079,0.402119291441515,"\{'nu':0.5,'kernel':'rbf','gamma':'auto'\}"
COMPLETED,0.55,0.0,1007,1240,0.7889870529547333,"\{'nu':0.5,'kernel':'rbf','gamma':'auto'\}"
COMPLETED,0.55,0.0,2912,2890,0.1204183455128222,"\{'nu':0.5,'kernel':'rbf','gamma':'auto'\}"
COMPLETED,0.5799999999999998,3.0,3609,168,0.2643163047395646,"\{'nu':0.5,'kernel':'rbf','gamma':'auto'\}"
COMPLETED,0.55,0.0,589,3205,0.589841549379751,"\{'nu':0.5,'kernel':'rbf','gamma':'auto'\}"
COMPLETED,0.55,0.0,1736,1479,0.2341568840853869,"\{'nu':0.5,'kernel':'rbf','gamma':'auto'\}"
COMPLETED,0.55,0.0,4971,4516,0.933916900454089,"\{'nu':0.5,'kernel':'rbf','gamma':'auto'\}"
COMPLETED,0.55,0.0,4746,1343,0.4285656693205237,"\{'nu':0.5,'kernel':'rbf','gamma':'auto'\}"
COMPLETED,0.55,0.0,1649,4539,0.7229110243786127,"\{'nu':0.5,'kernel':'rbf','gamma':'auto'\}"
COMPLETED,0.57,1.0,365,154,0.086408961482346,"\{'nu':0.5,'kernel':'rbf','gamma':'auto'\}"
COMPLETED,0.55,0.0,3521,3350,0.7549890882689506,"\{'nu':0.5,'kernel':'rbf','gamma':'auto'\}"
COMPLETED,0.55,0.0,3000,938,0.610173802282661,"\{'nu':0.5,'kernel':'rbf','gamma':'auto'\}"
COMPLETED,0.55,0.0,1232,3059,0.2846447561513632,"\{'nu':0.5,'kernel':'rbf','gamma':'auto'\}"
COMPLETED,0.55,0.0,2380,2249,0.8899558670334518,"\{'nu':0.5,'kernel':'rbf','gamma':'auto'\}"
COMPLETED,0.55,0.0,4363,4370,0.1901920491736382,"\{'nu':0.5,'kernel':'rbf','gamma':'auto'\}"
COMPLETED,0.55,1.0,3784,317,0.9498682387843728,"\{'nu':0.5,'kernel':'rbf','gamma':'auto'\}"
COMPLETED,0.55,0.0,2016,3686,0.1565304960031062,"\{'nu':0.5,'kernel':'rbf','gamma':'auto'\}"
COMPLETED,0.55,0.0,663,1623,0.5433725449368357,"\{'nu':0.5,'kernel':'rbf','gamma':'auto'\}"
COMPLETED,0.55,0.0,2646,4992,0.3738000304270535,"\{'nu':0.5,'kernel':'rbf','gamma':'auto'\}"
COMPLETED,0.55,0.0,3338,1972,0.0109048622362315,"\{'nu':0.5,'kernel':'rbf','gamma':'auto'\}"
COMPLETED,0.55,0.0,240,3915,0.8354262998085468,"\{'nu':0.5,'kernel':'rbf','gamma':'auto'\}"
COMPLETED,0.56,2.0,1,1,0.2591415962399024,"\{'nu':0.5,'kernel':'rbf','gamma':'auto'\}"
COMPLETED,0.56,6.0,1372,51,0.2479409760633384,"\{'nu':0.5,'kernel':'rbf','gamma':'auto'\}"
COMPLETED,0.56,2.0,1,1,0.001,"\{'nu':0.5,'kernel':'rbf','gamma':'auto'\}"
COMPLETED,0.55,0.0,4544,1107,0.999,"\{'nu':0.5,'kernel':'rbf','gamma':'auto'\}"
COMPLETED,0.57,5.0,5000,96,0.2989568276485301,"\{'nu':0.5,'kernel':'rbf','gamma':'auto'\}"
COMPLETED,0.55,0.0,1,5000,0.999,"\{'nu':0.5,'kernel':'rbf','gamma':'auto'\}"
COMPLETED,0.55,1.0,1,337,0.001,"\{'nu':0.5,'kernel':'rbf','gamma':'auto'\}"
COMPLETED,0.57,5.0,697,42,0.2537534818322677,"\{'nu':0.5,'kernel':'rbf','gamma':'auto'\}"
COMPLETED,0.55,0.0,5000,5000,0.999,"\{'nu':0.5,'kernel':'rbf','gamma':'auto'\}"
COMPLETED,0.55,0.0,5000,5000,0.001,"\{'nu':0.5,'kernel':'rbf','gamma':'auto'\}"
COMPLETED,0.56,8.0,1974,56,0.2527468368203137,"\{'nu':0.5,'kernel':'rbf','gamma':'auto'\}"
COMPLETED,0.55,0.0,5000,4010,0.999,"\{'nu':0.5,'kernel':'rbf','gamma':'auto'\}"
COMPLETED,0.57,2.0,5000,160,0.4014775087339336,"\{'nu':0.5,'kernel':'rbf','gamma':'auto'\}"
COMPLETED,0.55,0.0,5000,2912,0.999,"\{'nu':0.5,'kernel':'rbf','gamma':'auto'\}"
COMPLETED,0.57,6.0,5000,92,0.1778345011249103,"\{'nu':0.5,'kernel':'rbf','gamma':'auto'\}"
COMPLETED,0.55,0.0,5000,2430,0.001,"\{'nu':0.5,'kernel':'rbf','gamma':'auto'\}"
COMPLETED,0.56,5.0,1032,47,0.2452698479186875,"\{'nu':0.5,'kernel':'rbf','gamma':'auto'\}"
COMPLETED,0.55,0.0,1,4157,0.001,"\{'nu':0.5,'kernel':'rbf','gamma':'auto'\}"
COMPLETED,0.55,0.0,3491,1074,0.999,"\{'nu':0.5,'kernel':'rbf','gamma':'auto'\}"
COMPLETED,0.55,1.0,1,186,0.0340028184880961,"\{'nu':0.5,'kernel':'rbf','gamma':'auto'\}"
COMPLETED,0.55,0.0,5000,1248,0.999,"\{'nu':0.5,'kernel':'rbf','gamma':'auto'\}"
COMPLETED,0.55,0.0,1,2502,0.001,"\{'nu':0.5,'kernel':'rbf','gamma':'auto'\}"
COMPLETED,0.56,2.0,1,1,0.6419425817235235,"\{'nu':0.5,'kernel':'rbf','gamma':'auto'\}"
COMPLETED,0.55,0.0,5000,3312,0.001,"\{'nu':0.5,'kernel':'rbf','gamma':'auto'\}"
COMPLETED,0.56,270.0,5000,1,0.4239068485597067,"\{'nu':0.5,'kernel':'rbf','gamma':'auto'\}"
COMPLETED,0.57,7.0,1654,54,0.2481092596467491,"\{'nu':0.5,'kernel':'rbf','gamma':'auto'\}"
COMPLETED,0.55,16.0,358,5,0.2818684456753524,"\{'nu':0.5,'kernel':'rbf','gamma':'auto'\}"
COMPLETED,0.55,0.0,2860,5000,0.999,"\{'nu':0.5,'kernel':'rbf','gamma':'auto'\}"
COMPLETED,0.55,0.0,3558,1199,0.7265661050541061,"\{'nu':0.5,'kernel':'rbf','gamma':'auto'\}"
COMPLETED,0.55,0.0,5000,1008,0.999,"\{'nu':0.5,'kernel':'rbf','gamma':'auto'\}"
COMPLETED,0.56,1.0,4177,49,0.7470056253518794,"\{'nu':0.5,'kernel':'rbf','gamma':'auto'\}"
COMPLETED,0.56,313.0,5000,1,0.001,"\{'nu':0.5,'kernel':'rbf','gamma':'auto'\}"
COMPLETED,0.56,2.0,1,1,0.7526111883884575,"\{'nu':0.5,'kernel':'rbf','gamma':'auto'\}"
COMPLETED,0.56,268.0,5000,1,0.1219118655901211,"\{'nu':0.5,'kernel':'rbf','gamma':'auto'\}"
COMPLETED,0.56,290.0,4509,1,0.999,"\{'nu':0.5,'kernel':'rbf','gamma':'auto'\}"
COMPLETED,0.56,98.0,4448,2,0.8349660941315791,"\{'nu':0.5,'kernel':'rbf','gamma':'auto'\}"
COMPLETED,0.55,0.0,1270,4973,0.5873691110773261,"\{'nu':0.5,'kernel':'rbf','gamma':'auto'\}"
COMPLETED,0.57,4.0,473,38,0.1616306344763537,"\{'nu':0.5,'kernel':'rbf','gamma':'auto'\}"
COMPLETED,0.55,1.0,4820,140,0.6896035086728053,"\{'nu':0.5,'kernel':'rbf','gamma':'auto'\}"
COMPLETED,0.56,11.0,2058,1,0.9188015970220405,"\{'nu':0.5,'kernel':'rbf','gamma':'auto'\}"
COMPLETED,0.56,260.0,4832,1,0.7201384908943825,"\{'nu':0.5,'kernel':'rbf','gamma':'auto'\}"
COMPLETED,0.5799999999999998,4.0,3415,84,0.1575355986394658,"\{'nu':0.5,'kernel':'rbf','gamma':'auto'\}"
COMPLETED,0.55,0.0,5000,5000,0.6437468054877002,"\{'nu':0.5,'kernel':'rbf','gamma':'auto'\}"
COMPLETED,0.55,0.0,429,2657,0.6624194623820595,"\{'nu':0.5,'kernel':'rbf','gamma':'auto'\}"
COMPLETED,0.55,0.0,1228,4979,0.4951683005298624,"\{'nu':0.5,'kernel':'rbf','gamma':'auto'\}"
COMPLETED,0.55,1.0,58,90,0.8605888905778734,"\{'nu':0.5,'kernel':'rbf','gamma':'auto'\}"
COMPLETED,0.55,0.0,1,3162,0.999,"\{'nu':0.5,'kernel':'rbf','gamma':'auto'\}"
COMPLETED,0.55,1.0,4666,176,0.6449738834039442,"\{'nu':0.5,'kernel':'rbf','gamma':'auto'\}"
COMPLETED,0.54,104.0,732,1,0.999,"\{'nu':0.5,'kernel':'rbf','gamma':'auto'\}"
COMPLETED,0.55,0.0,4138,4916,0.5255379548980122,"\{'nu':0.5,'kernel':'rbf','gamma':'auto'\}"
COMPLETED,0.57,5.0,4972,94,0.0484371600741515,"\{'nu':0.5,'kernel':'rbf','gamma':'auto'\}"
COMPLETED,0.55,0.0,738,4281,0.2815567644459446,"\{'nu':0.5,'kernel':'rbf','gamma':'auto'\}"
COMPLETED,0.5799999999999998,27.0,4779,9,0.7880368431666476,"\{'nu':0.5,'kernel':'rbf','gamma':'auto'\}"
COMPLETED,0.55,58.0,2991,3,0.0770128632192919,"\{'nu':0.5,'kernel':'rbf','gamma':'auto'\}"
COMPLETED,0.55,1.0,4561,143,0.9096729167164797,"\{'nu':0.5,'kernel':'rbf','gamma':'auto'\}"
COMPLETED,0.55,1.0,4358,624,0.0786858748899403,"\{'nu':0.5,'kernel':'rbf','gamma':'auto'\}"
COMPLETED,0.55,0.0,4557,3881,0.3017036850440818,"\{'nu':0.5,'kernel':'rbf','gamma':'auto'\}"
COMPLETED,0.57,2.0,4988,217,0.2228916068378261,"\{'nu':0.5,'kernel':'rbf','gamma':'auto'\}"
COMPLETED,0.55,0.0,728,4871,0.2855807715266328,"\{'nu':0.5,'kernel':'rbf','gamma':'auto'\}"
COMPLETED,0.55,0.0,181,4810,0.8379019251025888,"\{'nu':0.5,'kernel':'rbf','gamma':'auto'\}"
COMPLETED,0.56,9.0,5000,45,0.2784252952355083,"\{'nu':0.5,'kernel':'rbf','gamma':'auto'\}"
COMPLETED,0.5799999999999998,4.0,5000,138,0.2050561522505687,"\{'nu':0.5,'kernel':'rbf','gamma':'auto'\}"
COMPLETED,0.57,16.0,5000,22,0.2577418911534765,"\{'nu':0.5,'kernel':'rbf','gamma':'auto'\}"
COMPLETED,0.57,4.0,5000,159,0.001,"\{'nu':0.5,'kernel':'rbf','gamma':'auto'\}"
COMPLETED,0.57,9.0,5000,51,0.0413481925655936,"\{'nu':0.5,'kernel':'rbf','gamma':'auto'\}"
COMPLETED,0.56,8.0,5000,68,0.2943994300519509,"\{'nu':0.5,'kernel':'rbf','gamma':'auto'\}"
COMPLETED,0.5899999999999999,4.0,5000,118,0.2789814302070551,"\{'nu':0.5,'kernel':'rbf','gamma':'auto'\}"
COMPLETED,0.5799999999999998,4.0,4030,141,0.2306931004110097,"\{'nu':0.5,'kernel':'rbf','gamma':'auto'\}"
COMPLETED,0.55,153.0,3019,1,0.3131108578128824,"\{'nu':0.5,'kernel':'rbf','gamma':'auto'\}"
COMPLETED,0.56,2.0,5000,350,0.001,"\{'nu':0.5,'kernel':'rbf','gamma':'auto'\}"
COMPLETED,0.57,13.0,5000,33,0.1459126055754902,"\{'nu':0.5,'kernel':'rbf','gamma':'auto'\}"
COMPLETED,0.56,2.0,5000,419,0.2029788570373447,"\{'nu':0.5,'kernel':'rbf','gamma':'auto'\}"
COMPLETED,0.56,11.0,5000,35,0.356765395387814,"\{'nu':0.5,'kernel':'rbf','gamma':'auto'\}"
COMPLETED,0.57,3.0,5000,169,0.2275764673394379,"\{'nu':0.5,'kernel':'rbf','gamma':'auto'\}"
COMPLETED,0.57,3.0,2912,129,0.3129953911551824,"\{'nu':0.5,'kernel':'rbf','gamma':'auto'\}"
COMPLETED,0.56,6.0,5000,72,0.001,"\{'nu':0.5,'kernel':'rbf','gamma':'auto'\}"
COMPLETED,0.5799999999999998,3.0,3233,137,0.001,"\{'nu':0.5,'kernel':'rbf','gamma':'auto'\}"
COMPLETED,0.5799999999999998,4.0,5000,120,0.0346523112603663,"\{'nu':0.5,'kernel':'rbf','gamma':'auto'\}"
COMPLETED,0.5799999999999998,3.0,4180,132,0.3099820796241335,"\{'nu':0.5,'kernel':'rbf','gamma':'auto'\}"
COMPLETED,0.55,8.0,5000,62,0.1856782205525124,"\{'nu':0.5,'kernel':'rbf','gamma':'auto'\}"
COMPLETED,0.57,3.0,4600,194,0.001,"\{'nu':0.5,'kernel':'rbf','gamma':'auto'\}"
COMPLETED,0.57,6.0,5000,79,0.3541603992492957,"\{'nu':0.5,'kernel':'rbf','gamma':'auto'\}"
COMPLETED,0.57,2.0,5000,297,0.2501219742738816,"\{'nu':0.5,'kernel':'rbf','gamma':'auto'\}"
COMPLETED,0.57,6.0,5000,80,0.1848729481099042,"\{'nu':0.5,'kernel':'rbf','gamma':'auto'\}"
COMPLETED,0.57,11.0,2048,1,0.2487195091204575,"\{'nu':0.5,'kernel':'rbf','gamma':'auto'\}"
COMPLETED,0.55,8.0,421,11,0.4476446531560657,"\{'nu':0.5,'kernel':'rbf','gamma':'auto'\}"
COMPLETED,0.57,2.0,2659,147,0.1508238466226748,"\{'nu':0.5,'kernel':'rbf','gamma':'auto'\}"
COMPLETED,0.57,4.0,5000,130,0.3683507890781124,"\{'nu':0.5,'kernel':'rbf','gamma':'auto'\}"
COMPLETED,0.57,3.0,5000,186,0.3214631466866357,"\{'nu':0.5,'kernel':'rbf','gamma':'auto'\}"
COMPLETED,0.56,245.0,1713,1,0.001,"\{'nu':0.5,'kernel':'rbf','gamma':'auto'\}"
COMPLETED,0.55,1.0,1262,476,0.001,"\{'nu':0.5,'kernel':'rbf','gamma':'auto'\}"
COMPLETED,0.55,1.0,5000,895,0.001,"\{'nu':0.5,'kernel':'rbf','gamma':'auto'\}"
COMPLETED,0.55,2.0,5000,496,0.001,"\{'nu':0.5,'kernel':'rbf','gamma':'auto'\}"
COMPLETED,0.55,0.0,1,923,0.001,"\{'nu':0.5,'kernel':'rbf','gamma':'auto'\}"
COMPLETED,0.55,1.0,1407,758,0.001,"\{'nu':0.5,'kernel':'rbf','gamma':'auto'\}"
COMPLETED,0.55,1.0,4716,702,0.001,"\{'nu':0.5,'kernel':'rbf','gamma':'auto'\}"
COMPLETED,0.55,1.0,1,93,0.001,"\{'nu':0.5,'kernel':'rbf','gamma':'auto'\}"
COMPLETED,0.55,0.0,5000,1574,0.001,"\{'nu':0.5,'kernel':'rbf','gamma':'auto'\}"
COMPLETED,0.55,0.0,1,531,0.001,"\{'nu':0.5,'kernel':'rbf','gamma':'auto'\}"
COMPLETED,0.55,0.0,5000,1133,0.001,"\{'nu':0.5,'kernel':'rbf','gamma':'auto'\}"
COMPLETED,0.55,1.0,1,439,0.001,"\{'nu':0.5,'kernel':'rbf','gamma':'auto'\}"
COMPLETED,0.56,1.0,2976,473,0.001,"\{'nu':0.5,'kernel':'rbf','gamma':'auto'\}"
COMPLETED,0.55,0.0,609,1084,0.001,"\{'nu':0.5,'kernel':'rbf','gamma':'auto'\}"
COMPLETED,0.55,1.0,5000,984,0.001,"\{'nu':0.5,'kernel':'rbf','gamma':'auto'\}"
COMPLETED,0.55,0.0,1,3755,0.999,"\{'nu':0.5,'kernel':'rbf','gamma':'auto'\}"
COMPLETED,0.55,0.0,1,676,0.001,"\{'nu':0.5,'kernel':'rbf','gamma':'auto'\}"
COMPLETED,0.55,0.0,5000,3709,0.999,"\{'nu':0.5,'kernel':'rbf','gamma':'auto'\}"
COMPLETED,0.55,0.0,5000,1429,0.001,"\{'nu':0.5,'kernel':'rbf','gamma':'auto'\}"
COMPLETED,0.55,0.0,1,3581,0.999,"\{'nu':0.5,'kernel':'rbf','gamma':'auto'\}"
COMPLETED,0.55,1.0,5000,574,0.1382541684253305,"\{'nu':0.5,'kernel':'rbf','gamma':'auto'\}"
COMPLETED,0.55,0.0,1,797,0.001,"\{'nu':0.5,'kernel':'rbf','gamma':'auto'\}"
COMPLETED,0.55,0.0,5000,2107,0.001,"\{'nu':0.5,'kernel':'rbf','gamma':'auto'\}"
COMPLETED,0.55,0.0,1,2834,0.0250980232957852,"\{'nu':0.5,'kernel':'rbf','gamma':'auto'\}"
COMPLETED,0.57,2.0,2847,396,0.0805247352457113,"\{'nu':0.5,'kernel':'rbf','gamma':'auto'\}"
COMPLETED,0.55,0.0,5000,1670,0.001,"\{'nu':0.5,'kernel':'rbf','gamma':'auto'\}"
COMPLETED,0.55,0.0,1,3392,0.001,"\{'nu':0.5,'kernel':'rbf','gamma':'auto'\}"
COMPLETED,0.5799999999999998,4.0,1559,113,0.001,"\{'nu':0.5,'kernel':'rbf','gamma':'auto'\}"
COMPLETED,0.55,1.0,2347,548,0.0715830357415355,"\{'nu':0.5,'kernel':'rbf','gamma':'auto'\}"
COMPLETED,0.55,0.0,5000,4639,0.001,"\{'nu':0.5,'kernel':'rbf','gamma':'auto'\}"
COMPLETED,0.55,0.0,5000,2686,0.999,"\{'nu':0.5,'kernel':'rbf','gamma':'auto'\}"
COMPLETED,0.55,0.0,1,1407,0.999,"\{'nu':0.5,'kernel':'rbf','gamma':'auto'\}"
COMPLETED,0.55,0.0,5000,4205,0.999,"\{'nu':0.5,'kernel':'rbf','gamma':'auto'\}"
COMPLETED,0.55,0.0,5000,1977,0.999,"\{'nu':0.5,'kernel':'rbf','gamma':'auto'\}"
COMPLETED,0.55,0.0,1,1872,0.001,"\{'nu':0.5,'kernel':'rbf','gamma':'auto'\}"
COMPLETED,0.55,0.0,5000,4805,0.999,"\{'nu':0.5,'kernel':'rbf','gamma':'auto'\}"
COMPLETED,0.55,0.0,5000,3118,0.001,"\{'nu':0.5,'kernel':'rbf','gamma':'auto'\}"
COMPLETED,0.55,0.0,1,4429,0.999,"\{'nu':0.5,'kernel':'rbf','gamma':'auto'\}"
COMPLETED,0.55,0.0,1,2292,0.999,"\{'nu':0.5,'kernel':'rbf','gamma':'auto'\}"
COMPLETED,0.55,0.0,1,2957,0.8975552864339666,"\{'nu':0.5,'kernel':'rbf','gamma':'auto'\}"
COMPLETED,0.55,0.0,1,2095,0.999,"\{'nu':0.5,'kernel':'rbf','gamma':'auto'\}"
COMPLETED,0.55,0.0,1,2410,0.999,"\{'nu':0.5,'kernel':'rbf','gamma':'auto'\}"
COMPLETED,0.55,0.0,5000,2758,0.001,"\{'nu':0.5,'kernel':'rbf','gamma':'auto'\}"
COMPLETED,0.55,1.0,1,104,0.4132969696692485,"\{'nu':0.5,'kernel':'rbf','gamma':'auto'\}"
COMPLETED,0.55,0.0,5000,1855,0.001,"\{'nu':0.5,'kernel':'rbf','gamma':'auto'\}"
COMPLETED,0.55,0.0,1,4600,0.999,"\{'nu':0.5,'kernel':'rbf','gamma':'auto'\}"
COMPLETED,0.55,0.0,1,1968,0.999,"\{'nu':0.5,'kernel':'rbf','gamma':'auto'\}"
COMPLETED,0.55,0.0,5000,2228,0.999,"\{'nu':0.5,'kernel':'rbf','gamma':'auto'\}"
COMPLETED,0.55,0.0,5000,3148,0.999,"\{'nu':0.5,'kernel':'rbf','gamma':'auto'\}"
COMPLETED,0.55,0.0,1,2293,0.001,"\{'nu':0.5,'kernel':'rbf','gamma':'auto'\}"
COMPLETED,0.55,0.0,5000,4155,0.001,"\{'nu':0.5,'kernel':'rbf','gamma':'auto'\}"
COMPLETED,0.56,1.0,1032,288,0.001,"\{'nu':0.5,'kernel':'rbf','gamma':'auto'\}"
COMPLETED,0.55,0.0,1,4223,0.999,"\{'nu':0.5,'kernel':'rbf','gamma':'auto'\}"
COMPLETED,0.55,0.0,1,1492,0.999,"\{'nu':0.5,'kernel':'rbf','gamma':'auto'\}"
COMPLETED,0.55,0.0,5000,4239,0.001,"\{'nu':0.5,'kernel':'rbf','gamma':'auto'\}"
COMPLETED,0.55,0.0,1,4409,0.001,"\{'nu':0.5,'kernel':'rbf','gamma':'auto'\}"
COMPLETED,0.55,0.0,1,1778,0.999,"\{'nu':0.5,'kernel':'rbf','gamma':'auto'\}"
COMPLETED,0.55,0.0,5000,2086,0.999,"\{'nu':0.5,'kernel':'rbf','gamma':'auto'\}"
COMPLETED,0.55,0.0,4863,4292,0.999,"\{'nu':0.5,'kernel':'rbf','gamma':'auto'\}"
COMPLETED,0.55,0.0,5000,2300,0.001,"\{'nu':0.5,'kernel':'rbf','gamma':'auto'\}"
COMPLETED,0.55,0.0,5000,2544,0.2775982670413776,"\{'nu':0.5,'kernel':'rbf','gamma':'auto'\}"
COMPLETED,0.56,1.0,2164,130,0.001,"\{'nu':0.5,'kernel':'rbf','gamma':'auto'\}"
COMPLETED,0.57,2.0,675,113,0.001,"\{'nu':0.5,'kernel':'rbf','gamma':'auto'\}"
COMPLETED,0.56,2.0,5000,395,0.001,"\{'nu':0.5,'kernel':'rbf','gamma':'auto'\}"
COMPLETED,0.55,1.0,1,119,0.001,"\{'nu':0.5,'kernel':'rbf','gamma':'auto'\}"
COMPLETED,0.5799999999999998,4.0,5000,143,0.001,"\{'nu':0.5,'kernel':'rbf','gamma':'auto'\}"
COMPLETED,0.56,1.0,2989,344,0.001,"\{'nu':0.5,'kernel':'rbf','gamma':'auto'\}"
COMPLETED,0.55,0.0,1,3276,0.001,"\{'nu':0.5,'kernel':'rbf','gamma':'auto'\}"
COMPLETED,0.57,2.0,5000,308,0.001,"\{'nu':0.5,'kernel':'rbf','gamma':'auto'\}"
COMPLETED,0.55,2.0,5000,441,0.001,"\{'nu':0.5,'kernel':'rbf','gamma':'auto'\}"
COMPLETED,0.57,2.0,5000,259,0.001,"\{'nu':0.5,'kernel':'rbf','gamma':'auto'\}"
COMPLETED,0.55,0.0,1,1312,0.001,"\{'nu':0.5,'kernel':'rbf','gamma':'auto'\}"
COMPLETED,0.57,4.0,3933,141,0.001,"\{'nu':0.5,'kernel':'rbf','gamma':'auto'\}"
COMPLETED,0.57,3.0,1115,111,0.001,"\{'nu':0.5,'kernel':'rbf','gamma':'auto'\}"
COMPLETED,0.57,2.0,380,100,0.001,"\{'nu':0.5,'kernel':'rbf','gamma':'auto'\}"
COMPLETED,0.5799999999999998,2.0,2790,127,0.001,"\{'nu':0.5,'kernel':'rbf','gamma':'auto'\}"
COMPLETED,0.55,0.0,1,3422,0.999,"\{'nu':0.5,'kernel':'rbf','gamma':'auto'\}"
COMPLETED,0.56,2.0,1572,346,0.001,"\{'nu':0.5,'kernel':'rbf','gamma':'auto'\}"
COMPLETED,0.57,3.0,1841,133,0.4852387622469768,"\{'nu':0.5,'kernel':'rbf','gamma':'auto'\}"
COMPLETED,0.55,0.0,1,1111,0.999,"\{'nu':0.5,'kernel':'rbf','gamma':'auto'\}"
COMPLETED,0.56,2.0,1219,367,0.001,"\{'nu':0.5,'kernel':'rbf','gamma':'auto'\}"
COMPLETED,0.56,2.0,5000,373,0.001,"\{'nu':0.5,'kernel':'rbf','gamma':'auto'\}"
COMPLETED,0.55,0.0,4827,3631,0.001,"\{'nu':0.5,'kernel':'rbf','gamma':'auto'\}"
COMPLETED,0.56,1.0,2436,259,0.001,"\{'nu':0.5,'kernel':'rbf','gamma':'auto'\}"
COMPLETED,0.55,0.0,1,3981,0.001,"\{'nu':0.5,'kernel':'rbf','gamma':'auto'\}"
COMPLETED,0.55,0.0,1,1672,0.001,"\{'nu':0.5,'kernel':'rbf','gamma':'auto'\}"
COMPLETED,0.55,0.0,1,292,0.001,"\{'nu':0.5,'kernel':'rbf','gamma':'auto'\}"
COMPLETED,0.57,3.0,3359,150,0.001,"\{'nu':0.5,'kernel':'rbf','gamma':'auto'\}"
COMPLETED,0.57,3.0,1390,158,0.001,"\{'nu':0.5,'kernel':'rbf','gamma':'auto'\}"
COMPLETED,0.55,0.0,5000,3481,0.999,"\{'nu':0.5,'kernel':'rbf','gamma':'auto'\}"
COMPLETED,0.55,0.0,5000,1658,0.999,"\{'nu':0.5,'kernel':'rbf','gamma':'auto'\}"
COMPLETED,0.55,0.0,1,2746,0.001,"\{'nu':0.5,'kernel':'rbf','gamma':'auto'\}"
COMPLETED,0.55,0.0,5000,3000,0.001,"\{'nu':0.5,'kernel':'rbf','gamma':'auto'\}"
COMPLETED,0.55,0.0,5000,3775,0.999,"\{'nu':0.5,'kernel':'rbf','gamma':'auto'\}"
COMPLETED,0.55,0.0,1,3822,0.001,"\{'nu':0.5,'kernel':'rbf','gamma':'auto'\}"
COMPLETED,0.55,0.0,5000,2554,0.999,"\{'nu':0.5,'kernel':'rbf','gamma':'auto'\}"
COMPLETED,0.55,0.0,1,4087,0.999,"\{'nu':0.5,'kernel':'rbf','gamma':'auto'\}"
COMPLETED,0.55,0.0,1,1210,0.001,"\{'nu':0.5,'kernel':'rbf','gamma':'auto'\}"
COMPLETED,0.55,0.0,5000,3398,0.001,"\{'nu':0.5,'kernel':'rbf','gamma':'auto'\}"
COMPLETED,0.55,0.0,1,5000,0.001,"\{'nu':0.5,'kernel':'rbf','gamma':'auto'\}"
COMPLETED,0.55,0.0,1,894,0.999,"\{'nu':0.5,'kernel':'rbf','gamma':'auto'\}"
COMPLETED,0.55,0.0,5000,3247,0.999,"\{'nu':0.5,'kernel':'rbf','gamma':'auto'\}"
COMPLETED,0.55,0.0,5000,4884,0.001,"\{'nu':0.5,'kernel':'rbf','gamma':'auto'\}"
COMPLETED,0.55,0.0,1,3681,0.001,"\{'nu':0.5,'kernel':'rbf','gamma':'auto'\}"
COMPLETED,0.55,0.0,5000,3032,0.999,"\{'nu':0.5,'kernel':'rbf','gamma':'auto'\}"
COMPLETED,0.55,0.0,1,3572,0.001,"\{'nu':0.5,'kernel':'rbf','gamma':'auto'\}"
COMPLETED,0.55,0.0,1,4853,0.001,"\{'nu':0.5,'kernel':'rbf','gamma':'auto'\}"
COMPLETED,0.55,0.0,5000,4688,0.999,"\{'nu':0.5,'kernel':'rbf','gamma':'auto'\}"
COMPLETED,0.55,0.0,1,2599,0.001,"\{'nu':0.5,'kernel':'rbf','gamma':'auto'\}"
COMPLETED,0.55,0.0,1,1641,0.999,"\{'nu':0.5,'kernel':'rbf','gamma':'auto'\}"
COMPLETED,0.55,0.0,1,1029,0.999,"\{'nu':0.5,'kernel':'rbf','gamma':'auto'\}"
COMPLETED,0.55,0.0,5000,3774,0.001,"\{'nu':0.5,'kernel':'rbf','gamma':'auto'\}"
COMPLETED,0.55,0.0,1,2192,0.001,"\{'nu':0.5,'kernel':'rbf','gamma':'auto'\}"
COMPLETED,0.55,0.0,5000,1415,0.999,"\{'nu':0.5,'kernel':'rbf','gamma':'auto'\}"
COMPLETED,0.55,0.0,5000,1849,0.999,"\{'nu':0.5,'kernel':'rbf','gamma':'auto'\}"
COMPLETED,0.55,0.0,3363,2765,0.999,"\{'nu':0.5,'kernel':'rbf','gamma':'auto'\}"
COMPLETED,0.55,0.0,1,2749,0.999,"\{'nu':0.5,'kernel':'rbf','gamma':'auto'\}"
COMPLETED,0.55,0.0,5000,4438,0.001,"\{'nu':0.5,'kernel':'rbf','gamma':'auto'\}"
COMPLETED,0.55,0.0,1149,2429,0.001,"\{'nu':0.5,'kernel':'rbf','gamma':'auto'\}"
COMPLETED,0.55,0.0,1,2996,0.001,"\{'nu':0.5,'kernel':'rbf','gamma':'auto'\}"
COMPLETED,0.55,0.0,1,3273,0.999,"\{'nu':0.5,'kernel':'rbf','gamma':'auto'\}"
COMPLETED,0.55,0.0,1,4538,0.001,"\{'nu':0.5,'kernel':'rbf','gamma':'auto'\}"
COMPLETED,0.55,0.0,5000,1738,0.999,"\{'nu':0.5,'kernel':'rbf','gamma':'auto'\}"
COMPLETED,0.55,1.0,1,754,0.999,"\{'nu':0.5,'kernel':'rbf','gamma':'auto'\}"
COMPLETED,0.55,1.0,5000,152,0.999,"\{'nu':0.5,'kernel':'rbf','gamma':'auto'\}"
COMPLETED,0.55,0.0,5000,4566,0.001,"\{'nu':0.5,'kernel':'rbf','gamma':'auto'\}"
COMPLETED,0.55,0.0,1,1143,0.001,"\{'nu':0.5,'kernel':'rbf','gamma':'auto'\}"
COMPLETED,0.55,0.0,5000,2821,0.999,"\{'nu':0.5,'kernel':'rbf','gamma':'auto'\}"
COMPLETED,0.55,0.0,5000,4045,0.001,"\{'nu':0.5,'kernel':'rbf','gamma':'auto'\}"
COMPLETED,0.56,2.0,1945,409,0.001,"\{'nu':0.5,'kernel':'rbf','gamma':'auto'\}"
COMPLETED,0.55,0.0,1,4334,0.999,"\{'nu':0.5,'kernel':'rbf','gamma':'auto'\}"
COMPLETED,0.55,0.0,1804,4644,0.001,"\{'nu':0.5,'kernel':'rbf','gamma':'auto'\}"
COMPLETED,0.55,0.0,2461,2045,0.001,"\{'nu':0.5,'kernel':'rbf','gamma':'auto'\}"
COMPLETED,0.55,0.0,1,1451,0.001,"\{'nu':0.5,'kernel':'rbf','gamma':'auto'\}"
COMPLETED,0.55,0.0,1,4699,0.999,"\{'nu':0.5,'kernel':'rbf','gamma':'auto'\}"
COMPLETED,0.55,0.0,5000,1314,0.001,"\{'nu':0.5,'kernel':'rbf','gamma':'auto'\}"
COMPLETED,0.57,1.0,750,390,0.001,"\{'nu':0.5,'kernel':'rbf','gamma':'auto'\}"
COMPLETED,0.55,0.0,1,1591,0.001,"\{'nu':0.5,'kernel':'rbf','gamma':'auto'\}"
COMPLETED,0.55,0.0,5000,4759,0.001,"\{'nu':0.5,'kernel':'rbf','gamma':'auto'\}"
COMPLETED,0.55,0.0,5000,2365,0.999,"\{'nu':0.5,'kernel':'rbf','gamma':'auto'\}"
COMPLETED,0.55,0.0,506,3495,0.999,"\{'nu':0.5,'kernel':'rbf','gamma':'auto'\}"
COMPLETED,0.55,0.0,3729,3641,0.999,"\{'nu':0.5,'kernel':'rbf','gamma':'auto'\}"
COMPLETED,0.55,1.0,5000,868,0.999,"\{'nu':0.5,'kernel':'rbf','gamma':'auto'\}"
COMPLETED,0.55,0.0,1,2054,0.001,"\{'nu':0.5,'kernel':'rbf','gamma':'auto'\}"
COMPLETED,0.55,0.0,1,1530,0.001,"\{'nu':0.5,'kernel':'rbf','gamma':'auto'\}"
COMPLETED,0.55,1.0,2878,125,0.9610723979980904,"\{'nu':0.5,'kernel':'rbf','gamma':'auto'\}"
COMPLETED,0.55,0.0,5000,2837,0.001,"\{'nu':0.5,'kernel':'rbf','gamma':'auto'\}"
COMPLETED,0.55,0.0,1,1929,0.001,"\{'nu':0.5,'kernel':'rbf','gamma':'auto'\}"
COMPLETED,0.55,0.0,5000,2644,0.108955213771538,"\{'nu':0.5,'kernel':'rbf','gamma':'auto'\}"
COMPLETED,0.55,0.0,5000,4595,0.999,"\{'nu':0.5,'kernel':'rbf','gamma':'auto'\}"
COMPLETED,0.55,0.0,4870,2927,0.001,"\{'nu':0.5,'kernel':'rbf','gamma':'auto'\}"
COMPLETED,0.55,0.0,5000,4392,0.530208768603086,"\{'nu':0.5,'kernel':'rbf','gamma':'auto'\}"
COMPLETED,0.55,0.0,5000,1768,0.2804083963237911,"\{'nu':0.5,'kernel':'rbf','gamma':'auto'\}"
COMPLETED,0.55,0.0,1724,3196,0.001,"\{'nu':0.5,'kernel':'rbf','gamma':'auto'\}"
COMPLETED,0.55,0.0,5000,3581,0.5324942735956175,"\{'nu':0.5,'kernel':'rbf','gamma':'auto'\}"
COMPLETED,0.55,0.0,5000,2208,0.2516785104626172,"\{'nu':0.5,'kernel':'rbf','gamma':'auto'\}"
COMPLETED,0.55,0.0,5000,1911,0.6662636849747485,"\{'nu':0.5,'kernel':'rbf','gamma':'auto'\}"
COMPLETED,0.55,0.0,5000,3924,0.999,"\{'nu':0.5,'kernel':'rbf','gamma':'auto'\}"
COMPLETED,0.55,1.0,1,86,0.4730367434559084,"\{'nu':0.5,'kernel':'rbf','gamma':'auto'\}"
COMPLETED,0.55,0.0,1,2531,0.7778040507819847,"\{'nu':0.5,'kernel':'rbf','gamma':'auto'\}"
COMPLETED,0.55,0.0,1,1809,0.4098114908877296,"\{'nu':0.5,'kernel':'rbf','gamma':'auto'\}"
COMPLETED,0.55,1.0,1,373,0.0018306345889892,"\{'nu':0.5,'kernel':'rbf','gamma':'auto'\}"
COMPLETED,0.55,0.0,5000,1540,0.999,"\{'nu':0.5,'kernel':'rbf','gamma':'auto'\}"
COMPLETED,0.55,1.0,1,81,0.001,"\{'nu':0.5,'kernel':'rbf','gamma':'auto'\}"
COMPLETED,0.55,0.0,1,2171,0.4926105361853966,"\{'nu':0.5,'kernel':'rbf','gamma':'auto'\}"
COMPLETED,0.55,0.0,1,3140,0.4450918743163687,"\{'nu':0.5,'kernel':'rbf','gamma':'auto'\}"
COMPLETED,0.55,0.0,1,918,0.5597053912583029,"\{'nu':0.5,'kernel':'rbf','gamma':'auto'\}"
COMPLETED,0.55,1.0,5000,773,0.8190912669114198,"\{'nu':0.5,'kernel':'rbf','gamma':'auto'\}"
COMPLETED,0.55,0.0,1,2855,0.999,"\{'nu':0.5,'kernel':'rbf','gamma':'auto'\}"
COMPLETED,0.55,0.0,4026,2349,0.3587285229159823,"\{'nu':0.5,'kernel':'rbf','gamma':'auto'\}"
COMPLETED,0.55,0.0,33,2844,0.4802463532127465,"\{'nu':0.5,'kernel':'rbf','gamma':'auto'\}"
COMPLETED,0.55,0.0,865,3763,0.5009082295421524,"\{'nu':0.5,'kernel':'rbf','gamma':'auto'\}"
COMPLETED,0.55,0.0,401,3839,0.999,"\{'nu':0.5,'kernel':'rbf','gamma':'auto'\}"
COMPLETED,0.55,0.0,64,1743,0.001,"\{'nu':0.5,'kernel':'rbf','gamma':'auto'\}"
COMPLETED,0.56,2.0,2856,328,0.2515242336317056,"\{'nu':0.5,'kernel':'rbf','gamma':'auto'\}"
COMPLETED,0.55,0.0,5000,4291,0.4856321406290066,"\{'nu':0.5,'kernel':'rbf','gamma':'auto'\}"
COMPLETED,0.55,0.0,5000,4081,0.999,"\{'nu':0.5,'kernel':'rbf','gamma':'auto'\}"
COMPLETED,0.55,0.0,5000,1185,0.3489737227011425,"\{'nu':0.5,'kernel':'rbf','gamma':'auto'\}"
COMPLETED,0.55,0.0,3770,2109,0.528672820842699,"\{'nu':0.5,'kernel':'rbf','gamma':'auto'\}"
COMPLETED,0.55,0.0,1157,1394,0.47993627817088,"\{'nu':0.5,'kernel':'rbf','gamma':'auto'\}"
COMPLETED,0.55,0.0,5000,3922,0.001,"\{'nu':0.5,'kernel':'rbf','gamma':'auto'\}"
COMPLETED,0.56,2.0,2994,375,0.001,"\{'nu':0.5,'kernel':'rbf','gamma':'auto'\}"
COMPLETED,0.55,0.0,2703,3912,0.001,"\{'nu':0.5,'kernel':'rbf','gamma':'auto'\}"
COMPLETED,0.56,2.0,5000,360,0.4136874116342865,"\{'nu':0.5,'kernel':'rbf','gamma':'auto'\}"
COMPLETED,0.5799999999999998,3.0,833,97,0.001,"\{'nu':0.5,'kernel':'rbf','gamma':'auto'\}"
COMPLETED,0.56,2.0,5000,329,0.001,"\{'nu':0.5,'kernel':'rbf','gamma':'auto'\}"
COMPLETED,0.55,0.0,2798,3333,0.001,"\{'nu':0.5,'kernel':'rbf','gamma':'auto'\}"
COMPLETED,0.55,0.0,2140,4188,0.1416227486701777,"\{'nu':0.5,'kernel':'rbf','gamma':'auto'\}"
COMPLETED,0.55,0.0,25,4061,0.001,"\{'nu':0.5,'kernel':'rbf','gamma':'auto'\}"
COMPLETED,0.57,4.0,4439,153,0.001,"\{'nu':0.5,'kernel':'rbf','gamma':'auto'\}"
COMPLETED,0.56,3.0,5000,141,0.5456569018003534,"\{'nu':0.5,'kernel':'rbf','gamma':'auto'\}"
COMPLETED,0.56,1.0,2843,437,0.001,"\{'nu':0.5,'kernel':'rbf','gamma':'auto'\}"
COMPLETED,0.57,3.0,5000,212,0.001,"\{'nu':0.5,'kernel':'rbf','gamma':'auto'\}"
COMPLETED,0.55,0.0,541,3077,0.999,"\{'nu':0.5,'kernel':'rbf','gamma':'auto'\}"
COMPLETED,0.55,0.0,3721,3558,0.0434921930377151,"\{'nu':0.5,'kernel':'rbf','gamma':'auto'\}"
COMPLETED,0.57,2.0,3007,192,0.001,"\{'nu':0.5,'kernel':'rbf','gamma':'auto'\}"
COMPLETED,0.55,0.0,2275,3755,0.999,"\{'nu':0.5,'kernel':'rbf','gamma':'auto'\}"
COMPLETED,0.55,0.0,1,4239,0.001,"\{'nu':0.5,'kernel':'rbf','gamma':'auto'\}"
COMPLETED,0.55,1.0,5000,155,0.713174270140127,"\{'nu':0.5,'kernel':'rbf','gamma':'auto'\}"
COMPLETED,0.57,2.0,218,90,0.001,"\{'nu':0.5,'kernel':'rbf','gamma':'auto'\}"
COMPLETED,0.55,1.0,5000,191,0.6641815726983401,"\{'nu':0.5,'kernel':'rbf','gamma':'auto'\}"
COMPLETED,0.56,1.0,468,336,0.1308483317001214,"\{'nu':0.5,'kernel':'rbf','gamma':'auto'\}"
COMPLETED,0.55,0.0,2409,3429,0.999,"\{'nu':0.5,'kernel':'rbf','gamma':'auto'\}"
COMPLETED,0.56,1.0,2794,301,0.001,"\{'nu':0.5,'kernel':'rbf','gamma':'auto'\}"
COMPLETED,0.55,1.0,3503,151,0.5779387287104096,"\{'nu':0.5,'kernel':'rbf','gamma':'auto'\}"
COMPLETED,0.55,1.0,2075,135,0.6949421679546028,"\{'nu':0.5,'kernel':'rbf','gamma':'auto'\}"
COMPLETED,0.55,0.0,1,4702,0.001,"\{'nu':0.5,'kernel':'rbf','gamma':'auto'\}"
COMPLETED,0.56,2.0,3521,396,0.001,"\{'nu':0.5,'kernel':'rbf','gamma':'auto'\}"
COMPLETED,0.5799999999999998,4.0,1798,123,0.001,"\{'nu':0.5,'kernel':'rbf','gamma':'auto'\}"
COMPLETED,0.55,0.0,5000,4590,0.5638467077699351,"\{'nu':0.5,'kernel':'rbf','gamma':'auto'\}"
COMPLETED,0.57,2.0,1977,315,0.001,"\{'nu':0.5,'kernel':'rbf','gamma':'auto'\}"
COMPLETED,0.55,2.0,5000,459,0.0604652126988566,"\{'nu':0.5,'kernel':'rbf','gamma':'auto'\}"
COMPLETED,0.5799999999999998,4.0,3502,116,0.001,"\{'nu':0.5,'kernel':'rbf','gamma':'auto'\}"
COMPLETED,0.55,1.0,1,91,0.2489961964744975,"\{'nu':0.5,'kernel':'rbf','gamma':'auto'\}"
COMPLETED,0.55,0.0,1,867,0.4181692940034197,"\{'nu':0.5,'kernel':'rbf','gamma':'auto'\}"
COMPLETED,0.55,1.0,1,313,0.001,"\{'nu':0.5,'kernel':'rbf','gamma':'auto'\}"
COMPLETED,0.57,2.0,1218,246,0.001,"\{'nu':0.5,'kernel':'rbf','gamma':'auto'\}"
COMPLETED,0.57,4.0,5000,172,0.001,"\{'nu':0.5,'kernel':'rbf','gamma':'auto'\}"
COMPLETED,0.55,1.0,1,106,0.001,"\{'nu':0.5,'kernel':'rbf','gamma':'auto'\}"
COMPLETED,0.56,2.0,5000,411,0.001,"\{'nu':0.5,'kernel':'rbf','gamma':'auto'\}"
COMPLETED,0.55,1.0,1,101,0.1676880768319057,"\{'nu':0.5,'kernel':'rbf','gamma':'auto'\}"
COMPLETED,0.56,2.0,4203,340,0.001,"\{'nu':0.5,'kernel':'rbf','gamma':'auto'\}"
COMPLETED,0.55,1.0,2082,376,0.001,"\{'nu':0.5,'kernel':'rbf','gamma':'auto'\}"
COMPLETED,0.55,0.0,4944,3015,0.4231981378965217,"\{'nu':0.5,'kernel':'rbf','gamma':'auto'\}"
COMPLETED,0.56,1.0,2613,420,0.2659173131510794,"\{'nu':0.5,'kernel':'rbf','gamma':'auto'\}"
COMPLETED,0.57,3.0,1216,131,0.001,"\{'nu':0.5,'kernel':'rbf','gamma':'auto'\}"
COMPLETED,0.55,1.0,1,151,0.2497608143971045,"\{'nu':0.5,'kernel':'rbf','gamma':'auto'\}"
COMPLETED,0.57,4.0,5000,148,0.3071185603013404,"\{'nu':0.5,'kernel':'rbf','gamma':'auto'\}"
COMPLETED,0.5799999999999998,2.0,603,103,0.001,"\{'nu':0.5,'kernel':'rbf','gamma':'auto'\}"
COMPLETED,0.55,1.0,1,236,0.001,"\{'nu':0.5,'kernel':'rbf','gamma':'auto'\}"
COMPLETED,0.5799999999999998,4.0,4617,136,0.001,"\{'nu':0.5,'kernel':'rbf','gamma':'auto'\}"
COMPLETED,0.57,2.0,1554,113,0.4761384942852109,"\{'nu':0.5,'kernel':'rbf','gamma':'auto'\}"
COMPLETED,0.5799999999999998,4.0,5000,133,0.001,"\{'nu':0.5,'kernel':'rbf','gamma':'auto'\}"
COMPLETED,0.56,2.0,3815,268,0.001,"\{'nu':0.5,'kernel':'rbf','gamma':'auto'\}"
COMPLETED,0.55,0.0,1,3018,0.999,"\{'nu':0.5,'kernel':'rbf','gamma':'auto'\}"
COMPLETED,0.57,2.0,2689,171,0.001,"\{'nu':0.5,'kernel':'rbf','gamma':'auto'\}"
COMPLETED,0.55,0.0,5000,1533,0.5398755110612284,"\{'nu':0.5,'kernel':'rbf','gamma':'auto'\}"
COMPLETED,0.56,1.0,2934,320,0.001,"\{'nu':0.5,'kernel':'rbf','gamma':'auto'\}"
COMPLETED,0.55,0.0,1,4516,0.718481799015665,"\{'nu':0.5,'kernel':'rbf','gamma':'auto'\}"
COMPLETED,0.56,2.0,5000,155,0.5183189801209728,"\{'nu':0.5,'kernel':'rbf','gamma':'auto'\}"
COMPLETED,0.55,0.0,1,394,0.001,"\{'nu':0.5,'kernel':'rbf','gamma':'auto'\}"
COMPLETED,0.56,1.0,2314,111,0.3689283108559123,"\{'nu':0.5,'kernel':'rbf','gamma':'auto'\}"
COMPLETED,0.57,5.0,4780,148,0.001,"\{'nu':0.5,'kernel':'rbf','gamma':'auto'\}"
COMPLETED,0.57,2.0,2305,146,0.001,"\{'nu':0.5,'kernel':'rbf','gamma':'auto'\}"
COMPLETED,0.57,3.0,3905,301,0.001,"\{'nu':0.5,'kernel':'rbf','gamma':'auto'\}"
COMPLETED,0.56,1.0,803,337,0.001,"\{'nu':0.5,'kernel':'rbf','gamma':'auto'\}"
COMPLETED,0.55,0.0,1,4909,0.999,"\{'nu':0.5,'kernel':'rbf','gamma':'auto'\}"
COMPLETED,0.56,2.0,3186,359,0.001,"\{'nu':0.5,'kernel':'rbf','gamma':'auto'\}"
COMPLETED,0.55,0.0,3054,2853,0.001,"\{'nu':0.5,'kernel':'rbf','gamma':'auto'\}"
COMPLETED,0.55,0.0,2652,1071,0.001,"\{'nu':0.5,'kernel':'rbf','gamma':'auto'\}"
COMPLETED,0.55,0.0,2842,2364,0.999,"\{'nu':0.5,'kernel':'rbf','gamma':'auto'\}"
COMPLETED,0.55,0.0,2311,2247,0.999,"\{'nu':0.5,'kernel':'rbf','gamma':'auto'\}"
COMPLETED,0.55,1.0,2039,345,0.001,"\{'nu':0.5,'kernel':'rbf','gamma':'auto'\}"
COMPLETED,0.57,2.0,3400,133,0.5117447669770364,"\{'nu':0.5,'kernel':'rbf','gamma':'auto'\}"
COMPLETED,0.55,0.0,1954,1002,0.001,"\{'nu':0.5,'kernel':'rbf','gamma':'auto'\}"
COMPLETED,0.55,0.0,4063,4076,0.999,"\{'nu':0.5,'kernel':'rbf','gamma':'auto'\}"
COMPLETED,0.55,1.0,2200,832,0.999,"\{'nu':0.5,'kernel':'rbf','gamma':'auto'\}"
COMPLETED,0.55,1.0,3583,141,0.7268903738895687,"\{'nu':0.5,'kernel':'rbf','gamma':'auto'\}"
COMPLETED,0.57,2.0,289,115,0.001,"\{'nu':0.5,'kernel':'rbf','gamma':'auto'\}"
COMPLETED,0.57,3.0,1558,199,0.001,"\{'nu':0.5,'kernel':'rbf','gamma':'auto'\}"
COMPLETED,0.55,0.0,2135,1734,0.999,"\{'nu':0.5,'kernel':'rbf','gamma':'auto'\}"
COMPLETED,0.55,0.0,5000,3329,0.001,"\{'nu':0.5,'kernel':'rbf','gamma':'auto'\}"
COMPLETED,0.56,1.0,2643,124,0.5825728198527749,"\{'nu':0.5,'kernel':'rbf','gamma':'auto'\}"
COMPLETED,0.55,0.0,5000,1231,0.001,"\{'nu':0.5,'kernel':'rbf','gamma':'auto'\}"
COMPLETED,0.57,2.0,825,183,0.001,"\{'nu':0.5,'kernel':'rbf','gamma':'auto'\}"
COMPLETED,0.55,0.0,1267,1210,0.001,"\{'nu':0.5,'kernel':'rbf','gamma':'auto'\}"
COMPLETED,0.57,2.0,2271,119,0.001,"\{'nu':0.5,'kernel':'rbf','gamma':'auto'\}"
COMPLETED,0.57,2.0,2487,159,0.3817275808083387,"\{'nu':0.5,'kernel':'rbf','gamma':'auto'\}"
COMPLETED,0.5799999999999998,4.0,4136,127,0.001,"\{'nu':0.5,'kernel':'rbf','gamma':'auto'\}"
COMPLETED,0.56,2.0,3014,263,0.3707976534435517,"\{'nu':0.5,'kernel':'rbf','gamma':'auto'\}"
COMPLETED,0.55,0.0,3223,4463,0.999,"\{'nu':0.5,'kernel':'rbf','gamma':'auto'\}"
COMPLETED,0.55,1.0,994,712,0.9152932879923924,"\{'nu':0.5,'kernel':'rbf','gamma':'auto'\}"
COMPLETED,0.55,0.0,3233,1368,0.999,"\{'nu':0.5,'kernel':'rbf','gamma':'auto'\}"
COMPLETED,0.56,1.0,2419,314,0.001,"\{'nu':0.5,'kernel':'rbf','gamma':'auto'\}"
COMPLETED,0.57,1.0,565,298,0.001,"\{'nu':0.5,'kernel':'rbf','gamma':'auto'\}"
COMPLETED,0.55,0.0,1,1008,0.999,"\{'nu':0.5,'kernel':'rbf','gamma':'auto'\}"
COMPLETED,0.55,0.0,5000,3453,0.999,"\{'nu':0.5,'kernel':'rbf','gamma':'auto'\}"
COMPLETED,0.5899999999999999,4.0,3609,130,0.001,"\{'nu':0.5,'kernel':'rbf','gamma':'auto'\}"
COMPLETED,0.57,4.0,5000,150,0.1382050346674703,"\{'nu':0.5,'kernel':'rbf','gamma':'auto'\}"
COMPLETED,0.56,1.0,478,220,0.001,"\{'nu':0.5,'kernel':'rbf','gamma':'auto'\}"
COMPLETED,0.55,0.0,5000,2000,0.001,"\{'nu':0.5,'kernel':'rbf','gamma':'auto'\}"
COMPLETED,0.5799999999999998,2.0,496,93,0.001,"\{'nu':0.5,'kernel':'rbf','gamma':'auto'\}"
COMPLETED,0.55,0.0,5000,2521,0.999,"\{'nu':0.5,'kernel':'rbf','gamma':'auto'\}"
COMPLETED,0.55,0.0,1,3607,0.001,"\{'nu':0.5,'kernel':'rbf','gamma':'auto'\}"
COMPLETED,0.55,0.0,1297,2337,0.0120288122474517,"\{'nu':0.5,'kernel':'rbf','gamma':'auto'\}"
COMPLETED,0.55,0.0,5000,1061,0.001,"\{'nu':0.5,'kernel':'rbf','gamma':'auto'\}"
COMPLETED,0.5799999999999998,4.0,914,111,0.001,"\{'nu':0.5,'kernel':'rbf','gamma':'auto'\}"
COMPLETED,0.5799999999999998,4.0,1324,112,0.001,"\{'nu':0.5,'kernel':'rbf','gamma':'auto'\}"
COMPLETED,0.56,1.0,113,92,0.001,"\{'nu':0.5,'kernel':'rbf','gamma':'auto'\}"
COMPLETED,0.5799999999999998,3.0,5000,190,0.001,"\{'nu':0.5,'kernel':'rbf','gamma':'auto'\}"
COMPLETED,0.56,1.0,3514,422,0.001,"\{'nu':0.5,'kernel':'rbf','gamma':'auto'\}"
COMPLETED,0.55,1.0,1,75,0.1334466682864588,"\{'nu':0.5,'kernel':'rbf','gamma':'auto'\}"
COMPLETED,0.57,3.0,4073,158,0.001,"\{'nu':0.5,'kernel':'rbf','gamma':'auto'\}"
COMPLETED,0.56,2.0,1116,330,0.001,"\{'nu':0.5,'kernel':'rbf','gamma':'auto'\}"
COMPLETED,0.56,2.0,5000,288,0.001,"\{'nu':0.5,'kernel':'rbf','gamma':'auto'\}"
COMPLETED,0.55,1.0,5000,144,0.6821392527442354,"\{'nu':0.5,'kernel':'rbf','gamma':'auto'\}"
COMPLETED,0.57,3.0,4109,146,0.4269031479859309,"\{'nu':0.5,'kernel':'rbf','gamma':'auto'\}"
COMPLETED,0.56,1.0,2454,366,0.001,"\{'nu':0.5,'kernel':'rbf','gamma':'auto'\}"
COMPLETED,0.57,2.0,5000,143,0.4158806796962817,"\{'nu':0.5,'kernel':'rbf','gamma':'auto'\}"
COMPLETED,0.55,0.0,4843,3361,0.999,"\{'nu':0.5,'kernel':'rbf','gamma':'auto'\}"
COMPLETED,0.55,0.0,1,2344,0.001,"\{'nu':0.5,'kernel':'rbf','gamma':'auto'\}"
COMPLETED,0.55,0.0,2804,1528,0.001,"\{'nu':0.5,'kernel':'rbf','gamma':'auto'\}"
COMPLETED,0.55,0.0,3939,3241,0.001,"\{'nu':0.5,'kernel':'rbf','gamma':'auto'\}"
COMPLETED,0.55,0.0,2859,4322,0.001,"\{'nu':0.5,'kernel':'rbf','gamma':'auto'\}"
COMPLETED,0.55,0.0,3305,4800,0.001,"\{'nu':0.5,'kernel':'rbf','gamma':'auto'\}"
COMPLETED,0.55,0.0,2138,4756,0.999,"\{'nu':0.5,'kernel':'rbf','gamma':'auto'\}"
COMPLETED,0.55,0.0,1541,4001,0.999,"\{'nu':0.5,'kernel':'rbf','gamma':'auto'\}"
COMPLETED,0.55,0.0,3097,1729,0.001,"\{'nu':0.5,'kernel':'rbf','gamma':'auto'\}"
COMPLETED,0.55,0.0,2422,3116,0.999,"\{'nu':0.5,'kernel':'rbf','gamma':'auto'\}"
COMPLETED,0.55,0.0,1543,1876,0.001,"\{'nu':0.5,'kernel':'rbf','gamma':'auto'\}"
COMPLETED,0.55,0.0,3238,2617,0.001,"\{'nu':0.5,'kernel':'rbf','gamma':'auto'\}"
COMPLETED,0.55,0.0,3237,2512,0.001,"\{'nu':0.5,'kernel':'rbf','gamma':'auto'\}"
COMPLETED,0.55,0.0,3699,2600,0.7287087415834542,"\{'nu':0.5,'kernel':'rbf','gamma':'auto'\}"
COMPLETED,0.55,0.0,3381,4529,0.001,"\{'nu':0.5,'kernel':'rbf','gamma':'auto'\}"
COMPLETED,0.55,0.0,3405,1304,0.001,"\{'nu':0.5,'kernel':'rbf','gamma':'auto'\}"
COMPLETED,0.55,0.0,3474,1206,0.001,"\{'nu':0.5,'kernel':'rbf','gamma':'auto'\}"
COMPLETED,0.55,0.0,2147,1504,0.999,"\{'nu':0.5,'kernel':'rbf','gamma':'auto'\}"
COMPLETED,0.55,0.0,3940,1710,0.001,"\{'nu':0.5,'kernel':'rbf','gamma':'auto'\}"
COMPLETED,0.55,1.0,717,623,0.001,"\{'nu':0.5,'kernel':'rbf','gamma':'auto'\}"
COMPLETED,0.55,0.0,1922,2914,0.999,"\{'nu':0.5,'kernel':'rbf','gamma':'auto'\}"
COMPLETED,0.55,0.0,2877,4866,0.001,"\{'nu':0.5,'kernel':'rbf','gamma':'auto'\}"
COMPLETED,0.55,0.0,3076,4709,0.001,"\{'nu':0.5,'kernel':'rbf','gamma':'auto'\}"
COMPLETED,0.55,0.0,2079,4839,0.999,"\{'nu':0.5,'kernel':'rbf','gamma':'auto'\}"
COMPLETED,0.55,0.0,2256,3245,0.999,"\{'nu':0.5,'kernel':'rbf','gamma':'auto'\}"
COMPLETED,0.55,1.0,3458,790,0.999,"\{'nu':0.5,'kernel':'rbf','gamma':'auto'\}"
COMPLETED,0.55,0.0,3765,3037,0.999,"\{'nu':0.5,'kernel':'rbf','gamma':'auto'\}"
COMPLETED,0.55,0.0,4181,3190,0.001,"\{'nu':0.5,'kernel':'rbf','gamma':'auto'\}"
COMPLETED,0.55,0.0,1108,4122,0.001,"\{'nu':0.5,'kernel':'rbf','gamma':'auto'\}"
COMPLETED,0.55,0.0,1391,4630,0.999,"\{'nu':0.5,'kernel':'rbf','gamma':'auto'\}"
COMPLETED,0.55,0.0,1441,1998,0.999,"\{'nu':0.5,'kernel':'rbf','gamma':'auto'\}"
COMPLETED,0.55,0.0,3460,4792,0.999,"\{'nu':0.5,'kernel':'rbf','gamma':'auto'\}"
COMPLETED,0.57,5.0,5000,152,0.001,"\{'nu':0.5,'kernel':'rbf','gamma':'auto'\}"
COMPLETED,0.55,1.0,2011,127,0.3083796615461724,"\{'nu':0.5,'kernel':'rbf','gamma':'auto'\}"
COMPLETED,0.56,2.0,1469,321,0.001,"\{'nu':0.5,'kernel':'rbf','gamma':'auto'\}"
COMPLETED,0.55,0.0,1,4916,0.001,"\{'nu':0.5,'kernel':'rbf','gamma':'auto'\}"
COMPLETED,0.56,2.0,1894,285,0.001,"\{'nu':0.5,'kernel':'rbf','gamma':'auto'\}"
COMPLETED,0.56,2.0,455,257,0.001,"\{'nu':0.5,'kernel':'rbf','gamma':'auto'\}"
COMPLETED,0.55,0.0,4682,2938,0.001,"\{'nu':0.5,'kernel':'rbf','gamma':'auto'\}"
COMPLETED,0.56,2.0,3589,334,0.001,"\{'nu':0.5,'kernel':'rbf','gamma':'auto'\}"
COMPLETED,0.55,1.0,1,262,0.001,"\{'nu':0.5,'kernel':'rbf','gamma':'auto'\}"
COMPLETED,0.57,4.0,4274,145,0.001,"\{'nu':0.5,'kernel':'rbf','gamma':'auto'\}"
COMPLETED,0.55,0.0,5000,1751,0.001,"\{'nu':0.5,'kernel':'rbf','gamma':'auto'\}"
COMPLETED,0.57,3.0,4458,168,0.001,"\{'nu':0.5,'kernel':'rbf','gamma':'auto'\}"
COMPLETED,0.56,1.0,929,368,0.001,"\{'nu':0.5,'kernel':'rbf','gamma':'auto'\}"
COMPLETED,0.5799999999999998,2.0,776,139,0.001,"\{'nu':0.5,'kernel':'rbf','gamma':'auto'\}"
COMPLETED,0.57,2.0,3187,150,0.3592945462519876,"\{'nu':0.5,'kernel':'rbf','gamma':'auto'\}"
COMPLETED,0.56,3.0,3905,370,0.001,"\{'nu':0.5,'kernel':'rbf','gamma':'auto'\}"
COMPLETED,0.56,3.0,5000,327,0.2522957742728218,"\{'nu':0.5,'kernel':'rbf','gamma':'auto'\}"
COMPLETED,0.55,0.0,5000,2221,0.001,"\{'nu':0.5,'kernel':'rbf','gamma':'auto'\}"
COMPLETED,0.5799999999999998,4.0,1634,141,0.001,"\{'nu':0.5,'kernel':'rbf','gamma':'auto'\}"
COMPLETED,0.57,3.0,3182,139,0.2341176540513489,"\{'nu':0.5,'kernel':'rbf','gamma':'auto'\}"
COMPLETED,0.56,1.0,810,297,0.001,"\{'nu':0.5,'kernel':'rbf','gamma':'auto'\}"
COMPLETED,0.55,1.0,1,160,0.001,"\{'nu':0.5,'kernel':'rbf','gamma':'auto'\}"
COMPLETED,0.55,0.0,1,1842,0.999,"\{'nu':0.5,'kernel':'rbf','gamma':'auto'\}"
COMPLETED,0.55,0.0,1,3396,0.407606601382869,"\{'nu':0.5,'kernel':'rbf','gamma':'auto'\}"
COMPLETED,0.57,2.0,2841,138,0.5068253530591734,"\{'nu':0.5,'kernel':'rbf','gamma':'auto'\}"
COMPLETED,0.55,0.0,276,2503,0.999,"\{'nu':0.5,'kernel':'rbf','gamma':'auto'\}"
COMPLETED,0.57,5.0,4673,145,0.001,"\{'nu':0.5,'kernel':'rbf','gamma':'auto'\}"
COMPLETED,0.56,3.0,5000,383,0.001,"\{'nu':0.5,'kernel':'rbf','gamma':'auto'\}"
COMPLETED,0.56,2.0,4619,427,0.001,"\{'nu':0.5,'kernel':'rbf','gamma':'auto'\}"
COMPLETED,0.5799999999999998,5.0,4420,137,0.001,"\{'nu':0.5,'kernel':'rbf','gamma':'auto'\}"
COMPLETED,0.55,0.0,2016,4177,0.999,"\{'nu':0.5,'kernel':'rbf','gamma':'auto'\}"
COMPLETED,0.55,0.0,3642,4393,0.999,"\{'nu':0.5,'kernel':'rbf','gamma':'auto'\}"
COMPLETED,0.55,0.0,3356,1630,0.999,"\{'nu':0.5,'kernel':'rbf','gamma':'auto'\}"
COMPLETED,0.55,0.0,2108,2642,0.001,"\{'nu':0.5,'kernel':'rbf','gamma':'auto'\}"
COMPLETED,0.55,0.0,2032,3444,0.001,"\{'nu':0.5,'kernel':'rbf','gamma':'auto'\}"
COMPLETED,0.55,0.0,1207,3624,0.001,"\{'nu':0.5,'kernel':'rbf','gamma':'auto'\}"
COMPLETED,0.55,0.0,3672,1870,0.999,"\{'nu':0.5,'kernel':'rbf','gamma':'auto'\}"
COMPLETED,0.55,0.0,1505,2711,0.001,"\{'nu':0.5,'kernel':'rbf','gamma':'auto'\}"
COMPLETED,0.55,0.0,1160,4405,0.999,"\{'nu':0.5,'kernel':'rbf','gamma':'auto'\}"
COMPLETED,0.55,0.0,3903,4002,0.3320207100529175,"\{'nu':0.5,'kernel':'rbf','gamma':'auto'\}"
COMPLETED,0.55,0.0,4003,3820,0.001,"\{'nu':0.5,'kernel':'rbf','gamma':'auto'\}"
COMPLETED,0.55,0.0,4059,4684,0.999,"\{'nu':0.5,'kernel':'rbf','gamma':'auto'\}"
COMPLETED,0.55,1.0,2076,1274,0.999,"\{'nu':0.5,'kernel':'rbf','gamma':'auto'\}"
COMPLETED,0.55,1.0,915,570,0.999,"\{'nu':0.5,'kernel':'rbf','gamma':'auto'\}"
COMPLETED,0.55,0.0,2867,3273,0.001,"\{'nu':0.5,'kernel':'rbf','gamma':'auto'\}"
COMPLETED,0.55,0.0,1702,925,0.999,"\{'nu':0.5,'kernel':'rbf','gamma':'auto'\}"
COMPLETED,0.55,0.0,1837,4359,0.001,"\{'nu':0.5,'kernel':'rbf','gamma':'auto'\}"
COMPLETED,0.55,0.0,1051,2197,0.999,"\{'nu':0.5,'kernel':'rbf','gamma':'auto'\}"
COMPLETED,0.55,0.0,2056,3652,0.999,"\{'nu':0.5,'kernel':'rbf','gamma':'auto'\}"
COMPLETED,0.55,1.0,3084,696,0.999,"\{'nu':0.5,'kernel':'rbf','gamma':'auto'\}"
COMPLETED,0.55,0.0,1293,1119,0.6919114360809326,"\{'nu':0.5,'kernel':'rbf','gamma':'auto'\}"
COMPLETED,0.55,0.0,4024,4197,0.3390406800508499,"\{'nu':0.5,'kernel':'rbf','gamma':'auto'\}"
COMPLETED,0.55,0.0,3632,1633,0.9917819954324512,"\{'nu':0.5,'kernel':'rbf','gamma':'auto'\}"
COMPLETED,0.55,0.0,1053,3675,0.1010568698216229,"\{'nu':0.5,'kernel':'rbf','gamma':'auto'\}"
COMPLETED,0.55,0.0,343,2024,0.4450430150497704,"\{'nu':0.5,'kernel':'rbf','gamma':'auto'\}"
COMPLETED,0.55,0.0,3081,2657,0.5874014475215226,"\{'nu':0.5,'kernel':'rbf','gamma':'auto'\}"
COMPLETED,0.57,2.0,4577,262,0.2465304030478,"\{'nu':0.5,'kernel':'rbf','gamma':'auto'\}"
COMPLETED,0.55,0.0,2000,4430,0.8487754366099834,"\{'nu':0.5,'kernel':'rbf','gamma':'auto'\}"
COMPLETED,0.55,0.0,2368,1516,0.1442188493292778,"\{'nu':0.5,'kernel':'rbf','gamma':'auto'\}"
COMPLETED,0.55,0.0,4787,3166,0.7619372343700379,"\{'nu':0.5,'kernel':'rbf','gamma':'auto'\}"
COMPLETED,0.55,1.0,2557,769,0.4205769556500017,"\{'nu':0.5,'kernel':'rbf','gamma':'auto'\}"
COMPLETED,0.55,0.0,290,3922,0.5474658437110483,"\{'nu':0.5,'kernel':'rbf','gamma':'auto'\}"
COMPLETED,0.55,1.0,831,378,0.8913301925100386,"\{'nu':0.5,'kernel':'rbf','gamma':'auto'\}"
COMPLETED,0.55,0.0,3257,4939,0.0163182636536657,"\{'nu':0.5,'kernel':'rbf','gamma':'auto'\}"
COMPLETED,0.55,0.0,4089,2374,0.6695487537961453,"\{'nu':0.5,'kernel':'rbf','gamma':'auto'\}"
COMPLETED,0.55,0.0,1825,2932,0.3009610236864537,"\{'nu':0.5,'kernel':'rbf','gamma':'auto'\}"
COMPLETED,0.55,0.0,1672,2317,0.8058121440336107,"\{'nu':0.5,'kernel':'rbf','gamma':'auto'\}"
COMPLETED,0.55,0.0,4251,2990,0.1646988510414958,"\{'nu':0.5,'kernel':'rbf','gamma':'auto'\}"
COMPLETED,0.55,1.0,3405,554,0.505567040214315,"\{'nu':0.5,'kernel':'rbf','gamma':'auto'\}"
COMPLETED,0.55,0.0,674,4762,0.4020806742403656,"\{'nu':0.5,'kernel':'rbf','gamma':'auto'\}"
COMPLETED,0.55,0.0,121,787,0.0582058857474476,"\{'nu':0.5,'kernel':'rbf','gamma':'auto'\}"
COMPLETED,0.55,0.0,2698,3904,0.9098381349239498,"\{'nu':0.5,'kernel':'rbf','gamma':'auto'\}"
COMPLETED,0.55,0.0,4960,1300,0.2570901571735739,"\{'nu':0.5,'kernel':'rbf','gamma':'auto'\}"
COMPLETED,0.55,0.0,2223,3381,0.6490651810988783,"\{'nu':0.5,'kernel':'rbf','gamma':'auto'\}"
COMPLETED,0.57,2.0,2161,45,0.3595247286316007,"\{'nu':0.5,'kernel':'rbf','gamma':'auto'\}"
COMPLETED,0.55,0.0,4428,4645,0.7357817969676107,"\{'nu':0.5,'kernel':'rbf','gamma':'auto'\}"
COMPLETED,0.55,0.0,2916,2042,0.0825484515242278,"\{'nu':0.5,'kernel':'rbf','gamma':'auto'\}"
COMPLETED,0.55,0.0,498,2639,0.9498948492221532,"\{'nu':0.5,'kernel':'rbf','gamma':'auto'\}"
COMPLETED,0.55,0.0,1195,1808,0.6058982048146426,"\{'nu':0.5,'kernel':'rbf','gamma':'auto'\}"
COMPLETED,0.55,0.0,3459,3497,0.4869413426630199,"\{'nu':0.5,'kernel':'rbf','gamma':'auto'\}"
COMPLETED,0.55,0.0,3887,1062,0.8282949590142816,"\{'nu':0.5,'kernel':'rbf','gamma':'auto'\}"
COMPLETED,0.55,0.0,1462,4254,0.202655969267711,"\{'nu':0.5,'kernel':'rbf','gamma':'auto'\}"
COMPLETED,0.55,0.0,1521,1658,0.4302334160022437,"\{'nu':0.5,'kernel':'rbf','gamma':'auto'\}"
COMPLETED,0.55,0.0,3788,3658,0.5373840848021209,"\{'nu':0.5,'kernel':'rbf','gamma':'auto'\}"
COMPLETED,0.55,0.0,3556,1214,0.1297522702571004,"\{'nu':0.5,'kernel':'rbf','gamma':'auto'\}"
COMPLETED,0.55,0.0,1137,4093,0.7750019424911588,"\{'nu':0.5,'kernel':'rbf','gamma':'auto'\}"
COMPLETED,0.55,1.0,594,196,0.6823707910832018,"\{'nu':0.5,'kernel':'rbf','gamma':'auto'\}"
COMPLETED,0.55,0.0,2858,4485,0.2867390784677117,"\{'nu':0.5,'kernel':'rbf','gamma':'auto'\}"
COMPLETED,0.55,0.0,4488,1891,0.8814911044351756,"\{'nu':0.5,'kernel':'rbf','gamma':'auto'\}"
COMPLETED,0.55,0.0,2062,2801,0.0257300901524722,"\{'nu':0.5,'kernel':'rbf','gamma':'auto'\}"
COMPLETED,0.55,1.0,2321,626,0.9818852139208466,"\{'nu':0.5,'kernel':'rbf','gamma':'auto'\}"
COMPLETED,0.55,0.0,4901,4055,0.1104062440488487,"\{'nu':0.5,'kernel':'rbf','gamma':'auto'\}"
COMPLETED,0.55,0.0,2755,1461,0.7046728948876261,"\{'nu':0.5,'kernel':'rbf','gamma':'auto'\}"
COMPLETED,0.55,0.0,25,3230,0.3247553307935595,"\{'nu':0.5,'kernel':'rbf','gamma':'auto'\}"
COMPLETED,0.55,0.0,732,2478,0.2320023234710097,"\{'nu':0.5,'kernel':'rbf','gamma':'auto'\}"
COMPLETED,0.55,0.0,3308,2838,0.8617814995273948,"\{'nu':0.5,'kernel':'rbf','gamma':'auto'\}"
COMPLETED,0.56,2.0,4350,393,0.4546351195964962,"\{'nu':0.5,'kernel':'rbf','gamma':'auto'\}"
COMPLETED,0.55,0.0,1612,4913,0.5772600916419178,"\{'nu':0.5,'kernel':'rbf','gamma':'auto'\}"
COMPLETED,0.55,1.0,1768,529,0.0685076766349375,"\{'nu':0.5,'kernel':'rbf','gamma':'auto'\}"
COMPLETED,0.55,0.0,4186,4778,0.9633882168270648,"\{'nu':0.5,'kernel':'rbf','gamma':'auto'\}"
COMPLETED,0.55,0.0,3158,2222,0.3686295284908264,"\{'nu':0.5,'kernel':'rbf','gamma':'auto'\}"
COMPLETED,0.55,0.0,891,3093,0.7251531364005059,"\{'nu':0.5,'kernel':'rbf','gamma':'auto'\}"
COMPLETED,0.55,0.0,191,1365,0.8179108728151768,"\{'nu':0.5,'kernel':'rbf','gamma':'auto'\}"
COMPLETED,0.55,0.0,2617,3327,0.2115180388074368,"\{'nu':0.5,'kernel':'rbf','gamma':'auto'\}"
COMPLETED,0.55,0.0,4729,920,0.6191469980515539,"\{'nu':0.5,'kernel':'rbf','gamma':'auto'\}"
COMPLETED,0.55,0.0,2465,3760,0.4731432980932295,"\{'nu':0.5,'kernel':'rbf','gamma':'auto'\}"
COMPLETED,0.55,0.0,1904,2184,0.5188763821888716,"\{'nu':0.5,'kernel':'rbf','gamma':'auto'\}"
COMPLETED,0.55,0.0,4634,2505,0.3883460337091237,"\{'nu':0.5,'kernel':'rbf','gamma':'auto'\}"
COMPLETED,0.55,1.0,3022,100,0.7954857512712478,"\{'nu':0.5,'kernel':'rbf','gamma':'auto'\}"
COMPLETED,0.55,0.0,442,4581,0.1736233728528022,"\{'nu':0.5,'kernel':'rbf','gamma':'auto'\}"
COMPLETED,0.55,1.0,993,958,0.2662593128383159,"\{'nu':0.5,'kernel':'rbf','gamma':'auto'\}"
COMPLETED,0.55,0.0,3731,4348,0.6384961175024509,"\{'nu':0.5,'kernel':'rbf','gamma':'auto'\}"
COMPLETED,0.55,0.0,3928,1793,0.0442266113627702,"\{'nu':0.5,'kernel':'rbf','gamma':'auto'\}"
COMPLETED,0.55,0.0,1351,3523,0.9233901477325708,"\{'nu':0.5,'kernel':'rbf','gamma':'auto'\}"
COMPLETED,0.55,0.0,1388,1940,0.0013673643898218,"\{'nu':0.5,'kernel':'rbf','gamma':'auto'\}"
COMPLETED,0.55,0.0,3970,2750,0.9037992237042636,"\{'nu':0.5,'kernel':'rbf','gamma':'auto'\}"
COMPLETED,0.57,3.0,3688,188,0.3090424407608807,"\{'nu':0.5,'kernel':'rbf','gamma':'auto'\}"
COMPLETED,0.55,0.0,956,4493,0.6580109224803746,"\{'nu':0.5,'kernel':'rbf','gamma':'auto'\}"
COMPLETED,0.55,0.0,405,1202,0.7525046818442642,"\{'nu':0.5,'kernel':'rbf','gamma':'auto'\}"
COMPLETED,0.55,0.0,2979,4103,0.1541542787142098,"\{'nu':0.5,'kernel':'rbf','gamma':'auto'\}"
COMPLETED,0.55,0.0,4677,1705,0.5617813325654715,"\{'nu':0.5,'kernel':'rbf','gamma':'auto'\}"
COMPLETED,0.55,0.0,1941,3611,0.4077390087973326,"\{'nu':0.5,'kernel':'rbf','gamma':'auto'\}"
COMPLETED,0.55,1.0,2423,460,0.584282586172223,"\{'nu':0.5,'kernel':'rbf','gamma':'auto'\}"
COMPLETED,0.55,0.0,4692,4846,0.4457098068147897,"\{'nu':0.5,'kernel':'rbf','gamma':'auto'\}"
COMPLETED,0.55,0.0,2654,2447,0.852851433487609,"\{'nu':0.5,'kernel':'rbf','gamma':'auto'\}"
COMPLETED,0.55,0.0,233,2868,0.2390276788789778,"\{'nu':0.5,'kernel':'rbf','gamma':'auto'\}"
COMPLETED,0.55,0.0,933,1433,0.3333996418137103,"\{'nu':0.5,'kernel':'rbf','gamma':'auto'\}"
COMPLETED,0.55,0.0,3195,3258,0.6980851273555309,"\{'nu':0.5,'kernel':'rbf','gamma':'auto'\}"
COMPLETED,0.55,1.0,4148,695,0.1038137121051549,"\{'nu':0.5,'kernel':'rbf','gamma':'auto'\}"
COMPLETED,0.55,0.0,1726,3985,0.9905323746651412,"\{'nu':0.5,'kernel':'rbf','gamma':'auto'\}"
COMPLETED,0.55,1.0,1576,871,0.4973739792015403,"\{'nu':0.5,'kernel':'rbf','gamma':'auto'\}"
COMPLETED,0.55,0.0,4309,3811,0.596973328879103,"\{'nu':0.5,'kernel':'rbf','gamma':'auto'\}"
COMPLETED,0.55,0.0,3349,1373,0.1893396126590669,"\{'nu':0.5,'kernel':'rbf','gamma':'auto'\}"
COMPLETED,0.55,0.0,768,3318,0.8421444110833108,"\{'nu':0.5,'kernel':'rbf','gamma':'auto'\}"
COMPLETED,0.55,0.0,60,2234,0.747777236726135,"\{'nu':0.5,'kernel':'rbf','gamma':'auto'\}"
COMPLETED,0.55,0.0,2797,3083,0.3441030932329595,"\{'nu':0.5,'kernel':'rbf','gamma':'auto'\}"
COMPLETED,0.55,1.0,4860,481,0.938857020875439,"\{'nu':0.5,'kernel':'rbf','gamma':'auto'\}"
COMPLETED,0.55,0.0,2286,4825,0.09113463040255,"\{'nu':0.5,'kernel':'rbf','gamma':'auto'\}"
COMPLETED,0.55,0.0,2103,1726,0.9164787812903524,"\{'nu':0.5,'kernel':'rbf','gamma':'auto'\}"
COMPLETED,0.55,0.0,4524,3590,0.05304224229604,"\{'nu':0.5,'kernel':'rbf','gamma':'auto'\}"
COMPLETED,0.55,0.0,2822,989,0.6473069951776415,"\{'nu':0.5,'kernel':'rbf','gamma':'auto'\}"
COMPLETED,0.55,0.0,553,4318,0.2593508072737604,"\{'nu':0.5,'kernel':'rbf','gamma':'auto'\}"
COMPLETED,0.5799999999999998,3.0,1096,128,0.1648617770019918,"\{'nu':0.5,'kernel':'rbf','gamma':'auto'\}"
COMPLETED,0.55,0.0,3520,4553,0.8021922721806913,"\{'nu':0.5,'kernel':'rbf','gamma':'auto'\}"
COMPLETED,0.55,0.0,3824,2116,0.3950477902069687,"\{'nu':0.5,'kernel':'rbf','gamma':'auto'\}"
COMPLETED,0.55,0.0,1562,2576,0.5101176360622048,"\{'nu':0.5,'kernel':'rbf','gamma':'auto'\}"
COMPLETED,0.55,1.0,1424,289,0.8712165690306573,"\{'nu':0.5,'kernel':'rbf','gamma':'auto'\}"
COMPLETED,0.55,0.0,3845,4401,0.2220646522287279,"\{'nu':0.5,'kernel':'rbf','gamma':'auto'\}"
COMPLETED,0.55,0.0,3501,1954,0.5629309322908521,"\{'nu':0.5,'kernel':'rbf','gamma':'auto'\}"
COMPLETED,0.55,0.0,1232,2727,0.4674869971945881,"\{'nu':0.5,'kernel':'rbf','gamma':'auto'\}"
COMPLETED,0.55,0.0,535,1564,0.1253482316508889,"\{'nu':0.5,'kernel':'rbf','gamma':'auto'\}"
COMPLETED,0.55,0.0,2958,3741,0.9694253546372056,"\{'nu':0.5,'kernel':'rbf','gamma':'auto'\}"
COMPLETED,0.55,0.0,4386,1150,0.3166792859975248,"\{'nu':0.5,'kernel':'rbf','gamma':'auto'\}"
COMPLETED,0.55,0.0,2124,4166,0.7162056290451437,"\{'nu':0.5,'kernel':'rbf','gamma':'auto'\}"
COMPLETED,0.55,0.0,2265,2385,0.2923823957405984,"\{'nu':0.5,'kernel':'rbf','gamma':'auto'\}"
COMPLETED,0.55,0.0,4998,2921,0.6761945902667938,"\{'nu':0.5,'kernel':'rbf','gamma':'auto'\}"
COMPLETED,0.56,1.0,2661,329,0.0229593394305557,"\{'nu':0.5,'kernel':'rbf','gamma':'auto'\}"
COMPLETED,0.55,0.0,79,4986,0.8827544180061668,"\{'nu':0.5,'kernel':'rbf','gamma':'auto'\}"
COMPLETED,0.55,1.0,632,719,0.5404937965478747,"\{'nu':0.5,'kernel':'rbf','gamma':'auto'\}"
COMPLETED,0.55,0.0,3367,3972,0.4295755582060664,"\{'nu':0.5,'kernel':'rbf','gamma':'auto'\}"
COMPLETED,0.55,0.0,4289,1524,0.7709310799501836,"\{'nu':0.5,'kernel':'rbf','gamma':'auto'\}"
COMPLETED,0.55,0.0,1714,3156,0.1372496593259275,"\{'nu':0.5,'kernel':'rbf','gamma':'auto'\}"
COMPLETED,0.55,0.0,1861,1272,0.6265067638475447,"\{'nu':0.5,'kernel':'rbf','gamma':'auto'\}"
COMPLETED,0.55,0.0,4130,3410,0.2816746613699943,"\{'nu':0.5,'kernel':'rbf','gamma':'auto'\}"
COMPLETED,0.55,1.0,3216,857,0.9344178747087716,"\{'nu':0.5,'kernel':'rbf','gamma':'auto'\}"
COMPLETED,0.55,0.0,795,3834,0.0356503182202577,"\{'nu':0.5,'kernel':'rbf','gamma':'auto'\}"
COMPLETED,0.55,6.0,254,622,0.3779004404991865,"\{'nu':0.5,'kernel':'rbf','gamma':'auto'\}"
COMPLETED,0.55,0.0,2516,4695,0.5278139991611241,"\{'nu':0.5,'kernel':'rbf','gamma':'auto'\}"
COMPLETED,0.55,0.0,4828,2286,0.1869410567302256,"\{'nu':0.5,'kernel':'rbf','gamma':'auto'\}"
COMPLETED,0.55,0.0,2404,3020,0.7816347711700946,"\{'nu':0.5,'kernel':'rbf','gamma':'auto'\}"
COMPLETED,0.55,0.0,1960,1051,0.2113614368923008,"\{'nu':0.5,'kernel':'rbf','gamma':'auto'\}"
COMPLETED,0.55,0.0,4541,4265,0.8215246957428753,"\{'nu':0.5,'kernel':'rbf','gamma':'auto'\}"
COMPLETED,0.55,0.0,3117,1857,0.4801663186978548,"\{'nu':0.5,'kernel':'rbf','gamma':'auto'\}"
COMPLETED,0.55,0.0,384,3450,0.6146065258812158,"\{'nu':0.5,'kernel':'rbf','gamma':'auto'\}"
COMPLETED,0.55,0.0,1093,2092,0.9567348517309872,"\{'nu':0.5,'kernel':'rbf','gamma':'auto'\}"
COMPLETED,0.55,0.0,3668,2589,0.0736842990648001,"\{'nu':0.5,'kernel':'rbf','gamma':'auto'\}"
COMPLETED,0.5799999999999998,5.0,3988,37,0.726912887532264,"\{'nu':0.5,'kernel':'rbf','gamma':'auto'\}"
COMPLETED,0.55,0.0,1253,4655,0.3663675883002578,"\{'nu':0.5,'kernel':'rbf','gamma':'auto'\}"
COMPLETED,0.55,0.0,1280,1474,0.9432436367552728,"\{'nu':0.5,'kernel':'rbf','gamma':'auto'\}"
COMPLETED,0.55,0.0,4010,3223,0.0877224082630127,"\{'nu':0.5,'kernel':'rbf','gamma':'auto'\}"
COMPLETED,0.55,1.0,3646,658,0.7443668883778155,"\{'nu':0.5,'kernel':'rbf','gamma':'auto'\}"
COMPLETED,0.55,0.0,1066,4028,0.3484877758361399,"\{'nu':0.5,'kernel':'rbf','gamma':'auto'\}"
COMPLETED,0.55,1.0,367,425,0.1937280725874006,"\{'nu':0.5,'kernel':'rbf','gamma':'auto'\}"
COMPLETED,0.55,0.0,3105,4887,0.8387303448952734,"\{'nu':0.5,'kernel':'rbf','gamma':'auto'\}"
COMPLETED,0.55,0.0,4554,2490,0.4939655938725918,"\{'nu':0.5,'kernel':'rbf','gamma':'auto'\}"
COMPLETED,0.55,0.0,1976,2830,0.6013560484629124,"\{'nu':0.5,'kernel':'rbf','gamma':'auto'\}"
COMPLETED,0.55,0.0,2392,1244,0.3916377318501472,"\{'nu':0.5,'kernel':'rbf','gamma':'auto'\}"
COMPLETED,0.55,0.0,4810,4065,0.5145024896860123,"\{'nu':0.5,'kernel':'rbf','gamma':'auto'\}"
COMPLETED,0.55,0.0,2533,1670,0.1692485639024525,"\{'nu':0.5,'kernel':'rbf','gamma':'auto'\}"
COMPLETED,0.55,0.0,266,3651,0.7987803400326519,"\{'nu':0.5,'kernel':'rbf','gamma':'auto'\}"
COMPLETED,0.55,0.0,817,1902,0.64389878086932,"\{'nu':0.5,'kernel':'rbf','gamma':'auto'\}"
COMPLETED,0.55,0.0,3242,2792,0.2637338168490678,"\{'nu':0.5,'kernel':'rbf','gamma':'auto'\}"
COMPLETED,0.55,1.0,4104,228,0.920867531210184,"\{'nu':0.5,'kernel':'rbf','gamma':'auto'\}"
COMPLETED,0.55,0.0,1839,4458,0.0496283471286296,"\{'nu':0.5,'kernel':'rbf','gamma':'auto'\}"
COMPLETED,0.56,2.0,1697,93,0.5583728803154081,"\{'nu':0.5,'kernel':'rbf','gamma':'auto'\}"
COMPLETED,0.55,0.0,4276,4593,0.412121780430898,"\{'nu':0.5,'kernel':'rbf','gamma':'auto'\}"
COMPLETED,0.55,0.0,3380,2159,0.756893193822354,"\{'nu':0.5,'kernel':'rbf','gamma':'auto'\}"
COMPLETED,0.55,0.0,649,2538,0.1507401456050574,"\{'nu':0.5,'kernel':'rbf','gamma':'auto'\}"
COMPLETED,0.55,0.0,106,1766,0.3056321444623172,"\{'nu':0.5,'kernel':'rbf','gamma':'auto'\}"
COMPLETED,0.55,1.0,2682,3554,0.66239553816244,"\{'nu':0.5,'kernel':'rbf','gamma':'auto'\}"
COMPLETED,0.55,1.0,4976,951,0.0057539133485406,"\{'nu':0.5,'kernel':'rbf','gamma':'auto'\}"
COMPLETED,0.55,0.0,2237,4361,0.9003870536144822,"\{'nu':0.5,'kernel':'rbf','gamma':'auto'\}"
COMPLETED,0.55,0.0,2146,2196,0.1082024099752307,"\{'nu':0.5,'kernel':'rbf','gamma':'auto'\}"
COMPLETED,0.55,0.0,4412,3125,0.9871185464188456,"\{'nu':0.5,'kernel':'rbf','gamma':'auto'\}"
COMPLETED,0.55,1.0,2931,521,0.3299914944265037,"\{'nu':0.5,'kernel':'rbf','gamma':'auto'\}"
COMPLETED,0.55,0.0,513,4790,0.7024680848810821,"\{'nu':0.5,'kernel':'rbf','gamma':'auto'\}"
COMPLETED,0.55,0.0,1220,913,0.8572382873091847,"\{'nu':0.5,'kernel':'rbf','gamma':'auto'\}"
COMPLETED,0.55,0.0,3484,3773,0.2356156946811825,"\{'nu':0.5,'kernel':'rbf','gamma':'auto'\}"
COMPLETED,0.55,0.0,3862,1338,0.5808724757656454,"\{'nu':0.5,'kernel':'rbf','gamma':'auto'\}"
COMPLETED,0.55,0.0,1436,3358,0.4500947273597121,"\{'nu':0.5,'kernel':'rbf','gamma':'auto'\}"
COMPLETED,0.55,1.0,1535,762,0.1825582404825836,"\{'nu':0.5,'kernel':'rbf','gamma':'auto'\}"
COMPLETED,0.55,0.0,3802,3934,0.7850431788060814,"\{'nu':0.5,'kernel':'rbf','gamma':'auto'\}"
COMPLETED,0.55,0.0,3541,1489,0.3813145884796976,"\{'nu':0.5,'kernel':'rbf','gamma':'auto'\}"
COMPLETED,0.55,0.0,1123,3197,0.5234255020543933,"\{'nu':0.5,'kernel':'rbf','gamma':'auto'\}"
COMPLETED,0.55,0.0,570,2347,0.9300332144126296,"\{'nu':0.5,'kernel':'rbf','gamma':'auto'\}"
COMPLETED,0.55,0.0,2835,2964,0.0390605699047446,"\{'nu':0.5,'kernel':'rbf','gamma':'auto'\}"
COMPLETED,0.55,1.0,4511,369,0.6299189488086849,"\{'nu':0.5,'kernel':'rbf','gamma':'auto'\}"
COMPLETED,0.55,0.0,2086,4951,0.2772881272826343,"\{'nu':0.5,'kernel':'rbf','gamma':'auto'\}"
COMPLETED,0.55,0.0,2298,1605,0.7303267306499182,"\{'nu':0.5,'kernel':'rbf','gamma':'auto'\}"
COMPLETED,0.55,0.0,4877,3705,0.361978905301541,"\{'nu':0.5,'kernel':'rbf','gamma':'auto'\}"
COMPLETED,0.55,0.0,2779,1112,0.9523518495913595,"\{'nu':0.5,'kernel':'rbf','gamma':'auto'\}"
COMPLETED,0.55,0.0,49,4209,0.07709240183793,"\{'nu':0.5,'kernel':'rbf','gamma':'auto'\}"
COMPLETED,0.56,2.0,745,253,0.4835783177670091,"\{'nu':0.5,'kernel':'rbf','gamma':'auto'\}"
COMPLETED,0.55,0.0,3323,4442,0.6102196869309992,"\{'nu':0.5,'kernel':'rbf','gamma':'auto'\}"
COMPLETED,0.55,0.0,4336,1997,0.2069764717333018,"\{'nu':0.5,'kernel':'rbf','gamma':'auto'\}"
COMPLETED,0.55,0.0,1598,2689,0.8249347615353761,"\{'nu':0.5,'kernel':'rbf','gamma':'auto'\}"
COMPLETED,0.55,0.0,1743,2054,0.320091523008421,"\{'nu':0.5,'kernel':'rbf','gamma':'auto'\}"
COMPLETED,0.55,0.0,4161,2632,0.7118190280366689,"\{'nu':0.5,'kernel':'rbf','gamma':'auto'\}"
COMPLETED,0.57,7.0,3183,77,0.1209635044336318,"\{'nu':0.5,'kernel':'rbf','gamma':'auto'\}"
COMPLETED,0.55,0.0,916,4620,0.9728356583714484,"\{'nu':0.5,'kernel':'rbf','gamma':'auto'\}"
COMPLETED,0.55,0.0,206,1094,0.5663450133502483,"\{'nu':0.5,'kernel':'rbf','gamma':'auto'\}"
COMPLETED,0.55,0.0,2632,4227,0.4630985521376133,"\{'nu':0.5,'kernel':'rbf','gamma':'auto'\}"
COMPLETED,0.55,0.0,4714,1822,0.8668338048327713,"\{'nu':0.5,'kernel':'rbf','gamma':'auto'\}"
COMPLETED,0.55,0.0,2450,3490,0.2254729929435998,"\{'nu':0.5,'kernel':'rbf','gamma':'auto'\}"
COMPLETED,0.55,1.0,1919,586,0.7665461817122996,"\{'nu':0.5,'kernel':'rbf','gamma':'auto'\}"
COMPLETED,0.55,0.0,4650,4735,0.1406596730686724,"\{'nu':0.5,'kernel':'rbf','gamma':'auto'\}"
COMPLETED,0.55,0.0,3006,2329,0.543905743567273,"\{'nu':0.5,'kernel':'rbf','gamma':'auto'\}"
COMPLETED,0.55,0.0,427,2982,0.4251887861769646,"\{'nu':0.5,'kernel':'rbf','gamma':'auto'\}"
COMPLETED,0.55,0.0,967,1313,0.0185762852411717,"\{'nu':0.5,'kernel':'rbf','gamma':'auto'\}"
COMPLETED,0.55,0.0,3706,3374,0.8861625877004116,"\{'nu':0.5,'kernel':'rbf','gamma':'auto'\}"
COMPLETED,0.55,1.0,3953,819,0.2957963057793676,"\{'nu':0.5,'kernel':'rbf','gamma':'auto'\}"
COMPLETED,0.55,0.0,1376,3877,0.671805855218321,"\{'nu':0.5,'kernel':'rbf','gamma':'auto'\}"
COMPLETED,0.56,2.0,1334,342,0.2527071996480226,"\{'nu':0.5,'kernel':'rbf','gamma':'auto'\}"
COMPLETED,0.55,0.0,3915,4980,0.6524733284860849,"\{'nu':0.5,'kernel':'rbf','gamma':'auto'\}"
COMPLETED,0.55,0.0,3743,2417,0.061619713993743,"\{'nu':0.5,'kernel':'rbf','gamma':'auto'\}"
COMPLETED,0.55,0.0,1010,2894,0.905449437053874,"\{'nu':0.5,'kernel':'rbf','gamma':'auto'\}"
COMPLETED,0.55,0.0,469,1557,0.5011821196693927,"\{'nu':0.5,'kernel':'rbf','gamma':'auto'\}"
COMPLETED,0.55,0.0,3043,3130,0.4054907846469432,"\{'nu':0.5,'kernel':'rbf','gamma':'auto'\}"
COMPLETED,0.55,1.0,4613,731,0.8092241282314062,"\{'nu':0.5,'kernel':'rbf','gamma':'auto'\}"
COMPLETED,0.55,0.0,1877,3965,0.1603119972199201,"\{'nu':0.5,'kernel':'rbf','gamma':'auto'\}"
COMPLETED,0.55,0.0,2487,1986,0.8317090921234339,"\{'nu':0.5,'kernel':'rbf','gamma':'auto'\}"
COMPLETED,0.55,0.0,4756,2700,0.1982674572896212,"\{'nu':0.5,'kernel':'rbf','gamma':'auto'\}"
COMPLETED,0.55,1.0,2590,302,0.6015154331810773,"\{'nu':0.5,'kernel':'rbf','gamma':'auto'\}"
COMPLETED,0.55,0.0,169,4395,0.4903497949130833,"\{'nu':0.5,'kernel':'rbf','gamma':'auto'\}"
COMPLETED,0.55,0.0,879,1162,0.0859606216140091,"\{'nu':0.5,'kernel':'rbf','gamma':'auto'\}"
COMPLETED,0.55,0.0,3140,4159,0.9455083002634346,"\{'nu':0.5,'kernel':'rbf','gamma':'auto'\}"
COMPLETED,0.55,0.0,4203,1597,0.3551401129495352,"\{'nu':0.5,'kernel':'rbf','gamma':'auto'\}"
COMPLETED,0.55,0.0,1780,3715,0.7391920932661741,"\{'nu':0.5,'kernel':'rbf','gamma':'auto'\}"
COMPLETED,0.55,0.0,1639,1849,0.2499423351958394,"\{'nu':0.5,'kernel':'rbf','gamma':'auto'\}"
COMPLETED,0.55,0.0,4372,3461,0.8443886497095227,"\{'nu':0.5,'kernel':'rbf','gamma':'auto'\}"
COMPLETED,0.55,0.0,3286,1024,0.440658161425963,"\{'nu':0.5,'kernel':'rbf','gamma':'auto'\}"
COMPLETED,0.55,0.0,704,4297,0.5908115058783441,"\{'nu':0.5,'kernel':'rbf','gamma':'auto'\}"
COMPLETED,0.56,1.0,8,9,0.9951958905998616,"\{'nu':0.5,'kernel':'rbf','gamma':'auto'\}"
COMPLETED,0.55,0.0,2743,4686,0.0966681199017912,"\{'nu':0.5,'kernel':'rbf','gamma':'auto'\}"
COMPLETED,0.55,0.0,4913,2085,0.6875283967629074,"\{'nu':0.5,'kernel':'rbf','gamma':'auto'\}"
COMPLETED,0.55,0.0,2338,2601,0.3424488943591714,"\{'nu':0.5,'kernel':'rbf','gamma':'auto'\}"
COMPLETED,0.55,1.0,2050,830,0.665164071192965,"\{'nu':0.5,'kernel':'rbf','gamma':'auto'\}"
COMPLETED,0.55,0.0,4470,3866,0.3043713720347732,"\{'nu':0.5,'kernel':'rbf','gamma':'auto'\}"
COMPLETED,0.55,0.0,2876,1264,0.8947424146495759,"\{'nu':0.5,'kernel':'rbf','gamma':'auto'\}"
COMPLETED,0.55,0.0,606,3421,0.011931647773832,"\{'nu':0.5,'kernel':'rbf','gamma':'auto'\}"
COMPLETED,0.55,0.0,1159,2279,0.4161942360661923,"\{'nu':0.5,'kernel':'rbf','gamma':'auto'\}"
COMPLETED,0.55,0.0,3582,3032,0.5508742290399968,"\{'nu':0.5,'kernel':'rbf','gamma':'auto'\}"
COMPLETED,0.55,1.0,3761,594,0.1476329155173152,"\{'nu':0.5,'kernel':'rbf','gamma':'auto'\}"
COMPLETED,0.55,0.0,1499,4726,0.757548774441704,"\{'nu':0.5,'kernel':'rbf','gamma':'auto'\}"
COMPLETED,0.55,0.0,1478,2440,0.6235337700806558,"\{'nu':0.5,'kernel':'rbf','gamma':'auto'\}"
COMPLETED,0.55,0.0,3899,2881,0.4697313510738312,"\{'nu':0.5,'kernel':'rbf','gamma':'auto'\}"
COMPLETED,0.55,1.0,3447,433,0.8145008590724319,"\{'nu':0.5,'kernel':'rbf','gamma':'auto'\}"
COMPLETED,0.55,0.0,1178,4878,0.2159029370453208,"\{'nu':0.5,'kernel':'rbf','gamma':'auto'\}"
COMPLETED,0.55,1.0,471,669,0.3730182635392993,"\{'nu':0.5,'kernel':'rbf','gamma':'auto'\}"
COMPLETED,0.55,0.0,2894,4018,0.7217392263617367,"\{'nu':0.5,'kernel':'rbf','gamma':'auto'\}"
COMPLETED,0.55,0.0,4450,1425,0.0650995069406926,"\{'nu':0.5,'kernel':'rbf','gamma':'auto'\}"
COMPLETED,0.55,0.0,2188,3270,0.9677712710164488,"\{'nu':0.5,'kernel':'rbf','gamma':'auto'\}"
COMPLETED,0.56,1.0,2200,161,0.0408163076285272,"\{'nu':0.5,'kernel':'rbf','gamma':'auto'\}"
COMPLETED,0.55,0.0,4934,4525,0.9277748749498276,"\{'nu':0.5,'kernel':'rbf','gamma':'auto'\}"
COMPLETED,0.55,0.0,2725,1934,0.2706459138467907,"\{'nu':0.5,'kernel':'rbf','gamma':'auto'\}"
COMPLETED,0.55,0.0,143,2763,0.6350838804915547,"\{'nu':0.5,'kernel':'rbf','gamma':'auto'\}"
COMPLETED,0.55,0.0,686,1698,0.7920774105563759,"\{'nu':0.5,'kernel':'rbf','gamma':'auto'\}"
COMPLETED,0.55,0.0,3422,3623,0.1780061370506882,"\{'nu':0.5,'kernel':'rbf','gamma':'auto'\}"
COMPLETED,0.55,0.0,4234,1176,0.5232648272458464,"\{'nu':0.5,'kernel':'rbf','gamma':'auto'\}"
COMPLETED,0.55,0.0,1660,4136,0.3849319526497274,"\{'nu':0.5,'kernel':'rbf','gamma':'auto'\}"
COMPLETED,0.55,1.0,1798,1000,0.8780830016620456,"\{'nu':0.5,'kernel':'rbf','gamma':'auto'\}"
COMPLETED,0.55,0.0,4068,4310,0.0301130922921001,"\{'nu':0.5,'kernel':'rbf','gamma':'auto'\}"
COMPLETED,0.55,0.0,3278,1758,0.6867594740819186,"\{'nu':0.5,'kernel':'rbf','gamma':'auto'\}"
COMPLETED,0.55,0.0,858,3563,0.2833252353500574,"\{'nu':0.5,'kernel':'rbf','gamma':'auto'\}"
COMPLETED,0.55,0.0,307,2147,0.1263422044645994,"\{'nu':0.5,'kernel':'rbf','gamma':'auto'\}"
COMPLETED,0.55,0.0,2569,2548,0.7793869076501578,"\{'nu':0.5,'kernel':'rbf','gamma':'auto'\}"
COMPLETED,0.57,4.0,4774,140,0.4346202549524605,"\{'nu':0.5,'kernel':'rbf','gamma':'auto'\}"
COMPLETED,0.55,0.0,2352,4546,0.5339720857329666,"\{'nu':0.5,'kernel':'rbf','gamma':'auto'\}"
COMPLETED,0.55,0.0,2012,1405,0.4590236167032271,"\{'nu':0.5,'kernel':'rbf','gamma':'auto'\}"
COMPLETED,0.55,0.0,4594,3291,0.5738459436614066,"\{'nu':0.5,'kernel':'rbf','gamma':'auto'\}"
COMPLETED,0.55,1.0,3064,882,0.2285939158350229,"\{'nu':0.5,'kernel':'rbf','gamma':'auto'\}"
COMPLETED,0.55,0.0,331,3803,0.8661643157750368,"\{'nu':0.5,'kernel':'rbf','gamma':'auto'\}"
COMPLETED,0.55,1.0,1030,493,0.709059428974986,"\{'nu':0.5,'kernel':'rbf','gamma':'auto'\}"
COMPLETED,0.55,0.0,3605,4818,0.3213431458324194,"\{'nu':0.5,'kernel':'rbf','gamma':'auto'\}"
COMPLETED,0.55,0.0,4051,2265,0.9784749622363595,"\{'nu':0.5,'kernel':'rbf','gamma':'auto'\}"
COMPLETED,0.55,0.0,1316,3055,0.1147909043449908,"\{'nu':0.5,'kernel':'rbf','gamma':'auto'\}"
COMPLETED,0.55,0.0,1325,2250,0.472226490901783,"\{'nu':0.5,'kernel':'rbf','gamma':'auto'\}"
COMPLETED,0.55,0.0,4063,3062,0.622500293361023,"\{'nu':0.5,'kernel':'rbf','gamma':'auto'\}"
COMPLETED,0.55,1.0,3596,506,0.2192590077221393,"\{'nu':0.5,'kernel':'rbf','gamma':'auto'\}"
COMPLETED,0.55,0.0,1019,4814,0.8135810571610927,"\{'nu':0.5,'kernel':'rbf','gamma':'auto'\}"
COMPLETED,0.55,1.0,322,898,0.7192471649050712,"\{'nu':0.5,'kernel':'rbf','gamma':'auto'\}"
COMPLETED,0.55,0.0,3052,3798,0.3740481562614441,"\{'nu':0.5,'kernel':'rbf','gamma':'auto'\}"
COMPLETED,0.55,0.0,4604,1391,0.9644192304778844,"\{'nu':0.5,'kernel':'rbf','gamma':'auto'\}"
COMPLETED,0.55,0.0,2024,3294,0.066014773087576,"\{'nu':0.5,'kernel':'rbf','gamma':'auto'\}"
COMPLETED,0.55,1.0,2359,156,0.9264936395324767,"\{'nu':0.5,'kernel':'rbf','gamma':'auto'\}"
COMPLETED,0.55,0.0,4785,4539,0.0435596783198416,"\{'nu':0.5,'kernel':'rbf','gamma':'auto'\}"
COMPLETED,0.55,0.0,2561,2134,0.63441992729716,"\{'nu':0.5,'kernel':'rbf','gamma':'auto'\}"
COMPLETED,0.55,0.0,297,2552,0.2737466154079884,"\{'nu':0.5,'kernel':'rbf','gamma':'auto'\}"
COMPLETED,0.55,0.0,850,1741,0.1792909267228096,"\{'nu':0.5,'kernel':'rbf','gamma':'auto'\}"
COMPLETED,0.55,0.0,3268,3569,0.7893309317510575,"\{'nu':0.5,'kernel':'rbf','gamma':'auto'\}"
COMPLETED,0.55,0.0,4076,1014,0.3856004118658602,"\{'nu':0.5,'kernel':'rbf','gamma':'auto'\}"
COMPLETED,0.55,0.0,1808,4307,0.5201600658036767,"\{'nu':0.5,'kernel':'rbf','gamma':'auto'\}"
COMPLETED,0.55,0.0,1649,1191,0.0309027251992374,"\{'nu':0.5,'kernel':'rbf','gamma':'auto'\}"
COMPLETED,0.55,0.0,4226,4130,0.8748565943632274,"\{'nu':0.5,'kernel':'rbf','gamma':'auto'\}"
COMPLETED,0.55,0.0,3432,1685,0.2844883754476905,"\{'nu':0.5,'kernel':'rbf','gamma':'auto'\}"
COMPLETED,0.55,0.0,694,3627,0.6841341652497648,"\{'nu':0.5,'kernel':'rbf','gamma':'auto'\}"
COMPLETED,0.55,0.0,154,1917,0.7786003531143069,"\{'nu':0.5,'kernel':'rbf','gamma':'auto'\}"
COMPLETED,0.55,0.0,2732,2768,0.1295650277659297,"\{'nu':0.5,'kernel':'rbf','gamma':'auto'\}"
COMPLETED,0.55,1.0,4923,175,0.5328129757735877,"\{'nu':0.5,'kernel':'rbf','gamma':'auto'\}"
COMPLETED,0.55,0.0,2192,4522,0.4372410280201584,"\{'nu':0.5,'kernel':'rbf','gamma':'auto'\}"
COMPLETED,0.55,0.0,2176,1410,0.5708592013232409,"\{'nu':0.5,'kernel':'rbf','gamma':'auto'\}"
COMPLETED,0.55,0.0,4440,3277,0.459574056815356,"\{'nu':0.5,'kernel':'rbf','gamma':'auto'\}"
COMPLETED,0.55,1.0,2906,682,0.8633074320014567,"\{'nu':0.5,'kernel':'rbf','gamma':'auto'\}"
COMPLETED,0.55,0.0,480,4013,0.229989110475406,"\{'nu':0.5,'kernel':'rbf','gamma':'auto'\}"
COMPLETED,0.55,2.0,1189,450,0.3243334424253553,"\{'nu':0.5,'kernel':'rbf','gamma':'auto'\}"
COMPLETED,0.55,0.0,3456,4872,0.7085058807488531,"\{'nu':0.5,'kernel':'rbf','gamma':'auto'\}"
COMPLETED,0.55,0.0,3888,2426,0.1176522941403091,"\{'nu':0.5,'kernel':'rbf','gamma':'auto'\}"
COMPLETED,0.55,0.0,1469,2884,0.9770757077150046,"\{'nu':0.5,'kernel':'rbf','gamma':'auto'\}"
COMPLETED,0.55,1.0,1487,601,0.6549763798769563,"\{'nu':0.5,'kernel':'rbf','gamma':'auto'\}"
COMPLETED,0.55,0.0,3752,4711,0.2516662872489541,"\{'nu':0.5,'kernel':'rbf','gamma':'auto'\}"
COMPLETED,0.55,0.0,3594,2275,0.9087980720512568,"\{'nu':0.5,'kernel':'rbf','gamma':'auto'\}"
COMPLETED,0.55,0.0,1169,3045,0.0607078236453235,"\{'nu':0.5,'kernel':'rbf','gamma':'auto'\}"
COMPLETED,0.55,0.0,618,1259,0.402991287510842,"\{'nu':0.5,'kernel':'rbf','gamma':'auto'\}"
COMPLETED,0.55,0.0,2885,3438,0.502219923954457,"\{'nu':0.5,'kernel':'rbf','gamma':'auto'\}"
COMPLETED,0.55,1.0,4459,833,0.1569678682442754,"\{'nu':0.5,'kernel':'rbf','gamma':'auto'\}"
COMPLETED,0.55,0.0,2041,3852,0.8101319586988539,"\{'nu':0.5,'kernel':'rbf','gamma':'auto'\}"
COMPLETED,0.55,0.0,2328,2078,0.1969936575517058,"\{'nu':0.5,'kernel':'rbf','gamma':'auto'\}"
COMPLETED,0.55,0.0,4905,2616,0.8344445512518287,"\{'nu':0.5,'kernel':'rbf','gamma':'auto'\}"
COMPLETED,0.55,12.0,2753,13,0.4896779301557689,"\{'nu':0.5,'kernel':'rbf','gamma':'auto'\}"
COMPLETED,0.55,0.0,16,4673,0.6046235704217106,"\{'nu':0.5,'kernel':'rbf','gamma':'auto'\}"
COMPLETED,0.55,0.0,715,1030,0.9467851783726364,"\{'nu':0.5,'kernel':'rbf','gamma':'auto'\}"
COMPLETED,0.55,0.0,3294,4280,0.0832215784881264,"\{'nu':0.5,'kernel':'rbf','gamma':'auto'\}"
COMPLETED,0.55,0.0,4361,1846,0.7398679881617427,"\{'nu':0.5,'kernel':'rbf','gamma':'auto'\}"
COMPLETED,0.55,0.0,1631,3475,0.352027439944446,"\{'nu':0.5,'kernel':'rbf','gamma':'auto'\}"
COMPLETED,0.55,0.0,1788,1590,0.8451860752087086,"\{'nu':0.5,'kernel':'rbf','gamma':'auto'\}"
COMPLETED,0.55,0.0,4213,3730,0.2467086111884564,"\{'nu':0.5,'kernel':'rbf','gamma':'auto'\}"
COMPLETED,0.55,0.0,3132,1166,0.5919673292674124,"\{'nu':0.5,'kernel':'rbf','gamma':'auto'\}"
COMPLETED,0.55,0.0,868,4146,0.438040645185858,"\{'nu':0.5,'kernel':'rbf','gamma':'auto'\}"
COMPLETED,0.55,1.0,161,307,0.0958742486573755,"\{'nu':0.5,'kernel':'rbf','gamma':'auto'\}"
COMPLETED,0.55,0.0,2580,4378,0.9984265064932406,"\{'nu':0.5,'kernel':'rbf','gamma':'auto'\}"
COMPLETED,0.55,0.0,4764,1983,0.3412975769918412,"\{'nu':0.5,'kernel':'rbf','gamma':'auto'\}"
COMPLETED,0.55,0.0,2497,2714,0.6901418531220406,"\{'nu':0.5,'kernel':'rbf','gamma':'auto'\}"
COMPLETED,0.55,8.0,1886,738,0.3013919464051723,"\{'nu':0.5,'kernel':'rbf','gamma':'auto'\}"
COMPLETED,0.55,0.0,4625,3949,0.665706718713045,"\{'nu':0.5,'kernel':'rbf','gamma':'auto'\}"
COMPLETED,0.55,0.0,3034,1552,0.0090669714082032,"\{'nu':0.5,'kernel':'rbf','gamma':'auto'\}"
COMPLETED,0.55,0.0,458,3143,0.8961449259985238,"\{'nu':0.5,'kernel':'rbf','gamma':'auto'\}"
COMPLETED,0.55,0.0,1001,2411,0.5538567330408841,"\{'nu':0.5,'kernel':'rbf','gamma':'auto'\}"
COMPLETED,0.55,0.0,3731,2910,0.4156480045486241,"\{'nu':0.5,'kernel':'rbf','gamma':'auto'\}"
COMPLETED,0.55,1.0,3925,345,0.7604174809455871,"\{'nu':0.5,'kernel':'rbf','gamma':'auto'\}"
COMPLETED,0.55,0.0,1346,4966,0.1462258684039115,"\{'nu':0.5,'kernel':'rbf','gamma':'auto'\}"
COMPLETED,0.55,1.0,1387,806,0.7875459457822143,"\{'nu':0.5,'kernel':'rbf','gamma':'auto'\}"
COMPLETED,0.55,0.0,3961,3881,0.1815171626396477,"\{'nu':0.5,'kernel':'rbf','gamma':'auto'\}"
COMPLETED,0.55,0.0,3696,1328,0.5267739753257483,"\{'nu':0.5,'kernel':'rbf','gamma':'auto'\}"
COMPLETED,0.55,0.0,959,3368,0.3804024174343794,"\{'nu':0.5,'kernel':'rbf','gamma':'auto'\}"
COMPLETED,0.55,0.0,417,2343,0.0365609110426157,"\{'nu':0.5,'kernel':'rbf','gamma':'auto'\}"
COMPLETED,0.55,0.0,2998,2979,0.9310707380007952,"\{'nu':0.5,'kernel':'rbf','gamma':'auto'\}"
COMPLETED,0.55,1.0,4660,570,0.2739437138922512,"\{'nu':0.5,'kernel':'rbf','gamma':'auto'\}"
COMPLETED,0.55,0.0,1927,4741,0.6308266138322651,"\{'nu':0.5,'kernel':'rbf','gamma':'auto'\}"
COMPLETED,0.55,0.0,2461,1835,0.3607053007502108,"\{'nu':0.5,'kernel':'rbf','gamma':'auto'\}"
COMPLETED,0.55,0.0,4723,3486,0.7330625039357692,"\{'nu':0.5,'kernel':'rbf','gamma':'auto'\}"
COMPLETED,0.55,0.0,2620,1078,0.0764208475202322,"\{'nu':0.5,'kernel':'rbf','gamma':'auto'\}"
COMPLETED,0.55,0.0,197,4234,0.9554601783007384,"\{'nu':0.5,'kernel':'rbf','gamma':'auto'\}"
COMPLETED,0.57,3.0,904,63,0.6114968754798173,"\{'nu':0.5,'kernel':'rbf','gamma':'auto'\}"
COMPLETED,0.55,0.0,3173,4623,0.4808394661098718,"\{'nu':0.5,'kernel':'rbf','gamma':'auto'\}"
COMPLETED,0.55,0.0,4173,2071,0.82561085161753,"\{'nu':0.5,'kernel':'rbf','gamma':'auto'\}"
COMPLETED,0.55,0.0,1752,2626,0.2038641128856688,"\{'nu':0.5,'kernel':'rbf','gamma':'auto'\}"
COMPLETED,0.55,0.0,1589,2010,0.7126162880919874,"\{'nu':0.5,'kernel':'rbf','gamma':'auto'\}"
COMPLETED,0.55,0.0,4325,2685,0.3168575145862996,"\{'nu':0.5,'kernel':'rbf','gamma':'auto'\}"
COMPLETED,0.55,1.0,3332,238,0.973991201063618,"\{'nu':0.5,'kernel':'rbf','gamma':'auto'\}"
COMPLETED,0.55,0.0,757,4448,0.1183458264674991,"\{'nu':0.5,'kernel':'rbf','gamma':'auto'\}"
COMPLETED,0.55,0.0,58,1098,0.4623044001962989,"\{'nu':0.5,'kernel':'rbf','gamma':'auto'\}"
COMPLETED,0.55,0.0,2790,4212,0.5695754675175994,"\{'nu':0.5,'kernel':'rbf','gamma':'auto'\}"
COMPLETED,0.55,0.0,4868,1621,0.2243215101324021,"\{'nu':0.5,'kernel':'rbf','gamma':'auto'\}"
COMPLETED,0.55,0.0,2286,3700,0.869446976777166,"\{'nu':0.5,'kernel':'rbf','gamma':'auto'\}"
COMPLETED,0.55,1.0,2078,357,0.1376805615965276,"\{'nu':0.5,'kernel':'rbf','gamma':'auto'\}"
COMPLETED,0.55,0.0,4501,4955,0.7670890244189649,"\{'nu':0.5,'kernel':'rbf','gamma':'auto'\}"
COMPLETED,0.55,0.0,2843,2363,0.4223243012800812,"\{'nu':0.5,'kernel':'rbf','gamma':'auto'\}"
COMPLETED,0.55,0.0,580,2957,0.5453085653558373,"\{'nu':0.5,'kernel':'rbf','gamma':'auto'\}"
COMPLETED,0.55,0.0,1131,1503,0.8891452831700443,"\{'nu':0.5,'kernel':'rbf','gamma':'auto'\}"
COMPLETED,0.55,0.0,3552,3193,0.0180303641632199,"\{'nu':0.5,'kernel':'rbf','gamma':'auto'\}"
ABANDONED,,,3794,745,0.6746748758796602,"\{'nu':0.5,'kernel':'rbf','gamma':'auto'\}"
ABANDONED,,,1525,3940,0.2943894538525492,"\{'nu':0.5,'kernel':'rbf','gamma':'auto'\}"
ABANDONED,,,1428,1342,0.0902178585305809,"\{'nu':0.5,'kernel':'rbf','gamma':'auto'\}"
ABANDONED,,,3852,3345,0.9422103515043854,"\{'nu':0.5,'kernel':'rbf','gamma':'auto'\}"
ABANDONED,,,3492,907,0.3518440416995435,"\{'nu':0.5,'kernel':'rbf','gamma':'auto'\}"
ABANDONED,,,1230,3789,0.7434474006239324,"\{'nu':0.5,'kernel':'rbf','gamma':'auto'\}"
ABANDONED,,,521,518,0.8362384786251931,"\{'nu':0.5,'kernel':'rbf','gamma':'auto'\}"
ABANDONED,,,2942,4804,0.1947582794670015,"\{'nu':0.5,'kernel':'rbf','gamma':'auto'\}"
ABANDONED,,,4404,2202,0.5980043183639645,"\{'nu':0.5,'kernel':'rbf','gamma':'auto'\}"
ABANDONED,,,2135,3109,0.4948810514882207,"\{'nu':0.5,'kernel':'rbf','gamma':'auto'\}"
ABANDONED,,,2228,947,0.5132210925426333,"\{'nu':0.5,'kernel':'rbf','gamma':'auto'\}"
ABANDONED,,,4964,4374,0.3943808218445629,"\{'nu':0.5,'kernel':'rbf','gamma':'auto'\}"
ABANDONED,,,2692,1773,0.7981161024235189,"\{'nu':0.5,'kernel':'rbf','gamma':'auto'\}"
ABANDONED,,,117,3539,0.1723491000197827,"\{'nu':0.5,'kernel':'rbf','gamma':'auto'\}"
ABANDONED,,,658,2162,0.2650183221064508,"\{'nu':0.5,'kernel':'rbf','gamma':'auto'\}"
ABANDONED,,,3392,2524,0.6411521366201341,"\{'nu':0.5,'kernel':'rbf','gamma':'auto'\}"
ABANDONED,,,4267,87,0.0502966446187347,"\{'nu':0.5,'kernel':'rbf','gamma':'auto'\}"
ABANDONED,,,1686,4610,0.917762489071116,"\{'nu':0.5,'kernel':'rbf','gamma':'auto'\}"
ABANDONED,,,1851,224,0.4129116048067807,"\{'nu':0.5,'kernel':'rbf','gamma':'auto'\}"
ABANDONED,,,4113,4471,0.5551467834562062,"\{'nu':0.5,'kernel':'rbf','gamma':'auto'\}"
ABANDONED,,,3231,1909,0.1519035998601466,"\{'nu':0.5,'kernel':'rbf','gamma':'auto'\}"
ABANDONED,,,808,2777,0.7542680801767855,"\{'nu':0.5,'kernel':'rbf','gamma':'auto'\}"
ABANDONED,,,254,1673,0.6616092977840453,"\{'nu':0.5,'kernel':'rbf','gamma':'auto'\}"
ABANDONED,,,2524,3637,0.3088551629502326,"\{'nu':0.5,'kernel':'rbf','gamma':'auto'\}"
ABANDONED,,,4822,1239,0.8992281351238489,"\{'nu':0.5,'kernel':'rbf','gamma':'auto'\}"
ABANDONED,,,2402,4082,0.0083749968558549,"\{'nu':0.5,'kernel':'rbf','gamma':'auto'\}"
ABANDONED,,,1987,2494,0.9841315233837812,"\{'nu':0.5,'kernel':'rbf','gamma':'auto'\}"
ABANDONED,,,4562,2818,0.1087526883613318,"\{'nu':0.5,'kernel':'rbf','gamma':'auto'\}"
ABANDONED,,,3094,418,0.6996110356636345,"\{'nu':0.5,'kernel':'rbf','gamma':'auto'\}"
ABANDONED,,,359,4902,0.3313864046521484,"\{'nu':0.5,'kernel':'rbf','gamma':'auto'\}"
ABANDONED,,,1056,654,0.2386058258302509,"\{'nu':0.5,'kernel':'rbf','gamma':'auto'\}"
ABANDONED,,,3638,4042,0.8566844546683132,"\{'nu':0.5,'kernel':'rbf','gamma':'auto'\}"
ABANDONED,,,4020,1479,0.4529558364581316,"\{'nu':0.5,'kernel':'rbf','gamma':'auto'\}"
ABANDONED,,,1288,3206,0.5794730595182627,"\{'nu':0.5,'kernel':'rbf','gamma':'auto'\}"
ABANDONED,,,1260,21,0.2209095259346068,"\{'nu':0.5,'kernel':'rbf','gamma':'auto'\}"
ABANDONED,,,3999,4660,0.8738338305987416,"\{'nu':0.5,'kernel':'rbf','gamma':'auto'\}"
ABANDONED,,,3660,2106,0.4666893207412213,"\{'nu':0.5,'kernel':'rbf','gamma':'auto'\}"
ABANDONED,,,1083,2586,0.5661653571110218,"\{'nu':0.5,'kernel':'rbf','gamma':'auto'\}"
ABANDONED,,,376,1872,0.9705773728173224,"\{'nu':0.5,'kernel':'rbf','gamma':'auto'\}"
ABANDONED,,,3107,3443,0.1227345243375748,"\{'nu':0.5,'kernel':'rbf','gamma':'auto'\}"
ABANDONED,,,4549,1038,0.7169992456175386,"\{'nu':0.5,'kernel':'rbf','gamma':'auto'\}"
ABANDONED,,,1970,4269,0.3134493671990931,"\{'nu':0.5,'kernel':'rbf','gamma':'auto'\}"
ABANDONED,,,2413,2302,0.6790594915617257,"\{'nu':0.5,'kernel':'rbf','gamma':'auto'\}"
ABANDONED,,,4839,3014,0.2909791575539857,"\{'nu':0.5,'kernel':'rbf','gamma':'auto'\}"
ABANDONED,,,2507,608,0.8857331130802631,"\{'nu':0.5,'kernel':'rbf','gamma':'auto'\}"
ABANDONED,,,243,4698,0.0224169131219387,"\{'nu':0.5,'kernel':'rbf','gamma':'auto'\}"
ABANDONED,,,785,841,0.4267070729136466,"\{'nu':0.5,'kernel':'rbf','gamma':'auto'\}"
ABANDONED,,,3204,3841,0.5419001131057739,"\{'nu':0.5,'kernel':'rbf','gamma':'auto'\}"
ABANDONED,,,4139,1285,0.1342664284873753,"\{'nu':0.5,'kernel':'rbf','gamma':'auto'\}"
ABANDONED,,,1873,3405,0.7714775363970547,"\{'nu':0.5,'kernel':'rbf','gamma':'auto'\}"
ABANDONED,,,1702,1541,0.2783267234675586,"\{'nu':0.5,'kernel':'rbf','gamma':'auto'\}"
ABANDONED,,,4279,3151,0.6274183995239436,"\{'nu':0.5,'kernel':'rbf','gamma':'auto'\}"
ABANDONED,,,3379,705,0.0331470158752053,"\{'nu':0.5,'kernel':'rbf','gamma':'auto'\}"
ABANDONED,,,641,3975,0.9354594879206268,"\{'nu':0.5,'kernel':'rbf','gamma':'auto'\}"
ABANDONED,,,90,314,0.5311588289495557,"\{'nu':0.5,'kernel':'rbf','gamma':'auto'\}"
ABANDONED,,,2670,4993,0.3769923590775579,"\{'nu':0.5,'kernel':'rbf','gamma':'auto'\}"
ABANDONED,,,4986,2398,0.784134013634175,"\{'nu':0.5,'kernel':'rbf','gamma':'auto'\}"
ABANDONED,,,2256,2917,0.1859039495401084,"\{'nu':0.5,'kernel':'rbf','gamma':'auto'\}"
ABANDONED,,,2113,1133,0.8221967854294925,"\{'nu':0.5,'kernel':'rbf','gamma':'auto'\}"
ABANDONED,,,4378,4172,0.2082525728140026,"\{'nu':0.5,'kernel':'rbf','gamma':'auto'\}"
ABANDONED,,,2968,1578,0.6158795950636267,"\{'nu':0.5,'kernel':'rbf','gamma':'auto'\}"
ABANDONED,,,543,3738,0.4774310807809233,"\{'nu':0.5,'kernel':'rbf','gamma':'auto'\}"
ABANDONED,,,1242,1970,0.0730086253806948,"\{'nu':0.5,'kernel':'rbf','gamma':'auto'\}"
ABANDONED,,,3509,2720,0.959846794180572,"\{'nu':0.5,'kernel':'rbf','gamma':'auto'\}"
ABANDONED,,,3834,276,0.3650899833533912,"\{'nu':0.5,'kernel':'rbf','gamma':'auto'\}"
ABANDONED,,,1416,4406,0.7296521555874496,"\{'nu':0.5,'kernel':'rbf','gamma':'auto'\}"
ABANDONED,,,1552,2121,0.9026363048180936,"\{'nu':0.5,'kernel':'rbf','gamma':'auto'\}"
ABANDONED,,,3816,2560,0.003991942666471,"\{'nu':0.5,'kernel':'rbf','gamma':'auto'\}"
ABANDONED,,,3530,125,0.6572205627355724,"\{'nu':0.5,'kernel':'rbf','gamma':'auto'\}"
ABANDONED,,,1104,4567,0.3122690729890018,"\{'nu':0.5,'kernel':'rbf','gamma':'auto'\}"
ABANDONED,,,564,982,0.1553136136028915,"\{'nu':0.5,'kernel':'rbf','gamma':'auto'\}"
ABANDONED,,,2830,4333,0.7498831819389015,"\{'nu':0.5,'kernel':'rbf','gamma':'auto'\}"
ABANDONED,,,4513,1730,0.4085248327776789,"\{'nu':0.5,'kernel':'rbf','gamma':'auto'\}"
ABANDONED,,,2095,3577,0.5585587304756044,"\{'nu':0.5,'kernel':'rbf','gamma':'auto'\}"
ABANDONED,,,2274,475,0.4485673914011567,"\{'nu':0.5,'kernel':'rbf','gamma':'auto'\}"
ABANDONED,,,4851,4842,0.582887140577659,"\{'nu':0.5,'kernel':'rbf','gamma':'auto'\}"
ABANDONED,,,2808,2237,0.2420141665451228,"\{'nu':0.5,'kernel':'rbf','gamma':'auto'\}"
ABANDONED,,,70,3068,0.8523016904704273,"\{'nu':0.5,'kernel':'rbf','gamma':'auto'\}"
ABANDONED,,,779,1380,0.6952244346551597,"\{'nu':0.5,'kernel':'rbf','gamma':'auto'\}"
ABANDONED,,,3358,3302,0.3347986416630446,"\{'nu':0.5,'kernel':'rbf','gamma':'auto'\}"
ABANDONED,,,4298,866,0.987541827118024,"\{'nu':0.5,'kernel':'rbf','gamma':'auto'\}"
ABANDONED,,,1567,3824,0.1043679611440748,"\{'nu':0.5,'kernel':'rbf','gamma':'auto'\}"
ABANDONED,,,1735,690,0.5936174794137477,"\{'nu':0.5,'kernel':'rbf','gamma':'auto'\}"
ABANDONED,,,4160,4002,0.4982930505573749,"\{'nu':0.5,'kernel':'rbf','gamma':'auto'\}"
ABANDONED,,,3186,1436,0.8396485444176942,"\{'nu':0.5,'kernel':'rbf','gamma':'auto'\}"
ABANDONED,,,921,3244,0.1903733143080025,"\{'nu':0.5,'kernel':'rbf','gamma':'auto'\}"
ABANDONED,,,224,2454,0.3474553587008267,"\{'nu':0.5,'kernel':'rbf','gamma':'auto'\}"
ABANDONED,,,2642,2853,0.7468612437415867,"\{'nu':0.5,'kernel':'rbf','gamma':'auto'\}"
ABANDONED,,,4701,456,0.0936259613037109,"\{'nu':0.5,'kernel':'rbf','gamma':'auto'\}"
ABANDONED,,,2434,4859,0.9378273493647576,"\{'nu':0.5,'kernel':'rbf','gamma':'auto'\}"
ABANDONED,,,1949,1711,0.0537068963032215,"\{'nu':0.5,'kernel':'rbf','gamma':'auto'\}"
ABANDONED,,,4687,3594,0.9133778287749736,"\{'nu':0.5,'kernel':'rbf','gamma':'auto'\}"
ABANDONED,,,2972,1199,0.2606317880190908,"\{'nu':0.5,'kernel':'rbf','gamma':'auto'\}"
ABANDONED,,,394,4117,0.6445643215812743,"\{'nu':0.5,'kernel':'rbf','gamma':'auto'\}"
ABANDONED,,,948,181,0.8015245100595056,"\{'nu':0.5,'kernel':'rbf','gamma':'auto'\}"
ABANDONED,,,3678,4509,0.1679662837721407,"\{'nu':0.5,'kernel':'rbf','gamma':'auto'\}"
ABANDONED,,,3978,1945,0.5088325954359024,"\{'nu':0.5,'kernel':'rbf','gamma':'auto'\}"
ABANDONED,,,1398,2737,0.397794969825074,"\{'nu':0.5,'kernel':'rbf','gamma':'auto'\}"
ABANDONED,,,1362,1779,0.5362213611025363,"\{'nu':0.5,'kernel':'rbf','gamma':'auto'\}"
ABANDONED,,,3937,3526,0.432858308436349,"\{'nu':0.5,'kernel':'rbf','gamma':'auto'\}"
ABANDONED,,,3719,974,0.774211893185973,"\{'nu':0.5,'kernel':'rbf','gamma':'auto'\}"
ABANDONED,,,984,4342,0.132979093953967,"\{'nu':0.5,'kernel':'rbf','gamma':'auto'\}"
ABANDONED,,,430,113,0.28789872379601,"\{'nu':0.5,'kernel':'rbf','gamma':'auto'\}"
ABANDONED,,,3012,4577,0.6797494826465845,"\{'nu':0.5,'kernel':'rbf','gamma':'auto'\}"
ABANDONED,,,4646,2169,0.0265161093194037,"\{'nu':0.5,'kernel':'rbf','gamma':'auto'\}"
ABANDONED,,,1913,2512,0.8782688165027647,"\{'nu':0.5,'kernel':'rbf','gamma':'auto'\}"
ABANDONED,,,2475,934,0.1132635442204773,"\{'nu':0.5,'kernel':'rbf','gamma':'auto'\}"
ABANDONED,,,4737,3757,0.980489602882415,"\{'nu':0.5,'kernel':'rbf','gamma':'auto'\}"
ABANDONED,,,2606,1348,0.3277416567336767,"\{'nu':0.5,'kernel':'rbf','gamma':'auto'\}"
ABANDONED,,,183,3332,0.7041228711735457,"\{'nu':0.5,'kernel':'rbf','gamma':'auto'\}"
ABANDONED,,,880,2210,0.8589206451009957,"\{'nu':0.5,'kernel':'rbf','gamma':'auto'\}"
ABANDONED,,,3150,3097,0.2334010426234453,"\{'nu':0.5,'kernel':'rbf','gamma':'auto'\}"
ABANDONED,,,4196,544,0.5742692596800624,"\{'nu':0.5,'kernel':'rbf','gamma':'auto'\}"
ABANDONED,,,1776,4771,0.4551892031915485,"\{'nu':0.5,'kernel':'rbf','gamma':'auto'\}"
ABANDONED,,,1604,407,0.9600326815191657,"\{'nu':0.5,'kernel':'rbf','gamma':'auto'\}"
ABANDONED,,,4340,4910,0.0694269431773573,"\{'nu':0.5,'kernel':'rbf','gamma':'auto'\}"
ABANDONED,,,3316,2462,0.7226574612036347,"\{'nu':0.5,'kernel':'rbf','gamma':'auto'\}"
ABANDONED,,,742,2844,0.3696635405793786,"\{'nu':0.5,'kernel':'rbf','gamma':'auto'\}"
ABANDONED,,,32,1448,0.2148704957440495,"\{'nu':0.5,'kernel':'rbf','gamma':'auto'\}"
ABANDONED,,,2766,3234,0.816995190270245,"\{'nu':0.5,'kernel':'rbf','gamma':'auto'\}"
ABANDONED,,,4893,642,0.4756349431518465,"\{'nu':0.5,'kernel':'rbf','gamma':'auto'\}"
ABANDONED,,,2311,4049,0.6181175217274575,"\{'nu':0.5,'kernel':'rbf','gamma':'auto'\}"
ABANDONED,,,2053,1877,0.3890105222724378,"\{'nu':0.5,'kernel':'rbf','gamma':'auto'\}"
ABANDONED,,,4476,2804,0.5157751452587545,"\{'nu':0.5,'kernel':'rbf','gamma':'auto'\}"
ABANDONED,,,2867,213,0.174904072901234,"\{'nu':0.5,'kernel':'rbf','gamma':'auto'\}"
ABANDONED,,,606,4479,0.7927429159488529,"\{'nu':0.5,'kernel':'rbf','gamma':'auto'\}"
ABANDONED,,,1146,1227,0.6378280746843665,"\{'nu':0.5,'kernel':'rbf','gamma':'auto'\}"
ABANDONED,,,3567,4089,0.2693636578824371,"\{'nu':0.5,'kernel':'rbf','gamma':'auto'\}"
ABANDONED,,,3779,1642,0.9221049416624008,"\{'nu':0.5,'kernel':'rbf','gamma':'auto'\}"
ABANDONED,,,1510,3665,0.046973506566137,"\{'nu':0.5,'kernel':'rbf','gamma':'auto'\}"
ABANDONED,,,1452,1065,0.337885392030701,"\{'nu':0.5,'kernel':'rbf','gamma':'auto'\}"
ABANDONED,,,3875,4240,0.6945283872094005,"\{'nu':0.5,'kernel':'rbf','gamma':'auto'\}"
ABANDONED,,,3468,1803,0.1002589089535176,"\{'nu':0.5,'kernel':'rbf','gamma':'auto'\}"
ABANDONED,,,1206,3513,0.9950162548087536,"\{'nu':0.5,'kernel':'rbf','gamma':'auto'\}"
ABANDONED,,,507,2038,0.5885531812869012,"\{'nu':0.5,'kernel':'rbf','gamma':'auto'\}"
ABANDONED,,,2927,2652,0.4424291422925889,"\{'nu':0.5,'kernel':'rbf','gamma':'auto'\}"
ABANDONED,,,4419,51,0.8495688914563507,"\{'nu':0.5,'kernel':'rbf','gamma':'auto'\}"
ABANDONED,,,2149,4630,0.2433002035524696,"\{'nu':0.5,'kernel':'rbf','gamma':'auto'\}"
ABANDONED,,,2215,1297,0.7648024461045861,"\{'nu':0.5,'kernel':'rbf','gamma':'auto'\}"
ABANDONED,,,4950,3395,0.1428158026114106,"\{'nu':0.5,'kernel':'rbf','gamma':'auto'\}"
ABANDONED,,,2706,793,0.5504447339717298,"\{'nu':0.5,'kernel':'rbf','gamma':'auto'\}"
ABANDONED,,,131,3888,0.4200348434988409,"\{'nu':0.5,'kernel':'rbf','gamma':'auto'\}"
ABANDONED,,,682,558,0.0134499735478311,"\{'nu':0.5,'kernel':'rbf','gamma':'auto'\}"
ABANDONED,,,3415,4749,0.8927368232253939,"\{'nu':0.5,'kernel':'rbf','gamma':'auto'\}"
ABANDONED,,,4244,2310,0.297978103287518,"\{'nu':0.5,'kernel':'rbf','gamma':'auto'\}"
ABANDONED,,,1661,3005,0.6700954017117619,"\{'nu':0.5,'kernel':'rbf','gamma':'auto'\}"
ABANDONED,,,1836,2371,0.1613506324421614,"\{'nu':0.5,'kernel':'rbf','gamma':'auto'\}"
ABANDONED,,,4097,2946,0.806723617983982,"\{'nu':0.5,'kernel':'rbf','gamma':'auto'\}"
ABANDONED,,,3246,383,0.3995772064514458,"\{'nu':0.5,'kernel':'rbf','gamma':'auto'\}"
ABANDONED,,,823,4923,0.5066083690114319,"\{'nu':0.5,'kernel':'rbf','gamma':'auto'\}"
ABANDONED,,,280,773,0.9131827992685138,"\{'nu':0.5,'kernel':'rbf','gamma':'auto'\}"
ABANDONED,,,2549,3909,0.0572975199110805,"\{'nu':0.5,'kernel':'rbf','gamma':'auto'\}"
ABANDONED,,,4797,1510,0.6515641428660601,"\{'nu':0.5,'kernel':'rbf','gamma':'auto'\}"
ABANDONED,,,2376,3181,0.256052888257429,"\{'nu':0.5,'kernel':'rbf','gamma':'auto'\}"
ABANDONED,,,2012,265,0.7364540781229734,"\{'nu':0.5,'kernel':'rbf','gamma':'auto'\}"
ABANDONED,,,4586,4416,0.3564161749929189,"\{'nu':0.5,'kernel':'rbf','gamma':'auto'\}"
ABANDONED,,,3070,2018,0.9511682325620204,"\{'nu':0.5,'kernel':'rbf','gamma':'auto'\}"
ABANDONED,,,334,2674,0.0798134087938815,"\{'nu':0.5,'kernel':'rbf','gamma':'auto'\}"
ABANDONED,,,1041,1628,0.4862659831363707,"\{'nu':0.5,'kernel':'rbf','gamma':'auto'\}"
ABANDONED,,,3623,3688,0.6090103424508124,"\{'nu':0.5,'kernel':'rbf','gamma':'auto'\}"
ABANDONED,,,4036,1126,0.2013785557895898,"\{'nu':0.5,'kernel':'rbf','gamma':'auto'\}"
ABANDONED,,,1303,4181,0.8310345375090837,"\{'nu':0.5,'kernel':'rbf','gamma':'auto'\}"
ABANDONED,,,1305,1640,0.1314992134310305,"\{'nu':0.5,'kernel':'rbf','gamma':'auto'\}"
ABANDONED,,,4043,3680,0.776636636648327,"\{'nu':0.5,'kernel':'rbf','gamma':'auto'\}"
ABANDONED,,,3616,1119,0.4313779483120888,"\{'nu':0.5,'kernel':'rbf','gamma':'auto'\}"
ABANDONED,,,1038,4193,0.5386446731965989,"\{'nu':0.5,'kernel':'rbf','gamma':'auto'\}"
ABANDONED,,,341,257,0.8806588167529553,"\{'nu':0.5,'kernel':'rbf','gamma':'auto'\}"
ABANDONED,,,3072,4429,0.0250100514870136,"\{'nu':0.5,'kernel':'rbf','gamma':'auto'\}"
ABANDONED,,,4584,2031,0.6821390107311308,"\{'nu':0.5,'kernel':'rbf','gamma':'auto'\}"
ABANDONED,,,2005,2666,0.286391242031008,"\{'nu':0.5,'kernel':'rbf','gamma':'auto'\}"
ABANDONED,,,2379,766,0.706602571742609,"\{'nu':0.5,'kernel':'rbf','gamma':'auto'\}"
ABANDONED,,,4804,3921,0.3263291062880307,"\{'nu':0.5,'kernel':'rbf','gamma':'auto'\}"
ABANDONED,,,2542,1522,0.9829688238501548,"\{'nu':0.5,'kernel':'rbf','gamma':'auto'\}"
ABANDONED,,,277,3174,0.1118495624065399,"\{'nu':0.5,'kernel':'rbf','gamma':'auto'\}"
ABANDONED,,,830,2383,0.4537419095337391,"\{'nu':0.5,'kernel':'rbf','gamma':'auto'\}"
ABANDONED,,,3248,2938,0.5767227829396724,"\{'nu':0.5,'kernel':'rbf','gamma':'auto'\}"
ABANDONED,,,4095,376,0.2319532767999917,"\{'nu':0.5,'kernel':'rbf','gamma':'auto'\}"
ABANDONED,,,1828,4935,0.8613727444279939,"\{'nu':0.5,'kernel':'rbf','gamma':'auto'\}"
ABANDONED,,,1669,551,0.3682160126976669,"\{'nu':0.5,'kernel':'rbf','gamma':'auto'\}"
ABANDONED,,,4246,4761,0.7251107502393423,"\{'nu':0.5,'kernel':'rbf','gamma':'auto'\}"
ABANDONED,,,3413,2322,0.0679789356943219,"\{'nu':0.5,'kernel':'rbf','gamma':'auto'\}"
ABANDONED,,,675,2997,0.962484539186582,"\{'nu':0.5,'kernel':'rbf','gamma':'auto'\}"
ABANDONED,,,134,1309,0.6205969806369394,"\{'nu':0.5,'kernel':'rbf','gamma':'auto'\}"
ABANDONED,,,2713,3388,0.4742221510466188,"\{'nu':0.5,'kernel':'rbf','gamma':'auto'\}"
ABANDONED,,,4943,786,0.8194741770140826,"\{'nu':0.5,'kernel':'rbf','gamma':'auto'\}"
ABANDONED,,,2212,3900,0.2134562797062098,"\{'nu':0.5,'kernel':'rbf','gamma':'auto'\}"
ABANDONED,,,2157,2050,0.795133157858625,"\{'nu':0.5,'kernel':'rbf','gamma':'auto'\}"
ABANDONED,,,4421,2645,0.1733982567284256,"\{'nu':0.5,'kernel':'rbf','gamma':'auto'\}"
ABANDONED,,,2925,44,0.518164907567203,"\{'nu':0.5,'kernel':'rbf','gamma':'auto'\}"
ABANDONED,,,499,4642,0.3875032747313379,"\{'nu':0.5,'kernel':'rbf','gamma':'auto'\}"
ABANDONED,,,1209,1058,0.0454938602671027,"\{'nu':0.5,'kernel':'rbf','gamma':'auto'\}"
ABANDONED,,,3475,4252,0.9245299193486572,"\{'nu':0.5,'kernel':'rbf','gamma':'auto'\}"
ABANDONED,,,3868,1815,0.2678835394177586,"\{'nu':0.5,'kernel':'rbf','gamma':'auto'\}"
ABANDONED,,,1450,3506,0.6402516284380108,"\{'nu':0.5,'kernel':'rbf','gamma':'auto'\}"
ABANDONED,,,1507,1219,0.9925639026686548,"\{'nu':0.5,'kernel':'rbf','gamma':'auto'\}"
ABANDONED,,,3772,4101,0.1017073737308382,"\{'nu':0.5,'kernel':'rbf','gamma':'auto'\}"
ABANDONED,,,3574,1654,0.6920755629036575,"\{'nu':0.5,'kernel':'rbf','gamma':'auto'\}"
ABANDONED,,,1149,3658,0.3393324328754097,"\{'nu':0.5,'kernel':'rbf','gamma':'auto'\}"
ABANDONED,,,598,1889,0.2447139325533062,"\{'nu':0.5,'kernel':'rbf','gamma':'auto'\}"
ABANDONED,,,2865,2797,0.8470903694424778,"\{'nu':0.5,'kernel':'rbf','gamma':'auto'\}"
ABANDONED,,,4478,206,0.4438423916921019,"\{'nu':0.5,'kernel':'rbf','gamma':'auto'\}"
ABANDONED,,,2060,4491,0.586073227904737,"\{'nu':0.5,'kernel':'rbf','gamma':'auto'\}"
ABANDONED,,,2308,1460,0.4215415965672582,"\{'nu':0.5,'kernel':'rbf','gamma':'auto'\}"
ABANDONED,,,4886,3227,0.5480554289575666,"\{'nu':0.5,'kernel':'rbf','gamma':'auto'\}"
ABANDONED,,,2773,634,0.1443220835141837,"\{'nu':0.5,'kernel':'rbf','gamma':'auto'\}"
ABANDONED,,,35,4061,0.7624117171578109,"\{'nu':0.5,'kernel':'rbf','gamma':'auto'\}"
ABANDONED,,,734,399,0.6676713609211146,"\{'nu':0.5,'kernel':'rbf','gamma':'auto'\}"
ABANDONED,,,3314,4922,0.2994586864821612,"\{'nu':0.5,'kernel':'rbf','gamma':'auto'\}"
ABANDONED,,,4342,2474,0.8903123028334229,"\{'nu':0.5,'kernel':'rbf','gamma':'auto'\}"
ABANDONED,,,1612,2837,0.014929125374183,"\{'nu':0.5,'kernel':'rbf','gamma':'auto'\}"
ABANDONED,,,1768,2222,0.5041845624446869,"\{'nu':0.5,'kernel':'rbf','gamma':'auto'\}"
ABANDONED,,,4194,3090,0.4010580238699912,"\{'nu':0.5,'kernel':'rbf','gamma':'auto'\}"
ABANDONED,,,3152,537,0.8042993392515928,"\{'nu':0.5,'kernel':'rbf','gamma':'auto'\}"
ABANDONED,,,888,4783,0.1628300259280949,"\{'nu':0.5,'kernel':'rbf','gamma':'auto'\}"
ABANDONED,,,181,927,0.2575598829854279,"\{'nu':0.5,'kernel':'rbf','gamma':'auto'\}"
ABANDONED,,,2599,3770,0.6491750795114785,"\{'nu':0.5,'kernel':'rbf','gamma':'auto'\}"
ABANDONED,,,4744,1361,0.0588040350377559,"\{'nu':0.5,'kernel':'rbf','gamma':'auto'\}"
ABANDONED,,,2478,3325,0.9107923045456408,"\{'nu':0.5,'kernel':'rbf','gamma':'auto'\}"
ABANDONED,,,1905,106,0.0812268961351364,"\{'nu':0.5,'kernel':'rbf','gamma':'auto'\}"
ABANDONED,,,4644,4589,0.9486894688885658,"\{'nu':0.5,'kernel':'rbf','gamma':'auto'\}"
ABANDONED,,,3015,2181,0.3578291901685297,"\{'nu':0.5,'kernel':'rbf','gamma':'auto'\}"
ABANDONED,,,438,2505,0.7339738905169069,"\{'nu':0.5,'kernel':'rbf','gamma':'auto'\}"
ABANDONED,,,981,1791,0.8285819511450827,"\{'nu':0.5,'kernel':'rbf','gamma':'auto'\}"
ABANDONED,,,3712,3519,0.2028267863430082,"\{'nu':0.5,'kernel':'rbf','gamma':'auto'\}"
ABANDONED,,,3944,967,0.6065572764854879,"\{'nu':0.5,'kernel':'rbf','gamma':'auto'\}"
ABANDONED,,,1365,4354,0.4877127823214977,"\{'nu':0.5,'kernel':'rbf','gamma':'auto'\}"
ABANDONED,,,1406,193,0.5637736912686377,"\{'nu':0.5,'kernel':'rbf','gamma':'auto'\}"
ABANDONED,,,3980,4501,0.4681984718162566,"\{'nu':0.5,'kernel':'rbf','gamma':'auto'\}"
ABANDONED,,,3676,1937,0.871441685155034,"\{'nu':0.5,'kernel':'rbf','gamma':'auto'\}"
ABANDONED,,,940,2749,0.2224172456413507,"\{'nu':0.5,'kernel':'rbf','gamma':'auto'\}"
ABANDONED,,,397,1703,0.314923775061965,"\{'nu':0.5,'kernel':'rbf','gamma':'auto'\}"
ABANDONED,,,2979,3607,0.7145814024657011,"\{'nu':0.5,'kernel':'rbf','gamma':'auto'\}"
ABANDONED,,,4680,1211,0.1242084600348025,"\{'nu':0.5,'kernel':'rbf','gamma':'auto'\}"
ABANDONED,,,1947,4110,0.968158105732873,"\{'nu':0.5,'kernel':'rbf','gamma':'auto'\}"
ABANDONED,,,2442,2446,0.0238630170710384,"\{'nu':0.5,'kernel':'rbf','gamma':'auto'\}"
ABANDONED,,,4703,2865,0.8832831589467823,"\{'nu':0.5,'kernel':'rbf','gamma':'auto'\}"
ABANDONED,,,2640,468,0.2924247819017619,"\{'nu':0.5,'kernel':'rbf','gamma':'auto'\}"
ABANDONED,,,217,4852,0.6766081060599535,"\{'nu':0.5,'kernel':'rbf','gamma':'auto'\}"
ABANDONED,,,924,702,0.7689928390514105,"\{'nu':0.5,'kernel':'rbf','gamma':'auto'\}"
ABANDONED,,,3193,3994,0.1356863551270216,"\{'nu':0.5,'kernel':'rbf','gamma':'auto'\}"
ABANDONED,,,4153,1429,0.5394149435944854,"\{'nu':0.5,'kernel':'rbf','gamma':'auto'\}"
ABANDONED,,,1732,3256,0.428125575620681,"\{'nu':0.5,'kernel':'rbf','gamma':'auto'\}"
ABANDONED,,,1569,1372,0.9329745563510804,"\{'nu':0.5,'kernel':'rbf','gamma':'auto'\}"
ABANDONED,,,4305,3315,0.0345667082909494,"\{'nu':0.5,'kernel':'rbf','gamma':'auto'\}"
ABANDONED,,,3351,879,0.6249329883530736,"\{'nu':0.5,'kernel':'rbf','gamma':'auto'\}"
ABANDONED,,,776,3817,0.2797449845150112,"\{'nu':0.5,'kernel':'rbf','gamma':'auto'\}"
ABANDONED,,,77,487,0.1873498118296265,"\{'nu':0.5,'kernel':'rbf','gamma':'auto'\}"
ABANDONED,,,2810,4834,0.7816838178411126,"\{'nu':0.5,'kernel':'rbf','gamma':'auto'\}"
ABANDONED,,,4848,2230,0.3784377492014318,"\{'nu':0.5,'kernel':'rbf','gamma':'auto'\}"
ABANDONED,,,2266,3081,0.5287072092238813,"\{'nu':0.5,'kernel':'rbf','gamma':'auto'\}"
ABANDONED,,,2098,995,0.4789057303033769,"\{'nu':0.5,'kernel':'rbf','gamma':'auto'\}"
ABANDONED,,,4520,4326,0.6134619935713708,"\{'nu':0.5,'kernel':'rbf','gamma':'auto'\}"
ABANDONED,,,2823,1723,0.2097267427351325,"\{'nu':0.5,'kernel':'rbf','gamma':'auto'\}"
ABANDONED,,,561,3589,0.8197777525689453,"\{'nu':0.5,'kernel':'rbf','gamma':'auto'\}"
ABANDONED,,,1112,2114,0.7272607239689677,"\{'nu':0.5,'kernel':'rbf','gamma':'auto'\}"
ABANDONED,,,3532,2572,0.3665993686523288,"\{'nu':0.5,'kernel':'rbf','gamma':'auto'\}"
ABANDONED,,,3814,137,0.957454890396446,"\{'nu':0.5,'kernel':'rbf','gamma':'auto'\}"
ABANDONED,,,1544,4560,0.0745165867470204,"\{'nu':0.5,'kernel':'rbf','gamma':'auto'\}"
ABANDONED,,,1409,1962,0.3108503472115844,"\{'nu':0.5,'kernel':'rbf','gamma':'auto'\}"
ABANDONED,,,3832,2733,0.6597064609434455,"\{'nu':0.5,'kernel':'rbf','gamma':'auto'\}"
ABANDONED,,,3511,288,0.0025727447234094,"\{'nu':0.5,'kernel':'rbf','gamma':'auto'\}"
ABANDONED,,,1250,4398,0.9051207790933548,"\{'nu':0.5,'kernel':'rbf','gamma':'auto'\}"
ABANDONED,,,540,1146,0.5610098929069935,"\{'nu':0.5,'kernel':'rbf','gamma':'auto'\}"
ABANDONED,,,2961,4164,0.4070799371264874,"\{'nu':0.5,'kernel':'rbf','gamma':'auto'\}"
ABANDONED,,,4385,1571,0.752333864768967,"\{'nu':0.5,'kernel':'rbf','gamma':'auto'\}"
ABANDONED,,,2116,3750,0.1538672865834087,"\{'nu':0.5,'kernel':'rbf','gamma':'auto'\}"
ABANDONED,,,2248,326,0.8547202586010098,"\{'nu':0.5,'kernel':'rbf','gamma':'auto'\}"
ABANDONED,,,4984,4985,0.2405404836609959,"\{'nu':0.5,'kernel':'rbf','gamma':'auto'\}"
ABANDONED,,,2672,2391,0.5853052365425973,"\{'nu':0.5,'kernel':'rbf','gamma':'auto'\}"
ABANDONED,,,98,2929,0.4470922845844179,"\{'nu':0.5,'kernel':'rbf','gamma':'auto'\}"
ABANDONED,,,638,1533,0.1028595424834638,"\{'nu':0.5,'kernel':'rbf','gamma':'auto'\}"
ABANDONED,,,3372,3163,0.9899342253748328,"\{'nu':0.5,'kernel':'rbf','gamma':'auto'\}"
ABANDONED,,,4286,717,0.3332897434011101,"\{'nu':0.5,'kernel':'rbf','gamma':'auto'\}"
ABANDONED,,,1705,3968,0.6976154015436768,"\{'nu':0.5,'kernel':'rbf','gamma':'auto'\}"
ABANDONED,,,1870,854,0.1888651298712938,"\{'nu':0.5,'kernel':'rbf','gamma':'auto'\}"
ABANDONED,,,4132,3833,0.8420411768984049,"\{'nu':0.5,'kernel':'rbf','gamma':'auto'\}"
ABANDONED,,,3211,1278,0.4967843939550221,"\{'nu':0.5,'kernel':'rbf','gamma':'auto'\}"
ABANDONED,,,788,3418,0.5960086879618465,"\{'nu':0.5,'kernel':'rbf','gamma':'auto'\}"
ABANDONED,,,235,2295,0.9402461591549218,"\{'nu':0.5,'kernel':'rbf','gamma':'auto'\}"
ABANDONED,,,2505,3026,0.0921525200791657,"\{'nu':0.5,'kernel':'rbf','gamma':'auto'\}"
ABANDONED,,,4841,620,0.7492795739304274,"\{'nu':0.5,'kernel':'rbf','gamma':'auto'\}"
ABANDONED,,,2421,4691,0.3459804861079901,"\{'nu':0.5,'kernel':'rbf','gamma':'auto'\}"
ABANDONED,,,1967,1865,0.6470152423530817,"\{'nu':0.5,'kernel':'rbf','gamma':'auto'\}"
ABANDONED,,,4542,3456,0.2591866507083177,"\{'nu':0.5,'kernel':'rbf','gamma':'auto'\}"
ABANDONED,,,3114,1050,0.915828277381137,"\{'nu':0.5,'kernel':'rbf','gamma':'auto'\}"
ABANDONED,,,379,4262,0.0522603350598365,"\{'nu':0.5,'kernel':'rbf','gamma':'auto'\}"
ABANDONED,,,1076,33,0.3963760098237544,"\{'nu':0.5,'kernel':'rbf','gamma':'auto'\}"
ABANDONED,,,3657,4653,0.5113182594198734,"\{'nu':0.5,'kernel':'rbf','gamma':'auto'\}"
ABANDONED,,,4001,2099,0.1665468441694974,"\{'nu':0.5,'kernel':'rbf','gamma':'auto'\}"
ABANDONED,,,1268,2598,0.8040087426751851,"\{'nu':0.5,'kernel':'rbf','gamma':'auto'\}"
ABANDONED,,,1280,662,0.3828245361018925,"\{'nu':0.5,'kernel':'rbf','gamma':'auto'\}"
ABANDONED,,,4018,4030,0.525295277075842,"\{'nu':0.5,'kernel':'rbf','gamma':'auto'\}"
ABANDONED,,,3640,1467,0.183939753472805,"\{'nu':0.5,'kernel':'rbf','gamma':'auto'\}"
ABANDONED,,,1064,3214,0.7860686714649199,"\{'nu':0.5,'kernel':'rbf','gamma':'auto'\}"
ABANDONED,,,357,2482,0.6293217382729053,"\{'nu':0.5,'kernel':'rbf','gamma':'auto'\}"
ABANDONED,,,3087,2825,0.2763310893476009,"\{'nu':0.5,'kernel':'rbf','gamma':'auto'\}"
ABANDONED,,,4569,426,0.929566342042759,"\{'nu':0.5,'kernel':'rbf','gamma':'auto'\}"
ABANDONED,,,1989,4890,0.0389497178662568,"\{'nu':0.5,'kernel':'rbf','gamma':'auto'\}"
ABANDONED,,,2394,1661,0.9540445420481264,"\{'nu':0.5,'kernel':'rbf','gamma':'auto'\}"
ABANDONED,,,4820,3644,0.0789012693502008,"\{'nu':0.5,'kernel':'rbf','gamma':'auto'\}"
ABANDONED,,,2526,1246,0.7316473398488014,"\{'nu':0.5,'kernel':'rbf','gamma':'auto'\}"
ABANDONED,,,262,4070,0.3631871465127914,"\{'nu':0.5,'kernel':'rbf','gamma':'auto'\}"
ABANDONED,,,805,231,0.206318357406184,"\{'nu':0.5,'kernel':'rbf','gamma':'auto'\}"
ABANDONED,,,3224,4459,0.8241604721527546,"\{'nu':0.5,'kernel':'rbf','gamma':'auto'\}"
ABANDONED,,,4120,1897,0.4832941902317106,"\{'nu':0.5,'kernel':'rbf','gamma':'auto'\}"
ABANDONED,,,1853,2784,0.6100479273833334,"\{'nu':0.5,'kernel':'rbf','gamma':'auto'\}"
ABANDONED,,,1683,2149,0.1208003126475959,"\{'nu':0.5,'kernel':'rbf','gamma':'auto'\}"
ABANDONED,,,4260,2531,0.9725410632584244,"\{'nu':0.5,'kernel':'rbf','gamma':'auto'\}"
ABANDONED,,,3399,94,0.3193124729320406,"\{'nu':0.5,'kernel':'rbf','gamma':'auto'\}"
ABANDONED,,,661,4598,0.7111675742194056,"\{'nu':0.5,'kernel':'rbf','gamma':'auto'\}"
ABANDONED,,,110,954,0.8680315747484564,"\{'nu':0.5,'kernel':'rbf','gamma':'auto'\}"
ABANDONED,,,2690,4361,0.2268021661862731,"\{'nu':0.5,'kernel':'rbf','gamma':'auto'\}"
ABANDONED,,,4966,1761,0.5681605450902134,"\{'nu':0.5,'kernel':'rbf','gamma':'auto'\}"
ABANDONED,,,2236,3547,0.4647864876184612,"\{'nu':0.5,'kernel':'rbf','gamma':'auto'\}"
ABANDONED,,,2133,525,0.5438034555725753,"\{'nu':0.5,'kernel':'rbf','gamma':'auto'\}"
ABANDONED,,,4397,4792,0.4247114425115287,"\{'nu':0.5,'kernel':'rbf','gamma':'auto'\}"
ABANDONED,,,2949,2190,0.7655843868013471,"\{'nu':0.5,'kernel':'rbf','gamma':'auto'\}"
ABANDONED,,,524,3116,0.1400691267605871,"\{'nu':0.5,'kernel':'rbf','gamma':'auto'\}"
ABANDONED,,,1223,1330,0.2968113308604806,"\{'nu':0.5,'kernel':'rbf','gamma':'auto'\}"
ABANDONED,,,3490,3352,0.6731959359701722,"\{'nu':0.5,'kernel':'rbf','gamma':'auto'\}"
ABANDONED,,,3854,914,0.020452720772475,"\{'nu':0.5,'kernel':'rbf','gamma':'auto'\}"
ABANDONED,,,1436,3776,0.8876677746288478,"\{'nu':0.5,'kernel':'rbf','gamma':'auto'\}"
ABANDONED,,,1532,1491,0.7448965717907994,"\{'nu':0.5,'kernel':'rbf','gamma':'auto'\}"
ABANDONED,,,3796,3201,0.34938858888112,"\{'nu':0.5,'kernel':'rbf','gamma':'auto'\}"
ABANDONED,,,3550,753,0.943660002272576,"\{'nu':0.5,'kernel':'rbf','gamma':'auto'\}"
ABANDONED,,,1124,3928,0.0877638370804488,"\{'nu':0.5,'kernel':'rbf','gamma':'auto'\}"
ABANDONED,,,583,364,0.4923994287960231,"\{'nu':0.5,'kernel':'rbf','gamma':'auto'\}"
ABANDONED,,,2850,4943,0.5994187537543476,"\{'nu':0.5,'kernel':'rbf','gamma':'auto'\}"
ABANDONED,,,4494,2351,0.1922771289404481,"\{'nu':0.5,'kernel':'rbf','gamma':'auto'\}"
ABANDONED,,,2075,2965,0.8376543379481882,"\{'nu':0.5,'kernel':'rbf','gamma':'auto'\}"
ABANDONED,,,2293,1105,0.1699609921500086,"\{'nu':0.5,'kernel':'rbf','gamma':'auto'\}"
ABANDONED,,,4870,4200,0.7996202455684542,"\{'nu':0.5,'kernel':'rbf','gamma':'auto'\}"
ABANDONED,,,2788,1609,0.3919931935761123,"\{'nu':0.5,'kernel':'rbf','gamma':'auto'\}"
ABANDONED,,,50,3707,0.5147266670558601,"\{'nu':0.5,'kernel':'rbf','gamma':'auto'\}"
ABANDONED,,,760,1998,0.9192404623422772,"\{'nu':0.5,'kernel':'rbf','gamma':'auto'\}"
ABANDONED,,,3339,2692,0.0478738009724766,"\{'nu':0.5,'kernel':'rbf','gamma':'auto'\}"
ABANDONED,,,4317,245,0.6426305820569395,"\{'nu':0.5,'kernel':'rbf','gamma':'auto'\}"
ABANDONED,,,1586,4436,0.2625969023928046,"\{'nu':0.5,'kernel':'rbf','gamma':'auto'\}"
ABANDONED,,,1754,71,0.7557458117883651,"\{'nu':0.5,'kernel':'rbf','gamma':'auto'\}"
ABANDONED,,,4180,4610,0.1494805145543068,"\{'nu':0.5,'kernel':'rbf','gamma':'auto'\}"
ABANDONED,,,3166,2058,0.5566249946691095,"\{'nu':0.5,'kernel':'rbf','gamma':'auto'\}"
ABANDONED,,,902,2633,0.4104899508692324,"\{'nu':0.5,'kernel':'rbf','gamma':'auto'\}"
ABANDONED,,,205,1822,0.0059866547621786,"\{'nu':0.5,'kernel':'rbf','gamma':'auto'\}"
ABANDONED,,,2623,3494,0.900732044044882,"\{'nu':0.5,'kernel':'rbf','gamma':'auto'\}"
ABANDONED,,,4721,1086,0.3064672930222004,"\{'nu':0.5,'kernel':'rbf','gamma':'auto'\}"
ABANDONED,,,2454,4222,0.6631146306376903,"\{'nu':0.5,'kernel':'rbf','gamma':'auto'\}"
ABANDONED,,,1930,2331,0.3289050161838531,"\{'nu':0.5,'kernel':'rbf','gamma':'auto'\}"
ABANDONED,,,4667,2986,0.7010257052779197,"\{'nu':0.5,'kernel':'rbf','gamma':'auto'\}"
ABANDONED,,,2991,577,0.10627177949436,"\{'nu':0.5,'kernel':'rbf','gamma':'auto'\}"
ABANDONED,,,414,4729,0.9855476243663578,"\{'nu':0.5,'kernel':'rbf','gamma':'auto'\}"
ABANDONED,,,967,813,0.5809224723447113,"\{'nu':0.5,'kernel':'rbf','gamma':'auto'\}"
ABANDONED,,,3698,3869,0.4505006252992898,"\{'nu':0.5,'kernel':'rbf','gamma':'auto'\}"
ABANDONED,,,3958,1316,0.858134339660406,"\{'nu':0.5,'kernel':'rbf','gamma':'auto'\}"
ABANDONED,,,1379,3375,0.236152038604021,"\{'nu':0.5,'kernel':'rbf','gamma':'auto'\}"
ABANDONED,,,1343,2418,0.8150914053805172,"\{'nu':0.5,'kernel':'rbf','gamma':'auto'\}"
ABANDONED,,,3918,2898,0.2168647319562733,"\{'nu':0.5,'kernel':'rbf','gamma':'auto'\}"
ABANDONED,,,3738,333,0.6240111137460918,"\{'nu':0.5,'kernel':'rbf','gamma':'auto'\}"
ABANDONED,,,1003,4973,0.4698336390685289,"\{'nu':0.5,'kernel':'rbf','gamma':'auto'\}"
ABANDONED,,,450,725,0.0635943200122564,"\{'nu':0.5,'kernel':'rbf','gamma':'auto'\}"
ABANDONED,,,3032,3957,0.9658948354851454,"\{'nu':0.5,'kernel':'rbf','gamma':'auto'\}"
ABANDONED,,,4627,1560,0.3716281827874481,"\{'nu':0.5,'kernel':'rbf','gamma':'auto'\}"
ABANDONED,,,1894,3131,0.7207242012806236,"\{'nu':0.5,'kernel':'rbf','gamma':'auto'\}"
ABANDONED,,,2495,295,0.271297367664054,"\{'nu':0.5,'kernel':'rbf','gamma':'auto'\}"
ABANDONED,,,4757,4386,0.635862930567935,"\{'nu':0.5,'kernel':'rbf','gamma':'auto'\}"
ABANDONED,,,2587,1990,0.0411109027415514,"\{'nu':0.5,'kernel':'rbf','gamma':'auto'\}"
ABANDONED,,,164,2702,0.9279380667358637,"\{'nu':0.5,'kernel':'rbf','gamma':'auto'\}"
ABANDONED,,,861,1598,0.5215768917649984,"\{'nu':0.5,'kernel':'rbf','gamma':'auto'\}"
ABANDONED,,,3130,3718,0.3831164209097623,"\{'nu':0.5,'kernel':'rbf','gamma':'auto'\}"
ABANDONED,,,4216,1154,0.7907482373137026,"\{'nu':0.5,'kernel':'rbf','gamma':'auto'\}"
ABANDONED,,,1795,4153,0.1768083671350031,"\{'nu':0.5,'kernel':'rbf','gamma':'auto'\}"
ABANDONED,,,1624,1017,0.6855512328706682,"\{'nu':0.5,'kernel':'rbf','gamma':'auto'\}"
ABANDONED,,,4359,4288,0.2820046261511743,"\{'nu':0.5,'kernel':'rbf','gamma':'auto'\}"
ABANDONED,,,3297,1853,0.876274134149775,"\{'nu':0.5,'kernel':'rbf','gamma':'auto'\}"
ABANDONED,,,722,3463,0.0284203998353332,"\{'nu':0.5,'kernel':'rbf','gamma':'auto'\}"
ABANDONED,,,13,2085,0.4347920145001262,"\{'nu':0.5,'kernel':'rbf','gamma':'auto'\}"
ABANDONED,,,2746,2604,0.5342562132682651,"\{'nu':0.5,'kernel':'rbf','gamma':'auto'\}"
ABANDONED,,,4912,1,0.1271164938472211,"\{'nu':0.5,'kernel':'rbf','gamma':'auto'\}"
ABANDONED,,,2331,4680,0.7800450219772757,"\{'nu':0.5,'kernel':'rbf','gamma':'auto'\}"
ABANDONED,,,2033,1266,0.2275684231761843,"\{'nu':0.5,'kernel':'rbf','gamma':'auto'\}"
ABANDONED,,,4457,3425,0.8647828027848155,"\{'nu':0.5,'kernel':'rbf','gamma':'auto'\}"
ABANDONED,,,2887,821,0.4571538416817784,"\{'nu':0.5,'kernel':'rbf','gamma':'auto'\}"
ABANDONED,,,625,3859,0.5723359960392117,"\{'nu':0.5,'kernel':'rbf','gamma':'auto'\}"
ABANDONED,,,1166,589,0.9785858142748474,"\{'nu':0.5,'kernel':'rbf','gamma':'auto'\}"
ABANDONED,,,3587,4718,0.1152577767148613,"\{'nu':0.5,'kernel':'rbf','gamma':'auto'\}"
ABANDONED,,,3759,2282,0.7100164669100195,"\{'nu':0.5,'kernel':'rbf','gamma':'auto'\}"
ABANDONED,,,1490,3033,0.321940356368199,"\{'nu':0.5,'kernel':'rbf','gamma':'auto'\}"
ABANDONED,,,1472,437,0.0631906360462307,"\{'nu':0.5,'kernel':'rbf','gamma':'auto'\}"
ABANDONED,,,3895,4879,0.9073800675347448,"\{'nu':0.5,'kernel':'rbf','gamma':'auto'\}"
ABANDONED,,,3449,2434,0.254149579251185,"\{'nu':0.5,'kernel':'rbf','gamma':'auto'\}"
ABANDONED,,,1187,2872,0.6535598067287355,"\{'nu':0.5,'kernel':'rbf','gamma':'auto'\}"
ABANDONED,,,487,1417,0.8086877843085676,"\{'nu':0.5,'kernel':'rbf','gamma':'auto'\}"
ABANDONED,,,2908,3264,0.1594159448686987,"\{'nu':0.5,'kernel':'rbf','gamma':'auto'\}"
ABANDONED,,,4438,670,0.500776221729815,"\{'nu':0.5,'kernel':'rbf','gamma':'auto'\}"
ABANDONED,,,2169,4021,0.4054407880678773,"\{'nu':0.5,'kernel':'rbf','gamma':'auto'\}"
ABANDONED,,,2195,1925,0.6031472627427428,"\{'nu':0.5,'kernel':'rbf','gamma':'auto'\}"
ABANDONED,,,4931,2756,0.4920976805593818,"\{'nu':0.5,'kernel':'rbf','gamma':'auto'\}"
ABANDONED,,,2726,163,0.8329687231741845,"\{'nu':0.5,'kernel':'rbf','gamma':'auto'\}"
ABANDONED,,,151,4529,0.19941483932361,"\{'nu':0.5,'kernel':'rbf','gamma':'auto'\}"
ABANDONED,,,702,1179,0.3544210204742848,"\{'nu':0.5,'kernel':'rbf','gamma':'auto'\}"
ABANDONED,,,3434,4137,0.7383569447062909,"\{'nu':0.5,'kernel':'rbf','gamma':'auto'\}"
ABANDONED,,,4224,1692,0.0856156311836093,"\{'nu':0.5,'kernel':'rbf','gamma':'auto'\}"
ABANDONED,,,1642,3615,0.9452755588497966,"\{'nu':0.5,'kernel':'rbf','gamma':'auto'\}"
ABANDONED,,,1816,1749,0.4404339840561151,"\{'nu':0.5,'kernel':'rbf','gamma':'auto'\}"
ABANDONED,,,4078,3557,0.590456044152379,"\{'nu':0.5,'kernel':'rbf','gamma':'auto'\}"
ABANDONED,,,3266,1002,0.2491024296600371,"\{'nu':0.5,'kernel':'rbf','gamma':'auto'\}"
ABANDONED,,,842,4314,0.8436762214619666,"\{'nu':0.5,'kernel':'rbf','gamma':'auto'\}"
ABANDONED,,,299,143,0.6886653112191707,"\{'nu':0.5,'kernel':'rbf','gamma':'auto'\}"
ABANDONED,,,2568,4546,0.3437170931715518,"\{'nu':0.5,'kernel':'rbf','gamma':'auto'\}"
ABANDONED,,,4778,2141,0.9969504367560148,"\{'nu':0.5,'kernel':'rbf','gamma':'auto'\}"
ABANDONED,,,2357,2540,0.0982951887696981,"\{'nu':0.5,'kernel':'rbf','gamma':'auto'\}"
ABANDONED,,,2032,886,0.8947009858321398,"\{'nu':0.5,'kernel':'rbf','gamma':'auto'\}"
ABANDONED,,,4606,3805,0.0115152822565287,"\{'nu':0.5,'kernel':'rbf','gamma':'auto'\}"
ABANDONED,,,3050,1398,0.6642632581479847,"\{'nu':0.5,'kernel':'rbf','gamma':'auto'\}"
ABANDONED,,,314,3282,0.3038416886217892,"\{'nu':0.5,'kernel':'rbf','gamma':'auto'\}"
ABANDONED,,,1021,2257,0.1487089224644005,"\{'nu':0.5,'kernel':'rbf','gamma':'auto'\}"
ABANDONED,,,3603,3049,0.7589997180886566,"\{'nu':0.5,'kernel':'rbf','gamma':'auto'\}"
ABANDONED,,,4055,494,0.4181315307747572,"\{'nu':0.5,'kernel':'rbf','gamma':'auto'\}"
ABANDONED,,,1322,4821,0.5524403941165655,"\{'nu':0.5,'kernel':'rbf','gamma':'auto'\}"
ABANDONED,,,1313,501,0.9079343760591,"\{'nu':0.5,'kernel':'rbf','gamma':'auto'\}"
ABANDONED,,,4044,4806,0.0602000290136784,"\{'nu':0.5,'kernel':'rbf','gamma':'auto'\}"
ABANDONED,,,3612,2253,0.6549587470926344,"\{'nu':0.5,'kernel':'rbf','gamma':'auto'\}"
ABANDONED,,,1033,3062,0.2512889460362494,"\{'nu':0.5,'kernel':'rbf','gamma':'auto'\}"
ABANDONED,,,324,1393,0.1588661423660814,"\{'nu':0.5,'kernel':'rbf','gamma':'auto'\}"
ABANDONED,,,3062,3299,0.8116743314601481,"\{'nu':0.5,'kernel':'rbf','gamma':'auto'\}"
ABANDONED,,,4597,889,0.4040454019587487,"\{'nu':0.5,'kernel':'rbf','gamma':'auto'\}"
ABANDONED,,,2020,3791,0.5036337468307465,"\{'nu':0.5,'kernel':'rbf','gamma':'auto'\}"
ABANDONED,,,2349,2134,0.4888751379549503,"\{'nu':0.5,'kernel':'rbf','gamma':'auto'\}"
ABANDONED,,,4767,2556,0.6039330272376537,"\{'nu':0.5,'kernel':'rbf','gamma':'auto'\}"
ABANDONED,,,2576,148,0.1967932799328118,"\{'nu':0.5,'kernel':'rbf','gamma':'auto'\}"
ABANDONED,,,310,4534,0.8341281175483019,"\{'nu':0.5,'kernel':'rbf','gamma':'auto'\}"
ABANDONED,,,850,1008,0.7415835174489765,"\{'nu':0.5,'kernel':'rbf','gamma':'auto'\}"
ABANDONED,,,3276,4297,0.3536307202149182,"\{'nu':0.5,'kernel':'rbf','gamma':'auto'\}"
ABANDONED,,,4070,1746,0.9479001966118812,"\{'nu':0.5,'kernel':'rbf','gamma':'auto'\}"
ABANDONED,,,1806,3571,0.084452652812004,"\{'nu':0.5,'kernel':'rbf','gamma':'auto'\}"
ABANDONED,,,1652,1686,0.5932031642850488,"\{'nu':0.5,'kernel':'rbf','gamma':'auto'\}"
ABANDONED,,,4232,3630,0.4391490029152482,"\{'nu':0.5,'kernel':'rbf','gamma':'auto'\}"
ABANDONED,,,3424,1183,0.8467807877175509,"\{'nu':0.5,'kernel':'rbf','gamma':'auto'\}"
ABANDONED,,,694,4124,0.248434608053416,"\{'nu':0.5,'kernel':'rbf','gamma':'auto'\}"
ABANDONED,,,140,168,0.34097447906062,"\{'nu':0.5,'kernel':'rbf','gamma':'auto'\}"
ABANDONED,,,2718,4513,0.6899462324790656,"\{'nu':0.5,'kernel':'rbf','gamma':'auto'\}"
ABANDONED,,,4941,1922,0.095194176768884,"\{'nu':0.5,'kernel':'rbf','gamma':'auto'\}"
ABANDONED,,,2203,2770,0.9976151502486316,"\{'nu':0.5,'kernel':'rbf','gamma':'auto'\}"
ABANDONED,,,2180,677,0.0104855512604117,"\{'nu':0.5,'kernel':'rbf','gamma':'auto'\}"
ABANDONED,,,4447,4005,0.8971923762187362,"\{'nu':0.5,'kernel':'rbf','gamma':'auto'\}"
ABANDONED,,,2896,1413,0.3029257551226764,"\{'nu':0.5,'kernel':'rbf','gamma':'auto'\}"
ABANDONED,,,478,3277,0.6676154641304165,"\{'nu':0.5,'kernel':'rbf','gamma':'auto'\}"
ABANDONED,,,1175,2428,0.7600334792230277,"\{'nu':0.5,'kernel':'rbf','gamma':'auto'\}"
ABANDONED,,,3440,2888,0.1462129963133484,"\{'nu':0.5,'kernel':'rbf','gamma':'auto'\}"
ABANDONED,,,3906,440,0.5533594059869646,"\{'nu':0.5,'kernel':'rbf','gamma':'auto'\}"
ABANDONED,,,1481,4865,0.4147757407948374,"\{'nu':0.5,'kernel':'rbf','gamma':'auto'\}"
ABANDONED,,,1502,2267,0.217411128917709,"\{'nu':0.5,'kernel':'rbf','gamma':'auto'\}"
ABANDONED,,,3768,3040,0.8121082340274006,"\{'nu':0.5,'kernel':'rbf','gamma':'auto'\}"
ABANDONED,,,3575,601,0.4712400151118635,"\{'nu':0.5,'kernel':'rbf','gamma':'auto'\}"
ABANDONED,,,1157,4714,0.6211425689682364,"\{'nu':0.5,'kernel':'rbf','gamma':'auto'\}"
ABANDONED,,,614,838,0.9653524686619638,"\{'nu':0.5,'kernel':'rbf','gamma':'auto'\}"
ABANDONED,,,2878,3854,0.0665729556009173,"\{'nu':0.5,'kernel':'rbf','gamma':'auto'\}"
ABANDONED,,,4468,1252,0.7193209036085754,"\{'nu':0.5,'kernel':'rbf','gamma':'auto'\}"
ABANDONED,,,2042,3428,0.3744931435678154,"\{'nu':0.5,'kernel':'rbf','gamma':'auto'\}"
ABANDONED,,,2341,16,0.6326329522840679,"\{'nu':0.5,'kernel':'rbf','gamma':'auto'\}"
ABANDONED,,,4920,4673,0.2720910437218844,"\{'nu':0.5,'kernel':'rbf','gamma':'auto'\}"
ABANDONED,,,2736,2073,0.9253244189079852,"\{'nu':0.5,'kernel':'rbf','gamma':'auto'\}"
ABANDONED,,,5,2609,0.0422628614362329,"\{'nu':0.5,'kernel':'rbf','gamma':'auto'\}"
ABANDONED,,,712,1837,0.3863509052153676,"\{'nu':0.5,'kernel':'rbf','gamma':'auto'\}"
ABANDONED,,,3289,3469,0.520779155826196,"\{'nu':0.5,'kernel':'rbf','gamma':'auto'\}"
ABANDONED,,,4370,1031,0.179425569217652,"\{'nu':0.5,'kernel':'rbf','gamma':'auto'\}"
ABANDONED,,,1631,4285,0.789593170505017,"\{'nu':0.5,'kernel':'rbf','gamma':'auto'\}"
ABANDONED,,,1787,1169,0.2847439536917954,"\{'nu':0.5,'kernel':'rbf','gamma':'auto'\}"
ABANDONED,,,4205,4147,0.684273568438366,"\{'nu':0.5,'kernel':'rbf','gamma':'auto'\}"
ABANDONED,,,3138,1585,0.0315322827994823,"\{'nu':0.5,'kernel':'rbf','gamma':'auto'\}"
ABANDONED,,,871,3722,0.875598519951105,"\{'nu':0.5,'kernel':'rbf','gamma':'auto'\}"
ABANDONED,,,172,1974,0.5315209158658981,"\{'nu':0.5,'kernel':'rbf','gamma':'auto'\}"
ABANDONED,,,2597,2707,0.4360651431679725,"\{'nu':0.5,'kernel':'rbf','gamma':'auto'\}"
ABANDONED,,,4749,309,0.7769362173844128,"\{'nu':0.5,'kernel':'rbf','gamma':'auto'\}"
ABANDONED,,,2484,4383,0.1277885240484029,"\{'nu':0.5,'kernel':'rbf','gamma':'auto'\}"
ABANDONED,,,1885,1545,0.8637457550801336,"\{'nu':0.5,'kernel':'rbf','gamma':'auto'\}"
ABANDONED,,,4615,3137,0.2300676061548292,"\{'nu':0.5,'kernel':'rbf','gamma':'auto'\}"
ABANDONED,,,3041,738,0.5714278551321476,"\{'nu':0.5,'kernel':'rbf','gamma':'auto'\}"
ABANDONED,,,461,3952,0.4604987309556454,"\{'nu':0.5,'kernel':'rbf','gamma':'auto'\}"
ABANDONED,,,1012,349,0.1162993304412811,"\{'nu':0.5,'kernel':'rbf','gamma':'auto'\}"
ABANDONED,,,3750,4967,0.9760825714152304,"\{'nu':0.5,'kernel':'rbf','gamma':'auto'\}"
ABANDONED,,,3908,2404,0.3228520515300333,"\{'nu':0.5,'kernel':'rbf','gamma':'auto'\}"
ABANDONED,,,1331,2901,0.7066684695221483,"\{'nu':0.5,'kernel':'rbf','gamma':'auto'\}"
ABANDONED,,,1368,1320,0.3499352962821721,"\{'nu':0.5,'kernel':'rbf','gamma':'auto'\}"
ABANDONED,,,3951,3362,0.7419135919064282,"\{'nu':0.5,'kernel':'rbf','gamma':'auto'\}"
ABANDONED,,,3708,807,0.0891704083103686,"\{'nu':0.5,'kernel':'rbf','gamma':'auto'\}"
ABANDONED,,,975,3884,0.9407917716521768,"\{'nu':0.5,'kernel':'rbf','gamma':'auto'\}"
ABANDONED,,,424,574,0.5988765821177511,"\{'nu':0.5,'kernel':'rbf','gamma':'auto'\}"
ABANDONED,,,2999,4743,0.4953783785421401,"\{'nu':0.5,'kernel':'rbf','gamma':'auto'\}"
ABANDONED,,,4657,2336,0.8362513507157564,"\{'nu':0.5,'kernel':'rbf','gamma':'auto'\}"
ABANDONED,,,1922,2970,0.1951422811895608,"\{'nu':0.5,'kernel':'rbf','gamma':'auto'\}"
ABANDONED,,,2442,1081,0.7963901055585592,"\{'nu':0.5,'kernel':'rbf','gamma':'auto'\}"
ABANDONED,,,4712,4234,0.1707543875109404,"\{'nu':0.5,'kernel':'rbf','gamma':'auto'\}"
ABANDONED,,,2634,1829,0.5121127348132432,"\{'nu':0.5,'kernel':'rbf','gamma':'auto'\}"
ABANDONED,,,214,3478,0.3931449868269264,"\{'nu':0.5,'kernel':'rbf','gamma':'auto'\}"
ABANDONED,,,913,2062,0.0511080008633434,"\{'nu':0.5,'kernel':'rbf','gamma':'auto'\}"
ABANDONED,,,3175,2619,0.9184425609596074,"\{'nu':0.5,'kernel':'rbf','gamma':'auto'\}"
ABANDONED,,,4168,65,0.2652139427494257,"\{'nu':0.5,'kernel':'rbf','gamma':'auto'\}"
ABANDONED,,,1745,4627,0.6414752345513552,"\{'nu':0.5,'kernel':'rbf','gamma':'auto'\}"
ABANDONED,,,1596,241,0.1522200335636735,"\{'nu':0.5,'kernel':'rbf','gamma':'auto'\}"
ABANDONED,,,4329,4449,0.7544684577956796,"\{'nu':0.5,'kernel':'rbf','gamma':'auto'\}"
ABANDONED,,,3330,2004,0.4136021479908377,"\{'nu':0.5,'kernel':'rbf','gamma':'auto'\}"
ABANDONED,,,748,2677,0.5559495756570249,"\{'nu':0.5,'kernel':'rbf','gamma':'auto'\}"
ABANDONED,,,41,1612,0.8979970607999712,"\{'nu':0.5,'kernel':'rbf','gamma':'auto'\}"
ABANDONED,,,2777,3693,0.0072599786166101,"\{'nu':0.5,'kernel':'rbf','gamma':'auto'\}"
ABANDONED,,,4879,1100,0.6600060175135731,"\{'nu':0.5,'kernel':'rbf','gamma':'auto'\}"
ABANDONED,,,2305,4216,0.3071396336629986,"\{'nu':0.5,'kernel':'rbf','gamma':'auto'\}"
ABANDONED,,,2083,2355,0.6999883768763393,"\{'nu':0.5,'kernel':'rbf','gamma':'auto'\}"
ABANDONED,,,4504,2952,0.3314040374364704,"\{'nu':0.5,'kernel':'rbf','gamma':'auto'\}"
ABANDONED,,,2842,357,0.9846393180154264,"\{'nu':0.5,'kernel':'rbf','gamma':'auto'\}"
ABANDONED,,,573,4958,0.1096163843534886,"\{'nu':0.5,'kernel':'rbf','gamma':'auto'\}"
ABANDONED,,,1116,750,0.4515420135818422,"\{'nu':0.5,'kernel':'rbf','gamma':'auto'\}"
ABANDONED,,,3539,3942,0.5784189450703561,"\{'nu':0.5,'kernel':'rbf','gamma':'auto'\}"
ABANDONED,,,3804,1496,0.2370634530689567,"\{'nu':0.5,'kernel':'rbf','gamma':'auto'\}"
ABANDONED,,,1543,3184,0.8547861805465072,"\{'nu':0.5,'kernel':'rbf','gamma':'auto'\}"
ABANDONED,,,1444,901,0.5258493011854589,"\{'nu':0.5,'kernel':'rbf','gamma':'auto'\}"
ABANDONED,,,3864,3781,0.3798337636254727,"\{'nu':0.5,'kernel':'rbf','gamma':'auto'\}"
ABANDONED,,,3482,1345,0.7874674501027911,"\{'nu':0.5,'kernel':'rbf','gamma':'auto'\}"
ABANDONED,,,1212,3346,0.1810788395609706,"\{'nu':0.5,'kernel':'rbf','gamma':'auto'\}"
ABANDONED,,,515,2204,0.2757811251189559,"\{'nu':0.5,'kernel':'rbf','gamma':'auto'\}"
ABANDONED,,,2938,3113,0.632308004727587,"\{'nu':0.5,'kernel':'rbf','gamma':'auto'\}"
ABANDONED,,,4405,509,0.0375540473423898,"\{'nu':0.5,'kernel':'rbf','gamma':'auto'\}"
ABANDONED,,,2143,4797,0.9324237016998232,"\{'nu':0.5,'kernel':'rbf','gamma':'auto'\}"
ABANDONED,,,2245,1773,0.0756789219323545,"\{'nu':0.5,'kernel':'rbf','gamma':'auto'\}"
ABANDONED,,,4978,3542,0.9548306207004934,"\{'nu':0.5,'kernel':'rbf','gamma':'auto'\}"
ABANDONED,,,2680,939,0.3605658975616097,"\{'nu':0.5,'kernel':'rbf','gamma':'auto'\}"
ABANDONED,,,98,4368,0.7328069256916641,"\{'nu':0.5,'kernel':'rbf','gamma':'auto'\}"
ABANDONED,,,652,80,0.8273873553350568,"\{'nu':0.5,'kernel':'rbf','gamma':'auto'\}"
ABANDONED,,,3387,4601,0.2055282486155629,"\{'nu':0.5,'kernel':'rbf','gamma':'auto'\}"
ABANDONED,,,4269,2166,0.6126727603320032,"\{'nu':0.5,'kernel':'rbf','gamma':'auto'\}"
ABANDONED,,,1694,2526,0.4821315260175615,"\{'nu':0.5,'kernel':'rbf','gamma':'auto'\}"
ABANDONED,,,1842,1910,0.9752880179472267,"\{'nu':0.5,'kernel':'rbf','gamma':'auto'\}"
ABANDONED,,,4111,2780,0.1195150470919907,"\{'nu':0.5,'kernel':'rbf','gamma':'auto'\}"
ABANDONED,,,3235,216,0.7142718597780912,"\{'nu':0.5,'kernel':'rbf','gamma':'auto'\}"
ABANDONED,,,814,4465,0.3186444895993918,"\{'nu':0.5,'kernel':'rbf','gamma':'auto'\}"
ABANDONED,,,274,1232,0.2240592713784426,"\{'nu':0.5,'kernel':'rbf','gamma':'auto'\}"
ABANDONED,,,2535,4073,0.8693123342823236,"\{'nu':0.5,'kernel':'rbf','gamma':'auto'\}"
ABANDONED,,,4808,1677,0.4616853101737797,"\{'nu':0.5,'kernel':'rbf','gamma':'auto'\}"
ABANDONED,,,2385,3639,0.5688249741680919,"\{'nu':0.5,'kernel':'rbf','gamma':'auto'\}"
ABANDONED,,,1979,413,0.4236820256728678,"\{'nu':0.5,'kernel':'rbf','gamma':'auto'\}"
ABANDONED,,,4560,4894,0.5462950411457568,"\{'nu':0.5,'kernel':'rbf','gamma':'auto'\}"
ABANDONED,,,3098,2497,0.1391533847302198,"\{'nu':0.5,'kernel':'rbf','gamma':'auto'\}"
ABANDONED,,,364,2818,0.7689369032233953,"\{'nu':0.5,'kernel':'rbf','gamma':'auto'\}"
ABANDONED,,,1074,1481,0.6742298885732889,"\{'nu':0.5,'kernel':'rbf','gamma':'auto'\}"
ABANDONED,,,3648,3211,0.2943157151490449,"\{'nu':0.5,'kernel':'rbf','gamma':'auto'\}"
ABANDONED,,,4008,645,0.888587100656703,"\{'nu':0.5,'kernel':'rbf','gamma':'auto'\}"
ABANDONED,,,1272,4035,0.0170971259791404,"\{'nu':0.5,'kernel':'rbf','gamma':'auto'\}"
ABANDONED,,,1260,2104,0.6565938474237918,"\{'nu':0.5,'kernel':'rbf','gamma':'auto'\}"
ABANDONED,,,3990,2582,0.3115261826217174,"\{'nu':0.5,'kernel':'rbf','gamma':'auto'\}"
ABANDONED,,,3666,30,0.9023816764820368,"\{'nu':0.5,'kernel':'rbf','gamma':'auto'\}"
ABANDONED,,,1086,4667,0.0038496823180466,"\{'nu':0.5,'kernel':'rbf','gamma':'auto'\}"
ABANDONED,,,387,1044,0.4101880148816853,"\{'nu':0.5,'kernel':'rbf','gamma':'auto'\}"
ABANDONED,,,3125,4277,0.5603380876351148,"\{'nu':0.5,'kernel':'rbf','gamma':'auto'\}"
ABANDONED,,,4534,1869,0.1566028051972389,"\{'nu':0.5,'kernel':'rbf','gamma':'auto'\}"
ABANDONED,,,1957,3443,0.7510600055456161,"\{'nu':0.5,'kernel':'rbf','gamma':'auto'\}"
ABANDONED,,,2412,614,0.241448373613879,"\{'nu':0.5,'kernel':'rbf','gamma':'auto'\}"
ABANDONED,,,4830,4707,0.8513760701399296,"\{'nu':0.5,'kernel':'rbf','gamma':'auto'\}"
ABANDONED,,,2514,2298,0.4481300293840467,"\{'nu':0.5,'kernel':'rbf','gamma':'auto'\}"
ABANDONED,,,247,3012,0.5828057988919317,"\{'nu':0.5,'kernel':'rbf','gamma':'auto'\}"
ABANDONED,,,798,1284,0.9890222755409775,"\{'nu':0.5,'kernel':'rbf','gamma':'auto'\}"
ABANDONED,,,3223,3402,0.1062082369662821,"\{'nu':0.5,'kernel':'rbf','gamma':'auto'\}"
ABANDONED,,,4123,849,0.6965745486300438,"\{'nu':0.5,'kernel':'rbf','gamma':'auto'\}"
ABANDONED,,,1858,3846,0.335792735306546,"\{'nu':0.5,'kernel':'rbf','gamma':'auto'\}"
ABANDONED,,,1717,712,0.8406340702995658,"\{'nu':0.5,'kernel':'rbf','gamma':'auto'\}"
ABANDONED,,,4296,3984,0.1917338958606124,"\{'nu':0.5,'kernel':'rbf','gamma':'auto'\}"
ABANDONED,,,3360,1536,0.5954625159297138,"\{'nu':0.5,'kernel':'rbf','gamma':'auto'\}"
ABANDONED,,,629,3149,0.4997668384704738,"\{'nu':0.5,'kernel':'rbf','gamma':'auto'\}"
ABANDONED,,,86,2398,0.093555090913549,"\{'nu':0.5,'kernel':'rbf','gamma':'auto'\}"
ABANDONED,,,2663,2914,0.9373814233038574,"\{'nu':0.5,'kernel':'rbf','gamma':'auto'\}"
ABANDONED,,,4996,322,0.3465230741426348,"\{'nu':0.5,'kernel':'rbf','gamma':'auto'\}"
ABANDONED,,,2257,4998,0.746300207786262,"\{'nu':0.5,'kernel':'rbf','gamma':'auto'\}"
ABANDONED,,,2126,1577,0.2618000475820154,"\{'nu':0.5,'kernel':'rbf','gamma':'auto'\}"
ABANDONED,,,4393,3734,0.6458639844711869,"\{'nu':0.5,'kernel':'rbf','gamma':'auto'\}"
ABANDONED,,,2951,1143,0.0554910104386508,"\{'nu':0.5,'kernel':'rbf','gamma':'auto'\}"
ABANDONED,,,532,4178,0.915034346651286,"\{'nu':0.5,'kernel':'rbf','gamma':'auto'\}"
ABANDONED,,,1239,281,0.5087008026652037,"\{'nu':0.5,'kernel':'rbf','gamma':'auto'\}"
ABANDONED,,,3503,4413,0.3975317737273871,"\{'nu':0.5,'kernel':'rbf','gamma':'auto'\}"
ABANDONED,,,3842,1966,0.8007749591823667,"\{'nu':0.5,'kernel':'rbf','gamma':'auto'\}"
ABANDONED,,,1417,2720,0.1673443291541188,"\{'nu':0.5,'kernel':'rbf','gamma':'auto'\}"
ABANDONED,,,1555,121,0.4650936508886516,"\{'nu':0.5,'kernel':'rbf','gamma':'auto'\}"
ABANDONED,,,3822,4565,0.5644422099702059,"\{'nu':0.5,'kernel':'rbf','gamma':'auto'\}"
ABANDONED,,,3522,2128,0.2196708263214677,"\{'nu':0.5,'kernel':'rbf','gamma':'auto'\}"
ABANDONED,,,1104,2569,0.87272641534172,"\{'nu':0.5,'kernel':'rbf','gamma':'auto'\}"
ABANDONED,,,551,1738,0.7176821635123342,"\{'nu':0.5,'kernel':'rbf','gamma':'auto'\}"
ABANDONED,,,2815,3583,0.3142597623821348,"\{'nu':0.5,'kernel':'rbf','gamma':'auto'\}"
ABANDONED,,,4531,982,0.970901416938752,"\{'nu':0.5,'kernel':'rbf','gamma':'auto'\}"
ABANDONED,,,2105,4330,0.1229272841028869,"\{'nu':0.5,'kernel':'rbf','gamma':'auto'\}"
ABANDONED,,,2278,2246,0.8841983656082302,"\{'nu':0.5,'kernel':'rbf','gamma':'auto'\}"
ABANDONED,,,4857,3075,0.0205110360179096,"\{'nu':0.5,'kernel':'rbf','gamma':'auto'\}"
ABANDONED,,,2799,473,0.6776380582675336,"\{'nu':0.5,'kernel':'rbf','gamma':'auto'\}"
ABANDONED,,,68,4837,0.289932660959661,"\{'nu':0.5,'kernel':'rbf','gamma':'auto'\}"
ABANDONED,,,765,863,0.134766612701118,"\{'nu':0.5,'kernel':'rbf','gamma':'auto'\}"
ABANDONED,,,3342,3823,0.7723488502427935,"\{'nu':0.5,'kernel':'rbf','gamma':'auto'\}"
ABANDONED,,,4316,1385,0.4270920394156128,"\{'nu':0.5,'kernel':'rbf','gamma':'auto'\}"
ABANDONED,,,1579,3310,0.5419101429078726,"\{'nu':0.5,'kernel':'rbf','gamma':'auto'\}"
ABANDONED,,,1723,1445,0.0331675132550299,"\{'nu':0.5,'kernel':'rbf','gamma':'auto'\}"
ABANDONED,,,4142,3251,0.9358358866609632,"\{'nu':0.5,'kernel':'rbf','gamma':'auto'\}"
ABANDONED,,,3202,688,0.2791913768034428,"\{'nu':0.5,'kernel':'rbf','gamma':'auto'\}"
ABANDONED,,,935,3997,0.627923344431445,"\{'nu':0.5,'kernel':'rbf','gamma':'auto'\}"
ABANDONED,,,226,453,0.7830789529960602,"\{'nu':0.5,'kernel':'rbf','gamma':'auto'\}"
ABANDONED,,,2652,4859,0.1844929875414818,"\{'nu':0.5,'kernel':'rbf','gamma':'auto'\}"
ABANDONED,,,4694,2459,0.5292577088214457,"\{'nu':0.5,'kernel':'rbf','gamma':'auto'\}"
ABANDONED,,,2430,2861,0.3754509473778307,"\{'nu':0.5,'kernel':'rbf','gamma':'auto'\}"
ABANDONED,,,1938,1194,0.616082826124504,"\{'nu':0.5,'kernel':'rbf','gamma':'auto'\}"
ABANDONED,,,4670,4116,0.4777465608585625,"\{'nu':0.5,'kernel':'rbf','gamma':'auto'\}"
ABANDONED,,,2986,1718,0.82300051638484,"\{'nu':0.5,'kernel':'rbf','gamma':'auto'\}"
ABANDONED,,,408,3603,0.2089402476847171,"\{'nu':0.5,'kernel':'rbf','gamma':'auto'\}"
ABANDONED,,,948,1952,0.3639740003347397,"\{'nu':0.5,'kernel':'rbf','gamma':'auto'\}"
ABANDONED,,,3686,2742,0.7284239235520363,"\{'nu':0.5,'kernel':'rbf','gamma':'auto'\}"
ABANDONED,,,3972,181,0.0712902389336377,"\{'nu':0.5,'kernel':'rbf','gamma':'auto'\}"
ABANDONED,,,1395,4506,0.9582444638181477,"\{'nu':0.5,'kernel':'rbf','gamma':'auto'\}"
ABANDONED,,,1354,970,0.0986023910772055,"\{'nu':0.5,'kernel':'rbf','gamma':'auto'\}"
ABANDONED,,,3935,4340,0.9932321406733244,"\{'nu':0.5,'kernel':'rbf','gamma':'auto'\}"
ABANDONED,,,3724,1786,0.3365857291407883,"\{'nu':0.5,'kernel':'rbf','gamma':'auto'\}"
ABANDONED,,,990,3535,0.693360127646476,"\{'nu':0.5,'kernel':'rbf','gamma':'auto'\}"
ABANDONED,,,449,2177,0.8501908460743725,"\{'nu':0.5,'kernel':'rbf','gamma':'auto'\}"
ABANDONED,,,3024,2518,0.2440497544296085,"\{'nu':0.5,'kernel':'rbf','gamma':'auto'\}"
ABANDONED,,,4632,112,0.5888163773845881,"\{'nu':0.5,'kernel':'rbf','gamma':'auto'\}"
ABANDONED,,,1896,4574,0.4425609350632876,"\{'nu':0.5,'kernel':'rbf','gamma':'auto'\}"
ABANDONED,,,2467,1358,0.548970946058631,"\{'nu':0.5,'kernel':'rbf','gamma':'auto'\}"
ABANDONED,,,4736,3339,0.4181898069828748,"\{'nu':0.5,'kernel':'rbf','gamma':'auto'\}"
ABANDONED,,,2610,932,0.7634418645519762,"\{'nu':0.5,'kernel':'rbf','gamma':'auto'\}"
ABANDONED,,,189,3753,0.141830276729539,"\{'nu':0.5,'kernel':'rbf','gamma':'auto'\}"
ABANDONED,,,898,541,0.2985391392428428,"\{'nu':0.5,'kernel':'rbf','gamma':'auto'\}"
ABANDONED,,,3160,4771,0.6710276862699537,"\{'nu':0.5,'kernel':'rbf','gamma':'auto'\}"
ABANDONED,,,4184,2215,0.0138958996087312,"\{'nu':0.5,'kernel':'rbf','gamma':'auto'\}"
ABANDONED,,,1760,3105,0.8928076936155557,"\{'nu':0.5,'kernel':'rbf','gamma':'auto'\}"
ABANDONED,,,1620,2471,0.399658548137173,"\{'nu':0.5,'kernel':'rbf','gamma':'auto'\}"
ABANDONED,,,4353,2851,0.5070457310285418,"\{'nu':0.5,'kernel':'rbf','gamma':'auto'\}"
ABANDONED,,,3306,405,0.162276252772659,"\{'nu':0.5,'kernel':'rbf','gamma':'auto'\}"
ABANDONED,,,724,4906,0.8072894109152257,"\{'nu':0.5,'kernel':'rbf','gamma':'auto'\}"
ABANDONED,,,27,639,0.6505700492225587,"\{'nu':0.5,'kernel':'rbf','gamma':'auto'\}"
ABANDONED,,,2762,4048,0.2547027742825448,"\{'nu':0.5,'kernel':'rbf','gamma':'auto'\}"
ABANDONED,,,4894,1454,0.9113425234463066,"\{'nu':0.5,'kernel':'rbf','gamma':'auto'\}"
ABANDONED,,,2319,3242,0.0558170714881271,"\{'nu':0.5,'kernel':'rbf','gamma':'auto'\}"
ABANDONED,,,2069,209,0.9513104929104448,"\{'nu':0.5,'kernel':'rbf','gamma':'auto'\}"
ABANDONED,,,4490,4477,0.0800680371299386,"\{'nu':0.5,'kernel':'rbf','gamma':'auto'\}"
ABANDONED,,,2856,1884,0.7371969684902578,"\{'nu':0.5,'kernel':'rbf','gamma':'auto'\}"
ABANDONED,,,586,2813,0.3570428903046995,"\{'nu':0.5,'kernel':'rbf','gamma':'auto'\}"
ABANDONED,,,1140,1650,0.2002017321828752,"\{'nu':0.5,'kernel':'rbf','gamma':'auto'\}"
ABANDONED,,,3563,3670,0.8297453459147363,"\{'nu':0.5,'kernel':'rbf','gamma':'auto'\}"
ABANDONED,,,3781,1226,0.4844866259768605,"\{'nu':0.5,'kernel':'rbf','gamma':'auto'\}"
ABANDONED,,,1519,4086,0.607347160346806,"\{'nu':0.5,'kernel':'rbf','gamma':'auto'\}"
ABANDONED,,,1459,1801,0.7735242183152586,"\{'nu':0.5,'kernel':'rbf','gamma':'auto'\}"
ABANDONED,,,3880,3509,0.1321753629986196,"\{'nu':0.5,'kernel':'rbf','gamma':'auto'\}"
ABANDONED,,,3466,1074,0.5359058810248971,"\{'nu':0.5,'kernel':'rbf','gamma':'auto'\}"
ABANDONED,,,1197,4247,0.4326550773754715,"\{'nu':0.5,'kernel':'rbf','gamma':'auto'\}"
ABANDONED,,,490,57,0.028118439681828,"\{'nu':0.5,'kernel':'rbf','gamma':'auto'\}"
ABANDONED,,,2913,4638,0.8799872029498219,"\{'nu':0.5,'kernel':'rbf','gamma':'auto'\}"
ABANDONED,,,4430,2035,0.2891269558314233,"\{'nu':0.5,'kernel':'rbf','gamma':'auto'\}"
ABANDONED,,,2168,2651,0.680865465665236,"\{'nu':0.5,'kernel':'rbf','gamma':'auto'\}"
ABANDONED,,,2220,800,0.3272367118261754,"\{'nu':0.5,'kernel':'rbf','gamma':'auto'\}"
ABANDONED,,,4953,3897,0.7032582178376615,"\{'nu':0.5,'kernel':'rbf','gamma':'auto'\}"
ABANDONED,,,2705,1292,0.112887145480141,"\{'nu':0.5,'kernel':'rbf','gamma':'auto'\}"
ABANDONED,,,124,3393,0.9804691055025904,"\{'nu':0.5,'kernel':'rbf','gamma':'auto'\}"
ABANDONED,,,666,2310,0.5758106713797896,"\{'nu':0.5,'kernel':'rbf','gamma':'auto'\}"
ABANDONED,,,3403,3002,0.4570903233196586,"\{'nu':0.5,'kernel':'rbf','gamma':'auto'\}"
ABANDONED,,,4254,566,0.8603316070996225,"\{'nu':0.5,'kernel':'rbf','gamma':'auto'\}"
ABANDONED,,,1679,4754,0.2344561032615601,"\{'nu':0.5,'kernel':'rbf','gamma':'auto'\}"
ABANDONED,,,1818,390,0.7237039577979594,"\{'nu':0.5,'kernel':'rbf','gamma':'auto'\}"
ABANDONED,,,4087,4932,0.3710849738735705,"\{'nu':0.5,'kernel':'rbf','gamma':'auto'\}"
ABANDONED,,,3259,2367,0.9619385586231946,"\{'nu':0.5,'kernel':'rbf','gamma':'auto'\}"
ABANDONED,,,838,2944,0.0709616906493902,"\{'nu':0.5,'kernel':'rbf','gamma':'auto'\}"
ABANDONED,,,288,1509,0.4756249133497476,"\{'nu':0.5,'kernel':'rbf','gamma':'auto'\}"
ABANDONED,,,2550,3178,0.6177325552254915,"\{'nu':0.5,'kernel':'rbf','gamma':'auto'\}"
ABANDONED,,,4794,781,0.2139991818983107,"\{'nu':0.5,'kernel':'rbf','gamma':'auto'\}"
ABANDONED,,,2371,3914,0.8164950060565024,"\{'nu':0.5,'kernel':'rbf','gamma':'auto'\}"
ABANDONED,,,1993,2016,0.1760114881582558,"\{'nu':0.5,'kernel':'rbf','gamma':'auto'\}"
ABANDONED,,,4575,2669,0.7939816155619919,"\{'nu':0.5,'kernel':'rbf','gamma':'auto'\}"
ABANDONED,,,3083,274,0.3907336694132536,"\{'nu':0.5,'kernel':'rbf','gamma':'auto'\}"
ABANDONED,,,351,4423,0.5173708151113242,"\{'nu':0.5,'kernel':'rbf','gamma':'auto'\}"
ABANDONED,,,1050,1131,0.9219121818970888,"\{'nu':0.5,'kernel':'rbf','gamma':'auto'\}"
ABANDONED,,,3625,4189,0.0466494624447077,"\{'nu':0.5,'kernel':'rbf','gamma':'auto'\}"
ABANDONED,,,4032,1625,0.6370176795013249,"\{'nu':0.5,'kernel':'rbf','gamma':'auto'\}"
ABANDONED,,,1296,3687,0.2686807399876415,"\{'nu':0.5,'kernel':'rbf','gamma':'auto'\}"
ABANDONED,,,1298,2028,0.7500401082355528,"\{'nu':0.5,'kernel':'rbf','gamma':'auto'\}"
ABANDONED,,,4029,2664,0.1557041986901313,"\{'nu':0.5,'kernel':'rbf','gamma':'auto'\}"
ABANDONED,,,3627,255,0.5594394755512476,"\{'nu':0.5,'kernel':'rbf','gamma':'auto'\}"
ABANDONED,,,1048,4426,0.4091681119948625,"\{'nu':0.5,'kernel':'rbf','gamma':'auto'\}"
ABANDONED,,,348,1116,0.0048703083246946,"\{'nu':0.5,'kernel':'rbf','gamma':'auto'\}"
ABANDONED,,,3086,4191,0.9032800599187611,"\{'nu':0.5,'kernel':'rbf','gamma':'auto'\}"
ABANDONED,,,4572,1638,0.3124245716352015,"\{'nu':0.5,'kernel':'rbf','gamma':'auto'\}"
ABANDONED,,,1996,3678,0.6576144790071993,"\{'nu':0.5,'kernel':'rbf','gamma':'auto'\}"
ABANDONED,,,2373,373,0.334894424367696,"\{'nu':0.5,'kernel':'rbf','gamma':'auto'\}"
ABANDONED,,,4792,4933,0.6955538761503994,"\{'nu':0.5,'kernel':'rbf','gamma':'auto'\}"
ABANDONED,,,2552,2381,0.1051875626277178,"\{'nu':0.5,'kernel':'rbf','gamma':'auto'\}"
ABANDONED,,,285,2936,0.9881239627432076,"\{'nu':0.5,'kernel':'rbf','gamma':'auto'\}"
ABANDONED,,,836,1520,0.5837043626438825,"\{'nu':0.5,'kernel':'rbf','gamma':'auto'\}"
ABANDONED,,,3261,3171,0.4491500029098242,"\{'nu':0.5,'kernel':'rbf','gamma':'auto'\}"
ABANDONED,,,4085,763,0.8523960455246269,"\{'nu':0.5,'kernel':'rbf','gamma':'auto'\}"
ABANDONED,,,1820,3919,0.2423469392247498,"\{'nu':0.5,'kernel':'rbf','gamma':'auto'\}"
ABANDONED,,,1677,783,0.7471990131977945,"\{'nu':0.5,'kernel':'rbf','gamma':'auto'\}"
ABANDONED,,,4256,3897,0.3475432893279939,"\{'nu':0.5,'kernel':'rbf','gamma':'auto'\}"
ABANDONED,,,3400,1306,0.938401632912457,"\{'nu':0.5,'kernel':'rbf','gamma':'auto'\}"
ABANDONED,,,669,3385,0.094453890748322,"\{'nu':0.5,'kernel':'rbf','gamma':'auto'\}"
ABANDONED,,,126,2320,0.498868761755526,"\{'nu':0.5,'kernel':'rbf','gamma':'auto'\}"
ABANDONED,,,2703,2995,0.5944420776739716,"\{'nu':0.5,'kernel':'rbf','gamma':'auto'\}"
ABANDONED,,,4956,548,0.1907134631816297,"\{'nu':0.5,'kernel':'rbf','gamma':'auto'\}"
ABANDONED,,,2218,4758,0.8397359991613775,"\{'nu':0.5,'kernel':'rbf','gamma':'auto'\}"
ABANDONED,,,2166,1813,0.1683647209368646,"\{'nu':0.5,'kernel':'rbf','gamma':'auto'\}"
ABANDONED,,,4433,3504,0.801673108395189,"\{'nu':0.5,'kernel':'rbf','gamma':'auto'\}"
ABANDONED,,,2911,1055,0.3984299210812896,"\{'nu':0.5,'kernel':'rbf','gamma':'auto'\}"
ABANDONED,,,493,4250,0.5097211925890297,"\{'nu':0.5,'kernel':'rbf','gamma':'auto'\}"
ABANDONED,,,1199,42,0.9140142076816408,"\{'nu':0.5,'kernel':'rbf','gamma':'auto'\}"
ABANDONED,,,3464,4640,0.0545921622719615,"\{'nu':0.5,'kernel':'rbf','gamma':'auto'\}"
ABANDONED,,,3882,2048,0.6449651381634176,"\{'nu':0.5,'kernel':'rbf','gamma':'auto'\}"
ABANDONED,,,1457,2642,0.2607799104712903,"\{'nu':0.5,'kernel':'rbf','gamma':'auto'\}"
ABANDONED,,,1516,203,0.1219070856478065,"\{'nu':0.5,'kernel':'rbf','gamma':'auto'\}"
ABANDONED,,,3783,4489,0.970002628257498,"\{'nu':0.5,'kernel':'rbf','gamma':'auto'\}"
ABANDONED,,,3560,1887,0.3133609755598008,"\{'nu':0.5,'kernel':'rbf','gamma':'auto'\}"
ABANDONED,,,1142,2794,0.7166619669161736,"\{'nu':0.5,'kernel':'rbf','gamma':'auto'\}"
ABANDONED,,,589,1652,0.8737468666099011,"\{'nu':0.5,'kernel':'rbf','gamma':'auto'\}"
ABANDONED,,,2853,3655,0.2205689160488545,"\{'nu':0.5,'kernel':'rbf','gamma':'auto'\}"
ABANDONED,,,4493,1217,0.565340297838673,"\{'nu':0.5,'kernel':'rbf','gamma':'auto'\}"
ABANDONED,,,2067,4099,0.4661141002979129,"\{'nu':0.5,'kernel':'rbf','gamma':'auto'\}"
ABANDONED,,,2317,2472,0.5410120067074895,"\{'nu':0.5,'kernel':'rbf','gamma':'auto'\}"
ABANDONED,,,4896,2834,0.4260716606453061,"\{'nu':0.5,'kernel':'rbf','gamma':'auto'\}"
ABANDONED,,,2760,397,0.7713284770492465,"\{'nu':0.5,'kernel':'rbf','gamma':'auto'\}"
ABANDONED,,,29,4920,0.1338684820774942,"\{'nu':0.5,'kernel':'rbf','gamma':'auto'\}"
ABANDONED,,,727,632,0.290831525856629,"\{'nu':0.5,'kernel':'rbf','gamma':'auto'\}"
ABANDONED,,,3303,4059,0.6786582139674574,"\{'nu':0.5,'kernel':'rbf','gamma':'auto'\}"
ABANDONED,,,4355,1458,0.0215311861410737,"\{'nu':0.5,'kernel':'rbf','gamma':'auto'\}"
ABANDONED,,,1617,3224,0.8850972249284386,"\{'nu':0.5,'kernel':'rbf','gamma':'auto'\}"
ABANDONED,,,1763,1358,0.376349570615217,"\{'nu':0.5,'kernel':'rbf','gamma':'auto'\}"
ABANDONED,,,4181,3322,0.5302776228617877,"\{'nu':0.5,'kernel':'rbf','gamma':'auto'\}"
ABANDONED,,,3163,924,0.1855129034407436,"\{'nu':0.5,'kernel':'rbf','gamma':'auto'\}"
ABANDONED,,,895,3767,0.7839775780923663,"\{'nu':0.5,'kernel':'rbf','gamma':'auto'\}"
ABANDONED,,,186,534,0.6270249740071595,"\{'nu':0.5,'kernel':'rbf','gamma':'auto'\}"
ABANDONED,,,2612,4781,0.2781707638092338,"\{'nu':0.5,'kernel':'rbf','gamma':'auto'\}"
ABANDONED,,,4734,2219,0.9348152718078344,"\{'nu':0.5,'kernel':'rbf','gamma':'auto'\}"
ABANDONED,,,2470,3087,0.0322691409718245,"\{'nu':0.5,'kernel':'rbf','gamma':'auto'\}"
ABANDONED,,,1899,965,0.9592651493102312,"\{'nu':0.5,'kernel':'rbf','gamma':'auto'\}"
ABANDONED,,,4630,4352,0.0721885628849267,"\{'nu':0.5,'kernel':'rbf','gamma':'auto'\}"
ABANDONED,,,3026,1789,0.7293222530800849,"\{'nu':0.5,'kernel':'rbf','gamma':'auto'\}"
ABANDONED,,,447,3516,0.3649946914035827,"\{'nu':0.5,'kernel':'rbf','gamma':'auto'\}"
ABANDONED,,,988,2179,0.2079202908892184,"\{'nu':0.5,'kernel':'rbf','gamma':'auto'\}"
ABANDONED,,,3726,2503,0.8221019693631679,"\{'nu':0.5,'kernel':'rbf','gamma':'auto'\}"
ABANDONED,,,3933,103,0.4768480082601309,"\{'nu':0.5,'kernel':'rbf','gamma':'auto'\}"
ABANDONED,,,1356,4587,0.615062863752246,"\{'nu':0.5,'kernel':'rbf','gamma':'auto'\}"
ABANDONED,,,1393,1209,0.4415410210229456,"\{'nu':0.5,'kernel':'rbf','gamma':'auto'\}"
ABANDONED,,,3975,4108,0.5879177541472018,"\{'nu':0.5,'kernel':'rbf','gamma':'auto'\}"
ABANDONED,,,3684,1701,0.2431511293333023,"\{'nu':0.5,'kernel':'rbf','gamma':'auto'\}"
ABANDONED,,,951,3604,0.8491709301751106,"\{'nu':0.5,'kernel':'rbf','gamma':'auto'\}"
ABANDONED,,,410,1935,0.694380740640685,"\{'nu':0.5,'kernel':'rbf','gamma':'auto'\}"
ABANDONED,,,2984,2747,0.3374840995650738,"\{'nu':0.5,'kernel':'rbf','gamma':'auto'\}"
ABANDONED,,,4672,191,0.9941305129565298,"\{'nu':0.5,'kernel':'rbf','gamma':'auto'\}"
ABANDONED,,,1937,4499,0.0996230059303343,"\{'nu':0.5,'kernel':'rbf','gamma':'auto'\}"
ABANDONED,,,2427,1426,0.8919093696642667,"\{'nu':0.5,'kernel':'rbf','gamma':'auto'\}"
ABANDONED,,,4697,3254,0.0128752141166478,"\{'nu':0.5,'kernel':'rbf','gamma':'auto'\}"
ABANDONED,,,2649,699,0.6700069952011108,"\{'nu':0.5,'kernel':'rbf','gamma':'auto'\}"
ABANDONED,,,229,3992,0.2976408097147941,"\{'nu':0.5,'kernel':'rbf','gamma':'auto'\}"
ABANDONED,,,938,466,0.1427288237512111,"\{'nu':0.5,'kernel':'rbf','gamma':'auto'\}"
ABANDONED,,,3200,4849,0.764461821347475,"\{'nu':0.5,'kernel':'rbf','gamma':'auto'\}"
ABANDONED,,,4144,2444,0.4192097693551331,"\{'nu':0.5,'kernel':'rbf','gamma':'auto'\}"
ABANDONED,,,1721,2863,0.5498694986570626,"\{'nu':0.5,'kernel':'rbf','gamma':'auto'\}"
ABANDONED,,,1581,2228,0.0567158601693809,"\{'nu':0.5,'kernel':'rbf','gamma':'auto'\}"
ABANDONED,,,4314,3078,0.912362721901387,"\{'nu':0.5,'kernel':'rbf','gamma':'auto'\}"
ABANDONED,,,3344,485,0.2557229708787053,"\{'nu':0.5,'kernel':'rbf','gamma':'auto'\}"
ABANDONED,,,763,4832,0.6514688360448926,"\{'nu':0.5,'kernel':'rbf','gamma':'auto'\}"
ABANDONED,,,65,876,0.8063913211878388,"\{'nu':0.5,'kernel':'rbf','gamma':'auto'\}"
ABANDONED,,,2801,3814,0.1612558015044778,"\{'nu':0.5,'kernel':'rbf','gamma':'auto'\}"
ABANDONED,,,4855,1370,0.5060252816192806,"\{'nu':0.5,'kernel':'rbf','gamma':'auto'\}"
ABANDONED,,,2281,3312,0.398760460268706,"\{'nu':0.5,'kernel':'rbf','gamma':'auto'\}"
ABANDONED,,,2108,134,0.6083675391171127,"\{'nu':0.5,'kernel':'rbf','gamma':'auto'\}"
ABANDONED,,,4528,4557,0.4853847621772438,"\{'nu':0.5,'kernel':'rbf','gamma':'auto'\}"
ABANDONED,,,2817,2111,0.8306434765383601,"\{'nu':0.5,'kernel':'rbf','gamma':'auto'\}"
ABANDONED,,,548,2569,0.2012221053764224,"\{'nu':0.5,'kernel':'rbf','gamma':'auto'\}"
ABANDONED,,,1101,1720,0.3560227346047759,"\{'nu':0.5,'kernel':'rbf','gamma':'auto'\}"
ABANDONED,,,3525,3587,0.7362981035932898,"\{'nu':0.5,'kernel':'rbf','gamma':'auto'\}"
ABANDONED,,,3819,992,0.0791691778097301,"\{'nu':0.5,'kernel':'rbf','gamma':'auto'\}"
ABANDONED,,,1557,4323,0.9502903427872806,"\{'nu':0.5,'kernel':'rbf','gamma':'auto'\}"
ABANDONED,,,1419,1569,0.6798452504798769,"\{'nu':0.5,'kernel':'rbf','gamma':'auto'\}"
ABANDONED,,,3840,3748,0.2882281504198908,"\{'nu':0.5,'kernel':'rbf','gamma':'auto'\}"
ABANDONED,,,3506,1143,0.8790884031150489,"\{'nu':0.5,'kernel':'rbf','gamma':'auto'\}"
ABANDONED,,,1237,4162,0.0270982300732284,"\{'nu':0.5,'kernel':'rbf','gamma':'auto'\}"
ABANDONED,,,530,286,0.4336755156312137,"\{'nu':0.5,'kernel':'rbf','gamma':'auto'\}"
ABANDONED,,,2953,4396,0.5368039577398449,"\{'nu':0.5,'kernel':'rbf','gamma':'auto'\}"
ABANDONED,,,4391,1960,0.1330734341368079,"\{'nu':0.5,'kernel':'rbf','gamma':'auto'\}"
ABANDONED,,,2128,2730,0.7745446509942411,"\{'nu':0.5,'kernel':'rbf','gamma':'auto'\}"
ABANDONED,,,2260,715,0.2335579540487378,"\{'nu':0.5,'kernel':'rbf','gamma':'auto'\}"
ABANDONED,,,4993,3965,0.8593112153168768,"\{'nu':0.5,'kernel':'rbf','gamma':'auto'\}"
ABANDONED,,,2666,1531,0.4560699333958327,"\{'nu':0.5,'kernel':'rbf','gamma':'auto'\}"
ABANDONED,,,84,3160,0.5749125240258872,"\{'nu':0.5,'kernel':'rbf','gamma':'auto'\}"
ABANDONED,,,627,2388,0.9813679536692796,"\{'nu':0.5,'kernel':'rbf','gamma':'auto'\}"
ABANDONED,,,3363,2927,0.1139072844497859,"\{'nu':0.5,'kernel':'rbf','gamma':'auto'\}"
ABANDONED,,,4293,324,0.7042783549483865,"\{'nu':0.5,'kernel':'rbf','gamma':'auto'\}"
ABANDONED,,,1719,4983,0.3281355581339448,"\{'nu':0.5,'kernel':'rbf','gamma':'auto'\}"
ABANDONED,,,1857,618,0.81739361256361,"\{'nu':0.5,'kernel':'rbf','gamma':'auto'\}"
ABANDONED,,,4125,4689,0.215019079208374,"\{'nu':0.5,'kernel':'rbf','gamma':'auto'\}"
ABANDONED,,,3221,2293,0.6187524581123143,"\{'nu':0.5,'kernel':'rbf','gamma':'auto'\}"
ABANDONED,,,800,3024,0.4765235254336148,"\{'nu':0.5,'kernel':'rbf','gamma':'auto'\}"
ABANDONED,,,249,1275,0.0700633072126656,"\{'nu':0.5,'kernel':'rbf','gamma':'auto'\}"
ABANDONED,,,2511,3415,0.9609179326165468,"\{'nu':0.5,'kernel':'rbf','gamma':'auto'\}"
ABANDONED,,,4832,851,0.370064342290163,"\{'nu':0.5,'kernel':'rbf','gamma':'auto'\}"
ABANDONED,,,2409,3831,0.7228055687844753,"\{'nu':0.5,'kernel':'rbf','gamma':'auto'\}"
ABANDONED,,,1955,2096,0.269701412467286,"\{'nu':0.5,'kernel':'rbf','gamma':'auto'\}"
ABANDONED,,,4536,2595,0.6379159904401748,"\{'nu':0.5,'kernel':'rbf','gamma':'auto'\}"
ABANDONED,,,3122,30,0.0475477752424776,"\{'nu':0.5,'kernel':'rbf','gamma':'auto'\}"
ABANDONED,,,389,4650,0.9229328562356532,"\{'nu':0.5,'kernel':'rbf','gamma':'auto'\}"
ABANDONED,,,1089,1048,0.5163508415855467,"\{'nu':0.5,'kernel':'rbf','gamma':'auto'\}"
ABANDONED,,,3663,4259,0.3898351056613028,"\{'nu':0.5,'kernel':'rbf','gamma':'auto'\}"
ABANDONED,,,3993,1863,0.7930830499511212,"\{'nu':0.5,'kernel':'rbf','gamma':'auto'\}"
ABANDONED,,,1257,3453,0.1749915127735585,"\{'nu':0.5,'kernel':'rbf','gamma':'auto'\}"
ABANDONED,,,1275,428,0.5026131338365376,"\{'nu':0.5,'kernel':'rbf','gamma':'auto'\}"
ABANDONED,,,4005,4892,0.4031470315344631,"\{'nu':0.5,'kernel':'rbf','gamma':'auto'\}"
ABANDONED,,,3651,2484,0.8107759591769426,"\{'nu':0.5,'kernel':'rbf','gamma':'auto'\}"
ABANDONED,,,1071,2827,0.1578455275129526,"\{'nu':0.5,'kernel':'rbf','gamma':'auto'\}"
ABANDONED,,,362,1469,0.2523088600765913,"\{'nu':0.5,'kernel':'rbf','gamma':'auto'\}"
ABANDONED,,,3100,3216,0.6558573703300207,"\{'nu':0.5,'kernel':'rbf','gamma':'auto'\}"
ABANDONED,,,4559,664,0.0610986541099846,"\{'nu':0.5,'kernel':'rbf','gamma':'auto'\}"
ABANDONED,,,1981,4032,0.9089542919583617,"\{'nu':0.5,'kernel':'rbf','gamma':'auto'\}"
ABANDONED,,,2388,1900,0.0835541057903319,"\{'nu':0.5,'kernel':'rbf','gamma':'auto'\}"
ABANDONED,,,4805,2787,0.9468802398163824,"\{'nu':0.5,'kernel':'rbf','gamma':'auto'\}"
ABANDONED,,,2538,234,0.3526107578426599,"\{'nu':0.5,'kernel':'rbf','gamma':'auto'\}"
ABANDONED,,,271,4461,0.7406849648505449,"\{'nu':0.5,'kernel':'rbf','gamma':'auto'\}"
ABANDONED,,,812,1249,0.8350264414995908,"\{'nu':0.5,'kernel':'rbf','gamma':'auto'\}"
ABANDONED,,,3237,4072,0.1978139654248952,"\{'nu':0.5,'kernel':'rbf','gamma':'auto'\}"
ABANDONED,,,4109,1663,0.6049537183064966,"\{'nu':0.5,'kernel':'rbf','gamma':'auto'\}"
ABANDONED,,,1844,3647,0.4897734674829989,"\{'nu':0.5,'kernel':'rbf','gamma':'auto'\}"
ABANDONED,,,1692,1763,0.9985132399760188,"\{'nu':0.5,'kernel':'rbf','gamma':'auto'\}"
ABANDONED,,,4271,3549,0.0962146280370652,"\{'nu':0.5,'kernel':'rbf','gamma':'auto'\}"
ABANDONED,,,3385,957,0.6909666818883269,"\{'nu':0.5,'kernel':'rbf','gamma':'auto'\}"
ABANDONED,,,654,4364,0.341872566929087,"\{'nu':0.5,'kernel':'rbf','gamma':'auto'\}"
ABANDONED,,,101,97,0.2475358193721622,"\{'nu':0.5,'kernel':'rbf','gamma':'auto'\}"
ABANDONED,,,2678,4600,0.8457605892624706,"\{'nu':0.5,'kernel':'rbf','gamma':'auto'\}"
ABANDONED,,,4981,2152,0.4381288063190877,"\{'nu':0.5,'kernel':'rbf','gamma':'auto'\}"
ABANDONED,,,2243,2534,0.5923043774627149,"\{'nu':0.5,'kernel':'rbf','gamma':'auto'\}"
ABANDONED,,,2141,917,0.4157958964947611,"\{'nu':0.5,'kernel':'rbf','gamma':'auto'\}"
ABANDONED,,,4407,3779,0.5542582708839326,"\{'nu':0.5,'kernel':'rbf','gamma':'auto'\}"
ABANDONED,,,2936,1332,0.1471118556335568,"\{'nu':0.5,'kernel':'rbf','gamma':'auto'\}"
ABANDONED,,,518,3355,0.7610536293461919,"\{'nu':0.5,'kernel':'rbf','gamma':'auto'\}"
ABANDONED,,,1215,2192,0.6665950853601098,"\{'nu':0.5,'kernel':'rbf','gamma':'auto'\}"
ABANDONED,,,3479,3119,0.3020276189222931,"\{'nu':0.5,'kernel':'rbf','gamma':'auto'\}"
ABANDONED,,,3867,528,0.8962942455951123,"\{'nu':0.5,'kernel':'rbf','gamma':'auto'\}"
ABANDONED,,,1441,4794,0.0094651780668646,"\{'nu':0.5,'kernel':'rbf','gamma':'auto'\}"
ABANDONED,,,1540,2353,0.3734727053120732,"\{'nu':0.5,'kernel':'rbf','gamma':'auto'\}"
ABANDONED,,,3807,2967,0.7184228268936276,"\{'nu':0.5,'kernel':'rbf','gamma':'auto'\}"
ABANDONED,,,3536,366,0.065674884462729,"\{'nu':0.5,'kernel':'rbf','gamma':'auto'\}"
ABANDONED,,,1118,4945,0.9643320359829812,"\{'nu':0.5,'kernel':'rbf','gamma':'auto'\}"
ABANDONED,,,575,755,0.6221627841535956,"\{'nu':0.5,'kernel':'rbf','gamma':'auto'\}"
ABANDONED,,,2840,3930,0.4721388205233961,"\{'nu':0.5,'kernel':'rbf','gamma':'auto'\}"
ABANDONED,,,4506,1493,0.8130070338621735,"\{'nu':0.5,'kernel':'rbf','gamma':'auto'\}"
ABANDONED,,,2081,3203,0.2184313385263085,"\{'nu':0.5,'kernel':'rbf','gamma':'auto'\}"
ABANDONED,,,2302,248,0.7886943223383278,"\{'nu':0.5,'kernel':'rbf','gamma':'auto'\}"
ABANDONED,,,4882,4439,0.1784054302480071,"\{'nu':0.5,'kernel':'rbf','gamma':'auto'\}"
ABANDONED,,,2774,2000,0.519759018715471,"\{'nu':0.5,'kernel':'rbf','gamma':'auto'\}"
ABANDONED,,,44,2695,0.3854520589075982,"\{'nu':0.5,'kernel':'rbf','gamma':'auto'\}"
ABANDONED,,,750,1611,0.0431610106490552,"\{'nu':0.5,'kernel':'rbf','gamma':'auto'\}"
ABANDONED,,,3327,3710,0.9263448106907308,"\{'nu':0.5,'kernel':'rbf','gamma':'auto'\}"
ABANDONED,,,4331,1108,0.2731114336457103,"\{'nu':0.5,'kernel':'rbf','gamma':'auto'\}"
ABANDONED,,,1593,4202,0.6335310996379702,"\{'nu':0.5,'kernel':'rbf','gamma':'auto'\}"
ABANDONED,,,1747,1088,0.1286869074851274,"\{'nu':0.5,'kernel':'rbf','gamma':'auto'\}"
ABANDONED,,,4166,4224,0.7779568433910607,"\{'nu':0.5,'kernel':'rbf','gamma':'auto'\}"
ABANDONED,,,3177,1825,0.4370857747513801,"\{'nu':0.5,'kernel':'rbf','gamma':'auto'\}"
ABANDONED,,,911,3496,0.5324193048793822,"\{'nu':0.5,'kernel':'rbf','gamma':'auto'\}"
ABANDONED,,,211,2061,0.8746999134439974,"\{'nu':0.5,'kernel':'rbf','gamma':'auto'\}"
ABANDONED,,,2637,2636,0.0305123854894191,"\{'nu':0.5,'kernel':'rbf','gamma':'auto'\}"
ABANDONED,,,4709,73,0.6832536655515432,"\{'nu':0.5,'kernel':'rbf','gamma':'auto'\}"
ABANDONED,,,2445,4613,0.2838453416079282,"\{'nu':0.5,'kernel':'rbf','gamma':'auto'\}"
ABANDONED,,,1924,1318,0.7076884430479257,"\{'nu':0.5,'kernel':'rbf','gamma':'auto'\}"
ABANDONED,,,4655,3378,0.3237506152819842,"\{'nu':0.5,'kernel':'rbf','gamma':'auto'\}"
ABANDONED,,,3001,816,0.9769811370261012,"\{'nu':0.5,'kernel':'rbf','gamma':'auto'\}"
ABANDONED,,,422,3871,0.1173193058259785,"\{'nu':0.5,'kernel':'rbf','gamma':'auto'\}"
ABANDONED,,,972,580,0.459478058476001,"\{'nu':0.5,'kernel':'rbf','gamma':'auto'\}"
ABANDONED,,,3711,4731,0.5705295441932975,"\{'nu':0.5,'kernel':'rbf','gamma':'auto'\}"
ABANDONED,,,3948,2333,0.2291692933570593,"\{'nu':0.5,'kernel':'rbf','gamma':'auto'\}"
ABANDONED,,,1371,2989,0.8627250807415693,"\{'nu':0.5,'kernel':'rbf','gamma':'auto'\}"
ABANDONED,,,1329,1562,0.1941216551829129,"\{'nu':0.5,'kernel':'rbf','gamma':'auto'\}"
ABANDONED,,,3911,3133,0.8353529672790319,"\{'nu':0.5,'kernel':'rbf','gamma':'auto'\}"
ABANDONED,,,3748,728,0.494479989528656,"\{'nu':0.5,'kernel':'rbf','gamma':'auto'\}"
ABANDONED,,,1015,3959,0.5978559505343437,"\{'nu':0.5,'kernel':'rbf','gamma':'auto'\}"
ABANDONED,,,464,335,0.9418116689622402,"\{'nu':0.5,'kernel':'rbf','gamma':'auto'\}"
ABANDONED,,,3038,4975,0.0900690148174762,"\{'nu':0.5,'kernel':'rbf','gamma':'auto'\}"
ABANDONED,,,4618,2421,0.7428122039902955,"\{'nu':0.5,'kernel':'rbf','gamma':'auto'\}"
ABANDONED,,,1882,2901,0.350955199168995,"\{'nu':0.5,'kernel':'rbf','gamma':'auto'\}"
ABANDONED,,,2482,1156,0.6405766707994043,"\{'nu':0.5,'kernel':'rbf','gamma':'auto'\}"
ABANDONED,,,4751,4156,0.2641939692236482,"\{'nu':0.5,'kernel':'rbf','gamma':'auto'\}"
ABANDONED,,,2595,1600,0.91742258557491,"\{'nu':0.5,'kernel':'rbf','gamma':'auto'\}"
ABANDONED,,,174,3720,0.0502094352524727,"\{'nu':0.5,'kernel':'rbf','gamma':'auto'\}"
ABANDONED,,,874,1992,0.3940432977657765,"\{'nu':0.5,'kernel':'rbf','gamma':'auto'\}"
ABANDONED,,,3136,2704,0.5131334072928875,"\{'nu':0.5,'kernel':'rbf','gamma':'auto'\}"
ABANDONED,,,4208,298,0.1717750618495047,"\{'nu':0.5,'kernel':'rbf','gamma':'auto'\}"
ABANDONED,,,1785,4388,0.7972884183563292,"\{'nu':0.5,'kernel':'rbf','gamma':'auto'\}"
ABANDONED,,,1634,4,0.3080377103779464,"\{'nu':0.5,'kernel':'rbf','gamma':'auto'\}"
ABANDONED,,,4367,4683,0.6610264557693154,"\{'nu':0.5,'kernel':'rbf','gamma':'auto'\}"
ABANDONED,,,3292,2088,0.0082804112955927,"\{'nu':0.5,'kernel':'rbf','gamma':'auto'\}"
ABANDONED,,,709,2607,0.8988951319381595,"\{'nu':0.5,'kernel':'rbf','gamma':'auto'\}"
ABANDONED,,,3,1856,0.5550507702454924,"\{'nu':0.5,'kernel':'rbf','gamma':'auto'\}"
ABANDONED,,,2738,3466,0.4125819328054785,"\{'nu':0.5,'kernel':'rbf','gamma':'auto'\}"
ABANDONED,,,4918,1020,0.75344824818708,"\{'nu':0.5,'kernel':'rbf','gamma':'auto'\}"
ABANDONED,,,2343,4290,0.1513212337289005,"\{'nu':0.5,'kernel':'rbf','gamma':'auto'\}"
ABANDONED,,,2045,2284,0.855806319516152,"\{'nu':0.5,'kernel':'rbf','gamma':'auto'\}"
ABANDONED,,,4465,3035,0.237962301235646,"\{'nu':0.5,'kernel':'rbf','gamma':'auto'\}"
ABANDONED,,,2880,591,0.5793177913781254,"\{'nu':0.5,'kernel':'rbf','gamma':'auto'\}"
ABANDONED,,,611,4720,0.4525621506925672,"\{'nu':0.5,'kernel':'rbf','gamma':'auto'\}"
ABANDONED,,,1155,823,0.1085959925707429,"\{'nu':0.5,'kernel':'rbf','gamma':'auto'\}"
ABANDONED,,,3577,3862,0.983741168802604,"\{'nu':0.5,'kernel':'rbf','gamma':'auto'\}"
ABANDONED,,,3766,1268,0.3305058900825679,"\{'nu':0.5,'kernel':'rbf','gamma':'auto'\}"
ABANDONED,,,1504,3428,0.6989679869525134,"\{'nu':0.5,'kernel':'rbf','gamma':'auto'\}"
ABANDONED,,,1483,672,0.931403250431642,"\{'nu':0.5,'kernel':'rbf','gamma':'auto'\}"
ABANDONED,,,3904,4023,0.0366559576150029,"\{'nu':0.5,'kernel':'rbf','gamma':'auto'\}"
ABANDONED,,,3442,1420,0.6314099168591201,"\{'nu':0.5,'kernel':'rbf','gamma':'auto'\}"
ABANDONED,,,1173,3267,0.2747606757096946,"\{'nu':0.5,'kernel':'rbf','gamma':'auto'\}"
ABANDONED,,,475,2436,0.182099038016051,"\{'nu':0.5,'kernel':'rbf','gamma':'auto'\}"
ABANDONED,,,2899,2874,0.7883662387840449,"\{'nu':0.5,'kernel':'rbf','gamma':'auto'\}"
ABANDONED,,,4445,440,0.3807325504478067,"\{'nu':0.5,'kernel':'rbf','gamma':'auto'\}"
ABANDONED,,,2183,4882,0.5268694977816194,"\{'nu':0.5,'kernel':'rbf','gamma':'auto'\}"
ABANDONED,,,2205,1695,0.4812326611205935,"\{'nu':0.5,'kernel':'rbf','gamma':'auto'\}"
ABANDONED,,,4939,3617,0.6116526046320795,"\{'nu':0.5,'kernel':'rbf','gamma':'auto'\}"
ABANDONED,,,2720,1181,0.2045080984923988,"\{'nu':0.5,'kernel':'rbf','gamma':'auto'\}"
ABANDONED,,,138,4139,0.8264884960148483,"\{'nu':0.5,'kernel':'rbf','gamma':'auto'\}"
ABANDONED,,,691,165,0.7337050618920475,"\{'nu':0.5,'kernel':'rbf','gamma':'auto'\}"
ABANDONED,,,3427,4532,0.3615862763319164,"\{'nu':0.5,'kernel':'rbf','gamma':'auto'\}"
ABANDONED,,,4229,1927,0.9558509938940406,"\{'nu':0.5,'kernel':'rbf','gamma':'auto'\}"
ABANDONED,,,1655,2758,0.0765770525559782,"\{'nu':0.5,'kernel':'rbf','gamma':'auto'\}"
ABANDONED,,,1803,2144,0.5697233445923775,"\{'nu':0.5,'kernel':'rbf','gamma':'auto'\}"
ABANDONED,,,4073,2543,0.4627059231679886,"\{'nu':0.5,'kernel':'rbf','gamma':'auto'\}"
ABANDONED,,,3273,146,0.8703329491354524,"\{'nu':0.5,'kernel':'rbf','gamma':'auto'\}"
ABANDONED,,,853,4549,0.224957643661648,"\{'nu':0.5,'kernel':'rbf','gamma':'auto'\}"
ABANDONED,,,312,1005,0.3177458663620054,"\{'nu':0.5,'kernel':'rbf','gamma':'auto'\}"
ABANDONED,,,2574,4316,0.7132519457377493,"\{'nu':0.5,'kernel':'rbf','gamma':'auto'\}"
ABANDONED,,,4769,1751,0.1184951311927288,"\{'nu':0.5,'kernel':'rbf','gamma':'auto'\}"
ABANDONED,,,2346,3559,0.9743893928509204,"\{'nu':0.5,'kernel':'rbf','gamma':'auto'\}"
ABANDONED,,,2017,496,0.0181170827746391,"\{'nu':0.5,'kernel':'rbf','gamma':'auto'\}"
ABANDONED,,,4599,4824,0.8894856476783752,"\{'nu':0.5,'kernel':'rbf','gamma':'auto'\}"
ABANDONED,,,3059,2259,0.2952142677474767,"\{'nu':0.5,'kernel':'rbf','gamma':'auto'\}"
ABANDONED,,,326,3052,0.6752498509455472,"\{'nu':0.5,'kernel':'rbf','gamma':'auto'\}"
ABANDONED,,,1035,1401,0.7679162177313119,"\{'nu':0.5,'kernel':'rbf','gamma':'auto'\}"
ABANDONED,,,3610,3284,0.1382550607789307,"\{'nu':0.5,'kernel':'rbf','gamma':'auto'\}"
ABANDONED,,,4046,889,0.5453967116177081,"\{'nu':0.5,'kernel':'rbf','gamma':'auto'\}"
ABANDONED,,,1311,3807,0.4226613346040248,"\{'nu':0.5,'kernel':'rbf','gamma':'auto'\}"
ABANDONED,,,1320,892,0.0398782604187726,"\{'nu':0.5,'kernel':'rbf','gamma':'auto'\}"
ABANDONED,,,4058,3793,0.9306172461360692,"\{'nu':0.5,'kernel':'rbf','gamma':'auto'\}"
ABANDONED,,,3601,1395,0.2773819990176707,"\{'nu':0.5,'kernel':'rbf','gamma':'auto'\}"
ABANDONED,,,1024,3301,0.6302502864021808,"\{'nu':0.5,'kernel':'rbf','gamma':'auto'\}"
ABANDONED,,,317,2255,0.7851394299585372,"\{'nu':0.5,'kernel':'rbf','gamma':'auto'\}"
ABANDONED,,,3048,3065,0.1828891021925956,"\{'nu':0.5,'kernel':'rbf','gamma':'auto'\}"
ABANDONED,,,4609,503,0.5242446202188729,"\{'nu':0.5,'kernel':'rbf','gamma':'auto'\}"
ABANDONED,,,2029,4808,0.3818952890187501,"\{'nu':0.5,'kernel':'rbf','gamma':'auto'\}"
ABANDONED,,,2354,1748,0.6110985359083861,"\{'nu':0.5,'kernel':'rbf','gamma':'auto'\}"
ABANDONED,,,4780,3573,0.4842235079538076,"\{'nu':0.5,'kernel':'rbf','gamma':'auto'\}"
ABANDONED,,,2566,1010,0.8250897917337716,"\{'nu':0.5,'kernel':'rbf','gamma':'auto'\}"
ABANDONED,,,301,4300,0.2073689677901565,"\{'nu':0.5,'kernel':'rbf','gamma':'auto'\}"
ABANDONED,,,845,150,0.3621363149173557,"\{'nu':0.5,'kernel':'rbf','gamma':'auto'\}"
ABANDONED,,,3263,4536,0.7307187508232891,"\{'nu':0.5,'kernel':'rbf','gamma':'auto'\}"
ABANDONED,,,4080,2137,0.0779726784657686,"\{'nu':0.5,'kernel':'rbf','gamma':'auto'\}"
ABANDONED,,,1814,2558,0.9529937085937707,"\{'nu':0.5,'kernel':'rbf','gamma':'auto'\}"
ABANDONED,,,1645,1924,0.4637354143634438,"\{'nu':0.5,'kernel':'rbf','gamma':'auto'\}"
ABANDONED,,,4221,2772,0.5672317144051194,"\{'nu':0.5,'kernel':'rbf','gamma':'auto'\}"
ABANDONED,,,3437,171,0.2258733410779386,"\{'nu':0.5,'kernel':'rbf','gamma':'auto'\}"
ABANDONED,,,699,4515,0.8669805070701986,"\{'nu':0.5,'kernel':'rbf','gamma':'auto'\}"
ABANDONED,,,149,1186,0.712217948520556,"\{'nu':0.5,'kernel':'rbf','gamma':'auto'\}"
ABANDONED,,,2728,4126,0.3202415564302354,"\{'nu':0.5,'kernel':'rbf','gamma':'auto'\}"
ABANDONED,,,4928,1688,0.9734701411798596,"\{'nu':0.5,'kernel':'rbf','gamma':'auto'\}"
ABANDONED,,,2197,3633,0.1218506813719868,"\{'nu':0.5,'kernel':'rbf','gamma':'auto'\}"
ABANDONED,,,2171,443,0.8867387673463673,"\{'nu':0.5,'kernel':'rbf','gamma':'auto'\}"
ABANDONED,,,4436,4868,0.0194023037161678,"\{'nu':0.5,'kernel':'rbf','gamma':'auto'\}"
ABANDONED,,,2910,2431,0.6721455207727849,"\{'nu':0.5,'kernel':'rbf','gamma':'auto'\}"
ABANDONED,,,485,2891,0.2958823254369199,"\{'nu':0.5,'kernel':'rbf','gamma':'auto'\}"
ABANDONED,,,1185,1416,0.1409979109726846,"\{'nu':0.5,'kernel':'rbf','gamma':'auto'\}"
ABANDONED,,,3451,3280,0.7666355325542389,"\{'nu':0.5,'kernel':'rbf','gamma':'auto'\}"
ABANDONED,,,3893,679,0.4257625864055007,"\{'nu':0.5,'kernel':'rbf','gamma':'auto'\}"
ABANDONED,,,1474,4008,0.5447322379257529,"\{'nu':0.5,'kernel':'rbf','gamma':'auto'\}"
ABANDONED,,,1492,1254,0.8385831816457212,"\{'nu':0.5,'kernel':'rbf','gamma':'auto'\}"
ABANDONED,,,3757,3431,0.1933282152079045,"\{'nu':0.5,'kernel':'rbf','gamma':'auto'\}"
ABANDONED,,,3589,840,0.6004698381628841,"\{'nu':0.5,'kernel':'rbf','gamma':'auto'\}"
ABANDONED,,,1164,3856,0.4933282706346363,"\{'nu':0.5,'kernel':'rbf','gamma':'auto'\}"
ABANDONED,,,623,604,0.0868347703125327,"\{'nu':0.5,'kernel':'rbf','gamma':'auto'\}"
ABANDONED,,,2890,4716,0.9426096447017044,"\{'nu':0.5,'kernel':'rbf','gamma':'auto'\}"
ABANDONED,,,4454,2269,0.3483382331691682,"\{'nu':0.5,'kernel':'rbf','gamma':'auto'\}"
ABANDONED,,,2036,3042,0.7439675068818032,"\{'nu':0.5,'kernel':'rbf','gamma':'auto'\}"
ABANDONED,,,2333,1034,0.2636473361793905,"\{'nu':0.5,'kernel':'rbf','gamma':'auto'\}"
ABANDONED,,,4910,4287,0.6435596060696989,"\{'nu':0.5,'kernel':'rbf','gamma':'auto'\}"
ABANDONED,,,2748,1839,0.0488028194084763,"\{'nu':0.5,'kernel':'rbf','gamma':'auto'\}"
ABANDONED,,,11,3471,0.9202908905521036,"\{'nu':0.5,'kernel':'rbf','gamma':'auto'\}"
ABANDONED,,,720,2075,0.5136755343154072,"\{'nu':0.5,'kernel':'rbf','gamma':'auto'\}"
ABANDONED,,,3299,2611,0.3910644223764538,"\{'nu':0.5,'kernel':'rbf','gamma':'auto'\}"
ABANDONED,,,4357,19,0.7986914799455553,"\{'nu':0.5,'kernel':'rbf','gamma':'auto'\}"
ABANDONED,,,1626,4676,0.1689098649863153,"\{'nu':0.5,'kernel':'rbf','gamma':'auto'\}"
ABANDONED,,,1793,312,0.6620637395568191,"\{'nu':0.5,'kernel':'rbf','gamma':'auto'\}"
ABANDONED,,,4219,4385,0.3055387634821236,"\{'nu':0.5,'kernel':'rbf','gamma':'auto'\}"
ABANDONED,,,3127,1976,0.8998035126458853,"\{'nu':0.5,'kernel':'rbf','gamma':'auto'\}"
ABANDONED,,,863,2710,0.0049357618223875,"\{'nu':0.5,'kernel':'rbf','gamma':'auto'\}"
ABANDONED,,,166,1587,0.4115406188797205,"\{'nu':0.5,'kernel':'rbf','gamma':'auto'\}"
ABANDONED,,,2584,3725,0.557554252905771,"\{'nu':0.5,'kernel':'rbf','gamma':'auto'\}"
ABANDONED,,,4759,1172,0.1504097746498882,"\{'nu':0.5,'kernel':'rbf','gamma':'auto'\}"
ABANDONED,,,2492,4149,0.7567964816577732,"\{'nu':0.5,'kernel':'rbf','gamma':'auto'\}"
ABANDONED,,,1891,2407,0.2352227376122027,"\{'nu':0.5,'kernel':'rbf','gamma':'auto'\}"
ABANDONED,,,4629,2904,0.8570837478656321,"\{'nu':0.5,'kernel':'rbf','gamma':'auto'\}"
ABANDONED,,,3029,352,0.4494500279277562,"\{'nu':0.5,'kernel':'rbf','gamma':'auto'\}"
ABANDONED,,,453,4970,0.5799931657761335,"\{'nu':0.5,'kernel':'rbf','gamma':'auto'\}"
ABANDONED,,,1005,741,0.9864762264043092,"\{'nu':0.5,'kernel':'rbf','gamma':'auto'\}"
ABANDONED,,,3736,3955,0.1073226241022348,"\{'nu':0.5,'kernel':'rbf','gamma':'auto'\}"
ABANDONED,,,3920,1547,0.702076555462554,"\{'nu':0.5,'kernel':'rbf','gamma':'auto'\}"
ABANDONED,,,1341,3140,0.329833623798564,"\{'nu':0.5,'kernel':'rbf','gamma':'auto'\}"
ABANDONED,,,1382,2339,0.7216527308207004,"\{'nu':0.5,'kernel':'rbf','gamma':'auto'\}"
ABANDONED,,,3956,2972,0.3726790738683193,"\{'nu':0.5,'kernel':'rbf','gamma':'auto'\}"
ABANDONED,,,3700,577,0.9669457284249364,"\{'nu':0.5,'kernel':'rbf','gamma':'auto'\}"
ABANDONED,,,965,4745,0.0645228514112532,"\{'nu':0.5,'kernel':'rbf','gamma':'auto'\}"
ABANDONED,,,412,809,0.4689043808318674,"\{'nu':0.5,'kernel':'rbf','gamma':'auto'\}"
ABANDONED,,,2993,3886,0.6229604457356036,"\{'nu':0.5,'kernel':'rbf','gamma':'auto'\}"
ABANDONED,,,4665,1322,0.2158140620868652,"\{'nu':0.5,'kernel':'rbf','gamma':'auto'\}"
ABANDONED,,,1932,3365,0.8141621452849358,"\{'nu':0.5,'kernel':'rbf','gamma':'auto'\}"
ABANDONED,,,2456,67,0.1778589589297771,"\{'nu':0.5,'kernel':'rbf','gamma':'auto'\}"
ABANDONED,,,4718,4629,0.791677538305521,"\{'nu':0.5,'kernel':'rbf','gamma':'auto'\}"
ABANDONED,,,2626,2064,0.3840457274783402,"\{'nu':0.5,'kernel':'rbf','gamma':'auto'\}"
ABANDONED,,,202,2622,0.5226274891365318,"\{'nu':0.5,'kernel':'rbf','gamma':'auto'\}"
ABANDONED,,,899,1831,0.9268872221279888,"\{'nu':0.5,'kernel':'rbf','gamma':'auto'\}"
ABANDONED,,,3168,3480,0.0401823007036,"\{'nu':0.5,'kernel':'rbf','gamma':'auto'\}"
ABANDONED,,,4177,1084,0.634934322953224,"\{'nu':0.5,'kernel':'rbf','gamma':'auto'\}"
ABANDONED,,,1757,4237,0.2702465174794196,"\{'nu':0.5,'kernel':'rbf','gamma':'auto'\}"
ABANDONED,,,1584,1102,0.7789939357098192,"\{'nu':0.5,'kernel':'rbf','gamma':'auto'\}"
ABANDONED,,,4319,4219,0.1261876501496881,"\{'nu':0.5,'kernel':'rbf','gamma':'auto'\}"
ABANDONED,,,3337,1615,0.533327371429652,"\{'nu':0.5,'kernel':'rbf','gamma':'auto'\}"
ABANDONED,,,762,3696,0.4337409300915897,"\{'nu':0.5,'kernel':'rbf','gamma':'auto'\}"
ABANDONED,,,53,2007,0.0294707574062049,"\{'nu':0.5,'kernel':'rbf','gamma':'auto'\}"
ABANDONED,,,2786,2680,0.8772032009176909,"\{'nu':0.5,'kernel':'rbf','gamma':'auto'\}"
ABANDONED,,,4873,244,0.2829336910601705,"\{'nu':0.5,'kernel':'rbf','gamma':'auto'\}"
ABANDONED,,,2291,4451,0.6866015885826199,"\{'nu':0.5,'kernel':'rbf','gamma':'auto'\}"
ABANDONED,,,2073,1498,0.3210113323554396,"\{'nu':0.5,'kernel':'rbf','gamma':'auto'\}"
ABANDONED,,,4496,3187,0.7089660331234335,"\{'nu':0.5,'kernel':'rbf','gamma':'auto'\}"
ABANDONED,,,2848,752,0.114207348505035,"\{'nu':0.5,'kernel':'rbf','gamma':'auto'\}"
ABANDONED,,,585,3944,0.9776567958388476,"\{'nu':0.5,'kernel':'rbf','gamma':'auto'\}"
ABANDONED,,,1127,360,0.5732647672388702,"\{'nu':0.5,'kernel':'rbf','gamma':'auto'\}"
ABANDONED,,,3547,4960,0.4582049744222312,"\{'nu':0.5,'kernel':'rbf','gamma':'auto'\}"
ABANDONED,,,3799,2357,0.8658339299485087,"\{'nu':0.5,'kernel':'rbf','gamma':'auto'\}"
ABANDONED,,,1530,2954,0.2284971887990832,"\{'nu':0.5,'kernel':'rbf','gamma':'auto'\}"
ABANDONED,,,1433,511,0.4063696187529712,"\{'nu':0.5,'kernel':'rbf','gamma':'auto'\}"
ABANDONED,,,3857,4800,0.5018272949848323,"\{'nu':0.5,'kernel':'rbf','gamma':'auto'\}"
ABANDONED,,,3487,2206,0.1604670125469565,"\{'nu':0.5,'kernel':'rbf','gamma':'auto'\}"
ABANDONED,,,1225,3116,0.809616609416902,"\{'nu':0.5,'kernel':'rbf','gamma':'auto'\}"
ABANDONED,,,526,1347,0.6526307232305407,"\{'nu':0.5,'kernel':'rbf','gamma':'auto'\}"
ABANDONED,,,2947,3348,0.2530992049500346,"\{'nu':0.5,'kernel':'rbf','gamma':'auto'\}"
ABANDONED,,,4399,904,0.9063296988103537,"\{'nu':0.5,'kernel':'rbf','gamma':'auto'\}"
ABANDONED,,,2131,3783,0.0622615581247955,"\{'nu':0.5,'kernel':'rbf','gamma':'auto'\}"
ABANDONED,,,2233,2168,0.946325975906104,"\{'nu':0.5,'kernel':'rbf','gamma':'auto'\}"
ABANDONED,,,4969,2528,0.0865446384660899,"\{'nu':0.5,'kernel':'rbf','gamma':'auto'\}"
ABANDONED,,,2687,83,0.7392859501298517,"\{'nu':0.5,'kernel':'rbf','gamma':'auto'\}"
ABANDONED,,,113,4603,0.3554714356716722,"\{'nu':0.5,'kernel':'rbf','gamma':'auto'\}"
ABANDONED,,,663,941,0.1983636935707181,"\{'nu':0.5,'kernel':'rbf','gamma':'auto'\}"
ABANDONED,,,3396,4370,0.832039938962087,"\{'nu':0.5,'kernel':'rbf','gamma':'auto'\}"
ABANDONED,,,4262,1776,0.4911688982062041,"\{'nu':0.5,'kernel':'rbf','gamma':'auto'\}"
ABANDONED,,,1680,3545,0.6020961188487709,"\{'nu':0.5,'kernel':'rbf','gamma':'auto'\}"
ABANDONED,,,1855,1680,0.0972442846763879,"\{'nu':0.5,'kernel':'rbf','gamma':'auto'\}"
ABANDONED,,,4118,3642,0.9960218942034988,"\{'nu':0.5,'kernel':'rbf','gamma':'auto'\}"
ABANDONED,,,3226,1235,0.3427885450422764,"\{'nu':0.5,'kernel':'rbf','gamma':'auto'\}"
ABANDONED,,,803,4075,0.6876144015491009,"\{'nu':0.5,'kernel':'rbf','gamma':'auto'\}"
ABANDONED,,,260,219,0.844726872742176,"\{'nu':0.5,'kernel':'rbf','gamma':'auto'\}"
ABANDONED,,,2529,4468,0.2500316711664199,"\{'nu':0.5,'kernel':'rbf','gamma':'auto'\}"
ABANDONED,,,4817,1912,0.5913852912355214,"\{'nu':0.5,'kernel':'rbf','gamma':'auto'\}"
ABANDONED,,,2397,2783,0.4414846409130841,"\{'nu':0.5,'kernel':'rbf','gamma':'auto'\}"
ABANDONED,,,1992,647,0.5515110763944685,"\{'nu':0.5,'kernel':'rbf','gamma':'auto'\}"
ABANDONED,,,4566,4037,0.4170809222497046,"\{'nu':0.5,'kernel':'rbf','gamma':'auto'\}"
ABANDONED,,,3090,1483,0.7579491077046842,"\{'nu':0.5,'kernel':'rbf','gamma':'auto'\}"
ABANDONED,,,354,3213,0.1477796028833836,"\{'nu':0.5,'kernel':'rbf','gamma':'auto'\}"
ABANDONED,,,1061,2499,0.3047702776473015,"\{'nu':0.5,'kernel':'rbf','gamma':'auto'\}"
ABANDONED,,,3643,2820,0.6653140897434204,"\{'nu':0.5,'kernel':'rbf','gamma':'auto'\}"
ABANDONED,,,4015,415,0.0125661157108843,"\{'nu':0.5,'kernel':'rbf','gamma':'auto'\}"
ABANDONED,,,1283,4896,0.895629576716572,"\{'nu':0.5,'kernel':'rbf','gamma':'auto'\}"
ABANDONED,,,1265,1867,0.2873205002676695,"\{'nu':0.5,'kernel':'rbf','gamma':'auto'\}"
ABANDONED,,,4004,3440,0.683189678741619,"\{'nu':0.5,'kernel':'rbf','gamma':'auto'\}"
ABANDONED,,,3655,1041,0.0260607213564217,"\{'nu':0.5,'kernel':'rbf','gamma':'auto'\}"
ABANDONED,,,1078,4275,0.8815880768485366,"\{'nu':0.5,'kernel':'rbf','gamma':'auto'\}"
ABANDONED,,,381,27,0.5377161436565219,"\{'nu':0.5,'kernel':'rbf','gamma':'auto'\}"
ABANDONED,,,3112,4665,0.4303270572312176,"\{'nu':0.5,'kernel':'rbf','gamma':'auto'\}"
ABANDONED,,,4544,2102,0.775585743708536,"\{'nu':0.5,'kernel':'rbf','gamma':'auto'\}"
ABANDONED,,,1965,2579,0.1305706820320338,"\{'nu':0.5,'kernel':'rbf','gamma':'auto'\}"
ABANDONED,,,2418,847,0.8624235890358686,"\{'nu':0.5,'kernel':'rbf','gamma':'auto'\}"
ABANDONED,,,4844,3844,0.232881878837943,"\{'nu':0.5,'kernel':'rbf','gamma':'auto'\}"
ABANDONED,,,2502,1282,0.5776513905543834,"\{'nu':0.5,'kernel':'rbf','gamma':'auto'\}"
ABANDONED,,,238,3400,0.4547927597183734,"\{'nu':0.5,'kernel':'rbf','gamma':'auto'\}"
ABANDONED,,,791,2296,0.1107989706117659,"\{'nu':0.5,'kernel':'rbf','gamma':'auto'\}"
ABANDONED,,,3209,3010,0.9820395228583366,"\{'nu':0.5,'kernel':'rbf','gamma':'auto'\}"
ABANDONED,,,4135,612,0.3253997997194528,"\{'nu':0.5,'kernel':'rbf','gamma':'auto'\}"
ABANDONED,,,1868,4705,0.7055519743710756,"\{'nu':0.5,'kernel':'rbf','gamma':'auto'\}"
ABANDONED,,,1707,319,0.2124059221353381,"\{'nu':0.5,'kernel':'rbf','gamma':'auto'\}"
ABANDONED,,,4284,4996,0.8185451102461666,"\{'nu':0.5,'kernel':'rbf','gamma':'auto'\}"
ABANDONED,,,3374,2395,0.4732930861376226,"\{'nu':0.5,'kernel':'rbf','gamma':'auto'\}"
ABANDONED,,,636,2911,0.6195466249249875,"\{'nu':0.5,'kernel':'rbf','gamma':'auto'\}"
ABANDONED,,,95,1534,0.9635356254540384,"\{'nu':0.5,'kernel':'rbf','gamma':'auto'\}"
ABANDONED,,,2675,3146,0.068907779391855,"\{'nu':0.5,'kernel':'rbf','gamma':'auto'\}"
ABANDONED,,,4981,709,0.7260395920779557,"\{'nu':0.5,'kernel':'rbf','gamma':'auto'\}"
ABANDONED,,,2251,3982,0.3692670971062034,"\{'nu':0.5,'kernel':'rbf','gamma':'auto'\}"
ABANDONED,,,2118,1964,0.6393228572383522,"\{'nu':0.5,'kernel':'rbf','gamma':'auto'\}"
ABANDONED,,,4383,2717,0.2668324066773056,"\{'nu':0.5,'kernel':'rbf','gamma':'auto'\}"
ABANDONED,,,2963,279,0.9234787921849638,"\{'nu':0.5,'kernel':'rbf','gamma':'auto'\}"
ABANDONED,,,538,4411,0.0445650946442037,"\{'nu':0.5,'kernel':'rbf','gamma':'auto'\}"
ABANDONED,,,1247,1140,0.3884322987440973,"\{'nu':0.5,'kernel':'rbf','gamma':'auto'\}"
ABANDONED,,,3514,4176,0.5192153413537889,"\{'nu':0.5,'kernel':'rbf','gamma':'auto'\}"
ABANDONED,,,3829,1574,0.1744486849382519,"\{'nu':0.5,'kernel':'rbf','gamma':'auto'\}"
ABANDONED,,,1412,3731,0.7960621762946248,"\{'nu':0.5,'kernel':'rbf','gamma':'auto'\}"
ABANDONED,,,1547,979,0.5870023114029317,"\{'nu':0.5,'kernel':'rbf','gamma':'auto'\}"
ABANDONED,,,3811,4328,0.4448927659932523,"\{'nu':0.5,'kernel':'rbf','gamma':'auto'\}"
ABANDONED,,,3535,1735,0.8481407381668686,"\{'nu':0.5,'kernel':'rbf','gamma':'auto'\}"
ABANDONED,,,1109,3580,0.2456430104747414,"\{'nu':0.5,'kernel':'rbf','gamma':'auto'\}"
ABANDONED,,,559,2126,0.3384036021903157,"\{'nu':0.5,'kernel':'rbf','gamma':'auto'\}"
ABANDONED,,,2825,2566,0.69102448964864,"\{'nu':0.5,'kernel':'rbf','gamma':'auto'\}"
ABANDONED,,,4518,118,0.1006563060525804,"\{'nu':0.5,'kernel':'rbf','gamma':'auto'\}"
ABANDONED,,,2100,4563,0.9916350775603204,"\{'nu':0.5,'kernel':'rbf','gamma':'auto'\}"
ABANDONED,,,2269,1383,0.0159802711270749,"\{'nu':0.5,'kernel':'rbf','gamma':'auto'\}"
ABANDONED,,,4845,3308,0.8912410870455205,"\{'nu':0.5,'kernel':'rbf','gamma':'auto'\}"
ABANDONED,,,2813,861,0.3003874688353389,"\{'nu':0.5,'kernel':'rbf','gamma':'auto'\}"
ABANDONED,,,74,3821,0.6687225048150867,"\{'nu':0.5,'kernel':'rbf','gamma':'auto'\}"
ABANDONED,,,774,471,0.7613613001015037,"\{'nu':0.5,'kernel':'rbf','gamma':'auto'\}"
ABANDONED,,,3353,4835,0.1433930762317031,"\{'nu':0.5,'kernel':'rbf','gamma':'auto'\}"
ABANDONED,,,4303,2244,0.5471264235340058,"\{'nu':0.5,'kernel':'rbf','gamma':'auto'\}"
ABANDONED,,,1572,3073,0.4204911813698709,"\{'nu':0.5,'kernel':'rbf','gamma':'auto'\}"
ABANDONED,,,1730,2457,0.9097416532654315,"\{'nu':0.5,'kernel':'rbf','gamma':'auto'\}"
ABANDONED,,,4155,2858,0.0578747935313731,"\{'nu':0.5,'kernel':'rbf','gamma':'auto'\}"
ABANDONED,,,3191,450,0.6482458324283361,"\{'nu':0.5,'kernel':'rbf','gamma':'auto'\}"
ABANDONED,,,926,4856,0.256509226128459,"\{'nu':0.5,'kernel':'rbf','gamma':'auto'\}"
ABANDONED,,,219,685,0.1638809300214052,"\{'nu':0.5,'kernel':'rbf','gamma':'auto'\}"
ABANDONED,,,2637,3995,0.8052278818041086,"\{'nu':0.5,'kernel':'rbf','gamma':'auto'\}"
ABANDONED,,,4706,1443,0.4019865719992667,"\{'nu':0.5,'kernel':'rbf','gamma':'auto'\}"
ABANDONED,,,2439,3248,0.5052354721147567,"\{'nu':0.5,'kernel':'rbf','gamma':'auto'\}"
ABANDONED,,,1944,178,0.4867841932959854,"\{'nu':0.5,'kernel':'rbf','gamma':'auto'\}"
ABANDONED,,,4682,4503,0.6055064448900521,"\{'nu':0.5,'kernel':'rbf','gamma':'auto'\}"
ABANDONED,,,2976,1950,0.2017759528886526,"\{'nu':0.5,'kernel':'rbf','gamma':'auto'\}"
ABANDONED,,,399,2740,0.8276533602606505,"\{'nu':0.5,'kernel':'rbf','gamma':'auto'\}"
ABANDONED,,,943,1715,0.734903208239004,"\{'nu':0.5,'kernel':'rbf','gamma':'auto'\}"
ABANDONED,,,3673,3601,0.3588797986935824,"\{'nu':0.5,'kernel':'rbf','gamma':'auto'\}"
ABANDONED,,,3983,1192,0.9497400792725385,"\{'nu':0.5,'kernel':'rbf','gamma':'auto'\}"
ABANDONED,,,1403,4113,0.0821562157161533,"\{'nu':0.5,'kernel':'rbf','gamma':'auto'\}"
ABANDONED,,,1367,110,0.969087347239256,"\{'nu':0.5,'kernel':'rbf','gamma':'auto'\}"
ABANDONED,,,3942,4572,0.1252591113150119,"\{'nu':0.5,'kernel':'rbf','gamma':'auto'\}"
ABANDONED,,,3714,2175,0.7156320593226702,"\{'nu':0.5,'kernel':'rbf','gamma':'auto'\}"
ABANDONED,,,979,2515,0.3158530221451074,"\{'nu':0.5,'kernel':'rbf','gamma':'auto'\}"
ABANDONED,,,435,1784,0.2214887030888348,"\{'nu':0.5,'kernel':'rbf','gamma':'auto'\}"
ABANDONED,,,3017,3533,0.8703907810617239,"\{'nu':0.5,'kernel':'rbf','gamma':'auto'\}"
ABANDONED,,,4641,968,0.4671475621461868,"\{'nu':0.5,'kernel':'rbf','gamma':'auto'\}"
ABANDONED,,,1908,4338,0.5628451431393622,"\{'nu':0.5,'kernel':'rbf','gamma':'auto'\}"
ABANDONED,,,2480,2212,0.4291764072161167,"\{'nu':0.5,'kernel':'rbf','gamma':'auto'\}"
ABANDONED,,,4742,3102,0.5403435326199979,"\{'nu':0.5,'kernel':'rbf','gamma':'auto'\}"
ABANDONED,,,2601,538,0.1366149460114538,"\{'nu':0.5,'kernel':'rbf','gamma':'auto'\}"
ABANDONED,,,179,4768,0.7700436725057661,"\{'nu':0.5,'kernel':'rbf','gamma':'auto'\}"
ABANDONED,,,885,930,0.6755574975349009,"\{'nu':0.5,'kernel':'rbf','gamma':'auto'\}"
ABANDONED,,,3155,3751,0.2914954641796648,"\{'nu':0.5,'kernel':'rbf','gamma':'auto'\}"
ABANDONED,,,4191,1355,0.8823538393657655,"\{'nu':0.5,'kernel':'rbf','gamma':'auto'\}"
ABANDONED,,,1771,3336,0.0228124066870659,"\{'nu':0.5,'kernel':'rbf','gamma':'auto'\}"
ABANDONED,,,1609,1451,0.5276568349227309,"\{'nu':0.5,'kernel':'rbf','gamma':'auto'\}"
ABANDONED,,,4345,3240,0.377508665703237,"\{'nu':0.5,'kernel':'rbf','gamma':'auto'\}"
ABANDONED,,,3311,636,0.7807547399196773,"\{'nu':0.5,'kernel':'rbf','gamma':'auto'\}"
ABANDONED,,,737,4046,0.1862994431052356,"\{'nu':0.5,'kernel':'rbf','gamma':'auto'\}"
ABANDONED,,,37,403,0.2807960577700286,"\{'nu':0.5,'kernel':'rbf','gamma':'auto'\}"
ABANDONED,,,2771,4903,0.6258618190381676,"\{'nu':0.5,'kernel':'rbf','gamma':'auto'\}"
ABANDONED,,,4888,2469,0.0354955333992838,"\{'nu':0.5,'kernel':'rbf','gamma':'auto'\}"
ABANDONED,,,2306,2848,0.9340256240293384,"\{'nu':0.5,'kernel':'rbf','gamma':'auto'\}"
ABANDONED,,,2058,1223,0.0735878025349229,"\{'nu':0.5,'kernel':'rbf','gamma':'auto'\}"
ABANDONED,,,4481,4083,0.956403744643554,"\{'nu':0.5,'kernel':'rbf','gamma':'auto'\}"
ABANDONED,,,2863,1648,0.3655482247583567,"\{'nu':0.5,'kernel':'rbf','gamma':'auto'\}"
ABANDONED,,,601,3668,0.7263319416157901,"\{'nu':0.5,'kernel':'rbf','gamma':'auto'\}"
ABANDONED,,,1151,1881,0.8207067598514259,"\{'nu':0.5,'kernel':'rbf','gamma':'auto'\}"
ABANDONED,,,3572,2810,0.2107771597914397,"\{'nu':0.5,'kernel':'rbf','gamma':'auto'\}"
ABANDONED,,,3774,206,0.6145124087687581,"\{'nu':0.5,'kernel':'rbf','gamma':'auto'\}"
ABANDONED,,,1505,4475,0.4798347357269376,"\{'nu':0.5,'kernel':'rbf','gamma':'auto'\}"
ABANDONED,,,1447,2033,0.1547963533513248,"\{'nu':0.5,'kernel':'rbf','gamma':'auto'\}"
ABANDONED,,,3870,2649,0.7533842223398387,"\{'nu':0.5,'kernel':'rbf','gamma':'auto'\}"
ABANDONED,,,3473,54,0.4081302928384393,"\{'nu':0.5,'kernel':'rbf','gamma':'auto'\}"
ABANDONED,,,1211,4636,0.5619389578159899,"\{'nu':0.5,'kernel':'rbf','gamma':'auto'\}"
ABANDONED,,,502,1072,0.9041919353958218,"\{'nu':0.5,'kernel':'rbf','gamma':'auto'\}"
ABANDONED,,,2922,4244,0.001521658455953,"\{'nu':0.5,'kernel':'rbf','gamma':'auto'\}"
ABANDONED,,,4424,1799,0.658655376534909,"\{'nu':0.5,'kernel':'rbf','gamma':'auto'\}"
ABANDONED,,,2154,3507,0.3099215053729713,"\{'nu':0.5,'kernel':'rbf','gamma':'auto'\}"
ABANDONED,,,2210,563,0.6986665342841297,"\{'nu':0.5,'kernel':'rbf','gamma':'auto'\}"
ABANDONED,,,4945,4752,0.3342185146007686,"\{'nu':0.5,'kernel':'rbf','gamma':'auto'\}"
ABANDONED,,,2711,2307,0.9908629909977316,"\{'nu':0.5,'kernel':'rbf','gamma':'auto'\}"
ABANDONED,,,136,2999,0.1039106696471571,"\{'nu':0.5,'kernel':'rbf','gamma':'auto'\}"
ABANDONED,,,677,1290,0.4460418507978319,"\{'nu':0.5,'kernel':'rbf','gamma':'auto'\}"
ABANDONED,,,3410,3391,0.584376212529838,"\{'nu':0.5,'kernel':'rbf','gamma':'auto'\}"
ABANDONED,,,4248,797,0.2396114652249962,"\{'nu':0.5,'kernel':'rbf','gamma':'auto'\}"
ABANDONED,,,1666,3894,0.8536698303911834,"\{'nu':0.5,'kernel':'rbf','gamma':'auto'\}"
ABANDONED,,,1831,779,0.344929818097502,"\{'nu':0.5,'kernel':'rbf','gamma':'auto'\}"
ABANDONED,,,4092,3912,0.7483503156937658,"\{'nu':0.5,'kernel':'rbf','gamma':'auto'\}"
ABANDONED,,,3251,1507,0.0912232599835842,"\{'nu':0.5,'kernel':'rbf','gamma':'auto'\}"
ABANDONED,,,828,3176,0.9391954892855136,"\{'nu':0.5,'kernel':'rbf','gamma':'auto'\}"
ABANDONED,,,275,2364,0.5970595790427177,"\{'nu':0.5,'kernel':'rbf','gamma':'auto'\}"
ABANDONED,,,2544,2942,0.4977129234950989,"\{'nu':0.5,'kernel':'rbf','gamma':'auto'\}"
ABANDONED,,,4802,387,0.8429697082974016,"\{'nu':0.5,'kernel':'rbf','gamma':'auto'\}"
ABANDONED,,,2381,4930,0.1899160228110849,"\{'nu':0.5,'kernel':'rbf','gamma':'auto'\}"
ABANDONED,,,2007,1623,0.8030801406372338,"\{'nu':0.5,'kernel':'rbf','gamma':'auto'\}"
ABANDONED,,,4581,3684,0.1654959995616227,"\{'nu':0.5,'kernel':'rbf','gamma':'auto'\}"
ABANDONED,,,3075,1129,0.510267409235239,"\{'nu':0.5,'kernel':'rbf','gamma':'auto'\}"
ABANDONED,,,339,4187,0.3954474022090435,"\{'nu':0.5,'kernel':'rbf','gamma':'auto'\}"
ABANDONED,,,1036,271,0.0531896360516548,"\{'nu':0.5,'kernel':'rbf','gamma':'auto'\}"
ABANDONED,,,3618,4420,0.9168788691759108,"\{'nu':0.5,'kernel':'rbf','gamma':'auto'\}"
ABANDONED,,,4041,2014,0.2602372480798512,"\{'nu':0.5,'kernel':'rbf','gamma':'auto'\}"
ABANDONED,,,1307,2667,0.6479445489216595,"\{'nu':0.5,'kernel':'rbf','gamma':'auto'\}"
ABANDONED,,,1300,264,0.31434745506756,"\{'nu':0.5,'kernel':'rbf','gamma':'auto'\}"
ABANDONED,,,4038,4433,0.7180196950268,"\{'nu':0.5,'kernel':'rbf','gamma':'auto'\}"
ABANDONED,,,3620,2026,0.123754975605756,"\{'nu':0.5,'kernel':'rbf','gamma':'auto'\}"
ABANDONED,,,1043,2660,0.9714754625447094,"\{'nu':0.5,'kernel':'rbf','gamma':'auto'\}"
ABANDONED,,,337,1635,0.5652665702886879,"\{'nu':0.5,'kernel':'rbf','gamma':'auto'\}"
ABANDONED,,,3067,3677,0.4656691241450607,"\{'nu':0.5,'kernel':'rbf','gamma':'auto'\}"
ABANDONED,,,4589,1121,0.8728136321436613,"\{'nu':0.5,'kernel':'rbf','gamma':'auto'\}"
ABANDONED,,,2009,4199,0.2200107372533529,"\{'nu':0.5,'kernel':'rbf','gamma':'auto'\}"
ABANDONED,,,2374,2377,0.7724976865202188,"\{'nu':0.5,'kernel':'rbf','gamma':'auto'\}"
ABANDONED,,,4799,2934,0.1351652878075838,"\{'nu':0.5,'kernel':'rbf','gamma':'auto'\}"
ABANDONED,,,2547,380,0.5427989780027419,"\{'nu':0.5,'kernel':'rbf','gamma':'auto'\}"
ABANDONED,,,282,4942,0.4277272286135703,"\{'nu':0.5,'kernel':'rbf','gamma':'auto'\}"
ABANDONED,,,825,771,0.0213965399283915,"\{'nu':0.5,'kernel':'rbf','gamma':'auto'\}"
ABANDONED,,,3244,3924,0.8848349824566393,"\{'nu':0.5,'kernel':'rbf','gamma':'auto'\}"
ABANDONED,,,4100,1519,0.2900810213536024,"\{'nu':0.5,'kernel':'rbf','gamma':'auto'\}"
ABANDONED,,,1833,3168,0.678039112791419,"\{'nu':0.5,'kernel':'rbf','gamma':'auto'\}"
ABANDONED,,,1664,1302,0.1848833346869796,"\{'nu':0.5,'kernel':'rbf','gamma':'auto'\}"
ABANDONED,,,4241,3383,0.7832356413509696,"\{'nu':0.5,'kernel':'rbf','gamma':'auto'\}"
ABANDONED,,,3418,790,0.3760939886532723,"\{'nu':0.5,'kernel':'rbf','gamma':'auto'\}"
ABANDONED,,,679,3906,0.5301382159553468,"\{'nu':0.5,'kernel':'rbf','gamma':'auto'\}"
ABANDONED,,,129,556,0.9364794038198888,"\{'nu':0.5,'kernel':'rbf','gamma':'auto'\}"
ABANDONED,,,2708,4764,0.0340456409715116,"\{'nu':0.5,'kernel':'rbf','gamma':'auto'\}"
ABANDONED,,,4948,2319,0.62831702276133,"\{'nu':0.5,'kernel':'rbf','gamma':'auto'\}"
ABANDONED,,,2217,2992,0.2793466375079006,"\{'nu':0.5,'kernel':'rbf','gamma':'auto'\}"
ABANDONED,,,2152,1065,0.7287536029890179,"\{'nu':0.5,'kernel':'rbf','gamma':'auto'\}"
ABANDONED,,,4416,4257,0.364070020981133,"\{'nu':0.5,'kernel':'rbf','gamma':'auto'\}"
ABANDONED,,,2930,1811,0.9588268373850732,"\{'nu':0.5,'kernel':'rbf','gamma':'auto'\}"
ABANDONED,,,504,3499,0.0721100783590227,"\{'nu':0.5,'kernel':'rbf','gamma':'auto'\}"
ABANDONED,,,1204,2045,0.478329410308972,"\{'nu':0.5,'kernel':'rbf','gamma':'auto'\}"
ABANDONED,,,3470,2642,0.6169002861324697,"\{'nu':0.5,'kernel':'rbf','gamma':'auto'\}"
ABANDONED,,,3873,47,0.209273258306086,"\{'nu':0.5,'kernel':'rbf','gamma':'auto'\}"
ABANDONED,,,1454,4648,0.8230951093807816,"\{'nu':0.5,'kernel':'rbf','gamma':'auto'\}"
ABANDONED,,,1512,1894,0.5594571194890886,"\{'nu':0.5,'kernel':'rbf','gamma':'auto'\}"
ABANDONED,,,3777,2803,0.4095454643610864,"\{'nu':0.5,'kernel':'rbf','gamma':'auto'\}"
ABANDONED,,,3569,199,0.7509038079455495,"\{'nu':0.5,'kernel':'rbf','gamma':'auto'\}"
ABANDONED,,,1144,4487,0.1562119970396161,"\{'nu':0.5,'kernel':'rbf','gamma':'auto'\}"
ABANDONED,,,603,1216,0.3113704609051347,"\{'nu':0.5,'kernel':'rbf','gamma':'auto'\}"
ABANDONED,,,2870,4096,0.6562006598487496,"\{'nu':0.5,'kernel':'rbf','gamma':'auto'\}"
ABANDONED,,,4473,1660,0.0029720453564077,"\{'nu':0.5,'kernel':'rbf','gamma':'auto'\}"
ABANDONED,,,2056,3661,0.901737698310986,"\{'nu':0.5,'kernel':'rbf','gamma':'auto'\}"
ABANDONED,,,2313,395,0.1053879365287721,"\{'nu':0.5,'kernel':'rbf','gamma':'auto'\}"
ABANDONED,,,4891,4916,0.9884403927288948,"\{'nu':0.5,'kernel':'rbf','gamma':'auto'\}"
ABANDONED,,,2768,2481,0.3356972054149955,"\{'nu':0.5,'kernel':'rbf','gamma':'auto'\}"
ABANDONED,,,30,2841,0.6962444081809371,"\{'nu':0.5,'kernel':'rbf','gamma':'auto'\}"
ABANDONED,,,739,1463,0.851281016131863,"\{'nu':0.5,'kernel':'rbf','gamma':'auto'\}"
ABANDONED,,,3319,3232,0.2411158537473529,"\{'nu':0.5,'kernel':'rbf','gamma':'auto'\}"
ABANDONED,,,4337,629,0.5819888296388089,"\{'nu':0.5,'kernel':'rbf','gamma':'auto'\}"
ABANDONED,,,1607,4058,0.4475467189215123,"\{'nu':0.5,'kernel':'rbf','gamma':'auto'\}"
ABANDONED,,,1773,922,0.9368069166857748,"\{'nu':0.5,'kernel':'rbf','gamma':'auto'\}"
ABANDONED,,,4199,3763,0.0927278901655227,"\{'nu':0.5,'kernel':'rbf','gamma':'auto'\}"
ABANDONED,,,3147,1367,0.745963167026639,"\{'nu':0.5,'kernel':'rbf','gamma':'auto'\}"
ABANDONED,,,883,3329,0.3464349204450845,"\{'nu':0.5,'kernel':'rbf','gamma':'auto'\}"
ABANDONED,,,186,2225,0.1913935239166021,"\{'nu':0.5,'kernel':'rbf','gamma':'auto'\}"
ABANDONED,,,2604,3095,0.8405473442524671,"\{'nu':0.5,'kernel':'rbf','gamma':'auto'\}"
ABANDONED,,,4739,531,0.4991918559689074,"\{'nu':0.5,'kernel':'rbf','gamma':'auto'\}"
ABANDONED,,,2473,4780,0.5946376945991068,"\{'nu':0.5,'kernel':'rbf','gamma':'auto'\}"
ABANDONED,,,1911,1796,0.3968961235173046,"\{'nu':0.5,'kernel':'rbf','gamma':'auto'\}"
ABANDONED,,,4649,3525,0.5078124583251774,"\{'nu':0.5,'kernel':'rbf','gamma':'auto'\}"
ABANDONED,,,3010,960,0.1669461448024958,"\{'nu':0.5,'kernel':'rbf','gamma':'auto'\}"
ABANDONED,,,433,4350,0.8006256618928164,"\{'nu':0.5,'kernel':'rbf','gamma':'auto'\}"
ABANDONED,,,986,103,0.6454624689351767,"\{'nu':0.5,'kernel':'rbf','gamma':'auto'\}"
ABANDONED,,,3717,4584,0.2616521779429167,"\{'nu':0.5,'kernel':'rbf','gamma':'auto'\}"
ABANDONED,,,3939,2187,0.9143982205577194,"\{'nu':0.5,'kernel':'rbf','gamma':'auto'\}"
ABANDONED,,,1360,2508,0.0546050455160438,"\{'nu':0.5,'kernel':'rbf','gamma':'auto'\}"
ABANDONED,,,1401,1708,0.879166887640953,"\{'nu':0.5,'kernel':'rbf','gamma':'auto'\}"
ABANDONED,,,3975,3613,0.0275365419983863,"\{'nu':0.5,'kernel':'rbf','gamma':'auto'\}"
ABANDONED,,,3681,1204,0.6807699209023266,"\{'nu':0.5,'kernel':'rbf','gamma':'auto'\}"
ABANDONED,,,945,4106,0.2887968005109578,"\{'nu':0.5,'kernel':'rbf','gamma':'auto'\}"
ABANDONED,,,392,191,0.1320802941191941,"\{'nu':0.5,'kernel':'rbf','gamma':'auto'\}"
ABANDONED,,,2974,4496,0.7731916835773736,"\{'nu':0.5,'kernel':'rbf','gamma':'auto'\}"
ABANDONED,,,4685,1943,0.4318380932509899,"\{'nu':0.5,'kernel':'rbf','gamma':'auto'\}"
ABANDONED,,,1951,2752,0.5353225556910038,"\{'nu':0.5,'kernel':'rbf','gamma':'auto'\}"
ABANDONED,,,2437,698,0.4562093403022736,"\{'nu':0.5,'kernel':'rbf','gamma':'auto'\}"
ABANDONED,,,4698,3987,0.5751681059878319,"\{'nu':0.5,'kernel':'rbf','gamma':'auto'\}"
ABANDONED,,,2645,1436,0.2342998907901346,"\{'nu':0.5,'kernel':'rbf','gamma':'auto'\}"
ABANDONED,,,222,3261,0.8599407840706407,"\{'nu':0.5,'kernel':'rbf','gamma':'auto'\}"
ABANDONED,,,919,2449,0.7031024812497197,"\{'nu':0.5,'kernel':'rbf','gamma':'auto'\}"
ABANDONED,,,3188,2870,0.3268435093797743,"\{'nu':0.5,'kernel':'rbf','gamma':'auto'\}"
ABANDONED,,,4158,463,0.9795914536695928,"\{'nu':0.5,'kernel':'rbf','gamma':'auto'\}"
ABANDONED,,,1737,4849,0.1122431524377316,"\{'nu':0.5,'kernel':'rbf','gamma':'auto'\}"
ABANDONED,,,1565,483,0.6170968901440501,"\{'nu':0.5,'kernel':'rbf','gamma':'auto'\}"
ABANDONED,,,4300,4828,0.4747365541383624,"\{'nu':0.5,'kernel':'rbf','gamma':'auto'\}"
ABANDONED,,,3356,2237,0.8160968068335204,"\{'nu':0.5,'kernel':'rbf','gamma':'auto'\}"
ABANDONED,,,781,3085,0.2138498697374016,"\{'nu':0.5,'kernel':'rbf','gamma':'auto'\}"
ABANDONED,,,72,1376,0.3706834434662014,"\{'nu':0.5,'kernel':'rbf','gamma':'auto'\}"
ABANDONED,,,2805,3320,0.7235560732875019,"\{'nu':0.5,'kernel':'rbf','gamma':'auto'\}"
ABANDONED,,,4853,873,0.0703255496844649,"\{'nu':0.5,'kernel':'rbf','gamma':'auto'\}"
ABANDONED,,,2271,3814,0.9610525788292288,"\{'nu':0.5,'kernel':'rbf','gamma':'auto'\}"
ABANDONED,,,2092,2118,0.0460749409552663,"\{'nu':0.5,'kernel':'rbf','gamma':'auto'\}"
ABANDONED,,,4516,2578,0.9210849662777036,"\{'nu':0.5,'kernel':'rbf','gamma':'auto'\}"
ABANDONED,,,2828,130,0.2683436843566596,"\{'nu':0.5,'kernel':'rbf','gamma':'auto'\}"
ABANDONED,,,566,4555,0.6369295109324156,"\{'nu':0.5,'kernel':'rbf','gamma':'auto'\}"
ABANDONED,,,1107,991,0.7936412287466227,"\{'nu':0.5,'kernel':'rbf','gamma':'auto'\}"
ABANDONED,,,3527,4320,0.1759247472397983,"\{'nu':0.5,'kernel':'rbf','gamma':'auto'\}"
ABANDONED,,,3819,1728,0.5167958177383988,"\{'nu':0.5,'kernel':'rbf','gamma':'auto'\}"
ABANDONED,,,1549,3592,0.3899088332112878,"\{'nu':0.5,'kernel':'rbf','gamma':'auto'\}"
ABANDONED,,,1414,1152,0.244198575835675,"\{'nu':0.5,'kernel':'rbf','gamma':'auto'\}"
ABANDONED,,,3837,4169,0.8505895063094794,"\{'nu':0.5,'kernel':'rbf','gamma':'auto'\}"
ABANDONED,,,3507,1567,0.4434497552867978,"\{'nu':0.5,'kernel':'rbf','gamma':'auto'\}"
ABANDONED,,,1245,3743,0.5894515517111867,"\{'nu':0.5,'kernel':'rbf','gamma':'auto'\}"
ABANDONED,,,545,1957,0.9941176297124475,"\{'nu':0.5,'kernel':'rbf','gamma':'auto'\}"
ABANDONED,,,2966,2730,0.0992389930542558,"\{'nu':0.5,'kernel':'rbf','gamma':'auto'\}"
ABANDONED,,,4380,291,0.6935084731690586,"\{'nu':0.5,'kernel':'rbf','gamma':'auto'\}"
ABANDONED,,,2111,4404,0.3369867687933146,"\{'nu':0.5,'kernel':'rbf','gamma':'auto'\}"
ABANDONED,,,2253,1527,0.6711153640840202,"\{'nu':0.5,'kernel':'rbf','gamma':'auto'\}"
ABANDONED,,,4989,3159,0.2988766558859497,"\{'nu':0.5,'kernel':'rbf','gamma':'auto'\}"
ABANDONED,,,2667,721,0.893635370247066,"\{'nu':0.5,'kernel':'rbf','gamma':'auto'\}"
ABANDONED,,,93,3975,0.0144699303433299,"\{'nu':0.5,'kernel':'rbf','gamma':'auto'\}"
ABANDONED,,,643,331,0.4190141524299978,"\{'nu':0.5,'kernel':'rbf','gamma':'auto'\}"
ABANDONED,,,3377,4988,0.5495464044436811,"\{'nu':0.5,'kernel':'rbf','gamma':'auto'\}"
ABANDONED,,,4282,2388,0.1419174786601215,"\{'nu':0.5,'kernel':'rbf','gamma':'auto'\}"
ABANDONED,,,1700,2923,0.7637817606125026,"\{'nu':0.5,'kernel':'rbf','gamma':'auto'\}"
ABANDONED,,,1875,2289,0.2550324388481676,"\{'nu':0.5,'kernel':'rbf','gamma':'auto'\}"
ABANDONED,,,4137,3022,0.6506660549975931,"\{'nu':0.5,'kernel':'rbf','gamma':'auto'\}"
ABANDONED,,,3206,624,0.0563994301836937,"\{'nu':0.5,'kernel':'rbf','gamma':'auto'\}"
ABANDONED,,,783,4698,0.9121623480003326,"\{'nu':0.5,'kernel':'rbf','gamma':'auto'\}"
ABANDONED,,,240,859,0.5076285656075925,"\{'nu':0.5,'kernel':'rbf','gamma':'auto'\}"
ABANDONED,,,2509,3836,0.4004759932737797,"\{'nu':0.5,'kernel':'rbf','gamma':'auto'\}"
ABANDONED,,,4836,1275,0.8076224066652357,"\{'nu':0.5,'kernel':'rbf','gamma':'auto'\}"
ABANDONED,,,2416,3412,0.1623708308972418,"\{'nu':0.5,'kernel':'rbf','gamma':'auto'\}"
ABANDONED,,,1972,39,0.8301356781888753,"\{'nu':0.5,'kernel':'rbf','gamma':'auto'\}"
ABANDONED,,,4547,4657,0.2003584056664258,"\{'nu':0.5,'kernel':'rbf','gamma':'auto'\}"
ABANDONED,,,3109,2094,0.6079901867508887,"\{'nu':0.5,'kernel':'rbf','gamma':'auto'\}"
ABANDONED,,,374,2591,0.4853671182394027,"\{'nu':0.5,'kernel':'rbf','gamma':'auto'\}"
ABANDONED,,,1080,1859,0.0807115394175052,"\{'nu':0.5,'kernel':'rbf','gamma':'auto'\}"
ABANDONED,,,3663,3452,0.9521886057555676,"\{'nu':0.5,'kernel':'rbf','gamma':'auto'\}"
ABANDONED,,,3996,1053,0.3574365537632256,"\{'nu':0.5,'kernel':'rbf','gamma':'auto'\}"
ABANDONED,,,1263,4267,0.7373522143233567,"\{'nu':0.5,'kernel':'rbf','gamma':'auto'\}"
ABANDONED,,,1285,2487,0.0669135729223489,"\{'nu':0.5,'kernel':'rbf','gamma':'auto'\}"
ABANDONED,,,4023,2828,0.965439440086484,"\{'nu':0.5,'kernel':'rbf','gamma':'auto'\}"
ABANDONED,,,3635,422,0.3750683714468032,"\{'nu':0.5,'kernel':'rbf','gamma':'auto'\}"
ABANDONED,,,1059,4884,0.7201459703166037,"\{'nu':0.5,'kernel':'rbf','gamma':'auto'\}"
ABANDONED,,,361,655,0.8126829860229045,"\{'nu':0.5,'kernel':'rbf','gamma':'auto'\}"
ABANDONED,,,3093,4025,0.2182385750431567,"\{'nu':0.5,'kernel':'rbf','gamma':'auto'\}"
ABANDONED,,,4564,1471,0.6214798551052809,"\{'nu':0.5,'kernel':'rbf','gamma':'auto'\}"
ABANDONED,,,1985,3220,0.4713284141868352,"\{'nu':0.5,'kernel':'rbf','gamma':'auto'\}"
ABANDONED,,,2399,226,0.5211804557275027,"\{'nu':0.5,'kernel':'rbf','gamma':'auto'\}"
ABANDONED,,,4825,4456,0.3864985592197626,"\{'nu':0.5,'kernel':'rbf','gamma':'auto'\}"
ABANDONED,,,2521,1900,0.7902290809638797,"\{'nu':0.5,'kernel':'rbf','gamma':'auto'\}"
ABANDONED,,,257,2790,0.1803113185055554,"\{'nu':0.5,'kernel':'rbf','gamma':'auto'\}"
ABANDONED,,,810,1668,0.2727264782972633,"\{'nu':0.5,'kernel':'rbf','gamma':'auto'\}"
ABANDONED,,,3228,3649,0.6335210809893906,"\{'nu':0.5,'kernel':'rbf','gamma':'auto'\}"
ABANDONED,,,4115,1242,0.0426608301531523,"\{'nu':0.5,'kernel':'rbf','gamma':'auto'\}"
ABANDONED,,,1848,4063,0.9254735005628316,"\{'nu':0.5,'kernel':'rbf','gamma':'auto'\}"
ABANDONED,,,1688,949,0.4362211251333356,"\{'nu':0.5,'kernel':'rbf','gamma':'auto'\}"
ABANDONED,,,4265,4358,0.5319143636897206,"\{'nu':0.5,'kernel':'rbf','gamma':'auto'\}"
ABANDONED,,,3393,1764,0.128666421258822,"\{'nu':0.5,'kernel':'rbf','gamma':'auto'\}"
ABANDONED,,,656,3552,0.7775804558042437,"\{'nu':0.5,'kernel':'rbf','gamma':'auto'\}"
ABANDONED,,,115,2156,0.6851547968331724,"\{'nu':0.5,'kernel':'rbf','gamma':'auto'\}"
ABANDONED,,,2694,2536,0.2853867644611746,"\{'nu':0.5,'kernel':'rbf','gamma':'auto'\}"
ABANDONED,,,4962,90,0.875754977799952,"\{'nu':0.5,'kernel':'rbf','gamma':'auto'\}"
ABANDONED,,,2231,4591,0.0319233512058854,"\{'nu':0.5,'kernel':'rbf','gamma':'auto'\}"
ABANDONED,,,2138,1335,0.9761773949172348,"\{'nu':0.5,'kernel':'rbf','gamma':'auto'\}"
ABANDONED,,,4402,3355,0.1166316198017448,"\{'nu':0.5,'kernel':'rbf','gamma':'auto'\}"
ABANDONED,,,2944,911,0.7074852082692086,"\{'nu':0.5,'kernel':'rbf','gamma':'auto'\}"
ABANDONED,,,518,3771,0.3234351314865052,"\{'nu':0.5,'kernel':'rbf','gamma':'auto'\}"
ABANDONED,,,1227,519,0.2308876760862767,"\{'nu':0.5,'kernel':'rbf','gamma':'auto'\}"
ABANDONED,,,3495,4787,0.8643274073861539,"\{'nu':0.5,'kernel':'rbf','gamma':'auto'\}"
ABANDONED,,,3849,2194,0.4605940303411334,"\{'nu':0.5,'kernel':'rbf','gamma':'auto'\}"
ABANDONED,,,1431,3123,0.5717577650751918,"\{'nu':0.5,'kernel':'rbf','gamma':'auto'\}"
ABANDONED,,,1527,367,0.81103058379516,"\{'nu':0.5,'kernel':'rbf','gamma':'auto'\}"
ABANDONED,,,3792,4948,0.1579877841435372,"\{'nu':0.5,'kernel':'rbf','gamma':'auto'\}"
ABANDONED,,,3554,2345,0.5032398379947989,"\{'nu':0.5,'kernel':'rbf','gamma':'auto'\}"
ABANDONED,,,1129,2961,0.4038899107482284,"\{'nu':0.5,'kernel':'rbf','gamma':'auto'\}"
ABANDONED,,,579,1486,0.0598094513621181,"\{'nu':0.5,'kernel':'rbf','gamma':'auto'\}"
ABANDONED,,,2845,3194,0.907777457198128,"\{'nu':0.5,'kernel':'rbf','gamma':'auto'\}"
ABANDONED,,,4499,759,0.2506456742547451,"\{'nu':0.5,'kernel':'rbf','gamma':'auto'\}"
ABANDONED,,,2080,3932,0.6540780094526708,"\{'nu':0.5,'kernel':'rbf','gamma':'auto'\}"
ABANDONED,,,2289,1995,0.353048131013289,"\{'nu':0.5,'kernel':'rbf','gamma':'auto'\}"
ABANDONED,,,4865,2687,0.7407663176897912,"\{'nu':0.5,'kernel':'rbf','gamma':'auto'\}"
ABANDONED,,,2793,251,0.0841199024394154,"\{'nu':0.5,'kernel':'rbf','gamma':'auto'\}"
ABANDONED,,,55,4439,0.9478058638647198,"\{'nu':0.5,'kernel':'rbf','gamma':'auto'\}"
ABANDONED,,,755,1110,0.6036036080494523,"\{'nu':0.5,'kernel':'rbf','gamma':'auto'\}"
ABANDONED,,,3334,4207,0.4887793775573373,"\{'nu':0.5,'kernel':'rbf','gamma':'auto'\}"
ABANDONED,,,4322,1602,0.8335460042301565,"\{'nu':0.5,'kernel':'rbf','gamma':'auto'\}"
ABANDONED,,,1591,3703,0.195973700756207,"\{'nu':0.5,'kernel':'rbf','gamma':'auto'\}"
ABANDONED,,,1750,1819,0.68912165652588,"\{'nu':0.5,'kernel':'rbf','gamma':'auto'\}"
ABANDONED,,,4175,3488,0.3403987901695072,"\{'nu':0.5,'kernel':'rbf','gamma':'auto'\}"
ABANDONED,,,3171,1091,0.9975277178119868,"\{'nu':0.5,'kernel':'rbf','gamma':'auto'\}"
ABANDONED,,,906,4225,0.0948540502022951,"\{'nu':0.5,'kernel':'rbf','gamma':'auto'\}"
ABANDONED,,,200,75,0.4390610945951193,"\{'nu':0.5,'kernel':'rbf','gamma':'auto'\}"
ABANDONED,,,2618,4617,0.5928654171358793,"\{'nu':0.5,'kernel':'rbf','gamma':'auto'\}"
ABANDONED,,,4726,2052,0.2476067009158432,"\{'nu':0.5,'kernel':'rbf','gamma':'auto'\}"
ABANDONED,,,2459,2629,0.8462065264768898,"\{'nu':0.5,'kernel':'rbf','gamma':'auto'\}"
ABANDONED,,,1925,816,0.1453277377802878,"\{'nu':0.5,'kernel':'rbf','gamma':'auto'\}"
ABANDONED,,,4663,3874,0.75939710775204,"\{'nu':0.5,'kernel':'rbf','gamma':'auto'\}"
ABANDONED,,,2996,1310,0.4146276257783174,"\{'nu':0.5,'kernel':'rbf','gamma':'auto'\}"
ABANDONED,,,419,3372,0.5529585968405007,"\{'nu':0.5,'kernel':'rbf','gamma':'auto'\}"
ABANDONED,,,962,2326,0.8970437853187323,"\{'nu':0.5,'kernel':'rbf','gamma':'auto'\}"
ABANDONED,,,3693,2980,0.0100871215313673,"\{'nu':0.5,'kernel':'rbf','gamma':'auto'\}"
ABANDONED,,,3963,584,0.6667268744129687,"\{'nu':0.5,'kernel':'rbf','gamma':'auto'\}"
ABANDONED,,,1384,4733,0.3022908113021403,"\{'nu':0.5,'kernel':'rbf','gamma':'auto'\}"
ABANDONED,,,1348,729,0.631725400654599,"\{'nu':0.5,'kernel':'rbf','gamma':'auto'\}"
ABANDONED,,,3922,3962,0.2749639104884117,"\{'nu':0.5,'kernel':'rbf','gamma':'auto'\}"
ABANDONED,,,3734,1554,0.9320909364558756,"\{'nu':0.5,'kernel':'rbf','gamma':'auto'\}"
ABANDONED,,,998,3128,0.0374596997238695,"\{'nu':0.5,'kernel':'rbf','gamma':'auto'\}"
ABANDONED,,,455,2414,0.3795043295659125,"\{'nu':0.5,'kernel':'rbf','gamma':'auto'\}"
ABANDONED,,,3037,2892,0.5257535259164869,"\{'nu':0.5,'kernel':'rbf','gamma':'auto'\}"
ABANDONED,,,4622,340,0.1804967113714665,"\{'nu':0.5,'kernel':'rbf','gamma':'auto'\}"
ABANDONED,,,1889,4977,0.7866478560548275,"\{'nu':0.5,'kernel':'rbf','gamma':'auto'\}"
ABANDONED,,,2499,1595,0.2048844860792159,"\{'nu':0.5,'kernel':'rbf','gamma':'auto'\}"
ABANDONED,,,4762,3712,0.8265089822411537,"\{'nu':0.5,'kernel':'rbf','gamma':'auto'\}"
ABANDONED,,,2582,1159,0.4817376023102551,"\{'nu':0.5,'kernel':'rbf','gamma':'auto'\}"
ABANDONED,,,159,4156,0.612517254250124,"\{'nu':0.5,'kernel':'rbf','gamma':'auto'\}"
ABANDONED,,,866,299,0.9544400281775742,"\{'nu':0.5,'kernel':'rbf','gamma':'auto'\}"
ABANDONED,,,3135,4392,0.0755219882000237,"\{'nu':0.5,'kernel':'rbf','gamma':'auto'\}"
ABANDONED,,,4211,1983,0.7321636390388012,"\{'nu':0.5,'kernel':'rbf','gamma':'auto'\}"
ABANDONED,,,1791,2697,0.3596851450502872,"\{'nu':0.5,'kernel':'rbf','gamma':'auto'\}"
ABANDONED,,,1628,2083,0.8684270608779043,"\{'nu':0.5,'kernel':'rbf','gamma':'auto'\}"
ABANDONED,,,4364,2599,0.2234228850360959,"\{'nu':0.5,'kernel':'rbf','gamma':'auto'\}"
ABANDONED,,,3292,7,0.5686768442802131,"\{'nu':0.5,'kernel':'rbf','gamma':'auto'\}"
ABANDONED,,,718,4683,0.4612844861559569,"\{'nu':0.5,'kernel':'rbf','gamma':'auto'\}"
ABANDONED,,,18,1022,0.1193664413206279,"\{'nu':0.5,'kernel':'rbf','gamma':'auto'\}"
ABANDONED,,,2751,4295,0.9748895733468234,"\{'nu':0.5,'kernel':'rbf','gamma':'auto'\}"
ABANDONED,,,4907,1846,0.3177558850105852,"\{'nu':0.5,'kernel':'rbf','gamma':'auto'\}"
ABANDONED,,,2326,3459,0.7136369010861962,"\{'nu':0.5,'kernel':'rbf','gamma':'auto'\}"
ABANDONED,,,2038,591,0.2934911243245005,"\{'nu':0.5,'kernel':'rbf','gamma':'auto'\}"
ABANDONED,,,4461,4724,0.6736541848108172,"\{'nu':0.5,'kernel':'rbf','gamma':'auto'\}"
ABANDONED,,,2882,2277,0.0170096786711365,"\{'nu':0.5,'kernel':'rbf','gamma':'auto'\}"
ABANDONED,,,620,3030,0.8882469592187554,"\{'nu':0.5,'kernel':'rbf','gamma':'auto'\}"
ABANDONED,,,1171,1262,0.546207117954269,"\{'nu':0.5,'kernel':'rbf','gamma':'auto'\}"
ABANDONED,,,3592,3419,0.4233442636523395,"\{'nu':0.5,'kernel':'rbf','gamma':'auto'\}"
ABANDONED,,,3754,828,0.7681089812144636,"\{'nu':0.5,'kernel':'rbf','gamma':'auto'\}"
ABANDONED,,,1485,3863,0.1385791086181998,"\{'nu':0.5,'kernel':'rbf','gamma':'auto'\}"
ABANDONED,,,1467,1423,0.4957796635720878,"\{'nu':0.5,'kernel':'rbf','gamma':'auto'\}"
ABANDONED,,,3890,3268,0.5990242212507872,"\{'nu':0.5,'kernel':'rbf','gamma':'auto'\}"
ABANDONED,,,3454,667,0.1957781767770647,"\{'nu':0.5,'kernel':'rbf','gamma':'auto'\}"
ABANDONED,,,1191,4015,0.8371370851323008,"\{'nu':0.5,'kernel':'rbf','gamma':'auto'\}"
ABANDONED,,,483,431,0.7425490116104483,"\{'nu':0.5,'kernel':'rbf','gamma':'auto'\}"
ABANDONED,,,2903,4875,0.350823410116136,"\{'nu':0.5,'kernel':'rbf','gamma':'auto'\}"
ABANDONED,,,4443,2438,0.9411897254977374,"\{'nu':0.5,'kernel':'rbf','gamma':'auto'\}"
ABANDONED,,,2173,2879,0.0893194750938564,"\{'nu':0.5,'kernel':'rbf','gamma':'auto'\}"
ABANDONED,,,2190,1173,0.91878316340968,"\{'nu':0.5,'kernel':'rbf','gamma':'auto'\}"
ABANDONED,,,4925,4134,0.0511949574165046,"\{'nu':0.5,'kernel':'rbf','gamma':'auto'\}"
ABANDONED,,,2730,1695,0.6420504475589841,"\{'nu':0.5,'kernel':'rbf','gamma':'auto'\}"
ABANDONED,,,156,3620,0.2660389945860952,"\{'nu':0.5,'kernel':'rbf','gamma':'auto'\}"
ABANDONED,,,697,1931,0.1713291246350854,"\{'nu':0.5,'kernel':'rbf','gamma':'auto'\}"
ABANDONED,,,3430,2760,0.7972175368126481,"\{'nu':0.5,'kernel':'rbf','gamma':'auto'\}"
ABANDONED,,,4229,158,0.393482258092612,"\{'nu':0.5,'kernel':'rbf','gamma':'auto'\}"
ABANDONED,,,1647,4522,0.5122011190168559,"\{'nu':0.5,'kernel':'rbf','gamma':'auto'\}"
ABANDONED,,,1811,138,0.0073547872472554,"\{'nu':0.5,'kernel':'rbf','gamma':'auto'\}"
ABANDONED,,,4073,4544,0.8983293352890759,"\{'nu':0.5,'kernel':'rbf','gamma':'auto'\}"
ABANDONED,,,3271,2144,0.3079563575387,"\{'nu':0.5,'kernel':'rbf','gamma':'auto'\}"
ABANDONED,,,847,2546,0.6605890825986862,"\{'nu':0.5,'kernel':'rbf','gamma':'auto'\}"
ABANDONED,,,294,1756,0.7552885128557681,"\{'nu':0.5,'kernel':'rbf','gamma':'auto'\}"
ABANDONED,,,2564,3561,0.1528016709983348,"\{'nu':0.5,'kernel':'rbf','gamma':'auto'\}"
ABANDONED,,,4782,998,0.5560448601711541,"\{'nu':0.5,'kernel':'rbf','gamma':'auto'\}"
ABANDONED,,,2362,4307,0.413932043062523,"\{'nu':0.5,'kernel':'rbf','gamma':'auto'\}"
ABANDONED,,,2027,2263,0.5785749121643602,"\{'nu':0.5,'kernel':'rbf','gamma':'auto'\}"
ABANDONED,,,4601,3052,0.4519354465343057,"\{'nu':0.5,'kernel':'rbf','gamma':'auto'\}"
ABANDONED,,,3055,491,0.8556640628855675,"\{'nu':0.5,'kernel':'rbf','gamma':'auto'\}"
ABANDONED,,,319,4816,0.2377076766174286,"\{'nu':0.5,'kernel':'rbf','gamma':'auto'\}"
ABANDONED,,,1017,879,0.3322852509599178,"\{'nu':0.5,'kernel':'rbf','gamma':'auto'\}"
ABANDONED,,,3598,3801,0.7006311727743596,"\{'nu':0.5,'kernel':'rbf','gamma':'auto'\}"
ABANDONED,,,4060,1403,0.1097728273309767,"\{'nu':0.5,'kernel':'rbf','gamma':'auto'\}"
ABANDONED,,,1327,3288,0.9850303715504704,"\{'nu':0.5,'kernel':'rbf','gamma':'auto'\}"
ABANDONED,,,1318,1389,0.6003056927509605,"\{'nu':0.5,'kernel':'rbf','gamma':'auto'\}"
ABANDONED,,,4049,3292,0.4930365289635956,"\{'nu':0.5,'kernel':'rbf','gamma':'auto'\}"
ABANDONED,,,3607,896,0.8378012781273573,"\{'nu':0.5,'kernel':'rbf','gamma':'auto'\}"
ABANDONED,,,1028,3795,0.1926777150165289,"\{'nu':0.5,'kernel':'rbf','gamma':'auto'\}"
ABANDONED,,,328,503,0.3495388602446764,"\{'nu':0.5,'kernel':'rbf','gamma':'auto'\}"
ABANDONED,,,3067,4811,0.7452957302164285,"\{'nu':0.5,'kernel':'rbf','gamma':'auto'\}"
ABANDONED,,,4592,2247,0.0886512519605457,"\{'nu':0.5,'kernel':'rbf','gamma':'auto'\}"
ABANDONED,,,2015,3059,0.9442947230227292,"\{'nu':0.5,'kernel':'rbf','gamma':'auto'\}"
COMPLETED,0.55,0.0,2353,1012,0.0486995815057307,"\{'nu':0.5,'kernel':'rbf','gamma':'auto'\}"
COMPLETED,0.55,0.0,4772,4304,0.9198164040464908,"\{'nu':0.5,'kernel':'rbf','gamma':'auto'\}"
COMPLETED,0.55,0.0,2571,1739,0.2626826841086148,"\{'nu':0.5,'kernel':'rbf','gamma':'auto'\}"
COMPLETED,0.55,0.0,305,3566,0.6429700096696614,"\{'nu':0.5,'kernel':'rbf','gamma':'auto'\}"
COMPLETED,0.55,0.0,855,2131,0.7997093584686517,"\{'nu':0.5,'kernel':'rbf','gamma':'auto'\}"
COMPLETED,0.55,0.0,3281,2550,0.1702989921122789,"\{'nu':0.5,'kernel':'rbf','gamma':'auto'\}"
COMPLETED,0.56,2.0,4065,153,0.5155529234725981,"\{'nu':0.5,'kernel':'rbf','gamma':'auto'\}"
COMPLETED,0.55,0.0,1801,4537,0.3925667558629065,"\{'nu':0.5,'kernel':'rbf','gamma':'auto'\}"
COMPLETED,0.55,1.0,1657,172,0.9013163137100636,"\{'nu':0.5,'kernel':'rbf','gamma':'auto'\}"
COMPLETED,0.55,0.0,4237,4519,0.0068045832179486,"\{'nu':0.5,'kernel':'rbf','gamma':'auto'\}"
COMPLETED,0.55,0.0,3419,1915,0.6634462061729282,"\{'nu':0.5,'kernel':'rbf','gamma':'auto'\}"
COMPLETED,0.55,0.0,689,2766,0.3065614026989788,"\{'nu':0.5,'kernel':'rbf','gamma':'auto'\}"
COMPLETED,0.55,0.0,145,1682,0.1498116142060607,"\{'nu':0.5,'kernel':'rbf','gamma':'auto'\}"
COMPLETED,0.55,0.0,2722,3625,0.7558423008825629,"\{'nu':0.5,'kernel':'rbf','gamma':'auto'\}"
COMPLETED,0.55,0.0,4936,1189,0.4110708893500268,"\{'nu':0.5,'kernel':'rbf','gamma':'auto'\}"
COMPLETED,0.55,0.0,2198,4127,0.5574443507753312,"\{'nu':0.5,'kernel':'rbf','gamma':'auto'\}"
COMPLETED,0.55,0.0,2185,2424,0.4511455775443464,"\{'nu':0.5,'kernel':'rbf','gamma':'auto'\}"
COMPLETED,0.55,0.0,4452,2882,0.5818010833803564,"\{'nu':0.5,'kernel':'rbf','gamma':'auto'\}"
COMPLETED,0.56,1.0,2891,447,0.2365442967191338,"\{'nu':0.5,'kernel':'rbf','gamma':'auto'\}"
COMPLETED,0.55,0.0,473,4870,0.8582891319170594,"\{'nu':0.5,'kernel':'rbf','gamma':'auto'\}"
COMPLETED,0.55,1.0,1180,680,0.7014174875095486,"\{'nu':0.5,'kernel':'rbf','gamma':'auto'\}"
COMPLETED,0.55,0.0,3445,4011,0.3290621878579259,"\{'nu':0.5,'kernel':'rbf','gamma':'auto'\}"
COMPLETED,0.55,0.0,3901,1408,0.9861892454270272,"\{'nu':0.5,'kernel':'rbf','gamma':'auto'\}"
COMPLETED,0.55,0.0,1476,3274,0.1071518181804567,"\{'nu':0.5,'kernel':'rbf','gamma':'auto'\}"
COMPLETED,0.55,1.0,1497,831,0.2762374704256653,"\{'nu':0.5,'kernel':'rbf','gamma':'auto'\}"
COMPLETED,0.55,0.0,3763,3849,0.6289897017255425,"\{'nu':0.5,'kernel':'rbf','gamma':'auto'\}"
COMPLETED,0.55,0.0,3580,1256,0.0381313283983618,"\{'nu':0.5,'kernel':'rbf','gamma':'auto'\}"
COMPLETED,0.55,0.0,1162,3435,0.9289825631324202,"\{'nu':0.5,'kernel':'rbf','gamma':'auto'\}"
COMPLETED,0.55,0.0,609,2272,0.5244764117244631,"\{'nu':0.5,'kernel':'rbf','gamma':'auto'\}"
COMPLETED,0.55,0.0,2873,3043,0.3822431366089731,"\{'nu':0.5,'kernel':'rbf','gamma':'auto'\}"
COMPLETED,0.55,1.0,4473,598,0.7859717213585972,"\{'nu':0.5,'kernel':'rbf','gamma':'auto'\}"
COMPLETED,0.55,0.0,2047,4708,0.1836091445758938,"\{'nu':0.5,'kernel':'rbf','gamma':'auto'\}"
COMPLETED,0.55,0.0,2336,1843,0.824006170650944,"\{'nu':0.5,'kernel':'rbf','gamma':'auto'\}"
COMPLETED,0.55,0.0,4915,3473,0.2059256382789462,"\{'nu':0.5,'kernel':'rbf','gamma':'auto'\}"
COMPLETED,0.55,0.0,2741,1027,0.6091688553355634,"\{'nu':0.5,'kernel':'rbf','gamma':'auto'\}"
COMPLETED,0.55,0.0,10,4278,0.4826497287414968,"\{'nu':0.5,'kernel':'rbf','gamma':'auto'\}"
COMPLETED,0.55,12.0,707,11,0.0780217214189469,"\{'nu':0.5,'kernel':'rbf','gamma':'auto'\}"
COMPLETED,0.55,0.0,3284,4671,0.953402459975332,"\{'nu':0.5,'kernel':'rbf','gamma':'auto'\}"
COMPLETED,0.55,0.0,4375,2076,0.3630295138265937,"\{'nu':0.5,'kernel':'rbf','gamma':'auto'\}"
COMPLETED,0.55,0.0,1637,2614,0.7312560483720154,"\{'nu':0.5,'kernel':'rbf','gamma':'auto'\}"
COMPLETED,0.55,1.0,1783,1980,0.226402070865035,"\{'nu':0.5,'kernel':'rbf','gamma':'auto'\}"
COMPLETED,0.55,0.0,4200,2711,0.8678841735571622,"\{'nu':0.5,'kernel':'rbf','gamma':'auto'\}"
COMPLETED,0.56,1.0,3143,305,0.4641489264387637,"\{'nu':0.5,'kernel':'rbf','gamma':'auto'\}"
COMPLETED,0.55,0.0,876,4376,0.567274096848443,"\{'nu':0.5,'kernel':'rbf','gamma':'auto'\}"
COMPLETED,0.55,0.0,167,1164,0.971906833263114,"\{'nu':0.5,'kernel':'rbf','gamma':'auto'\}"
COMPLETED,0.55,0.0,2592,4143,0.119912436755374,"\{'nu':0.5,'kernel':'rbf','gamma':'auto'\}"
COMPLETED,0.55,0.0,4754,1588,0.7107679547816514,"\{'nu':0.5,'kernel':'rbf','gamma':'auto'\}"
COMPLETED,0.55,0.0,2489,3728,0.319162692323327,"\{'nu':0.5,'kernel':'rbf','gamma':'auto'\}"
COMPLETED,0.55,1.0,1879,343,0.6728569991122931,"\{'nu':0.5,'kernel':'rbf','gamma':'auto'\}"
COMPLETED,0.55,0.0,4610,4963,0.2967250881325453,"\{'nu':0.5,'kernel':'rbf','gamma':'auto'\}"
COMPLETED,0.55,0.0,3046,2409,0.8870913719125091,"\{'nu':0.5,'kernel':'rbf','gamma':'auto'\}"
COMPLETED,0.55,0.0,466,2908,0.0196274309940636,"\{'nu':0.5,'kernel':'rbf','gamma':'auto'\}"
COMPLETED,0.55,0.0,1008,1550,0.4241383709795772,"\{'nu':0.5,'kernel':'rbf','gamma':'auto'\}"
COMPLETED,0.55,0.0,3745,3141,0.5429767381437122,"\{'nu':0.5,'kernel':'rbf','gamma':'auto'\}"
COMPLETED,0.55,1.0,3913,735,0.1397306657861918,"\{'nu':0.5,'kernel':'rbf','gamma':'auto'\}"
COMPLETED,0.55,0.0,1336,3947,0.7654957646559923,"\{'nu':0.5,'kernel':'rbf','gamma':'auto'\}"
COMPLETED,0.55,1.0,1373,567,0.1592616284955293,"\{'nu':0.5,'kernel':'rbf','gamma':'auto'\}"
COMPLETED,0.55,0.0,3955,4739,0.808295050309971,"\{'nu':0.5,'kernel':'rbf','gamma':'auto'\}"
COMPLETED,0.55,0.0,3703,2340,0.4045617011487483,"\{'nu':0.5,'kernel':'rbf','gamma':'auto'\}"
COMPLETED,0.55,0.0,970,2976,0.5001317453682422,"\{'nu':0.5,'kernel':'rbf','gamma':'auto'\}"
COMPLETED,0.55,0.0,429,1326,0.906500504732132,"\{'nu':0.5,'kernel':'rbf','gamma':'auto'\}"
COMPLETED,0.55,0.0,3004,3365,0.0625485391020774,"\{'nu':0.5,'kernel':'rbf','gamma':'auto'\}"
COMPLETED,0.55,1.0,4652,804,0.6534021591711789,"\{'nu':0.5,'kernel':'rbf','gamma':'auto'\}"
COMPLETED,0.55,0.0,1917,3879,0.25375827290304,"\{'nu':0.5,'kernel':'rbf','gamma':'auto'\}"
COMPLETED,0.55,0.0,2447,2068,0.7382633109129965,"\{'nu':0.5,'kernel':'rbf','gamma':'auto'\}"
COMPLETED,0.55,1.0,4717,2624,0.3540889690555631,"\{'nu':0.5,'kernel':'rbf','gamma':'auto'\}"
COMPLETED,0.55,1.0,2629,61,0.9444571545105428,"\{'nu':0.5,'kernel':'rbf','gamma':'auto'\}"
COMPLETED,0.55,0.0,209,4620,0.0850318374019116,"\{'nu':0.5,'kernel':'rbf','gamma':'auto'\}"
COMPLETED,0.55,0.0,918,1076,0.491278800336644,"\{'nu':0.5,'kernel':'rbf','gamma':'auto'\}"
COMPLETED,0.55,0.0,3180,4231,0.6025658483784646,"\{'nu':0.5,'kernel':'rbf','gamma':'auto'\}"
COMPLETED,0.55,0.0,4163,1832,0.1993178743459284,"\{'nu':0.5,'kernel':'rbf','gamma':'auto'\}"
COMPLETED,0.55,0.0,1740,3483,0.8326380994059144,"\{'nu':0.5,'kernel':'rbf','gamma':'auto'\}"
COMPLETED,0.55,0.0,1600,1619,0.3433781414423137,"\{'nu':0.5,'kernel':'rbf','gamma':'auto'\}"
COMPLETED,0.55,0.0,4334,3698,0.6885790536198764,"\{'nu':0.5,'kernel':'rbf','gamma':'auto'\}"
COMPLETED,0.55,0.0,3325,1096,0.0977187711820006,"\{'nu':0.5,'kernel':'rbf','gamma':'auto'\}"
COMPLETED,0.55,0.0,743,4210,0.9961251321062444,"\{'nu':0.5,'kernel':'rbf','gamma':'auto'\}"
COMPLETED,0.55,1.0,46,236,0.5898829577490687,"\{'nu':0.5,'kernel':'rbf','gamma':'auto'\}"
COMPLETED,0.55,0.0,2782,4446,0.4396072517558932,"\{'nu':0.5,'kernel':'rbf','gamma':'auto'\}"
COMPLETED,0.55,0.0,4874,2008,0.8433377456162124,"\{'nu':0.5,'kernel':'rbf','gamma':'auto'\}"
COMPLETED,0.55,0.0,2300,2683,0.2490137926433235,"\{'nu':0.5,'kernel':'rbf','gamma':'auto'\}"
COMPLETED,0.55,1.0,2088,743,0.7585996078960597,"\{'nu':0.5,'kernel':'rbf','gamma':'auto'\}"
COMPLETED,0.55,0.0,4509,3937,0.1485615064017474,"\{'nu':0.5,'kernel':'rbf','gamma':'auto'\}"
COMPLETED,0.55,0.0,2837,1500,0.5518028180655092,"\{'nu':0.5,'kernel':'rbf','gamma':'auto'\}"
COMPLETED,0.55,0.0,568,3191,0.4172450676616281,"\{'nu':0.5,'kernel':'rbf','gamma':'auto'\}"
COMPLETED,0.55,0.0,1121,2360,0.0108810373898595,"\{'nu':0.5,'kernel':'rbf','gamma':'auto'\}"
COMPLETED,0.55,0.0,3544,2955,0.8938130950685591,"\{'nu':0.5,'kernel':'rbf','gamma':'auto'\}"
COMPLETED,0.56,3.0,3799,354,0.3034420543126761,"\{'nu':0.5,'kernel':'rbf','gamma':'auto'\}"
COMPLETED,0.55,0.0,1538,4952,0.6641134626679122,"\{'nu':0.5,'kernel':'rbf','gamma':'auto'\}"
COMPLETED,0.55,0.0,1439,2199,0.9667206011470408,"\{'nu':0.5,'kernel':'rbf','gamma':'auto'\}"
COMPLETED,0.55,0.0,3859,3106,0.0641702468451112,"\{'nu':0.5,'kernel':'rbf','gamma':'auto'\}"
COMPLETED,0.55,1.0,3487,516,0.7208099681250751,"\{'nu':0.5,'kernel':'rbf','gamma':'auto'\}"
COMPLETED,0.55,0.0,1217,4801,0.3719675955288112,"\{'nu':0.5,'kernel':'rbf','gamma':'auto'\}"
COMPLETED,0.55,1.0,511,904,0.2169538299851119,"\{'nu':0.5,'kernel':'rbf','gamma':'auto'\}"
COMPLETED,0.55,0.0,2933,3787,0.8154293904714285,"\{'nu':0.5,'kernel':'rbf','gamma':'auto'\}"
COMPLETED,0.55,1.0,4410,1340,0.4706598806139081,"\{'nu':0.5,'kernel':'rbf','gamma':'auto'\}"
COMPLETED,0.55,1.0,2148,3343,0.6245846611615269,"\{'nu':0.5,'kernel':'rbf','gamma':'auto'\}"
COMPLETED,0.57,2.0,2240,85,0.3840033450350165,"\{'nu':0.5,'kernel':'rbf','gamma':'auto'\}"
COMPLETED,0.55,0.0,4973,4607,0.522213977061212,"\{'nu':0.5,'kernel':'rbf','gamma':'auto'\}"
COMPLETED,0.55,0.0,2685,2159,0.1769552924428135,"\{'nu':0.5,'kernel':'rbf','gamma':'auto'\}"
COMPLETED,0.55,0.0,103,2522,0.7911488085184246,"\{'nu':0.5,'kernel':'rbf','gamma':'auto'\}"
COMPLETED,0.55,0.0,647,1770,0.6360131870601325,"\{'nu':0.5,'kernel':'rbf','gamma':'auto'\}"
COMPLETED,0.55,0.0,3382,3537,0.2716965112183242,"\{'nu':0.5,'kernel':'rbf','gamma':'auto'\}"
COMPLETED,0.55,0.0,4274,944,0.9288254667446016,"\{'nu':0.5,'kernel':'rbf','gamma':'auto'\}"
COMPLETED,0.55,0.0,1699,4371,0.0417456086203455,"\{'nu':0.5,'kernel':'rbf','gamma':'auto'\}"
COMPLETED,0.55,0.0,1837,1237,0.5349011506419628,"\{'nu':0.5,'kernel':'rbf','gamma':'auto'\}"
COMPLETED,0.55,0.0,4106,4080,0.4356706106644123,"\{'nu':0.5,'kernel':'rbf','gamma':'auto'\}"
COMPLETED,0.55,1.0,3240,1671,0.7804372652210295,"\{'nu':0.5,'kernel':'rbf','gamma':'auto'\}"
COMPLETED,0.55,0.0,819,3635,0.1272712712325155,"\{'nu':0.5,'kernel':'rbf','gamma':'auto'\}"
COMPLETED,0.55,0.0,269,1907,0.2823963935114443,"\{'nu':0.5,'kernel':'rbf','gamma':'auto'\}"
COMPLETED,0.55,0.0,2531,2775,0.6857083896733819,"\{'nu':0.5,'kernel':'rbf','gamma':'auto'\}"
COMPLETED,0.57,3.0,4813,222,0.0290620060246437,"\{'nu':0.5,'kernel':'rbf','gamma':'auto'\}"
COMPLETED,0.55,0.0,2390,4469,0.8771541579645126,"\{'nu':0.5,'kernel':'rbf','gamma':'auto'\}"
COMPLETED,0.55,0.0,1974,1476,0.1158420315086841,"\{'nu':0.5,'kernel':'rbf','gamma':'auto'\}"
COMPLETED,0.55,0.0,4556,3204,0.9794037278592586,"\{'nu':0.5,'kernel':'rbf','gamma':'auto'\}"
COMPLETED,0.55,1.0,3103,652,0.3222719170320779,"\{'nu':0.5,'kernel':'rbf','gamma':'auto'\}"
COMPLETED,0.55,0.0,369,4039,0.7101105617154388,"\{'nu':0.5,'kernel':'rbf','gamma':'auto'\}"
COMPLETED,0.55,1.0,1069,416,0.8651138875652103,"\{'nu':0.5,'kernel':'rbf','gamma':'auto'\}"
COMPLETED,0.55,0.0,3643,4899,0.2276648973990231,"\{'nu':0.5,'kernel':'rbf','gamma':'auto'\}"
COMPLETED,0.55,0.0,4013,2491,0.5729169196486473,"\{'nu':0.5,'kernel':'rbf','gamma':'auto'\}"
COMPLETED,0.55,0.0,1277,2815,0.4579731829166412,"\{'nu':0.5,'kernel':'rbf','gamma':'auto'\}"
COMPLETED,0.55,0.0,1255,1040,0.8477243689317256,"\{'nu':0.5,'kernel':'rbf','gamma':'auto'\}"
COMPLETED,0.55,0.0,3986,4272,0.2456015779394656,"\{'nu':0.5,'kernel':'rbf','gamma':'auto'\}"
COMPLETED,0.55,0.0,3670,1875,0.5864726168364285,"\{'nu':0.5,'kernel':'rbf','gamma':'auto'\}"
COMPLETED,0.55,0.0,1091,3446,0.443991941794753,"\{'nu':0.5,'kernel':'rbf','gamma':'auto'\}"
COMPLETED,0.55,0.0,382,2108,0.1021072385460138,"\{'nu':0.5,'kernel':'rbf','gamma':'auto'\}"
COMPLETED,0.55,0.0,3119,2588,0.9927110733538866,"\{'nu':0.5,'kernel':'rbf','gamma':'auto'\}"
COMPLETED,0.5799999999999998,15.0,4539,23,0.3399697635490447,"\{'nu':0.5,'kernel':'rbf','gamma':'auto'\}"
COMPLETED,0.55,0.0,1962,4663,0.6929617806393653,"\{'nu':0.5,'kernel':'rbf','gamma':'auto'\}"
COMPLETED,0.55,0.0,2407,1288,0.3000320182628929,"\{'nu':0.5,'kernel':'rbf','gamma':'auto'\}"
COMPLETED,0.55,0.0,4825,3408,0.6684983385987578,"\{'nu':0.5,'kernel':'rbf','gamma':'auto'\}"
COMPLETED,0.55,1.0,2519,844,0.0152678465973585,"\{'nu':0.5,'kernel':'rbf','gamma':'auto'\}"
COMPLETED,0.55,0.0,251,3843,0.890401185227558,"\{'nu':0.5,'kernel':'rbf','gamma':'auto'\}"
COMPLETED,0.55,1.0,792,610,0.548394626064226,"\{'nu':0.5,'kernel':'rbf','gamma':'auto'\}"
COMPLETED,0.55,0.0,3218,4701,0.4216280995439737,"\{'nu':0.5,'kernel':'rbf','gamma':'auto'\}"
COMPLETED,0.55,0.0,4128,2305,0.7629883801229297,"\{'nu':0.5,'kernel':'rbf','gamma':'auto'\}"
COMPLETED,0.55,0.0,1863,3017,0.1451476335413753,"\{'nu':0.5,'kernel':'rbf','gamma':'auto'\}"
COMPLETED,0.55,0.0,1712,2400,0.6499937292281537,"\{'nu':0.5,'kernel':'rbf','gamma':'auto'\}"
COMPLETED,0.55,0.0,4291,2919,0.2581410668436437,"\{'nu':0.5,'kernel':'rbf','gamma':'auto'\}"
COMPLETED,0.55,1.0,3365,316,0.91088903901726,"\{'nu':0.5,'kernel':'rbf','gamma':'auto'\}"
COMPLETED,0.55,0.0,634,4995,0.0591344282999634,"\{'nu':0.5,'kernel':'rbf','gamma':'auto'\}"
COMPLETED,0.55,1.0,81,707,0.4011514271572232,"\{'nu':0.5,'kernel':'rbf','gamma':'auto'\}"
COMPLETED,0.55,0.0,2658,3978,0.504516383357346,"\{'nu':0.5,'kernel':'rbf','gamma':'auto'\}"
COMPLETED,0.55,0.0,5000,1543,0.1636481997612863,"\{'nu':0.5,'kernel':'rbf','gamma':'auto'\}"
COMPLETED,0.55,0.0,2262,3153,0.804882902527228,"\{'nu':0.5,'kernel':'rbf','gamma':'auto'\}"
COMPLETED,0.55,1.0,2121,278,0.2037065796516835,"\{'nu':0.5,'kernel':'rbf','gamma':'auto'\}"
COMPLETED,0.55,0.0,4388,4408,0.8292242785952985,"\{'nu':0.5,'kernel':'rbf','gamma':'auto'\}"
COMPLETED,0.55,0.0,2956,1972,0.4878706603851169,"\{'nu':0.5,'kernel':'rbf','gamma':'auto'\}"
COMPLETED,0.55,0.0,537,2723,0.6069488133396953,"\{'nu':0.5,'kernel':'rbf','gamma':'auto'\}"
COMPLETED,0.55,0.0,1235,1581,0.9488440157677978,"\{'nu':0.5,'kernel':'rbf','gamma':'auto'\}"
COMPLETED,0.55,0.0,3499,3740,0.0816198606397956,"\{'nu':0.5,'kernel':'rbf','gamma':'auto'\}"
FAILED,,,3847,1136,0.7348532079420984,"\{'nu':0.5,'kernel':'rbf','gamma':'auto'\}"
FAILED,,,1421,4174,0.358473897036165,"\{'nu':0.5,'kernel':'rbf','gamma':'auto'\}"
FAILED,,,1560,1733,0.0246791972126811,"\{'nu':0.5,'kernel':'rbf','gamma':'auto'\}"
FAILED,,,3826,3579,0.8805625730361789,"\{'nu':0.5,'kernel':'rbf','gamma':'auto'\}"
FAILED,,,3517,985,0.2858105489276349,"\{'nu':0.5,'kernel':'rbf','gamma':'auto'\}"
FAILED,,,1099,4336,0.6813199000023304,"\{'nu':0.5,'kernel':'rbf','gamma':'auto'\}"
FAILED,,,555,127,0.7760526123605668,"\{'nu':0.5,'kernel':'rbf','gamma':'auto'\}"
FAILED,,,2820,4569,0.1306815303526818,"\{'nu':0.5,'kernel':'rbf','gamma':'auto'\}"
FAILED,,,4526,2124,0.5383133430387825,"\{'nu':0.5,'kernel':'rbf','gamma':'auto'\}"
FAILED,,,2101,2562,0.4312840840127318,"\{'nu':0.5,'kernel':'rbf','gamma':'auto'\}"
FAILED,,,2283,869,0.5763307850733399,"\{'nu':0.5,'kernel':'rbf','gamma':'auto'\}"
FAILED,,,4863,3827,0.4535845222249627,"\{'nu':0.5,'kernel':'rbf','gamma':'auto'\}"
FAILED,,,2794,1382,0.8607309077326208,"\{'nu':0.5,'kernel':'rbf','gamma':'auto'\}"
FAILED,,,63,3305,0.2310730224791914,"\{'nu':0.5,'kernel':'rbf','gamma':'auto'\}"
FAILED,,,770,2240,0.3256839384082704,"\{'nu':0.5,'kernel':'rbf','gamma':'auto'\}"
FAILED,,,3347,3071,0.7057237450722605,"\{'nu':0.5,'kernel':'rbf','gamma':'auto'\}"
FAILED,,,4312,478,0.1114570886567235,"\{'nu':0.5,'kernel':'rbf','gamma':'auto'\}"
FAILED,,,1574,4844,0.982813815958798,"\{'nu':0.5,'kernel':'rbf','gamma':'auto'\}"
FAILED,,,1728,458,0.4740721399318426,"\{'nu':0.5,'kernel':'rbf','gamma':'auto'\}"
FAILED,,,4147,4861,0.6201980824600904,"\{'nu':0.5,'kernel':'rbf','gamma':'auto'\}"
FAILED,,,3197,2456,0.2125691250748932,"\{'nu':0.5,'kernel':'rbf','gamma':'auto'\}"
FAILED,,,931,2855,0.8188397165127098,"\{'nu':0.5,'kernel':'rbf','gamma':'auto'\}"
FAILED,,,231,1439,0.7242240714915096,"\{'nu':0.5,'kernel':'rbf','gamma':'auto'\}"
FAILED,,,2657,3246,0.3675791727788746,"\{'nu':0.5,'kernel':'rbf','gamma':'auto'\}"
FAILED,,,4690,692,0.962337859256193,"\{'nu':0.5,'kernel':'rbf','gamma':'auto'\}"
FAILED,,,2425,4004,0.0675786098670214,"\{'nu':0.5,'kernel':'rbf','gamma':'auto'\}"
FAILED,,,1943,1947,0.9244405759423971,"\{'nu':0.5,'kernel':'rbf','gamma':'auto'\}"
FAILED,,,4674,2739,0.0451556297987699,"\{'nu':0.5,'kernel':'rbf','gamma':'auto'\}"
FAILED,,,2982,184,0.6394251415152102,"\{'nu':0.5,'kernel':'rbf','gamma':'auto'\}"
FAILED,,,402,4511,0.2673097466249018,"\{'nu':0.5,'kernel':'rbf','gamma':'auto'\}"
FAILED,,,953,1201,0.1725722456891089,"\{'nu':0.5,'kernel':'rbf','gamma':'auto'\}"
FAILED,,,3691,4120,0.7945569856483489,"\{'nu':0.5,'kernel':'rbf','gamma':'auto'\}"
FAILED,,,3967,1713,0.3874172625094652,"\{'nu':0.5,'kernel':'rbf','gamma':'auto'\}"
FAILED,,,1391,3597,0.5178252494484185,"\{'nu':0.5,'kernel':'rbf','gamma':'auto'\}"
FAILED,,,1349,2172,0.406687924388796,"\{'nu':0.5,'kernel':'rbf','gamma':'auto'\}"
FAILED,,,3930,2515,0.5608524907268583,"\{'nu':0.5,'kernel':'rbf','gamma':'auto'\}"
FAILED,,,3728,115,0.1532254350166767,"\{'nu':0.5,'kernel':'rbf','gamma':'auto'\}"
FAILED,,,995,4580,0.7514535955768079,"\{'nu':0.5,'kernel':'rbf','gamma':'auto'\}"
FAILED,,,445,977,0.6590612781923264,"\{'nu':0.5,'kernel':'rbf','gamma':'auto'\}"
FAILED,,,3019,4345,0.3099715056698769,"\{'nu':0.5,'kernel':'rbf','gamma':'auto'\}"
FAILED,,,4637,1782,0.9047282904721796,"\{'nu':0.5,'kernel':'rbf','gamma':'auto'\}"
FAILED,,,1901,3529,0.0024177219606935,"\{'nu':0.5,'kernel':'rbf','gamma':'auto'\}"
FAILED,,,2463,546,0.9896033562291412,"\{'nu':0.5,'kernel':'rbf','gamma':'auto'\}"
FAILED,,,4731,4774,0.1027632838953286,"\{'nu':0.5,'kernel':'rbf','gamma':'auto'\}"
FAILED,,,2614,2212,0.6970346935689449,"\{'nu':0.5,'kernel':'rbf','gamma':'auto'\}"
FAILED,,,194,3099,0.3324706178009509,"\{'nu':0.5,'kernel':'rbf','gamma':'auto'\}"
FAILED,,,893,1351,0.2399564445018768,"\{'nu':0.5,'kernel':'rbf','gamma':'auto'\}"
FAILED,,,3155,3334,0.8539025606513023,"\{'nu':0.5,'kernel':'rbf','gamma':'auto'\}"
FAILED,,,4189,936,0.4467609395552426,"\{'nu':0.5,'kernel':'rbf','gamma':'auto'\}"
FAILED,,,1765,3760,0.5852113573718815,"\{'nu':0.5,'kernel':'rbf','gamma':'auto'\}"
COMPLETED,0.55,1.0,5000,144,0.6821392527442355,"\{'nu':0.5,'kernel':'rbf','gamma':'auto'\}"
