Status,ACCURACY,RUNTIME,REQLABELS,recent_samples_size,n_samples,threshold,outlier_detector_kwargs
COMPLETED,0.7399999999999999,454.0,1.0,4985,31,0.5653979308605193,"\{'nu':0.5,'kernel':'rbf','gamma':'auto'\}"
COMPLETED,0.66,12.0,0.0,13,3817,0.2716229807138442,"\{'nu':0.5,'kernel':'rbf','gamma':'auto'\}"
COMPLETED,0.64,30.0,0.14,1478,1601,0.849596941627562,"\{'nu':0.5,'kernel':'rbf','gamma':'auto'\}"
COMPLETED,0.69,13.0,0.94,3520,2873,0.0477896337285637,"\{'nu':0.5,'kernel':'rbf','gamma':'auto'\}"
COMPLETED,0.67,13.0,0.94,2527,2238,0.4565754657220095,"\{'nu':0.5,'kernel':'rbf','gamma':'auto'\}"
COMPLETED,0.7099999999999999,23.0,0.46,2477,3446,0.6303840263914317,"\{'nu':0.5,'kernel':'rbf','gamma':'auto'\}"
COMPLETED,0.7199999999999999,18.0,0.99,1051,683,0.2416061401423066,"\{'nu':0.5,'kernel':'rbf','gamma':'auto'\}"
COMPLETED,0.7299999999999999,49.0,0.1799999999999999,3953,4377,0.9058393399175256,"\{'nu':0.5,'kernel':'rbf','gamma':'auto'\}"
COMPLETED,0.7299999999999999,18.0,0.97,4088,1357,0.1745383778214454,"\{'nu':0.5,'kernel':'rbf','gamma':'auto'\}"
COMPLETED,0.7199999999999999,39.0,0.04,915,2649,0.972416672706604,"\{'nu':0.5,'kernel':'rbf','gamma':'auto'\}"
COMPLETED,0.7299999999999999,38.0,1.0,1990,412,0.3982802882567048,"\{'nu':0.5,'kernel':'rbf','gamma':'auto'\}"
COMPLETED,0.6099999999999999,27.0,0.4199999999999999,3014,4217,0.6881874061599373,"\{'nu':0.5,'kernel':'rbf','gamma':'auto'\}"
COMPLETED,0.69,31.0,0.34,3422,1064,0.7830194601248949,"\{'nu':0.5,'kernel':'rbf','gamma':'auto'\}"
COMPLETED,0.6999999999999998,13.0,0.2899999999999999,1577,4778,0.1148574852775782,"\{'nu':0.5,'kernel':'rbf','gamma':'auto'\}"
COMPLETED,0.7099999999999999,19.0,0.1799999999999999,542,1994,0.5075947295483201,"\{'nu':0.5,'kernel':'rbf','gamma':'auto'\}"
COMPLETED,0.69,14.0,0.92,4457,3222,0.3299180689509957,"\{'nu':0.5,'kernel':'rbf','gamma':'auto'\}"
COMPLETED,0.7099999999999999,35.0,0.2099999999999999,4563,2151,0.9601956223510206,"\{'nu':0.5,'kernel':'rbf','gamma':'auto'\}"
COMPLETED,0.69,11.0,0.11,431,3379,0.1399772747419774,"\{'nu':0.5,'kernel':'rbf','gamma':'auto'\}"
COMPLETED,0.7099999999999999,26.0,0.2399999999999999,1817,1219,0.7470678840614854,"\{'nu':0.5,'kernel':'rbf','gamma':'auto'\}"
COMPLETED,0.69,14.0,0.51,3176,4933,0.4173694712258875,"\{'nu':0.5,'kernel':'rbf','gamma':'auto'\}"
COMPLETED,0.7199999999999999,19.0,1.0,2969,569,0.0714344650898128,"\{'nu':0.5,'kernel':'rbf','gamma':'auto'\}"
COMPLETED,0.57,43.0,0.14,2039,4375,0.7796622006688267,"\{'nu':0.5,'kernel':'rbf','gamma':'auto'\}"
COMPLETED,0.66,15.0,0.4299999999999999,692,1512,0.3576255166847258,"\{'nu':0.5,'kernel':'rbf','gamma':'auto'\}"
COMPLETED,0.69,23.0,0.82,4316,2804,0.5578550688941031,"\{'nu':0.5,'kernel':'rbf','gamma':'auto'\}"
COMPLETED,0.7199999999999999,30.0,0.99,3905,838,0.2906816327832639,"\{'nu':0.5,'kernel':'rbf','gamma':'auto'\}"
COMPLETED,0.64,32.0,0.1499999999999999,1104,4532,0.6243090586327015,"\{'nu':0.5,'kernel':'rbf','gamma':'auto'\}"
COMPLETED,0.69,11.0,0.89,2256,2395,0.0132590615488588,"\{'nu':0.5,'kernel':'rbf','gamma':'auto'\}"
COMPLETED,0.68,42.0,0.19,2753,3604,0.8373452711440623,"\{'nu':0.5,'kernel':'rbf','gamma':'auto'\}"
COMPLETED,0.65,34.0,0.5,3624,1756,0.6806140430364757,"\{'nu':0.5,'kernel':'rbf','gamma':'auto'\}"
COMPLETED,0.69,17.0,0.4099999999999999,1370,3028,0.4843132658991962,"\{'nu':0.5,'kernel':'rbf','gamma':'auto'\}"
COMPLETED,0.6999999999999998,20.0,0.34,257,188,0.9025124031621962,"\{'nu':0.5,'kernel':'rbf','gamma':'auto'\}"
COMPLETED,0.7099999999999999,17.0,0.8399999999999999,4738,3975,0.1981527675110846,"\{'nu':0.5,'kernel':'rbf','gamma':'auto'\}"
COMPLETED,0.7199999999999999,21.0,0.98,4789,1699,0.3883752336222678,"\{'nu':0.5,'kernel':'rbf','gamma':'auto'\}"
COMPLETED,0.7299999999999999,40.0,0.0299999999999999,210,2893,0.7141772909481078,"\{'nu':0.5,'kernel':'rbf','gamma':'auto'\}"
COMPLETED,0.7299999999999999,85.0,1.0,1284,127,0.1655641884598881,"\{'nu':0.5,'kernel':'rbf','gamma':'auto'\}"
COMPLETED,0.6999999999999998,62.0,0.0899999999999999,3715,3836,0.9974757665786892,"\{'nu':0.5,'kernel':'rbf','gamma':'auto'\}"
COMPLETED,0.69,22.0,0.78,2721,743,0.5283708404637874,"\{'nu':0.5,'kernel':'rbf','gamma':'auto'\}"
COMPLETED,0.68,13.0,0.4199999999999999,2283,4514,0.3242445758320391,"\{'nu':0.5,'kernel':'rbf','gamma':'auto'\}"
COMPLETED,0.69,34.0,0.1199999999999999,1248,2296,0.8047568779848516,"\{'nu':0.5,'kernel':'rbf','gamma':'auto'\}"
COMPLETED,0.6999999999999998,13.0,0.91,3756,3583,0.1082227298282086,"\{'nu':0.5,'kernel':'rbf','gamma':'auto'\}"
COMPLETED,0.7199999999999999,18.0,0.4799999999999999,4284,352,0.8707271042782813,"\{'nu':0.5,'kernel':'rbf','gamma':'auto'\}"
COMPLETED,0.6999999999999998,12.0,0.1499999999999999,719,4080,0.0427443012315779,"\{'nu':0.5,'kernel':'rbf','gamma':'auto'\}"
COMPLETED,0.69,19.0,0.67,2183,1299,0.5875199016127735,"\{'nu':0.5,'kernel':'rbf','gamma':'auto'\}"
COMPLETED,0.7099999999999999,13.0,0.94,2819,2512,0.2655859442148357,"\{'nu':0.5,'kernel':'rbf','gamma':'auto'\}"
COMPLETED,0.7199999999999999,14.0,0.95,3227,1895,0.23104246834293,"\{'nu':0.5,'kernel':'rbf','gamma':'auto'\}"
COMPLETED,0.7199999999999999,43.0,0.08,1771,3202,0.9315056295134128,"\{'nu':0.5,'kernel':'rbf','gamma':'auto'\}"
COMPLETED,0.7099999999999999,15.0,0.27,345,967,0.4470340139530599,"\{'nu':0.5,'kernel':'rbf','gamma':'auto'\}"
COMPLETED,0.68,30.0,0.54,4653,4758,0.6550281405709683,"\{'nu':0.5,'kernel':'rbf','gamma':'auto'\}"
COMPLETED,0.7199999999999999,19.0,0.98,4445,1122,0.0226958412583917,"\{'nu':0.5,'kernel':'rbf','gamma':'auto'\}"
COMPLETED,0.67,43.0,0.04,550,4913,0.8128058736380189,"\{'nu':0.5,'kernel':'rbf','gamma':'auto'\}"
COMPLETED,0.7299999999999999,15.0,0.79,1702,2053,0.3011063242983073,"\{'nu':0.5,'kernel':'rbf','gamma':'auto'\}"
COMPLETED,0.66,29.0,0.6099999999999999,3293,3359,0.5987817047070711,"\{'nu':0.5,'kernel':'rbf','gamma':'auto'\}"
COMPLETED,0.68,41.0,0.2099999999999999,3085,1454,0.8802553484216332,"\{'nu':0.5,'kernel':'rbf','gamma':'auto'\}"
COMPLETED,0.69,16.0,0.67,1924,2667,0.2043249920979142,"\{'nu':0.5,'kernel':'rbf','gamma':'auto'\}"
COMPLETED,0.67,19.0,0.25,811,510,0.6593753417730331,"\{'nu':0.5,'kernel':'rbf','gamma':'auto'\}"
COMPLETED,0.69,20.0,0.78,4198,4238,0.489467062652111,"\{'nu':0.5,'kernel':'rbf','gamma':'auto'\}"
COMPLETED,0.7099999999999999,39.0,0.4799999999999999,4023,2453,0.725469446485862,"\{'nu':0.5,'kernel':'rbf','gamma':'auto'\}"
COMPLETED,0.69,14.0,0.23,984,3740,0.4238652910050004,"\{'nu':0.5,'kernel':'rbf','gamma':'auto'\}"
COMPLETED,0.66,24.0,0.11,2371,898,0.9395241834949702,"\{'nu':0.5,'kernel':'rbf','gamma':'auto'\}"
COMPLETED,0.6999999999999998,12.0,0.4899999999999999,2636,4669,0.1455460511874407,"\{'nu':0.5,'kernel':'rbf','gamma':'auto'\}"
COMPLETED,0.7299999999999999,40.0,0.99,3508,285,0.3667082446590065,"\{'nu':0.5,'kernel':'rbf','gamma':'auto'\}"
COMPLETED,0.69,23.0,0.27,1485,3994,0.532687510766089,"\{'nu':0.5,'kernel':'rbf','gamma':'auto'\}"
COMPLETED,0.67,11.0,0.07,137,1855,0.0814746334552764,"\{'nu':0.5,'kernel':'rbf','gamma':'auto'\}"
COMPLETED,0.7099999999999999,39.0,0.52,4855,3048,0.7535371277928352,"\{'nu':0.5,'kernel':'rbf','gamma':'auto'\}"
COMPLETED,0.6999999999999998,18.0,0.97,4900,2331,0.1225714478045702,"\{'nu':0.5,'kernel':'rbf','gamma':'auto'\}"
COMPLETED,0.6999999999999998,45.0,0.01,104,3549,0.790476445570588,"\{'nu':0.5,'kernel':'rbf','gamma':'auto'\}"
COMPLETED,0.7199999999999999,21.0,0.99,1530,765,0.337314356945455,"\{'nu':0.5,'kernel':'rbf','gamma':'auto'\}"
COMPLETED,0.66,16.0,0.64,3474,4489,0.5152479946240782,"\{'nu':0.5,'kernel':'rbf','gamma':'auto'\}"
COMPLETED,0.7399999999999999,50.0,1.0,2593,85,0.980325042931363,"\{'nu':0.5,'kernel':'rbf','gamma':'auto'\}"
COMPLETED,0.69,12.0,0.56,2406,3881,0.1826466191094368,"\{'nu':0.5,'kernel':'rbf','gamma':'auto'\}"
COMPLETED,0.67,26.0,0.17,941,1644,0.6963562854137271,"\{'nu':0.5,'kernel':'rbf','gamma':'auto'\}"
COMPLETED,0.69,15.0,0.91,4058,2946,0.4062492964472621,"\{'nu':0.5,'kernel':'rbf','gamma':'auto'\}"
COMPLETED,0.69,24.0,0.51,4154,1009,0.6380601561814546,"\{'nu':0.5,'kernel':'rbf','gamma':'auto'\}"
COMPLETED,0.6999999999999998,14.0,0.16,844,4713,0.4640555315166711,"\{'nu':0.5,'kernel':'rbf','gamma':'auto'\}"
COMPLETED,0.69,34.0,0.0899999999999999,1880,1950,0.9132582323774696,"\{'nu':0.5,'kernel':'rbf','gamma':'auto'\}"
COMPLETED,0.7099999999999999,14.0,0.8599999999999999,3119,3149,0.2492210965976119,"\{'nu':0.5,'kernel':'rbf','gamma':'auto'\}"
COMPLETED,0.69,16.0,0.99,3336,1264,0.2795082705896347,"\{'nu':0.5,'kernel':'rbf','gamma':'auto'\}"
COMPLETED,0.69,25.0,0.4199999999999999,1667,2546,0.5735440346281975,"\{'nu':0.5,'kernel':'rbf','gamma':'auto'\}"
COMPLETED,0.7299999999999999,20.0,0.99,593,329,0.0559968216028064,"\{'nu':0.5,'kernel':'rbf','gamma':'auto'\}"
COMPLETED,0.7199999999999999,48.0,0.2,4410,4106,0.8575433453526347,"\{'nu':0.5,'kernel':'rbf','gamma':'auto'\}"
COMPLETED,0.7099999999999999,36.0,0.92,4619,484,0.476153867136687,"\{'nu':0.5,'kernel':'rbf','gamma':'auto'\}"
COMPLETED,0.66,27.0,0.05,390,4261,0.6727420778982341,"\{'nu':0.5,'kernel':'rbf','gamma':'auto'\}"
COMPLETED,0.7099999999999999,18.0,0.96,1737,1421,0.1902196885235607,"\{'nu':0.5,'kernel':'rbf','gamma':'auto'\}"
COMPLETED,0.7099999999999999,39.0,0.1499999999999999,3272,2703,0.8942918905504048,"\{'nu':0.5,'kernel':'rbf','gamma':'auto'\}"
COMPLETED,0.67,26.0,0.51,2854,2105,0.6168461246434598,"\{'nu':0.5,'kernel':'rbf','gamma':'auto'\}"
COMPLETED,0.7099999999999999,13.0,0.5899999999999999,2140,3304,0.282988371187821,"\{'nu':0.5,'kernel':'rbf','gamma':'auto'\}"
COMPLETED,0.68,27.0,0.07,753,1167,0.8297131828833371,"\{'nu':0.5,'kernel':'rbf','gamma':'auto'\}"
COMPLETED,0.7099999999999999,12.0,0.69,4241,4871,0.0058573008943349,"\{'nu':0.5,'kernel':'rbf','gamma':'auto'\}"
COMPLETED,0.68,33.0,0.39,3790,1802,0.7715406346432864,"\{'nu':0.5,'kernel':'rbf','gamma':'auto'\}"
COMPLETED,0.6999999999999998,13.0,0.33,1203,3103,0.0635394196026027,"\{'nu':0.5,'kernel':'rbf','gamma':'auto'\}"
COMPLETED,0.7399999999999999,18.0,1.0,2316,240,0.5498993854410946,"\{'nu':0.5,'kernel':'rbf','gamma':'auto'\}"
COMPLETED,0.65,14.0,0.56,2677,4036,0.3494433126933872,"\{'nu':0.5,'kernel':'rbf','gamma':'auto'\}"
COMPLETED,0.7299999999999999,21.0,0.98,3680,923,0.1325374211017042,"\{'nu':0.5,'kernel':'rbf','gamma':'auto'\}"
COMPLETED,0.6099999999999999,53.0,0.0599999999999999,1328,4646,0.9524645280186088,"\{'nu':0.5,'kernel':'rbf','gamma':'auto'\}"
COMPLETED,0.69,13.0,0.07,176,2486,0.4096990743447095,"\{'nu':0.5,'kernel':'rbf','gamma':'auto'\}"
COMPLETED,0.6999999999999998,37.0,0.4199999999999999,4832,3704,0.7396887278724462,"\{'nu':0.5,'kernel':'rbf','gamma':'auto'\}"
COMPLETED,0.67,20.0,0.22,4703,628,0.9237743195462972,"\{'nu':0.5,'kernel':'rbf','gamma':'auto'\}"
COMPLETED,0.67,12.0,0.0599999999999999,300,4429,0.2236023990679532,"\{'nu':0.5,'kernel':'rbf','gamma':'auto'\}"
COMPLETED,0.66,28.0,0.25,1335,2195,0.6476492000166327,"\{'nu':0.5,'kernel':'rbf','gamma':'auto'\}"
COMPLETED,0.6999999999999998,15.0,0.89,3668,3491,0.4393638327065855,"\{'nu':0.5,'kernel':'rbf','gamma':'auto'\}"
COMPLETED,0.7199999999999999,13.0,0.96,2786,1625,0.0348495308645069,"\{'nu':0.5,'kernel':'rbf','gamma':'auto'\}"
COMPLETED,0.67,36.0,0.1499999999999999,2211,2847,0.8626058133728802,"\{'nu':0.5,'kernel':'rbf','gamma':'auto'\}"
COMPLETED,0.7299999999999999,116.0,1.0,1137,66,0.257403465103358,"\{'nu':0.5,'kernel':'rbf','gamma':'auto'\}"
COMPLETED,0.66,21.0,0.6999999999999998,3860,3785,0.5795639430396258,"\{'nu':0.5,'kernel':'rbf','gamma':'auto'\}"
COMPLETED,0.7099999999999999,16.0,0.96,4351,1970,0.3165515744853764,"\{'nu':0.5,'kernel':'rbf','gamma':'auto'\}"
COMPLETED,0.68,17.0,0.1499999999999999,649,3247,0.5209081667233258,"\{'nu':0.5,'kernel':'rbf','gamma':'auto'\}"
COMPLETED,0.67,10.0,1.0,2074,1029,0.1008207089249044,"\{'nu':0.5,'kernel':'rbf','gamma':'auto'\}"
COMPLETED,0.67,42.0,0.2,2925,4810,0.7971245294753461,"\{'nu':0.5,'kernel':'rbf','gamma':'auto'\}"
COMPLETED,0.67,19.0,0.6199999999999999,3142,466,0.7063051250465214,"\{'nu':0.5,'kernel':'rbf','gamma':'auto'\}"
COMPLETED,0.6999999999999998,14.0,0.39,1862,4166,0.3802156340964138,"\{'nu':0.5,'kernel':'rbf','gamma':'auto'\}"
COMPLETED,0.6999999999999998,31.0,0.02,397,1400,0.9892554547302423,"\{'nu':0.5,'kernel':'rbf','gamma':'auto'\}"
COMPLETED,0.6999999999999998,15.0,0.95,4607,2603,0.1576313102357089,"\{'nu':0.5,'kernel':'rbf','gamma':'auto'\}"
COMPLETED,0.68,21.0,0.95,4500,1557,0.540833785554394,"\{'nu':0.5,'kernel':'rbf','gamma':'auto'\}"
COMPLETED,0.68,14.0,0.16,507,2761,0.3745937352981418,"\{'nu':0.5,'kernel':'rbf','gamma':'auto'\}"
COMPLETED,0.69,21.0,0.17,1621,621,0.7614833307545632,"\{'nu':0.5,'kernel':'rbf','gamma':'auto'\}"
COMPLETED,0.68,12.0,0.6999999999999998,3387,4320,0.0896816205661743,"\{'nu':0.5,'kernel':'rbf','gamma':'auto'\}"
COMPLETED,0.7199999999999999,16.0,0.99,2969,1186,0.4313450965508818,"\{'nu':0.5,'kernel':'rbf','gamma':'auto'\}"
COMPLETED,0.7099999999999999,36.0,0.19,2023,4968,0.7331453160271048,"\{'nu':0.5,'kernel':'rbf','gamma':'auto'\}"
COMPLETED,0.69,12.0,0.38,871,2125,0.1531612678915262,"\{'nu':0.5,'kernel':'rbf','gamma':'auto'\}"
COMPLETED,0.67,43.0,0.19,4122,3402,0.9469433362036944,"\{'nu':0.5,'kernel':'rbf','gamma':'auto'\}"
COMPLETED,0.7399999999999999,58.0,0.99,3909,221,0.2124329582657664,"\{'nu':0.5,'kernel':'rbf','gamma':'auto'\}"
COMPLETED,0.69,46.0,0.05,1086,3940,0.888163443526253,"\{'nu':0.5,'kernel':'rbf','gamma':'auto'\}"
COMPLETED,0.66,13.0,0.96,2433,1782,0.4974363459628075,"\{'nu':0.5,'kernel':'rbf','gamma':'auto'\}"
COMPLETED,0.7199999999999999,26.0,0.4699999999999999,2561,3005,0.667544496146962,"\{'nu':0.5,'kernel':'rbf','gamma':'auto'\}"
COMPLETED,0.6099999999999999,36.0,0.33,3565,2350,0.8202630747184158,"\{'nu':0.5,'kernel':'rbf','gamma':'auto'\}"
COMPLETED,0.68,13.0,0.33,1445,3647,0.0304100194200873,"\{'nu':0.5,'kernel':'rbf','gamma':'auto'\}"
COMPLETED,0.5799999999999998,20.0,0.01,58,786,0.6064347541481256,"\{'nu':0.5,'kernel':'rbf','gamma':'auto'\}"
COMPLETED,0.68,14.0,0.8599999999999999,4952,4587,0.3085023966580629,"\{'nu':0.5,'kernel':'rbf','gamma':'auto'\}"
COMPLETED,0.63,27.0,0.46,4927,1319,0.8319368925280868,"\{'nu':0.5,'kernel':'rbf','gamma':'auto'\}"
COMPLETED,0.68,10.0,0.0299999999999999,75,2527,0.0030860780067741,"\{'nu':0.5,'kernel':'rbf','gamma':'auto'\}"
COMPLETED,0.6199999999999999,19.0,0.26,1423,391,0.6103584971241653,"\{'nu':0.5,'kernel':'rbf','gamma':'auto'\}"
COMPLETED,0.68,13.0,0.7399999999999999,3580,4085,0.2890488988570869,"\{'nu':0.5,'kernel':'rbf','gamma':'auto'\}"
COMPLETED,0.6999999999999998,13.0,0.98,2542,948,0.1929908221829682,"\{'nu':0.5,'kernel':'rbf','gamma':'auto'\}"
COMPLETED,0.6999999999999998,300.0,0.11,2455,4735,0.8920682106483727,"\{'nu':0.5,'kernel':'rbf','gamma':'auto'\}"
COMPLETED,0.66,15.0,0.4899999999999999,1069,1895,0.4700934286955744,"\{'nu':0.5,'kernel':'rbf','gamma':'auto'\}"
COMPLETED,0.7099999999999999,28.0,0.57,3929,3167,0.6792296756748109,"\{'nu':0.5,'kernel':'rbf','gamma':'auto'\}"
COMPLETED,0.7299999999999999,98.0,1.0,4107,147,0.4118001250214874,"\{'nu':0.5,'kernel':'rbf','gamma':'auto'\}"
COMPLETED,0.64,39.0,0.08,893,3860,0.7370387363024055,"\{'nu':0.5,'kernel':'rbf','gamma':'auto'\}"
COMPLETED,0.68,11.0,0.95,2006,1700,0.1259288002066314,"\{'nu':0.5,'kernel':'rbf','gamma':'auto'\}"
COMPLETED,0.68,44.0,0.14,2994,2928,0.9586474767141044,"\{'nu':0.5,'kernel':'rbf','gamma':'auto'\}"
COMPLETED,0.68,24.0,0.66,3367,2275,0.5525495257247239,"\{'nu':0.5,'kernel':'rbf','gamma':'auto'\}"
COMPLETED,0.68,14.0,0.4199999999999999,1637,3567,0.347342053817585,"\{'nu':0.5,'kernel':'rbf','gamma':'auto'\}"
COMPLETED,0.64,21.0,0.08,485,704,0.765357537234202,"\{'nu':0.5,'kernel':'rbf','gamma':'auto'\}"
COMPLETED,0.69,13.0,0.8299999999999998,4519,4510,0.0701482486966997,"\{'nu':0.5,'kernel':'rbf','gamma':'auto'\}"
COMPLETED,0.7199999999999999,23.0,0.5,4588,862,0.7023567402288317,"\{'nu':0.5,'kernel':'rbf','gamma':'auto'\}"
COMPLETED,0.67,14.0,0.08,419,4668,0.3997018340155482,"\{'nu':0.5,'kernel':'rbf','gamma':'auto'\}"
COMPLETED,0.65,41.0,0.0899999999999999,1845,2431,0.9776138928979636,"\{'nu':0.5,'kernel':'rbf','gamma':'auto'\}"
COMPLETED,0.69,13.0,0.7299999999999999,3162,3722,0.1849301636666059,"\{'nu':0.5,'kernel':'rbf','gamma':'auto'\}"
COMPLETED,0.6999999999999998,14.0,0.97,2901,1858,0.3438620275761932,"\{'nu':0.5,'kernel':'rbf','gamma':'auto'\}"
COMPLETED,0.7099999999999999,15.0,0.53,2092,3085,0.5092473910953849,"\{'nu':0.5,'kernel':'rbf','gamma':'auto'\}"
COMPLETED,0.7399999999999999,21.0,0.99,627,301,0.1202876950483769,"\{'nu':0.5,'kernel':'rbf','gamma':'auto'\}"
COMPLETED,0.65,53.0,0.2999999999999999,4366,4015,0.7931877443175763,"\{'nu':0.5,'kernel':'rbf','gamma':'auto'\}"
COMPLETED,0.7099999999999999,16.0,0.99,3841,2050,0.0621180318519473,"\{'nu':0.5,'kernel':'rbf','gamma':'auto'\}"
COMPLETED,0.69,46.0,0.08,1154,3322,0.8508727480694651,"\{'nu':0.5,'kernel':'rbf','gamma':'auto'\}"
COMPLETED,0.67,12.0,1.0,2189,1106,0.276920017465949,"\{'nu':0.5,'kernel':'rbf','gamma':'auto'\}"
COMPLETED,0.68,25.0,0.39,2806,4892,0.5757070616930722,"\{'nu':0.5,'kernel':'rbf','gamma':'auto'\}"
COMPLETED,0.7299999999999999,19.0,0.17,3653,546,0.9199287999179214,"\{'nu':0.5,'kernel':'rbf','gamma':'auto'\}"
COMPLETED,0.6999999999999998,13.0,0.28,1357,4240,0.2430999755766242,"\{'nu':0.5,'kernel':'rbf','gamma':'auto'\}"
COMPLETED,0.65,25.0,0.0599999999999999,282,1477,0.6358971588592977,"\{'nu':0.5,'kernel':'rbf','gamma':'auto'\}"
COMPLETED,0.6999999999999998,16.0,0.98,4727,2685,0.4666436954122036,"\{'nu':0.5,'kernel':'rbf','gamma':'auto'\}"
COMPLETED,0.7399999999999999,36.0,0.99,4812,410,0.1520348042827099,"\{'nu':0.5,'kernel':'rbf','gamma':'auto'\}"
COMPLETED,0.69,47.0,0.01,192,4182,0.9486186960916964,"\{'nu':0.5,'kernel':'rbf','gamma':'auto'\}"
COMPLETED,0.7299999999999999,17.0,0.9,1305,1339,0.4369791303779929,"\{'nu':0.5,'kernel':'rbf','gamma':'auto'\}"
COMPLETED,0.67,31.0,0.46,3699,2626,0.7279369990136473,"\{'nu':0.5,'kernel':'rbf','gamma':'auto'\}"
COMPLETED,0.7099999999999999,30.0,0.2899999999999999,2661,2031,0.7598077626675366,"\{'nu':0.5,'kernel':'rbf','gamma':'auto'\}"
COMPLETED,0.69,12.0,0.65,2338,3225,0.0908082328885793,"\{'nu':0.5,'kernel':'rbf','gamma':'auto'\}"
COMPLETED,0.68,21.0,0.57,1185,1085,0.5460423107668757,"\{'nu':0.5,'kernel':'rbf','gamma':'auto'\}"
COMPLETED,0.67,15.0,0.6999999999999998,3814,4794,0.368959552757442,"\{'nu':0.5,'kernel':'rbf','gamma':'auto'\}"
COMPLETED,0.69,24.0,0.7099999999999999,4222,1564,0.6051856315713375,"\{'nu':0.5,'kernel':'rbf','gamma':'auto'\}"
COMPLETED,0.68,13.0,0.25,776,2870,0.3102989878635853,"\{'nu':0.5,'kernel':'rbf','gamma':'auto'\}"
COMPLETED,0.7399999999999999,320.0,1.0,2124,9,0.8257761151697486,"\{'nu':0.5,'kernel':'rbf','gamma':'auto'\}"
COMPLETED,0.66,11.0,0.66,2874,3801,0.0253241234328597,"\{'nu':0.5,'kernel':'rbf','gamma':'auto'\}"
COMPLETED,0.7099999999999999,20.0,0.91,3248,685,0.4956397845000028,"\{'nu':0.5,'kernel':'rbf','gamma':'auto'\}"
COMPLETED,0.64,28.0,0.2399999999999999,1755,4413,0.6687935294955968,"\{'nu':0.5,'kernel':'rbf','gamma':'auto'\}"
COMPLETED,0.66,12.0,0.1499999999999999,368,2256,0.2175188245102763,"\{'nu':0.5,'kernel':'rbf','gamma':'auto'\}"
COMPLETED,0.69,45.0,0.2099999999999999,4635,3469,0.8826504923030734,"\{'nu':0.5,'kernel':'rbf','gamma':'auto'\}"
COMPLETED,0.7199999999999999,15.0,0.94,4395,2411,0.2522569014076143,"\{'nu':0.5,'kernel':'rbf','gamma':'auto'\}"
COMPLETED,0.69,22.0,0.11,614,3624,0.5852599681261927,"\{'nu':0.5,'kernel':'rbf','gamma':'auto'\}"
COMPLETED,0.7199999999999999,20.0,0.99,1649,842,0.0364631374347954,"\{'nu':0.5,'kernel':'rbf','gamma':'auto'\}"
COMPLETED,0.7199999999999999,49.0,0.16,3360,4571,0.8614173585046083,"\{'nu':0.5,'kernel':'rbf','gamma':'auto'\}"
COMPLETED,0.7399999999999999,48.0,1.0,3098,164,0.641953264158219,"\{'nu':0.5,'kernel':'rbf','gamma':'auto'\}"
COMPLETED,0.69,14.0,0.39,1896,3956,0.4445103666596114,"\{'nu':0.5,'kernel':'rbf','gamma':'auto'\}"
COMPLETED,0.6999999999999998,38.0,0.04,822,1721,0.9249626851864158,"\{'nu':0.5,'kernel':'rbf','gamma':'auto'\}"
COMPLETED,0.69,15.0,0.94,4172,3028,0.2219888222403824,"\{'nu':0.5,'kernel':'rbf','gamma':'auto'\}"
COMPLETED,0.6999999999999998,27.0,0.19,4034,1243,0.984229646468535,"\{'nu':0.5,'kernel':'rbf','gamma':'auto'\}"
COMPLETED,0.69,14.0,0.1499999999999999,959,4952,0.16320420047082,"\{'nu':0.5,'kernel':'rbf','gamma':'auto'\}"
COMPLETED,0.6999999999999998,28.0,0.38,2385,2186,0.7080416285265237,"\{'nu':0.5,'kernel':'rbf','gamma':'auto'\}"
COMPLETED,0.69,13.0,0.66,2608,3380,0.3789066617358475,"\{'nu':0.5,'kernel':'rbf','gamma':'auto'\}"
COMPLETED,0.7199999999999999,15.0,0.97,3456,1496,0.0952476699762046,"\{'nu':0.5,'kernel':'rbf','gamma':'auto'\}"
COMPLETED,0.6099999999999999,35.0,0.14,1552,2783,0.8021505459360778,"\{'nu':0.5,'kernel':'rbf','gamma':'auto'\}"
COMPLETED,0.68,12.0,0.1499999999999999,88,565,0.3178606955595314,"\{'nu':0.5,'kernel':'rbf','gamma':'auto'\}"
COMPLETED,0.65,16.0,0.81,4920,4336,0.5191714550442994,"\{'nu':0.5,'kernel':'rbf','gamma':'auto'\}"
COMPLETED,0.7199999999999999,38.0,0.99,4877,1043,0.3549763132967054,"\{'nu':0.5,'kernel':'rbf','gamma':'auto'\}"
COMPLETED,0.69,22.0,0.02,122,4839,0.5599572646655142,"\{'nu':0.5,'kernel':'rbf','gamma':'auto'\}"
COMPLETED,0.69,15.0,0.6999999999999998,1509,1976,0.0776166256032884,"\{'nu':0.5,'kernel':'rbf','gamma':'auto'\}"
COMPLETED,0.69,38.0,0.32,3490,3277,0.7730524346791207,"\{'nu':0.5,'kernel':'rbf','gamma':'auto'\}"
COMPLETED,0.65,29.0,0.3099999999999999,2653,1375,0.7449658964890987,"\{'nu':0.5,'kernel':'rbf','gamma':'auto'\}"
COMPLETED,0.68,14.0,0.81,2351,2593,0.4200185259003192,"\{'nu':0.5,'kernel':'rbf','gamma':'auto'\}"
COMPLETED,0.68,19.0,0.05,1004,433,0.9668051801417022,"\{'nu':0.5,'kernel':'rbf','gamma':'auto'\}"
COMPLETED,0.68,15.0,0.8299999999999998,4000,4156,0.1337952629420906,"\{'nu':0.5,'kernel':'rbf','gamma':'auto'\}"
COMPLETED,0.6999999999999998,36.0,0.19,4216,2220,0.899740302864462,"\{'nu':0.5,'kernel':'rbf','gamma':'auto'\}"
COMPLETED,0.6999999999999998,12.0,0.2,787,3502,0.20037548077479,"\{'nu':0.5,'kernel':'rbf','gamma':'auto'\}"
COMPLETED,0.7199999999999999,21.0,0.27,1939,662,0.686675448115915,"\{'nu':0.5,'kernel':'rbf','gamma':'auto'\}"
COMPLETED,0.6999999999999998,14.0,0.57,3064,4438,0.477826634760946,"\{'nu':0.5,'kernel':'rbf','gamma':'auto'\}"
COMPLETED,0.7299999999999999,159.0,1.0,3315,52,0.0110363185424357,"\{'nu':0.5,'kernel':'rbf','gamma':'auto'\}"
COMPLETED,0.64,42.0,0.1199999999999999,1683,3756,0.8401174606699496,"\{'nu':0.5,'kernel':'rbf','gamma':'auto'\}"
COMPLETED,0.7099999999999999,13.0,0.33,570,1619,0.2971682936642319,"\{'nu':0.5,'kernel':'rbf','gamma':'auto'\}"
COMPLETED,0.66,27.0,0.64,4428,2817,0.618247564325109,"\{'nu':0.5,'kernel':'rbf','gamma':'auto'\}"
COMPLETED,0.7199999999999999,16.0,0.98,4670,1774,0.2349365392401814,"\{'nu':0.5,'kernel':'rbf','gamma':'auto'\}"
COMPLETED,0.7099999999999999,41.0,0.02,325,2973,0.91196142757684,"\{'nu':0.5,'kernel':'rbf','gamma':'auto'\}"
COMPLETED,0.7399999999999999,66.0,1.0,1790,209,0.4587374964058399,"\{'nu':0.5,'kernel':'rbf','gamma':'auto'\}"
COMPLETED,0.69,28.0,0.52,3205,3913,0.6277948958575725,"\{'nu':0.5,'kernel':'rbf','gamma':'auto'\}"
COMPLETED,0.6999999999999998,22.0,0.2899999999999999,2841,817,0.8434747647400945,"\{'nu':0.5,'kernel':'rbf','gamma':'auto'\}"
COMPLETED,0.67,11.0,0.4,2168,4593,0.0544592643734067,"\{'nu':0.5,'kernel':'rbf','gamma':'auto'\}"
COMPLETED,0.65,23.0,0.19,742,2377,0.5679871803652495,"\{'nu':0.5,'kernel':'rbf','gamma':'auto'\}"
COMPLETED,0.66,15.0,0.8599999999999999,4267,3659,0.2694609202872961,"\{'nu':0.5,'kernel':'rbf','gamma':'auto'\}"
COMPLETED,0.7299999999999999,32.0,0.96,3779,590,0.5010461220219731,"\{'nu':0.5,'kernel':'rbf','gamma':'auto'\}"
COMPLETED,0.7199999999999999,19.0,0.26,1229,4314,0.3359177355840802,"\{'nu':0.5,'kernel':'rbf','gamma':'auto'\}"
COMPLETED,0.64,27.0,0.25,2303,1530,0.785304149776697,"\{'nu':0.5,'kernel':'rbf','gamma':'auto'\}"
COMPLETED,0.66,13.0,0.8699999999999999,2704,2748,0.1121471234261989,"\{'nu':0.5,'kernel':'rbf','gamma':'auto'\}"
COMPLETED,0.68,17.0,0.97,3732,2133,0.392280770337209,"\{'nu':0.5,'kernel':'rbf','gamma':'auto'\}"
COMPLETED,0.7099999999999999,31.0,0.17,1260,3435,0.6947358054872602,"\{'nu':0.5,'kernel':'rbf','gamma':'auto'\}"
COMPLETED,0.69,12.0,0.1799999999999999,225,1198,0.177248590959236,"\{'nu':0.5,'kernel':'rbf','gamma':'auto'\}"
COMPLETED,0.66,53.0,0.22,4768,4994,0.970132191253826,"\{'nu':0.5,'kernel':'rbf','gamma':'auto'\}"
COMPLETED,0.65,39.0,0.57,4761,1918,0.6611728698741643,"\{'nu':0.5,'kernel':'rbf','gamma':'auto'\}"
COMPLETED,0.69,13.0,0.07,238,3141,0.4882189959418028,"\{'nu':0.5,'kernel':'rbf','gamma':'auto'\}"
COMPLETED,0.68,24.0,0.13,1390,983,0.8751685155387968,"\{'nu':0.5,'kernel':'rbf','gamma':'auto'\}"
COMPLETED,0.6999999999999998,14.0,0.67,3608,4702,0.2098369766827672,"\{'nu':0.5,'kernel':'rbf','gamma':'auto'\}"
COMPLETED,0.7299999999999999,23.0,0.99,2771,336,0.3023544802367686,"\{'nu':0.5,'kernel':'rbf','gamma':'auto'\}"
COMPLETED,0.68,19.0,0.4099999999999999,2232,4137,0.596984146863222,"\{'nu':0.5,'kernel':'rbf','gamma':'auto'\}"
COMPLETED,0.7199999999999999,15.0,0.8299999999999998,1119,1276,0.0171837674453854,"\{'nu':0.5,'kernel':'rbf','gamma':'auto'\}"
COMPLETED,0.7199999999999999,37.0,0.3599999999999999,3884,2573,0.8178927362635731,"\{'nu':0.5,'kernel':'rbf','gamma':'auto'\}"
COMPLETED,0.7299999999999999,24.0,1.0,4332,759,0.083149264646694,"\{'nu':0.5,'kernel':'rbf','gamma':'auto'\}"
COMPLETED,0.6999999999999998,38.0,0.0599999999999999,671,4458,0.7524095785748213,"\{'nu':0.5,'kernel':'rbf','gamma':'auto'\}"
COMPLETED,0.67,12.0,0.81,2058,2318,0.3615006563421338,"\{'nu':0.5,'kernel':'rbf','gamma':'auto'\}"
COMPLETED,0.7199999999999999,19.0,0.6099999999999999,2945,3522,0.5383226302023976,"\{'nu':0.5,'kernel':'rbf','gamma':'auto'\}"
COMPLETED,0.7299999999999999,31.0,0.1499999999999999,3197,1677,0.9406515839993954,"\{'nu':0.5,'kernel':'rbf','gamma':'auto'\}"
COMPLETED,0.6999999999999998,13.0,0.54,1802,2954,0.1438716281950473,"\{'nu':0.5,'kernel':'rbf','gamma':'auto'\}"
COMPLETED,0.7399999999999999,39.0,1.0,454,111,0.719834475763142,"\{'nu':0.5,'kernel':'rbf','gamma':'auto'\}"
COMPLETED,0.7099999999999999,15.0,0.91,4545,3893,0.4290726711228489,"\{'nu':0.5,'kernel':'rbf','gamma':'auto'\}"
COMPLETED,0.7199999999999999,18.0,0.63,4475,269,0.8103308538291603,"\{'nu':0.5,'kernel':'rbf','gamma':'auto'\}"
COMPLETED,0.7199999999999999,12.0,0.11,519,4050,0.1031976502630859,"\{'nu':0.5,'kernel':'rbf','gamma':'auto'\}"
COMPLETED,0.6999999999999998,19.0,0.66,1593,1832,0.5270607824940234,"\{'nu':0.5,'kernel':'rbf','gamma':'auto'\}"
COMPLETED,0.7199999999999999,15.0,0.8699999999999999,3401,3109,0.3259803506154567,"\{'nu':0.5,'kernel':'rbf','gamma':'auto'\}"
COMPLETED,0.68,13.0,0.93,3037,2476,0.1705890598259866,"\{'nu':0.5,'kernel':'rbf','gamma':'auto'\}"
COMPLETED,0.7199999999999999,52.0,0.0899999999999999,1971,3679,0.9919019394479692,"\{'nu':0.5,'kernel':'rbf','gamma':'auto'\}"
COMPLETED,0.7299999999999999,17.0,0.97,936,914,0.3866396670378744,"\{'nu':0.5,'kernel':'rbf','gamma':'auto'\}"
COMPLETED,0.6999999999999998,32.0,0.4699999999999999,4072,4613,0.715487200204283,"\{'nu':0.5,'kernel':'rbf','gamma':'auto'\}"
COMPLETED,0.7199999999999999,20.0,0.96,3973,1431,0.4527289831731468,"\{'nu':0.5,'kernel':'rbf','gamma':'auto'\}"
COMPLETED,0.7099999999999999,26.0,0.19,1035,2728,0.6498806399796156,"\{'nu':0.5,'kernel':'rbf','gamma':'auto'\}"
COMPLETED,0.7199999999999999,17.0,0.99,2500,494,0.229855069341138,"\{'nu':0.5,'kernel':'rbf','gamma':'auto'\}"
COMPLETED,0.6999999999999998,48.0,0.1199999999999999,2509,4295,0.93312017297931,"\{'nu':0.5,'kernel':'rbf','gamma':'auto'\}"
COMPLETED,0.67,22.0,0.7399999999999999,3537,1138,0.5926674319468439,"\{'nu':0.5,'kernel':'rbf','gamma':'auto'\}"
COMPLETED,0.7099999999999999,16.0,0.2399999999999999,1458,4857,0.2598908857665955,"\{'nu':0.5,'kernel':'rbf','gamma':'auto'\}"
COMPLETED,0.7199999999999999,34.0,0.0,32,2075,0.8691125310696661,"\{'nu':0.5,'kernel':'rbf','gamma':'auto'\}"
COMPLETED,0.67,17.0,0.95,4962,3298,0.0439317894615232,"\{'nu':0.5,'kernel':'rbf','gamma':'auto'\}"
COMPLETED,0.7199999999999999,17.0,0.97,4976,2089,0.4862794528696686,"\{'nu':0.5,'kernel':'rbf','gamma':'auto'\}"
COMPLETED,0.7099999999999999,24.0,0.0,24,3283,0.6631038061473518,"\{'nu':0.5,'kernel':'rbf','gamma':'auto'\}"
COMPLETED,0.7099999999999999,20.0,0.96,1449,1145,0.2078699959535151,"\{'nu':0.5,'kernel':'rbf','gamma':'auto'\}"
COMPLETED,0.7299999999999999,59.0,0.16,3550,4853,0.8771288822311907,"\{'nu':0.5,'kernel':'rbf','gamma':'auto'\}"
COMPLETED,0.69,18.0,0.8399999999999999,2517,507,0.5950537794195115,"\{'nu':0.5,'kernel':'rbf','gamma':'auto'\}"
COMPLETED,0.66,13.0,0.52,2487,4279,0.3042934024296701,"\{'nu':0.5,'kernel':'rbf','gamma':'auto'\}"
COMPLETED,0.69,29.0,0.0899999999999999,1022,1438,0.8159327599443496,"\{'nu':0.5,'kernel':'rbf','gamma':'auto'\}"
COMPLETED,0.7099999999999999,14.0,0.91,3982,2724,0.0191504247225821,"\{'nu':0.5,'kernel':'rbf','gamma':'auto'\}"
COMPLETED,0.69,24.0,0.4199999999999999,4078,901,0.750448739716783,"\{'nu':0.5,'kernel':'rbf','gamma':'auto'\}"
COMPLETED,0.68,13.0,0.17,925,4628,0.0851186285112053,"\{'nu':0.5,'kernel':'rbf','gamma':'auto'\}"
COMPLETED,0.69,23.0,0.5,1960,2469,0.5363931252975017,"\{'nu':0.5,'kernel':'rbf','gamma':'auto'\}"
COMPLETED,0.67,14.0,0.6999999999999998,3043,3683,0.3634368719477206,"\{'nu':0.5,'kernel':'rbf','gamma':'auto'\}"
COMPLETED,0.7099999999999999,16.0,0.96,3411,1819,0.1419016434513032,"\{'nu':0.5,'kernel':'rbf','gamma':'auto'\}"
COMPLETED,0.66,50.0,0.07,1586,3125,0.9426129916869104,"\{'nu':0.5,'kernel':'rbf','gamma':'auto'\}"
COMPLETED,0.7299999999999999,26.0,1.0,512,263,0.4271361320652067,"\{'nu':0.5,'kernel':'rbf','gamma':'auto'\}"
COMPLETED,0.6999999999999998,48.0,0.51,4485,4054,0.7217643710412084,"\{'nu':0.5,'kernel':'rbf','gamma':'auto'\}"
COMPLETED,0.7399999999999999,119.0,1.0,4534,107,0.1051357656847685,"\{'nu':0.5,'kernel':'rbf','gamma':'auto'\}"
COMPLETED,0.5899999999999999,45.0,0.0299999999999999,460,3899,0.808399441672489,"\{'nu':0.5,'kernel':'rbf','gamma':'auto'\}"
COMPLETED,0.7099999999999999,16.0,0.96,1808,1661,0.3279478072281926,"\{'nu':0.5,'kernel':'rbf','gamma':'auto'\}"
COMPLETED,0.68,28.0,0.77,3186,2967,0.5251018434520811,"\{'nu':0.5,'kernel':'rbf','gamma':'auto'\}"
COMPLETED,0.7099999999999999,41.0,0.14,2940,2314,0.9938337345421314,"\{'nu':0.5,'kernel':'rbf','gamma':'auto'\}"
COMPLETED,0.7199999999999999,11.0,0.53,2070,3528,0.1686506135165691,"\{'nu':0.5,'kernel':'rbf','gamma':'auto'\}"
COMPLETED,0.69,21.0,0.11,683,743,0.7174467006400228,"\{'nu':0.5,'kernel':'rbf','gamma':'auto'\}"
COMPLETED,0.67,14.0,0.8,4327,4471,0.3846715821102261,"\{'nu':0.5,'kernel':'rbf','gamma':'auto'\}"
COMPLETED,0.6999999999999998,24.0,0.63,3875,1280,0.6518429064881056,"\{'nu':0.5,'kernel':'rbf','gamma':'auto'\}"
COMPLETED,0.6999999999999998,14.0,0.39,1132,2567,0.4507600951921194,"\{'nu':0.5,'kernel':'rbf','gamma':'auto'\}"
COMPLETED,0.7099999999999999,17.0,0.1,2246,352,0.9350492020007222,"\{'nu':0.5,'kernel':'rbf','gamma':'auto'\}"
COMPLETED,0.63,13.0,0.57,2762,4124,0.2279174260850995,"\{'nu':0.5,'kernel':'rbf','gamma':'auto'\}"
COMPLETED,0.7299999999999999,22.0,0.98,3594,987,0.2618594428598881,"\{'nu':0.5,'kernel':'rbf','gamma':'auto'\}"
COMPLETED,0.69,24.0,0.19,1398,4695,0.5907055483758449,"\{'nu':0.5,'kernel':'rbf','gamma':'auto'\}"
COMPLETED,0.66,12.0,0.1199999999999999,246,1934,0.0458688044026494,"\{'nu':0.5,'kernel':'rbf','gamma':'auto'\}"
COMPLETED,0.7099999999999999,46.0,0.33,4747,3128,0.8671840634420513,"\{'nu':0.5,'kernel':'rbf','gamma':'auto'\}"
COMPLETED,0.6999999999999998,23.0,0.81,4779,1204,0.5618938037231564,"\{'nu':0.5,'kernel':'rbf','gamma':'auto'\}"
COMPLETED,0.68,13.0,0.04,219,4990,0.353046418018639,"\{'nu':0.5,'kernel':'rbf','gamma':'auto'\}"
COMPLETED,0.68,33.0,0.1199999999999999,1255,2147,0.7750224194228648,"\{'nu':0.5,'kernel':'rbf','gamma':'auto'\}"
COMPLETED,0.69,13.0,0.88,3744,3418,0.0756552179157733,"\{'nu':0.5,'kernel':'rbf','gamma':'auto'\}"
COMPLETED,0.68,14.0,0.98,2711,1536,0.4219480308052152,"\{'nu':0.5,'kernel':'rbf','gamma':'auto'\}"
COMPLETED,0.63,33.0,0.26,2292,2745,0.7430296808835118,"\{'nu':0.5,'kernel':'rbf','gamma':'auto'\}"
COMPLETED,0.7299999999999999,23.0,0.99,1218,604,0.1357561018001288,"\{'nu':0.5,'kernel':'rbf','gamma':'auto'\}"
COMPLETED,0.6999999999999998,66.0,0.17,3785,4298,0.964835816277191,"\{'nu':0.5,'kernel':'rbf','gamma':'auto'\}"
COMPLETED,0.7299999999999999,15.0,0.97,4275,2371,0.2023354570940136,"\{'nu':0.5,'kernel':'rbf','gamma':'auto'\}"
COMPLETED,0.7099999999999999,49.0,0.0299999999999999,729,3663,0.8977736455872654,"\{'nu':0.5,'kernel':'rbf','gamma':'auto'\}"
COMPLETED,0.68,14.0,0.95,2155,803,0.4797570022046566,"\{'nu':0.5,'kernel':'rbf','gamma':'auto'\}"
COMPLETED,0.7099999999999999,30.0,0.33,2849,4610,0.6847365259230137,"\{'nu':0.5,'kernel':'rbf','gamma':'auto'\}"
COMPLETED,0.7399999999999999,37.0,0.99,3218,204,0.8420844413992017,"\{'nu':0.5,'kernel':'rbf','gamma':'auto'\}"
COMPLETED,0.69,12.0,0.4099999999999999,1781,3917,0.0090759518500417,"\{'nu':0.5,'kernel':'rbf','gamma':'auto'\}"
COMPLETED,0.68,26.0,0.0599999999999999,316,1760,0.6201871073972433,"\{'nu':0.5,'kernel':'rbf','gamma':'auto'\}"
COMPLETED,0.68,16.0,0.94,4683,2989,0.2952373573910445,"\{'nu':0.5,'kernel':'rbf','gamma':'auto'\}"
COMPLETED,0.7099999999999999,30.0,0.2,4415,1603,0.9100244126357137,"\{'nu':0.5,'kernel':'rbf','gamma':'auto'\}"
COMPLETED,0.68,12.0,0.19,578,2831,0.2368650068677961,"\{'nu':0.5,'kernel':'rbf','gamma':'auto'\}"
COMPLETED,0.7299999999999999,334.0,1.0,1691,49,0.62582633876428,"\{'nu':0.5,'kernel':'rbf','gamma':'auto'\}"
COMPLETED,0.68,16.0,0.76,3302,3762,0.4606993799768388,"\{'nu':0.5,'kernel':'rbf','gamma':'auto'\}"
COMPLETED,0.7299999999999999,19.0,1.0,3055,646,0.0525302353519946,"\{'nu':0.5,'kernel':'rbf','gamma':'auto'\}"
COMPLETED,0.7299999999999999,48.0,0.0899999999999999,1953,4452,0.8454124079961329,"\{'nu':0.5,'kernel':'rbf','gamma':'auto'\}"
COMPLETED,0.69,13.0,0.33,801,2217,0.2674986537788063,"\{'nu':0.5,'kernel':'rbf','gamma':'auto'\}"
COMPLETED,0.7099999999999999,24.0,0.68,4207,3508,0.5699560683462768,"\{'nu':0.5,'kernel':'rbf','gamma':'auto'\}"
COMPLETED,0.7299999999999999,44.0,1.0,3994,449,0.3339582351483404,"\{'nu':0.5,'kernel':'rbf','gamma':'auto'\}"
COMPLETED,0.66,17.0,0.19,1015,4143,0.5030142069496214,"\{'nu':0.5,'kernel':'rbf','gamma':'auto'\}"
COMPLETED,0.68,12.0,0.98,2362,1378,0.1102153283320367,"\{'nu':0.5,'kernel':'rbf','gamma':'auto'\}"
COMPLETED,0.68,35.0,0.2399999999999999,2647,2587,0.7872425960861146,"\{'nu':0.5,'kernel':'rbf','gamma':'auto'\}"
COMPLETED,0.64,28.0,0.51,3479,1992,0.6927683488745242,"\{'nu':0.5,'kernel':'rbf','gamma':'auto'\}"
ABANDONED,,,,1515,3264,0.3942397093791514,"\{'nu':0.5,'kernel':'rbf','gamma':'auto'\}"
ABANDONED,,,,128,1046,0.9681940758321435,"\{'nu':0.5,'kernel':'rbf','gamma':'auto'\}"
ABANDONED,,,,4866,4833,0.1791800031159073,"\{'nu':0.5,'kernel':'rbf','gamma':'auto'\}"
ABANDONED,,,,4909,551,0.9505553875807672,"\{'nu':0.5,'kernel':'rbf','gamma':'auto'\}"
ABANDONED,,,,94,4353,0.15010482349433,"\{'nu':0.5,'kernel':'rbf','gamma':'auto'\}"
ABANDONED,,,,1558,1491,0.7299068387616425,"\{'nu':0.5,'kernel':'rbf','gamma':'auto'\}"
ABANDONED,,,,3444,2787,0.4350178156364709,"\{'nu':0.5,'kernel':'rbf','gamma':'auto'\}"
ABANDONED,,,,2602,2172,0.0927376522831618,"\{'nu':0.5,'kernel':'rbf','gamma':'auto'\}"
ABANDONED,,,,2396,3396,0.7578716994933784,"\{'nu':0.5,'kernel':'rbf','gamma':'auto'\}"
COMPLETED,0.7099999999999999,15.0,0.76,970,1237,0.3709204845614731,"\{'nu':0.5,'kernel':'rbf','gamma':'auto'\}"
COMPLETED,0.68,21.0,0.56,4028,4955,0.5440728019066154,"\{'nu':0.5,'kernel':'rbf','gamma':'auto'\}"
COMPLETED,0.7099999999999999,16.0,0.96,4164,1735,0.3122588786724954,"\{'nu':0.5,'kernel':'rbf','gamma':'auto'\}"
COMPLETED,0.7199999999999999,28.0,0.1499999999999999,835,3011,0.6032191267255693,"\{'nu':0.5,'kernel':'rbf','gamma':'auto'\}"
COMPLETED,0.7299999999999999,76.0,1.0,1909,170,0.0272545838225632,"\{'nu':0.5,'kernel':'rbf','gamma':'auto'\}"
COMPLETED,0.57,43.0,0.2099999999999999,3090,3952,0.8238370479810982,"\{'nu':0.5,'kernel':'rbf','gamma':'auto'\}"
COMPLETED,0.7099999999999999,22.0,0.57,3346,856,0.6707606626562774,"\{'nu':0.5,'kernel':'rbf','gamma':'auto'\}"
COMPLETED,0.6999999999999998,15.0,0.3099999999999999,1658,4555,0.4936793322972953,"\{'nu':0.5,'kernel':'rbf','gamma':'auto'\}"
COMPLETED,0.67,35.0,0.04,623,2417,0.8845898903794586,"\{'nu':0.5,'kernel':'rbf','gamma':'auto'\}"
COMPLETED,0.69,14.0,0.8499999999999999,4381,3620,0.2155879811830818,"\{'nu':0.5,'kernel':'rbf','gamma':'auto'\}"
COMPLETED,0.68,24.0,0.7199999999999999,4648,2259,0.5833228007536381,"\{'nu':0.5,'kernel':'rbf','gamma':'auto'\}"
COMPLETED,0.6999999999999998,13.0,0.0899999999999999,359,3463,0.2541854545455425,"\{'nu':0.5,'kernel':'rbf','gamma':'auto'\}"
COMPLETED,0.7099999999999999,21.0,0.16,1746,701,0.8594489464070648,"\{'nu':0.5,'kernel':'rbf','gamma':'auto'\}"
COMPLETED,0.66,12.0,0.5999999999999999,3261,4400,0.0384249280598014,"\{'nu':0.5,'kernel':'rbf','gamma':'auto'\}"
COMPLETED,0.7399999999999999,373.0,1.0,2883,13,0.4425814231485128,"\{'nu':0.5,'kernel':'rbf','gamma':'auto'\}"
COMPLETED,0.6099999999999999,24.0,0.34,2110,3795,0.6438907549828291,"\{'nu':0.5,'kernel':'rbf','gamma':'auto'\}"
COMPLETED,0.7099999999999999,13.0,0.46,762,1580,0.2200264627858996,"\{'nu':0.5,'kernel':'rbf','gamma':'auto'\}"
COMPLETED,0.67,41.0,0.2,4230,2856,0.9269317181631924,"\{'nu':0.5,'kernel':'rbf','gamma':'auto'\}"
COMPLETED,0.7299999999999999,19.0,1.0,3820,1082,0.1612447855453938,"\{'nu':0.5,'kernel':'rbf','gamma':'auto'\}"
COMPLETED,0.69,49.0,0.05,1175,4800,0.9861975789647548,"\{'nu':0.5,'kernel':'rbf','gamma':'auto'\}"
COMPLETED,0.67,13.0,0.94,2327,2015,0.3769747736956924,"\{'nu':0.5,'kernel':'rbf','gamma':'auto'\}"
COMPLETED,0.6199999999999999,31.0,0.3699999999999999,2668,3238,0.7099802198316902,"\{'nu':0.5,'kernel':'rbf','gamma':'auto'\}"
COMPLETED,0.7299999999999999,26.0,0.39,3710,1336,0.8001829368919134,"\{'nu':0.5,'kernel':'rbf','gamma':'auto'\}"
COMPLETED,0.69,14.0,0.45,1299,2632,0.0972066945284605,"\{'nu':0.5,'kernel':'rbf','gamma':'auto'\}"
COMPLETED,0.7099999999999999,20.0,0.46,186,394,0.5172334846183657,"\{'nu':0.5,'kernel':'rbf','gamma':'auto'\}"
COMPLETED,0.7099999999999999,18.0,0.89,4823,4195,0.3197920147702097,"\{'nu':0.5,'kernel':'rbf','gamma':'auto'\}"
COMPLETED,0.7299999999999999,18.0,0.98,4713,1470,0.0011466799303889,"\{'nu':0.5,'kernel':'rbf','gamma':'auto'\}"
COMPLETED,0.6999999999999998,45.0,0.0299999999999999,290,2689,0.8338677358552814,"\{'nu':0.5,'kernel':'rbf','gamma':'auto'\}"
COMPLETED,0.7399999999999999,25.0,0.99,1365,532,0.2870817656964063,"\{'nu':0.5,'kernel':'rbf','gamma':'auto'\}"
COMPLETED,0.69,27.0,0.5,3639,4255,0.6123189493268728,"\{'nu':0.5,'kernel':'rbf','gamma':'auto'\}"
COMPLETED,0.69,26.0,0.19,2797,1099,0.8901377502586691,"\{'nu':0.5,'kernel':'rbf','gamma':'auto'\}"
COMPLETED,0.69,12.0,0.3599999999999999,2202,4896,0.1949298893716186,"\{'nu':0.5,'kernel':'rbf','gamma':'auto'\}"
COMPLETED,0.68,28.0,0.22,1167,2037,0.6772697848659008,"\{'nu':0.5,'kernel':'rbf','gamma':'auto'\}"
COMPLETED,0.6999999999999998,15.0,0.8599999999999999,3832,3338,0.4720599335413426,"\{'nu':0.5,'kernel':'rbf','gamma':'auto'\}"
COMPLETED,0.68,21.0,0.55,4360,308,0.7350778044983745,"\{'nu':0.5,'kernel':'rbf','gamma':'auto'\}"
COMPLETED,0.66,43.0,0.13,638,4011,0.4137696338817477,"\{'nu':0.5,'kernel':'rbf','gamma':'auto'\}"
COMPLETED,0.7199999999999999,32.0,0.1,2103,1871,0.9567180573195218,"\{'nu':0.5,'kernel':'rbf','gamma':'auto'\}"
COMPLETED,0.67,12.0,0.8699999999999999,2895,3070,0.1278648633807897,"\{'nu':0.5,'kernel':'rbf','gamma':'auto'\}"
COMPLETED,0.6999999999999998,15.0,0.92,3152,2437,0.3453722140695899,"\{'nu':0.5,'kernel':'rbf','gamma':'auto'\}"
COMPLETED,0.67,24.0,0.34,1852,3718,0.5545108404662459,"\{'nu':0.5,'kernel':'rbf','gamma':'auto'\}"
COMPLETED,0.7199999999999999,16.0,0.4699999999999999,426,875,0.068211557207629,"\{'nu':0.5,'kernel':'rbf','gamma':'auto'\}"
COMPLETED,0.6999999999999998,44.0,0.4199999999999999,4578,4652,0.7672875180225818,"\{'nu':0.5,'kernel':'rbf','gamma':'auto'\}"
COMPLETED,0.7299999999999999,29.0,1.0,4530,720,0.4016398044414818,"\{'nu':0.5,'kernel':'rbf','gamma':'auto'\}"
COMPLETED,0.66,30.0,0.0599999999999999,479,4497,0.7004254210181534,"\{'nu':0.5,'kernel':'rbf','gamma':'auto'\}"
COMPLETED,0.7199999999999999,14.0,0.68,1631,2279,0.1868977727107703,"\{'nu':0.5,'kernel':'rbf','gamma':'auto'\}"
COMPLETED,0.54,46.0,0.16,3378,3561,0.9756548683457076,"\{'nu':0.5,'kernel':'rbf','gamma':'auto'\}"
COMPLETED,0.6999999999999998,20.0,0.89,2999,1716,0.5111792791355401,"\{'nu':0.5,'kernel':'rbf','gamma':'auto'\}"
COMPLETED,0.7099999999999999,16.0,0.5999999999999999,1995,2915,0.3419234362710267,"\{'nu':0.5,'kernel':'rbf','gamma':'auto'\}"
COMPLETED,0.7399999999999999,46.0,1.0,882,150,0.7951471592430024,"\{'nu':0.5,'kernel':'rbf','gamma':'auto'\}"
COMPLETED,0.64,14.0,0.9,4113,3854,0.118319762552157,"\{'nu':0.5,'kernel':'rbf','gamma':'auto'\}"
COMPLETED,0.6999999999999998,31.0,0.3599999999999999,3938,1879,0.8528351075239479,"\{'nu':0.5,'kernel':'rbf','gamma':'auto'\}"
COMPLETED,0.69,14.0,0.2899999999999999,1056,3180,0.0601489988751709,"\{'nu':0.5,'kernel':'rbf','gamma':'auto'\}"
COMPLETED,0.69,18.0,0.77,2442,944,0.5776360052041709,"\{'nu':0.5,'kernel':'rbf','gamma':'auto'\}"
COMPLETED,0.6999999999999998,12.0,0.4699999999999999,2551,4741,0.274982526641339,"\{'nu':0.5,'kernel':'rbf','gamma':'auto'\}"
COMPLETED,0.7399999999999999,40.0,1.0,3594,375,0.2450683876741677,"\{'nu':0.5,'kernel':'rbf','gamma':'auto'\}"
COMPLETED,0.69,46.0,0.07,1414,4098,0.9179670092929154,"\{'nu':0.5,'kernel':'rbf','gamma':'auto'\}"
COMPLETED,0.68,12.0,0.05,67,1315,0.4685808627847581,"\{'nu':0.5,'kernel':'rbf','gamma':'auto'\}"
COMPLETED,0.69,32.0,0.64,4941,2534,0.6339686057213693,"\{'nu':0.5,'kernel':'rbf','gamma':'auto'\}"
COMPLETED,0.7099999999999999,28.0,1.0,4957,799,0.2255395329799503,"\{'nu':0.5,'kernel':'rbf','gamma':'auto'\}"
COMPLETED,0.7099999999999999,49.0,0.0,46,4571,0.9218457329478114,"\{'nu':0.5,'kernel':'rbf','gamma':'auto'\}"
COMPLETED,0.68,15.0,0.56,1433,2356,0.441332270829007,"\{'nu':0.5,'kernel':'rbf','gamma':'auto'\}"
COMPLETED,0.6999999999999998,29.0,0.5799999999999998,3570,3643,0.6456874354165048,"\{'nu':0.5,'kernel':'rbf','gamma':'auto'\}"
COMPLETED,0.7099999999999999,31.0,0.1799999999999999,2572,1795,0.8645347234234214,"\{'nu':0.5,'kernel':'rbf','gamma':'auto'\}"
COMPLETED,0.69,14.0,0.7299999999999999,2427,2989,0.0329120065793395,"\{'nu':0.5,'kernel':'rbf','gamma':'auto'\}"
COMPLETED,0.7399999999999999,36.0,1.0,1079,227,0.5815263285189866,"\{'nu':0.5,'kernel':'rbf','gamma':'auto'\}"
COMPLETED,0.7299999999999999,14.0,0.91,3920,3936,0.2554344581514597,"\{'nu':0.5,'kernel':'rbf','gamma':'auto'\}"
COMPLETED,0.7099999999999999,20.0,0.9,4136,2112,0.5228675481881945,"\{'nu':0.5,'kernel':'rbf','gamma':'auto'\}"
COMPLETED,0.65,13.0,0.22,863,3418,0.3145836085285991,"\{'nu':0.5,'kernel':'rbf','gamma':'auto'\}"
COMPLETED,0.5999999999999999,25.0,0.2099999999999999,2015,1180,0.7990564435403794,"\{'nu':0.5,'kernel':'rbf','gamma':'auto'\}"
COMPLETED,0.69,12.0,0.4799999999999999,2983,4972,0.098882143644616,"\{'nu':0.5,'kernel':'rbf','gamma':'auto'\}"
COMPLETED,0.7299999999999999,27.0,1.0,3396,608,0.3821832096800207,"\{'nu':0.5,'kernel':'rbf','gamma':'auto'\}"
COMPLETED,0.67,37.0,0.19,1608,4336,0.704346067033708,"\{'nu':0.5,'kernel':'rbf','gamma':'auto'\}"
COMPLETED,0.67,13.0,0.2999999999999999,494,1551,0.1595693066865205,"\{'nu':0.5,'kernel':'rbf','gamma':'auto'\}"
COMPLETED,0.69,40.0,0.2099999999999999,4509,2765,0.987324161544442,"\{'nu':0.5,'kernel':'rbf','gamma':'auto'\}"
ABANDONED,,,,4598,1396,0.3726570772696286,"\{'nu':0.5,'kernel':'rbf','gamma':'auto'\}"
ABANDONED,,,,410,2610,0.5427637998033314,"\{'nu':0.5,'kernel':'rbf','gamma':'auto'\}"
ABANDONED,,,,1875,451,0.0877117547933012,"\{'nu':0.5,'kernel':'rbf','gamma':'auto'\}"
ABANDONED,,,,3134,4179,0.7634446194712072,"\{'nu':0.5,'kernel':'rbf','gamma':'auto'\}"
ABANDONED,,,,2912,1025,0.7312159300930798,"\{'nu':0.5,'kernel':'rbf','gamma':'auto'\}"
ABANDONED,,,,2083,4817,0.4332811931855976,"\{'nu':0.5,'kernel':'rbf','gamma':'auto'\}"
ABANDONED,,,,657,1955,0.9449823783747852,"\{'nu':0.5,'kernel':'rbf','gamma':'auto'\}"
ABANDONED,,,,4337,3260,0.1551307507269084,"\{'nu':0.5,'kernel':'rbf','gamma':'auto'\}"
ABANDONED,,,,3850,70,0.8862035861779004,"\{'nu':0.5,'kernel':'rbf','gamma':'auto'\}"
ABANDONED,,,,1144,3778,0.2143994965720921,"\{'nu':0.5,'kernel':'rbf','gamma':'auto'\}"
ABANDONED,,,,2218,1640,0.6656140097323804,"\{'nu':0.5,'kernel':'rbf','gamma':'auto'\}"
ABANDONED,,,,2776,2834,0.4993753871265798,"\{'nu':0.5,'kernel':'rbf','gamma':'auto'\}"
ABANDONED,,,,3662,2199,0.0284429197199642,"\{'nu':0.5,'kernel':'rbf','gamma':'auto'\}"
ABANDONED,,,,1346,3485,0.8222235603816807,"\{'nu':0.5,'kernel':'rbf','gamma':'auto'\}"
ABANDONED,,,,311,644,0.3065629725567996,"\{'nu':0.5,'kernel':'rbf','gamma':'auto'\}"
ABANDONED,,,,4697,4416,0.6083655714504421,"\{'nu':0.5,'kernel':'rbf','gamma':'auto'\}"
ABANDONED,,,,4841,2492,0.7885384491197764,"\{'nu':0.5,'kernel':'rbf','gamma':'auto'\}"
ABANDONED,,,,162,3701,0.1245027409903705,"\{'nu':0.5,'kernel':'rbf','gamma':'auto'\}"
ABANDONED,,,,1314,937,0.5132804190404712,"\{'nu':0.5,'kernel':'rbf','gamma':'auto'\}"
ABANDONED,,,,3689,4630,0.3392734149582684,"\{'nu':0.5,'kernel':'rbf','gamma':'auto'\}"
ABANDONED,,,,2690,246,0.1807147050444036,"\{'nu':0.5,'kernel':'rbf','gamma':'auto'\}"
ABANDONED,,,,2308,4033,0.9822636082116514,"\{'nu':0.5,'kernel':'rbf','gamma':'auto'\}"
ABANDONED,,,,1195,1816,0.4042899149823933,"\{'nu':0.5,'kernel':'rbf','gamma':'auto'\}"
ABANDONED,,,,3803,3087,0.6983242513705044,"\{'nu':0.5,'kernel':'rbf','gamma':'auto'\}"
ABANDONED,,,,4252,1161,0.4620931460373103,"\{'nu':0.5,'kernel':'rbf','gamma':'auto'\}"
ABANDONED,,,,747,4874,0.640029163133353,"\{'nu':0.5,'kernel':'rbf','gamma':'auto'\}"
ABANDONED,,,,2134,2092,0.2472921865470707,"\{'nu':0.5,'kernel':'rbf','gamma':'auto'\}"
ABANDONED,,,,2865,3320,0.9151957566626368,"\{'nu':0.5,'kernel':'rbf','gamma':'auto'\}"
ABANDONED,,,,3278,1415,0.571575596505776,"\{'nu':0.5,'kernel':'rbf','gamma':'auto'\}"
ABANDONED,,,,1726,2706,0.2814700351897627,"\{'nu':0.5,'kernel':'rbf','gamma':'auto'\}"
ABANDONED,,,,379,471,0.8556062114406378,"\{'nu':0.5,'kernel':'rbf','gamma':'auto'\}"
ABANDONED,,,,4626,4277,0.0579254082012921,"\{'nu':0.5,'kernel':'rbf','gamma':'auto'\}"
ABANDONED,,,,4404,313,0.6746815019994973,"\{'nu':0.5,'kernel':'rbf','gamma':'auto'\}"
ABANDONED,,,,604,4120,0.4742230498343706,"\{'nu':0.5,'kernel':'rbf','gamma':'auto'\}"
ABANDONED,,,,1678,1260,0.8962589902505279,"\{'nu':0.5,'kernel':'rbf','gamma':'auto'\}"
ABANDONED,,,,3329,2551,0.1882592028602957,"\{'nu':0.5,'kernel':'rbf','gamma':'auto'\}"
ABANDONED,,,,3107,1934,0.2849188576024025,"\{'nu':0.5,'kernel':'rbf','gamma':'auto'\}"
ABANDONED,,,,1885,3162,0.6149070834796875,"\{'nu':0.5,'kernel':'rbf','gamma':'auto'\}"
ABANDONED,,,,850,1006,0.0078171582426875,"\{'nu':0.5,'kernel':'rbf','gamma':'auto'\}"
ABANDONED,,,,4143,4719,0.8277466445770114,"\{'nu':0.5,'kernel':'rbf','gamma':'auto'\}"
ABANDONED,,,,4045,1661,0.0655003774315118,"\{'nu':0.5,'kernel':'rbf','gamma':'auto'\}"
ABANDONED,,,,950,2932,0.7695711518079043,"\{'nu':0.5,'kernel':'rbf','gamma':'auto'\}"
ABANDONED,,,,2415,89,0.3513726986274123,"\{'nu':0.5,'kernel':'rbf','gamma':'auto'\}"
ABANDONED,,,,2580,3876,0.5479632888063787,"\{'nu':0.5,'kernel':'rbf','gamma':'auto'\}"
ABANDONED,,,,3466,781,0.9544343937914818,"\{'nu':0.5,'kernel':'rbf','gamma':'auto'\}"
ABANDONED,,,,1543,4475,0.1305761323850601,"\{'nu':0.5,'kernel':'rbf','gamma':'auto'\}"
ABANDONED,,,,117,2335,0.7416253859009593,"\{'nu':0.5,'kernel':'rbf','gamma':'auto'\}"
ABANDONED,,,,4892,3543,0.4077690600957721,"\{'nu':0.5,'kernel':'rbf','gamma':'auto'\}"
ABANDONED,,,,4847,1841,0.7122392015513032,"\{'nu':0.5,'kernel':'rbf','gamma':'auto'\}"
ABANDONED,,,,151,3064,0.3903066718038171,"\{'nu':0.5,'kernel':'rbf','gamma':'auto'\}"
ABANDONED,,,,1499,279,0.9955082765053956,"\{'nu':0.5,'kernel':'rbf','gamma':'auto'\}"
ABANDONED,,,,3499,3997,0.1675230940412729,"\{'nu':0.5,'kernel':'rbf','gamma':'auto'\}"
ABANDONED,,,,2623,884,0.3223128067627549,"\{'nu':0.5,'kernel':'rbf','gamma':'auto'\}"
ABANDONED,,,,2380,4685,0.5303093127980827,"\{'nu':0.5,'kernel':'rbf','gamma':'auto'\}"
ABANDONED,,,,993,2447,0.1062631959319114,"\{'nu':0.5,'kernel':'rbf','gamma':'auto'\}"
ABANDONED,,,,4010,3743,0.8067249294519424,"\{'nu':0.5,'kernel':'rbf','gamma':'auto'\}"
ABANDONED,,,,4187,523,0.0407820607479661,"\{'nu':0.5,'kernel':'rbf','gamma':'auto'\}"
ABANDONED,,,,817,4222,0.8726960182841867,"\{'nu':0.5,'kernel':'rbf','gamma':'auto'\}"
ABANDONED,,,,1930,1460,0.2636568817328661,"\{'nu':0.5,'kernel':'rbf','gamma':'auto'\}"
ABANDONED,,,,3074,2664,0.5894575114082545,"\{'nu':0.5,'kernel':'rbf','gamma':'auto'\}"
ABANDONED,,,,3286,2066,0.9295370984449982,"\{'nu':0.5,'kernel':'rbf','gamma':'auto'\}"
ABANDONED,,,,1713,3343,0.233004377938807,"\{'nu':0.5,'kernel':'rbf','gamma':'auto'\}"
ABANDONED,,,,560,1128,0.6530910921692848,"\{'nu':0.5,'kernel':'rbf','gamma':'auto'\}"
ABANDONED,,,,4439,4910,0.4489624481201172,"\{'nu':0.5,'kernel':'rbf','gamma':'auto'\}"
ABANDONED,,,,4659,971,0.8147453906852751,"\{'nu':0.5,'kernel':'rbf','gamma':'auto'\}"
ABANDONED,,,,334,4753,0.0207648789603263,"\{'nu':0.5,'kernel':'rbf','gamma':'auto'\}"
ABANDONED,,,,1760,1911,0.6007487188968808,"\{'nu':0.5,'kernel':'rbf','gamma':'auto'\}"
ABANDONED,,,,3233,3188,0.2991459910664707,"\{'nu':0.5,'kernel':'rbf','gamma':'auto'\}"
ABANDONED,,,,2831,1302,0.2062553335167467,"\{'nu':0.5,'kernel':'rbf','gamma':'auto'\}"
ABANDONED,,,,2177,2506,0.8783164002038538,"\{'nu':0.5,'kernel':'rbf','gamma':'auto'\}"
ABANDONED,,,,713,368,0.4914270724318921,"\{'nu':0.5,'kernel':'rbf','gamma':'auto'\}"
ABANDONED,,,,4295,4067,0.6574087179563939,"\{'nu':0.5,'kernel':'rbf','gamma':'auto'\}"
ABANDONED,,,,3770,2292,0.4258261038381606,"\{'nu':0.5,'kernel':'rbf','gamma':'auto'\}"
ABANDONED,,,,1239,3588,0.7235000565964728,"\{'nu':0.5,'kernel':'rbf','gamma':'auto'\}"
ABANDONED,,,,2274,726,0.1474755895528942,"\{'nu':0.5,'kernel':'rbf','gamma':'auto'\}"
ABANDONED,,,,2735,4528,0.9375880013499408,"\{'nu':0.5,'kernel':'rbf','gamma':'auto'\}"
ABANDONED,,,,3723,124,0.534657469484955,"\{'nu':0.5,'kernel':'rbf','gamma':'auto'\}"
ABANDONED,,,,1271,3842,0.3647468109466135,"\{'nu':0.5,'kernel':'rbf','gamma':'auto'\}"
ABANDONED,,,,197,1683,0.7554737003110348,"\{'nu':0.5,'kernel':'rbf','gamma':'auto'\}"
ABANDONED,,,,4797,2907,0.0795447716377675,"\{'nu':0.5,'kernel':'rbf','gamma':'auto'\}"
ABANDONED,,,,4732,182,0.2735600291155278,"\{'nu':0.5,'kernel':'rbf','gamma':'auto'\}"
ABANDONED,,,,268,3979,0.5634695264361798,"\{'nu':0.5,'kernel':'rbf','gamma':'auto'\}"
ABANDONED,,,,1381,1743,0.0497581647969782,"\{'nu':0.5,'kernel':'rbf','gamma':'auto'\}"
ABANDONED,,,,3619,3044,0.8476350320316851,"\{'nu':0.5,'kernel':'rbf','gamma':'auto'\}"
ABANDONED,,,,2742,2389,0.6323130888734013,"\{'nu':0.5,'kernel':'rbf','gamma':'auto'\}"
ABANDONED,,,,2262,3608,0.4546378559265285,"\{'nu':0.5,'kernel':'rbf','gamma':'auto'\}"
ABANDONED,,,,1110,825,0.9078015804011375,"\{'nu':0.5,'kernel':'rbf','gamma':'auto'\}"
ABANDONED,,,,3894,4548,0.2396372261364012,"\{'nu':0.5,'kernel':'rbf','gamma':'auto'\}"
ABANDONED,,,,4302,1518,0.9743762066029013,"\{'nu':0.5,'kernel':'rbf','gamma':'auto'\}"
ABANDONED,,,,700,2800,0.1725703263543546,"\{'nu':0.5,'kernel':'rbf','gamma':'auto'\}"
ABANDONED,,,,2048,582,0.6901191752292216,"\{'nu':0.5,'kernel':'rbf','gamma':'auto'\}"
ABANDONED,,,,2955,4359,0.3963418159224093,"\{'nu':0.5,'kernel':'rbf','gamma':'auto'\}"
ABANDONED,,,,3167,1225,0.1168249753508716,"\{'nu':0.5,'kernel':'rbf','gamma':'auto'\}"
ABANDONED,,,,1830,4929,0.78106055454351,"\{'nu':0.5,'kernel':'rbf','gamma':'auto'\}"
ABANDONED,,,,444,2164,0.3318561583478003,"\{'nu':0.5,'kernel':'rbf','gamma':'auto'\}"
ABANDONED,,,,4554,3363,0.5056632913667709,"\{'nu':0.5,'kernel':'rbf','gamma':'auto'\}"
ABANDONED,,,,4466,2009,0.1380407022237777,"\{'nu':0.5,'kernel':'rbf','gamma':'auto'\}"
ABANDONED,,,,529,3208,0.9621254841685294,"\{'nu':0.5,'kernel':'rbf','gamma':'auto'\}"
ABANDONED,,,,1564,1068,0.4153995125070214,"\{'nu':0.5,'kernel':'rbf','gamma':'auto'\}"
ABANDONED,,,,3431,4771,0.7490293177738786,"\{'nu':0.5,'kernel':'rbf','gamma':'auto'\}"
ABANDONED,,,,3028,427,0.7777326623033732,"\{'nu':0.5,'kernel':'rbf','gamma':'auto'\}"
ABANDONED,,,,1982,4204,0.0733706472348421,"\{'nu':0.5,'kernel':'rbf','gamma':'auto'\}"
ABANDONED,,,,907,1361,0.555894256060943,"\{'nu':0.5,'kernel':'rbf','gamma':'auto'\}"
ABANDONED,,,,4102,2642,0.3595949065741151,"\{'nu':0.5,'kernel':'rbf','gamma':'auto'\}"
ABANDONED,,,,3963,668,0.6223490488529205,"\{'nu':0.5,'kernel':'rbf','gamma':'auto'\}"
ABANDONED,,,,1044,4390,0.2926482565999031,"\{'nu':0.5,'kernel':'rbf','gamma':'auto'\}"
ABANDONED,,,,2470,2234,0.8354149297252297,"\{'nu':0.5,'kernel':'rbf','gamma':'auto'\}"
ABANDONED,,,,2537,3453,0.0151980097666382,"\{'nu':0.5,'kernel':'rbf','gamma':'auto'\}"
ABANDONED,,,,3526,1585,0.4823462517093867,"\{'nu':0.5,'kernel':'rbf','gamma':'auto'\}"
ABANDONED,,,,1467,2886,0.6825743762683122,"\{'nu':0.5,'kernel':'rbf','gamma':'auto'\}"
ABANDONED,,,,2,27,0.1962132504638284,"\{'nu':0.5,'kernel':'rbf','gamma':'auto'\}"
ABANDONED,,,,4991,3823,0.9044433654602616,"\{'nu':0.5,'kernel':'rbf','gamma':'auto'\}"
ABANDONED,,,,4999,1597,0.1661723461747169,"\{'nu':0.5,'kernel':'rbf','gamma':'auto'\}"
ABANDONED,,,,8,2879,0.9988167848587036,"\{'nu':0.5,'kernel':'rbf','gamma':'auto'\}"
ABANDONED,,,,1473,35,0.3877670703306794,"\{'nu':0.5,'kernel':'rbf','gamma':'auto'\}"
ABANDONED,,,,3535,3812,0.7128362670913339,"\{'nu':0.5,'kernel':'rbf','gamma':'auto'\}"
ABANDONED,,,,2531,679,0.8051213926505297,"\{'nu':0.5,'kernel':'rbf','gamma':'auto'\}"
ABANDONED,,,,2462,4383,0.1098074097465723,"\{'nu':0.5,'kernel':'rbf','gamma':'auto'\}"
ABANDONED,,,,1036,2242,0.5280063239391893,"\{'nu':0.5,'kernel':'rbf','gamma':'auto'\}"
ABANDONED,,,,3957,3441,0.3226598940547555,"\{'nu':0.5,'kernel':'rbf','gamma':'auto'\}"
ABANDONED,,,,4093,416,0.5861788405776023,"\{'nu':0.5,'kernel':'rbf','gamma':'auto'\}"
ABANDONED,,,,901,4212,0.2649777437448501,"\{'nu':0.5,'kernel':'rbf','gamma':'auto'\}"
ABANDONED,,,,1975,1353,0.8720681597366929,"\{'nu':0.5,'kernel':'rbf','gamma':'auto'\}"
ABANDONED,,,,3019,2654,0.043352496124804,"\{'nu':0.5,'kernel':'rbf','gamma':'auto'\}"
ABANDONED,,,,3437,1998,0.445449309868738,"\{'nu':0.5,'kernel':'rbf','gamma':'auto'\}"
ABANDONED,,,,1573,3216,0.6546636017393321,"\{'nu':0.5,'kernel':'rbf','gamma':'auto'\}"
ABANDONED,,,,537,1060,0.232627170568332,"\{'nu':0.5,'kernel':'rbf','gamma':'auto'\}"
ABANDONED,,,,4472,4783,0.9318701664861292,"\{'nu':0.5,'kernel':'rbf','gamma':'auto'\}"
ABANDONED,,,,4558,1215,0.2995235479138791,"\{'nu':0.5,'kernel':'rbf','gamma':'auto'\}"
ABANDONED,,,,445,4938,0.5984152865074573,"\{'nu':0.5,'kernel':'rbf','gamma':'auto'\}"
ABANDONED,,,,1832,2155,0.0242786195017397,"\{'nu':0.5,'kernel':'rbf','gamma':'auto'\}"
ABANDONED,,,,3171,3373,0.8131722936965525,"\{'nu':0.5,'kernel':'rbf','gamma':'auto'\}"
ABANDONED,,,,2953,1508,0.6580362270269543,"\{'nu':0.5,'kernel':'rbf','gamma':'auto'\}"
ABANDONED,,,,2044,2809,0.4888570014033466,"\{'nu':0.5,'kernel':'rbf','gamma':'auto'\}"
ABANDONED,,,,696,574,0.8815944687444716,"\{'nu':0.5,'kernel':'rbf','gamma':'auto'\}"
ABANDONED,,,,4301,4370,0.2049350589234381,"\{'nu':0.5,'kernel':'rbf','gamma':'auto'\}"
ABANDONED,,,,3891,2400,0.939890625860542,"\{'nu':0.5,'kernel':'rbf','gamma':'auto'\}"
ABANDONED,,,,1109,3598,0.147128851737827,"\{'nu':0.5,'kernel':'rbf','gamma':'auto'\}"
ABANDONED,,,,2261,834,0.7251030059792101,"\{'nu':0.5,'kernel':'rbf','gamma':'auto'\}"
ABANDONED,,,,2738,4538,0.422282492313534,"\{'nu':0.5,'kernel':'rbf','gamma':'auto'\}"
ABANDONED,,,,3620,193,0.0820847374591976,"\{'nu':0.5,'kernel':'rbf','gamma':'auto'\}"
ABANDONED,,,,1385,3969,0.7548762852940708,"\{'nu':0.5,'kernel':'rbf','gamma':'auto'\}"
ABANDONED,,,,271,1752,0.366098146231845,"\{'nu':0.5,'kernel':'rbf','gamma':'auto'\}"
ABANDONED,,,,4733,3034,0.5313483588416129,"\{'nu':0.5,'kernel':'rbf','gamma':'auto'\}"
ABANDONED,,,,4804,133,0.8499614525754003,"\{'nu':0.5,'kernel':'rbf','gamma':'auto'\}"
ABANDONED,,,,205,3832,0.0493743099290877,"\{'nu':0.5,'kernel':'rbf','gamma':'auto'\}"
ABANDONED,,,,1279,1694,0.5650334552321583,"\{'nu':0.5,'kernel':'rbf','gamma':'auto'\}"
ABANDONED,,,,3729,2897,0.2700383100900798,"\{'nu':0.5,'kernel':'rbf','gamma':'auto'\}"
ABANDONED,,,,2726,2301,0.2422143090106546,"\{'nu':0.5,'kernel':'rbf','gamma':'auto'\}"
ABANDONED,,,,2268,3578,0.9071803693510592,"\{'nu':0.5,'kernel':'rbf','gamma':'auto'\}"
ABANDONED,,,,1233,737,0.4559672987125814,"\{'nu':0.5,'kernel':'rbf','gamma':'auto'\}"
ABANDONED,,,,3761,4518,0.629042998816818,"\{'nu':0.5,'kernel':'rbf','gamma':'auto'\}"
ABANDONED,,,,4289,1294,0.3966955804545432,"\{'nu':0.5,'kernel':'rbf','gamma':'auto'\}"
ABANDONED,,,,704,2517,0.6878228636104612,"\{'nu':0.5,'kernel':'rbf','gamma':'auto'\}"
ABANDONED,,,,2169,358,0.1761230912003666,"\{'nu':0.5,'kernel':'rbf','gamma':'auto'\}"
ABANDONED,,,,2824,4076,0.9727812208328396,"\{'nu':0.5,'kernel':'rbf','gamma':'auto'\}"
ABANDONED,,,,3242,962,0.5062536796666681,"\{'nu':0.5,'kernel':'rbf','gamma':'auto'\}"
ABANDONED,,,,1766,4763,0.3293098796345293,"\{'nu':0.5,'kernel':'rbf','gamma':'auto'\}"
ABANDONED,,,,340,1901,0.7843605118654668,"\{'nu':0.5,'kernel':'rbf','gamma':'auto'\}"
ABANDONED,,,,4668,3197,0.1154656764529645,"\{'nu':0.5,'kernel':'rbf','gamma':'auto'\}"
ABANDONED,,,,4440,2058,0.7457287581618876,"\{'nu':0.5,'kernel':'rbf','gamma':'auto'\}"
ABANDONED,,,,564,3355,0.4167593988236039,"\{'nu':0.5,'kernel':'rbf','gamma':'auto'\}"
ABANDONED,,,,1716,1117,0.9615347463916986,"\{'nu':0.5,'kernel':'rbf','gamma':'auto'\}"
ABANDONED,,,,3287,4918,0.1405873452853411,"\{'nu':0.5,'kernel':'rbf','gamma':'auto'\}"
ABANDONED,,,,3070,515,0.3560427440181374,"\{'nu':0.5,'kernel':'rbf','gamma':'auto'\}"
ABANDONED,,,,1929,4234,0.5574886544123291,"\{'nu':0.5,'kernel':'rbf','gamma':'auto'\}"
ABANDONED,,,,816,1449,0.0730172321796417,"\{'nu':0.5,'kernel':'rbf','gamma':'auto'\}"
ABANDONED,,,,4183,2672,0.7800286095738411,"\{'nu':0.5,'kernel':'rbf','gamma':'auto'\}"
ABANDONED,,,,4008,892,0.0138691543992608,"\{'nu':0.5,'kernel':'rbf','gamma':'auto'\}"
ABANDONED,,,,990,4673,0.8386844174917786,"\{'nu':0.5,'kernel':'rbf','gamma':'auto'\}"
ABANDONED,,,,2376,2458,0.290071538073942,"\{'nu':0.5,'kernel':'rbf','gamma':'auto'\}"
ABANDONED,,,,2622,3736,0.6229699104260653,"\{'nu':0.5,'kernel':'rbf','gamma':'auto'\}"
ABANDONED,,,,3503,1849,0.902878849245608,"\{'nu':0.5,'kernel':'rbf','gamma':'auto'\}"
ABANDONED,,,,1500,3052,0.1997355717793106,"\{'nu':0.5,'kernel':'rbf','gamma':'auto'\}"
ABANDONED,,,,152,291,0.6802475913763046,"\{'nu':0.5,'kernel':'rbf','gamma':'auto'\}"
ABANDONED,,,,4851,3990,0.4827304560542106,"\{'nu':0.5,'kernel':'rbf','gamma':'auto'\}"
ABANDONED,,,,4885,770,0.6470391257554293,"\{'nu':0.5,'kernel':'rbf','gamma':'auto'\}"
ABANDONED,,,,109,4483,0.4380247049480676,"\{'nu':0.5,'kernel':'rbf','gamma':'auto'\}"
ABANDONED,,,,1535,2327,0.9243843882307408,"\{'nu':0.5,'kernel':'rbf','gamma':'auto'\}"
ABANDONED,,,,3460,3555,0.2249415212497115,"\{'nu':0.5,'kernel':'rbf','gamma':'auto'\}"
ABANDONED,,,,2588,1649,0.2570370524805039,"\{'nu':0.5,'kernel':'rbf','gamma':'auto'\}"
ABANDONED,,,,2421,2940,0.5779811722319573,"\{'nu':0.5,'kernel':'rbf','gamma':'auto'\}"
ABANDONED,,,,956,81,0.0352159416284412,"\{'nu':0.5,'kernel':'rbf','gamma':'auto'\}"
ABANDONED,,,,4053,3887,0.8641885823216288,"\{'nu':0.5,'kernel':'rbf','gamma':'auto'\}"
ABANDONED,,,,4149,1946,0.102159853413701,"\{'nu':0.5,'kernel':'rbf','gamma':'auto'\}"
ABANDONED,,,,859,3154,0.7977346204668283,"\{'nu':0.5,'kernel':'rbf','gamma':'auto'\}"
ABANDONED,,,,1894,1014,0.3152124244198203,"\{'nu':0.5,'kernel':'rbf','gamma':'auto'\}"
ABANDONED,,,,3114,4708,0.5202980701550841,"\{'nu':0.5,'kernel':'rbf','gamma':'auto'\}"
ABANDONED,,,,3321,325,0.9908382608573884,"\{'nu':0.5,'kernel':'rbf','gamma':'auto'\}"
ABANDONED,,,,1672,4111,0.1579977581780403,"\{'nu':0.5,'kernel':'rbf','gamma':'auto'\}"
ABANDONED,,,,598,1268,0.7047223170604556,"\{'nu':0.5,'kernel':'rbf','gamma':'auto'\}"
ABANDONED,,,,4395,2540,0.3798491842951625,"\{'nu':0.5,'kernel':'rbf','gamma':'auto'\}"
ABANDONED,,,,4624,1425,0.7630680050961673,"\{'nu':0.5,'kernel':'rbf','gamma':'auto'\}"
ABANDONED,,,,375,2697,0.0900461296550929,"\{'nu':0.5,'kernel':'rbf','gamma':'auto'\}"
ABANDONED,,,,1723,480,0.5392491130717098,"\{'nu':0.5,'kernel':'rbf','gamma':'auto'\}"
ABANDONED,,,,3277,4266,0.3742292280681431,"\{'nu':0.5,'kernel':'rbf','gamma':'auto'\}"
ABANDONED,,,,2869,1171,0.1545022991839796,"\{'nu':0.5,'kernel':'rbf','gamma':'auto'\}"
ABANDONED,,,,2135,4866,0.9475515069309622,"\{'nu':0.5,'kernel':'rbf','gamma':'auto'\}"
ABANDONED,,,,749,2101,0.430004070835188,"\{'nu':0.5,'kernel':'rbf','gamma':'auto'\}"
ABANDONED,,,,4256,3309,0.7325371508765965,"\{'nu':0.5,'kernel':'rbf','gamma':'auto'\}"
ABANDONED,,,,3804,236,0.4970718015544116,"\{'nu':0.5,'kernel':'rbf','gamma':'auto'\}"
ABANDONED,,,,1198,4042,0.6659597864858806,"\{'nu':0.5,'kernel':'rbf','gamma':'auto'\}"
ABANDONED,,,,2311,1806,0.2127975045330822,"\{'nu':0.5,'kernel':'rbf','gamma':'auto'\}"
ABANDONED,,,,2691,3098,0.8897481550462543,"\{'nu':0.5,'kernel':'rbf','gamma':'auto'\}"
ABANDONED,,,,3685,2482,0.6058265666905791,"\{'nu':0.5,'kernel':'rbf','gamma':'auto'\}"
ABANDONED,,,,1313,3710,0.3071613486353307,"\{'nu':0.5,'kernel':'rbf','gamma':'auto'\}"
ABANDONED,,,,160,927,0.8208712677527219,"\{'nu':0.5,'kernel':'rbf','gamma':'auto'\}"
ABANDONED,,,,4837,4641,0.031751073019579,"\{'nu':0.5,'kernel':'rbf','gamma':'auto'\}"
ABANDONED,,,,4689,2189,0.3369479406047612,"\{'nu':0.5,'kernel':'rbf','gamma':'auto'\}"
ABANDONED,,,,305,3496,0.5136652200985699,"\{'nu':0.5,'kernel':'rbf','gamma':'auto'\}"
ABANDONED,,,,1340,634,0.1229378697220236,"\{'nu':0.5,'kernel':'rbf','gamma':'auto'\}"
ABANDONED,,,,3653,4425,0.792059225672856,"\{'nu':0.5,'kernel':'rbf','gamma':'auto'\}"
ABANDONED,,,,2782,60,0.6957462223060428,"\{'nu':0.5,'kernel':'rbf','gamma':'auto'\}"
ABANDONED,,,,2226,3789,0.4049101798422634,"\{'nu':0.5,'kernel':'rbf','gamma':'auto'\}"
ABANDONED,,,,1152,1630,0.9809351078979672,"\{'nu':0.5,'kernel':'rbf','gamma':'auto'\}"
ABANDONED,,,,3856,2843,0.1839857375733554,"\{'nu':0.5,'kernel':'rbf','gamma':'auto'\}"
ABANDONED,,,,4346,1034,0.9148410347867756,"\{'nu':0.5,'kernel':'rbf','gamma':'auto'\}"
ABANDONED,,,,663,4806,0.2495875408221036,"\{'nu':0.5,'kernel':'rbf','gamma':'auto'\}"
ABANDONED,,,,2089,1965,0.636477359348908,"\{'nu':0.5,'kernel':'rbf','gamma':'auto'\}"
ABANDONED,,,,2920,3252,0.463689092868939,"\{'nu':0.5,'kernel':'rbf','gamma':'auto'\}"
ABANDONED,,,,3127,1405,0.0573359772451221,"\{'nu':0.5,'kernel':'rbf','gamma':'auto'\}"
ABANDONED,,,,1867,2599,0.8581534474976361,"\{'nu':0.5,'kernel':'rbf','gamma':'auto'\}"
ABANDONED,,,,402,461,0.2781691168062389,"\{'nu':0.5,'kernel':'rbf','gamma':'auto'\}"
ABANDONED,,,,4592,4170,0.5729339343421161,"\{'nu':0.5,'kernel':'rbf','gamma':'auto'\}"
ABANDONED,,,,4505,616,0.191560708662495,"\{'nu':0.5,'kernel':'rbf','gamma':'auto'\}"
ABANDONED,,,,493,4325,0.8949000501241535,"\{'nu':0.5,'kernel':'rbf','gamma':'auto'\}"
ABANDONED,,,,1606,1563,0.4748128451388329,"\{'nu':0.5,'kernel':'rbf','gamma':'auto'\}"
ABANDONED,,,,3392,2756,0.6721339164655655,"\{'nu':0.5,'kernel':'rbf','gamma':'auto'\}"
ABANDONED,,,,2984,2120,0.831297860942781,"\{'nu':0.5,'kernel':'rbf','gamma':'auto'\}"
ABANDONED,,,,2019,3407,0.0062218137010931,"\{'nu':0.5,'kernel':'rbf','gamma':'auto'\}"
ABANDONED,,,,866,1192,0.6152614410072565,"\{'nu':0.5,'kernel':'rbf','gamma':'auto'\}"
ABANDONED,,,,4137,4964,0.2826238528043031,"\{'nu':0.5,'kernel':'rbf','gamma':'auto'\}"
ABANDONED,,,,3923,1787,0.5492911868300288,"\{'nu':0.5,'kernel':'rbf','gamma':'auto'\}"
ABANDONED,,,,1080,3000,0.3481022535171359,"\{'nu':0.5,'kernel':'rbf','gamma':'auto'\}"
ABANDONED,,,,2428,215,0.7721488313954323,"\{'nu':0.5,'kernel':'rbf','gamma':'auto'\}"
ABANDONED,,,,2576,3944,0.0648804769199341,"\{'nu':0.5,'kernel':'rbf','gamma':'auto'\}"
ABANDONED,,,,3570,792,0.4093345336541533,"\{'nu':0.5,'kernel':'rbf','gamma':'auto'\}"
ABANDONED,,,,1429,4583,0.7381040219292044,"\{'nu':0.5,'kernel':'rbf','gamma':'auto'\}"
ABANDONED,,,,43,2345,0.1329019562155008,"\{'nu':0.5,'kernel':'rbf','gamma':'auto'\}"
ABANDONED,,,,4956,3651,0.9540492283850908,"\{'nu':0.5,'kernel':'rbf','gamma':'auto'\}"
ABANDONED,,,,4933,385,0.4366126898713409,"\{'nu':0.5,'kernel':'rbf','gamma':'auto'\}"
ABANDONED,,,,61,4089,0.726354200322181,"\{'nu':0.5,'kernel':'rbf','gamma':'auto'\}"
ABANDONED,,,,1409,1325,0.1524012466482818,"\{'nu':0.5,'kernel':'rbf','gamma':'auto'\}"
ABANDONED,,,,3585,2523,0.9502014966420828,"\{'nu':0.5,'kernel':'rbf','gamma':'auto'\}"
ABANDONED,,,,2557,1889,0.5454322123397141,"\{'nu':0.5,'kernel':'rbf','gamma':'auto'\}"
ABANDONED,,,,2451,3171,0.3676204008329659,"\{'nu':0.5,'kernel':'rbf','gamma':'auto'\}"
ABANDONED,,,,1064,954,0.7604178666714578,"\{'nu':0.5,'kernel':'rbf','gamma':'auto'\}"
ABANDONED,,,,3944,4730,0.0921473903898149,"\{'nu':0.5,'kernel':'rbf','gamma':'auto'\}"
ABANDONED,,,,4121,1706,0.8273588934130967,"\{'nu':0.5,'kernel':'rbf','gamma':'auto'\}"
ABANDONED,,,,887,2924,0.0256905434913933,"\{'nu':0.5,'kernel':'rbf','gamma':'auto'\}"
ABANDONED,,,,2001,141,0.6036028551869094,"\{'nu':0.5,'kernel':'rbf','gamma':'auto'\}"
ABANDONED,,,,3008,3865,0.3099325696639716,"\{'nu':0.5,'kernel':'rbf','gamma':'auto'\}"
ABANDONED,,,,3372,709,0.2188579448331147,"\{'nu':0.5,'kernel':'rbf','gamma':'auto'\}"
ABANDONED,,,,1622,4506,0.8832605591285972,"\{'nu':0.5,'kernel':'rbf','gamma':'auto'\}"
ABANDONED,,,,470,2270,0.494300669753924,"\{'nu':0.5,'kernel':'rbf','gamma':'auto'\}"
ABANDONED,,,,4524,3571,0.6681834682468325,"\{'nu':0.5,'kernel':'rbf','gamma':'auto'\}"
ABANDONED,,,,4574,2425,0.037804192893207,"\{'nu':0.5,'kernel':'rbf','gamma':'auto'\}"
ABANDONED,,,,425,3726,0.8620255533978342,"\{'nu':0.5,'kernel':'rbf','gamma':'auto'\}"
ABANDONED,,,,1850,867,0.2509158403724431,"\{'nu':0.5,'kernel':'rbf','gamma':'auto'\}"
ABANDONED,,,,3148,4663,0.584651767656207,"\{'nu':0.5,'kernel':'rbf','gamma':'auto'\}"
ABANDONED,,,,2897,296,0.9265473874118177,"\{'nu':0.5,'kernel':'rbf','gamma':'auto'\}"
ABANDONED,,,,2107,4020,0.2223533592130988,"\{'nu':0.5,'kernel':'rbf','gamma':'auto'\}"
ABANDONED,,,,642,1863,0.6403685600738971,"\{'nu':0.5,'kernel':'rbf','gamma':'auto'\}"
ABANDONED,,,,4361,3081,0.4441458278279751,"\{'nu':0.5,'kernel':'rbf','gamma':'auto'\}"
ABANDONED,,,,3835,1111,0.7074334652349353,"\{'nu':0.5,'kernel':'rbf','gamma':'auto'\}"
ABANDONED,,,,1168,4888,0.3775656378790736,"\{'nu':0.5,'kernel':'rbf','gamma':'auto'\}"
ABANDONED,,,,2203,2044,0.9848378041833638,"\{'nu':0.5,'kernel':'rbf','gamma':'auto'\}"
ABANDONED,,,,2800,3326,0.1645452187508344,"\{'nu':0.5,'kernel':'rbf','gamma':'auto'\}"
ABANDONED,,,,3638,1482,0.3174961790349334,"\{'nu':0.5,'kernel':'rbf','gamma':'auto'\}"
ABANDONED,,,,1361,2681,0.5175867732670159,"\{'nu':0.5,'kernel':'rbf','gamma':'auto'\}"
ABANDONED,,,,287,540,0.0956121846418827,"\{'nu':0.5,'kernel':'rbf','gamma':'auto'\}"
ABANDONED,,,,4712,4244,0.8037352258544415,"\{'nu':0.5,'kernel':'rbf','gamma':'auto'\}"
ABANDONED,,,,4817,1344,0.6097484024148434,"\{'nu':0.5,'kernel':'rbf','gamma':'auto'\}"
ABANDONED,,,,177,2621,0.2877097506504505,"\{'nu':0.5,'kernel':'rbf','gamma':'auto'\}"
ABANDONED,,,,1291,406,0.8325469853784889,"\{'nu':0.5,'kernel':'rbf','gamma':'auto'\}"
ABANDONED,,,,3704,4187,0.0044252243544906,"\{'nu':0.5,'kernel':'rbf','gamma':'auto'\}"
ABANDONED,,,,2676,1089,0.4697269770354032,"\{'nu':0.5,'kernel':'rbf','gamma':'auto'\}"
ABANDONED,,,,2333,4788,0.6776468658298253,"\{'nu':0.5,'kernel':'rbf','gamma':'auto'\}"
ABANDONED,,,,1181,2027,0.1933572682663798,"\{'nu':0.5,'kernel':'rbf','gamma':'auto'\}"
ABANDONED,,,,3828,3230,0.8936510149165988,"\{'nu':0.5,'kernel':'rbf','gamma':'auto'\}"
ABANDONED,,,,4236,5,0.1272679242473095,"\{'nu':0.5,'kernel':'rbf','gamma':'auto'\}"
ABANDONED,,,,771,3806,0.959257547257468,"\{'nu':0.5,'kernel':'rbf','gamma':'auto'\}"
ABANDONED,,,,2119,1568,0.4104609991218894,"\{'nu':0.5,'kernel':'rbf','gamma':'auto'\}"
ABANDONED,,,,2889,2865,0.736428663900122,"\{'nu':0.5,'kernel':'rbf','gamma':'auto'\}"
ABANDONED,,,,3253,2251,0.7669403043240309,"\{'nu':0.5,'kernel':'rbf','gamma':'auto'\}"
ABANDONED,,,,1740,3474,0.0705146576017141,"\{'nu':0.5,'kernel':'rbf','gamma':'auto'\}"
ABANDONED,,,,354,689,0.5509667530581354,"\{'nu':0.5,'kernel':'rbf','gamma':'auto'\}"
ABANDONED,,,,4639,4408,0.3469756393358111,"\{'nu':0.5,'kernel':'rbf','gamma':'auto'\}"
ABANDONED,,,,4380,847,0.9791986062768848,"\{'nu':0.5,'kernel':'rbf','gamma':'auto'\}"
ABANDONED,,,,619,4565,0.1852947117928415,"\{'nu':0.5,'kernel':'rbf','gamma':'auto'\}"
ABANDONED,,,,1655,2406,0.7007720324266701,"\{'nu':0.5,'kernel':'rbf','gamma':'auto'\}"
ABANDONED,,,,3345,3629,0.3993372914660722,"\{'nu':0.5,'kernel':'rbf','gamma':'auto'\}"
ABANDONED,,,,3094,1726,0.1216287467889487,"\{'nu':0.5,'kernel':'rbf','gamma':'auto'\}"
ABANDONED,,,,1911,3022,0.7937959354929625,"\{'nu':0.5,'kernel':'rbf','gamma':'auto'\}"
ABANDONED,,,,836,160,0.3425209776945412,"\{'nu':0.5,'kernel':'rbf','gamma':'auto'\}"
ABANDONED,,,,4168,3961,0.5086392017789185,"\{'nu':0.5,'kernel':'rbf','gamma':'auto'\}"
ABANDONED,,,,4029,2182,0.2765555120948702,"\{'nu':0.5,'kernel':'rbf','gamma':'auto'\}"
ABANDONED,,,,973,3385,0.5741223910693078,"\{'nu':0.5,'kernel':'rbf','gamma':'auto'\}"
ABANDONED,,,,2399,1247,0.0624825427997857,"\{'nu':0.5,'kernel':'rbf','gamma':'auto'\}"
ABANDONED,,,,2603,4946,0.852457424269989,"\{'nu':0.5,'kernel':'rbf','gamma':'auto'\}"
ABANDONED,,,,3441,561,0.6352889918498695,"\{'nu':0.5,'kernel':'rbf','gamma':'auto'\}"
ABANDONED,,,,1557,4342,0.46530266783759,"\{'nu':0.5,'kernel':'rbf','gamma':'auto'\}"
ABANDONED,,,,92,1501,0.9205369687862694,"\{'nu':0.5,'kernel':'rbf','gamma':'auto'\}"
ABANDONED,,,,4905,2778,0.2444410050101578,"\{'nu':0.5,'kernel':'rbf','gamma':'auto'\}"
ABANDONED,,,,4872,1981,0.8755330618061125,"\{'nu':0.5,'kernel':'rbf','gamma':'auto'\}"
ABANDONED,,,,137,3273,0.2114216882027685,"\{'nu':0.5,'kernel':'rbf','gamma':'auto'\}"
ABANDONED,,,,1523,1037,0.6608083254657686,"\{'nu':0.5,'kernel':'rbf','gamma':'auto'\}"
ABANDONED,,,,3485,4843,0.4866342862807214,"\{'nu':0.5,'kernel':'rbf','gamma':'auto'\}"
ABANDONED,,,,2638,438,0.0177919604796916,"\{'nu':0.5,'kernel':'rbf','gamma':'auto'\}"
ABANDONED,,,,2356,4152,0.8192337898630648,"\{'nu':0.5,'kernel':'rbf','gamma':'auto'\}"
ABANDONED,,,,1008,1369,0.3017462927792221,"\{'nu':0.5,'kernel':'rbf','gamma':'auto'\}"
ABANDONED,,,,3986,2597,0.5956430988404899,"\{'nu':0.5,'kernel':'rbf','gamma':'auto'\}"
ABANDONED,,,,4202,657,0.3599159838594496,"\{'nu':0.5,'kernel':'rbf','gamma':'auto'\}"
ABANDONED,,,,792,4443,0.5379581229723989,"\{'nu':0.5,'kernel':'rbf','gamma':'auto'\}"
ABANDONED,,,,1944,2225,0.0847339389882981,"\{'nu':0.5,'kernel':'rbf','gamma':'auto'\}"
ABANDONED,,,,3049,3498,0.7527740876637398,"\{'nu':0.5,'kernel':'rbf','gamma':'auto'\}"
ABANDONED,,,,3310,1613,0.7184934500474482,"\{'nu':0.5,'kernel':'rbf','gamma':'auto'\}"
ABANDONED,,,,1698,2822,0.4284645059723407,"\{'nu':0.5,'kernel':'rbf','gamma':'auto'\}"
ABANDONED,,,,584,57,0.9419926152918487,"\{'nu':0.5,'kernel':'rbf','gamma':'auto'\}"
ABANDONED,,,,4424,3751,0.1444797989223152,"\{'nu':0.5,'kernel':'rbf','gamma':'auto'\}"
ABANDONED,,,,4684,215,0.5257216324284671,"\{'nu':0.5,'kernel':'rbf','gamma':'auto'\}"
ABANDONED,,,,320,3909,0.3253702540472149,"\{'nu':0.5,'kernel':'rbf','gamma':'auto'\}"
ABANDONED,,,,1785,1769,0.8116699983179569,"\{'nu':0.5,'kernel':'rbf','gamma':'auto'\}"
ABANDONED,,,,3219,2977,0.103807741254568,"\{'nu':0.5,'kernel':'rbf','gamma':'auto'\}"
ABANDONED,,,,2846,2383,0.3850568590518086,"\{'nu':0.5,'kernel':'rbf','gamma':'auto'\}"
ABANDONED,,,,2153,3655,0.7151207504030316,"\{'nu':0.5,'kernel':'rbf','gamma':'auto'\}"
ABANDONED,,,,728,812,0.1721718659531325,"\{'nu':0.5,'kernel':'rbf','gamma':'auto'\}"
ABANDONED,,,,4271,4598,0.9922683873903007,"\{'nu':0.5,'kernel':'rbf','gamma':'auto'\}"
ABANDONED,,,,3784,1524,0.2304651380255818,"\{'nu':0.5,'kernel':'rbf','gamma':'auto'\}"
ABANDONED,,,,1214,2752,0.9344592951610684,"\{'nu':0.5,'kernel':'rbf','gamma':'auto'\}"
ABANDONED,,,,2288,596,0.4521189089119434,"\{'nu':0.5,'kernel':'rbf','gamma':'auto'\}"
ABANDONED,,,,2710,4309,0.6485415122210979,"\{'nu':0.5,'kernel':'rbf','gamma':'auto'\}"
ABANDONED,,,,3747,1192,0.8694789418336004,"\{'nu':0.5,'kernel':'rbf','gamma':'auto'\}"
ABANDONED,,,,1256,4998,0.045514558410272,"\{'nu':0.5,'kernel':'rbf','gamma':'auto'\}"
ABANDONED,,,,221,2139,0.5923010193239897,"\{'nu':0.5,'kernel':'rbf','gamma':'auto'\}"
ABANDONED,,,,4782,3431,0.258308114958927,"\{'nu':0.5,'kernel':'rbf','gamma':'auto'\}"
ABANDONED,,,,4755,979,0.0782248223554342,"\{'nu':0.5,'kernel':'rbf','gamma':'auto'\}"
ABANDONED,,,,252,4708,0.7743934919964522,"\{'nu':0.5,'kernel':'rbf','gamma':'auto'\}"
ABANDONED,,,,1404,1922,0.3543681146856397,"\{'nu':0.5,'kernel':'rbf','gamma':'auto'\}"
ABANDONED,,,,3603,3136,0.5586162054892629,"\{'nu':0.5,'kernel':'rbf','gamma':'auto'\}"
ABANDONED,,,,2756,1272,0.9671697152554988,"\{'nu':0.5,'kernel':'rbf','gamma':'auto'\}"
ABANDONED,,,,2237,2578,0.1353799633085727,"\{'nu':0.5,'kernel':'rbf','gamma':'auto'\}"
ABANDONED,,,,1124,340,0.7446013557985424,"\{'nu':0.5,'kernel':'rbf','gamma':'auto'\}"
ABANDONED,,,,3869,4131,0.4184338199570775,"\{'nu':0.5,'kernel':'rbf','gamma':'auto'\}"
ABANDONED,,,,4318,2323,0.685334426118061,"\{'nu':0.5,'kernel':'rbf','gamma':'auto'\}"
ABANDONED,,,,677,3516,0.4772184733282774,"\{'nu':0.5,'kernel':'rbf','gamma':'auto'\}"
ABANDONED,,,,2063,755,0.9010813230033964,"\{'nu':0.5,'kernel':'rbf','gamma':'auto'\}"
ABANDONED,,,,2931,4463,0.2009836403485387,"\{'nu':0.5,'kernel':'rbf','gamma':'auto'\}"
ABANDONED,,,,3193,116,0.2955836100280284,"\{'nu':0.5,'kernel':'rbf','gamma':'auto'\}"
ABANDONED,,,,1817,3887,0.6178830459415912,"\{'nu':0.5,'kernel':'rbf','gamma':'auto'\}"
ABANDONED,,,,469,1672,0.0126209966018795,"\{'nu':0.5,'kernel':'rbf','gamma':'auto'\}"
ABANDONED,,,,4540,2959,0.8404819734767079,"\{'nu':0.5,'kernel':'rbf','gamma':'auto'\}"
ABANDONED,,,,4489,1827,0.4571546995732933,"\{'nu':0.5,'kernel':'rbf','gamma':'auto'\}"
ABANDONED,,,,513,3114,0.6274284572098404,"\{'nu':0.5,'kernel':'rbf','gamma':'auto'\}"
ABANDONED,,,,1588,273,0.2365193416494876,"\{'nu':0.5,'kernel':'rbf','gamma':'auto'\}"
ABANDONED,,,,3415,4045,0.9123278718013316,"\{'nu':0.5,'kernel':'rbf','gamma':'auto'\}"
ABANDONED,,,,3041,909,0.5666480265818536,"\{'nu':0.5,'kernel':'rbf','gamma':'auto'\}"
ABANDONED,,,,1956,4618,0.2688508200012147,"\{'nu':0.5,'kernel':'rbf','gamma':'auto'\}"
ABANDONED,,,,921,2480,0.8448139203824103,"\{'nu':0.5,'kernel':'rbf','gamma':'auto'\}"
ABANDONED,,,,4077,3674,0.055069366518408,"\{'nu':0.5,'kernel':'rbf','gamma':'auto'\}"
ABANDONED,,,,3979,498,0.7856705716941506,"\{'nu':0.5,'kernel':'rbf','gamma':'auto'\}"
ABANDONED,,,,1021,4289,0.1137299035284668,"\{'nu':0.5,'kernel':'rbf','gamma':'auto'\}"
ABANDONED,,,,2486,1427,0.5006797056812792,"\{'nu':0.5,'kernel':'rbf','gamma':'auto'\}"
ABANDONED,,,,2514,2733,0.3343349610585719,"\{'nu':0.5,'kernel':'rbf','gamma':'auto'\}"
ABANDONED,,,,3551,2080,0.1778586559258401,"\{'nu':0.5,'kernel':'rbf','gamma':'auto'\}"
ABANDONED,,,,1453,3293,0.9714713097177444,"\{'nu':0.5,'kernel':'rbf','gamma':'auto'\}"
ABANDONED,,,,27,1134,0.3916707072295248,"\{'nu':0.5,'kernel':'rbf','gamma':'auto'\}"
ABANDONED,,,,4977,4862,0.6933966888822614,"\{'nu':0.5,'kernel':'rbf','gamma':'auto'\}"
ABANDONED,,,,4971,1150,0.7763615471813827,"\{'nu':0.5,'kernel':'rbf','gamma':'auto'\}"
ABANDONED,,,,38,4849,0.0762652921769768,"\{'nu':0.5,'kernel':'rbf','gamma':'auto'\}"
ABANDONED,,,,1464,2083,0.5605546815413982,"\{'nu':0.5,'kernel':'rbf','gamma':'auto'\}"
ABANDONED,,,,3545,3287,0.3524363493341952,"\{'nu':0.5,'kernel':'rbf','gamma':'auto'\}"
ABANDONED,,,,2502,1443,0.1373388726077973,"\{'nu':0.5,'kernel':'rbf','gamma':'auto'\}"
ABANDONED,,,,2492,2720,0.9652022289000451,"\{'nu':0.5,'kernel':'rbf','gamma':'auto'\}"
ABANDONED,,,,1027,501,0.4203652618564665,"\{'nu':0.5,'kernel':'rbf','gamma':'auto'\}"
ABANDONED,,,,3967,4283,0.7426632701195776,"\{'nu':0.5,'kernel':'rbf','gamma':'auto'\}"
ABANDONED,,,,4064,2464,0.4791469112131744,"\{'nu':0.5,'kernel':'rbf','gamma':'auto'\}"
ABANDONED,,,,930,3688,0.6833973814342171,"\{'nu':0.5,'kernel':'rbf','gamma':'auto'\}"
ABANDONED,,,,1965,906,0.2029455536622554,"\{'nu':0.5,'kernel':'rbf','gamma':'auto'\}"
ABANDONED,,,,3028,4624,0.8991127956528217,"\{'nu':0.5,'kernel':'rbf','gamma':'auto'\}"
ABANDONED,,,,3407,257,0.6198206594549119,"\{'nu':0.5,'kernel':'rbf','gamma':'auto'\}"
ABANDONED,,,,1601,4059,0.2936545512638986,"\{'nu':0.5,'kernel':'rbf','gamma':'auto'\}"
ABANDONED,,,,527,1824,0.842450891200453,"\{'nu':0.5,'kernel':'rbf','gamma':'auto'\}"
ABANDONED,,,,4481,3120,0.0106587598361074,"\{'nu':0.5,'kernel':'rbf','gamma':'auto'\}"
ABANDONED,,,,4548,1667,0.6254618296753615,"\{'nu':0.5,'kernel':'rbf','gamma':'auto'\}"
ABANDONED,,,,455,2963,0.4591147056352347,"\{'nu':0.5,'kernel':'rbf','gamma':'auto'\}"
ABANDONED,,,,1803,102,0.9103889198657124,"\{'nu':0.5,'kernel':'rbf','gamma':'auto'\}"
ABANDONED,,,,3201,3903,0.2384496793504804,"\{'nu':0.5,'kernel':'rbf','gamma':'auto'\}"
ABANDONED,,,,2945,749,0.2668904830515384,"\{'nu':0.5,'kernel':'rbf','gamma':'auto'\}"
ABANDONED,,,,2054,4467,0.5686150370538234,"\{'nu':0.5,'kernel':'rbf','gamma':'auto'\}"
ABANDONED,,,,668,2309,0.0531384005025029,"\{'nu':0.5,'kernel':'rbf','gamma':'auto'\}"
ABANDONED,,,,4331,3533,0.8467534337118267,"\{'nu':0.5,'kernel':'rbf','gamma':'auto'\}"
ABANDONED,,,,3880,346,0.1118000379931181,"\{'nu':0.5,'kernel':'rbf','gamma':'auto'\}"
ABANDONED,,,,1118,4128,0.7876071404945105,"\{'nu':0.5,'kernel':'rbf','gamma':'auto'\}"
ABANDONED,,,,2231,1286,0.3323735236283391,"\{'nu':0.5,'kernel':'rbf','gamma':'auto'\}"
ABANDONED,,,,2767,2562,0.5026496606823057,"\{'nu':0.5,'kernel':'rbf','gamma':'auto'\}"
ABANDONED,,,,3609,1928,0.9695351238548756,"\{'nu':0.5,'kernel':'rbf','gamma':'auto'\}"
ABANDONED,,,,1394,3132,0.1797881905734539,"\{'nu':0.5,'kernel':'rbf','gamma':'auto'\}"
ABANDONED,,,,241,993,0.6914272952750325,"\{'nu':0.5,'kernel':'rbf','gamma':'auto'\}"
ABANDONED,,,,4762,4691,0.3936315163448452,"\{'nu':0.5,'kernel':'rbf','gamma':'auto'\}"
ABANDONED,,,,4774,2143,0.2094527704790234,"\{'nu':0.5,'kernel':'rbf','gamma':'auto'\}"
ABANDONED,,,,234,3424,0.8774952985718846,"\{'nu':0.5,'kernel':'rbf','gamma':'auto'\}"
ABANDONED,,,,1269,1208,0.4846966727674007,"\{'nu':0.5,'kernel':'rbf','gamma':'auto'\}"
ABANDONED,,,,3739,4985,0.6627373842298984,"\{'nu':0.5,'kernel':'rbf','gamma':'auto'\}"
ABANDONED,,,,2696,600,0.8172718765493481,"\{'nu':0.5,'kernel':'rbf','gamma':'auto'\}"
ABANDONED,,,,2297,4303,0.0197604878302663,"\{'nu':0.5,'kernel':'rbf','gamma':'auto'\}"
ABANDONED,,,,1223,1540,0.5937146609555929,"\{'nu':0.5,'kernel':'rbf','gamma':'auto'\}"
ABANDONED,,,,3770,2739,0.3036833374630659,"\{'nu':0.5,'kernel':'rbf','gamma':'auto'\}"
ABANDONED,,,,4260,808,0.5360266810730099,"\{'nu':0.5,'kernel':'rbf','gamma':'auto'\}"
ABANDONED,,,,734,4604,0.3618540695384144,"\{'nu':0.5,'kernel':'rbf','gamma':'auto'\}"
ABANDONED,,,,2160,2367,0.7508151783645152,"\{'nu':0.5,'kernel':'rbf','gamma':'auto'\}"
ABANDONED,,,,2835,3668,0.0867014253437519,"\{'nu':0.5,'kernel':'rbf','gamma':'auto'\}"
ABANDONED,,,,3213,1765,0.4265260299202054,"\{'nu':0.5,'kernel':'rbf','gamma':'auto'\}"
ABANDONED,,,,1796,2983,0.7204252153988928,"\{'nu':0.5,'kernel':'rbf','gamma':'auto'\}"
ABANDONED,,,,331,199,0.1425117437373846,"\{'nu':0.5,'kernel':'rbf','gamma':'auto'\}"
ABANDONED,,,,4678,3922,0.9439521454703061,"\{'nu':0.5,'kernel':'rbf','gamma':'auto'\}"
ABANDONED,,,,4429,44,0.3273396476544439,"\{'nu':0.5,'kernel':'rbf','gamma':'auto'\}"
ABANDONED,,,,573,3767,0.5237608233131468,"\{'nu':0.5,'kernel':'rbf','gamma':'auto'\}"
ABANDONED,,,,1687,1607,0.1057439271174371,"\{'nu':0.5,'kernel':'rbf','gamma':'auto'\}"
ABANDONED,,,,3316,2826,0.8097404636703431,"\{'nu':0.5,'kernel':'rbf','gamma':'auto'\}"
ABANDONED,,,,3060,2212,0.7170821878332644,"\{'nu':0.5,'kernel':'rbf','gamma':'auto'\}"
ABANDONED,,,,1938,3513,0.3830869040507823,"\{'nu':0.5,'kernel':'rbf','gamma':'auto'\}"
ABANDONED,,,,785,650,0.9941982529256492,"\{'nu':0.5,'kernel':'rbf','gamma':'auto'\}"
ABANDONED,,,,4212,4447,0.1702352971527725,"\{'nu':0.5,'kernel':'rbf','gamma':'auto'\}"
ABANDONED,,,,3999,1382,0.9363902611769735,"\{'nu':0.5,'kernel':'rbf','gamma':'auto'\}"
ABANDONED,,,,1000,2581,0.2285256246961653,"\{'nu':0.5,'kernel':'rbf','gamma':'auto'\}"
ABANDONED,,,,2348,445,0.6505018491707742,"\{'nu':0.5,'kernel':'rbf','gamma':'auto'\}"
ABANDONED,,,,2652,4148,0.4501518984399736,"\{'nu':0.5,'kernel':'rbf','gamma':'auto'\}"
ABANDONED,,,,3494,1051,0.0474535103458911,"\{'nu':0.5,'kernel':'rbf','gamma':'auto'\}"
ABANDONED,,,,1510,4828,0.8675486041326075,"\{'nu':0.5,'kernel':'rbf','gamma':'auto'\}"
ABANDONED,,,,124,1988,0.2602747424934059,"\{'nu':0.5,'kernel':'rbf','gamma':'auto'\}"
ABANDONED,,,,4881,3269,0.5903410132620484,"\{'nu':0.5,'kernel':'rbf','gamma':'auto'\}"
ABANDONED,,,,4914,1485,0.2857407474163919,"\{'nu':0.5,'kernel':'rbf','gamma':'auto'\}"
ABANDONED,,,,79,2791,0.611710791612044,"\{'nu':0.5,'kernel':'rbf','gamma':'auto'\}"
ABANDONED,,,,1544,557,0.0024877037871628,"\{'nu':0.5,'kernel':'rbf','gamma':'auto'\}"
ABANDONED,,,,3449,4348,0.8344758991468698,"\{'nu':0.5,'kernel':'rbf','gamma':'auto'\}"
ABANDONED,,,,2617,1231,0.6756851049475371,"\{'nu':0.5,'kernel':'rbf','gamma':'auto'\}"
ABANDONED,,,,2391,4959,0.4716954188756644,"\{'nu':0.5,'kernel':'rbf','gamma':'auto'\}"
ABANDONED,,,,965,2178,0.8917224320359528,"\{'nu':0.5,'kernel':'rbf','gamma':'auto'\}"
ABANDONED,,,,4043,3391,0.1952944058962166,"\{'nu':0.5,'kernel':'rbf','gamma':'auto'\}"
ABANDONED,,,,4179,176,0.9573262577895076,"\{'nu':0.5,'kernel':'rbf','gamma':'auto'\}"
ABANDONED,,,,830,3948,0.1292059244159609,"\{'nu':0.5,'kernel':'rbf','gamma':'auto'\}"
ABANDONED,,,,1904,1729,0.7344696096051483,"\{'nu':0.5,'kernel':'rbf','gamma':'auto'\}"
ABANDONED,,,,3104,3016,0.4124285784233361,"\{'nu':0.5,'kernel':'rbf','gamma':'auto'\}"
ABANDONED,,,,3351,2422,0.0685760960392653,"\{'nu':0.5,'kernel':'rbf','gamma':'auto'\}"
ABANDONED,,,,1643,3616,0.7688722221069036,"\{'nu':0.5,'kernel':'rbf','gamma':'auto'\}"
ABANDONED,,,,608,851,0.3450076770968735,"\{'nu':0.5,'kernel':'rbf','gamma':'auto'\}"
ABANDONED,,,,4386,4559,0.552926138240844,"\{'nu':0.5,'kernel':'rbf','gamma':'auto'\}"
ABANDONED,,,,4633,695,0.187264190910384,"\{'nu':0.5,'kernel':'rbf','gamma':'auto'\}"
ABANDONED,,,,365,4404,0.9772376447301356,"\{'nu':0.5,'kernel':'rbf','gamma':'auto'\}"
ABANDONED,,,,1751,2264,0.4012733843829482,"\{'nu':0.5,'kernel':'rbf','gamma':'auto'\}"
ABANDONED,,,,3247,3458,0.6988426427748053,"\{'nu':0.5,'kernel':'rbf','gamma':'auto'\}"
ABANDONED,,,,2878,1575,0.7957572204917668,"\{'nu':0.5,'kernel':'rbf','gamma':'auto'\}"
ABANDONED,,,,2125,2861,0.1196588772982358,"\{'nu':0.5,'kernel':'rbf','gamma':'auto'\}"
ABANDONED,,,,777,18,0.5105692123100161,"\{'nu':0.5,'kernel':'rbf','gamma':'auto'\}"
ABANDONED,,,,4226,3791,0.3405843159481883,"\{'nu':0.5,'kernel':'rbf','gamma':'auto'\}"
ABANDONED,,,,3815,2020,0.5760532046537846,"\{'nu':0.5,'kernel':'rbf','gamma':'auto'\}"
ABANDONED,,,,1189,3234,0.2746160842757672,"\{'nu':0.5,'kernel':'rbf','gamma':'auto'\}"
ABANDONED,,,,2341,1076,0.8544179062154142,"\{'nu':0.5,'kernel':'rbf','gamma':'auto'\}"
ABANDONED,,,,2663,4804,0.0605154393818229,"\{'nu':0.5,'kernel':'rbf','gamma':'auto'\}"
ABANDONED,,,,3695,399,0.4672417052835226,"\{'nu':0.5,'kernel':'rbf','gamma':'auto'\}"
ABANDONED,,,,1304,4191,0.6333585017174482,"\{'nu':0.5,'kernel':'rbf','gamma':'auto'\}"
ABANDONED,,,,191,1330,0.2464075395986437,"\{'nu':0.5,'kernel':'rbf','gamma':'auto'\}"
ABANDONED,,,,4808,2636,0.918577107720077,"\{'nu':0.5,'kernel':'rbf','gamma':'auto'\}"
ABANDONED,,,,4718,537,0.7283221625611185,"\{'nu':0.5,'kernel':'rbf','gamma':'auto'\}"
ABANDONED,,,,276,4250,0.4346533046886325,"\{'nu':0.5,'kernel':'rbf','gamma':'auto'\}"
ABANDONED,,,,1350,1466,0.9521400582045316,"\{'nu':0.5,'kernel':'rbf','gamma':'auto'\}"
ABANDONED,,,,3644,2694,0.1504693288654088,"\{'nu':0.5,'kernel':'rbf','gamma':'auto'\}"
ABANDONED,,,,2812,2041,0.3695794551279396,"\{'nu':0.5,'kernel':'rbf','gamma':'auto'\}"
ABANDONED,,,,2198,3332,0.5434646330382675,"\{'nu':0.5,'kernel':'rbf','gamma':'auto'\}"
ABANDONED,,,,1162,1095,0.0940786798577755,"\{'nu':0.5,'kernel':'rbf','gamma':'auto'\}"
ABANDONED,,,,3847,4901,0.7584798665028065,"\{'nu':0.5,'kernel':'rbf','gamma':'auto'\}"
ABANDONED,,,,4374,1867,0.0276191263720393,"\{'nu':0.5,'kernel':'rbf','gamma':'auto'\}"
ABANDONED,,,,633,3075,0.8254217557832598,"\{'nu':0.5,'kernel':'rbf','gamma':'auto'\}"
ABANDONED,,,,2098,312,0.3118943305462598,"\{'nu':0.5,'kernel':'rbf','gamma':'auto'\}"
ABANDONED,,,,2910,4006,0.6016344133466482,"\{'nu':0.5,'kernel':'rbf','gamma':'auto'\}"
ABANDONED,,,,3156,870,0.8851980796959251,"\{'nu':0.5,'kernel':'rbf','gamma':'auto'\}"
ABANDONED,,,,1837,4657,0.2169290310647338,"\{'nu':0.5,'kernel':'rbf','gamma':'auto'\}"
ABANDONED,,,,411,2441,0.670152471480891,"\{'nu':0.5,'kernel':'rbf','gamma':'auto'\}"
ABANDONED,,,,4582,3713,0.4923382805567234,"\{'nu':0.5,'kernel':'rbf','gamma':'auto'\}"
ABANDONED,,,,4516,2284,0.8600590188093483,"\{'nu':0.5,'kernel':'rbf','gamma':'auto'\}"
ABANDONED,,,,484,3555,0.0397640539593994,"\{'nu':0.5,'kernel':'rbf','gamma':'auto'\}"
ABANDONED,,,,1636,715,0.5827127302102744,"\{'nu':0.5,'kernel':'rbf','gamma':'auto'\}"
ABANDONED,,,,3363,4502,0.2528463305048644,"\{'nu':0.5,'kernel':'rbf','gamma':'auto'\}"
ABANDONED,,,,2995,155,0.2203928772676736,"\{'nu':0.5,'kernel':'rbf','gamma':'auto'\}"
ABANDONED,,,,2010,3848,0.9285144908297805,"\{'nu':0.5,'kernel':'rbf','gamma':'auto'\}"
ABANDONED,,,,896,1712,0.4422150142434984,"\{'nu':0.5,'kernel':'rbf','gamma':'auto'\}"
ABANDONED,,,,4108,2920,0.6423079878930003,"\{'nu':0.5,'kernel':'rbf','gamma':'auto'\}"
ABANDONED,,,,3933,940,0.3756356273479759,"\{'nu':0.5,'kernel':'rbf','gamma':'auto'\}"
ABANDONED,,,,1070,4746,0.7093701269812882,"\{'nu':0.5,'kernel':'rbf','gamma':'auto'\}"
ABANDONED,,,,2457,1883,0.1625839337520301,"\{'nu':0.5,'kernel':'rbf','gamma':'auto'\}"
ABANDONED,,,,2546,3174,0.9868076736740768,"\{'nu':0.5,'kernel':'rbf','gamma':'auto'\}"
ABANDONED,,,,3578,1311,0.5156506803501397,"\{'nu':0.5,'kernel':'rbf','gamma':'auto'\}"
ABANDONED,,,,1419,2540,0.3194255686867982,"\{'nu':0.5,'kernel':'rbf','gamma':'auto'\}"
ABANDONED,,,,71,380,0.801765746736899,"\{'nu':0.5,'kernel':'rbf','gamma':'auto'\}"
ABANDONED,,,,4926,4093,0.0975731461886316,"\{'nu':0.5,'kernel':'rbf','gamma':'auto'\}"
ABANDONED,,,,4943,2361,0.51169570752047,"\{'nu':0.5,'kernel':'rbf','gamma':'auto'\}"
ABANDONED,,,,52,3637,0.3389088686909526,"\{'nu':0.5,'kernel':'rbf','gamma':'auto'\}"
ABANDONED,,,,1438,795,0.7901231587808579,"\{'nu':0.5,'kernel':'rbf','gamma':'auto'\}"
ABANDONED,,,,3556,4577,0.1248672853987664,"\{'nu':0.5,'kernel':'rbf','gamma':'auto'\}"
ABANDONED,,,,2568,232,0.4029488613829016,"\{'nu':0.5,'kernel':'rbf','gamma':'auto'\}"
ABANDONED,,,,2442,3930,0.6977160583361983,"\{'nu':0.5,'kernel':'rbf','gamma':'auto'\}"
ABANDONED,,,,1094,1791,0.1820557530671358,"\{'nu':0.5,'kernel':'rbf','gamma':'auto'\}"
ABANDONED,,,,3915,2995,0.982871795669198,"\{'nu':0.5,'kernel':'rbf','gamma':'auto'\}"
ABANDONED,,,,4130,1176,0.2476566937770694,"\{'nu':0.5,'kernel':'rbf','gamma':'auto'\}"
ABANDONED,,,,877,4977,0.9167804291453212,"\{'nu':0.5,'kernel':'rbf','gamma':'auto'\}"
ABANDONED,,,,2029,2117,0.4617286369483917,"\{'nu':0.5,'kernel':'rbf','gamma':'auto'\}"
ABANDONED,,,,2978,3413,0.6384444887917488,"\{'nu':0.5,'kernel':'rbf','gamma':'auto'\}"
ABANDONED,,,,3381,1547,0.8562143765911459,"\{'nu':0.5,'kernel':'rbf','gamma':'auto'\}"
ABANDONED,,,,1612,2770,0.0592664339169859,"\{'nu':0.5,'kernel':'rbf','gamma':'auto'\}"
ABANDONED,,,,499,612,0.5709674257785082,"\{'nu':0.5,'kernel':'rbf','gamma':'auto'\}"
ABANDONED,,,,4494,4330,0.2801290038973093,"\{'nu':0.5,'kernel':'rbf','gamma':'auto'\}"
ABANDONED,,,,4604,455,0.8968690868187695,"\{'nu':0.5,'kernel':'rbf','gamma':'auto'\}"
ABANDONED,,,,396,4173,0.1895983529258519,"\{'nu':0.5,'kernel':'rbf','gamma':'auto'\}"
ABANDONED,,,,1861,1392,0.6740714110080152,"\{'nu':0.5,'kernel':'rbf','gamma':'auto'\}"
ABANDONED,,,,3139,2615,0.472883905345574,"\{'nu':0.5,'kernel':'rbf','gamma':'auto'\}"
ABANDONED,,,,2926,1959,0.0081836080439388,"\{'nu':0.5,'kernel':'rbf','gamma':'auto'\}"
ABANDONED,,,,2078,3255,0.8293294525630772,"\{'nu':0.5,'kernel':'rbf','gamma':'auto'\}"
ABANDONED,,,,652,1021,0.2845524096600711,"\{'nu':0.5,'kernel':'rbf','gamma':'auto'\}"
ABANDONED,,,,4352,4822,0.6133242773525416,"\{'nu':0.5,'kernel':'rbf','gamma':'auto'\}"
ABANDONED,,,,3864,1636,0.350033576445654,"\{'nu':0.5,'kernel':'rbf','gamma':'auto'\}"
ABANDONED,,,,1138,2840,0.5473532201219349,"\{'nu':0.5,'kernel':'rbf','gamma':'auto'\}"
ABANDONED,,,,2213,74,0.0668395051900297,"\{'nu':0.5,'kernel':'rbf','gamma':'auto'\}"
ABANDONED,,,,2790,3773,0.7701812260691075,"\{'nu':0.5,'kernel':'rbf','gamma':'auto'\}"
ABANDONED,,,,3666,640,0.7400426169522106,"\{'nu':0.5,'kernel':'rbf','gamma':'auto'\}"
ABANDONED,,,,1331,4422,0.4074026493318378,"\{'nu':0.5,'kernel':'rbf','gamma':'auto'\}"
ABANDONED,,,,296,2203,0.9560171645991504,"\{'nu':0.5,'kernel':'rbf','gamma':'auto'\}"
ABANDONED,,,,4702,3480,0.1309425450079143,"\{'nu':0.5,'kernel':'rbf','gamma':'auto'\}"
ABANDONED,,,,4827,931,0.4399912135116755,"\{'nu':0.5,'kernel':'rbf','gamma':'auto'\}"
ABANDONED,,,,167,4635,0.6450792386643589,"\{'nu':0.5,'kernel':'rbf','gamma':'auto'\}"
ABANDONED,,,,1319,2498,0.2268805921562015,"\{'nu':0.5,'kernel':'rbf','gamma':'auto'\}"
ABANDONED,,,,3674,3697,0.9224539315588772,"\{'nu':0.5,'kernel':'rbf','gamma':'auto'\}"
ABANDONED,,,,2685,1810,0.5799416281525046,"\{'nu':0.5,'kernel':'rbf','gamma':'auto'\}"
ABANDONED,,,,2323,3091,0.2550699230376631,"\{'nu':0.5,'kernel':'rbf','gamma':'auto'\}"
ABANDONED,,,,1209,251,0.866119429366663,"\{'nu':0.5,'kernel':'rbf','gamma':'auto'\}"
ABANDONED,,,,3799,4029,0.0332765472698956,"\{'nu':0.5,'kernel':'rbf','gamma':'auto'\}"
ABANDONED,,,,4247,2097,0.7996646049730479,"\{'nu':0.5,'kernel':'rbf','gamma':'auto'\}"
ABANDONED,,,,762,3316,0.1002231656424701,"\{'nu':0.5,'kernel':'rbf','gamma':'auto'\}"
ABANDONED,,,,2148,1156,0.5222593886144458,"\{'nu':0.5,'kernel':'rbf','gamma':'auto'\}"
ABANDONED,,,,2860,4879,0.3132425883896648,"\{'nu':0.5,'kernel':'rbf','gamma':'auto'\}"
ABANDONED,,,,3263,476,0.1599338250700384,"\{'nu':0.5,'kernel':'rbf','gamma':'auto'\}"
ABANDONED,,,,1731,4273,0.9889088451806456,"\{'nu':0.5,'kernel':'rbf','gamma':'auto'\}"
ABANDONED,,,,383,1410,0.3818186968732625,"\{'nu':0.5,'kernel':'rbf','gamma':'auto'\}"
ABANDONED,,,,4611,2710,0.7027613889742642,"\{'nu':0.5,'kernel':'rbf','gamma':'auto'\}"
ABANDONED,,,,4409,1255,0.0880781934410333,"\{'nu':0.5,'kernel':'rbf','gamma':'auto'\}"
ABANDONED,,,,589,2556,0.7650274163037538,"\{'nu':0.5,'kernel':'rbf','gamma':'auto'\}"
ABANDONED,,,,1663,319,0.3722906330451369,"\{'nu':0.5,'kernel':'rbf','gamma':'auto'\}"
ABANDONED,,,,3335,4115,0.5411809973940253,"\{'nu':0.5,'kernel':'rbf','gamma':'auto'\}"
ABANDONED,,,,3122,1001,0.9455924786608664,"\{'nu':0.5,'kernel':'rbf','gamma':'auto'\}"
ABANDONED,,,,1881,4724,0.1564699045103043,"\{'nu':0.5,'kernel':'rbf','gamma':'auto'\}"
ABANDONED,,,,846,1940,0.7306058279480784,"\{'nu':0.5,'kernel':'rbf','gamma':'auto'\}"
ABANDONED,,,,4157,3158,0.4319420375432819,"\{'nu':0.5,'kernel':'rbf','gamma':'auto'\}"
ABANDONED,,,,4059,94,0.6640312296301126,"\{'nu':0.5,'kernel':'rbf','gamma':'auto'\}"
ABANDONED,,,,945,3871,0.4990089652091264,"\{'nu':0.5,'kernel':'rbf','gamma':'auto'\}"
ABANDONED,,,,2410,1655,0.8877863607034087,"\{'nu':0.5,'kernel':'rbf','gamma':'auto'\}"
ABANDONED,,,,2594,2936,0.214765912912786,"\{'nu':0.5,'kernel':'rbf','gamma':'auto'\}"
ABANDONED,,,,3471,2340,0.3052238540928811,"\{'nu':0.5,'kernel':'rbf','gamma':'auto'\}"
ABANDONED,,,,1528,3539,0.6077555064838379,"\{'nu':0.5,'kernel':'rbf','gamma':'auto'\}"
ABANDONED,,,,103,776,0.0297820363249629,"\{'nu':0.5,'kernel':'rbf','gamma':'auto'\}"
ABANDONED,,,,4896,4479,0.822833623489365,"\{'nu':0.5,'kernel':'rbf','gamma':'auto'\}"
ABANDONED,,,,4861,275,0.0513409634884446,"\{'nu':0.5,'kernel':'rbf','gamma':'auto'\}"
ABANDONED,,,,146,4003,0.8480014725383371,"\{'nu':0.5,'kernel':'rbf','gamma':'auto'\}"
ABANDONED,,,,1493,1845,0.2719772285651415,"\{'nu':0.5,'kernel':'rbf','gamma':'auto'\}"
ABANDONED,,,,3514,3059,0.563103084070608,"\{'nu':0.5,'kernel':'rbf','gamma':'auto'\}"
ABANDONED,,,,2628,2443,0.9091407323256137,"\{'nu':0.5,'kernel':'rbf','gamma':'auto'\}"
ABANDONED,,,,2365,3749,0.2402473245635628,"\{'nu':0.5,'kernel':'rbf','gamma':'auto'\}"
ABANDONED,,,,979,888,0.6309739313721657,"\{'nu':0.5,'kernel':'rbf','gamma':'auto'\}"
ABANDONED,,,,4014,4680,0.4540277519226074,"\{'nu':0.5,'kernel':'rbf','gamma':'auto'\}"
ABANDONED,,,,4192,1464,0.689752755170688,"\{'nu':0.5,'kernel':'rbf','gamma':'auto'\}"
ABANDONED,,,,802,2659,0.3947590376790612,"\{'nu':0.5,'kernel':'rbf','gamma':'auto'\}"
ABANDONED,,,,1916,519,0.9747426248025148,"\{'nu':0.5,'kernel':'rbf','gamma':'auto'\}"
ABANDONED,,,,3079,4227,0.1741531027387827,"\{'nu':0.5,'kernel':'rbf','gamma':'auto'\}"
ABANDONED,,,,3301,1132,0.3312460915222764,"\{'nu':0.5,'kernel':'rbf','gamma':'auto'\}"
ABANDONED,,,,1708,4904,0.5043241710439323,"\{'nu':0.5,'kernel':'rbf','gamma':'auto'\}"
ABANDONED,,,,556,2062,0.117435036599636,"\{'nu':0.5,'kernel':'rbf','gamma':'auto'\}"
ABANDONED,,,,4453,3348,0.7823996692895889,"\{'nu':0.5,'kernel':'rbf','gamma':'auto'\}"
ABANDONED,,,,4654,1907,0.4147913176137953,"\{'nu':0.5,'kernel':'rbf','gamma':'auto'\}"
ABANDONED,,,,348,3193,0.747688262315467,"\{'nu':0.5,'kernel':'rbf','gamma':'auto'\}"
ABANDONED,,,,1774,975,0.1386489026937633,"\{'nu':0.5,'kernel':'rbf','gamma':'auto'\}"
ABANDONED,,,,3228,4747,0.9634665452037006,"\{'nu':0.5,'kernel':'rbf','gamma':'auto'\}"
ABANDONED,,,,2815,364,0.5555297190882265,"\{'nu':0.5,'kernel':'rbf','gamma':'auto'\}"
ABANDONED,,,,2182,4072,0.3580102043487131,"\{'nu':0.5,'kernel':'rbf','gamma':'auto'\}"
ABANDONED,,,,717,1307,0.7780972011350095,"\{'nu':0.5,'kernel':'rbf','gamma':'auto'\}"
ABANDONED,,,,4280,2501,0.074955351319164,"\{'nu':0.5,'kernel':'rbf','gamma':'auto'\}"
ABANDONED,,,,3755,731,0.8367559535820037,"\{'nu':0.5,'kernel':'rbf','gamma':'auto'\}"
ABANDONED,,,,1244,4522,0.0158061730582267,"\{'nu':0.5,'kernel':'rbf','gamma':'auto'\}"
ABANDONED,,,,2280,2288,0.6210080305729061,"\{'nu':0.5,'kernel':'rbf','gamma':'auto'\}"
ABANDONED,,,,2720,3594,0.2920400988850742,"\{'nu':0.5,'kernel':'rbf','gamma':'auto'\}"
ABANDONED,,,,3719,1688,0.197797932241112,"\{'nu':0.5,'kernel':'rbf','gamma':'auto'\}"
ABANDONED,,,,1286,2901,0.9048078819848596,"\{'nu':0.5,'kernel':'rbf','gamma':'auto'\}"
ABANDONED,,,,211,120,0.480761571791023,"\{'nu':0.5,'kernel':'rbf','gamma':'auto'\}"
ABANDONED,,,,4793,3848,0.6822098616026341,"\{'nu':0.5,'kernel':'rbf','gamma':'auto'\}"
ABANDONED,,,,4746,1748,0.996847424712032,"\{'nu':0.5,'kernel':'rbf','gamma':'auto'\}"
ABANDONED,,,,262,3040,0.1681331887505948,"\{'nu':0.5,'kernel':'rbf','gamma':'auto'\}"
ABANDONED,,,,1376,177,0.7109000552035867,"\{'nu':0.5,'kernel':'rbf','gamma':'auto'\}"
ABANDONED,,,,3633,3983,0.3896965789534151,"\{'nu':0.5,'kernel':'rbf','gamma':'auto'\}"
ABANDONED,,,,2746,830,0.107846005776897,"\{'nu':0.5,'kernel':'rbf','gamma':'auto'\}"
ABANDONED,,,,2247,4543,0.8070913811121136,"\{'nu':0.5,'kernel':'rbf','gamma':'auto'\}"
ABANDONED,,,,1095,2383,0.3207300024945288,"\{'nu':0.5,'kernel':'rbf','gamma':'auto'\}"
ABANDONED,,,,3899,3612,0.5299428667146712,"\{'nu':0.5,'kernel':'rbf','gamma':'auto'\}"
ABANDONED,,,,4308,577,0.2630468111895024,"\{'nu':0.5,'kernel':'rbf','gamma':'auto'\}"
ABANDONED,,,,686,4364,0.5881183873675763,"\{'nu':0.5,'kernel':'rbf','gamma':'auto'\}"
ABANDONED,,,,2034,1524,0.0413921331502497,"\{'nu':0.5,'kernel':'rbf','gamma':'auto'\}"
ABANDONED,,,,2960,2796,0.8740351441837846,"\{'nu':0.5,'kernel':'rbf','gamma':'auto'\}"
ABANDONED,,,,3182,2159,0.6527246832642704,"\{'nu':0.5,'kernel':'rbf','gamma':'auto'\}"
ABANDONED,,,,1826,3368,0.4473796810302883,"\{'nu':0.5,'kernel':'rbf','gamma':'auto'\}"
ABANDONED,,,,439,1231,0.9299035129267722,"\{'nu':0.5,'kernel':'rbf','gamma':'auto'\}"
ABANDONED,,,,4569,4924,0.2345871506053954,"\{'nu':0.5,'kernel':'rbf','gamma':'auto'\}"
ABANDONED,,,,4460,1073,0.600384170770645,"\{'nu':0.5,'kernel':'rbf','gamma':'auto'\}"
ABANDONED,,,,543,4767,0.2975612776875495,"\{'nu':0.5,'kernel':'rbf','gamma':'auto'\}"
ABANDONED,,,,1578,2004,0.8151099332347512,"\{'nu':0.5,'kernel':'rbf','gamma':'auto'\}"
ABANDONED,,,,3425,3213,0.0223495867624878,"\{'nu':0.5,'kernel':'rbf','gamma':'auto'\}"
ABANDONED,,,,3013,1366,0.4908188812565058,"\{'nu':0.5,'kernel':'rbf','gamma':'auto'\}"
ABANDONED,,,,1986,2638,0.6560676662158221,"\{'nu':0.5,'kernel':'rbf','gamma':'auto'\}"
ABANDONED,,,,912,422,0.2068635228332132,"\{'nu':0.5,'kernel':'rbf','gamma':'auto'\}"
ABANDONED,,,,4087,4209,0.8796574500855058,"\{'nu':0.5,'kernel':'rbf','gamma':'auto'\}"
ABANDONED,,,,3949,2228,0.1490602601766586,"\{'nu':0.5,'kernel':'rbf','gamma':'auto'\}"
ABANDONED,,,,1050,3457,0.9379525067210196,"\{'nu':0.5,'kernel':'rbf','gamma':'auto'\}"
ABANDONED,,,,2475,673,0.4242414276376366,"\{'nu':0.5,'kernel':'rbf','gamma':'auto'\}"
ABANDONED,,,,2523,4386,0.7231355456486344,"\{'nu':0.5,'kernel':'rbf','gamma':'auto'\}"
ABANDONED,,,,3522,21,0.7568147278856486,"\{'nu':0.5,'kernel':'rbf','gamma':'auto'\}"
ABANDONED,,,,1482,3828,0.0801529386471956,"\{'nu':0.5,'kernel':'rbf','gamma':'auto'\}"
ABANDONED,,,,17,1591,0.5333164400514215,"\{'nu':0.5,'kernel':'rbf','gamma':'auto'\}"
ABANDONED,,,,4986,2882,0.3641386420782655,"\{'nu':0.5,'kernel':'rbf','gamma':'auto'\}"
ABANDONED,,,,4990,2244,0.9816659794189035,"\{'nu':0.5,'kernel':'rbf','gamma':'auto'\}"
ABANDONED,,,,18,3438,0.1808181121088564,"\{'nu':0.5,'kernel':'rbf','gamma':'auto'\}"
ABANDONED,,,,1482,677,0.6984264835976063,"\{'nu':0.5,'kernel':'rbf','gamma':'auto'\}"
ABANDONED,,,,3525,4385,0.4036920631192624,"\{'nu':0.5,'kernel':'rbf','gamma':'auto'\}"
ABANDONED,,,,2521,37,0.1241562169510871,"\{'nu':0.5,'kernel':'rbf','gamma':'auto'\}"
ABANDONED,,,,2471,3810,0.7893791948873549,"\{'nu':0.5,'kernel':'rbf','gamma':'auto'\}"
ABANDONED,,,,1046,1595,0.3401153355631977,"\{'nu':0.5,'kernel':'rbf','gamma':'auto'\}"
ABANDONED,,,,3947,2881,0.5129341180715709,"\{'nu':0.5,'kernel':'rbf','gamma':'auto'\}"
ABANDONED,,,,4084,1057,0.2808494450189173,"\{'nu':0.5,'kernel':'rbf','gamma':'auto'\}"
ABANDONED,,,,911,4785,0.5717157655693591,"\{'nu':0.5,'kernel':'rbf','gamma':'auto'\}"
ABANDONED,,,,1985,2000,0.0580667818449437,"\{'nu':0.5,'kernel':'rbf','gamma':'auto'\}"
ABANDONED,,,,3010,3214,0.8549858740828931,"\{'nu':0.5,'kernel':'rbf','gamma':'auto'\}"
ABANDONED,,,,3427,1351,0.6396446873862295,"\{'nu':0.5,'kernel':'rbf','gamma':'auto'\}"
ABANDONED,,,,1582,2656,0.4629580428916961,"\{'nu':0.5,'kernel':'rbf','gamma':'auto'\}"
ABANDONED,,,,547,418,0.916059448936954,"\{'nu':0.5,'kernel':'rbf','gamma':'auto'\}"
ABANDONED,,,,4462,4210,0.2469074579868465,"\{'nu':0.5,'kernel':'rbf','gamma':'auto'\}"
ABANDONED,,,,4567,576,0.6140433317199349,"\{'nu':0.5,'kernel':'rbf','gamma':'auto'\}"
ABANDONED,,,,435,4368,0.2853041215315461,"\{'nu':0.5,'kernel':'rbf','gamma':'auto'\}"
ABANDONED,,,,1822,1506,0.8281302280426025,"\{'nu':0.5,'kernel':'rbf','gamma':'auto'\}"
ABANDONED,,,,3181,2811,0.0069526777863502,"\{'nu':0.5,'kernel':'rbf','gamma':'auto'\}"
ABANDONED,,,,2963,2157,0.4740817356761544,"\{'nu':0.5,'kernel':'rbf','gamma':'auto'\}"
ABANDONED,,,,2034,3371,0.6753013039883226,"\{'nu':0.5,'kernel':'rbf','gamma':'auto'\}"
ABANDONED,,,,687,1212,0.1888806853126734,"\{'nu':0.5,'kernel':'rbf','gamma':'auto'\}"
ABANDONED,,,,4311,4940,0.8961184047888964,"\{'nu':0.5,'kernel':'rbf','gamma':'auto'\}"
ABANDONED,,,,3901,1750,0.1297343902364373,"\{'nu':0.5,'kernel':'rbf','gamma':'auto'\}"
ABANDONED,,,,1099,3036,0.9547800404205918,"\{'nu':0.5,'kernel':'rbf','gamma':'auto'\}"
ABANDONED,,,,2251,195,0.4081163574457168,"\{'nu':0.5,'kernel':'rbf','gamma':'auto'\}"
ABANDONED,,,,2748,3967,0.7407843427062034,"\{'nu':0.5,'kernel':'rbf','gamma':'auto'\}"
ABANDONED,,,,3629,832,0.7694687411244958,"\{'nu':0.5,'kernel':'rbf','gamma':'auto'\}"
ABANDONED,,,,1375,4540,0.0660988836344331,"\{'nu':0.5,'kernel':'rbf','gamma':'auto'\}"
ABANDONED,,,,261,2402,0.5485601442884653,"\{'nu':0.5,'kernel':'rbf','gamma':'auto'\}"
ABANDONED,,,,4743,3596,0.3512695889901369,"\{'nu':0.5,'kernel':'rbf','gamma':'auto'\}"
ABANDONED,,,,4794,734,0.0325356208514422,"\{'nu':0.5,'kernel':'rbf','gamma':'auto'\}"
ABANDONED,,,,215,4521,0.8654067585300654,"\{'nu':0.5,'kernel':'rbf','gamma':'auto'\}"
ABANDONED,,,,1289,2304,0.2563062404450028,"\{'nu':0.5,'kernel':'rbf','gamma':'auto'\}"
ABANDONED,,,,3719,3575,0.5811487382110208,"\{'nu':0.5,'kernel':'rbf','gamma':'auto'\}"
ABANDONED,,,,2716,1691,0.92121705275774,"\{'nu':0.5,'kernel':'rbf','gamma':'auto'\}"
ABANDONED,,,,2278,2900,0.225672563791275,"\{'nu':0.5,'kernel':'rbf','gamma':'auto'\}"
ABANDONED,,,,1243,136,0.6458207190409303,"\{'nu':0.5,'kernel':'rbf','gamma':'auto'\}"
ABANDONED,,,,3751,3829,0.4407047952190041,"\{'nu':0.5,'kernel':'rbf','gamma':'auto'\}"
ABANDONED,,,,4280,1903,0.7039914529751986,"\{'nu':0.5,'kernel':'rbf','gamma':'auto'\}"
ABANDONED,,,,714,3195,0.3830168171953409,"\{'nu':0.5,'kernel':'rbf','gamma':'auto'\}"
ABANDONED,,,,2179,959,0.9881579921301454,"\{'nu':0.5,'kernel':'rbf','gamma':'auto'\}"
ABANDONED,,,,2815,4765,0.1592158674653619,"\{'nu':0.5,'kernel':'rbf','gamma':'auto'\}"
ABANDONED,,,,3232,360,0.3139940697550773,"\{'nu':0.5,'kernel':'rbf','gamma':'auto'\}"
ABANDONED,,,,1776,4074,0.5229780935049057,"\{'nu':0.5,'kernel':'rbf','gamma':'auto'\}"
ABANDONED,,,,350,1291,0.098992465890944,"\{'nu':0.5,'kernel':'rbf','gamma':'auto'\}"
ABANDONED,,,,4658,2519,0.7984657299295068,"\{'nu':0.5,'kernel':'rbf','gamma':'auto'\}"
ABANDONED,,,,4449,1446,0.4331716442499309,"\{'nu':0.5,'kernel':'rbf','gamma':'auto'\}"
ABANDONED,,,,554,2674,0.7318063462767749,"\{'nu':0.5,'kernel':'rbf','gamma':'auto'\}"
ABANDONED,,,,1706,518,0.1557204679567366,"\{'nu':0.5,'kernel':'rbf','gamma':'auto'\}"
ABANDONED,,,,3297,4231,0.9448711787182836,"\{'nu':0.5,'kernel':'rbf','gamma':'auto'\}"
ABANDONED,,,,3080,1114,0.5419291959069669,"\{'nu':0.5,'kernel':'rbf','gamma':'auto'\}"
ABANDONED,,,,1919,4920,0.3730108139179647,"\{'nu':0.5,'kernel':'rbf','gamma':'auto'\}"
ABANDONED,,,,806,2061,0.7637990550734102,"\{'nu':0.5,'kernel':'rbf','gamma':'auto'\}"
ABANDONED,,,,4193,3352,0.0868788016177713,"\{'nu':0.5,'kernel':'rbf','gamma':'auto'\}"
ABANDONED,,,,4018,293,0.8220893844757228,"\{'nu':0.5,'kernel':'rbf','gamma':'auto'\}"
ABANDONED,,,,980,3987,0.0290708117280155,"\{'nu':0.5,'kernel':'rbf','gamma':'auto'\}"
ABANDONED,,,,2367,1846,0.6089941921550781,"\{'nu':0.5,'kernel':'rbf','gamma':'auto'\}"
ABANDONED,,,,2632,3055,0.3064304771143943,"\{'nu':0.5,'kernel':'rbf','gamma':'auto'\}"
ABANDONED,,,,3513,2461,0.2135286065600812,"\{'nu':0.5,'kernel':'rbf','gamma':'auto'\}"
ABANDONED,,,,1490,3733,0.8865807600878179,"\{'nu':0.5,'kernel':'rbf','gamma':'auto'\}"
ABANDONED,,,,143,889,0.4997518323399126,"\{'nu':0.5,'kernel':'rbf','gamma':'auto'\}"
ABANDONED,,,,4861,4676,0.664741439256817,"\{'nu':0.5,'kernel':'rbf','gamma':'auto'\}"
ABANDONED,,,,4895,83,0.4547491894252598,"\{'nu':0.5,'kernel':'rbf','gamma':'auto'\}"
ABANDONED,,,,99,3885,0.6317232675440609,"\{'nu':0.5,'kernel':'rbf','gamma':'auto'\}"
ABANDONED,,,,1525,1646,0.2390466761104762,"\{'nu':0.5,'kernel':'rbf','gamma':'auto'\}"
ABANDONED,,,,3470,2943,0.9079112334363164,"\{'nu':0.5,'kernel':'rbf','gamma':'auto'\}"
ABANDONED,,,,2598,2329,0.5643023457694799,"\{'nu':0.5,'kernel':'rbf','gamma':'auto'\}"
ABANDONED,,,,2411,3553,0.2732056976128369,"\{'nu':0.5,'kernel':'rbf','gamma':'auto'\}"
ABANDONED,,,,946,768,0.8472814292255789,"\{'nu':0.5,'kernel':'rbf','gamma':'auto'\}"
ABANDONED,,,,4063,4486,0.0505926645938307,"\{'nu':0.5,'kernel':'rbf','gamma':'auto'\}"
ABANDONED,,,,4158,1266,0.7811929458864033,"\{'nu':0.5,'kernel':'rbf','gamma':'auto'\}"
ABANDONED,,,,849,2542,0.1161964884884655,"\{'nu':0.5,'kernel':'rbf','gamma':'auto'\}"
ABANDONED,,,,1884,327,0.5050355034582316,"\{'nu':0.5,'kernel':'rbf','gamma':'auto'\}"
ABANDONED,,,,3123,4109,0.3319902004115283,"\{'nu':0.5,'kernel':'rbf','gamma':'auto'\}"
ABANDONED,,,,3331,1012,0.1734430009294301,"\{'nu':0.5,'kernel':'rbf','gamma':'auto'\}"
ABANDONED,,,,1662,4710,0.9739996275473384,"\{'nu':0.5,'kernel':'rbf','gamma':'auto'\}"
ABANDONED,,,,588,1948,0.3959645379129796,"\{'nu':0.5,'kernel':'rbf','gamma':'auto'\}"
ABANDONED,,,,4405,3152,0.6909901990834623,"\{'nu':0.5,'kernel':'rbf','gamma':'auto'\}"
ABANDONED,,,,4615,2103,0.0737481037005782,"\{'nu':0.5,'kernel':'rbf','gamma':'auto'\}"
ABANDONED,,,,385,3307,0.7768609841093421,"\{'nu':0.5,'kernel':'rbf','gamma':'auto'\}"
ABANDONED,,,,1733,1169,0.3587230053097009,"\{'nu':0.5,'kernel':'rbf','gamma':'auto'\}"
ABANDONED,,,,3267,4868,0.5562705376893282,"\{'nu':0.5,'kernel':'rbf','gamma':'auto'\}"
ABANDONED,,,,2859,482,0.9627530936207622,"\{'nu':0.5,'kernel':'rbf','gamma':'auto'\}"
ABANDONED,,,,2145,4264,0.1379073144998401,"\{'nu':0.5,'kernel':'rbf','gamma':'auto'\}"
ABANDONED,,,,758,1423,0.7488961531203239,"\{'nu':0.5,'kernel':'rbf','gamma':'auto'\}"
ABANDONED,,,,4246,2700,0.4160282967966049,"\{'nu':0.5,'kernel':'rbf','gamma':'auto'\}"
ABANDONED,,,,3795,925,0.682927919588983,"\{'nu':0.5,'kernel':'rbf','gamma':'auto'\}"
ABANDONED,,,,1208,4643,0.4815122872814536,"\{'nu':0.5,'kernel':'rbf','gamma':'auto'\}"
ABANDONED,,,,2321,2484,0.9036096538454294,"\{'nu':0.5,'kernel':'rbf','gamma':'auto'\}"
ABANDONED,,,,2681,3708,0.1965679983645677,"\{'nu':0.5,'kernel':'rbf','gamma':'auto'\}"
ABANDONED,,,,3675,1804,0.2932388661112636,"\{'nu':0.5,'kernel':'rbf','gamma':'auto'\}"
ABANDONED,,,,1323,3100,0.6222388604488223,"\{'nu':0.5,'kernel':'rbf','gamma':'auto'\}"
ABANDONED,,,,170,238,0.0150875685494393,"\{'nu':0.5,'kernel':'rbf','gamma':'auto'\}"
ABANDONED,,,,4827,4040,0.8360043346565216,"\{'nu':0.5,'kernel':'rbf','gamma':'auto'\}"
ABANDONED,,,,4698,1627,0.5311738973539322,"\{'nu':0.5,'kernel':'rbf','gamma':'auto'\}"
ABANDONED,,,,295,2846,0.3219290894549339,"\{'nu':0.5,'kernel':'rbf','gamma':'auto'\}"
ABANDONED,,,,1330,63,0.8063395614232867,"\{'nu':0.5,'kernel':'rbf','gamma':'auto'\}"
ABANDONED,,,,3663,3786,0.1071270815338939,"\{'nu':0.5,'kernel':'rbf','gamma':'auto'\}"
ABANDONED,,,,2791,631,0.3904471531659364,"\{'nu':0.5,'kernel':'rbf','gamma':'auto'\}"
ABANDONED,,,,2217,4428,0.7116178529411554,"\{'nu':0.5,'kernel':'rbf','gamma':'auto'\}"
ABANDONED,,,,1142,2192,0.1669033961519598,"\{'nu':0.5,'kernel':'rbf','gamma':'auto'\}"
ABANDONED,,,,3866,3493,0.995649456821382,"\{'nu':0.5,'kernel':'rbf','gamma':'auto'\}"
ABANDONED,,,,4356,464,0.233845287291333,"\{'nu':0.5,'kernel':'rbf','gamma':'auto'\}"
ABANDONED,,,,653,4167,0.9291899051945656,"\{'nu':0.5,'kernel':'rbf','gamma':'auto'\}"
ABANDONED,,,,2079,1403,0.448616935333237,"\{'nu':0.5,'kernel':'rbf','gamma':'auto'\}"
ABANDONED,,,,2930,2602,0.6539327302183955,"\{'nu':0.5,'kernel':'rbf','gamma':'auto'\}"
ABANDONED,,,,3137,1968,0.8727992617636919,"\{'nu':0.5,'kernel':'rbf','gamma':'auto'\}"
ABANDONED,,,,1857,3249,0.0401851011663675,"\{'nu':0.5,'kernel':'rbf','gamma':'auto'\}"
ABANDONED,,,,392,1032,0.5888588713631034,"\{'nu':0.5,'kernel':'rbf','gamma':'auto'\}"
ABANDONED,,,,4602,4809,0.2637593965157866,"\{'nu':0.5,'kernel':'rbf','gamma':'auto'\}"
ABANDONED,,,,4496,1189,0.8789141479674726,"\{'nu':0.5,'kernel':'rbf','gamma':'auto'\}"
ABANDONED,,,,503,4966,0.2061532351318746,"\{'nu':0.5,'kernel':'rbf','gamma':'auto'\}"
ABANDONED,,,,1616,2123,0.6573054149914533,"\{'nu':0.5,'kernel':'rbf','gamma':'auto'\}"
ABANDONED,,,,3382,3404,0.4920245673824101,"\{'nu':0.5,'kernel':'rbf','gamma':'auto'\}"
ABANDONED,,,,2975,1560,0.0211112840287387,"\{'nu':0.5,'kernel':'rbf','gamma':'auto'\}"
ABANDONED,,,,2028,2759,0.813903336238116,"\{'nu':0.5,'kernel':'rbf','gamma':'auto'\}"
ABANDONED,,,,876,619,0.2983051411993801,"\{'nu':0.5,'kernel':'rbf','gamma':'auto'\}"
ABANDONED,,,,4127,4322,0.6010953767783939,"\{'nu':0.5,'kernel':'rbf','gamma':'auto'\}"
ABANDONED,,,,3914,2347,0.3653672821465879,"\{'nu':0.5,'kernel':'rbf','gamma':'auto'\}"
ABANDONED,,,,1090,3648,0.5345159917417913,"\{'nu':0.5,'kernel':'rbf','gamma':'auto'\}"
ABANDONED,,,,2438,789,0.0794044687319546,"\{'nu':0.5,'kernel':'rbf','gamma':'auto'\}"
ABANDONED,,,,2566,4585,0.7560943945813923,"\{'nu':0.5,'kernel':'rbf','gamma':'auto'\}"
ABANDONED,,,,3560,218,0.7238846513144672,"\{'nu':0.5,'kernel':'rbf','gamma':'auto'\}"
ABANDONED,,,,1439,3941,0.4249625156633555,"\{'nu':0.5,'kernel':'rbf','gamma':'auto'\}"
ABANDONED,,,,53,1785,0.936723238337785,"\{'nu':0.5,'kernel':'rbf','gamma':'auto'\}"
ABANDONED,,,,4946,3003,0.1478599612005054,"\{'nu':0.5,'kernel':'rbf','gamma':'auto'\}"
ABANDONED,,,,4923,956,0.743383179590106,"\{'nu':0.5,'kernel':'rbf','gamma':'auto'\}"
ABANDONED,,,,70,4728,0.4211141407340764,"\{'nu':0.5,'kernel':'rbf','gamma':'auto'\}"
ABANDONED,,,,1418,1887,0.9640021492764352,"\{'nu':0.5,'kernel':'rbf','gamma':'auto'\}"
ABANDONED,,,,3575,3173,0.1361107753440737,"\{'nu':0.5,'kernel':'rbf','gamma':'auto'\}"
ABANDONED,,,,2547,1327,0.3536370721440762,"\{'nu':0.5,'kernel':'rbf','gamma':'auto'\}"
ABANDONED,,,,2461,2521,0.5617835409622639,"\{'nu':0.5,'kernel':'rbf','gamma':'auto'\}"
ABANDONED,,,,1074,383,0.0755447320844978,"\{'nu':0.5,'kernel':'rbf','gamma':'auto'\}"
ABANDONED,,,,3934,4091,0.7756118987109512,"\{'nu':0.5,'kernel':'rbf','gamma':'auto'\}"
ABANDONED,,,,4111,2268,0.0094533637017011,"\{'nu':0.5,'kernel':'rbf','gamma':'auto'\}"
ABANDONED,,,,897,3574,0.8412128375619649,"\{'nu':0.5,'kernel':'rbf','gamma':'auto'\}"
ABANDONED,,,,2011,712,0.2943655007407069,"\{'nu':0.5,'kernel':'rbf','gamma':'auto'\}"
ABANDONED,,,,2998,4503,0.6205633146688341,"\{'nu':0.5,'kernel':'rbf','gamma':'auto'\}"
ABANDONED,,,,3362,139,0.8984012996535748,"\{'nu':0.5,'kernel':'rbf','gamma':'auto'\}"
ABANDONED,,,,1632,3867,0.2022019950132817,"\{'nu':0.5,'kernel':'rbf','gamma':'auto'\}"
ABANDONED,,,,480,1708,0.6846033166553825,"\{'nu':0.5,'kernel':'rbf','gamma':'auto'\}"
ABANDONED,,,,4514,2922,0.4803858608510345,"\{'nu':0.5,'kernel':'rbf','gamma':'auto'\}"
ABANDONED,,,,4583,1865,0.8455447249822318,"\{'nu':0.5,'kernel':'rbf','gamma':'auto'\}"
ABANDONED,,,,415,3079,0.0519017931036651,"\{'nu':0.5,'kernel':'rbf','gamma':'auto'\}"
ABANDONED,,,,1841,294,0.569328354794532,"\{'nu':0.5,'kernel':'rbf','gamma':'auto'\}"
ABANDONED,,,,3158,4022,0.2676326512284576,"\{'nu':0.5,'kernel':'rbf','gamma':'auto'\}"
ABANDONED,,,,2906,869,0.237737755799666,"\{'nu':0.5,'kernel':'rbf','gamma':'auto'\}"
ABANDONED,,,,2097,4661,0.9096477889660745,"\{'nu':0.5,'kernel':'rbf','gamma':'auto'\}"
ABANDONED,,,,632,2423,0.4603220276106149,"\{'nu':0.5,'kernel':'rbf','gamma':'auto'\}"
ABANDONED,,,,4371,3729,0.6266974072325974,"\{'nu':0.5,'kernel':'rbf','gamma':'auto'\}"
ABANDONED,,,,3845,538,0.3943509685210883,"\{'nu':0.5,'kernel':'rbf','gamma':'auto'\}"
ABANDONED,,,,1159,4246,0.6921785721592604,"\{'nu':0.5,'kernel':'rbf','gamma':'auto'\}"
ABANDONED,,,,2194,1484,0.1785895274467766,"\{'nu':0.5,'kernel':'rbf','gamma':'auto'\}"
ABANDONED,,,,2810,2679,0.9683036842532456,"\{'nu':0.5,'kernel':'rbf','gamma':'auto'\}"
ABANDONED,,,,3648,2042,0.5038471006397158,"\{'nu':0.5,'kernel':'rbf','gamma':'auto'\}"
ABANDONED,,,,1351,3328,0.3336038590315729,"\{'nu':0.5,'kernel':'rbf','gamma':'auto'\}"
ABANDONED,,,,277,1113,0.7868889189232141,"\{'nu':0.5,'kernel':'rbf','gamma':'auto'\}"
ABANDONED,,,,4722,4886,0.1110498727429658,"\{'nu':0.5,'kernel':'rbf','gamma':'auto'\}"
ABANDONED,,,,4807,2024,0.3049139182437211,"\{'nu':0.5,'kernel':'rbf','gamma':'auto'\}"
ABANDONED,,,,187,3233,0.5949122273195535,"\{'nu':0.5,'kernel':'rbf','gamma':'auto'\}"
ABANDONED,,,,1300,1092,0.0190100772026926,"\{'nu':0.5,'kernel':'rbf','gamma':'auto'\}"
ABANDONED,,,,3694,4786,0.8165535285715013,"\{'nu':0.5,'kernel':'rbf','gamma':'auto'\}"
ABANDONED,,,,2667,403,0.6634883562512695,"\{'nu':0.5,'kernel':'rbf','gamma':'auto'\}"
ABANDONED,,,,2343,4190,0.4854159390516579,"\{'nu':0.5,'kernel':'rbf','gamma':'auto'\}"
ABANDONED,,,,1191,1346,0.8762641638331115,"\{'nu':0.5,'kernel':'rbf','gamma':'auto'\}"
ABANDONED,,,,3819,2618,0.208254293244332,"\{'nu':0.5,'kernel':'rbf','gamma':'auto'\}"
ABANDONED,,,,4227,692,0.9432107840646056,"\{'nu':0.5,'kernel':'rbf','gamma':'auto'\}"
ABANDONED,,,,781,4405,0.1417994707096368,"\{'nu':0.5,'kernel':'rbf','gamma':'auto'\}"
ABANDONED,,,,2128,2248,0.7216610234621911,"\{'nu':0.5,'kernel':'rbf','gamma':'auto'\}"
ABANDONED,,,,2879,3477,0.4277337013725191,"\{'nu':0.5,'kernel':'rbf','gamma':'auto'\}"
ABANDONED,,,,3243,1571,0.0854649889655411,"\{'nu':0.5,'kernel':'rbf','gamma':'auto'\}"
ABANDONED,,,,1750,2862,0.7496067596264183,"\{'nu':0.5,'kernel':'rbf','gamma':'auto'\}"
ABANDONED,,,,363,3,0.3625960666947066,"\{'nu':0.5,'kernel':'rbf','gamma':'auto'\}"
ABANDONED,,,,4629,3809,0.5367397088222206,"\{'nu':0.5,'kernel':'rbf','gamma':'auto'\}"
ABANDONED,,,,4390,158,0.1694915972258895,"\{'nu':0.5,'kernel':'rbf','gamma':'auto'\}"
ABANDONED,,,,609,3964,0.9934864966776222,"\{'nu':0.5,'kernel':'rbf','gamma':'auto'\}"
ABANDONED,,,,1645,1728,0.3843259949665516,"\{'nu':0.5,'kernel':'rbf','gamma':'auto'\}"
ABANDONED,,,,3355,3019,0.71828838330321,"\{'nu':0.5,'kernel':'rbf','gamma':'auto'\}"
ABANDONED,,,,3103,2404,0.8085026107951999,"\{'nu':0.5,'kernel':'rbf','gamma':'auto'\}"
ABANDONED,,,,1901,3632,0.1045388507172465,"\{'nu':0.5,'kernel':'rbf','gamma':'auto'\}"
ABANDONED,,,,827,849,0.5245032777637242,"\{'nu':0.5,'kernel':'rbf','gamma':'auto'\}"
ABANDONED,,,,4178,4562,0.3280502773970365,"\{'nu':0.5,'kernel':'rbf','gamma':'auto'\}"
ABANDONED,,,,4039,1504,0.5915702072884887,"\{'nu':0.5,'kernel':'rbf','gamma':'auto'\}"
ABANDONED,,,,964,2775,0.2614756809379905,"\{'nu':0.5,'kernel':'rbf','gamma':'auto'\}"
ABANDONED,,,,2390,558,0.8667986210566014,"\{'nu':0.5,'kernel':'rbf','gamma':'auto'\}"
ABANDONED,,,,2613,4345,0.0467327346187084,"\{'nu':0.5,'kernel':'rbf','gamma':'auto'\}"
ABANDONED,,,,3450,1250,0.4509005021974444,"\{'nu':0.5,'kernel':'rbf','gamma':'auto'\}"
ABANDONED,,,,1547,4943,0.6512216024920344,"\{'nu':0.5,'kernel':'rbf','gamma':'auto'\}"
ABANDONED,,,,82,2179,0.2272978025525808,"\{'nu':0.5,'kernel':'rbf','gamma':'auto'\}"
ABANDONED,,,,4915,3388,0.935190337702632,"\{'nu':0.5,'kernel':'rbf','gamma':'auto'\}"
ABANDONED,,,,4882,1371,0.1940880728662013,"\{'nu':0.5,'kernel':'rbf','gamma':'auto'\}"
ABANDONED,,,,127,2595,0.8904834415018558,"\{'nu':0.5,'kernel':'rbf','gamma':'auto'\}"
ABANDONED,,,,1514,436,0.4724073052480816,"\{'nu':0.5,'kernel':'rbf','gamma':'auto'\}"
ABANDONED,,,,3495,4154,0.6764286970570683,"\{'nu':0.5,'kernel':'rbf','gamma':'auto'\}"
ABANDONED,,,,2648,1040,0.8337653995286674,"\{'nu':0.5,'kernel':'rbf','gamma':'auto'\}"
ABANDONED,,,,2346,4841,0.0017451415192335,"\{'nu':0.5,'kernel':'rbf','gamma':'auto'\}"
ABANDONED,,,,999,1979,0.6129157304521649,"\{'nu':0.5,'kernel':'rbf','gamma':'auto'\}"
ABANDONED,,,,3996,3275,0.2869787006732076,"\{'nu':0.5,'kernel':'rbf','gamma':'auto'\}"
ABANDONED,,,,4211,55,0.5536470143496989,"\{'nu':0.5,'kernel':'rbf','gamma':'auto'\}"
ABANDONED,,,,782,3754,0.3457575226128101,"\{'nu':0.5,'kernel':'rbf','gamma':'auto'\}"
ABANDONED,,,,1935,1616,0.7676711758449672,"\{'nu':0.5,'kernel':'rbf','gamma':'auto'\}"
ABANDONED,,,,3059,2819,0.0673470321372151,"\{'nu':0.5,'kernel':'rbf','gamma':'auto'\}"
ABANDONED,,,,3320,2223,0.4136283940803259,"\{'nu':0.5,'kernel':'rbf','gamma':'auto'\}"
ABANDONED,,,,1688,3500,0.735697561873123,"\{'nu':0.5,'kernel':'rbf','gamma':'auto'\}"
ABANDONED,,,,575,659,0.128486271476373,"\{'nu':0.5,'kernel':'rbf','gamma':'auto'\}"
ABANDONED,,,,4433,4441,0.956577516471967,"\{'nu':0.5,'kernel':'rbf','gamma':'auto'\}"
ABANDONED,,,,4674,814,0.3413028014861047,"\{'nu':0.5,'kernel':'rbf','gamma':'auto'\}"
ABANDONED,,,,330,4596,0.5113195225559175,"\{'nu':0.5,'kernel':'rbf','gamma':'auto'\}"
ABANDONED,,,,1794,2381,0.1184611808098852,"\{'nu':0.5,'kernel':'rbf','gamma':'auto'\}"
ABANDONED,,,,3209,3657,0.7945267475284636,"\{'nu':0.5,'kernel':'rbf','gamma':'auto'\}"
ABANDONED,,,,2836,1771,0.7000409898851065,"\{'nu':0.5,'kernel':'rbf','gamma':'auto'\}"
ABANDONED,,,,2163,2975,0.4025046269390731,"\{'nu':0.5,'kernel':'rbf','gamma':'auto'\}"
ABANDONED,,,,737,213,0.976518516005948,"\{'nu':0.5,'kernel':'rbf','gamma':'auto'\}"
ABANDONED,,,,4261,3911,0.1865131185073405,"\{'nu':0.5,'kernel':'rbf','gamma':'auto'\}"
ABANDONED,,,,3774,2137,0.917369335886091,"\{'nu':0.5,'kernel':'rbf','gamma':'auto'\}"
ABANDONED,,,,1224,3433,0.2451718690954148,"\{'nu':0.5,'kernel':'rbf','gamma':'auto'\}"
ABANDONED,,,,2298,1195,0.634070882562548,"\{'nu':0.5,'kernel':'rbf','gamma':'auto'\}"
ABANDONED,,,,2700,4996,0.4679829365648329,"\{'nu':0.5,'kernel':'rbf','gamma':'auto'\}"
ABANDONED,,,,3738,594,0.0598025194499641,"\{'nu':0.5,'kernel':'rbf','gamma':'auto'\}"
ABANDONED,,,,1266,4311,0.8536757789347321,"\{'nu':0.5,'kernel':'rbf','gamma':'auto'\}"
ABANDONED,,,,231,1527,0.2758244026321917,"\{'nu':0.5,'kernel':'rbf','gamma':'auto'\}"
ABANDONED,,,,4773,2750,0.5772897785920649,"\{'nu':0.5,'kernel':'rbf','gamma':'auto'\}"
ABANDONED,,,,4765,337,0.7577375979442149,"\{'nu':0.5,'kernel':'rbf','gamma':'auto'\}"
ABANDONED,,,,242,4134,0.0933654996771365,"\{'nu':0.5,'kernel':'rbf','gamma':'auto'\}"
ABANDONED,,,,1395,1275,0.5447013482544572,"\{'nu':0.5,'kernel':'rbf','gamma':'auto'\}"
ABANDONED,,,,3613,2576,0.3707880337331443,"\{'nu':0.5,'kernel':'rbf','gamma':'auto'\}"
ABANDONED,,,,2766,1920,0.1492338591255247,"\{'nu':0.5,'kernel':'rbf','gamma':'auto'\}"
ABANDONED,,,,2227,3138,0.9509326061047612,"\{'nu':0.5,'kernel':'rbf','gamma':'auto'\}"
ABANDONED,,,,1114,982,0.435394335206598,"\{'nu':0.5,'kernel':'rbf','gamma':'auto'\}"
ABANDONED,,,,3879,4705,0.7290342236720025,"\{'nu':0.5,'kernel':'rbf','gamma':'auto'\}"
ABANDONED,,,,4328,1675,0.4935698577184229,"\{'nu':0.5,'kernel':'rbf','gamma':'auto'\}"
ABANDONED,,,,667,2956,0.671351034225896,"\{'nu':0.5,'kernel':'rbf','gamma':'auto'\}"
ABANDONED,,,,2054,113,0.2161776240561157,"\{'nu':0.5,'kernel':'rbf','gamma':'auto'\}"
ABANDONED,,,,2941,3890,0.8844787353370339,"\{'nu':0.5,'kernel':'rbf','gamma':'auto'\}"
ABANDONED,,,,3202,757,0.6023844484724103,"\{'nu':0.5,'kernel':'rbf','gamma':'auto'\}"
ABANDONED,,,,1807,4461,0.3126126599349081,"\{'nu':0.5,'kernel':'rbf','gamma':'auto'\}"
ABANDONED,,,,459,2320,0.8241915579400956,"\{'nu':0.5,'kernel':'rbf','gamma':'auto'\}"
ABANDONED,,,,4550,3519,0.0264215860329568,"\{'nu':0.5,'kernel':'rbf','gamma':'auto'\}"
ABANDONED,,,,4480,2478,0.6435361855383961,"\{'nu':0.5,'kernel':'rbf','gamma':'auto'\}"
ABANDONED,,,,523,3677,0.4434149563070386,"\{'nu':0.5,'kernel':'rbf','gamma':'auto'\}"
ABANDONED,,,,1597,912,0.9277655041348188,"\{'nu':0.5,'kernel':'rbf','gamma':'auto'\}"
ABANDONED,,,,3405,4616,0.2196730979215353,"\{'nu':0.5,'kernel':'rbf','gamma':'auto'\}"
ABANDONED,,,,3032,270,0.2535958711579441,"\{'nu':0.5,'kernel':'rbf','gamma':'auto'\}"
ABANDONED,,,,1966,4048,0.5834334204271435,"\{'nu':0.5,'kernel':'rbf','gamma':'auto'\}"
ABANDONED,,,,931,1830,0.038535294920206,"\{'nu':0.5,'kernel':'rbf','gamma':'auto'\}"
ABANDONED,,,,4067,3112,0.8588581584393978,"\{'nu':0.5,'kernel':'rbf','gamma':'auto'\}"
ABANDONED,,,,3969,1137,0.0968303534146398,"\{'nu':0.5,'kernel':'rbf','gamma':'auto'\}"
ABANDONED,,,,1030,4860,0.801054897641763,"\{'nu':0.5,'kernel':'rbf','gamma':'auto'\}"
ABANDONED,,,,2496,2077,0.3206637524496763,"\{'nu':0.5,'kernel':'rbf','gamma':'auto'\}"
ABANDONED,,,,2504,3296,0.5168559686671942,"\{'nu':0.5,'kernel':'rbf','gamma':'auto'\}"
ABANDONED,,,,3541,1430,0.9855688541606068,"\{'nu':0.5,'kernel':'rbf','gamma':'auto'\}"
ABANDONED,,,,1463,2731,0.1613778907135129,"\{'nu':0.5,'kernel':'rbf','gamma':'auto'\}"
ABANDONED,,,,37,495,0.7101135480701923,"\{'nu':0.5,'kernel':'rbf','gamma':'auto'\}"
ABANDONED,,,,4967,4292,0.3763472237288951,"\{'nu':0.5,'kernel':'rbf','gamma':'auto'\}"
ABANDONED,,,,4981,499,0.0913983516450971,"\{'nu':0.5,'kernel':'rbf','gamma':'auto'\}"
ABANDONED,,,,28,4285,0.7596980352755635,"\{'nu':0.5,'kernel':'rbf','gamma':'auto'\}"
ABANDONED,,,,1454,1445,0.3688486505281179,"\{'nu':0.5,'kernel':'rbf','gamma':'auto'\}"
ABANDONED,,,,3555,2718,0.5466322064530104,"\{'nu':0.5,'kernel':'rbf','gamma':'auto'\}"
ABANDONED,,,,2512,2081,0.94897273016721,"\{'nu':0.5,'kernel':'rbf','gamma':'auto'\}"
ABANDONED,,,,2482,3289,0.1512003788426518,"\{'nu':0.5,'kernel':'rbf','gamma':'auto'\}"
ABANDONED,,,,1017,1152,0.72710374841094,"\{'nu':0.5,'kernel':'rbf','gamma':'auto'\}"
ABANDONED,,,,3977,4847,0.4373333875238895,"\{'nu':0.5,'kernel':'rbf','gamma':'auto'\}"
ABANDONED,,,,4073,1826,0.6694215999599546,"\{'nu':0.5,'kernel':'rbf','gamma':'auto'\}"
ABANDONED,,,,920,3118,0.4955059060212224,"\{'nu':0.5,'kernel':'rbf','gamma':'auto'\}"
ABANDONED,,,,1955,255,0.8825178184043616,"\{'nu':0.5,'kernel':'rbf','gamma':'auto'\}"
ABANDONED,,,,3038,4061,0.2181471477877348,"\{'nu':0.5,'kernel':'rbf','gamma':'auto'\}"
ABANDONED,,,,3416,908,0.3106759833171963,"\{'nu':0.5,'kernel':'rbf','gamma':'auto'\}"
ABANDONED,,,,1592,4622,0.6043144441321491,"\{'nu':0.5,'kernel':'rbf','gamma':'auto'\}"
ABANDONED,,,,517,2462,0.0244517314136028,"\{'nu':0.5,'kernel':'rbf','gamma':'auto'\}"
ABANDONED,,,,4491,3690,0.8261528578102588,"\{'nu':0.5,'kernel':'rbf','gamma':'auto'\}"
ABANDONED,,,,4539,2307,0.4453825802225619,"\{'nu':0.5,'kernel':'rbf','gamma':'auto'\}"
ABANDONED,,,,465,3535,0.6415771758574992,"\{'nu':0.5,'kernel':'rbf','gamma':'auto'\}"
ABANDONED,,,,1813,751,0.22161105347611,"\{'nu':0.5,'kernel':'rbf','gamma':'auto'\}"
ABANDONED,,,,3191,4465,0.9258341700527816,"\{'nu':0.5,'kernel':'rbf','gamma':'auto'\}"
ABANDONED,,,,2935,100,0.5853928204812109,"\{'nu':0.5,'kernel':'rbf','gamma':'auto'\}"
ABANDONED,,,,2064,3906,0.2516279237903654,"\{'nu':0.5,'kernel':'rbf','gamma':'auto'\}"
ABANDONED,,,,678,1669,0.8607900613509119,"\{'nu':0.5,'kernel':'rbf','gamma':'auto'\}"
ABANDONED,,,,4321,2960,0.0365967184863984,"\{'nu':0.5,'kernel':'rbf','gamma':'auto'\}"
ABANDONED,,,,3871,995,0.8029838560242206,"\{'nu':0.5,'kernel':'rbf','gamma':'auto'\}"
ABANDONED,,,,1128,4689,0.0948928774613887,"\{'nu':0.5,'kernel':'rbf','gamma':'auto'\}"
ABANDONED,,,,2241,1926,0.5188183132503181,"\{'nu':0.5,'kernel':'rbf','gamma':'auto'\}"
ABANDONED,,,,2757,3134,0.3186947046015411,"\{'nu':0.5,'kernel':'rbf','gamma':'auto'\}"
ABANDONED,,,,3600,1288,0.1633150432147085,"\{'nu':0.5,'kernel':'rbf','gamma':'auto'\}"
ABANDONED,,,,1403,2560,0.9836402861513196,"\{'nu':0.5,'kernel':'rbf','gamma':'auto'\}"
ABANDONED,,,,251,344,0.3783156506977975,"\{'nu':0.5,'kernel':'rbf','gamma':'auto'\}"
ABANDONED,,,,4752,4130,0.7081517723165452,"\{'nu':0.5,'kernel':'rbf','gamma':'auto'\}"
ABANDONED,,,,4783,1543,0.8924532961212098,"\{'nu':0.5,'kernel':'rbf','gamma':'auto'\}"
ABANDONED,,,,224,2736,0.1921267729960381,"\{'nu':0.5,'kernel':'rbf','gamma':'auto'\}"
ABANDONED,,,,1259,597,0.6783653736747801,"\{'nu':0.5,'kernel':'rbf','gamma':'auto'\}"
ABANDONED,,,,3748,4306,0.4704773095883428,"\{'nu':0.5,'kernel':'rbf','gamma':'auto'\}"
ABANDONED,,,,2706,1211,0.0037060584519058,"\{'nu':0.5,'kernel':'rbf','gamma':'auto'\}"
ABANDONED,,,,2287,4982,0.8317958757970481,"\{'nu':0.5,'kernel':'rbf','gamma':'auto'\}"
ABANDONED,,,,1213,2140,0.288908134939149,"\{'nu':0.5,'kernel':'rbf','gamma':'auto'\}"
ABANDONED,,,,3780,3427,0.6109796821493655,"\{'nu':0.5,'kernel':'rbf','gamma':'auto'\}"
ABANDONED,,,,4270,197,0.3476879978738725,"\{'nu':0.5,'kernel':'rbf','gamma':'auto'\}"
ABANDONED,,,,724,3925,0.5517079620324075,"\{'nu':0.5,'kernel':'rbf','gamma':'auto'\}"
ABANDONED,,,,2150,1767,0.0693069080747664,"\{'nu':0.5,'kernel':'rbf','gamma':'auto'\}"
ABANDONED,,,,2845,2980,0.7657046561278403,"\{'nu':0.5,'kernel':'rbf','gamma':'auto'\}"
ABANDONED,,,,3223,2365,0.7376369450781494,"\{'nu':0.5,'kernel':'rbf','gamma':'auto'\}"
ABANDONED,,,,1786,3671,0.4116975358817726,"\{'nu':0.5,'kernel':'rbf','gamma':'auto'\}"
ABANDONED,,,,321,810,0.9585446645040064,"\{'nu':0.5,'kernel':'rbf','gamma':'auto'\}"
ABANDONED,,,,4688,4602,0.1265258341450244,"\{'nu':0.5,'kernel':'rbf','gamma':'auto'\}"
ABANDONED,,,,4420,653,0.5093510955870151,"\{'nu':0.5,'kernel':'rbf','gamma':'auto'\}"
ABANDONED,,,,583,4444,0.3432645772397517,"\{'nu':0.5,'kernel':'rbf','gamma':'auto'\}"
ABANDONED,,,,1696,2210,0.7925895950272678,"\{'nu':0.5,'kernel':'rbf','gamma':'auto'\}"
ABANDONED,,,,3306,3516,0.1203897488191723,"\{'nu':0.5,'kernel':'rbf','gamma':'auto'\}"
ABANDONED,,,,3050,1610,0.4005422823559492,"\{'nu':0.5,'kernel':'rbf','gamma':'auto'\}"
ABANDONED,,,,1948,2823,0.7020100377332418,"\{'nu':0.5,'kernel':'rbf','gamma':'auto'\}"
ABANDONED,,,,795,41,0.184584160124883,"\{'nu':0.5,'kernel':'rbf','gamma':'auto'\}"
ABANDONED,,,,4202,3770,0.9784559919591992,"\{'nu':0.5,'kernel':'rbf','gamma':'auto'\}"
ABANDONED,,,,3990,1985,0.2432399661839008,"\{'nu':0.5,'kernel':'rbf','gamma':'auto'\}"
ABANDONED,,,,1010,3272,0.9193079123198986,"\{'nu':0.5,'kernel':'rbf','gamma':'auto'\}"
ABANDONED,,,,2358,1053,0.4660235365107655,"\{'nu':0.5,'kernel':'rbf','gamma':'auto'\}"
ABANDONED,,,,2642,4825,0.6360388299301266,"\{'nu':0.5,'kernel':'rbf','gamma':'auto'\}"
ABANDONED,,,,3484,442,0.8517378233801574,"\{'nu':0.5,'kernel':'rbf','gamma':'auto'\}"
ABANDONED,,,,1520,4151,0.0617338535320013,"\{'nu':0.5,'kernel':'rbf','gamma':'auto'\}"
ABANDONED,,,,133,1385,0.5753221546765416,"\{'nu':0.5,'kernel':'rbf','gamma':'auto'\}"
ABANDONED,,,,4871,2579,0.2777834123130887,"\{'nu':0.5,'kernel':'rbf','gamma':'auto'\}"
ABANDONED,,,,4905,2176,0.5968822269346565,"\{'nu':0.5,'kernel':'rbf','gamma':'auto'\}"
ABANDONED,,,,89,3394,0.3029525254275649,"\{'nu':0.5,'kernel':'rbf','gamma':'auto'\}"
ABANDONED,,,,1554,1233,0.8184900527577847,"\{'nu':0.5,'kernel':'rbf','gamma':'auto'\}"
ABANDONED,,,,3440,4957,0.0170801670532673,"\{'nu':0.5,'kernel':'rbf','gamma':'auto'\}"
ABANDONED,,,,2607,555,0.4873767630383372,"\{'nu':0.5,'kernel':'rbf','gamma':'auto'\}"
ABANDONED,,,,2401,4351,0.6615189775153995,"\{'nu':0.5,'kernel':'rbf','gamma':'auto'\}"
ABANDONED,,,,975,1488,0.2101838130205869,"\{'nu':0.5,'kernel':'rbf','gamma':'auto'\}"
ABANDONED,,,,4033,2789,0.8743279630988836,"\{'nu':0.5,'kernel':'rbf','gamma':'auto'\}"
ABANDONED,,,,4169,853,0.1437298530247062,"\{'nu':0.5,'kernel':'rbf','gamma':'auto'\}"
ABANDONED,,,,840,4557,0.9412718767430632,"\{'nu':0.5,'kernel':'rbf','gamma':'auto'\}"
ABANDONED,,,,1914,2420,0.4296936628203839,"\{'nu':0.5,'kernel':'rbf','gamma':'auto'\}"
ABANDONED,,,,3095,3618,0.7196943513136356,"\{'nu':0.5,'kernel':'rbf','gamma':'auto'\}"
ABANDONED,,,,3341,1732,0.7515462878271936,"\{'nu':0.5,'kernel':'rbf','gamma':'auto'\}"
ABANDONED,,,,1653,3014,0.0835340378209948,"\{'nu':0.5,'kernel':'rbf','gamma':'auto'\}"
ABANDONED,,,,618,174,0.5387067044228315,"\{'nu':0.5,'kernel':'rbf','gamma':'auto'\}"
ABANDONED,,,,4376,3950,0.3606357148736715,"\{'nu':0.5,'kernel':'rbf','gamma':'auto'\}"
ABANDONED,,,,4643,16,0.9915179247129708,"\{'nu':0.5,'kernel':'rbf','gamma':'auto'\}"
ABANDONED,,,,355,3793,0.1714534659255295,"\{'nu':0.5,'kernel':'rbf','gamma':'auto'\}"
ABANDONED,,,,1742,1577,0.7163513832334429,"\{'nu':0.5,'kernel':'rbf','gamma':'auto'\}"
ABANDONED,,,,3257,2859,0.3862544774655252,"\{'nu':0.5,'kernel':'rbf','gamma':'auto'\}"
ABANDONED,,,,2888,2262,0.1025765990801155,"\{'nu':0.5,'kernel':'rbf','gamma':'auto'\}"
ABANDONED,,,,2115,3461,0.810471513647586,"\{'nu':0.5,'kernel':'rbf','gamma':'auto'\}"
ABANDONED,,,,768,698,0.3261212335042655,"\{'nu':0.5,'kernel':'rbf','gamma':'auto'\}"
ABANDONED,,,,4236,4401,0.5264409061484038,"\{'nu':0.5,'kernel':'rbf','gamma':'auto'\}"
ABANDONED,,,,3824,1333,0.2595438709724694,"\{'nu':0.5,'kernel':'rbf','gamma':'auto'\}"
ABANDONED,,,,1179,2634,0.5935086387265474,"\{'nu':0.5,'kernel':'rbf','gamma':'auto'\}"
ABANDONED,,,,2331,397,0.0447732490543276,"\{'nu':0.5,'kernel':'rbf','gamma':'auto'\}"
ABANDONED,,,,2672,4193,0.8687667208556085,"\{'nu':0.5,'kernel':'rbf','gamma':'auto'\}"
ABANDONED,,,,3705,1078,0.6492835019417106,"\{'nu':0.5,'kernel':'rbf','gamma':'auto'\}"
ABANDONED,,,,1294,4802,0.4528319292254746,"\{'nu':0.5,'kernel':'rbf','gamma':'auto'\}"
ABANDONED,,,,181,2018,0.9332228662185372,"\{'nu':0.5,'kernel':'rbf','gamma':'auto'\}"
ABANDONED,,,,4818,3236,0.2292567267231643,"\{'nu':0.5,'kernel':'rbf','gamma':'auto'\}"
ABANDONED,,,,4709,1098,0.4191471451334655,"\{'nu':0.5,'kernel':'rbf','gamma':'auto'\}"
ABANDONED,,,,286,4899,0.7453435314111411,"\{'nu':0.5,'kernel':'rbf','gamma':'auto'\}"
ABANDONED,,,,1360,2038,0.1341712471432983,"\{'nu':0.5,'kernel':'rbf','gamma':'auto'\}"
ABANDONED,,,,3635,3335,0.9659331004209816,"\{'nu':0.5,'kernel':'rbf','gamma':'auto'\}"
ABANDONED,,,,2802,1469,0.5598235795143992,"\{'nu':0.5,'kernel':'rbf','gamma':'auto'\}"
ABANDONED,,,,2207,2692,0.3556037442926317,"\{'nu':0.5,'kernel':'rbf','gamma':'auto'\}"
ABANDONED,,,,1172,534,0.7736815163958817,"\{'nu':0.5,'kernel':'rbf','gamma':'auto'\}"
ABANDONED,,,,3837,4253,0.0774836394060403,"\{'nu':0.5,'kernel':'rbf','gamma':'auto'\}"
ABANDONED,,,,4365,2438,0.83928331778571,"\{'nu':0.5,'kernel':'rbf','gamma':'auto'\}"
ABANDONED,,,,643,3716,0.011389564435929,"\{'nu':0.5,'kernel':'rbf','gamma':'auto'\}"
ABANDONED,,,,2107,873,0.6186024906821548,"\{'nu':0.5,'kernel':'rbf','gamma':'auto'\}"
ABANDONED,,,,2900,4655,0.296334879476577,"\{'nu':0.5,'kernel':'rbf','gamma':'auto'\}"
ABANDONED,,,,3146,309,0.2002654708269983,"\{'nu':0.5,'kernel':'rbf','gamma':'auto'\}"
ABANDONED,,,,1846,4009,0.900331209803,"\{'nu':0.5,'kernel':'rbf','gamma':'auto'\}"
ABANDONED,,,,421,1869,0.4784158612359314,"\{'nu':0.5,'kernel':'rbf','gamma':'auto'\}"
ABANDONED,,,,4572,3073,0.6865647094715386,"\{'nu':0.5,'kernel':'rbf','gamma':'auto'\}"
ABANDONED,,,,4526,1714,0.0538692645877599,"\{'nu':0.5,'kernel':'rbf','gamma':'auto'\}"
ABANDONED,,,,474,2918,0.8435858008116482,"\{'nu':0.5,'kernel':'rbf','gamma':'auto'\}"
ABANDONED,,,,1626,152,0.2695707517787814,"\{'nu':0.5,'kernel':'rbf','gamma':'auto'\}"
ABANDONED,,,,3373,3851,0.5673969277665017,"\{'nu':0.5,'kernel':'rbf','gamma':'auto'\}"
ABANDONED,,,,3004,718,0.9116072745304554,"\{'nu':0.5,'kernel':'rbf','gamma':'auto'\}"
ABANDONED,,,,2000,4499,0.2357696560006588,"\{'nu':0.5,'kernel':'rbf','gamma':'auto'\}"
ABANDONED,,,,886,2281,0.6286292171981185,"\{'nu':0.5,'kernel':'rbf','gamma':'auto'\}"
ABANDONED,,,,4118,3558,0.4583835961725563,"\{'nu':0.5,'kernel':'rbf','gamma':'auto'\}"
ABANDONED,,,,3942,377,0.6941076160520315,"\{'nu':0.5,'kernel':'rbf','gamma':'auto'\}"
ABANDONED,,,,1060,4095,0.3924133401364088,"\{'nu':0.5,'kernel':'rbf','gamma':'auto'\}"
ABANDONED,,,,2447,1314,0.9702659358903764,"\{'nu':0.5,'kernel':'rbf','gamma':'auto'\}"
ABANDONED,,,,2556,2537,0.1766206245943904,"\{'nu':0.5,'kernel':'rbf','gamma':'auto'\}"
ABANDONED,,,,3588,1880,0.3355408591013401,"\{'nu':0.5,'kernel':'rbf','gamma':'auto'\}"
ABANDONED,,,,1409,3177,0.5019186181407422,"\{'nu':0.5,'kernel':'rbf','gamma':'auto'\}"
ABANDONED,,,,62,943,0.1130184447076171,"\{'nu':0.5,'kernel':'rbf','gamma':'auto'\}"
ABANDONED,,,,4936,4744,0.784927050223574,"\{'nu':0.5,'kernel':'rbf','gamma':'auto'\}"
ABANDONED,,,,4953,1789,0.3238976353947073,"\{'nu':0.5,'kernel':'rbf','gamma':'auto'\}"
ABANDONED,,,,42,2997,0.5292120026294141,"\{'nu':0.5,'kernel':'rbf','gamma':'auto'\}"
ABANDONED,,,,1429,234,0.1090641150642186,"\{'nu':0.5,'kernel':'rbf','gamma':'auto'\}"
ABANDONED,,,,3566,3928,0.8044111123848706,"\{'nu':0.5,'kernel':'rbf','gamma':'auto'\}"
ABANDONED,,,,2577,793,0.7135800785534084,"\{'nu':0.5,'kernel':'rbf','gamma':'auto'\}"
ABANDONED,,,,2432,4579,0.3884782242886722,"\{'nu':0.5,'kernel':'rbf','gamma':'auto'\}"
ABANDONED,,,,1084,2363,0.9975785341747104,"\{'nu':0.5,'kernel':'rbf','gamma':'auto'\}"
ABANDONED,,,,3925,3635,0.1649658012278377,"\{'nu':0.5,'kernel':'rbf','gamma':'auto'\}"
ABANDONED,,,,4140,615,0.9311216891352088,"\{'nu':0.5,'kernel':'rbf','gamma':'auto'\}"
ABANDONED,,,,867,4328,0.2319068298283964,"\{'nu':0.5,'kernel':'rbf','gamma':'auto'\}"
ABANDONED,,,,2020,1544,0.6558922492433338,"\{'nu':0.5,'kernel':'rbf','gamma':'auto'\}"
ABANDONED,,,,2988,2772,0.4466488689947873,"\{'nu':0.5,'kernel':'rbf','gamma':'auto'\}"
ABANDONED,,,,3391,2119,0.0421231756918132,"\{'nu':0.5,'kernel':'rbf','gamma':'auto'\}"
ABANDONED,,,,1602,3410,0.8708678087107837,"\{'nu':0.5,'kernel':'rbf','gamma':'auto'\}"
ABANDONED,,,,489,1174,0.2657269014604389,"\{'nu':0.5,'kernel':'rbf','gamma':'auto'\}"
ABANDONED,,,,4504,4979,0.5868999806530772,"\{'nu':0.5,'kernel':'rbf','gamma':'auto'\}"
ABANDONED,,,,4594,1018,0.2041832615416497,"\{'nu':0.5,'kernel':'rbf','gamma':'auto'\}"
ABANDONED,,,,405,4824,0.8808755668085068,"\{'nu':0.5,'kernel':'rbf','gamma':'auto'\}"
ABANDONED,,,,1871,1961,0.4900880097355693,"\{'nu':0.5,'kernel':'rbf','gamma':'auto'\}"
ABANDONED,,,,3129,3253,0.6592352916803211,"\{'nu':0.5,'kernel':'rbf','gamma':'auto'\}"
ABANDONED,,,,2916,1389,0.8119425382763146,"\{'nu':0.5,'kernel':'rbf','gamma':'auto'\}"
ABANDONED,,,,2088,2617,0.0230806887894868,"\{'nu':0.5,'kernel':'rbf','gamma':'auto'\}"
ABANDONED,,,,662,457,0.5991658235415817,"\{'nu':0.5,'kernel':'rbf','gamma':'auto'\}"
ABANDONED,,,,4342,4171,0.3002413084730505,"\{'nu':0.5,'kernel':'rbf','gamma':'auto'\}"
ABANDONED,,,,3854,2205,0.5325856354515999,"\{'nu':0.5,'kernel':'rbf','gamma':'auto'\}"
ABANDONED,,,,1148,3478,0.3673062154930085,"\{'nu':0.5,'kernel':'rbf','gamma':'auto'\}"
ABANDONED,,,,2222,638,0.7541343996729701,"\{'nu':0.5,'kernel':'rbf','gamma':'auto'\}"
ABANDONED,,,,2780,4424,0.0813711074199527,"\{'nu':0.5,'kernel':'rbf','gamma':'auto'\}"
ABANDONED,,,,3657,76,0.4230230134874582,"\{'nu':0.5,'kernel':'rbf','gamma':'auto'\}"
ABANDONED,,,,1341,3770,0.7258156284838914,"\{'nu':0.5,'kernel':'rbf','gamma':'auto'\}"
ABANDONED,,,,306,1634,0.145892932139337,"\{'nu':0.5,'kernel':'rbf','gamma':'auto'\}"
ABANDONED,,,,4692,2842,0.9386835566982626,"\{'nu':0.5,'kernel':'rbf','gamma':'auto'\}"
ABANDONED,,,,4836,254,0.6297557625994085,"\{'nu':0.5,'kernel':'rbf','gamma':'auto'\}"
ABANDONED,,,,157,4026,0.4567080801352858,"\{'nu':0.5,'kernel':'rbf','gamma':'auto'\}"
ABANDONED,,,,1310,1807,0.9059731589108706,"\{'nu':0.5,'kernel':'rbf','gamma':'auto'\}"
ABANDONED,,,,3684,3094,0.2409781291633844,"\{'nu':0.5,'kernel':'rbf','gamma':'auto'\}"
ABANDONED,,,,2695,2500,0.2712461785878986,"\{'nu':0.5,'kernel':'rbf','gamma':'auto'\}"
ABANDONED,,,,2313,3694,0.5662704121079296,"\{'nu':0.5,'kernel':'rbf','gamma':'auto'\}"
ABANDONED,,,,1200,929,0.0486608806531876,"\{'nu':0.5,'kernel':'rbf','gamma':'auto'\}"
ABANDONED,,,,3808,4637,0.8492198866885154,"\{'nu':0.5,'kernel':'rbf','gamma':'auto'\}"
ABANDONED,,,,4257,1407,0.114267411135137,"\{'nu':0.5,'kernel':'rbf','gamma':'auto'\}"
ABANDONED,,,,752,2713,0.7831305408105254,"\{'nu':0.5,'kernel':'rbf','gamma':'auto'\}"
ABANDONED,,,,2139,479,0.3300279747992754,"\{'nu':0.5,'kernel':'rbf','gamma':'auto'\}"
ABANDONED,,,,2870,4270,0.5070044323354959,"\{'nu':0.5,'kernel':'rbf','gamma':'auto'\}"
ABANDONED,,,,3273,1153,0.9720625940170138,"\{'nu':0.5,'kernel':'rbf','gamma':'auto'\}"
ABANDONED,,,,1721,4881,0.1753714499678462,"\{'nu':0.5,'kernel':'rbf','gamma':'auto'\}"
ABANDONED,,,,374,2100,0.689021653143689,"\{'nu':0.5,'kernel':'rbf','gamma':'auto'\}"
ABANDONED,,,,4621,3313,0.3979264326374977,"\{'nu':0.5,'kernel':'rbf','gamma':'auto'\}"
ABANDONED,,,,4399,1943,0.7788280131705105,"\{'nu':0.5,'kernel':'rbf','gamma':'auto'\}"
ABANDONED,,,,599,3156,0.0717877853401005,"\{'nu':0.5,'kernel':'rbf','gamma':'auto'\}"
ABANDONED,,,,1673,998,0.5582100398652255,"\{'nu':0.5,'kernel':'rbf','gamma':'auto'\}"
ABANDONED,,,,3325,4726,0.3567920281402766,"\{'nu':0.5,'kernel':'rbf','gamma':'auto'\}"
ABANDONED,,,,3113,321,0.1398673094082623,"\{'nu':0.5,'kernel':'rbf','gamma':'auto'\}"
ABANDONED,,,,1891,4113,0.960786454932764,"\{'nu':0.5,'kernel':'rbf','gamma':'auto'\}"
ABANDONED,,,,856,1252,0.4179586530867964,"\{'nu':0.5,'kernel':'rbf','gamma':'auto'\}"
ABANDONED,,,,4148,2558,0.7469572197739035,"\{'nu':0.5,'kernel':'rbf','gamma':'auto'\}"
ABANDONED,,,,4049,773,0.4834418405182659,"\{'nu':0.5,'kernel':'rbf','gamma':'auto'\}"
ABANDONED,,,,955,4482,0.6809917523153126,"\{'nu':0.5,'kernel':'rbf','gamma':'auto'\}"
ABANDONED,,,,2419,2343,0.198528796326369,"\{'nu':0.5,'kernel':'rbf','gamma':'auto'\}"
ABANDONED,,,,2584,3536,0.9016402490846812,"\{'nu':0.5,'kernel':'rbf','gamma':'auto'\}"
ABANDONED,,,,3461,1652,0.6241754180956632,"\{'nu':0.5,'kernel':'rbf','gamma':'auto'\}"
ABANDONED,,,,1538,2939,0.2913089894223958,"\{'nu':0.5,'kernel':'rbf','gamma':'auto'\}"
ABANDONED,,,,112,97,0.8379743082467466,"\{'nu':0.5,'kernel':'rbf','gamma':'auto'\}"
ABANDONED,,,,4886,3868,0.0131261497084051,"\{'nu':0.5,'kernel':'rbf','gamma':'auto'\}"
ABANDONED,,,,4852,886,0.8634391680750995,"\{'nu':0.5,'kernel':'rbf','gamma':'auto'\}"
ABANDONED,,,,156,4682,0.0344946639928966,"\{'nu':0.5,'kernel':'rbf','gamma':'auto'\}"
ABANDONED,,,,1503,2445,0.579210756631568,"\{'nu':0.5,'kernel':'rbf','gamma':'auto'\}"
ABANDONED,,,,3504,3747,0.258237548502162,"\{'nu':0.5,'kernel':'rbf','gamma':'auto'\}"
ABANDONED,,,,2618,1843,0.2237131971977651,"\{'nu':0.5,'kernel':'rbf','gamma':'auto'\}"
ABANDONED,,,,2375,3061,0.9231850335858762,"\{'nu':0.5,'kernel':'rbf','gamma':'auto'\}"
ABANDONED,,,,988,277,0.438772866282612,"\{'nu':0.5,'kernel':'rbf','gamma':'auto'\}"
ABANDONED,,,,4004,4001,0.6477592694498598,"\{'nu':0.5,'kernel':'rbf','gamma':'auto'\}"
ABANDONED,,,,4182,2064,0.3810878922734409,"\{'nu':0.5,'kernel':'rbf','gamma':'auto'\}"
ABANDONED,,,,812,3346,0.7059289623890072,"\{'nu':0.5,'kernel':'rbf','gamma':'auto'\}"
ABANDONED,,,,1925,1130,0.15725349685736,"\{'nu':0.5,'kernel':'rbf','gamma':'auto'\}"
ABANDONED,,,,3069,4907,0.9901270139534026,"\{'nu':0.5,'kernel':'rbf','gamma':'auto'\}"
ABANDONED,,,,3291,521,0.5210409744642674,"\{'nu':0.5,'kernel':'rbf','gamma':'auto'\}"
ABANDONED,,,,1718,4225,0.3159226712249219,"\{'nu':0.5,'kernel':'rbf','gamma':'auto'\}"
ABANDONED,,,,566,1462,0.7964972769357263,"\{'nu':0.5,'kernel':'rbf','gamma':'auto'\}"
ABANDONED,,,,4444,2661,0.100954215619713,"\{'nu':0.5,'kernel':'rbf','gamma':'auto'\}"
ABANDONED,,,,4664,1305,0.7337734608482568,"\{'nu':0.5,'kernel':'rbf','gamma':'auto'\}"
ABANDONED,,,,339,2503,0.4312111734580248,"\{'nu':0.5,'kernel':'rbf','gamma':'auto'\}"
ABANDONED,,,,1765,366,0.946810587948188,"\{'nu':0.5,'kernel':'rbf','gamma':'auto'\}"
ABANDONED,,,,3238,4070,0.1537896357830613,"\{'nu':0.5,'kernel':'rbf','gamma':'auto'\}"
ABANDONED,,,,2825,973,0.3749706563949585,"\{'nu':0.5,'kernel':'rbf','gamma':'auto'\}"
ABANDONED,,,,2172,4749,0.5399626427292824,"\{'nu':0.5,'kernel':'rbf','gamma':'auto'\}"
ABANDONED,,,,707,1909,0.0888093029037117,"\{'nu':0.5,'kernel':'rbf','gamma':'auto'\}"
ABANDONED,,,,4290,3191,0.7618600287809967,"\{'nu':0.5,'kernel':'rbf','gamma':'auto'\}"
ABANDONED,,,,3765,122,0.0310002125333994,"\{'nu':0.5,'kernel':'rbf','gamma':'auto'\}"
ABANDONED,,,,1234,3846,0.8201533027123659,"\{'nu':0.5,'kernel':'rbf','gamma':'auto'\}"
ABANDONED,,,,2270,1686,0.3083914200719445,"\{'nu':0.5,'kernel':'rbf','gamma':'auto'\}"
ABANDONED,,,,2730,2904,0.607024694448337,"\{'nu':0.5,'kernel':'rbf','gamma':'auto'\}"
ABANDONED,,,,3728,2290,0.8885174032449721,"\{'nu':0.5,'kernel':'rbf','gamma':'auto'\}"
ABANDONED,,,,1276,3592,0.2115985774397849,"\{'nu':0.5,'kernel':'rbf','gamma':'auto'\}"
ABANDONED,,,,202,728,0.6667113199010491,"\{'nu':0.5,'kernel':'rbf','gamma':'auto'\}"
ABANDONED,,,,4803,4525,0.4977905584946274,"\{'nu':0.5,'kernel':'rbf','gamma':'auto'\}"
ABANDONED,,,,4736,2386,0.1827865651026368,"\{'nu':0.5,'kernel':'rbf','gamma':'auto'\}"
ABANDONED,,,,272,3609,0.9797042296901344,"\{'nu':0.5,'kernel':'rbf','gamma':'auto'\}"
ABANDONED,,,,1386,828,0.4056291821599006,"\{'nu':0.5,'kernel':'rbf','gamma':'auto'\}"
ABANDONED,,,,3623,4546,0.6964978821277618,"\{'nu':0.5,'kernel':'rbf','gamma':'auto'\}"
ABANDONED,,,,2737,179,0.791341565495357,"\{'nu':0.5,'kernel':'rbf','gamma':'auto'\}"
ABANDONED,,,,2257,3980,0.1221871951278299,"\{'nu':0.5,'kernel':'rbf','gamma':'auto'\}"
ABANDONED,,,,1105,1746,0.514863042993471,"\{'nu':0.5,'kernel':'rbf','gamma':'auto'\}"
ABANDONED,,,,3889,3042,0.3381778261493891,"\{'nu':0.5,'kernel':'rbf','gamma':'auto'\}"
ABANDONED,,,,4298,1228,0.5736476945057511,"\{'nu':0.5,'kernel':'rbf','gamma':'auto'\}"
ABANDONED,,,,695,4927,0.2789108946099877,"\{'nu':0.5,'kernel':'rbf','gamma':'auto'\}"
ABANDONED,,,,2043,2161,0.856945240676403,"\{'nu':0.5,'kernel':'rbf','gamma':'auto'\}"
ABANDONED,,,,2950,3365,0.0560988010168075,"\{'nu':0.5,'kernel':'rbf','gamma':'auto'\}"
ABANDONED,,,,3172,1521,0.4648960244711488,"\{'nu':0.5,'kernel':'rbf','gamma':'auto'\}"
ABANDONED,,,,1836,2798,0.6377133793290704,"\{'nu':0.5,'kernel':'rbf','gamma':'auto'\}"
ABANDONED,,,,449,580,0.2488750484418124,"\{'nu':0.5,'kernel':'rbf','gamma':'auto'\}"
ABANDONED,,,,4559,4361,0.9141004057954996,"\{'nu':0.5,'kernel':'rbf','gamma':'auto'\}"
ABANDONED,,,,4470,425,0.283334240887314,"\{'nu':0.5,'kernel':'rbf','gamma':'auto'\}"
ABANDONED,,,,534,4206,0.61600460556522,"\{'nu':0.5,'kernel':'rbf','gamma':'auto'\}"
ABANDONED,,,,1569,1364,0.0050160346291959,"\{'nu':0.5,'kernel':'rbf','gamma':'auto'\}"
ABANDONED,,,,3435,2641,0.8300602571628987,"\{'nu':0.5,'kernel':'rbf','gamma':'auto'\}"
ABANDONED,,,,3023,2007,0.6733403610307723,"\{'nu':0.5,'kernel':'rbf','gamma':'auto'\}"
ABANDONED,,,,1976,3210,0.4760512333828955,"\{'nu':0.5,'kernel':'rbf','gamma':'auto'\}"
ABANDONED,,,,902,1071,0.8941890039835125,"\{'nu':0.5,'kernel':'rbf','gamma':'auto'\}"
ABANDONED,,,,4097,4770,0.1908167670760303,"\{'nu':0.5,'kernel':'rbf','gamma':'auto'\}"
ABANDONED,,,,3958,1588,0.9528495391346514,"\{'nu':0.5,'kernel':'rbf','gamma':'auto'\}"
ABANDONED,,,,1040,2885,0.1316734165288507,"\{'nu':0.5,'kernel':'rbf','gamma':'auto'\}"
ABANDONED,,,,2466,24,0.7388245002292096,"\{'nu':0.5,'kernel':'rbf','gamma':'auto'\}"
ABANDONED,,,,2533,3825,0.4100829106234014,"\{'nu':0.5,'kernel':'rbf','gamma':'auto'\}"
ABANDONED,,,,3531,670,0.0641594744045287,"\{'nu':0.5,'kernel':'rbf','gamma':'auto'\}"
ABANDONED,,,,1472,4389,0.7713995732981712,"\{'nu':0.5,'kernel':'rbf','gamma':'auto'\}"
ABANDONED,,,,7,2231,0.349302474418655,"\{'nu':0.5,'kernel':'rbf','gamma':'auto'\}"
ABANDONED,,,,4996,3454,0.5505206150803715,"\{'nu':0.5,'kernel':'rbf','gamma':'auto'\}"
ABANDONED,,,,4995,681,0.2547234417535364,"\{'nu':0.5,'kernel':'rbf','gamma':'auto'\}"
ABANDONED,,,,3,4379,0.5807822977043688,"\{'nu':0.5,'kernel':'rbf','gamma':'auto'\}"
ABANDONED,,,,1468,2240,0.0341184214018285,"\{'nu':0.5,'kernel':'rbf','gamma':'auto'\}"
ABANDONED,,,,3530,3444,0.8657732008956373,"\{'nu':0.5,'kernel':'rbf','gamma':'auto'\}"
ABANDONED,,,,2536,1599,0.6444815671164542,"\{'nu':0.5,'kernel':'rbf','gamma':'auto'\}"
ABANDONED,,,,2467,2875,0.4400946967918425,"\{'nu':0.5,'kernel':'rbf','gamma':'auto'\}"
ABANDONED,,,,1041,33,0.9225562102589756,"\{'nu':0.5,'kernel':'rbf','gamma':'auto'\}"
ABANDONED,,,,3962,3815,0.2262826677951961,"\{'nu':0.5,'kernel':'rbf','gamma':'auto'\}"
ABANDONED,,,,4098,1996,0.9885244121886788,"\{'nu':0.5,'kernel':'rbf','gamma':'auto'\}"
ABANDONED,,,,906,3219,0.1607986457087099,"\{'nu':0.5,'kernel':'rbf','gamma':'auto'\}"
ABANDONED,,,,1980,1062,0.7036250347755849,"\{'nu':0.5,'kernel':'rbf','gamma':'auto'\}"
ABANDONED,,,,3024,4780,0.3814340408109128,"\{'nu':0.5,'kernel':'rbf','gamma':'auto'\}"
ABANDONED,,,,3431,414,0.0996025327164679,"\{'nu':0.5,'kernel':'rbf','gamma':'auto'\}"
ABANDONED,,,,1568,4215,0.799804850252345,"\{'nu':0.5,'kernel':'rbf','gamma':'auto'\}"
ABANDONED,,,,532,1355,0.3133840085063129,"\{'nu':0.5,'kernel':'rbf','gamma':'auto'\}"
ABANDONED,,,,4467,2651,0.5216389787588268,"\{'nu':0.5,'kernel':'rbf','gamma':'auto'\}"
ABANDONED,,,,4553,1510,0.1563286628499627,"\{'nu':0.5,'kernel':'rbf','gamma':'auto'\}"
ABANDONED,,,,441,2806,0.9462122341766952,"\{'nu':0.5,'kernel':'rbf','gamma':'auto'\}"
ABANDONED,,,,1827,571,0.4325634437799453,"\{'nu':0.5,'kernel':'rbf','gamma':'auto'\}"
ABANDONED,,,,3166,4373,0.7304652852416038,"\{'nu':0.5,'kernel':'rbf','gamma':'auto'\}"
ABANDONED,,,,2959,1217,0.7641635920461267,"\{'nu':0.5,'kernel':'rbf','gamma':'auto'\}"
ABANDONED,,,,2049,4935,0.0884635038431733,"\{'nu':0.5,'kernel':'rbf','gamma':'auto'\}"
ABANDONED,,,,702,2153,0.5415646570753306,"\{'nu':0.5,'kernel':'rbf','gamma':'auto'\}"
ABANDONED,,,,4306,3377,0.3714261098336428,"\{'nu':0.5,'kernel':'rbf','gamma':'auto'\}"
ABANDONED,,,,3895,190,0.607653168298304,"\{'nu':0.5,'kernel':'rbf','gamma':'auto'\}"
ABANDONED,,,,1113,3972,0.3058223138228058,"\{'nu':0.5,'kernel':'rbf','gamma':'auto'\}"
ABANDONED,,,,2266,1754,0.8234304027557373,"\{'nu':0.5,'kernel':'rbf','gamma':'auto'\}"
ABANDONED,,,,2743,3030,0.0296789694428443,"\{'nu':0.5,'kernel':'rbf','gamma':'auto'\}"
ABANDONED,,,,3615,2398,0.4981671505626291,"\{'nu':0.5,'kernel':'rbf','gamma':'auto'\}"
ABANDONED,,,,1379,3601,0.6643769227322192,"\{'nu':0.5,'kernel':'rbf','gamma':'auto'\}"
ABANDONED,,,,266,836,0.2151132864784449,"\{'nu':0.5,'kernel':'rbf','gamma':'auto'\}"
ABANDONED,,,,4728,4534,0.886945274753496,"\{'nu':0.5,'kernel':'rbf','gamma':'auto'\}"
ABANDONED,,,,4799,2298,0.6970873353909701,"\{'nu':0.5,'kernel':'rbf','gamma':'auto'\}"
ABANDONED,,,,201,3580,0.4030819684099405,"\{'nu':0.5,'kernel':'rbf','gamma':'auto'\}"
ABANDONED,,,,1275,740,0.98300512576662,"\{'nu':0.5,'kernel':'rbf','gamma':'auto'\}"
ABANDONED,,,,3725,4517,0.1814282049592584,"\{'nu':0.5,'kernel':'rbf','gamma':'auto'\}"
ABANDONED,,,,2731,130,0.3385325257182121,"\{'nu':0.5,'kernel':'rbf','gamma':'auto'\}"
ABANDONED,,,,2273,3834,0.5125676664113998,"\{'nu':0.5,'kernel':'rbf','gamma':'auto'\}"
ABANDONED,,,,1238,1697,0.1257390212193131,"\{'nu':0.5,'kernel':'rbf','gamma':'auto'\}"
ABANDONED,,,,3766,2896,0.7897456409707664,"\{'nu':0.5,'kernel':'rbf','gamma':'auto'\}"
ABANDONED,,,,4294,965,0.0586768523883074,"\{'nu':0.5,'kernel':'rbf','gamma':'auto'\}"
ABANDONED,,,,709,4761,0.8563249981235713,"\{'nu':0.5,'kernel':'rbf','gamma':'auto'\}"
ABANDONED,,,,2173,1898,0.2802393726166337,"\{'nu':0.5,'kernel':'rbf','gamma':'auto'\}"
ABANDONED,,,,2829,3199,0.570376639669761,"\{'nu':0.5,'kernel':'rbf','gamma':'auto'\}"
ABANDONED,,,,3237,1296,0.9164258578419684,"\{'nu':0.5,'kernel':'rbf','gamma':'auto'\}"
ABANDONED,,,,1761,2515,0.2484902250766754,"\{'nu':0.5,'kernel':'rbf','gamma':'auto'\}"
ABANDONED,,,,335,355,0.6392782729044557,"\{'nu':0.5,'kernel':'rbf','gamma':'auto'\}"
ABANDONED,,,,4662,4078,0.4613752702251076,"\{'nu':0.5,'kernel':'rbf','gamma':'auto'\}"
ABANDONED,,,,4435,512,0.8284947761688382,"\{'nu':0.5,'kernel':'rbf','gamma':'auto'\}"
ABANDONED,,,,559,4235,0.0085373911652714,"\{'nu':0.5,'kernel':'rbf','gamma':'auto'\}"
ABANDONED,,,,1712,1451,0.6136787891704589,"\{'nu':0.5,'kernel':'rbf','gamma':'auto'\}"
ABANDONED,,,,3283,2670,0.2837194137293845,"\{'nu':0.5,'kernel':'rbf','gamma':'auto'\}"
ABANDONED,,,,3075,2055,0.1894888764880597,"\{'nu':0.5,'kernel':'rbf','gamma':'auto'\}"
ABANDONED,,,,1934,3356,0.8974594565294683,"\{'nu':0.5,'kernel':'rbf','gamma':'auto'\}"
ABANDONED,,,,821,1119,0.473473546359688,"\{'nu':0.5,'kernel':'rbf','gamma':'auto'\}"
ABANDONED,,,,4189,4916,0.6739602541066705,"\{'nu':0.5,'kernel':'rbf','gamma':'auto'\}"
ABANDONED,,,,4013,1852,0.4065316868219524,"\{'nu':0.5,'kernel':'rbf','gamma':'auto'\}"
ABANDONED,,,,994,3051,0.7404198373351246,"\{'nu':0.5,'kernel':'rbf','gamma':'auto'\}"
ABANDONED,,,,2381,288,0.1313190664369612,"\{'nu':0.5,'kernel':'rbf','gamma':'auto'\}"
ABANDONED,,,,2626,3991,0.9551445513684302,"\{'nu':0.5,'kernel':'rbf','gamma':'auto'\}"
ABANDONED,,,,3498,895,0.5472191167138517,"\{'nu':0.5,'kernel':'rbf','gamma':'auto'\}"
ABANDONED,,,,1495,4672,0.3506614219807088,"\{'nu':0.5,'kernel':'rbf','gamma':'auto'\}"
ABANDONED,,,,147,2456,0.7708097705580294,"\{'nu':0.5,'kernel':'rbf','gamma':'auto'\}"
ABANDONED,,,,4846,3737,0.0667070525027811,"\{'nu':0.5,'kernel':'rbf','gamma':'auto'\}"
ABANDONED,,,,4890,1642,0.807924272943288,"\{'nu':0.5,'kernel':'rbf','gamma':'auto'\}"
ABANDONED,,,,114,2948,0.1074916278012096,"\{'nu':0.5,'kernel':'rbf','gamma':'auto'\}"
ABANDONED,,,,1539,87,0.5295891876928507,"\{'nu':0.5,'kernel':'rbf','gamma':'auto'\}"
ABANDONED,,,,3464,3879,0.3215645450465381,"\{'nu':0.5,'kernel':'rbf','gamma':'auto'\}"
ABANDONED,,,,2583,763,0.1682444497514516,"\{'nu':0.5,'kernel':'rbf','gamma':'auto'\}"
ABANDONED,,,,2416,4491,0.9962576498556882,"\{'nu':0.5,'kernel':'rbf','gamma':'auto'\}"
ABANDONED,,,,951,2333,0.3891061051432043,"\{'nu':0.5,'kernel':'rbf','gamma':'auto'\}"
ABANDONED,,,,4048,3547,0.7110096654836088,"\{'nu':0.5,'kernel':'rbf','gamma':'auto'\}"
ABANDONED,,,,4144,332,0.4482524281032383,"\{'nu':0.5,'kernel':'rbf','gamma':'auto'\}"
ABANDONED,,,,854,4104,0.6523480577357113,"\{'nu':0.5,'kernel':'rbf','gamma':'auto'\}"
ABANDONED,,,,1889,1261,0.2342097963802516,"\{'nu':0.5,'kernel':'rbf','gamma':'auto'\}"
ABANDONED,,,,3109,2548,0.9307745795361698,"\{'nu':0.5,'kernel':'rbf','gamma':'auto'\}"
ABANDONED,,,,3326,1952,0.5882507062125951,"\{'nu':0.5,'kernel':'rbf','gamma':'auto'\}"
ABANDONED,,,,1677,3147,0.2624183708000928,"\{'nu':0.5,'kernel':'rbf','gamma':'auto'\}"
ABANDONED,,,,603,1007,0.8734074324909596,"\{'nu':0.5,'kernel':'rbf','gamma':'auto'\}"
ABANDONED,,,,4400,4716,0.0415261324588209,"\{'nu':0.5,'kernel':'rbf','gamma':'auto'\}"
ABANDONED,,,,4629,1165,0.6566953184232116,"\{'nu':0.5,'kernel':'rbf','gamma':'auto'\}"
ABANDONED,,,,380,4873,0.490685417316854,"\{'nu':0.5,'kernel':'rbf','gamma':'auto'\}"
ABANDONED,,,,1727,2108,0.8795242389589548,"\{'nu':0.5,'kernel':'rbf','gamma':'auto'\}"
ABANDONED,,,,3281,3302,0.2074923796206712,"\{'nu':0.5,'kernel':'rbf','gamma':'auto'\}"
ABANDONED,,,,2864,1419,0.2979386913981288,"\{'nu':0.5,'kernel':'rbf','gamma':'auto'\}"
ABANDONED,,,,2130,2705,0.5995125687923282,"\{'nu':0.5,'kernel':'rbf','gamma':'auto'\}"
ABANDONED,,,,744,487,0.0214777319710701,"\{'nu':0.5,'kernel':'rbf','gamma':'auto'\}"
ABANDONED,,,,4250,4259,0.8154861423652618,"\{'nu':0.5,'kernel':'rbf','gamma':'auto'\}"
ABANDONED,,,,3800,2488,0.0807435909137129,"\{'nu':0.5,'kernel':'rbf','gamma':'auto'\}"
ABANDONED,,,,1194,3702,0.7567044632658362,"\{'nu':0.5,'kernel':'rbf','gamma':'auto'\}"
ABANDONED,,,,2307,921,0.3640281543880701,"\{'nu':0.5,'kernel':'rbf','gamma':'auto'\}"
ABANDONED,,,,2687,4648,0.5339059174805879,"\{'nu':0.5,'kernel':'rbf','gamma':'auto'\}"
ABANDONED,,,,3690,242,0.9383060072865336,"\{'nu':0.5,'kernel':'rbf','gamma':'auto'\}"
ABANDONED,,,,1318,4034,0.1482263719644397,"\{'nu':0.5,'kernel':'rbf','gamma':'auto'\}"
ABANDONED,,,,166,1800,0.7223018805067986,"\{'nu':0.5,'kernel':'rbf','gamma':'auto'\}"
ABANDONED,,,,4842,3106,0.4245961030405014,"\{'nu':0.5,'kernel':'rbf','gamma':'auto'\}"
ABANDONED,,,,4693,69,0.2403877334278076,"\{'nu':0.5,'kernel':'rbf','gamma':'auto'\}"
ABANDONED,,,,310,3782,0.908519430188462,"\{'nu':0.5,'kernel':'rbf','gamma':'auto'\}"
ABANDONED,,,,1345,1622,0.4534081302490085,"\{'nu':0.5,'kernel':'rbf','gamma':'auto'\}"
ABANDONED,,,,3658,2850,0.6311150689329951,"\{'nu':0.5,'kernel':'rbf','gamma':'auto'\}"
ABANDONED,,,,2777,2197,0.848866129592061,"\{'nu':0.5,'kernel':'rbf','gamma':'auto'\}"
ABANDONED,,,,2221,3489,0.0509571997076272,"\{'nu':0.5,'kernel':'rbf','gamma':'auto'\}"
ABANDONED,,,,1147,626,0.5627176398262381,"\{'nu':0.5,'kernel':'rbf','gamma':'auto'\}"
ABANDONED,,,,3851,4432,0.2728411569222807,"\{'nu':0.5,'kernel':'rbf','gamma':'auto'\}"
ABANDONED,,,,4341,1397,0.504427342025563,"\{'nu':0.5,'kernel':'rbf','gamma':'auto'\}"
ABANDONED,,,,658,2606,0.3306491784136742,"\{'nu':0.5,'kernel':'rbf','gamma':'auto'\}"
ABANDONED,,,,2084,469,0.781801105460152,"\{'nu':0.5,'kernel':'rbf','gamma':'auto'\}"
ABANDONED,,,,2916,4163,0.1175375086273997,"\{'nu':0.5,'kernel':'rbf','gamma':'auto'\}"
ABANDONED,,,,3133,1026,0.3956000195294618,"\{'nu':0.5,'kernel':'rbf','gamma':'auto'\}"
ABANDONED,,,,1872,4813,0.6894055154472589,"\{'nu':0.5,'kernel':'rbf','gamma':'auto'\}"
ABANDONED,,,,407,1973,0.1738075137361884,"\{'nu':0.5,'kernel':'rbf','gamma':'auto'\}"
ABANDONED,,,,4597,3245,0.9755843056067824,"\{'nu':0.5,'kernel':'rbf','gamma':'auto'\}"
ABANDONED,,,,4510,2128,0.3583565666619688,"\{'nu':0.5,'kernel':'rbf','gamma':'auto'\}"
ABANDONED,,,,497,3400,0.5546877408567816,"\{'nu':0.5,'kernel':'rbf','gamma':'auto'\}"
ABANDONED,,,,1611,1183,0.0741145479250699,"\{'nu':0.5,'kernel':'rbf','gamma':'auto'\}"
ABANDONED,,,,3397,4970,0.7784437865186483,"\{'nu':0.5,'kernel':'rbf','gamma':'auto'\}"
ABANDONED,,,,2979,624,0.7482860528342425,"\{'nu':0.5,'kernel':'rbf','gamma':'auto'\}"
ABANDONED,,,,2014,4318,0.414689143013209,"\{'nu':0.5,'kernel':'rbf','gamma':'auto'\}"
ABANDONED,,,,861,1555,0.9633631957657636,"\{'nu':0.5,'kernel':'rbf','gamma':'auto'\}"
ABANDONED,,,,4132,2763,0.1392464701421558,"\{'nu':0.5,'kernel':'rbf','gamma':'auto'\}"
ABANDONED,,,,3919,783,0.9051924339476972,"\{'nu':0.5,'kernel':'rbf','gamma':'auto'\}"
ABANDONED,,,,1076,4590,0.1969344202820211,"\{'nu':0.5,'kernel':'rbf','gamma':'auto'\}"
ABANDONED,,,,2423,2353,0.6813451450634747,"\{'nu':0.5,'kernel':'rbf','gamma':'auto'\}"
ABANDONED,,,,2571,3644,0.4811458709407597,"\{'nu':0.5,'kernel':'rbf','gamma':'auto'\}"
ABANDONED,,,,3574,1779,0.0164266870133578,"\{'nu':0.5,'kernel':'rbf','gamma':'auto'\}"
ABANDONED,,,,1435,3008,0.8366143996231257,"\{'nu':0.5,'kernel':'rbf','gamma':'auto'\}"
ABANDONED,,,,48,224,0.2918997495062649,"\{'nu':0.5,'kernel':'rbf','gamma':'auto'\}"
ABANDONED,,,,4961,3937,0.621628797341138,"\{'nu':0.5,'kernel':'rbf','gamma':'auto'\}"
ABANDONED,,,,4937,1892,0.020351095482707,"\{'nu':0.5,'kernel':'rbf','gamma':'auto'\}"
ABANDONED,,,,65,3169,0.8171616862863302,"\{'nu':0.5,'kernel':'rbf','gamma':'auto'\}"
ABANDONED,,,,1413,950,0.3035728943869471,"\{'nu':0.5,'kernel':'rbf','gamma':'auto'\}"
ABANDONED,,,,3590,4732,0.594304064027965,"\{'nu':0.5,'kernel':'rbf','gamma':'auto'\}"
ABANDONED,,,,2552,389,0.8778488437514752,"\{'nu':0.5,'kernel':'rbf','gamma':'auto'\}"
ABANDONED,,,,2446,4087,0.2086188079100102,"\{'nu':0.5,'kernel':'rbf','gamma':'auto'\}"
ABANDONED,,,,1059,1321,0.661903674473986,"\{'nu':0.5,'kernel':'rbf','gamma':'auto'\}"
ABANDONED,,,,3939,2525,0.4850514225270599,"\{'nu':0.5,'kernel':'rbf','gamma':'auto'\}"
ABANDONED,,,,4117,706,0.7210528229922056,"\{'nu':0.5,'kernel':'rbf','gamma':'auto'\}"
ABANDONED,,,,883,4508,0.4263926403373479,"\{'nu':0.5,'kernel':'rbf','gamma':'auto'\}"
ABANDONED,,,,1996,2273,0.9438189789578318,"\{'nu':0.5,'kernel':'rbf','gamma':'auto'\}"
ABANDONED,,,,3003,3569,0.1431405261680483,"\{'nu':0.5,'kernel':'rbf','gamma':'auto'\}"
ABANDONED,,,,3377,1702,0.3622315278630703,"\{'nu':0.5,'kernel':'rbf','gamma':'auto'\}"
ABANDONED,,,,1628,2926,0.5351550047378986,"\{'nu':0.5,'kernel':'rbf','gamma':'auto'\}"
ABANDONED,,,,475,144,0.0858295259382575,"\{'nu':0.5,'kernel':'rbf','gamma':'auto'\}"
ABANDONED,,,,4529,3862,0.7511914618518203,"\{'nu':0.5,'kernel':'rbf','gamma':'auto'\}"
ABANDONED,,,,4578,299,0.3839595767669379,"\{'nu':0.5,'kernel':'rbf','gamma':'auto'\}"
ABANDONED,,,,429,4017,0.716705606918782,"\{'nu':0.5,'kernel':'rbf','gamma':'auto'\}"
ABANDONED,,,,1855,1860,0.1698580172844231,"\{'nu':0.5,'kernel':'rbf','gamma':'auto'\}"
ABANDONED,,,,3152,3083,0.99506927492097,"\{'nu':0.5,'kernel':'rbf','gamma':'auto'\}"
ABANDONED,,,,2891,2428,0.5238932165149599,"\{'nu':0.5,'kernel':'rbf','gamma':'auto'\}"
ABANDONED,,,,2102,3725,0.3267111626509577,"\{'nu':0.5,'kernel':'rbf','gamma':'auto'\}"
ABANDONED,,,,637,864,0.8091126776207238,"\{'nu':0.5,'kernel':'rbf','gamma':'auto'\}"
ABANDONED,,,,4356,4665,0.1058779710400849,"\{'nu':0.5,'kernel':'rbf','gamma':'auto'\}"
ABANDONED,,,,3831,1479,0.8683814216069877,"\{'nu':0.5,'kernel':'rbf','gamma':'auto'\}"
ABANDONED,,,,1164,2683,0.0470991769842803,"\{'nu':0.5,'kernel':'rbf','gamma':'auto'\}"
ABANDONED,,,,2199,543,0.5899874085970221,"\{'nu':0.5,'kernel':'rbf','gamma':'auto'\}"
ABANDONED,,,,2796,4242,0.2611092404313385,"\{'nu':0.5,'kernel':'rbf','gamma':'auto'\}"
ABANDONED,,,,3643,1108,0.2286369600538164,"\{'nu':0.5,'kernel':'rbf','gamma':'auto'\}"
ABANDONED,,,,1366,4890,0.935800441706553,"\{'nu':0.5,'kernel':'rbf','gamma':'auto'\}"
ABANDONED,,,,292,2048,0.4495613502729683,"\{'nu':0.5,'kernel':'rbf','gamma':'auto'\}"
ABANDONED,,,,4717,3324,0.6506115040648728,"\{'nu':0.5,'kernel':'rbf','gamma':'auto'\}"
ABANDONED,,,,4822,1088,0.9655868254769592,"\{'nu':0.5,'kernel':'rbf','gamma':'auto'\}"
ABANDONED,,,,182,4791,0.1364752862919121,"\{'nu':0.5,'kernel':'rbf','gamma':'auto'\}"
ABANDONED,,,,1295,2028,0.7417985089663415,"\{'nu':0.5,'kernel':'rbf','gamma':'auto'\}"
ABANDONED,,,,3708,3227,0.4207496353629976,"\{'nu':0.5,'kernel':'rbf','gamma':'auto'\}"
ABANDONED,,,,2671,1342,0.0768857615180313,"\{'nu':0.5,'kernel':'rbf','gamma':'auto'\}"
ABANDONED,,,,2328,2623,0.7762200675792991,"\{'nu':0.5,'kernel':'rbf','gamma':'auto'\}"
ABANDONED,,,,1176,407,0.3522960445694625,"\{'nu':0.5,'kernel':'rbf','gamma':'auto'\}"
ABANDONED,,,,3823,4184,0.5611753739528357,"\{'nu':0.5,'kernel':'rbf','gamma':'auto'\}"
ABANDONED,,,,4232,2253,0.2940009581912308,"\{'nu':0.5,'kernel':'rbf','gamma':'auto'\}"
ABANDONED,,,,766,3471,0.6189786068666726,"\{'nu':0.5,'kernel':'rbf','gamma':'auto'\}"
ABANDONED,,,,2114,688,0.0098179118279367,"\{'nu':0.5,'kernel':'rbf','gamma':'auto'\}"
ABANDONED,,,,2884,4410,0.8427975509408862,"\{'nu':0.5,'kernel':'rbf','gamma':'auto'\}"
ABANDONED,,,,3258,7,0.683995127338916,"\{'nu':0.5,'kernel':'rbf','gamma':'auto'\}"
ABANDONED,,,,1745,3803,0.4790448109693825,"\{'nu':0.5,'kernel':'rbf','gamma':'auto'\}"
ABANDONED,,,,359,1566,0.899009490828961,"\{'nu':0.5,'kernel':'rbf','gamma':'auto'\}"
ABANDONED,,,,4645,2867,0.2035430467538535,"\{'nu':0.5,'kernel':'rbf','gamma':'auto'\}"
ABANDONED,,,,4385,1724,0.5687182823922485,"\{'nu':0.5,'kernel':'rbf','gamma':'auto'\}"
ABANDONED,,,,624,3025,0.2662935253288596,"\{'nu':0.5,'kernel':'rbf','gamma':'auto'\}"
ABANDONED,,,,1659,162,0.8461547955255955,"\{'nu':0.5,'kernel':'rbf','gamma':'auto'\}"
ABANDONED,,,,3350,3958,0.0532409171443432,"\{'nu':0.5,'kernel':'rbf','gamma':'auto'\}"
ABANDONED,,,,3088,845,0.4599556131288409,"\{'nu':0.5,'kernel':'rbf','gamma':'auto'\}"
ABANDONED,,,,1905,4568,0.625114634566009,"\{'nu':0.5,'kernel':'rbf','gamma':'auto'\}"
ABANDONED,,,,831,2408,0.2381041647046804,"\{'nu':0.5,'kernel':'rbf','gamma':'auto'\}"
ABANDONED,,,,4163,3627,0.9112305560559034,"\{'nu':0.5,'kernel':'rbf','gamma':'auto'\}"
ABANDONED,,,,4024,562,0.179928673794493,"\{'nu':0.5,'kernel':'rbf','gamma':'auto'\}"
ABANDONED,,,,969,4339,0.9689137771036476,"\{'nu':0.5,'kernel':'rbf','gamma':'auto'\}"
ABANDONED,,,,2395,1499,0.393011820314452,"\{'nu':0.5,'kernel':'rbf','gamma':'auto'\}"
ABANDONED,,,,2599,2781,0.6915684774499385,"\{'nu':0.5,'kernel':'rbf','gamma':'auto'\}"
ABANDONED,,,,3446,2183,0.78847172319144,"\{'nu':0.5,'kernel':'rbf','gamma':'auto'\}"
ABANDONED,,,,1562,3382,0.1114163188263773,"\{'nu':0.5,'kernel':'rbf','gamma':'auto'\}"
ABANDONED,,,,98,1246,0.5022642907947302,"\{'nu':0.5,'kernel':'rbf','gamma':'auto'\}"
ABANDONED,,,,4911,4949,0.3332374073714017,"\{'nu':0.5,'kernel':'rbf','gamma':'auto'\}"
ABANDONED,,,,4867,431,0.5433622204959392,"\{'nu':0.5,'kernel':'rbf','gamma':'auto'\}"
ABANDONED,,,,132,4158,0.3701779594719409,"\{'nu':0.5,'kernel':'rbf','gamma':'auto'\}"
ABANDONED,,,,1519,1377,0.7590767201259732,"\{'nu':0.5,'kernel':'rbf','gamma':'auto'\}"
ABANDONED,,,,3481,2591,0.0939755683615803,"\{'nu':0.5,'kernel':'rbf','gamma':'auto'\}"
ABANDONED,,,,2643,1974,0.4338115643989294,"\{'nu':0.5,'kernel':'rbf','gamma':'auto'\}"
ABANDONED,,,,2361,3279,0.7286678110491484,"\{'nu':0.5,'kernel':'rbf','gamma':'auto'\}"
ABANDONED,,,,1014,1045,0.1508166280742734,"\{'nu':0.5,'kernel':'rbf','gamma':'auto'\}"
ABANDONED,,,,3991,4837,0.9512990168686956,"\{'nu':0.5,'kernel':'rbf','gamma':'auto'\}"
ABANDONED,,,,4206,1621,0.2167877150475978,"\{'nu':0.5,'kernel':'rbf','gamma':'auto'\}"
ABANDONED,,,,797,2815,0.8858178798258304,"\{'nu':0.5,'kernel':'rbf','gamma':'auto'\}"
ABANDONED,,,,1949,50,0.4929597611501813,"\{'nu':0.5,'kernel':'rbf','gamma':'auto'\}"
ABANDONED,,,,3054,3758,0.6700118841603399,"\{'nu':0.5,'kernel':'rbf','gamma':'auto'\}"
ABANDONED,,,,3305,664,0.8245580058824271,"\{'nu':0.5,'kernel':'rbf','gamma':'auto'\}"
ABANDONED,,,,1692,4436,0.0280043921601027,"\{'nu':0.5,'kernel':'rbf','gamma':'auto'\}"
ABANDONED,,,,579,2218,0.6020179986711591,"\{'nu':0.5,'kernel':'rbf','gamma':'auto'\}"
ABANDONED,,,,4418,3504,0.3110298519488424,"\{'nu':0.5,'kernel':'rbf','gamma':'auto'\}"
ABANDONED,,,,4679,2375,0.9281300132237374,"\{'nu':0.5,'kernel':'rbf','gamma':'auto'\}"
ABANDONED,,,,315,3661,0.2212577722631394,"\{'nu':0.5,'kernel':'rbf','gamma':'auto'\}"
ABANDONED,,,,1780,819,0.6431716783083974,"\{'nu':0.5,'kernel':'rbf','gamma':'auto'\}"
ABANDONED,,,,3214,4591,0.4418302838243544,"\{'nu':0.5,'kernel':'rbf','gamma':'auto'\}"
ABANDONED,,,,2851,207,0.0391434656474739,"\{'nu':0.5,'kernel':'rbf','gamma':'auto'\}"
ABANDONED,,,,2159,3916,0.860199189731851,"\{'nu':0.5,'kernel':'rbf','gamma':'auto'\}"
ABANDONED,,,,733,1776,0.2529877060074359,"\{'nu':0.5,'kernel':'rbf','gamma':'auto'\}"
ABANDONED,,,,4276,2970,0.5820923947114496,"\{'nu':0.5,'kernel':'rbf','gamma':'auto'\}"
ABANDONED,,,,3789,1200,0.3190790427885949,"\{'nu':0.5,'kernel':'rbf','gamma':'auto'\}"
ABANDONED,,,,1219,4992,0.5164914242587983,"\{'nu':0.5,'kernel':'rbf','gamma':'auto'\}"
ABANDONED,,,,2293,2131,0.0984150649346411,"\{'nu':0.5,'kernel':'rbf','gamma':'auto'\}"
ABANDONED,,,,2714,3437,0.8014194439090788,"\{'nu':0.5,'kernel':'rbf','gamma':'auto'\}"
ABANDONED,,,,3742,1532,0.7087725000474601,"\{'nu':0.5,'kernel':'rbf','gamma':'auto'\}"
ABANDONED,,,,1251,2746,0.3757390362713485,"\{'nu':0.5,'kernel':'rbf','gamma':'auto'\}"
ABANDONED,,,,215,588,0.9869099077600983,"\{'nu':0.5,'kernel':'rbf','gamma':'auto'\}"
ABANDONED,,,,4777,4316,0.161986083747819,"\{'nu':0.5,'kernel':'rbf','gamma':'auto'\}"
ABANDONED,,,,4751,1279,0.4708245307225734,"\{'nu':0.5,'kernel':'rbf','gamma':'auto'\}"
ABANDONED,,,,247,2570,0.6760622807163745,"\{'nu':0.5,'kernel':'rbf','gamma':'auto'\}"
ABANDONED,,,,1400,333,0.1956708529684692,"\{'nu':0.5,'kernel':'rbf','gamma':'auto'\}"
ABANDONED,,,,3598,4140,0.8908498634193092,"\{'nu':0.5,'kernel':'rbf','gamma':'auto'\}"
ABANDONED,,,,2761,986,0.6115766138471663,"\{'nu':0.5,'kernel':'rbf','gamma':'auto'\}"
ABANDONED,,,,2242,4699,0.2863686375655233,"\{'nu':0.5,'kernel':'rbf','gamma':'auto'\}"
ABANDONED,,,,1129,1915,0.8351045179925858,"\{'nu':0.5,'kernel':'rbf','gamma':'auto'\}"
ABANDONED,,,,3874,3144,0.0023552064858376,"\{'nu':0.5,'kernel':'rbf','gamma':'auto'\}"
ABANDONED,,,,4323,109,0.768037620069459,"\{'nu':0.5,'kernel':'rbf','gamma':'auto'\}"
ABANDONED,,,,681,3896,0.0689298345465213,"\{'nu':0.5,'kernel':'rbf','gamma':'auto'\}"
ABANDONED,,,,2068,1679,0.5532805757019668,"\{'nu':0.5,'kernel':'rbf','gamma':'auto'\}"
ABANDONED,,,,2936,2951,0.3441747257802635,"\{'nu':0.5,'kernel':'rbf','gamma':'auto'\}"
ABANDONED,,,,3187,2316,0.1290963736213743,"\{'nu':0.5,'kernel':'rbf','gamma':'auto'\}"
ABANDONED,,,,1812,3524,0.9579166721142828,"\{'nu':0.5,'kernel':'rbf','gamma':'auto'\}"
ABANDONED,,,,464,761,0.4130182937942445,"\{'nu':0.5,'kernel':'rbf','gamma':'auto'\}"
ABANDONED,,,,4535,4455,0.7343584080897271,"\{'nu':0.5,'kernel':'rbf','gamma':'auto'\}"
ABANDONED,,,,4485,916,0.1190693403836339,"\{'nu':0.5,'kernel':'rbf','gamma':'auto'\}"
ABANDONED,,,,509,4610,0.7958677676673978,"\{'nu':0.5,'kernel':'rbf','gamma':'auto'\}"
ABANDONED,,,,1583,2473,0.3406946400534361,"\{'nu':0.5,'kernel':'rbf','gamma':'auto'\}"
ABANDONED,,,,3410,3682,0.5099785005580633,"\{'nu':0.5,'kernel':'rbf','gamma':'auto'\}"
ABANDONED,,,,3047,1835,0.9768830288127064,"\{'nu':0.5,'kernel':'rbf','gamma':'auto'\}"
ABANDONED,,,,1961,3106,0.1880977965667843,"\{'nu':0.5,'kernel':'rbf','gamma':'auto'\}"
ABANDONED,,,,926,266,0.6996764715015888,"\{'nu':0.5,'kernel':'rbf','gamma':'auto'\}"
ABANDONED,,,,4082,4053,0.4009199433028697,"\{'nu':0.5,'kernel':'rbf','gamma':'auto'\}"
ABANDONED,,,,3983,2073,0.6327298233862965,"\{'nu':0.5,'kernel':'rbf','gamma':'auto'\}"
ABANDONED,,,,1025,3301,0.4673747379537671,"\{'nu':0.5,'kernel':'rbf','gamma':'auto'\}"
ABANDONED,,,,2490,1141,0.9187103932034224,"\{'nu':0.5,'kernel':'rbf','gamma':'auto'\}"
ABANDONED,,,,2518,4854,0.2457800658475607,"\{'nu':0.5,'kernel':'rbf','gamma':'auto'\}"
ABANDONED,,,,3546,491,0.27423969668895,"\{'nu':0.5,'kernel':'rbf','gamma':'auto'\}"
ABANDONED,,,,1448,4297,0.5769252379015088,"\{'nu':0.5,'kernel':'rbf','gamma':'auto'\}"
ABANDONED,,,,22,1434,0.0613872198164463,"\{'nu':0.5,'kernel':'rbf','gamma':'auto'\}"
ABANDONED,,,,4972,2725,0.8540403140485286,"\{'nu':0.5,'kernel':'rbf','gamma':'auto'\}"
ABANDONED,,,,4966,1440,0.6780008274074643,"\{'nu':0.5,'kernel':'rbf','gamma':'auto'\}"
ABANDONED,,,,33,2722,0.4688925980683416,"\{'nu':0.5,'kernel':'rbf','gamma':'auto'\}"
ABANDONED,,,,1459,505,0.8928178405296057,"\{'nu':0.5,'kernel':'rbf','gamma':'auto'\}"
ABANDONED,,,,3541,4281,0.1937114826571196,"\{'nu':0.5,'kernel':'rbf','gamma':'auto'\}"
ABANDONED,,,,2508,1147,0.2882999419048428,"\{'nu':0.5,'kernel':'rbf','gamma':'auto'\}"
ABANDONED,,,,2497,4851,0.6096386285498738,"\{'nu':0.5,'kernel':'rbf','gamma':'auto'\}"
ABANDONED,,,,1032,2086,0.0043142459094524,"\{'nu':0.5,'kernel':'rbf','gamma':'auto'\}"
ABANDONED,,,,3972,3285,0.8331369238197803,"\{'nu':0.5,'kernel':'rbf','gamma':'auto'\}"
ABANDONED,,,,4068,260,0.0708915805574506,"\{'nu':0.5,'kernel':'rbf','gamma':'auto'\}"
ABANDONED,,,,934,4057,0.766069163357839,"\{'nu':0.5,'kernel':'rbf','gamma':'auto'\}"
ABANDONED,,,,1970,1821,0.3461033235322684,"\{'nu':0.5,'kernel':'rbf','gamma':'auto'\}"
ABANDONED,,,,3033,3122,0.5513434529434889,"\{'nu':0.5,'kernel':'rbf','gamma':'auto'\}"
ABANDONED,,,,3402,2467,0.9598856902197004,"\{'nu':0.5,'kernel':'rbf','gamma':'auto'\}"
ABANDONED,,,,1596,3685,0.1271339992955327,"\{'nu':0.5,'kernel':'rbf','gamma':'auto'\}"
ABANDONED,,,,522,903,0.736295913785696,"\{'nu':0.5,'kernel':'rbf','gamma':'auto'\}"
ABANDONED,,,,4476,4626,0.4110893651545047,"\{'nu':0.5,'kernel':'rbf','gamma':'auto'\}"
ABANDONED,,,,4544,745,0.793928745092824,"\{'nu':0.5,'kernel':'rbf','gamma':'auto'\}"
ABANDONED,,,,451,4469,0.120999845387414,"\{'nu':0.5,'kernel':'rbf','gamma':'auto'\}"
ABANDONED,,,,1798,2312,0.5080119510982185,"\{'nu':0.5,'kernel':'rbf','gamma':'auto'\}"
ABANDONED,,,,3196,3530,0.3426544862482696,"\{'nu':0.5,'kernel':'rbf','gamma':'auto'\}"
ABANDONED,,,,2949,1663,0.1861669681109487,"\{'nu':0.5,'kernel':'rbf','gamma':'auto'\}"
ABANDONED,,,,2060,2965,0.9788224417604506,"\{'nu':0.5,'kernel':'rbf','gamma':'auto'\}"
ABANDONED,,,,673,105,0.3989594762288034,"\{'nu':0.5,'kernel':'rbf','gamma':'auto'\}"
ABANDONED,,,,4336,3901,0.7016435897909103,"\{'nu':0.5,'kernel':'rbf','gamma':'auto'\}"
ABANDONED,,,,3885,1931,0.4654134678263217,"\{'nu':0.5,'kernel':'rbf','gamma':'auto'\}"
ABANDONED,,,,1122,3130,0.6346997077483683,"\{'nu':0.5,'kernel':'rbf','gamma':'auto'\}"
ABANDONED,,,,2236,989,0.2438500404451042,"\{'nu':0.5,'kernel':'rbf','gamma':'auto'\}"
ABANDONED,,,,2772,4693,0.9206470400784164,"\{'nu':0.5,'kernel':'rbf','gamma':'auto'\}"
ABANDONED,,,,3604,350,0.5749557439126073,"\{'nu':0.5,'kernel':'rbf','gamma':'auto'\}"
ABANDONED,,,,1389,4126,0.27620064336434,"\{'nu':0.5,'kernel':'rbf','gamma':'auto'\}"
ABANDONED,,,,236,1282,0.8521042360030114,"\{'nu':0.5,'kernel':'rbf','gamma':'auto'\}"
ABANDONED,,,,4757,2564,0.0633166243396699,"\{'nu':0.5,'kernel':'rbf','gamma':'auto'\}"
ABANDONED,,,,4769,601,0.3682404537759721,"\{'nu':0.5,'kernel':'rbf','gamma':'auto'\}"
ABANDONED,,,,229,4300,0.5452911491356789,"\{'nu':0.5,'kernel':'rbf','gamma':'auto'\}"
ABANDONED,,,,1264,1539,0.0920065502561628,"\{'nu':0.5,'kernel':'rbf','gamma':'auto'\}"
ABANDONED,,,,3734,2742,0.7610390944518148,"\{'nu':0.5,'kernel':'rbf','gamma':'auto'\}"
ABANDONED,,,,2701,2144,0.7267392132971435,"\{'nu':0.5,'kernel':'rbf','gamma':'auto'\}"
ABANDONED,,,,2302,3421,0.4357486871574073,"\{'nu':0.5,'kernel':'rbf','gamma':'auto'\}"
ABANDONED,,,,1228,1206,0.9493372708577664,"\{'nu':0.5,'kernel':'rbf','gamma':'auto'\}"
ABANDONED,,,,3775,4988,0.1527850847858935,"\{'nu':0.5,'kernel':'rbf','gamma':'auto'\}"
ABANDONED,,,,4265,1763,0.8838588404022157,"\{'nu':0.5,'kernel':'rbf','gamma':'auto'\}"
ABANDONED,,,,739,2986,0.2187553092204034,"\{'nu':0.5,'kernel':'rbf','gamma':'auto'\}"
ABANDONED,,,,2164,201,0.6680805798210203,"\{'nu':0.5,'kernel':'rbf','gamma':'auto'\}"
ABANDONED,,,,2839,3919,0.4948977464474737,"\{'nu':0.5,'kernel':'rbf','gamma':'auto'\}"
ABANDONED,,,,3208,806,0.0260364150498062,"\{'nu':0.5,'kernel':'rbf','gamma':'auto'\}"
ABANDONED,,,,1791,4607,0.8265173761937767,"\{'nu':0.5,'kernel':'rbf','gamma':'auto'\}"
ABANDONED,,,,326,2369,0.3090913052577525,"\{'nu':0.5,'kernel':'rbf','gamma':'auto'\}"
ABANDONED,,,,4673,3665,0.6039499313253909,"\{'nu':0.5,'kernel':'rbf','gamma':'auto'\}"
ABANDONED,,,,4425,2214,0.2231938503086566,"\{'nu':0.5,'kernel':'rbf','gamma':'auto'\}"
ABANDONED,,,,569,3510,0.9262006087005136,"\{'nu':0.5,'kernel':'rbf','gamma':'auto'\}"
ABANDONED,,,,1682,648,0.4437997778132558,"\{'nu':0.5,'kernel':'rbf','gamma':'auto'\}"
ABANDONED,,,,3312,4450,0.6412107316330075,"\{'nu':0.5,'kernel':'rbf','gamma':'auto'\}"
ABANDONED,,,,3065,46,0.8621292151343077,"\{'nu':0.5,'kernel':'rbf','gamma':'auto'\}"
ABANDONED,,,,1943,3764,0.0372068187724798,"\{'nu':0.5,'kernel':'rbf','gamma':'auto'\}"
ABANDONED,,,,791,1606,0.5840536648388952,"\{'nu':0.5,'kernel':'rbf','gamma':'auto'\}"
ABANDONED,,,,4217,2828,0.2510178216453641,"\{'nu':0.5,'kernel':'rbf','gamma':'auto'\}"
ABANDONED,,,,4004,1049,0.5184518913328647,"\{'nu':0.5,'kernel':'rbf','gamma':'auto'\}"
ABANDONED,,,,1005,4830,0.3171119244992732,"\{'nu':0.5,'kernel':'rbf','gamma':'auto'\}"
ABANDONED,,,,2352,1989,0.8033502723649144,"\{'nu':0.5,'kernel':'rbf','gamma':'auto'\}"
ABANDONED,,,,2656,3266,0.0964756519868969,"\{'nu':0.5,'kernel':'rbf','gamma':'auto'\}"
ABANDONED,,,,3489,1381,0.3777055857311934,"\{'nu':0.5,'kernel':'rbf','gamma':'auto'\}"
ABANDONED,,,,1505,2584,0.7068126538526267,"\{'nu':0.5,'kernel':'rbf','gamma':'auto'\}"
ABANDONED,,,,118,446,0.1639251063223928,"\{'nu':0.5,'kernel':'rbf','gamma':'auto'\}"
ABANDONED,,,,4875,4145,0.9849794027563183,"\{'nu':0.5,'kernel':'rbf','gamma':'auto'\}"
ABANDONED,,,,4919,1239,0.1345376876499503,"\{'nu':0.5,'kernel':'rbf','gamma':'auto'\}"
ABANDONED,,,,84,4953,0.967515899112448,"\{'nu':0.5,'kernel':'rbf','gamma':'auto'\}"
ABANDONED,,,,1548,2170,0.4187807027678936,"\{'nu':0.5,'kernel':'rbf','gamma':'auto'\}"
ABANDONED,,,,3454,3398,0.7437607308607548,"\{'nu':0.5,'kernel':'rbf','gamma':'auto'\}"
ABANDONED,,,,2612,1493,0.7742916148230433,"\{'nu':0.5,'kernel':'rbf','gamma':'auto'\}"
ABANDONED,,,,2386,2785,0.0788227913305163,"\{'nu':0.5,'kernel':'rbf','gamma':'auto'\}"
ABANDONED,,,,960,549,0.559213475510478,"\{'nu':0.5,'kernel':'rbf','gamma':'auto'\}"
ABANDONED,,,,4037,4355,0.3542645867913961,"\{'nu':0.5,'kernel':'rbf','gamma':'auto'\}"
ABANDONED,,,,4174,2414,0.6170197124388069,"\{'nu':0.5,'kernel':'rbf','gamma':'auto'\}"
ABANDONED,,,,826,3623,0.2959684594180435,"\{'nu':0.5,'kernel':'rbf','gamma':'auto'\}"
ABANDONED,,,,1900,858,0.8408660941701382,"\{'nu':0.5,'kernel':'rbf','gamma':'auto'\}"
ABANDONED,,,,3100,4552,0.0117559826355427,"\{'nu':0.5,'kernel':'rbf','gamma':'auto'\}"
ABANDONED,,,,3356,168,0.4770767409130931,"\{'nu':0.5,'kernel':'rbf','gamma':'auto'\}"
ABANDONED,,,,1648,3954,0.6859546426460146,"\{'nu':0.5,'kernel':'rbf','gamma':'auto'\}"
ABANDONED,,,,613,1737,0.2016045855730771,"\{'nu':0.5,'kernel':'rbf','gamma':'auto'\}"
ABANDONED,,,,4391,3009,0.9009412710517644,"\{'nu':0.5,'kernel':'rbf','gamma':'auto'\}"
ABANDONED,,,,4638,1582,0.2682296963203698,"\{'nu':0.5,'kernel':'rbf','gamma':'auto'\}"
ABANDONED,,,,369,2854,0.5667887328732759,"\{'nu':0.5,'kernel':'rbf','gamma':'auto'\}"
ABANDONED,,,,1756,11,0.0552103256229311,"\{'nu':0.5,'kernel':'rbf','gamma':'auto'\}"
ABANDONED,,,,3251,3797,0.844194001281634,"\{'nu':0.5,'kernel':'rbf','gamma':'auto'\}"
ABANDONED,,,,2873,703,0.6270445149727165,"\{'nu':0.5,'kernel':'rbf','gamma':'auto'\}"
ABANDONED,,,,2120,4397,0.4580190591998398,"\{'nu':0.5,'kernel':'rbf','gamma':'auto'\}"
ABANDONED,,,,772,2257,0.9131919786147772,"\{'nu':0.5,'kernel':'rbf','gamma':'auto'\}"
ABANDONED,,,,4221,3465,0.2361341948322951,"\{'nu':0.5,'kernel':'rbf','gamma':'auto'\}"
ABANDONED,,,,3810,392,0.9708740991819648,"\{'nu':0.5,'kernel':'rbf','gamma':'auto'\}"
ABANDONED,,,,1184,4197,0.1779616484511643,"\{'nu':0.5,'kernel':'rbf','gamma':'auto'\}"
ABANDONED,,,,2337,1338,0.6934994583372027,"\{'nu':0.5,'kernel':'rbf','gamma':'auto'\}"
ABANDONED,,,,2658,2630,0.3910723218563944,"\{'nu':0.5,'kernel':'rbf','gamma':'auto'\}"
ABANDONED,,,,3700,2013,0.1133829612322151,"\{'nu':0.5,'kernel':'rbf','gamma':'auto'\}"
ABANDONED,,,,1309,3240,0.7865117320008576,"\{'nu':0.5,'kernel':'rbf','gamma':'auto'\}"
ABANDONED,,,,196,1084,0.335176344435662,"\{'nu':0.5,'kernel':'rbf','gamma':'auto'\}"
ABANDONED,,,,4814,4798,0.5003339382223784,"\{'nu':0.5,'kernel':'rbf','gamma':'auto'\}"
ABANDONED,,,,4723,2034,0.8191001474671065,"\{'nu':0.5,'kernel':'rbf','gamma':'auto'\}"
ABANDONED,,,,281,3340,0.0184193152599036,"\{'nu':0.5,'kernel':'rbf','gamma':'auto'\}"
ABANDONED,,,,1355,1102,0.5962721340842545,"\{'nu':0.5,'kernel':'rbf','gamma':'auto'\}"
ABANDONED,,,,3649,4893,0.3016133790798485,"\{'nu':0.5,'kernel':'rbf','gamma':'auto'\}"
ABANDONED,,,,2806,530,0.2105502646807581,"\{'nu':0.5,'kernel':'rbf','gamma':'auto'\}"
ABANDONED,,,,2193,4258,0.8759107729438692,"\{'nu':0.5,'kernel':'rbf','gamma':'auto'\}"
ABANDONED,,,,1157,1473,0.4870103169549256,"\{'nu':0.5,'kernel':'rbf','gamma':'auto'\}"
ABANDONED,,,,3842,2686,0.6599361732471734,"\{'nu':0.5,'kernel':'rbf','gamma':'auto'\}"
ABANDONED,,,,4370,878,0.4283545387797057,"\{'nu':0.5,'kernel':'rbf','gamma':'auto'\}"
ABANDONED,,,,628,4649,0.7190842807702719,"\{'nu':0.5,'kernel':'rbf','gamma':'auto'\}"
ABANDONED,,,,2093,2434,0.1450689789243042,"\{'nu':0.5,'kernel':'rbf','gamma':'auto'\}"
ABANDONED,,,,2905,3721,0.9418819491453468,"\{'nu':0.5,'kernel':'rbf','gamma':'auto'\}"
ABANDONED,,,,3161,1873,0.5371239373330026,"\{'nu':0.5,'kernel':'rbf','gamma':'auto'\}"
ABANDONED,,,,1842,3067,0.3602693059686571,"\{'nu':0.5,'kernel':'rbf','gamma':'auto'\}"
ABANDONED,,,,416,305,0.7531290604937821,"\{'nu':0.5,'kernel':'rbf','gamma':'auto'\}"
ABANDONED,,,,4587,4014,0.0839004523027688,"\{'nu':0.5,'kernel':'rbf','gamma':'auto'\}"
ABANDONED,,,,4520,148,0.7147666698545218,"\{'nu':0.5,'kernel':'rbf','gamma':'auto'\}"
ABANDONED,,,,488,3857,0.3858899293392896,"\{'nu':0.5,'kernel':'rbf','gamma':'auto'\}"
ABANDONED,,,,1641,1718,0.9931026325151324,"\{'nu':0.5,'kernel':'rbf','gamma':'auto'\}"
ABANDONED,,,,3368,2912,0.1718180084750056,"\{'nu':0.5,'kernel':'rbf','gamma':'auto'\}"
ABANDONED,,,,2990,2277,0.3247801817636936,"\{'nu':0.5,'kernel':'rbf','gamma':'auto'\}"
ABANDONED,,,,2004,3564,0.5258327149730175,"\{'nu':0.5,'kernel':'rbf','gamma':'auto'\}"
ABANDONED,,,,891,722,0.1039176489617675,"\{'nu':0.5,'kernel':'rbf','gamma':'auto'\}"
ABANDONED,,,,4103,4494,0.8110797029640525,"\{'nu':0.5,'kernel':'rbf','gamma':'auto'\}"
ABANDONED,,,,3928,1318,0.0451377544254064,"\{'nu':0.5,'kernel':'rbf','gamma':'auto'\}"
ABANDONED,,,,1066,2531,0.870351391479373,"\{'nu':0.5,'kernel':'rbf','gamma':'auto'\}"
ABANDONED,,,,2452,372,0.259179360024631,"\{'nu':0.5,'kernel':'rbf','gamma':'auto'\}"
ABANDONED,,,,2541,4101,0.5919239625260234,"\{'nu':0.5,'kernel':'rbf','gamma':'auto'\}"
ABANDONED,,,,3584,947,0.9338310332279652,"\{'nu':0.5,'kernel':'rbf','gamma':'auto'\}"
ABANDONED,,,,1424,4738,0.230597754297778,"\{'nu':0.5,'kernel':'rbf','gamma':'auto'\}"
ABANDONED,,,,77,1876,0.6486753330733626,"\{'nu':0.5,'kernel':'rbf','gamma':'auto'\}"
ABANDONED,,,,4931,3183,0.451490899791941,"\{'nu':0.5,'kernel':'rbf','gamma':'auto'\}"
ABANDONED,,,,4948,230,0.906583233172074,"\{'nu':0.5,'kernel':'rbf','gamma':'auto'\}"
ABANDONED,,,,56,3933,0.2423172569219023,"\{'nu':0.5,'kernel':'rbf','gamma':'auto'\}"
ABANDONED,,,,1443,1793,0.6291456939149647,"\{'nu':0.5,'kernel':'rbf','gamma':'auto'\}"
ABANDONED,,,,3561,2991,0.4553689579535275,"\{'nu':0.5,'kernel':'rbf','gamma':'auto'\}"
ABANDONED,,,,2562,2358,0.0490272932760417,"\{'nu':0.5,'kernel':'rbf','gamma':'auto'\}"
ABANDONED,,,,2437,3640,0.8508026574961841,"\{'nu':0.5,'kernel':'rbf','gamma':'auto'\}"
ABANDONED,,,,1089,797,0.2708797678239643,"\{'nu':0.5,'kernel':'rbf','gamma':'auto'\}"
ABANDONED,,,,3910,4573,0.5646876431591809,"\{'nu':0.5,'kernel':'rbf','gamma':'auto'\}"
ABANDONED,,,,4126,1549,0.3286888303104787,"\{'nu':0.5,'kernel':'rbf','gamma':'auto'\}"
ABANDONED,,,,872,2767,0.5063943413440138,"\{'nu':0.5,'kernel':'rbf','gamma':'auto'\}"
ABANDONED,,,,2025,610,0.1156065612006932,"\{'nu':0.5,'kernel':'rbf','gamma':'auto'\}"
ABANDONED,,,,2973,4334,0.783740637378767,"\{'nu':0.5,'kernel':'rbf','gamma':'auto'\}"
ABANDONED,,,,3386,1178,0.6874388470165431,"\{'nu':0.5,'kernel':'rbf','gamma':'auto'\}"
ABANDONED,,,,1617,4974,0.3975599846951663,"\{'nu':0.5,'kernel':'rbf','gamma':'auto'\}"
ABANDONED,,,,504,2114,0.9736454020030796,"\{'nu':0.5,'kernel':'rbf','gamma':'auto'\}"
ABANDONED,,,,4499,3416,0.1757378997690975,"\{'nu':0.5,'kernel':'rbf','gamma':'auto'\}"
ABANDONED,,,,4608,1957,0.5566253655236214,"\{'nu':0.5,'kernel':'rbf','gamma':'auto'\}"
ABANDONED,,,,400,3258,0.3564275190513581,"\{'nu':0.5,'kernel':'rbf','gamma':'auto'\}"
ABANDONED,,,,1865,1023,0.7804126856531947,"\{'nu':0.5,'kernel':'rbf','gamma':'auto'\}"
ABANDONED,,,,3143,4819,0.0721522925700992,"\{'nu':0.5,'kernel':'rbf','gamma':'auto'\}"
ABANDONED,,,,2921,453,0.4166176217943429,"\{'nu':0.5,'kernel':'rbf','gamma':'auto'\}"
ABANDONED,,,,2073,4176,0.7463490490466356,"\{'nu':0.5,'kernel':'rbf','gamma':'auto'\}"
ABANDONED,,,,647,1394,0.1412083351239561,"\{'nu':0.5,'kernel':'rbf','gamma':'auto'\}"
ABANDONED,,,,4347,2612,0.9613946200832724,"\{'nu':0.5,'kernel':'rbf','gamma':'auto'\}"
ABANDONED,,,,3860,642,0.1988933407347649,"\{'nu':0.5,'kernel':'rbf','gamma':'auto'\}"
ABANDONED,,,,1134,4418,0.9032249587457626,"\{'nu':0.5,'kernel':'rbf','gamma':'auto'\}"
ABANDONED,,,,2208,2201,0.4830772942509501,"\{'nu':0.5,'kernel':'rbf','gamma':'auto'\}"
ABANDONED,,,,2785,3483,0.6794070407953113,"\{'nu':0.5,'kernel':'rbf','gamma':'auto'\}"
ABANDONED,,,,3672,1638,0.8385824957042932,"\{'nu':0.5,'kernel':'rbf','gamma':'auto'\}"
ABANDONED,,,,1336,2836,0.0144671977311372,"\{'nu':0.5,'kernel':'rbf','gamma':'auto'\}"
ABANDONED,,,,301,72,0.6235672250613569,"\{'nu':0.5,'kernel':'rbf','gamma':'auto'\}"
ABANDONED,,,,4707,3776,0.289967935822904,"\{'nu':0.5,'kernel':'rbf','gamma':'auto'\}"
ABANDONED,,,,4831,1813,0.1094305314049124,"\{'nu':0.5,'kernel':'rbf','gamma':'auto'\}"
ABANDONED,,,,172,3090,0.8059938869103789,"\{'nu':0.5,'kernel':'rbf','gamma':'auto'\}"
ABANDONED,,,,1324,249,0.3235312134772538,"\{'nu':0.5,'kernel':'rbf','gamma':'auto'\}"
ABANDONED,,,,3679,4030,0.5276292225271463,"\{'nu':0.5,'kernel':'rbf','gamma':'auto'\}"
ABANDONED,,,,2680,934,0.9981885972823948,"\{'nu':0.5,'kernel':'rbf','gamma':'auto'\}"
ABANDONED,,,,2317,4633,0.1663049178328365,"\{'nu':0.5,'kernel':'rbf','gamma':'auto'\}"
ABANDONED,,,,1204,2495,0.7129700135868042,"\{'nu':0.5,'kernel':'rbf','gamma':'auto'\}"
ABANDONED,,,,3793,3698,0.3871391058247536,"\{'nu':0.5,'kernel':'rbf','gamma':'auto'\}"
ABANDONED,,,,4242,473,0.6543094468340278,"\{'nu':0.5,'kernel':'rbf','gamma':'auto'\}"
ABANDONED,,,,757,4274,0.4462824247702956,"\{'nu':0.5,'kernel':'rbf','gamma':'auto'\}"
ABANDONED,,,,2144,1412,0.9327044859677552,"\{'nu':0.5,'kernel':'rbf','gamma':'auto'\}"
ABANDONED,,,,2856,2709,0.2322732684761285,"\{'nu':0.5,'kernel':'rbf','gamma':'auto'\}"
ABANDONED,,,,3268,2094,0.2643877458181232,"\{'nu':0.5,'kernel':'rbf','gamma':'auto'\}"
ABANDONED,,,,1736,3317,0.5862898785080761,"\{'nu':0.5,'kernel':'rbf','gamma':'auto'\}"
ABANDONED,,,,389,1158,0.0434623294752091,"\{'nu':0.5,'kernel':'rbf','gamma':'auto'\}"
ABANDONED,,,,4616,4877,0.8714779089968651,"\{'nu':0.5,'kernel':'rbf','gamma':'auto'\}"
ABANDONED,,,,4414,1003,0.488746989596635,"\{'nu':0.5,'kernel':'rbf','gamma':'auto'\}"
ABANDONED,,,,594,4722,0.6586271321065724,"\{'nu':0.5,'kernel':'rbf','gamma':'auto'\}"
ABANDONED,,,,1668,1937,0.2055242835395038,"\{'nu':0.5,'kernel':'rbf','gamma':'auto'\}"
ABANDONED,,,,3339,3160,0.8814837282411753,"\{'nu':0.5,'kernel':'rbf','gamma':'auto'\}"
ABANDONED,,,,3117,1257,0.5975811454821378,"\{'nu':0.5,'kernel':'rbf','gamma':'auto'\}"
ABANDONED,,,,1876,2554,0.2998767956662923,"\{'nu':0.5,'kernel':'rbf','gamma':'auto'\}"
ABANDONED,,,,840,316,0.8135272219125181,"\{'nu':0.5,'kernel':'rbf','gamma':'auto'\}"
ABANDONED,,,,4152,4117,0.0234452071730047,"\{'nu':0.5,'kernel':'rbf','gamma':'auto'\}"
ABANDONED,,,,4054,2337,0.7547425982840358,"\{'nu':0.5,'kernel':'rbf','gamma':'auto'\}"
ABANDONED,,,,940,3541,0.082712166596204,"\{'nu':0.5,'kernel':'rbf','gamma':'auto'\}"
ABANDONED,,,,2405,779,0.531977438699454,"\{'nu':0.5,'kernel':'rbf','gamma':'auto'\}"
ABANDONED,,,,2589,4478,0.365965158175677,"\{'nu':0.5,'kernel':'rbf','gamma':'auto'\}"
ABANDONED,,,,3476,91,0.1462574728298932,"\{'nu':0.5,'kernel':'rbf','gamma':'auto'\}"
ABANDONED,,,,1534,3873,0.9402682626415044,"\{'nu':0.5,'kernel':'rbf','gamma':'auto'\}"
ABANDONED,,,,108,1658,0.4226584783736616,"\{'nu':0.5,'kernel':'rbf','gamma':'auto'\}"
ABANDONED,,,,4902,2935,0.7242309281174093,"\{'nu':0.5,'kernel':'rbf','gamma':'auto'\}"
ABANDONED,,,,4857,2449,0.4050210244450718,"\{'nu':0.5,'kernel':'rbf','gamma':'auto'\}"
ABANDONED,,,,141,3741,0.6951568638477474,"\{'nu':0.5,'kernel':'rbf','gamma':'auto'\}"
ABANDONED,,,,1489,882,0.1833947283942252,"\{'nu':0.5,'kernel':'rbf','gamma':'auto'\}"
ABANDONED,,,,3509,4688,0.9810452535469084,"\{'nu':0.5,'kernel':'rbf','gamma':'auto'\}"
ABANDONED,,,,2633,281,0.5144985283277927,"\{'nu':0.5,'kernel':'rbf','gamma':'auto'\}"
ABANDONED,,,,2370,3995,0.3365931462310254,"\{'nu':0.5,'kernel':'rbf','gamma':'auto'\}"
ABANDONED,,,,984,1839,0.7917060820199548,"\{'nu':0.5,'kernel':'rbf','gamma':'auto'\}"
ABANDONED,,,,4020,3066,0.1237718769051134,"\{'nu':0.5,'kernel':'rbf','gamma':'auto'\}"
ABANDONED,,,,4197,1126,0.858286301711574,"\{'nu':0.5,'kernel':'rbf','gamma':'auto'\}"
ABANDONED,,,,807,4912,0.0567070014867931,"\{'nu':0.5,'kernel':'rbf','gamma':'auto'\}"
ABANDONED,,,,1920,2069,0.5723066390473395,"\{'nu':0.5,'kernel':'rbf','gamma':'auto'\}"
ABANDONED,,,,3083,3341,0.2783026997167616,"\{'nu':0.5,'kernel':'rbf','gamma':'auto'\}"
ABANDONED,,,,3296,1458,0.2504597525261342,"\{'nu':0.5,'kernel':'rbf','gamma':'auto'\}"
ABANDONED,,,,1703,2666,0.914464944627136,"\{'nu':0.5,'kernel':'rbf','gamma':'auto'\}"
ABANDONED,,,,551,526,0.4633113222457468,"\{'nu':0.5,'kernel':'rbf','gamma':'auto'\}"
ABANDONED,,,,4448,4220,0.637348842356354,"\{'nu':0.5,'kernel':'rbf','gamma':'auto'\}"
ABANDONED,,,,4649,370,0.006598811013624,"\{'nu':0.5,'kernel':'rbf','gamma':'auto'\}"
ABANDONED,,,,344,4065,0.8304266753625124,"\{'nu':0.5,'kernel':'rbf','gamma':'auto'\}"
ABANDONED,,,,1770,1300,0.281751462643966,"\{'nu':0.5,'kernel':'rbf','gamma':'auto'\}"
ABANDONED,,,,3224,2508,0.6156381855066865,"\{'nu':0.5,'kernel':'rbf','gamma':'auto'\}"
ABANDONED,,,,2821,1914,0.8955281187295913,"\{'nu':0.5,'kernel':'rbf','gamma':'auto'\}"
ABANDONED,,,,2187,3186,0.1914268283247947,"\{'nu':0.5,'kernel':'rbf','gamma':'auto'\}"
ABANDONED,,,,723,968,0.6720012407079338,"\{'nu':0.5,'kernel':'rbf','gamma':'auto'\}"
ABANDONED,,,,4286,4755,0.4754411665573716,"\{'nu':0.5,'kernel':'rbf','gamma':'auto'\}"
ABANDONED,,,,3760,1681,0.7384580578636378,"\{'nu':0.5,'kernel':'rbf','gamma':'auto'\}"
ABANDONED,,,,1249,2909,0.4085001100730151,"\{'nu':0.5,'kernel':'rbf','gamma':'auto'\}"
ABANDONED,,,,2284,126,0.9532159796413034,"\{'nu':0.5,'kernel':'rbf','gamma':'auto'\}"
ABANDONED,,,,2725,3840,0.1332562152203172,"\{'nu':0.5,'kernel':'rbf','gamma':'auto'\}"
ABANDONED,,,,3713,724,0.3486923704147338,"\{'nu':0.5,'kernel':'rbf','gamma':'auto'\}"
ABANDONED,,,,1280,4530,0.549181457579136,"\{'nu':0.5,'kernel':'rbf','gamma':'auto'\}"
ABANDONED,,,,206,2294,0.0647695728316903,"\{'nu':0.5,'kernel':'rbf','gamma':'auto'\}"
ABANDONED,,,,4788,3586,0.7727387252226471,"\{'nu':0.5,'kernel':'rbf','gamma':'auto'\}"
ABANDONED,,,,4742,822,0.5788462456837296,"\{'nu':0.5,'kernel':'rbf','gamma':'auto'\}"
ABANDONED,,,,258,4551,0.2566528723016381,"\{'nu':0.5,'kernel':'rbf','gamma':'auto'\}"
ABANDONED,,,,1371,2392,0.8638036734461784,"\{'nu':0.5,'kernel':'rbf','gamma':'auto'\}"
ABANDONED,,,,3628,3605,0.036079334616661,"\{'nu':0.5,'kernel':'rbf','gamma':'auto'\}"
ABANDONED,,,,2752,1740,0.438164697414264,"\{'nu':0.5,'kernel':'rbf','gamma':'auto'\}"
ABANDONED,,,,2253,3047,0.6464182400163263,"\{'nu':0.5,'kernel':'rbf','gamma':'auto'\}"
ABANDONED,,,,1100,185,0.2243213642071932,"\{'nu':0.5,'kernel':'rbf','gamma':'auto'\}"
ABANDONED,,,,3904,3976,0.92452606116049,"\{'nu':0.5,'kernel':'rbf','gamma':'auto'\}"
ABANDONED,,,,4312,2167,0.1588382046595215,"\{'nu':0.5,'kernel':'rbf','gamma':'auto'\}"
ABANDONED,,,,690,3361,0.9904915565028786,"\{'nu':0.5,'kernel':'rbf','gamma':'auto'\}"
ABANDONED,,,,2038,1223,0.3795031788945197,"\{'nu':0.5,'kernel':'rbf','gamma':'auto'\}"
ABANDONED,,,,2965,4931,0.7055644142627716,"\{'nu':0.5,'kernel':'rbf','gamma':'auto'\}"
ABANDONED,,,,3177,585,0.7978383268173784,"\{'nu':0.5,'kernel':'rbf','gamma':'auto'\}"
ABANDONED,,,,1821,4357,0.1015624049361795,"\{'nu':0.5,'kernel':'rbf','gamma':'auto'\}"
ABANDONED,,,,434,1516,0.5196999227236955,"\{'nu':0.5,'kernel':'rbf','gamma':'auto'\}"
ABANDONED,,,,4564,2802,0.3153144800495356,"\{'nu':0.5,'kernel':'rbf','gamma':'auto'\}"
ABANDONED,,,,4456,1358,0.9481497138477862,"\{'nu':0.5,'kernel':'rbf','gamma':'auto'\}"
ABANDONED,,,,539,2645,0.1543997081853449,"\{'nu':0.5,'kernel':'rbf','gamma':'auto'\}"
ABANDONED,,,,1574,430,0.7324343368075787,"\{'nu':0.5,'kernel':'rbf','gamma':'auto'\}"
ABANDONED,,,,3421,4202,0.4306011029146611,"\{'nu':0.5,'kernel':'rbf','gamma':'auto'\}"
ABANDONED,,,,3018,1065,0.0903920755703002,"\{'nu':0.5,'kernel':'rbf','gamma':'auto'\}"
ABANDONED,,,,1991,4774,0.7622264432627707,"\{'nu':0.5,'kernel':'rbf','gamma':'auto'\}"
ABANDONED,,,,917,2012,0.3733878893051296,"\{'nu':0.5,'kernel':'rbf','gamma':'auto'\}"
ABANDONED,,,,4092,3206,0.539596233824268,"\{'nu':0.5,'kernel':'rbf','gamma':'auto'\}"
ABANDONED,,,,3953,30,0.3077813272215426,"\{'nu':0.5,'kernel':'rbf','gamma':'auto'\}"
ABANDONED,,,,1054,3821,0.6056855481006204,"\{'nu':0.5,'kernel':'rbf','gamma':'auto'\}"
ABANDONED,,,,2480,1583,0.0316103072427213,"\{'nu':0.5,'kernel':'rbf','gamma':'auto'\}"
ABANDONED,,,,2528,2889,0.8214924509190022,"\{'nu':0.5,'kernel':'rbf','gamma':'auto'\}"
ABANDONED,,,,3516,2237,0.6663448738176375,"\{'nu':0.5,'kernel':'rbf','gamma':'auto'\}"
ABANDONED,,,,1477,3450,0.4962077542264014,"\{'nu':0.5,'kernel':'rbf','gamma':'auto'\}"
ABANDONED,,,,12,665,0.8888838549051434,"\{'nu':0.5,'kernel':'rbf','gamma':'auto'\}"
ABANDONED,,,,4981,4393,0.2131813872847705,"\{'nu':0.5,'kernel':'rbf','gamma':'auto'\}"
ABANDONED,,,,4982,1352,0.4129334433972835,"\{'nu':0.5,'kernel':'rbf','gamma':'auto'\}"
ABANDONED,,,,10,2653,0.7340133089125155,"\{'nu':0.5,'kernel':'rbf','gamma':'auto'\}"
COMPLETED,0.7299999999999999,29.0,0.99,1475,417,0.1286896326616406,"\{'nu':0.5,'kernel':'rbf','gamma':'auto'\}"
COMPLETED,0.65,47.0,0.16,3517,4213,0.9577711317017674,"\{'nu':0.5,'kernel':'rbf','gamma':'auto'\}"
COMPLETED,0.64,19.0,0.7299999999999999,2529,1059,0.5533673556577414,"\{'nu':0.5,'kernel':'rbf','gamma':'auto'\}"
COMPLETED,0.68,13.0,0.46,2479,4782,0.3445179474484175,"\{'nu':0.5,'kernel':'rbf','gamma':'auto'\}"
COMPLETED,0.67,36.0,0.1199999999999999,1053,1999,0.7684424240346996,"\{'nu':0.5,'kernel':'rbf','gamma':'auto'\}"
COMPLETED,0.67,14.0,0.91,3955,3218,0.0690772450324147,"\{'nu':0.5,'kernel':'rbf','gamma':'auto'\}"
COMPLETED,0.7299999999999999,402.0,1.0,4091,36,0.8350199055373668,"\{'nu':0.5,'kernel':'rbf','gamma':'auto'\}"
COMPLETED,0.66,12.0,0.2099999999999999,918,3813,0.0020093934834003,"\{'nu':0.5,'kernel':'rbf','gamma':'auto'\}"
COMPLETED,0.7199999999999999,25.0,0.45,1993,1596,0.6111705867126584,"\{'nu':0.5,'kernel':'rbf','gamma':'auto'\}"
COMPLETED,0.68,14.0,0.93,3017,2877,0.286222859211266,"\{'nu':0.5,'kernel':'rbf','gamma':'auto'\}"
COMPLETED,0.69,14.0,0.96,3419,2243,0.1957573949825018,"\{'nu':0.5,'kernel':'rbf','gamma':'auto'\}"
COMPLETED,0.65,43.0,0.07,1575,3442,0.8911937989126891,"\{'nu':0.5,'kernel':'rbf','gamma':'auto'\}"
COMPLETED,0.7099999999999999,20.0,0.76,540,678,0.4712286208625882,"\{'nu':0.5,'kernel':'rbf','gamma':'auto'\}"
COMPLETED,0.65,33.0,0.51,4455,4381,0.6762099291440099,"\{'nu':0.5,'kernel':'rbf','gamma':'auto'\}"
COMPLETED,0.7199999999999999,22.0,0.98,4565,835,0.0610565644465386,"\{'nu':0.5,'kernel':'rbf','gamma':'auto'\}"
COMPLETED,0.6999999999999998,52.0,0.02,433,4539,0.8539405216537415,"\{'nu':0.5,'kernel':'rbf','gamma':'auto'\}"
COMPLETED,0.7299999999999999,15.0,0.7099999999999999,1819,2398,0.2740787681378424,"\{'nu':0.5,'kernel':'rbf','gamma':'auto'\}"
COMPLETED,0.68,22.0,0.5899999999999999,3178,3597,0.5765343981422483,"\{'nu':0.5,'kernel':'rbf','gamma':'auto'\}"
COMPLETED,0.68,32.0,0.14,2966,1753,0.9190391190145164,"\{'nu':0.5,'kernel':'rbf','gamma':'auto'\}"
COMPLETED,0.65,63.0,0.6099999999999999,2037,3035,0.2458817357514053,"\{'nu':0.5,'kernel':'rbf','gamma':'auto'\}"
COMPLETED,0.7299999999999999,33.0,1.0,689,191,0.6328926889318973,"\{'nu':0.5,'kernel':'rbf','gamma':'auto'\}"
COMPLETED,0.7099999999999999,16.0,0.8299999999999998,4313,3968,0.4677637076396495,"\{'nu':0.5,'kernel':'rbf','gamma':'auto'\}"
COMPLETED,0.7199999999999999,29.0,0.52,3903,2154,0.699346529956907,"\{'nu':0.5,'kernel':'rbf','gamma':'auto'\}"
COMPLETED,0.7099999999999999,13.0,0.28,1101,3373,0.4008199129663407,"\{'nu':0.5,'kernel':'rbf','gamma':'auto'\}"
COMPLETED,0.7099999999999999,26.0,0.1,2254,1216,0.9767223382033408,"\{'nu':0.5,'kernel':'rbf','gamma':'auto'\}"
ABANDONED,,,,2751,4939,0.1877062429822981,"\{'nu':0.5,'kernel':'rbf','gamma':'auto'\}"
COMPLETED,0.7299999999999999,27.0,0.99,3627,572,0.3410226520393043,"\{'nu':0.5,'kernel':'rbf','gamma':'auto'\}"
COMPLETED,0.69,15.0,0.25,1372,4369,0.5100804084036498,"\{'nu':0.5,'kernel':'rbf','gamma':'auto'\}"
COMPLETED,0.66,11.0,0.16,259,1509,0.1192319679874926,"\{'nu':0.5,'kernel':'rbf','gamma':'auto'\}"
COMPLETED,0.57,41.0,0.44,4740,2810,0.7962574511785059,"\{'nu':0.5,'kernel':'rbf','gamma':'auto'\}"
COMPLETED,0.6999999999999998,22.0,0.65,4786,359,0.6021202485579997,"\{'nu':0.5,'kernel':'rbf','gamma':'auto'\}"
COMPLETED,0.68,12.0,0.04,208,4077,0.3113580870050937,"\{'nu':0.5,'kernel':'rbf','gamma':'auto'\}"
COMPLETED,0.7099999999999999,27.0,0.1199999999999999,1282,1292,0.8249473473522811,"\{'nu':0.5,'kernel':'rbf','gamma':'auto'\}"
COMPLETED,0.6999999999999998,14.0,0.96,3712,2516,0.0281667966935783,"\{'nu':0.5,'kernel':'rbf','gamma':'auto'\}"
COMPLETED,0.67,16.0,0.8499999999999999,2724,1902,0.4928594482578337,"\{'nu':0.5,'kernel':'rbf','gamma':'auto'\}"
COMPLETED,0.67,27.0,0.3699999999999999,2285,3198,0.6696817790307104,"\{'nu':0.5,'kernel':'rbf','gamma':'auto'\}"
COMPLETED,0.7299999999999999,17.0,0.98,1250,960,0.2163964440189301,"\{'nu':0.5,'kernel':'rbf','gamma':'auto'\}"
COMPLETED,0.7299999999999999,79.0,0.17,3759,4762,0.8856573528014123,"\{'nu':0.5,'kernel':'rbf','gamma':'auto'\}"
COMPLETED,0.7099999999999999,16.0,0.98,4287,1692,0.1509181641358882,"\{'nu':0.5,'kernel':'rbf','gamma':'auto'\}"
COMPLETED,0.7099999999999999,51.0,0.0299999999999999,721,2896,0.9516274898666888,"\{'nu':0.5,'kernel':'rbf','gamma':'auto'\}"
ABANDONED,,,,2186,135,0.4342006679270416,"\{'nu':0.5,'kernel':'rbf','gamma':'auto'\}"
COMPLETED,0.6199999999999999,33.0,0.33,2822,3833,0.7288309294078498,"\{'nu':0.5,'kernel':'rbf','gamma':'auto'\}"
COMPLETED,0.6199999999999999,21.0,0.4299999999999999,3225,736,0.7589771210588515,"\{'nu':0.5,'kernel':'rbf','gamma':'auto'\}"
COMPLETED,0.7199999999999999,13.0,0.33,1768,4518,0.093645225290209,"\{'nu':0.5,'kernel':'rbf','gamma':'auto'\}"
COMPLETED,0.67,20.0,0.1,343,2303,0.5429711874090135,"\{'nu':0.5,'kernel':'rbf','gamma':'auto'\}"
COMPLETED,0.7099999999999999,14.0,0.93,4650,3579,0.370016718622297,"\{'nu':0.5,'kernel':'rbf','gamma':'auto'\}"
COMPLETED,0.6999999999999998,38.0,0.2099999999999999,4447,2458,0.9872536201830951,"\{'nu':0.5,'kernel':'rbf','gamma':'auto'\}"
COMPLETED,0.69,12.0,0.13,552,3734,0.1620722837205976,"\{'nu':0.5,'kernel':'rbf','gamma':'auto'\}"
COMPLETED,0.69,24.0,0.23,1704,893,0.7089203715454787,"\{'nu':0.5,'kernel':'rbf','gamma':'auto'\}"
COMPLETED,0.6999999999999998,14.0,0.6099999999999999,3295,4675,0.3761434684526175,"\{'nu':0.5,'kernel':'rbf','gamma':'auto'\}"
COMPLETED,0.7399999999999999,29.0,1.0,3082,290,0.0980694155171513,"\{'nu':0.5,'kernel':'rbf','gamma':'auto'\}"
COMPLETED,0.65,44.0,0.13,1921,3988,0.8013351140096783,"\{'nu':0.5,'kernel':'rbf','gamma':'auto'\}"
COMPLETED,0.69,13.0,0.4099999999999999,808,1850,0.31893310084939,"\{'nu':0.5,'kernel':'rbf','gamma':'auto'\}"
COMPLETED,0.68,19.0,0.91,4196,3054,0.516085114568472,"\{'nu':0.5,'kernel':'rbf','gamma':'auto'\}"
COMPLETED,0.7199999999999999,19.0,0.98,4021,1118,0.2533311804886907,"\{'nu':0.5,'kernel':'rbf','gamma':'auto'\}"
COMPLETED,0.67,22.0,0.14,982,4919,0.582179308509454,"\{'nu':0.5,'kernel':'rbf','gamma':'auto'\}"
COMPLETED,0.68,11.0,0.96,2369,2057,0.0392906233202666,"\{'nu':0.5,'kernel':'rbf','gamma':'auto'\}"
COMPLETED,0.69,40.0,0.1799999999999999,2634,3353,0.860603859854862,"\{'nu':0.5,'kernel':'rbf','gamma':'auto'\}"
COMPLETED,0.7099999999999999,26.0,0.5,3510,1450,0.6428262668326497,"\{'nu':0.5,'kernel':'rbf','gamma':'auto'\}"
COMPLETED,0.6999999999999998,14.0,0.52,1488,2673,0.441745240099728,"\{'nu':0.5,'kernel':'rbf','gamma':'auto'\}"
COMPLETED,0.56,19.0,0.01,140,514,0.9279847851097583,"\{'nu':0.5,'kernel':'rbf','gamma':'auto'\}"
COMPLETED,0.69,14.0,0.89,4858,4232,0.220851224631071,"\{'nu':0.5,'kernel':'rbf','gamma':'auto'\}"
COMPLETED,0.7199999999999999,24.0,0.34,4903,1015,0.8986659828871488,"\{'nu':0.5,'kernel':'rbf','gamma':'auto'\}"
COMPLETED,0.7199999999999999,13.0,0.02,107,4709,0.2034560994952916,"\{'nu':0.5,'kernel':'rbf','gamma':'auto'\}"
COMPLETED,0.7099999999999999,30.0,0.28,1532,1945,0.6838479956910014,"\{'nu':0.5,'kernel':'rbf','gamma':'auto'\}"
COMPLETED,0.7199999999999999,14.0,0.88,3477,3153,0.4786401668712496,"\{'nu':0.5,'kernel':'rbf','gamma':'auto'\}"
COMPLETED,0.7099999999999999,14.0,1.0,2591,1269,0.0101632898431271,"\{'nu':0.5,'kernel':'rbf','gamma':'auto'\}"
COMPLETED,0.66,35.0,0.22,2404,2541,0.8428825612049549,"\{'nu':0.5,'kernel':'rbf','gamma':'auto'\}"
COMPLETED,0.7299999999999999,29.0,0.99,939,324,0.294146212330088,"\{'nu':0.5,'kernel':'rbf','gamma':'auto'\}"
COMPLETED,0.69,28.0,0.56,4056,4111,0.619385180523619,"\{'nu':0.5,'kernel':'rbf','gamma':'auto'\}"
COMPLETED,0.7099999999999999,16.0,0.95,4151,2325,0.3519522986859083,"\{'nu':0.5,'kernel':'rbf','gamma':'auto'\}"
COMPLETED,0.68,18.0,0.17,842,3554,0.5610891405194997,"\{'nu':0.5,'kernel':'rbf','gamma':'auto'\}"
COMPLETED,0.7199999999999999,25.0,1.0,1877,771,0.0767379160448908,"\{'nu':0.5,'kernel':'rbf','gamma':'auto'\}"
COMPLETED,0.67,40.0,0.2899999999999999,3116,4484,0.7758156614229083,"\{'nu':0.5,'kernel':'rbf','gamma':'auto'\}"
COMPLETED,0.7299999999999999,130.0,1.0,3338,79,0.7421441249232739,"\{'nu':0.5,'kernel':'rbf','gamma':'auto'\}"
COMPLETED,0.6999999999999998,15.0,0.39,1669,3886,0.4208339318018406,"\{'nu':0.5,'kernel':'rbf','gamma':'auto'\}"
COMPLETED,0.7099999999999999,30.0,0.0299999999999999,595,1650,0.9657327934410423,"\{'nu':0.5,'kernel':'rbf','gamma':'auto'\}"
COMPLETED,0.7099999999999999,14.0,0.92,4412,2941,0.1368816220071166,"\{'nu':0.5,'kernel':'rbf','gamma':'auto'\}"
COMPLETED,0.6999999999999998,21.0,1.0,4617,1805,0.5021627881936728,"\{'nu':0.5,'kernel':'rbf','gamma':'auto'\}"
COMPLETED,0.67,13.0,0.11,387,3096,0.332908967833966,"\{'nu':0.5,'kernel':'rbf','gamma':'auto'\}"
COMPLETED,0.7299999999999999,39.0,1.0,1735,237,0.7880825936384499,"\{'nu':0.5,'kernel':'rbf','gamma':'auto'\}"
COMPLETED,0.68,13.0,0.68,3269,4043,0.1112531744427979,"\{'nu':0.5,'kernel':'rbf','gamma':'auto'\}"
COMPLETED,0.7199999999999999,16.0,0.98,2857,926,0.3931114528421312,"\{'nu':0.5,'kernel':'rbf','gamma':'auto'\}"
COMPLETED,0.65,31.0,0.25,2143,4639,0.6918988539818673,"\{'nu':0.5,'kernel':'rbf','gamma':'auto'\}"
COMPLETED,0.67,13.0,0.28,756,2483,0.1803196808565407,"\{'nu':0.5,'kernel':'rbf','gamma':'auto'\}"
COMPLETED,0.6099999999999999,48.0,0.2,4243,3711,0.9690749919284136,"\{'nu':0.5,'kernel':'rbf','gamma':'auto'\}"
COMPLETED,0.7299999999999999,36.0,1.0,3792,481,0.2380019482783973,"\{'nu':0.5,'kernel':'rbf','gamma':'auto'\}"
COMPLETED,0.69,57.0,0.0599999999999999,1206,4268,0.9109023544602096,"\{'nu':0.5,'kernel':'rbf','gamma':'auto'\}"
COMPLETED,0.69,13.0,0.94,2319,1424,0.4595662456341088,"\{'nu':0.5,'kernel':'rbf','gamma':'auto'\}"
COMPLETED,0.65,28.0,0.4899999999999999,2679,2696,0.6249522040076553,"\{'nu':0.5,'kernel':'rbf','gamma':'auto'\}"
COMPLETED,0.68,33.0,0.25,3677,2102,0.8462551418785005,"\{'nu':0.5,'kernel':'rbf','gamma':'auto'\}"
COMPLETED,0.64,13.0,0.3699999999999999,1325,3311,0.05357105573453,"\{'nu':0.5,'kernel':'rbf','gamma':'auto'\}"
COMPLETED,0.69,19.0,0.08,173,1170,0.5691095273960382,"\{'nu':0.5,'kernel':'rbf','gamma':'auto'\}"
COMPLETED,0.67,14.0,0.78,4830,4864,0.2664540263283997,"\{'nu':0.5,'kernel':'rbf','gamma':'auto'\}"
COMPLETED,0.6999999999999998,19.0,1.0,4705,1964,0.0861594414580613,"\{'nu':0.5,'kernel':'rbf','gamma':'auto'\}"
COMPLETED,0.63,47.0,0.0299999999999999,302,3250,0.7512914661634713,"\{'nu':0.5,'kernel':'rbf','gamma':'auto'\}"
COMPLETED,0.7199999999999999,19.0,0.96,1338,1035,0.3623922519329935,"\{'nu':0.5,'kernel':'rbf','gamma':'auto'\}"
COMPLETED,0.68,16.0,0.5899999999999999,3670,4807,0.5355465917829423,"\{'nu':0.5,'kernel':'rbf','gamma':'auto'\}"
COMPLETED,0.64,19.0,0.19,2784,460,0.9434909409470856,"\{'nu':0.5,'kernel':'rbf','gamma':'auto'\}"
COMPLETED,0.68,11.0,0.46,2209,4168,0.1430385922975838,"\{'nu':0.5,'kernel':'rbf','gamma':'auto'\}"
COMPLETED,0.67,27.0,0.16,1135,1406,0.7208902288489044,"\{'nu':0.5,'kernel':'rbf','gamma':'auto'\}"
COMPLETED,0.68,15.0,0.93,3858,2601,0.4260029902867972,"\{'nu':0.5,'kernel':'rbf','gamma':'auto'\}"
COMPLETED,0.68,22.0,0.8,4348,635,0.6622343038190156,"\{'nu':0.5,'kernel':'rbf','gamma':'auto'\}"
COMPLETED,0.69,14.0,0.1199999999999999,646,4426,0.4851511888969689,"\{'nu':0.5,'kernel':'rbf','gamma':'auto'\}"
COMPLETED,0.7099999999999999,34.0,0.14,2072,2188,0.8780098057631402,"\{'nu':0.5,'kernel':'rbf','gamma':'auto'\}"
COMPLETED,0.7199999999999999,12.0,0.7399999999999999,2923,3494,0.209009681129828,"\{'nu':0.5,'kernel':'rbf','gamma':'auto'\}"
COMPLETED,0.68,15.0,0.98,3145,1631,0.303244142550975,"\{'nu':0.5,'kernel':'rbf','gamma':'auto'\}"
COMPLETED,0.69,27.0,0.34,1864,2845,0.5942023680992424,"\{'nu':0.5,'kernel':'rbf','gamma':'auto'\}"
COMPLETED,0.7399999999999999,48.0,1.0,399,60,0.0201882633976638,"\{'nu':0.5,'kernel':'rbf','gamma':'auto'\}"
COMPLETED,0.5999999999999999,44.0,0.32,4609,3787,0.8167727500610052,"\{'nu':0.5,'kernel':'rbf','gamma':'auto'\}"
COMPLETED,0.7399999999999999,71.0,1.0,4498,217,0.4496459887530654,"\{'nu':0.5,'kernel':'rbf','gamma':'auto'\}"
COMPLETED,0.64,28.0,0.07,505,3945,0.6509573430921882,"\{'nu':0.5,'kernel':'rbf','gamma':'auto'\}"
COMPLETED,0.7199999999999999,17.0,0.8599999999999999,1619,1786,0.2290429537277668,"\{'nu':0.5,'kernel':'rbf','gamma':'auto'\}"
COMPLETED,0.6999999999999998,41.0,0.16,3385,3000,0.9359461866002527,"\{'nu':0.5,'kernel':'rbf','gamma':'auto'\}"
COMPLETED,0.63,27.0,0.54,2972,2346,0.5899008926078677,"\{'nu':0.5,'kernel':'rbf','gamma':'auto'\}"
COMPLETED,0.67,12.0,0.4699999999999999,2026,3652,0.2607653309628367,"\{'nu':0.5,'kernel':'rbf','gamma':'auto'\}"
COMPLETED,0.63,22.0,0.08,874,790,0.8679772980064153,"\{'nu':0.5,'kernel':'rbf','gamma':'auto'\}"
COMPLETED,0.67,13.0,0.76,4125,4582,0.0469514950960874,"\{'nu':0.5,'kernel':'rbf','gamma':'auto'\}"
COMPLETED,0.69,32.0,0.3599999999999999,3911,1561,0.8091975540425628,"\{'nu':0.5,'kernel':'rbf','gamma':'auto'\}"
COMPLETED,0.7099999999999999,13.0,0.3499999999999999,1088,2756,0.1062230962421745,"\{'nu':0.5,'kernel':'rbf','gamma':'auto'\}"
COMPLETED,0.68,17.0,0.79,2435,617,0.524299924014136,"\{'nu':0.5,'kernel':'rbf','gamma':'auto'\}"
COMPLETED,0.68,13.0,0.53,2563,4326,0.3268566696029156,"\{'nu':0.5,'kernel':'rbf','gamma':'auto'\}"
COMPLETED,0.7199999999999999,17.0,0.99,3562,1190,0.1697712633535266,"\{'nu':0.5,'kernel':'rbf','gamma':'auto'\}"
COMPLETED,0.7099999999999999,59.0,0.0299999999999999,1442,4962,0.994726079277694,"\{'nu':0.5,'kernel':'rbf','gamma':'auto'\}"
COMPLETED,0.6999999999999998,12.0,0.02,55,2121,0.3835547393411398,"\{'nu':0.5,'kernel':'rbf','gamma':'auto'\}"
COMPLETED,0.64,32.0,0.6099999999999999,4949,3408,0.7165581629723309,"\{'nu':0.5,'kernel':'rbf','gamma':'auto'\}"
COMPLETED,0.7399999999999999,93.0,1.0,4930,140,0.1736501691825687,"\{'nu':0.5,'kernel':'rbf','gamma':'auto'\}"
COMPLETED,0.69,46.0,0.0,78,3863,0.97519704984501,"\{'nu':0.5,'kernel':'rbf','gamma':'auto'\}"
COMPLETED,0.7199999999999999,15.0,0.79,1425,1707,0.3952733942978083,"\{'nu':0.5,'kernel':'rbf','gamma':'auto'\}"
COMPLETED,0.66,28.0,0.52,3583,2925,0.689309753190726,"\{'nu':0.5,'kernel':'rbf','gamma':'auto'\}"
COMPLETED,0.65,35.0,0.23,2540,2269,0.7819603870082646,"\{'nu':0.5,'kernel':'rbf','gamma':'auto'\}"
COMPLETED,0.64,11.0,0.6199999999999999,2453,3570,0.1179228943157941,"\{'nu':0.5,'kernel':'rbf','gamma':'auto'\}"
COMPLETED,0.7199999999999999,20.0,0.8,1067,711,0.504752037698403,"\{'nu':0.5,'kernel':'rbf','gamma':'auto'\}"
COMPLETED,0.7199999999999999,14.0,0.7299999999999999,3927,4507,0.3307468181792646,"\{'nu':0.5,'kernel':'rbf','gamma':'auto'\}"
COMPLETED,0.6999999999999998,23.0,0.69,4104,1326,0.5625610090978443,"\{'nu':0.5,'kernel':'rbf','gamma':'auto'\}"
COMPLETED,0.69,13.0,0.33,890,2525,0.2724536632187664,"\{'nu':0.5,'kernel':'rbf','gamma':'auto'\}"
COMPLETED,0.6199999999999999,18.0,0.25,2003,384,0.8485397423021495,"\{'nu':0.5,'kernel':'rbf','gamma':'auto'\}"
COMPLETED,0.68,11.0,0.6199999999999999,2991,4088,0.0508607236258685,"\{'nu':0.5,'kernel':'rbf','gamma':'auto'\}"
COMPLETED,0.7199999999999999,18.0,1.0,3369,955,0.4535666979718953,"\{'nu':0.5,'kernel':'rbf','gamma':'auto'\}"
COMPLETED,0.68,23.0,0.23,1639,4732,0.6315006925631313,"\{'nu':0.5,'kernel':'rbf','gamma':'auto'\}"
COMPLETED,0.68,12.0,0.2399999999999999,487,1888,0.2407121911589056,"\{'nu':0.5,'kernel':'rbf','gamma':'auto'\}"
COMPLETED,0.6999999999999998,64.0,0.2099999999999999,4522,3170,0.9086177837792784,"\{'nu':0.5,'kernel':'rbf','gamma':'auto'\}"
COMPLETED,0.7099999999999999,16.0,0.99,4586,2046,0.2914970386847853,"\{'nu':0.5,'kernel':'rbf','gamma':'auto'\}"
COMPLETED,0.6999999999999998,29.0,0.08,417,3327,0.6214872870668768,"\{'nu':0.5,'kernel':'rbf','gamma':'auto'\}"
COMPLETED,0.7299999999999999,23.0,0.99,1843,1110,0.0163454206138849,"\{'nu':0.5,'kernel':'rbf','gamma':'auto'\}"
COMPLETED,0.7299999999999999,64.0,0.1499999999999999,3160,4887,0.8362728844434023,"\{'nu':0.5,'kernel':'rbf','gamma':'auto'\}"
COMPLETED,0.69,19.0,0.52,2904,542,0.6817459188904613,"\{'nu':0.5,'kernel':'rbf','gamma':'auto'\}"
COMPLETED,0.69,14.0,0.44,2095,4245,0.4812892512883991,"\{'nu':0.5,'kernel':'rbf','gamma':'auto'\}"
COMPLETED,0.69,29.0,0.04,630,1481,0.9052756299059836,"\{'nu':0.5,'kernel':'rbf','gamma':'auto'\}"
COMPLETED,0.67,16.0,0.97,4369,2680,0.1972740579526871,"\{'nu':0.5,'kernel':'rbf','gamma':'auto'\}"
FAILED,,,,3843,866,0.9629607228860259,"\{'nu':0.5,'kernel':'rbf','gamma':'auto'\}"
FAILED,,,,1156,4662,0.1391042460426688,"\{'nu':0.5,'kernel':'rbf','gamma':'auto'\}"
FAILED,,,,2191,2427,0.7482055002599954,"\{'nu':0.5,'kernel':'rbf','gamma':'auto'\}"
FAILED,,,,2808,3728,0.4143473898917436,"\{'nu':0.5,'kernel':'rbf','gamma':'auto'\}"
FAILED,,,,3650,1861,0.0745150838103145,"\{'nu':0.5,'kernel':'rbf','gamma':'auto'\}"
FAILED,,,,1354,3080,0.7785878806915134,"\{'nu':0.5,'kernel':'rbf','gamma':'auto'\}"
FAILED,,,,279,297,0.3584390487950295,"\{'nu':0.5,'kernel':'rbf','gamma':'auto'\}"
FAILED,,,,4724,4020,0.5550276164691895,"\{'nu':0.5,'kernel':'rbf','gamma':'auto'\}"
FAILED,,,,4815,1569,0.8735512441080063,"\{'nu':0.5,'kernel':'rbf','gamma':'auto'\}"
FAILED,,,,194,2866,0.0419265047591179,"\{'nu':0.5,'kernel':'rbf','gamma':'auto'\}"
FAILED,,,,1308,4,0.5885908643808215,"\{'nu':0.5,'kernel':'rbf','gamma':'auto'\}"
FAILED,,,,3701,3805,0.262501016518101,"\{'nu':0.5,'kernel':'rbf','gamma':'auto'\}"
FAILED,,,,2659,691,0.2340679143220186,"\{'nu':0.5,'kernel':'rbf','gamma':'auto'\}"
FAILED,,,,2336,4409,0.9303723297268152,"\{'nu':0.5,'kernel':'rbf','gamma':'auto'\}"
FAILED,,,,1183,2250,0.4479103329405188,"\{'nu':0.5,'kernel':'rbf','gamma':'auto'\}"
FAILED,,,,3812,3473,0.652267282091081,"\{'nu':0.5,'kernel':'rbf','gamma':'auto'\}"
FAILED,,,,4219,404,0.3892496788185089,"\{'nu':0.5,'kernel':'rbf','gamma':'auto'\}"
FAILED,,,,773,4186,0.7114107516091316,"\{'nu':0.5,'kernel':'rbf','gamma':'auto'\}"
FAILED,,,,2121,1345,0.1685838940944522,"\{'nu':0.5,'kernel':'rbf','gamma':'auto'\}"
FAILED,,,,2872,2621,0.9963405335154384,"\{'nu':0.5,'kernel':'rbf','gamma':'auto'\}"
FAILED,,,,3250,2025,0.5294475435763597,"\{'nu':0.5,'kernel':'rbf','gamma':'auto'\}"
FAILED,,,,1757,3229,0.3211615814119577,"\{'nu':0.5,'kernel':'rbf','gamma':'auto'\}"
FAILED,,,,370,1091,0.8075828916057944,"\{'nu':0.5,'kernel':'rbf','gamma':'auto'\}"
FAILED,,,,4637,4789,0.1074106142148375,"\{'nu':0.5,'kernel':'rbf','gamma':'auto'\}"
FAILED,,,,4392,1246,0.7226876677218824,"\{'nu':0.5,'kernel':'rbf','gamma':'auto'\}"
FAILED,,,,612,4945,0.4247549533192068,"\{'nu':0.5,'kernel':'rbf','gamma':'auto'\}"
FAILED,,,,1647,2183,0.9384041972924024,"\{'nu':0.5,'kernel':'rbf','gamma':'auto'\}"
FAILED,,,,3357,3387,0.1485505471397191,"\{'nu':0.5,'kernel':'rbf','gamma':'auto'\}"
FAILED,,,,3101,1500,0.3636404376141726,"\{'nu':0.5,'kernel':'rbf','gamma':'auto'\}"
FAILED,,,,1898,2776,0.5337489447109401,"\{'nu':0.5,'kernel':'rbf','gamma':'auto'\}"
FAILED,,,,824,561,0.0806473379023373,"\{'nu':0.5,'kernel':'rbf','gamma':'auto'\}"
FAILED,,,,4175,4344,0.7563784180171788,"\{'nu':0.5,'kernel':'rbf','gamma':'auto'\}"
FAILED,,,,4036,2407,0.0218628053609281,"\{'nu':0.5,'kernel':'rbf','gamma':'auto'\}"
FAILED,,,,961,3631,0.8156452305857091,"\{'nu':0.5,'kernel':'rbf','gamma':'auto'\}"
FAILED,,,,2387,846,0.2980366434622556,"\{'nu':0.5,'kernel':'rbf','gamma':'auto'\}"
FAILED,,,,2611,4564,0.5998374577928334,"\{'nu':0.5,'kernel':'rbf','gamma':'auto'\}"
FAILED,,,,3453,161,0.8791372360102832,"\{'nu':0.5,'kernel':'rbf','gamma':'auto'\}"
FAILED,,,,1550,3963,0.2073351689092814,"\{'nu':0.5,'kernel':'rbf','gamma':'auto'\}"
FAILED,,,,85,1725,0.6565993033535777,"\{'nu':0.5,'kernel':'rbf','gamma':'auto'\}"
FAILED,,,,4918,3021,0.4903586582429707,"\{'nu':0.5,'kernel':'rbf','gamma':'auto'\}"
FAILED,,,,4874,2227,0.6388931734897196,"\{'nu':0.5,'kernel':'rbf','gamma':'auto'\}"
FAILED,,,,120,3499,0.4612161559797823,"\{'nu':0.5,'kernel':'rbf','gamma':'auto'\}"
FAILED,,,,1506,655,0.9163279392383992,"\{'nu':0.5,'kernel':'rbf','gamma':'auto'\}"
FAILED,,,,3488,4442,0.2481653695367276,"\{'nu':0.5,'kernel':'rbf','gamma':'auto'\}"
FAILED,,,,2655,59,0.2806263495404273,"\{'nu':0.5,'kernel':'rbf','gamma':'auto'\}"
FAILED,,,,2354,3752,0.5705338243562728,"\{'nu':0.5,'kernel':'rbf','gamma':'auto'\}"
FAILED,,,,1006,1612,0.0587729009184986,"\{'nu':0.5,'kernel':'rbf','gamma':'auto'\}"
FAILED,,,,4003,2821,0.856651790658012,"\{'nu':0.5,'kernel':'rbf','gamma':'auto'\}"
FAILED,,,,4218,1036,0.1253532079793512,"\{'nu':0.5,'kernel':'rbf','gamma':'auto'\}"
FAILED,,,,790,4842,0.7895867646671831,"\{'nu':0.5,'kernel':'rbf','gamma':'auto'\}"
COMPLETED,0.71,24.0,0.7443895456224603,4143,1497,0.5725199833606366,"\{'nu':0.5,'kernel':'rbf','gamma':'auto'\}"
COMPLETED,0.73,106.0,0.9980605836719616,3646,101,0.542711309606051,"\{'nu':0.5,'kernel':'rbf','gamma':'auto'\}"
COMPLETED,0.73,177.0,0.9994689693387514,4547,73,0.7077307970043816,"\{'nu':0.5,'kernel':'rbf','gamma':'auto'\}"
COMPLETED,0.76,2904.0,1.0,2448,1,0.1078580049371805,"\{'nu':0.5,'kernel':'rbf','gamma':'auto'\}"
COMPLETED,0.7,17.0,0.9892870336165496,5000,1648,0.2520516610583848,"\{'nu':0.5,'kernel':'rbf','gamma':'auto'\}"
COMPLETED,0.71,18.0,0.0002077946065755,1,3548,0.5625764030995352,"\{'nu':0.5,'kernel':'rbf','gamma':'auto'\}"
COMPLETED,0.62,35.0,0.4617657923900997,5000,2033,0.8121978939038912,"\{'nu':0.5,'kernel':'rbf','gamma':'auto'\}"
COMPLETED,0.72,33.0,0.5727512005910602,5000,3463,0.6847185991001509,"\{'nu':0.5,'kernel':'rbf','gamma':'auto'\}"
COMPLETED,0.66,29.0,0.6536294791281861,5000,2256,0.6014976451133615,"\{'nu':0.5,'kernel':'rbf','gamma':'auto'\}"
COMPLETED,0.74,143.0,0.9991688215736978,1300,62,0.3842541178405084,"\{'nu':0.5,'kernel':'rbf','gamma':'auto'\}"
COMPLETED,0.74,438.0,0.9991919098633172,4682,22,0.8428958397467589,"\{'nu':0.5,'kernel':'rbf','gamma':'auto'\}"
COMPLETED,0.75,2589.0,1.0,494,1,0.6587701808847224,"\{'nu':0.5,'kernel':'rbf','gamma':'auto'\}"
COMPLETED,0.75,2591.0,1.0,444,1,0.1476174842138594,"\{'nu':0.5,'kernel':'rbf','gamma':'auto'\}"
COMPLETED,0.76,2946.0,1.0,552,1,0.4321414021484551,"\{'nu':0.5,'kernel':'rbf','gamma':'auto'\}"
COMPLETED,0.76,4436.0,1.0,734,1,0.3033052888028774,"\{'nu':0.5,'kernel':'rbf','gamma':'auto'\}"
COMPLETED,0.76,5842.0,1.0,1112,1,0.7913748755871032,"\{'nu':0.5,'kernel':'rbf','gamma':'auto'\}"
COMPLETED,0.76,6885.0,1.0,1123,1,0.1451658492466845,"\{'nu':0.5,'kernel':'rbf','gamma':'auto'\}"
COMPLETED,0.67,14.0,0.0005079423716291,1,1654,0.4968286127183519,"\{'nu':0.5,'kernel':'rbf','gamma':'auto'\}"
COMPLETED,0.68,13.0,0.0910140376800886,438,4241,0.4400680896708651,"\{'nu':0.5,'kernel':'rbf','gamma':'auto'\}"
COMPLETED,0.72,23.0,0.9966983745844108,1898,881,0.2968669955426971,"\{'nu':0.5,'kernel':'rbf','gamma':'auto'\}"
COMPLETED,0.67,13.0,0.8404599187292205,5000,4486,0.1559257291450874,"\{'nu':0.5,'kernel':'rbf','gamma':'auto'\}"
COMPLETED,0.73,97.0,0.9997460288141854,2826,53,0.4974148787036109,"\{'nu':0.5,'kernel':'rbf','gamma':'auto'\}"
COMPLETED,0.72,138.0,0.9992611747321758,519,22,0.4744073234386664,"\{'nu':0.5,'kernel':'rbf','gamma':'auto'\}"
COMPLETED,0.74,51.0,0.9990764684152198,2500,72,0.280817500032732,"\{'nu':0.5,'kernel':'rbf','gamma':'auto'\}"
COMPLETED,0.73,107.0,0.998314554857776,1088,87,0.3668848228887185,"\{'nu':0.5,'kernel':'rbf','gamma':'auto'\}"
COMPLETED,0.71,12.0,0.0416050978943479,1,24,0.746448653977717,"\{'nu':0.5,'kernel':'rbf','gamma':'auto'\}"
COMPLETED,0.73,36.0,0.9911802733653492,4145,530,0.1740223702566589,"\{'nu':0.5,'kernel':'rbf','gamma':'auto'\}"
COMPLETED,0.73,60.0,0.9994920576283708,2784,90,0.3408594858536397,"\{'nu':0.5,'kernel':'rbf','gamma':'auto'\}"
COMPLETED,0.73,198.0,0.9988686738086444,1725,57,0.5106824721198421,"\{'nu':0.5,'kernel':'rbf','gamma':'auto'\}"
COMPLETED,0.74,303.0,0.9993766161802734,1351,29,0.4353393492511053,"\{'nu':0.5,'kernel':'rbf','gamma':'auto'\}"
COMPLETED,0.74,542.0,1.0,1442,23,0.5309442401889949,"\{'nu':0.5,'kernel':'rbf','gamma':'auto'\}"
COMPLETED,0.73,568.0,1.0,3142,16,0.5269801430478807,"\{'nu':0.5,'kernel':'rbf','gamma':'auto'\}"
COMPLETED,0.73,665.0,0.9999769117103804,1392,11,0.2924105305946671,"\{'nu':0.5,'kernel':'rbf','gamma':'auto'\}"
COMPLETED,0.73,744.0,0.9995151459179904,4368,24,0.3139483997013659,"\{'nu':0.5,'kernel':'rbf','gamma':'auto'\}"
COMPLETED,0.74,23.0,0.793937015145918,5000,375,0.6040554089537037,"\{'nu':0.5,'kernel':'rbf','gamma':'auto'\}"
COMPLETED,0.78,18.0,1.0,2024,22,0.2489225291758058,"\{'nu':0.5,'kernel':'rbf','gamma':'auto'\}"
COMPLETED,0.73,99.0,0.999630587366088,2943,66,0.4757542806406428,"\{'nu':0.5,'kernel':'rbf','gamma':'auto'\}"
COMPLETED,0.74,92.0,0.9980605836719616,1470,101,0.5366143577345526,"\{'nu':0.5,'kernel':'rbf','gamma':'auto'\}"
COMPLETED,0.73,118.0,0.9994689693387514,1270,73,0.4036876919591329,"\{'nu':0.5,'kernel':'rbf','gamma':'auto'\}"
COMPLETED,0.73,179.0,0.9984299963058736,5000,76,0.4096074372676708,"\{'nu':0.5,'kernel':'rbf','gamma':'auto'\}"
COMPLETED,0.73,268.0,0.9999307351311416,1171,27,0.0793660654793099,"\{'nu':0.5,'kernel':'rbf','gamma':'auto'\}"
COMPLETED,0.74,706.0,1.0,5000,16,0.6765960848139442,"\{'nu':0.5,'kernel':'rbf','gamma':'auto'\}"
COMPLETED,0.74,45.0,0.9980605836719616,2623,101,0.7232040392323054,"\{'nu':0.5,'kernel':'rbf','gamma':'auto'\}"
COMPLETED,0.72,10.0,0.0093969338751385,1,106,0.7322440007476381,"\{'nu':0.5,'kernel':'rbf','gamma':'auto'\}"
COMPLETED,0.77,22.0,0.9995844107868488,2102,44,0.8964010329238389,"\{'nu':0.5,'kernel':'rbf','gamma':'auto'\}"
COMPLETED,0.72,19.0,0.5464998152936831,2630,3434,0.5340268729330806,"\{'nu':0.5,'kernel':'rbf','gamma':'auto'\}"
COMPLETED,0.74,101.0,0.9983838197266348,3112,81,0.890706379290519,"\{'nu':0.5,'kernel':'rbf','gamma':'auto'\}"
COMPLETED,0.73,154.0,0.9990072035463612,1075,62,0.8970754482525889,"\{'nu':0.5,'kernel':'rbf','gamma':'auto'\}"
COMPLETED,0.68,32.0,0.4945049870705578,3844,3021,0.6873096714183612,"\{'nu':0.5,'kernel':'rbf','gamma':'auto'\}"
COMPLETED,0.68,14.0,0.7821619874399705,4855,4837,0.2340789026244595,"\{'nu':0.5,'kernel':'rbf','gamma':'auto'\}"
COMPLETED,0.7,40.0,0.3191032508311784,4607,3175,0.8681319216119008,"\{'nu':0.5,'kernel':'rbf','gamma':'auto'\}"
COMPLETED,0.68,17.0,0.874769117103805,2543,1220,0.5234938944899067,"\{'nu':0.5,'kernel':'rbf','gamma':'auto'\}"
COMPLETED,0.71,15.0,0.9774658293313632,5000,2352,0.1034512551134745,"\{'nu':0.5,'kernel':'rbf','gamma':'auto'\}"
COMPLETED,0.72,22.0,0.9949205762837088,5000,1026,0.2717860868436649,"\{'nu':0.5,'kernel':'rbf','gamma':'auto'\}"
COMPLETED,0.73,21.0,0.979058921315109,5000,1285,0.173594914193903,"\{'nu':0.5,'kernel':'rbf','gamma':'auto'\}"
COMPLETED,0.73,114.0,0.9991226449944588,3058,58,0.7784625101011944,"\{'nu':0.5,'kernel':'rbf','gamma':'auto'\}"
COMPLETED,0.73,209.0,0.9998845585519024,2267,7,0.8297456138808449,"\{'nu':0.5,'kernel':'rbf','gamma':'auto'\}"
COMPLETED,0.74,565.0,0.999907646841522,5000,21,0.4256893337669151,"\{'nu':0.5,'kernel':'rbf','gamma':'auto'\}"
COMPLETED,0.74,872.0,1.0,2625,3,0.7365501149552538,"\{'nu':0.5,'kernel':'rbf','gamma':'auto'\}"
COMPLETED,0.72,161.0,1.0,2320,16,0.1929271357253003,"\{'nu':0.5,'kernel':'rbf','gamma':'auto'\}"
COMPLETED,0.73,199.0,0.9988686738086444,3646,69,0.2906649610393542,"\{'nu':0.5,'kernel':'rbf','gamma':'auto'\}"
COMPLETED,0.73,302.0,0.999445881049132,4075,40,0.8036895520744255,"\{'nu':0.5,'kernel':'rbf','gamma':'auto'\}"
COMPLETED,0.74,355.0,0.9993997044698928,1837,29,0.7272979701314214,"\{'nu':0.5,'kernel':'rbf','gamma':'auto'\}"
COMPLETED,0.69,15.0,0.9700314000738826,3382,1756,0.2757392784741446,"\{'nu':0.5,'kernel':'rbf','gamma':'auto'\}"
COMPLETED,0.71,16.0,0.9918036571850756,3257,1591,0.3862674356651889,"\{'nu':0.5,'kernel':'rbf','gamma':'auto'\}"
COMPLETED,0.76,15.0,0.1270317694865164,1,7,0.6222640424123849,"\{'nu':0.5,'kernel':'rbf','gamma':'auto'\}"
COMPLETED,0.74,74.0,0.9986839674916882,5000,205,0.3725655098163136,"\{'nu':0.5,'kernel':'rbf','gamma':'auto'\}"
COMPLETED,0.74,228.0,0.9992611747321758,1450,40,0.1663676009595656,"\{'nu':0.5,'kernel':'rbf','gamma':'auto'\}"
COMPLETED,0.67,13.0,0.423600849649058,2621,5000,0.3057923248140399,"\{'nu':0.5,'kernel':'rbf','gamma':'auto'\}"
COMPLETED,0.64,22.0,0.5408200960472849,1776,1360,0.5585846853627409,"\{'nu':0.5,'kernel':'rbf','gamma':'auto'\}"
COMPLETED,0.7,13.0,0.1751939416328038,1084,5000,0.2551619349679532,"\{'nu':0.5,'kernel':'rbf','gamma':'auto'\}"
COMPLETED,0.65,11.0,0.9671915404506836,2059,1532,0.3267158278751224,"\{'nu':0.5,'kernel':'rbf','gamma':'auto'\}"
COMPLETED,0.72,16.0,0.9984530845954932,3635,1395,0.4325356479208059,"\{'nu':0.5,'kernel':'rbf','gamma':'auto'\}"
COMPLETED,0.71,16.0,0.8694126339120798,1569,1688,0.205959077714105,"\{'nu':0.5,'kernel':'rbf','gamma':'auto'\}"
COMPLETED,0.73,16.0,0.9968599926117472,5000,2056,0.2533104536370235,"\{'nu':0.5,'kernel':'rbf','gamma':'auto'\}"
COMPLETED,0.71,26.0,0.6866688215736978,5000,3160,0.6284826833930444,"\{'nu':0.5,'kernel':'rbf','gamma':'auto'\}"
COMPLETED,0.73,115.0,0.9995151459179904,508,31,0.5947168699105957,"\{'nu':0.5,'kernel':'rbf','gamma':'auto'\}"
COMPLETED,0.63,16.0,0.0027936830439601,11,3416,0.412645890802145,"\{'nu':0.5,'kernel':'rbf','gamma':'auto'\}"
COMPLETED,0.69,37.0,0.2460980790543036,2199,1863,0.7696250363178552,"\{'nu':0.5,'kernel':'rbf','gamma':'auto'\}"
COMPLETED,0.73,58.0,0.1227373476172885,2658,2569,0.933030423399061,"\{'nu':0.5,'kernel':'rbf','gamma':'auto'\}"
COMPLETED,0.71,65.0,0.0477004063538973,1033,3756,0.940853642081842,"\{'nu':0.5,'kernel':'rbf','gamma':'auto'\}"
COMPLETED,0.67,32.0,0.5729589951976357,5000,3546,0.6955737316329367,"\{'nu':0.5,'kernel':'rbf','gamma':'auto'\}"
COMPLETED,0.65,16.0,0.8226819357222017,2108,1091,0.5301388100711161,"\{'nu':0.5,'kernel':'rbf','gamma':'auto'\}"
COMPLETED,0.71,25.0,0.5066032508311784,5000,971,0.7455573471763122,"\{'nu':0.5,'kernel':'rbf','gamma':'auto'\}"
COMPLETED,0.71,21.0,0.9823605467306982,5000,1934,0.379424884385649,"\{'nu':0.5,'kernel':'rbf','gamma':'auto'\}"
COMPLETED,0.63,43.0,6.926486885851497e-05,1,3235,0.8263515837214174,"\{'nu':0.5,'kernel':'rbf','gamma':'auto'\}"
COMPLETED,0.71,21.0,0.365718507572959,4952,492,0.7869331427317179,"\{'nu':0.5,'kernel':'rbf','gamma':'auto'\}"
COMPLETED,0.71,12.0,0.0045022164758034,1,220,0.5399101247430164,"\{'nu':0.5,'kernel':'rbf','gamma':'auto'\}"
COMPLETED,0.74,43.0,0.999722940524566,2501,100,0.885074597275659,"\{'nu':0.5,'kernel':'rbf','gamma':'auto'\}"
COMPLETED,0.74,98.0,0.9996074990764684,388,35,0.2970828233910573,"\{'nu':0.5,'kernel':'rbf','gamma':'auto'\}"
COMPLETED,0.7,16.0,0.9803287772441818,5000,2123,0.3166805662168712,"\{'nu':0.5,'kernel':'rbf','gamma':'auto'\}"
COMPLETED,0.72,11.0,0.0104820834872552,1,95,0.5187769668569209,"\{'nu':0.5,'kernel':'rbf','gamma':'auto'\}"
COMPLETED,0.71,13.0,0.6648965644625047,2618,3527,0.4001022065642389,"\{'nu':0.5,'kernel':'rbf','gamma':'auto'\}"
COMPLETED,0.73,160.0,0.999630587366088,1031,48,0.2302945281235905,"\{'nu':0.5,'kernel':'rbf','gamma':'auto'\}"
COMPLETED,0.59,33.0,0.0159770964166974,173,1526,0.8293854559253813,"\{'nu':0.5,'kernel':'rbf','gamma':'auto'\}"
COMPLETED,0.76,18.0,0.999861470262283,2013,25,0.1127252951259489,"\{'nu':0.5,'kernel':'rbf','gamma':'auto'\}"
COMPLETED,0.73,13.0,0.0249584410786848,1,40,0.3639465905449928,"\{'nu':0.5,'kernel':'rbf','gamma':'auto'\}"
COMPLETED,0.73,362.0,0.9992611747321758,5000,40,0.5079829325989116,"\{'nu':0.5,'kernel':'rbf','gamma':'auto'\}"
COMPLETED,0.73,188.0,0.9991688215736978,2703,18,0.8656651480078721,"\{'nu':0.5,'kernel':'rbf','gamma':'auto'\}"
COMPLETED,0.72,13.0,0.0104820834872552,1,95,0.8220364332157697,"\{'nu':0.5,'kernel':'rbf','gamma':'auto'\}"
COMPLETED,0.74,819.0,0.9999307351311416,1709,11,0.1916345489644632,"\{'nu':0.5,'kernel':'rbf','gamma':'auto'\}"
COMPLETED,0.74,57.0,0.99953823420761,3073,137,0.2314083289578158,"\{'nu':0.5,'kernel':'rbf','gamma':'auto'\}"
COMPLETED,0.77,25.0,0.9996998522349464,2114,51,0.2502857586807041,"\{'nu':0.5,'kernel':'rbf','gamma':'auto'\}"
COMPLETED,0.74,340.0,0.999630587366088,1644,32,0.1845692999983131,"\{'nu':0.5,'kernel':'rbf','gamma':'auto'\}"
COMPLETED,0.73,18.0,0.0258127077946065,1,36,0.7243201335397671,"\{'nu':0.5,'kernel':'rbf','gamma':'auto'\}"
COMPLETED,0.74,587.0,0.9998845585519024,1748,18,0.324712616891286,"\{'nu':0.5,'kernel':'rbf','gamma':'auto'\}"
COMPLETED,0.73,189.0,0.999630587366088,5000,96,0.8477084150686858,"\{'nu':0.5,'kernel':'rbf','gamma':'auto'\}"
COMPLETED,0.73,31.0,0.9978297007757664,2918,294,0.4925360136198805,"\{'nu':0.5,'kernel':'rbf','gamma':'auto'\}"
COMPLETED,0.72,47.0,0.2308828961950498,5000,3553,0.8750264702025742,"\{'nu':0.5,'kernel':'rbf','gamma':'auto'\}"
COMPLETED,0.73,291.0,0.9989841152567418,1641,58,0.3217946045052727,"\{'nu':0.5,'kernel':'rbf','gamma':'auto'\}"
COMPLETED,0.73,11.0,0.0172007757665312,1,58,0.3923874750734493,"\{'nu':0.5,'kernel':'rbf','gamma':'auto'\}"
COMPLETED,0.73,70.0,0.9964905799778352,5000,260,0.501369615758405,"\{'nu':0.5,'kernel':'rbf','gamma':'auto'\}"
COMPLETED,0.73,71.0,0.9974141115626154,4091,225,0.3281010652727517,"\{'nu':0.5,'kernel':'rbf','gamma':'auto'\}"
COMPLETED,0.7,14.0,0.2533016254155892,477,1762,0.2727716081322227,"\{'nu':0.5,'kernel':'rbf','gamma':'auto'\}"
COMPLETED,0.72,37.0,0.9920345400812708,4520,473,0.4541003966613363,"\{'nu':0.5,'kernel':'rbf','gamma':'auto'\}"
COMPLETED,0.73,29.0,0.9940893978574068,1831,624,0.1876664687835585,"\{'nu':0.5,'kernel':'rbf','gamma':'auto'\}"
COMPLETED,0.69,16.0,0.918198189878094,2563,2067,0.2667750537228495,"\{'nu':0.5,'kernel':'rbf','gamma':'auto'\}"
COMPLETED,0.73,71.0,0.997760435906908,1093,129,0.2410190213213079,"\{'nu':0.5,'kernel':'rbf','gamma':'auto'\}"
COMPLETED,0.68,44.0,0.6485962319911341,4905,2592,0.6355403908396512,"\{'nu':0.5,'kernel':'rbf','gamma':'auto'\}"
COMPLETED,0.68,11.0,0.0011544144809752,1,835,0.3004920527288137,"\{'nu':0.5,'kernel':'rbf','gamma':'auto'\}"
COMPLETED,0.73,243.0,0.999907646841522,4356,54,0.2949474772575152,"\{'nu':0.5,'kernel':'rbf','gamma':'auto'\}"
COMPLETED,0.75,33.0,0.9993766161802734,2157,33,0.8508888705596375,"\{'nu':0.5,'kernel':'rbf','gamma':'auto'\}"
COMPLETED,0.73,128.0,0.99766808274843,3382,117,0.9569361290877576,"\{'nu':0.5,'kernel':'rbf','gamma':'auto'\}"
COMPLETED,0.68,26.0,0.7328684891023273,5000,4457,0.5600998220063941,"\{'nu':0.5,'kernel':'rbf','gamma':'auto'\}"
