Status,ACCURACY,RUNTIME,recent_samples_size,significance,gamma,max_node_size,max_tree_depth,max_time_stationary
ABANDONED,,,2220,0.0334505022019147,0.908433305501938,4432,1893,4024
ABANDONED,,,4628,0.894440819773823,0.1499037283323705,2407,632,2379
ABANDONED,,,3100,0.4849294959735125,0.5430289338249713,3657,1617,21
ABANDONED,,,76,0.5676942183133215,0.2738790643773972,682,2878,3571
ABANDONED,,,709,0.3601388813629746,0.1001603545993566,209,3399,4923
ABANDONED,,,3615,0.6924949733316897,0.8414976398851722,2880,1268,1480
ABANDONED,,,3972,0.1586295883078128,0.4790873820930719,1630,67,997
ABANDONED,,,1681,0.7692366642747073,0.7039996285047381,3960,2196,2594
ABANDONED,,,1407,0.3884612449146807,0.4246271497905254,2584,713,3189
ABANDONED,,,4167,0.5550138353668153,0.6339603985901922,578,1974,402
ABANDONED,,,3264,0.0909553041215986,0.0610502199530601,4328,2741,2115
ABANDONED,,,1138,0.9772569254469126,0.7556210076268762,1334,1481,4289
ABANDONED,,,584,0.2161267723739147,0.6130750491786748,2112,968,2839
ABANDONED,,,2515,0.8521060670390725,0.3283461821191012,4801,3097,753
ABANDONED,,,4746,0.2636325614843517,0.9943168036807328,1050,2551,1842
ABANDONED,,,2181,0.67983743465133,0.1890207484178245,3362,422,4562
ABANDONED,,,1878,0.2952478435579687,0.6643711535744368,1789,3017,837
ABANDONED,,,4951,0.6482229556310922,0.3942466171253472,3796,1653,3070
ABANDONED,,,2798,0.2467664933055639,0.7880723212473094,45,451,4489
ABANDONED,,,359,0.8214652456268668,0.0285682155657559,3039,1815,1604
ABANDONED,,,1051,0.1226925610806793,0.3577518693264573,3513,2384,486
ABANDONED,,,3293,0.9455207689683884,0.5836386637687682,821,137,3420
ABANDONED,,,4275,0.4192229407317936,0.2205279073473066,4571,1122,4217
ABANDONED,,,1398,0.5242513364963233,0.9628398596346378,2264,3369,1877
ABANDONED,,,1748,0.1268923908341675,0.1814111252035945,1194,1353,1399
ABANDONED,,,3845,0.8009727612677962,0.8769565798789262,3224,2717,4695
ABANDONED,,,3566,0.3293772450312972,0.3032849895264953,1973,2171,2668
ABANDONED,,,855,0.7232574127167463,0.5135927863568067,4944,807,1238
ABANDONED,,,243,0.453314273385331,0.8739491914473473,4169,219,2297
ABANDONED,,,2837,0.5993086378481239,0.0676785881537944,1498,2466,3796
FAILED,,,4443,0.0028108426146209,0.7344106214307248,2748,3232,3645
FAILED,,,2464,0.9250815817005932,0.4487070873696357,420,986,261
FAILED,,,2364,0.4816308938041329,0.033351272130385,2304,2279,1097
FAILED,,,4459,0.5865983764827251,0.7757353505082428,4613,40,2811
FAILED,,,2932,0.0603457590360194,0.4201016753856092,864,1244,4827
FAILED,,,220,0.883113053837791,0.6460686264522373,3554,3483,1267
FAILED,,,878,0.1843026239238679,0.9752331259027124,3082,2903,198
FAILED,,,3471,0.7591841155029833,0.2156871722172945,87,1533,3710
FAILED,,,3828,0.3575292116235941,0.6020053384974599,3836,549,3851
FAILED,,,1849,0.7106870629545301,0.3318312804233282,1831,1920,2246
FAILED,,,1263,0.0652140368521213,0.5473088300451636,376,340,1669
FAILED,,,4336,0.987423862852156,0.2615253178160637,2708,2580,4427
FAILED,,,3432,0.39097223017551,0.936374019794166,1458,3127,3017
FAILED,,,995,0.5369056815523653,0.13003111195378,4126,888,892
FAILED,,,416,0.2669086168147623,0.490398819277063,4904,1450,2020
FAILED,,,2658,0.6609715237580239,0.7007563161887228,1930,2820,4076
FAILED,,,4890,0.1891785177346319,0.1189985136780887,3180,2056,3289
FAILED,,,2012,0.8634416274260729,0.8145856379009783,1155,686,619
FAILED,,,2042,0.2207929372694343,0.2919362809993326,3995,3288,4316
FAILED,,,4802,0.8318264048378914,0.5169285650644451,1668,1151,2094
FAILED,,,2649,0.2975493787415325,0.1624826932586729,2917,167,391
FAILED,,,523,0.6303318623118102,0.903892223605886,245,2304,3207
FAILED,,,1200,0.4227083271685987,0.7301622115951031,720,1785,4667
FAILED,,,3130,0.5051684840787201,0.4609627015516161,3692,531,1744
FAILED,,,4110,0.0959764762371778,0.8460930645149201,2443,1735,663
FAILED,,,1546,0.9566622265204788,0.0875217778310179,4470,2989,2935
FAILED,,,1585,0.3257930551450699,0.8072425391804426,3324,1069,3472
FAILED,,,3994,0.7424243199136107,0.0018742983415722,1015,3205,127
FAILED,,,3715,0.1535401250533759,0.6754742839168756,4765,2441,2476
FAILED,,,692,0.7899458113200962,0.3906653197184205,2074,304,3935
FAILED,,,94,0.0287312800157815,0.2481385155804455,1299,832,2573
FAILED,,,3000,0.914728335911408,0.9427510917726905,4291,2085,1026
FAILED,,,4606,0.4509900723919272,0.3622420056648552,540,2634,1499
FAILED,,,2315,0.6172380974143742,0.5716248355749994,2549,1379,4912
FAILED,,,2291,0.3454775702115148,0.3196052239965647,965,26,2875
FAILED,,,4534,0.7071651794146746,0.6220594402924179,3296,2265,722
FAILED,,,3015,0.1732051363326609,0.1977010518442839,2046,3467,1802
FAILED,,,138,0.7546671521626412,0.98539262855798,4715,1228,4610
FAILED,,,638,0.0480504727158695,0.625036822039634,4242,1576,3150
FAILED,,,3710,0.8798348152060061,0.4333068620804697,1268,2947,449
FAILED,,,4057,0.4702897464334964,0.764605759371072,2519,1961,2153
FAILED,,,1619,0.5823250729218125,0.0523089086357504,493,591,4258
FAILED,,,1502,0.2014888018202036,0.8346447364725172,1716,2621,4971
FAILED,,,4097,0.8667348489519208,0.1067698398921638,4025,381,1441
FAILED,,,3203,0.278234290536493,0.7109132014848291,275,927,966
FAILED,,,1225,0.6652293685413896,0.4724176956806331,2965,3166,2632
FAILED,,,489,0.4030388544816523,0.1432336812894791,3743,2810,3994
FAILED,,,2585,0.5404425628576428,0.9153472121581436,748,1439,2417
FAILED,,,4807,0.0762960656657814,0.2804879510980099,4497,672,68
FAILED,,,2095,0.9919253525435924,0.5361766215488315,2493,2043,3529
FAILED,,,1968,0.1080302442535757,0.0763588748499751,2657,1191,2342
FAILED,,,4875,0.9601900734752415,0.8650250033121555,349,3328,3754
FAILED,,,2732,0.4337993754614144,0.4399661125168204,4099,2342,3612
FAILED,,,440,0.5096828449312597,0.743394999532029,1408,206,297
FAILED,,,961,0.309846791666001,0.885941318610683,1882,520,1366
FAILED,,,3369,0.6336160643585025,0.1726697971560061,4874,1774,4730
FAILED,,,4341,0.2321276453416794,0.5046691967938095,1124,2975,2714
FAILED,,,1317,0.8360971059110016,0.3119646850861608,3132,1722,1195
FAILED,,,1825,0.4386771858185529,0.5905522534791379,4661,3191,521
FAILED,,,3755,0.6139384365901351,0.3510821959264576,2334,1054,3388
FAILED,,,3486,0.0174115697089582,0.9559869729522616,3584,288,4174
FAILED,,,921,0.9104726177323608,0.2271374056525528,912,2424,1923
FAILED,,,167,0.1414708982594311,0.4008555168583989,137,2129,795
FAILED,,,2927,0.7864024907164275,0.6575188580285757,3109,876,3113
FAILED,,,4523,0.3147169897463172,0.0218981815353035,1860,1422,4525
FAILED,,,2399,0.7379249568264931,0.7949862641524523,3886,2675,1571
FAILED,,,2459,0.1697237372789532,0.6917719362284988,3251,617,1975
FAILED,,,4389,0.7737541109342126,0.4991397885531186,1245,1878,4119
FAILED,,,2871,0.3721900245845317,0.8235098241772502,4995,2862,3323
FAILED,,,306,0.6960202103629707,0.1103182214051485,2001,1600,583
FAILED,,,782,0.4962672898527235,0.252845624115318,1528,1312,1701
FAILED,,,3542,0.5719680200647562,0.5562324251849204,4218,3442,4392
FAILED,,,3889,0.0457453070618212,0.1387724418602883,467,2238,2971
FAILED,,,1764,0.8977223970256745,0.9273892866391688,2778,109,936
FAILED,,,1334,0.2523102263826876,0.2090776757709681,3765,2015,164
FAILED,,,4241,0.675579106548801,0.982086018161848,1741,754,3742
FAILED,,,3347,0.2038169864788651,0.3385009556822478,2991,1518,3894
FAILED,,,1056,0.8488094920217991,0.5950917543638496,15,2779,2199
FAILED,,,345,0.0798766287993639,0.7688214057441801,794,3086,1139
FAILED,,,2753,0.972754937564954,0.0400213005840778,3463,957,2767
FAILED,,,4975,0.3763951039277017,0.6529209201391786,2213,409,4792
FAILED,,,1951,0.5514736154414713,0.413492770075798,4543,2539,1301
FAILED,,,2117,0.4081304424814879,0.9516752613186836,606,1694,2535
FAILED,,,4711,0.5197393773682414,0.2394582102950662,2634,3057,1055
FAILED,,,2568,0.1106364062111824,0.5626404388844966,1384,1854,1539
FAILED,,,589,0.9419943570997567,0.3709829619284719,4356,490,4864
FAILED,,,1124,0.2354303501471877,0.0106156152356415,4831,126,3511
FAILED,,,3219,0.8171969314068555,0.7982577892951667,2160,2372,79
FAILED,,,4191,0.2829480289090424,0.3819856130052358,3410,3356,2437
FAILED,,,1480,0.6449402035418897,0.6843978623263538,1081,1110,3966
FAILED,,,1675,0.0141320028789341,0.4676323935408145,2377,2702,4620
FAILED,,,3918,0.9293348981551824,0.723248640473932,4384,1339,1783
FAILED,,,3650,0.4656295468118041,0.0809122981149703,634,791,695
FAILED,,,772,0.602606863586232,0.852945969786495,3627,2154,2896
FAILED,,,3,0.3404547455161809,0.5237808717638253,2852,2509,4347
FAILED,,,3076,0.727754388950765,0.2853273924198001,159,263,2058
FAILED,,,4673,0.1389640193525701,0.8969782918542623,3910,1028,343
FAILED,,,2234,0.8045146319139748,0.1691527384426444,1602,3274,3249
FAILED,,,2265,0.3949719537124037,0.5034370805453507,4313,1206,1276
FAILED,,,4662,0.5328934307545423,0.3054294422641396,1350,3452,4817
FAILED,,,3065,0.0692185248006135,0.8866242764722556,2600,2248,2781
COMPLETED,0.8399999999999999,12705.0,35,0.9834163764659314,0.1797523171380162,563,3,1125
FAILED,,,745,0.1930337251238525,0.4426592059321701,1029,585,2254
FAILED,,,3659,0.8595894259102642,0.7484673913959414,3385,1950,3841
FAILED,,,3928,0.2707685811799019,0.0732384566552937,2135,2934,3679
FAILED,,,1648,0.6571240792181343,0.8603780698720365,4778,1569,227
FAILED,,,1453,0.0565286204665899,0.018778700236231,3641,3152,861
FAILED,,,4200,0.8869424110874534,0.7903402676079421,698,906,3044
FAILED,,,3229,0.4778090019766241,0.4035495471693575,4448,358,4435
FAILED,,,1096,0.590422980474308,0.662592186788097,2391,2604,1658
FAILED,,,621,0.3536132417209446,0.9566708677094428,1606,2032,589
FAILED,,,2558,0.7146003281287849,0.2342208625301718,3983,668,3317
FAILED,,,4701,0.1803818933274596,0.5893210741262883,234,1433,4084
FAILED,,,2149,0.7630926199834793,0.3445478900000453,2856,2797,2009
FAILED,,,1924,0.1497439272161573,0.7574927791282534,1986,206,3233
FAILED,,,4985,0.7937313891481607,0.0515954905133694,4932,2334,358
FAILED,,,2763,0.3219997144676745,0.6316025176867842,1182,3318,2081
FAILED,,,317,0.7462127549014985,0.4345694311540573,3236,1189,4323
FAILED,,,1086,0.4470493584070354,0.2023784455452114,2773,1697,2960
FAILED,,,3336,0.6211837245244533,0.98854350701347,394,2958,630
FAILED,,,4230,0.0247934157550334,0.3145023793075233,4145,1755,1730
FAILED,,,1365,0.9186768127456308,0.6193358940519392,1523,493,4674
FAILED,,,1795,0.3015281652640551,0.2753841695133596,59,2417,3922
FAILED,,,3878,0.6263633946534246,0.5334521384127437,3024,287,2482
FAILED,,,3532,0.2247688703499734,0.1479101380947977,1774,1053,152
FAILED,,,813,0.8278550837375223,0.9184971537180244,3810,3182,3438
FAILED,,,278,0.0998564314264804,0.7174779602363704,4598,2657,4899
FAILED,,,2880,0.9527776667866856,0.4736793278586119,2237,1396,1504
FAILED,,,4398,0.4265854214802384,0.8275308193340897,3488,849,1051
FAILED,,,2432,0.5012810634672641,0.106055484874174,848,2110,2540
FAILED,,,2410,0.0870755013637244,0.3768550592567771,1481,1600,3584
FAILED,,,4493,0.9811416376121342,0.6817610570043325,4104,2854,15
FAILED,,,2897,0.38458429559879,0.0151970105972141,354,1868,2353
FAILED,,,178,0.5589014009740204,0.8014418717771769,2730,614,4058
FAILED,,,913,0.2596536225304007,0.5692319697998462,3196,84,2606
FAILED,,,3515,0.6838057498782874,0.3721569162923842,1139,2220,991
FAILED,,,3783,0.2121506942976266,0.9446564056240022,4889,3422,1455
FAILED,,,1816,0.8560772431436926,0.2387097143549472,1945,1286,4956
FAILED,,,1309,0.4888703623898327,0.8899603730551898,887,2773,4263
FAILED,,,4369,0.5637487436346709,0.1684051793981343,3530,1517,2148
FAILED,,,3398,0.0373885133173316,0.530373339574784,2280,751,415
FAILED,,,953,0.8904924879353492,0.2865022836793214,4637,2005,3183
FAILED,,,452,0.162425633713603,0.0854946303721517,3853,2521,4536
FAILED,,,2701,0.7654509340152144,0.856130989164114,1815,385,1875
FAILED,,,4845,0.3639320770446211,0.4625027766879648,3065,931,766
FAILED,,,1980,0.688706393348053,0.7206127720475197,103,3067,2832
FAILED,,,2087,0.3332933673653751,0.1355578991174697,4740,468,1635
FAILED,,,4835,0.71934429997392,0.9227774310167878,2099,1839,4462
FAILED,,,2614,0.1308132664263248,0.2555128822624683,3349,3042,3061
FAILED,,,481,0.797064401783049,0.561393431758508,990,1670,848
FAILED,,,1236,0.006627828752622,0.8242887803781777,528,1105,1907
FAILED,,,3172,0.9212520720195024,0.1173675373606383,2562,3344,4189
FAILED,,,4067,0.4571360202170908,0.6905675290394573,1312,2359,3411
FAILED,,,1514,0.595483888860792,0.4925178048126399,4277,120,497
FAILED,,,1631,0.2429114383477717,0.6517155760545283,2891,2140,1229
FAILED,,,4027,0.8253175995741039,0.4068698494397103,271,769,2679
FAILED,,,3680,0.2913880241885781,0.7695994250494986,4021,1315,4726
FAILED,,,649,0.6520705451667309,0.0470696796439588,1641,2686,1371
FAILED,,,129,0.4152230647634714,0.3411672769337892,2429,3262,252
FAILED,,,3044,0.5282634348627179,0.6002518240418285,4484,1024,3657
FAILED,,,4562,0.1186879281364381,0.2058621961325406,734,258,3827
FAILED,,,2283,0.949528110358864,0.9774732256438584,3679,2496,2269
FAILED,,,2327,0.2076330245677381,0.2256013699490576,299,2893,554
FAILED,,,4576,0.8449828413594515,0.9655337858460844,2942,1638,3353
FAILED,,,2971,0.2561291141957044,0.3531057686824351,1692,654,4130
FAILED,,,105,0.6717553056105972,0.5805193163119255,4049,1909,1967
FAILED,,,684,0.3803102707769721,0.781537911221385,4514,2207,907
FAILED,,,3745,0.5475633542817085,0.027337170055136,2476,71,3001
FAILED,,,4022,0.0837946528084576,0.6714547442942858,3727,1275,4403
FAILED,,,1578,0.9688475335650146,0.3949304077830165,764,3411,1692
FAILED,,,1538,0.3681911041010171,0.741493245512247,2069,1501,2210
FAILED,,,4139,0.7000294571463018,0.4493899113889783,4692,2756,3886
FAILED,,,3158,0.1657219559177756,0.8674138147830963,943,1991,3714
FAILED,,,1192,0.7777604968398809,0.0664465760048478,3319,736,194
FAILED,,,535,0.0418912001531571,0.2986379222441464,2533,427,1312
FAILED,,,2618,0.9015718919541686,0.5104724722616374,477,2563,4783
FAILED,,,4772,0.4924103295020759,0.1864836211670189,4227,3110,2738
FAILED,,,2053,0.5758146615512669,0.879649539452046,1284,974,1170
FAILED,,,2005,0.4616477562747895,0.482237189810723,3558,1823,4858
FAILED,,,4919,0.6065761342979967,0.7086761894095688,937,452,1553
FAILED,,,2687,0.0101549693178385,0.097435975562781,4688,1656,1088
FAILED,,,408,0.9333089258428662,0.836393724458292,2308,3027,2510
FAILED,,,1006,0.135081357575953,0.5423146829064935,1845,3387,3960
FAILED,,,3402,0.8084002921283245,0.2667650133967399,3901,1148,2451
FAILED,,,4306,0.3365768481511622,0.9096947843190282,150,164,113
FAILED,,,1275,0.7316448135767131,0.1564685911834239,3095,2403,3486
FAILED,,,1861,0.1144353106357157,0.9955792686548084,4073,807,2929
FAILED,,,3798,0.9382076787911356,0.1955865779072046,1433,2179,669
FAILED,,,3442,0.4119245862122625,0.6123617648985236,2683,2726,1776
FAILED,,,889,0.5159479383658617,0.3212330977767706,324,1355,4634
FAILED,,,212,0.2868917469084262,0.0583268075548112,1112,1011,3281
FAILED,,,2960,0.6409937733784317,0.7505180588383227,3145,3250,317
FAILED,,,4488,0.2393693148884922,0.4277779241465032,1895,2484,2051
FAILED,,,2356,0.8132457479853183,0.6386379261333495,4862,247,4360
FAILED,,,2495,0.2742907175328582,0.8472680896166712,2974,3491,4577
FAILED,,,4433,0.6691759437005967,0.0941141415424645,32,1245,1827
FAILED,,,2826,0.1975499895103275,0.7294145484510808,3782,43,729
FAILED,,,274,0.8706861848048865,0.4539449165947735,1724,2288,2862
FAILED,,,827,0.0724970162454992,0.1598467207327484,2189,1938,4224
FAILED,,,3576,0.9957118858564644,0.8987627405952661,4567,573,2179
FAILED,,,3854,0.3992445583194494,0.2951214342191815,817,1559,455
FAILED,,,1721,0.544233849428594,0.5215107932221144,3440,2923,3137
FAILED,,,1370,0.177087943105027,0.3654261922463774,4979,890,2638
FAILED,,,4284,0.7507816369440407,0.5762060970943421,2016,3135,953
FAILED,,,3302,0.3493556200079619,0.2455015764161944,3266,2590,1408
FAILED,,,1023,0.703274907220155,0.9376206421237439,1230,344,4996
FAILED,,,391,0.474271391974762,0.6747256541345268,445,710,3535
FAILED,,,2787,0.5783556572142988,0.3836465681232512,2801,2074,55
FAILED,,,4940,0.0520273538455367,0.808416597643867,1551,2841,2384
FAILED,,,1909,0.875860635086894,0.0084656954146921,4195,1476,4020
FAILED,,,2153,0.0212658216133713,0.6090535837151109,648,2318,286
FAILED,,,4755,0.9066232677996158,0.3326094038281589,3613,190,3620
FAILED,,,2524,0.4425342986006289,0.9686103093661368,2363,1175,3783
FAILED,,,557,0.6100919475350529,0.2144816942904144,4399,3304,2312
FAILED,,,1170,0.3187157652340829,0.4154889869671314,3936,3001,1184
FAILED,,,3254,0.733915565047413,0.64285301297158,1575,1739,2722
FAILED,,,4156,0.1454725271891802,0.0385112079661339,2826,536,4757
FAILED,,,1438,0.782395952379331,0.7784017758592963,186,1798,1335
FAILED,,,1712,0.429884353607893,0.1241594161521643,1398,326,1951
FAILED,,,3961,0.5135932510867715,0.8172530298903584,4343,2454,4143
FAILED,,,3605,0.1041123726759105,0.4857870974969119,594,3221,3376
FAILED,,,739,0.9640976299066096,0.6975416693463921,2647,1092,530
FAILED,,,49,0.2283114622570574,0.9297521698959172,3435,1384,1599
FAILED,,,3109,0.8399236115776002,0.1288266006652265,1056,2645,4495
FAILED,,,4638,0.3060277514215558,0.5543580419011414,4807,2099,3102
FAILED,,,2192,0.6374397128652781,0.2623044078592211,2185,837,803
FAILED,,,2199,0.3088407851345837,0.0914434341695159,3448,1562,4157
FAILED,,,4645,0.6385167013220489,0.8499690044373273,808,2932,1936
FAILED,,,3116,0.2291762196924537,0.4570874531473964,4558,1948,544
FAILED,,,56,0.8429507761280983,0.7262413062602282,2199,577,3362
FAILED,,,732,0.105196837708354,0.8999560899995266,1736,11,4510
FAILED,,,3597,0.9669181104525923,0.1586226731259375,3770,2250,1584
FAILED,,,3953,0.4329190021697431,0.520789276715368,20,3454,819
FAILED,,,1703,0.514465462790802,0.295873165609315,2986,1215,3088
FAILED,,,1431,0.1482636479549109,0.575500046800822,4183,2795,3625
FAILED,,,4149,0.7835119855888187,0.3661629333067685,1562,1425,280
FAILED,,,3245,0.3195567210596054,0.9388294577412308,2813,660,2316
FAILED,,,1162,0.7369798559453338,0.244262538479641,433,2030,3777
FAILED,,,563,0.4436425503715872,0.3868045708891004,1221,2606,2727
FAILED,,,2530,0.6128753166049719,0.6715374216139317,3275,366,1179
FAILED,,,4761,0.024322338508442,0.0058104542549699,2025,914,1340
FAILED,,,2160,0.907456479365006,0.8111025221347808,4971,3154,4753
FAILED,,,1897,0.0550849860925227,0.335751938521862,194,506,938
FAILED,,,4928,0.8766949322614818,0.605880343383178,2816,1759,2653
FAILED,,,2774,0.4753788555637001,0.211810985058546,1566,2963,4981
FAILED,,,378,0.5811382083594799,0.9713112260457128,3945,1709,1422
FAILED,,,1035,0.3501973937582224,0.6421314983237534,4410,1176,41
FAILED,,,3314,0.7063399863000958,0.4162407164983451,2352,3313,3551
FAILED,,,4295,0.1798779782615602,0.7795951271224766,3601,2330,4006
FAILED,,,1382,0.7518965548016131,0.0372871585004031,660,193,2399
FAILED,,,1733,0.4022783889565617,0.8184618473667651,2174,2115,1822
FAILED,,,3865,0.5451052729506045,0.1229203763566911,4817,861,4581
FAILED,,,3587,0.0735825668871402,0.6968356209117919,1067,1408,2857
FAILED,,,839,0.9985334817543626,0.4865238366983831,3424,2663,734
FAILED,,,261,0.1984136315938085,0.1261713576465845,2639,3177,2174
FAILED,,,2813,0.873712263746187,0.9324380962457508,602,1040,4229
FAILED,,,4420,0.2771045394279062,0.2654624087661504,4352,276,3131
FAILED,,,2483,0.6702537500821054,0.551169811239466,1389,2411,460
FAILED,,,2348,0.2424039504379034,0.9667769598793238,773,1298,684
FAILED,,,4480,0.8141179615482687,0.2243888941183686,3717,3428,2915
FAILED,,,2952,0.2879762249533087,0.579778918756172,2468,2225,4648
FAILED,,,204,0.6438142520654946,0.3538159513548016,4523,96,1762
FAILED,,,896,0.4127893529422581,0.0246475258655846,4061,603,331
FAILED,,,3448,0.5189750973396003,0.7841973479632288,1680,1863,3266
FAILED,,,3805,0.1172483350541442,0.3981228321678936,2931,2849,4375
FAILED,,,1867,0.9392846728246658,0.6682930255476385,311,1588,2036
FAILED,,,1281,0.3396333669051527,0.4525668695606291,1273,3072,1558
FAILED,,,4312,0.7324780121296643,0.7383465170953422,4239,943,4854
FAILED,,,3409,0.1361896074879914,0.06374146560207,489,397,2515
FAILED,,,1013,0.8111836742106824,0.8700882418546825,2522,2526,1083
FAILED,,,400,0.0109959195666015,0.5097166084926575,3310,2001,2455
FAILED,,,2679,0.9363732260353864,0.2993630952462553,951,740,3955
FAILED,,,4911,0.4644388826172798,0.8808772472720592,4701,1506,3491
FAILED,,,1997,0.6076921582128852,0.1852861356660723,2060,2766,108
FAILED,,,2065,0.4952003702353686,0.7079357899948954,3104,112,3870
FAILED,,,4783,0.57692957011424,0.4829473743420094,142,2357,2224
FAILED,,,2630,0.042732968326658,0.8376368966326116,3892,3343,180
FAILED,,,546,0.9046369803287088,0.0962235015910118,1854,1097,3729
FAILED,,,1179,0.1668294176477938,0.2699574396405369,2319,1679,4769
FAILED,,,3145,0.780543060997501,0.5391529623009264,4677,3043,1327
FAILED,,,4127,0.371248738206923,0.1537789488527923,926,1841,1156
FAILED,,,1525,0.7008637413084507,0.9123542192019523,3569,477,2752
FAILED,,,1564,0.0866084654089063,0.1928814693633466,4850,2495,3348
FAILED,,,4010,0.9699253455232828,0.9982536938674748,1906,249,560
FAILED,,,3732,0.3811739221550524,0.3244100578073412,3157,1015,1962
FAILED,,,671,0.5505894276462495,0.6092150346226989,1100,3261,4134
FAILED,,,117,0.2572146778497844,0.751745764799416,315,2687,2997
FAILED,,,2982,0.6745768996495753,0.0571293239127844,2691,1324,912
FAILED,,,4588,0.2106668421924114,0.6378820605054498,1441,777,1688
FAILED,,,2338,0.8458542667403816,0.4285030990075319,4065,2141,4408
FAILED,,,2275,0.121745549229905,0.6805216993335634,1934,3413,2694
FAILED,,,4554,0.9503624112512916,0.3780637335963547,4901,1283,1214
FAILED,,,3036,0.416330509763211,0.8021784715596586,1151,79,1385
FAILED,,,122,0.5310460120327771,0.0144906405694782,3184,2209,4711
FAILED,,,656,0.29222977934964,0.3748427589908241,2722,1907,3671
FAILED,,,3687,0.6551356502715499,0.5665763494204729,363,647,238
FAILED,,,4033,0.2457014623507857,0.2355211026147008,4113,1630,2284
FAILED,,,1637,0.8264325211495162,0.9478143265973776,1472,2891,3812
FAILED,,,1521,0.4601698545720428,0.1652320338711142,112,983,4466
FAILED,,,4073,0.5963553012292832,0.8931033036988228,3056,3112,1630
FAILED,,,3180,0.007713405419141,0.2892035925909876,1806,2565,852
FAILED,,,1242,0.924073649328202,0.527702728865668,3861,435,3056
FAILED,,,473,0.1316769345346838,0.8568830551598221,4648,728,4194
FAILED,,,2606,0.800090462135151,0.0847732700146734,2268,1989,1903
FAILED,,,4827,0.3361071929782629,0.7193888805899769,3519,2753,502
FAILED,,,2080,0.7204220952019095,0.4636964606977999,899,1493,3407
FAILED,,,1991,0.3667450847327708,0.9235140289403498,4266,2399,2134
FAILED,,,4856,0.6897834003940224,0.1348515309486538,1323,151,4278
FAILED,,,2714,0.1632903874311596,0.560154072228819,2573,1135,3169
FAILED,,,464,0.7684781097192316,0.2567215584609657,516,3382,430
FAILED,,,939,0.0384729746319353,0.1141789274793118,982,3032,1861
FAILED,,,3385,0.8933129796348512,0.8274466994926333,3358,1668,4550
FAILED,,,4356,0.4919049849268049,0.4952036493699997,2108,464,2818
FAILED,,,1296,0.5646209739279002,0.687911906801164,4731,1827,781
FAILED,,,1804,0.2149418336525559,0.4095711602102964,3688,234,9
FAILED,,,3770,0.8571932503283024,0.6490449634864927,725,2480,3590
FAILED,,,3502,0.2604945895094424,0.0438965359758585,4475,3245,4052
FAILED,,,901,0.6868700370583684,0.7727423538342117,2437,999,2359
FAILED,,,190,0.3856925585232675,0.5990279307253658,1652,1367,986
FAILED,,,2909,0.5616847663260996,0.3423609628025442,4010,2730,2612
FAILED,,,4505,0.0901320368479937,0.9782252897806466,260,2183,4951
FAILED,,,2422,0.9819748231526464,0.2051408376339823,2903,819,1460
FAILED,,,2438,0.4293754436243325,0.3081039511281997,4767,2917,2497
FAILED,,,4405,0.5023959980551153,0.5007323493622243,2145,1546,3908
FAILED,,,2886,0.1006981884464621,0.1766059679407626,3396,562,3454
FAILED,,,285,0.9558427588790656,0.88980131643638,1017,1932,137
FAILED,,,806,0.2258763209264725,0.7472702256292105,555,2294,1519
FAILED,,,3524,0.8306376516129821,0.4438870550300925,2609,54,4884
FAILED,,,3871,0.3045857807807624,0.8611033841520547,1358,1257,2555
FAILED,,,1787,0.6271977048404515,0.0724829126205295,4304,3496,1037
FAILED,,,1356,0.0276072543803602,0.791050115674734,2865,1464,363
FAILED,,,4222,0.9197546061147004,0.0180381465312093,225,2835,3228
FAILED,,,3328,0.4479130135029554,0.6613795548081398,3974,2069,4328
FAILED,,,1079,0.6242097867354751,0.4047923865970224,1614,699,2076
FAILED,,,324,0.3230852818395942,0.2310590471196919,2402,356,635
FAILED,,,2769,0.7490343377869576,0.95986289800331,4438,2594,2955
FAILED,,,4992,0.1527777708657085,0.347206932650879,687,3140,4679
FAILED,,,1931,0.7946027959398925,0.5866313332729041,3652,901,1725
FAILED,,,2136,0.1834165251590311,0.0484491394571959,1512,1800,3030
FAILED,,,4689,0.763964844699949,0.7606698209512978,4156,546,876
FAILED,,,2545,0.354697693740949,0.4372439381591975,406,1748,1643
FAILED,,,608,0.7174208254050463,0.6288977883625775,2762,3002,4451
FAILED,,,1107,0.4786737426817417,0.989268823152408,3227,3302,3303
FAILED,,,3241,0.5934501580372453,0.2016228996515274,1191,1166,603
FAILED,,,4212,0.0593416411671787,0.6181387301441282,4940,180,1994
FAILED,,,1464,0.8880194162745028,0.3157302265465259,1977,2316,4099
FAILED,,,1660,0.2738251110874116,0.5322395082917064,856,846,4812
FAILED,,,3939,0.6579572740532457,0.2766270070821046,3478,2100,1281
FAILED,,,3670,0.1941419936250895,0.919207003643736,2228,2646,1121
FAILED,,,757,0.8623727819677443,0.1471695825308561,4606,1392,2785
FAILED,,,22,0.070059493638575,0.4763383686505258,3821,1084,3835
FAILED,,,3052,0.9864806506335734,0.7147882212419063,1763,3220,2259
FAILED,,,4649,0.3977630912084132,0.1028936676047742,3014,2453,221
FAILED,,,2252,0.5340094509515911,0.8307228514868766,72,317,3684
FAILED,,,2242,0.1400486182272434,0.4964385168198496,2787,2194,1788
FAILED,,,4680,0.8073352760449051,0.6944425246305763,458,59,4615
FAILED,,,3084,0.343489527920261,0.1134913446251303,4208,1261,2901
FAILED,,,11,0.7286267642397433,0.8203669307120143,1537,3396,690
FAILED,,,766,0.4684424169398844,0.5574563538208603,2013,2880,2062
FAILED,,,3643,0.603683718200773,0.2516519177984446,4984,1626,4342
FAILED,,,3912,0.0149965967293828,0.9266371983364224,1233,640,3253
FAILED,,,1669,0.9323619288634508,0.1394938393961638,3262,1894,337
FAILED,,,1474,0.2840564442649483,0.981349396072328,4532,414,1070
FAILED,,,4184,0.6477237064540387,0.2097840829771012,2225,2549,2521
FAILED,,,3213,0.2384870306272059,0.5963311492130159,3474,3096,4879
FAILED,,,1117,0.8180302768144757,0.337292259035632,782,960,1525
COMPLETED,0.8,11842.0,597,0.1134273931346833,0.0432098900172859,7,1488,95
FAILED,,,2576,0.9431102267242968,0.7656635219492018,3000,2743,3497
FAILED,,,4719,0.4089712644647807,0.4108069645557552,1750,1977,3981
FAILED,,,2126,0.5228035046812147,0.6555765182115137,3757,722,2423
FAILED,,,1940,0.377237011520192,0.2426313316561281,1089,3374,3737
FAILED,,,4963,0.5545388581063598,0.9485323697123677,3401,1135,169
FAILED,,,2742,0.0826667977981269,0.3682816883362829,2151,150,2194
FAILED,,,334,0.973870019007474,0.5653110291454941,4840,2388,3899
FAILED,,,1068,0.2068744551409035,0.7975057028513401,4367,1810,2761
FAILED,,,3359,0.849643655354157,0.0113370109125971,1373,439,1144
FAILED,,,4253,0.2534175263866781,0.6856217928212136,2623,1642,1297
FAILED,,,1346,0.6783615238517523,0.3807919048294424,617,3013,4798
FAILED,,,1777,0.0466091127302497,0.7244880371820182,1591,999,4104
FAILED,,,3902,0.9007486098092048,0.4664236950352788,3921,3236,1990
FAILED,,,3555,0.499081275332719,0.8522093495558947,170,2470,569
FAILED,,,794,0.5730459602884947,0.0816187034621834,2840,232,3337
FAILED,,,294,0.3752237213794141,0.2826415850408375,3619,795,4378
FAILED,,,2859,0.6968914703000337,0.5264364716950805,643,2165,1716
FAILED,,,4377,0.1708091540783643,0.1723413260169327,4393,2712,920
FAILED,,,2447,0.7765755432471632,0.8938204099182039,2369,1340,2985
FAILED,,,2391,0.3155815928913652,0.6232720350939779,502,1925,3392
FAILED,,,4517,0.7409519819580018,0.3183624068759381,2510,560,516
FAILED,,,2920,0.144283759092912,0.9846828027982264,1260,1544,1928
FAILED,,,160,0.787479350907728,0.1984415683709085,4252,2908,4168
FAILED,,,929,0.0204463391005992,0.4306477822512388,4726,3477,3119
FAILED,,,3494,0.9113449948802588,0.6277265852000564,2035,1233,790
FAILED,,,3763,0.4397617977056652,0.0554707463532686,3285,28,1576
FAILED,,,1833,0.6167590788621455,0.7614136918988079,976,2273,4520
FAILED,,,1325,0.2329684617482125,0.1099162113964557,2482,697,3769
FAILED,,,4348,0.839161242518574,0.8314676593299954,4509,2062,2328
FAILED,,,3377,0.3126377841662615,0.4697431496381759,759,2826,311
FAILED,,,969,0.6347319246884435,0.713617954974994,3732,1461,3596
FAILED,,,433,0.4368560578003525,0.9146219201851636,2956,877,4744
FAILED,,,2724,0.5105161773264408,0.1439891881458461,284,3122,1351
FAILED,,,4869,0.1091386577505618,0.5373737501371652,4034,2575,1209
FAILED,,,1962,0.9629735893998294,0.2792601243071258,1706,329,2699
FAILED,,,2108,0.0774033638108521,0.8643151756934822,3141,2988,1435
FAILED,,,4819,0.9947077828589826,0.0770993932355195,1115,1726,4975
FAILED,,,2597,0.4060963250026106,0.7446075924746692,4866,522,2627
FAILED,,,502,0.5412767131775617,0.4387232972551137,1891,1783,971
FAILED,,,1212,0.2810244651120156,0.1758316367324441,1419,2305,2412
FAILED,,,3191,0.6663444406893104,0.882749249279499,4088,177,3999
FAILED,,,4085,0.2023307038359344,0.3093056071158498,338,1159,3525
FAILED,,,1491,0.8698001009114086,0.5073589580953121,2669,3289,73
FAILED,,,1608,0.4713751762453466,0.3484076517429202,3875,1371,708
FAILED,,,4045,0.5851465033758431,0.593257005110383,1870,2632,2890
FAILED,,,3699,0.0510841564983129,0.2302837790157646,3120,2084,4595
FAILED,,,626,0.8807060770019888,0.95280989395082,125,822,1816
FAILED,,,150,0.1760191125180572,0.6587159847579896,902,313,435
FAILED,,,3028,0.7557450979631393,0.3996276919264346,3593,2442,3165
FAILED,,,4546,0.3463413851745426,0.7942609703205525,2343,3206,4243
FAILED,,,2304,0.7101913866214454,0.0226536902505904,4653,1078,2168
FAILED,,,2308,0.4518319911379367,0.7745265571977942,1820,599,132
FAILED,,,4600,0.620303336361423,0.0345902728885412,3847,1964,3467
FAILED,,,2993,0.031521467603743,0.6467746395673603,98,2949,3940
FAILED,,,87,0.91584339132905,0.4193649566322564,3070,1584,2471
FAILED,,,700,0.1565976123046129,0.218342435684055,3545,1219,1030
FAILED,,,3723,0.7907799486275762,0.9725471642334012,872,3465,2568
FAILED,,,4002,0.3269003663025796,0.3286732404790818,4623,2262,4917
FAILED,,,1593,0.7452067334987224,0.6051935933250933,2295,17,1493
FAILED,,,1554,0.0968402781877666,0.2583827440850436,1163,2046,2109
FAILED,,,4118,0.9596884504575282,0.5504820945430547,3171,681,4302
FAILED,,,3137,0.4255222866237163,0.1327018416337668,1921,1447,3222
FAILED,,,1207,0.5062464428916573,0.9336730677951128,4913,2812,376
FAILED,,,517,0.3005830495115369,0.7014777955170721,4138,3165,1758
FAILED,,,2642,0.6312031408380717,0.4896471101939678,1447,919,4653
FAILED,,,4795,0.2218783503510057,0.813392310803756,2697,373,2949
FAILED,,,2035,0.8346478483043611,0.1202225241065025,388,2618,649
FAILED,,,2025,0.1902631426341831,0.5176345763206482,4459,1710,4422
FAILED,,,4903,0.8662622529678046,0.2911995641048997,2454,2971,1674
FAILED,,,2672,0.2699434029366821,0.9026834284365176,3704,1769,887
FAILED,,,429,0.661843887893483,0.163721695875749,708,508,3022
FAILED,,,983,0.39378510402143,0.4578046634662896,236,218,4071
FAILED,,,3421,0.5379825250133871,0.7333504645638168,2927,2347,2024
FAILED,,,4324,0.0660786567274481,0.0901770431566983,1676,3332,614
FAILED,,,1251,0.9904508749712257,0.8434071009866893,3986,1204,3294
FAILED,,,1838,0.3586376083903014,0.0045450298804789,2557,2670,2797
FAILED,,,3816,0.7134705918915569,0.8045415853224694,531,1409,1113
FAILED,,,3460,0.187359293250367,0.3875227478463202,4282,863,1253
FAILED,,,866,0.7600174646284431,0.6786475465558469,1307,2124,4842
FAILED,,,233,0.0631367348060011,0.9415577628165483,2085,2429,3695
FAILED,,,2944,0.8842289271801709,0.2493625278677791,4754,301,213
FAILED,,,4473,0.482471697198227,0.5723463130444288,1004,1066,2230
FAILED,,,2376,0.5896625298205763,0.3614902984406799,3336,3196,3865
FAILED,,,2473,0.0039181593488901,0.15260881642811,3949,96,4700
FAILED,,,4451,0.9278639859911054,0.9057588960900904,1641,2232,1394
FAILED,,,2845,0.4563717550598084,0.2707021433841437,2890,3437,1243
FAILED,,,250,0.6001427844502031,0.5461756399348378,199,1301,2663
FAILED,,,848,0.3321674307603388,0.8402699097581207,674,1613,3800
FAILED,,,3559,0.7243724811468272,0.1013578772787004,3666,2867,2293
FAILED,,,3838,0.1277343114390969,0.7047555294521152,2416,1884,266
FAILED,,,1742,0.8040379872024059,0.4783621867839247,4423,629,3641
FAILED,,,1391,0.4203083445187658,0.634700833324343,3370,2533,3084
FAILED,,,4268,0.5270727855395526,0.4239169448111206,1042,398,822
FAILED,,,3287,0.1257262411452829,0.7543778112865984,4792,946,1619
FAILED,,,1044,0.9463920419178902,0.0622627329621464,2121,3081,4474
FAILED,,,368,0.2495804657731205,0.3251537949126213,1346,2785,3435
FAILED,,,2805,0.822543202580884,0.6162367456182837,4317,1531,471
FAILED,,,4959,0.2961116324961185,0.1917103703003376,567,766,1892
FAILED,,,1886,0.6512491814270615,0.9916574041172862,2595,2020,4202
FAILED,,,2169,0.2644971683472395,0.3910696942731737,2252,1118,397
FAILED,,,4734,0.6828644486293197,0.6675178615432232,4583,3357,3194
FAILED,,,2502,0.2189396592322737,0.0312733018025755,832,2374,4284
FAILED,,,573,0.8531829086411744,0.7853979332130401,3503,135,2120
FAILED,,,1151,0.0939900995381176,0.5843945665750652,3029,481,748
FAILED,,,3276,0.978129284005612,0.3570266721583902,55,1852,2843
FAILED,,,4180,0.3895458605196326,0.9616121313665063,3804,3056,4557
FAILED,,,1420,0.5578344664853065,0.2217254281677305,1780,1684,1847
FAILED,,,1693,0.1594703935608267,0.8757133853975683,428,3275,2364
FAILED,,,3985,0.7723008046001196,0.1826236363537609,2739,1037,4038
FAILED,,,3628,0.3629298552740365,0.5143332229498773,1489,272,3556
FAILED,,,722,0.6936108596865088,0.3025747826881706,4179,2510,35
FAILED,,,65,0.487986159723252,0.0703682081773877,4956,2153,1466
FAILED,,,3089,0.5685275767333805,0.8712897937428206,1961,782,4938
FAILED,,,4617,0.0345589064043015,0.4455146983042359,3211,1329,2579
FAILED,,,2209,0.8972243394162505,0.7375723197292536,1206,2701,1012
FAILED,,,2214,0.4858840067069977,0.4219463317524641,367,3134,2128
FAILED,,,4610,0.5667318852450698,0.644436924226582,2718,895,4280
FAILED,,,3092,0.0324562719278037,0.0330296771358698,1467,349,3202
FAILED,,,60,0.8954281813390553,0.7758435080423951,4117,2588,394
FAILED,,,718,0.1576120081413537,0.6025974732525646,4895,2076,1853
FAILED,,,3632,0.770261590892449,0.33102571564354,1939,706,4554
FAILED,,,3978,0.3610709958299994,0.9740930150337516,3189,1472,2850
FAILED,,,1699,0.6915711570829152,0.2170402446631342,1145,2841,747
FAILED,,,1425,0.0918893667366355,0.9349900186397136,2274,1250,33
FAILED,,,4173,0.9763312205355614,0.1311412458810955,4644,3489,3563
FAILED,,,3279,0.3874456128962338,0.5481443792022764,893,2287,4037
FAILED,,,1147,0.5560368733219802,0.2609641192052513,3524,47,2371
FAILED,,,569,0.2626402180138975,0.1189203330855816,3051,569,1009
FAILED,,,2506,0.6808228480685502,0.8149381616041063,115,1939,2587
FAILED,,,4728,0.2170831717699766,0.4919995853584259,3866,2924,4935
FAILED,,,2175,0.8511417858228087,0.6988816754445433,1802,1554,1473
FAILED,,,1891,0.2477210040390491,0.1611864888891577,3353,2460,2662
FAILED,,,4952,0.8205029125586151,0.9049749905150384,986,323,1250
FAILED,,,2808,0.2942536114249378,0.2928063279911875,4735,1090,1392
FAILED,,,363,0.6492103171963244,0.5162714722137897,2103,3227,4707
FAILED,,,1039,0.4182053605653345,0.8459275630209595,1329,2639,3637
FAILED,,,3289,0.525276263114065,0.0879002409018576,4261,1386,274
FAILED,,,4261,0.1236246755477041,0.7317289557252079,511,839,2289
FAILED,,,1396,0.9445969527196137,0.4591825273968279,2578,2094,3808
FAILED,,,1748,0.3303113076463341,0.6772844424489886,4004,187,4483
FAILED,,,3831,0.7223317078053951,0.389129511732608,1658,2324,1616
FAILED,,,3563,0.1258767588157206,0.8068331474009901,2908,3309,831
FAILED,,,844,0.801995799222961,0.0020098228938877,254,1172,3081
FAILED,,,246,0.0018184991441667,0.3628681623712182,730,1741,4209
FAILED,,,2847,0.9260669951178132,0.57072480420582,3683,2995,1890
FAILED,,,4444,0.4542706727813929,0.2470857256129384,2433,1793,478
FAILED,,,2478,0.5983443566318601,0.9440782248508184,4479,538,3433
FAILED,,,2382,0.0613385486472398,0.5446301460471004,2614,2761,3023
FAILED,,,4466,0.8821280865613371,0.2720039774924516,549,1500,880
FAILED,,,2947,0.4806739887818693,0.9083556110169738,4298,735,1676
FAILED,,,229,0.5875621520727872,0.1502557464092969,1364,1996,4416
FAILED,,,861,0.3565956546347588,0.4799233773909509,2142,2558,3297
FAILED,,,3462,0.7116132734920829,0.7034379837531596,4771,428,606
FAILED,,,3809,0.1853178098015487,0.0987768590711057,1021,976,2027
FAILED,,,1843,0.7581606314070523,0.842607268186286,3392,3106,4063
FAILED,,,1257,0.3919893047157674,0.0599096629433333,4441,1636,4835
FAILED,,,4317,0.5358802493084222,0.756974526213482,2398,2898,1256
FAILED,,,3424,0.0642823685258626,0.4252187789194286,3648,1914,1104
FAILED,,,979,0.9883481252416968,0.6331553394366056,692,653,2799
ABANDONED,,,424,0.1882235608603805,0.9939947625454514,219,72,3859
ABANDONED,,,2674,0.8644035143535584,0.1891293520927429,2870,2203,2232
ABANDONED,,,4895,0.2679033545739948,0.614919199919328,1620,3407,207
ABANDONED,,,2030,0.6599846678189933,0.3267149855196476,3969,1276,3697
ABANDONED,,,2041,0.2985421683527529,0.7870200369060039,1185,2176,2463
ABANDONED,,,4788,0.6293468950353562,0.0298948430176824,3232,813,3943
ABANDONED,,,2644,0.2198360322471707,0.6649977564215659,1982,1360,3459
FAILED,,,512,0.8327901804279536,0.3933461396154016,4935,2724,134
FAILED,,,1203,0.0950429192483425,0.2201190211940556,4160,3252,1487
FAILED,,,3140,0.9575884370580316,0.9629748785607516,1508,1006,4919
FAILED,,,4112,0.4237235130462795,0.3595624739993363,2758,241,2562
FAILED,,,1560,0.504144999982789,0.5821024096421897,410,2487,1032
FAILED,,,1598,0.1545571995936334,0.3048512280303984,1759,457,378
FAILED,,,3995,0.788920379076153,0.5118131178282201,3826,1821,3216
FAILED,,,3726,0.3248613868188112,0.1812451775688677,76,3025,4303
FAILED,,,695,0.7433485823031514,0.877335489090532,3009,1661,2102
FAILED,,,83,0.4500351155176758,0.735280162796378,3484,1142,652
FAILED,,,2997,0.6181999843418599,0.4480505001451819,850,3388,2942
FAILED,,,4594,0.029726017775014,0.8726525409370661,4601,2405,4657
FAILED,,,2314,0.9137414799723774,0.0687618012037128,2234,159,1751
FAILED,,,2300,0.1742229544408619,0.8217296797651797,3775,1513,975
FAILED,,,4549,0.7536424634866415,0.1118849357925355,1731,2773,2619
FAILED,,,3020,0.3445456936862319,0.6921503695566206,2981,2007,4978
FAILED,,,155,0.708089233605191,0.4989743168018758,25,746,1428
FAILED,,,632,0.4693354736417532,0.1381153787523508,803,389,75
FAILED,,,3693,0.583287643931806,0.928259303888306,3454,2520,3518
FAILED,,,4048,0.0490449427906423,0.2539283612817526,2203,3066,4001
FAILED,,,1604,0.8788476915825159,0.554936250558123,4552,935,2405
FAILED,,,1486,0.2792268719486892,0.3398280590176582,3281,2856,1810
FAILED,,,4087,0.6642441930659115,0.5940389941390603,1215,1595,4597
FAILED,,,3185,0.2005326403658836,0.2081776741445064,4966,610,2883
FAILED,,,1218,0.8676993681099265,0.9827121451254934,2030,1870,710
FAILED,,,508,0.0753622409924864,0.6530564149487763,1558,2219,2160
FAILED,,,2591,0.9928512953966856,0.4130834080390632,4188,89,4245
FAILED,,,4822,0.4040547244418412,0.7672856275010854,438,1291,3157
FAILED,,,2104,0.5394197628442197,0.0418314293734729,2808,3421,437
FAILED,,,1958,0.4348171935696154,0.5639934815876186,2347,771,4161
FAILED,,,4872,0.5086581562552601,0.369842880802229,4414,2134,1930
FAILED,,,2718,0.1070983677282929,0.9508697262816131,664,2681,509
FAILED,,,439,0.961114127665758,0.2400503153074532,3597,1318,3395
FAILED,,,973,0.2311733725499361,0.3820937407966703,2822,1021,4513
FAILED,,,3370,0.8370596769209951,0.6840762970745563,189,3267,1578
FAILED,,,4351,0.3108412617407739,0.008983942752704,3939,2501,782
FAILED,,,1320,0.6326289407350123,0.8001024159193038,1572,256,3122
FAILED,,,1828,0.0184041511211544,0.0790376871135085,597,1834,3600
FAILED,,,3766,0.9094874422568828,0.85454670612514,2644,470,304
FAILED,,,3488,0.4377210243642329,0.4679848875012248,1394,1673,2331
FAILED,,,934,0.6149029557481408,0.7231704896241427,4347,3036,3760
FAILED,,,166,0.3137831650730222,0.8964171229861677,4822,3350,2701
FAILED,,,2913,0.7388508996795862,0.1699882578570395,2169,1104,1203
FAILED,,,4519,0.14248676821962,0.5248909759484232,3419,119,1354
FAILED,,,2387,0.7853796907030046,0.2839434210080653,1072,2365,4737
FAILED,,,2444,0.3731233436316251,0.1961647679749876,1686,907,3905
FAILED,,,4380,0.6950937618836759,0.9872032629735767,4055,3147,2192
FAILED,,,2852,0.1687083134595304,0.3197402726653963,305,2599,175
FAILED,,,300,0.7747773570884018,0.6216505243964492,2936,360,3735
FAILED,,,800,0.0447522795088589,0.7637052521184086,3714,667,4805
FAILED,,,3548,0.8987071263603866,0.0529355412255972,777,2037,1294
FAILED,,,3905,0.497223956933245,0.6263634792342782,4528,2801,1153
FAILED,,,1772,0.5710040065329521,0.4322545479964464,2463,1431,2758
FAILED,,,1343,0.2047717054113745,0.7119964442774653,955,3447,3334
FAILED,,,4257,0.8478473671525716,0.4711210154276341,3306,1208,577
FAILED,,,3353,0.2513152506817132,0.8339881195053457,2056,4,1987
FAILED,,,1074,0.6765657245460897,0.1076394110005348,4706,2243,4112
FAILED,,,339,0.3753777914457023,0.2808668900523334,4233,1955,2984
FAILED,,,2735,0.5524988097436726,0.5360106441713869,1279,585,928
FAILED,,,4966,0.0808080591838806,0.1414539830181747,2528,1569,1714
FAILED,,,1935,0.9718304372336716,0.9169134804047644,483,2939,4384
FAILED,,,2121,0.1115697252582758,0.441075770560652,4671,282,687
FAILED,,,4723,0.9410679086204617,0.7420114742610603,2325,2418,2909
FAILED,,,2569,0.4071150186620652,0.0757972003556788,3575,3183,4612
FAILED,,,602,0.5207626235224306,0.8658610283527522,921,1046,1795
FAILED,,,1123,0.2819550013560801,0.5050212446134537,146,1401,335
FAILED,,,3207,0.6459249328766017,0.3118869803771376,3100,2656,3260
FAILED,,,4188,0.2363870172277093,0.8840662019830196,1849,2108,4340
FAILED,,,1469,0.8162329178750514,0.1742710391208529,3896,854,2069
FAILED,,,1664,0.4665842657443136,0.95435574661009,2687,2337,1531
FAILED,,,3915,0.6016447387170046,0.2289815861359238,319,200,4877
FAILED,,,3636,0.0131370271779596,0.5906608868967742,4069,1183,2528
FAILED,,,771,0.9303215161524712,0.3507601250484586,1437,3320,1069
FAILED,,,17,0.1379467068705707,0.0210930926389992,1912,2957,2430
FAILED,,,3077,0.8055398262161761,0.7955779230240732,4844,1703,3978
FAILED,,,4684,0.3413861759006976,0.4022090651877224,1094,498,3505
FAILED,,,2238,0.7268298886194825,0.6563782712761312,3161,1753,91
FAILED,,,2248,0.0682012271899729,0.0160970419663935,878,758,4449
FAILED,,,4656,0.984441555896774,0.8008157150708138,3540,2014,1650
FAILED,,,3050,0.3959033989682793,0.375527926178649,2289,2779,874
FAILED,,,26,0.5319689155519008,0.6828138469718396,4628,1523,3037
FAILED,,,761,0.2717233149837702,0.9461922136098146,3843,952,4096
FAILED,,,3667,0.6561619394775479,0.2368995558228343,1824,3088,2002
FAILED,,,3945,0.1920387642942368,0.5690964452475308,3074,2541,601
FAILED,,,1654,0.8605760290361941,0.3725663080718368,93,405,3311
FAILED,,,1459,0.4768159595523029,0.5299948765039443,1451,1877,2793
FAILED,,,4219,0.591407724680379,0.286667785173282,4134,622,1118
FAILED,,,3238,0.0574852726757526,0.891740547209978,383,1606,1289
FAILED,,,1112,0.8859784124270081,0.1668384352680295,2701,2861,4809
FAILED,,,612,0.1813151975031942,0.4614200097788125,3166,3443,3691
FAILED,,,2542,0.7621661863755435,0.7219089764170348,1168,1308,220
FAILED,,,4695,0.352597803030163,0.086151723222807,4919,104,2265
FAILED,,,2130,0.7156235891543328,0.8552609421722591,1916,2240,3834
FAILED,,,1925,0.3209824168570339,0.2551603585593402,2921,1336,145
FAILED,,,4998,0.7472379343323409,0.5614716123510151,242,2707,3450
FAILED,,,2766,0.1506753724720329,0.1374325398616492,3992,2160,3915
FAILED,,,328,0.7928068739455192,0.9211766649354248,1671,789,2494
FAILED,,,1084,0.0257481495589017,0.6894573951121419,2458,265,1043
FAILED,,,3325,0.9177146730050444,0.4939018059670924,4454,2503,2553
FAILED,,,4229,0.4460543975774198,0.8248499789889902,705,3269,4891
FAILED,,,1352,0.622170327650383,0.1165319882035255,3708,1030,1517
FAILED,,,1781,0.2237758279256522,0.7704049898292868,4750,3063,2074
FAILED,,,3877,0.8288398279435932,0.046477544888854,2090,1692,4334
FAILED,,,3520,0.3024848174732178,0.6503625036086887,3339,488,3226
FAILED,,,809,0.6253993959929794,0.4080099603086709,1000,1859,370
FAILED,,,290,0.4275187256559729,0.207493898358196,537,2367,1722
FAILED,,,2884,0.5003546298593282,0.9756285692770033,2552,129,4687
FAILED,,,4412,0.0988409927356988,0.341059119399637,1303,1112,2952
FAILED,,,2433,0.9538009278122336,0.6005734190363436,4287,3351,643
FAILED,,,2416,0.3836504857968539,0.8872808636967092,3670,380,422
FAILED,,,4512,0.5598273289557545,0.1788827757723629,668,2625,3171
FAILED,,,2905,0.0880913861952722,0.5023538674954325,4419,3171,4270
FAILED,,,194,0.9801188227273524,0.3067260927744209,2421,925,2137
FAILED,,,905,0.2131432905811816,0.0750181251838803,1636,1441,774
FAILED,,,3499,0.8550920527968555,0.8588118313681334,3954,2805,2819
FAILED,,,3777,0.2586974759474396,0.4422802967205643,204,2038,4543
FAILED,,,1798,0.6847702541649342,0.748633339030668,2885,674,1862
FAILED,,,1290,0.0364342256542295,0.4034145282432436,4323,2269,2360
FAILED,,,4363,0.8914550738167017,0.6630010729413479,1340,25,4045
FAILED,,,3382,0.4898648175932466,0.0203149543628096,2590,1226,3591
FAILED,,,944,0.5627616348825394,0.7885296629350632,572,3472,3
FAILED,,,468,0.3649498802814632,0.5879944466743618,1037,2942,1463
FAILED,,,2710,0.6876817195434122,0.3456001743413508,3375,1577,4943
FAILED,,,4864,0.1614937423169612,0.9575713452193884,2125,592,2615
FAILED,,,1987,0.7663750030770898,0.2335942596830427,4787,1956,978
FAILED,,,2074,0.1298794566243886,0.6314939140118658,50,1060,4713
FAILED,,,4834,0.7979903297647833,0.4348914722893387,3034,3188,1378
ABANDONED,,,2602,0.3343092521969229,0.7591239757277071,1785,2422,1216
ABANDONED,,,478,0.7183214850891381,0.0497513397727161,3800,294,2687
ABANDONED,,,1247,0.4581286165006459,0.3131488607209175,4588,870,3815
ABANDONED,,,3176,0.5944986985139548,0.620476451061666,2247,2132,2276
FAILED,,,4080,0.0056716821696609,0.203183504698798,3497,2677,241
FAILED,,,1515,0.9222165763061492,0.9879518778845668,838,1416,3663
FAILED,,,1632,0.2904337365254759,0.1484717828463762,1956,3326,3048
FAILED,,,4041,0.6530331310480832,0.9176611584201456,4961,1196,856
FAILED,,,3684,0.2439058935511857,0.2742745412122458,1211,212,1622
FAILED,,,660,0.8243304908219725,0.5348356339409946,3207,2341,4469
FAILED,,,126,0.1197057313732802,0.8294059062190354,2744,1777,3399
FAILED,,,3032,0.9485034365542232,0.1044542726520448,424,514,504
FAILED,,,4561,0.4142911733668297,0.7171259421594441,4174,1717,1896
FAILED,,,2269,0.5291875039245933,0.4737570028249174,1494,2978,4195
FAILED,,,2343,0.2551741424500942,0.7285790290366858,4989,2581,3722
FAILED,,,4586,0.6727172074094415,0.4545060854628681,2007,337,182
FAILED,,,2989,0.2086277474556118,0.848652061028406,3256,884,2218
FAILED,,,111,0.8439960002917796,0.0930040373578667,1239,3129,3872
FAILED,,,665,0.0848117124773561,0.2935206978805363,455,2819,2745
FAILED,,,3738,0.9678221161924304,0.523385404223576,2791,1455,1159
FAILED,,,4006,0.3793785875793546,0.1599248715825379,1541,691,1319
FAILED,,,1568,0.548487631542608,0.8984102466348559,4204,2054,4772
FAILED,,,1530,0.1647884138002991,0.2458231416679918,3004,35,4138
FAILED,,,4123,0.7786866925060749,0.9375125143323092,2,2281,1954
FAILED,,,3152,0.3692063048500567,0.3635815656222403,3752,3484,562
FAILED,,,1174,0.6990059581790118,0.5778377695772797,1754,1240,3340
FAILED,,,541,0.4934031339846551,0.80955667877011,2219,1538,4410
FAILED,,,2636,0.574829679403454,0.0071126527115702,4537,2902,1681
FAILED,,,4780,0.0409343100022524,0.6741335491221399,788,1918,914
FAILED,,,2069,0.902535652672872,0.3844521031603216,3469,554,2990
FAILED,,,2001,0.0091999975722283,0.9690196714028716,1368,3200,1765
FAILED,,,4908,0.9342708276417107,0.2143461994808167,4373,1071,4641
FAILED,,,2685,0.4626424791626632,0.6072434549257159,623,306,2918
FAILED,,,394,0.605589293230325,0.3341451820712536,2617,2435,676
FAILED,,,1008,0.3375939078200608,0.0395639681909233,3405,2091,2039
FAILED,,,3416,0.7306193962041287,0.7770746725238858,1086,830,4369
FAILED,,,4309,0.1341496743783354,0.4148628600034862,4835,1377,3268
FAILED,,,1286,0.809324569389224,0.6437530145980417,2155,2639,325
FAILED,,,1871,0.410991044094786,0.4849170802477747,639,1152,1077
FAILED,,,3802,0.5168741340320557,0.6981987324543297,3623,3282,2517
FAILED,,,3455,0.1154505113847553,0.1254555907789617,2372,2298,4846
FAILED,,,890,0.9371841798238456,0.8161702927239239,4388,169,1560
FAILED,,,199,0.2403621193710714,0.5527913275137543,3927,529,100
FAILED,,,2959,0.8122607658375055,0.2640845522712916,1585,1791,3494
FAILED,,,4477,0.2859348567575216,0.92991764164716,2835,2995,3947
FAILED,,,2353,0.641957534097135,0.1284481673371046,177,1732,2459
FAILED,,,2486,0.1965576311685144,0.3525141098108142,2039,1970,1419
FAILED,,,4416,0.8716716130934655,0.58132440520823,4722,715,4989
FAILED,,,2820,0.2752471020575612,0.2267419567015022,972,1482,2650
FAILED,,,255,0.6682116773556916,0.9641802375167609,3289,2736,947
FAILED,,,834,0.4001786060631274,0.6696105638109147,2504,3103,2397
FAILED,,,3594,0.5433081593886017,0.3965616341251879,507,966,4012
FAILED,,,3863,0.0714813693556934,0.7818599820993841,4257,421,3549
FAILED,,,1737,0.9967349386829882,0.0272285366374999,1255,2556,47
FAILED,,,1386,0.3483380547128617,0.8674915194921194,289,633,741
FAILED,,,4292,0.7042998189665377,0.0660945281852036,2951,1888,2856
FAILED,,,3321,0.1780200724434107,0.7398920035474001,1701,2873,4588
FAILED,,,1029,0.7498578058239072,0.4512650280166417,4040,1618,1820
FAILED,,,372,0.0529818794503808,0.1878671464379876,4505,1268,468
FAILED,,,2781,0.8748982871472835,0.8785398814082145,2486,3403,3129
FAILED,,,4925,0.47327717471309,0.2978018972035497,3736,2201,4237
FAILED,,,1901,0.5793430039081722,0.5110341467559337,755,65,2170
FAILED,,,2165,0.4415419402588158,0.0976019529402255,4083,2718,3369
FAILED,,,4758,0.6110773758236318,0.8360147855039685,1423,1348,543
FAILED,,,2537,0.0222222061380744,0.4806709215641021,2673,801,1943
FAILED,,,558,0.905659001454711,0.7104558876808733,333,2172,4155
FAILED,,,1156,0.1464065749328583,0.9109914645720272,1121,2463,3096
FAILED,,,3252,0.7814702623393386,0.1553853483907878,3135,225,814
FAILED,,,4145,0.3177001183442771,0.5414451117981224,1886,992,1592
FAILED,,,1434,0.7349386178739368,0.2674216303639113,4871,3230,4506
FAILED,,,1708,0.1030948073808103,0.6117351323086768,3588,1648,3775
FAILED,,,3951,0.9651225416529924,0.3221336050294339,908,3019,2325
FAILED,,,3604,0.4308164829462766,0.9966315827388316,4658,1816,278
FAILED,,,727,0.512669419966638,0.1942599207125604,2337,446,3633
FAILED,,,50,0.3069822770263999,0.4259672897309064,1875,143,4751
FAILED,,,3123,0.6364773649256676,0.6401742100026458,3870,2381,1347
FAILED,,,4641,0.2273172449953854,0.0587357234507799,121,3367,1177
FAILED,,,2203,0.8409109582714736,0.750383010169491,3125,1129,2734
FAILED,,,2195,0.2301083341594785,0.5781814838591963,1263,402,2310
FAILED,,,4633,0.8420269598793239,0.3556872609145939,4248,2532,3789
FAILED,,,3115,0.3078232049681246,0.966850857520476,498,3080,3619
FAILED,,,42,0.6395416279397905,0.2240406533665955,2513,950,292
FAILED,,,734,0.4319247700367123,0.3972830000594258,3300,1526,1332
FAILED,,,3610,0.5154528243560343,0.6688585071098059,961,2787,4766
FAILED,,,3957,0.1061513484418392,0.0260348582044243,4711,2022,2720
FAILED,,,1715,0.9659557773843408,0.7830838828515261,2050,761,1192
FAILED,,,1441,0.3205131204556673,0.0648858594223856,743,2232,538
FAILED,,,4152,0.73601557472907,0.8687308864574879,3748,102,3373
FAILED,,,3258,0.1472713044844567,0.4519714036211371,2497,1305,4150
FAILED,,,1163,0.7844973990060388,0.7391554130595177,4493,3436,1948
ABANDONED,,,550,0.0233067064899951,0.8811955110821872,4031,2868,810
ABANDONED,,,2530,0.9084795173201708,0.1851813093163073,1710,1608,3100
ABANDONED,,,4751,0.4445766129866242,0.5078762350771576,2960,624,4502
ABANDONED,,,2157,0.6119496116936207,0.3009905145205557,281,1885,1597
ABANDONED,,,1913,0.4763109700307249,0.8386854036487638,4880,1035,2870
ABANDONED,,,4936,0.5802143921107052,0.0949006514642387,1877,3280,726
ABANDONED,,,2793,0.0540674059260636,0.7073129644729196,3127,2516,1835
ABANDONED,,,384,0.8777198588792234,0.4838440745268017,1129,270,4573
ABANDONED,,,1016,0.1788837461285293,0.1541916718166321,345,784,3143
ABANDONED,,,3308,0.7528839163668453,0.9122153634652496,2662,2147,453
ABANDONED,,,4279,0.3511519044917076,0.2681429981570691,1412,2695,2186
ABANDONED,,,1373,0.7053776532318443,0.5406930532380938,4095,1331,4222
ABANDONED,,,1724,0.0745389662832021,0.3228399824928492,3113,3363,4994
ABANDONED,,,3850,0.9975692005380988,0.6109985399618744,132,1117,1414
ABANDONED,,,3582,0.4012860454861074,0.1930512538086622,3883,134,951
ABANDONED,,,821,0.5460906863678247,0.99787094784528,1864,2379,2645
ABANDONED,,,266,0.2760889074094593,0.6370162964649498,2328,1847,4017
ABANDONED,,,2832,0.6712767880372703,0.4291559089068323,4667,484,2392
ABANDONED,,,4428,0.1993476942088454,0.753038637984544,917,1687,52
ABANDONED,,,2498,0.8727865588348359,0.0560498881880193,3579,3050,3544
ABANDONED,,,2359,0.2889914108309895,0.4552466335911303,4213,680,2502
ABANDONED,,,4484,0.6427907679695635,0.7278691716752946,1532,2050,1091
ABANDONED,,,2966,0.241470393449068,0.0917611923534423,2782,2816,1545
ABANDONED,,,206,0.8150441720858215,0.849864683713764,463,1447,4862
ABANDONED,,,882,0.1162914300318807,0.5201933646351099,1250,920,3479
ABANDONED,,,3447,0.940248448414728,0.2966825077142566,3246,3160,114
ABANDONED,,,3793,0.4137821425534785,0.9010999781936408,1996,2613,2444
ABANDONED,,,1863,0.5179901300631463,0.1572658233549446,5000,374,3962
ABANDONED,,,1278,0.1371843452472239,0.9402172362208366,3458,1968,4636
ABANDONED,,,4302,0.8101968182716519,0.2431486272271722,799,598,1770
FAILED,,,3408,0.3386784100309014,0.5746607203185558,4549,1583,671
FAILED,,,999,0.7334398990571499,0.3667279092427342,2207,2953,2923
FAILED,,,401,0.4635072142910212,0.0058847980368882,1745,3460,4363
FAILED,,,2692,0.6086164206024259,0.8107538352422416,3761,1221,2043
FAILED,,,4914,0.0120129941068589,0.3852076416183263,11,19,320
FAILED,,,2008,0.935347793791443,0.6734082255475223,2996,2258,3273
FAILED,,,2057,0.0437481542043387,0.2131033526174724,2164,1414,1969
FAILED,,,4767,0.9036134962327778,0.9702322959471494,4826,2669,4123
FAILED,,,2624,0.4942668132465332,0.3348857283405959,1077,2123,3355
FAILED,,,528,0.5778557806517928,0.6065335994232445,3414,868,549
FAILED,,,1185,0.3702918331846594,0.7797644059415906,2629,294,1696
FAILED,,,3164,0.7018275168985127,0.0369049181044101,611,2431,4395
FAILED,,,4136,0.1678222072590142,0.6405609768684953,4361,3198,3005
FAILED,,,1541,0.779558093721047,0.4180246679782867,1379,1061,899
FAILED,,,1581,0.3821686599142849,0.6950216850545257,165,2969,186
ABANDONED,,,4017,0.5496025717072189,0.4880634220093488,2847,1715,3718
ABANDONED,,,3749,0.0856535085346549,0.818875016471371,1596,512,3877
ABANDONED,,,677,0.9708872324507684,0.1227810744792223,3914,1767,2214
ABANDONED,,,99,0.2097351738661527,0.2648400888703763,4380,2350,1163
ABANDONED,,,2976,0.8467785291299224,0.5520660057980566,2382,213,2740
ABANDONED,,,4572,0.2582317523900419,0.1272203108035027,3631,1198,4777
ABANDONED,,,2330,0.673551467405632,0.9311147999782116,629,3334,1314
ABANDONED,,,2276,0.4173249798379838,0.1781460291352122,2874,2063,841
ABANDONED,,,4568,0.5300588884092867,0.88798690469563,215,692,3062
ABANDONED,,,3039,0.1207912764381617,0.3079651251342147,3965,1458,4454
ABANDONED,,,132,0.9513249822612851,0.5011450425833462,1624,2828,1636
ABANDONED,,,652,0.2447695858255028,0.8620000545941293,2411,3121,489
ABANDONED,,,3676,0.8273565753400325,0.0718601168412715,4428,882,3415
ABANDONED,,,4032,0.293247597457841,0.7459474052451551,678,335,4181
ABANDONED,,,1624,0.6541109615955502,0.444935532303527,3662,2574,1911
ABANDONED,,,1507,0.0087292753793299,0.6603001488260924,4797,556,1374
ABANDONED,,,4071,0.9230508493147788,0.4060852300394326,2116,1925,4718
ABANDONED,,,3169,0.4592360298987477,0.7917028958313166,3366,2909,2682
ABANDONED,,,1239,0.5972812440823763,0.0171724122334271,1047,1539,1222
ABANDONED,,,484,0.3351510315239429,0.3468242163714021,584,1238,2271
ABANDONED,,,2609,0.7213866143599152,0.586801087975502,2579,3477,3820
ABANDONED,,,4841,0.1326695159468799,0.2328425227161496,1328,2273,3658
ABANDONED,,,2081,0.7991052866596728,0.9582928524315356,4334,33,246
ABANDONED,,,1974,0.1642848575059324,0.4361305027902126,826,2627,4060
ABANDONED,,,4851,0.7674909860957414,0.6302850909586994,3508,1372,2346
ABANDONED,,,2698,0.3657908119410276,0.0490145912766456,2258,824,17
ABANDONED,,,455,0.690745971404016,0.7598300185855477,4577,2079,3577
ABANDONED,,,955,0.490973108401522,0.6177905191350728,3792,2447,4958
ABANDONED,,,3392,0.5655450281184166,0.3158040944449603,1793,311,1449
ABANDONED,,,4375,0.0394907927401363,0.9911401029694824,3043,1076,994
ABANDONED,,,1302,0.8922882909588515,0.2000254944972693,42,3212,2600
ABANDONED,,,1810,0.2615104594696313,0.9208343931753188,1502,1728,3176
ABANDONED,,,3789,0.6858472370449453,0.1453292388580739,4165,2982,417
ABANDONED,,,3510,0.2140080089792609,0.532134711684659,416,1778,2141
ABANDONED,,,917,0.8581191931813955,0.2769452411495149,2752,524,4264
ABANDONED,,,182,0.0891758753936737,0.1037025338262319,3218,174,2825
ABANDONED,,,2892,0.982939342310652,0.8301274152901023,1199,2311,769
ABANDONED,,,4498,0.3866851399354636,0.4749810429960489,4950,3294,1867
ABANDONED,,,2403,0.5606995908506214,0.7159325853195041,1968,1157,4539
ABANDONED,,,2425,0.1016548555269837,0.803962452782318,82,2545,4319
ABANDONED,,,4404,0.9548787453472614,0.0129200893715024,3085,415,2089
ABANDONED,,,2875,0.4283824160713702,0.6801394291948527,1836,961,355
ABANDONED,,,281,0.5033807273898274,0.3782330421581864,3831,3091,3242
ABANDONED,,,815,0.3035703569613397,0.236174388397485,4619,2748,4672
ABANDONED,,,3528,0.6282209509946405,0.9469480866733938,2298,1487,1737
FAILED,,,3884,0.2268096399735659,0.373763799149543,3548,721,628
FAILED,,,1788,0.8297112031336874,0.567868746722117,869,1982,2967
FAILED,,,1359,0.4488444438874721,0.2878802665807306,1925,59,3446
FAILED,,,4236,0.6232852864041925,0.5287517117653042,4909,2189,151
FAILED,,,3332,0.0265899418983608,0.1661282581724226,1159,3392,2489
FAILED,,,1090,0.9207798004169016,0.892480954060331,3174,1262,3920
FAILED,,,320,0.1517827951647341,0.7192495489697903,2712,1624,2548
FAILED,,,2758,0.7955894139371811,0.4641096595451235,372,2885,1048
FAILED,,,4989,0.3240400007721036,0.8584226702135056,4122,1899,1512
FAILED,,,1917,0.7480722129177301,0.0829593044146895,1463,638,4895
FAILED,,,2142,0.3556543608214706,0.5587971927151084,3697,3239,1133
FAILED,,,4706,0.7164568118732422,0.2578654763977974,715,992,2779
FAILED,,,2553,0.1824234976060688,0.9243234007880092,4466,227,4824
FAILED,,,623,0.764949574034661,0.1342555891256779,2447,2472,1275
FAILED,,,1100,0.058326217347756,0.4950992989037185,1662,2163,234
FAILED,,,3225,0.889042662428692,0.6882296947278082,4001,801,3677
FAILED,,,4207,0.4796070617288351,0.115806822637096,251,1347,3848
FAILED,,,1446,0.5925237095579505,0.8256058501936495,2912,2710,2251
FAILED,,,1641,0.1950734240096062,0.0457673696521669,4296,1129,1655
FAILED,,,3932,0.8614482816364615,0.7711453948207199,1293,3375,4444
FAILED,,,3655,0.2728077986054122,0.4092224435750395,2543,2390,3042
FAILED,,,747,0.658982468355447,0.6491193370111286,546,144,869
FAILED,,,37,0.3967681155074387,0.97879029545933,1011,445,2007
FAILED,,,3061,0.5349960689488799,0.2043014814089983,3328,1808,4091
FAILED,,,4668,0.0710142125710845,0.5979139897301792,2078,3010,3316
FAILED,,,2259,0.985518525764346,0.3437487710248678,4761,1647,595
FAILED,,,2232,0.3424945670906454,0.984029992898926,2473,2833,4872
FAILED,,,4677,0.7296133673656731,0.1993073324114084,4519,1470,1536
FAILED,,,3070,0.1410033520311117,0.624351470818743,769,704,1064
FAILED,,,10,0.806373136304319,0.3170695336908102,3722,2067,2533
FAILED,,,779,0.0159280419852584,0.0536872410140931,2948,2596,3973
FAILED,,,3644,0.9314374136608092,0.7629837672132997,294,351,2435
FAILED,,,3922,0.4674251193292439,0.4310305282734334,4043,897,86
FAILED,,,1673,0.6047088976316153,0.6275568007547409,1697,3142,3510
FAILED,,,1477,0.2374715919364243,0.4698820053748786,472,1552,2894
FAILED,,,4195,0.8190535378400235,0.7132052320111542,2539,2915,701
FAILED,,,3214,0.2849897484406828,0.1083761204592883,1289,1931,1781
FAILED,,,1131,0.6467972728461026,0.8332821008134633,4222,566,4627
FAILED,,,596,0.4099279166739434,0.5386966002639382,4697,50,3245
FAILED,,,2562,0.5218395060207695,0.2782116172909736,2065,2295,351
FAILED,,,4715,0.1124343507103622,0.9137252200003712,3315,3497,2054
FAILED,,,2114,0.9440949709303676,0.1446120136678218,947,1252,4355
FAILED,,,1948,0.0816718369685113,0.7447124188244342,3905,2106,581
FAILED,,,4979,0.974856622133404,0.4384050334449857,1841,844,3330
FAILED,,,2747,0.3781917453240603,0.8626877564191818,3091,1390,4117
FAILED,,,351,0.5535767183657736,0.0789397666510194,155,2651,1982
FAILED,,,1062,0.2543489716425538,0.3106629625130444,932,3215,932
FAILED,,,3342,0.6774370086491108,0.5062145642749964,3563,1085,2979
FAILED,,,4245,0.205857157530263,0.1750227407682687,2313,319,4389
FAILED,,,1331,0.8506688347849994,0.883344715218991,4683,2448,1709
FAILED,,,1760,0.4980658366419374,0.2297182974535971,3151,543,2207
FAILED,,,3893,0.5740692213140428,0.9536497260592876,1106,1805,3891
FAILED,,,3536,0.0475424169059842,0.3495211168546229,4855,3008,3750
FAILED,,,788,0.899822176201269,0.5918696727715432,1900,1746,161
FAILED,,,313,0.171765806287527,0.7923896607607603,1428,1167,1309
FAILED,,,2866,0.7756115445867181,0.0242511251475662,4078,3297,4791
FAILED,,,4393,0.374230678955093,0.6590642255097627,328,2312,2773
FAILED,,,2457,0.6978762145061045,0.3995537942852824,2678,182,1138
FAILED,,,2395,0.1433276125099509,0.1125951500665396,4562,3117,298
FAILED,,,4528,0.7884438551943748,0.8209892506077886,2195,981,3604
FAILED,,,2922,0.3165741891749203,0.4977618130873888,3445,433,3756
FAILED,,,173,0.7399667916111649,0.693393571473658,812,2570,2335
FAILED,,,928,0.4407776825372129,0.9250976130254566,37,1984,1198
FAILED,,,3481,0.6157362639773636,0.1413077752534299,2970,729,2706
FAILED,,,3759,0.0195125292986631,0.5575956556983293,1720,1495,4733
FAILED,,,1822,0.9122709228619932,0.2512387486938387,3787,2750,1358
FAILED,,,1313,0.3117058927696197,0.5967133896090089,2797,1282,1914
FAILED,,,4344,0.6356559937503188,0.337122980216518,449,3418,4176
FAILED,,,3364,0.2339862649850547,0.9795654445923864,4199,2214,3380
FAILED,,,966,0.8381365687139332,0.2113546044323593,1547,78,523
FAILED,,,448,0.1101331129539757,0.4118858946543186,2022,648,1564
FAILED,,,2726,0.961986480647698,0.6542841506525873,4974,1902,4527
FAILED,,,4879,0.4359017701372503,0.0425566339772194,1224,2886,3107
FAILED,,,1966,0.5114787632077932,0.7665297321304679,3271,1631,797
FAILED,,,2093,0.4051401784196496,0.3686303752288222,1581,2478,4602
FAILED,,,4811,0.5422412174642086,0.5652366853635759,3930,240,1804
FAILED,,,2580,0.0783959600944072,0.2407605277225375,180,1004,715
FAILED,,,496,0.9937225925121456,0.9501292989831418,2831,3242,2878
FAILED,,,1231,0.2033465886674821,0.6867357040736825,3609,2733,4250
FAILED,,,3197,0.8687772860266268,0.3794041263498366,653,1362,2155
FAILED,,,4101,0.2800906553100794,0.7969407269153744,4402,814,442
FAILED,,,1499,0.6672703686710447,0.0121763373948633,2359,2185,3152
FAILED,,,1616,0.0501522651016712,0.8514000074509531,1060,157,2634
FAILED,,,4062,0.8816301460638643,0.0822146155424416,3431,2395,960
FAILED,,,3706,0.4723929794821888,0.7258448869530111,2181,3379,1442
FAILED,,,645,0.5841218295712024,0.4652798068411648,4810,1141,4963
FAILED,,,145,0.3473358403779566,0.1707134606018662,4337,1663,3533
FAILED,,,3009,0.709204277869314,0.89566122947447,1403,3034,61
FAILED,,,4538,0.175064824854955,0.2827459057644009,2653,1830,2420
FAILED,,,2288,0.7567076838444918,0.526118713511154,587,459,3987
FAILED,,,2322,0.0305897844061255,0.2712975795809179,3380,937,3211
FAILED,,,4602,0.9167676685899496,0.54536677371338,1033,3073,383
FAILED,,,3005,0.4528490508068352,0.1514644523505121,4782,2527,2097
FAILED,,,91,0.6192779189888387,0.9071162217445672,2130,391,4309
FAILED,,,689,0.3278950891904532,0.7065958731248974,1355,744,2936
FAILED,,,3719,0.7442198924310505,0.476734797252342,4308,1999,657
FAILED,,,3988,0.1556426405590027,0.8399516756907104,558,2766,1745
FAILED,,,1592,0.7917418504264205,0.1014626738857477,2605,1510,4661
FAILED,,,1553,0.4245653964728117,0.754303943388164,3978,3429,3929
FAILED,,,4105,0.5072102036103606,0.0626109439712017,1612,1293,2478
FAILED,,,3134,0.0978330826703459,0.636298238478601,2861,91,120
FAILED,,,1197,0.9587034683097154,0.4220456649940461,228,2227,3473
FAILED,,,520,0.2228935511000454,0.1903230677042156,703,1862,4904
FAILED,,,2652,0.8336243493370711,0.992770839486271,3636,608,1502
FAILED,,,4796,0.2996495073940604,0.3259935972783714,2386,1592,1018
FAILED,,,2049,0.6321293365042656,0.6156712937988341,4453,2847,2576
FAILED,,,2020,0.2690117197390645,0.0311035470999777,399,251,1261
FAILED,,,4884,0.6627681651543826,0.7857806494925171,2769,2489,4830
FAILED,,,2663,0.1912802023030817,0.392639739844948,1518,3255,2805
FAILED,,,413,0.8652368355952204,0.6657343859467655,4149,1018,1100
FAILED,,,991,0.0670733796153217,0.960319287924096,4926,1322,2237
FAILED,,,3436,0.989464033903554,0.2228048341497778,1991,2692,3854
FAILED,,,4330,0.3928301322758197,0.5852603008728474,3241,2147,3702
FAILED,,,1270,0.5389444268122315,0.3563738920018076,1176,775,202
FAILED,,,1855,0.1864024030994623,0.5149560187291354,2243,2352,895
FAILED,,,3822,0.7609812253471464,0.3016781122460961,4592,114,3009
FAILED,,,3475,0.3596304128728807,0.8746649081241338,842,1100,4430
FAILED,,,874,0.712485609743744,0.1839464567378163,3492,3338,1661
FAILED,,,218,0.4834868979472666,0.4473291100449859,3021,3048,621
FAILED,,,2936,0.5886390308532863,0.736032258534804,64,1678,3283
FAILED,,,4454,0.0622031926885247,0.0699555149562656,3815,475,4078
FAILED,,,2371,0.8851551228463649,0.8714286197368055,1771,1846,2013
FAILED,,,2471,0.4553561081700027,0.6476139957923442,1134,1426,1611
FAILED,,,4438,0.601165837276727,0.4187999509535729,3201,2790,4487
FAILED,,,2841,0.0048522070925682,0.7731387489754706,1951,2025,3076
FAILED,,,239,0.9269382959511132,0.0357042138837277,4884,661,835
FAILED,,,853,0.1286906959637999,0.3302701994925737,4109,366,1885
FAILED,,,3571,0.803073720857501,0.603322759648785,1476,2610,4214
FAILED,,,3839,0.3311750724185258,0.218268062159419,2726,3158,3428
FAILED,,,1755,0.7253579094354063,0.9728958808686584,358,913,482
FAILED,,,1404,0.1247320238836109,0.1323840537071228,1811,2927,1235
FAILED,,,4269,0.9473793886117636,0.933777418261394,3857,1563,2676
FAILED,,,3297,0.4212628701236099,0.2602235933840275,107,580,4692
FAILED,,,1047,0.5261104375999421,0.5488541993852704,3061,1943,1406
FAILED,,,356,0.2970437618345022,0.8122483928669244,3535,2254,259
FAILED,,,2802,0.6503253503069281,0.1215794036202132,882,10,3652
FAILED,,,4945,0.2485629004780203,0.7020737373400479,4632,1214,3794
FAILED,,,1885,0.8235681143272668,0.4888377383463084,2286,3458,2304
FAILED,,,2188,0.2179240123424679,0.902270229589194,2567,855,3568
FAILED,,,4741,0.8542059614676982,0.1638610274959355,522,2117,28
FAILED,,,2519,0.2654312160909175,0.5194485419206321,4272,2665,2376
FAILED,,,582,0.6819387585893272,0.2896599490512162,1317,1403,4032
FAILED,,,1135,0.3905022450443357,0.0891280602570623,2095,1045,2591
FAILED,,,3268,0.5568702001404016,0.8447304269969463,4744,3175,1004
FAILED,,,4161,0.0929977411963045,0.4584270131047815,994,2409,1479
FAILED,,,1413,0.9791147122941912,0.7324542402625083,3344,281,4931
FAILED,,,1687,0.3619356380123645,0.388388987770304,4489,1762,4295
FAILED,,,3966,0.694598206380382,0.6779942607730626,2424,499,2113
FAILED,,,3619,0.1604249191656708,0.0032526325788348,3674,1704,408
FAILED,,,706,0.7713384566605092,0.8056205451637507,738,2966,3187
FAILED,,,73,0.0354910357426852,0.5739168642424047,266,3312,4569
FAILED,,,3104,0.8963005082961171,0.3597063172180205,2897,1182,1839
FAILED,,,4623,0.4869685944281518,0.9413884542547166,1647,198,760
FAILED,,,2226,0.5695524884797633,0.2497447980064898,4016,2328,2835
FAILED,,,2225,0.3612819850929081,0.6284706903714686,2698,509,488
FAILED,,,4621,0.6913556803874671,0.4298732242546975,391,1771,3423
FAILED,,,3102,0.1573399719502776,0.7620701155383139,4141,2973,4219
FAILED,,,72,0.770537698118016,0.0548447829745709,1449,1711,1880
FAILED,,,708,0.0327890539020299,0.318226956680417,1924,1201,840
FAILED,,,3622,0.8950908450111746,0.6234379381146282,4916,3331,3071
FAILED,,,3969,0.4857337706629186,0.1981501473635434,1166,2346,4492
FAILED,,,1690,0.566886140273884,0.9849437635447827,3174,217,1606
FAILED,,,1416,0.2168111244253814,0.143698243021965,4621,2126,2300
FAILED,,,4164,0.8514179116375744,0.9148824050482361,2292,865,3799
FAILED,,,3270,0.2628511886876076,0.2791251499950885,3542,1410,3647
FAILED,,,1138,0.6806073825266212,0.5375391772743314,871,2672,264
FAILED,,,578,0.3872953582629561,0.8321245588529855,96,3194,1402
FAILED,,,2516,0.5561911395043134,0.1092897721342742,3067,1065,4697
FAILED,,,4738,0.0922221375573426,0.7143625360298901,1817,298,2671
FAILED,,,2185,0.9759939027968793,0.4689681157581508,3846,2427,1240
FAILED,,,1882,0.1228609959501773,0.8824310635440051,1003,1586,4925
FAILED,,,4942,0.9453561448846012,0.1761802827287465,3332,2950,1484
FAILED,,,2799,0.418907874263823,0.5071284538917243,2082,1964,999
FAILED,,,354,0.5245778204500675,0.3095056584943086,4752,600,2597
FAILED,,,1050,0.2936117245387285,0.0777825816031545,4280,16,4027
FAILED,,,3299,0.6498476497288793,0.8636015270650386,1305,2261,2381
FAILED,,,4271,0.2485453178845346,0.4395624564345926,2555,3463,23
FAILED,,,1407,0.8196826176978647,0.7437988861203194,529,1218,3573
FAILED,,,1758,0.4549731753263622,0.4004673269893974,1678,2813,2840
FAILED,,,3841,0.5976459325570613,0.6579068025201558,3989,1450,756
FAILED,,,3573,0.0010548009574413,0.0233373545017093,239,683,1844
FAILED,,,854,0.9268261984363197,0.7935468458086252,2928,2047,4565
FAILED,,,237,0.1267010540720075,0.593026976790279,3706,2616,3192
FAILED,,,2839,0.8011755155157297,0.3486072272378951,712,371,403
FAILED,,,4435,0.3296694096066057,0.95249218409881,4462,918,2118
FAILED,,,2469,0.7229690589271485,0.230631949128583,2456,3162,4290
FAILED,,,2373,0.1859558115452528,0.2523960229698568,570,137,4665
FAILED,,,4456,0.7575195029601454,0.556681795824319,2597,2376,1741
FAILED,,,2939,0.3557750772181898,0.1401502630356699,1347,3358,662
FAILED,,,219,0.712437394009903,0.9260112349577247,4320,1120,2932
FAILED,,,872,0.4814338501580059,0.6943070744350552,4795,1684,4314
FAILED,,,3473,0.5867992309145629,0.4966044198404997,2123,3054,2092
FAILED,,,3819,0.0606398234274238,0.8200755097046494,3373,1850,388
FAILED,,,1854,0.8828304069321603,0.1137523053716868,1045,480,3206
FAILED,,,1267,0.2670827585682272,0.7653725768253206,2413,2512,2571
FAILED,,,4328,0.6608087994903326,0.0434703748803585,4422,273,1023
FAILED,,,3434,0.1888615514505654,0.6554415438994765,671,1039,1496
FAILED,,,989,0.8637624044958501,0.4109723916929215,3663,3277,4909
FAILED,,,415,0.0635836321525275,0.2104409825000911,2888,2699,3469
FAILED,,,2665,0.9890504642017186,0.9807229568101464,196,1327,125
FAILED,,,4886,0.3927491475027054,0.3380368400905281,3947,780,2473
FAILED,,,2022,0.5351173393037169,0.5955561153329909,1638,2151,3934
FAILED,,,2052,0.4233869649004191,0.0110188251771032,3209,1303,196
ABANDONED,,,4799,0.5044784214254469,0.7978543488476425,1204,3438,3706
ABANDONED,,,2656,0.095197010692209,0.3805614006258547,4954,2235,3849
ABANDONED,,,523,0.9574378887154162,0.6858218441996722,1958,98,2242
ABANDONED,,,1194,0.2196213437337428,0.9492155580800026,1486,627,1094
ABANDONED,,,3131,0.8330018091592937,0.2419176830276846,4177,1883,2809
ABANDONED,,,4102,0.2988181119933724,0.5661501883249729,426,2866,4825
ABANDONED,,,1551,0.6290745465457439,0.3674729819819331,2736,1610,1266
ABANDONED,,,1590,0.0298800906296819,0.5272761067580432,3808,3083,2018
ABANDONED,,,3986,0.9135909427832812,0.2818324028030038,1781,947,4073
ABANDONED,,,3718,0.4496985562182962,0.8945040741693228,3032,399,3288
ABANDONED,,,686,0.6185334243737161,0.1716272015050053,57,2535,616
ABANDONED,,,93,0.3251373193059116,0.4661936667151749,835,2018,1666
ABANDONED,,,3006,0.7430762524027377,0.7246876126769929,3504,764,4426
ABANDONED,,,4603,0.1543424924910068,0.0813009936101734,2254,1529,3013
ABANDONED,,,2325,0.7891320189610123,0.8525575196687131,4585,2784,890
ABANDONED,,,2290,0.0493172429483383,0.1005490519534796,1751,2386,1363
ABANDONED,,,4540,0.8785718483235687,0.8411091879084706,3760,148,4728
ABANDONED,,,3012,0.4691238040141761,0.4776486571263521,10,1134,2711
ABANDONED,,,147,0.5835024402625859,0.7054385988488793,3001,3372,1193
ABANDONED,,,642,0.3446961416471749,0.90595906643942,3476,3014,2340
ABANDONED,,,3702,0.7079351904932409,0.1523781932536512,785,1643,3751
ABANDONED,,,4059,0.1738894251808524,0.5465241669602691,4535,441,3610
ABANDONED,,,1613,0.7539790525287389,0.2703840766195207,2226,1812,293
ABANDONED,,,1497,0.4038430659677833,0.6165847967602311,1232,230,792
ABANDONED,,,4098,0.5396345405858008,0.3248362040314823,3258,2469,3112
ABANDONED,,,3194,0.075634559739381,0.991857098583132,2009,3235,4522
ABANDONED,,,1229,0.9925754409842192,0.1914802230093628,4982,997,1569
ABANDONED,,,498,0.2001991296950727,0.4232029392700642,4207,1342,519
ABANDONED,,,2582,0.8680359459985048,0.6353843786045908,1534,2714,3385
ABANDONED,,,4813,0.2793773310631513,0.0614534317534416,2784,2168,4171
ABANDONED,,,2095,0.6640901313647628,0.755217565320432,457,796,1920
ABANDONED,,,1968,0.3101390120089054,0.3572877518758177,4391,3395,3147
ABANDONED,,,4881,0.6333276473656296,0.5841030265968293,2365,1259,447
ABANDONED,,,2728,0.2319363717827945,0.2218912122175097,3615,56,2151
ABANDONED,,,449,0.8362998043913394,0.961476800141856,641,2192,4256
ABANDONED,,,964,0.1062742657996714,0.6668917791936546,169,1896,2873
ABANDONED,,,3361,0.9619346344433723,0.3917262368835509,2838,641,720
FAILED,,,4343,0.4354583331700414,0.7846234941873699,1588,1627,1800
FAILED,,,1311,0.5080200764369219,0.0320172880031168,3918,2881,4606
FAILED,,,1819,0.1432497786059975,0.8705148788336664,2625,958,3991
FAILED,,,3756,0.7846197995841502,0.0711126702614128,620,3094,2415
FAILED,,,3477,0.3130809339303523,0.7369457614962011,4371,2549,66
FAILED,,,925,0.7395495951566845,0.4461717167980969,1375,412,3528
FAILED,,,176,0.4383621825538575,0.1827889445200562,2153,724,4968
FAILED,,,2924,0.6142648647762835,0.875578530056402,4843,1978,1437
FAILED,,,4530,0.017580060346052,0.3028353865221142,1093,2745,965
FAILED,,,2398,0.9103079304452985,0.5140421588551252,3403,1490,2629
FAILED,,,2453,0.498044270383194,0.9717383389081806,4037,1782,3515
FAILED,,,4391,0.5701796220485121,0.2191817138344049,1708,520,81
FAILED,,,2862,0.0441149581298232,0.6044800636675208,2959,1724,2440
FAILED,,,310,0.8993489351719617,0.3293563098758459,287,2986,3968
FAILED,,,791,0.1694068267624825,0.0347904432378709,762,3291,2537
FAILED,,,3539,0.7740748248007148,0.7742959340233356,3734,1162,1058
FAILED,,,3896,0.3723642295412719,0.4197134836576879,2483,178,1542
FAILED,,,1763,0.6958574303276835,0.6464565728027373,4512,2307,4867
FAILED,,,1333,0.0801707563940435,0.4899951613359153,3282,821,4350
FAILED,,,4247,0.9724722348917276,0.701160204635933,975,2083,2059
FAILED,,,3343,0.3761981160491704,0.1204222185723483,4724,2630,345
FAILED,,,1064,0.5516744066700339,0.8131621635127813,2032,1369,3250
FAILED,,,349,0.2505561477448791,0.5497680890019983,1257,1080,4623
FAILED,,,2746,0.6773293744008987,0.2590662893652915,4250,3209,1786
FAILED,,,4977,0.2054702373035252,0.932863766586408,499,2444,697
FAILED,,,1946,0.8471448237113653,0.1335415956676006,2507,315,2900
FAILED,,,2112,0.2362326618172228,0.7336115442812443,2340,2906,1704
FAILED,,,4714,0.8163832022510468,0.4575131234880536,4651,1542,4394
FAILED,,,2560,0.2822922298666089,0.8435728850364685,901,559,2974
FAILED,,,594,0.6455921917986124,0.0900417119320481,3590,1923,938
FAILED,,,1133,0.4068388631045818,0.2905734817553311,3118,2276,1977
FAILED,,,3217,0.5210347600951791,0.5182911189310253,123,31,4122
FAILED,,,4198,0.1117851610574871,0.1629472568500787,3873,1234,3324
FAILED,,,1480,0.9408570271749048,0.903427414637059,1867,3479,587
FAILED,,,1675,0.341723423000425,0.2485876129586249,341,1460,1143
FAILED,,,3925,0.7264971363879739,0.9423022249005734,2670,2824,2768
FAILED,,,3646,0.1377923626136034,0.3608637402076274,1420,2059,4795
FAILED,,,782,0.8056900920029729,0.5730033315382898,4091,696,1303
FAILED,,,8,0.01335247413069,0.8047068934887647,4868,331,166
FAILED,,,3068,0.9301106161177158,0.0044101745393127,1894,2577,3746
FAILED,,,4674,0.4663081287760287,0.6789081503897905,3143,3124,3896
FAILED,,,2229,0.6019168641362339,0.3872316837515681,1118,879,2202
FAILED,,,2257,0.1928633272349834,0.7838758273255079,3517,3383,2962
FAILED,,,4665,0.8597560130134225,0.0249994993284344,896,1137,633
FAILED,,,3058,0.2710816846285015,0.668066800577566,4645,153,1732
FAILED,,,35,0.6567995582837611,0.3983185968771577,2267,2399,4676
FAILED,,,750,0.3966061097122728,0.2250763691551983,1804,1825,3236
FAILED,,,3657,0.5312706996761262,0.966059032017365,3858,463,360
FAILED,,,3936,0.0674377372022718,0.354651783067733,108,1666,2084
FAILED,,,1644,0.9852009674143046,0.5789735473040492,3054,3030,4324
FAILED,,,1448,0.3519561838284134,0.3001984510757029,4115,1001,4901
FAILED,,,4209,0.7162611893713474,0.5089117129240184,1474,3246,1507
FAILED,,,3227,0.1821397790331393,0.1859731348194181,2725,2481,1053
FAILED,,,1102,0.7613461591992527,0.8801597952935843,365,236,2543
FAILED,,,621,0.05672180127725,0.7381198162417859,1152,818,3925
FAILED,,,2551,0.8867378127910197,0.452763110153377,3188,2182,2484
FAILED,,,4704,0.4775186814498156,0.8697662453334779,1938,2729,155
FAILED,,,2139,0.5907094902154058,0.0640939149484038,4902,1366,3441
FAILED,,,1916,0.4459044106286019,0.5399013467058539,262,2211,2256
FAILED,,,4987,0.622324861517176,0.2691785949748009,2905,81,3843
ABANDONED,,,2756,0.0260811880640685,0.9130073079392312,1655,1285,3681
ABANDONED,,,318,0.917377622950822,0.1531563129406422,4012,3415,229
ABANDONED,,,1092,0.1504035333264619,0.4828085966799408,4477,2889,1279
ABANDONED,,,3334,0.7930832079593091,0.7081050279177725,2440,1628,4818
ABANDONED,,,4238,0.3211935957297682,0.0959363672528415,3691,644,2784
ABANDONED,,,1361,0.7470226769894361,0.837893578145653,727,1905,1128
ABANDONED,,,1790,0.0991740423943847,0.0568417136911302,2106,436,590
ABANDONED,,,3887,0.9534638591688124,0.7520029221959412,4729,2566,3320
ABANDONED,,,3530,0.4273687572963535,0.4283638454619795,978,3114,4086
ABANDONED,,,819,0.5005091525726019,0.6380517743118107,3356,984,2012
ABANDONED,,,279,0.3026960149351507,0.99890630672127,2571,1491,864
ABANDONED,,,2873,0.6251841274965554,0.1922593093346804,514,2752,3046
ABANDONED,,,4402,0.2235039999336004,0.6099629431441426,4264,1988,4439
ABANDONED,,,2422,0.8291161433681845,0.3236316890250891,1321,727,1660
ABANDONED,,,2406,0.2589731407500803,0.1583011524882167,685,3004,1906
ABANDONED,,,4501,0.6844976565800606,0.9003080634623765,3650,1750,4185
ABANDONED,,,2895,0.2129283157940954,0.2956469406392425,2400,547,3409
ABANDONED,,,184,0.8553034249972552,0.520985041424632,4435,1801,494
ABANDONED,,,913,0.0882452508509159,0.8506564794741571,3971,2315,1632
ABANDONED,,,3508,0.979968077339232,0.0907255063075572,1613,179,4460
ABANDONED,,,3786,0.3833137182984501,0.7270771379731595,2863,1164,3057
ABANDONED,,,1808,0.5601605607885867,0.4562820816952735,222,3300,846
ABANDONED,,,1300,0.1612787861190736,0.6723727774433791,1361,1394,250
ABANDONED,,,4373,0.7665863641239702,0.3859996753204613,4306,2648,3654
ABANDONED,,,3391,0.365225556237623,0.8117895212881266,556,2102,3824
ABANDONED,,,953,0.6874091033693402,0.005093002276495,2611,848,2267
ABANDONED,,,457,0.489528061248362,0.3659362324532121,3399,315,1226
ABANDONED,,,2700,0.563094848126173,0.5756962873935699,1019,2452,2677
ABANDONED,,,4853,0.0365881088990718,0.2439405419584363,4769,3218,4722
ABANDONED,,,1975,0.8913043172750622,0.9391819070875644,2149,1082,1368
FAILED,,,3160,0.5985400032997131,0.4018160467743873,2289,4712,2946
FAILED,,,1781,0.3334791729114949,0.5316018764730542,3166,700,1055
FAILED,,,1,0.9713742294870316,0.2306606945358216,461,2022,1620
FAILED,,,4902,0.2072247407045215,0.8279945482704788,3764,3546,4722
FAILED,,,3876,0.8179720507971942,0.6478013684079051,4487,2684,3371
FAILED,,,1183,0.1164870181437581,0.2939012513067573,988,1789,308
FAILED,,,2024,0.6880900480207056,0.9748789998106658,2638,609,2046
FAILED,,,3072,0.4851451948098838,0.0910863189343363,1567,4021,3976
FAILED,,,2690,0.8795991459935903,0.9362888608165084,782,1218,4548
FAILED,,,2252,0.1776571499425917,0.0054218228925019,4985,4623,1483
FAILED,,,790,0.5036621864456682,0.7019932730644941,1460,3284,877
FAILED,,,4112,0.301174296632409,0.3639801022391766,3078,2402,2810
FAILED,,,4650,0.6619373971391468,0.1757111238874494,3606,1368,4114
FAILED,,,408,0.3967850511968135,0.757713982226327,2181,2910,2221
FAILED,,,1559,0.7812776252627373,0.4411789722144603,4261,4068,443
FAILED,,,3539,0.017219628797844,0.6174834348689764,256,53,3547
FAILED,,,3653,0.7734561139978468,0.0537485082242637,2665,3684,2476
FAILED,,,1252,0.0406389127653092,0.8871089163981378,1862,2157,4335
FAILED,,,532,0.6541423234324902,0.3196732046958059,4587,838,3653
FAILED,,,4411,0.4201698670722543,0.747396130271256,1210,4848,505
FAILED,,,4324,0.5582880354952066,0.806985296273604,488,3843,1339
FAILED,,,776,0.2621386656351387,0.1275367212705314,4059,434,4526
FAILED,,,2434,0.9341371685154736,0.5722328603770583,2389,1612,2515
FAILED,,,2627,0.1387164242397993,0.4855772393867373,3388,2509,695
FAILED,,,2863,0.7426281002853065,0.5184977146368474,4166,2266,17
FAILED,,,2041,0.4462044988498091,0.4160161794275045,48,3146,3202
FAILED,,,1003,0.8725978701040149,0.8451184978950768,3594,4488,3846
FAILED,,,3941,0.07745135740377,0.2126834858246147,1891,1081,2029
FAILED,,,4790,0.9635791260376572,0.279853412522003,1365,228,1144
FAILED,,,310,0.2306095268372446,0.6609968998730182,2870,4245,3001
FAILED,,,1660,0.5907185450140386,0.1091548972744494,770,3084,4975
FAILED,,,3401,0.3568984866216778,0.9579073329009116,4695,1545,1829
FAILED,,,3307,0.9989272390883416,0.7076576147209853,3337,3921,1938
FAILED,,,1635,0.203549445156008,0.3579488841593265,2459,514,3751
FAILED,,,167,0.6182327217794955,0.9112529997248202,3915,1855,3263
FAILED,,,4735,0.3220708581190556,0.0310654169358313,613,2736,83
FAILED,,,4041,0.7151071998067199,0.4629257664661854,1139,3456,1748
FAILED,,,1017,0.481031117958948,0.5963471693843602,4639,1916,4889
FAILED,,,2171,0.8372564807664603,0.1657831060159951,1738,755,3073
FAILED,,,2926,0.1045124484784901,0.7672779194898903,2808,4772,1221
FAILED,,,2523,0.5307405896410347,0.2368132926467806,4843,154,570
FAILED,,,2418,0.2969994145128875,0.8224515866450965,641,4164,3713
FAILED,,,644,0.8988222948107867,0.3762938439156859,2917,2844,4241
FAILED,,,4259,0.1657433558031916,0.5567591175958513,1299,1317,2387
FAILED,,,4504,0.8087700972799212,0.9961375376079232,2021,2491,770
FAILED,,,555,0.0136053764596581,0.0694617969952523,3445,3389,2585
FAILED,,,1393,0.6816906597092747,0.638359703456983,114,4566,4441
FAILED,,,3704,0.3853157229367643,0.3039515414908528,4120,1157,1259
FAILED,,,3486,0.6270765292905272,0.8667432559169828,1711,2601,2720
FAILED,,,1418,0.4243326160218566,0.1914256637115031,2513,1718,783
FAILED,,,386,0.7542508126702159,0.5084476605355739,1039,378,1544
FAILED,,,4558,0.0525343835316598,0.4254585600625723,4417,3783,4614
FAILED,,,4177,0.9066325633283704,0.114697143215686,3888,4947,3467
FAILED,,,923,0.1423432856313884,0.9517544987071304,318,932,358
FAILED,,,2268,0.5385164495520293,0.2546954557150602,3237,2090,2291
FAILED,,,2792,0.2736258413847535,0.6865188778024167,2237,3632,4189
FAILED,,,3010,0.8450322514493018,0.3408097062632441,209,1455,4789
FAILED,,,1895,0.0811387861222028,0.7256500517036765,4327,2980,1682
FAILED,,,1169,0.7229175575524569,0.0441848070435225,2033,4302,959
FAILED,,,3775,0.457631137015298,0.8970376499537378,3735,289,2855
FAILED,,,4956,0.5637135263979434,0.5782633627727628,3012,980,4052
FAILED,,,144,0.3609999544192105,0.479912661647424,1507,4392,2117
FAILED,,,1806,0.9443130194414407,0.7813409865461289,4855,3211,222
FAILED,,,3255,0.242566249012947,0.1525723462793976,931,2316,3289
FAILED,,,3204,0.8305123446136712,0.7551758846193553,4349,505,4082
FAILED,,,1855,0.097608417334035,0.1871358659546822,187,3968,2262
FAILED,,,113,0.7082144114095718,0.6142278276570141,3674,2805,407
FAILED,,,4984,0.4742829962819814,0.451372012572363,2094,1825,3594
FAILED,,,3821,0.609420933233574,0.0099773634672164,1528,1906,4584
FAILED,,,1119,0.3133428232073783,0.9230750924181192,2990,3506,1436
FAILED,,,1922,0.9902036655843258,0.3692227033115923,870,4840,910
FAILED,,,2980,0.1947268897462636,0.6900416703540831,4917,728,2769
FAILED,,,2743,0.6749158904161304,0.2828725037835538,2569,4194,3416
FAILED,,,2315,0.3784419680200516,0.6501871238145976,1655,84,271
FAILED,,,893,0.8019079420231283,0.0807410553470254,4400,1269,2088
FAILED,,,4205,0.0068269785549491,0.9785304825957865,1056,2852,3945
FAILED,,,4606,0.8899807022027671,0.5446634216420352,374,3417,2904
FAILED,,,336,0.1570464336331933,0.3976563929263502,3832,2424,1086
FAILED,,,1446,0.522046820199117,0.840342145524919,2220,1108,1575
FAILED,,,3455,0.2881457463614642,0.2252657512631267,3254,4578,4759
FAILED,,,3735,0.5453823523912578,0.664281123297289,702,1650,1113
FAILED,,,1364,0.2804079868718981,0.2696317633874714,4782,2628,3043
FAILED,,,606,0.9134035850390791,0.960416695324704,1277,3794,4938
FAILED,,,4455,0.1492132929656654,0.0977588829547166,2939,328,1875
FAILED,,,4231,0.7629408345296979,0.4107448506075888,3506,863,54
FAILED,,,674,0.0613843041006475,0.5304780525304376,1960,4978,3156
FAILED,,,2371,0.6359218694809823,0.2081565540265291,4098,3642,3878
FAILED,,,2573,0.4330332857742905,0.8583036500811577,136,2044,1987
FAILED,,,2956,0.9512096743918956,0.1378497995194047,2476,3029,1386
FAILED,,,2144,0.2493182372432202,0.8033659913912415,3320,1444,4490
FAILED,,,1066,0.5704537959974258,0.4966382912192493,557,261,2556
FAILED,,,3994,0.367900119010359,0.5698148080967366,3971,4369,662
FAILED,,,4706,0.7316372645031661,0.8747936160173267,4656,4440,2435
FAILED,,,198,0.4664498258717358,0.0591111471876502,1122,972,4368
FAILED,,,1587,0.8538479065485298,0.7343024071995168,2752,2287,3606
FAILED,,,3357,0.0898706875871866,0.3238650550357997,1794,3282,540
FAILED,,,3370,0.6967831631228327,0.074589648803696,27,632,724
FAILED,,,1688,0.4939982086215168,0.9840741561874748,4188,4740,2622
FAILED,,,260,0.8268142977450041,0.3083959093634039,1952,3557,4399
FAILED,,,4838,0.1251845946535468,0.6250305946581066,3533,1971,1290
FAILED,,,3968,0.978236563200131,0.8190828957613557,2848,1720,612
FAILED,,,973,0.2140033170655369,0.246889081634581,1387,2715,3682
FAILED,,,2088,0.6053146173730491,0.5541043746266514,4756,4030,4287
FAILED,,,2814,0.3403527493719011,0.3876049111746251,709,562,2349
FAILED,,,2597,0.7900018531065434,0.6085627740342169,1806,4673,1780
FAILED,,,2462,0.0260428385473787,0.4574020390845835,2721,1207,4848
FAILED,,,726,0.670748531345278,0.7802110337447375,1227,2372,3109
FAILED,,,4371,0.4055124317687004,0.1614910803437233,4570,3350,1174
FAILED,,,4440,0.5105547963865101,0.3474771006274968,4003,2958,1902
FAILED,,,501,0.3079222398530692,0.7111786478050052,545,1360,3798
FAILED,,,1300,0.8863434606026857,0.0199065729063004,3405,23,3231
FAILED,,,3602,0.1845613595433533,0.913511867120862,2371,4138,124
FAILED,,,3589,0.9253222867269068,0.4755005980841815,4924,2148,4005
FAILED,,,1511,0.1299852960854768,0.59156017469801,843,3732,2153
FAILED,,,440,0.549567555233836,0.1474123091325163,3100,4916,181
FAILED,,,4621,0.2533192034680396,0.7934365458693355,1438,806,3322
FAILED,,,4065,0.6474017564058304,0.7282726167701185,2120,424,4830
FAILED,,,839,0.4132694050539285,0.3295308243427425,3667,3894,1650
FAILED,,,2224,0.7665597564745694,0.9004386377111077,278,2577,1006
FAILED,,,2719,0.0338872219622135,0.0340767137464135,4239,1584,2819
FAILED,,,3122,0.581872431512922,0.938792649269104,3149,3176,3498
FAILED,,,1978,0.3481970435585826,0.1190178966354578,2306,2196,316
FAILED,,,1213,0.9548898774888366,0.6743318893648684,3820,1032,2328
FAILED,,,3848,0.2217603795789182,0.2601905743200331,405,4495,4143
FAILED,,,4853,0.8658271458204835,0.202613116517663,971,4274,2683
FAILED,,,52,0.0705816474966704,0.8644557723086326,4504,161,829
FAILED,,,1752,0.7357619000189006,0.4359016158469021,1623,1495,1512
FAILED,,,3191,0.4394220559354871,0.5049553626347332,2581,3096,4656
FAILED,,,3168,0.9039132610019296,0.2039715723954141,1482,1807,115
FAILED,,,1736,0.170889528196305,0.8541968416068701,3064,2783,3259
FAILED,,,78,0.5241953160874545,0.4070644281581043,809,3961,3787
FAILED,,,4866,0.2903837064858525,0.5268412868138402,4969,473,1933
FAILED,,,3860,0.6844041752181947,0.9645483724288642,4284,720,1244
FAILED,,,1240,0.3879588039722293,0.101903775120154,244,4808,3059
FAILED,,,1960,0.8075261025335639,0.6678777921125292,3632,3489,4915
FAILED,,,3101,0.0124165879152715,0.2733370470311492,2164,1884,1732
FAILED,,,2703,0.6228383463025093,0.7384434792846442,449,2889,2422
FAILED,,,2202,0.3267278817761689,0.3280157730560749,3785,1272,4234
FAILED,,,852,0.9918926978278904,0.8783961181230842,2272,111,3747
FAILED,,,4091,0.196448276489973,0.0628258332479745,3193,4206,566
FAILED,,,4649,0.8404553379435092,0.4924591354429722,2626,4604,1284
FAILED,,,451,0.1076446782499551,0.5657173946034163,1589,1120,4425
FAILED,,,1490,0.7143524727672339,0.1341787794865667,4470,2461,2609
FAILED,,,3571,0.4803277900535613,0.7997350589651613,1014,3419,757
FAILED,,,3615,0.7220904478915035,0.3724444893356412,3567,335,4648
FAILED,,,1327,0.4569924734961241,0.6931624556854367,1907,3825,1541
FAILED,,,485,0.8482882778476923,0.0146209815237671,4144,2645,817
FAILED,,,4417,0.0842215946502983,0.9276978812776506,61,1672,2713
FAILED,,,4349,0.9373356474023312,0.61108978783153,743,2061,4213
FAILED,,,709,0.2354156591035425,0.4481827018782496,4712,3663,2278
FAILED,,,2489,0.5682467682994901,0.750585578525439,1342,4986,383
FAILED,,,2608,0.3657216424625366,0.1824750008396804,2882,895,3451
FAILED,,,2840,0.7529345542732626,0.8371947107184678,4604,4341,2891
FAILED,,,2101,0.051410378344357,0.2220706147141754,1183,249,953
FAILED,,,951,0.6298470950499176,0.5400672822576015,2677,1407,1715
FAILED,,,3952,0.4269261568430811,0.3929861253947019,1841,3027,4785
FAILED,,,4820,0.5320282262489199,0.0839570155162364,2407,3245,3316
FAILED,,,238,0.266960593143478,0.9816418729461728,3362,2284,207
FAILED,,,1700,0.911651265868917,0.2875067194234579,500,945,2139
FAILED,,,3397,0.1475542413815855,0.6548040793836116,4037,4428,4038
FAILED,,,3335,0.5044778823386877,0.9035538295526055,2894,1974,4690
FAILED,,,1570,0.3018167746551335,0.0373041006959974,1311,3594,1625
FAILED,,,224,0.8763393199630081,0.732901002837345,4817,4752,1019
FAILED,,,4719,0.174585770053789,0.3341688377559184,658,659,2951
FAILED,,,4006,0.7882511976696551,0.1442285882104188,93,574,3953
FAILED,,,1094,0.0243816473465412,0.790292923707515,4133,4057,2059
ABANDONED,,,2126,0.6573927414696663,0.4708341469150036,1993,2717,282
FAILED,,,2935,0.3920671776570379,0.5869754472225904,3461,1757,3386
FAILED,,,2556,0.9726790741160511,0.432708492508158,3926,3329,2775
FAILED,,,2348,0.2083525603953748,0.5018059071823954,591,2356,884
FAILED,,,686,0.5957656611446291,0.1979408394936472,3355,1175,1450
FAILED,,,4257,0.3308970607295632,0.859861649852246,2433,4665,4552
FAILED,,,4483,0.6945744716916233,0.6774412479158491,1751,4107,3522
FAILED,,,617,0.4918218716904521,0.2634085588529705,2787,16,459
FAILED,,,1343,0.8129419344887137,0.9434116403553636,1156,1338,2197
FAILED,,,3718,0.1112798768971115,0.1236500841937959,4611,2941,4127
FAILED,,,3468,0.8675183176808058,0.5499955306351185,2059,794,471
FAILED,,,1473,0.0723013705071061,0.3834219576250761,3718,4890,3655
FAILED,,,319,0.7491771734710782,0.8154481618441641,232,3729,4301
FAILED,,,4584,0.4528087782375514,0.2432066348213702,4315,2111,2483
FAILED,,,4184,0.5880088291373103,0.3125428110212087,4883,1582,671
FAILED,,,875,0.3542439769469201,0.6291602548342197,915,2541,2528
FAILED,,,2343,0.9648345345519485,0.0782929192371666,3033,3882,4501
FAILED,,,2754,0.2317945008780807,0.9876728456486016,1493,397,1355
FAILED,,,3006,0.6495481126774101,0.0240628769807517,1021,4527,1993
FAILED,,,1935,0.4155090289115905,0.9176473605874926,4443,1040,3852
FAILED,,,1097,0.7804944548904896,0.3511861969158053,1700,2217,3169
FAILED,,,3805,0.0477286527920514,0.7147867322470993,2535,3193,21
FAILED,,,4966,0.9309421109706162,0.776108023043722,3220,3118,1802
FAILED,,,92,0.1355727658290415,0.1573175292108207,2264,1513,4990
FAILED,,,1866,0.5590541763026267,0.6049374350979924,3875,193,2979
FAILED,,,3232,0.2628381790369749,0.4537254181262105,339,4281,1159
FAILED,,,3281,0.6641441850364208,0.5768213930614292,4382,3524,1326
FAILED,,,1819,0.3989632916618138,0.4902398853469639,1082,2004,4393
FAILED,,,122,0.7951518920529633,0.8101251095086335,2557,668,2655
FAILED,,,4939,0.0311224430203437,0.1307242511194199,1678,4705,720
FAILED,,,3757,0.8851585386116056,0.3150313823558389,2204,3989,2376
FAILED,,,1148,0.1833060030788183,0.7427715531308204,3281,601,4272
FAILED,,,1906,0.5132092391401529,0.0505249264836311,361,1767,3704
FAILED,,,3037,0.3106318888086825,0.8839899193476884,3853,2667,598
FAILED,,,2805,0.819724609768018,0.1045189007893204,3701,2404,1207
FAILED,,,2294,0.1181463058106601,0.953292150741443,2076,3320,3106
FAILED,,,906,0.7014439343623817,0.2766392331980168,4372,4635,4882
FAILED,,,4155,0.4985923524554818,0.6578837361130863,176,1246,1773
FAILED,,,4536,0.6046150370500982,0.8497164255604148,898,65,148
FAILED,,,368,0.3395865416433662,0.2173519576396793,4900,4095,3218
FAILED,,,1445,0.9813802736606448,0.5216433611623942,1550,2912,3823
FAILED,,,3498,0.2171984266601502,0.4192131116930395,2977,1405,1886
FAILED,,,3688,0.9579612053278832,0.9712841192763298,569,4879,3357
FAILED,,,1370,0.2250201535597443,0.0873792395740747,3948,845,174
FAILED,,,568,0.5812300204113126,0.6436679030228406,2494,2179,2186
FAILED,,,4530,0.3473814145866781,0.2897581548579037,3294,3701,4001
FAILED,,,4286,0.7404798404797912,0.2343393361400812,2765,2531,2844
FAILED,,,655,0.4439667785260826,0.8316330873966216,1773,1629,990
FAILED,,,2396,0.8586650752220302,0.4060028204042464,4673,466,1674
FAILED,,,2505,0.0636080230399966,0.5357069115377961,1094,3851,4817
FAILED,,,2904,0.5521497343368827,0.444851787963882,1254,1068,4175
FAILED,,,2155,0.2560936357807367,0.6211125790141522,2950,4460,2324
FAILED,,,1043,0.9241944149862976,0.1798884839471429,675,3144,352
FAILED,,,4054,0.1286803994067013,0.7618131840005516,4800,2229,3493
FAILED,,,4747,0.77176684567146,0.6983889975491911,4076,1542,4679
FAILED,,,194,0.0389172862209379,0.3602671970240771,149,3047,1499
FAILED,,,1617,0.640725146446377,0.9321495621409268,3478,4233,855
FAILED,,,3285,0.4067850483041256,0.0012693240270018,1976,201,2667
FAILED,,,3427,0.7988252004161476,0.2509939809981732,1243,2773,3558
FAILED,,,1672,0.0035710190776735,0.6829184000603855,4543,1858,412
FAILED,,,288,0.6755545018855482,0.1105484458412975,1819,541,2229
FAILED,,,4773,0.3792690256312489,0.9476266268119216,2699,3933,4086
FAILED,,,3923,0.5173250801060348,0.51208062104322,3423,4800,2742
FAILED,,,982,0.2836124524101614,0.429142787721008,2345,767,925
FAILED,,,2053,0.8971313590332864,0.8708538733180611,4015,1952,1414
FAILED,,,2891,0.1640238725934177,0.1956068364158272,522,3458,4599
FAILED,,,2639,0.7056208185385912,0.7849681137632578,1924,1300,3911
FAILED,,,2461,0.4715123784728348,0.1562471715211868,3550,2823,2090
FAILED,,,759,0.8316364167220891,0.582364585192874,5,4157,236
FAILED,,,4301,0.0989247426521033,0.4840880084969103,4200,122,3423
FAILED,,,4390,0.9849927767552435,0.0404739299099892,4729,1150,4736
FAILED,,,515,0.1897082541268318,0.8934313389211893,726,4535,1588
FAILED,,,1280,0.6160861294250936,0.3366551830340177,2825,3371,1061
FAILED,,,3664,0.3198309944607317,0.7215127848275005,1399,2469,2920
FAILED,,,3522,0.577069556074217,0.1704477763399481,3807,3757,1840
FAILED,,,1537,0.3744454446136951,0.7718644203748553,427,367,4944
FAILED,,,421,0.9460634350776672,0.4661112682335078,3132,1681,3010
FAILED,,,4676,0.2442272041309624,0.5994890181366354,2333,2598,1117
FAILED,,,4139,0.8550366281718015,0.906626401938498,1611,3596,1962
FAILED,,,801,0.0911146154124289,0.0264256078060716,2604,2088,3894
FAILED,,,2231,0.7289942355174571,0.7045406345985828,953,905,3132
FAILED,,,2672,0.4637363624125719,0.3547232929263263,4531,4935,67
FAILED,,,3050,0.9205046867839992,0.633738938961178,3121,297,630
FAILED,,,2008,0.1562477673050016,0.2993211347777396,1426,4334,2560
FAILED,,,1210,0.5407253807839006,0.9930299524664878,4952,2997,4454
FAILED,,,3888,0.2758024143986403,0.0662420316170901,826,1477,1391
FAILED,,,4913,0.6366252494361251,0.3809679166562855,301,2334,518
FAILED,,,28,0.4337880648635327,0.5613514517713338,4227,3233,3620
FAILED,,,1763,0.7598085378371178,0.2400046202689409,2147,4399,4342
FAILED,,,3138,0.0581853800024837,0.8256028303783387,3650,1011,2451
FAILED,,,3129,0.7590982120279222,0.6810958109311759,513,1888,2573
FAILED,,,1773,0.0574293675199151,0.2534185924772173,4005,3486,636
FAILED,,,38,0.6397568778470158,0.9456042855903504,2354,4822,1398
FAILED,,,4903,0.4369958364907652,0.1121982000377029,3432,707,4468
FAILED,,,3898,0.5414354760870337,0.427104712601751,2708,484,3632
FAILED,,,1199,0.2765581963751465,0.5137450978849082,1828,3950,523
FAILED,,,1999,0.9173733037505298,0.1937989699319004,4534,2784,2458
FAILED,,,3060,0.1530402410551905,0.8732627508994191,1234,1806,4356
FAILED,,,2662,0.7278124560303985,0.1542190602123737,1389,3438,4954
FAILED,,,2240,0.4624784434270113,0.7866388663183898,2817,2443,1848
FAILED,,,812,0.8576955574285238,0.4822865366972982,736,1128,1126
FAILED,,,4130,0.0938192276246845,0.5847833076138049,4738,4596,3022
FAILED,,,4686,0.9472454599421471,0.8916141332238912,4210,4212,3905
FAILED,,,412,0.2454853684939443,0.0429073749762028,14,105,1970
FAILED,,,1526,0.574410396311432,0.7194993961639701,3540,1287,76
FAILED,,,3531,0.371740601895377,0.3383102016914635,1916,2873,3143
FAILED,,,3654,0.6133854116499424,0.7695296616461128,4522,884,2105
FAILED,,,1289,0.3171759633589535,0.1721805722042918,944,4997,3917
FAILED,,,525,0.9862468013036996,0.597871772730723,2613,3662,3429
FAILED,,,4380,0.1908861354589462,0.4681011601500212,1621,2062,249
FAILED,,,4311,0.8343373650033026,0.024793580269441,2342,1668,1602
FAILED,,,750,0.1015800042599439,0.908631968267262,3142,2649,4743
FAILED,,,2451,0.7043665486127137,0.3524042086098342,418,3812,2926
FAILED,,,2649,0.4703342517632991,0.7062586483322084,3798,349,1074
FAILED,,,2881,0.8939273071046918,0.2976793218869716,3640,4422,424
FAILED,,,2063,0.160895960163325,0.6357381700910628,2138,951,3567
FAILED,,,991,0.5180773728899658,0.0639167310725897,4237,2268,4094
FAILED,,,3913,0.2843190622385591,0.9947380618751048,309,3261,2239
FAILED,,,4783,0.6787583084367215,0.5590113690961152,836,3009,936
FAILED,,,278,0.3823966926839202,0.382691700477153,4961,1425,2752
FAILED,,,1663,0.7980731381382792,0.8239766918998211,1416,240,4607
FAILED,,,3437,0.0028646397553384,0.2419890692681074,3112,4350,1424
FAILED,,,3295,0.6434453977514057,0.4917274525035172,3864,1741,2311
FAILED,,,1607,0.4094291563928127,0.5747318035550414,371,2733,4170
FAILED,,,185,0.7705237292647362,0.1329597881417721,3271,4051,3486
FAILED,,,4757,0.037719856487587,0.8082621595114469,2193,580,338
FAILED,,,4045,0.9214739183038472,0.7450228240508586,1667,650,1486
FAILED,,,1053,0.1260360459405928,0.3131537097133695,2547,4760,4673
FAILED,,,2164,0.5533930812496692,0.885462763858959,1093,3575,2660
FAILED,,,2894,0.2572912960201501,0.0484510708749294,4392,1992,841
FAILED,,,2516,0.8618571928851306,0.9555334578510372,2987,2939,164
FAILED,,,2387,0.0667544577475637,0.1026349524334073,1560,1339,3349
FAILED,,,645,0.7397090105470269,0.6593501859400421,4890,5,3992
FAILED,,,4296,0.4432720880918205,0.2745555327497422,887,4118,2175
FAILED,,,4520,0.5780381332542747,0.2188341413643211,166,4651,979
FAILED,,,577,0.3442352103851735,0.8476180024668574,4361,1188,2836
FAILED,,,1380,0.958731789883226,0.4214396961573511,2086,2352,4808
FAILED,,,3678,0.2257145986165851,0.5197751467041671,3711,3332,1662
FAILED,,,3508,0.9820711254253984,0.0895617155879736,1105,405,3092
FAILED,,,1436,0.2179654216412454,0.96970360612683,4683,3873,1201
FAILED,,,358,0.6014724410120397,0.2916495091505348,1762,2559,1768
FAILED,,,4546,0.3363982589319348,0.6414039022196084,2755,1564,4869
FAILED,,,4145,0.7007533279750496,0.833539223819971,3283,2127,3204
FAILED,,,916,0.497825602851808,0.2320596609245985,2484,3713,141
FAILED,,,2304,0.822866975300014,0.5378737131394445,3959,4896,1880
FAILED,,,2796,0.121334358016029,0.4044370893854647,579,788,3810
FAILED,,,3047,0.5144028934072703,0.623028500791639,1986,4294,4382
FAILED,,,1896,0.3118712260313332,0.4425784479472786,3489,180,1317
FAILED,,,1138,0.8825182059891522,0.7639862018302082,139,1516,712
FAILED,,,3767,0.1805895309578627,0.1783326572533696,4066,3114,2645
FAILED,,,4929,0.7939580072797834,0.3624549969844519,4790,3194,4260
FAILED,,,131,0.0298828752916306,0.6968174964431673,665,2216,2367
FAILED,,,1829,0.6667847630362957,0.0031695713922381,2960,1051,590
FAILED,,,3271,0.4016800091601908,0.9298910042550415,1265,4516,3694
FAILED,,,3241,0.5622422861345112,0.0392558921910822,3472,2666,3859
FAILED,,,1856,0.2659806059133261,0.901959396811202,2003,1768,2007
FAILED,,,82,0.9301753037404268,0.3359244462847709,4122,590,34
FAILED,,,4977,0.1348820980973541,0.7305281436871736,83,4000,3174
FAILED,,,3796,0.7773061145525426,0.7920338095910847,647,4692,4996
FAILED,,,1107,0.0445859954096376,0.1418714629579335,4807,681,1817
FAILED,,,1945,0.650315165285021,0.5889429726153612,1321,2001,1172
FAILED,,,2996,0.4161999420206993,0.4692249915283173,2904,3528,2984
FAILED,,,2765,0.9675511944238095,0.5035520575270057,4622,1389,3664
FAILED,,,2333,0.2344350175336003,0.4303603198137134,1166,2928,482
FAILED,,,865,0.5867693190351128,0.8618380088321864,2777,4089,2494
FAILED,,,4193,0.3530501535180955,0.1963370675388723,1740,71,4309
FAILED,,,4573,0.7464607589766383,0.2653701951876282,2423,1237,2537
FAILED,,,328,0.4501685069594532,0.6758532098587601,3344,4644,683
FAILED,,,1483,0.8687575972769409,0.1254119684360921,601,3302,1365
FAILED,,,3459,0.0734949634298682,0.941048745015636,3937,2422,4509
FAILED,,,3728,0.8141396560724825,0.3851097527574747,1504,3865,889
FAILED,,,1333,0.1125232814364135,0.5479503172636032,3043,452,2787
FAILED,,,607,0.6919300568811594,0.2456083741504699,904,1633,4566
FAILED,,,4492,0.4891013173814863,0.8136636136509477,4873,2528,1457
FAILED,,,4248,0.5945681700669228,0.6315463197510688,4305,3703,465
FAILED,,,696,0.3296538866963237,0.3107730449587106,222,2178,3535
FAILED,,,2358,0.9753232435490936,0.9893754229117184,3728,856,4141
FAILED,,,2547,0.2110728693269193,0.0762320314534008,2069,4868,2204
FAILED,,,2945,0.6580871251821518,0.9200279825869948,349,210,1633
FAILED,,,2116,0.3928377045858651,0.0222842178456485,3886,4225,4701
FAILED,,,1084,0.7851050548125058,0.71648029746674,2254,3066,2963
FAILED,,,4016,0.021189817816019,0.3491199851855635,3210,1524,1028
FAILED,,,4710,0.8756446908731013,0.158995420018211,2525,2245,2067
FAILED,,,234,0.1738149977475404,0.7740565934441984,1689,3128,3963
FAILED,nan,nan,143,0.7788383952379226,0.8255363656282425,213,1996,2582
FAILED,nan,nan,3602,0.4143148606531322,0.3526293656304479,3821,4546,612
FAILED,nan,nan,3910,0.575193735845387,0.6896005458831788,1394,2809,2470
FAILED,nan,nan,2518,0.9213820421192797,0.0233668286055326,4426,3880,1292
FAILED,nan,nan,4701,0.0842609098758548,0.933408328793943,1999,3162,687
FAILED,nan,nan,1246,0.2566647489406168,0.5470144171062857,857,1408,4248
FAILED,nan,nan,783,0.5178039610981942,0.0813044288940727,2271,4737,4866
FAILED,nan,nan,1725,0.4916805584616959,0.9913459216468036,4707,2930,2972
FAILED,nan,nan,1891,0.982674291940406,0.6307074421979487,4102,3670,3857
FAILED,nan,nan,2952,0.1611247997041791,0.6137082028593868,3701,2424,1924
FAILED,nan,nan,3431,0.6832375115379691,0.7598056853245944,3057,1606,1234
FAILED,nan,nan,324,0.0107977020125836,0.2937362545095384,1665,4310,3209
FAILED,nan,nan,3230,0.0384997058995068,0.1012074005044996,752,2582,4030
FAILED,nan,nan,4163,0.9398237549364566,0.9488739081285894,3179,4440,3427
FAILED,nan,nan,2075,0.3648009231742471,0.4789212736617774,2109,2146,1018
FAILED,nan,nan,4641,0.4639440827649086,0.6741209763176739,2574,4013,4730
FAILED,nan,nan,3084,0.5606200262922794,0.2747747737579047,147,3323,2874
FAILED,nan,nan,1616,0.8557870480939745,0.1456308588292449,1465,1328,2057
FAILED,nan,nan,4891,0.7018315126467496,0.2046343786362558,4304,2342,4107
FAILED,nan,nan,1039,0.9017053800597788,0.3406462997719645,2849,3087,784
FAILED,nan,nan,3807,0.2109063063897192,0.4208504297155886,4949,1754,2795
FAILED,nan,nan,3489,0.7986483167558909,0.504423179903999,2376,1226,4652
FAILED,nan,nan,268,0.379524141004309,0.0344108127653598,3455,3441,2291
FAILED,nan,nan,165,0.5900229938998819,0.4457315004095435,3914,1542,1548
FAILED,nan,nan,3580,0.2293675880562514,0.9820642316211016,22,3760,4148
FAILED,nan,nan,3888,0.7644964446593076,0.0681243013683706,2615,3262,3543
FAILED,nan,nan,4991,0.273076319579035,0.3079036041814834,3220,2679,4535
FAILED,nan,nan,2809,0.7359474555402994,0.6409763543698936,627,4656,2677
FAILED,nan,nan,2969,0.4747207997925579,0.2378247002698481,2500,1657,3310
FAILED,nan,nan,766,0.8274707120899111,0.7068027235027403,3570,4263,978
FAILED,nan,nan,4537,0.503159375578165,0.8359912078939378,4908,1010,3913
FAILED,nan,nan,1708,0.1775972834285348,0.3737299807500094,987,3696,1626
FAILED,nan,nan,3135,0.9973208107370884,0.3877058059088886,1855,2402,4771
FAILED,nan,nan,619,0.3209517483972013,0.9152213121633976,2964,4774,2175
FAILED,nan,nan,4263,0.6257711706701666,0.3233685775082558,1880,3976,1961
FAILED,nan,nan,1975,0.0546161990351974,0.8547977439574898,3311,1351,4981
FAILED,nan,nan,1828,0.5460896230656653,0.5177377445138991,2666,2095,3171
FAILED,nan,nan,2871,0.8708047262653709,0.9042078737746924,3868,2556,1720
FAILED,nan,nan,4429,0.1503787938915193,0.0526429212149232,1275,4486,1118
FAILED,nan,nan,1135,0.7167882777322083,0.962130773724988,1628,3571,4435
FAILED,nan,nan,2603,0.1027278891317546,0.4969762326255441,3010,1101,2352
FAILED,nan,nan,1452,0.3083581639956683,0.1105658286008983,4212,4096,2543
FAILED,nan,nan,3793,0.983555736899376,0.7194569997787476,2879,479,4055
FAILED,nan,nan,853,0.4850846321303397,0.4414236525408924,332,4424,65
FAILED,nan,nan,2506,0.6207765838969499,0.3212326878849417,2155,2199,4923
FAILED,nan,nan,3631,0.2070564108639955,0.118093228071928,1402,1553,2711
FAILED,nan,nan,1571,0.7065934119150042,0.8381196032818407,3836,3546,1369
FAILED,nan,nan,2067,0.1213385145608335,0.6036517782397568,4647,2704,955
FAILED,nan,nan,352,0.8354590270221234,0.2381433553826064,1123,4328,2296
FAILED,nan,nan,4687,0.647093776140362,0.1507933283727616,4966,4777,2945
FAILED,nan,nan,4914,0.3369042569175363,0.9537839865460992,3650,771,3621
FAILED,nan,nan,127,0.1476499887667596,0.93222199588269,2454,283,1766
FAILED,nan,nan,2456,0.9261004398744552,0.2840749247167259,3301,1750,611
FAILED,nan,nan,3392,0.7779084910266101,0.7963343639876693,63,3059,3226
FAILED,nan,nan,1330,0.2794469345994294,0.0192914368063211,2511,2000,2070
FAILED,nan,nan,1248,0.5613719723876566,0.6362509838063269,1643,969,873
FAILED,nan,nan,4186,0.061844496442005,0.4152303786836565,4214,3973,4385
FAILED,nan,nan,4349,0.5178891832791269,0.9035100993923842,1063,1257,2005
FAILED,nan,nan,2896,0.4275399517323822,0.5007097857929764,833,3193,4139
FAILED,nan,nan,1078,0.0193329706527292,0.185006315248087,3551,3646,3326
FAILED,nan,nan,3232,0.2983205990474671,0.2573749409075826,4434,463,699
FAILED,nan,nan,1502,0.797760110905394,0.5368095279932023,1902,4636,4670
FAILED,nan,nan,3063,0.8991710198111832,0.0553129073269665,3974,787,1662
FAILED,nan,nan,2291,0.3996325762383639,0.7704055605176836,1423,4116,3005
FAILED,nan,nan,285,0.6815800028573722,0.3874148124530911,3053,2603,4308
FAILED,nan,nan,4756,0.8631055923420936,0.4752503447160124,1778,3367,1245
FAILED,nan,nan,4513,0.1831074788030237,0.6702605342101305,624,2495,319
FAILED,nan,nan,527,0.3635766738746315,0.6913372278194875,4232,1693,4755
FAILED,nan,nan,1900,0.5850887922793627,0.0919813284315168,240,27,3559
FAILED,nan,nan,1731,0.2503126534093171,0.3576366386022419,737,1225,3770
FAILED,nan,nan,2670,0.0866257933303713,0.8738366273436695,2806,4915,2402
FAILED,nan,nan,3459,0.7488745840732008,0.577134652659297,3244,3835,238
FAILED,nan,nan,691,0.964421291090548,0.98818006959185,4711,2057,2611
FAILED,nan,nan,3962,0.4649760611951351,0.2097359053511172,2237,2885,1436
FAILED,nan,nan,761,0.1932457999959588,0.5219104544855654,2991,4287,3450
FAILED,nan,nan,4051,0.6928065877854824,0.3018587499950081,523,656,2432
FAILED,nan,nan,1820,0.9737015906441956,0.140808281628415,1514,2745,4805
FAILED,nan,nan,3529,0.4752676354590803,0.9188162986561657,4027,2314,1116
FAILED,nan,nan,612,0.606970731863752,0.787314527919516,3449,4465,3876
FAILED,nan,nan,1963,0.3270453750640154,0.4373998271785676,1955,3504,2563
FAILED,nan,nan,2756,0.8256391750499606,0.6530657913405448,4525,1438,1561
FAILED,nan,nan,4820,0.107554545732215,0.0049207668453454,1001,594,210
FAILED,nan,nan,4429,0.908476091330871,0.8237412002142519,2341,4015,730
FAILED,nan,nan,220,0.4098918164502829,0.1090808871686458,4775,1084,4562
FAILED,nan,nan,2207,0.6254834275357425,0.7416341841686517,643,1885,3376
FAILED,nan,nan,2998,0.1260767665095627,0.4582309649102389,3189,3018,1876
FAILED,nan,nan,3142,0.5397958948295564,0.2247453912626952,2712,3235,445
FAILED,nan,nan,988,0.7602651145793498,0.3424256234709173,4336,168,3111
FAILED,nan,nan,1433,0.0402293890025466,0.9437914446368814,185,1864,4261
FAILED,nan,nan,4280,0.2618254413567483,0.6214430986829103,1843,4735,1634
FAILED,nan,nan,4140,0.7881563100349158,0.0746868303455412,3741,2371,4169
FAILED,nan,nan,1141,0.2887405849155038,0.8521468694005162,1175,2571,502
FAILED,nan,nan,1283,0.5043526812978089,0.4847498713359237,4546,4148,1816
FAILED,nan,nan,3284,0.0057593423239886,0.7052282072287053,2093,912,2816
FAILED,nan,nan,2843,0.6680092298295349,0.9699013254903256,1301,338,4510
FAILED,nan,nan,74,0.8895862468443811,0.5876146182268858,424,3678,2176
FAILED,nan,nan,2345,0.1695757356565445,0.1890301554817706,3774,4604,825
FAILED,nan,nan,4576,0.3900259200669825,0.370547417005524,2931,1382,3198
FAILED,nan,nan,4965,0.5637287658229471,0.5497278015613556,4120,2917,2742
FAILED,nan,nan,464,0.0652895536124706,0.2678471733685583,1588,2181,1261
FAILED,nan,nan,2118,0.8457315659467131,0.8827968543581665,2615,1101,115
FAILED,nan,nan,2618,0.3461655211318284,0.1667353042531758,127,3803,3927
FAILED,nan,nan,3679,0.9470129936486482,0.4012982966974378,937,4947,3747
FAILED,nan,nan,1677,0.4476067936345935,0.6797677939366549,3366,151,2248
FAILED,nan,nan,901,0.7275335855204612,0.0336306445486843,2360,1568,1061
FAILED,nan,nan,3899,0.2289497716519981,0.7531033293250948,4911,3335,4894
FAILED,nan,nan,3857,0.5991711344756186,0.0269265839196741,1620,4234,3249
FAILED,nan,nan,877,0.0997563759945333,0.8043958432171494,4088,670,2081
FAILED,nan,nan,3724,0.3192509845104068,0.6282313748877496,2627,2798,4435
FAILED,nan,nan,2638,0.9814959811978042,0.9240995180569588,3438,3451,2925
FAILED,nan,nan,1703,0.8178433568459004,0.407758928053081,114,2300,935
FAILED,nan,nan,2160,0.4830634536631405,0.1432191278059035,867,1452,1741
FAILED,nan,nan,416,0.7006047575231642,0.5086685671359301,4859,580,552
FAILED,nan,nan,4938,0.2010453973840922,0.2916072549726814,2410,4518,4075
FAILED,nan,nan,4545,0.7524674225840717,0.5955293710529804,1242,1030,4990
FAILED,nan,nan,25,0.2540253699440509,0.3136584389861673,3676,4030,1009
FAILED,nan,nan,3337,0.6332797234822065,0.4490587810650467,3801,1810,4003
FAILED,nan,nan,2402,0.5320019783005119,0.9617426675073802,2046,3003,2325
FAILED,nan,nan,1316,0.1338706830386072,0.7275185821782798,1274,3250,5
FAILED,nan,nan,2881,0.0324330930560827,0.2456757042277604,4592,1940,3636
FAILED,nan,nan,1106,0.9162761627435684,0.1106218257732689,2923,4720,1356
FAILED,nan,nan,4084,0.4176895084455609,0.8300999237243086,430,222,2690
FAILED,nan,nan,4256,0.8817899824995548,0.3496170928869396,4841,2509,300
FAILED,nan,nan,946,0.3822320351395756,0.5696633842028678,2275,2395,3819
FAILED,nan,nan,1478,0.6602091268151998,0.217797321377322,3143,888,2634
FAILED,nan,nan,3168,0.1617780120596289,0.9958150345310568,690,4211,1446
FAILED,nan,nan,2227,0.0135594453383237,0.4832089513204992,2684,362,4689
FAILED,nan,nan,192,0.7959501949623227,0.8662624825444073,1836,1358,3542
FAILED,nan,nan,3039,0.5121504048947245,0.6988695023078472,211,4541,1188
FAILED,nan,nan,4381,0.2965368492603302,0.0838590253442525,4344,3741,2375
FAILED,nan,nan,4771,0.7197392228506505,0.7779377271886915,3022,2117,1689
FAILED,nan,nan,581,0.2211539813317358,0.0632715250849723,490,2942,3022
FAILED,nan,nan,2002,0.9392147960271686,0.6626864674855024,4015,3778,4374
FAILED,nan,nan,2812,0.4398071683626622,0.3792924684695899,1527,1165,375
FAILED,nan,nan,3561,0.8535311912186444,0.1769868104290217,2025,87,1991
FAILED,nan,nan,705,0.5715245561432093,0.2654363457802683,950,3310,4618
FAILED,nan,nan,1873,0.353963718753308,0.896038752861321,4454,4972,3306
FAILED,nan,nan,4017,0.0730839162822812,0.5444446007497609,3501,1633,640
FAILED,nan,nan,3909,0.827659401750192,0.9512627019397916,4279,4409,425
FAILED,nan,nan,1766,0.6129807935766876,0.6138081151545047,2739,1499,3052
FAILED,nan,nan,3515,0.1135441518910229,0.3343641888555139,305,3561,1580
FAILED,nan,nan,658,0.3291060592960566,0.2327649258244782,1732,533,4246
FAILED,nan,nan,2701,0.714387774584815,0.1011222991533577,745,2689,746
FAILED,nan,nan,470,0.9913539112843572,0.4663532791510224,2210,716,3431
FAILED,nan,nan,1949,0.2148522011842578,0.8162089443150907,3237,2253,4590
FAILED,nan,nan,4718,0.492884257402271,0.7492083401214331,4737,4344,1943
FAILED,nan,nan,4493,0.553574248790741,0.4294411908313632,3564,269,1496
FAILED,nan,nan,244,0.05404439342767,0.6455336060803384,1052,4830,2506
FAILED,nan,nan,2339,0.7701146060992032,0.0130430996753275,4402,3140,3850
FAILED,nan,nan,3090,0.271650670254603,0.7948885834906251,1933,1764,192
FAILED,nan,nan,3274,0.9338967042192816,0.5293818121701479,1475,1986,2481
FAILED,nan,nan,1526,0.4353338366597891,0.3098782659675926,3923,3112,3513
FAILED,nan,nan,1052,0.6548938791546971,0.9111812444888056,552,3920,4815
FAILED,nan,nan,4304,0.1554477123636752,0.1327468953449279,3123,983,1141
FAILED,nan,nan,4154,0.6737837069109083,0.6717063035536558,2465,3621,3686
FAILED,nan,nan,1195,0.1753135622739791,0.3936631384305656,4953,1321,2196
FAILED,nan,nan,1386,0.8913709483984857,0.7611229196544737,802,399,1039
FAILED,nan,nan,3426,0.391834884243086,0.0411020765900611,3334,4661,4882
FAILED,nan,nan,2945,0.8055578029006719,0.2754213925246149,2562,4091,2796
FAILED,nan,nan,2487,0.3061206704601645,0.5578502979762853,11,851,1328
FAILED,nan,nan,88,0.5256830998081714,0.1592029851507395,4143,2431,130
FAILED,nan,nan,4631,0.0271292665991932,0.8748380841687322,1714,2628,3955
FAILED,nan,nan,2554,0.2425130560211837,0.5796559261120856,3902,51,3141
FAILED,nan,nan,4873,0.9566269005369396,0.1966043857913464,378,1669,4485
FAILED,nan,nan,332,0.4571802429910749,0.9780237140879036,2831,3430,807
FAILED,nan,nan,2095,0.7410764143355191,0.3630150570068508,1337,4852,2112
FAILED,nan,nan,3655,0.5928883896674961,0.8440853009428829,4654,1201,4181
FAILED,nan,nan,1613,0.0944239630680531,0.0670517129749059,2147,3898,524
FAILED,nan,nan,808,0.8709014105461538,0.7132479053754359,3624,2822,1867
FAILED,nan,nan,3776,0.6288833715096116,0.8596935802605004,3294,2778,1110
FAILED,nan,nan,3767,0.3713710644282401,0.4922212922237813,1150,2081,2878
FAILED,nan,nan,797,0.1302909843027591,0.0827190018445253,840,2282,4767
FAILED,nan,nan,2562,0.7650584379583597,0.2121841120999306,1675,4496,221
FAILED,nan,nan,1623,0.9131247870270164,0.6976686549503356,4993,688,3464
FAILED,nan,nan,2084,0.2654990629479289,0.9935444308444856,4182,564,3899
FAILED,nan,nan,340,0.5430359679777175,0.3474072535727173,50,1468,2555
FAILED,nan,nan,4621,0.9707056605946272,0.259815016740933,3863,1919,1914
FAILED,nan,nan,4862,0.0446034255716949,0.5639891131259501,2524,3474,1526
FAILED,nan,nan,2477,0.6882574075050653,0.1747841391097754,2871,4048,4541
FAILED,nan,nan,2957,0.1898153399936855,0.890356421507895,339,1050,716
FAILED,nan,nan,100,0.4711367604788393,0.5421811055727302,1375,2984,3382
FAILED,nan,nan,1396,0.1039795100968331,0.3781443252079189,3662,4704,3100
FAILED,nan,nan,1187,0.8224833741746843,0.7767288195546717,2187,3265,4296
FAILED,nan,nan,3418,0.6025661792661995,0.656124673711136,1110,199,1611
FAILED,nan,nan,4165,0.3230743188597262,0.0567707931101322,4616,1833,454
FAILED,nan,nan,4332,0.8491539136227221,0.5138629989475012,267,4197,2850
FAILED,nan,nan,1554,0.5678515284769237,0.9268499610088764,1771,2420,476
FAILED,nan,nan,3244,0.0682935959883034,0.1483527952451259,4239,2522,4151
FAILED,nan,nan,3119,0.7315117725413293,0.4137719984278082,4699,3730,3170
FAILED,nan,nan,1022,0.35072281373851,0.2942966361250728,2779,862,1817
FAILED,nan,nan,2308,0.2320984417106956,0.6299272302966565,2250,1329,2160
FAILED,nan,nan,273,0.9505951601006092,0.0285614370144903,3276,390,856
FAILED,nan,nan,4461,0.4520042154155672,0.8104697374496609,705,4552,4514
FAILED,nan,nan,4690,0.5005263717472553,0.11664301590994,1895,1151,3926
FAILED,nan,nan,500,0.0011187589541077,0.831788670623675,4441,3752,82
FAILED,nan,nan,2732,0.2853487532678991,0.7336005366872996,3524,2131,2768
FAILED,nan,nan,1921,0.783933979915455,0.4506864661648869,1090,2968,1279
FAILED,nan,nan,3486,0.8852193410918117,0.9669299908094108,3085,1621,4910
FAILED,nan,nan,1797,0.3867787161022424,0.2483732051420956,592,3282,1089
FAILED,nan,nan,629,0.6643427390549332,0.5982878742814064,3962,5000,2244
FAILED,nan,nan,3941,0.1647752814609557,0.3187849384304136,1435,99,3716
FAILED,nan,nan,734,0.4233556997273117,0.8803714937344194,3182,1519,1405
FAILED,nan,nan,1841,0.6423542015701532,0.2810155664626509,2314,513,54
FAILED,nan,nan,3591,0.1438008442446589,0.5599648118801415,4802,4390,4032
FAILED,nan,nan,3985,0.9227923562843352,0.161378560854122,650,3579,2720
FAILED,nan,nan,2030,0.0580790144670754,0.0477508380711078,1875,739,2275
FAILED,nan,nan,2782,0.5565486832205206,0.762358030622825,4304,4359,3607
FAILED,nan,nan,4798,0.2751637769043445,0.3949592517130076,173,2673,4960
FAILED,nan,nan,163,0.2110954254604876,0.4988781139813363,4053,3160,602
FAILED,nan,nan,2259,0.9881358412411064,0.8506813583280891,530,4809,1789
FAILED,nan,nan,551,0.7746993651762605,0.6782942411769182,2724,2231,961
FAILED,nan,nan,3010,0.4886059710066766,0.0683407177478075,2984,251,2956
FAILED,nan,nan,4412,0.7095593761764467,0.7144758483488113,1488,1782,4103
FAILED,nan,nan,3198,0.8399554400034249,0.3651986929867417,3462,999,4405
FAILED,nan,nan,1450,0.3405092583410442,0.5851821676827967,988,3943,886
FAILED,nan,nan,976,0.6238415058981627,0.2021914512198418,4494,3089,2032
FAILED,nan,nan,4073,0.5815745842196047,0.4645775645449758,2588,4687,669
FAILED,nan,nan,1114,0.0820385349355638,0.7431001822780817,154,412,4667
FAILED,nan,nan,4228,0.1252786234673112,0.9801463477537036,1986,1970,3220
FAILED,nan,nan,3346,0.3606035787966102,0.8144940535668284,1581,3596,2020
FAILED,nan,nan,1305,0.8590737085621803,0.0949531389959156,4127,1307,3354
FAILED,nan,nan,2411,0.4619192515201866,0.3292647850271314,4899,2442,4327
FAILED,nan,nan,2869,0.960473069857806,0.6111985337138176,2372,2657,345
FAILED,nan,nan,13,0.7452614703234285,0.9462243599109352,905,840,2972
FAILED,nan,nan,4948,0.8016163862440735,0.9085788310430944,4553,77,2405
FAILED,nan,nan,4555,0.2458243527542799,0.2300945800114423,3398,4063,1661
FAILED,nan,nan,408,0.303053042801097,0.127639431240037,2085,4866,3590
FAILED,nan,nan,2170,0.5220805661007762,0.5243353503793478,3714,3416,4739
FAILED,nan,nan,2630,0.0226339234262704,0.3072150286640971,1202,1643,1216
FAILED,nan,nan,3736,0.6858550482261926,0.0112593247927725,392,2109,1417
FAILED,nan,nan,1694,0.1863247169796377,0.7887875936422497,2963,2834,2585
FAILED,nan,nan,889,0.9029283894598484,0.4232791391834616,1313,3886,3771
FAILED,nan,nan,3847,0.4044639777317643,0.6438105955701321,3762,1173,271
FAILED,nan,nan,3868,0.766904974622652,0.3856310375705361,2053,1525,1584
FAILED,nan,nan,1647,0.5487505134828389,0.0491508556790649,1215,4435,4230
FAILED,nan,nan,929,0.2673679587002843,0.6641595443617553,4585,3535,3083
FAILED,nan,nan,2586,0.6501537989582866,0.534207114547491,2891,745,1925
FAILED,nan,nan,3707,0.050279417078942,0.7686825500074774,3703,508,397
FAILED,nan,nan,2148,0.1515990139823406,0.2522674768026918,462,4315,3406
FAILED,nan,nan,433,0.9305881744883956,0.8984636376015842,3813,2718,4591
FAILED,nan,nan,4994,0.4311500902809203,0.1823430779445916,1262,2225,779
FAILED,nan,nan,4607,0.6160452099516988,0.9855704881511628,88,3165,161
FAILED,nan,nan,46,0.1174847069382667,0.2046365015227347,2654,1738,3846
FAILED,nan,nan,2375,0.8321553685907275,0.5720963106304408,1627,294,2534
FAILED,nan,nan,3316,0.9959335332363844,0.0902056138254702,4871,3947,1166
FAILED,nan,nan,2815,0.3327115663457662,0.3549662927892059,4081,4805,1512
FAILED,nan,nan,1254,0.4964060424193739,0.8677284695003181,2398,956,4834
FAILED,nan,nan,4111,0.2188917214069515,0.689622337071225,899,3085,2480
FAILED,nan,nan,1172,0.7173532927054912,0.4690811845585704,3406,2014,3481
FAILED,nan,nan,4268,0.7374637467265129,0.2403269913624972,3988,447,4846
FAILED,nan,nan,998,0.2380242497399449,0.9593102281168104,1554,4613,1031
FAILED,nan,nan,3151,0.4541229871753603,0.6057744119055569,483,1273,3697
FAILED,nan,nan,2987,0.8668699729070067,0.839347546255216,962,2477,3976
FAILED,nan,nan,1422,0.952679184930399,0.3268197533134371,3029,3670,2220
FAILED,nan,nan,2215,0.3683974637240171,0.124750049829483,3489,2583,144
FAILED,nan,nan,209,0.5893746872339398,0.7260530599523336,1993,4137,1290
FAILED,nan,nan,4437,0.0898362585324794,0.4427126573137939,4486,805,2790
FAILED,nan,nan,4832,0.8951287641879171,0.6374860947746783,3151,4900,3149
FAILED,nan,nan,602,0.3966657801102847,0.4218791401647031,683,4,2147
FAILED,nan,nan,2746,0.178530354309827,0.0205875500887632,2302,3382,4462
FAILED,nan,nan,1976,0.6780592579059302,0.8029223016109317,4814,1716,796
FAILED,nan,nan,3540,0.5298749287705868,0.2862505004201084,1804,2867,2864
FAILED,nan,nan,771,0.8094145838655531,0.1563875023107975,223,1246,530
FAILED,nan,nan,1812,0.0304297137465327,0.5062431953586638,4375,2036,1846
FAILED,nan,nan,3971,0.5352416053079069,0.5928019415289164,4394,2325,4434
FAILED,nan,nan,1739,0.7572602403368801,0.9726598287187516,3591,4258,2100
FAILED,nan,nan,4043,0.3108526680730283,0.9343365097865464,2672,3853,4219
FAILED,nan,nan,680,0.0368076352514326,0.3732449179198593,1941,2774,902
FAILED,nan,nan,3448,0.2576994376759976,0.1941566549260169,1025,645,3275
FAILED,nan,nan,1888,0.4215082112960517,0.7069169541280717,3091,4491,580
FAILED,nan,nan,2680,0.9209244122989476,0.4907710614725947,584,608,4091
FAILED,nan,nan,4744,0.1380853469725698,0.858228823909536,3936,1425,2895
FAILED,nan,nan,2283,0.5947660762518644,0.402933149792254,4272,1056,983
FAILED,nan,nan,295,0.3152804339323193,0.7547991847340018,278,1914,2326
FAILED,nan,nan,4504,0.8146871098298579,0.0396437149234116,2766,3029,3669
FAILED,nan,nan,1514,0.1976154430080205,0.1694246854055673,4749,194,1340
FAILED,nan,nan,3222,0.6960551311019808,0.8879912861697375,2198,4749,2662
FAILED,nan,nan,536,0.6366791618298739,0.0763145154453814,1462,3478,1737
FAILED,nan,nan,1069,0.9784995455220342,0.5524782445132732,776,1838,35
FAILED,nan,nan,3073,0.0961817864999175,0.6858416881691665,1740,4003,4972
FAILED,nan,nan,4361,0.4789330248236656,0.2729808408077806,3206,3221,4007
FAILED,nan,nan,4216,0.942797468105331,0.7807527341451496,1363,935,1484
FAILED,nan,nan,1216,0.4442041440028697,0.0037726235836744,3876,4164,2640
FAILED,nan,nan,1359,0.7237178560122848,0.651856883706525,370,2556,3798
FAILED,nan,nan,3360,0.2243021457642317,0.4308990952037275,2839,2348,287
FAILED,nan,nan,2923,0.5756478244233877,0.1351869525890797,3611,1402,2352
FAILED,nan,nan,155,0.8569539850354194,0.2996560786757618,4686,4586,4725
FAILED,nan,nan,2426,0.0760875125173479,0.916552803479135,1162,3696,3531
FAILED,nan,nan,4657,0.358520505733788,0.5162281231321394,2115,318,1197
FAILED,nan,nan,4885,0.6565431416667998,0.3368124141935259,795,3826,369
FAILED,nan,nan,825,0.5083245414849371,0.8225403528567403,2550,134,3297
FAILED,nan,nan,1601,0.2931445714719593,0.4570909414105117,1682,1586,4641
FAILED,nan,nan,3823,0.0089183563422411,0.1025729871988296,23,4926,1955
FAILED,nan,nan,2038,0.8774235228877515,0.2225355519484728,2492,2166,3035
FAILED,nan,nan,2537,0.3789843255486339,0.9381171735599636,4926,2894,1710
FAILED,nan,nan,384,0.156977111723274,0.6191724949963391,3341,1116,4336
FAILED,nan,nan,3604,0.7917283704690635,0.7350652818847447,4175,3356,651
FAILED,nan,nan,3817,0.5115255847517401,0.3737692560087889,3944,3461,4355
FAILED,nan,nan,839,0.0119875575769692,0.5903432634845376,1451,1482,355
FAILED,nan,nan,1586,0.7885373430624604,0.193706324154511,3103,551,1708
FAILED,nan,nan,3607,0.2900653543770313,0.9750740190930663,576,4509,3041
FAILED,nan,nan,2521,0.8743428967315704,0.7102905776556582,1035,4244,4637
FAILED,nan,nan,2042,0.3757871005032211,0.4893308261334896,3581,699,659
FAILED,nan,nan,377,0.6596185405403375,0.8547802412975579,1950,2271,1971
FAILED,nan,nan,4898,0.1601795640513301,0.0777982866875827,4384,2789,3286
FAILED,nan,nan,4663,0.8558282956667245,0.7562221023757011,3214,1820,2654
FAILED,nan,nan,141,0.3572667814008891,0.0362566997371614,765,3279,1466
FAILED,nan,nan,2441,0.5767797225844115,0.6843409561421722,4761,4691,281
FAILED,nan,nan,2920,0.0773350280579179,0.4063684597164392,2190,212,3800
FAILED,nan,nan,3376,0.7249601554237306,0.1719006811473518,1750,1040,3522
FAILED,nan,nan,1355,0.2254316533543169,0.8874803397394717,4262,4059,2355
FAILED,nan,nan,1223,0.9415461343433708,0.2705836112182587,287,2973,1208
FAILED,nan,nan,4202,0.4430836707632988,0.5529418479725718,2755,1930,4709
FAILED,nan,nan,4374,0.9772496282570065,0.002287127263844,2127,4570,2344
FAILED,nan,nan,1063,0.4778111425228417,0.7842032797764987,4678,372,3655
FAILED,nan,nan,1518,0.6972988395746798,0.4323372485525906,1170,1348,4971
FAILED,nan,nan,3206,0.1987435341011733,0.6484851042274385,3599,3712,989
FAILED,nan,nan,3077,0.5958993909098208,0.9141403381824492,2848,2538,1337
FAILED,nan,nan,2267,0.0974278929792344,0.1356353203412145,360,2404,2671
FAILED,nan,nan,308,0.813562829522416,0.5186888831667602,3886,878,4022
FAILED,nan,nan,4498,0.3140252931024879,0.2991298965383321,1355,4182,24
FAILED,nan,nan,4731,0.6397521701324731,0.6187069285176694,34,117,915
FAILED,nan,nan,542,0.1412901973072439,0.3392113688606769,2541,4982,4415
FAILED,nan,nan,1884,0.9178413881361484,0.9386262759417296,1690,3300,3269
FAILED,nan,nan,2696,0.4183133768215775,0.2200616381969302,4163,1603,2101
FAILED,nan,nan,3445,0.7540668223593384,0.4536575945056975,4936,2147,572
FAILED,nan,nan,1755,0.2546226185876876,0.7365642888341098,2482,2952,4094
FAILED,nan,nan,666,0.5384402505680919,0.1059618464335799,3352,3768,2906
FAILED,nan,nan,3977,0.0398792270570993,0.821115353224799,786,1136,1722
FAILED,nan,nan,4027,0.810048700466752,0.6675336437728256,1251,2659,2131
FAILED,nan,nan,775,0.3116157416626811,0.3841912781149149,3822,2244,3160
FAILED,nan,nan,1805,0.5292336813528091,0.7652344432789833,454,726,4465
FAILED,nan,nan,3553,0.0296737709734588,0.0506351028047502,2903,4373,787
FAILED,nan,nan,2740,0.6772999951019884,0.2527922907751053,3693,4379,1847
FAILED,nan,nan,1989,0.1778848053514957,0.5317489123865962,1225,524,2858
FAILED,nan,nan,587,0.8958961393181235,0.1818932230565697,4574,1509,4201
FAILED,nan,nan,4836,0.3973032167423516,0.9008783038593828,2062,3590,544
FAILED,nan,nan,4453,0.5866566805746406,0.2071120213810354,887,1957,1020
FAILED,nan,nan,205,0.0872510159295052,0.9850590658374132,3414,3102,4863
FAILED,nan,nan,2222,0.8695770416818559,0.3525685873162001,2391,3930,3706
FAILED,nan,nan,2974,0.3709936442114412,0.5725594382062554,4883,1013,2216
FAILED,nan,nan,3157,0.955268238319084,0.8691509112585336,4072,239,150
FAILED,nan,nan,1408,0.456829561477527,0.0868181227557361,1637,4820,3975
FAILED,nan,nan,1013,0.7348789985962212,0.688121129160747,2643,3150,2777
FAILED,nan,nan,4265,0.2353133701793849,0.4725160185992718,96,1793,1309
FAILED,nan,nan,4114,0.714771857170388,0.9568972869366408,4478,4082,3830
FAILED,nan,nan,1156,0.2161775218155235,0.2407748832311481,2004,822,172
FAILED,nan,nan,1268,0.9985259066559374,0.6082346960566938,3477,2460,1516
FAILED,nan,nan,3310,0.499109304126352,0.3262930952925235,970,2638,2526
FAILED,nan,nan,2828,0.8348657499607652,0.1232640776261687,473,3612,4835
FAILED,nan,nan,2369,0.3353044268023222,0.8427976160030812,3039,1292,1160
FAILED,nan,nan,50,0.6133305233232677,0.4441503347791731,1545,428,2462
FAILED,nan,nan,4591,0.1148961517401039,0.7226808045897632,3999,4671,3494
FAILED,nan,nan,4991,0.9313550551459192,0.4184462691433728,2664,1192,3072
FAILED,nan,nan,449,0.4317880139499903,0.6389855776075274,234,3868,1600
FAILED,nan,nan,2134,0.6493940491173417,0.0239768852069973,4363,2852,406
FAILED,nan,nan,2592,0.1509539594966918,0.8014977778624743,1812,2091,4227
FAILED,nan,nan,3693,0.5481087715923786,0.5057781047634781,2292,1659,3412
FAILED,nan,nan,1653,0.0495239613428711,0.2886499309707433,4823,3401,1924
FAILED,nan,nan,925,0.7675386041868478,0.934846088051796,674,4882,766
FAILED,nan,nan,3884,0.2681315267626196,0.1539140644427389,3161,61,4609
FAILED,nan,nan,3831,0.903690529871732,0.8799061651974917,163,2209,3578
FAILED,nan,nan,893,0.4050990349464118,0.1637782293464988,2734,2733,2421
FAILED,nan,nan,1688,0.68509816483967,0.5604741522036493,1864,4299,1225
FAILED,nan,nan,3749,0.1856844027396291,0.2785423665363342,4313,761,4735
FAILED,nan,nan,2623,0.5214340839646756,0.0443182049915194,4791,489,2591
FAILED,nan,nan,2184,0.0218756012357771,0.7638572755139321,2323,4453,1416
FAILED,nan,nan,392,0.8022528822626919,0.3983488247729838,3174,3516,257
FAILED,nan,nan,4952,0.3038213511090725,0.6768694794867188,662,1543,3789
FAILED,nan,nan,4571,0.7426752945426851,0.497392379719764,1977,3069,4651
FAILED,nan,nan,9,0.2431072867084294,0.7179256801549345,4504,2030,680
FAILED,nan,nan,2417,0.9630683097317816,0.0697786331549286,978,940,2024
FAILED,nan,nan,2856,0.464627253472805,0.8473088650237769,3470,3963,3346
FAILED,nan,nan,3352,0.8617793496865779,0.5827689885608852,2972,4786,4328
FAILED,nan,nan,1291,0.3631935727987438,0.3656468227971345,538,312,339
FAILED,nan,nan,1130,0.5788627640455961,0.9826063939630986,4046,1720,1642
FAILED,nan,nan,4070,0.0794547199830412,0.2016650311406702,1499,3183,2985
FAILED,nan,nan,4232,0.6211282469201833,0.7445228619780392,3388,816,591
FAILED,nan,nan,960,0.122696254754439,0.4611898355334997,915,4126,4119
FAILED,nan,nan,1464,0.8426596348881722,0.8129930835980922,4890,2594,2964
FAILED,nan,nan,3192,0.3431006911471486,0.0983877350948751,2382,2466,1785
FAILED,nan,nan,3023,0.990729642311111,0.3317400669436902,1572,1286,892
FAILED,nan,nan,2253,0.4913154191989451,0.6106873493418098,4138,3656,4404
FAILED,nan,nan,167,0.7069717541560531,0.2276966365966946,142,4626,3207
FAILED,nan,nan,4396,0.2083797982186079,0.9466877254284918,2596,433,2050
FAILED,nan,nan,4795,0.7753382294587791,0.1281640072707086,3752,3864,1389
FAILED,nan,nan,567,0.2759297243840992,0.9061208668239414,1322,1235,2731
FAILED,nan,nan,2016,0.5559045619126409,0.3067649358343333,2954,2047,4036
FAILED,nan,nan,2788,0.0573183240126818,0.5267502545788885,403,2856,45
FAILED,nan,nan,3577,0.641599686447531,0.792161930995062,1194,3396,2276
FAILED,nan,nan,1847,0.1431581691764295,0.0098193273954093,3726,1703,3602
FAILED,nan,nan,730,0.9235568575244396,0.6403627267833799,2073,17,4942
FAILED,nan,nan,4001,0.423988388678059,0.4247631483674049,4561,4886,974
FAILED,nan,nan,3935,0.6674129032101482,0.079285892881453,2534,1409,95
FAILED,nan,nan,643,0.1679753543715924,0.8611923492681235,41,3495,3907
FAILED,nan,nan,1781,0.88214109435305,0.4800901485271752,4191,4475,2761
FAILED,nan,nan,3490,0.3835867257751524,0.6962434173766524,1664,623,1280
FAILED,nan,nan,2716,0.7807377177905291,0.9930786264240742,2435,626,1081
FAILED,nan,nan,1925,0.2822671567555517,0.2145833047088235,4981,4277,4914
FAILED,nan,nan,494,0.5037297944314778,0.564497977565974,852,2755,3727
FAILED,nan,nan,4703,0.0041931949071586,0.3449335777629166,3286,2343,2228
FAILED,nan,nan,4467,0.9493423986881973,0.5397684023343027,4626,3205,1835
FAILED,nan,nan,259,0.4508775556907057,0.2602636224348098,2177,1855,2836
FAILED,nan,nan,2324,0.7327602584380657,0.8928169436007738,3671,178,4150
FAILED,nan,nan,3116,0.2332293769512325,0.1742581949140876,1100,4764,483
FAILED,nan,nan,3259,0.5689819989874959,0.3766590668298304,348,3985,2157
FAILED,nan,nan,1550,0.0695349250435829,0.6595749814007431,2860,1075,3179
FAILED,nan,nan,1028,0.8480344107393175,0.0582091844007372,1387,1895,4530
FAILED,nan,nan,4319,0.3494705170560628,0.7733568021338433,3855,3047,845
FAILED,nan,nan,4178,0.821360521517694,0.2967723939251154,714,328,3396
FAILED,nan,nan,1181,0.3218253645151853,0.5133522904589772,3266,4575,1896
FAILED,nan,nan,1400,0.6036933074388653,0.145955327713862,2260,3708,710
FAILED,nan,nan,3402,0.1052241889256984,0.9273138024099172,4690,1391,4542
FAILED,nan,nan,2961,0.6895025436282158,0.6313503858800977,4251,2361,3092
FAILED,nan,nan,2461,0.1909496175721287,0.4103847452998161,1763,2542,1614
FAILED,nan,nan,114,0.969449556844309,0.8089692433644086,2786,4178,464
FAILED,nan,nan,4615,0.4700134505275637,0.0319965089969336,255,921,4280
FAILED,nan,nan,4849,0.5462398479562253,0.8351625320930034,1445,4937,4786
FAILED,nan,nan,346,0.047677396794781,0.1152025426290929,3952,122,1097
FAILED,nan,nan,2080,0.7618626405633986,0.7301521920170635,603,1598,2451
FAILED,nan,nan,2578,0.2624170091412962,0.4521699994653463,3076,3345,3470
FAILED,nan,nan,3640,0.91004699758254,0.2488973052892834,3535,2907,3895
FAILED,nan,nan,1639,0.4105175586175174,0.964471550706774,1081,2152,229
FAILED,nan,nan,783,0.6319540003947913,0.3183343697171658,4449,1130,1542
FAILED,nan,nan,3782,0.1334905999191105,0.6007023025974632,1883,3813,2544
FAILED,nan,nan,3751,0.8740429497882723,0.2332304923031479,4729,774,815
FAILED,nan,nan,812,0.3746292025595903,0.9488637472726404,2222,4324,4481
FAILED,nan,nan,1607,0.5897520777080208,0.333855086473748,3226,2708,3130
FAILED,nan,nan,3668,0.0911605976540595,0.6162820289060473,753,2196,2128
FAILED,nan,nan,2548,0.7378144579827786,0.8196422912199051,294,1554,511
FAILED,nan,nan,2108,0.2393829417005181,0.0996232922039926,2748,3544,4199
FAILED,nan,nan,316,0.95987884102948,0.7458194808866828,1723,4425,2884
FAILED,nan,nan,4877,0.4603203731719404,0.4677782787829637,4289,478,1866
FAILED,nan,nan,4646,0.524379887310788,0.6470191024001688,3116,3976,2200
FAILED,nan,nan,85,0.0259388459231704,0.4259906452000141,564,966,3677
FAILED,nan,nan,2493,0.8068700497485697,0.7934504301417619,3912,2004,4866
FAILED,nan,nan,2932,0.3073020567856729,0.0164148791544139,1483,3056,1050
FAILED,nan,nan,3432,0.8925575508531183,0.3122907312642783,1923,3194,1310
FAILED,nan,nan,1372,0.3931495216619223,0.528933444418013,4410,1748,2810
FAILED,nan,nan,1211,0.6725908956639469,0.1302861353103071,1042,284,3956
FAILED,nan,nan,4150,0.1740051336474716,0.9117074266262352,3574,4776,124
FAILED,nan,nan,4308,0.6536996514108032,0.3922402207888663,1702,2487,2515
FAILED,nan,nan,1036,0.1541406927984208,0.675093318739906,4151,2612,1493
FAILED,nan,nan,1539,0.9350818976126613,0.0426028086170554,2,4108,181
FAILED,nan,nan,3267,0.4366498905755579,0.7576876097302884,2573,795,3866
FAILED,nan,nan,3104,0.7714254364501685,0.5553743022345007,3325,457,3500
FAILED,nan,nan,2333,0.2728334656413644,0.2759323389548808,813,4642,2499
FAILED,nan,nan,247,0.5522696272321045,0.877235313758254,4943,3640,1147
FAILED,nan,nan,4477,0.0528553892485797,0.1587393816914409,2475,1263,4814
FAILED,nan,nan,4714,0.9946082423478364,0.977499375998974,1138,2877,4250
FAILED,nan,nan,486,0.4960219895765185,0.1990630638357252,3631,2066,416
FAILED,nan,nan,1936,0.7111282162386924,0.5801062568835914,2139,1217,1564
FAILED,nan,nan,2708,0.2117196962926537,0.360600866632536,4666,3843,3063
FAILED,nan,nan,3501,0.6098468721881509,0.0636780894473195,3894,4909,4571
FAILED,nan,nan,1772,0.1102783884704113,0.845525536281988,1347,33,759
FAILED,nan,nan,655,0.8308033389989287,0.4956698748357594,2821,1687,1944
FAILED,nan,nan,3925,0.3323618068564683,0.7117641341332346,387,3373,3425
FAILED,nan,nan,4010,0.5723447320330888,0.8078287142384797,2422,598,3015
FAILED,nan,nan,718,0.0737903783265501,0.0254271010868251,4852,4462,1690
FAILED,nan,nan,1857,0.8527029030025005,0.6248420397695154,875,3508,389
FAILED,nan,nan,3565,0.3532653690353036,0.4091834518015385,3426,1434,4356
FAILED,nan,nan,2796,0.9385197663400322,0.1436842184010893,2635,2315,3317
FAILED,nan,nan,2006,0.4389831816870719,0.921700087506324,104,2745,1975
FAILED,nan,nan,575,0.7204413833543658,0.2910976767074317,4099,4288,631
FAILED,nan,nan,4784,0.2219708371907472,0.5111420050039888,1611,654,4621
FAILED,nan,nan,4387,0.7933002284877002,0.3160713801663369,442,4739,3818
FAILED,nan,nan,178,0.293769361872226,0.5950814791843295,2915,165,306
FAILED,nan,nan,2243,0.5147960661109537,0.2432154200766235,1283,1868,1465
FAILED,nan,nan,3035,0.0163312379848212,0.9622693255282938,3790,3231,2621
FAILED,nan,nan,3183,0.6629880465604365,0.7290045543815941,4601,3019,4705
FAILED,nan,nan,1474,0.1644241677485406,0.4456087113171816,2035,1885,1177
FAILED,nan,nan,952,0.8790220006387681,0.8286622462589294,3686,1085,2371
FAILED,nan,nan,4243,0.3795749415662139,0.1139940811358392,1232,4013,3550
FAILED,nan,nan,4098,0.9135048682875933,0.567187864344567,4351,1373,1003
FAILED,nan,nan,1100,0.4150357349030673,0.3501285152006894,1824,3686,4992
FAILED,nan,nan,1319,0.6360553231965751,0.9982127400040628,2695,4596,3649
FAILED,nan,nan,3322,0.1365201513227075,0.2173341938015073,203,347,2306
FAILED,nan,nan,2885,0.5346443269215524,0.4817865095622837,700,905,16
FAILED,nan,nan,2386,0.0352082057334482,0.7022569933775812,3135,4154,3987
FAILED,nan,nan,38,0.7498141360785812,0.0853602332547307,2284,2566,2682
FAILED,nan,nan,4539,0.2512611951511353,0.8628276485037059,4831,2377,1360
FAILED,nan,nan,4924,0.7013074124995619,0.059897425673902,3509,3327,2080
FAILED,nan,nan,422,0.2018617662061005,0.7793774866443127,938,1577,3255
FAILED,nan,nan,2156,0.9808014385476708,0.3827405751980841,4465,143,4453
FAILED,nan,nan,2653,0.4822389725148678,0.6612022203598171,2017,4956,921
FAILED,nan,nan,3720,0.8170155631024391,0.8955139388889074,1538,3797,1757
FAILED,nan,nan,1719,0.3185521477553993,0.1794450125899165,4006,1106,2915
FAILED,nan,nan,864,0.5999917974025011,0.5448944556377828,499,2176,4071
FAILED,nan,nan,3863,0.1004623435661196,0.2630216795224696,3012,2923,561
FAILED,nan,nan,3892,0.7282409807424992,0.5213858784548938,1009,4525,1259
FAILED,nan,nan,914,0.229769006928429,0.304316714214161,3439,574,2748
FAILED,nan,nan,1661,0.9463155845440924,0.9192663914859296,1965,1458,3945
FAILED,nan,nan,3683,0.4467775722406804,0.1383933774288743,4516,3445,101
FAILED,nan,nan,2602,0.844908512448892,0.4340254898257553,4039,2807,2264
FAILED,nan,nan,2122,0.3454695508312434,0.654505788737908,1507,2292,3736
FAILED,nan,nan,458,0.564546562295407,0.0083686356320977,2999,678,4891
FAILED,nan,nan,4979,0.0659907809384167,0.7858305187355727,511,4225,1070
FAILED,nan,nan,4582,0.886819692634046,0.1076582074686884,1852,229,496
FAILED,nan,nan,61,0.3873750129789114,0.8271289292257279,4325,4714,4171
FAILED,nan,nan,2361,0.670781963089481,0.4597319348789752,195,3256,2830
FAILED,nan,nan,2839,0.1722204636950045,0.7381995880696922,2702,1804,1797
FAILED,nan,nan,3300,0.5069997701644897,0.9413161627203226,3201,1949,836
FAILED,nan,nan,1279,0.0085373214557766,0.225256575634703,635,2994,4494
FAILED,nan,nan,1147,0.7855001570750028,0.6238410420976579,4784,4038,3190
FAILED,nan,nan,4126,0.285971669876948,0.3419622579533606,2330,1021,2180
FAILED,nan,nan,4293,0.7576104004234075,0.8536326036620885,2942,3740,4561
FAILED,nan,nan,982,0.2590550800785422,0.0712369985394179,415,1359,736
FAILED,nan,nan,1437,0.5424444299358875,0.7037902918215841,3783,361,1895
FAILED,nan,nan,3126,0.0430059293303638,0.4881223646402359,1291,4543,3363
FAILED,nan,nan,3001,0.6282575995996594,0.1914433346036821,2100,4207,4276
FAILED,nan,nan,2191,0.1287200483083725,0.9694531956799328,4534,891,434
FAILED,nan,nan,233,0.9057109833601862,0.3680873707961291,1186,2391,1630
FAILED,nan,nan,4423,0.407239470558241,0.5881410383060575,3733,2513,3120
FAILED,nan,nan,4806,0.6077861600723118,0.268312501905486,4922,1631,3444
FAILED,nan,nan,618,0.1082581338863819,0.5473281330689788,2351,3311,2433
FAILED,nan,nan,1960,0.8248137607239187,0.166225963929668,3376,4971,1130
FAILED,nan,nan,2771,0.3263517730273306,0.8852700542844832,927,89,4787
FAILED,nan,nan,3526,0.9730018132757396,0.6832004270162433,135,1161,2574
FAILED,nan,nan,1836,0.4744407748933881,0.3997990518063307,2603,3781,1545
FAILED,nan,nan,747,0.6935116221792996,0.7497137562651187,1599,2939,201
FAILED,nan,nan,4057,0.1940674035362899,0.0350554062388837,4111,2121,3879
FAILED,nan,nan,3946,0.9676784663014114,0.4380497910715639,3639,4350,4759
FAILED,nan,nan,694,0.46811857079342,0.7208974758479744,1132,710,1236
FAILED,nan,nan,1725,0.7456102483030409,0.1215415727421641,4638,2260,2386
FAILED,nan,nan,3473,0.2471773043703287,0.8366360699813813,2165,2683,3570
FAILED,nan,nan,2664,0.5819577150382101,0.6031276780925691,1394,3569,3751
FAILED,nan,nan,1913,0.0833648073337972,0.3236911279875785,3848,1490,251
FAILED,nan,nan,511,0.8662447521667928,0.954234555259347,321,542,1437
FAILED,nan,nan,4760,0.366829577287659,0.2357289270665496,2887,4400,2605
FAILED,nan,nan,4529,0.6803886192608625,0.9297462380826472,4203,989,3335
FAILED,nan,nan,281,0.1818052366618067,0.1513040368612855,1652,3914,2001
FAILED,nan,nan,2297,0.9003514357805252,0.5031072533242404,2502,3119,688
FAILED,nan,nan,3049,0.4009457860067487,0.2836110833156854,73,1980,4686
FAILED,nan,nan,3238,0.7990737854037434,0.0178682812228798,825,1772,2991
FAILED,nan,nan,1489,0.299508171858266,0.7997216171156615,3313,3131,1680
FAILED,nan,nan,1094,0.516579784296453,0.4167308727689087,2442,4839,325
FAILED,nan,nan,4345,0.0181411223262548,0.6328159118238836,4974,260,4307
FAILED,nan,nan,4190,0.5600659231785685,0.1874190184865146,615,2627,1770
FAILED,nan,nan,1232,0.0606493057776242,0.9030614936985076,3064,2433,2936
FAILED,nan,nan,1343,0.7792255078628659,0.2549144188147038,1413,850,4123
FAILED,nan,nan,3385,0.2806311576366425,0.53733547218889,3984,4093,622
FAILED,nan,nan,2909,0.9272842056173832,0.771890818895772,4422,4657,2052
FAILED,nan,nan,2450,0.4288498191628605,0.0518625996373593,1910,403,3240
FAILED,nan,nan,131,0.6459057348817587,0.6688221429195255,3542,1317,4386
FAILED,nan,nan,4671,0.1463443968519568,0.3907868298739195,1074,3625,867
FAILED,nan,nan,4910,0.8385977295525372,0.6947703367825597,2229,2080,73
FAILED,nan,nan,368,0.3401576250605285,0.4737515757083892,4721,2824,4051
FAILED,nan,nan,2054,0.6176450419258326,0.8704475301671774,727,3896,2700
FAILED,nan,nan,2512,0.1180779858585447,0.0934065660052001,3253,1202,1385
FAILED,nan,nan,3618,0.703328618850559,0.3581024430226535,2794,47,942
FAILED,nan,nan,1577,0.2039215265549719,0.5747354600504041,247,4856,4941
FAILED,nan,nan,849,0.9868124241437763,0.2092270409110933,4224,3426,3627
FAILED,nan,nan,3809,0.48822759902291,0.9906537454016506,1790,1673,2294
FAILED,nan,nan,3800,0.7055394536163658,0.1397823511939495,2319,1906,617
FAILED,nan,nan,841,0.2061004771273583,0.9177903087362648,4787,3037,4128
FAILED,nan,nan,1578,0.9846032549701632,0.302781889596954,656,3995,2931
FAILED,nan,nan,3619,0.4860474587418139,0.5228336535729468,3168,1064,1774
FAILED,nan,nan,2519,0.8364225841891021,0.7883404286112636,2728,188,862
FAILED,nan,nan,2059,0.3379505955036729,0.0059467270225286,157,4754,4391
FAILED,nan,nan,365,0.6198213769979775,0.6521426814813167,4309,3215,3235
FAILED,nan,nan,4906,0.1202833498232066,0.436476657833904,1861,1844,2057
FAILED,nan,nan,4675,0.9251073928028344,0.7407109553385526,544,2765,1380
FAILED,nan,nan,134,0.4266449292227626,0.4573076765947044,2978,2334,2705
FAILED,nan,nan,2444,0.6480804062206298,0.8247672198768705,1503,635,4046
FAILED,nan,nan,2903,0.1485519041512161,0.1101069663166999,4049,4268,78
FAILED,nan,nan,3383,0.5622746146097779,0.3433488820437342,4508,4485,2289
FAILED,nan,nan,1343,0.0628299200832843,0.6223664167411626,1981,614,3632
FAILED,nan,nan,1240,0.7770141990724951,0.2237193418573588,3477,1418,4936
FAILED,nan,nan,4200,0.2784526848066598,0.9427653357461094,984,3485,946
FAILED,nan,nan,4338,0.7968650883957744,0.4856731299087405,4132,1121,3565
FAILED,nan,nan,1085,0.2973275519758463,0.7061515252869576,1566,3821,2391
FAILED,nan,nan,1491,0.5187910986635834,0.0736607809402048,2592,2898,1231
FAILED,nan,nan,3238,0.020319600732997,0.8511207605097443,139,2162,4763
FAILED,nan,nan,3055,0.6825654264986515,0.5866913893967867,911,1588,2600
FAILED,nan,nan,2304,0.184010121025145,0.3696241286899894,3384,3354,1442
FAILED,nan,nan,277,0.8981767700184137,0.9709273451529444,2376,4928,246
FAILED,nan,nan,4525,0.3987382842842489,0.1900562346298247,4884,132,3756
FAILED,nan,nan,4763,0.5841328585427255,0.8838227550499141,3730,4167,4681
FAILED,nan,nan,515,0.0855718350317329,0.167761264430359,1198,931,693
FAILED,nan,nan,1906,0.8640684189535678,0.5488046917021274,4568,2351,1996
FAILED,nan,nan,2659,0.3646242151819169,0.2669240040238946,2080,2553,3339
FAILED,nan,nan,3472,0.9654676296766848,0.0326047141142189,1328,3697,4302
FAILED,nan,nan,1723,0.4659396183621138,0.752077339405194,3757,1401,330
FAILED,nan,nan,703,0.7478194193355739,0.4022214362993836,406,318,1675
FAILED,nan,nan,3955,0.2493574465103447,0.6806909930240362,2957,4585,2996
FAILED,nan,nan,4059,0.9747253452129662,0.8391455039735883,4987,1729,3368
FAILED,nan,nan,748,0.4761324226371944,0.1191191882491111,2441,3174,1890
FAILED,nan,nan,1828,0.6917897558342665,0.7185338927078992,3290,4796,741
FAILED,nan,nan,3517,0.1923745660837739,0.4405004831962287,856,303,4556
FAILED,nan,nan,2767,0.6060983212552965,0.2371174249481409,45,949,3125
FAILED,nan,nan,1957,0.1065384108759462,0.9527579966261984,2537,3954,1625
FAILED,nan,nan,623,0.8265027892496437,0.3221558274868876,1670,3078,439
FAILED,nan,nan,4814,0.3280698304455727,0.6045749773271382,4197,2021,4272
FAILED,nan,nan,4416,0.6265680970493704,0.2849981832895428,2856,3527,4792
FAILED,nan,nan,227,0.1270024686325341,0.501633103851229,344,1533,1125
FAILED,nan,nan,2195,0.9073983444347976,0.1497672789674252,3849,500,2438
FAILED,nan,nan,3005,0.4089596675932407,0.931195886991918,1381,4443,3439
FAILED,nan,nan,3135,0.7593317927438765,0.6353277549762278,2172,4309,3884
FAILED,nan,nan,1445,0.2607483952734619,0.4143070903681218,4620,750,196
FAILED,nan,nan,982,0.5407204202562571,0.7973603836502879,1097,2219,1550
FAILED,nan,nan,4292,0.0413147556111216,0.0203175159543752,3667,2723,2569
FAILED,nan,nan,4127,0.5052783834207804,0.5358862991631032,1767,7,106
FAILED,nan,nan,1149,0.0068440118376165,0.256451652592048,4254,4896,3940
FAILED,nan,nan,1270,0.7872241611778736,0.904536119055003,261,3386,2753
FAILED,nan,nan,3293,0.2876628380194306,0.1860323943961411,2793,1713,1255
FAILED,nan,nan,2836,0.8885092007610947,0.388338071025908,3272,2037,1075
FAILED,nan,nan,2357,0.3890925982315093,0.671183852268383,720,2867,4886
FAILED,nan,nan,67,0.6690945964381099,0.0542868579216301,4693,3853,3741
FAILED,nan,nan,4588,0.1705002610832452,0.7693794516269118,2264,1245,2259
FAILED,nan,nan,4974,0.8465963531248272,0.0909553979970514,1076,4617,1803
FAILED,nan,nan,451,0.3471892757005989,0.8728106374237686,3529,443,2825
FAILED,nan,nan,2127,0.5628575319107622,0.4761734843179583,1880,1277,4175
FAILED,nan,nan,2604,0.0642727216612547,0.6922604269068688,4446,3665,491
FAILED,nan,nan,3691,0.7265174506641925,0.9892059702835976,3948,2585,2185
FAILED,nan,nan,1670,0.2280773610435426,0.2107618655283004,1440,2475,3185
FAILED,nan,nan,913,0.9480374490302056,0.5762115428000688,3069,807,4499
FAILED,nan,nan,3892,0.4484704078342765,0.3567134692575782,596,4135,831
FAILED,nan,nan,3863,0.8187072071284056,0.6148340158462524,3575,3159,2311
FAILED,nan,nan,866,0.3202756759747863,0.3353901490326971,1029,1783,3644
FAILED,nan,nan,1710,0.5982989636678249,0.9503395920805632,4380,249,4997
FAILED,nan,nan,3713,0.0987404809389263,0.2318417564798146,1946,4811,998
FAILED,nan,nan,2650,0.6995876857712865,0.465327348716557,1447,3939,1365
FAILED,nan,nan,2152,0.2001739236712455,0.7481823502015322,3940,1003,2677
FAILED,nan,nan,429,0.9825194996837526,0.1020454387553036,570,1966,3992
FAILED,nan,nan,4930,0.4839280047584325,0.8171321434024721,3097,3094,11
FAILED,nan,nan,4534,0.5329267435278744,0.0139663582481443,4266,1519,926
FAILED,nan,nan,31,0.0335186994653195,0.7958119015488774,1754,3580,4448
FAILED,nan,nan,2390,0.7515343368314207,0.4284151414260268,2762,4390,3260
FAILED,nan,nan,2888,0.2529485599435866,0.6445074971895665,293,514,2075
FAILED,nan,nan,3330,0.9151981797646732,0.9102580156587065,771,736,566
FAILED,nan,nan,1328,0.4167571235056966,0.1318236070293933,3220,4362,4066
FAILED,nan,nan,1099,0.6343641531951726,0.5304078318327665,2194,2670,2919
FAILED,nan,nan,4097,0.1347961453609168,0.3109043451156467,4764,2234,1752
FAILED,nan,nan,4244,0.6612947332244367,0.7601996908243746,356,4871,4361
FAILED,nan,nan,953,0.1627027772869914,0.0401787882745265,2844,71,384
FAILED,nan,nan,1466,0.8807131724990904,0.6727323232162744,1348,1649,1695
FAILED,nan,nan,3175,0.3812989493869245,0.3946892175786197,3880,3411,3011
FAILED,nan,nan,3031,0.7950178100224584,0.1601262437235564,4672,2841,4626
FAILED,nan,nan,2240,0.2954588662814349,0.8757614022269845,2121,2101,626
FAILED,nan,nan,184,0.5130758672170341,0.2743953431192785,3596,1181,1980
FAILED,nan,nan,4394,0.0146438750512897,0.5568241890855133,1167,3878,3312
FAILED,nan,nan,4777,0.940239487491548,0.3619891265723854,2488,419,2626
FAILED,nan,nan,569,0.4406710186451673,0.5786299361921847,4941,4680,1460
FAILED,nan,nan,2009,0.7187233277950436,0.1975275253932923,789,3602,311
FAILED,nan,nan,2800,0.2202818105239421,0.9789469131752848,3355,1301,3813
FAILED,nan,nan,3575,0.5706530824303627,0.7142738060671836,2546,2451,3555
FAILED,nan,nan,1865,0.0720668445304036,0.4932472524009645,38,2648,2366
FAILED,nan,nan,718,0.8543957423139363,0.8431621910836548,4170,4072,1182
FAILED,nan,nan,4008,0.3549872372392565,0.0661285436302423,1697,831,4700
FAILED,nan,nan,3917,0.612025826478377,0.4067329976186156,1229,2984,3861
FAILED,nan,nan,645,0.1124892269540578,0.6272053849678486,3697,1920,186
FAILED,nan,nan,1774,0.8286231949999928,0.02784972352162,2068,1050,1488
FAILED,nan,nan,3502,0.3301526339650154,0.8053190423045308,4580,4048,2519
FAILED,nan,nan,2713,0.9924012165088206,0.5096944678276777,3828,4701,4809
FAILED,nan,nan,1942,0.4938468479309231,0.2926332151498645,1257,202,1152
FAILED,nan,nan,482,0.7133335764855147,0.9231764081977308,2907,1830,2495
FAILED,nan,nan,4711,0.2138960276469588,0.1422959584612399,458,3268,3505
FAILED,nan,nan,4479,0.7692205502279102,0.9608194386772811,1632,2280,3058
FAILED,nan,nan,252,0.2706566565446555,0.2447524159122258,4066,2780,1569
FAILED,nan,nan,2326,0.5544771308135241,0.596555390715599,93,4252,412
FAILED,nan,nan,3099,0.0550300568696111,0.3146845181342214,2640,690,4255
FAILED,nan,nan,3267,0.655880269434303,0.1115450843460857,3410,560,3420
FAILED,nan,nan,1538,0.1563493879474699,0.8310232417825609,883,4500,1949
FAILED,nan,nan,1045,0.9329034210648388,0.4480327316597104,4877,3470,755
FAILED,nan,nan,4316,0.4344385780673474,0.7264924732875079,2384,1472,4576
FAILED,nan,nan,4141,0.8903769346885383,0.2187205799501389,3045,3759,2123
FAILED,nan,nan,1203,0.390940828371793,0.9967383525893092,479,1144,3135
FAILED,nan,nan,1373,0.6747693703528493,0.3485910434816032,4002,2138,4476
FAILED,nan,nan,3434,0.1762164442967623,0.5686372753120958,1549,2961,820
FAILED,nan,nan,2939,0.5265847753919661,0.8653392537143081,2008,3291,1861
FAILED,nan,nan,2498,0.0281156568787992,0.082935737028718,4481,1612,2889
FAILED,nan,nan,82,0.8046625443082303,0.6998955219704658,976,108,4195
FAILED,nan,nan,4642,0.3051273873057216,0.4842350304685533,3484,4991,516
FAILED,nan,nan,4880,0.7400214893985539,0.66371236817725,4819,867,1045
FAILED,nan,nan,320,0.2415580889228731,0.3803184286467731,2288,4192,4871
FAILED,nan,nan,2102,0.9576734752058984,0.7770146173294633,3155,2528,3673
FAILED,nan,nan,2541,0.4581440362408757,0.0623483557403087,667,2415,2205
FAILED,nan,nan,3666,0.8718640010748059,0.2644104153458029,229,1337,119
FAILED,nan,nan,1607,0.3724183696527034,0.54341861082986,2658,3722,3961
FAILED,nan,nan,820,0.5919322161301971,0.1779099500309676,1809,4560,2805
FAILED,nan,nan,3760,0.0933697649687528,0.8969619519487023,4360,383,1315
FAILED,nan,nan,3787,0.9122525994889438,0.2800772283319384,1510,4829,4547
FAILED,nan,nan,790,0.4126941316314041,0.5590264142639935,4042,269,705
FAILED,nan,nan,1634,0.6297472087796777,0.1623892332743853,517,1763,1901
FAILED,nan,nan,3637,0.1313156924974173,0.8813822256401181,3005,3141,3391
FAILED,nan,nan,2570,0.5440594697333873,0.6792326090503484,3445,3109,4285
FAILED,nan,nan,2071,0.0454679896794259,0.3958976790718734,1016,1989,460
FAILED,nan,nan,348,0.7640413531940431,0.761347328459844,4520,981,1619
FAILED,nan,nan,4850,0.264627605965361,0.0467400764226913,1969,3923,3087
FAILED,nan,nan,4615,0.6873243087399751,0.8496705371942371,629,532,3475
FAILED,nan,nan,112,0.1887385467234999,0.06732983712852,3195,4410,2447
FAILED,nan,nan,2471,0.9716304090917112,0.7154143351931125,2326,3559,1102
FAILED,nan,nan,2968,0.4722223799005151,0.4998166603110731,4780,1501,4781
FAILED,nan,nan,3405,0.8235677908752114,0.2032022426109761,4322,2249,2549
FAILED,nan,nan,1404,0.3239997979123145,0.9811571986302732,1848,2693,1537
FAILED,nan,nan,1174,0.6014881795570254,0.3642602358851581,2696,4339,234
FAILED,nan,nan,4172,0.1030471381694078,0.5842436510957778,189,720,3890
FAILED,nan,nan,4325,0.5667747352067382,0.0959639303870499,4541,3437,1285
FAILED,nan,nan,1034,0.0673604972232133,0.8155049044433981,2107,1662,2756
FAILED,nan,nan,1547,0.8502395330443978,0.4636391074433922,3737,57,3912
FAILED,nan,nan,3255,0.3516475622355938,0.7421616656910628,1191,4846,90
FAILED,nan,nan,3106,0.9515206391531974,0.9452135387770833,418,3907,2233
FAILED,nan,nan,2316,0.4530886321160942,0.2290836993921548,2945,1192,3722
FAILED,nan,nan,259,0.730579400613904,0.6121370205581188,1296,2090,4919
FAILED,nan,nan,4469,0.2310204420015215,0.3302033313568681,3789,2813,1076
FAILED,nan,nan,4702,0.782918097872287,0.525273718252778,2600,1327,487
FAILED,nan,nan,493,0.2844765657298267,0.3081534560229629,131,3616,4145
FAILED,nan,nan,1933,0.5015510799419135,0.9075681288801134,4106,4666,2841
FAILED,nan,nan,2725,0.0019825962241739,0.1266286695916205,1593,393,1830
FAILED,nan,nan,3494,0.6652073031626642,0.4223408010527492,2345,859,850
FAILED,nan,nan,1784,0.1657987832166254,0.6428721979539841,4915,4084,4525
FAILED,nan,nan,638,0.8843478841092437,0.0122699972130358,923,2636,3184
FAILED,nan,nan,3928,0.3857616313379258,0.7897983255479485,3372,2423,2152
FAILED,nan,nan,3998,0.643317981807515,0.6986070228237659,3842,4028,1781
FAILED,nan,nan,726,0.1448474356438964,0.4776394787095487,1388,1032,2969
FAILED,nan,nan,1855,0.921837372455746,0.8586828780975193,2883,1938,4114
FAILED,nan,nan,3582,0.4223007878027856,0.0817082401961088,317,3004,596
FAILED,nan,nan,2789,0.7736451540645212,0.3464689154420048,1128,3246,2046
FAILED,nan,nan,2018,0.2742076200973242,0.5630507155098021,3636,1814,3212
FAILED,nan,nan,558,0.5575959717147052,0.2131947845201939,2159,218,4399
FAILED,nan,nan,4786,0.0590416180081665,0.9945551627501844,4632,4724,897
FAILED,nan,nan,4404,0.9890387065336108,0.1757949305009097,3317,669,40
FAILED,nan,nan,176,0.4895916474610567,0.8913672723844648,829,4234,4040
FAILED,nan,nan,2250,0.7086653072927147,0.2588765596393496,4980,2798,2726
FAILED,nan,nan,3023,0.2101014284808188,0.5412425889857113,2448,2300,1394
FAILED,nan,nan,3186,0.622848206013441,0.7757179984208197,1658,1449,970
FAILED,nan,nan,1457,0.1243833778873086,0.0557599124908447,4209,3454,4947
FAILED,nan,nan,964,0.8409418172705918,0.6570631605554372,77,4515,3596
FAILED,nan,nan,4236,0.3414109506551176,0.3790828715376556,2506,583,2281
FAILED,nan,nan,4066,0.8600593850165605,0.9258391398750244,1907,2947,4731
FAILED,nan,nan,1127,0.3615064440891146,0.1473419146258384,4419,2112,1230
FAILED,nan,nan,1297,0.580580587239936,0.5148014857918024,1069,1170,2416
FAILED,nan,nan,3358,0.0811444660518318,0.2952351824548095,3537,3772,3583
FAILED,nan,nan,2858,0.7443662247434258,0.0295722284056246,3057,4980,3784
FAILED,nan,nan,2418,0.2448310528695583,0.8114805883262306,609,79,262
FAILED,nan,nan,2,0.9613747621718794,0.4128335413262248,3979,1640,1411
FAILED,nan,nan,4561,0.4629056287873536,0.6289887137096375,1409,3302,2596
FAILED,nan,nan,4961,0.5231271575000137,0.4497481280341744,254,2401,3341
FAILED,nan,nan,400,0.0235977036636322,0.7326621390711516,2800,2502,2029
FAILED,nan,nan,2183,0.8005614743195474,0.1176536883302033,1793,4218,675
FAILED,nan,nan,2622,0.3020980589725077,0.8327994025293738,4228,881,4656
FAILED,nan,nan,3742,0.901972232652828,0.5992262421548367,4725,371,2980
FAILED,nan,nan,1683,0.403409766620025,0.3197233657892793,2232,4532,1647
FAILED,nan,nan,895,0.6868176517672837,0.9659192886464296,3259,3750,334
FAILED,nan,nan,3836,0.1873720054738223,0.2473624434936791,733,1349,4333
FAILED,nan,nan,3880,0.5497980417776853,0.973598196592182,2754,1075,2521
FAILED,nan,nan,922,0.0512422604206949,0.1950950822848826,301,4024,1521
FAILED,nan,nan,1659,0.7658509995937347,0.5917912393659354,4293,3008,167
FAILED,nan,nan,3700,0.2664120379760861,0.3722341562714428,1727,1895,3835
FAILED,nan,nan,2594,0.929632954576984,0.0753761773146688,2225,1858,3489
FAILED,nan,nan,2134,0.4300949422735721,0.857290426293388,4733,3241,2466
FAILED,nan,nan,441,0.6511173393949866,0.491781733892858,759,4728,1155
FAILED,nan,nan,4981,0.1526453655809164,0.7079276860337704,3232,175,4840
FAILED,nan,nan,4600,0.8331419819407165,0.4039439411833882,4407,4279,4222
FAILED,nan,nan,58,0.3336134947426617,0.6868525390457362,1919,664,410
FAILED,nan,nan,2368,0.6150521498676389,0.0387052578218281,3568,2306,1595
FAILED,nan,nan,2827,0.1165897011589258,0.7538606681469828,1036,2753,3077
FAILED,nan,nan,3303,0.7164589840210974,0.5514674233794212,558,3499,4604
FAILED,nan,nan,1262,0.217897484626621,0.2719699601884931,3109,1444,770
FAILED,nan,nan,1159,0.9968361624460668,0.8889297730140387,1479,588,1919
FAILED,nan,nan,4119,0.497391482790932,0.170363231735304,3908,4471,3417
FAILED,nan,nan,4262,0.9535811133272946,0.650846062572673,816,2185,782
FAILED,nan,nan,1009,0.4551096005253494,0.42988821458444,3328,2914,4470
FAILED,nan,nan,1415,0.7365687409471721,0.7816912209894508,2480,3806,3155
FAILED,nan,nan,3162,0.2370311896558851,0.0047111699134111,4949,1098,2136
FAILED,nan,nan,2975,0.5883804504536092,0.3006668700668961,4157,152,539
FAILED,nan,nan,2223,0.0889419498480856,0.5172389740087092,1709,4946,4206
FAILED,nan,nan,196,0.8678554132785649,0.1342484954874962,2577,3336,2853
FAILED,nan,nan,4445,0.3693000929336995,0.915614286892116,7,1568,1852
FAILED,nan,nan,4843,0.6790221012476831,0.2215972138177603,1341,2576,2211
FAILED,nan,nan,596,0.1795778826046735,0.9371787759438156,3887,2366,3710
FAILED,nan,nan,1987,0.8941728434637188,0.3378230866137892,383,916,4857
FAILED,nan,nan,2740,0.3956118050813675,0.6201832269020379,2818,4144,1025
FAILED,nan,nan,3547,0.8083594358582049,0.8234787207301706,3628,4606,1304
FAILED,nan,nan,1799,0.3098974481616169,0.1035114145576953,1135,336,2782
FAILED,nan,nan,779,0.5309212803691625,0.7340545797217637,4660,1384,3970
FAILED,nan,nan,4030,0.0313932541832327,0.4560801797620952,2133,3676,155
FAILED,nan,nan,3983,0.7562433916553855,0.0482125175483524,100,275,994
FAILED,nan,nan,672,0.2568282167762518,0.7677441523913294,2632,4785,4966
FAILED,nan,nan,1752,0.5362653468642384,0.3866417099907994,1605,3185,3660
FAILED,nan,nan,3441,0.0376724391598254,0.6651702762674541,4093,1758,2339
FAILED,nan,nan,2686,0.6375427592992783,0.8994020054750145,4845,1995,29
FAILED,nan,nan,1876,0.1391098153665662,0.1832815053034573,2416,3065,4017
FAILED,nan,nan,543,0.920051988678053,0.53319641238451,3422,3968,2676
FAILED,nan,nan,4733,0.4204920931700617,0.2512567151542753,871,975,1332
FAILED,nan,nan,4497,0.5936883163433522,0.5710854894965887,2041,4415,2106
FAILED,nan,nan,308,0.095249654373154,0.3539554121699184,4607,488,3264
FAILED,nan,nan,2275,0.815771762613207,0.986508974995464,1236,1544,4420
FAILED,nan,nan,3086,0.3162061490677297,0.2055750478524714,3690,3555,910
FAILED,nan,nan,3211,0.9794240579362958,0.4700919759497046,2919,2697,1726
FAILED,nan,nan,1520,0.4800184081625193,0.6906331879477948,446,2206,2901
FAILED,nan,nan,1058,0.6951217925362289,0.0892671567238867,3796,764,4100
FAILED,nan,nan,4367,0.1965384099371731,0.8667899529132992,1289,4335,567
FAILED,nan,nan,4207,0.7227857238855213,0.3278305447045713,3128,1697,3046
FAILED,nan,nan,1230,0.2232243858557194,0.6067852627821266,694,3363,1704
FAILED,nan,nan,1351,0.9437231832407414,0.2393885342609137,4827,4920,360
FAILED,nan,nan,3373,0.4452887967862188,0.9583717115297914,2280,23,4350
FAILED,nan,nan,2912,0.8580393683742732,0.7250422388184815,1821,1227,3291
FAILED,nan,nan,2432,0.3594450181480497,0.4417017766945064,4348,3833,1966
FAILED,nan,nan,143,0.5745707913525403,0.8402860330995172,197,2887,664
FAILED,nan,nan,4664,0.075154173951596,0.1256885961592197,2690,2055,4632
FAILED,nan,nan,4898,0.8765523019880056,0.803860669484362,4010,3650,3805
FAILED,nan,nan,375,0.3779674768671393,0.0215259774476289,1541,1254,276
FAILED,nan,nan,2051,0.6574079455751926,0.6364753926116973,3018,466,1471
FAILED,nan,nan,2529,0.1580008532796055,0.4208683785162866,505,4632,2649
FAILED,nan,nan,3611,0.5093490098789334,0.155449164180085,944,4117,4714
FAILED,nan,nan,1589,0.0097819538116455,0.9333981121703984,3515,786,1203
FAILED,nan,nan,832,0.7907122523430735,0.2872611728403717,2021,2496,2360
FAILED,nan,nan,3811,0.2922721478510648,0.5072539272643626,4469,2603,3517
FAILED,nan,nan,3824,0.7895227685626596,0.7662604331988841,861,3909,292
FAILED,nan,nan,826,0.2909679984580725,0.0516610332392156,3432,994,3794
FAILED,nan,nan,1593,0.5105313331000507,0.6666104446854443,2407,1976,2645
FAILED,nan,nan,3595,0.0110932637639343,0.383268138512969,4856,3123,1479
FAILED,nan,nan,2533,0.6587235198896378,0.1808672628793865,4085,3129,1201
FAILED,nan,nan,2035,0.1591865188386291,0.8998524031676352,1616,1774,4720
FAILED,nan,nan,389,0.875244810257107,0.253715460119769,2620,259,3536
FAILED,nan,nan,4892,0.3767737287245691,0.5326720222458243,108,4840,2347
FAILED,nan,nan,4651,0.5778260593116283,0.3534918756317347,1279,707,1714
FAILED,nan,nan,149,0.0782985833659768,0.5734826670363545,3805,4352,3030
FAILED,nan,nan,2429,0.8547731327880174,0.2060859422329813,437,2680,4341
FAILED,nan,nan,2927,0.3563115763608366,0.9840330461747944,2929,2263,364
FAILED,nan,nan,3369,0.9405901987478136,0.6871978111024946,3682,1489,1960
FAILED,nan,nan,1367,0.4420297106057405,0.4715927600264549,1247,3570,3292
FAILED,nan,nan,1216,0.7259229838941246,0.8701770201493054,4595,4400,4646
FAILED,nan,nan,4213,0.2264791965205222,0.0878441721610724,2049,543,646
FAILED,nan,nan,4361,0.6982623948827386,0.6073113779984415,2680,2832,3280
FAILED,nan,nan,1071,0.1997898708283901,0.3253698367197066,207,2072,2095
FAILED,nan,nan,1504,0.976294423216954,0.9579233958274126,4337,1210,907
FAILED,nan,nan,3215,0.4767559796441346,0.2418009326364845,1830,3888,4429
FAILED,nan,nan,3070,0.8125088693648577,0.4450736230947077,2269,4862,2900
FAILED,nan,nan,2279,0.3130693575069308,0.7236040334198623,4835,42,1733
FAILED,nan,nan,302,0.5969469340760261,0.1222379984781146,686,1678,585
FAILED,nan,nan,4510,0.0983907214496284,0.8417715963404626,3140,3421,4086
FAILED,nan,nan,4739,0.9187440322171896,0.0229509250298142,4460,2442,4977
FAILED,nan,nan,529,0.4192988023217767,0.8004718771707267,2031,2618,979
FAILED,nan,nan,1892,0.6388578763194382,0.4193694384880364,3505,4102,2331
FAILED,nan,nan,2683,0.1402959456555545,0.6399086874667556,953,841,3664
FAILED,nan,nan,3457,0.5374472053553909,0.9358720779716968,494,409,4011
FAILED,nan,nan,1748,0.0389842064063996,0.1549399948772043,3026,4651,30
FAILED,nan,nan,678,0.7550534505806863,0.5048549056760967,1534,3631,1345
FAILED,nan,nan,3970,0.2555245321132243,0.2877267913687974,4021,1311,2657
FAILED,nan,nan,4034,0.5281566334106028,0.1926803639773279,3241,4711,3692
FAILED,nan,nan,763,0.0287404472790658,0.9740481184013188,749,232,2224
FAILED,nan,nan,1812,0.8111340689342469,0.3746924253534525,4743,1801,1026
FAILED,nan,nan,3541,0.3125402689483016,0.5912663733437657,2216,3259,4851
FAILED,nan,nan,2753,0.896821839582175,0.8558062312174588,1738,2994,2785
FAILED,nan,nan,1981,0.3983878843970597,0.0788242171220481,4285,1949,1295
FAILED,nan,nan,600,0.676367848103866,0.7093673785682768,308,1021,139
FAILED,nan,nan,4827,0.1768070603143423,0.4884076865315437,2742,4039,3981
FAILED,nan,nan,4441,0.868560908684507,0.6834176380839199,3918,570,4457
FAILED,nan,nan,212,0.3701212354619056,0.4054452011436224,1469,4529,801
FAILED,nan,nan,2209,0.5876811340972781,0.7572482112664729,3120,3441,2142
FAILED,nan,nan,2981,0.0881146282702684,0.0372827491424977,549,1462,3154
FAILED,nan,nan,3149,0.7357437876332551,0.2715068995337933,1047,2290,4214
FAILED,nan,nan,1421,0.2363371266070753,0.5538650768026709,3560,2809,535
FAILED,nan,nan,1005,0.9543970025479792,0.1708746019992977,1927,4223,1841
FAILED,nan,nan,4278,0.4558127276673913,0.886454320076853,4395,680,2869
FAILED,nan,nan,4103,0.9976534979064018,0.4332605368681252,17,3320,392
FAILED,nan,nan,1163,0.4980931711290031,0.6494083330575376,2568,1622,4235
FAILED,nan,nan,1256,0.7156354695111513,0.0012610481157898,1718,98,3078
FAILED,nan,nan,3316,0.217201975338161,0.78317726011388,4147,4962,1589
FAILED,nan,nan,2821,0.6143542797509581,0.5177655651085079,4957,3788,774
FAILED,nan,nan,2382,0.1157609407771378,0.2982066379655153,2469,1154,4596
FAILED,nan,nan,43,0.8338489161506295,0.9151664470732211,3340,2128,3401
FAILED,nan,nan,4603,0.3344331910312176,0.1366613697465509,808,2932,1930
FAILED,nan,nan,4997,0.6484607254229486,0.9396522658616304,2143,1367,1507
FAILED,nan,nan,437,0.1498769115544855,0.2210875686313957,4650,3732,2539
FAILED,nan,nan,2140,0.93227958243154,0.617783729430288,1144,4550,3841
FAILED,nan,nan,2581,0.4328733824174851,0.338288229258731,3617,353,166
FAILED,nan,nan,3706,0.7686232718415559,0.1049358862563967,2826,897,2475
FAILED,nan,nan,1645,0.2690572270266712,0.8200894525330513,372,4202,3485
FAILED,nan,nan,938,0.5470310265552253,0.4545807638503611,3899,2518,4829
FAILED,nan,nan,3877,0.0485918143447488,0.737487398693338,1333,2386,1171
FAILED,nan,nan,3840,0.684165778040886,0.479064188349992,4644,159,2015
FAILED,nan,nan,879,0.1846064179018139,0.6952175166849047,2151,4745,3359
FAILED,nan,nan,1696,0.9046159940529614,0.0802090622261166,3643,3225,4662
FAILED,nan,nan,3736,0.4061834665182978,0.8621154591273517,1116,1873,674
FAILED,nan,nan,2635,0.8033384868130088,0.5655239674858749,326,1876,1656
FAILED,nan,nan,2177,0.3047461144775152,0.3459595081973821,2873,3027,2977
FAILED,nan,nan,404,0.5203572758231312,0.9921554273366928,1399,4005,4322
FAILED,nan,nan,4945,0.0209425173420459,0.2136601651068777,3833,1093,350
FAILED,nan,nan,4558,0.9621968378778548,0.8918936255425215,2517,4455,1212
FAILED,nan,nan,17,0.4636101835798472,0.1733349363412708,68,605,4744
FAILED,nan,nan,2404,0.7435398437790572,0.5407945112250745,4217,1428,3585
FAILED,nan,nan,2864,0.244130803335458,0.2612896718401462,1646,3514,2410
FAILED,nan,nan,3345,0.5798874573688955,0.0591324727162718,2458,2735,266
FAILED,nan,nan,1304,0.0803185721244663,0.7742800309639424,4970,2325,3776
FAILED,nan,nan,1123,0.8607634527720511,0.3756329876817763,840,645,2580
FAILED,nan,nan,4082,0.3623214001320302,0.6585489617381245,3308,4297,1422
FAILED,nan,nan,4220,0.8416425649952144,0.1468786160293966,1417,1579,4027
FAILED,nan,nan,968,0.3422292192932218,0.9282370312400162,3968,3325,59
FAILED,nan,nan,1451,0.6221517635472119,0.2957463147770613,620,4958,1400
FAILED,nan,nan,3199,0.1235608039908111,0.5123262707963586,3050,141,2725
FAILED,nan,nan,3017,0.7078356062974781,0.8080459253061563,3547,1111,4956
FAILED,nan,nan,2264,0.2094044915419071,0.0310732504241168,1059,3792,966
FAILED,nan,nan,160,0.9898574696443976,0.6323764947708697,4428,2928,2270
FAILED,nan,nan,4407,0.4902995222844183,0.4114107947051525,1896,2171,3612
FAILED,nan,nan,4802,0.5548265770748257,0.7311781819369644,741,3687,2951
FAILED,nan,nan,554,0.0563859372138977,0.4531959298998117,3248,1372,1794
FAILED,nan,nan,2024,0.776422661030665,0.834239333005622,2244,348,597
FAILED,nan,nan,2775,0.2768551885653287,0.114279403027147,4717,4595,4108
FAILED,nan,nan,3588,0.9244816208928824,0.3173084095399827,4238,4157,3215
FAILED,nan,nan,1841,0.4250739932283759,0.5996764019057155,1784,902,2037
FAILED,nan,nan,742,0.6406666025537997,0.249820474633947,2809,2380,881
FAILED,nan,nan,3995,0.142081361034885,0.965394660566002,243,2563,4410
FAILED,nan,nan,3941,0.8830427717957645,0.5615001421235501,1961,959,4156
FAILED,nan,nan,631,0.3845731179136782,0.2795682969707995,4531,3983,472
FAILED,nan,nan,1788,0.6665176427587867,0.8789829661101103,1004,3049,1822
FAILED,nan,nan,3478,0.1669820693582296,0.1628550897445529,3453,2011,2845
FAILED,nan,nan,2728,0.5027357825804502,0.3973228645958006,2995,1739,4519
FAILED,nan,nan,1918,0.0032991408947855,0.6758435787949711,526,3203,851
FAILED,nan,nan,507,0.7817233793735504,0.045241374336183,4033,4767,2165
FAILED,nan,nan,4696,0.283170036919415,0.7647803853731603,1521,293,3165
FAILED,nan,nan,4456,0.7337228471077979,0.0707019214704632,181,4319,2772
FAILED,nan,nan,265,0.234276680316776,0.848232093853876,2707,780,1274
FAILED,nan,nan,2312,0.948386227009818,0.4963663005717099,1837,2190,87
FAILED,nan,nan,3122,0.4498233594503253,0.7168996604923159,4329,2713,3921
FAILED,nan,nan,3252,0.8469794839434326,0.9816830759048462,4770,3536,3721
FAILED,nan,nan,1563,0.3485155480988324,0.2007417725678533,2336,1562,2240
FAILED,nan,nan,1020,0.5700285755153746,0.583795097451657,3186,470,1094
FAILED,nan,nan,4331,0.0704987201523035,0.3666728722024709,639,4433,4905
FAILED,nan,nan,4166,0.6047406108044088,0.8120697655398399,3778,2066,2457
FAILED,nan,nan,1187,0.1061867775954306,0.0974644765220582,1305,2876,3459
FAILED,nan,nan,1388,0.8203063252773136,0.745548970868811,2937,3844,4772
FAILED,nan,nan,3409,0.3208691928368062,0.4622158849388361,430,1216,1105
FAILED,nan,nan,2952,0.9684945878870784,0.2286199249122291,1181,36,1531
FAILED,nan,nan,2475,0.4689585237316787,0.947610954258591,3747,4906,2550
FAILED,nan,nan,106,0.6904663387369364,0.330713987795636,2096,3376,3904
FAILED,nan,nan,4628,0.1919961941000074,0.6096613296791911,4550,1683,216
FAILED,nan,nan,4856,0.7628490327019244,0.3057389756571501,3360,2614,721
FAILED,nan,nan,334,0.2633186865840107,0.5257243538871408,931,2485,4536
FAILED,nan,nan,2087,0.5452465629428626,0.1290871766153723,4908,797,3387
FAILED,nan,nan,2566,0.0467821363434195,0.9070439766831696,2356,4106,1909
FAILED,nan,nan,3653,0.6310599463824182,0.6413887167032808,1584,4646,458
FAILED,nan,nan,1630,0.1324965880680829,0.4257890788018703,4116,453,4291
FAILED,nan,nan,796,0.9109498777464032,0.7912387319076807,121,1267,3105
FAILED,nan,nan,3774,0.4115032202005386,0.0088961877934634,2609,3636,1606
FAILED,nan,nan,3764,0.5906775549016893,0.6257804373856634,469,1848,4877
FAILED,nan,nan,804,0.0922450124956667,0.4101217899322509,2898,3212,1044
FAILED,nan,nan,1620,0.873110579719767,0.8068179823327809,1266,4758,2192
FAILED,nan,nan,3660,0.3735512047093361,0.0244164286665618,3818,185,3691
FAILED,nan,nan,2555,0.9588020459003748,0.2901592493485659,4588,1065,3950
FAILED,nan,nan,2096,0.4593872725479305,0.5102036371305585,2056,3995,135
FAILED,nan,nan,323,0.7389000792633742,0.1446949800495058,3708,3038,1323
FAILED,nan,nan,4864,0.2403076920565217,0.9227107896693052,1221,1904,2801
FAILED,nan,nan,4638,0.8077346157152205,0.244226300695911,2395,3489,3136
FAILED,nan,nan,98,0.3083255604002625,0.963280146662146,4868,1415,2117
FAILED,nan,nan,2485,0.5235084284693002,0.3151328338366002,893,618,802
FAILED,nan,nan,2945,0.0249217592999339,0.5941429923400283,3400,4481,4490
FAILED,nan,nan,3420,0.6715750154796988,0.8276513953823597,2647,4269,2873
FAILED,nan,nan,1379,0.173132947968319,0.1129832897447049,81,635,1872
FAILED,nan,nan,1199,0.8935822571888566,0.729943070968613,4077,2335,520
FAILED,nan,nan,4157,0.3940133570730686,0.4465471684187651,1624,2763,4186
FAILED,nan,nan,4300,0.9361054012272508,0.9972018891274927,3492,123,1575
FAILED,nan,nan,1049,0.4375144565422088,0.2163234024103731,966,4936,3057
FAILED,nan,nan,1532,0.6526825647875667,0.5681263809315861,4491,3346,4241
FAILED,nan,nan,3280,0.153269233956933,0.3510669723022729,1999,1597,430
FAILED,nan,nan,3093,0.5513974415529519,0.0863711138740181,1560,2155,1938
FAILED,nan,nan,2339,0.0518395090643316,0.8638384696375578,3995,2904,3436
FAILED,nan,nan,236,0.7722892718613148,0.480847963232547,487,3816,4585
FAILED,nan,nan,4483,0.2738581719771027,0.70131850653328,3033,1127,751
FAILED,nan,nan,4727,0.7122126310802996,0.3818021478392184,4369,4577,187
FAILED,nan,nan,478,0.2126451734863221,0.6602638524863869,1798,327,3855
FAILED,nan,nan,1948,0.9935302444975824,0.0609081873223185,2668,1393,2501
FAILED,nan,nan,2700,0.4950896195080131,0.7803881888072938,219,3706,1501
FAILED,nan,nan,3508,0.8298702383749187,0.5458328532539308,679,2547,1136
FAILED,nan,nan,1761,0.3312850117273628,0.2639600176531821,3147,2356,4820
FAILED,nan,nan,661,0.6107716225441545,0.8945032069832086,2296,926,3509
FAILED,nan,nan,3914,0.1113640097510069,0.1784343401696533,4808,4173,2486
FAILED,nan,nan,4022,0.8518076592814178,0.3329166591148823,3088,2024,1451
FAILED,nan,nan,712,0.3522720710095018,0.6153436610326171,581,3074,2629
FAILED,nan,nan,1868,0.5732464224882424,0.2342412539515644,3930,3958,3824
FAILED,nan,nan,3559,0.0747767537347972,0.9498744494356216,1457,946,296
FAILED,nan,nan,2804,0.7214270616676658,0.7467578785028308,1934,304,2380
FAILED,nan,nan,1993,0.2228737043421715,0.4687166169136763,4388,4794,3537
FAILED,nan,nan,582,0.9375257675014436,0.8186315593142063,1020,3175,4694
FAILED,nan,nan,4771,0.4380891109444201,0.0986126197837293,3586,1728,1183
FAILED,nan,nan,4380,0.5138399074450135,0.7924395792651922,4756,2726,380
FAILED,nan,nan,190,0.015277025014162,0.0154040877632796,2204,2216,4369
FAILED,nan,nan,2237,0.7942628338877111,0.6479576189871877,3209,754,3026
FAILED,nan,nan,3046,0.2948166522253305,0.4269291023015976,780,4306,1684
FAILED,nan,nan,3171,0.8800685901790858,0.1312970159295946,281,4444,645
FAILED,nan,nan,1482,0.3805387199446559,0.9127182477600873,2769,498,4613
FAILED,nan,nan,940,0.6619331364948302,0.3113521849345416,1746,1534,3310
FAILED,nan,nan,4250,0.1634691857788711,0.5279949575737118,4278,3526,1986
FAILED,nan,nan,4091,0.6350011102259159,0.0436136892363429,1156,1237,4440
FAILED,nan,nan,1112,0.1355639926567673,0.7586984308641403,3605,3862,930
FAILED,nan,nan,3333,0.4159983403030783,0.6741548318956048,4682,2045,3245
FAILED,nan,nan,2872,0.7507779144570231,0.8762244628816843,3873,1707,4080
FAILED,nan,nan,2394,0.252307784691453,0.1577285903003066,1360,3392,547
FAILED,nan,nan,25,0.5336893449518829,0.5563128188215196,2833,4890,1746
FAILED,nan,nan,4547,0.034153295667842,0.2768707960564643,365,13,2921
FAILED,nan,nan,4936,0.979808140521869,0.5810446544997394,1686,4127,3641
FAILED,nan,nan,415,0.4813437287937849,0.3615392047632486,4179,816,2320
FAILED,nan,nan,2168,0.702293787907809,0.9764886440932752,29,2466,1014
FAILED,nan,nan,2647,0.2027634566612541,0.1980523914154619,2556,2593,4986
FAILED,nan,nan,3728,0.6008946645539254,0.4947314474768937,3347,3659,2695
FAILED,nan,nan,1706,0.1014480218794196,0.7108257662598043,801,1283,1351
FAILED,nan,nan,872,0.8161214923597873,0.064688851095736,4930,437,9
FAILED,nan,nan,3849,0.3175581489168108,0.8465362384449691,2496,4623,3998
FAILED,nan,nan,3905,0.9453213496226818,0.1206031453832984,4185,3099,2821
FAILED,nan,nan,907,0.4458832654152065,0.835697702107951,1678,1960,1811
FAILED,nan,nan,1674,0.7292264192551374,0.4390605527199804,2529,1010,507
FAILED,nan,nan,3675,0.2306716342791915,0.7219081780109554,56,3933,4164
FAILED,nan,nan,2608,0.5654484925512224,0.955172952875495,847,4819,3203
FAILED,nan,nan,2111,0.0669773961473256,0.2366672651972621,3301,240,2171
FAILED,nan,nan,464,0.8440135048106313,0.6021169461868703,2431,1792,830
FAILED,nan,nan,4967,0.3444764888882637,0.3226804555673152,4997,3150,4505
FAILED,nan,nan,4575,0.6697268132232129,0.5020964024476707,3655,2239,3932
FAILED,nan,nan,73,0.1712652419246733,0.2826002919245511,1104,2664,110
FAILED,nan,nan,2353,0.8878660460915416,0.9306847546696664,4612,4369,1266
FAILED,nan,nan,2851,0.3883385552745312,0.152242493962869,2183,730,2737
FAILED,nan,nan,3289,0.7864629985578359,0.4177417533881962,1372,522,4899
FAILED,nan,nan,1286,0.2870191963128745,0.6338267329577356,3860,4381,1056
FAILED,nan,nan,1136,0.5060438512992114,0.0169297348931431,334,3589,2253
FAILED,nan,nan,4133,0.0074833482857793,0.7987831302713603,2865,1510,3742
FAILED,nan,nan,4285,0.5414892081655562,0.2559252994339913,2256,3877,1121
FAILED,nan,nan,995,0.0419507794640958,0.538346293322742,4705,1183,4800
FAILED,nan,nan,1429,0.7585739427190274,0.186480472156778,709,2100,3455
FAILED,nan,nan,3139,0.2601014335360378,0.9021230068542064,3280,2843,2427
FAILED,nan,nan,2990,0.9067585097961128,0.6678112920429558,2782,3407,215
FAILED,nan,nan,2198,0.408202312041074,0.3897760384827852,270,1653,3871
FAILED,nan,nan,221,0.6272036264296621,0.7728293354827911,4245,67,2568
FAILED,nan,nan,4430,0.1277641294430941,0.0528010567389428,1777,4875,1557
FAILED,nan,nan,4820,0.8239194538984448,0.8713859277833254,589,830,1881
FAILED,nan,nan,610,0.3253575381059199,0.0943449041359126,3081,4074,3371
FAILED,nan,nan,1973,0.6086887874230742,0.693759604876861,1429,2646,4567
FAILED,nan,nan,2763,0.1092435723990201,0.472740903288126,3956,2452,725
FAILED,nan,nan,3532,0.6944982373882085,0.2082886135522276,4435,1297,1639
FAILED,nan,nan,1824,0.1949693337921053,0.9897153775282204,1889,3606,3106
FAILED,nan,nan,754,0.97200875133276,0.35911320467107,3520,4676,4265
FAILED,nan,nan,4046,0.4735457672551274,0.5757461622133851,1086,423,440
FAILED,nan,nan,3959,0.7466956297829748,0.9202047891020776,1868,3275,694
FAILED,nan,nan,687,0.2481018149256706,0.1393317155595868,4297,1824,4675
FAILED,nan,nan,1737,0.9666014350894838,0.520375146549195,168,208,3321
FAILED,nan,nan,3465,0.467185234086588,0.3033060417938977,2720,4695,2009
FAILED,nan,nan,2672,0.8653126181811094,0.0074302082732319,3179,4057,314
FAILED,nan,nan,1900,0.3657518155202269,0.7848921508621425,647,1042,4313
FAILED,nan,nan,519,0.5828834320325404,0.4350362514741718,4797,1928,3000
FAILED,nan,nan,4747,0.0844494619760662,0.655516490900889,2309,2975,1667
FAILED,nan,nan,4522,0.9013759060334414,0.4607428154982626,992,1479,2397
FAILED,nan,nan,293,0.4018093853350729,0.7392104092035443,3465,3464,3564
FAILED,nan,nan,2290,0.6793724992759526,0.1067196611389517,1992,4506,4750
FAILED,nan,nan,3061,0.1809328111819922,0.8261904423814267,4500,554,1249
FAILED,nan,nan,3224,0.515708565255627,0.6228301912210882,4060,699,1431
FAILED,nan,nan,1497,0.0171242755036801,0.3409514665622264,1494,4244,2616
FAILED,nan,nan,1081,0.7999385874532163,0.9422546793073416,2987,2788,3765
FAILED,nan,nan,4353,0.3005319115556776,0.2261950327362865,534,2271,243
FAILED,nan,nan,4184,0.7800891071911901,0.7027794409450143,4895,4990,2706
FAILED,nan,nan,1243,0.2816556278895586,0.4871115732491016,2369,109,1374
FAILED,nan,nan,1337,0.559193497698754,0.8545711202491075,3392,1611,60
FAILED,nan,nan,3397,0.0596331857927143,0.0721754556410014,899,3293,4060
FAILED,nan,nan,2896,0.644888888059184,0.3690982514154166,148,2957,3616
FAILED,nan,nan,2457,0.1454731778111309,0.5891518594399094,2582,2141,2301
FAILED,nan,nan,118,0.9283079453147948,0.1905047882739454,1576,1141,950
FAILED,nan,nan,4679,0.4297146212123334,0.9685147088356316,4123,3763,4927
FAILED,nan,nan,4921,0.6185695524811745,0.1652875365708023,2969,381,4134
FAILED,nan,nan,362,0.1191633673384785,0.884331686411053,398,4561,616
FAILED,nan,nan,2065,0.8376643928457052,0.2693232635539025,3766,3721,1761
FAILED,nan,nan,2505,0.339080593848601,0.5483388352319598,1317,1339,2949
FAILED,nan,nan,3626,0.9857346623763442,0.7506521538812667,2089,2411,4380
FAILED,nan,nan,1565,0.4872954650372266,0.0359937443695962,4557,2531,878
FAILED,nan,nan,857,0.704413273492828,0.6821896951105446,1208,4189,2065
FAILED,nan,nan,3796,0.2048472435493022,0.3987883793860673,3720,871,3231
FAILED,nan,nan,3798,0.6193037942238152,0.9213774319980294,4783,4544,1665
FAILED,nan,nan,858,0.1208617267124354,0.1438545763231813,2334,359,3006
FAILED,nan,nan,1566,0.8369405238758773,0.5113142683189362,3201,1360,4312
FAILED,nan,nan,3626,0.3373716237600893,0.2907731158062815,630,3738,320
FAILED,nan,nan,2501,0.9849994874559342,0.0262370631415396,192,2514,2006
FAILED,nan,nan,2062,0.4855904321409762,0.8071710497699678,2704,2389,3330
FAILED,nan,nan,357,0.7051438159849495,0.4085238856580108,1855,893,4672
FAILED,nan,nan,4919,0.2065571468155831,0.6256539034992457,4324,4205,703
FAILED,nan,nan,4682,0.7774104315582663,0.4461692955549806,3003,92,237
FAILED,nan,nan,122,0.2779956582058221,0.7281089332997799,510,4968,3766
FAILED,nan,nan,2461,0.5618789769783616,0.1131003654468804,4034,3314,2610
FAILED,nan,nan,2900,0.0632865897715091,0.829220925103873,1507,1628,1432
FAILED,nan,nan,3396,0.6475628234464675,0.5950082014929503,1967,2124,1241
FAILED,nan,nan,1335,0.1491302810404449,0.3164796947017312,4513,2936,4754
FAILED,nan,nan,1243,0.9256253324896098,0.9626757383886724,1008,3784,3555
FAILED,nan,nan,4182,0.4260659574791789,0.24314404406026,3442,1158,2400
FAILED,nan,nan,4354,0.897719624446705,0.7021856024898588,1600,3447,4926
FAILED,nan,nan,1083,0.3991343977991491,0.4821929075513035,4107,1456,956
FAILED,nan,nan,1497,0.6830219772160053,0.8632359481677413,135,576,2299
FAILED,nan,nan,3227,0.1836143644228577,0.0852869406919926,2608,4523,3622
FAILED,nan,nan,3058,0.5193695945236831,0.3506872089169919,3378,4227,4056
FAILED,nan,nan,2286,0.0198021369297057,0.5662941635269672,925,676,68
FAILED,nan,nan,289,0.7962862356230617,0.216438587591052,4918,2294,1371
FAILED,nan,nan,4518,0.2978456106334924,0.9987733391132204,2352,2805,2715
FAILED,nan,nan,4751,0.7483979151956737,0.1802568614482879,1183,1807,3225
FAILED,nan,nan,522,0.2488399827070534,0.8948543578740209,3734,3253,2066
FAILED,nan,nan,1905,0.964888776903972,0.2623640001825988,2105,4717,872
FAILED,nan,nan,2675,0.46645767701976,0.5457044028211385,4534,225,4381
FAILED,nan,nan,3464,0.8636112733818591,0.7790529406145215,3781,1024,2941
FAILED,nan,nan,1736,0.3650203286968171,0.0600697038602083,1293,4035,1765
FAILED,nan,nan,686,0.5845894092600793,0.6613725931532681,2943,2997,607
FAILED,nan,nan,3958,0.0851760784294456,0.3824179345611483,412,1946,4138
FAILED,nan,nan,4046,0.8270816420223563,0.1001819729078561,2446,4095,4509
FAILED,nan,nan,756,0.3275517717879265,0.8187485736720264,4973,847,822
FAILED,nan,nan,1825,0.6055198253951967,0.4668826595600694,821,2436,2175
FAILED,nan,nan,3534,0.1070558746792376,0.746380063265562,3313,2624,3195
FAILED,nan,nan,2760,0.6913332051169128,0.9487923731151968,2504,3628,4166
FAILED,nan,nan,1969,0.1927703226860612,0.2336369033046066,70,1314,501
FAILED,nan,nan,607,0.9751824907846748,0.6166903453003615,4202,405,1812
FAILED,nan,nan,4815,0.4757363091222942,0.333781806923449,1655,4654,2815
FAILED,nan,nan,4434,0.5402638695389033,0.5286088853757829,320,1204,3750
FAILED,nan,nan,224,0.0417105122134089,0.3124629927203059,2891,3894,2249
FAILED,nan,nan,2202,0.7597889383155852,0.9118777864072471,1395,2826,1065
FAILED,nan,nan,2993,0.2603522817585617,0.1299634779430926,3844,2078,4896
FAILED,nan,nan,3137,0.9079771972075104,0.4268025107886642,4635,1674,2743
FAILED,nan,nan,1429,0.4084416089355945,0.6463595343977213,2167,3424,1264
FAILED,nan,nan,993,0.6259896011892706,0.0157572165448218,3642,4858,116
FAILED,nan,nan,4285,0.1275199324358254,0.7942603903375566,1130,46,3931
FAILED,nan,nan,4135,0.6694902340695262,0.2767422842793167,4220,2686,1560
FAILED,nan,nan,1136,0.1700435913950204,0.5547166247535497,1791,2257,2560
FAILED,nan,nan,1288,0.8881129682753235,0.1580797988176346,2798,713,3874
FAILED,nan,nan,3289,0.389549624832347,0.8780471644755453,247,4346,206
FAILED,nan,nan,2848,0.7867062214910984,0.6747706762440503,724,4404,2428
FAILED,nan,nan,2350,0.2882418097630143,0.3924105954412371,3256,539,3449
FAILED,nan,nan,69,0.5057959661949426,0.7578598860576748,2230,1493,4801
FAILED,nan,nan,4572,0.0062656349483877,0.042278264446184,4718,3566,1115
FAILED,nan,nan,4970,0.9475195093434304,0.8454522418603301,3543,1982,449
FAILED,nan,nan,469,0.4490493795778602,0.0640863909702748,1070,3117,4262
FAILED,nan,nan,2114,0.7270350334383547,0.7121705302633345,4422,3915,3115
FAILED,nan,nan,2613,0.2274989841543138,0.4955984858069568,1914,988,1635
FAILED,nan,nan,3674,0.5632531695421785,0.1996236610859632,1416,262,731
FAILED,nan,nan,1672,0.0638160519730299,0.9766037716474384,3982,4837,4565
FAILED,nan,nan,906,0.8462001206390559,0.3597071639560163,612,3133,3377
FAILED,nan,nan,3904,0.3476463023014366,0.5806649524588138,3065,1770,1880
FAILED,nan,nan,3852,0.9829761693719774,0.3244953627102077,1044,794,1192
FAILED,nan,nan,872,0.4835323671270162,0.6024757112134248,3571,4109,4690
FAILED,nan,nan,1708,0.6991306591704488,0.235078861862421,1921,2610,3545
FAILED,nan,nan,3729,0.2005701561570167,0.9550368883069604,4414,2489,2376
FAILED,nan,nan,2643,0.5977199919242412,0.7205805439539253,3916,1261,302
FAILED,nan,nan,2164,0.0992584206257015,0.4382144551221281,1482,3642,3823
FAILED,nan,nan,411,0.8192855840176344,0.83679882863909,3111,4640,2635
FAILED,nan,nan,4933,0.319758093200624,0.1212265462409705,565,459,1450
FAILED,nan,nan,4550,0.6337851814515889,0.7996426120921969,1720,3840,1990
FAILED,nan,nan,30,0.135314085047692,0.0182822933476418,4291,1219,3302
FAILED,nan,nan,2397,0.915776556653902,0.6332318256236613,297,2063,4616
FAILED,nan,nan,2876,0.4162395407315343,0.4166499660704285,2746,2880,636
FAILED,nan,nan,3333,0.7519910065196455,0.1518703447133302,3225,3370,1685
FAILED,nan,nan,1311,0.2525529223121702,0.9288449231293052,757,1689,3020
FAILED,nan,nan,1111,0.5324697169270366,0.2827078629694879,4730,30,4371
FAILED,nan,nan,4089,0.0339149319510906,0.5036754665691405,2218,4912,374
FAILED,nan,nan,4251,0.5135939258746803,0.0524307980109006,2819,2194,2929
FAILED,nan,nan,941,0.014065022278577,0.7709875836782157,390,2710,1742
FAILED,nan,nan,1483,0.7945003462191671,0.3898855000492185,3895,4322,556
FAILED,nan,nan,3173,0.2960373621415347,0.6693884359002114,1344,776,4076
FAILED,nan,nan,3044,0.8803174158968031,0.9029806018713862,2135,476,3251
FAILED,nan,nan,2232,0.3817555001042783,0.1878349471576512,4667,4427,2085
FAILED,nan,nan,187,0.6616908467393369,0.5377494991850108,1143,3542,936
FAILED,nan,nan,4376,0.1622456317152828,0.2548354286625981,3631,1556,4439
FAILED,nan,nan,4775,0.853999985711649,0.5744204186778515,4946,3053,4002
FAILED,nan,nan,586,0.3554437879566103,0.3582651868090034,2473,2007,1
FAILED,nan,nan,1997,0.5710491959452629,0.990818394580856,3322,963,1355
FAILED,nan,nan,2807,0.0716096989586949,0.2089100941456854,814,3980,2687
FAILED,nan,nan,3557,0.7192413864526898,0.4745539236273616,3,4773,4987
FAILED,nan,nan,1868,0.2197029577512294,0.69412028644979,2569,287,1008
FAILED,nan,nan,710,0.9397220236882567,0.0927546139974147,1702,1745,2321
FAILED,nan,nan,4021,0.4412495145052671,0.8712517797611654,4156,3197,3635
FAILED,nan,nan,3914,0.7129374629706144,0.6544248801805079,3683,344,2795
FAILED,nan,nan,663,0.2143531732186675,0.4344414054844528,1235,4599,1325
FAILED,nan,nan,1761,0.992796973111108,0.7862445290014147,4604,3684,129
FAILED,nan,nan,3510,0.4933902972135693,0.008289632467553,2033,1376,3951
FAILED,nan,nan,2697,0.8291406588032841,0.3048849256001413,1282,2374,3682
FAILED,nan,nan,1944,0.3295741381049156,0.5204826599676162,3794,2569,2195
FAILED,nan,nan,475,0.6115077678207308,0.1374920606166124,442,4151,1036
FAILED,nan,nan,4723,0.1130680797267705,0.919832701196894,2911,908,4881
FAILED,nan,nan,4488,0.93342088486813,0.2260589068233967,4101,4954,4185
FAILED,nan,nan,239,0.4338600822072476,0.9406660993751138,1608,145,526
FAILED,nan,nan,2344,0.6553622107766569,0.3413102892152965,2634,1575,1871
FAILED,nan,nan,3095,0.1569282407201826,0.6246452786792069,107,3328,2879
FAILED,nan,nan,3279,0.5540810172986239,0.8268139008656145,879,2922,4486
FAILED,nan,nan,1531,0.0554872024413198,0.1078209679853171,3425,2177,810
FAILED,nan,nan,1047,0.7696163068301975,0.7383642502613366,2418,1105,2113
FAILED,nan,nan,4299,0.2702001058273017,0.4594150048438459,4852,3798,3144
FAILED,nan,nan,4159,0.8040841674190015,0.9691362507734448,502,1431,745
FAILED,nan,nan,1200,0.3056449700798839,0.1916079819239676,3010,3511,4586
FAILED,nan,nan,1381,0.5271637471355498,0.5883037839513272,1534,4459,3430
FAILED,nan,nan,3421,0.0275977171920239,0.3677723275646567,4008,601,1939
FAILED,nan,nan,2940,0.675226396953687,0.0720412499923259,4466,651,421
FAILED,nan,nan,2482,0.1758202118109911,0.8529806497953832,2013,4291,4245
FAILED,nan,nan,93,0.8899202650003135,0.487472316166386,3509,2741,3048
FAILED,nan,nan,4635,0.3913364660032093,0.7045926378816366,943,2319,1579
FAILED,nan,nan,4868,0.5923892427310348,0.4003653466459363,2282,3229,2485
FAILED,nan,nan,327,0.0929735324829816,0.6822990953326226,4833,1870,3515
FAILED,nan,nan,2099,0.8714073313865811,0.0341521728802472,702,163,4819
FAILED,nan,nan,2559,0.3728140072841197,0.7502819527797401,3131,4741,1142
FAILED,nan,nan,3660,0.9570950983166696,0.547249144775793,2691,4011,1497
FAILED,nan,nan,1618,0.458661619015038,0.2687265270426869,204,1087,2510
FAILED,nan,nan,804,0.7406004611421376,0.8856859848145395,4356,1883,3851
FAILED,nan,nan,3761,0.2410401492360979,0.1661450702436268,1824,3021,195
FAILED,nan,nan,3771,0.7635843265932053,0.5315766509305686,4046,2463,3174
FAILED,nan,nan,792,0.2650238384511322,0.2531168498173356,1495,2596,2162
FAILED,nan,nan,1628,0.544516139421612,0.9012009612265974,2971,4123,860
FAILED,nan,nan,3648,0.0450723520480096,0.1817228632755577,542,819,4515
FAILED,nan,nan,2567,0.6303255856689066,0.3848508461173623,981,430,2851
FAILED,nan,nan,2089,0.130798109723255,0.6667217781841754,3469,4629,1821
FAILED,nan,nan,335,0.91167362774536,0.0498251426089555,1974,3653,478
FAILED,nan,nan,4857,0.4132120713181794,0.7658921058885754,4506,1289,4155
FAILED,nan,nan,4626,0.6020665564462543,0.0877118403036147,3169,2854,4909
FAILED,nan,nan,105,0.1025295553952455,0.86859223055467,662,2049,1086
FAILED,nan,nan,2473,0.8229888191316277,0.4719554362203926,4795,1233,2243
FAILED,nan,nan,2952,0.3245177375990897,0.6890167483836412,2322,3866,3712
FAILED,nan,nan,3413,0.9711733824908734,0.9846526548359544,1863,4884,3922
FAILED,nan,nan,1391,0.4726186123862863,0.2071833955384791,4316,19,81
FAILED,nan,nan,1191,0.6877809784281999,0.5726327177565544,165,1701,1275
FAILED,nan,nan,4170,0.1883429090920835,0.3521602709218859,2731,3398,2766
FAILED,nan,nan,4327,0.7300619368106127,0.8423893144801259,2073,758,224
FAILED,nan,nan,1017,0.2315989378616214,0.1233373720478266,4566,4302,3900
FAILED,nan,nan,1559,0.9520386978108436,0.7227521936185658,1195,2730,2558
FAILED,nan,nan,3248,0.4525097793433815,0.4437439386490732,3722,2212,1527
FAILED,nan,nan,3124,0.850635646559298,0.2416704875826835,2951,1540,1111
FAILED,nan,nan,2313,0.3511904166638851,0.9563366896864028,404,3520,4771
FAILED,nan,nan,268,0.5663789786044509,0.3257343997173011,3754,4450,3465
FAILED,nan,nan,4456,0.0678170479405671,0.6091283987332136,1320,492,2456
FAILED,nan,nan,4695,0.8847439976241439,0.2893076084516942,147,3961,1609
FAILED,nan,nan,505,0.3853044857662171,0.5049681594390422,2596,942,3096
FAILED,nan,nan,1917,0.6648115465603769,0.1531022137254476,1568,2028,4295
FAILED,nan,nan,2727,0.1662553339339792,0.9355056709256024,4139,3071,450
FAILED,nan,nan,3481,0.5010336161386222,0.6388152029551566,4891,3181,1910
FAILED,nan,nan,1792,0.0025610920842736,0.4187689116392284,2379,1722,3381
FAILED,nan,nan,634,0.7834361565299333,0.8018223220333457,3386,310,4538
FAILED,nan,nan,3946,0.2838977129571139,0.0238046088796108,917,4788,715
FAILED,nan,nan,3990,0.5579917283169925,0.4902264472153038,1382,1390,344
FAILED,nan,nan,739,0.0585850672908127,0.709729993417859,3856,3709,4323
FAILED,nan,nan,1837,0.773249040549621,0.077239607842639,352,4573,2971
FAILED,nan,nan,3585,0.2746647656690329,0.8556739569865167,2859,330,1657
FAILED,nan,nan,2777,0.9213193137980996,0.5899349489491433,3669,920,665
FAILED,nan,nan,2025,0.4228796405754983,0.3738425337001681,1103,4179,4666
FAILED,nan,nan,555,0.6438354456108063,0.97514539510943,4628,2540,3350
FAILED,nan,nan,4803,0.1442689397837966,0.1932999112941324,2174,2363,2019
FAILED,nan,nan,4407,0.8404237586129457,0.8873099818173796,853,3342,1421
FAILED,nan,nan,158,0.3419898034278303,0.1722233366556465,3282,1601,2586
FAILED,nan,nan,2264,0.6233656698167324,0.5532664088737219,2434,119,3774
FAILED,nan,nan,3014,0.1238048820272088,0.2704113479033112,4985,4940,272
FAILED,nan,nan,3203,0.709061063895002,0.0369143642056733,4194,3810,2406
FAILED,nan,nan,1455,0.209644877763465,0.7554121403209865,1662,1133,3593
FAILED,nan,nan,971,0.9886425930187106,0.405556595986709,2531,2149,4740
FAILED,nan,nan,4224,0.4900487930327654,0.6850005222856999,43,2910,1220
FAILED,nan,nan,4079,0.9619537339154632,0.136294901356101,4453,621,3606
FAILED,nan,nan,1119,0.4623876891005784,0.913328489324078,1883,4477,2271
FAILED,nan,nan,1300,0.743787847854197,0.2983199493549764,3531,3493,960
FAILED,nan,nan,3341,0.2453486356437206,0.519346562506631,1082,1411,4957
FAILED,nan,nan,2864,0.5801239175517112,0.7840310015901923,604,2341,2716
FAILED,nan,nan,2406,0.0815401036832481,0.0026116732936352,3073,2757,1404
FAILED,nan,nan,18,0.8605164116173982,0.6488077448643744,1442,4275,50
FAILED,nan,nan,4560,0.3611102116033435,0.4321668757591396,3955,629,4031
FAILED,nan,nan,4944,0.6863609820790589,0.7361578908450902,2786,4761,4409
FAILED,nan,nan,403,0.1877676431052386,0.4537289853934199,259,181,887
FAILED,nan,nan,2175,0.9024292592536658,0.8211886457875371,4252,1851,2036
FAILED,nan,nan,2634,0.4030135341342538,0.1055535467695444,1759,3209,3222
FAILED,nan,nan,3741,0.8011404460631311,0.3401050696782767,2257,3044,4105
FAILED,nan,nan,1699,0.3015801192857325,0.6181482348013669,4691,1898,606
FAILED,nan,nan,884,0.5225487806107849,0.2195010390877723,717,1071,1790
FAILED,nan,nan,3842,0.0241152864377945,0.9395218821521848,3264,3988,2959
FAILED,nan,nan,3873,0.6516352790817619,0.2152333680540323,285,3715,3980
FAILED,nan,nan,934,0.1520663938373327,0.9922762952353804,2758,1345,145
FAILED,nan,nan,1642,0.9291153718028218,0.3441293411813676,1752,375,1294
FAILED,nan,nan,3702,0.4306733191628009,0.5651499463040381,4259,4567,2792
FAILED,nan,nan,2581,0.7654553619623184,0.8610295887514949,4757,4185,4848
FAILED,nan,nan,2143,0.2668687076643109,0.0796009212415665,2191,875,1034
FAILED,nan,nan,438,0.5501942742634565,0.6965603474117815,3218,2407,2221
FAILED,nan,nan,4999,0.0507852338198572,0.4799254863355309,764,2535,3701
FAILED,nan,nan,4602,0.9964405248146504,0.6591590657420456,1953,1605,2863
FAILED,nan,nan,42,0.4978481524791568,0.3767399753872305,4382,3299,1842
FAILED,nan,nan,2380,0.7168552165068686,0.773435805298388,1032,4984,529
FAILED,nan,nan,2820,0.2174404580257833,0.0577951741348952,3583,115,4215
FAILED,nan,nan,3321,0.6155700895544142,0.2611668409220874,3104,1137,3146
FAILED,nan,nan,1259,0.1160107294153422,0.5392001909483224,572,3766,2146
FAILED,nan,nan,1167,0.8326243991665542,0.1736918852031231,3943,2953,792
FAILED,nan,nan,4106,0.3341918716318905,0.8937182604130357,1455,2145,4461
FAILED,nan,nan,4273,0.8683119639959186,0.4112860769834369,3353,4512,1928
FAILED,nan,nan,1003,0.3689043363314122,0.630784091040492,783,547,3407
FAILED,nan,nan,1417,0.5879233048819006,0.0314283124823123,4934,1485,4594
FAILED,nan,nan,3146,0.0893380633629858,0.8098724767230451,2485,3458,780
FAILED,nan,nan,2982,0.7359898881744593,0.5129382653217762,1695,2792,1585
FAILED,nan,nan,2210,0.2375492483135312,0.2968513822183013,4163,2267,3086
FAILED,nan,nan,214,0.9541596091873944,0.9273946960959584,30,702,4232
FAILED,nan,nan,4442,0.454592136722058,0.1455393971838057,2542,4240,401
FAILED,nan,nan,4827,0.5303424275964499,0.9643069033864884,3883,214,1165
FAILED,nan,nan,598,0.0319113128408789,0.2492142501957714,1356,4689,4830
FAILED,nan,nan,1980,0.8089379317183047,0.6010173458289355,2851,3281,3479
FAILED,nan,nan,2751,0.3093799843583256,0.3181716240718961,358,1818,2476
FAILED,nan,nan,3545,0.8946293941810727,0.1158544964957982,1170,1932,158
FAILED,nan,nan,1816,0.3952160484790802,0.8343582806400954,3604,2971,3845
FAILED,nan,nan,766,0.6785649556759745,0.4513676534052938,2127,4061,2530
FAILED,nan,nan,4038,0.1799739961195737,0.7308022404909134,4674,1038,1511
FAILED,nan,nan,3966,0.9194734928179532,0.7634432633891701,2646,2640,2350
FAILED,nan,nan,675,0.421009556973353,0.044397210014984,95,2459,3527
FAILED,nan,nan,1744,0.6381216120719909,0.676950386185199,4069,824,4724
FAILED,nan,nan,3453,0.13859175670892,0.3979329109732061,1640,4080,1193
FAILED,nan,nan,2685,0.536722492435947,0.1646795442998409,2391,4672,1480
FAILED,nan,nan,1893,0.0372763256449252,0.879339857345447,4879,426,2639
FAILED,nan,nan,531,0.7557868409380317,0.277974153291434,886,1294,3795
FAILED,nan,nan,4739,0.2572239733785391,0.5613773725498468,3418,3610,286
FAILED,nan,nan,4509,0.6955789381079376,0.3662987896762788,4573,2093,654
FAILED,nan,nan,300,0.1961422964222729,0.581964753838256,2065,2849,4642
FAILED,nan,nan,2278,0.978967507218942,0.2008626980930566,3695,3871,3301
FAILED,nan,nan,3069,0.4804141647648066,0.9832564591672271,1222,1189,1956
FAILED,nan,nan,3217,0.8151932667531073,0.7177610161043704,450,63,370
FAILED,nan,nan,1509,0.316723612871021,0.497709311613813,2903,4879,4340
FAILED,nan,nan,1074,0.5942671691160649,0.8476238915249705,1255,3404,3036
FAILED,nan,nan,4365,0.0947315957155078,0.0696158744972199,3821,1656,1713
FAILED,nan,nan,4211,0.574174558866769,0.6105246055554598,670,4375,4090
FAILED,nan,nan,1212,0.0756112005524337,0.3320551083162427,3163,724,577
FAILED,nan,nan,1364,0.8584350060056894,0.9470046721938996,2294,2246,1736
FAILED,nan,nan,3365,0.3589883484598249,0.2275319874174892,4821,2657,2891
FAILED,nan,nan,2928,0.9442407660149038,0.4618398858662694,4363,3592,4430
FAILED,nan,nan,2430,0.44471041989699,0.7437205140590668,1817,1507,901
FAILED,nan,nan,150,0.722267784198746,0.097583485500887,2664,526,2096
FAILED,nan,nan,4652,0.2238033575993031,0.8136450356058776,230,4377,3274
FAILED,nan,nan,4889,0.7912298351172358,0.0107225626129657,1547,1016,2666
FAILED,nan,nan,389,0.2916937709618359,0.7915937326215208,3995,3927,1342
FAILED,nan,nan,2033,0.5088310701921582,0.4241968553867191,470,3106,39
FAILED,nan,nan,2532,0.0103609255552291,0.6412640566080808,3041,1954,4008
FAILED,nan,nan,3599,0.6570117130894214,0.905704938152805,3482,1796,3670
FAILED,nan,nan,1596,0.1584578798804432,0.12824489909783,970,3147,2330
FAILED,nan,nan,830,0.876947939619422,0.5268292447309941,4474,4823,985
FAILED,nan,nan,3828,0.3775108071789145,0.3063509088382125,2005,236,4976
FAILED,nan,nan,3812,0.8758236630298197,0.0468571372535079,3407,1271,1335
FAILED,nan,nan,834,0.3762556700669229,0.7629167243391275,895,3671,2667
FAILED,nan,nan,1590,0.658145024029538,0.3955198508221656,4871,4611,4021
FAILED,nan,nan,3612,0.1597039826419204,0.6773986349664628,2403,449,20
FAILED,nan,nan,2526,0.5100747823826969,0.8807778917234391,1630,803,2340
FAILED,nan,nan,2047,0.0114890203662216,0.1613071699663996,4079,4139,3654
FAILED,nan,nan,373,0.7899799141343683,0.5598915193174034,84,2581,4967
FAILED,nan,nan,4893,0.2905718849431723,0.2814238661266863,2655,2479,988
FAILED,nan,nan,4668,0.7254664331767708,0.5853544458691031,3810,3380,575
FAILED,nan,nan,146,0.2268749531228095,0.3648741469569504,1263,1719,4096
FAILED,nan,nan,2436,0.9410473443195224,0.9798237071167678,2896,1,2910
FAILED,nan,nan,2915,0.4416335970908403,0.2023618240132927,462,4903,1723
FAILED,nan,nan,3371,0.8553519855607301,0.4982185329664498,1213,3850,916
FAILED,nan,nan,1350,0.3557935177031904,0.7152876972071827,3706,1249,4419
FAILED,nan,nan,1228,0.5772475634515285,0.0691506649311631,2055,2034,3270
FAILED,nan,nan,4207,0.0788160471692681,0.8500236789882183,4581,2870,2104
FAILED,nan,nan,4369,0.5973425717074424,0.3286071205586195,222,506,4636
FAILED,nan,nan,1058,0.0979340517614036,0.6120084957685321,2676,4437,656
FAILED,nan,nan,1523,0.8121126368790865,0.2309064437411725,1805,3533,1970
FAILED,nan,nan,3211,0.3135263841077685,0.9455647937674077,4371,1527,3282
FAILED,nan,nan,3082,0.9757764835301788,0.7432705402001738,4811,2223,4351
FAILED,nan,nan,2272,0.4773349513877183,0.464254909036681,2304,2719,354
FAILED,nan,nan,304,0.6987799776569009,0.8141694926656783,3154,4313,1705
FAILED,nan,nan,4493,0.1992114939391613,0.0951254023108631,681,747,3040
FAILED,nan,nan,4736,0.7545355108939111,0.7891959081776441,1997,4802,3526
FAILED,nan,nan,547,0.2561035038568079,0.0111860471013933,4485,297,2357
FAILED,nan,nan,1879,0.5379647881295532,0.6437392195537687,958,1735,1211
FAILED,nan,nan,2691,0.0384058295171707,0.4236855520438403,3489,3168,4710
FAILED,nan,nan,3440,0.6392535139508545,0.1267438101582229,3031,3082,2655
FAILED,nan,nan,1750,0.1398392759673297,0.9091394152808936,480,2017,1470
FAILED,nan,nan,672,0.9183477997314184,0.3077737075090408,3987,953,282
FAILED,nan,nan,3982,0.4197558289226145,0.5234416346903891,1557,3950,3803
FAILED,nan,nan,4032,0.6758502653297037,0.9937148054968564,773,2345,4838
FAILED,nan,nan,780,0.1773854372035712,0.2118614696040749,3207,2559,1161
FAILED,nan,nan,1800,0.8973397792689503,0.5636645689550788,2203,4161,2465
FAILED,nan,nan,3548,0.397808912653476,0.3475795299001038,4749,938,3495
FAILED,nan,nan,2735,0.811530301420018,0.0820613243635743,4269,315,3832
FAILED,nan,nan,1984,0.312083242347464,0.8605035255849361,1742,4589,176
FAILED,nan,nan,592,0.5277609957791864,0.4775129020679742,2767,3693,1517
FAILED,nan,nan,4840,0.0291971169672906,0.6970090720765293,275,1405,2529
FAILED,nan,nan,4448,0.9547932350337506,0.3772487208563834,1463,2892,3411
FAILED,nan,nan,200,0.4553557010665536,0.6566852709613741,3932,2168,1920
FAILED,nan,nan,2226,0.7353481500018388,0.0573294886853545,584,1115,764
FAILED,nan,nan,2979,0.2367937962953001,0.7758351168781519,3096,3827,4606
FAILED,nan,nan,3162,0.5871635513231158,0.5425894070956856,3593,4925,3068
FAILED,nan,nan,1413,0.0886930051594972,0.2597417223192751,1023,135,1598
FAILED,nan,nan,1009,0.8690788483712822,0.8902850324790925,4391,1585,402
FAILED,nan,nan,4260,0.3695422637183219,0.1751905352398753,1942,3358,4226
FAILED,nan,nan,4119,0.8333917705789209,0.6303336412981152,2554,642,1851
FAILED,nan,nan,1161,0.3348293045461177,0.4137006242703646,22,4262,2859
FAILED,nan,nan,1263,0.6148108304683119,0.8103964578993619,4170,2771,4204
FAILED,nan,nan,3305,0.1153651841748505,0.0289697534088045,1683,2328,545
FAILED,nan,nan,2824,0.7162139653712511,0.2934029185771942,2494,1421,2133
FAILED,nan,nan,2364,0.2166845115348696,0.5144216796513646,4923,3482,3164
FAILED,nan,nan,55,0.997074645133689,0.148913377624005,793,4488,4466
FAILED,nan,nan,4596,0.4986112297866493,0.9259543417859822,3345,611,791
FAILED,nan,nan,4986,0.547609522415325,0.2477136371396482,4685,4001,149
FAILED,nan,nan,444,0.0480743505414575,0.9677418563980608,2119,1058,3971
FAILED,nan,nan,2139,0.7680444190688431,0.3195948986262083,3612,1912,2776
FAILED,nan,nan,2597,0.2695752856843174,0.5976302116718143,1158,3031,1305
FAILED,nan,nan,3698,0.9318224368598312,0.8319609320797026,368,3219,1016
FAILED,nan,nan,1658,0.4332694959323853,0.1163184568677097,2841,1840,4861
FAILED,nan,nan,920,0.6489172761403024,0.733277879320085,1367,192,3702
FAILED,nan,nan,3879,0.1494811549521982,0.4508568259458989,3874,4751,2215
FAILED,nan,nan,3836,0.519961162308231,0.7073328827992081,2184,2524,891
FAILED,nan,nan,897,0.0213996629137545,0.4906901696454733,4618,2419,4400
FAILED,nan,nan,1683,0.8037342434152961,0.8581498337574304,1112,864,3205
FAILED,nan,nan,3744,0.3042895637601614,0.0767285424415022,3658,4196,2047
FAILED,nan,nan,2618,0.9051334578562528,0.3723416827023029,2867,4554,588
FAILED,nan,nan,2179,0.405604970658198,0.5933701399024576,340,389,4118
FAILED,nan,nan,397,0.6836477193832398,0.1947229479067027,3868,1331,2961
FAILED,nan,nan,4957,0.1851852706745267,0.9717584988940507,1375,3728,1784
FAILED,nan,nan,4566,0.8612809165753424,0.1687746350727975,53,2134,2280
FAILED,nan,nan,4,0.3617429042719304,0.8887936340887099,2521,2965,3602
FAILED,nan,nan,2422,0.5793693987112493,0.2737850904017687,1671,3755,4946
FAILED,nan,nan,2861,0.080897424897179,0.5518262925054878,4183,1148,976
FAILED,nan,nan,3357,0.743143730264157,0.7549619285203516,4994,102,1390
FAILED,nan,nan,1296,0.2445879489071667,0.039328673550859,2423,4997,2734
FAILED,nan,nan,1125,0.962592594480142,0.6855247414037585,3294,3285,4037
FAILED,nan,nan,4065,0.4631536328624934,0.4030977989714592,845,1618,49
FAILED,nan,nan,4237,0.9892790927551688,0.9167174675296992,3964,4256,2590
FAILED,nan,nan,965,0.4908171050585806,0.1348700206950306,1432,686,1412
FAILED,nan,nan,1459,0.7084145780410618,0.5159130966309458,3083,2284,256
FAILED,nan,nan,3187,0.208886551855132,0.2998188373334706,596,2776,3786
FAILED,nan,nan,3018,0.6226087901480496,0.0031206567045301,1094,3476,3575
FAILED,nan,nan,2248,0.1231645715050399,0.7815569688677788,3523,1466,2420
FAILED,nan,nan,171,0.8411858953069895,0.431701428251341,1890,566,1221
FAILED,nan,nan,4401,0.3426248569246382,0.6512068185023964,4441,4494,4734
FAILED,nan,nan,4790,0.6411236291546375,0.4561896264571696,3273,1054,4331
FAILED,nan,nan,562,0.1416851285491138,0.7356315897367894,707,4045,340
FAILED,nan,nan,2021,0.9240249512046576,0.1031412004437297,4702,2987,1646
FAILED,nan,nan,2793,0.4254696308597922,0.8216371325105428,2248,1916,2986
FAILED,nan,nan,3582,0.7758442841414362,0.619586507121101,1770,1836,4652
FAILED,nan,nan,1852,0.277372771339491,0.3367334091700613,4243,3262,683
FAILED,nan,nan,725,0.5554055488184094,0.9380362668614834,267,4708,2025
FAILED,nan,nan,3996,0.0558679975271225,0.2229514657482504,2774,196,3349
FAILED,nan,nan,3930,0.7821800490617752,0.2516155229359865,4496,3599,3095
FAILED,nan,nan,638,0.2827743992879987,0.535011366000399,1984,1304,1615
FAILED,nan,nan,1786,0.5022787559796125,0.1831454240046441,3458,415,468
FAILED,nan,nan,3494,0.0036953733805567,0.8978135891277343,990,4684,4281
FAILED,nan,nan,2721,0.665938671015203,0.6643241916820407,531,4066,3397
FAILED,nan,nan,1930,0.1675000090450048,0.3853140926640481,2979,837,1899
FAILED,nan,nan,489,0.8836211486849934,0.7683675067760051,1487,2445,711
FAILED,nan,nan,4699,0.384055535139516,0.0493136013243347,4058,2654,4546
FAILED,nan,nan,4472,0.5694496037717909,0.8681424946375191,2722,1645,3894
FAILED,nan,nan,264,0.0710166598390787,0.0901266255322843,175,3414,226
FAILED,nan,nan,2319,0.8475578608326614,0.6895414433851839,4306,4868,1541
FAILED,nan,nan,3111,0.3479979653246701,0.4694971150886267,1872,75,2540
FAILED,nan,nan,3254,0.9488428966980428,0.2037351698391139,2311,1175,4782
FAILED,nan,nan,1545,0.449427721818909,0.9861367829907686,4803,3884,1096
FAILED,nan,nan,1033,0.7332658205069602,0.3555344893038273,655,2835,2448
FAILED,nan,nan,4324,0.2346729128025472,0.5711930772718042,3181,2107,3469
FAILED,nan,nan,4173,0.6909843973945826,0.1238468313422054,1310,4394,1084
FAILED,nan,nan,1176,0.1914173413272947,0.8399157576411963,3764,510,4915
FAILED,nan,nan,1405,0.9679771240837872,0.4432789670247584,395,1522,3731
FAILED,nan,nan,3407,0.4695370195917785,0.7251517431400716,2961,3576,2230
FAILED,nan,nan,2965,0.8199105686750263,0.9597261437755078,3713,2676,96
FAILED,nan,nan,2467,0.32132574355416,0.2402460828050971,1206,2227,3911
FAILED,nan,nan,109,0.605136724319309,0.6056954087410122,4554,742,2763
FAILED,nan,nan,4610,0.1057296320237219,0.3272337635792792,2081,4356,1284
FAILED,nan,nan,4854,0.910554121144116,0.5064059558752925,907,252,2155
FAILED,nan,nan,351,0.4119597709178924,0.2859354720599949,3395,4807,3175
FAILED,nan,nan,2075,0.6314560598973185,0.934019579751417,2370,3162,4529
FAILED,nan,nan,2573,0.1320394424963742,0.1565521645024419,4902,1780,841
FAILED,nan,nan,3635,0.5457646216005086,0.4212290768194943,4131,1972,1832
FAILED,nan,nan,1634,0.0462032835707068,0.638288425963372,1580,3087,2835
FAILED,nan,nan,788,0.7623315688986331,0.0213917866703122,2584,3945,4146
FAILED,nan,nan,3787,0.2638971824441105,0.8022703328728675,155,997,481
FAILED,nan,nan,3755,0.7392958358656615,0.4368392299283296,2923,4214,3499
FAILED,nan,nan,817,0.2398511413391679,0.6539613956920802,435,885,2496
FAILED,nan,nan,1602,0.9584059323854744,0.0058144695218652,3802,2397,1145
FAILED,nan,nan,3664,0.4598444181196391,0.7867558323442936,1270,2506,4810
FAILED,nan,nan,2543,0.8725925210621208,0.5219837489072233,2042,3744,2511
FAILED,nan,nan,2103,0.3741300574820488,0.3014504484720528,4594,1355,1491
FAILED,nan,nan,321,0.5911950187049806,0.9184099025260656,1245,365,177
FAILED,nan,nan,4881,0.0916665166355669,0.1408796706572175,3674,4538,3864
FAILED,nan,nan,4641,0.8930641985312104,0.944114087132737,4864,1167,4575
FAILED,nan,nan,80,0.3945922098457813,0.2245750166103244,2410,3776,761
FAILED,nan,nan,2498,0.6720924792829901,0.6212708223555237,3434,2944,1948
FAILED,nan,nan,2937,0.1725544521082192,0.3427501676417887,868,2116,3426
FAILED,nan,nan,3437,0.5239041850715875,0.10827094184421,116,1634,4251
FAILED,nan,nan,1377,0.02446520858258,0.8243988776952028,2623,3309,420
FAILED,nan,nan,1206,0.8073385022003203,0.4588905477840453,1618,4974,1566
FAILED,nan,nan,4145,0.3087827059719711,0.7408223334513605,4091,86,3067
FAILED,nan,nan,4313,0.7728682436048985,0.1882182898931205,950,2802,510
FAILED,nan,nan,1041,0.2733402322903275,0.9705608934927732,3497,2297,4196
FAILED,nan,nan,1534,0.5508190646637231,0.3712050796151161,2024,673,2883
FAILED,nan,nan,3263,0.0523570918384939,0.586804658031091,4458,4231,1862
FAILED,nan,nan,3099,0.6522258950993419,0.8524714284427464,4018,4522,811
FAILED,nan,nan,2328,0.1536648715883493,0.0745145688895136,1526,577,4480
FAILED,nan,nan,252,0.9365624278280884,0.7050578474476934,3019,1455,3126
FAILED,nan,nan,4482,0.4371182240564376,0.4850725287031382,492,3448,2126
FAILED,nan,nan,4709,0.6103149528559297,0.6798391680940986,1832,1942,1314
FAILED,nan,nan,481,0.1117596473824232,0.400891885695979,4344,3000,2811
FAILED,nan,nan,1941,0.8303272649757564,0.7526950129307807,215,4032,3960
FAILED,nan,nan,2713,0.3308887792415917,0.0337039240989834,2683,1028,125
FAILED,nan,nan,3506,0.994109216241166,0.2672884926646948,3142,224,2201
FAILED,nan,nan,1777,0.4945716798212379,0.5506215191092342,693,4718,3681
FAILED,nan,nan,650,0.7116342541910708,0.1676309234760701,4843,3252,4867
FAILED,nan,nan,3920,0.2131627562604844,0.8822362719792872,2272,1808,1054
FAILED,nan,nan,4005,0.937068740900606,0.6039763242695481,557,4663,19
FAILED,nan,nan,714,0.4384853434301913,0.3210604096986353,3123,397,3988
FAILED,nan,nan,1862,0.7218837313558907,0.9536136137526482,1471,1323,2685
FAILED,nan,nan,3570,0.2224780667107552,0.2384659960195422,3924,3620,1361
FAILED,nan,nan,2801,0.5738247993774712,0.440611803682521,4403,2630,1004
FAILED,nan,nan,2010,0.0742591709606349,0.7201165835820138,1930,2429,4995
FAILED,nan,nan,570,0.8512286875378341,0.1187509074117988,3561,853,3651
FAILED,nan,nan,4779,0.352790010696277,0.837309656098485,1054,4090,2310
FAILED,nan,nan,4391,0.6625115133840591,0.0187327430900186,2210,54,1756
FAILED,nan,nan,184,0.1629516030047089,0.7972280648052692,4742,4849,2911
FAILED,nan,nan,2238,0.879489618435502,0.4161259848941117,746,3433,4070
FAILED,nan,nan,3030,0.3810566596314311,0.6356903846971691,3233,1666,557
FAILED,nan,nan,3179,0.7938058072868734,0.9322933867704124,2736,2084,2076
FAILED,nan,nan,1469,0.2952128847111016,0.1503869303837418,306,2819,3254
FAILED,nan,nan,957,0.5142965771332383,0.500301486128941,4282,3900,4449
FAILED,nan,nan,4248,0.0148813873827457,0.284148217279464,1730,1199,920
FAILED,nan,nan,4093,0.5331718811485916,0.7704788382090628,3619,3563,3320
FAILED,nan,nan,1095,0.0347317915279418,0.0549045927915722,1151,1497,1976
FAILED,nan,nan,1324,0.7512959731146693,0.669854121349752,4658,535,635
FAILED,nan,nan,3327,0.2517289319187403,0.3874861884694546,2146,4407,4623
FAILED,nan,nan,2890,0.9149482721555978,0.184445731010288,1335,4345,3017
FAILED,nan,nan,2391,0.4155411947313696,0.9044057204741984,3906,714,1694
FAILED,nan,nan,33,0.6346053536236286,0.2582686565965414,380,2255,390
FAILED,nan,nan,4534,0.1360205433741212,0.5362508491482586,2829,2687,4360
FAILED,nan,nan,4929,0.8165176058746875,0.3568266765475273,4144,1767,4704
FAILED,nan,nan,427,0.317101003345102,0.5777923171278089,1710,3137,1173
FAILED,nan,nan,2151,0.6004989079516381,0.2103954714946448,2561,4833,2370
FAILED,nan,nan,2649,0.1019045725967735,0.9873682058621198,15,265,3547
FAILED,nan,nan,3715,0.7017763241045177,0.6916598833277822,805,987,3815
FAILED,nan,nan,1714,0.2033419525213539,0.4750799867939204,3332,3917,305
FAILED,nan,nan,869,0.9803261991795152,0.873664364028722,2463,3115,1461
FAILED,nan,nan,3867,0.4807648760210722,0.092305889332667,4955,1983,2620
FAILED,nan,nan,3888,0.8434350089505315,0.8162879326082766,1644,460,4275
FAILED,nan,nan,909,0.344993952691555,0.1007082740161568,4210,4639,430
FAILED,nan,nan,1666,0.5660273453239352,0.7487924095913768,60,3644,1629
FAILED,nan,nan,3688,0.0664593374896794,0.4664341728370637,2514,1260,3116
FAILED,nan,nan,2606,0.7296835648268462,0.2321986309848726,3306,2492,4557
FAILED,nan,nan,2127,0.2302755207642912,0.9521640336234124,833,2606,735
FAILED,nan,nan,453,0.944864798905328,0.3352674222141504,4962,4114,1891
FAILED,nan,nan,4974,0.4462790220174938,0.6132399186398834,2455,790,3362
FAILED,nan,nan,4588,0.5065009968709201,0.3090740145146847,1119,4913,2578
FAILED,nan,nan,66,0.0070872347708791,0.5300337660368531,3651,29,1547
FAILED,nan,nan,2356,0.786006447840482,0.1333969438187778,2158,1691,205
FAILED,nan,nan,2834,0.2874149529151618,0.910378898428753,4645,3369,3881
FAILED,nan,nan,3295,0.8872875502314419,0.6458505509868264,3836,2883,3446
FAILED,nan,nan,1275,0.3888560190778226,0.4292765435110777,1407,2059,2437
FAILED,nan,nan,1152,0.6703056659959257,0.7947258378453552,2879,1224,1131
FAILED,nan,nan,4131,0.1707471832670271,0.0133581429067999,328,3836,4790
FAILED,nan,nan,4289,0.626807393943891,0.5581653263363987,4709,1550,2263
FAILED,nan,nan,977,0.1282211560439318,0.2752586320079863,2241,3549,3732
FAILED,nan,nan,1442,0.9071541474275292,0.8746734219770879,3246,4421,4890
FAILED,nan,nan,3130,0.4077456423528492,0.1595199151858687,734,482,1066
FAILED,nan,nan,3006,0.7590915254931897,0.3928608072418719,235,768,1256
FAILED,nan,nan,2196,0.2595230566468089,0.6723563668988645,2806,4331,2747
FAILED,nan,nan,228,0.540971268478781,0.0417540453281253,1782,2701,3941
FAILED,nan,nan,4418,0.0425297512076795,0.7603186830729246,4231,2202,100
FAILED,nan,nan,4812,0.972526334106922,0.0664835015889257,3056,3191,840
FAILED,nan,nan,623,0.4729673903658986,0.8449885194301605,622,1752,4496
FAILED,nan,nan,1955,0.6939802977014333,0.4931226090360432,3971,281,3193
FAILED,nan,nan,2766,0.195548305535689,0.7126815956644714,1425,4779,2181
FAILED,nan,nan,3521,0.608292554937303,0.9781046226453036,1902,3971,497
FAILED,nan,nan,1831,0.1097005989998579,0.1961884701326489,4429,972,4174
FAILED,nan,nan,752,0.824315091529861,0.5792419158462435,1062,1998,2831
FAILED,nan,nan,4062,0.3249008684176951,0.3630940601713955,3555,3061,1801
FAILED,nan,nan,3952,0.5834013717193156,0.1424167798869312,4332,910,2055
FAILED,nan,nan,699,0.0838704902324825,0.9247495683897288,1845,4150,3241
FAILED,nan,nan,1720,0.8647950354069471,0.2922592069804668,2714,2570,4390
FAILED,nan,nan,3468,0.3663301924094558,0.507864317541942,183,2372,868
FAILED,nan,nan,2659,0.9662057974580676,0.8047108845897019,642,1380,1771
FAILED,nan,nan,1908,0.4676419037748128,0.0267638401333242,3194,3680,2940
FAILED,nan,nan,516,0.7470918622687459,0.6280667257085443,2342,4602,4124
FAILED,nan,nan,4765,0.2476447883248329,0.4080758748184889,4771,340,625
FAILED,nan,nan,4524,0.7995429498218,0.7275994740054011,3451,3800,940
FAILED,nan,nan,276,0.3009885812439024,0.4486428523939103,997,1104,4937
FAILED,nan,nan,2302,0.5161047977413982,0.8296858967281878,4523,2179,3626
FAILED,nan,nan,3054,0.0166672489028424,0.1107008159253746,1957,2920,2291
FAILED,nan,nan,3242,0.6798904389627278,0.3130902406126261,1519,3332,70
FAILED,nan,nan,1494,0.1803538394384086,0.5964326062705367,4026,1571,4050
FAILED,nan,nan,1089,0.9008583232592792,0.2465770340524614,519,148,2697
FAILED,nan,nan,4340,0.4023877622243016,0.9611763745266944,2992,4950,1384
FAILED,nan,nan,4195,0.9287644960321486,0.4826426434684545,2363,2312,3755
FAILED,nan,nan,1237,0.4293188646100461,0.6997708172611892,4909,2747,252
FAILED,nan,nan,1339,0.6444317424874753,0.08476224569045,934,4285,1441
FAILED,nan,nan,3380,0.1458692913260311,0.8656942692995071,3368,658,2606
FAILED,nan,nan,2904,0.5586146449260414,0.5697423892263324,2616,592,4760
FAILED,nan,nan,2445,0.0601512444503605,0.3492030807621777,123,4467,1240
FAILED,nan,nan,135,0.7806676030512899,0.9953991207312792,4119,3503,2387
FAILED,nan,nan,4676,0.2811381640862673,0.2178782280758023,1592,1440,3574
FAILED,nan,nan,4905,0.7038344207201153,0.89635568475537,422,3014,2990
FAILED,nan,nan,363,0.2053653022069484,0.1768221463784575,2934,1889,1676
FAILED,nan,nan,2059,0.986313158236444,0.5442818420920521,1303,1081,324
FAILED,nan,nan,2516,0.4867780012339353,0.2657513722814619,3771,4018,4303
FAILED,nan,nan,3623,0.838120943563059,0.0624672903623431,4542,4732,3331
FAILED,nan,nan,1582,0.3386848372463137,0.7785896940678358,2093,171,2000
FAILED,nan,nan,844,0.6181124069094658,0.3799425336737185,3745,1861,685
FAILED,nan,nan,3804,0.1195594808533787,0.6618841344378888,1174,3238,4685
FAILED,nan,nan,3805,0.8359160536229611,0.4679123673196882,336,2845,2601
FAILED,nan,nan,846,0.3365080244317651,0.7474098305106163,2863,2097,1445
FAILED,nan,nan,1573,0.6203199142087251,0.099262670116499,1368,1186,247
FAILED,nan,nan,3615,0.1217341521922499,0.8178292113952339,3861,3874,3760
FAILED,nan,nan,2514,0.7060150350257755,0.615660607798025,4613,4878,3569
FAILED,nan,nan,2054,0.2075739936381578,0.332752009935677,2179,64,2392
FAILED,nan,nan,370,0.9841346854064612,0.9497117056492717,3655,1656,1235
FAILED,nan,nan,4910,0.4845666924435645,0.2345562953241169,1109,3404,4765
FAILED,nan,nan,4670,0.5607935954984278,0.9127972379121928,2429,2454,4299
FAILED,nan,nan,129,0.0623620792161673,0.1308829889334738,4999,2644,329
FAILED,nan,nan,2449,0.7784874627701938,0.5275790289025754,849,4076,1671
FAILED,nan,nan,2908,0.2789289949126541,0.311433076761663,3297,828,2995
FAILED,nan,nan,3388,0.926557466475293,0.0148377947825938,2525,424,4680
FAILED,nan,nan,1348,0.427143719246611,0.7933409090898931,57,4674,689
FAILED,nan,nan,1235,0.6466371064521372,0.4278323375191539,4190,3608,1995
FAILED,nan,nan,4195,0.1480456263981759,0.6473894206136465,1677,1296,3336
FAILED,nan,nan,4342,0.6820974666606635,0.1571603770554065,3517,3936,863
FAILED,nan,nan,1090,0.1825289829429239,0.8771276832278818,1088,1007,4394
FAILED,nan,nan,1486,0.898652961153537,0.2777721110098064,4438,1963,3236
FAILED,nan,nan,3233,0.4002114290110767,0.5557465109694749,1887,3096,2060
FAILED,nan,nan,3050,0.7973639973904938,0.7587793375626206,1428,3154,621
FAILED,nan,nan,2299,0.2987777446191758,0.0431977754365652,3960,1789,4129
FAILED,nan,nan,282,0.5182849398814142,0.6737408197708428,589,243,2935
FAILED,nan,nan,4530,0.0188764199353754,0.3913806794825941,3077,4816,1776
FAILED,nan,nan,4758,0.964025177575648,0.7111407927609981,4247,732,2286
FAILED,nan,nan,511,0.4654332067668438,0.4945686888191849,1774,4367,3631
FAILED,nan,nan,1911,0.7492703406754881,0.8463715743944049,2780,2665,4932
FAILED,nan,nan,2664,0.2498561026919633,0.065005782989785,273,2238,945
FAILED,nan,nan,3477,0.585606256082654,0.360736871715635,713,1512,1379
FAILED,nan,nan,1728,0.0860472974702716,0.581694719703868,3279,3587,2701
FAILED,nan,nan,698,0.8625875336844474,0.1987043582946062,2252,4383,4045
FAILED,nan,nan,3950,0.3641555266473442,0.975684409370646,4705,520,75
FAILED,nan,nan,4054,0.6065749752614648,0.5102845308165997,2985,3294,1071
FAILED,nan,nan,743,0.1080110964495688,0.2897433188185095,536,1609,4885
FAILED,nan,nan,1832,0.8260352885648609,0.9222967645321042,4061,110,3737
FAILED,nan,nan,3522,0.3265882294923067,0.1447739683426916,1490,4988,2258
FAILED,nan,nan,2772,0.974219649301842,0.4095535934176296,1988,3764,105
FAILED,nan,nan,1962,0.4746887826863676,0.6266836707442999,4501,1139,3937
FAILED,nan,nan,618,0.6922891239821911,0.0253177603501826,996,2143,2752
FAILED,nan,nan,4809,0.1938242958560586,0.8062516874931752,3465,2955,1251
FAILED,nan,nan,4421,0.760783173236996,0.1121809436846524,4799,1342,2186
FAILED,nan,nan,232,0.2612465885840356,0.8283014438562095,2307,3718,3189
FAILED,nan,nan,2190,0.539278431026265,0.4471991222854704,3175,4564,4501
FAILED,nan,nan,3001,0.0408078848626464,0.7291388195157051,648,378,835
FAILED,nan,nan,3130,0.6250876709334552,0.9635951898936184,169,874,1806
FAILED,nan,nan,1440,0.1265333172269165,0.2440635550506413,2716,4186,2826
FAILED,nan,nan,987,0.9088722048457712,0.5939783450197429,1868,2534,4179
FAILED,nan,nan,4296,0.4094346708785742,0.3154497787430882,4302,2408,492
FAILED,nan,nan,4122,0.8890072751007975,0.8641553996726871,1210,4697,3121
FAILED,nan,nan,1144,0.3905438597537577,0.0862064516823738,3717,206,1624
FAILED,nan,nan,1275,0.6685876067187637,0.7011557460166514,2087,1826,435
FAILED,nan,nan,3298,0.1690581528823822,0.4811629915926605,4560,3273,4270
FAILED,nan,nan,2841,0.5048093509860336,0.215519165828824,3770,2977,3366
FAILED,nan,nan,2362,0.0053637046925723,0.997853857865557,1316,1926,1886
FAILED,nan,nan,62,0.7876992834340781,0.3517170356474817,2964,1044,740
FAILED,nan,nan,4583,0.289136817401275,0.5673240497428924,398,4055,4552
FAILED,nan,nan,4978,0.727990255208686,0.2633937079422176,1574,557,3886
FAILED,nan,nan,456,0.2285541340205818,0.5467341700661927,4125,4503,200
FAILED,nan,nan,2122,0.9465559670478104,0.1793375586569309,151,3467,1552
FAILED,nan,nan,2600,0.4480030261203647,0.8939349955972284,2580,1475,2573
FAILED,nan,nan,3686,0.8451525942031294,0.6603428556509316,3391,2274,4795
FAILED,nan,nan,1665,0.3466834608186036,0.3813881375733763,903,2785,1126
FAILED,nan,nan,918,0.5643071427121759,0.7799722731485963,4896,4247,2442
FAILED,nan,nan,3896,0.0647719708383083,0.0609890958797186,2364,696,3441
FAILED,nan,nan,3858,0.7000868178363889,0.7852147914990782,4073,1594,4627
FAILED,nan,nan,861,0.2016243691276759,0.007259835479781,1625,3349,630
FAILED,nan,nan,1715,0.9820135639719664,0.6553442127145827,2652,4934,1981
FAILED,nan,nan,3717,0.4824850767739117,0.4353607975039631,81,126,3315
FAILED,nan,nan,2655,0.8182389944773167,0.1385217683762312,890,1124,4365
FAILED,nan,nan,2157,0.318794314822182,0.9208624684419484,3403,3819,385
FAILED,nan,nan,423,0.5987749019898474,0.3039656228087842,2396,2901,1699
FAILED,nan,nan,4925,0.100213402595371,0.5195632976908237,4865,2158,3012
FAILED,nan,nan,4539,0.9166718003749847,0.3403908674530685,3709,3704,3551
FAILED,nan,nan,36,0.4172328387573361,0.6237257974315434,1217,1395,2365
FAILED,nan,nan,2386,0.6328834909964353,0.2270887335538864,4588,325,1178
FAILED,nan,nan,2883,0.1343277096394449,0.9416959855910392,2061,4578,4699
FAILED,nan,nan,3325,0.5314840386137366,0.7392837017662823,1269,4171,2625
FAILED,nan,nan,1323,0.0330120647996664,0.4603345158342272,3815,927,1456
FAILED,nan,nan,1103,0.7529850053582341,0.8257840443924069,465,2355,310
FAILED,nan,nan,4102,0.2534469930548221,0.1067910520266741,2899,2548,3809
FAILED,nan,nan,4240,0.7954936442449689,0.589223235456273,2300,181,1366
FAILED,nan,nan,948,0.2969326058626175,0.3686918385550379,4807,4761,2680
FAILED,nan,nan,1471,0.5126075504664331,0.9681063943002371,674,3209,3993
FAILED,nan,nan,3180,0.0131633318234235,0.1905780659653246,3148,1851,14
FAILED,nan,nan,3035,0.6607879795879126,0.486552894404158,2670,1901,2315
FAILED,nan,nan,2245,0.1612599534019828,0.7036731566339731,216,3041,3646
FAILED,nan,nan,179,0.8812114866394549,0.0730710767228156,4368,3991,5000
FAILED,nan,nan,4389,0.3827494989428669,0.8540105360113084,1802,1069,999
FAILED,nan,nan,4782,0.572103408915922,0.0351818806398659,486,4479,562
FAILED,nan,nan,574,0.0725658576246351,0.7513117200247943,3037,620,4065
FAILED,nan,nan,2004,0.8529526953585446,0.3994460438545793,1561,1413,2916
FAILED,nan,nan,2795,0.3544811825565994,0.68137973305583,3990,3491,1751
FAILED,nan,nan,3570,0.9387582453098148,0.884656247312203,4489,2761,925
FAILED,nan,nan,1860,0.4402029249649495,0.1651152732558548,2001,2337,4445
FAILED,nan,nan,723,0.7201963684223592,0.5481684773098677,3496,633,3259
FAILED,nan,nan,4013,0.2207578678168356,0.2696459190621972,964,4271,2071
FAILED,nan,nan,3922,0.9919324071444572,0.2361085696220398,1747,2044,1857
FAILED,nan,nan,650,0.4923667935989797,0.9560666555520148,4273,2859,2887
FAILED,nan,nan,1769,0.7138089218121022,0.3235760599188506,281,3860,4191
FAILED,nan,nan,3497,0.215370259841904,0.6015563489366322,2774,1239,515
FAILED,nan,nan,2708,0.6125236480049789,0.8357690911367536,3212,11,2122
FAILED,nan,nan,1937,0.1139402654059231,0.1201967492531985,778,4892,3131
FAILED,nan,nan,487,0.8281159524675459,0.7214998764880002,4752,3390,4475
FAILED,nan,nan,4716,0.3287103026937693,0.4391338471416384,2206,1709,816
FAILED,nan,nan,4475,0.6544367335829884,0.6341512771286071,1017,2590,121
FAILED,nan,nan,247,0.1558438258785754,0.4175694770608097,3587,2470,3965
FAILED,nan,nan,2331,0.9343532549366356,0.7986127556189895,1939,813,2806
FAILED,nan,nan,3103,0.4349380800575018,0.0172523773889988,4387,4130,1319
FAILED,nan,nan,3271,0.7706931019593031,0.2817884412072599,3928,4620,1049
FAILED,nan,nan,1543,0.2711332064513117,0.502755985321477,1459,439,4872
FAILED,nan,nan,1040,0.5529953960180283,0.15290017144382,3090,1280,3676
FAILED,nan,nan,4311,0.0545624520853161,0.9298748093452304,578,3662,2206
FAILED,nan,nan,4146,0.5260793322939425,0.3889660782869905,4929,944,4805
FAILED,nan,nan,1207,0.0266722399983555,0.6684689546525479,2500,3960,1150
FAILED,nan,nan,1368,0.8051621652692557,0.0534606247413903,3348,3072,2491
FAILED,nan,nan,3429,0.3065773401483893,0.772017469894141,797,2026,3504
FAILED,nan,nan,2934,0.8908533656243235,0.5386689506899566,26,1726,3860
FAILED,nan,nan,2493,0.3924132611323148,0.2557549396529793,2558,3177,182
FAILED,nan,nan,87,0.6743016465976834,0.9019507453981788,1689,4793,1486
FAILED,nan,nan,4647,0.1747345905303955,0.1868050311990082,4177,306,2516
FAILED,nan,nan,4876,0.8703838277719915,0.9897886570785196,2837,4303,3422
FAILED,nan,nan,315,0.3719494413174689,0.2078802971579134,364,757,1953
FAILED,nan,nan,2107,0.5934063293542713,0.5753397512119264,3868,2213,756
FAILED,nan,nan,2546,0.0938449913244694,0.3591845788285136,1361,2730,4580
FAILED,nan,nan,3671,0.7414726468212902,0.0937843217570334,2113,3523,3062
FAILED,nan,nan,1612,0.242056029420346,0.8722815470062196,4679,1537,1570
FAILED,nan,nan,815,0.9562312629055232,0.4736346208360046,1154,495,415
FAILED,nan,nan,3755,0.4576369126792997,0.6932009241729975,3608,4447,4256
FAILED,nan,nan,3384,0.9218974174261092,0.9436791398525238,3579,2777,3303
FAILED,nan,nan,3833,0.0024296636618673,0.2509289253093301,1366,3766,4119
FAILED,nan,nan,2756,0.5817799957934767,0.4317524760495871,4432,1358,4054
FAILED,nan,nan,2476,0.1632099491804838,0.780738667698577,4959,1099,767
FAILED,nan,nan,191,0.597695075891912,0.2444713955614715,3600,1000,3645
FAILED,nan,nan,4263,0.3622814807575196,0.0310984397176653,4740,2601,1030
FAILED,nan,nan,3610,0.1974625440612435,0.2136310702227056,3874,2127,2661
FAILED,nan,nan,2988,0.2920358633361757,0.6607428710386157,2886,3268,4662
FAILED,nan,nan,813,0.8812820874862373,0.6316556725706906,4643,4856,4298
FAILED,nan,nan,1889,0.4587371348459274,0.5610204738788307,1458,2458,3778
FAILED,nan,nan,4688,0.9763865875340998,0.3725210684686899,4183,3365,2247
FAILED,nan,nan,502,0.6320783797930926,0.5007395703364164,3007,1721,3140
FAILED,nan,nan,4999,0.7606674229446798,0.878274230606854,4835,3895,2058
FAILED,nan,nan,868,0.0302127006538212,0.84604957973212,3699,2216,4521
FAILED,nan,nan,3187,0.5317847811747343,0.0329169382937252,662,3143,1663
FAILED,nan,nan,1574,0.2086924350783228,0.6805906215757132,1228,4324,3705
FAILED,nan,nan,2292,0.6684804929681122,0.2851423499602824,1172,3108,4380
FAILED,nan,nan,47,0.1087428184263408,0.7439814682994038,2469,2893,2460
FAILED,nan,nan,3949,0.3918521731272339,0.7260630460698158,4122,4649,917
FAILED,nan,nan,240,0.4989791481345892,0.2795747799538076,4542,3650,2538
FAILED,nan,nan,4726,0.6511032422762364,0.0981047991272062,1903,4564,2917
FAILED,nan,nan,1124,0.8475031723398715,0.1238305806647986,3985,2886,3875
FAILED,nan,nan,1669,0.8273020346313715,0.8404391225855797,2150,1655,2635
FAILED,nan,nan,4885,0.1430304623115807,0.5937014440353959,3268,1534,1605
FAILED,nan,nan,3695,0.8307388577163219,0.3111041845772415,2942,4474,3502
FAILED,nan,nan,3571,0.3381378900445997,0.8095939631257206,1577,1293,2270
FAILED,nan,nan,1262,0.0542499314080923,0.0637162939682602,615,3565,3281
FAILED,nan,nan,1087,0.7387223553713411,0.8991203400790692,1776,3701,1140
FAILED,nan,nan,1356,0.9175488099511712,0.4106892819162458,1558,1242,3058
FAILED,nan,nan,2560,0.9401217667441816,0.5920778773725033,2270,2096,1007
FAILED,nan,nan,4060,0.5114772835075855,0.7533627666868269,2575,2030,423
FAILED,nan,nan,1848,0.3181327075846493,0.3428780306559056,3286,4758,1282
FAILED,nan,nan,1979,0.5773894873354584,0.962548290843144,514,4771,4885
FAILED,nan,nan,2096,0.966932097895071,0.0605510795228183,2749,4277,119
FAILED,nan,nan,554,0.279047923957929,0.9724693600721658,3929,4102,3041
FAILED,nan,nan,4144,0.2220496618989855,0.9925529852323234,1959,3358,3921
FAILED,nan,nan,1786,0.7179901354126632,0.1830600159317255,4863,2393,2399
FAILED,nan,nan,2162,0.0690661509986966,0.4621093827728182,4306,1624,1200
FAILED,nan,nan,4412,0.6176355530694128,0.650761067179963,1266,2550,2795
FAILED,nan,nan,2675,0.4465459443200379,0.0925980827212333,3478,3993,4786
FAILED,nan,nan,4767,0.2522223794069141,0.3827080719843507,971,1881,3402
FAILED,nan,nan,358,0.1386247404534369,0.0041837822664529,1871,4985,2027
FAILED,nan,nan,3785,0.9012720565460622,0.2236596909780055,413,1429,4562
FAILED,nan,nan,2408,0.8085925676450133,0.6910539739765227,3381,3474,553
FAILED,nan,nan,1534,0.4131245171222836,0.9130929641779512,2688,2983,1797
FAILED,nan,nan,729,0.1794154167268425,0.5198487088102848,3758,3175,1319
FAILED,nan,nan,3810,0.3088619387131184,0.8905706062540412,3399,1211,2698
FAILED,nan,nan,3323,0.6349449503980577,0.3362147212680429,1814,2248,4725
FAILED,nan,nan,3123,0.0166254194881767,0.0518034079112112,2351,1767,3562
FAILED,nan,nan,2376,0.4034907058496028,0.4227744396533817,434,3849,2496
FAILED,nan,nan,4439,0.2124120881725102,0.4829271539412439,4921,4812,4620
FAILED,nan,nan,108,0.3324694885071367,0.104888060895726,2921,2054,725
FAILED,nan,nan,4199,0.5648983424305916,0.1390657375883311,4363,4361,3344
FAILED,nan,nan,3750,0.4873407399598509,0.5729964739829302,894,2849,4078
FAILED,nan,nan,1160,0.442339402936399,0.7600260686390102,2327,4520,3239
FAILED,nan,nan,952,0.9506632077209652,0.2595567040257155,3458,1256,1927
FAILED,nan,nan,3518,0.9928627770151944,0.0725267821997404,4603,1075,464
FAILED,nan,nan,1609,0.6142818525154143,0.4507848058138042,2617,3312,4339
FAILED,nan,nan,4319,0.0713239550925791,0.6385759887825697,494,2346,2116
FAILED,nan,nan,2024,0.2341748393923044,0.1708959210216999,3154,2518,3000
FAILED,nan,nan,773,0.5226919611245394,0.3446357946023345,2408,4187,626
FAILED,nan,nan,2700,0.8523193223252893,0.7896691157463938,180,3609,2959
FAILED,nan,nan,4548,0.7050116356294602,0.9814473890326916,1207,1592,859
FAILED,nan,nan,286,0.8417676721606404,0.6024491230826825,1635,4025,4422
FAILED,nan,nan,324,0.5442760394737124,0.8660247666612267,4472,2733,83
FAILED,nan,nan,2896,0.5260457862261683,0.5542372195459903,3721,4948,2210
FAILED,nan,nan,1402,0.262398944158107,0.703297006059438,4778,1471,4982
FAILED,nan,nan,3925,0.7975636398065835,0.3939842129275203,2034,3024,1512
FAILED,nan,nan,846,0.2889328976105899,0.4881785095967352,1691,2741,3742
FAILED,nan,nan,1295,0.6471475472562015,0.8007377529013902,3210,3803,3838
FAILED,nan,nan,3164,0.1264994384124875,0.8318113364335149,3028,4145,1067
FAILED,nan,nan,3204,0.7748798179626465,0.671964776135981,3950,1834,272
FAILED,nan,nan,2237,0.8959685461055488,0.924218681326136,4064,1917,3609
FAILED,nan,nan,2847,0.3757038617897779,0.9557631552834064,4663,2281,1452
FAILED,nan,nan,597,0.9337718981988729,0.1413895101007074,2227,3226,4849
FAILED,nan,nan,223,0.1924107127804309,0.8870238354951143,66,1405,4240
FAILED,nan,nan,2335,0.0132076168712228,0.5850357424244285,2517,4606,2574
FAILED,nan,nan,2582,0.7426781712211669,0.2024559801630675,3123,2939,2100
FAILED,nan,nan,4632,0.3212357904221862,0.5097156734559685,2130,4230,323
FAILED,nan,nan,1224,0.5917048665136099,0.7327244816664606,780,2159,3099
FAILED,nan,nan,4237,0.9550575232468546,0.8529717622995376,1437,4726,1704
FAILED,nan,nan,3476,0.0979647443871945,0.4194979037921876,3659,3732,876
FAILED,nan,nan,1041,0.0835113385505974,0.232285543853417,4410,3939,1756
FAILED,nan,nan,4122,0.4613528590872884,0.3534919973909854,2807,1696,2818
FAILED,nan,nan,4508,0.81396561470069,0.0112259246502071,3343,2495,4218
FAILED,nan,nan,2062,0.3745210524611175,0.821442366970703,1087,3401,1985
FAILED,nan,nan,11,0.7015786196123809,0.3894932001084089,3853,4391,595
FAILED,nan,nan,3011,0.8847500614207238,0.4533597704488784,794,4133,2758
FAILED,nan,nan,3886,0.6570938754882664,0.6137688928749412,4977,3518,3466
FAILED,nan,nan,4750,0.0588142758272588,0.7723168266303837,4264,3076,4822
FAILED,nan,nan,3436,0.2668084730841219,0.17639858777076,236,4903,3958
FAILED,nan,nan,2430,0.5060596242342145,0.0836219870373606,1387,1503,1342
FAILED,nan,nan,1414,0.9436730379480868,0.9777973246034236,4444,3187,4502
FAILED,nan,nan,654,0.1166713216826319,0.2947951194271445,345,4645,3077
FAILED,nan,nan,3401,0.5738682339694351,0.6080521538443864,2756,1179,937
FAILED,nan,nan,3891,0.4945136787332594,0.166263651670888,2496,2242,1643
FAILED,nan,nan,2454,0.3414088919013738,0.6344215492047369,3906,2702,3160
FAILED,nan,nan,404,0.7308109913561494,0.0776292300093919,1039,3842,4262
FAILED,nan,nan,2775,0.9139671007934956,0.0166867257356643,4238,4843,1435
FAILED,nan,nan,4745,0.8431971499305219,0.4476278291717172,1784,1794,384
FAILED,nan,nan,2038,0.5352755891513079,0.3956983257178217,3567,2042,2518
FAILED,nan,nan,4117,0.6278328206110746,0.9254436286501586,287,2822,2290
FAILED,nan,nan,1827,0.1864666631706059,0.241888345554471,2854,1287,3894
FAILED,nan,nan,1439,0.1533211758956313,0.3041819945741444,1923,1984,59
FAILED,nan,nan,3668,0.299952885903418,0.3633517594430596,4932,4347,289
FAILED,nan,nan,3441,0.8041275815628469,0.8589483448658138,1140,2378,3941
FAILED,nan,nan,1947,0.0463228558022528,0.8971425971332937,2202,4056,1399
FAILED,nan,nan,4242,0.1351039555352181,0.4288571460954845,3917,1081,3483
FAILED,nan,nan,2813,0.7134637343361974,0.2646667176391929,2182,3479,3421
FAILED,nan,nan,2616,0.4088180262651294,0.5191206265985966,603,1579,2775
FAILED,nan,nan,612,0.225539971685037,0.5751902624536306,4748,1945,573
FAILED,nan,nan,208,0.904542575083673,0.3286567778848112,2548,2525,1180
FAILED,nan,nan,4865,0.3543658858407288,0.9461479750350118,3075,4942,4157
FAILED,nan,nan,4001,0.9843193068206312,0.6657739326078445,3631,4172,2879
FAILED,nan,nan,832,0.6209674866013228,0.7952645732685923,4210,1464,1777
FAILED,nan,nan,3238,0.0648210900072008,0.1075825512893497,1470,3038,4543
FAILED,nan,nan,3930,0.1044363647475838,0.8255911424197256,4554,1806,3283
FAILED,nan,nan,4941,0.7342573469821364,0.5445886326488107,4017,2287,4681
FAILED,nan,nan,927,0.4754526491053402,0.6977905982341618,2643,3810,1906
FAILED,nan,nan,2502,0.5553055175524205,0.9908188909124584,1526,4244,3545
FAILED,nan,nan,1377,0.5850505366381258,0.0143924877420067,2297,2772,518
FAILED,nan,nan,2261,0.2010142465345561,0.3581299383062869,1585,3214,1833
FAILED,nan,nan,4553,0.384185465272516,0.2981011898070573,3687,2966,4035
FAILED,nan,nan,2930,0.3146118854880333,0.229592955134809,1240,1172,2898
FAILED,nan,nan,522,0.87101254699938,0.914343553442508,3199,4578,747
FAILED,nan,nan,1999,0.9252293518874796,0.6125382814221084,635,1374,2440
FAILED,nan,nan,3552,0.1596277790106832,0.644523146506399,2082,4695,4742
FAILED,nan,nan,4314,0.7683474481012672,0.0819135458115488,2975,3726,2681
FAILED,nan,nan,967,0.146301501346752,0.956485565930605,939,2636,2654
FAILED,nan,nan,1728,0.7850817653350532,0.2691872054915875,3806,3908,4926
FAILED,nan,nan,3715,0.6641744928658009,0.1489570473693311,3373,1709,1050
FAILED,nan,nan,2143,0.4366486367341131,0.1111244368068873,4500,4403,3665
FAILED,nan,nan,93,0.5150285324044526,0.6790316114816815,401,3429,3759
FAILED,nan,nan,2734,0.0497844248283654,0.4884154763352126,2661,2463,2227
FAILED,nan,nan,3089,0.8230564531423151,0.7271233525797725,4871,3063,1625
FAILED,nan,nan,339,0.365612923534587,0.4168130072839558,1991,1510,4400
FAILED,nan,nan,3806,0.5941133890412748,0.3261112882830203,919,4909,2177
FAILED,nan,nan,715,0.979877417817712,0.1973516306784004,1278,1956,3261
FAILED,nan,nan,1549,0.7472354861348868,0.370319656567648,168,1838,3722
FAILED,nan,nan,4801,0.5884048357643187,0.837752263057977,3451,3260,1472
FAILED,nan,nan,3302,0.8599831414185465,0.24862589276582,2011,3778,2326
FAILED,nan,nan,2394,0.102178921284154,0.0254953476116061,862,2333,4868
FAILED,nan,nan,382,0.9583275956436992,0.7167834872957319,4351,1125,2555
FAILED,nan,nan,3357,0.4542112245243043,0.8848204605747014,4333,3550,403
FAILED,nan,nan,3751,0.1888884704690426,0.5559180874135345,2894,2803,252
FAILED,nan,nan,3063,0.4796597816254944,0.4042499333340674,1299,4532,950
FAILED,nan,nan,125,0.1717534342464059,0.4410101748555898,3431,4285,3201
FAILED,nan,nan,4378,0.285350244121626,0.0707850923333317,3785,1332,2080
FAILED,nan,nan,2177,0.7793767365701496,0.7536016964446753,1827,2925,4221
FAILED,nan,nan,4178,0.9305322637557984,0.2858627975881099,4479,2135,895
FAILED,nan,nan,1772,0.379978449864313,0.6012670182846487,2382,3689,3119
FAILED,nan,nan,1009,0.5519513392560184,0.1575920916739851,2719,4731,4460
FAILED,nan,nan,3576,0.5025378652419895,0.4693112156670541,4096,2589,2838
FAILED,nan,nan,4337,0.4250107025839388,0.7882966687083244,692,3954,4584
FAILED,nan,nan,1099,0.0633720591887831,0.6590363928321749,1506,1663,687
FAILED,nan,nan,4605,0.7898974412959069,0.5663816480133682,155,4435,3380
FAILED,nan,nan,2555,0.1500206766985357,0.1289788861684501,4791,3398,4199
FAILED,nan,nan,1965,0.2700780770331621,0.2580052894782275,3035,989,614
FAILED,nan,nan,264,0.6613075690660626,0.9375963599830864,2061,2432,1966
FAILED,nan,nan,2953,0.969335385704413,0.9037602440137416,2586,1546,4842
FAILED,nan,nan,2215,0.6066041733156889,0.5259647717103362,4576,4070,1217
FAILED,nan,nan,1341,0.2418353942222893,0.867880659269169,4038,4868,2382
FAILED,nan,nan,3264,0.7194238961338997,0.7744163678642363,4690,4682,2717
FAILED,nan,nan,3182,0.3712819162085652,0.7471460683718324,3142,1998,3446
FAILED,nan,nan,788,0.2156816698145121,0.0889575545508414,2122,1216,1123
FAILED,nan,nan,1277,0.8565329787246883,0.6534535945542157,3096,2205,1300
FAILED,nan,nan,4026,0.3291689670030027,0.4677028772756457,54,3151,4706
FAILED,nan,nan,4919,0.9471414859071374,0.1852557674217969,749,2660,3582
FAILED,nan,nan,2869,0.1212361438442021,0.6191540024615825,4153,3883,3998
FAILED,nan,nan,166,0.3121929353494197,0.5360388988237828,1120,4797,1874
FAILED,nan,nan,1655,0.0211218175981193,0.3756336132083088,4670,2854,1947
FAILED,nan,nan,4297,0.5406928952299058,0.6908246343862265,2259,1319,4097
FAILED,nan,nan,4654,0.1761763027813285,0.9055330577753484,1703,2088,2939
FAILED,nan,nan,1904,0.6392200292274356,0.2229296457469463,3977,3661,706
FAILED,nan,nan,3615,0.8926684781778603,0.506827998533845,1394,3326,2135
FAILED,nan,nan,1062,0.4215453264899552,0.31743784705922,4295,2419,4359
FAILED,nan,nan,2278,0.4918985456284135,0.9976649618651718,3652,1753,102
FAILED,nan,nan,1862,0.5293158214446158,0.878037206241861,806,1039,3220
FAILED,nan,nan,4065,0.0355452557876706,0.188421190066263,3545,4466,445
FAILED,nan,nan,4490,0.6803495782259852,0.4099669288955629,2833,4019,1583
FAILED,nan,nan,71,0.8021209918987006,0.0394831999819725,4989,1616,2980
FAILED,nan,nan,439,0.0755985654741525,0.8064350234642624,2775,3447,3628
FAILED,nan,nan,2751,0.2588767241537571,0.8477656555417925,1950,2562,840
FAILED,nan,nan,2238,0.7057166207619011,0.8392712143585086,2839,4377,766
FAILED,nan,nan,4226,0.525815261574462,0.1063906165231019,1352,1050,4198
FAILED,nan,nan,1410,0.0545635692961514,0.5096104297786951,3694,3861,2230
FAILED,nan,nan,3523,0.2551356767509132,0.9484480500370264,3757,1930,3575
FAILED,nan,nan,3385,0.6686742649152875,0.442068235790357,3263,3322,2926
FAILED,nan,nan,1197,0.1273068463113159,0.9068447711132468,1859,1759,959
FAILED,nan,nan,3775,0.4256128680706024,0.5979956762455404,673,4950,4802
FAILED,nan,nan,4920,0.8335990066826343,0.797545395437628,277,4235,3142
FAILED,nan,nan,2967,0.0721140908375382,0.1426205872129649,2721,2806,3766
FAILED,nan,nan,206,0.1011001910194754,0.469325198462233,4041,4600,3316
FAILED,nan,nan,149,0.5979410528149456,0.7384818306602537,2255,2495,1954
FAILED,nan,nan,2001,0.8664836782068014,0.5628842566721142,1480,3691,3943
FAILED,nan,nan,1814,0.4044234049469232,0.7702322933860123,2031,2994,3063
FAILED,nan,nan,3998,0.9224002004098149,0.3603682209532708,3123,2058,1096
FAILED,nan,nan,955,0.6279924804493785,0.1776739341299981,4427,4028,4937
FAILED,nan,nan,3138,0.1723897053357213,0.7034208696074784,523,1214,1720
FAILED,nan,nan,3628,0.755389454063028,0.2116031197104603,2460,4824,2407
FAILED,nan,nan,1364,0.5509190150666982,0.279658978799358,13,1594,3748
FAILED,nan,nan,2489,0.2055163729060441,0.0713368234653025,877,2269,4588
FAILED,nan,nan,4670,0.746885724786669,0.5446718369722366,4156,2582,1527
FAILED,nan,nan,412,0.2319722684547305,0.618385429257527,4494,2965,3649
FAILED,nan,nan,2561,0.4726349392794072,0.3887365927714854,1595,4127,903
FAILED,nan,nan,2366,0.985599411085248,0.462459801249206,1943,3765,4273
FAILED,nan,nan,1324,0.2735513275116682,0.1381579405814409,1547,4474,2808
FAILED,nan,nan,3746,0.037619339114055,0.3219167787581682,986,1298,1467
FAILED,nan,nan,932,0.5088767475709319,0.7930842675436288,3952,3486,4685
FAILED,nan,nan,1069,0.4072124604526907,0.2856728996299207,3381,2396,4002
FAILED,nan,nan,3259,0.8862001425288618,0.8137343966718763,1664,2710,2035
FAILED,nan,nan,4697,0.6160750363208354,0.4260952856577933,4923,4854,1821
FAILED,nan,nan,3962,0.1442662898935377,0.2211818837188184,4069,4333,161
FAILED,nan,nan,236,0.816921237790957,0.1119481799639761,2526,1858,3006
FAILED,nan,nan,3057,0.353458769198507,0.5196447202395648,2372,3419,1195
FAILED,nan,nan,38,0.3205733838491141,0.8487953725960106,1191,3969,1644
FAILED,nan,nan,2844,0.8542067459318787,0.2506195378415286,3845,1157,4706
FAILED,nan,nan,4953,0.1158288805801421,0.6560442401077599,1285,2116,2833
FAILED,nan,nan,2147,0.5870882223136723,0.1938611526601016,3626,3054,1021
FAILED,nan,nan,1705,0.1849483123011887,0.3909762668199837,2928,3632,1900
FAILED,nan,nan,3891,0.6405453712362796,0.9891185369174929,2149,1446,3867
FAILED,nan,nan,3480,0.5383509108796716,0.5910709144268185,2808,4187,2635
FAILED,nan,nan,1531,0.7703845677357167,0.8981749445591122,4737,2212,1290
FAILED,nan,nan,4340,0.3069240324199199,0.4975136091783643,209,2523,4508
FAILED,nan,nan,4464,0.9639223607182504,0.1654143827557563,760,3216,3512
FAILED,nan,nan,2286,0.4849366119187325,0.7000847600121051,4352,1652,451
FAILED,nan,nan,2667,0.1908029264882207,0.7579743202347309,3194,4765,4138
FAILED,nan,nan,2708,0.5017937145270407,0.3416035291757434,2294,2894,3183
FAILED,nan,nan,4504,0.2811178916357457,0.7470385688953102,4690,3815,3809
FAILED,nan,nan,2323,0.8000692964736372,0.149657591542229,161,1002,1997
FAILED,nan,nan,4301,0.9936875137649476,0.9139388888962566,4304,4510,2969
FAILED,nan,nan,3443,0.2234006421305239,0.0095064516644924,1743,3469,4843
FAILED,nan,nan,631,0.6956250699926168,0.606494602072984,3147,1280,1625
FAILED,nan,nan,1120,0.345435386672616,0.1003275077436119,3873,2683,2190
FAILED,nan,nan,3304,0.8254052718114108,0.5000797959938645,1220,2369,4158
FAILED,nan,nan,2188,0.1512846027836203,0.6405012228190899,2177,4914,1349
FAILED,nan,nan,2881,0.4142612596284598,0.8331509921252728,355,1816,2537
FAILED,nan,nan,276,0.3813610921483487,0.5351973574385047,1714,1110,4548
FAILED,nan,nan,3094,0.9159614699184896,0.0652175604347139,3431,3922,1487
FAILED,nan,nan,1917,0.6490865112747997,0.3792633029464632,4119,2181,2672
FAILED,nan,nan,3923,0.5795216581895948,0.6755550307482481,132,3634,2364
FAILED,nan,nan,3218,0.3276564168930054,0.2701273858118802,2576,4638,490
FAILED,nan,nan,892,0.1983123845942318,0.3688680911120027,560,4175,3104
FAILED,nan,nan,1283,0.9569040478281676,0.7119195500575006,3004,2555,4980
FAILED,nan,nan,4098,0.4924764968249946,0.1847689962442964,1912,2243,1762
FAILED,nan,nan,2403,0.2984095121137798,0.8866181578375399,3546,3271,3359
FAILED,nan,nan,450,0.5463742934055626,0.0445674275886267,956,4688,3983
FAILED,nan,nan,2521,0.7811910739541054,0.9601275849547236,2644,3527,1856
COMPLETED,0.84,12705.0,35,0.9834163764659316,0.1797523171380162,563,3,1125
FAILED,nan,nan,177,0.4620660020895302,0.6985412114840001,17,1094,3574
FAILED,nan,nan,1804,0.1910147801488638,0.9400233648214488,3133,1298,2666
FAILED,nan,nan,1421,0.8385420084297657,0.2750638776216656,3947,3041,3499
FAILED,nan,nan,2529,0.7786573884934187,0.7509300438109785,4513,1981,1700
FAILED,nan,nan,4542,0.4479105922598392,0.296384414114058,3405,2107,3063
FAILED,nan,nan,3278,0.3643328294940293,0.3494529762882739,4415,2818,1123
FAILED,nan,nan,67,0.1869929391834885,0.1995140777602791,4220,1713,1079
FAILED,nan,nan,3035,0.6796325714588165,0.5654746670722961,232,2765,3988
FAILED,nan,nan,1247,0.8609299190454185,0.9805065701734276,974,1656,3797
FAILED,nan,nan,1733,0.8988469989262521,0.5891330313701183,4962,2318,3316
FAILED,nan,nan,2833,0.9673660487942396,0.0665084278453141,4122,3159,1522
FAILED,nan,nan,1156,0.0415636984407901,0.6140842772182077,2178,1948,4451
FAILED,nan,nan,2083,0.6030109472200275,0.7239631841722876,2839,1641,4940
FAILED,nan,nan,2463,0.4845062561705708,0.0629059415403753,4903,3382,3901
FAILED,nan,nan,2812,0.2835317297447473,0.150506315793842,1906,1019,4833
FAILED,nan,nan,3835,0.6914434530064464,0.3245592937525361,2257,3198,2254
FAILED,nan,nan,3619,0.8846155146602541,0.4374665029160678,1573,1362,2577
FAILED,nan,nan,2717,0.6190832101460546,0.2518957569636404,1247,2597,4195
FAILED,nan,nan,3589,0.4285341866537928,0.538768434504047,4180,2541,695
FAILED,nan,nan,2158,0.2996958735026419,0.8720738471020013,4045,1758,4324
FAILED,nan,nan,4144,0.5059015630669892,0.5094937240015716,1397,2164,2061
FAILED,nan,nan,848,0.231002765532583,0.3044037953149527,1788,3414,4868
FAILED,nan,nan,650,0.3871734716761857,0.8034380654320121,2565,2907,2363
FAILED,nan,nan,4342,0.8448115270230919,0.0103978994712233,3113,2448,4537
FAILED,nan,nan,1049,0.5210168540496379,0.4816019913181663,4551,1151,1322
FAILED,nan,nan,2609,0.0693489828668534,0.6496007275450975,3620,1419,2319
FAILED,nan,nan,3393,0.0195524133536964,0.8485402479283511,1149,3107,3609
FAILED,nan,nan,272,0.6275216755345464,0.8311181600894779,1847,2289,2956
FAILED,nan,nan,578,0.563077216271311,0.0185361920576542,2081,2854,2767
FAILED,nan,nan,4432,0.1698852058462798,0.7953573566060513,2316,2505,569
FAILED,nan,nan,468,0.7879863917473704,0.5174479073062539,3484,3467,242
FAILED,nan,nan,4768,0.4143379605207592,0.8420303598437459,4949,1227,2166
FAILED,nan,nan,2685,0.2259818545952439,0.916019813977182,4343,2897,3093
FAILED,nan,nan,1265,0.1573089010342955,0.4245597936883569,4754,2152,2393
FAILED,nan,nan,963,0.3268681986238807,0.1151180268377065,3582,2233,1917
FAILED,nan,nan,3084,0.8737484225258231,0.3602165767773986,3517,1141,3223
FAILED,nan,nan,3745,0.5755970954298973,0.6368536465540529,4675,3429,4586
FAILED,nan,nan,4864,0.2592022145148366,0.6065551154911518,3015,3252,2622
FAILED,nan,nan,3344,0.4573403694182634,0.0849526539221406,2598,1675,4095
FAILED,nan,nan,625,0.2156582604367286,0.6815628952179104,2716,2605,3853
FAILED,nan,nan,3991,0.3122174182534218,0.4691213130615652,1463,2337,3638
FAILED,nan,nan,2355,0.0547633706498891,0.7614154838975519,1345,1506,3411
FAILED,nan,nan,4895,0.8938244223967194,0.1948329662196338,2419,1805,4037
FAILED,nan,nan,304,0.0303615211304277,0.4922476154584437,3731,2753,4373
FAILED,nan,nan,4618,0.6415862157847733,0.1794612288773059,4689,1497,3700
FAILED,nan,nan,1529,0.652462166601792,0.5414559139814228,2303,972,4258
FAILED,nan,nan,342,0.7186114737987518,0.2839797136299312,265,1380,1978
FAILED,nan,nan,2431,0.8556184933241456,0.6444323596488685,519,2098,2797
FAILED,nan,nan,116,0.3692999916225671,0.991273795556277,2029,3123,1838
FAILED,nan,nan,2112,0.919578506918624,0.4594979888852685,909,3264,2926
FAILED,nan,nan,4028,0.9090126016270368,0.8234642574042081,3347,2692,4740
FAILED,nan,nan,1895,0.76358834929578,0.2249983168281615,1437,1242,2445
FAILED,nan,nan,4386,0.5484282966796309,0.3798505357299,2950,2969,1671
FAILED,nan,nan,3709,0.2050944966208189,0.0398567322678864,290,2037,3171
FAILED,nan,nan,4185,0.1520282738972455,0.1589192712251097,3244,3282,646
FAILED,nan,nan,3806,0.7527813755590469,0.6171968507710844,3992,1542,514
FAILED,nan,nan,1000,0.9547914095744492,0.7169818052314222,1696,2809,832
FAILED,nan,nan,2960,0.5240949743818492,0.8591818902622909,2126,1728,719
FAILED,nan,nan,147,0.9727970569711178,0.3320308717191219,2624,1892,441
FAILED,nan,nan,2306,0.5108703907877207,0.1453975076898932,3796,2466,291
FAILED,nan,nan,806,0.6160050972495228,0.902498070890084,3633,2073,3470
FAILED,nan,nan,1684,0.4115020314212888,0.4409356451816857,2354,1584,191
FAILED,nan,nan,1774,0.2561219601426273,0.2356437885370105,617,2731,4402
FAILED,nan,nan,1120,0.6767945334147661,0.218076276468113,2775,3067,3346
FAILED,nan,nan,1577,0.0965191823132336,0.7347305545508862,3894,3207,1888
FAILED,nan,nan,1074,0.79802503115125,0.0550564888510853,3865,2145,2887
FAILED,nan,nan,4986,0.8659518142808229,0.5460101839844137,4548,2877,2342
FAILED,nan,nan,896,0.2941635783594101,0.5048264130819589,4460,1326,2814
FAILED,nan,nan,530,0.8816044604387134,0.7828923825044185,4167,1011,4464
FAILED,nan,nan,1350,0.0663303210157901,0.8384812747295946,1882,2803,3814
FAILED,nan,nan,2543,0.5562254328578711,0.7135544347539544,3982,1206,2645
FAILED,nan,nan,512,0.0625600383803248,0.082500008072704,470,3270,2432
FAILED,nan,nan,3434,0.6402883337400853,0.4514367894232273,4285,1929,4692
FAILED,nan,nan,4300,0.4972712487839162,0.6579541064538061,2478,3025,3142
FAILED,nan,nan,5,0.4011260222289711,0.2678225891534239,4782,2486,4519
FAILED,nan,nan,1458,0.4450746705960482,0.923471882579848,851,2412,4916
FAILED,nan,nan,4971,0.2035910923965275,0.3430036127753555,734,1594,4670
FAILED,nan,nan,1593,0.9625884918440132,0.3762405375298112,196,1044,4853
FAILED,nan,nan,4707,0.73762520971708,0.6939197489637882,3185,2390,1552
FAILED,nan,nan,2263,0.726408622989431,0.6227865131106227,1590,3144,3587
FAILED,nan,nan,3552,0.7907544665541499,0.1378811966758221,1085,2953,2090
FAILED,nan,nan,1857,0.4753206304758787,0.5244459895715118,2745,2053,1721
FAILED,nan,nan,1331,0.9947755878902972,0.0424820048511028,3380,1453,1793
FAILED,nan,nan,3641,0.6705290681961924,0.1001657463964074,2429,2344,1632
FAILED,nan,nan,2002,0.6961674126498402,0.9584638061374426,4812,2674,392
FAILED,nan,nan,2066,0.8254420105740428,0.8115316760912538,3702,2612,871
FAILED,nan,nan,3921,0.5980421120636165,0.1182928370274603,401,1279,3039
FAILED,nan,nan,4607,0.2337785204667598,0.240258971625939,2550,1134,1498
FAILED,nan,nan,4589,0.8337651996947825,0.8787626376338303,1560,3339,4146
FAILED,nan,nan,2018,0.3615029149297625,0.1644480204787105,1154,1386,2754
FAILED,nan,nan,3871,0.0873367530312389,0.9680871173013,2852,1858,1172
FAILED,nan,nan,691,0.7658388924486935,0.4034026925005018,1931,2553,946
FAILED,nan,nan,3151,0.1764291679318994,0.5840408791881054,1834,1194,1569
FAILED,nan,nan,422,0.4332598118893802,0.1825904583521187,1638,2020,1347
FAILED,nan,nan,2989,0.0367852241136133,0.2276995969265699,4577,2243,2592
FAILED,nan,nan,3827,0.1842258393801748,0.2598679875917732,21,2932,2553
FAILED,nan,nan,2633,0.34648136555776,0.8148828959167004,2921,2397,3259
FAILED,nan,nan,2944,0.4065408708155155,0.0023048093095421,3155,2962,3677
FAILED,nan,nan,4479,0.7054956937134266,0.8561470297835767,80,1870,4625
FAILED,nan,nan,1946,0.5411120770107954,0.3126196634154767,1980,2000,3385
FAILED,nan,nan,2292,0.7957830520421266,0.3267684099469334,4660,1706,4346
FAILED,nan,nan,753,0.9869789759274572,0.8637361528296024,4724,3213,2680
FAILED,nan,nan,4209,0.7829578638859093,0.955950254637748,2097,1187,3631
FAILED,nan,nan,4672,0.9260115128662436,0.357181063817814,4313,2263,2129
FAILED,nan,nan,3134,0.760578459687531,0.2893867631182074,2824,3303,3919
FAILED,nan,nan,979,0.1043158444669097,0.4215396279711276,3038,1473,3487
FAILED,nan,nan,1321,0.3793768058046698,0.1032796286288648,4366,1172,3323
FAILED,nan,nan,3438,0.9456306692399084,0.5990711264461279,3214,1837,4107
FAILED,nan,nan,4409,0.3840919913463294,0.7391628794111311,1765,1748,4014
FAILED,nan,nan,1796,0.6845916733108461,0.875335259720683,4119,1333,2376
FAILED,nan,nan,4789,0.5162983047924936,0.0469752427972853,938,3492,4809
FAILED,nan,nan,3534,0.1442311321422457,0.9967417581304908,4900,1549,4765
FAILED,nan,nan,1669,0.1271214673873037,0.025411065114662,1648,2559,4256
FAILED,nan,nan,4134,0.1195357461646199,0.5739332599155604,1036,2211,2975
FAILED,nan,nan,4258,0.2800845803599804,0.0748466426152736,4646,1922,501
FAILED,nan,nan,3101,0.5888348689898849,0.1676381779108196,2986,2128,2294
FAILED,nan,nan,1553,0.2863664923720062,0.3395153217762708,3605,3087,1308
FAILED,nan,nan,288,0.9117819005325436,0.6343400876186788,2234,1526,1391
FAILED,nan,nan,203,0.2478563018031418,0.766917861584574,861,2092,2005
FAILED,nan,nan,3322,0.605839257536456,0.7884820522796363,1413,3018,1435
FAILED,nan,nan,3064,0.1957939450647682,0.5012773354034871,2371,3359,1211
FAILED,nan,nan,3722,0.4894741683732718,0.497776372147724,665,1259,2232
FAILED,nan,nan,2378,0.8894015482850373,0.1236998790800571,2686,2747,1063
FAILED,nan,nan,2132,0.0225643830932676,0.6634220615923405,4450,990,259
FAILED,nan,nan,1701,0.5288134622946381,0.6741855040732772,3552,2914,2838
FAILED,nan,nan,3781,0.5380386857707053,0.9075450652614236,4385,2520,3949
FAILED,nan,nan,4830,0.1376938342843204,0.6292325881943107,4093,1988,3726
FAILED,nan,nan,909,0.0093732786457985,0.9664508040249348,3917,2297,1259
FAILED,nan,nan,721,0.3589943815842271,0.4673636216130107,320,1822,3784
FAILED,nan,nan,355,0.9406032966971396,0.2428993535097688,652,2355,3538
FAILED,nan,nan,4102,0.7235810515936464,0.2197130897939205,4152,2838,4078
FAILED,nan,nan,446,0.1568121660463512,0.3442897018324584,2482,1249,2902
FAILED,nan,nan,4759,0.9595689088981598,0.777342373713851,2810,1398,3107
FAILED,nan,nan,4516,0.0771460688542574,0.4443020988553762,4483,3152,3210
FAILED,nan,nan,475,0.6596597500052304,0.7418657061308622,4875,1765,1034
FAILED,nan,nan,1230,0.1988118698541075,0.153872776903212,4933,3061,1770
FAILED,nan,nan,828,0.8307448722515255,0.5687802392616867,2947,1305,1910
FAILED,nan,nan,2592,0.9975496772322804,0.4772305832616985,2266,2646,4655
FAILED,nan,nan,3857,0.3721299675311893,0.5566556092202664,3728,1083,4602
FAILED,nan,nan,161,0.5952138630915433,0.4321812833175063,4015,3375,900
FAILED,nan,nan,1910,0.1791963253617286,0.8937796549592167,2595,3446,4490
FAILED,nan,nan,626,0.5512652007825672,0.0697529438119381,1525,1564,4376
FAILED,nan,nan,2790,0.6493828277476132,0.9763177824039012,3377,3231,2178
FAILED,nan,nan,2908,0.808842444581911,0.6665497444458306,1251,2498,4779
FAILED,nan,nan,2485,0.5708738189395517,0.8258559938855469,1061,1115,1862
FAILED,nan,nan,2419,0.2694575203228742,0.7088720145337284,2032,2282,2480
FAILED,nan,nan,3484,0.3340949521977454,0.2018448937200009,1349,3178,3024
FAILED,nan,nan,3166,0.3982967852409929,0.8862628067173064,2208,2184,2505
FAILED,nan,nan,4045,0.0273494900465011,0.0577426596488803,1993,1342,2078
FAILED,nan,nan,2103,0.4542693306412548,0.3948065637536347,1797,2861,1956
FAILED,nan,nan,3983,0.812616814982146,0.4085719610434025,1101,2044,1483
FAILED,nan,nan,3261,0.6992400593925268,0.5198396363519132,926,1434,3155
FAILED,nan,nan,561,0.4923033979255706,0.8431941152438521,3279,1620,418
FAILED,nan,nan,1825,0.868726588634774,0.1750898282565176,2130,3393,323
FAILED,nan,nan,4879,0.6718355142846704,0.2783083861526101,1700,1026,602
FAILED,nan,nan,1027,0.4192991787530482,0.652784330425784,710,3321,4285
FAILED,nan,nan,47,0.7557912038229406,0.9312157188784332,418,3007,3434
FAILED,nan,nan,4559,0.1178923699222505,0.8241703671831637,4150,1687,2724
FAILED,nan,nan,4961,0.98180584083125,0.3975026342291385,3714,3444,3440
FAILED,nan,nan,2892,0.3062846392747014,0.9295242310017348,4834,3298,2422
FAILED,nan,nan,2100,0.9568954698424786,0.131862998470664,4599,2061,4596
FAILED,nan,nan,1830,0.3748034065868705,0.407371495693922,4268,2621,3122
FAILED,nan,nan,481,0.1628389654736965,0.9780456437654792,1543,2715,3667
FAILED,nan,nan,174,0.0988810524586588,0.1649751739017665,2402,2425,3152
FAILED,nan,nan,3969,0.3178594166226685,0.1729193655122071,2797,2885,3843
FAILED,nan,nan,2404,0.7715965481642634,0.9405428929552436,4365,3082,4721
FAILED,nan,nan,4176,0.9321920254472644,0.1045075966976583,1204,1743,2464
FAILED,nan,nan,4368,0.7151101220287382,0.6034817288983614,4483,1125,4999
FAILED,nan,nan,2775,0.153624683599919,0.7445633306633681,541,2349,4392
FAILED,nan,nan,1519,0.4355950325597078,0.7209545418992639,4658,2741,2602
FAILED,nan,nan,906,0.5129478015806526,0.6996085149683058,2500,3275,4046
FAILED,nan,nan,1149,0.3956079394575208,0.0229572843946516,423,1521,4775
FAILED,nan,nan,3611,0.5544526832289993,0.9642783262114972,833,1789,2897
FAILED,nan,nan,3015,0.2514055523611605,0.300154094459489,3879,1490,1658
FAILED,nan,nan,2221,0.114750631775707,0.2098461318630725,3454,1913,4985
FAILED,nan,nan,1022,0.9141395741663874,0.8884678546655923,2874,2480,1642
FAILED,nan,nan,2512,0.6565142642762511,0.3469799111336469,3070,1553,1264
FAILED,nan,nan,1626,0.8153017942123115,0.5554472713451832,1816,1394,1244
FAILED,nan,nan,3492,0.8275689002368599,0.465182724751532,4737,2405,421
FAILED,nan,nan,1745,0.535334819914773,0.056543034531176,2581,996,3719
FAILED,nan,nan,4085,0.2200148120056838,0.4865853706635534,1953,1861,1867
FAILED,nan,nan,3562,0.0125187643747776,0.0675731102526187,3363,1210,1020
FAILED,nan,nan,50,0.2540752438344061,0.6638809424657375,3168,2139,637
FAILED,nan,nan,1215,0.7018984188903123,0.3894414347670972,1485,2084,4175
FAILED,nan,nan,1992,0.4773508442230522,0.7790606300365179,2148,1052,1469
FAILED,nan,nan,1397,0.7182518601752818,0.4853565623629838,2537,2226,2728
FAILED,nan,nan,4530,0.5740651679392904,0.2081521530337631,1621,2202,841
FAILED,nan,nan,3180,0.8922582312952727,0.6540120605528355,3877,2957,301
FAILED,nan,nan,3776,0.0349590816590935,0.6720063843391836,1718,3498,1357
FAILED,nan,nan,588,0.3452716548703611,0.2132323895394802,4711,1310,4114
FAILED,nan,nan,4640,0.7926108276098967,0.7071872280631214,2699,1918,3336
FAILED,nan,nan,2587,0.4954793699402362,0.2455906409844756,3818,1846,1897
FAILED,nan,nan,3336,0.1036047704424709,0.5523023563046008,4984,2123,3872
FAILED,nan,nan,1674,0.6293475819062442,0.2615607767123729,4437,3455,1691
FAILED,nan,nan,4018,0.1278780477698892,0.8779996913801879,957,1035,3391
FAILED,nan,nan,3048,0.6890818226616829,0.7681198661196977,4028,2436,3489
FAILED,nan,nan,1897,0.6744900072291493,0.6309500042852014,1010,2564,2081
FAILED,nan,nan,4912,0.5403554966282099,0.6612066352944821,38,1350,4239
FAILED,nan,nan,1556,0.7817329844124615,0.07214938243106,313,2274,4017
FAILED,nan,nan,799,0.9468403799273074,0.4994597309678793,3753,1626,3243
FAILED,nan,nan,3677,0.3558373259380459,0.5666066832747311,2285,1610,3555
FAILED,nan,nan,2180,0.1403977001402527,0.2800336301550269,3539,1338,3965
FAILED,nan,nan,2715,0.9437603523433208,0.8458928030785173,1367,1268,3778
FAILED,nan,nan,4283,0.3825490302368998,0.9854977123681457,3655,2259,4344
FAILED,nan,nan,4686,0.4227762948554009,0.1248991547208279,2103,3091,4421
FAILED,nan,nan,3295,0.7395082202479243,0.1551063087191432,600,3350,2787
FAILED,nan,nan,708,0.8533482307493687,0.200635842019692,3266,2663,1542
FAILED,nan,nan,3094,0.0935637469738721,0.4304977980908006,931,3010,4887
FAILED,nan,nan,2372,0.3853168708197772,0.3593522403873503,1230,1960,3618
FAILED,nan,nan,1272,0.278871003119275,0.9532613465804608,2685,1697,2146
FAILED,nan,nan,4836,0.6341262978930027,0.8964686745516955,2012,2938,975
FAILED,nan,nan,324,0.8403336511906236,0.8136563554983586,2338,1827,2245
FAILED,nan,nan,371,0.4393738829568028,0.4789500292930752,2933,3223,1142
FAILED,nan,nan,1178,0.0826875693686306,0.7857837139219046,3330,3369,3073
FAILED,nan,nan,1944,0.0477259740885347,0.0457471483219414,4105,2923,666
FAILED,nan,nan,2343,0.9272250901069492,0.7413423486221582,3603,1163,494
FAILED,nan,nan,4241,0.7763224076237529,0.3377899662386626,1771,2777,2946
FAILED,nan,nan,4805,0.0218571756221354,0.3104121096432209,2646,2528,2373
FAILED,nan,nan,3813,0.6852988807819783,0.0280833098143339,3564,1996,272
FAILED,nan,nan,3455,0.4501810909174382,0.8664061445184053,390,2651,1819
FAILED,nan,nan,4710,0.826179644845426,0.1622415448799729,4242,1088,1735
FAILED,nan,nan,4575,0.3320415735207498,0.6471205464452505,4857,2457,1780
FAILED,nan,nan,4484,0.2105674531832337,0.6239952153339982,3506,2834,1946
FAILED,nan,nan,3648,0.1678080348540097,0.367371621588245,3969,3239,4314
FAILED,nan,nan,1363,0.569044498661533,0.5712454300317913,4202,1907,1493
FAILED,nan,nan,2744,0.500371262544766,0.0802876750174909,4886,2707,3287
FAILED,nan,nan,2247,0.2325344569403678,0.8583254356924445,4496,2221,1113
FAILED,nan,nan,527,0.5574656298309565,0.3146218455806374,3428,2307,4750
FAILED,nan,nan,3403,0.7987665319759398,0.9187246343884616,3155,1482,4523
FAILED,nan,nan,864,0.1429909351691603,0.1018499454483389,3096,1774,2651
FAILED,nan,nan,3903,0.4745829962044954,0.3789117189273238,4534,1403,866
FAILED,nan,nan,1470,0.1207301988378167,0.4542272084467113,1595,1110,4612
FAILED,nan,nan,2054,0.320870697632432,0.5447731945775449,215,3398,3201
FAILED,nan,nan,206,0.7422743952386082,0.5034510029256344,3038,3055,4567
FAILED,nan,nan,1076,0.6371447218023241,0.5828381533920765,3750,1717,2587
FAILED,nan,nan,4317,0.9921040821112692,0.9212935956418514,3939,2116,929
FAILED,nan,nan,694,0.271073917131871,0.1400931728184223,4174,3462,3736
FAILED,nan,nan,1872,0.9711737579926848,0.760465963434428,1171,2866,4205
FAILED,nan,nan,4993,0.3622290090266615,0.8093173130955547,1869,2049,4858
FAILED,nan,nan,3933,0.9618623977471144,0.5271093430574983,2161,2582,2738
FAILED,nan,nan,2453,0.7043012410402298,0.2424290700219571,1888,1645,2980
FAILED,nan,nan,416,0.935022177953273,0.4142625190466642,4466,2902,3978
FAILED,nan,nan,3420,0.1356747192181646,0.2158964503444731,2113,2770,2490
FAILED,nan,nan,2005,0.2004016171880066,0.6912565144486725,1274,1806,3034
FAILED,nan,nan,18,0.9047800177056342,0.0044845164623111,1322,3313,2032
FAILED,nan,nan,1571,0.6012315872721374,0.9703018372096122,2191,2366,4684
FAILED,nan,nan,4127,0.621095898926258,0.836763144813478,2548,3148,450
FAILED,nan,nan,1059,0.3012618285212666,0.2866961894687265,2240,3000,559
FAILED,nan,nan,37,0.0399288360513746,0.8609097441881896,2792,1156,4707
FAILED,nan,nan,400,0.0077950389552861,0.7123270541038365,820,1572,1628
FAILED,nan,nan,3006,0.5325588270388544,0.4949378321953118,1820,3111,233
FAILED,nan,nan,1855,0.0904842315223068,0.1204991936553269,4818,1632,1557
FAILED,nan,nan,4691,0.2408119872715324,0.9567781868707388,401,3190,3755
FAILED,nan,nan,4888,0.3925874316990375,0.457804842852056,3997,2687,1289
FAILED,nan,nan,2641,0.2183641190547496,0.2822962358389049,4681,1067,3467
FAILED,nan,nan,3886,0.5909189421515911,0.7359676629286259,732,2630,3529
FAILED,nan,nan,3113,0.97400870093517,0.6963354422748089,4433,1680,1929
FAILED,nan,nan,1920,0.8969834113195538,0.839366285096854,615,1579,3651
FAILED,nan,nan,103,0.8705743837878108,0.7283319033011794,4076,2241,4088
FAILED,nan,nan,2886,0.8183830366004259,0.9939724908266216,2617,2827,2699
FAILED,nan,nan,3475,0.6132992386315018,0.007026632124558,4349,1410,3866
FAILED,nan,nan,2574,0.8789290881063789,0.1809059023875743,3476,2535,2829
FAILED,nan,nan,230,0.3130736209396273,0.3619360153730959,1683,1665,2212
FAILED,nan,nan,1015,0.4605144081562757,0.9492613386288286,4408,1900,3240
FAILED,nan,nan,3996,0.806563616104424,0.2368717640414834,4955,3246,1044
FAILED,nan,nan,2034,0.7344777312260121,0.3403320744652301,3900,1290,1156
FAILED,nan,nan,1759,0.749603470267728,0.471328509921208,3301,1754,2149
FAILED,nan,nan,1652,0.3090584293305874,0.6194123960398138,909,1236,4033
FAILED,nan,nan,3536,0.2968389506917447,0.4046372950542718,2520,1975,4460
FAILED,nan,nan,4467,0.8583091534134001,0.2650167039167136,2465,1449,4911
FAILED,nan,nan,1456,0.9390437679644674,0.6567457611430436,3066,3390,2284
FAILED,nan,nan,2321,0.0155917066857218,0.3815757722966373,2289,3334,2534
FAILED,nan,nan,144,0.4695541727747768,0.06527453911677,960,2815,3005
FAILED,nan,nan,609,0.712098390230909,0.91334994125925,1182,3405,1454
FAILED,nan,nan,4192,0.6551223998907953,0.4223884981479496,342,2510,3404
FAILED,nan,nan,1253,0.6615341946333647,0.1577196386717259,1332,2993,4789
FAILED,nan,nan,4382,0.0521031373608857,0.1480944109614938,635,2169,4275
FAILED,nan,nan,3232,0.4823796100262552,0.7148082566801459,3535,3168,4975
FAILED,nan,nan,3739,0.0714709789231419,0.9037247302792968,1722,2589,1985
FAILED,nan,nan,2125,0.4175158658120781,0.1921606025490909,3007,2314,520
FAILED,nan,nan,4222,0.1600108930990099,0.5392768016830086,2969,1503,279
FAILED,nan,nan,2689,0.7212679595053196,0.6798724780790508,2055,2029,333
FAILED,nan,nan,969,0.8230984638016671,0.3511363425441086,4,3128,4635
FAILED,nan,nan,4419,0.6643108762390911,0.5597863156069071,3789,3291,2858
FAILED,nan,nan,1171,0.5431314281597733,0.8502318547759206,4238,2762,2120
FAILED,nan,nan,4160,0.0047221542708575,0.7767012573499232,4707,2977,4509
FAILED,nan,nan,4818,0.2984879771210253,0.2261975850332528,3354,1533,3303
FAILED,nan,nan,926,0.4277983666881919,0.4347759367022663,3489,1003,1716
FAILED,nan,nan,3582,0.9243948762565852,0.8017105609830469,1904,3477,3375
FAILED,nan,nan,2849,0.4632889482863247,0.329817705867812,1962,2195,3804
FAILED,nan,nan,2280,0.6422952970471233,0.7941214379370213,2904,2160,3929
FAILED,nan,nan,4042,0.4127288441713899,0.5874159721918404,550,1796,2461
FAILED,nan,nan,4732,0.604249270401895,0.3743692428413778,4804,1852,2670
FAILED,nan,nan,723,0.2058492032121867,0.933741575498134,2080,1374,4183
FAILED,nan,nan,387,0.6183285035546869,0.6517744025029242,1786,1058,3175
FAILED,nan,nan,850,0.7320834731198848,0.0371653258223086,4629,2600,2313
FAILED,nan,nan,1299,0.0568202301543206,0.5111786294430495,3236,2473,3706
FAILED,nan,nan,3203,0.0427561583518981,0.4842637981828302,218,1736,2961
FAILED,nan,nan,3840,0.1897764569669962,0.0883807949218899,3848,2385,4926
FAILED,nan,nan,3759,0.9000548953078688,0.439210282208398,3021,1217,4327
FAILED,nan,nan,2915,0.6263292156234384,0.1973017372693866,1136,1202,4435
FAILED,nan,nan,2388,0.170636045884341,0.1782331418376416,355,980,2059
FAILED,nan,nan,259,0.1326010863184928,0.5642473180238158,4570,3075,471
FAILED,nan,nan,3264,0.859706972848624,0.1177806739341467,1670,1881,3558
FAILED,nan,nan,1969,0.5783376665879041,0.1096994278803467,3138,3202,4136
FAILED,nan,nan,1409,0.3426120331659913,0.0120917593296617,2452,2104,1181
FAILED,nan,nan,2533,0.2740937417373061,0.5186507446374744,1572,2945,4227
FAILED,nan,nan,453,0.284256009535864,0.7531028785370291,101,2544,2563
FAILED,nan,nan,2731,0.1256894559096545,0.0197451247870922,2669,3424,1750
FAILED,nan,nan,2478,0.9890325906872748,0.2951552489008754,1494,2418,1425
FAILED,nan,nan,3692,0.7073130341824144,0.3026839923709631,3627,2891,881
FAILED,nan,nan,2162,0.8037341448925436,0.6087345921378583,2354,2722,1603
FAILED,nan,nan,3313,0.3256565546598285,0.9831765544265508,4141,1146,437
FAILED,nan,nan,502,0.7793932084590197,0.1526860303822904,2572,1318,690
FAILED,nan,nan,1727,0.4034050867892801,0.8207753567826003,1435,3254,754
FAILED,nan,nan,1968,0.2820396500602364,0.6484240266270935,2913,2844,3596
FAILED,nan,nan,3380,0.350801549218595,0.1257880316413939,3596,1770,1802
FAILED,nan,nan,1603,0.2457724684420973,0.3218631043061614,2846,2670,3269
FAILED,nan,nan,3042,0.1857508684191852,0.8289132311120629,3685,1938,1318
FAILED,nan,nan,1495,0.3649726873692125,0.8476124359313398,442,1031,2307
FAILED,nan,nan,1611,0.8850720663070679,0.9356297993697226,3205,3157,3995
FAILED,nan,nan,2916,0.4859989009667187,0.5610654234904796,305,1562,2673
FAILED,nan,nan,259,0.9904532952848822,0.1785378188025206,4302,2697,2262
FAILED,nan,nan,662,0.8838912348691375,0.5360709289424122,1019,2012,4838
FAILED,nan,nan,4151,0.8624829898905009,0.480670067390427,3854,3451,2755
FAILED,nan,nan,2536,0.6013965338785201,0.2240657980460673,1988,3316,3507
FAILED,nan,nan,2845,0.666086088007316,0.9118948438558728,1598,1824,3309
FAILED,nan,nan,456,0.5805202550664544,0.4887317408770323,949,2186,4549
FAILED,nan,nan,3847,0.9225438670311124,0.6699862989168615,4713,1911,2967
FAILED,nan,nan,3947,0.7473048266340047,0.9383052274696528,1299,1590,1803
FAILED,nan,nan,657,0.2445035706758499,0.2064019446671009,32,2500,3057
FAILED,nan,nan,4535,0.1875718969851732,0.6973708680719137,872,3395,2351
FAILED,nan,nan,3195,0.8380848916713148,0.7729853880871087,1223,1247,4927
FAILED,nan,nan,2195,0.4471710247118026,0.6771373024359345,3965,1458,4543
FAILED,nan,nan,2192,0.6812465637549758,0.0653355339951813,4987,1085,2564
FAILED,nan,nan,4421,0.4616702780183405,0.1984591825660318,4771,2919,4876
FAILED,nan,nan,4732,0.276614800484851,0.8828800252210349,3756,2225,4443
FAILED,nan,nan,3577,0.1913500242624431,0.4398803930748254,1656,3003,3889
FAILED,nan,nan,1415,0.545561459319666,0.7462222065795213,1422,2571,1712
FAILED,nan,nan,2474,0.1315720617119223,0.962040534319356,2380,2039,689
FAILED,nan,nan,3955,0.3884224213734269,0.3035977853238583,2340,1120,1086
FAILED,nan,nan,1385,0.0192176153808832,0.3486390621699393,4029,1400,4842
FAILED,nan,nan,4937,0.7872856542468071,0.0173696557134389,1383,1654,1309
FAILED,nan,nan,3388,0.5222589248139411,0.6167534361109137,2767,2252,1093
FAILED,nan,nan,921,0.6928137213904411,0.8224198985677212,2639,1485,1173
FAILED,nan,nan,3043,0.9499534776955842,0.412989863473922,2678,2303,794
FAILED,nan,nan,4348,0.3480406582076102,0.2777350515834987,785,3344,2015
FAILED,nan,nan,571,0.8015024251621217,0.9877047131117432,4537,2446,2055
FAILED,nan,nan,3752,0.2293279335778206,0.8025023344364017,3421,1707,3562
FAILED,nan,nan,2644,0.9202792834565044,0.9593972785454244,4260,1475,4272
FAILED,nan,nan,4004,0.0737921517360955,0.5056276623792947,3908,2745,1851
FAILED,nan,nan,2282,0.4709902078844606,0.4630062177293003,3147,2518,3183
FAILED,nan,nan,4888,0.720225967073813,0.7840636758245527,4866,3086,823
FAILED,nan,nan,3270,0.0021550705265253,0.6248138120714575,1890,2356,4335
FAILED,nan,nan,140,0.6413118215538561,0.6775635825023055,90,3172,4727
FAILED,nan,nan,1258,0.4585888041947037,0.5848481290787458,2219,3487,3106
FAILED,nan,nan,1919,0.2265602974761277,0.4181001996099949,836,1186,4086
FAILED,nan,nan,4822,0.563351045390591,0.5163968191798777,3088,1173,3805
FAILED,nan,nan,385,0.2595983847267926,0.1067148130759596,2164,1432,3933
FAILED,nan,nan,1290,0.8211142127774655,0.2473105340860784,2815,1986,4189
FAILED,nan,nan,976,0.0592047084830701,0.8903325678482652,1047,2640,2629
FAILED,nan,nan,103,0.0127186261434108,0.029772798422724,4475,1836,3644
FAILED,nan,nan,2318,0.87304821109958,0.8603614446222783,1262,2927,4579
FAILED,nan,nan,4851,0.1228825064413249,0.3837927071079611,481,1963,1928
FAILED,nan,nan,2692,0.3939687569383532,0.078285574644804,1808,2428,2400
FAILED,nan,nan,2729,0.7648976878635585,0.723161576103419,3694,3059,982
FAILED,nan,nan,1721,0.7308601579274983,0.4365424979869276,2438,2788,1510
FAILED,nan,nan,813,0.7523247439786792,0.119341956557706,1110,3361,1663
FAILED,nan,nan,3701,0.4108627386577427,0.9388533783219756,2736,3373,1385
FAILED,nan,nan,4227,0.9552484872955828,0.2188813328333199,3170,985,1991
FAILED,nan,nan,3319,0.5595798147059977,0.2738976981900632,4498,1615,2452
FAILED,nan,nan,859,0.4046012821998447,0.7054977394547314,4244,2133,581
FAILED,nan,nan,2166,0.0707806588094681,0.1494577929768711,1520,3101,1130
FAILED,nan,nan,1660,0.5742267880085856,0.1386922536343336,543,1747,3236
FAILED,nan,nan,2125,0.7138103225082159,0.5505824632029981,3366,1928,2213
FAILED,nan,nan,1007,0.6630062797758728,0.3082051088996231,4143,2396,4025
FAILED,nan,nan,4662,0.3678073970172554,0.4934151017107069,2878,1328,341
FAILED,nan,nan,3733,0.8045122524965554,0.3537949492782354,2141,2087,280
FAILED,nan,nan,4379,0.8160918444469571,0.5947169961202889,426,2561,3459
FAILED,nan,nan,2039,0.3758991738520563,0.9170654833521694,4729,1690,1582
FAILED,nan,nan,3545,0.593285693820566,0.8527070679124444,3541,2484,2804
FAILED,nan,nan,3648,0.9630451550260186,0.8744057077746838,4973,2752,3576
FAILED,nan,nan,415,0.2021593402381986,0.842838204588741,4085,3308,3134
FAILED,nan,nan,4307,0.1343396903779357,0.3202096750251949,4925,2617,1336
FAILED,nan,nan,33,0.8350750569012017,0.3806621875427663,3659,1550,3030
FAILED,nan,nan,3406,0.0659955453500151,0.3385819627624005,2906,1006,2742
FAILED,nan,nan,703,0.598560166073963,0.6183767620436847,4377,2967,4159
FAILED,nan,nan,3879,0.2948029473386705,0.0067221633587032,329,3138,4365
FAILED,nan,nan,3224,0.6538329201638698,0.0435401141177862,2526,2659,2918
FAILED,nan,nan,4197,0.4835134479701519,0.8193050831574946,719,2002,3860
FAILED,nan,nan,4695,0.8802950493730605,0.2850374659840017,660,2797,3358
FAILED,nan,nan,1363,0.3040246305018663,0.1870116157513111,4426,2389,777
FAILED,nan,nan,1564,0.2737800982724875,0.2712701465710997,1360,1871,2581
FAILED,nan,nan,4103,0.6762770445160567,0.7179146827850491,2395,1384,4456
FAILED,nan,nan,2981,0.7280225678831339,0.1226454820763319,3239,1321,4859
FAILED,nan,nan,1083,0.4966314336638898,0.1600953754298389,2701,1208,4683
FAILED,nan,nan,680,0.4663859403729439,0.2589415809381753,885,1727,1487
FAILED,nan,nan,2010,0.933351517414674,0.0516769771948456,2277,2213,4698
FAILED,nan,nan,1062,0.5664296983033419,0.9550276550520213,1389,3480,2330
FAILED,nan,nan,2573,0.239724412266165,0.5773203968610614,2584,2143,4905
FAILED,nan,nan,3001,0.3297657155971974,0.7622161383405328,2043,2712,1879
FAILED,nan,nan,2887,0.0541844816282391,0.263250291345641,3443,3219,4414
FAILED,nan,nan,1446,0.1747538470812142,0.0858757089432328,3307,2875,610
FAILED,nan,nan,1193,0.1523630216792225,0.6589994189161807,1614,1606,2158
FAILED,nan,nan,2438,0.5243692961148918,0.3612660532202572,2975,3434,2104
FAILED,nan,nan,1848,0.792308030012995,0.6377805086430162,3811,1129,711
FAILED,nan,nan,296,0.3555269662551581,0.5288595514241606,1207,2339,1160
FAILED,nan,nan,4577,0.5346857241373509,0.095744588997215,4006,2057,953
FAILED,nan,nan,2255,0.9031745587810874,0.3990495845805853,4133,1856,1624
FAILED,nan,nan,230,0.5468143685162068,0.8796889048684389,1945,1264,526
FAILED,nan,nan,3427,0.9932225895430892,0.5426268503889442,1750,3272,404
FAILED,nan,nan,4469,0.0317927081771194,0.9923277408424764,1477,1042,2827
FAILED,nan,nan,12,0.2343573816046118,0.7381138881463557,2308,2948,75
FAILED,nan,nan,4020,0.9854254515059292,0.3636560051385313,103,1510,3873
FAILED,nan,nan,1934,0.8428717283494771,0.7126314782556147,4524,3287,1441
FAILED,nan,nan,3334,0.7743362456299364,0.1904712329115718,3958,2610,3397
FAILED,nan,nan,794,0.1825509256329387,0.7579684599898756,4798,1135,4021
FAILED,nan,nan,595,0.5165722157042474,0.5448339366428554,3840,1669,3620
FAILED,nan,nan,1560,0.0801185597833246,0.6859170255437493,1138,1799,3252
FAILED,nan,nan,2736,0.3600107237100601,0.6623638575207442,4055,3066,3820
FAILED,nan,nan,2365,0.7440515328478068,0.8980758836492896,221,2332,4120
FAILED,nan,nan,4903,0.3375628554932773,0.0815670059714466,1022,976,3493
FAILED,nan,nan,519,0.323393652478233,0.9269118444509804,3024,1935,2989
FAILED,nan,nan,3815,0.4513791824262589,0.7300516774319112,2574,2464,1996
FAILED,nan,nan,4715,0.0619815638978034,0.580600458163768,4621,1455,999
FAILED,nan,nan,2933,0.2095365027356892,0.972447850510478,690,2554,1733
FAILED,nan,nan,1676,0.4888347640745342,0.9956921720113604,4191,2973,1199
FAILED,nan,nan,1177,0.7845108826812357,0.4561156851314008,3122,2895,4815
FAILED,nan,nan,2059,0.5546109823379666,0.2136589224189519,1236,3027,3908
FAILED,nan,nan,3930,0.1665372558608651,0.2310791085828095,1780,2093,4531
FAILED,nan,nan,4246,0.1059911448694765,0.919394522184506,2170,3265,4944
FAILED,nan,nan,745,0.6308772396557033,0.1419585756603628,2249,1878,2143
FAILED,nan,nan,2461,0.4080334486905485,0.5004661650508642,1662,1284,4754
FAILED,nan,nan,1470,0.760121409850195,0.7873063997924328,1956,1600,2652
FAILED,nan,nan,2871,0.8880917115267366,0.6216194934472442,2444,1062,2365
FAILED,nan,nan,215,0.3836963193248957,0.2390789172165096,3414,3427,2542
FAILED,nan,nan,4998,0.5025557322502137,0.4479892320055514,2072,2407,2879
FAILED,nan,nan,4126,0.2626701094452291,0.4203682063855231,3590,2680,2439
FAILED,nan,nan,4795,0.8482784590329975,0.9470844746939838,3492,2150,365
FAILED,nan,nan,1869,0.1445664134342223,0.4965969125926495,279,3341,3683
FAILED,nan,nan,865,0.969320852668956,0.6410452227033675,3356,2248,4618
FAILED,nan,nan,1277,0.6063567706011236,0.2883409840669483,3687,1228,119
FAILED,nan,nan,4492,0.9124821398425847,0.1345054958052933,2632,3212,163
FAILED,nan,nan,3057,0.4242142409346998,0.4735358675774186,4914,2078,4247
FAILED,nan,nan,2412,0.1009604708850383,0.3009643111862242,4586,2690,3018
FAILED,nan,nan,3178,0.2215307881049812,0.1040813315026462,4762,3471,1967
FAILED,nan,nan,120,0.2898362564463168,0.4453463331442326,3942,1078,2089
FAILED,nan,nan,902,0.3727692993320525,0.0585532332882285,1452,2767,3222
FAILED,nan,nan,1218,0.4367269892767071,0.8677240685075521,2467,2592,3713
FAILED,nan,nan,1713,0.851298792982474,0.3354665524978191,1077,2507,2301
FAILED,nan,nan,1832,0.5153126422800124,0.8345009415857494,4683,2112,4766
FAILED,nan,nan,4282,0.7409784092921764,0.2562531608473509,2786,1764,3546
FAILED,nan,nan,245,0.0785773228220641,0.9443803504481912,334,1367,4595
FAILED,nan,nan,1519,0.7006108650043607,0.0219219032116234,4293,3250,4666
FAILED,nan,nan,3558,0.8702800703011453,0.6749910140149296,3001,1714,1874
FAILED,nan,nan,1742,0.3328460341021418,0.7019840286560357,3469,1492,4174
FAILED,nan,nan,3298,0.3806253372449428,0.6031770370621234,842,2856,4482
FAILED,nan,nan,4680,0.6880964510701597,0.6334108925852925,1838,2733,2686
FAILED,nan,nan,2336,0.1943627375699579,0.0013780457433313,2770,1543,2238
FAILED,nan,nan,3678,0.5274431623090059,0.1760260444302112,1275,1100,4340
FAILED,nan,nan,2091,0.1617533014379441,0.6106477227471769,4352,2453,2512
FAILED,nan,nan,4842,0.493795509211719,0.3450917616188526,1627,3323,1763
FAILED,nan,nan,169,0.7693072372376919,0.5935518074929714,1549,2032,3956
FAILED,nan,nan,3089,0.7950827439520508,0.8269113445151597,511,3416,2850
FAILED,nan,nan,4443,0.5935998680070043,0.9320215857326984,1115,1583,1903
FAILED,nan,nan,3492,0.0323353584855794,0.7919140802808106,3902,1891,2468
FAILED,nan,nan,954,0.877275465497747,0.2206404500734061,4859,1420,594
FAILED,nan,nan,1147,0.7230634957738221,0.7195533699020743,628,1024,3118
FAILED,nan,nan,363,0.6734498960245401,0.7783904150705785,3196,2823,1595
FAILED,nan,nan,709,0.0270142886880785,0.5575791624318809,2863,3164,728
FAILED,nan,nan,4089,0.8903496308736503,0.7553403135165572,1685,2376,1022
FAILED,nan,nan,2707,0.179774760806933,0.3958581073153764,2194,1661,3335
FAILED,nan,nan,3773,0.8302882778495551,0.070923411771655,1920,2982,911
FAILED,nan,nan,2901,0.5711481927223504,0.3279382830522954,3805,2912,316
FAILED,nan,nan,4648,0.0906925625298172,0.0354455516915768,3742,2323,3772
FAILED,nan,nan,2579,0.6358363192006946,0.5128679990805686,4821,2231,211
FAILED,nan,nan,4524,0.3087414593286812,0.534411934055388,2018,1817,1267
FAILED,nan,nan,4373,0.4186593413259834,0.1549237256105989,4078,1635,2896
FAILED,nan,nan,473,0.4570453346706927,0.0165053193233907,3989,2254,1860
FAILED,nan,nan,2223,0.7539250815790146,0.5326914191450923,2606,2380,2908
FAILED,nan,nan,4093,0.3960650822408497,0.5230680968277156,4399,3204,3654
FAILED,nan,nan,2903,0.0759227406494319,0.091767930008471,2300,2016,3116
FAILED,nan,nan,42,0.1162783915679901,0.3262200360242277,643,3475,3830
FAILED,nan,nan,4553,0.757101083336398,0.4331171425785869,4411,1293,4388
FAILED,nan,nan,4518,0.8100386269800365,0.7973612619899213,4067,2671,4054
FAILED,nan,nan,3971,0.5517831432577223,0.5698349950369448,3644,3380,3426
FAILED,nan,nan,3011,0.6099529468026013,0.9416842743959278,4751,1001,1231
FAILED,nan,nan,1388,0.4218353430833667,0.7565504378136247,3524,1847,4385
FAILED,nan,nan,487,0.958259535010904,0.2794855834022164,2408,3108,4071
FAILED,nan,nan,3603,0.8140528631042689,0.0573161267694085,3290,3070,2203
FAILED,nan,nan,918,0.8671079350970685,0.2907945138327777,4947,1940,853
FAILED,nan,nan,3173,0.7257180779464543,0.3709292791113257,1343,2549,4608
FAILED,nan,nan,444,0.9832979391049592,0.897617261165753,1460,1731,4986
FAILED,nan,nan,1034,0.7154449237193913,0.1052896786723286,351,2943,3449
FAILED,nan,nan,4952,0.1553805254232138,0.8441261674370617,2727,3039,4296
FAILED,nan,nan,1020,0.2123126749973744,0.3687509940322488,3255,1979,1248
FAILED,nan,nan,3607,0.3205636719223111,0.2930092356000096,608,2284,4993
FAILED,nan,nan,1819,0.0111485071443021,0.5676230170354247,1733,3035,2409
FAILED,nan,nan,3850,0.5126125537492335,0.2016619834415614,2723,1463,2506
FAILED,nan,nan,635,0.3174028389509767,0.6727846592459827,2417,1197,2732
FAILED,nan,nan,59,0.6126569018866866,0.0944561186637729,2961,2539,1470
FAILED,nan,nan,1983,0.6491089595910162,0.478158300453797,1725,1439,643
FAILED,nan,nan,3378,0.2150166300814598,0.7217238270696252,3794,1316,1478
FAILED,nan,nan,2782,0.9801371061336248,0.0138420866671949,901,1943,2716
FAILED,nan,nan,4949,0.651767289346084,0.6123322805706412,1190,2102,1654
FAILED,nan,nan,1437,0.8935067162625492,0.156126449547708,994,1276,1251
FAILED,nan,nan,2107,0.6570926532484591,0.8467880988493561,2066,3349,309
FAILED,nan,nan,1909,0.943364208156243,0.3477616361957043,3465,2979,2774
FAILED,nan,nan,2289,0.0938381374869495,0.930302148995921,4282,1223,3542
FAILED,nan,nan,317,0.5397770351581276,0.1610977189596742,4793,3169,2938
FAILED,nan,nan,3789,0.3355156363472342,0.3342398912496865,4165,2155,3164
FAILED,nan,nan,162,0.2676065203920006,0.8251861060895026,4849,2886,1365
FAILED,nan,nan,2818,0.771992246210575,0.4426573042571544,859,1369,3727
FAILED,nan,nan,1327,0.737832834335044,0.655160052312538,4575,1538,3786
FAILED,nan,nan,91,0.4234765174351632,0.6228475823458284,3110,1415,3384
FAILED,nan,nan,716,0.5306344815660268,0.7897068852800876,741,2200,3329
FAILED,nan,nan,4830,0.9955807697325944,0.1134265417493879,4457,2469,4169
FAILED,nan,nan,358,0.1765834415499121,0.5155403646100313,409,1887,4355
FAILED,nan,nan,1662,0.9847031347341836,0.7327430857364088,1912,2174,3478
FAILED,nan,nan,4249,0.6075969973169267,0.683254380306229,4227,2315,2233
FAILED,nan,nan,3253,0.4340419803038239,0.2228195605129003,526,1053,3952
FAILED,nan,nan,2631,0.5178161900024861,0.4267382748834789,3130,1895,4005
FAILED,nan,nan,762,0.1292483812160789,0.3781286870446056,3837,2829,4434
FAILED,nan,nan,3283,0.8746019966993481,0.8698953659068793,3055,2070,2074
FAILED,nan,nan,985,0.775073969129473,0.8359839199986309,3404,1072,4252
FAILED,nan,nan,1951,0.3382851722650229,0.944903936604038,1581,2514,3879
FAILED,nan,nan,1709,0.3573908243346959,0.0687172949444502,2509,3293,4895
FAILED,nan,nan,3060,0.9287176809944212,0.2412943528089672,1502,2850,1683
FAILED,nan,nan,3479,0.5370096407160163,0.5563511850684881,2202,2813,4708
FAILED,nan,nan,564,0.6326946107968688,0.3985221802033484,2860,1145,2472
FAILED,nan,nan,4295,0.237457839647308,0.0240954536218196,1131,2728,1150
FAILED,nan,nan,1512,0.1959591128826141,0.2574548066109419,2124,2327,1908
FAILED,nan,nan,2661,0.0461115068383514,0.5436346702966839,756,1105,2138
FAILED,nan,nan,3101,0.2925097252447158,0.5908549060802907,3388,2602,600
FAILED,nan,nan,3329,0.2784139365516603,0.4534512627664953,2460,3410,679
FAILED,nan,nan,1222,0.9315521415472032,0.6043766677565873,3931,3419,963
FAILED,nan,nan,2416,0.5967874396815896,0.0337187592089176,1831,1795,414
FAILED,nan,nan,823,0.0354770668894052,0.173810497302562,3192,1679,197
FAILED,nan,nan,4674,0.1931225108541548,0.9002890513595193,4559,1755,134
FAILED,nan,nan,1190,0.2877324666511267,0.1887863256111741,796,2027,2380
FAILED,nan,nan,3945,0.6676559672057628,0.4983244189005345,4618,3044,2045
FAILED,nan,nan,3528,0.9705344001669436,0.2606597164310515,4051,1161,2972
FAILED,nan,nan,2380,0.2502230367418378,0.6346447794549167,3677,3241,1831
FAILED,nan,nan,3126,0.1212476691473275,0.9523564792312682,3227,2904,3193
FAILED,nan,nan,2137,0.8490199301149696,0.0793933291547,4188,1501,2011
FAILED,nan,nan,4139,0.7588926935661584,0.1843424549996853,15,1811,4757
FAILED,nan,nan,2945,0.702870080018416,0.740320369321853,2896,3464,4218
FAILED,nan,nan,2546,0.3221801049802452,0.0447213619537651,4970,1723,4624
FAILED,nan,nan,1356,0.7994063359424471,0.4186766013968735,1679,3188,3299
FAILED,nan,nan,3820,0.9480893835332244,0.9974119730964304,1030,3332,4559
FAILED,nan,nan,4793,0.3445708671789616,0.7114225436672569,112,2991,3086
FAILED,nan,nan,2998,0.8318971813526005,0.5305535283945501,4374,1776,4676
FAILED,nan,nan,872,0.4730294290278107,0.8771018953621388,561,3116,1938
FAILED,nan,nan,1066,0.0652883081361651,0.6878123291116208,4696,2530,4846
FAILED,nan,nan,4476,0.4092621649745852,0.4012545116990804,971,2371,2639
FAILED,nan,nan,6,0.7287298050969839,0.9736770175825804,3778,1970,2745
FAILED,nan,nan,3447,0.1813069513346999,0.1436756329797208,2837,2236,3625
FAILED,nan,nan,1601,0.1672899994328618,0.8652591063845902,1245,1444,2886
FAILED,nan,nan,1095,0.6227712458018213,0.3368959772884846,2323,1359,1727
FAILED,nan,nan,2066,0.0612705791015178,0.4458163954205811,2661,2118,1394
FAILED,nan,nan,4986,0.0080689331367611,0.2124560869466513,4324,3385,552
FAILED,nan,nan,4582,0.0383148948755115,0.3629575392380357,2391,2871,3742
FAILED,nan,nan,4411,0.7428533028494567,0.0035838130936026,2186,1231,3256
FAILED,nan,nan,2238,0.5319799547474832,0.9949896648190916,3315,1408,1339
FAILED,nan,nan,2260,0.3990746679157018,0.1357328708786517,1971,2629,4306
FAILED,nan,nan,1544,0.5827870674859732,0.9177111540697516,2758,2681,804
FAILED,nan,nan,2751,0.8640262196138501,0.9257114999312908,2362,2293,1500
FAILED,nan,nan,4325,0.3028148305863142,0.7846445947866887,2622,1288,1641
FAILED,nan,nan,4200,0.0813167897816747,0.285670997954905,1854,1574,4106
FAILED,nan,nan,289,0.2102931128609925,0.1238824621886015,1405,1016,879
FAILED,nan,nan,4604,0.9043843586966396,0.5026785074006767,3579,1631,770
FAILED,nan,nan,1865,0.6467468282673507,0.2337766122855246,3618,2459,1012
FAILED,nan,nan,3635,0.4676107901036739,0.6427716508377344,1444,1952,1101
FAILED,nan,nan,4962,0.9365143431480976,0.9143752721920608,317,1112,2594
FAILED,nan,nan,536,0.2424264340735971,0.4585841959323734,4393,1480,2800
FAILED,nan,nan,1118,0.4428410417549312,0.540420488184318,3666,2702,3762
FAILED,nan,nan,3432,0.4998093092124909,0.8059421327225864,4666,2308,3047
FAILED,nan,nan,3922,0.2706172725390643,0.6399603403434158,650,1646,4695
FAILED,nan,nan,1993,0.4312736629080027,0.2833096027635038,3827,3149,2497
FAILED,nan,nan,2568,0.7350562168620527,0.8401421359721571,1001,2998,2272
FAILED,nan,nan,3149,0.9402922454960644,0.1588582763466984,2039,1567,1163
FAILED,nan,nan,1462,0.6789334409944713,0.3180046289358288,591,2047,2821
FAILED,nan,nan,3873,0.7891339020468294,0.2734426262434572,3277,2215,1566
FAILED,nan,nan,2424,0.0291363116987049,0.098413392836228,923,2580,4473
FAILED,nan,nan,1336,0.1370454597678035,0.7157026973478496,2984,1093,940
FAILED,nan,nan,1579,0.7672768217977136,0.0079248798601329,4745,2835,221
FAILED,nan,nan,313,0.856816601563245,0.7648876710738987,2710,3234,3517
FAILED,nan,nan,2363,0.8187787272110582,0.4960849688518792,2216,1037,3854
FAILED,nan,nan,4698,0.3790733018182218,0.0489793545212596,2944,1902,718
FAILED,nan,nan,3803,0.1134510627612471,0.1408658114802092,4881,1168,2219
FAILED,nan,nan,2677,0.8965872150827199,0.3412370514906943,4607,3364,4796
FAILED,nan,nan,1529,0.4808265652060509,0.2166752085704356,1258,1352,3474
FAILED,nan,nan,4901,0.2233670449424535,0.5478911738693714,1532,2272,3232
FAILED,nan,nan,429,0.6985538000892848,0.5755943256393075,2001,2494,921
FAILED,nan,nan,807,0.2575445552617311,0.355002463651821,2808,2438,4267
FAILED,nan,nan,687,0.0955337939914316,0.8539075314030051,1707,2180,1792
FAILED,nan,nan,617,0.9176076884493232,0.0765681604128331,3725,2125,3417
FAILED,nan,nan,2117,0.2180901969894766,0.7823442316520959,533,2782,4964
FAILED,nan,nan,1771,0.6149741560965777,0.5068367159385234,825,3096,2706
FAILED,nan,nan,4394,0.3143834316730499,0.8620449317079037,3179,3457,1218
FAILED,nan,nan,4185,0.9783310678973794,0.5836145991217345,2885,2924,1461
FAILED,nan,nan,2969,0.3523680070750415,0.3823478161040693,1747,1252,1546
FAILED,nan,nan,3988,0.5774200405422598,0.7724772681444884,2489,1959,4101
FAILED,nan,nan,4304,0.6374794863145798,0.0846479769572615,1474,3403,3966
FAILED,nan,nan,2314,0.3704827396068722,0.5973799982704222,4843,1991,1977
FAILED,nan,nan,4275,0.8218499435149134,0.8493322295807302,4781,1337,3168
FAILED,nan,nan,3347,0.6598588905129582,0.6577714489884674,3452,1309,3639
FAILED,nan,nan,1735,0.2280857735853642,0.1693293060865253,3980,1919,3791
FAILED,nan,nan,3079,0.0158660154063254,0.881382056478411,2534,1624,4040
FAILED,nan,nan,186,0.6648897912856191,0.0599210590515285,1044,1612,4320
FAILED,nan,nan,3499,0.4038616849090904,0.3207216131892055,3709,1469,2070
FAILED,nan,nan,4030,0.2072194846086204,0.4338725044392049,3105,3077,2998
FAILED,nan,nan,1421,0.0432737401966005,0.9823949427586048,4995,3439,4238
FAILED,nan,nan,585,0.2977872860934585,0.7243896724376827,1860,3355,4502
FAILED,nan,nan,4612,0.4702544771470129,0.5632210334651172,3862,994,4194
FAILED,nan,nan,3746,0.3106119797769934,0.1215210744328796,4276,3051,2522
FAILED,nan,nan,2470,0.6248979430664331,0.6951911627780646,4039,2880,3368
FAILED,nan,nan,2842,0.1722500595580786,0.6763643087204546,4507,2664,748
FAILED,nan,nan,157,0.1463455623947084,0.9097236654274166,3515,2400,2448
FAILED,nan,nan,3276,0.5048158823009581,0.8920579252447933,4213,3224,1615
FAILED,nan,nan,777,0.8072030018139631,0.7369844800084829,181,1424,2384
FAILED,nan,nan,4854,0.6177500941343606,0.151663552891463,3436,2736,4647
FAILED,nan,nan,3704,0.9067386416606604,0.7028254928961396,1160,2423,3937
FAILED,nan,nan,1159,0.836858168149367,0.1284758633840829,1763,2348,2657
FAILED,nan,nan,1003,0.1594933911878615,0.0413245595544576,1942,3182,1277
FAILED,nan,nan,1686,0.707648261565715,0.8008189737573266,1509,1176,1923
FAILED,nan,nan,4426,0.9653319545518608,0.4618042150530964,1313,2009,2321
FAILED,nan,nan,843,0.9013038022499532,0.9371605910602956,2153,3014,2869
FAILED,nan,nan,1245,0.0033513672482222,0.2765866081062704,86,1269,3315
FAILED,nan,nan,110,0.5095996024999767,0.2659143567979335,1610,2649,1051
FAILED,nan,nan,1306,0.3251994509138167,0.4833684038892388,771,2936,1743
FAILED,nan,nan,267,0.4872256244886666,0.4108114594239742,2094,1788,4935
FAILED,nan,nan,2724,0.2603188277073204,0.9899122650250792,204,2082,3693
FAILED,nan,nan,1886,0.1240750555805862,0.5176307134851813,2426,1738,449
FAILED,nan,nan,961,0.5608181081451475,0.6275110703967511,2557,1840,192
FAILED,nan,nan,2149,0.5645932053830475,0.3850192493852228,4897,2260,3566
COMPLETED,0.58,559.0,3623,0.5801374309696257,0.1929343481976539,1,2975,1182
FAILED,nan,nan,2804,0.57976932580024,0.6078343720883131,1645,1523,3060
FAILED,nan,nan,2088,0.275403126778081,0.0185970382224768,3222,1124,2954
FAILED,nan,nan,3396,0.846190935716033,0.3931457025110721,302,2721,4130
FAILED,nan,nan,1052,0.3495937420651316,0.775681583110243,4311,1559,791
FAILED,nan,nan,460,0.0860409882962703,0.2253027855940163,2655,2959,2026
FAILED,nan,nan,1801,0.9237555407378822,0.3019061877708882,2928,1686,4447
FAILED,nan,nan,3590,0.6935228918809444,0.2037385930400341,4448,2134,1412
FAILED,nan,nan,4745,0.7797893359158188,0.6506363615412265,2329,3134,2113
FAILED,nan,nan,464,0.7494016017951072,0.8536541987340898,4431,978,3498
FAILED,nan,nan,1369,0.1879161038808524,0.993259635956958,549,2598,3364
FAILED,nan,nan,61,0.9511612848490476,0.5588953232355416,4643,1216,1815
FAILED,nan,nan,3030,0.445861134044826,0.1773291147202253,1219,3280,3281
FAILED,nan,nan,4744,0.4295372718926519,0.2723864465355873,352,1681,3605
FAILED,nan,nan,2521,0.1080484495852142,0.4909461057316512,4116,2475,1189
FAILED,nan,nan,3831,0.7777228323351592,0.0485274576097726,685,1147,3986
FAILED,nan,nan,2087,0.9221687277089804,0.9044223271347582,3786,2816,1319
FAILED,nan,nan,2203,0.5200403885431588,0.7150718701053411,880,2066,4233
FAILED,nan,nan,654,0.0834800157509744,0.5744928198885173,4138,1512,3899
FAILED,nan,nan,937,0.6020230549331754,0.4576040683537721,1667,2472,2031
FAILED,nan,nan,3192,0.9908247427921744,0.3817937232144177,4626,1798,3275
FAILED,nan,nan,1799,0.2762513649221509,0.679593666125089,4705,3130,1077
FAILED,nan,nan,3031,0.843873154502362,0.8041663298178464,1785,1535,2252
FAILED,nan,nan,3958,0.2826465446390211,0.914045649452135,3234,1883,2118
FAILED,nan,nan,4550,0.6819518676921725,0.9608307669349014,3046,2623,4825
FAILED,nan,nan,4341,0.0185123114436864,0.7479428404606879,3338,2063,2571
FAILED,nan,nan,1053,0.9493384224586188,0.1473377822469919,3624,3257,4937
FAILED,nan,nan,650,0.7456299779489637,0.4381944150365889,3573,3300,375
FAILED,nan,nan,62,0.3502059605903923,0.4226045306604356,2667,2724,2664
FAILED,nan,nan,4929,0.8856910513006151,0.6387828419487923,2901,2197,487
FAILED,nan,nan,493,0.1919341470729559,0.2376435912847519,1960,2159,381
FAILED,nan,nan,3498,0.8021171272043138,0.6919618072323501,4236,3346,3698
FAILED,nan,nan,2396,0.8618646034691483,0.2161068094335496,4803,2546,1747
FAILED,nan,nan,1889,0.7094782770797611,0.4053882949594408,490,3074,3795
FAILED,nan,nan,3272,0.168965729245916,0.0309652397446334,3488,1588,2620
FAILED,nan,nan,379,0.4105102484151721,0.7366710670497268,3682,2419,2867
FAILED,nan,nan,2467,0.0404767108540982,0.3174960721470415,3351,1057,2361
FAILED,nan,nan,4033,0.6200598002001643,0.5476235349532217,4919,1735,1519
FAILED,nan,nan,1690,0.1234709122031927,0.1806802852842956,782,2760,3571
FAILED,nan,nan,1241,0.6664685589093715,0.6464324003383517,1902,2668,2443
FAILED,nan,nan,4858,0.2041712036579847,0.7713596120979637,3963,1201,1121
FAILED,nan,nan,4074,0.1309840091448277,0.7285936280637979,1434,2890,4832
FAILED,nan,nan,4498,0.5449236323144286,0.9485503724217416,2351,3422,2574
FAILED,nan,nan,3770,0.0704358607772737,0.4150116005465388,2449,2250,4644
FAILED,nan,nan,734,0.7645268314927817,0.9565087810512632,2765,2105,4495
FAILED,nan,nan,111,0.1583919644411653,0.6278395945150406,1082,1291,4404
FAILED,nan,nan,3348,0.0133102887328714,0.29445954814367,4171,2632,2167
FAILED,nan,nan,2924,0.3409950080420822,0.1569610915519297,4334,2330,4125
FAILED,nan,nan,4809,0.7304663885105401,0.1398694741204381,1492,1936,2991
FAILED,nan,nan,2615,0.4051972314585,0.9700305427275598,4567,3032,3942
FAILED,nan,nan,781,0.3943281883876771,0.3750820902753621,2110,3388,3413
FAILED,nan,nan,1643,0.7195956798475236,0.5194073807876557,3937,2296,4967
FAILED,nan,nan,2269,0.3277532703354954,0.8164013648275286,2254,1319,4866
FAILED,nan,nan,2838,0.5068895687479525,0.305131730671972,2569,1272,4737
FAILED,nan,nan,1308,0.9717216300070286,0.5955879855845123,1296,1004,2765
FAILED,nan,nan,3080,0.6636404893230646,0.0123686900567263,4464,3191,516
FAILED,nan,nan,1004,0.5099624543618411,0.9109022661615164,124,1633,2928
FAILED,nan,nan,1493,0.4610627923030406,0.4941716337613761,3845,2014,899
FAILED,nan,nan,4654,0.4582330571245402,0.8504345402438194,1271,2534,1458
FAILED,nan,nan,4230,0.8726806115563959,0.5634735649395735,2189,1974,1212
FAILED,nan,nan,4276,0.4713539966419339,0.2296285543795675,2843,3479,2317
FAILED,nan,nan,583,0.8977753883246332,0.3545667170360684,1133,1460,992
FAILED,nan,nan,1417,0.6284335398580879,0.0965620415695011,3019,1373,241
FAILED,nan,nan,1931,0.0732117876615375,0.8014945359062403,4854,1955,2712
FAILED,nan,nan,4181,0.31524075993523,0.4621790169812739,4816,1012,3096
FAILED,nan,nan,3802,0.714197002004832,0.752884935054928,3064,2772,3226
FAILED,nan,nan,337,0.804891388496384,0.0881171740610152,1818,3047,4262
FAILED,nan,nan,3467,0.4152268318645656,0.1094376956820488,1120,2114,4802
FAILED,nan,nan,4120,0.5249992227107286,0.064569238897413,3298,2590,3747
FAILED,nan,nan,2651,0.7517021489627659,0.322574063077569,164,2455,2525
FAILED,nan,nan,4772,0.1106440881974995,0.5368294834978878,3396,3113,4096
FAILED,nan,nan,3145,0.3551669362336397,0.7933723638728261,261,3245,4673
FAILED,nan,nan,4457,0.1753345643505454,0.3514076295904815,3006,2030,3972
FAILED,nan,nan,309,0.4441856709867716,0.1288668750934302,4678,1578,1889
FAILED,nan,nan,4390,0.9767504004575313,0.2500181958563626,3897,1355,4588
FAILED,nan,nan,1770,0.2167527506239712,0.3869172353744506,1545,1719,1841
FAILED,nan,nan,2681,0.3112180229704827,0.7045565646123141,2790,1448,650
FAILED,nan,nan,2116,0.615100958596915,0.169882594063878,2462,1158,833
FAILED,nan,nan,1209,0.0538362780548632,0.0609782778955996,2517,2368,1047
FAILED,nan,nan,1525,0.8167031409479678,0.8291139981746674,730,3460,1982
FAILED,nan,nan,3654,0.2025079044420272,0.6085261440183968,4406,2512,2268
FAILED,nan,nan,1085,0.3303693533483893,0.5600119401458651,1720,1752,3522
FAILED,nan,nan,2965,0.9367547414526344,0.5114023355767131,1179,2685,3040
FAILED,nan,nan,535,0.5926520754098892,0.5872056056670845,2614,3335,1796
FAILED,nan,nan,3547,0.7366449297070503,0.4915155440047383,2013,1504,4149
FAILED,nan,nan,218,0.6534425562880933,0.2770374621637165,3474,1808,1270
FAILED,nan,nan,4965,0.2731801523361355,0.0378553680274635,2287,2825,1572
FAILED,nan,nan,1114,0.8566978444680572,0.4118066944442689,4347,1235,394
FAILED,nan,nan,1582,0.4323670145068318,0.8858296663071961,2966,1101,4375
FAILED,nan,nan,2240,0.1340024321246892,0.1170772623773664,3996,3407,2818
FAILED,nan,nan,890,0.2391321511045098,0.8740476695857942,3533,2994,928
FAILED,nan,nan,1337,0.5342996432129293,0.3300871042516082,4952,2847,4466
FAILED,nan,nan,4583,0.6393042559567839,0.7491052314136177,613,1069,2094
FAILED,nan,nan,1997,0.7669068168122322,0.668917579865083,3260,1663,3348
FAILED,nan,nan,1846,0.8806622882857918,0.0204332783296704,339,1899,2491
FAILED,nan,nan,3926,0.932740819485858,0.2537898113373667,1329,3166,721
FAILED,nan,nan,2097,0.1072425641417503,0.9620076137781144,2345,3616,4039
FAILED,nan,nan,4090,0.3933637417275458,0.5147423925884068,327,2406,2447
FAILED,nan,nan,709,0.5212734305337071,0.1439379182066768,4439,4379,3027
FAILED,nan,nan,549,0.3157788363713771,0.3815174449682236,3833,4006,4815
FAILED,nan,nan,1622,0.8061947162467986,0.7015464342739433,1865,2893,3178
FAILED,nan,nan,3588,0.62333025460504,0.6317688826490193,4177,3159,2046
FAILED,nan,nan,1303,0.4939586573131382,0.0270501333102583,745,1147,2794
FAILED,nan,nan,267,0.8753324992246926,0.8295123098623007,3700,1948,4282
FAILED,nan,nan,1054,0.2097683230545372,0.5690751308724284,3010,1535,3580
FAILED,nan,nan,3769,0.8288812595494092,0.2147701354492455,2069,4171,1582
FAILED,nan,nan,2322,0.2581926323510706,0.6651754673011601,3163,4667,1825
FAILED,nan,nan,2574,0.6253689171429724,0.0526074307169765,1604,2303,3650
FAILED,nan,nan,32,0.040092996334657,0.2399011063165962,584,3024,1976
FAILED,nan,nan,4859,0.0071916391458362,0.452799743887037,1536,4858,1183
FAILED,nan,nan,1860,0.1444318806156516,0.3536074233017862,4996,2139,561
FAILED,nan,nan,1534,0.5787520700152964,0.9344232572112232,2629,3826,959
FAILED,nan,nan,3323,0.7694076960552484,0.9875564270745962,240,4815,4905
FAILED,nan,nan,316,0.7299864163324237,0.5325637132097035,1964,1025,1419
FAILED,nan,nan,4325,0.5580699535235762,0.4143843796085566,3438,2545,3816
FAILED,nan,nan,2861,0.0665595416352152,0.7188196021839977,846,4283,2958
FAILED,nan,nan,1930,0.3793706016596406,0.4601860968843102,2562,2837,1505
FAILED,nan,nan,4387,0.7928863130267709,0.2727117082495242,4003,2462,2871
FAILED,nan,nan,420,0.1683979249633848,0.8852272452190518,1232,4474,2291
FAILED,nan,nan,2020,0.9405328241158276,0.1228719189632684,4234,1256,2205
FAILED,nan,nan,3716,0.8973508305475115,0.1356122678760439,917,2689,4600
FAILED,nan,nan,4235,0.1215360275842249,0.0030005119256675,4601,1625,4971
FAILED,nan,nan,4711,0.4838072353824973,0.9392931355573236,3550,4076,3737
FAILED,nan,nan,1770,0.7057149774767458,0.1919062409680336,3211,3673,654
FAILED,nan,nan,2626,0.1887141167987138,0.4053170230425894,186,3216,2638
FAILED,nan,nan,2256,0.8195374713763595,0.7527306549306959,4892,1243,1890
FAILED,nan,nan,1180,0.3119536189362407,0.0750200696140527,1900,2004,1027
FAILED,nan,nan,3936,0.6796173311043531,0.7090384073797613,2867,4953,4126
FAILED,nan,nan,2487,0.2337962025124579,0.1611695485524833,1773,3887,4349
FAILED,nan,nan,158,0.4387384892776608,0.7418966924659908,4512,3493,4510
FAILED,nan,nan,945,0.6462414585966617,0.9804441829640418,3781,3125,2707
FAILED,nan,nan,2702,0.8524217116311192,0.5564001387935131,3305,1836,1116
FAILED,nan,nan,3477,0.0621081935185939,0.7934553757980466,2779,2203,1669
FAILED,nan,nan,3198,0.7469029681272805,0.493601167505607,4827,4344,2361
FAILED,nan,nan,1693,0.3694779283609241,0.8478367768861353,97,1356,3114
FAILED,nan,nan,1390,0.9307362355962396,0.4225815748590976,2456,4605,3493
FAILED,nan,nan,4622,0.1311279573924839,0.6732879218310118,2116,2646,878
FAILED,nan,nan,2168,0.5440802227146924,0.6092824028078466,696,2039,4749
FAILED,nan,nan,4160,0.954829455157742,0.9103495702501386,1468,3327,1262
FAILED,nan,nan,1592,0.8493793141618371,0.1810040728747844,4040,1088,3567
FAILED,nan,nan,3679,0.7750851059183478,0.6026699757743627,4537,1858,2355
FAILED,nan,nan,558,0.6845426610298455,0.0766710850875824,4399,2953,2011
FAILED,nan,nan,2302,0.1407716488242149,0.2483519725594669,462,2003,2247
FAILED,nan,nan,860,0.5700910779777915,0.5294730358738452,2329,2094,2913
FAILED,nan,nan,4484,0.4559105951506644,0.1361592364553362,2673,1616,3097
FAILED,nan,nan,4720,0.6884761131443083,0.6523349040187896,3900,4993,3299
FAILED,nan,nan,361,0.2037503674384206,0.9661628183014692,1394,1327,4553
FAILED,nan,nan,2408,0.7204759694878012,0.8568329581990838,3473,3483,4941
FAILED,nan,nan,123,0.940195014692843,0.4460813221726566,160,4664,4365
FAILED,nan,nan,4295,0.8168759452085942,0.3234631045125425,3608,2392,4425
FAILED,nan,nan,3491,0.3665453874785453,0.494832225099206,1527,2732,4832
FAILED,nan,nan,3291,0.0106303583290427,0.1254905784390866,3267,4731,1543
FAILED,nan,nan,4161,0.2899122630320489,0.7117034162338823,603,3413,2139
FAILED,nan,nan,169,0.4210272427368909,0.5889631418958307,3405,1134,1573
FAILED,nan,nan,1098,0.3326534778885543,0.0096428043656051,1100,3869,3193
FAILED,nan,nan,1868,0.2613835621643811,0.7917559800762684,2046,4442,1122
FAILED,nan,nan,1354,0.1158623011708259,0.6698945677280426,2532,3019,2519
FAILED,nan,nan,2751,0.9687379790525884,0.0582642762791365,2467,3186,2723
FAILED,nan,nan,682,0.042646377980709,0.3887403003871441,4089,3749,526
FAILED,nan,nan,1914,0.9023016629945488,0.7291868818886578,1736,3978,1356
FAILED,nan,nan,2932,0.6539999617729336,0.437415134454146,2956,4278,996
FAILED,nan,nan,2544,0.3885400668345392,0.9143737199939788,4222,2342,90
FAILED,nan,nan,858,0.4492546944878995,0.8200478192344308,256,2879,3508
FAILED,nan,nan,4422,0.592371213067323,0.4658324209600687,4744,3336,3595
FAILED,nan,nan,4059,0.0853053393512964,0.8394027357269078,4840,4207,4159
FAILED,nan,nan,1691,0.2295430217590183,0.4833654249701649,3533,4060,2815
FAILED,nan,nan,4299,0.1970396806895732,0.0287849005591124,3800,2540,3829
FAILED,nan,nan,2439,0.3579364609979093,0.5550579001326114,3985,1450,4267
FAILED,nan,nan,299,0.5340970869399607,0.762264945210889,4151,3799,2306
FAILED,nan,nan,3543,0.7447091303952038,0.1695370496753603,1018,2260,4100
FAILED,nan,nan,421,0.8392108663842082,0.632614384463057,1200,3664,4056
FAILED,nan,nan,3154,0.4772960776556283,0.6813310200609267,2410,4347,4523
FAILED,nan,nan,1246,0.710817192921415,0.342604947892949,1299,1221,2617
FAILED,nan,nan,2051,0.6224265946242958,0.0464321073107421,2589,4514,4612
FAILED,nan,nan,724,0.9120132477562874,0.2149588120970875,3348,1399,1181
FAILED,nan,nan,535,0.2986126483697444,0.2777716797403991,3029,2175,1259
FAILED,nan,nan,2231,0.7528416435997933,0.417724757283926,2141,3105,1671
FAILED,nan,nan,2719,0.1071985895335674,0.3563613461516797,88,1786,3397
FAILED,nan,nan,4120,0.6602790138367564,0.8892685462869704,1971,1696,1484
FAILED,nan,nan,3667,0.1474518492873758,0.8109283376261592,2862,3270,1838
FAILED,nan,nan,1995,0.017371499761939,0.9341553366687148,682,1013,1952
FAILED,nan,nan,3108,0.8736062607001513,0.8688786612916738,1466,4811,3038
FAILED,nan,nan,1492,0.3952874263543635,0.1061658080499619,1836,3560,811
FAILED,nan,nan,4620,0.051279604261741,0.5771004587579519,1652,2463,1094
FAILED,nan,nan,960,0.1775215203613042,0.7002058751471341,4455,4585,196
FAILED,nan,nan,4896,0.4038069257773459,0.5158985282760113,4858,3078,1513
FAILED,nan,nan,1304,0.9930259260460734,0.991252644766122,4914,1934,3252
FAILED,nan,nan,72,0.7366764449048787,0.7098849743548781,2839,1721,3537
FAILED,nan,nan,3883,0.4296666239015758,0.4001461409572512,851,4921,2453
FAILED,nan,nan,1767,0.0578503756895661,0.0523353090155869,4722,1675,1622
FAILED,nan,nan,819,0.8650705645084381,0.2522465844023973,4654,4336,4991
FAILED,nan,nan,3193,0.8331278903987258,0.2384634874071926,2972,2817,3348
FAILED,nan,nan,3069,0.4397453499827534,0.3010174818709493,3287,3612,4208
FAILED,nan,nan,1207,0.0996380027662962,0.7720734828673304,3149,2205,3928
FAILED,nan,nan,4337,0.613418361004442,0.583002706836909,660,3998,2675
FAILED,nan,nan,2090,0.1890070175062865,0.6005899727176874,2027,3316,3145
FAILED,nan,nan,4772,0.9835165889766068,0.3788851977176964,1853,1432,3799
FAILED,nan,nan,1652,0.5848106039930135,0.912529628738761,1713,2529,4316
FAILED,nan,nan,4383,0.2229560758695006,0.8950565841887146,346,4462,4784
FAILED,nan,nan,3844,0.7599144646674395,0.952352146089077,3923,3542,966
FAILED,nan,nan,460,0.4702375461049378,0.1898068075515329,4340,4790,2568
FAILED,nan,nan,2653,0.1850678399186581,0.1792170987911522,1277,3771,2168
FAILED,nan,nan,1956,0.6693015146665275,0.4891544127799571,3783,2451,919
FAILED,nan,nan,2615,0.5016099426392466,0.7489682457502931,3166,2807,666
FAILED,nan,nan,2192,0.435765796655789,0.9699926551524548,2791,4070,496
FAILED,nan,nan,3628,0.5421459468919784,0.3661708374340087,2212,4567,371
FAILED,nan,nan,83,0.2560195940732956,0.0868644377440214,946,2623,2638
FAILED,nan,nan,773,0.5567088756393641,0.3746632347349077,207,3695,4103
FAILED,nan,nan,1030,0.293125508248806,0.6813035173416138,748,4722,4203
FAILED,nan,nan,1477,0.7204350946284831,0.0028637047186493,3105,2509,2926
FAILED,nan,nan,2656,0.5143219504598529,0.5471680029239505,2256,2297,1888
FAILED,nan,nan,5,0.9279021059311926,0.769767764184624,131,4306,3243
FAILED,nan,nan,538,0.2098328731171787,0.1929643483757972,1946,1170,2811
FAILED,nan,nan,4218,0.0583557927627116,0.7392484185378998,2775,4029,2394
FAILED,nan,nan,4322,0.6158591153435409,0.2263679699096828,172,1712,3579
FAILED,nan,nan,3297,0.9866060245539992,0.0775841707214713,1068,3742,1103
FAILED,nan,nan,4565,0.2293633078932762,0.3225605636015534,786,2385,3870
FAILED,nan,nan,214,0.4953324743751436,0.2568873118385673,2509,1366,2105
FAILED,nan,nan,4727,0.885066701464355,0.64989389314875,1506,3081,4687
FAILED,nan,nan,3878,0.2735617653466761,0.8031106399353594,2147,3439,3103
FAILED,nan,nan,3684,0.3079750238824635,0.2144789077695459,2910,2250,4569
FAILED,nan,nan,1338,0.8224286903291941,0.8160593681875616,1750,3350,2143
FAILED,nan,nan,2207,0.4594491448365151,0.7285697260722518,2372,2634,558
FAILED,nan,nan,2659,0.911560277318582,0.3652869870327413,3517,1848,2984
FAILED,nan,nan,4620,0.7636950308475643,0.0303180335592478,2062,3917,4762
FAILED,nan,nan,1872,0.0435063403323292,0.1456971999611705,1186,1501,1334
FAILED,nan,nan,4219,0.3929155133944004,0.4228599174357951,1435,4477,2557
FAILED,nan,nan,825,0.4202867271397262,0.0612985660694539,56,3223,3967
FAILED,nan,nan,1663,0.6010096647720784,0.6307879603821784,3643,4166,2696
FAILED,nan,nan,600,0.7987384344022721,0.3938429619725793,667,2682,3637
FAILED,nan,nan,1906,0.2457051978502422,0.7894461950063706,3019,4864,4861
FAILED,nan,nan,98,0.0826704106088727,0.5654790011439472,1388,2166,2888
FAILED,nan,nan,2555,0.478990643903613,0.8503777437359095,992,3887,1670
FAILED,nan,nan,4960,0.5349664405547082,0.4653331457581371,2704,3569,461
FAILED,nan,nan,1537,0.2572503040488809,0.3343673676084727,4363,994,3127
FAILED,nan,nan,3934,0.1874557516723871,0.1127271528951823,3333,3028,2006
FAILED,nan,nan,968,0.7022199227977544,0.981342993952334,2032,1315,4434
FAILED,nan,nan,3960,0.5202132996916771,0.9630252822432668,1344,4241,1135
FAILED,nan,nan,1513,0.9181084712352604,0.7492283523231745,958,2206,4936
FAILED,nan,nan,2383,0.298929467799142,0.8288925515580923,352,1822,2767
FAILED,nan,nan,4965,0.133599268656224,0.6148661937490105,1958,4778,1470
FAILED,nan,nan,3021,0.0329988553151488,0.7787692833859473,3628,1929,630
FAILED,nan,nan,1921,0.5789198468271642,0.1270040022414177,2282,3651,3212
FAILED,nan,nan,1695,0.2001000697147101,0.2968100640065968,1644,2956,4167
FAILED,nan,nan,3402,0.6836138033904136,0.6722830864191055,2994,1545,1584
FAILED,nan,nan,819,0.7551976925376803,0.8941507771555335,4620,4510,2964
FAILED,nan,nan,4295,0.805834846092388,0.5247780214715749,3266,3265,4342
FAILED,nan,nan,688,0.3225055042542517,0.3812696109842509,2077,2490,1759
FAILED,nan,nan,3223,0.2352586407903582,0.1593855059854686,616,4192,3060
FAILED,nan,nan,2822,0.6061568577121943,0.2624936403241008,1240,4906,4640
FAILED,nan,nan,4675,0.4117893888298422,0.9284672491699456,2654,2707,3427
FAILED,nan,nan,464,0.957400321803987,0.0408388591147959,1460,1617,843
FAILED,nan,nan,4784,0.6912251479644328,0.1019850312955677,4433,2134,2628
FAILED,nan,nan,2250,0.871850939374417,0.3159949674066156,2954,3845,1253
FAILED,nan,nan,1104,0.5396263139359653,0.5838838134724647,301,2986,2264
FAILED,nan,nan,3854,0.9329883262999356,0.1556739140972495,2574,4729,3799
FAILED,nan,nan,3642,0.1158407042399048,0.5364086751621217,1154,2572,2512
FAILED,nan,nan,2793,0.727470533747226,0.8855423860438169,545,3401,4721
FAILED,nan,nan,4724,0.2826179823353886,0.297742870921269,3190,4369,3504
FAILED,nan,nan,4579,0.5640704167038202,0.7185784974899143,3875,1094,3022
FAILED,nan,nan,2917,0.3832170869968831,0.0903393835574388,2477,1440,4226
FAILED,nan,nan,1742,0.3486340774763375,0.6034557728003711,2879,3679,883
FAILED,nan,nan,3160,0.7695865139216185,0.4896749819088727,1841,1954,3311
FAILED,nan,nan,744,0.6687337698694319,0.2054614613428712,859,4022,2185
FAILED,nan,nan,4145,0.6415192444790154,0.3409520958065987,1882,2738,746
FAILED,nan,nan,4390,0.0141740767415612,0.2368693688232451,1263,3157,1701
FAILED,nan,nan,476,0.6224681628607214,0.8559870390575379,2770,2380,4127
FAILED,nan,nan,4904,0.8555394557695836,0.7828774089049548,734,1371,2479
FAILED,nan,nan,2438,0.7080200436785817,0.5064000101201236,1568,4685,3600
FAILED,nan,nan,1413,0.0728806220181286,0.913585793575272,2202,3797,3934
FAILED,nan,nan,1083,0.874559171833098,0.2696996306926012,3909,3513,2726
FAILED,nan,nan,1064,0.1920001535993069,0.9223755464851856,460,2213,2124
FAILED,nan,nan,3471,0.369664299018681,0.6460056620482355,1920,4232,3323
FAILED,nan,nan,2603,0.9745906255729496,0.8070111919566989,1304,4788,4282
FAILED,nan,nan,4885,0.0471931732669472,0.3761523392181843,4886,2592,3006
FAILED,nan,nan,4408,0.8256898157447576,0.5787667201627046,3110,1934,3442
FAILED,nan,nan,4338,0.0545008679293096,0.0155554029103368,2923,2713,2076
FAILED,nan,nan,1685,0.8663524505477399,0.684930495845154,1783,1243,3617
FAILED,nan,nan,1107,0.6622506009694189,0.2193132872525602,3947,2109,2833
FAILED,nan,nan,795,0.0680111135970801,0.5574246471542865,3223,4648,3373
FAILED,nan,nan,4447,0.962757800405845,0.4245627688895911,3648,3198,201
FAILED,nan,nan,3137,0.7551088240854442,0.1352348569538444,2073,1733,2497
FAILED,nan,nan,2414,0.6183362673334777,0.4640751793701201,524,2832,4466
FAILED,nan,nan,1371,0.3960748926904052,0.1017049078736454,1049,3626,2591
FAILED,nan,nan,412,0.9141652532853186,0.8806915653441101,2727,3841,3998
FAILED,nan,nan,2954,0.884273309821263,0.5227542126327753,3853,2649,2766
FAILED,nan,nan,3831,0.4297152811288833,0.490805016502738,2404,4895,3862
FAILED,nan,nan,1489,0.740617574358359,0.817479280885309,3554,1560,447
FAILED,nan,nan,2218,0.2766606721207499,0.7433768574036658,3020,2003,2322
FAILED,nan,nan,4876,0.5895083993393928,0.0740022403523325,1650,4137,3237
FAILED,nan,nan,4565,0.1817162390146404,0.6403930931687355,1144,1676,2970
FAILED,nan,nan,1800,0.0208323577512055,0.4056288531310856,4278,3943,849
FAILED,nan,nan,4142,0.8326839236393571,0.7928521488681436,428,2435,4845
FAILED,nan,nan,294,0.5408872954919934,0.6236669022031128,1977,3533,1939
FAILED,nan,nan,2511,0.8488184575922787,0.4419752172995358,4667,4279,3052
FAILED,nan,nan,169,0.0369670069571584,0.8656250143107027,627,2155,1551
FAILED,nan,nan,4135,0.3365602721627801,0.5367866883743554,1580,3244,4143
FAILED,nan,nan,1997,0.4897385588269681,0.292019373787567,3464,1135,2021
FAILED,nan,nan,4650,0.6758870951794088,0.8993806622866541,2495,2801,3518
FAILED,nan,nan,3696,0.1353234865348786,0.1179573326651007,3781,4734,4927
FAILED,nan,nan,3382,0.6046835484709591,0.6587799474019558,3426,2273,3780
FAILED,nan,nan,2309,0.7726589227225632,0.9838415727820248,4369,3674,1773
FAILED,nan,nan,724,0.2918359439410269,0.0182776572015136,1905,3772,370
FAILED,nan,nan,2825,0.3824240643493831,0.7793366814944893,2501,1818,3155
FAILED,nan,nan,483,0.69332647283189,0.4198916527610272,1541,4538,2245
FAILED,nan,nan,1281,0.8979250731989741,0.3582625731676817,2199,1938,3292
FAILED,nan,nan,3939,0.212772681446746,0.9656243375502528,3719,4189,2421
FAILED,nan,nan,2426,0.1145418722871691,0.2065449811145663,1874,1453,3917
FAILED,nan,nan,4768,0.8016394600868225,0.5952320981658995,2834,4984,546
FAILED,nan,nan,3267,0.2591115419808775,0.3757319863177836,921,2542,1637
FAILED,nan,nan,920,0.5719592190086842,0.7993813074454665,4410,1083,2514
FAILED,nan,nan,1231,0.1680807095840573,0.4783370551168918,2797,3465,3694
FAILED,nan,nan,2113,0.646939349161461,0.5078495790958405,960,3992,4789
FAILED,nan,nan,1594,0.3703206575959921,0.925395722426474,596,4477,2914
FAILED,nan,nan,4252,0.5584220952186734,0.2574849266894162,4075,1572,1375
FAILED,nan,nan,54,0.8190464813802392,0.0845213399007916,3132,2973,4319
FAILED,nan,nan,37,0.1287538295295089,0.7171269701421261,1306,4250,2620
FAILED,nan,nan,2691,0.9386561357714236,0.1078121836595237,2739,2126,1667
FAILED,nan,nan,1618,0.6859050633944571,0.3119025023579597,4942,3215,4025
FAILED,nan,nan,2177,0.3309464345704764,0.1291278172507882,4133,2770,3400
FAILED,nan,nan,4518,0.5190440260879695,0.5469332929141819,577,1104,2449
FAILED,nan,nan,3526,0.0459567842911928,0.4551069497056305,3191,1358,1041
FAILED,nan,nan,1179,0.8578044650368393,0.8457394747212529,2143,4703,4496
FAILED,nan,nan,865,0.3885129154510796,0.430150498881936,64,2320,4289
FAILED,nan,nan,4830,0.2360704078562557,0.2298368212543428,2257,3721,1267
FAILED,nan,nan,3006,0.2823500134609639,0.6787943677641451,4430,4587,2051
FAILED,nan,nan,3211,0.6994114350732415,0.7602377996109426,4017,3819,176
FAILED,nan,nan,3965,0.7777809421699494,0.3350315903462469,1815,2966,642
FAILED,nan,nan,352,0.5952014771085232,0.0050321049913764,862,1867,3664
FAILED,nan,nan,3768,0.124502667563036,0.6132369313556701,4310,1908,3488
FAILED,nan,nan,545,0.2525190276969224,0.7872322298195213,3368,3319,818
FAILED,nan,nan,1422,0.8116041442230344,0.1954309798087924,358,4159,1914
FAILED,nan,nan,4949,0.8923302040249109,0.9447585541997104,4762,1426,4113
FAILED,nan,nan,3408,0.4212072791252285,0.0415089932177215,1522,1055,3023
FAILED,nan,nan,750,0.7321058415025473,0.6508233038168401,2559,2515,1442
FAILED,nan,nan,3719,0.8251390726286918,0.7373021127153188,685,3516,3263
FAILED,nan,nan,4635,0.3598641553148627,0.2687279165852815,3071,4043,4671
FAILED,nan,nan,1981,0.5479618527907878,0.9072771772500128,1639,2417,1178
FAILED,nan,nan,4081,0.6520537693444639,0.1713295837882906,3484,4525,2796
FAILED,nan,nan,2576,0.1585566935539245,0.8265409696046263,244,3022,3888
FAILED,nan,nan,1736,0.4659014463722706,0.5288291971217841,2437,1620,1803
FAILED,nan,nan,242,0.4822036102823913,0.2403633118681609,2650,4795,1104
FAILED,nan,nan,2587,0.668355810565874,0.5689905983507633,1432,1255,4592
FAILED,nan,nan,4207,0.1424074109308421,0.4132659521102905,4833,1196,3189
FAILED,nan,nan,1866,0.952309700442478,0.769302227448672,1124,2666,2195
FAILED,nan,nan,3629,0.3133952651955187,0.9938757870271802,1996,2060,2717
FAILED,nan,nan,663,0.222433080850169,0.8927878570817411,3872,1762,1989
FAILED,nan,nan,975,0.5014930779244751,0.3225557620115578,3297,4301,1729
FAILED,nan,nan,3318,0.9075814982317388,0.2820130563527345,174,4677,3568
FAILED,nan,nan,4903,0.4060478304307908,0.6886995274275541,3574,2860,4972
FAILED,nan,nan,3892,0.6127383123524487,0.872217579714954,3000,3657,3097
FAILED,nan,nan,2899,0.0770439360793679,0.1531692500934005,776,3872,4193
FAILED,nan,nan,436,0.1069667970985174,0.2640489929933101,2053,2598,2960
FAILED,nan,nan,1358,0.5790069855544716,0.7301865169722587,4204,4845,4368
FAILED,nan,nan,2359,0.434845702894032,0.8278085521850735,4851,4089,3744
FAILED,nan,nan,4705,0.7457441072631628,0.4717727527301758,1069,1955,2125
FAILED,nan,nan,858,0.8747962277997285,0.174059169659391,1377,3366,4835
FAILED,nan,nan,2049,0.8426911770403385,0.3856766694057733,2943,1706,2541
FAILED,nan,nan,4395,0.0308433810416609,0.8059134300705045,1725,4416,1592
FAILED,nan,nan,1668,0.1761069148797542,0.0543806525114923,3629,2462,4416
FAILED,nan,nan,4322,0.986009098432958,0.6301927658449858,2327,3970,967
FAILED,nan,nan,2782,0.4522488501984626,0.3483176539968699,3927,3561,2370
FAILED,nan,nan,4313,0.2951341408658772,0.3731461851093918,3232,2139,3077
FAILED,nan,nan,1659,0.6060363987758756,0.950786166904494,2101,4234,1542
FAILED,nan,nan,152,0.0803318912852555,0.0471098276656121,4175,3238,132
FAILED,nan,nan,4404,0.6890486028343439,0.1897119180578738,2697,1345,4952
FAILED,nan,nan,2058,0.3762008514497429,0.6120192477609963,1347,4719,917
FAILED,nan,nan,3484,0.2469205447826534,0.7810863303262741,1020,1130,3548
FAILED,nan,nan,1143,0.934018325909972,0.3939810499753803,4900,2746,2007
FAILED,nan,nan,3170,0.5301226019579918,0.4946521394494921,1774,3747,2659
FAILED,nan,nan,4716,0.0353655131086707,0.5266011868659407,4471,3806,3755
FAILED,nan,nan,1347,0.1398476169407367,0.2704040804561227,106,1852,2254
FAILED,nan,nan,4001,0.95169915866293,0.9124915385413916,3975,4600,3130
FAILED,nan,nan,582,0.4535893972422927,0.4602242865338921,1154,4175,3305
FAILED,nan,nan,3125,0.4871969497203827,0.070155241953209,2299,2941,4534
FAILED,nan,nan,1542,0.981258459571749,0.5535738435462118,2601,3296,4397
FAILED,nan,nan,2253,0.0029438622724264,0.8845424823462963,3326,2538,2522
FAILED,nan,nan,635,0.5587967595867812,0.1055556761622428,400,4940,3930
FAILED,nan,nan,4912,0.8128422350399196,0.3069029764346778,1966,1029,1611
FAILED,nan,nan,3289,0.3726482975911349,0.7106041709296406,4269,1440,515
FAILED,nan,nan,946,0.2182754736728966,0.6731610208079218,2395,2401,4776
FAILED,nan,nan,3599,0.9053732120450586,0.0039115648306906,3526,4057,780
FAILED,nan,nan,4599,0.4086515757925808,0.9709373944737018,202,3490,2184
FAILED,nan,nan,2617,0.1139114112518727,0.4362067277990281,3030,4512,1405
FAILED,nan,nan,271,0.7990636561494321,0.7630061458200216,1680,1636,2901
FAILED,nan,nan,205,0.3126861114352942,0.5040140390787273,328,2679,3606
FAILED,nan,nan,2546,0.6235884492788464,0.1796525684278458,4339,1181,2109
FAILED,nan,nan,1746,0.7518334714267403,0.47450136638619,3417,4770,4702
FAILED,nan,nan,1971,0.2332680025175214,0.088356915237382,2531,4327,2826
FAILED,nan,nan,4092,0.0666811038404703,0.8338288481812924,1876,1278,701
FAILED,nan,nan,4625,0.920365625636652,0.7289767449405045,1552,2036,1326
FAILED,nan,nan,1090,0.7065986605752259,0.9292313869912178,1243,3135,4231
FAILED,nan,nan,3437,0.8589004377126693,0.9539956069123,3120,2876,1061
FAILED,nan,nan,4939,0.3264382880870253,0.0478828334640711,657,4653,2469
FAILED,nan,nan,2285,0.5125868653357029,0.6279574388805776,4678,1787,3380
FAILED,nan,nan,1432,0.4696631370801478,0.8111357029248029,3752,2231,4004
FAILED,nan,nan,2858,0.1534859868008643,0.6068607079740613,3454,3642,1686
FAILED,nan,nan,322,0.1869418216757476,0.9954741476662456,4970,4870,458
FAILED,nan,nan,2976,0.9987932407092304,0.327680891431868,949,1486,3829
FAILED,nan,nan,1316,0.6280535208713264,0.0299100833721458,1258,2585,1861
FAILED,nan,nan,895,0.8303791279103607,0.5624603634588421,4084,4063,2333
FAILED,nan,nan,2479,0.3590127867497504,0.4082591094784438,2173,3380,1236
FAILED,nan,nan,3241,0.0204805339314043,0.2380993686914444,625,1979,3204
FAILED,nan,nan,1208,0.4223052148204297,0.1520565025247633,3748,1680,1463
FAILED,nan,nan,3554,0.7351528509519994,0.5406184585019946,2208,4439,3003
FAILED,nan,nan,4509,0.2007263546865433,0.4458070766553282,4047,3091,4094
FAILED,nan,nan,4286,0.781512650359422,0.1141255867034196,4382,3576,3469
FAILED,nan,nan,2663,0.2791984072383493,0.8955487676113844,1844,3948,4878
FAILED,nan,nan,8,0.5901007878370583,0.2880618495903909,2823,2487,838
FAILED,nan,nan,2717,0.711720694893971,0.2803490665480495,3690,2729,3175
FAILED,nan,nan,63,0.3988692721426487,0.9190239641703664,2227,1230,2225
FAILED,nan,nan,4224,0.2237820571660995,0.7489231139644981,55,4819,4583
FAILED,nan,nan,1565,0.9108835691455752,0.0752860122658312,3988,1328,1129
FAILED,nan,nan,2142,0.0727699400708079,0.4847073894403875,4440,2083,1754
FAILED,nan,nan,4484,0.7579184485394508,0.8149198438078165,893,4374,2708
FAILED,nan,nan,3568,0.3021915384754539,0.159708547219634,2882,3182,3800
FAILED,nan,nan,4798,0.4786528995428234,0.4005453003123402,1316,1756,3576
FAILED,nan,nan,2456,0.6667505616992712,0.7910602858252823,2769,4622,1963
FAILED,nan,nan,3909,0.5060209633484483,0.0375630352199077,2115,2202,4201
FAILED,nan,nan,493,0.0255911990962922,0.5833871584180742,3061,1535,4338
FAILED,nan,nan,3794,0.3494887855909764,0.7564135283660144,4619,2633,1354
FAILED,nan,nan,1448,0.5356411494594068,0.4262005981151014,676,1007,2935
FAILED,nan,nan,4991,0.6341460972484201,0.6826185181792825,3812,3431,729
FAILED,nan,nan,3373,0.1764853342659771,0.3388558299895376,2446,4114,2139
FAILED,nan,nan,714,0.988332983409986,0.9775302517283708,3513,2029,3713
FAILED,nan,nan,1028,0.2736074120532721,0.3002775825057179,4320,4412,2572
FAILED,nan,nan,2027,0.7905519567541778,0.7055021395180374,1935,3064,3976
FAILED,nan,nan,1758,0.1941338552739471,0.8573644298929721,1493,3546,3351
FAILED,nan,nan,2521,0.4322660249676555,0.5586761147584766,1185,2457,954
FAILED,nan,nan,2630,0.9284203560575844,0.8020739621557296,2376,3269,563
FAILED,nan,nan,4171,0.3852336888033896,0.2078361887075007,3901,4265,1660
FAILED,nan,nan,1830,0.6980852993056178,0.6007857904061675,183,2170,2649
FAILED,nan,nan,1877,0.2885542598012834,0.9630571078807116,747,1373,4524
FAILED,nan,nan,4535,0.5994526288509369,0.3521571535132825,4548,4748,1035
FAILED,nan,nan,1001,0.7754533021748066,0.0583456328362226,2971,1159,3433
FAILED,nan,nan,3655,0.0903048438969999,0.6340321166478098,1699,2775,2438
FAILED,nan,nan,687,0.4923045290783047,0.7185464822426438,4823,3698,2853
FAILED,nan,nan,2189,0.9421687776912004,0.2524088095501065,1422,3756,4261
FAILED,nan,nan,3860,0.8513691865596921,0.5144440619759262,3306,1805,2057
FAILED,nan,nan,4847,0.1303210058584809,0.9236112950630486,2621,2287,182
FAILED,nan,nan,1518,0.0414669676870107,0.185699228554964,2025,4553,3636
FAILED,nan,nan,598,0.5196744871232659,0.8394487003087997,4250,2893,4728
FAILED,nan,nan,3060,0.5531911904700101,0.700335792267695,2953,4202,3499
FAILED,nan,nan,401,0.3670389585848898,0.124648832572624,1754,1922,1881
FAILED,nan,nan,4054,0.0119386140760034,0.2936494104210287,802,3324,4904
FAILED,nan,nan,2385,0.1628345635514706,0.5344821463879198,3917,1059,1414
FAILED,nan,nan,3147,0.4636004056613892,0.8605812014807016,3600,4970,4124
FAILED,nan,nan,4731,0.9746823186539112,0.1415330205727368,125,2568,3029
FAILED,nan,nan,3458,0.8041902039255947,0.4172272870931774,4195,2353,4660
FAILED,nan,nan,2072,0.5669719684626907,0.2442064753156155,3252,3442,2302
FAILED,nan,nan,1714,0.4147301730923354,0.3187124777343124,2678,2996,427
FAILED,nan,nan,2749,0.2077701858989894,0.0238027406651526,4880,1585,2785
FAILED,nan,nan,91,0.8948718131314963,0.6600387317147106,1080,4461,1836
FAILED,nan,nan,79,0.2097395358216017,0.8021469610091299,2988,2736,4657
FAILED,nan,nan,1703,0.729550802629441,0.2113201716598123,760,4709,3248
FAILED,nan,nan,2737,0.8968411128632724,0.3804444792140275,1682,1120,1192
FAILED,nan,nan,2082,0.2580026237871498,0.3554954938124865,191,4225,3873
FAILED,nan,nan,1128,0.8061195666231215,0.6349341417085379,3586,3228,2782
FAILED,nan,nan,4429,0.5689010634757579,0.9609132741633802,3894,2130,414
FAILED,nan,nan,3155,0.6497367279808969,0.7219990903455764,460,2931,1889
FAILED,nan,nan,4740,0.1608728723786771,0.2524503740686923,3314,4590,794
FAILED,nan,nan,2394,0.9727205884438008,0.9223127679731696,2018,1842,4921
FAILED,nan,nan,1391,0.0100016465373337,0.5128190565090627,1410,2326,3046
FAILED,nan,nan,4045,0.8199039137419313,0.1866325764153152,2633,3796,1419
FAILED,nan,nan,587,0.3354515733215958,0.701238730058074,2311,4930,1282
FAILED,nan,nan,2933,0.5216038535386324,0.1229934244714677,3606,1430,2871
FAILED,nan,nan,3849,0.0433960943017154,0.9024069791696966,128,1019,4275
FAILED,nan,nan,2200,0.1322900695074349,0.1450160275921225,4513,3286,2065
FAILED,nan,nan,1508,0.8532982852905989,0.2969887229353189,3915,2528,190
FAILED,nan,nan,3352,0.4942738604117185,0.438951277974993,2965,1885,4746
FAILED,nan,nan,699,0.6823715894892812,0.8606532838866114,1742,4165,657
FAILED,nan,nan,3663,0.7735165744367987,0.776514390360564,4868,4502,4049
FAILED,nan,nan,4545,0.2866172662377357,0.2451388918571174,1389,3037,2645
FAILED,nan,nan,4162,0.6961235802490264,0.3187549698539078,2041,3480,4520
FAILED,nan,nan,2622,0.2393573406562209,0.6634923269040882,4187,4047,3424
FAILED,nan,nan,276,0.9264589046854526,0.0210431973710656,483,2391,2426
FAILED,nan,nan,190,0.4303347829021513,0.2790882271993905,1827,3145,1567
FAILED,nan,nan,4116,0.1922028214074671,0.0787765981014818,885,2046,3974
FAILED,nan,nan,2015,0.1034361970834434,0.8127692882362754,4000,4779,2347
FAILED,nan,nan,3676,0.2716399656645953,0.5179774773251266,3673,1190,4441
FAILED,nan,nan,4669,0.7885847687553614,0.4880390078853815,42,1288,3349
FAILED,nan,nan,1017,0.5825385075937957,0.1580451476220041,2245,2689,942
FAILED,nan,nan,3364,0.9902716407068074,0.1965068036522716,4122,3652,4354
FAILED,nan,nan,4983,0.4479873489197343,0.7897700272109359,2126,3905,2945
FAILED,nan,nan,2329,0.6360849627442658,0.4005951333064586,3168,2240,1361
FAILED,nan,nan,3802,0.5376009761355818,0.645361499844119,1323,4663,4820
FAILED,nan,nan,2843,0.027550778536126,0.3644610865991562,4954,2886,3729
FAILED,nan,nan,1456,0.3514485732298344,0.0384875197503715,2761,1797,736
FAILED,nan,nan,385,0.0570486161187291,0.2243483083210885,3501,4073,4996
FAILED,nan,nan,3039,0.8669510060120375,0.5842811139076948,2459,1988,873
FAILED,nan,nan,1262,0.5040537567604333,0.7542620414756238,256,3390,3593
FAILED,nan,nan,2444,0.4767218693941831,0.6798969005681574,674,2595,4218
FAILED,nan,nan,3246,0.1459408959895372,0.9776104836389422,1616,1496,1498
FAILED,nan,nan,900,0.9577884968016296,0.3375959777273237,3055,4880,3121
FAILED,nan,nan,1213,0.3041511290688067,0.8778703449480235,4740,2497,3173
FAILED,nan,nan,3559,0.615049684010446,0.2981574109792709,1178,3957,2210
FAILED,nan,nan,4475,0.074729738863185,0.7038692429363728,2547,3586,1118
FAILED,nan,nan,4232,0.9128224086165428,0.8560731953456998,3380,3101,1743
FAILED,nan,nan,72,0.7136593261659145,0.5621361938603222,4332,1690,3798
FAILED,nan,nan,2157,0.2026554571352899,0.7270992851443588,3399,1318,3465
FAILED,nan,nan,1638,0.7834817102905363,0.8327823032550514,2527,2073,4090
FAILED,nan,nan,4498,0.8897531434576958,0.0890378013327717,1893,4809,1916
FAILED,nan,nan,3544,0.4242345849536359,0.9323487667813896,4352,2719,823
FAILED,nan,nan,1198,0.7370821820478887,0.2590738124139607,316,1220,4869
FAILED,nan,nan,886,0.0185190788414329,0.9543186843954028,2478,3603,3848
FAILED,nan,nan,2471,0.5431995928920805,0.0516168950460851,3769,3857,2751
FAILED,nan,nan,4812,0.3570510639753192,0.625478361979127,276,2192,1871
FAILED,nan,nan,331,0.996856518547982,0.607512182239443,1597,2835,3223
FAILED,nan,nan,527,0.1554153457805514,0.3253170136529952,4101,2019,1069
FAILED,nan,nan,2868,0.9672668205816298,0.998592443903908,608,4104,4489
FAILED,nan,nan,3789,0.4715922283753753,0.0305919454004615,3149,3421,3399
FAILED,nan,nan,4928,0.5145559512916953,0.4085516765099019,2780,2624,4024
FAILED,nan,nan,3427,0.0509712457060813,0.5661640335600823,947,4909,2614
FAILED,nan,nan,768,0.8608697913531214,0.2355899077448993,4973,1525,1694
FAILED,nan,nan,1081,0.3918142576683313,0.5412689456809312,2821,3908,2091
FAILED,nan,nan,3740,0.7046619570031762,0.1501486363764852,1847,2447,3602
FAILED,nan,nan,2555,0.310724652627483,0.2870458262693137,2225,1643,4227
FAILED,nan,nan,2606,0.7971324215196073,0.0445930109731853,1032,2784,4776
FAILED,nan,nan,214,0.6216269625872374,0.8958728358987719,3732,4402,216
FAILED,nan,nan,4186,0.2636158144753426,0.9497312345318496,2715,4757,3679
FAILED,nan,nan,1845,0.5745180091820657,0.3734313369095325,1331,1383,2173
FAILED,nan,nan,4609,0.7195321875102818,0.6101505323238671,3235,4275,4304
FAILED,nan,nan,3611,0.2163080551680177,0.3916251190789044,542,3279,2901
FAILED,nan,nan,1950,0.4066843654867261,0.19040154851228,2100,2180,298
FAILED,nan,nan,643,0.3745869325809181,0.4936285224407911,3666,2903,2396
FAILED,nan,nan,4921,0.0048827054612338,0.1685668970607221,3973,1814,4412
FAILED,nan,nan,1533,0.1713666645921766,0.9101042253598572,839,3766,1612
FAILED,nan,nan,3874,0.9832182546462864,0.2734989487268031,4455,2296,2537
FAILED,nan,nan,455,0.4852295572403818,0.8504552988018841,401,1479,2674
FAILED,nan,nan,574,0.6436505091097205,0.0682550847455859,2906,3708,521
FAILED,nan,nan,3114,0.6733311305642128,0.4578673685509711,4266,4980,1789
FAILED,nan,nan,1337,0.9497319762408734,0.1319547408130019,3334,1069,3766
FAILED,nan,nan,3991,0.1378804326597601,0.551704200508073,1959,2578,384
FAILED,nan,nan,4726,0.8433329542502761,0.8834884812925011,1469,3333,2259
FAILED,nan,nan,840,0.5281913561746479,0.7143014760892838,1170,1932,4549
FAILED,nan,nan,1151,0.248880100056529,0.0020123240705579,1662,4471,4167
FAILED,nan,nan,2067,0.6910083941910415,0.9685510572250932,4595,3006,3076
FAILED,nan,nan,3492,0.9359779090676456,0.6738201333750039,3046,1595,123
FAILED,nan,nan,1650,0.2970730026438832,0.5903581209015101,3836,3452,4951
FAILED,nan,nan,2803,0.0822705448642373,0.7633217076901346,3527,2363,1997
FAILED,nan,nan,144,0.7674227265585214,0.4351821980606764,2392,4018,3542
FAILED,nan,nan,2793,0.6364641498643905,0.2411661449652165,2007,4340,3961
FAILED,nan,nan,134,0.450311893813312,0.5674787379000336,3285,2099,502
FAILED,nan,nan,4334,0.1741701666936278,0.7725417921822518,4237,3188,2558
FAILED,nan,nan,3502,0.3442516934275627,0.3227275959160179,1439,4832,3336
FAILED,nan,nan,849,0.1915768831241875,0.2852230307999998,4565,3832,1331
FAILED,nan,nan,1161,0.5323494578246027,0.992463884415105,2642,1292,2377
FAILED,nan,nan,3190,0.8767253637090325,0.8907593024205417,769,2215,2959
FAILED,nan,nan,1365,0.268124708244577,0.8724189518559724,2363,2822,2114
FAILED,nan,nan,3105,0.1089358979258686,0.5433998162206263,161,1723,4834
FAILED,nan,nan,446,0.7960374266356229,0.1567818442750722,3884,4638,706
FAILED,nan,nan,2910,0.7621838275250048,0.2642198509648442,2665,3404,1977
FAILED,nan,nan,2232,0.4041110933981836,0.4697747085206211,4216,1550,3095
FAILED,nan,nan,653,0.9056445139627904,0.501175092022866,2070,984,4187
FAILED,nan,nan,966,0.3153643697407096,0.2152890891768038,138,3523,4608
FAILED,nan,nan,4580,0.0615777451600879,0.3842952846810221,2340,2425,2201
FAILED,nan,nan,1921,0.8734254928268492,0.8061157892979681,3617,3933,3199
FAILED,nan,nan,1874,0.1443367866408079,0.6309651963077486,2936,4376,3824
FAILED,nan,nan,251,0.6702849278859794,0.3515266971252859,789,3068,2733
FAILED,nan,nan,223,0.1605165295246988,0.1086235231738537,2136,1399,3281
FAILED,nan,nan,4214,0.9542390259616076,0.0528383819907903,1733,1666,326
FAILED,nan,nan,2564,0.9704188840985298,0.7156236161086709,3199,4744,2278
FAILED,nan,nan,1725,0.6540133394896984,0.8894989919345826,4130,1145,4685
FAILED,nan,nan,4646,0.549900461755693,0.1262451669890433,995,3253,1811
FAILED,nan,nan,757,0.4192400818318129,0.7582156098913402,875,4547,4888
FAILED,nan,nan,3731,0.015230324300006,0.8443189467210322,2751,4289,403
FAILED,nan,nan,1072,0.8270779492780567,0.4552701582219451,1294,2165,3906
FAILED,nan,nan,3416,0.7301386720929295,0.4333668382707983,4418,1827,804
FAILED,nan,nan,2304,0.8903627669308335,0.2283020254503935,2869,2926,3485
FAILED,nan,nan,1413,0.1225714069083333,0.3336423777099699,3702,3684,4110
FAILED,nan,nan,2879,0.2505880347266792,0.0086377393770962,4010,2283,1430
FAILED,nan,nan,537,0.5634394351709634,0.6759432113226503,72,3782,3013
FAILED,nan,nan,2994,0.5971403649114072,0.7858126294203103,1505,2552,4286
FAILED,nan,nan,3954,0.0926181488316506,0.1925493166334927,4749,4994,2877
FAILED,nan,nan,1295,0.7797195622883737,0.6168120515719057,1207,1463,1254
FAILED,nan,nan,4841,0.923178553391248,0.3684184565059841,4302,4199,4752
FAILED,nan,nan,3223,0.3904727253969758,0.6493190184645354,1923,3359,3661
FAILED,nan,nan,1188,0.0440257727317512,0.734449980340898,3799,2983,1674
FAILED,nan,nan,4528,0.329015155326575,0.90747079211846,3491,1582,4043
FAILED,nan,nan,2187,0.5171127970349043,0.2673377875015139,2428,4487,579
FAILED,nan,nan,1608,0.4977852587141096,0.1697957007139921,1626,4002,2454
FAILED,nan,nan,4267,0.6839376300182194,0.5296100150309503,3083,2376,3418
FAILED,nan,nan,42,0.0052580334637314,0.444947958253324,305,4693,2159
FAILED,nan,nan,2696,0.817109532430768,0.8633592335917055,3780,1349,3709
FAILED,nan,nan,4242,0.368383944729343,0.1463205896653235,2488,1094,4801
FAILED,nan,nan,2124,0.4588293000925332,0.8998187808841467,3103,3205,1380
FAILED,nan,nan,1584,0.5564853544682264,0.5373228761479258,3471,2760,755
FAILED,nan,nan,3275,0.57388833075203,0.018845167774707,2519,4577,4382
FAILED,nan,nan,928,0.2610406555831432,0.6570327569916844,1525,1857,1001
FAILED,nan,nan,4777,0.116471194088459,0.9868458149917424,1227,2956,3291
FAILED,nan,nan,3930,0.899894389661029,0.5779107833020389,345,3712,3916
FAILED,nan,nan,3010,0.4141332832202315,0.4202983370237052,3429,3810,2507
FAILED,nan,nan,472,0.3804623787533492,0.0633598432969301,4398,2505,3779
FAILED,nan,nan,357,0.7250356284994632,0.7781596218049526,1904,2310,1626
FAILED,nan,nan,3813,0.2446034885477274,0.3571160425189882,2850,1416,1763
FAILED,nan,nan,1466,0.9297558170966804,0.9660615434180944,1856,4947,2683
FAILED,nan,nan,2319,0.0836245198156684,0.5957692023869604,2196,4150,4558
FAILED,nan,nan,735,0.6027465958036482,0.3787057032044977,4030,3310,3154
FAILED,nan,nan,4973,0.7707221782542765,0.2047673917878419,3721,1898,1138
FAILED,nan,nan,3704,0.9471911497395484,0.4787446706984192,2156,3012,1556
FAILED,nan,nan,2006,0.6778564004879445,0.1809682970326394,598,1611,4159
FAILED,nan,nan,1779,0.3384896199889481,0.255249652704224,976,2408,3534
FAILED,nan,nan,4126,0.5265911059435457,0.9283989775497468,4982,4033,2023
FAILED,nan,nan,2503,0.0388961465843021,0.0850879228729754,1274,3506,931
FAILED,nan,nan,305,0.3547455005124211,0.9803091166354716,3963,4310,4079
FAILED,nan,nan,1811,0.8346434696186333,0.013770532194525,2282,3158,2988
FAILED,nan,nan,1895,0.183654855415225,0.4234241107665002,1791,2676,4863
FAILED,nan,nan,4554,0.9935533267054708,0.7516816357821227,2917,1206,851
FAILED,nan,nan,981,0.6313413496706635,0.5785999443791807,4483,4805,3454
FAILED,nan,nan,3634,0.4451929676085711,0.2231694687157869,848,1265,1949
FAILED,nan,nan,669,0.0989210229534655,0.1357942180223763,2724,2266,2762
FAILED,nan,nan,3322,0.7860187966451049,0.5556693072393537,1359,3882,1838
FAILED,nan,nan,3839,0.7386862913966179,0.0990747082233429,4158,2870,2308
FAILED,nan,nan,2963,0.1971900886837393,0.8795234879553318,2089,4687,1213
FAILED,nan,nan,616,0.8823422945439815,0.3033497031740844,3205,1771,4637
FAILED,nan,nan,422,0.2309518571533262,0.520154542023316,710,3376,2484
FAILED,nan,nan,4036,0.3980135053731501,0.8179253500830382,1653,1965,4461
FAILED,nan,nan,1382,0.7089157279636711,0.4896673491839319,3018,4099,1075
FAILED,nan,nan,2403,0.3074480414800346,0.0722163825500756,3538,4854,1700
FAILED,nan,nan,4749,0.6202958319019526,0.7439056931491941,2422,1519,2586
FAILED,nan,nan,3440,0.6603196117170155,0.937969345746562,3343,3570,4727
FAILED,nan,nan,4439,0.1509281483944505,0.0328310329597443,411,3980,3630
FAILED,nan,nan,2092,0.960826543468982,0.6442187716159969,4296,2472,2085
FAILED,nan,nan,4346,0.8643850487731397,0.4033869762625545,1142,4426,4255
FAILED,nan,nan,2767,0.3209547180216759,0.6219125382211059,2584,3117,2852
FAILED,nan,nan,2771,0.8647551922481507,0.1490720197036862,3404,3692,4454
FAILED,nan,nan,4355,0.3244810490272939,0.8646483034268022,321,3751,3363
FAILED,nan,nan,1696,0.5106294868569821,0.4429443939812481,4347,2291,2486
FAILED,nan,nan,4440,0.6636041771825403,0.6971846414804459,1232,4558,3988
FAILED,nan,nan,3445,0.1515438644774258,0.2929956069290638,2523,2897,2579
FAILED,nan,nan,789,0.3068304441701621,0.3149503037072718,649,3264,2088
FAILED,nan,nan,4753,0.0686375101041048,0.0173012883588671,1602,2175,4719
FAILED,nan,nan,1383,0.2274274371173232,0.7803171529732644,3447,4752,1308
FAILED,nan,nan,4042,0.9145251550413668,0.4189186225384473,2473,1368,2844
FAILED,nan,nan,2412,0.7537897791676224,0.6597485143579542,3108,4260,683
FAILED,nan,nan,3082,0.3956920592989773,0.5750696603804827,3764,1153,4253
FAILED,nan,nan,625,0.4281447317898273,0.9646551683042198,2776,2349,2981
FAILED,nan,nan,2966,0.7409924664441496,0.3592392914872616,1269,4014,1484
FAILED,nan,nan,4870,0.7873673677165062,0.7984050668682903,4097,2992,1951
FAILED,nan,nan,3329,0.2772411458715796,0.2075174239184707,2180,4457,859
FAILED,nan,nan,670,0.5881434316653759,0.5942519910354167,3154,1591,4856
FAILED,nan,nan,984,0.1811012339685112,0.1826375717464834,4054,4208,3852
FAILED,nan,nan,1904,0.6299946895688773,0.8387625646237284,2221,3329,2754
FAILED,nan,nan,311,0.8323354133442045,0.2565044477749615,4393,4966,3227
FAILED,nan,nan,2652,0.0224369625020772,0.9263687452133744,899,1475,2311
FAILED,nan,nan,1813,0.3531570823062211,0.7259921914804727,1852,2564,4630
FAILED,nan,nan,4159,0.5393055034056305,0.0835444895979017,2816,1065,1219
FAILED,nan,nan,2509,0.5242831128723919,0.6839423637576402,2095,2850,1765
FAILED,nan,nan,4127,0.037307546203956,0.3415805873163044,4162,4628,361
FAILED,nan,nan,694,0.5301727974414825,0.9494484537839888,2514,4537,2609
FAILED,nan,nan,3528,0.2812718780506402,0.2250247051250189,1941,822,21
FAILED,nan,nan,4670,0.8480158271174878,0.6739798238854855,3890,1603,2275
FAILED,nan,nan,2364,0.0988976433183997,0.4010431543700397,720,2818,4706
FAILED,nan,nan,1254,0.8954123870264739,0.0062659584004431,124,3627,3304
FAILED,nan,nan,4215,0.1460381927844136,0.7939172504618764,4486,2420,889
FAILED,nan,nan,2741,0.7322875983212144,0.3701801344081759,1286,77,1736
FAILED,nan,nan,541,0.4836199668664485,0.580132907288149,3168,3783,4307
FAILED,nan,nan,206,0.7796977218389511,0.300604699421674,4985,1155,4609
FAILED,nan,nan,3074,0.0318054808154702,0.5269114424493164,564,4870,2177
FAILED,nan,nan,3885,0.5985436560772359,0.0758148033972829,3607,2526,510
FAILED,nan,nan,1583,0.3484321569539607,0.8471730383969843,1784,1311,3098
FAILED,nan,nan,1947,0.4218268552552908,0.1013963011521846,4592,4385,1109
FAILED,nan,nan,2068,0.6459468932263553,0.7447775841895491,2380,2089,3895
FAILED,nan,nan,1098,0.9573870481867344,0.5471325440276414,1552,2979,1521
FAILED,nan,nan,4772,0.6702441645618528,0.8274354344382883,175,680,3675
FAILED,nan,nan,3434,0.2077777749393135,0.2745320899114012,3371,1774,3931
FAILED,nan,nan,4965,0.3955660291798413,0.4569483752697706,3012,3296,1328
FAILED,nan,nan,1788,0.5916677634026856,0.4922759519033134,3937,3935,1901
FAILED,nan,nan,2952,0.7864673158992082,0.133274086875841,2776,2250,2826
FAILED,nan,nan,3997,0.3434911470394581,0.7035985591094941,829,218,4489
FAILED,nan,nan,20,0.0366096166018396,0.920347414728254,2148,3466,395
FAILED,nan,nan,2621,0.4572518253475428,0.9745466379523278,4123,2688,3267
FAILED,nan,nan,349,0.7078544585332275,0.201879496583715,956,1482,696
FAILED,nan,nan,4330,0.919708767939359,0.4237048652917147,2333,4719,4109
FAILED,nan,nan,1452,0.1722999130003154,0.6493727458957582,2903,1014,1695
FAILED,nan,nan,2237,0.8411408285833896,0.7556656263507903,3556,512,297
FAILED,nan,nan,2342,0.2528614992909133,0.5051096743606031,4051,3673,753
FAILED,nan,nan,1547,0.7374707864560187,0.8997649865318089,4647,2928,2490
FAILED,nan,nan,4481,0.0939557429812848,0.0464706232007592,1678,4229,2729
FAILED,nan,nan,3729,0.5369413737431169,0.6188756431546062,4719,3135,4977
FAILED,nan,nan,4235,0.4871469912491739,0.1753112609311938,276,1713,4921
FAILED,nan,nan,802,0.2860770195126533,0.3294919719882309,360,1919,2390
FAILED,nan,nan,3663,0.1194613559097051,0.8689709994178265,2674,123,4209
FAILED,nan,nan,868,0.8673498270437121,0.0812887730710208,2093,3830,1639
FAILED,nan,nan,4376,0.5029691690392792,0.295126922680065,872,2467,3167
FAILED,nan,nan,405,0.1347024539411068,0.4507260825354606,1438,4647,197
FAILED,nan,nan,2565,0.8823216196373105,0.7236936826184392,3328,932,2785
FAILED,nan,nan,110,0.6178172504026442,0.6677613363601267,403,456,1204
FAILED,nan,nan,2861,0.3689354044590145,0.3799630617257207,4832,4163,3614
FAILED,nan,nan,3945,0.7524337482508272,0.9556707428004592,1624,3381,3992
FAILED,nan,nan,1839,0.0033345774840563,0.2461086048372089,3455,2175,1426
FAILED,nan,nan,2008,0.9869438572134822,0.3483821752462536,2860,1382,334
FAILED,nan,nan,4711,0.2376115778964012,0.5746589357554912,2220,2597,2922
FAILED,nan,nan,1198,0.3841698847357184,0.7993950290624052,1057,1226,1962
FAILED,nan,nan,3334,0.6327956607509404,0.0280677246302366,4178,4941,4394
FAILED,nan,nan,1079,0.674772774964571,0.4211383094806224,3220,3532,3041
FAILED,nan,nan,3142,0.4241815406754612,0.6324299824014306,1390,2315,609
FAILED,nan,nan,4909,0.9451036171279849,0.2044422453269362,4441,284,2077
FAILED,nan,nan,1649,0.8041416721753776,0.6007277084551752,667,4476,3577
FAILED,nan,nan,2124,0.1977062205709517,0.9914855943787844,13,4000,4665
FAILED,nan,nan,3819,0.0570060561485588,0.3281572368573397,3787,770,1011
FAILED,nan,nan,2969,0.5662156250923872,0.7738097539823502,1986,1864,1385
FAILED,nan,nan,311,0.3154007999226451,0.0478015512637794,2625,3070,3795
FAILED,nan,nan,602,0.9242977281752974,0.8287701714280993,4285,2023,4802
FAILED,nan,nan,2680,0.1747151267100125,0.1195442339926958,1107,3240,2214
FAILED,nan,nan,1354,0.4472407397832721,0.2563879641387611,2484,617,2514
FAILED,nan,nan,4115,0.6956314367931337,0.5458016141057015,3064,4333,82
FAILED,nan,nan,4580,0.3065338683780282,0.9229139723982662,3718,4770,1832
FAILED,nan,nan,2454,0.5546761988233775,0.1502168485112488,1829,1065,4246
FAILED,nan,nan,745,0.065925745697692,0.701035808507353,4881,1534,3365
FAILED,nan,nan,3477,0.815749218562618,0.4753369973357766,511,2739,794
FAILED,nan,nan,723,0.874863202823326,0.4628605471923947,1163,104,3850
FAILED,nan,nan,2471,0.4943001604098826,0.8886097134873271,3125,2448,3447
FAILED,nan,nan,4559,0.7448760846350342,0.16308929319866,2422,3733,1034
FAILED,nan,nan,3495,0.1274810568448156,0.7349441918451339,4229,3889,1280
FAILED,nan,nan,1374,0.511584252262488,0.5172231425177306,3701,1655,4562
FAILED,nan,nan,4096,0.2607541021574288,0.3064173447750509,1847,2949,2131
FAILED,nan,nan,2700,0.8586665158849209,0.8567089961282909,4903,4667,478
FAILED,nan,nan,3030,0.3770155556090176,0.0159238092247396,3282,396,938
FAILED,nan,nan,254,0.625391046654433,0.7881350542157889,1329,4181,3348
FAILED,nan,nan,583,0.1115156344082206,0.0701543812733143,489,875,3065
FAILED,nan,nan,3763,0.9944011140614748,0.5858237933907657,69,2115,1770
FAILED,nan,nan,1709,0.2448336590752005,0.3606137126982212,4385,3400,4337
FAILED,nan,nan,4850,0.0112791390195488,0.9435667402632536,645,1361,67
FAILED,nan,nan,2181,0.7611177434921265,0.2348276334907859,3809,2655,2656
FAILED,nan,nan,3200,0.6092010072134435,0.3910878838039934,2608,1205,2306
FAILED,nan,nan,1019,0.3610434856750071,0.6800137550588697,2003,4998,4739
FAILED,nan,nan,1218,0.5731943829562515,0.0366362865250557,4771,2297,260
FAILED,nan,nan,4731,0.7972312649358064,0.3394177377782762,3512,4060,4936
FAILED,nan,nan,3315,0.3231018596868962,0.7615787426047027,464,3592,2693
FAILED,nan,nan,1989,0.0493579997662454,0.612871216757223,1568,266,2347
FAILED,nan,nan,1817,0.9369682560581714,0.980360242508352,2241,713,662
FAILED,nan,nan,2840,0.6829611394163221,0.6437113645691425,1040,3090,4066
FAILED,nan,nan,3963,0.1893338992688804,0.192190237449482,2838,4497,3228
FAILED,nan,nan,127,0.4326222126018256,0.4332417822256684,4195,1807,1655
FAILED,nan,nan,463,0.8226588822342455,0.7132573542650789,2730,3258,1938
FAILED,nan,nan,2506,0.0735750215314328,0.4864928113259375,2036,1963,4525
FAILED,nan,nan,1488,0.2988320650458336,0.1389659173097461,933,4352,437
FAILED,nan,nan,4294,0.5476986604109406,0.910780048687011,3990,558,2867
FAILED,nan,nan,2285,0.6874423287734389,0.2686494227647781,259,4828,1556
FAILED,nan,nan,4436,0.4388012873083353,0.5569364315960557,4664,1044,3970
FAILED,nan,nan,3606,0.9324343086965382,0.107431191528216,1460,1513,3718
FAILED,nan,nan,928,0.1830867044441401,0.8174792046695948,3307,2796,1148
FAILED,nan,nan,823,0.7248908660449087,0.5688838851973415,4067,803,380
FAILED,nan,nan,3711,0.4764582318030297,0.3580481086540967,1012,4597,2967
FAILED,nan,nan,2219,0.1532529275119304,0.0184932203367352,2272,1585,1994
FAILED,nan,nan,4502,0.9028774662092328,0.8050787694770842,2963,2878,4425
FAILED,nan,nan,1432,0.8566924759075045,0.3897579075079411,1696,2363,1249
FAILED,nan,nan,4054,0.6533448449540883,0.4447154696527868,4536,1252,2754
FAILED,nan,nan,2602,0.5215491473861039,0.2361614168547094,338,3804,4026
FAILED,nan,nan,76,0.9743553708996624,0.1812305636703968,3432,4889,2443
FAILED,nan,nan,2891,0.2269313843529671,0.8899396916422992,1491,1095,4875
FAILED,nan,nan,4350,0.1068500271886587,0.6618724827282131,3540,3648,3662
FAILED,nan,nan,368,0.2733878410868346,0.9617118196617812,4741,19,1456
FAILED,nan,nan,1727,0.4027270206753164,0.7336104066222906,231,2545,165
FAILED,nan,nan,1889,0.6071665616352111,0.8592746020313352,807,3354,1594
FAILED,nan,nan,4831,0.3563174133691936,0.0870942876078188,3960,2069,4161
FAILED,nan,nan,3376,0.7710222925003618,0.5146537295468152,2164,350,3133
FAILED,nan,nan,1157,0.0238523533772677,0.2894736313726753,2758,4135,723
FAILED,nan,nan,963,0.7933843855075539,0.9325808650087564,624,1755,4281
FAILED,nan,nan,3256,0.0442510106153786,0.1444408387504518,4923,3039,1870
FAILED,nan,nan,4945,0.5846975714415312,0.6914603450112045,1728,4445,838
FAILED,nan,nan,2086,0.335781521372497,0.4810216969531029,3664,662,3404
FAILED,nan,nan,1604,0.6620472342073918,0.1136544360294938,2990,161,4839
FAILED,nan,nan,3868,0.4133947492316365,0.838565961541608,2402,3956,2250
FAILED,nan,nan,3096,0.9655157468877732,0.2624299853313714,4347,3486,123
FAILED,nan,nan,188,0.2161567586101591,0.5358534817919135,1201,2192,2556
FAILED,nan,nan,483,0.5439122497867793,0.3183309827651828,1884,2706,3542
FAILED,nan,nan,2800,0.2937854852136224,0.6066479703970253,2570,1422,972
FAILED,nan,nan,4157,0.8342225990090519,0.057719234470278,781,954,1341
FAILED,nan,nan,1313,0.086315033050254,0.7677981818970293,3830,4737,3755
FAILED,nan,nan,2420,0.911580753320828,0.638236441269517,4503,4286,3004
FAILED,nan,nan,4610,0.1639197693634778,0.4114409677628428,107,491,574
FAILED,nan,nan,3571,0.0086089549325406,0.4348318344224244,1776,3729,3196
FAILED,nan,nan,633,0.4656846154537052,0.2139872448444366,1308,3192,4623
FAILED,nan,nan,649,0.7559910562969744,0.6460330894812941,3616,2435,762
FAILED,nan,nan,3585,0.7160502289216966,0.9858313587401062,3146,1898,2036
FAILED,nan,nan,4635,0.6221055415049195,0.9780347700137644,4974,3885,4200
FAILED,nan,nan,2397,0.3715295726656913,0.1905964376702904,575,92,1610
FAILED,nan,nan,1299,0.6383136645182967,0.3417213512342423,1248,885,227
FAILED,nan,nan,4172,0.3874835590273142,0.6144450573138893,4299,4670,2795
FAILED,nan,nan,2776,0.989294413972646,0.034328806515783,2352,2951,4892
FAILED,nan,nan,508,0.242143487881869,0.7600010354947299,3040,1666,2480
FAILED,nan,nan,173,0.5064585056807845,0.1058573268055915,3879,3437,1436
FAILED,nan,nan,3110,0.2580829700212925,0.8151755856368691,731,2144,4022
FAILED,nan,nan,3842,0.8715700946915895,0.2702271540407091,2522,425,3604
FAILED,nan,nan,1628,0.1220026843193918,0.5592439171820879,1932,4218,1175
FAILED,nan,nan,4807,0.927798722103238,0.522450370322913,965,3558,600
FAILED,nan,nan,4930,0.1379481196496635,0.1366441831029951,3196,1179,4404
FAILED,nan,nan,3279,0.7397684216257184,0.714851174492389,155,1335,2892
FAILED,nan,nan,1143,0.6998633617274463,0.8514780207406729,2322,243,4675
FAILED,nan,nan,938,0.4916109447013587,0.4888182931151241,4456,2620,324
FAILED,nan,nan,2101,0.8877867687363178,0.9091899760421366,1258,4964,1991
FAILED,nan,nan,3391,0.4497708830721676,0.0637034729979932,2913,4027,2106
FAILED,nan,nan,1914,0.1799254123196005,0.3128645054679363,4114,2274,3012
FAILED,nan,nan,1742,0.8180356686115264,0.1578401431515813,4691,1827,3824
FAILED,nan,nan,4039,0.0704013564363121,0.8821425378043205,389,3122,1395
FAILED,nan,nan,2916,0.5601301628015936,0.4681058306861669,3587,4528,982
FAILED,nan,nan,53,0.3097911913730204,0.741407500974834,1648,733,3568
FAILED,nan,nan,2586,0.2003044356461614,0.6852629255540669,4583,576,112
FAILED,nan,nan,382,0.9493883409630508,0.3975550687815994,183,4360,2523
FAILED,nan,nan,4373,0.6783265157435089,0.2283643150664866,1541,1983,2204
FAILED,nan,nan,2204,0.5685702287200838,0.5922747072428465,2806,2791,3394
FAILED,nan,nan,1407,0.4294599649924785,0.9383214363213628,3382,3266,4772
FAILED,nan,nan,4516,0.3199291426409036,0.3658447122517973,2117,1496,804
FAILED,nan,nan,3686,0.8096637228112668,0.7816878879461437,3909,1028,1802
FAILED,nan,nan,847,0.0603161631729453,0.0106965572535991,857,4822,4236
FAILED,nan,nan,903,0.5942629828285426,0.2608528414741158,1615,1580,4716
FAILED,nan,nan,3630,0.3458303634580225,0.53354561698623,3464,2865,2304
FAILED,nan,nan,2299,0.026523485513404,0.8408700787648559,4821,799,2580
FAILED,nan,nan,4421,0.7761480390820652,0.1152278323043137,414,4584,11
FAILED,nan,nan,1512,0.9794630339089782,0.6898669337462634,4147,21,4336
FAILED,nan,nan,4268,0.2296206000614911,0.4786956574879586,1088,3815,1746
FAILED,nan,nan,2520,0.6404212790410966,0.934170409720391,2888,3658,860
FAILED,nan,nan,448,0.3922599578704685,0.1467630116622895,2192,2365,3294
FAILED,nan,nan,153,0.8437879416160285,0.98815740378201,883,2573,3107
FAILED,nan,nan,2816,0.0963639401979744,0.2155806802753359,4040,1288,539
FAILED,nan,nan,3978,0.5266758345812559,0.6359142627809197,2084,1132,2167
FAILED,nan,nan,1803,0.2760580251738429,0.4098513988852501,2683,4917,4580
FAILED,nan,nan,1966,0.7299975661337376,0.0600271085705608,3356,4109,3506
FAILED,nan,nan,4756,0.4791484029963612,0.7693753462024033,1410,315,1077
FAILED,nan,nan,3301,0.8899548483453691,0.3160268562473357,4616,2034,1299
FAILED,nan,nan,1233,0.1427849240936338,0.6050745536740869,307,3327,3885
FAILED,nan,nan,1043,0.9162153769936412,0.2426242817025631,3075,628,1119
FAILED,nan,nan,3174,0.1670820169728249,0.9669576069228352,2473,4423,3704
FAILED,nan,nan,2166,0.4547140790764242,0.6566229478847235,1115,1722,1492
FAILED,nan,nan,4864,0.7036301440168172,0.3832912950776517,4276,3016,3921
FAILED,nan,nan,1684,0.5314797919113189,0.8115254226848483,539,2223,424
FAILED,nan,nan,3786,0.2828273218069225,0.0237208961416035,4853,3507,2836
FAILED,nan,nan,3015,0.8388467532452196,0.5624333654362709,1799,3975,4460
FAILED,nan,nan,268,0.0894877500962466,0.3528165662959218,3749,192,1891
FAILED,nan,nan,559,0.6666828208006919,0.5094260332938284,4433,4756,1705
FAILED,nan,nan,2725,0.4165560413561761,0.283026968870312,22,961,4139
FAILED,nan,nan,4082,0.953094713933766,0.8645061648376287,3231,1430,3257
FAILED,nan,nan,1389,0.2051871628463268,0.0935448166634887,1379,2725,667
FAILED,nan,nan,2497,0.7809528831169009,0.4394696582257748,1955,3176,2419
FAILED,nan,nan,4535,0.0332918842881918,0.7271475361976772,2655,1892,4987
FAILED,nan,nan,3510,0.5893207850642502,0.1864801226798445,695,486,2699
FAILED,nan,nan,710,0.3389551864676177,0.8964063096493483,3759,4269,288
FAILED,nan,nan,768,0.6491053337678313,0.1268260190300643,43,2847,2024
FAILED,nan,nan,3452,0.4002044599205255,0.915117376236245,4410,1640,4435
FAILED,nan,nan,4594,0.9708468502052128,0.4987278863023967,1362,859,2938
FAILED,nan,nan,2438,0.2217286217920482,0.7088324641548097,3249,4565,371
FAILED,nan,nan,4139,0.0193692158721387,0.0961537986025214,2016,42,4055
FAILED,nan,nan,1329,0.7687433655001223,0.8209730027187616,2594,3757,1466
FAILED,nan,nan,2665,0.6017201801910996,0.5535987233296037,3815,2386,3652
FAILED,nan,nan,616,0.3530525041222572,0.2797783400435,639,3601,1219
FAILED,nan,nan,287,0.8985698720831424,0.6241181364096701,2455,1307,194
FAILED,nan,nan,2995,0.1506775864455849,0.3359543832596391,3092,2514,2764
FAILED,nan,nan,3805,0.7213141954895109,0.7504193855132908,1138,4857,4846
FAILED,nan,nan,1664,0.4712027409803122,0.0400044643469154,4255,1151,2433
FAILED,nan,nan,2149,0.5192174772527068,0.4289348982069641,4909,372,732
FAILED,nan,nan,4886,0.2688365685921162,0.6558207895755768,483,4088,3162
FAILED,nan,nan,3157,0.8511932992804796,0.196645597115159,3688,3306,4151
FAILED,nan,nan,1065,0.1035170498732477,0.9680947277192028,1860,2092,1565
FAILED,nan,nan,1172,0.8306575857400894,0.3717730567771941,4023,4405,3434
FAILED,nan,nan,4696,0.5396163129471242,0.0046769025847315,2705,1782,1841
FAILED,nan,nan,3358,0.0810483571067452,0.5824555988386273,900,688,847
FAILED,nan,nan,2022,0.2911989590264857,0.7915984254647046,2062,2998,4271
FAILED,nan,nan,1862,0.7105398671738803,0.6755584381483495,1467,3449,2566
FAILED,nan,nan,2876,0.90923789806664,0.947873581526801,245,213,2240
FAILED,nan,nan,3921,0.4623632954247296,0.4033534450661391,3301,2244,153
FAILED,nan,nan,95,0.1593801541551947,0.2227181620113551,4677,3918,4809
FAILED,nan,nan,430,0.5811854834798723,0.8763746254984289,3486,980,3784
FAILED,nan,nan,4251,0.7891413070540875,0.7470841031372547,4804,2665,943
FAILED,nan,nan,2542,0.330582805680111,0.1675141665786504,1593,4696,1351
FAILED,nan,nan,1533,0.0417324967291206,0.4585232363734394,431,1449,3533
FAILED,nan,nan,2318,0.9600734123121948,0.073492132294923,1027,1950,4633
FAILED,nan,nan,3649,0.6597723540756851,0.3029235039707273,2247,4249,564
FAILED,nan,nan,4401,0.2128882820960134,0.8455801253225654,4209,3155,2065
FAILED,nan,nan,883,0.4089080444592982,0.5285004889704287,2831,544,2975
FAILED,nan,nan,787,0.9979172600451856,0.7790565078817308,4561,3711,3477
FAILED,nan,nan,3744,0.2500288037825375,0.0542672862838953,205,2495,1043
FAILED,nan,nan,2262,0.3795304910745471,0.3216953683905303,1524,3866,3841
FAILED,nan,nan,4457,0.6296381756942719,0.5954848211091012,3399,152,1251
FAILED,nan,nan,1467,0.6146397782396525,0.2096765983719378,2178,4612,3075
FAILED,nan,nan,4317,0.3643159979041666,0.997937021292746,2745,905,508
FAILED,nan,nan,2647,0.7633890675101429,0.4159077040180564,801,1687,2121
FAILED,nan,nan,325,0.0157698869425803,0.6259823030699044,3966,2893,4532
FAILED,nan,nan,34,0.7484451299011707,0.4688855908699333,2930,2162,4366
FAILED,nan,nan,2937,0.4995632690861821,0.6958014647569507,2305,3377,1780
FAILED,nan,nan,4021,0.8791631790958345,0.1566645073946565,4093,4158,908
FAILED,nan,nan,1762,0.1300640232004225,0.928144568566233,987,443,3338
FAILED,nan,nan,1932,0.8641733029298484,0.5393359032515437,332,1236,4748
FAILED,nan,nan,4786,0.1148410087414085,0.2511412158161402,4747,4943,2335
FAILED,nan,nan,3409,0.513923525378108,0.8352320157289504,1709,2599,57
FAILED,nan,nan,1121,0.2652977642342448,0.1247871157620102,3526,1393,2627
FAILED,nan,nan,999,0.5520022076684982,0.7213867547083646,748,4008,2377
FAILED,nan,nan,3223,0.3014109882507473,0.4491517791077494,3863,303,4946
FAILED,nan,nan,2044,0.0788340870570391,0.1768894309122115,2544,3539,250
FAILED,nan,nan,4991,0.8262314984854311,0.90207578099519,1910,2334,2663
FAILED,nan,nan,1569,0.9347695386614652,0.2928075307123363,3140,3064,1665
FAILED,nan,nan,3900,0.1876339375060051,0.503521007059142,1314,1848,4095
FAILED,nan,nan,3051,0.6929450726676732,0.0836119126211851,4517,754,3219
FAILED,nan,nan,526,0.8014667329713702,0.0296563863549381,1754,594,466
FAILED,nan,nan,231,0.4421302326265722,0.8705634143017232,94,4470,632
FAILED,nan,nan,2755,0.0518841166347265,0.8017143968641758,3638,4300,2877
FAILED,nan,nan,4190,0.5766988679356873,0.3467897659391165,591,3206,4496
FAILED,nan,nan,1278,0.3283081857971847,0.572335820371285,4956,2001,1929
FAILED,nan,nan,2377,0.6852436448372901,0.9572450369335712,4361,1553,1158
FAILED,nan,nan,4655,0.4371012995205819,0.2484155122991651,1187,2770,3748
FAILED,nan,nan,668,0.1925947504937648,0.377652287710458,2408,1085,1527
FAILED,nan,nan,3552,0.9424182084873318,0.6661831756737083,2983,4801,3960
FAILED,nan,nan,679,0.9441631839945912,0.0520730544608086,3982,1676,2885
FAILED,nan,nan,3543,0.194809006601572,0.7773502945713698,784,2961,453
FAILED,nan,nan,4666,0.6835784392990172,0.324372978862375,2742,4679,1920
FAILED,nan,nan,2369,0.4349288616739213,0.5966998036932201,2181,895,4509
FAILED,nan,nan,4181,0.3261252190284431,0.2084549236763268,3415,3875,1167
FAILED,nan,nan,1288,0.5750441913194955,0.9952546222433448,1507,82,3733
FAILED,nan,nan,2765,0.8032241409346461,0.6281737093348057,209,3719,1541
FAILED,nan,nan,517,0.0540859402865171,0.4176129953041673,4558,2426,3951
FAILED,nan,nan,221,0.6946382363606244,0.6970232435520738,3523,2630,4958
FAILED,nan,nan,3060,0.4442754261437803,0.4715680940188467,1712,1345,2370
FAILED,nan,nan,3890,0.9330506177749484,0.9264394111223518,4763,1189,239
FAILED,nan,nan,1578,0.185394340602681,0.1544732349719852,316,4973,2670
FAILED,nan,nan,2033,0.8245096628125756,0.2528472952842712,989,4209,4090
FAILED,nan,nan,4999,0.0765974049400538,0.5415300012324006,4089,415,1675
FAILED,nan,nan,3212,0.553690553041175,0.1235720290783792,2289,2134,638
FAILED,nan,nan,1008,0.3035610000882298,0.8325543011575938,2947,3427,3208
FAILED,nan,nan,1132,0.5117142065614462,0.4464698708131909,81,723,1795
FAILED,nan,nan,3400,0.263548089377582,0.7201684260684997,4530,4518,4366
FAILED,nan,nan,4796,0.8663487745337188,0.1790803464222699,1321,3112,3323
FAILED,nan,nan,1773,0.8813433500491082,0.5013253624569625,2557,2284,2333
FAILED,nan,nan,1923,0.1165034184642136,0.903777726225555,3133,1817,909
FAILED,nan,nan,4011,0.1317217335738241,0.2910989528559148,1897,3568,4765
FAILED,nan,nan,2947,0.7462386068999767,0.8732424375526607,3856,4036,2629
FAILED,nan,nan,25,0.4978107984140515,0.0848292597513645,755,253,41
FAILED,nan,nan,315,0.7612467887792737,0.8034228706210852,2415,4812,1048
FAILED,nan,nan,2656,0.0140740464050322,0.0318519268576055,2977,1018,3458
FAILED,nan,nan,4306,0.616884193463251,0.5711183393988758,1174,1487,3836
FAILED,nan,nan,1477,0.3660303384121507,0.3441106088459492,4373,2781,1270
FAILED,nan,nan,2252,0.6318702774327248,0.2496339747812599,4950,3276,490
FAILED,nan,nan,4466,0.3812571450676769,0.9599270790703596,598,1992,3078
FAILED,nan,nan,3734,0.9957645713631064,0.3759504465796053,3651,586,4550
FAILED,nan,nan,797,0.2483433731961995,0.663992364263162,1741,4370,2118
FAILED,nan,nan,3638,0.4071887071747332,0.1295051761232316,3820,3668,3775
FAILED,nan,nan,892,0.6575324597451836,0.9163348572086544,634,2374,1365
FAILED,nan,nan,4410,0.9622183084022252,0.7071239903979003,2030,3824,3519
FAILED,nan,nan,2308,0.2145810293909162,0.4965323457997292,2580,31,953
FAILED,nan,nan,1543,0.7912909024935215,0.0978556397333741,3254,789,2057
FAILED,nan,nan,4240,0.04342054467462,0.8231638141293078,1356,4574,4645
FAILED,nan,nan,2551,0.5789483849648386,0.2785598775614053,4397,2855,2983
FAILED,nan,nan,420,0.3288606725800782,0.5509166811928153,58,1571,551
FAILED,nan,nan,86,0.9070650438219308,0.3337634677495807,1874,3337,853
FAILED,nan,nan,2886,0.1577146511897444,0.6224161911793054,3674,2044,3423
FAILED,nan,nan,3911,0.7127537068836391,0.042686372641474,478,325,4266
FAILED,nan,nan,1873,0.4641079735048115,0.7516377141531557,4914,4118,1851
FAILED,nan,nan,2013,0.5418178391717374,0.6531417663246393,4240,4907,141
FAILED,nan,nan,4706,0.2929559505917132,0.4277175510767847,1151,1122,2572
FAILED,nan,nan,3349,0.8284743215441703,0.9702903723213822,3098,1279,4821
FAILED,nan,nan,1183,0.0793932640925049,0.1983541749715805,2450,2564,2233
FAILED,nan,nan,1074,0.8529076992738992,0.5841607562825084,4682,182,2765
FAILED,nan,nan,3146,0.1057616435531526,0.3739643291998654,241,3966,178
FAILED,nan,nan,4894,0.5175216962005943,0.7903766466695815,3285,3497,2431
FAILED,nan,nan,2138,0.2666944683175534,0.0019943994358181,1481,2214,4862
FAILED,nan,nan,3004,0.9002967045325786,0.2210120825432241,915,4432,1580
FAILED,nan,nan,1673,0.7196289433594794,0.40456853174977,2058,1732,3147
FAILED,nan,nan,3795,0.4690501117836684,0.6782361527197063,2709,3026,733
FAILED,nan,nan,277,0.1529097476694733,0.945679483545944,4007,638,4151
FAILED,nan,nan,607,0.6033827683702111,0.1648365561068058,2816,4260,4453
FAILED,nan,nan,2674,0.3552280352115631,0.8751596429143101,2263,476,2021
FAILED,nan,nan,4130,0.766993869099766,0.4607174681965261,4213,1883,353
FAILED,nan,nan,1339,0.0171599565409123,0.7487903164476156,1023,3166,2941
FAILED,nan,nan,2430,0.9690944390185178,0.8433887190576643,447,2735,4051
FAILED,nan,nan,4605,0.2195222772471606,0.0717868410088121,4789,1440,1485
FAILED,nan,nan,3443,0.6507631036266684,0.5311828880198299,1589,971,1223
FAILED,nan,nan,779,0.4023848093301058,0.3041451786663383,3490,4766,3633
FAILED,nan,nan,3499,0.3368130267076194,0.2586609593257308,2872,2395,1714
FAILED,nan,nan,718,0.5876250634975732,0.531840801583603,2207,3611,4124
FAILED,nan,nan,4544,0.7826673425957561,0.842091277576983,1084,52,681
FAILED,nan,nan,2486,0.0355364184826612,0.1179107072371989,4152,3767,3248
FAILED,nan,nan,1398,0.9548214868977666,0.4774811507873237,4806,4556,4995
FAILED,nan,nan,4072,0.2074193835556507,0.6871888473909348,429,849,2406
FAILED,nan,nan,2734,0.6649975091852248,0.1484687490891665,3468,1631,279
FAILED,nan,nan,549,0.4144034716449677,0.9363651174269616,1611,2837,2712
FAILED,nan,nan,259,0.8370971973594278,0.2182588707301765,302,2101,3699
FAILED,nan,nan,3025,0.0872785502504557,0.9893720145821572,4620,3316,1129
FAILED,nan,nan,1694,0.2850029123816639,0.6342086591962725,3341,383,3911
FAILED,nan,nan,3777,0.5331423206049949,0.4076568250209093,1426,4097,1498
FAILED,nan,nan,2157,0.7052879733610898,0.7715670945085585,2687,1141,2848
FAILED,nan,nan,4875,0.456894369000569,0.0617317901309579,2079,4848,417
FAILED,nan,nan,3166,0.9144630252923815,0.6023915746416897,4025,2504,1880
FAILED,nan,nan,1054,0.1648756129425019,0.3148055533356965,898,1297,4467
FAILED,nan,nan,3291,0.1444777308739721,0.2399457343351096,1813,203,3124
FAILED,nan,nan,1242,0.8920996849499643,0.9657397839091718,3735,3909,537
FAILED,nan,nan,4765,0.7277576123178006,0.6583320016246289,4858,2234,4581
FAILED,nan,nan,1955,0.4774291251972318,0.3854864637963474,533,3439,2151
FAILED,nan,nan,1812,0.5244387955516576,0.0220184750277549,1129,3008,1092
FAILED,nan,nan,3968,0.2743358325883746,0.8093349830582738,4262,1791,3506
FAILED,nan,nan,2826,0.8459375965408981,0.3540353708192706,2467,698,3870
FAILED,nan,nan,142,0.0980519286580383,0.5651147978473454,3081,4414,1300
FAILED,nan,nan,438,0.6426351782362908,0.2852173043973744,3764,534,2286
FAILED,nan,nan,2531,0.3940045764651149,0.511128350308165,690,4239,4719
FAILED,nan,nan,4259,0.9772902391497046,0.0908632504101842,2641,3145,2598
FAILED,nan,nan,1522,0.2279550376106053,0.8632872264720499,1969,1940,9
FAILED,nan,nan,2290,0.7739647154007107,0.7298262174073606,1374,1458,1751
FAILED,nan,nan,3621,0.5964644495677203,0.8942112450301647,36,4706,3289
FAILED,nan,nan,4432,0.0248684519845992,0.4406876150816679,3237,2675,4317
FAILED,nan,nan,913,0.3475874145086854,0.1847711730394512,4418,990,879
FAILED,nan,nan,857,0.8118391349297017,0.4375134006757289,3033,2903,104
FAILED,nan,nan,3677,0.0619786323811858,0.6472520278468729,2358,1696,2536
FAILED,nan,nan,4527,0.5663608504179866,0.188406102143228,4313,915,4780
FAILED,nan,nan,2195,0.3181795272696763,0.976332452999428,1236,4622,2191
FAILED,nan,nan,1417,0.6761200522277504,0.6166401219330728,581,3857,818
FAILED,nan,nan,4364,0.4277074348349124,0.3434303008746355,4966,142,3385
FAILED,nan,nan,2597,0.95156857140176,0.7573223542850465,1763,2486,4222
FAILED,nan,nan,372,0.2019620865341276,0.0331108496598899,3629,3701,1812
FAILED,nan,nan,42,0.5623746375106276,0.8134665318969637,4468,1402,2095
FAILED,nan,nan,2926,0.3115054723955691,0.1036621580868959,142,2609,4682
FAILED,nan,nan,4029,0.8158934493660926,0.5604617401957512,3190,4952,3024
FAILED,nan,nan,1751,0.0687054564133286,0.2729057014081627,1265,1246,593
FAILED,nan,nan,1904,0.9256459739357232,0.1354253785796463,1919,433,1400
FAILED,nan,nan,4817,0.178240041218698,0.906508543631062,2535,4149,3813
FAILED,nan,nan,3381,0.7020954039804638,0.4905207142289728,738,3367,3562
FAILED,nan,nan,1152,0.4514975965507328,0.7170416141189635,3873,2152,992
FAILED,nan,nan,949,0.7381032755728811,0.065898046862334,1651,4461,4007
FAILED,nan,nan,3271,0.4894384473692625,0.8531836243253201,3584,744,1437
FAILED,nan,nan,4941,0.8895318037290126,0.3101863150130957,372,1838,1190
FAILED,nan,nan,2091,0.1401623162720352,0.5212357595227659,4707,3054,3604
FAILED,nan,nan,1638,0.8733274431694299,0.8848255168367177,4112,3550,4405
FAILED,nan,nan,3833,0.1242045674566179,0.1590614460632205,968,2344,1975
FAILED,nan,nan,3120,0.5048037695791572,0.7392157526686788,2930,313,322
FAILED,nan,nan,164,0.2559000627379864,0.4664011491257697,2305,4018,2909
FAILED,nan,nan,498,0.987575433600694,0.6840417267419397,841,1075,3192
FAILED,nan,nan,2785,0.2399039504639804,0.3948721938487142,3926,4792,781
FAILED,nan,nan,4162,0.6400067687258124,0.9400262517239898,2120,2760,1614
FAILED,nan,nan,1308,0.3896288120299577,0.2305561972148716,2803,1544,4181
FAILED,nan,nan,2386,0.6237939463630319,0.3641389748249203,3399,2011,2812
FAILED,nan,nan,4644,0.3736795250177383,0.5900799995362759,1525,3216,223
FAILED,nan,nan,3561,0.7542692801095545,0.0119110639542341,4580,4310,2462
FAILED,nan,nan,657,0.0063722133301198,0.7843659743014723,186,605,4895
FAILED,nan,nan,644,0.7181925076525658,0.3563418804723769,4735,3774,962
FAILED,nan,nan,3575,0.4673804559912533,0.5666896385028959,344,67,3548
FAILED,nan,nan,4620,0.9093363380972296,0.0197082177922129,3554,2411,3765
FAILED,nan,nan,2411,0.1622054288554936,0.8077563948202878,1682,3617,1336
FAILED,nan,nan,4148,0.0845883790571242,0.3870755530726165,2958,1613,2992
FAILED,nan,nan,1324,0.831990497270599,0.6606508526466787,2278,2828,580
FAILED,nan,nan,2810,0.5460649384688586,0.9634170663338154,998,832,4616
FAILED,nan,nan,474,0.2954709157999605,0.2383527785055339,4081,4546,2047
FAILED,nan,nan,178,0.9677250657044352,0.8926221799198538,2772,361,1861
FAILED,nan,nan,3105,0.2179064334668219,0.182452327594161,2151,4068,4295
FAILED,nan,nan,3857,0.6598717626035213,0.7314191490709782,3954,3286,3413
FAILED,nan,nan,1613,0.4117323395088315,0.4430103270802646,812,2080,823
FAILED,nan,nan,2076,0.5825174004882574,0.0892884302027523,217,1321,2263
FAILED,nan,nan,4954,0.3341238109990954,0.8609807261135429,4550,2536,4831
FAILED,nan,nan,3245,0.7955909085087478,0.2867958721872419,1496,4880,2543
FAILED,nan,nan,973,0.0460034812875092,0.5134385982491076,3426,1165,131
FAILED,nan,nan,1167,0.7693291288074106,0.1432225249819457,1205,3476,4872
FAILED,nan,nan,3367,0.0217071598600596,0.9298989715855568,4343,2259,2460
FAILED,nan,nan,4841,0.6088854825217277,0.4827236273121089,2387,228,168
FAILED,nan,nan,1880,0.3585570102725178,0.693651245649904,3005,3944,2736
FAILED,nan,nan,1737,0.6550666806269437,0.8368573390711099,3659,4376,4180
FAILED,nan,nan,4044,0.4049637027923017,0.1114587468132376,1732,670,1590
FAILED,nan,nan,2902,0.9726670255269856,0.5370708735361696,4939,1764,704
FAILED,nan,nan,68,0.2247813725154847,0.2651090531963855,609,2969,3138
FAILED,nan,nan,357,0.5198041718788445,0.6088435257710516,1293,1928,2951
FAILED,nan,nan,2610,0.2711735849790275,0.320039471393451,3161,3145,383
FAILED,nan,nan,4339,0.8583576814457774,0.7651190099325031,111,4238,2011
FAILED,nan,nan,1441,0.1090224650353193,0.0565017386265099,4499,522,4423
FAILED,nan,nan,2209,0.9045321428254248,0.4141229652855545,3845,1003,3663
FAILED,nan,nan,4511,0.1554358942806721,0.6394548591375351,765,4709,1233
FAILED,nan,nan,3701,0.7231334580816329,0.2117964780479669,2566,2678,1455
FAILED,nan,nan,832,0.4742564081512391,0.98412956222333,1889,1472,4041
FAILED,nan,nan,937,0.9307717205174268,0.7376233638096601,506,4637,4518
FAILED,nan,nan,3596,0.1809111733548343,0.4640780430361628,4886,922,1950
FAILED,nan,nan,4445,0.6891918251737952,0.8864141581133008,1843,1703,444
FAILED,nan,nan,2275,0.4410105466395616,0.1613808045703917,3704,2918,2856
FAILED,nan,nan,1497,0.5494510715976357,0.3086081115715205,3109,3683,3980
FAILED,nan,nan,4283,0.3010384095907211,0.5189249390345066,2439,2476,1551
FAILED,nan,nan,2515,0.8210011123754084,0.0674723837506026,4232,133,1138
FAILED,nan,nan,453,0.0713946721218526,0.8554905782602727,1160,3839,3724
FAILED,nan,nan,119,0.6812467394229025,0.0142218788657337,2000,1216,2680
FAILED,nan,nan,2850,0.4303776189219206,0.7859441535770894,2611,4931,268
FAILED,nan,nan,3954,0.938664037110284,0.3618320264667272,662,2587,2360
FAILED,nan,nan,1828,0.1914759995434433,0.5885056868139654,3792,1372,4928
FAILED,nan,nan,1980,0.798916517065838,0.9423493485189974,4388,2184,3238
FAILED,nan,nan,4741,0.0515106289628893,0.2321485656257718,66,3391,648
FAILED,nan,nan,3306,0.5714675505068153,0.6817223775293678,3265,4172,1646
FAILED,nan,nan,1228,0.3208696984630078,0.3932835730202496,1345,466,4080
FAILED,nan,nan,1029,0.6113738614581525,0.7637700001560151,4182,3080,919
FAILED,nan,nan,3189,0.3627089886404574,0.0383414290975779,1053,1874,3352
FAILED,nan,nan,4859,0.7589039037823677,0.6101887284796685,2845,781,4356
FAILED,nan,nan,2171,0.0095344609394669,0.338195973854512,2235,4486,1766
FAILED,nan,nan,1718,0.9921995878368616,0.1948679966349154,1580,3991,70
FAILED,nan,nan,3752,0.243076667509973,0.9815753738060594,3499,274,2638
FAILED,nan,nan,3039,0.6275743108503521,0.4310476396307349,458,2306,4735
FAILED,nan,nan,244,0.3786706486232579,0.6420052404869347,4778,3522,2324
FAILED,nan,nan,574,0.8609064102154225,0.4852778138704598,3313,1543,1280
FAILED,nan,nan,2710,0.1132349716927856,0.7105797289218754,1453,2749,3865
FAILED,nan,nan,4087,0.5094393561724574,0.1406721454914659,4651,4780,3448
FAILED,nan,nan,1385,0.259061354862526,0.9129742953814566,272,1075,1018
FAILED,nan,nan,2462,0.7427264891956001,0.5552311849240213,926,607,2148
FAILED,nan,nan,4569,0.4926121124643832,0.2664580611139536,3997,4324,4560
FAILED,nan,nan,3485,0.8771003013383597,0.8187008347511292,2049,3230,3049
FAILED,nan,nan,734,0.1292031899448484,0.1101135459635406,2718,2014,480
FAILED,nan,nan,754,0.8135353193674236,0.8667791618835181,1432,864,2220
FAILED,nan,nan,3467,0.0641811271030455,0.0795840022824704,3335,4658,4790
FAILED,nan,nan,4590,0.556848993582651,0.5077925046794116,289,2939,2507
FAILED,nan,nan,2443,0.308199430828914,0.2963480768781155,4634,1646,94
FAILED,nan,nan,1363,0.6978147604744881,0.1726331597045064,4058,2458,1821
FAILED,nan,nan,4105,0.4488957733120769,0.8985504649598152,865,3743,4252
FAILED,nan,nan,2689,0.9220962614361196,0.4529208051133901,2661,3899,3375
FAILED,nan,nan,591,0.1729580756593495,0.7253994349166751,2105,114,789
FAILED,nan,nan,302,0.564070788487792,0.3811777171399444,1070,4989,622
FAILED,nan,nan,2980,0.3137079931423068,0.670439571429044,4165,1195,3033
FAILED,nan,nan,3810,0.8063816259913147,0.2444029566384851,2213,1352,4652
FAILED,nan,nan,1659,0.0587253339476883,0.953476124322042,2866,2645,2085
FAILED,nan,nan,2114,0.947340656157583,0.5763636024445296,3443,3410,1002
FAILED,nan,nan,4920,0.19942841315642,0.3505739086810499,1637,2125,3591
FAILED,nan,nan,3133,0.6726231200397015,0.7981737410221249,4839,406,3804
FAILED,nan,nan,1089,0.4224935522153973,0.0253847604691982,396,4191,1370
FAILED,nan,nan,1207,0.6345452166367322,0.6297513904199005,2628,1816,3633
FAILED,nan,nan,3324,0.3863790845815092,0.4199204418528825,1982,3100,1200
FAILED,nan,nan,4720,0.9852813285198062,0.9936808077115564,3771,4506,1407
FAILED,nan,nan,1998,0.2354359873216599,0.2061513436809182,684,723,3997
FAILED,nan,nan,1848,0.7507759189065546,0.3259668121021241,10,256,2919
FAILED,nan,nan,3935,0.0011542875599116,0.5990253022126854,4444,4051,351
FAILED,nan,nan,2871,0.6195696021039039,0.0504829688034951,1407,3582,1965
FAILED,nan,nan,100,0.3711418084893376,0.7750285436343402,3204,2287,4376
FAILED,nan,nan,396,0.8840173412039876,0.1212465063929557,4864,2806,4210
FAILED,nan,nan,2576,0.1368446137011051,0.8309604623410851,527,1522,1623
FAILED,nan,nan,4227,0.7357563269771635,0.2551690703872591,3722,1054,752
FAILED,nan,nan,1558,0.4849024570547044,0.5431200924664735,1827,4837,3182
FAILED,nan,nan,2333,0.5012423960752785,0.9241319441255182,2500,4342,4905
FAILED,nan,nan,4386,0.2506292785815894,0.1528955445922911,3048,547,2492
FAILED,nan,nan,3654,0.8690351386591793,0.699326843995601,1104,1954,214
FAILED,nan,nan,878,0.1216139256209135,0.4731419178452343,4288,3248,2783
FAILED,nan,nan,812,0.538660354115069,0.2262435988765209,3183,9,3277
FAILED,nan,nan,3720,0.288316556930542,0.9521299698464571,1271,3794,691
FAILED,nan,nan,4491,0.8394477243758738,0.3993408819697797,4482,3638,1685
FAILED,nan,nan,2228,0.0918104899786412,0.6717895329724998,128,2353,4115
FAILED,nan,nan,1463,0.9180203630812466,0.7956262149736285,705,1594,2722
FAILED,nan,nan,4322,0.1701499606482684,0.0084610378909856,3906,2888,309
FAILED,nan,nan,2632,0.7095762347206473,0.578914935560897,1945,4606,2396
FAILED,nan,nan,340,0.4594885669499636,0.3675014383271336,2509,813,4966
FAILED,nan,nan,9,0.7881324619520456,0.5247162291165441,4326,4125,3941
FAILED,nan,nan,2961,0.0387821139339357,0.298895601067692,1222,340,1507
FAILED,nan,nan,3987,0.5899227284099907,0.8498516303785145,3027,2059,1099
FAILED,nan,nan,1796,0.3412769504170865,0.0770326710250228,2364,3344,3689
FAILED,nan,nan,1937,0.6684868160840124,0.4542669577300549,1789,2555,4476
FAILED,nan,nan,4781,0.4196249721180647,0.7435587945375591,3603,1261,1909
FAILED,nan,nan,3424,0.9590417842883616,0.1712832000199705,548,1105,408
FAILED,nan,nan,1107,0.2099606822226196,0.88038729827106,5000,4898,2819
FAILED,nan,nan,994,0.9795767189413308,0.2762377381101251,2133,2202,2180
FAILED,nan,nan,3228,0.2324306186065077,0.5493271625060588,2789,3497,4591
FAILED,nan,nan,4976,0.6480891124717891,0.1001816457379609,835,3965,3094
FAILED,nan,nan,2058,0.3972619292028248,0.824757199369371,3932,171,527
FAILED,nan,nan,1878,0.7362477789148688,0.9285811098702252,3787,4894,1564
FAILED,nan,nan,4505,0.476916304975748,0.8679029486477375,3071,1833,3072
FAILED,nan,nan,4130,0.9956374305393548,0.6056881598830223,3708,1882,4944
FAILED,nan,nan,326,0.808510343901813,0.3771910395026207,2418,2683,2066
FAILED,nan,nan,1677,0.225873309476301,0.6585673046298325,4399,3888,944
FAILED,nan,nan,731,0.2897905437480658,0.1461559284031391,1781,3532,188
FAILED,nan,nan,3566,0.3213145166076719,0.7013262396398932,1888,4427,4666
FAILED,nan,nan,4766,0.6429008346144109,0.482324320172891,4890,3375,3583
FAILED,nan,nan,1261,0.9019822159819304,0.0537020129207521,2625,1057,516
FAILED,nan,nan,3872,0.1318563639856875,0.2434987585004419,4273,2838,4204
FAILED,nan,nan,2658,0.4102607451211661,0.0091455674692988,4567,2041,786
FAILED,nan,nan,2565,0.8396078824047,0.9635481666568668,1257,4358,2788
FAILED,nan,nan,2462,0.8656634790804237,0.7347385441884399,297,3691,4311
FAILED,nan,nan,1162,0.1696376702189445,0.4567117440663278,2926,4740,2603
FAILED,nan,nan,287,0.6811390484776347,0.1945526634119451,3539,4047,4481
FAILED,nan,nan,1481,0.347887815028429,0.9735051260516048,935,2529,3690
FAILED,nan,nan,3707,0.9280377011224628,0.2790922433957457,3929,1679,1415
FAILED,nan,nan,3293,0.2017669836003333,0.883964585987851,3405,3221,1920
FAILED,nan,nan,546,0.4406272503770888,0.5801375694591552,4107,1216,4049
FAILED,nan,nan,1847,0.5245022730175406,0.3610827153902501,1420,2196,2945
FAILED,nan,nan,4647,0.772678189497441,0.167386587979272,1030,4585,1168
FAILED,nan,nan,2097,0.0146431091763079,0.0989307729881256,2039,1522,4817
FAILED,nan,nan,2145,0.9793062990810724,0.4980700656846166,832,3799,3964
FAILED,nan,nan,795,0.0497169952988624,0.715670604955405,3446,2738,2881
FAILED,nan,nan,4351,0.7233106484636664,0.0378334876112639,1692,1732,2032
FAILED,nan,nan,576,0.5361829762663692,0.9446953760199248,2824,3470,4749
FAILED,nan,nan,4599,0.236842185838148,0.2980383527390658,2314,1976,150
FAILED,nan,nan,3073,0.7116236323229969,0.6529922617655247,2786,2996,41
FAILED,nan,nan,1719,0.499114128023386,0.230066659964621,205,5000,3334
FAILED,nan,nan,3659,0.0799616911131888,0.1327253783475607,2733,4267,2266
FAILED,nan,nan,159,0.3439982166923582,0.3410401667822152,4842,1264,4240
FAILED,nan,nan,3982,0.4063762550968677,0.6729129804838448,976,3315,1521
FAILED,nan,nan,1210,0.8227908739093691,0.0730448510814458,4201,2446,3620
FAILED,nan,nan,2356,0.1423341285921633,0.8534364002477378,1524,1005,4392
FAILED,nan,nan,2615,0.1825215017199516,0.5642084954120219,50,1573,3493
FAILED,nan,nan,2786,0.5680724871270358,0.3929373817276209,3341,4530,398
FAILED,nan,nan,2263,0.6078029600605369,0.1816704045571386,4463,2579,1374
FAILED,nan,nan,67,0.90589317702502,0.6394998375624418,1844,4841,2491
FAILED,nan,nan,3440,0.67017778625153,0.8322666574753821,673,2130,4113
FAILED,nan,nan,1370,0.1201491906475275,0.4185488889552652,3840,3624,744
FAILED,nan,nan,1068,0.4265842624437064,0.8997708802372217,2472,3953,623
FAILED,nan,nan,3229,0.4574342653192579,0.4379208275768906,1348,3049,4857
FAILED,nan,nan,4380,0.5140259360615164,0.7212464787568897,4374,4108,3149
FAILED,nan,nan,4180,0.0270420154072344,0.989312730839476,4983,4684,3779
FAILED,nan,nan,1627,0.75004778836295,0.8048575840387493,3203,1418,237
FAILED,nan,nan,2003,0.2703109950441867,0.5445936796162277,2561,2287,2119
FAILED,nan,nan,2823,0.9371697666887194,0.2088370767030865,1991,3156,2988
FAILED,nan,nan,2879,0.4851850230973213,0.5147244846839458,3126,3771,4153
FAILED,nan,nan,627,0.2487002458423376,0.9569308934193104,4298,1795,2375
FAILED,nan,nan,4182,0.5418926290944218,0.2937053025644273,1153,2800,2756
FAILED,nan,nan,4450,0.0615769681315869,0.0568931741695851,510,3494,4635
FAILED,nan,nan,427,0.7290145851131529,0.688923442689702,4940,2000,504
FAILED,nan,nan,3256,0.9717749698534608,0.7749253048021346,2518,4932,3531
FAILED,nan,nan,263,0.7757839984409511,0.8153452752772719,3895,620,3572
FAILED,nan,nan,1227,0.5990297933630645,0.2220936801917851,2525,3376,4065
FAILED,nan,nan,1181,0.4198514842912554,0.5802096769604832,914,2469,3501
FAILED,nan,nan,2268,0.9679995445162056,0.658122439082712,1376,2331,4922
FAILED,nan,nan,1609,0.9402971316669136,0.3258454320710152,4259,2888,3973
FAILED,nan,nan,4458,0.3075590152777731,0.6011949377376586,595,816,2013
FAILED,nan,nan,1581,0.0123142497297376,0.9969021829143166,2296,1987,3287
FAILED,nan,nan,2697,0.8319014903288334,0.368270671447739,4584,1259,613
FAILED,nan,nan,2318,0.0404042213447392,0.0191975790131837,4569,3173,2986
FAILED,nan,nan,3798,0.2753450522627682,0.3836856779381632,2540,917,1711
FAILED,nan,nan,3366,0.8659428533576429,0.647796968344599,2320,510,934
FAILED,nan,nan,480,0.5686251467894763,0.762815250551328,570,1964,4386
FAILED,nan,nan,4503,0.736665437310934,0.2107954664342105,3476,1666,82
FAILED,nan,nan,2671,0.1538432786334306,0.9446679959893226,1351,416,2431
FAILED,nan,nan,4165,0.887593148291111,0.8645946986842901,4840,2222,1931
FAILED,nan,nan,311,0.2063052696809172,0.4874274018742144,2049,1520,4176
FAILED,nan,nan,3654,0.4724336340595036,0.1034164469894021,60,2705,518
FAILED,nan,nan,844,0.8051048408281058,0.1695942904651165,1779,1149,2626
FAILED,nan,nan,3556,0.6434573673363775,0.8899113905169069,4189,997,4234
FAILED,nan,nan,1350,0.3353302890248597,0.924925837676972,3434,707,4965
FAILED,nan,nan,1913,0.6838379751835019,0.7301139382347465,3050,118,3391
FAILED,nan,nan,422,0.3040399247650057,0.2394668700732291,3913,36,678
FAILED,nan,nan,3126,0.5079106204472482,0.3040452858898789,955,3486,1431
FAILED,nan,nan,4724,0.1005096093919128,0.5408832142334431,3832,2097,965
FAILED,nan,nan,746,0.0726770489159971,0.833289287397638,2782,2970,1335
FAILED,nan,nan,4937,0.7715388287026436,0.4541578038148582,338,279,4754
FAILED,nan,nan,4053,0.6032818801421672,0.6107538828719408,1708,2841,2924
FAILED,nan,nan,2871,0.3680435105115175,0.7026762922704219,4483,1585,2717
FAILED,nan,nan,1409,0.5385451903119683,0.0740750068407505,2397,2606,1174
FAILED,nan,nan,2128,0.4494665620904415,0.2710869156289845,1432,1828,2182
FAILED,nan,nan,4601,0.3775121437422931,0.7946013115923851,1965,3349,3870
FAILED,nan,nan,1083,0.1344993204735219,0.1134778981283307,3607,1907,1804
FAILED,nan,nan,966,0.7156532984115184,0.4174359108805656,4915,790,2208
FAILED,nan,nan,4223,0.2477823056392371,0.1404441554769873,678,647,3143
FAILED,nan,nan,56,0.9075145733989776,0.5098602621015161,3702,3092,468
FAILED,nan,nan,3151,0.0087931348532438,0.3583231525775045,3197,2304,4648
FAILED,nan,nan,2416,0.8361515527442097,0.9792018082663416,1183,1383,1775
FAILED,nan,nan,1863,0.1757082081716507,0.6757133456580341,301,1286,183
FAILED,nan,nan,2612,0.9798344628270717,0.0490177653823047,2819,2015,3717
FAILED,nan,nan,1746,0.725126475771889,0.8551615829057991,1493,3238,706
FAILED,nan,nan,2574,0.4316950577329844,0.4779657572526484,4126,458,2872
FAILED,nan,nan,4640,0.959945638526231,0.7401430534627289,772,961,4597
FAILED,nan,nan,3268,0.5801641678139567,0.1788713685106486,4388,365,3765
FAILED,nan,nan,2455,0.2635015383064746,0.5502497788220644,2491,2953,2338
FAILED,nan,nan,3936,0.0597481200192123,0.9147083488050848,399,1711,3612
FAILED,nan,nan,383,0.84629428701289,0.2939210906289518,2721,2410,313
FAILED,nan,nan,2088,0.8992006537821143,0.2010347959641367,202,759,1306
FAILED,nan,nan,1526,0.1122998076677322,0.3936233343090862,1126,169,340
FAILED,nan,nan,628,0.5274906465578825,0.6382438648659736,4012,1476,2051
FAILED,nan,nan,4340,0.6642580085583031,0.335486016318202,1908,2155,2767
FAILED,nan,nan,95,0.4918309041820466,0.9544018924366684,4972,1105,1147
FAILED,nan,nan,3438,0.1945150119196623,0.5703595013581216,2918,3420,4803
FAILED,nan,nan,2910,0.793497275851667,0.7727243892326952,3253,2640,3248
FAILED,nan,nan,4898,0.3159330783877522,0.0096121507771313,1608,2279,4337
FAILED,nan,nan,3693,0.9269113694969564,0.4232081962954253,1251,1629,1090
FAILED,nan,nan,2030,0.2282028167564422,0.800405918046832,4359,2547,2518
FAILED,nan,nan,4125,0.461074541606009,0.6697926979903132,3531,228,1555
FAILED,nan,nan,3837,0.8243075647633523,0.0794837674647569,3771,3284,2400
FAILED,nan,nan,882,0.3564354715105146,0.3643922684565187,470,3157,3345
FAILED,nan,nan,4840,0.5503358663301915,0.9851814227309078,2641,596,551
FAILED,nan,nan,1311,0.7521420920901001,0.6051300656683744,4625,1769,4129
FAILED,nan,nan,3008,0.0922565972842276,0.2337497443873435,2265,1043,1962
FAILED,nan,nan,598,0.020332633620128,0.7081135854553431,1840,842,4019
FAILED,nan,nan,193,0.6316666318327189,0.0431256316863,858,3035,4855
FAILED,nan,nan,3326,0.2843918324448168,0.8270013078711927,1051,2073,49
FAILED,nan,nan,2200,0.6226253010742366,0.4479021639171988,3339,1241,3546
FAILED,nan,nan,1648,0.3971601765770465,0.1466370549704879,2990,1340,4495
FAILED,nan,nan,2788,0.6963098179940135,0.5159598642662168,121,2362,1587
FAILED,nan,nan,4385,0.164168768890202,0.2654935847111046,4745,2777,809
FAILED,nan,nan,1141,0.9916785102933644,0.884407549859956,2145,87,3095
FAILED,nan,nan,1160,0.3411378892697393,0.1351976441666484,4650,2876,2100
FAILED,nan,nan,4406,0.5038088989071547,0.5124255863782018,2210,426,4309
FAILED,nan,nan,1668,0.7991753995399922,0.8963763717450202,524,2488,388
FAILED,nan,nan,2220,0.2128061875477433,0.6962275505661965,804,1954,1259
FAILED,nan,nan,2808,0.1081442750450223,0.2697395259011537,2615,1650,3219
FAILED,nan,nan,3346,0.880361496463418,0.0754081795495003,3556,924,4834
FAILED,nan,nan,174,0.0357047009207308,0.7893545920830219,3285,136,264
FAILED,nan,nan,1292,0.4124942289665341,0.3518745001014322,2169,1169,754
FAILED,nan,nan,617,0.6786771600786596,0.4593881945721805,4334,3191,1099
FAILED,nan,nan,3857,0.4768632988054305,0.8307382991109044,1305,496,2797
FAILED,nan,nan,4107,0.8708861599676311,0.4200015623271465,1075,2690,3641
FAILED,nan,nan,4918,0.9752451837863771,0.7602651545461268,4093,1568,858
FAILED,nan,nan,648,0.1810282509159296,0.3889169609770179,1537,2625,3066
FAILED,nan,nan,863,0.9446087475661188,0.6159843628574163,3042,694,1852
FAILED,nan,nan,4360,0.0127357477247714,0.5827758935187012,4422,1006,2351
FAILED,nan,nan,3673,0.268574338203296,0.6743662831000984,3824,2230,3794
FAILED,nan,nan,2011,0.5756393496077508,0.0554825384113937,1815,1509,2289
FAILED,nan,nan,4821,0.1483131482023745,0.2369154356457293,97,3495,4569
FAILED,nan,nan,2989,0.7428047134727239,0.9805345348343252,4691,2081,2844
FAILED,nan,nan,114,0.8305036857649684,0.2055498474054038,2448,1816,4049
FAILED,nan,nan,2930,0.3846597872637212,0.0205297404695302,729,289,1635
FAILED,nan,nan,1545,0.7092368349917233,0.6413472153879702,3641,2958,4467
FAILED,nan,nan,2554,0.7781651864815503,0.7287659833952784,1573,3358,2012
FAILED,nan,nan,3458,0.5955626410711556,0.3244970310907811,443,632,1
FAILED,nan,nan,2107,0.3100532553885132,0.9511319659650326,2687,3110,3576
FAILED,nan,nan,3248,0.2414991193376481,0.9262576719634236,1942,2827,1042
FAILED,nan,nan,3916,0.6488877853062004,0.16704386729002,2963,2312,1506
FAILED,nan,nan,365,0.4452541530262678,0.5461147054713219,167,1373,4884
FAILED,nan,nan,2436,0.9150163039751352,0.2975957411322742,4928,53,2547
FAILED,nan,nan,1726,0.0658068752083927,0.1098803277369588,4057,777,4100
FAILED,nan,nan,4621,0.3630008780956268,0.4899940645731985,3209,1999,600
FAILED,nan,nan,1063,0.5433443042263388,0.8593489904273302,1161,1306,3316
FAILED,nan,nan,946,0.1196837868243455,0.6643034563604743,2352,3249,2597
FAILED,nan,nan,4581,0.7873314245715737,0.0454482851289212,4518,451,1014
FAILED,nan,nan,1843,0.523152336569503,0.4294285436701029,2747,1888,4935
FAILED,nan,nan,2593,0.3214898136798292,0.7988139539510012,382,975,1479
