Status,ACCURACY,RUNTIME,recent_samples_size,max_window_size,min_window_size,min_p_value
COMPLETED,0.91,0.0,4407,2392,4277,0.2576091988146305
COMPLETED,0.91,0.0,1971,4215,1795,0.5495778019283897
COMPLETED,0.91,0.0,151,772,3563,0.2099993319384753
COMPLETED,0.91,0.0,2558,2711,1084,0.97131403398104
COMPLETED,0.91,0.0,3275,59,2392,0.8732299941841511
COMPLETED,0.91,0.0,682,3425,4911,0.0738862232513725
COMPLETED,0.91,0.0,1285,1875,448,0.6710204813857563
COMPLETED,0.91,0.0,3848,4732,2968,0.4014725960195995
COMPLETED,0.91,0.0,4093,974,19,0.0622237780987285
COMPLETED,0.91,0.0,1657,3055,2537,0.7601175864438526
COMPLETED,0.91,0.0,1087,2126,2118,0.4834313031239435
COMPLETED,0.91,0.0,3494,3778,4639,0.7139585706518962
COMPLETED,0.91,0.0,2960,1433,3134,0.5690699077041819
COMPLETED,0.91,0.0,367,4471,653,0.3629452975986525
COMPLETED,0.91,0.0,2219,398,4003,0.8971335457350126
COMPLETED,0.91,0.0,4782,3632,1523,0.1592296842410229
COMPLETED,0.91,0.0,4911,566,2806,0.6550264267820864
COMPLETED,0.91,0.0,2465,3465,288,0.4174266385011374
COMPLETED,0.91,0.0,576,1287,4439,0.8270272339140065
COMPLETED,0.91,0.0,2974,4616,1917,0.120109943138156
COMPLETED,0.91,0.0,3700,1961,922,0.2259602604866959
COMPLETED,0.91,0.0,1097,3943,3403,0.9553283390362746
COMPLETED,0.91,0.0,1787,1122,1323,0.3038416886217892
COMPLETED,0.91,0.0,4340,2908,3802,0.5033815072301774
COMPLETED,0.91,0.0,3971,1705,1673,0.9123930946217848
COMPLETED,0.91,0.0,1524,4902,4156,0.1440063332540914
COMPLETED,0.91,0.0,886,202,1118,0.6164910477916709
COMPLETED,0.91,0.0,3283,3282,3597,0.3154993911146186
COMPLETED,0.91,0.0,2760,934,4789,0.4681991050018928
COMPLETED,0.91,0.0,158,2549,2270,0.7292117283905856
COMPLETED,0.91,0.0,5000,5000,1,0.999
COMPLETED,0.91,0.0,1,5000,1,0.999
COMPLETED,0.91,0.0,1,5000,1,0.0001
COMPLETED,0.91,0.0,5000,5000,5000,0.999
COMPLETED,0.91,0.0,5000,5000,5000,0.0001
COMPLETED,0.91,0.0,5000,5000,1,0.0001
COMPLETED,0.91,0.0,1,5000,5000,0.999
COMPLETED,0.91,0.0,1,5000,5000,0.0001
COMPLETED,0.91,0.0,1,3977,5000,0.465644401921693
COMPLETED,0.91,0.0,1,909,4616,0.999
COMPLETED,0.91,0.0,5000,2296,1,0.999
COMPLETED,0.91,0.0,1,1907,1,0.999
COMPLETED,0.91,0.0,5000,5000,2791,0.999
COMPLETED,0.91,0.0,2466,4945,4887,0.999
COMPLETED,0.91,0.0,1,5000,2689,0.0001
COMPLETED,0.91,0.0,318,51,4738,0.0001
COMPLETED,0.91,1.0,4987,176,136,0.999
COMPLETED,0.91,0.0,281,282,4905,0.999
COMPLETED,0.91,0.0,4977,1789,5000,0.0001
COMPLETED,0.91,0.0,1,397,4803,0.5237653399051612
COMPLETED,0.91,0.0,4957,20,107,0.4389599542324182
COMPLETED,0.91,0.0,5000,1291,1,0.999
COMPLETED,0.91,0.0,12,4784,2764,0.999
COMPLETED,0.91,0.0,147,3316,4828,0.999
COMPLETED,0.91,0.0,4806,2581,4934,0.999
COMPLETED,0.91,0.0,5000,5000,2506,0.0001
COMPLETED,0.91,0.0,1,5000,1,0.5840131228056484
COMPLETED,0.91,0.0,5000,3435,1,0.0001
COMPLETED,0.91,0.0,1902,5000,1,0.0001
COMPLETED,0.91,0.0,4770,5000,213,0.6397332666964015
COMPLETED,0.91,0.0,1,1388,1,0.0001
COMPLETED,0.91,0.0,4877,703,4762,0.5113939744393144
COMPLETED,0.91,0.0,5000,3806,1,0.999
COMPLETED,0.91,0.0,5000,1614,1,0.999
COMPLETED,0.91,0.0,5000,4265,1,0.0001
COMPLETED,0.91,0.0,1,4222,5000,0.0001
COMPLETED,0.91,0.0,5000,1319,5000,0.6813743674572001
COMPLETED,0.91,0.0,1136,5000,1,0.999
COMPLETED,0.91,0.0,5000,4235,5000,0.999
COMPLETED,0.91,0.0,1,2626,5000,0.0001
COMPLETED,0.91,0.0,3899,4599,5000,0.999
COMPLETED,0.91,0.0,3180,4286,1,0.999
COMPLETED,0.91,0.0,3921,447,1,0.5878291522734052
COMPLETED,0.91,0.0,2941,5000,5000,0.6810634879273952
COMPLETED,0.91,0.0,3829,5000,1,0.999
COMPLETED,0.91,0.0,5000,877,1,0.3986412271355732
COMPLETED,0.91,0.0,2663,3982,5000,0.999
COMPLETED,0.91,0.0,4694,1355,274,0.5835196818450069
COMPLETED,0.91,0.0,1062,4278,1,0.0001
COMPLETED,0.91,0.0,1913,3774,5000,0.0001
COMPLETED,0.91,0.0,4683,3402,1,0.999
COMPLETED,0.91,0.0,1249,2321,1,0.0001
COMPLETED,0.91,0.0,1,2903,1,0.0001
COMPLETED,0.91,0.0,966,1646,5000,0.0001
COMPLETED,0.91,0.0,5000,4178,5000,0.0001
COMPLETED,0.91,0.0,5000,509,733,0.4893215066026104
COMPLETED,0.91,0.0,595,5000,3343,0.7276668571281165
COMPLETED,0.91,0.0,5000,1312,2201,0.0001
COMPLETED,0.91,0.0,5000,723,5000,0.0001
COMPLETED,0.91,0.0,1,5000,1305,0.999
COMPLETED,0.91,0.0,574,2142,5000,0.6947999882196648
COMPLETED,0.91,0.0,5000,4906,3263,0.7330544350004259
COMPLETED,0.91,0.0,5000,4113,3396,0.0001
COMPLETED,0.91,0.0,1,5000,5000,0.3631054981934212
COMPLETED,0.91,0.0,1,3991,1515,0.999
COMPLETED,0.91,0.0,1,2389,2549,0.0001
COMPLETED,0.91,0.0,5000,2132,2920,0.0001
COMPLETED,0.91,0.0,1,688,1456,0.0001
COMPLETED,0.91,0.0,5000,4230,1,0.6912831374358109
COMPLETED,0.91,0.0,1,3270,247,0.718864351105227
COMPLETED,0.91,0.0,5000,2801,1783,0.0001
COMPLETED,0.91,0.0,546,490,1067,0.4746066391447569
COMPLETED,0.91,0.0,171,1491,3302,0.0001
COMPLETED,0.91,0.0,1216,4116,1,0.4949623147761963
COMPLETED,0.91,0.0,303,1767,5000,0.999
COMPLETED,0.91,0.0,5000,3492,3114,0.0001
COMPLETED,0.91,0.0,454,4561,4859,0.7570743737675492
COMPLETED,0.91,0.0,577,19,4685,0.8431005556252532
COMPLETED,0.91,0.0,4816,144,3700,0.8172331127498789
COMPLETED,0.91,0.0,1765,10,863,0.7947136714081133
COMPLETED,0.91,0.0,4942,62,668,0.1129987630450429
COMPLETED,0.91,0.0,4724,4876,3996,0.8813428361264306
COMPLETED,0.91,0.0,768,4543,132,0.8680061307203194
COMPLETED,0.91,0.0,4651,4050,4907,0.227158774629481
COMPLETED,0.91,0.0,314,4978,723,0.2383532546637548
COMPLETED,0.91,0.0,238,115,503,0.8021529565345643
COMPLETED,0.91,0.0,315,305,4873,0.1106623943370673
COMPLETED,0.91,0.0,271,3783,23,0.8358539068228111
COMPLETED,0.91,0.0,743,1039,70,0.8061780292123755
COMPLETED,0.91,0.0,4655,4291,4747,0.0985992365171228
COMPLETED,0.91,0.0,4542,261,1415,0.7930794990152348
COMPLETED,0.91,0.0,1,4844,5000,0.5117451515218067
COMPLETED,0.91,0.0,219,2843,184,0.1309084874026828
COMPLETED,0.91,0.0,234,1716,102,0.1094803916053931
COMPLETED,0.91,0.0,4545,5000,4626,0.5313021258771633
COMPLETED,0.91,0.0,724,4751,4831,0.8933927436107578
COMPLETED,0.92,76.0,4287,94,93,0.2925213290581292
COMPLETED,0.91,0.0,64,221,938,0.1996077660317726
COMPLETED,0.91,0.0,492,4384,4605,0.2641284760684722
COMPLETED,0.91,0.0,593,58,4976,0.3153438276951947
COMPLETED,0.91,0.0,4852,265,4761,0.1103423944435019
COMPLETED,0.91,0.0,4894,4435,112,0.2367913441396299
COMPLETED,0.91,0.0,4663,1618,4870,0.1322927765428593
COMPLETED,0.91,0.0,4973,3221,4715,0.8823409904502015
COMPLETED,0.91,0.0,708,5000,3256,0.8570656122269121
COMPLETED,0.91,0.0,2788,1069,4283,0.277838053767523
COMPLETED,0.91,0.0,548,1557,2012,0.276734896239172
COMPLETED,0.91,0.0,4323,719,3023,0.2759221731644771
COMPLETED,0.91,0.0,328,1279,1517,0.2781690460324737
COMPLETED,0.91,0.0,3403,1725,2678,0.284332036834666
COMPLETED,0.91,0.0,3266,460,3001,0.2728167067175655
COMPLETED,0.91,0.0,3555,687,247,0.2669055866514622
COMPLETED,0.91,0.0,4343,1736,990,0.2917120019190357
COMPLETED,0.91,0.0,2021,1414,4277,0.2776521709109255
COMPLETED,0.91,0.0,33,827,3303,0.2685880579519027
COMPLETED,0.91,0.0,2754,1122,2644,0.271783903352831
COMPLETED,0.91,0.0,4688,4813,2609,0.3142359286660968
COMPLETED,0.91,0.0,2103,863,4941,0.2794209299646202
COMPLETED,0.91,0.0,305,917,3118,0.2846974184779897
COMPLETED,0.91,0.0,2813,457,2435,0.2786288557696437
COMPLETED,0.91,0.0,477,805,1329,0.9515311892160015
COMPLETED,0.91,0.0,4235,588,1058,0.274217477384236
COMPLETED,0.91,0.0,4187,162,1257,0.2736122422054806
COMPLETED,0.91,0.0,2433,2994,4469,0.6209860668716441
COMPLETED,0.91,0.0,338,1636,1971,0.2808987869839844
COMPLETED,0.92,2.0,4768,248,4411,0.3705065123464446
COMPLETED,0.91,0.0,4909,4823,3188,0.0459372291577655
COMPLETED,0.91,0.0,1122,1207,1162,0.2778736751958571
COMPLETED,0.91,0.0,613,971,780,0.2731554278499243
COMPLETED,0.91,0.0,297,136,1145,0.7290438834296701
COMPLETED,0.91,0.0,2235,912,2305,0.2793169120103918
COMPLETED,0.91,0.0,3274,1822,2597,0.6263842753422016
COMPLETED,0.91,0.0,1287,1467,1762,0.2791704768255394
COMPLETED,0.91,0.0,2263,1998,4184,0.1821956180105499
COMPLETED,0.91,0.0,3148,5,589,0.2744087582053927
COMPLETED,0.91,0.0,5000,664,5000,0.999
COMPLETED,0.91,0.0,5000,1674,5000,0.999
COMPLETED,0.91,0.0,5000,1192,5000,0.0001
COMPLETED,0.91,0.0,5000,482,2763,0.0001
COMPLETED,0.91,0.0,5000,1911,3012,0.999
COMPLETED,0.91,0.0,1,693,5000,0.0001
COMPLETED,0.91,0.0,5000,1184,5000,0.999
COMPLETED,0.91,0.0,5000,2439,5000,0.0001
COMPLETED,0.91,0.0,2966,1707,5000,0.999
COMPLETED,0.91,0.0,5000,420,4032,0.999
COMPLETED,0.91,0.0,1,2041,3178,0.999
COMPLETED,0.91,0.0,1,3398,3026,0.0001
COMPLETED,0.91,0.0,5000,3048,2542,0.999
COMPLETED,0.91,0.0,1,3252,3342,0.999
COMPLETED,0.91,0.0,5000,899,2915,0.999
COMPLETED,0.91,0.0,1,5000,3491,0.999
COMPLETED,0.91,0.0,5000,298,5000,0.0001
COMPLETED,0.91,0.0,5000,1279,3583,0.999
COMPLETED,0.91,0.0,1,775,2692,0.999
COMPLETED,0.91,0.0,5000,298,5000,0.999
COMPLETED,0.91,0.0,4762,1917,4543,0.3703918908152735
COMPLETED,0.91,0.0,578,3243,5000,0.999
COMPLETED,0.91,0.0,762,2689,5000,0.999
COMPLETED,0.91,0.0,60,3095,4538,0.9311927575133176
COMPLETED,0.91,0.0,485,2947,5000,0.0001
COMPLETED,0.91,0.0,1,2769,5000,0.1680182679767902
COMPLETED,0.91,0.0,683,5000,5000,0.999
COMPLETED,0.91,0.0,4764,1439,1290,0.370281541496565
COMPLETED,0.91,0.0,4427,4014,3598,0.2496904742405403
COMPLETED,0.91,0.0,1486,3575,5000,0.999
COMPLETED,0.91,0.0,1482,4998,1,0.999
COMPLETED,0.91,0.0,1,1063,5000,0.8770346197505642
COMPLETED,0.91,0.0,4765,2803,5000,0.3703285484860524
COMPLETED,0.91,0.0,1,5000,1,0.8656671559642052
COMPLETED,0.91,0.0,276,3805,5000,0.0001
COMPLETED,0.91,0.0,90,4065,4966,0.8787844867960954
COMPLETED,0.91,0.0,4748,1694,1282,0.3704486783805709
COMPLETED,0.91,0.0,642,4182,1,0.999
COMPLETED,0.91,0.0,4769,584,4203,0.3717518718060702
COMPLETED,0.91,0.0,4767,2339,4922,0.3705240438712779
COMPLETED,0.91,0.0,4780,1135,4519,0.3703031559128554
COMPLETED,0.91,0.0,4664,5000,1,0.0001
COMPLETED,0.91,0.0,5000,5000,5000,0.9412977163950804
COMPLETED,0.91,0.0,1233,2635,5000,0.999
COMPLETED,0.91,0.0,4281,72,4531,0.303686519708105
COMPLETED,0.91,0.0,366,5000,1,0.0001
COMPLETED,0.91,0.0,43,2438,336,0.935325467912932
COMPLETED,0.91,0.0,1,2413,5000,0.4085387047244253
COMPLETED,0.91,0.0,439,5000,5000,0.999
COMPLETED,0.91,0.0,311,3944,4555,0.7898850484546986
COMPLETED,0.91,0.0,1,3940,187,0.0001
COMPLETED,0.91,0.0,1,5000,1656,0.0001
COMPLETED,0.91,0.0,5000,5000,1643,0.999
COMPLETED,0.91,0.0,1,3944,1743,0.0001
COMPLETED,0.91,0.0,5000,967,3585,0.0001
COMPLETED,0.91,0.0,2166,1739,3459,0.999
COMPLETED,0.91,0.0,5000,2424,3504,0.999
COMPLETED,0.91,0.0,2707,447,3524,0.0001
COMPLETED,0.91,0.0,5000,505,4317,0.0001
COMPLETED,0.91,0.0,5000,1523,3431,0.0001
COMPLETED,0.91,0.0,5000,4433,2117,0.999
COMPLETED,0.91,0.0,5000,2530,3507,0.0001
COMPLETED,0.91,0.0,5000,705,18,0.999
COMPLETED,0.91,0.0,5000,33,4093,0.999
COMPLETED,0.91,0.0,3107,5000,1232,0.999
COMPLETED,0.91,0.0,5000,2184,1,0.0001
COMPLETED,0.91,0.0,1,3104,1,0.999
COMPLETED,0.91,0.0,5000,3596,3566,0.999
COMPLETED,0.91,0.0,1,5000,2268,0.999
COMPLETED,0.91,0.0,1,523,5000,0.999
COMPLETED,0.91,0.0,1381,5000,1288,0.0001
COMPLETED,0.91,0.0,1,1521,1952,0.999
COMPLETED,0.91,0.0,5000,986,5000,0.0001
COMPLETED,0.91,0.0,1,478,3587,0.0001
COMPLETED,0.91,0.0,1,1778,4382,0.0001
COMPLETED,0.91,0.0,4122,294,157,0.0280870365388691
COMPLETED,0.91,0.0,2041,4135,3954,0.7731743819546885
COMPLETED,0.91,0.0,7,1955,1428,0.2637191689423285
COMPLETED,0.91,0.0,3656,3608,2589,0.5102232777678408
COMPLETED,0.91,0.0,2809,1744,4729,0.6802408967648633
COMPLETED,0.91,0.0,1030,2617,1242,0.4351239368597976
COMPLETED,0.91,0.0,1809,983,3691,0.916776245379541
COMPLETED,0.91,0.0,4530,4668,2216,0.1712772383942268
COMPLETED,0.91,0.0,4902,2355,3177,0.4646549566276371
COMPLETED,0.91,0.0,1280,3207,2172,0.7111896722612902
COMPLETED,0.91,0.0,815,383,4616,0.2017387423414736
COMPLETED,0.91,0.0,2869,4047,661,0.9467954893218352
COMPLETED,0.91,0.0,573,4735,3025,0.1225187482446432
COMPLETED,0.91,0.0,2293,1365,502,0.6041677262971177
COMPLETED,0.91,0.0,4025,2997,4146,0.3590199214275926
COMPLETED,0.91,0.0,3889,1559,2015,0.8926019612607546
COMPLETED,0.91,0.0,2430,2880,3334,0.1465561548101715
COMPLETED,0.91,0.0,397,720,817,0.6247909796961582
COMPLETED,0.91,0.0,3422,4853,4460,0.3792453309751115
COMPLETED,0.91,0.0,3044,501,2867,0.3038661508108488
COMPLETED,0.91,0.0,638,3851,1863,0.5499453813214786
COMPLETED,0.91,0.0,1417,2239,4300,0.0370803056775592
COMPLETED,0.91,0.0,4766,3402,347,0.7816170420573093
COMPLETED,0.91,0.0,4666,1100,3799,0.5799343868536874
COMPLETED,0.91,0.0,1672,4472,311,0.3343578931681811
COMPLETED,0.91,0.0,1206,1627,2747,0.8125960559638216
COMPLETED,0.91,1.0,2633,2812,1271,0.0665810870353132
COMPLETED,0.91,0.0,4997,9,4102,0.0001
COMPLETED,0.91,0.0,4782,17,4994,0.999
COMPLETED,0.91,0.0,4844,34,1790,0.999
COMPLETED,0.91,0.0,4986,258,1461,0.0001
COMPLETED,0.91,2.0,2470,225,4704,0.3726212789664715
COMPLETED,0.91,0.0,4996,47,2075,0.0001
COMPLETED,0.91,0.0,4867,115,4979,0.0001
COMPLETED,0.91,0.0,4550,56,3649,0.3719346326085338
COMPLETED,0.91,1.0,4900,445,4715,0.3442201904541636
COMPLETED,0.91,0.0,4928,23,2781,0.0001
COMPLETED,0.91,0.0,648,16,734,0.0001
COMPLETED,0.91,0.0,1989,45,3415,0.0001
COMPLETED,0.91,0.0,5000,85,2213,0.999
COMPLETED,0.91,0.0,291,41,2828,0.999
COMPLETED,0.91,1.0,5000,19,1,0.0001
COMPLETED,0.91,0.0,4955,59,4486,0.4713006126847029
COMPLETED,0.91,0.0,4986,19,1549,0.0001
COMPLETED,0.91,0.0,56,43,102,0.999
COMPLETED,0.91,0.0,42,76,1774,0.999
COMPLETED,0.91,0.0,5000,5000,1485,0.0001
COMPLETED,0.91,0.0,2338,1750,3269,0.0001
COMPLETED,0.91,0.0,5000,5000,1,0.3125144161965945
COMPLETED,0.91,0.0,3369,47,5000,0.999
COMPLETED,0.91,0.0,1708,70,4778,0.6348027091579596
COMPLETED,0.91,0.0,4805,78,863,0.4426647492902404
COMPLETED,0.91,0.0,440,53,124,0.0001
COMPLETED,0.91,0.0,2811,5000,5000,0.0001
COMPLETED,0.91,0.0,5000,1213,1,0.0001
COMPLETED,0.91,0.0,1,2785,2155,0.999
COMPLETED,0.91,0.0,1,5000,3867,0.0001
COMPLETED,0.91,0.0,5000,5000,3888,0.0001
COMPLETED,0.91,0.0,3580,5000,2280,0.999
COMPLETED,0.91,0.0,4830,21,1152,0.999
COMPLETED,0.91,0.0,1769,2116,726,0.4398918124049902
COMPLETED,0.91,0.0,2671,4584,2605,0.6107072997238487
COMPLETED,0.91,0.0,4622,500,2288,0.1237320486342534
COMPLETED,0.91,0.0,1223,3113,4167,0.9498365287517196
COMPLETED,0.91,0.0,492,774,3345,0.7858052218654193
COMPLETED,0.91,0.0,3967,3154,221,0.1467520411731675
COMPLETED,0.91,0.0,3419,1609,4907,0.6488914195410908
COMPLETED,0.91,0.0,2446,4155,1783,0.291027493463736
COMPLETED,0.91,0.0,1893,27,4509,0.244063598623313
COMPLETED,0.91,0.0,3494,2648,1382,0.820717933459673
COMPLETED,0.91,0.0,4196,2279,3570,0.3185461658324114
COMPLETED,0.91,0.0,98,4733,444,0.7388737162843346
COMPLETED,0.91,0.0,690,1459,2049,0.5285593783546239
COMPLETED,0.91,0.0,4717,3992,3920,0.4201465799531899
COMPLETED,0.91,0.0,2918,1240,1110,0.9071504098010248
COMPLETED,0.91,0.0,1394,3625,2982,0.0185860860405489
COMPLETED,0.91,0.0,1455,956,1462,0.6593408526965417
COMPLETED,0.91,0.0,2975,3556,4585,0.2663269648166373
COMPLETED,0.91,0.0,4930,1351,524,0.7801438619576394
COMPLETED,0.91,0.0,907,3825,3647,0.1683719582992605
COMPLETED,0.91,0.0,192,2407,3845,0.0668421203150414
COMPLETED,0.91,0.0,4295,4959,1967,0.990524027782306
COMPLETED,0.91,0.0,3749,293,2907,0.4917536086982116
COMPLETED,0.91,0.0,2144,2659,1029,0.5728527296428568
COMPLETED,0.91,0.0,2189,1832,2679,0.9004830106217414
COMPLETED,0.91,0.0,3167,4281,809,0.0392609467974864
COMPLETED,0.91,0.0,3871,783,4241,0.5380027871233412
COMPLETED,0.91,0.0,391,3416,2370,0.3945009800521656
COMPLETED,0.91,0.0,1011,432,142,0.3714139688367024
COMPLETED,0.91,0.0,4406,2832,3268,0.7019642323420383
COMPLETED,0.91,0.0,2610,1951,1704,0.1881797244603745
COMPLETED,0.91,0.0,1713,4477,4830,0.8623504739746451
COMPLETED,0.91,0.0,1593,621,3504,0.5822637575249187
COMPLETED,0.91,0.0,2573,2992,375,0.4760705555468797
COMPLETED,0.91,0.0,4525,2071,4441,0.9761994219938293
COMPLETED,0.91,0.0,1047,4628,1312,0.0893746050090529
COMPLETED,0.91,0.0,355,1642,1198,0.1751384277162142
COMPLETED,0.91,0.0,3752,4121,3071,0.749561701135151
COMPLETED,0.91,0.0,3204,661,2135,0.2644778838071972
COMPLETED,0.91,0.0,2309,3267,4008,0.6830697714752517
COMPLETED,0.91,0.0,2108,2245,2202,0.8546484818836673
COMPLETED,0.91,0.0,3630,4767,4079,0.2177615543206222
COMPLETED,0.91,0.0,4332,141,639,0.7028777609079145
COMPLETED,0.91,0.0,312,2535,2516,0.3466847488652914
COMPLETED,0.91,0.0,787,1118,4975,0.3860293151147663
COMPLETED,0.91,0.0,4893,3747,1853,0.5546823309662751
COMPLETED,0.91,0.0,3095,1504,3411,0.0545248857610858
COMPLETED,0.91,0.0,1492,3947,290,0.8789470463888719
COMPLETED,0.91,0.0,1279,1317,4311,0.3023304239776916
COMPLETED,0.91,0.0,2877,3858,2438,0.6312097697271034
COMPLETED,0.91,1.0,4831,1068,2748,0.1344489099387079
COMPLETED,0.91,0.0,731,3443,875,0.8064534100449644
COMPLETED,0.91,0.0,57,171,1615,0.9545777279983274
COMPLETED,0.91,0.0,4081,2780,4744,0.0950379799425602
COMPLETED,0.91,0.0,3535,2451,52,0.6069624906966463
COMPLETED,0.91,1.0,2009,4914,3181,0.4656231560231186
COMPLETED,0.91,0.0,2405,904,613,0.0128903116144239
COMPLETED,0.91,0.0,3305,3295,3734,0.9348327160271817
COMPLETED,0.91,0.0,4009,1788,1550,0.4229367840313352
COMPLETED,0.91,0.0,607,4325,4671,0.501816304831393
COMPLETED,0.91,0.0,1108,1984,2838,0.7285215802183374
COMPLETED,0.91,0.0,4581,4443,962,0.3372433588434942
COMPLETED,0.91,0.0,2785,319,3775,0.8339718293725513
COMPLETED,0.91,0.0,1810,2945,1899,0.2244309834104031
COMPLETED,0.91,0.0,1871,688,3954,0.928198208468221
COMPLETED,0.91,0.0,2773,3240,2071,0.0043057670940645
COMPLETED,0.91,0.0,4569,1700,3018,0.5102875632285139
COMPLETED,0.91,0.0,1169,4064,1134,0.4294561262648552
COMPLETED,0.91,0.0,555,2050,1336,0.3286501644112169
COMPLETED,0.91,0.0,4031,4649,4455,0.7218803019496612
COMPLETED,0.91,0.0,3326,570,399,0.2309435549342073
COMPLETED,0.91,0.0,2354,3043,3518,0.8424344378577545
COMPLETED,0.91,0.0,1986,1525,188,0.6396733326981774
COMPLETED,0.91,0.0,3586,3926,3319,0.308842041015625
COMPLETED,0.91,0.0,4132,1169,1751,0.7998111772904172
COMPLETED,0.91,1.0,34,3696,4882,0.1258566699923016
COMPLETED,0.91,1.0,743,113,2647,0.101558276661951
COMPLETED,0.91,0.0,4770,2563,781,0.9630480319095776
COMPLETED,0.91,0.0,2816,2189,4211,0.4570376570168882
COMPLETED,0.91,0.0,1291,4823,2344,0.6003289376235565
COMPLETED,0.91,0.0,1548,2492,3235,0.2092913080878555
COMPLETED,0.91,0.0,3068,4873,115,0.8481282465639522
COMPLETED,0.91,0.0,4866,202,4798,0.3533183633380569
COMPLETED,0.91,0.0,844,2749,1679,0.7114633175926282
COMPLETED,0.91,0.0,246,1021,851,0.5481706525286659
COMPLETED,0.91,0.0,4349,3490,2734,0.3775656944652087
COMPLETED,0.91,0.0,3647,1280,2414,0.8875392286567949
COMPLETED,0.91,0.0,2042,3896,4297,0.0611670571159571
COMPLETED,0.91,0.0,2292,367,2001,0.4827117761370726
COMPLETED,0.91,0.0,3270,2897,3868,0.5908568905575201
COMPLETED,0.91,0.0,3818,2022,1064,0.0809119351241737
COMPLETED,0.91,0.0,338,4406,2931,0.9696867927915416
COMPLETED,0.91,0.0,1075,1747,4539,0.7581463070551864
COMPLETED,0.91,0.0,4469,4366,1408,0.181772992953658
COMPLETED,0.91,0.0,2517,873,3602,0.6765504869202151
COMPLETED,0.91,0.0,1620,3326,472,0.2560066868097521
COMPLETED,0.91,0.0,1657,1577,1798,0.0327416920119896
COMPLETED,0.91,0.0,2637,4187,4931,0.8920118433938362
COMPLETED,0.91,0.0,4433,732,236,0.4030856157417408
COMPLETED,0.91,0.0,955,3196,3369,0.5446373821303248
COMPLETED,0.91,0.0,458,535,4104,0.6935015326876192
COMPLETED,0.91,0.0,3855,3078,2235,0.3649013098648749
COMPLETED,0.91,0.0,3150,2162,2542,0.8689916647952981
COMPLETED,0.91,0.0,2256,4537,673,0.196772827723436
COMPLETED,0.91,0.0,2162,1204,3123,0.2749191173150203
COMPLETED,0.91,0.0,3684,3662,1243,0.6659829942818731
COMPLETED,0.91,0.0,4229,1414,4061,0.1618602500921115
COMPLETED,0.91,0.0,210,4037,2181,0.771680211538542
COMPLETED,0.91,0.0,880,2311,351,0.9971576720246113
COMPLETED,0.91,0.0,4985,4701,3468,0.075427706769295
COMPLETED,0.91,0.0,3031,70,1289,0.56438251317963
COMPLETED,0.91,0.0,1428,2606,4406,0.4852334031480364
COMPLETED,0.91,0.0,1333,237,1014,0.8121324046839029
COMPLETED,0.91,0.0,2930,2714,2883,0.2374300157806835
COMPLETED,0.91,0.0,4728,2380,1952,0.7453939832341857
COMPLETED,0.91,0.0,628,4985,3821,0.3270164399741217
COMPLETED,0.91,0.0,149,1403,3710,0.4135043769681825
COMPLETED,0.91,0.0,4174,3773,577,0.5199671681777575
COMPLETED,0.91,0.0,3472,978,4648,0.0270496787811629
COMPLETED,0.91,0.0,1945,3534,1515,0.913662056608498
COMPLETED,0.91,0.0,2469,1899,4689,0.6172199010171927
COMPLETED,0.91,0.0,3368,4529,1572,0.4483544534506276
COMPLETED,0.91,1.0,3917,410,3127,0.9412433640889823
COMPLETED,0.91,0.0,514,2854,10,0.117090800135117
COMPLETED,0.91,0.0,1210,838,2463,0.1552232698007486
COMPLETED,0.91,0.0,4683,3361,4344,0.7923245343293994
COMPLETED,0.91,0.0,2731,1859,901,0.2843929561352357
COMPLETED,0.91,0.0,1756,4254,2782,0.6403068452511914
COMPLETED,0.91,1.0,1730,120,2384,0.3149393842069432
COMPLETED,0.91,0.0,2708,2519,4268,0.7355146339756437
COMPLETED,0.91,0.0,4663,2264,821,0.2485239027253351
COMPLETED,0.91,0.0,1182,4789,2705,0.824930538244918
COMPLETED,0.91,0.0,532,1520,4768,0.910615947984159
COMPLETED,0.91,0.0,3927,3968,1649,0.0218115793998353
COMPLETED,0.91,1.0,3382,1095,3205,0.5239964456246234
COMPLETED,0.91,0.0,2484,3729,86,0.4158236920470371
COMPLETED,0.91,0.0,1934,2094,3632,0.119169101019483
COMPLETED,0.91,0.0,3454,4646,501,0.9455136557303369
COMPLETED,0.91,0.0,4158,605,4569,0.4433573682637885
COMPLETED,0.91,0.0,136,2971,1438,0.6139327781983651
COMPLETED,0.91,0.0,651,643,1094,0.653351708758343
COMPLETED,0.91,0.0,4754,3244,2961,0.2952401131337508
COMPLETED,0.91,0.0,2958,1664,2031,0.7821984551247209
COMPLETED,0.91,0.0,1353,4137,3897,0.1433929439797066
COMPLETED,0.91,0.0,1415,1772,429,0.534522019959986
COMPLETED,0.91,0.0,3015,4304,3548,0.3912602912033907
COMPLETED,0.91,0.0,4967,927,1365,0.9050612318710424
COMPLETED,0.91,0.0,869,3313,4485,0.0435990897322073
COMPLETED,0.91,0.0,231,340,3047,0.1917712175665423
COMPLETED,0.91,1.0,4257,2960,1164,0.8656943012547678
COMPLETED,0.91,0.0,3709,1966,3984,0.366968893714901
COMPLETED,0.91,0.0,2185,4420,2101,0.6977668230462819
COMPLETED,0.91,0.0,2228,1087,4181,0.7756987719510681
COMPLETED,0.91,0.0,3130,3466,2315,0.1641745638882741
COMPLETED,0.91,0.0,3831,1297,2618,0.6629323606874794
COMPLETED,0.91,0.0,432,3842,752,0.2696707772119901
COMPLETED,0.91,0.0,970,2428,1722,0.4963318150627426
COMPLETED,0.91,0.0,4446,4896,4852,0.5771908874623477
COMPLETED,0.91,1.0,2648,187,158,0.0633613680364564
COMPLETED,0.91,0.0,1675,2801,3289,0.9872833240487612
COMPLETED,0.91,0.0,1634,2297,4619,0.7071968364523724
COMPLETED,0.91,0.0,2533,4756,1486,0.3512514939569867
COMPLETED,0.91,0.0,4488,7,3681,0.8514268008860759
COMPLETED,0.91,0.0,1086,2632,548,0.2142922037757933
COMPLETED,0.91,0.0,317,1216,1923,0.0503084686141461
COMPLETED,0.91,0.0,3790,3608,3792,0.8744905546485446
COMPLETED,0.91,0.0,3244,1476,984,0.3893922097851522
COMPLETED,0.91,0.0,2269,4012,2854,0.5582853002300486
COMPLETED,0.91,0.0,2070,483,930,0.979562331548985
COMPLETED,0.91,0.0,3668,3093,2811,0.0929775593880564
COMPLETED,0.91,0.0,4372,2139,2492,0.578047325493209
COMPLETED,0.91,0.0,272,4601,4373,0.4716140786913223
COMPLETED,0.91,0.0,828,1630,3156,0.2612562176943756
COMPLETED,0.91,0.0,4853,4171,39,0.6796004060456529
COMPLETED,0.91,0.0,3057,756,4718,0.1794574883759021
COMPLETED,0.91,0.0,1530,3130,1601,0.7541284611116164
COMPLETED,0.91,0.0,1317,806,2571,0.4271380019675939
COMPLETED,0.91,0.0,2839,3435,702,0.506257571312692
COMPLETED,0.91,0.0,4791,1817,4133,0.0095426756937988
COMPLETED,0.91,0.0,771,4260,2264,0.9312450315615162
COMPLETED,0.91,0.0,16,1933,265,0.8296374950783327
COMPLETED,0.91,0.0,4121,4454,3398,0.2198489535205997
COMPLETED,0.91,0.0,3573,453,1827,0.7317584604266099
COMPLETED,0.91,0.0,1970,2848,4960,0.3407279346473515
COMPLETED,0.91,0.0,2365,1330,1260,0.1376858050317503
COMPLETED,0.91,0.0,3345,3809,4376,0.8099379709640517
COMPLETED,0.91,0.0,4047,974,322,0.2979960747987031
COMPLETED,0.91,0.0,569,3579,3438,0.6266277547220699
COMPLETED,0.91,0.0,1146,308,4032,0.603614869660791
COMPLETED,0.91,0.0,4543,2680,2151,0.4620354566726833
COMPLETED,0.91,0.0,2745,2384,3094,0.9587789310498162
COMPLETED,0.91,0.0,1850,4940,1213,0.099479261308629
COMPLETED,0.91,0.0,1833,1434,2917,0.8034024787551723
COMPLETED,0.91,0.0,2811,4054,1038,0.1292002721402794
COMPLETED,0.91,1.0,4609,1186,3855,0.6352285087568685
COMPLETED,0.91,0.0,1128,3638,1976,0.3046449163910932
COMPLETED,0.91,0.0,596,54,533,0.453556638673041
COMPLETED,0.91,0.0,3991,2585,3657,0.5970879641035571
COMPLETED,0.91,0.0,3289,2334,1471,0.1061366895526647
COMPLETED,0.91,0.0,2392,4719,4595,0.9673863999764434
COMPLETED,0.91,0.0,2027,709,1694,0.5148659910039975
COMPLETED,0.91,0.0,3546,3178,4820,0.4337944794469513
COMPLETED,0.91,0.0,4094,1593,132,0.924717175239604
COMPLETED,0.91,0.0,72,4208,3258,0.0010648084588348
COMPLETED,0.91,0.0,705,2179,4232,0.2264987458776682
COMPLETED,0.91,0.0,4808,4561,2361,0.8382372983484528
COMPLETED,0.91,1.0,2856,515,2670,0.3322414509912021
COMPLETED,0.91,0.0,1251,3061,799,0.7252239189824088
COMPLETED,0.91,0.0,1508,426,4897,0.0843776984394527
COMPLETED,0.91,0.0,3108,2875,1773,0.9729124777922405
COMPLETED,0.91,0.0,4904,1876,3335,0.4781485587358474
COMPLETED,0.91,0.0,806,4511,211,0.5865337514708749
COMPLETED,0.91,0.0,284,1838,2278,0.6729439899659716
COMPLETED,0.91,0.0,4311,4238,4158,0.2526478556815534
COMPLETED,0.91,0.0,3607,856,717,0.7626063860250636
COMPLETED,0.91,0.0,2082,3384,2596,0.1859854060974903
COMPLETED,0.91,0.0,2330,2362,1120,0.357778457192704
COMPLETED,0.91,0.0,3232,4962,2991,0.7156757158516907
COMPLETED,0.91,0.0,3778,258,2058,0.205684796248842
COMPLETED,0.91,0.0,378,2730,3929,0.8447694303205237
COMPLETED,0.91,0.0,1034,1001,3580,0.8829760261403397
COMPLETED,0.91,0.0,4509,3552,454,0.0568439031445421
COMPLETED,0.91,0.0,2555,1387,4518,0.551636400959175
COMPLETED,0.91,0.0,1582,3752,1392,0.3807913943506777
COMPLETED,0.91,0.0,1697,1151,62,0.1575256943869404
COMPLETED,0.91,0.0,2597,3673,3191,0.7670979862861335
COMPLETED,0.91,0.0,4395,1546,1625,0.278156278473325
COMPLETED,0.91,0.0,993,3942,4754,0.6694678249874151
COMPLETED,0.91,0.0,419,2211,2758,0.5685834501658567
COMPLETED,0.91,0.0,3892,4842,885,0.4896744147276505
COMPLETED,0.91,0.0,3190,98,4321,0.9938102575149386
COMPLETED,0.91,0.0,2215,2541,2448,0.0718402176662348
COMPLETED,0.91,0.0,2123,1715,3766,0.3997381863472982
COMPLETED,0.91,0.0,3721,4086,1889,0.5410499079120344
COMPLETED,0.91,0.0,4269,666,2829,0.0369426438829861
COMPLETED,0.91,0.0,169,3221,952,0.8964528400886804
COMPLETED,0.91,0.0,921,549,1540,0.8722288110688328
COMPLETED,0.91,0.0,4945,3027,4661,0.200257673313748
COMPLETED,0.91,0.0,2994,2068,603,0.6891669918672181
COMPLETED,0.91,0.0,1466,4672,3724,0.3603190697276964
COMPLETED,0.91,0.0,1371,1999,2125,0.9370271423046476
COMPLETED,0.91,0.0,2893,4388,3999,0.1126345298057422
COMPLETED,0.91,0.0,4688,382,1188,0.6205825407858938
COMPLETED,0.91,0.0,669,2918,3062,0.4519571417643688
COMPLETED,0.91,0.0,109,891,4431,0.2887122865813784
COMPLETED,0.91,0.0,4214,3349,1302,0.644873871292919
COMPLETED,0.91,0.0,3510,1726,3494,0.152001393440552
COMPLETED,0.91,0.0,1907,4350,365,0.788854962373618
COMPLETED,0.91,0.0,2428,223,3421,0.7421720919892191
COMPLETED,0.91,0.0,3408,2765,300,0.3235468829031102
COMPLETED,0.91,0.0,3954,2474,4984,0.8164517500148155
COMPLETED,0.91,0.0,476,4850,1863,0.2419970269376411
COMPLETED,0.91,0.0,1249,1264,649,0.030412303665094
COMPLETED,0.91,0.0,4646,3875,2525,0.9172647598070092
COMPLETED,0.91,0.0,2691,1044,2212,0.4092881700686178
COMPLETED,0.91,0.0,1797,3509,4088,0.5155108829636126
COMPLETED,0.91,0.0,1780,1048,3197,0.0739866935877129
COMPLETED,0.91,0.0,2679,3505,76,0.9917856580895372
COMPLETED,0.91,0.0,4634,1258,4759,0.4915817761234007
COMPLETED,0.91,1.0,1232,3881,1638,0.5667979652661829
COMPLETED,0.91,0.0,483,2467,894,0.6674380438014865
COMPLETED,0.91,0.0,3956,4857,2770,0.2803080552334897
COMPLETED,0.91,0.0,3410,226,2455,0.7653168495998717
COMPLETED,0.91,0.0,2435,2762,4332,0.159428826647438
COMPLETED,0.91,0.0,1904,1733,1881,0.362440362479072
COMPLETED,0.91,0.0,3502,4343,3755,0.6871676946900785
COMPLETED,0.91,0.0,4206,888,943,0.2021303215654566
COMPLETED,0.91,0.0,106,3352,2817,0.8704781583913602
COMPLETED,0.91,0.0,681,379,4656,0.8944587246720678
COMPLETED,0.91,0.0,4706,2921,1527,0.0390586357956752
COMPLETED,0.91,0.0,2910,2005,3718,0.53929490702115
COMPLETED,0.91,0.0,1383,4381,589,0.4016150637342594
COMPLETED,0.91,0.0,1482,2055,3991,0.7908842579439282
COMPLETED,0.91,0.0,3005,4686,2114,0.1498501022960059
COMPLETED,0.91,0.0,4957,566,3053,0.6466545409695245
COMPLETED,0.91,0.0,937,3010,1176,0.2868096213305368
COMPLETED,0.91,0.0,163,682,1297,0.4498101951120421
COMPLETED,0.91,0.0,4268,3205,4418,0.6226076109421438
COMPLETED,0.91,0.0,3720,1703,359,0.1107266865155659
COMPLETED,0.91,0.0,2117,4098,3480,0.9388131090987472
COMPLETED,0.91,0.0,2218,81,306,0.5175054691110736
COMPLETED,0.91,0.0,3198,2558,3435,0.4071717074250802
COMPLETED,0.91,0.0,3900,2225,1868,0.9190202425923198
COMPLETED,0.91,0.0,423,4828,4997,0.0285349443837068
COMPLETED,0.91,0.0,980,1559,2534,0.2398762198018841
COMPLETED,0.91,0.0,4377,3929,661,0.8184505615763366
COMPLETED,0.91,0.0,2579,1135,4096,0.3216747016610577
COMPLETED,0.91,0.0,1684,3690,2223,0.7439222776570357
COMPLETED,0.91,0.0,1565,1369,1053,0.9654799242245032
COMPLETED,0.91,1.0,2542,3770,2924,0.1079211697303689
COMPLETED,0.91,0.0,4497,1013,1989,0.5949404834601096
COMPLETED,0.91,0.0,1017,3540,3861,0.4555821237422525
COMPLETED,0.91,0.0,386,269,3669,0.3064270726840943
COMPLETED,0.91,0.0,3781,2719,542,0.6333244759677908
COMPLETED,0.91,0.0,3235,2345,4605,0.1312291527976281
COMPLETED,0.91,0.0,2338,4980,1479,0.8012517216017468
COMPLETED,0.91,0.0,2080,845,4810,0.7233503702021203
COMPLETED,0.91,0.0,3600,3396,1686,0.333993123275414
COMPLETED,0.91,0.0,4304,1856,3247,0.8361170252038165
COMPLETED,0.91,0.0,282,4221,123,0.2284971425262279
COMPLETED,0.91,0.0,818,1894,2347,0.00281880462775
COMPLETED,0.91,0.0,4920,4493,4226,0.9228411834964528
COMPLETED,0.91,0.0,3125,414,784,0.4357894805073738
COMPLETED,0.91,0.0,1520,2887,2663,0.5127489943693391
COMPLETED,0.91,0.0,1269,522,1763,0.1842037316989153
COMPLETED,0.91,0.0,2869,3054,4889,0.7645099369197152
COMPLETED,0.91,0.0,4821,2178,200,0.2506194457550532
COMPLETED,0.91,0.0,723,4562,3326,0.6750942763885484
COMPLETED,0.91,0.0,64,1591,4144,0.5884406942324713
COMPLETED,0.91,0.0,4091,4210,2273,0.4763636115484871
COMPLETED,0.91,0.0,3543,717,2581,0.9750604440513067
COMPLETED,0.91,0.0,2019,3169,710,0.0823517277546226
COMPLETED,0.91,0.0,2393,2336,3006,0.3790369311721064
COMPLETED,0.91,0.0,3295,4717,1127,0.5535128597119822
COMPLETED,0.91,0.0,3997,46,3943,0.054848416468501
COMPLETED,0.91,0.0,598,2593,2064,0.8850935083906166
COMPLETED,0.91,0.0,1117,1177,465,0.8466424972063861
COMPLETED,0.91,0.0,4593,3647,3589,0.203933605859056
COMPLETED,0.91,0.0,2795,1437,1402,0.7177955182654782
COMPLETED,0.91,0.0,1822,4052,4526,0.3557805312749929
COMPLETED,0.91,0.0,1843,2401,1503,0.5600407178944908
COMPLETED,0.91,0.0,2743,4923,4620,0.387514796546474
COMPLETED,0.91,2.0,4541,297,567,0.8764850868387147
COMPLETED,0.91,0.0,1139,2691,3683,0.04819194084974
COMPLETED,0.91,0.0,586,962,3807,0.2124200913758017
COMPLETED,0.91,0.0,4058,3591,1926,0.8531770367899909
COMPLETED,0.91,0.0,3357,1348,2870,0.3491307370573282
COMPLETED,0.91,0.0,2381,3791,989,0.7091957168559543
COMPLETED,0.91,0.0,1958,465,2795,0.7559091810243204
COMPLETED,0.91,0.0,3556,2836,926,0.1775548919671215
COMPLETED,0.91,0.0,4104,1915,4358,0.6816297704580239
COMPLETED,0.91,0.0,4,4472,2489,0.2591049767859279
COMPLETED,0.91,0.0,774,1799,21,0.4697061814438551
COMPLETED,0.91,0.0,4799,4277,3154,0.5798332271664403
COMPLETED,0.91,0.0,2847,817,1584,0.0908305476148612
COMPLETED,0.91,0.0,1320,3423,4717,0.9815873477479444
COMPLETED,0.91,0.0,1536,748,686,0.3426005326629616
COMPLETED,0.91,0.0,3058,3139,2567,0.7300077389070763
COMPLETED,0.91,0.0,4854,1632,2249,0.2219701774299144
COMPLETED,0.91,0.0,835,4169,4130,0.8276381476650945
COMPLETED,0.91,0.0,255,2140,3380,0.9294900846279224
COMPLETED,0.91,0.0,4361,4600,263,0.0114196182016283
COMPLETED,0.91,0.0,3656,476,4943,0.5042635210169479
COMPLETED,0.91,0.0,2053,3101,1826,0.429254047837574
COMPLETED,0.91,0.0,2282,1473,4394,0.1013866878252476
COMPLETED,0.91,0.0,3262,4015,1261,0.9569935001074336
COMPLETED,0.91,0.0,3808,1225,3457,0.4641819865514524
COMPLETED,0.91,0.0,330,3599,324,0.6015903353562578
COMPLETED,0.91,1.0,1082,15,2166,0.6248465491937473
COMPLETED,0.91,0.0,4479,2624,4035,0.2998991568231023
COMPLETED,0.91,0.0,2525,2295,1229,0.8079081395420245
COMPLETED,0.91,0.0,1630,4758,3099,0.1398375129498541
COMPLETED,0.91,0.0,1667,184,4268,0.4138281551348976
COMPLETED,0.91,0.0,2645,2804,2402,0.5261138590328395
COMPLETED,0.91,0.0,4443,2435,2707,0.0200570473792031
COMPLETED,0.91,0.0,963,4889,840,0.9124923565008676
COMPLETED,0.91,0.0,449,1303,1653,0.8270503946159966
COMPLETED,0.91,0.0,3844,3836,4783,0.2465260419284924
COMPLETED,0.91,0.0,3142,1083,91,0.7373877659823745
COMPLETED,0.91,0.0,2245,3470,3221,0.3131882477744482
COMPLETED,0.91,0.0,2173,1960,496,0.1413645991740748
COMPLETED,0.91,0.0,3693,4427,3615,0.7843487955045885
COMPLETED,0.91,1.0,4241,343,1435,0.2934584926924668
COMPLETED,0.91,0.0,219,2957,4553,0.655255324773863
COMPLETED,0.91,0.0,871,930,2958,0.6160806756153702
COMPLETED,0.91,0.0,4974,3310,1075,0.4413313473428599
COMPLETED,0.91,0.0,3022,1765,3896,0.9474205482558348
COMPLETED,0.91,0.0,1417,4311,2013,0.1173840849900618
COMPLETED,0.91,0.0,1362,1676,3543,0.6956464847807772
COMPLETED,0.91,0.0,2962,4125,412,0.3689672364061698
COMPLETED,0.91,1.0,4757,627,4481,0.8638206985171883
COMPLETED,0.91,0.0,660,3260,1350,0.1935228247298858
COMPLETED,0.91,0.0,118,588,1161,0.0455941596346907
COMPLETED,0.91,0.0,4145,2988,3028,0.9029442854724824
COMPLETED,0.91,0.0,3441,2107,2100,0.3930143376084044
COMPLETED,0.91,1.0,1916,4633,3967,0.5326460970588959
COMPLETED,0.91,1.0,2496,1111,2315,0.9851358936414122
COMPLETED,0.91,0.0,3398,3713,4199,0.0653869219477288
COMPLETED,0.91,0.0,3944,1507,753,0.5752844805524683
COMPLETED,0.91,0.0,544,3981,2637,0.4981163454765453
COMPLETED,0.91,0.0,1181,2250,4856,0.271699603912048
COMPLETED,0.91,0.0,4656,4803,1736,0.6607815384131857
COMPLETED,0.91,1.0,2702,137,3294,0.1659566550604067
COMPLETED,0.91,0.0,1729,2502,175,0.7737946852046996
COMPLETED,0.91,0.0,1740,1872,4933,0.1987712243719957
COMPLETED,0.91,1.0,2720,4242,1816,0.8668713916506618
COMPLETED,0.91,1.0,4672,822,3370,0.3666529821490868
COMPLETED,0.91,0.0,1194,3377,253,0.6916279839073308
COMPLETED,0.91,0.0,521,393,2239,0.5425203854956663
COMPLETED,0.91,0.0,3918,2871,4120,0.4050806168021633
COMPLETED,0.91,0.0,3370,1912,676,0.890135851650685
COMPLETED,0.91,1.0,2475,4516,2557,0.0344956881809048
COMPLETED,0.91,0.0,1942,995,1239,0.4872588882172479
COMPLETED,0.91,0.0,3464,3517,3108,0.5622350325361825
COMPLETED,0.91,1.0,4166,1390,2176,0.0772121869469992
COMPLETED,0.91,0.0,146,3786,4045,0.9952511962726712
COMPLETED,0.91,0.0,641,2368,3467,0.7695294543851166
COMPLETED,0.91,0.0,4746,4998,334,0.1638891307494602
COMPLETED,0.91,1.0,2948,253,4404,0.6640789614927954
COMPLETED,0.91,0.0,1346,2698,1270,0.2767012736080214
COMPLETED,0.91,0.0,1445,66,2880,0.915779538858775
COMPLETED,0.91,0.0,3043,2609,999,0.0250541921051219
COMPLETED,0.91,0.0,4997,2318,3816,0.5218436269305646
COMPLETED,0.91,0.0,897,4694,1936,0.4117499137896112
COMPLETED,0.91,0.0,203,1420,576,0.3250185140564106
COMPLETED,0.91,0.0,4227,4031,3693,0.7475137856479734
COMPLETED,0.91,1.0,3682,1201,1513,0.2356788253908976
COMPLETED,0.91,0.0,2155,3665,4630,0.8140054715697653
COMPLETED,0.91,0.0,2258,2155,1574,0.6424571316737681
COMPLETED,0.91,1.0,3158,4544,4707,0.2823645462087355
COMPLETED,0.91,0.0,3862,539,11,0.7942280852240509
COMPLETED,0.91,0.0,460,3074,3144,0.1534415954021736
COMPLETED,0.91,0.0,942,735,4348,0.1150648294502869
COMPLETED,0.91,0.0,4415,3193,2479,0.9433913303480485
COMPLETED,0.91,1.0,2619,1570,2785,0.4465695062632672
COMPLETED,0.91,0.0,1644,4194,916,0.619126843778789
COMPLETED,0.91,0.0,1602,865,2090,0.8406837851802818
COMPLETED,0.91,0.0,2504,3334,3957,0.2328162031859159
COMPLETED,0.91,0.0,4456,1749,1152,0.7198810047725215
COMPLETED,0.91,0.0,1057,4364,3019,0.3307714571625925
COMPLETED,0.91,0.0,346,2024,4472,0.4313330036518163
COMPLETED,0.91,0.0,3821,4404,1341,0.5085325623376294
COMPLETED,0.91,1.0,3273,358,3533,0.0064217590067535
COMPLETED,0.91,0.0,2300,2906,402,0.9262040930516086
COMPLETED,0.91,0.0,2040,1278,3304,0.598543452723883
COMPLETED,0.91,0.0,3641,3897,184,0.4589450184126384
COMPLETED,0.91,0.0,4342,1029,4866,0.961023432484176
COMPLETED,0.91,0.0,244,3482,1746,0.1037047525834292
COMPLETED,0.91,0.0,855,210,763,0.1277598022527992
COMPLETED,0.91,0.0,4882,2741,2647,0.7980300406041554
COMPLETED,0.91,0.0,3084,2490,2325,0.3109938177757896
COMPLETED,0.91,0.0,1560,4875,4208,0.6376435515122488
COMPLETED,0.91,0.0,1309,2206,101,0.0592896978345699
COMPLETED,0.91,0.0,2829,4806,3231,0.8892947114421054
COMPLETED,0.91,0.0,4783,102,1662,0.3754492318216711
COMPLETED,0.91,0.0,761,2574,4793,0.5501652386761269
COMPLETED,0.91,0.0,27,1157,2716,0.7132135032604447
COMPLETED,0.91,0.0,4129,3708,850,0.3514461820960044
COMPLETED,0.91,0.0,3584,1543,4278,0.8501270581254735
COMPLETED,0.91,0.0,1979,3908,2412,0.2071705009520985
COMPLETED,0.91,0.0,2356,582,3887,0.2541040215589105
COMPLETED,0.91,0.0,3333,3031,2004,0.6783311565968208
COMPLETED,0.91,0.0,4038,2032,2949,0.1796217018091119
COMPLETED,0.91,0.0,558,4667,1066,0.7601756026254965
COMPLETED,0.91,0.0,1157,1681,1425,0.9714727595856412
COMPLETED,0.91,0.0,4552,4082,4544,0.0790040918339975
COMPLETED,0.91,0.0,2756,700,487,0.5928819607137701
COMPLETED,0.91,0.0,1859,3228,3606,0.4805648294847458
COMPLETED,0.91,0.0,1803,327,388,0.6849733874907717
COMPLETED,0.91,0.0,2784,2937,3509,0.2626962633659131
COMPLETED,0.91,0.0,4579,1983,1326,0.7517120415150188
COMPLETED,0.91,0.0,1101,4446,4447,0.1731100829105824
COMPLETED,0.91,0.0,623,1786,3082,0.0875895889796316
COMPLETED,0.91,0.0,4020,4327,1206,0.9781063145193272
COMPLETED,0.91,0.0,3316,912,4020,0.4740445346259511
COMPLETED,0.91,0.0,2421,3287,2144,0.5844116549419239
COMPLETED,0.91,0.0,1995,2453,4067,0.8808234549055806
COMPLETED,0.91,0.0,3517,4912,2193,0.0527703537404537
COMPLETED,0.91,0.0,4063,163,2505,0.5567997443744913
COMPLETED,0.91,0.0,43,2788,632,0.3840337782026268
COMPLETED,0.91,0.0,734,1060,1839,0.3449336124327965
COMPLETED,0.91,0.0,4839,3451,4968,0.7047508929146453
COMPLETED,0.91,0.0,2885,1319,277,0.2157636935237794
COMPLETED,0.91,0.0,1282,3856,3406,0.856768338254746
COMPLETED,0.91,0.0,1499,1486,2426,0.4674076864369213
COMPLETED,0.91,0.0,3097,3965,4303,0.605056083786767
COMPLETED,0.91,0.0,4895,1130,864,0.0970635338538326
COMPLETED,0.91,0.0,794,3735,2741,0.9524302975909784
COMPLETED,0.91,0.0,295,152,4730,0.8045493232985959
COMPLETED,0.91,0.0,4320,2524,1609,0.1362310011108405
COMPLETED,0.91,0.0,3618,2228,3168,0.6290589474528095
COMPLETED,0.91,0.0,2091,4784,47,0.3043592506777494
COMPLETED,0.91,0.0,2322,649,3747,0.2261825905737467
COMPLETED,0.91,0.0,3221,3279,618,0.8320982266349717
COMPLETED,0.91,0.0,3770,1661,4686,0.3392417015347629
COMPLETED,0.91,0.0,367,4103,1556,0.7264012419528327
COMPLETED,0.91,0.0,1045,2089,972,0.4999403819303028
COMPLETED,0.91,0.0,4517,4610,2846,0.4246908304363489
COMPLETED,0.91,0.0,2566,610,1911,0.9327157696286216
COMPLETED,0.91,0.0,1590,3004,3784,0.0148853815169073
COMPLETED,0.91,0.0,1705,1938,2610,0.2888762525552883
COMPLETED,0.91,0.0,2607,4490,740,0.6509207839534616
COMPLETED,0.91,0.0,4403,449,4173,0.1448494447643868
COMPLETED,0.91,0.0,1003,2815,2303,0.7875859417781234
COMPLETED,0.91,0.0,409,799,229,0.9518615449506788
COMPLETED,0.91,0.0,3885,3400,3355,0.1215850368610583
COMPLETED,0.91,0.0,3180,1820,1792,0.6124932013970799
COMPLETED,0.91,0.0,2208,4294,4918,0.4379839179484173
COMPLETED,0.91,0.0,2133,276,1373,0.0164695582761429
COMPLETED,0.91,0.0,3733,2675,4496,0.9091449419911952
COMPLETED,0.91,0.0,4279,2420,436,0.4182691667145118
COMPLETED,0.91,0.0,181,4946,3560,0.5303147960190661
COMPLETED,0.91,0.0,909,1364,3913,0.7408725966879167
COMPLETED,0.91,0.0,4936,3812,2034,0.3164254089327528
COMPLETED,0.91,0.0,2982,939,2976,0.8224681693635881
COMPLETED,0.91,0.0,1457,3573,1098,0.2421914862233214
COMPLETED,0.91,0.0,1401,1243,4576,0.5708281953383237
COMPLETED,0.91,0.0,2921,3623,1450,0.4939001385769806
COMPLETED,0.91,0.0,4719,1453,3639,0.9887385968399232
COMPLETED,0.91,0.0,697,3998,513,0.0687495468316599
COMPLETED,0.91,0.0,80,2272,1960,0.1705236662173643
COMPLETED,0.91,0.0,4183,4740,3831,0.7781140305356122
COMPLETED,0.91,0.0,3481,31,1023,0.2682300468410365
COMPLETED,0.91,0.0,1876,2645,2894,0.6575596471682191
COMPLETED,0.91,0.0,2458,1616,813,0.8603511265614069
COMPLETED,0.91,0.0,3436,4148,2693,0.1903009483696892
COMPLETED,0.91,0.0,3984,771,2377,0.7002135108225047
COMPLETED,0.91,0.0,504,3157,4256,0.3732865668523125
COMPLETED,0.91,0.0,1221,496,3276,0.3966170259221457
COMPLETED,0.91,0.0,4615,3117,152,0.5360087368275969
COMPLETED,0.91,0.0,2664,2123,4839,0.0411378893053159
COMPLETED,0.91,0.0,1766,4576,1715,0.8987280636881478
COMPLETED,0.91,0.0,1760,506,4436,0.8545780062193051
COMPLETED,0.91,0.0,2660,3107,1317,0.2116209727332927
COMPLETED,0.91,0.0,4614,2112,3499,0.7098605451042764
COMPLETED,0.91,0.0,1212,4587,380,0.3480927476271986
COMPLETED,0.91,0.0,503,1606,2130,0.3867285085756331
COMPLETED,0.91,0.0,3976,4158,4013,0.5614440391174517
COMPLETED,0.91,0.0,3430,781,1193,0.047157255838532
COMPLETED,0.91,0.0,2455,3147,3077,0.8771617931334302
COMPLETED,0.91,0.0,1885,2282,644,0.580749042405095
COMPLETED,0.91,0.0,3483,4730,2510,0.4684323874887079
COMPLETED,0.91,0.0,4187,21,2207,0.982751560026966
COMPLETED,0.91,0.0,87,2655,4074,0.0902833685879595
COMPLETED,0.91,0.0,700,1233,3417,0.1762682673403061
COMPLETED,0.91,0.0,4725,3632,285,0.7568226444693282
COMPLETED,0.91,0.0,2929,1462,4980,0.2585544933401048
COMPLETED,0.91,0.0,1402,3989,1848,0.6827821046906523
COMPLETED,0.91,0.0,1464,1354,2754,0.010750741295889
COMPLETED,0.91,0.0,2986,3822,870,0.9305325990281068
COMPLETED,0.91,1.0,4938,949,4317,0.4278580796909518
COMPLETED,0.91,0.0,918,3563,2433,0.5050571620641277
COMPLETED,0.91,0.0,181,286,57,0.7310383752608671
COMPLETED,0.91,0.0,4286,2666,3176,0.3419283513383008
COMPLETED,0.91,0.0,3738,2410,1620,0.8284294369186274
COMPLETED,0.91,0.0,2136,4956,4739,0.2205613786116242
COMPLETED,0.91,0.0,2198,789,1545,0.2987389932014979
COMPLETED,0.91,0.0,3178,3410,4676,0.6253892032505944
COMPLETED,0.91,0.0,3880,1829,608,0.1389166964285075
COMPLETED,0.91,0.0,402,4284,3739,0.8091874110925011
COMPLETED,0.91,0.0,1000,1948,3770,0.957548032210674
COMPLETED,0.91,0.0,4397,4480,1904,0.1002298286225646
COMPLETED,0.91,0.0,2599,439,2833,0.6028719587003812
COMPLETED,0.91,0.0,1704,2825,967,0.4632740007017738
COMPLETED,0.91,0.0,1585,2079,2293,0.2478112673869356
COMPLETED,0.91,0.0,2562,4620,4162,0.8261383898784406
COMPLETED,0.91,0.0,4517,619,731,0.3137392373024485
COMPLETED,0.91,0.0,1037,2994,2600,0.7362349852066487
COMPLETED,0.91,0.0,366,660,4912,0.525196585086733
COMPLETED,0.91,0.0,3761,3268,1778,0.4151033482584171
COMPLETED,0.91,0.0,3215,1650,3350,0.9113285907649435
COMPLETED,0.91,0.0,2318,4114,216,0.0206037203239276
COMPLETED,0.91,0.0,2099,143,3565,0.442119034482073
COMPLETED,0.91,0.0,3619,2533,449,0.6146758956849575
COMPLETED,0.91,0.0,4324,2237,4503,0.1184182639190927
COMPLETED,0.91,0.0,301,4775,1387,0.9467442885042168
COMPLETED,0.91,0.0,798,1496,1105,0.7829492847827262
COMPLETED,0.91,0.0,4901,3955,2987,0.1421623186482116
COMPLETED,0.91,0.0,3105,1120,2043,0.6545900499824434
COMPLETED,0.91,0.0,1500,3746,3925,0.2944969882047734
COMPLETED,0.91,0.0,1287,1070,518,0.9023901999123394
COMPLETED,0.91,0.0,2888,3441,3652,0.0467505127551965
COMPLETED,0.91,0.0,4840,1309,1456,0.5313630150073207
COMPLETED,0.91,0.0,742,3866,4590,0.3939237226264551
COMPLETED,0.91,0.0,46,2443,2902,0.3701279061099514
COMPLETED,0.91,0.0,4073,4922,1034,0.6951033841808326
COMPLETED,0.91,0.0,3524,173,3840,0.1944422420828603
COMPLETED,0.91,0.0,2000,2778,1972,0.8625428856741637
COMPLETED,0.91,0.0,2414,1796,4246,0.6597504555162974
COMPLETED,0.91,0.0,3316,4317,2365,0.2723722913188859
COMPLETED,0.91,0.0,4018,902,2685,0.7730048546586185
COMPLETED,0.91,0.0,618,3297,803,0.1673640547103248
COMPLETED,0.91,0.0,1097,318,1709,0.0660552927712909
COMPLETED,0.91,0.0,4572,2946,4825,0.9840938257843256
COMPLETED,0.91,0.0,2774,1992,147,0.4995137127915397
COMPLETED,0.91,0.0,1801,4436,3263,0.5744893807978368
COMPLETED,0.91,0.0,1862,1692,241,0.2793869707862846
COMPLETED,0.91,0.0,2762,4072,3365,0.6687170474261044
COMPLETED,0.91,0.0,4560,690,1802,0.1582688714126124
COMPLETED,0.91,0.0,1158,3238,4926,0.7658597120434976
COMPLETED,0.91,0.0,567,572,2546,0.9930670730468816
COMPLETED,0.91,1.0,4039,3041,668,0.0730784993512555
COMPLETED,0.91,0.0,3337,2042,4108,0.567352765295282
COMPLETED,0.91,0.0,2362,4657,2230,0.4904251848465763
COMPLETED,0.91,0.0,1978,1167,4057,0.0376629355749115
COMPLETED,0.91,0.0,3575,3698,2185,0.895252633645106
COMPLETED,0.91,0.0,4123,1533,3119,0.4009459784417412
COMPLETED,0.91,0.0,23,3918,1247,0.5403372130345552
COMPLETED,0.91,1.0,754,2197,1285,0.68795919233039
COMPLETED,0.91,1.0,4779,4815,4410,0.3610317720475606
COMPLETED,0.91,0.0,2827,111,347,0.8715085268192924
COMPLETED,0.91,0.0,1300,2565,3472,0.2014578723149373
COMPLETED,0.91,0.0,1557,200,1947,0.6237720911470241
COMPLETED,0.91,0.0,3079,2751,3826,0.4492632840109989
COMPLETED,0.91,0.0,4874,2500,1009,0.9397287159506232
COMPLETED,0.91,1.0,855,4865,2888,0.1094526841736398
COMPLETED,0.91,0.0,235,1288,4644,0.1492998272369615
COMPLETED,0.91,0.0,4340,3888,1520,0.7920368005633353
COMPLETED,0.91,0.0,3636,1020,3706,0.285522728777863
COMPLETED,0.91,0.0,2033,3492,582,0.6475677364886738
COMPLETED,0.91,0.0,2300,2014,3131,0.8191151218988
COMPLETED,0.91,0.0,3281,4414,5,0.2388379624458961
COMPLETED,0.91,0.0,3826,368,4693,0.7453234554731287
COMPLETED,0.91,0.0,348,2896,1567,0.3208757914053276
COMPLETED,0.91,0.0,1064,875,906,0.4061368140270933
COMPLETED,0.91,0.0,4461,3324,2777,0.5181819670190103
COMPLETED,0.91,0.0,2506,1739,2468,0.0277489243387244
COMPLETED,0.91,0.0,1612,4374,4339,0.9204238317411392
COMPLETED,0.91,0.0,1648,726,3013,0.6325343774958513
COMPLETED,0.91,0.0,2626,3203,1139,0.3078342044081538
COMPLETED,0.91,0.0,4424,1580,3950,0.8002208470916375
COMPLETED,0.91,0.0,944,4184,2076,0.1319020485912449
COMPLETED,0.91,1.0,469,2165,395,0.1093183286585845
COMPLETED,0.91,0.0,3863,4534,3523,0.9646846160830927
COMPLETED,0.91,1.0,3161,528,1332,0.4562507624916732
COMPLETED,0.91,0.0,2264,3085,4460,0.5938986835288815
COMPLETED,0.91,0.0,2153,1411,1755,0.9215583693707362
COMPLETED,0.91,0.0,3673,4040,4877,0.0037284575716592
COMPLETED,0.91,0.0,4221,1210,192,0.5121947004224173
COMPLETED,0.91,0.0,199,3655,3314,0.4369456252411007
COMPLETED,0.91,0.0,891,77,4215,0.3349127490151673
COMPLETED,0.91,0.0,4994,2599,2339,0.7220727657458745
COMPLETED,0.91,0.0,3042,2308,2652,0.229657544304151
COMPLETED,0.91,0.0,1437,4704,776,0.8355736566780135
COMPLETED,0.91,0.0,1341,2377,4802,0.4773980584033764
COMPLETED,0.91,0.0,2941,4988,1674,0.5877647024067117
COMPLETED,0.91,0.0,4737,244,3239,0.0831392065070569
COMPLETED,0.91,0.0,639,2708,111,0.973655455734115
COMPLETED,0.91,0.0,138,985,2418,0.7638448705150745
COMPLETED,0.91,1.0,4165,3527,4292,0.1852424355980008
COMPLETED,0.91,0.0,3461,1400,855,0.6736944977408273
COMPLETED,0.91,0.0,1936,3776,2729,0.2514168973033316
COMPLETED,0.91,0.0,2477,403,1060,0.2044843274611979
COMPLETED,0.91,0.0,3379,2861,2936,0.8454894485048017
COMPLETED,0.91,0.0,3925,1902,1997,0.3570659651202149
COMPLETED,0.91,0.0,525,4526,3873,0.7168837219147011
COMPLETED,0.91,0.0,1199,1862,3598,0.5523488855892791
COMPLETED,0.91,0.0,4675,4251,476,0.3795833957300521
COMPLETED,0.91,0.0,2720,832,4535,0.8841765023703687
COMPLETED,0.91,0.0,1748,3367,1413,0.056123877517879
COMPLETED,0.91,0.0,1719,2260,3677,0.9793889202582649
COMPLETED,0.91,0.0,2699,4792,552,0.0866806802742183
COMPLETED,0.91,0.0,4651,126,4615,0.5849652641894296
COMPLETED,0.91,0.0,1174,2513,1490,0.4728886578180827
COMPLETED,0.91,0.0,541,1102,980,0.2617763697003014
COMPLETED,0.91,0.0,3938,3722,2858,0.6862516766464337
COMPLETED,0.91,0.0,3390,1517,1918,0.1719489368941634
COMPLETED,0.91,0.0,2495,3971,3796,0.7522556184276006
COMPLETED,0.91,0.0,1923,599,2497,0.7055411997733637
COMPLETED,0.91,0.0,3445,2978,4369,0.343525736470241
COMPLETED,0.91,0.0,4147,2097,935,0.8577998974642717
COMPLETED,0.91,0.0,127,4643,2807,0.2150905298043042
COMPLETED,0.91,0.0,660,1667,4722,0.0513734627380967
COMPLETED,0.91,0.0,4765,4134,1596,0.8816180783475748
COMPLETED,0.91,0.0,2967,636,3161,0.383365883691702
COMPLETED,0.91,0.0,1364,3251,34,0.5578413359189405
COMPLETED,0.91,0.0,1426,921,4138,0.1356795352702029
COMPLETED,0.91,0.0,3024,3320,2259,0.8057025803869589
COMPLETED,0.91,0.0,4978,1775,2576,0.3030735489066689
COMPLETED,0.91,0.0,878,4301,697,0.6299714285030029
COMPLETED,0.91,0.0,222,1969,1832,0.6062193732100539
COMPLETED,0.91,0.0,4247,4417,4956,0.4668614898048341
COMPLETED,0.91,1.0,3701,333,270,0.9533470952244474
COMPLETED,0.91,0.0,2174,2967,3394,0.0957888170429505
COMPLETED,0.91,0.0,2239,1294,317,0.4236571278199553
COMPLETED,0.91,0.0,3138,3845,3443,0.5006161653692834
COMPLETED,0.91,0.0,3842,1093,1255,0.0140981706903316
COMPLETED,0.91,0.0,440,3460,4381,0.9341200732463972
COMPLETED,0.91,0.0,962,194,3089,0.8327639777390285
COMPLETED,0.91,0.0,4435,2794,1218,0.2251436187488026
COMPLETED,0.91,0.0,2639,2425,4027,0.7278012289873323
COMPLETED,0.91,0.0,1664,4899,2156,0.3384435057479888
COMPLETED,0.91,0.0,1623,5,826,0.1229814813203178
COMPLETED,0.91,0.0,2525,2634,2700,0.951067427590862
COMPLETED,0.91,0.0,4477,2305,2389,0.4386532711667939
COMPLETED,0.91,0.0,1077,4748,4263,0.6114502106842585
COMPLETED,0.91,1.0,325,1484,3210,0.6501299710125661
COMPLETED,0.91,0.0,3801,4004,81,0.2902845750609412
COMPLETED,0.91,0.0,3253,1215,4773,0.7865557817369699
COMPLETED,0.91,0.0,2280,3609,1645,0.1455211497764103
COMPLETED,0.91,0.0,2059,2131,4564,0.3173457491414621
COMPLETED,0.91,0.0,3659,4609,1442,0.7395938014500774
COMPLETED,0.91,0.0,4361,485,3627,0.2433511735322885
COMPLETED,0.91,0.0,263,3091,505,0.8219259916193782
COMPLETED,0.91,0.0,837,758,2026,0.9078628423344344
COMPLETED,0.91,0.0,4864,3129,3902,0.0173780204384587
COMPLETED,0.91,1.0,3065,1622,1089,0.5297597876031883
COMPLETED,0.91,0.0,1541,4179,2965,0.4194265022298321
COMPLETED,0.91,0.0,1328,1809,1361,0.7774496785999275
COMPLETED,0.91,0.0,2848,4268,4489,0.1715611793348565
COMPLETED,0.91,0.0,4802,808,424,0.6561591540515422
COMPLETED,0.91,1.0,780,3433,3552,0.2690286891709081
COMPLETED,0.91,0.0,7,455,3979,0.494935299900826
COMPLETED,0.91,0.0,4110,2846,2105,0.570151012730971
COMPLETED,0.91,0.0,3564,1925,3042,0.0695363111151382
COMPLETED,0.91,0.0,1959,4462,1168,0.9873347993043252
COMPLETED,0.91,0.0,2376,972,2623,0.5348440482359378
COMPLETED,0.91,0.0,3353,3581,747,0.3971646812616847
COMPLETED,0.91,0.0,4058,1338,4186,0.8978117721368559
COMPLETED,0.91,0.0,578,3801,2310,0.0424121595731005
COMPLETED,0.91,0.0,1137,2392,163,0.1908509555028751
COMPLETED,0.91,0.0,4532,4932,3285,0.8591992686414159
COMPLETED,0.91,0.0,2737,307,1726,0.3745727151664905
COMPLETED,0.91,0.0,1839,2681,4848,0.6993005236901342
COMPLETED,0.91,0.0,1822,1188,1630,0.4042936143623664
COMPLETED,0.91,0.0,2802,3636,4748,0.5439248975002205
COMPLETED,0.91,0.0,4598,1426,67,0.0334617176386527
COMPLETED,0.91,0.0,1120,4062,3185,0.8908113671638072
COMPLETED,0.91,0.0,605,2326,4327,0.8682716466110199
COMPLETED,0.91,0.0,4002,4727,2443,0.1979732965110801
COMPLETED,0.91,0.0,3297,56,2763,0.6922935266246087
COMPLETED,0.91,0.0,2403,2583,880,0.365613801937364
COMPLETED,0.91,1.0,2016,1601,2824,0.1626032205916009
COMPLETED,0.91,0.0,3538,4200,957,0.7704417270485311
COMPLETED,0.91,0.0,4084,707,3760,0.2761500756932422
COMPLETED,0.91,0.0,64,3180,1894,0.665232486507017
COMPLETED,0.91,1.0,713,513,598,0.5631515622437931
COMPLETED,0.91,0.0,4819,3063,3730,0.4859839034805074
COMPLETED,0.91,0.0,2864,2187,1535,0.9964146940827368
COMPLETED,0.91,0.0,1262,4553,4666,0.0766661987016908
COMPLETED,0.91,0.0,1519,1884,1183,0.7485451364707201
COMPLETED,0.91,1.0,3116,4503,3067,0.3243451419501565
COMPLETED,0.91,0.0,4915,424,2120,0.8147960463543422
COMPLETED,0.91,0.0,814,2877,4004,0.2342712173542007
COMPLETED,0.91,0.0,275,855,3489,0.0243860296683385
COMPLETED,0.91,0.0,4300,3386,370,0.9168208624773658
COMPLETED,0.91,1.0,3598,1846,4426,0.4103532311740331
COMPLETED,0.91,1.0,2071,4230,1307,0.5226384587593376
COMPLETED,0.91,0.0,2341,260,4989,0.9439451479823328
COMPLETED,0.91,0.0,3241,2729,1858,0.1139091610291972
COMPLETED,0.91,0.0,3789,2354,3426,0.6204091815918684
COMPLETED,0.91,0.0,387,4970,295,0.4456603296319954
COMPLETED,0.91,0.0,1025,1379,2217,0.281203668118175
COMPLETED,0.91,0.0,4498,3760,4083,0.6430009765122086
COMPLETED,0.91,1.0,2546,1003,654,0.152521493349783
COMPLETED,0.91,0.0,1571,3550,2520,0.7955061659929342
COMPLETED,0.91,0.0,1686,1549,3850,0.5076164791731163
COMPLETED,0.91,0.0,2588,3939,1982,0.4326074823063797
COMPLETED,0.91,0.0,4384,1144,2912,0.925039136534091
COMPLETED,0.91,0.0,984,3680,1044,0.0069691464204341
COMPLETED,0.91,0.0,428,91,1466,0.2341026194259524
COMPLETED,0.91,0.0,3903,2548,4600,0.8397710659737698
COMPLETED,0.91,0.0,3199,2214,528,0.3313212559089995
COMPLETED,0.91,0.0,2226,4839,3662,0.7187289384657516
COMPLETED,0.91,1.0,2113,672,137,0.7966293391006998
COMPLETED,0.91,0.0,3713,3214,3253,0.128558236195892
COMPLETED,0.91,0.0,4258,1712,1699,0.6369794675024226
COMPLETED,0.91,0.0,161,4089,4815,0.3120315988191403
COMPLETED,0.91,0.0,929,2065,2675,0.4597315147702581
COMPLETED,0.91,0.0,4956,4675,794,0.5971393872624263
COMPLETED,0.91,1.0,3002,556,4237,0.1047401222940534
COMPLETED,0.91,0.0,1477,3020,2355,0.960346458263602
COMPLETED,0.91,0.0,1382,389,3340,0.3526056610181927
COMPLETED,0.91,0.0,2901,2912,206,0.7126711171294562
COMPLETED,0.91,0.0,4699,1996,4902,0.2080911090866662
COMPLETED,0.91,0.0,677,4391,1768,0.8488485308134928
COMPLETED,0.91,0.0,100,1723,722,0.8887394351003691
COMPLETED,0.91,0.0,4203,4353,2590,0.0604467654240317
COMPLETED,0.91,0.0,3501,898,2284,0.5488833474061451
COMPLETED,0.91,0.0,1896,3342,4152,0.3763579023707657
COMPLETED,0.91,0.0,2439,2477,2053,0.0796736534391529
COMPLETED,0.91,0.0,3417,4847,3935,0.9704299772595986
COMPLETED,0.91,0.0,3965,216,1115,0.4819610060181468
COMPLETED,0.91,0.0,485,2772,2997,0.5920875754280946
COMPLETED,0.91,0.0,1240,1038,4513,0.6773012644815258
COMPLETED,0.91,0.0,4635,3515,1397,0.2547759944967925
COMPLETED,0.91,0.0,2683,1267,3575,0.7593845812978222
COMPLETED,0.91,0.0,1786,3872,459,0.181029815927986
COMPLETED,0.91,0.0,1789,1254,1984,0.7206010601687244
COMPLETED,0.91,0.0,2690,3884,3866,0.3295710107021033
COMPLETED,0.91,0.0,4642,1054,1047,0.8418918135704472
COMPLETED,0.91,0.0,1243,3499,2929,0.2321037483253516
COMPLETED,0.91,0.0,472,233,4600,0.0052137231742031
COMPLETED,0.91,1.0,3948,2755,1484,0.926916555354558
COMPLETED,0.91,0.0,3399,2464,3663,0.4306129556979984
COMPLETED,0.91,0.0,2426,4860,547,0.5097330013557337
COMPLETED,0.91,0.0,1913,881,3252,0.962254361092858
COMPLETED,0.91,0.0,3513,3359,118,0.1029542150390334
COMPLETED,0.91,0.0,4215,1736,4815,0.5992863934538327
COMPLETED,0.91,0.0,117,4340,1681,0.4577065041530877
COMPLETED,0.91,0.0,670,2008,790,0.310250869603455
COMPLETED,0.91,0.0,4697,4378,2658,0.6388820732141844
COMPLETED,0.91,0.0,2899,373,2353,0.1265288810865022
COMPLETED,0.91,0.0,1375,2928,4221,0.7987805707061663
COMPLETED,0.91,1.0,1474,560,205,0.3781128437225707
COMPLETED,0.91,0.0,2994,3017,3321,0.5470064104801043
COMPLETED,0.91,1.0,4948,2058,1768,0.0624408213015645
COMPLETED,0.91,0.0,926,4682,4884,0.8866233836486003
COMPLETED,0.91,1.0,174,1706,2586,0.8469759421008639
COMPLETED,0.91,0.0,4276,4095,705,0.2098418213032186
COMPLETED,0.91,0.0,3731,675,4149,0.7105498839171603
COMPLETED,0.91,0.0,2126,3211,2268,0.3546050177344121
COMPLETED,0.91,0.0,2210,2221,3937,0.1828110121533274
COMPLETED,0.91,0.0,3188,4832,2069,0.7574815085764042
COMPLETED,0.91,0.0,3892,87,3001,0.2568058352218009
COMPLETED,0.91,0.0,412,2552,1132,0.6751495472604409
COMPLETED,0.91,0.0,991,1141,1397,0.5901801544932648
COMPLETED,0.91,0.0,4385,3683,4531,0.4837464313787407
COMPLETED,0.91,0.0,2590,1556,460,0.9682834417990408
COMPLETED,0.91,0.0,1692,3932,3594,0.0816981933254748
COMPLETED,0.91,1.0,1573,1011,4764,0.3634939399844966
COMPLETED,0.91,1.0,2553,3542,1633,0.6942913930032402
COMPLETED,0.91,0.0,4505,1377,3202,0.1961001700861379
COMPLETED,0.91,1.0,1028,3762,71,0.8700227774617261
COMPLETED,0.91,0.0,375,2352,2461,0.8928069133789278
COMPLETED,0.91,0.0,3772,4972,4327,0.0313442949274554
COMPLETED,0.91,0.0,3224,268,899,0.5456794202178716
COMPLETED,0.91,0.0,2329,2720,2765,0.4024172151486389
COMPLETED,0.91,0.0,2089,1848,938,0.0745182919817045
COMPLETED,0.91,0.0,3611,4229,2822,0.9984407243066468
COMPLETED,0.91,0.0,4313,847,1876,0.4840770202579908
COMPLETED,0.91,0.0,293,3394,3760,0.5649365689702331
COMPLETED,0.91,0.0,807,416,3713,0.6672608368944377
COMPLETED,0.91,0.0,4912,2885,594,0.2739997297315858
COMPLETED,0.91,0.0,3114,1886,4651,0.7722233419080264
COMPLETED,0.91,0.0,1511,4501,1532,0.1606996101578697
COMPLETED,0.91,1.0,1260,2170,3047,0.5206433981598355
COMPLETED,0.91,0.0,2858,4570,1181,0.4124701682696119
COMPLETED,0.91,0.0,4812,524,3986,0.915066806769371
COMPLETED,0.91,0.0,712,3052,2120,0.02626196187241
COMPLETED,0.91,1.0,75,719,353,0.2363915500379167
COMPLETED,0.91,0.0,4100,3168,3485,0.812797709244862
COMPLETED,0.91,0.0,3554,1583,1292,0.3262187502695247
COMPLETED,0.91,1.0,2027,4218,4423,0.7467935237255878
COMPLETED,0.91,0.0,2385,44,1874,0.7934773448746651
COMPLETED,0.91,0.0,3284,2595,4992,0.1546723100422881
COMPLETED,0.91,0.0,3989,2344,312,0.6412188797582871
COMPLETED,0.91,0.0,587,4709,3430,0.2831077604463324
COMPLETED,0.91,0.0,1128,1444,4101,0.4478077507363632
COMPLETED,0.91,0.0,4601,4044,2218,0.6183836369835771
COMPLETED,0.91,0.0,2806,1176,2539,0.1158155772420577
COMPLETED,0.91,0.0,1830,3648,656,0.9421606082655488
COMPLETED,0.91,0.0,1852,299,2711,0.1475509216593578
COMPLETED,0.91,0.0,2754,2690,835,0.7844040142797865
COMPLETED,0.91,1.0,4550,2393,4273,0.2920657210501841
COMPLETED,0.91,0.0,1150,4930,2397,0.6482268294490873
COMPLETED,0.91,0.0,575,1340,95,0.6093037403445691
COMPLETED,0.91,1.0,4050,3799,3217,0.4406778650104067
COMPLETED,0.91,0.0,3346,964,1657,0.949160060613323
COMPLETED,0.91,0.0,2373,3589,4779,0.1247669718017801
COMPLETED,0.91,0.0,1966,1923,1430,0.4214206120646558
COMPLETED,0.91,0.0,3567,4464,4558,0.5276438012722879
COMPLETED,0.91,0.0,4112,463,492,0.019133026911132
COMPLETED,0.91,0.0,14,2838,3620,0.9059859593656844
COMPLETED,0.91,0.0,763,816,3892,0.8198047081709839
COMPLETED,0.91,0.0,4790,3425,2018,0.2453504614064469
COMPLETED,0.91,0.0,2836,1807,2954,0.7377211438953876
COMPLETED,0.91,0.0,1311,4270,1080,0.319096411121916
COMPLETED,0.91,0.0,1528,1640,4477,0.9894817515384404
COMPLETED,0.91,0.0,3047,4161,1355,0.0675112353770993
COMPLETED,0.91,0.0,4845,746,3539,0.5720588504393584
COMPLETED,0.91,0.0,823,3141,417,0.4931493386885151
COMPLETED,0.91,0.0,266,474,2095,0.2669993842976167
COMPLETED,0.91,0.0,4369,3102,3971,0.6583104544990696
COMPLETED,0.91,0.0,3667,2148,1157,0.1697805189612321
COMPLETED,0.91,0.0,2062,4592,3033,0.7793523345477879
COMPLETED,0.91,0.0,2273,1227,758,0.7014213401288725
COMPLETED,0.91,0.0,3251,3597,2632,0.3725738943019881
COMPLETED,0.91,0.0,3799,1465,2320,0.8610714405804872
COMPLETED,0.91,0.0,319,4023,4194,0.1891007791380397
COMPLETED,0.91,0.0,1093,2287,3299,0.0404175678438507
COMPLETED,0.91,0.0,4488,4766,170,0.8999282403621822
COMPLETED,0.91,0.0,2536,16,4860,0.3954092040581628
COMPLETED,0.91,0.0,1639,2622,1732,0.5367214019355364
COMPLETED,0.91,0.0,1676,2438,562,0.7504734677163885
COMPLETED,0.91,0.0,2656,4886,3688,0.1738529641014523
COMPLETED,0.91,1.0,4452,177,1499,0.6842227904072962
COMPLETED,0.91,0.0,974,2811,4625,0.2639271324355155
COMPLETED,0.91,0.0,438,1077,2865,0.4747951242670416
COMPLETED,0.91,0.0,3835,3476,994,0.5831807933147065
COMPLETED,0.91,0.0,3131,1306,3802,0.088828170220647
COMPLETED,0.91,0.0,2236,3832,1931,0.977363425886072
COMPLETED,0.91,0.0,2181,350,4363,0.5560873490530066
COMPLETED,0.91,0.0,3704,2951,2485,0.3852418661318719
COMPLETED,0.91,0.0,4249,1957,2800,0.8796230679841712
COMPLETED,0.91,0.0,230,4430,921,0.0534904686757363
COMPLETED,0.91,0.0,860,1762,1588,0.216964073002804
COMPLETED,0.91,0.0,4966,4314,4712,0.8560482307618484
COMPLETED,0.91,0.0,3011,937,25,0.3456460151966661
COMPLETED,0.91,0.0,1408,3303,3149,0.7035427975430152
COMPLETED,0.91,0.0,1353,633,2253,0.093881864978373
COMPLETED,0.91,1.0,2951,3253,4125,0.955132051714789
COMPLETED,0.91,0.0,4749,1673,690,0.4647135328487492
COMPLETED,0.91,0.0,649,4128,2562,0.6082453345919027
COMPLETED,0.91,0.0,129,2104,4948,0.6317531084833666
COMPLETED,0.91,0.0,4154,4636,1821,0.3011699924302287
COMPLETED,0.91,0.0,3452,595,3384,0.8077309847316704
COMPLETED,0.91,0.0,1924,2981,258,0.1335292544294148
COMPLETED,0.91,0.0,2487,1510,3453,0.3365704332803375
COMPLETED,0.91,0.0,3387,3978,328,0.729552424958907
COMPLETED,0.91,0.0,3935,1105,4389,0.2230238219168036
COMPLETED,0.91,0.0,533,3719,1265,0.834761898074951
COMPLETED,0.91,0.0,1192,130,1225,0.9358745457279496
COMPLETED,0.91,0.0,4665,2509,3103,0.0122217026345431
COMPLETED,0.91,0.0,2713,2253,2161,0.5026116427423432
COMPLETED,0.91,0.0,1738,4800,4040,0.4215396548726595
COMPLETED,0.91,0.0,1751,828,1147,0.5956836902553215
COMPLETED,0.91,0.0,2728,3371,3023,0.4543438792691565
COMPLETED,0.91,0.0,4683,1869,2085,0.9667106463070028
COMPLETED,0.91,1.0,1203,4245,3961,0.1071704219385981
COMPLETED,0.91,0.0,512,1909,3529,0.1299984381575137
COMPLETED,0.91,0.0,3907,4519,407,0.8020024619511328
COMPLETED,0.91,0.0,3361,400,4467,0.3056838584464974
COMPLETED,0.91,0.0,2464,2864,1345,0.6345627278832718
COMPLETED,0.91,0.0,1952,1393,4870,0.8373247875287197
COMPLETED,0.91,0.0,3472,3783,1742,0.2277844178792089
COMPLETED,0.91,0.0,4177,988,3308,0.724070632124506
COMPLETED,0.91,0.0,154,3524,180,0.3327928870622999
COMPLETED,0.91,0.0,633,247,2330,0.4350692260273731
COMPLETED,0.91,0.0,4735,2705,4204,0.5139492231400683
COMPLETED,0.91,0.0,2940,2371,768,0.0016110348604619
COMPLETED,0.91,0.0,1335,4995,2642,0.9235539155858568
COMPLETED,0.91,0.0,1434,2321,1667,0.2533209896314889
COMPLETED,0.91,0.0,3034,4691,4788,0.6719124009869061
COMPLETED,0.91,0.0,4986,60,105,0.1873932522905059
COMPLETED,0.91,0.0,888,2616,3227,0.7618160493968054
COMPLETED,0.91,0.0,211,1194,4283,0.9718709160173312
COMPLETED,0.91,0.0,4238,3671,2407,0.0850456227199174
COMPLETED,0.91,0.0,3690,1423,2721,0.5857391577984206
COMPLETED,0.91,0.0,2166,4028,845,0.4795454795077442
COMPLETED,0.91,0.0,2247,545,2944,0.0579998097219504
COMPLETED,0.91,0.0,3149,3068,1070,0.8824224466623737
COMPLETED,0.91,0.0,3851,2152,3882,0.3817003328256308
COMPLETED,0.91,0.0,452,4548,2008,0.550353824989777
COMPLETED,0.91,0.0,951,1567,482,0.7151321091695688
COMPLETED,0.91,0.0,4426,4197,3610,0.3589395734395831
COMPLETED,0.91,0.0,2628,742,1420,0.8434911113953217
COMPLETED,0.91,0.0,1655,3186,4548,0.2066046601449139
COMPLETED,0.91,0.0,1613,1757,3375,0.4884001742294057
COMPLETED,0.91,0.0,2513,4356,249,0.5694997714866883
COMPLETED,0.91,0.0,4467,863,4938,0.0712925920962356
COMPLETED,0.91,0.0,1065,3336,1812,0.9949749758761376
COMPLETED,0.91,0.0,337,357,680,0.768010943648964
COMPLETED,0.91,0.0,3810,2907,2552,0.1562395163032226
COMPLETED,0.91,0.0,3265,2031,2244,0.6706196531378664
COMPLETED,0.91,1.0,2289,4397,4115,0.2776062415705993
COMPLETED,0.91,0.0,2051,1031,2171,0.1994590012143366
COMPLETED,0.91,0.0,3649,3480,4050,0.8736292744159698
COMPLETED,0.91,0.0,4353,1270,1234,0.3592815268406644
COMPLETED,0.91,0.0,253,3905,3113,0.689831314033363
COMPLETED,0.91,0.0,847,2482,4399,0.5424537352171726
COMPLETED,0.91,0.0,4871,4883,1275,0.3989514518333598
COMPLETED,0.91,0.0,3076,212,3462,0.8971300524655729
COMPLETED,0.91,0.0,1549,2739,338,0.0359075123286806
COMPLETED,0.91,0.0,1297,104,3812,0.6454160192675888
COMPLETED,0.91,0.0,2820,2572,1940,0.2875525695028715
COMPLETED,0.91,0.0,4772,2198,2875,0.7901337278419173
COMPLETED,0.91,0.0,752,4814,1004,0.1510810234623029
COMPLETED,0.91,0.0,35,1536,1509,0.1114772240599617
COMPLETED,0.91,0.0,4140,3916,4634,0.9375821804900653
COMPLETED,0.91,0.0,3592,1159,572,0.4510487093715928
COMPLETED,0.91,0.0,1990,3707,3698,0.6218646702121942
COMPLETED,0.91,0.0,2345,2040,15,0.9183077802893704
COMPLETED,0.91,0.0,3325,4659,3139,0.0297429802162572
COMPLETED,0.91,0.0,4027,580,1578,0.5163050300929695
COMPLETED,0.91,0.0,549,3033,4702,0.4078917553788982
COMPLETED,0.91,0.0,1166,699,2790,0.3228751481215469
COMPLETED,0.91,0.0,4563,3229,912,0.7432022222608327
COMPLETED,0.91,0.0,2765,1689,4353,0.2405886746624484
COMPLETED,0.91,0.0,1870,4075,2475,0.8172425331861712
COMPLETED,0.91,1.0,1814,1975,4179,0.0227207262615673
COMPLETED,0.91,0.0,2792,4453,2297,0.9093335804015396
COMPLETED,0.91,0.0,4590,329,2616,0.416979330698587
COMPLETED,0.91,0.0,1110,2935,734,0.523442598220799
COMPLETED,0.91,0.0,615,914,1797,0.7342365829763002
COMPLETED,0.91,0.0,4009,3285,4913,0.3158595160288736
COMPLETED,0.91,0.0,3307,1778,234,0.8243867231760174
COMPLETED,0.91,0.0,2410,4335,3350,0.2496848105854354
COMPLETED,0.91,0.0,2006,161,431,0.2966477509399875
COMPLETED,0.91,0.0,3526,2790,3565,0.6525611637433059
COMPLETED,0.91,0.0,4074,2461,1368,0.1440663458555005
COMPLETED,0.91,0.0,52,4904,4502,0.781167134071514
COMPLETED,0.91,0.0,725,1327,2971,0.944718794132024
COMPLETED,0.91,0.0,4828,3849,1103,0.1205657538655214
COMPLETED,0.91,0.0,2876,1059,3908,0.6128914248102343
COMPLETED,0.91,0.0,1271,3453,2040,0.4440255009310319
COMPLETED,0.91,1.0,1488,1128,3634,0.864540806010086
COMPLETED,0.91,0.0,3088,3737,518,0.1923224452508613
COMPLETED,0.91,0.0,4884,1494,4571,0.6968545801524073
COMPLETED,0.91,0.0,786,3957,1455,0.3682548336423002
COMPLETED,0.91,0.0,304,2236,1018,0.3918062496791593
COMPLETED,0.91,0.0,4331,4776,2900,0.5333584923803805
COMPLETED,0.91,0.0,3627,150,1955,0.0448740446994081
COMPLETED,0.91,0.0,2102,2525,3836,0.904144672393892
COMPLETED,0.91,0.0,2311,1653,2382,0.5765153421796858
COMPLETED,0.91,0.0,3213,4111,4251,0.4973657558354548
COMPLETED,0.91,0.0,3759,651,819,0.9858787822746672
COMPLETED,0.91,0.0,359,3277,2687,0.0641483407067135
COMPLETED,0.91,0.0,1053,611,4844,0.1652137738695368
COMPLETED,0.91,0.0,4528,3002,1710,0.7750332590033299
COMPLETED,0.91,0.0,2574,2081,3281,0.2704687348424457
COMPLETED,0.91,0.0,1601,4618,147,0.661532135496661
COMPLETED,0.91,0.0,1716,442,1321,0.8752849101646804
COMPLETED,0.91,0.0,2616,2822,4452,0.0489122623112052
COMPLETED,0.91,0.0,4414,1941,383,0.5593280527865513
COMPLETED,0.91,0.0,1011,4487,3514,0.3887226184104569
COMPLETED,0.91,0.0,401,1823,4015,0.3498434096076525
COMPLETED,0.91,0.0,3874,4290,2149,0.7079878875495866
COMPLETED,0.91,0.0,3172,793,3077,0.2136202606074511
COMPLETED,0.91,0.0,2196,3406,1211,0.8524567227709106
COMPLETED,0.91,0.0,2144,2416,2510,0.6808789631271734
COMPLETED,0.91,0.0,3742,4949,626,0.2603356393293477
COMPLETED,0.91,0.0,4290,283,4072,0.7546708770121447
COMPLETED,0.91,0.0,190,2669,2188,0.1782980392232537
COMPLETED,0.91,0.0,900,946,282,0.0920688590694218
COMPLETED,0.91,0.0,4925,3566,3401,0.9808441930494272
COMPLETED,0.91,0.0,2973,1361,1844,0.4704569813323207
COMPLETED,0.91,0.0,1446,3815,4963,0.5786025720654056
COMPLETED,0.91,0.0,1391,1450,869,0.2188112022467888
COMPLETED,0.91,0.0,2913,4001,2736,0.8303016088576987
COMPLETED,0.91,0.0,4708,1249,2431,0.3399295304737984
COMPLETED,0.91,0.0,689,3616,4298,0.7331591916996054
COMPLETED,0.91,0.0,89,38,3173,0.506934515763726
COMPLETED,0.91,0.0,4194,2638,41,0.4261026024874299
COMPLETED,0.91,0.0,3490,2269,4735,0.9326490672534332
COMPLETED,0.91,0.0,1887,4743,1603,0.0087561495666392
COMPLETED,0.91,0.0,2447,765,4680,0.4614880394894629
COMPLETED,0.91,0.0,3428,3163,1562,0.6047797964087687
COMPLETED,0.91,0.0,3973,1619,3742,0.0982047528845258
COMPLETED,0.91,0.0,495,4145,623,0.9596949844447896
COMPLETED,0.91,0.0,1229,2126,1905,0.8110900670403614
COMPLETED,0.91,0.0,4626,4573,3790,0.1371360360548831
COMPLETED,0.91,0.0,2672,489,967,0.6275405036981218
COMPLETED,0.91,0.0,1777,3124,2851,0.2967096883282065
COMPLETED,0.91,0.0,1775,778,1342,0.2163793452831916
COMPLETED,0.91,0.0,2674,3148,4470,0.857135825548321
COMPLETED,0.91,0.0,4629,1603,404,0.3452872903810814
COMPLETED,0.91,0.0,1226,4159,3532,0.7053498700105584
COMPLETED,0.91,0.0,498,2112,3960,0.5562036232938059
COMPLETED,0.91,0.0,3971,4589,2086,0.3836772442391142
COMPLETED,0.91,0.0,3425,505,3022,0.880453104154393
COMPLETED,0.91,0.0,2450,3110,1148,0.0521575654386542
COMPLETED,0.91,0.0,1890,1463,2643,0.4736747829867526
COMPLETED,0.91,0.0,3487,3986,767,0.583798505684454
COMPLETED,0.91,0.0,4192,1233,4205,0.0869940670109353
COMPLETED,0.91,0.0,92,3630,2329,0.977749419600144
COMPLETED,0.91,0.0,686,24,183,0.7520660729765892
COMPLETED,0.91,0.0,4711,2654,3305,0.1737084683368913
COMPLETED,0.91,0.0,2915,2285,1745,0.6855893927634694
COMPLETED,0.91,0.0,1388,4729,4867,0.2630631589898839
COMPLETED,0.91,0.0,1449,2410,846,0.933334305312205
COMPLETED,0.91,0.0,2971,4953,2720,0.0152652864297851
COMPLETED,0.91,0.0,4923,287,2408,0.500302659554407
COMPLETED,0.91,0.0,904,2662,4282,0.4252965093999169
COMPLETED,0.91,0.0,186,952,3230,0.3386331702771596
COMPLETED,0.91,0.0,4292,3562,102,0.7260418166227639
COMPLETED,0.91,0.0,3743,1357,4792,0.225805545397289
COMPLETED,0.91,0.0,2140,3821,1663,0.831476831214968
COMPLETED,0.91,0.0,2193,436,4545,0.6286824939459562
COMPLETED,0.91,0.0,3173,2826,1423,0.3037375017444602
COMPLETED,0.91,0.0,3875,1945,3607,0.8039413837105966
COMPLETED,0.91,0.0,397,4481,485,0.1358712222674861
COMPLETED,0.91,0.0,1015,1829,2007,0.0974261724336072
COMPLETED,0.91,0.0,4412,4287,3883,0.9530353774425572
COMPLETED,0.91,0.0,2614,789,1069,0.4680265830761752
COMPLETED,0.91,0.0,1719,3413,2945,0.6054353895876556
COMPLETED,0.91,0.0,1599,1647,4119,0.8230908467344008
COMPLETED,0.91,1.0,2577,4115,2240,0.2425669517535716
COMPLETED,0.91,0.0,4531,655,2556,0.7412313949970528
COMPLETED,0.91,0.0,1051,3271,677,0.3170342695158906
COMPLETED,0.91,0.0,361,617,1813,0.4176650673971511
COMPLETED,0.91,0.0,3756,2998,4937,0.5299512364441528
COMPLETED,0.91,0.0,3210,2077,250,0.0160893240377306
COMPLETED,0.91,1.0,2313,4624,3374,0.9085270333285445
COMPLETED,0.91,0.0,2104,1122,337,0.6121123754890636
COMPLETED,0.91,0.0,3624,3741,3463,0.4373663627990521
COMPLETED,0.91,1.0,4328,1498,1274,0.951256853963714
COMPLETED,0.91,0.0,306,3951,4400,0.1212218307994306
COMPLETED,0.91,0.0,784,2242,3109,0.1452078821178525
COMPLETED,0.91,0.0,4887,4772,1238,0.7881954014732502
COMPLETED,0.91,1.0,3091,146,4046,0.2894985689704306
COMPLETED,0.91,0.0,1486,2532,2175,0.6512968485957011
COMPLETED,0.91,0.0,1273,175,3697,0.0417501138464547
COMPLETED,0.91,0.0,2873,2774,572,0.899098799582757
COMPLETED,0.91,0.0,4825,2445,4634,0.3969748976543545
COMPLETED,0.91,0.0,727,4918,1509,0.5366033415223471
COMPLETED,0.91,0.0,50,1314,1000,0.69961414858317
COMPLETED,0.91,0.0,4078,3864,2879,0.3729334526646882
COMPLETED,0.91,0.0,3530,1075,1937,0.8599851556537673
COMPLETED,0.91,0.0,2005,3439,3815,0.1896839588415809
COMPLETED,0.91,0.0,2409,1988,2478,0.2678634768214076
COMPLETED,0.91,0.0,3311,4438,4350,0.6569430185957811
COMPLETED,0.91,0.0,4013,313,915,0.1699237048660404
COMPLETED,0.91,1.0,613,2948,2787,0.7777612773036584
COMPLETED,0.91,0.0,1112,900,4704,0.9890961150588468
COMPLETED,0.91,0.0,4587,3301,1577,0.0693447431960143
COMPLETED,0.91,0.0,2789,1794,3140,0.571440066366177
COMPLETED,0.91,0.0,1816,4321,14,0.4942714661411941
COMPLETED,0.91,0.0,1868,2046,3359,0.6634708749176934
COMPLETED,0.91,0.0,2767,4655,225,0.2763413440563716
COMPLETED,0.91,0.0,4565,576,4922,0.7691528576123527
COMPLETED,0.91,0.0,1163,3039,1788,0.1632672273866832
COMPLETED,0.91,0.0,552,692,741,0.0778312268521636
COMPLETED,0.91,0.0,4025,3233,2609,0.9956306565030478
COMPLETED,0.91,0.0,3323,1693,2304,0.4876216737841255
COMPLETED,0.91,0.0,2347,4068,4173,0.5628402630960568
COMPLETED,0.91,0.0,1992,110,2033,0.8904980455479584
COMPLETED,0.91,0.0,3590,2568,3915,0.0351012722540646
COMPLETED,0.91,0.0,4138,2194,1096,0.5431388337312266
COMPLETED,0.91,0.0,38,4820,2978,0.4054604305458254
COMPLETED,0.91,0.0,749,1529,4493,0.3662760244206525
COMPLETED,0.91,0.0,4774,3920,1377,0.6910066796565428
COMPLETED,0.91,0.0,2822,1163,3556,0.1981627768412232
COMPLETED,0.91,0.0,1295,3700,440,0.8665120612110011
COMPLETED,0.91,0.0,1552,1018,3830,0.4459737703260034
COMPLETED,0.91,0.0,3074,3496,1962,0.6187697460546157
COMPLETED,0.91,0.0,4870,1286,2893,0.1146948675637133
COMPLETED,0.91,0.0,850,3892,1025,0.9427779745643958
COMPLETED,0.91,1.0,250,2496,1446,0.7948443007441237
COMPLETED,0.91,0.0,4355,4867,4580,0.153808697552327
COMPLETED,0.91,0.0,3650,196,509,0.6428113771039061
COMPLETED,0.91,0.0,2048,2753,3643,0.2829631344400346
COMPLETED,0.91,0.0,2286,1743,156,0.2360324717090465
COMPLETED,0.91,0.0,3266,4372,3272,0.8146044207567348
COMPLETED,0.91,0.0,3812,879,1719,0.3256341304644942
COMPLETED,0.91,0.0,334,3322,4835,0.7478812487537972
COMPLETED,0.91,1.0,1068,370,2694,0.5214733115307055
COMPLETED,0.91,0.0,4466,2891,813,0.4111371496755629
COMPLETED,0.91,0.0,2511,2016,4257,0.9151834494082256
COMPLETED,0.91,1.0,1616,4410,2376,0.0246976860505528
COMPLETED,0.91,0.0,1653,532,1202,0.3103939475936814
COMPLETED,0.91,0.0,2631,3083,3086,0.6372908857283182
COMPLETED,0.91,0.0,4429,2167,2140,0.1273933271235786
COMPLETED,0.91,0.0,949,4534,4024,0.7974134957585483
COMPLETED,0.91,0.0,940,4491,547,0.2517634435862302
COMPLETED,0.91,0.0,4088,1794,4290,0.636770995136164
COMPLETED,0.91,0.0,3024,3261,1941,0.1584535765225067
COMPLETED,0.91,0.0,2413,485,3184,0.7951337332345544
COMPLETED,0.91,0.0,1511,2994,4853,0.9627059008215552
COMPLETED,0.91,0.0,3360,771,1098,0.0855649802512489
COMPLETED,0.91,0.0,4524,4265,2516,0.6179601224857382
COMPLETED,0.91,0.0,133,1961,1261,0.4880474786759353
COMPLETED,0.91,0.0,395,3569,2970,0.0489864963799715
COMPLETED,0.91,0.0,4793,167,1726,0.9358775254728272
COMPLETED,0.91,0.0,3730,4798,4388,0.3919604326380416
COMPLETED,0.91,0.0,1868,1477,644,0.5277287858661263
COMPLETED,0.91,0.0,2060,3948,2414,0.7270021791868841
COMPLETED,0.91,0.0,2659,2269,3669,0.3478504077578894
COMPLETED,0.91,0.0,3823,2677,62,0.8219620229958556
COMPLETED,0.91,0.0,682,1079,3818,0.1950319078248925
COMPLETED,0.91,0.0,937,2623,1691,0.5701686083896085
COMPLETED,0.91,0.0,4036,1103,2946,0.4421917586769908
COMPLETED,0.91,0.0,2602,3854,902,0.9792966132879256
COMPLETED,0.91,0.0,1961,2411,4658,0.1001895336898043
COMPLETED,0.91,0.0,1616,4901,3536,0.1438136620013974
COMPLETED,0.91,1.0,3514,1345,2293,0.7785581436944194
COMPLETED,0.91,1.0,4853,3633,4017,0.2976038062238134
COMPLETED,0.91,0.0,491,152,273,0.6845776321585288
COMPLETED,0.91,0.0,231,4163,4170,0.8697687176967039
COMPLETED,0.91,0.0,4581,2093,414,0.2408724434979259
COMPLETED,0.91,0.0,3147,2930,3395,0.7104266473252326
COMPLETED,0.91,0.0,1256,787,2140,0.3332106699934229
COMPLETED,0.91,0.0,2316,3315,1074,0.4065850474762729
COMPLETED,0.91,0.0,2964,460,4818,0.5443196788103319
COMPLETED,0.91,0.0,4304,4584,1531,0.0031308377807028
COMPLETED,0.91,0.0,1192,1652,2774,0.8880861918545327
COMPLETED,0.91,0.0,1146,3158,4457,0.6694876021951436
COMPLETED,0.91,0.0,4297,617,712,0.2843438177885487
COMPLETED,0.91,0.0,2821,4428,3058,0.7625536344004795
COMPLETED,0.91,0.0,2211,1808,1814,0.1257371741291135
COMPLETED,0.91,0.0,1405,4317,149,0.114242225431744
COMPLETED,0.91,0.0,3256,1938,3907,0.9915212655032984
COMPLETED,0.91,0.0,4632,3089,2481,0.4592319093286059
COMPLETED,0.91,1.0,244,628,3738,0.5892826056581922
COMPLETED,0.91,0.0,597,4746,2029,0.9032380922246724
COMPLETED,0.91,0.0,4997,1500,3273,0.0162070160528644
COMPLETED,0.91,0.0,3521,3475,615,0.560508061527647
COMPLETED,0.91,0.0,1662,311,4359,0.4245995942391455
COMPLETED,0.91,0.0,1949,2781,2585,0.3189759803091175
COMPLETED,0.91,1.0,2551,946,1329,0.6982620607382618
COMPLETED,0.91,0.0,3927,4010,4942,0.223772297920566
COMPLETED,0.91,0.0,788,2255,1185,0.8508366551102138
COMPLETED,0.91,0.0,728,3790,3308,0.4758228599512949
COMPLETED,0.91,0.0,3830,2426,2052,0.6039073972530663
COMPLETED,0.91,0.0,2804,2521,4102,0.0664509494919329
COMPLETED,0.91,0.0,2165,1235,345,0.9456657836606724
COMPLETED,0.91,0.0,1720,3724,1462,0.8083937551605515
COMPLETED,0.91,0.0,3620,12,2706,0.1735435729951597
COMPLETED,0.91,0.0,4742,4956,986,0.6548474495177156
COMPLETED,0.91,0.0,383,1319,4731,0.2677679900920949
COMPLETED,0.91,0.0,28,2840,833,0.2071965279025956
COMPLETED,0.91,0.0,4379,926,4590,0.8361966791894286
COMPLETED,0.91,0.0,3353,4107,1602,0.3667824368536471
COMPLETED,0.91,0.0,1465,2120,2859,0.7441023582549766
COMPLETED,0.91,0.0,2425,4648,3930,0.5146526410846971
COMPLETED,0.91,0.0,3076,1637,185,0.3768084987771697
COMPLETED,0.91,0.0,4198,3417,3468,0.9178629452192224
COMPLETED,0.91,0.0,1088,329,2224,0.0327981471533887
COMPLETED,0.91,0.0,1046,3058,3596,0.8281820287851616
COMPLETED,0.91,0.0,4158,679,2350,0.2163696897190064
COMPLETED,0.91,0.0,3112,4368,3765,0.7368769541695714
COMPLETED,0.91,0.0,2463,1907,18,0.3728495676832273
COMPLETED,0.91,0.0,1423,4379,1790,0.3862266527428291
COMPLETED,0.91,0.0,3313,1838,3043,0.505904778077919
COMPLETED,0.91,0.0,4415,3188,688,0.0395989594557322
COMPLETED,0.91,0.0,66,568,4442,0.9103911274890414
COMPLETED,0.91,0.0,346,4060,1171,0.5961312604019418
COMPLETED,0.91,0.0,4707,2225,4917,0.4823185493551194
COMPLETED,0.91,0.0,3661,2751,1315,0.9372223290834576
COMPLETED,0.91,0.0,1763,995,2560,0.0761746133601293
COMPLETED,0.91,0.0,2128,3506,4227,0.1797941288444213
COMPLETED,0.91,0.0,2769,260,474,0.8013509723172522
COMPLETED,0.91,0.0,3871,4696,3140,0.2767578161974437
COMPLETED,0.91,0.0,772,1531,1888,0.6466505648753605
COMPLETED,0.91,0.0,829,4984,4793,0.0249592216912657
COMPLETED,0.91,0.0,3970,1272,1040,0.8938155956273898
COMPLETED,0.91,0.0,2514,3677,2769,0.4320671884158626
COMPLETED,0.91,0.0,1914,40,1517,0.5537114727787673
COMPLETED,0.91,0.0,1703,2569,448,0.6890856205512769
COMPLETED,0.91,0.0,3564,1206,4194,0.3269939090839587
COMPLETED,0.91,0.0,4960,3762,2155,0.8447729217293672
COMPLETED,0.91,0.0,562,2475,3400,0.2309943045572377
COMPLETED,0.91,0.0,280,3369,2317,0.2913823696359991
COMPLETED,0.91,0.0,4670,358,3570,0.6632412773417308
COMPLETED,0.91,0.0,3214,4677,278,0.1339384088454768
COMPLETED,0.91,0.0,1365,1589,4032,0.7535594582211225
COMPLETED,0.91,0.0,2247,4080,2912,0.9850289661058224
COMPLETED,0.91,0.0,2859,2167,1667,0.1220149722765199
COMPLETED,0.91,0.0,4254,2886,4643,0.5795556708618067
COMPLETED,0.91,0.0,1106,899,897,0.4676786348340101
COMPLETED,0.91,0.0,1236,4234,1402,0.2490107454070821
COMPLETED,0.91,0.0,4345,2012,2649,0.8609594103597104
COMPLETED,0.91,0.0,2930,3045,1239,0.3400719740007072
COMPLETED,0.91,0.0,2279,740,4986,0.7042356342768296
COMPLETED,0.91,0.0,1299,3212,3209,0.5347813042792491
COMPLETED,0.91,0.0,3188,515,1955,0.4149651487515307
COMPLETED,0.91,0.0,4546,4521,4315,0.8816528956850059
COMPLETED,0.91,1.0,194,1745,561,0.0107226453623734
COMPLETED,0.91,0.0,530,2727,3833,0.4496002305475995
COMPLETED,0.91,0.0,4889,1049,86,0.5635530779819934
COMPLETED,0.91,0.0,3475,3918,3684,0.1087530599847436
COMPLETED,0.91,0.0,1574,2319,2437,0.9699408599989487
COMPLETED,0.91,0.0,2000,4829,776,0.7726715390755795
COMPLETED,0.91,0.0,2638,1427,4530,0.1509804759112186
COMPLETED,0.91,0.0,3997,3519,1858,0.675464005700592
COMPLETED,0.91,0.0,895,198,3112,0.3054369852344505
COMPLETED,0.91,0.0,642,3661,209,0.9274931932017207
COMPLETED,0.91,0.0,3780,105,3964,0.058529101906903
COMPLETED,0.91,1.0,2698,4854,2229,0.5201413283584639
COMPLETED,0.91,0.0,2096,1373,3483,0.3983893787335604
COMPLETED,0.91,0.0,1829,3903,4556,0.3566631051012315
COMPLETED,0.91,0.0,3688,2383,809,0.7188604872713796
COMPLETED,0.91,0.0,4832,2595,2844,0.2012196499451063
COMPLETED,0.91,0.0,431,1151,1598,0.8151039899167604
COMPLETED,0.91,0.0,98,4536,2682,0.629608523857966
COMPLETED,0.91,0.0,4487,1681,1428,0.2576457092946395
COMPLETED,0.91,0.0,3404,3344,4726,0.7872963306704535
COMPLETED,0.91,0.0,1552,412,971,0.1675714265339076
COMPLETED,0.91,0.0,2378,2903,2086,0.0921772322882898
COMPLETED,0.91,0.0,2987,834,3333,0.9553007073215208
COMPLETED,0.91,0.0,4131,4210,360,0.4974066294136457
COMPLETED,0.91,0.0,981,2066,4107,0.6093931987420655
COMPLETED,0.91,0.0,1015,3445,2172,0.395820628401637
COMPLETED,0.91,1.0,4115,281,3427,0.5239294315995648
COMPLETED,0.91,0.0,2993,4752,461,0.052790051872842
COMPLETED,0.91,0.0,2352,1514,4215,0.9320128903266042
COMPLETED,0.91,0.0,1538,4003,2749,0.8259634528988041
COMPLETED,0.91,0.0,3436,2243,1502,0.1910918106163851
COMPLETED,0.91,0.0,4462,2811,4768,0.7309393329321406
COMPLETED,0.91,0.0,101,974,1021,0.343852635787148
COMPLETED,0.91,0.0,466,4435,4625,0.1623200908709317
COMPLETED,0.91,0.0,4815,1821,871,0.7913283134242519
COMPLETED,0.91,0.0,3693,3127,2900,0.255564732872881
COMPLETED,0.91,0.0,1803,590,1645,0.6329088531889021
COMPLETED,0.91,0.0,2082,3118,299,0.6219597587739117
COMPLETED,0.91,0.0,2730,657,4045,0.4841084457284771
COMPLETED,0.91,0.0,3757,4312,2342,0.9666479442137292
COMPLETED,0.91,0.0,645,1925,3589,0.0815616190494038
COMPLETED,0.91,0.0,861,4141,670,0.7143482018316164
COMPLETED,0.91,0.0,4010,2144,4417,0.329227782792598
COMPLETED,0.91,0.0,2634,2830,1775,0.8737545483607799
COMPLETED,0.91,0.0,2022,916,3023,0.2369472310593351
COMPLETED,0.91,0.0,1589,3425,3786,0.0069497543561272
COMPLETED,0.91,1.0,3438,341,31,0.8842064337820746
COMPLETED,0.91,0.0,4914,4615,3622,0.4104606043224222
COMPLETED,0.91,0.0,523,1611,2367,0.5405052016175352
COMPLETED,0.91,0.0,161,2514,3159,0.9832237719101832
COMPLETED,0.91,0.0,4559,1222,1912,0.0962017717268317
COMPLETED,0.91,0.0,3183,3823,4241,0.5741533599078655
COMPLETED,0.91,0.0,1322,2453,494,0.438268324968405
COMPLETED,0.91,0.0,2295,4923,1293,0.3014202147155068
COMPLETED,0.91,0.0,2894,1294,2548,0.6807001291287131
COMPLETED,0.91,0.0,4370,3733,1145,0.1476952992760576
COMPLETED,0.91,1.0,1229,23,4899,0.774737362801563
COMPLETED,0.91,0.0,1119,4769,2831,0.5565079154361038
COMPLETED,0.91,1.0,4221,1448,1577,0.4285391369899734
COMPLETED,0.91,0.0,2881,3575,4537,0.8992946533853187
COMPLETED,0.91,0.0,2243,181,784,0.0202117727018892
COMPLETED,0.91,0.0,1329,2670,2255,0.2199052737687714
COMPLETED,0.91,0.0,3230,1066,3501,0.8546425847238861
COMPLETED,0.91,0.0,4664,3978,231,0.3151732992964796
COMPLETED,0.91,0.0,305,2297,3977,0.7021255981327034
COMPLETED,0.91,0.0,574,3268,374,0.7585507420688867
COMPLETED,0.91,2.0,4926,497,4127,0.1296787337662652
COMPLETED,0.91,0.0,3588,4460,2105,0.6655500056279822
COMPLETED,0.91,0.0,1699,1766,3358,0.2883420325811952
COMPLETED,0.91,0.0,1879,4295,4699,0.4553702511363662
COMPLETED,0.91,0.0,2529,1990,954,0.593083422353398
COMPLETED,0.91,0.0,3963,2988,2661,0.1104382271169684
COMPLETED,0.91,0.0,854,758,1415,0.9953863434714264
COMPLETED,0.91,0.0,755,2964,4328,0.362964632914774
COMPLETED,0.91,0.0,3906,811,583,0.7479812567319721
COMPLETED,0.91,1.0,2742,4154,3227,0.2033143808245658
COMPLETED,0.91,0.0,2134,2083,1981,0.8400179698856546
COMPLETED,0.91,0.0,1795,4592,1214,0.9139343911497853
COMPLETED,0.91,1.0,3647,1664,4966,0.0367873045635409
COMPLETED,0.91,0.0,4710,3282,1382,0.5106673797630705
COMPLETED,0.91,0.0,322,434,2635,0.3807324422891251
COMPLETED,0.91,0.0,50,3847,1844,0.0626315900946036
COMPLETED,0.91,0.0,4451,2399,3091,0.9495459845550358
COMPLETED,0.91,0.0,3287,2656,758,0.4719458406765013
COMPLETED,0.91,0.0,1428,1129,4504,0.6077233368745074
COMPLETED,0.91,0.0,2496,3599,3710,0.6509254521894268
COMPLETED,0.91,0.0,3097,127,2456,0.2717513201148248
COMPLETED,0.91,0.0,4161,4910,3853,0.8044064620678312
COMPLETED,0.91,0.0,1023,1356,100,0.1774702478623949
COMPLETED,0.91,0.0,1064,3930,4002,0.9411621918568388
COMPLETED,0.91,0.0,4204,2326,245,0.0721738942049443
COMPLETED,0.91,0.0,3060,2699,3526,0.6001354588720947
COMPLETED,0.91,0.0,2461,1018,2269,0.4783754454230889
COMPLETED,0.91,0.0,1468,3548,925,0.280564080718439
COMPLETED,0.91,0.0,3330,228,4669,0.6427829825446941
COMPLETED,0.91,0.0,4413,4815,1718,0.1836570931752212
COMPLETED,0.91,0.0,15,1421,2963,0.7975486113271675
COMPLETED,0.91,0.0,358,3016,1546,0.7408181342450901
COMPLETED,0.91,0.0,4749,711,2803,0.368847307954356
COMPLETED,0.91,0.0,3605,4248,1085,0.8321808612957596
COMPLETED,0.91,0.0,1755,2017,4841,0.2124316987054422
COMPLETED,0.91,0.0,2170,4508,3373,0.0433993817045353
COMPLETED,0.91,0.0,2781,1738,2128,0.9065300870147532
COMPLETED,0.91,0.0,3863,3240,4142,0.3900923633136786
COMPLETED,0.91,0.0,716,546,398,0.5021004002015105
COMPLETED,0.91,0.0,812,3332,2533,0.1378169724151492
COMPLETED,0.91,0.0,3923,405,1289,0.7497422124611213
COMPLETED,0.91,0.0,2565,4562,4864,0.295204233395867
COMPLETED,0.91,0.0,1917,1714,1120,0.6593588102411478
COMPLETED,0.91,0.0,1657,4185,1917,0.5835445082494057
COMPLETED,0.91,0.0,3548,2032,3174,0.4637506538282148
COMPLETED,0.91,0.0,4962,2914,519,0.9889534677966498
COMPLETED,0.91,0.0,613,842,4275,0.1180293760475702
COMPLETED,0.91,0.0,267,4878,46,0.4359477837566286
COMPLETED,0.91,0.0,4629,1407,3790,0.5498914956634863
COMPLETED,0.91,0.0,3271,3650,2402,0.0287745287099853
COMPLETED,0.91,0.0,1372,96,3647,0.8899389559142291
COMPLETED,0.91,0.0,2206,2607,4412,0.84875663131373
COMPLETED,0.91,0.0,2847,1159,655,0.2270716746262274
COMPLETED,0.91,0.0,4262,3877,2999,0.6930116777005604
COMPLETED,0.91,0.0,1163,2350,1741,0.3230070104376412
COMPLETED,0.91,0.0,1189,2763,998,0.1049530880002304
COMPLETED,0.91,0.0,4328,1003,4753,0.973801450208947
COMPLETED,0.91,0.0,2933,4032,1478,0.4457359749630093
COMPLETED,0.91,0.0,2330,2194,2734,0.5673560008721426
COMPLETED,0.91,0.0,1282,4724,4073,0.6715232758893631
COMPLETED,0.91,0.0,3141,1561,330,0.3094387946990318
COMPLETED,0.91,0.0,4597,3492,3285,0.7686741615512407
COMPLETED,0.91,0.0,197,254,2041,0.1549170119385235
COMPLETED,0.91,0.0,489,4339,3457,0.3362671123692765
COMPLETED,0.91,0.0,4877,1878,2201,0.7081018137179313
COMPLETED,0.91,0.0,3481,3071,3913,0.2451482834372669
COMPLETED,0.91,0.0,1630,684,158,0.8647612689888104
COMPLETED,0.91,0.0,1987,3175,1631,0.8777144358011894
COMPLETED,0.91,0.0,2597,561,2875,0.0147219616279937
COMPLETED,0.91,0.0,4053,4407,857,0.5307776081700809
COMPLETED,0.91,0.0,902,1869,4600,0.4189077503225765
COMPLETED,0.91,0.0,689,4665,2471,0.7833140760723502
COMPLETED,0.91,0.0,3798,1581,3714,0.1714926014786586
COMPLETED,0.91,0.0,2696,3395,134,0.6256829169729724
COMPLETED,0.91,0.0,2045,390,3878,0.2616321576766669
COMPLETED,0.91,0.0,1846,2862,3086,0.493527489059139
COMPLETED,0.91,0.0,3734,865,1830,0.6132117208710871
COMPLETED,0.91,0.0,4780,4090,4480,0.0883623755338601
COMPLETED,0.91,0.0,429,2175,724,0.9591768967703916
COMPLETED,0.91,0.0,139,3702,4952,0.5161529933318496
COMPLETED,0.91,0.0,4498,74,1209,0.402316857378371
COMPLETED,0.91,0.0,3396,4973,2601,0.923570094400458
COMPLETED,0.91,0.0,1496,1263,1358,0.0625132952462881
COMPLETED,0.91,0.0,2390,3773,588,0.1973415887364186
COMPLETED,0.91,0.0,3029,2482,4343,0.818920733315777
COMPLETED,0.91,0.0,4075,2544,2006,0.3528426442309282
COMPLETED,0.91,0.0,973,1173,3261,0.722741551482398
COMPLETED,0.91,0.0,959,2550,4757,0.1539821116339415
COMPLETED,0.91,0.0,4070,1186,1013,0.765767836731486
COMPLETED,0.91,0.0,3043,3782,2719,0.3103895900772884
COMPLETED,0.91,0.0,2395,2494,1474,0.6744132256016135
COMPLETED,0.91,0.0,1491,4964,314,0.5683532646414823
COMPLETED,0.91,0.0,3382,1253,4070,0.4487018723531626
COMPLETED,0.91,1.0,4503,3696,2044,0.9727900775383226
COMPLETED,0.91,0.0,154,59,3301,0.1020017795451916
COMPLETED,0.91,0.0,414,4099,2197,0.4199197779230773
COMPLETED,0.91,0.0,4776,2186,3442,0.5337287380078807
COMPLETED,0.91,0.0,3749,2867,173,0.0137263054138049
COMPLETED,0.91,0.0,1851,879,3917,0.8747474071685225
COMPLETED,0.91,0.0,2040,3388,2891,0.8638106522277929
COMPLETED,0.91,0.0,2681,378,1634,0.2422576787951402
COMPLETED,0.91,0.0,3803,4657,4597,0.7090378452650271
COMPLETED,0.91,0.0,704,1569,841,0.3391718296338803
COMPLETED,0.91,0.0,917,4398,3731,0.9562296090638264
COMPLETED,0.91,0.0,4058,1857,2474,0.0873465020809322
COMPLETED,0.91,0.0,2582,3169,3875,0.6161750227294862
COMPLETED,0.91,0.0,1983,548,118,0.4945268683264031
COMPLETED,0.91,0.0,1635,3077,1826,0.2645189871690236
COMPLETED,0.91,0.0,3496,699,3070,0.6266373126049525
COMPLETED,0.91,0.0,4872,4348,739,0.1685917821631766
COMPLETED,0.91,0.0,474,1888,4484,0.7823741502973252
COMPLETED,0.91,0.0,211,3487,1192,0.7256440974311902
COMPLETED,0.91,0.0,4602,240,4949,0.3537813196852803
COMPLETED,0.91,0.0,3127,4715,1361,0.8160346778314561
COMPLETED,0.91,0.0,1277,1550,2617,0.1963868954090401
COMPLETED,0.91,0.0,2336,4040,4347,0.0595512437085621
COMPLETED,0.91,0.0,2947,2206,603,0.9225689884998836
COMPLETED,0.91,0.0,4323,2770,3246,0.4052644427803345
COMPLETED,0.91,0.0,1175,1015,2001,0.5171680927767418
COMPLETED,0.91,0.0,1167,3883,242,0.7984996709100902
COMPLETED,0.91,0.0,4277,2363,3985,0.1865472549954429
COMPLETED,0.91,0.0,2842,2615,2285,0.6418482943480834
COMPLETED,0.91,0.0,2191,1171,3529,0.2776580201033502
COMPLETED,0.91,0.0,1387,3641,4685,0.4773638606444932
COMPLETED,0.91,0.0,3275,86,929,0.5971838862123899
COMPLETED,0.91,0.0,4614,4873,2959,0.0731708937696181
COMPLETED,0.91,0.0,263,1393,1703,0.9441278771390206
COMPLETED,0.91,0.0,618,2923,2806,0.5011045318793504
COMPLETED,0.91,0.0,4977,853,1563,0.3871250704763457
COMPLETED,0.91,0.0,3543,4191,4825,0.907541850410588
COMPLETED,0.91,0.0,1642,2046,1082,0.0463502994343638
COMPLETED,0.91,0.0,1931,4555,2113,0.2133679944572038
COMPLETED,0.91,0.0,2570,1701,3369,0.8350857906683347
COMPLETED,0.91,1.0,3909,3324,402,0.3678969033013098
COMPLETED,0.91,0.0,807,393,4157,0.7379277938076295
COMPLETED,0.91,0.0,710,3231,1273,0.1209928900139406
COMPLETED,0.91,0.0,3849,534,2529,0.98995311126858
COMPLETED,0.91,0.0,2786,4502,1125,0.4608036303263157
COMPLETED,0.91,0.0,2184,1725,4880,0.5825288469044491
COMPLETED,0.91,0.0,1741,4254,3177,0.6564577267209998
COMPLETED,0.91,0.0,3600,2032,1934,0.2942640955128706
COMPLETED,0.91,0.0,4763,3025,4258,0.7526288298455067
COMPLETED,0.91,0.0,363,721,516,0.1387711038424633
COMPLETED,0.91,0.0,10,4810,3806,0.3201206907486542
COMPLETED,0.91,0.0,4398,1407,50,0.6920567722652107
COMPLETED,0.91,0.0,3335,3539,3642,0.2299740084670484
COMPLETED,0.91,0.0,1483,217,2386,0.8496950425634161
COMPLETED,0.91,0.0,2446,2707,652,0.8928867534241639
COMPLETED,0.91,0.0,3056,1029,4395,0.0297898923595435
COMPLETED,0.91,0.0,4219,3937,1758,0.5469297083304263
COMPLETED,0.91,1.0,1068,2339,3001,0.4349468899640254
COMPLETED,0.91,0.0,1027,4920,1570,0.6991623837223276
COMPLETED,0.91,1.0,4176,1365,2818,0.3141738288599997
COMPLETED,0.91,0.0,3093,3613,797,0.8575899003393948
COMPLETED,0.91,0.0,2481,133,4544,0.2209211155915632
COMPLETED,0.91,0.0,1443,2643,3515,0.0231126831865869
COMPLETED,0.91,0.0,3292,1122,2260,0.9002344917123206
COMPLETED,0.91,0.0,4436,3835,3971,0.4256523391277529
COMPLETED,0.91,0.0,45,2391,217,0.5555534918951802
COMPLETED,0.91,0.0,327,3295,4133,0.9982724864037708
COMPLETED,0.91,57.0,4725,441,387,0.1113928292751312
COMPLETED,0.91,0.0,3642,4603,3345,0.5901809043135494
COMPLETED,0.91,0.0,1781,1672,2098,0.4544315440518781
COMPLETED,0.91,0.0,2148,4143,940,0.2853945383484475
COMPLETED,0.91,0.0,2748,2073,4694,0.6645348187350668
COMPLETED,0.91,0.0,3891,2950,1420,0.1326408169341273
COMPLETED,0.91,0.0,750,806,2675,0.7595518200605176
COMPLETED,0.91,0.0,849,2974,569,0.3797815557416528
COMPLETED,0.91,0.0,3949,752,4323,0.5077775174988433
COMPLETED,0.91,0.0,2534,4285,1987,0.0377221732379868
COMPLETED,0.91,0.0,1893,1981,3241,0.9168407438784836
COMPLETED,0.91,0.0,1684,4472,4973,0.8410292551082558
COMPLETED,0.91,0.0,3582,1774,1227,0.2062657804488204
COMPLETED,0.91,0.0,4941,3281,2622,0.7469839650536886
COMPLETED,0.91,9.0,580,504,1375,0.3599987671547569
COMPLETED,0.91,0.0,300,3967,3105,0.1784658129073679
COMPLETED,0.91,0.0,4649,2289,1850,0.8073735781485215
COMPLETED,0.91,0.0,3234,2658,4498,0.270739260884188
COMPLETED,0.91,0.0,1344,1059,744,0.6479743502605705
COMPLETED,0.91,0.0,2228,3589,2449,0.6067872178793884
COMPLETED,0.91,0.0,2877,186,3697,0.4690412145811133
COMPLETED,0.91,0.0,4236,4779,113,0.9504965734071098
COMPLETED,0.91,0.0,1124,1458,3860,0.0655222263668663
COMPLETED,0.91,0.0,1214,3743,3432,0.3467997467370703
COMPLETED,0.91,0.0,4365,32,2186,0.7319549031078815
COMPLETED,0.91,1.0,2909,4936,4201,0.1881283245589583
COMPLETED,0.91,0.0,2300,1300,456,0.8249637777967377
COMPLETED,0.91,1.0,1317,3810,1489,0.9291263641114346
COMPLETED,0.91,0.0,3169,2446,2743,0.0518358329975046
COMPLETED,0.91,8.0,4564,2502,1028,0.5268305467498487
COMPLETED,0.91,0.0,175,1215,4781,0.3967607383756898
COMPLETED,0.91,0.0,509,4628,866,0.0786593726566061
COMPLETED,0.91,0.0,4909,1618,4611,0.9657094417948276
COMPLETED,0.91,0.0,3453,3436,1659,0.4869947933264076
COMPLETED,0.91,0.0,1594,349,2905,0.6229146325791254
COMPLETED,0.91,0.0,2017,2820,4058,0.6358707316911779
COMPLETED,0.91,0.0,2619,906,305,0.2565655392174608
COMPLETED,0.91,0.0,4014,4127,3583,0.7883805475444533
COMPLETED,0.91,1.0,876,2139,2329,0.1613046993124298
COMPLETED,0.91,0.0,660,4298,4429,0.54143979864493
COMPLETED,0.91,0.0,3762,1919,677,0.4133667523855343
COMPLETED,0.91,0.0,2715,3108,3016,0.8832553425690159
COMPLETED,0.91,0.0,2077,648,1763,0.0040596204448491
COMPLETED,0.91,5.0,1807,3139,26,0.2359501440466381
COMPLETED,0.91,0.0,3708,598,3771,0.8707889542478136
COMPLETED,0.91,0.0,4811,4448,2382,0.3302393396622501
COMPLETED,0.91,0.0,451,1827,3628,0.7172998061214573
COMPLETED,0.91,0.0,115,2800,1900,0.7737255082365125
COMPLETED,0.91,0.0,4467,966,3153,0.1447444689942523
COMPLETED,0.91,0.0,3421,3990,501,0.6816959658207372
COMPLETED,0.91,0.0,1533,2236,4254,0.3043875354617833
COMPLETED,0.91,0.0,2357,4766,2553,0.439218642173428
COMPLETED,0.91,0.0,3007,1519,1307,0.5770437915145419
COMPLETED,0.91,0.0,4110,3455,4885,0.0952654480661265
COMPLETED,0.91,0.0,1001,291,1139,0.980318874167744
COMPLETED,0.91,0.0,995,4204,2642,0.0097672636143863
COMPLETED,0.91,0.0,4136,2052,1390,0.8787670523086561
COMPLETED,0.91,0.0,2973,2894,4998,0.4159040363138541
COMPLETED,0.91,0.0,2373,823,1245,0.5376831618074328
COMPLETED,0.91,0.0,1557,3352,1969,0.7052505216137505
COMPLETED,0.91,0.0,3418,424,3215,0.3430202478232793
COMPLETED,0.91,0.0,4481,4543,555,0.8599589928797446
COMPLETED,0.91,0.0,83,1694,4301,0.2460484817613847
COMPLETED,0.91,0.0,446,2587,93,0.306437105019018
COMPLETED,0.91,0.0,4836,1140,3846,0.678427043354325
COMPLETED,0.91,0.0,3673,3896,2425,0.1499643382536247
COMPLETED,0.91,0.0,1824,2370,3677,0.7697249918863177
COMPLETED,0.91,0.0,2101,4859,4516,0.9690011984285898
COMPLETED,0.91,0.0,2713,1387,770,0.1058515001519583
COMPLETED,0.91,0.0,3776,3670,3117,0.5645067330966703
COMPLETED,0.91,0.0,627,115,1872,0.4524873242446221
COMPLETED,0.91,0.0,880,3528,3950,0.8121371733920648
COMPLETED,0.91,10.0,3992,209,204,0.2002233053103089
COMPLETED,0.91,0.0,2653,4835,3488,0.7218109286885708
COMPLETED,0.91,0.0,2005,1441,2243,0.3576753448097035
COMPLETED,0.91,1.0,1569,3911,815,0.4012947844187729
COMPLETED,0.91,0.0,3460,2306,4569,0.5210771477975882
COMPLETED,0.91,0.0,4894,2719,1585,0.055638285156805
COMPLETED,0.91,0.0,545,1037,2838,0.9265432648613116
COMPLETED,0.91,0.0,180,4528,1442,0.6122828842496499
COMPLETED,0.91,0.0,4541,1758,2687,0.4983581653092056
COMPLETED,0.91,0.0,3202,3220,966,0.9523951230190694
COMPLETED,0.91,0.0,1304,526,4712,0.0912420677790418
COMPLETED,0.91,0.0,2274,3036,3326,0.1646193775615654
COMPLETED,0.91,0.0,2915,730,2073,0.7862852222044951
COMPLETED,0.91,0.0,4350,4229,4120,0.2606118708894588
COMPLETED,0.91,0.0,1250,1998,366,0.6306050471100025
COMPLETED,0.91,0.0,1101,2881,2356,0.9113302792560308
COMPLETED,0.91,0.0,4239,885,3610,0.0425010290918871
COMPLETED,0.91,0.0,2864,4070,4,0.5049496084379032
COMPLETED,0.91,0.0,2262,2156,3759,0.3833410735711455
COMPLETED,0.91,0.0,1350,4685,3030,0.3718489380952901
COMPLETED,0.91,0.0,3210,1600,1783,0.733914426319208
COMPLETED,0.91,0.0,4685,3376,4449,0.2173843128512613
COMPLETED,0.91,0.0,284,371,701,0.8311300904997624
COMPLETED,0.91,0.0,557,3754,4911,0.6456342151097954
COMPLETED,0.91,0.0,4946,2463,1157,0.2738110048035159
COMPLETED,0.91,0.0,3570,2563,2574,0.8023508278971538
COMPLETED,0.91,0.0,1717,1193,1321,0.182756954390183
COMPLETED,0.91,0.0,1900,3683,487,0.0771285326794721
COMPLETED,0.91,0.0,2509,54,4234,0.9401096348884516
COMPLETED,0.91,0.0,3984,4993,1881,0.4813790998927317
COMPLETED,0.91,0.0,834,1282,3127,0.5932299647738226
COMPLETED,0.91,0.0,777,4704,1053,0.2339449580824002
COMPLETED,0.91,0.0,3886,1541,4800,0.8457854256425053
COMPLETED,0.91,0.0,2764,3511,1510,0.3240273567639291
COMPLETED,0.91,0.0,2113,274,2756,0.6880894880244508
COMPLETED,0.91,0.0,1777,2744,4188,0.5508203918240033
COMPLETED,0.91,0.0,3666,983,434,0.4311170479674823
COMPLETED,0.91,0.0,4693,4052,3414,0.896720789204631
COMPLETED,0.91,0.0,341,2214,2161,0.0258947769257239
COMPLETED,0.91,0.0,71,3195,3557,0.4647727863268926
COMPLETED,0.91,0.0,4430,581,2310,0.5786202942445873
COMPLETED,0.91,0.0,3309,4387,4039,0.124904445676133
COMPLETED,0.91,0.0,1408,1850,291,0.9859802377967164
COMPLETED,0.91,0.0,2479,4359,1672,0.7565258319239132
COMPLETED,0.91,0.0,3116,1897,2926,0.1349351963021792
COMPLETED,0.91,0.0,4143,3052,883,0.6602894925740547
COMPLETED,0.91,0.0,1042,665,4638,0.2903714732780121
COMPLETED,0.91,0.0,1084,3406,717,0.5863322516890243
COMPLETED,0.91,0.0,4183,321,4472,0.4582195784509182
COMPLETED,0.91,0.0,3081,4635,1798,0.9944881099369376
COMPLETED,0.91,0.0,2440,1630,3054,0.1152385384364053
COMPLETED,0.91,0.0,1450,4121,3890,0.1286280820484272
COMPLETED,0.91,0.0,3348,2125,146,0.7635034752928652
COMPLETED,0.91,0.0,4394,2850,3741,0.2814384437334723
COMPLETED,0.91,0.0,32,935,2498,0.6685517548470757
COMPLETED,0.91,0.0,378,4942,3268,0.8537423268606886
COMPLETED,0.91,0.0,4728,1313,2013,0.2247073712605982
COMPLETED,0.91,1.0,3625,3714,4375,0.695372403139621
COMPLETED,0.91,0.0,1734,3,619,0.3180244127834215
COMPLETED,0.91,0.0,2151,2533,1346,0.4216335238135419
COMPLETED,0.91,0.0,2798,1242,2589,0.5595114508275874
COMPLETED,0.91,1.0,3845,3803,1182,0.0191590966553427
COMPLETED,0.91,0.0,734,2433,4925,0.9042491727816871
COMPLETED,0.91,0.0,793,4023,2068,0.2668290113605558
COMPLETED,0.91,0.0,3941,2262,3311,0.6519456794375553
COMPLETED,0.91,0.0,2546,2792,342,0.1744989231130108
COMPLETED,0.91,0.0,1935,954,4085,0.8112796264458447
COMPLETED,0.91,0.0,1677,3464,2702,0.9466661136926152
COMPLETED,0.91,1.0,3526,301,1447,0.0694133043068461
COMPLETED,0.91,1.0,4983,4732,4746,0.6028924820072018
COMPLETED,0.91,0.0,592,1495,990,0.4728746177588589
COMPLETED,0.91,0.0,248,3099,4574,0.0338141936417669
COMPLETED,0.91,0.0,4647,637,830,0.9208095798565074
COMPLETED,0.91,0.0,3252,4331,2862,0.3758083473624661
COMPLETED,0.91,0.0,1390,1944,1619,0.5116896313399076
COMPLETED,0.91,0.0,2226,4415,189,0.7431486156922765
COMPLETED,0.91,0.0,2825,1801,3945,0.3638954343258403
COMPLETED,0.91,0.0,4282,3146,2209,0.8371363128508441
COMPLETED,0.91,0.0,1141,610,3464,0.210098119365517
COMPLETED,0.91,0.0,1207,4573,4287,0.4910141184439882
COMPLETED,0.91,0.0,4309,1644,530,0.6189561638433486
COMPLETED,0.91,1.0,2950,3302,3201,0.08261435463503
COMPLETED,0.91,0.0,2311,454,1944,0.9616933652782812
COMPLETED,0.91,0.0,1261,2944,1113,0.7922286308265291
COMPLETED,0.91,0.0,3161,792,4858,0.1575179338400252
COMPLETED,0.91,0.0,4576,4173,1257,0.6396621077210642
COMPLETED,0.91,0.0,217,2103,2501,0.2527135598468593
COMPLETED,0.91,0.0,506,3619,1729,0.1921425218733027
COMPLETED,0.91,0.0,4858,146,2986,0.8210106601357459
COMPLETED,0.91,0.0,3499,4890,628,0.3507562841739505
COMPLETED,0.91,0.0,1611,1336,4385,0.7279375241739675
COMPLETED,0.91,0.0,1966,3866,3654,0.5306806618030183
COMPLETED,0.91,0.0,2617,2419,2409,0.3929712415480055
COMPLETED,0.91,0.0,4032,2636,3822,0.9329111834001728
COMPLETED,0.91,0.0,922,1110,78,0.0479896810143254
COMPLETED,0.91,0.0,667,2690,2931,0.685532710629329
COMPLETED,0.91,0.0,3818,1085,1687,0.3004894728435203
COMPLETED,0.91,0.0,2674,3959,4662,0.7776189602972939
COMPLETED,0.91,0.0,2065,2277,917,0.1409116202741861
COMPLETED,0.91,0.0,1864,4788,2296,0.0991748231095261
COMPLETED,0.91,0.0,3715,1468,3552,0.9763486427425409
COMPLETED,0.91,0.0,4798,3555,257,0.4431923603559844
COMPLETED,0.91,0.0,410,162,4014,0.5731311678701079
COMPLETED,0.91,0.0,118,4276,429,0.8870862451054154
COMPLETED,0.91,0.0,4519,1970,4174,0.0001680996829643
COMPLETED,0.91,0.0,3375,3008,2136,0.5453359969457611
COMPLETED,0.91,0.0,1516,777,3380,0.4095318867791443
COMPLETED,0.91,0.0,2408,3248,4815,0.3341500320077873
COMPLETED,0.91,0.0,3010,478,1058,0.7133280341225676
COMPLETED,0.91,0.0,4093,4479,2790,0.2399184962696395
COMPLETED,0.91,1.0,954,1786,1534,0.866881443521846
COMPLETED,0.91,0.0,948,3256,3067,0.9013602557003498
COMPLETED,0.91,0.0,4099,480,1810,0.0222917574258521
COMPLETED,0.91,0.0,3013,4487,4461,0.5544277260465547
COMPLETED,0.91,1.0,2404,1788,704,0.4264732630278915
COMPLETED,0.91,1.0,1519,4258,2490,0.3131085565769113
COMPLETED,0.91,0.0,3371,1958,3734,0.7000447538132779
COMPLETED,0.91,0.0,4513,2991,153,0.2219863897352479
COMPLETED,0.91,1.0,124,765,3898,0.8567075321090407
COMPLETED,0.91,0.0,403,4805,606,0.6634700209040195
COMPLETED,0.91,1.0,4804,1480,4363,0.2862764302661642
COMPLETED,0.91,0.0,3719,3573,2025,0.7606166160309688
COMPLETED,0.91,0.0,1860,173,3281,0.1317589231558143
COMPLETED,0.91,0.0,2069,2683,4933,0.112519071436394
COMPLETED,0.91,0.0,2670,1083,1188,0.9974510861909948
COMPLETED,0.91,0.0,3812,3951,2582,0.4533053037512115
COMPLETED,0.91,0.0,673,2275,1338,0.5910023063869215
COMPLETED,0.91,0.0,926,3849,4093,0.2053800761694088
COMPLETED,0.91,0.0,4028,2407,349,0.8420978615798055
COMPLETED,0.91,0.0,2611,2619,3304,0.3608844695735722
COMPLETED,0.91,0.0,1972,1098,2060,0.7459153567215427
COMPLETED,0.91,1.0,1605,3626,977,0.5086027300733141
COMPLETED,0.91,0.0,3506,149,4734,0.3786515049398876
COMPLETED,0.91,0.0,4862,4897,1459,0.9160155331646092
COMPLETED,0.91,1.0,502,1339,2715,0.0388522259003482
COMPLETED,0.91,0.0,220,2937,1611,0.4698659489823505
COMPLETED,0.91,0.0,4573,789,2855,0.6056576415296643
COMPLETED,0.91,0.0,3155,4166,837,0.0646974901050329
COMPLETED,0.91,0.0,1267,2100,4582,0.9516261478962376
COMPLETED,0.91,0.0,2306,4589,3477,0.8064873994170688
COMPLETED,0.91,0.0,2956,1657,2220,0.1795348975521512
COMPLETED,0.91,0.0,4312,3319,3934,0.6488605308526195
COMPLETED,0.91,1.0,1203,466,176,0.269670178100001
COMPLETED,0.91,0.0,1137,4433,1938,0.0509539392191916
COMPLETED,0.91,0.0,4286,1813,3193,0.9301911600818856
COMPLETED,0.91,1.0,2832,3164,538,0.3976426302934065
COMPLETED,0.91,0.0,2220,622,4294,0.5257657489188015
COMPLETED,0.91,0.0,1396,3092,2513,0.7327763051812536
COMPLETED,0.91,0.0,3245,635,1270,0.3456735064364038
COMPLETED,0.91,0.0,4643,4324,4845,0.8241423775839619
COMPLETED,0.91,0.0,252,1942,1101,0.1892545667202211
COMPLETED,0.91,0.0,588,3472,4392,0.2573864631175994
COMPLETED,0.91,0.0,4986,303,636,0.6347449658425524
COMPLETED,0.91,0.0,3532,4740,2978,0.160483773551695
COMPLETED,0.91,0.0,1671,1497,1723,0.7895063115324825
COMPLETED,0.91,0.0,1940,4006,66,0.9648270735644736
COMPLETED,0.91,0.0,2540,2250,3810,0.0797246468002908
COMPLETED,0.91,0.0,3938,2775,2422,0.6237970026700757
COMPLETED,0.91,0.0,797,942,3665,0.4859295210433192
COMPLETED,0.91,0.0,739,2526,906,0.8719185287369415
COMPLETED,0.91,0.0,3839,1240,4649,0.2351254077848047
COMPLETED,0.91,0.0,2795,3796,1699,0.7161702297717332
COMPLETED,0.91,0.0,2154,2431,2943,0.3310640740634873
COMPLETED,0.91,0.0,1731,4959,4021,0.4122976696013472
COMPLETED,0.91,1.0,3628,1326,265,0.542325979236979
COMPLETED,0.91,0.0,4733,3730,3544,0.0051287050896324
COMPLETED,0.91,0.0,372,16,2289,0.8823691638375633
COMPLETED,0.91,0.0,39,4104,3392,0.575975183182396
COMPLETED,0.91,0.0,4388,2112,2149,0.4401043445922434
COMPLETED,0.91,0.0,3344,2833,4161,0.9813874806392938
COMPLETED,0.91,0.0,1454,923,418,0.0943797437867149
COMPLETED,0.91,0.0,2436,3413,1528,0.1458745216566137
COMPLETED,0.91,0.0,3085,324,2782,0.772900297522638
COMPLETED,0.91,0.0,4189,4642,1066,0.3032574846600182
COMPLETED,0.91,0.0,1077,1633,4821,0.6825211783952079
COMPLETED,0.91,0.0,1038,4371,1232,0.447816168073751
COMPLETED,0.91,0.0,4147,1915,4987,0.5694218711130321
COMPLETED,0.91,0.0,3123,3064,1401,0.102887481964007
COMPLETED,0.91,0.0,2472,682,2655,0.9717214692061767
COMPLETED,0.91,0.0,1414,3192,4309,0.7665930493059568
COMPLETED,0.91,0.0,3302,573,562,0.1528520608321763
COMPLETED,0.91,0.0,4426,4385,3208,0.673588014887739
COMPLETED,0.91,0.0,75,1842,1961,0.3115196427396498
COMPLETED,0.91,0.0,337,2746,3690,0.2430824131963774
COMPLETED,0.91,0.0,4696,990,2436,0.8626810758780687
COMPLETED,0.91,0.0,3672,4054,3835,0.3383470933720469
COMPLETED,0.91,0.0,1772,2221,80,0.7101674197541549
COMPLETED,0.91,0.0,2119,4693,1864,0.532842559276428
COMPLETED,0.91,0.0,2758,1524,3110,0.4209888625678606
COMPLETED,0.91,0.0,3882,3500,777,0.8756335877605714
COMPLETED,0.91,0.0,780,256,4524,0.0126572226296178
COMPLETED,0.91,0.0,840,3680,2235,0.6277630765929818
COMPLETED,0.91,0.0,3979,47,3482,0.2636980614082887
COMPLETED,0.91,1.0,2505,4990,211,0.7812483844486995
COMPLETED,0.91,0.0,1903,1275,3958,0.1694127060633152
COMPLETED,0.91,0.0,1714,3766,2850,0.0862812297978438
COMPLETED,0.91,0.0,3573,2480,1596,0.9571119791547767
COMPLETED,0.91,0.0,4951,2575,4557,0.4955921424700878
COMPLETED,0.91,0.0,551,1210,803,0.6152926544991321
COMPLETED,0.91,0.0,291,4672,4719,0.9215041906688362
COMPLETED,0.91,0.0,4679,1584,972,0.0604331356262788
COMPLETED,0.91,0.0,3206,3363,2681,0.5182328887471928
COMPLETED,0.91,0.0,1354,354,1434,0.4043825490020215
COMPLETED,0.91,0.0,2258,2884,354,0.354907561846543
COMPLETED,0.91,0.0,2868,892,4108,0.7248226972184144
COMPLETED,0.91,0.0,4246,4073,2085,0.1952606551083735
COMPLETED,0.91,0.0,1095,2163,3339,0.8168560799048282
COMPLETED,0.91,0.0,1244,3038,3766,0.5983134607015178
COMPLETED,0.91,0.0,4356,738,12,0.4765391243826597
COMPLETED,0.91,0.0,2919,4231,3602,0.9429983007892964
COMPLETED,0.91,0.0,2271,2005,2349,0.0739956281708553
COMPLETED,0.91,0.0,1307,4516,690,0.1854781722112558
COMPLETED,0.91,1.0,3198,1740,4436,0.7993858515021391
COMPLETED,0.91,0.0,4535,3208,1796,0.2787271047481335
COMPLETED,0.91,1.0,186,509,3041,0.6409621156166307
COMPLETED,0.91,0.0,538,3923,1314,0.8340171823361888
COMPLETED,0.91,0.0,4900,2323,2567,0.2142536968760192
COMPLETED,0.91,0.0,3464,2731,1165,0.7389964002791792
COMPLETED,0.91,0.0,1565,1054,4918,0.3670111990218982
COMPLETED,0.91,0.0,2008,3526,3139,0.3882551231387071
COMPLETED,0.91,0.0,2649,201,1894,0.500279321165476
COMPLETED,0.91,0.0,3986,4833,4221,0.0452202486325986
COMPLETED,0.91,0.0,886,1433,475,0.9083670629850588
COMPLETED,0.91,0.0,631,4847,2768,0.2933822017345577
COMPLETED,0.91,0.0,3772,1370,1523,0.657522522691451
COMPLETED,0.91,0.0,2706,3657,4787,0.13965299576018
COMPLETED,0.91,0.0,2107,99,1041,0.7515640320144593
COMPLETED,0.91,0.0,1818,2589,2154,0.990774513341952
COMPLETED,0.91,0.0,3680,1147,3406,0.119866649713274
COMPLETED,0.91,0.0,4840,3899,442,0.5817074466916732
COMPLETED,0.91,0.0,442,2377,4195,0.4619298724875785
COMPLETED,0.91,0.0,87,3349,279,0.0306108162596821
COMPLETED,0.91,2.0,4478,417,4026,0.8917609875755385
COMPLETED,0.91,0.0,3412,4540,2323,0.4341259642032906
COMPLETED,0.91,0.0,1563,1687,3569,0.5480554723184555
COMPLETED,0.91,0.0,2367,4217,4645,0.6911744040348567
COMPLETED,0.91,0.0,2979,2069,891,0.3211859648923389
COMPLETED,0.91,0.0,4140,2906,2918,0.8505774126543663
COMPLETED,0.91,0.0,992,840,1665,0.2289087361839599
COMPLETED,0.91,0.0,1004,4749,4536,0.7646335260946303
COMPLETED,0.91,0.0,4106,1507,790,0.1278028694739565
COMPLETED,0.91,0.0,3001,3438,2825,0.6674217021847144
COMPLETED,0.91,0.0,2363,279,1578,0.2822636544473469
COMPLETED,0.91,0.0,1527,2807,230,0.4571509719793684
COMPLETED,0.91,0.0,3427,968,3983,0.5872179559684358
COMPLETED,0.91,0.0,4471,3998,2248,0.1163071467685513
COMPLETED,0.91,0.0,112,2238,3502,0.9936024075181225
COMPLETED,0.91,0.0,455,3131,2106,0.558442366182804
COMPLETED,0.91,0.0,4807,595,3352,0.4225197025449946
COMPLETED,0.91,0.0,3702,4440,380,0.9053182555658744
COMPLETED,0.91,0.0,1814,1825,4125,0.0182729160632938
COMPLETED,0.91,0.0,2071,4315,2662,0.2258369476103223
COMPLETED,0.91,0.0,2722,1931,1409,0.8529175924594514
COMPLETED,0.91,0.0,3766,3125,4705,0.3168948382942937
COMPLETED,0.91,0.0,656,660,953,0.6961971394014544
COMPLETED,0.91,0.0,870,2827,3228,0.0685309342158958
COMPLETED,0.91,0.0,4021,909,1975,0.9477313859757036
COMPLETED,0.91,0.0,2623,4134,4334,0.473756985989213
COMPLETED,0.91,0.0,2014,2142,581,0.601827207863517
COMPLETED,0.91,0.0,1597,4612,1383,0.6527666051982902
COMPLETED,0.91,0.0,3449,1605,2629,0.2657032473725266
COMPLETED,0.91,0.0,4903,3419,1220,0.8104587025457061
COMPLETED,0.91,0.0,515,336,4965,0.1756246889616362
COMPLETED,0.91,0.0,169,3827,757,0.3647168345386162
COMPLETED,0.91,0.0,4570,2458,4510,0.7420223735310137
COMPLETED,0.91,0.0,3172,2519,1838,0.2092767172921448
COMPLETED,0.91,0.0,1313,1227,3092,0.8382625531515105
COMPLETED,0.91,0.0,2303,3736,3852,0.9199276879387908
COMPLETED,0.91,0.0,2905,29,107,0.0348789914728142
COMPLETED,0.91,0.0,4359,4930,3703,0.5125715251182205
COMPLETED,0.91,0.0,1220,1297,2457,0.374743551392015
COMPLETED,0.91,0.0,1130,3582,467,0.1566317532479762
COMPLETED,0.91,0.0,4229,184,4214,0.7932977136107162
COMPLETED,0.91,0.0,2873,4771,2174,0.253599738578312
COMPLETED,0.91,0.0,2232,1456,3421,0.6385930230762809
COMPLETED,0.91,0.0,1340,3984,4774,0.619780900105182
COMPLETED,0.91,0.0,3238,2301,1020,0.4898845439548604
COMPLETED,0.91,0.0,4656,2675,2750,0.960868630877044
COMPLETED,0.91,0.0,294,1071,1496,0.0837439309847541
COMPLETED,0.91,0.0,585,4454,2894,0.39379645226188
COMPLETED,0.91,0.0,4935,1762,1646,0.5295506091406568
COMPLETED,0.91,0.0,3579,3263,4624,0.0471644684398546
COMPLETED,0.91,0.0,1688,492,877,0.934041234201938
COMPLETED,0.91,0.0,1890,2982,2336,0.8201249577169306
COMPLETED,0.91,0.0,2537,754,3591,0.1932111302054486
COMPLETED,0.91,0.0,3954,4292,297,0.7288232284533791
COMPLETED,0.91,0.0,843,1983,4052,0.3496876777024008
COMPLETED,0.91,0.0,747,4160,1769,0.9774748830432072
COMPLETED,0.91,0.0,3895,2086,3024,0.098353421036154
COMPLETED,0.91,0.0,2753,2967,669,0.5720049257088452
COMPLETED,0.91,0.0,2142,818,4423,0.4440137605687603
COMPLETED,0.91,0.0,1787,3288,3616,0.2994246768730692
COMPLETED,0.91,0.0,3636,438,2369,0.686414604407642
COMPLETED,0.91,0.0,4721,4596,3784,0.1419764181052334
COMPLETED,0.91,0.0,330,1669,38,0.7767370683795772
COMPLETED,0.91,0.0,41,2650,4247,0.7122627599788829
COMPLETED,0.91,0.0,4440,1125,493,0.3350324002381414
COMPLETED,0.91,0.0,3298,3842,3161,0.8679467158049345
COMPLETED,0.91,0.0,1436,2394,1906,0.2390361261786893
COMPLETED,0.91,0.0,2487,4903,1151,0.0012938655315898
COMPLETED,0.91,0.0,3087,1353,4897,0.886265321205277
COMPLETED,0.91,0.0,4172,3596,1295,0.4084061227911152
COMPLETED,0.91,0.0,1031,120,2542,0.5461569227064959
COMPLETED,0.91,0.0,1075,2705,1482,0.342137877732329
COMPLETED,0.91,0.0,4213,1022,2725,0.706315793896839
COMPLETED,0.91,0.0,3052,3935,1006,0.2469308499917387
COMPLETED,0.91,0.0,2450,2331,4749,0.8588937187360599
COMPLETED,0.91,0.0,1479,4822,3288,0.8795879780693912
COMPLETED,0.91,0.0,3339,1424,2033,0.0086414996263571
COMPLETED,0.91,0.0,4405,3551,4081,0.5368622379072941
COMPLETED,0.91,0.0,4,235,326,0.4170298021624795
COMPLETED,0.91,0.0,369,4242,3909,0.1066729003647342
COMPLETED,0.91,0.0,4757,2014,166,0.9678749562673272
COMPLETED,0.91,0.0,3597,3013,3448,0.4516659221712499
COMPLETED,0.91,0.0,1744,704,2204,0.5656329733973368
COMPLETED,0.91,0.0,2181,3234,854,0.6775451514366083
COMPLETED,0.91,0.0,2789,542,4609,0.3075019028500653
COMPLETED,0.91,0.0,3855,4504,1622,0.7706068856646306
COMPLETED,0.91,0.0,705,1732,2878,0.1488995422831736
COMPLETED,0.91,0.0,804,4568,131,0.5222071985993533
COMPLETED,0.91,0.0,3912,1718,3886,0.400469571844302
COMPLETED,0.91,0.0,2576,3337,2462,0.9254132121989505
COMPLETED,0.91,0.0,1925,410,3718,0.0564634958706796
COMPLETED,0.91,0.0,1648,2920,4476,0.1991546988387591
COMPLETED,0.91,0.0,3537,846,733,0.8130228776714764
COMPLETED,0.91,0.0,4973,4188,3077,0.3587439531418494
COMPLETED,0.91,0.0,621,2039,1833,0.7209252262697555
COMPLETED,0.91,0.0,259,3643,2605,0.7852161375597119
COMPLETED,0.91,0.0,4618,93,1349,0.1655055562930181
COMPLETED,0.91,0.0,3282,4876,4960,0.6316741298941895
COMPLETED,0.91,0.0,1381,1399,1205,0.2597256902974098
COMPLETED,0.91,0.0,2198,3871,2009,0.4994877416589297
COMPLETED,0.91,0.0,2836,2346,3253,0.6114581498484127
COMPLETED,0.91,0.0,4273,2602,596,0.0901124932899139
COMPLETED,0.91,0.0,1171,1154,4339,0.9532198592809028
COMPLETED,0.91,0.0,1178,4028,3517,0.7350406666198745
COMPLETED,0.91,0.0,4319,2189,2272,0.371027536021918
COMPLETED,0.91,0.0,2941,2758,3998,0.8300038483384997
COMPLETED,0.91,0.0,2341,998,254,0.2182057130640372
COMPLETED,0.91,0.0,1271,3489,1710,0.041436233121436
COMPLETED,0.92,1.0,3132,248,2967,0.9122121730343438
COMPLETED,0.91,0.0,4606,4717,921,0.3844058714021928
COMPLETED,0.91,0.0,208,1558,4678,0.5040677165201864
COMPLETED,0.91,0.0,478,3075,1094,0.9390443607447668
COMPLETED,0.91,0.0,4868,691,4838,0.0780109009098261
COMPLETED,0.91,0.0,3490,4346,1550,0.594295237056911
COMPLETED,0.91,0.0,1641,1880,2794,0.4804967298017814
COMPLETED,0.91,0.0,1976,4410,4150,0.2749367706521413
COMPLETED,0.91,0.0,2588,1875,394,0.6448132912096566
COMPLETED,0.91,0.0,4062,3181,3377,0.1816311904021538
COMPLETED,0.91,0.0,913,566,2120,0.8031717536578886
COMPLETED,0.91,0.0,697,3391,4873,0.4302308673754334
COMPLETED,0.91,2.0,3809,385,1117,0.5518894746081903
COMPLETED,0.91,0.0,2685,4660,2537,0.0267809556571766
COMPLETED,0.91,0.0,2036,1576,1280,0.8956517045598476
COMPLETED,0.91,0.0,1854,4087,527,0.8466101619043387
COMPLETED,0.91,0.0,3745,2169,4271,0.2328153835932724
COMPLETED,0.91,0.0,4769,2855,1921,0.6872647536232135
COMPLETED,0.91,0.0,420,862,3166,0.3251569331136531
COMPLETED,0.91,0.0,148,4976,2393,0.1357604070160537
COMPLETED,0.91,0.0,4509,1270,3650,0.7553957792615517
COMPLETED,0.91,0.0,3385,3709,42,0.2895462607035413
COMPLETED,0.91,0.0,1487,76,3799,0.6614195433758198
COMPLETED,0.91,0.0,2399,2548,2990,0.577734591825772
COMPLETED,0.91,0.0,3040,1179,1745,0.4658413946590386
COMPLETED,0.91,0.0,4064,3779,4408,0.986865942076128
COMPLETED,0.91,0.0,964,2487,664,0.1238358392045833
COMPLETED,0.91,0.0,969,3785,2277,0.5070305420659482
COMPLETED,0.91,0.0,4078,2500,3533,0.3854057269820943
COMPLETED,0.91,0.0,3035,2556,238,0.909265361640416
COMPLETED,0.91,0.0,2384,1190,3994,0.0404198833558708
COMPLETED,0.91,0.0,1502,3700,2950,0.2153044174359179
COMPLETED,0.91,0.0,3390,66,1707,0.8290643988761119
COMPLETED,0.91,0.0,4495,4971,4681,0.3739148418269119
COMPLETED,0.91,0.0,143,1256,938,0.7359945859392174
COMPLETED,0.91,0.0,425,2864,4833,0.8002861744862049
COMPLETED,0.91,0.0,4784,873,1078,0.180676020762138
COMPLETED,0.91,0.0,3740,4093,2810,0.6477153608458116
COMPLETED,0.91,0.0,1840,2183,1554,0.2758759224191307
COMPLETED,0.91,0.0,2051,4653,411,0.4834447915163822
COMPLETED,0.91,0.0,2689,1564,4153,0.5953098601891658
COMPLETED,0.91,0.0,3794,3383,2117,0.0750483730594627
COMPLETED,0.91,0.0,693,373,3360,0.9380437311568296
COMPLETED,0.91,0.0,909,3173,1133,0.3261082048045471
COMPLETED,0.91,0.0,4047,554,4876,0.6901542270228266
COMPLETED,0.91,0.0,2593,4404,1277,0.231880006976053
COMPLETED,0.91,0.0,1991,1862,2520,0.8437043133972212
COMPLETED,0.91,0.0,1626,4352,4267,0.8946408082018606
COMPLETED,0.91,0.0,3485,1895,512,0.0238291708895005
COMPLETED,0.91,0.0,4883,3084,3181,0.5528862620648927
COMPLETED,0.91,0.0,482,701,1925,0.433197241078224
COMPLETED,0.91,0.0,203,4712,3634,0.1228397066777572
COMPLETED,0.91,0.0,4591,1544,2390,0.9838993897560984
COMPLETED,0.91,0.0,3138,3480,3802,0.4668538985721766
COMPLETED,0.91,0.0,1286,237,59,0.5806852453509345
COMPLETED,0.91,0.0,2327,2766,1749,0.6623550986102781
COMPLETED,0.91,0.0,2936,1010,3005,0.2924514542807825
COMPLETED,0.91,0.0,4334,4035,648,0.7544456388131715
COMPLETED,0.91,0.0,1183,2202,4404,0.1328693260612897
COMPLETED,0.91,0.0,1156,2609,2722,0.4140832549732178
COMPLETED,0.91,0.0,4268,1167,1466,0.5358461002497003
COMPLETED,0.91,0.0,2851,3879,4766,0.0116045372800901
COMPLETED,0.91,0.0,2202,2357,1009,0.8805880978539586
COMPLETED,0.91,0.0,1376,4867,2048,0.8617808124330825
COMPLETED,0.91,0.0,3267,1389,3293,0.2478845051064156
COMPLETED,0.91,0.0,4623,3638,322,0.7034142340640537
COMPLETED,0.91,0.0,274,79,4066,0.34119821616197
COMPLETED,0.91,0.0,607,4197,169,0.1518013998113572
COMPLETED,0.91,0.0,4968,2049,3926,0.771545773226954
COMPLETED,0.91,0.0,3551,2926,2188,0.3046160594737157
COMPLETED,0.91,0.0,1653,860,3445,0.6765897696886211
COMPLETED,0.91,0.0,1920,3330,4594,0.5626707097516394
COMPLETED,0.91,1.0,2561,397,849,0.4506655046912841
COMPLETED,0.91,0.0,3918,4560,2882,0.9708232300898992
COMPLETED,0.91,0.0,818,1706,1638,0.1076877877016551
COMPLETED,0.91,0.0,719,4496,3871,0.7199900617605075
COMPLETED,0.91,0.0,3860,1721,127,0.355838368839398
COMPLETED,0.91,0.0,2775,3227,3722,0.8139744135670363
COMPLETED,0.91,0.0,2175,529,2477,0.2020443843463435
COMPLETED,0.91,0.0,1750,3018,736,0.057460019122716
COMPLETED,0.91,0.0,3611,718,4492,0.9283793737937696
COMPLETED,0.91,0.0,4752,4251,1817,0.3994584633783437
COMPLETED,0.91,0.0,354,2025,3074,0.5192551496270112
COMPLETED,0.91,0.0,19,3545,1364,0.9542320989893748
COMPLETED,0.91,0.0,4409,221,2609,0.0930629347071051
COMPLETED,0.91,0.0,3324,4813,1201,0.6104618052136151
COMPLETED,0.91,0.0,1475,1414,4945,0.4965209251342341
COMPLETED,0.91,0.0,2455,3943,3250,0.2587757619570009
COMPLETED,0.91,0.0,3067,2343,1993,0.6287833131440915
COMPLETED,0.91,0.0,4208,2712,4355,0.1664413757321424
COMPLETED,0.91,0.0,1060,1034,599,0.7881215432449243
COMPLETED,0.91,0.0,1016,3607,4207,0.0846792759718373
COMPLETED,0.91,0.0,4167,129,455,0.963774507293105
COMPLETED,0.91,0.0,3102,4917,3434,0.4889331810947507
COMPLETED,0.91,0.0,2492,1358,2180,0.6168915141535923
COMPLETED,0.91,0.0,1432,3829,1034,0.6375962077106349
COMPLETED,0.91,0.0,3283,2387,4780,0.2506333965056575
COMPLETED,0.91,0.0,4444,2639,1491,0.7943085225206798
COMPLETED,0.91,0.0,56,1117,2736,0.1595836291848681
COMPLETED,0.91,0.0,316,4609,1653,0.3486751421591267
COMPLETED,0.91,0.0,4716,1676,2906,0.7258726028371602
COMPLETED,0.91,0.0,3651,3300,865,0.194207171563059
COMPLETED,0.91,1.0,1792,446,4617,0.8230915974849835
COMPLETED,0.91,0.0,2137,2957,3576,0.9349913467413746
COMPLETED,0.91,0.0,2739,809,2330,0.0500555810247547
COMPLETED,0.91,0.0,3900,4146,4057,0.5286149664581752
COMPLETED,0.91,0.0,761,2080,312,0.3908913498538545
COMPLETED,0.91,0.0,857,4278,3010,0.7796839076824486
COMPLETED,0.91,1.0,3960,1977,1764,0.1429927362406626
COMPLETED,0.91,0.0,2523,2971,4428,0.6834518663099035
COMPLETED,0.91,0.0,1884,745,683,0.298424730123952
COMPLETED,0.91,0.0,1693,3275,2375,0.4411264863939024
COMPLETED,0.91,0.0,3593,500,3629,0.5710509784805587
COMPLETED,0.91,0.0,4930,4467,25,0.101254807833489
COMPLETED,0.91,0.0,571,1769,3778,0.9784142450575716
COMPLETED,0.91,0.0,309,2663,507,0.5432548809792846
COMPLETED,0.91,0.0,4660,1063,4252,0.4074669393939897
COMPLETED,0.91,0.0,3223,3971,1901,0.8891509878249839
COMPLETED,0.91,0.0,1335,2294,3147,0.0022489440023899
COMPLETED,0.91,0.0,2237,4785,4891,0.2419986856591887
COMPLETED,0.91,0.0,2888,1461,1138,0.868947317483928
COMPLETED,0.91,0.0,4225,3592,2555,0.3320844296927563
COMPLETED,0.91,0.0,1115,193,1301,0.7112480493986048
COMPLETED,0.91,0.0,1225,4940,796,0.9926508399924264
COMPLETED,0.91,0.0,4373,1306,4550,0.1134174891699105
COMPLETED,0.91,0.0,2900,3750,1564,0.5881530293084681
COMPLETED,0.91,0.0,2289,35,2819,0.4600566437298431
COMPLETED,0.91,0.0,1328,2506,3970,0.2832747350043617
COMPLETED,0.91,0.0,3177,1220,223,0.6703737827871926
COMPLETED,0.91,0.0,4555,3815,3509,0.1268062587738968
COMPLETED,0.91,0.0,164,2450,2261,0.7616674556690268
